time,T_out,RH_out,I_solar,wind,rain,cloud
2021-01-01 00:00:00,13.8,94,0.0,1.71,0.0,0
2021-01-01 01:00:00,13.3,99,0.0,1.7,0.0,0
2021-01-01 02:00:00,12.0,100,0.0,2.26,0.0,98
2021-01-01 03:00:00,12.6,99,0.0,1.5,0.0,1
2021-01-01 04:00:00,12.9,98,0.0,1.53,0.0,2
2021-01-01 05:00:00,13.3,98,0.0,2.33,0.0,1
2021-01-01 06:00:00,13.3,95,2.0,1.84,0.0,53
2021-01-01 07:00:00,14.6,88,83.0,1.81,0.0,17
2021-01-01 08:00:00,16.3,79,250.0,1.77,0.0,0
2021-01-01 09:00:00,18.4,72,444.0,1.89,0.0,0
2021-01-01 10:00:00,20.5,64,568.0,2.42,0.0,0
2021-01-01 11:00:00,22.5,56,632.0,2.75,0.0,0
2021-01-01 12:00:00,23.7,51,629.0,2.69,0.0,0
2021-01-01 13:00:00,24.2,47,559.0,2.56,0.0,0
2021-01-01 14:00:00,24.1,45,430.0,2.3,0.0,0
2021-01-01 15:00:00,22.9,54,259.0,1.42,0.0,0
2021-01-01 16:00:00,18.7,71,82.0,2.28,0.0,0
2021-01-01 17:00:00,17.3,79,1.0,2.62,0.0,0
2021-01-01 18:00:00,16.2,83,0.0,2.52,0.0,0
2021-01-01 19:00:00,15.6,86,0.0,2.28,0.0,0
2021-01-01 20:00:00,15.3,87,0.0,1.8,0.0,0
2021-01-01 21:00:00,14.0,92,0.0,2.26,0.0,0
2021-01-01 22:00:00,13.7,93,0.0,2.3,0.0,0
2021-01-01 23:00:00,13.3,94,0.0,2.22,0.0,0
2021-01-02 00:00:00,12.8,95,0.0,2.35,0.0,0
2021-01-02 01:00:00,12.5,95,0.0,2.47,0.0,0
2021-01-02 02:00:00,14.4,94,0.0,1.75,0.0,0
2021-01-02 03:00:00,13.1,99,0.0,2.15,0.0,0
2021-01-02 04:00:00,11.4,99,0.0,2.33,0.0,1
2021-01-02 05:00:00,13.6,96,0.0,2.22,0.0,2
2021-01-02 06:00:00,13.5,96,2.0,1.75,0.0,90
2021-01-02 07:00:00,14.8,87,69.0,1.71,0.0,7
2021-01-02 08:00:00,16.3,81,232.0,1.26,0.0,0
2021-01-02 09:00:00,18.4,74,439.0,1.2,0.0,0
2021-01-02 10:00:00,20.3,66,562.0,1.41,0.0,0
2021-01-02 11:00:00,22.1,58,626.0,1.78,0.0,0
2021-01-02 12:00:00,23.3,53,622.0,2.08,0.0,0
2021-01-02 13:00:00,23.8,49,553.0,2.25,0.0,43
2021-01-02 14:00:00,23.6,49,426.0,2.16,0.0,67
2021-01-02 15:00:00,22.7,55,255.0,1.5,0.0,1
2021-01-02 16:00:00,18.9,72,82.0,2.2,0.0,0
2021-01-02 17:00:00,17.5,81,1.0,2.5,0.0,0
2021-01-02 18:00:00,16.8,84,0.0,2.25,0.0,0
2021-01-02 19:00:00,16.1,87,0.0,2.19,0.0,1
2021-01-02 20:00:00,16.1,86,0.0,1.77,0.0,20
2021-01-02 21:00:00,15.9,88,0.0,1.8,0.0,0
2021-01-02 22:00:00,14.9,93,0.0,1.94,0.0,0
2021-01-02 23:00:00,13.5,97,0.0,2.16,0.0,6
2021-01-03 00:00:00,13.5,98,0.0,1.97,0.0,16
2021-01-03 01:00:00,14.8,97,0.0,1.53,0.0,26
2021-01-03 02:00:00,13.3,100,0.0,1.41,0.0,100
2021-01-03 03:00:00,12.9,100,0.0,1.36,0.0,99
2021-01-03 04:00:00,13.5,99,0.0,1.22,0.0,100
2021-01-03 05:00:00,13.4,100,0.0,2.02,0.0,39
2021-01-03 06:00:00,13.2,98,2.0,1.8,0.0,7
2021-01-03 07:00:00,14.9,89,91.0,1.84,0.0,0
2021-01-03 08:00:00,17.0,80,265.0,1.43,0.0,0
2021-01-03 09:00:00,19.0,73,430.0,1.61,0.0,0
2021-01-03 10:00:00,20.8,65,554.0,2.33,0.0,0
2021-01-03 11:00:00,22.7,56,617.0,2.77,0.0,0
2021-01-03 12:00:00,23.8,51,615.0,3.26,0.0,0
2021-01-03 13:00:00,24.1,48,547.0,3.41,0.0,0
2021-01-03 14:00:00,23.8,49,421.0,3.33,0.0,0
2021-01-03 15:00:00,22.8,53,254.0,2.36,0.0,0
2021-01-03 16:00:00,19.6,63,82.0,1.94,0.0,0
2021-01-03 17:00:00,17.9,71,1.0,2.56,0.0,0
2021-01-03 18:00:00,16.9,77,0.0,2.34,0.0,0
2021-01-03 19:00:00,16.0,85,0.0,2.39,0.0,0
2021-01-03 20:00:00,15.3,89,0.0,2.26,0.0,0
2021-01-03 21:00:00,15.1,90,0.0,2.02,0.0,0
2021-01-03 22:00:00,14.6,91,0.0,2.06,0.0,0
2021-01-03 23:00:00,13.9,92,0.0,2.4,0.0,0
2021-01-04 00:00:00,13.4,94,0.0,2.41,0.0,0
2021-01-04 01:00:00,13.1,96,0.0,2.38,0.0,0
2021-01-04 02:00:00,12.9,96,0.0,2.16,0.0,0
2021-01-04 03:00:00,12.5,97,0.0,2.1,0.0,0
2021-01-04 04:00:00,12.2,99,0.0,2.1,0.0,0
2021-01-04 05:00:00,12.8,100,0.0,1.33,0.0,0
2021-01-04 06:00:00,13.3,100,2.0,1.6,0.0,43
2021-01-04 07:00:00,14.6,91,78.0,1.8,0.0,49
2021-01-04 08:00:00,16.1,83,215.0,1.5,0.0,0
2021-01-04 09:00:00,19.0,70,430.0,1.63,0.0,0
2021-01-04 10:00:00,21.6,58,556.0,2.34,0.0,0
2021-01-04 11:00:00,23.5,49,621.0,2.92,0.0,0
2021-01-04 12:00:00,24.4,44,620.0,3.22,0.0,0
2021-01-04 13:00:00,24.7,42,551.0,3.31,0.0,1
2021-01-04 14:00:00,24.4,44,424.0,3.18,0.0,1
2021-01-04 15:00:00,23.3,50,256.0,2.2,0.0,0
2021-01-04 16:00:00,19.6,66,84.0,2.25,0.0,0
2021-01-04 17:00:00,17.8,77,1.0,2.78,0.0,0
2021-01-04 18:00:00,17.3,78,0.0,2.38,0.0,0
2021-01-04 19:00:00,17.5,76,0.0,2.36,0.0,0
2021-01-04 20:00:00,18.1,72,0.0,2.08,0.0,0
2021-01-04 21:00:00,17.3,77,0.0,1.84,0.0,0
2021-01-04 22:00:00,14.9,89,0.0,2.33,0.0,0
2021-01-04 23:00:00,15.3,88,0.0,2.0,0.0,1
2021-01-05 00:00:00,15.3,90,0.0,1.65,0.0,4
2021-01-05 01:00:00,14.2,94,0.0,2.04,0.0,66
2021-01-05 02:00:00,13.6,95,0.0,2.22,0.0,4
2021-01-05 03:00:00,13.0,96,0.0,2.6,0.0,56
2021-01-05 04:00:00,13.9,94,0.0,1.81,0.0,63
2021-01-05 05:00:00,14.1,95,0.0,1.8,0.0,2
2021-01-05 06:00:00,13.2,96,2.0,1.68,0.0,0
2021-01-05 07:00:00,16.0,84,90.0,1.3,0.0,0
2021-01-05 08:00:00,18.3,74,261.0,1.08,0.0,0
2021-01-05 09:00:00,20.4,67,427.0,1.0,0.0,0
2021-01-05 10:00:00,22.1,63,550.0,1.3,0.0,0
2021-01-05 11:00:00,23.5,58,614.0,1.42,0.0,0
2021-01-05 12:00:00,24.5,53,614.0,1.35,0.0,0
2021-01-05 13:00:00,24.9,50,548.0,1.22,0.0,0
2021-01-05 14:00:00,24.8,50,424.0,1.35,0.0,7
2021-01-05 15:00:00,24.0,55,257.0,1.08,0.0,0
2021-01-05 16:00:00,21.4,65,85.0,1.84,0.0,1
2021-01-05 17:00:00,20.8,64,1.0,1.55,0.0,0
2021-01-05 18:00:00,19.5,69,0.0,1.72,0.0,0
2021-01-05 19:00:00,18.5,73,0.0,1.87,0.0,0
2021-01-05 20:00:00,17.7,79,0.0,1.41,0.0,0
2021-01-05 21:00:00,17.4,83,0.0,0.61,0.0,10
2021-01-05 22:00:00,17.9,83,0.0,0.2,0.0,7
2021-01-05 23:00:00,17.9,84,0.0,0.61,0.0,0
2021-01-06 00:00:00,17.7,86,0.0,0.92,0.0,0
2021-01-06 01:00:00,17.3,89,0.0,0.67,0.0,1
2021-01-06 02:00:00,16.8,92,0.0,0.41,0.0,1
2021-01-06 03:00:00,16.3,95,0.0,0.45,0.0,1
2021-01-06 04:00:00,16.2,97,0.0,0.32,0.0,1
2021-01-06 05:00:00,14.3,100,0.0,1.87,0.0,99
2021-01-06 06:00:00,14.1,99,2.0,1.22,0.0,100
2021-01-06 07:00:00,15.8,91,80.0,1.5,0.0,20
2021-01-06 08:00:00,18.0,82,220.0,0.92,0.0,89
2021-01-06 09:00:00,19.3,78,238.0,1.0,0.0,0
2021-01-06 10:00:00,21.6,69,549.0,0.85,0.0,80
2021-01-06 11:00:00,22.1,66,370.0,0.89,0.0,33
2021-01-06 12:00:00,23.3,62,500.0,0.98,0.0,15
2021-01-06 13:00:00,24.0,57,508.0,0.98,0.0,41
2021-01-06 14:00:00,23.8,56,324.0,0.76,0.0,59
2021-01-06 15:00:00,23.1,63,170.0,0.57,0.0,90
2021-01-06 16:00:00,22.5,62,54.0,0.58,0.0,87
2021-01-06 17:00:00,21.1,68,1.0,1.0,0.0,74
2021-01-06 18:00:00,19.3,78,0.0,1.44,0.0,33
2021-01-06 19:00:00,18.9,80,0.0,1.5,0.0,73
2021-01-06 20:00:00,18.3,83,0.0,1.98,0.0,68
2021-01-06 21:00:00,17.8,86,0.0,2.28,0.0,42
2021-01-06 22:00:00,17.6,87,0.0,2.0,0.0,28
2021-01-06 23:00:00,18.1,87,0.0,1.39,0.0,24
2021-01-07 00:00:00,17.9,89,0.0,0.42,0.0,53
2021-01-07 01:00:00,17.4,92,0.0,0.3,0.0,56
2021-01-07 02:00:00,16.9,96,0.0,0.1,0.0,50
2021-01-07 03:00:00,16.2,100,0.0,0.14,0.0,31
2021-01-07 04:00:00,15.2,100,0.0,0.73,0.0,95
2021-01-07 05:00:00,15.4,98,0.0,2.21,0.0,100
2021-01-07 06:00:00,15.1,99,2.0,1.71,0.0,32
2021-01-07 07:00:00,17.0,88,61.0,1.7,0.0,28
2021-01-07 08:00:00,19.8,75,207.0,1.8,0.0,29
2021-01-07 09:00:00,21.7,68,358.0,2.16,0.0,7
2021-01-07 10:00:00,23.4,61,532.0,2.47,0.0,13
2021-01-07 11:00:00,24.4,57,594.0,2.2,0.0,14
2021-01-07 12:00:00,25.0,55,598.0,2.12,0.0,9
2021-01-07 13:00:00,25.1,54,535.0,2.22,0.0,11
2021-01-07 14:00:00,24.9,54,421.0,2.0,0.0,16
2021-01-07 15:00:00,24.2,57,245.0,1.62,0.0,21
2021-01-07 16:00:00,22.1,69,76.0,1.86,0.0,24
2021-01-07 17:00:00,22.6,60,2.0,1.5,0.0,34
2021-01-07 18:00:00,20.9,69,0.0,1.58,0.0,40
2021-01-07 19:00:00,19.3,80,0.0,1.98,0.0,31
2021-01-07 20:00:00,20.0,74,0.0,1.2,0.0,29
2021-01-07 21:00:00,18.2,84,0.0,1.49,0.0,27
2021-01-07 22:00:00,17.3,90,0.0,1.5,0.0,30
2021-01-07 23:00:00,16.8,93,0.0,1.72,0.0,35
2021-01-08 00:00:00,16.7,93,0.0,1.75,0.0,39
2021-01-08 01:00:00,16.6,92,0.0,1.49,0.0,42
2021-01-08 02:00:00,16.5,92,0.0,1.33,0.0,41
2021-01-08 03:00:00,16.2,93,0.0,1.43,0.0,38
2021-01-08 04:00:00,16.1,93,0.0,1.5,0.0,31
2021-01-08 05:00:00,16.2,94,0.0,2.19,0.0,26
2021-01-08 06:00:00,16.3,93,1.0,1.8,0.0,32
2021-01-08 07:00:00,17.6,84,62.0,2.14,0.0,33
2021-01-08 08:00:00,19.6,75,214.0,1.6,0.0,27
2021-01-08 09:00:00,21.2,70,332.0,1.48,0.0,16
2021-01-08 10:00:00,22.7,65,483.0,1.63,0.0,9
2021-01-08 11:00:00,23.8,61,560.0,1.66,0.0,5
2021-01-08 12:00:00,24.5,60,583.0,1.61,0.0,6
2021-01-08 13:00:00,24.8,58,526.0,1.75,0.0,8
2021-01-08 14:00:00,24.6,58,403.0,2.1,0.0,36
2021-01-08 15:00:00,24.0,60,240.0,1.48,0.0,48
2021-01-08 16:00:00,21.2,76,85.0,1.91,0.0,63
2021-01-08 17:00:00,19.6,81,2.0,2.14,0.0,72
2021-01-08 18:00:00,18.9,83,0.0,1.65,0.0,23
2021-01-08 19:00:00,18.4,86,0.0,1.43,0.0,20
2021-01-08 20:00:00,17.8,91,0.0,1.9,0.0,20
2021-01-08 21:00:00,19.2,85,0.0,1.36,0.0,38
2021-01-08 22:00:00,18.6,89,0.0,0.8,0.0,56
2021-01-08 23:00:00,18.2,92,0.0,0.42,0.0,60
2021-01-09 00:00:00,18.2,93,0.0,1.08,0.0,36
2021-01-09 01:00:00,18.4,92,0.0,0.85,0.0,75
2021-01-09 02:00:00,17.6,93,0.0,1.2,0.0,62
2021-01-09 03:00:00,16.3,96,0.0,1.64,0.0,61
2021-01-09 04:00:00,16.2,95,0.0,1.39,0.0,72
2021-01-09 05:00:00,16.4,100,0.0,0.54,0.0,80
2021-01-09 06:00:00,15.9,100,2.0,0.94,0.0,99
2021-01-09 07:00:00,17.2,94,73.0,0.36,0.0,100
2021-01-09 08:00:00,18.8,85,181.0,0.71,0.0,61
2021-01-09 09:00:00,20.6,78,311.0,0.5,0.0,66
2021-01-09 10:00:00,22.2,68,468.0,1.3,0.0,33
2021-01-09 11:00:00,23.4,59,572.0,1.6,0.0,28
2021-01-09 12:00:00,23.9,56,562.0,1.7,0.0,36
2021-01-09 13:00:00,24.2,54,502.0,1.91,0.0,45
2021-01-09 14:00:00,24.2,54,392.0,2.02,0.0,18
2021-01-09 15:00:00,23.7,58,246.0,1.22,0.0,16
2021-01-09 16:00:00,23.1,59,80.0,0.89,0.0,22
2021-01-09 17:00:00,22.0,65,2.0,0.82,0.0,20
2021-01-09 18:00:00,19.7,79,0.0,1.28,0.0,59
2021-01-09 19:00:00,18.8,85,0.0,1.56,0.0,71
2021-01-09 20:00:00,19.2,82,0.0,1.58,0.0,58
2021-01-09 21:00:00,19.1,84,0.0,1.58,0.0,51
2021-01-09 22:00:00,18.8,86,0.0,1.53,0.0,36
2021-01-09 23:00:00,18.0,90,0.0,1.8,0.0,26
2021-01-10 00:00:00,17.4,91,0.0,2.19,0.0,32
2021-01-10 01:00:00,17.3,91,0.0,2.11,0.0,42
2021-01-10 02:00:00,18.2,88,0.0,1.33,0.0,37
2021-01-10 03:00:00,18.9,86,0.0,0.95,0.0,80
2021-01-10 04:00:00,18.9,87,0.0,0.63,0.0,94
2021-01-10 05:00:00,17.4,97,0.0,1.14,0.0,92
2021-01-10 06:00:00,16.7,98,1.0,1.17,0.0,67
2021-01-10 07:00:00,18.2,93,55.0,0.42,0.0,48
2021-01-10 08:00:00,20.0,82,203.0,0.61,0.0,59
2021-01-10 09:00:00,21.4,75,336.0,0.2,0.0,36
2021-01-10 10:00:00,22.3,70,425.0,1.22,0.1,36
2021-01-10 11:00:00,22.6,69,460.0,1.49,0.2,30
2021-01-10 12:00:00,22.9,67,495.0,1.84,0.1,26
2021-01-10 13:00:00,23.1,64,424.0,1.7,0.0,24
2021-01-10 14:00:00,23.2,63,361.0,1.35,0.0,32
2021-01-10 15:00:00,22.8,65,212.0,1.21,0.0,36
2021-01-10 16:00:00,21.1,78,67.0,1.3,0.0,55
2021-01-10 17:00:00,20.6,76,2.0,1.14,0.0,74
2021-01-10 18:00:00,20.3,78,0.0,0.45,0.0,61
2021-01-10 19:00:00,19.9,83,0.0,0.0,0.1,69
2021-01-10 20:00:00,18.6,93,0.0,0.82,0.1,62
2021-01-10 21:00:00,18.4,90,0.0,0.98,0.0,47
2021-01-10 22:00:00,17.5,94,0.0,1.39,0.0,60
2021-01-10 23:00:00,17.6,93,0.0,1.3,0.0,57
2021-01-11 00:00:00,17.3,95,0.0,1.14,0.0,53
2021-01-11 01:00:00,17.2,96,0.0,1.22,0.1,55
2021-01-11 02:00:00,16.9,98,0.0,1.2,0.2,57
2021-01-11 03:00:00,16.8,98,0.0,1.2,0.2,57
2021-01-11 04:00:00,16.9,98,0.0,1.51,0.3,67
2021-01-11 05:00:00,17.3,97,0.0,1.08,0.3,64
2021-01-11 06:00:00,17.1,97,1.0,0.99,0.3,55
2021-01-11 07:00:00,17.6,93,56.0,1.02,0.2,60
2021-01-11 08:00:00,18.4,90,143.0,0.7,0.1,75
2021-01-11 09:00:00,19.2,84,208.0,0.73,0.1,69
2021-01-11 10:00:00,20.1,79,313.0,0.92,0.0,73
2021-01-11 11:00:00,20.6,76,310.0,1.0,0.0,77
2021-01-11 12:00:00,21.0,75,305.0,1.0,0.0,46
2021-01-11 13:00:00,21.7,72,372.0,1.24,0.0,41
2021-01-11 14:00:00,21.6,71,278.0,1.3,0.0,24
2021-01-11 15:00:00,21.3,72,212.0,1.39,0.1,30
2021-01-11 16:00:00,19.9,82,75.0,1.08,0.0,33
2021-01-11 17:00:00,19.4,84,2.0,2.25,0.0,45
2021-01-11 18:00:00,18.8,86,0.0,1.9,0.0,40
2021-01-11 19:00:00,18.5,88,0.0,1.77,0.0,36
2021-01-11 20:00:00,17.8,93,0.0,1.43,0.0,35
2021-01-11 21:00:00,17.7,93,0.0,1.5,0.0,41
2021-01-11 22:00:00,17.3,94,0.0,1.4,0.0,45
2021-01-11 23:00:00,17.2,94,0.0,1.63,0.0,37
2021-01-12 00:00:00,17.0,95,0.0,1.75,0.0,47
2021-01-12 01:00:00,16.9,96,0.0,1.75,0.0,47
2021-01-12 02:00:00,16.8,97,0.0,1.75,0.0,61
2021-01-12 03:00:00,16.7,97,0.0,1.82,0.0,66
2021-01-12 04:00:00,16.6,98,0.0,1.63,0.0,83
2021-01-12 05:00:00,16.8,96,0.0,2.39,0.0,82
2021-01-12 06:00:00,16.6,97,1.0,1.8,0.0,97
2021-01-12 07:00:00,17.0,95,34.0,1.71,0.0,80
2021-01-12 08:00:00,17.8,90,126.0,1.82,0.0,64
2021-01-12 09:00:00,19.0,84,258.0,1.96,0.0,77
2021-01-12 10:00:00,20.6,77,398.0,1.94,0.0,54
2021-01-12 11:00:00,21.6,71,452.0,1.49,0.0,33
2021-01-12 12:00:00,22.3,67,487.0,1.53,0.0,34
2021-01-12 13:00:00,22.3,67,420.0,1.71,0.0,35
2021-01-12 14:00:00,22.2,66,316.0,1.53,0.0,31
2021-01-12 15:00:00,21.7,67,209.0,1.56,0.0,32
2021-01-12 16:00:00,20.1,78,73.0,1.25,0.0,33
2021-01-12 17:00:00,19.3,84,2.0,1.63,0.0,46
2021-01-12 18:00:00,18.5,86,0.0,1.53,0.0,43
2021-01-12 19:00:00,18.0,88,0.0,1.61,0.0,37
2021-01-12 20:00:00,18.0,87,0.0,1.73,0.1,38
2021-01-12 21:00:00,18.7,84,0.0,1.14,0.1,44
2021-01-12 22:00:00,18.4,86,0.0,0.5,0.1,44
2021-01-12 23:00:00,16.5,95,0.0,1.43,0.1,45
2021-01-13 00:00:00,16.1,97,0.0,1.53,0.1,47
2021-01-13 01:00:00,15.8,97,0.0,1.33,0.1,98
2021-01-13 02:00:00,16.3,98,0.0,0.86,0.2,74
2021-01-13 03:00:00,15.8,98,0.0,1.06,0.2,67
2021-01-13 04:00:00,15.9,98,0.0,0.85,0.2,42
2021-01-13 05:00:00,15.8,99,0.0,1.7,0.1,39
2021-01-13 06:00:00,15.9,98,1.0,0.22,0.0,63
2021-01-13 07:00:00,16.6,94,47.0,1.13,0.0,98
2021-01-13 08:00:00,17.4,88,114.0,1.84,0.0,82
2021-01-13 09:00:00,17.9,85,137.0,1.88,0.0,67
2021-01-13 10:00:00,18.9,81,251.0,2.02,0.0,49
2021-01-13 11:00:00,19.5,78,270.0,2.04,0.0,55
2021-01-13 12:00:00,20.7,73,497.0,1.91,0.0,25
2021-01-13 13:00:00,21.2,69,456.0,2.06,0.1,31
2021-01-13 14:00:00,21.3,66,366.0,2.26,0.0,68
2021-01-13 15:00:00,20.6,69,239.0,2.14,0.0,61
2021-01-13 16:00:00,19.2,79,85.0,1.72,0.0,74
2021-01-13 17:00:00,17.8,90,3.0,1.39,0.0,84
2021-01-13 18:00:00,17.3,93,0.0,1.39,0.0,24
2021-01-13 19:00:00,16.8,94,0.0,1.35,0.0,13
2021-01-13 20:00:00,15.8,96,0.0,1.57,0.0,11
2021-01-13 21:00:00,15.1,98,0.0,1.55,0.0,20
2021-01-13 22:00:00,14.4,100,0.0,1.2,0.0,28
2021-01-13 23:00:00,15.8,99,0.0,0.54,0.0,64
2021-01-14 00:00:00,15.9,99,0.0,0.63,0.0,100
2021-01-14 01:00:00,15.9,99,0.0,0.2,0.0,100
2021-01-14 02:00:00,15.3,99,0.0,1.13,0.0,41
2021-01-14 03:00:00,14.4,100,0.0,1.34,0.0,37
2021-01-14 04:00:00,13.8,99,0.0,1.66,0.0,23
2021-01-14 05:00:00,13.9,99,0.0,1.34,0.0,16
2021-01-14 06:00:00,13.0,100,2.0,1.5,0.0,71
2021-01-14 07:00:00,15.0,93,77.0,0.81,0.0,21
2021-01-14 08:00:00,16.3,86,204.0,0.5,0.0,13
2021-01-14 09:00:00,17.8,81,321.0,0.58,0.0,16
2021-01-14 10:00:00,19.1,74,433.0,0.7,0.0,20
2021-01-14 11:00:00,20.3,67,536.0,0.92,0.0,19
2021-01-14 12:00:00,21.1,61,572.0,1.0,0.0,15
2021-01-14 13:00:00,21.7,58,520.0,1.66,0.0,14
2021-01-14 14:00:00,21.6,59,383.0,2.28,0.0,12
2021-01-14 15:00:00,20.8,62,256.0,2.28,0.0,13
2021-01-14 16:00:00,18.8,79,91.0,1.26,0.0,8
2021-01-14 17:00:00,17.9,80,3.0,1.51,0.0,14
2021-01-14 18:00:00,17.0,83,0.0,1.62,0.0,11
2021-01-14 19:00:00,16.2,86,0.0,1.77,0.0,10
2021-01-14 20:00:00,15.7,90,0.0,1.72,0.0,5
2021-01-14 21:00:00,14.9,93,0.0,1.94,0.0,10
2021-01-14 22:00:00,14.2,96,0.0,1.86,0.0,10
2021-01-14 23:00:00,13.9,98,0.0,1.87,0.0,4
2021-01-15 00:00:00,13.5,98,0.0,2.1,0.0,6
2021-01-15 01:00:00,13.3,99,0.0,2.1,0.0,7
2021-01-15 02:00:00,13.0,99,0.0,2.31,0.0,7
2021-01-15 03:00:00,13.0,98,0.0,2.33,0.0,3
2021-01-15 04:00:00,12.6,98,0.0,2.14,0.0,2
2021-01-15 05:00:00,13.3,100,0.0,1.39,0.0,1
2021-01-15 06:00:00,13.1,100,2.0,1.32,0.0,100
2021-01-15 07:00:00,15.1,89,74.0,1.12,0.0,9
2021-01-15 08:00:00,16.5,82,208.0,1.02,0.0,2
2021-01-15 09:00:00,18.4,76,411.0,1.34,0.0,2
2021-01-15 10:00:00,20.1,68,536.0,1.78,0.0,40
2021-01-15 11:00:00,21.0,66,596.0,1.36,0.0,4
2021-01-15 12:00:00,21.8,62,622.0,1.1,0.0,11
2021-01-15 13:00:00,22.2,61,568.0,1.49,0.0,12
2021-01-15 14:00:00,22.3,60,444.0,1.64,0.0,7
2021-01-15 15:00:00,21.8,61,247.0,1.86,0.0,17
2021-01-15 16:00:00,19.5,78,99.0,1.49,0.0,6
2021-01-15 17:00:00,17.4,87,4.0,1.99,0.0,12
2021-01-15 18:00:00,16.8,88,0.0,1.72,0.0,17
2021-01-15 19:00:00,15.7,89,0.0,2.2,0.0,15
2021-01-15 20:00:00,15.2,90,0.0,2.19,0.0,5
2021-01-15 21:00:00,14.7,91,0.0,2.31,0.0,4
2021-01-15 22:00:00,15.4,88,0.0,2.11,0.0,7
2021-01-15 23:00:00,17.1,83,0.0,1.43,0.0,10
2021-01-16 00:00:00,16.4,91,0.0,1.21,0.0,7
2021-01-16 01:00:00,15.8,98,0.0,0.42,0.0,10
2021-01-16 02:00:00,15.4,100,0.0,0.22,0.0,52
2021-01-16 03:00:00,15.1,100,0.0,0.4,0.0,94
2021-01-16 04:00:00,15.1,99,0.0,0.45,0.0,100
2021-01-16 05:00:00,13.8,100,0.0,1.61,0.0,94
2021-01-16 06:00:00,13.8,100,2.0,1.12,0.0,90
2021-01-16 07:00:00,15.4,98,71.0,0.9,0.0,100
2021-01-16 08:00:00,16.9,86,217.0,1.2,0.0,22
2021-01-16 09:00:00,18.4,79,393.0,1.43,0.0,23
2021-01-16 10:00:00,19.5,72,506.0,1.61,0.1,47
2021-01-16 11:00:00,20.2,69,571.0,1.8,0.1,60
2021-01-16 12:00:00,20.7,66,520.0,1.84,0.1,50
2021-01-16 13:00:00,21.0,64,481.0,2.33,0.0,63
2021-01-16 14:00:00,20.7,62,387.0,3.16,0.0,33
2021-01-16 15:00:00,20.0,64,240.0,2.32,0.0,37
2021-01-16 16:00:00,18.2,83,89.0,1.36,0.0,34
2021-01-16 17:00:00,17.0,84,4.0,2.14,0.0,26
2021-01-16 18:00:00,17.9,79,0.0,1.17,0.0,44
2021-01-16 19:00:00,16.3,91,0.0,1.51,0.0,44
2021-01-16 20:00:00,16.5,87,0.0,1.5,0.0,39
2021-01-16 21:00:00,17.8,82,0.0,0.54,0.0,23
2021-01-16 22:00:00,17.2,87,0.0,0.14,0.0,21
2021-01-16 23:00:00,15.9,91,0.0,0.76,0.0,19
2021-01-17 00:00:00,16.2,90,0.0,0.73,0.0,17
2021-01-17 01:00:00,16.1,93,0.0,0.14,0.0,15
2021-01-17 02:00:00,15.7,95,0.0,0.72,0.0,14
2021-01-17 03:00:00,13.6,98,0.0,1.65,0.0,14
2021-01-17 04:00:00,13.4,97,0.0,1.68,0.0,16
2021-01-17 05:00:00,14.0,94,0.0,1.17,0.0,16
2021-01-17 06:00:00,13.5,94,2.0,1.3,0.0,19
2021-01-17 07:00:00,15.6,83,76.0,1.65,0.0,27
2021-01-17 08:00:00,17.2,79,217.0,1.17,0.0,24
2021-01-17 09:00:00,18.7,75,356.0,0.8,0.0,21
2021-01-17 10:00:00,20.2,70,481.0,1.03,0.0,14
2021-01-17 11:00:00,21.4,65,567.0,1.66,0.0,6
2021-01-17 12:00:00,22.4,60,612.0,2.16,0.0,2
2021-01-17 13:00:00,22.8,58,564.0,2.77,0.0,2
2021-01-17 14:00:00,22.6,58,444.0,3.54,0.0,1
2021-01-17 15:00:00,22.0,60,282.0,3.56,0.0,1
2021-01-17 16:00:00,20.2,69,107.0,2.28,0.0,1
2021-01-17 17:00:00,17.9,83,5.0,1.97,0.0,1
2021-01-17 18:00:00,16.5,89,0.0,2.1,0.0,1
2021-01-17 19:00:00,15.8,91,0.0,2.16,0.0,1
2021-01-17 20:00:00,15.6,91,0.0,2.0,0.0,1
2021-01-17 21:00:00,15.2,93,0.0,1.98,0.0,1
2021-01-17 22:00:00,14.5,95,0.0,2.14,0.0,8
2021-01-17 23:00:00,14.3,96,0.0,1.66,0.0,6
2021-01-18 00:00:00,14.0,97,0.0,1.73,0.0,3
2021-01-18 01:00:00,13.8,97,0.0,1.7,0.0,0
2021-01-18 02:00:00,13.7,97,0.0,1.65,0.0,0
2021-01-18 03:00:00,13.5,96,0.0,1.66,0.0,1
2021-01-18 04:00:00,13.1,96,0.0,1.88,0.0,0
2021-01-18 05:00:00,14.0,97,0.0,1.53,0.0,0
2021-01-18 06:00:00,14.2,93,2.0,1.84,0.0,81
2021-01-18 07:00:00,15.2,90,70.0,2.22,0.0,65
2021-01-18 08:00:00,16.5,87,223.0,2.09,0.0,7
2021-01-18 09:00:00,18.7,81,402.0,2.69,0.0,8
2021-01-18 10:00:00,20.6,75,546.0,2.84,0.0,0
2021-01-18 11:00:00,22.1,70,628.0,3.19,0.0,0
2021-01-18 12:00:00,23.0,65,632.0,2.92,0.0,0
2021-01-18 13:00:00,23.6,63,570.0,2.75,0.0,0
2021-01-18 14:00:00,23.5,63,449.0,1.7,0.0,1
2021-01-18 15:00:00,23.1,64,274.0,0.5,0.0,48
2021-01-18 16:00:00,22.5,65,93.0,0.6,0.0,99
2021-01-18 17:00:00,20.8,73,4.0,1.58,0.0,97
2021-01-18 18:00:00,19.2,83,0.0,1.25,0.0,91
2021-01-18 19:00:00,19.3,85,0.0,1.2,0.0,96
2021-01-18 20:00:00,19.1,87,0.0,1.24,0.1,48
2021-01-18 21:00:00,18.7,89,0.0,1.53,0.2,45
2021-01-18 22:00:00,17.9,93,0.0,2.12,0.2,82
2021-01-18 23:00:00,18.6,93,0.0,1.72,0.6,95
2021-01-19 00:00:00,18.3,94,0.0,0.92,1.5,94
2021-01-19 01:00:00,18.0,95,0.0,1.57,0.9,96
2021-01-19 02:00:00,17.6,95,0.0,2.06,0.9,95
2021-01-19 03:00:00,17.4,93,0.0,1.88,1.1,72
2021-01-19 04:00:00,17.3,93,0.0,1.55,0.1,44
2021-01-19 05:00:00,16.5,95,0.0,1.75,0.1,56
2021-01-19 06:00:00,16.5,96,1.0,0.92,0.1,70
2021-01-19 07:00:00,17.2,95,41.0,0.95,0.2,72
2021-01-19 08:00:00,17.4,93,93.0,1.08,0.8,88
2021-01-19 09:00:00,18.1,87,187.0,0.61,0.2,93
2021-01-19 10:00:00,18.9,83,262.0,2.06,0.0,87
2021-01-19 11:00:00,19.3,81,281.0,2.83,0.1,59
2021-01-19 12:00:00,20.0,78,357.0,2.9,0.2,52
2021-01-19 13:00:00,20.2,77,346.0,2.4,0.1,47
2021-01-19 14:00:00,20.2,76,290.0,2.19,0.1,51
2021-01-19 15:00:00,19.8,76,181.0,1.52,0.2,66
2021-01-19 16:00:00,18.6,88,57.0,0.78,0.0,59
2021-01-19 17:00:00,18.2,89,3.0,0.94,0.0,55
2021-01-19 18:00:00,17.2,93,0.0,1.26,0.0,50
2021-01-19 19:00:00,16.7,94,0.0,1.25,0.2,50
2021-01-19 20:00:00,16.1,96,0.0,1.61,0.2,60
2021-01-19 21:00:00,16.1,98,0.0,1.33,0.1,68
2021-01-19 22:00:00,16.7,97,0.0,1.0,0.0,51
2021-01-19 23:00:00,15.7,98,0.0,1.35,0.0,52
2021-01-20 00:00:00,14.8,100,0.0,1.53,0.0,55
2021-01-20 01:00:00,15.3,100,0.0,1.43,0.0,98
2021-01-20 02:00:00,15.4,99,0.0,1.88,0.0,68
2021-01-20 03:00:00,15.5,99,0.0,2.04,0.0,66
2021-01-20 04:00:00,15.5,98,0.0,2.04,0.1,66
2021-01-20 05:00:00,15.6,97,0.0,2.11,0.0,64
2021-01-20 06:00:00,15.4,98,1.0,1.51,0.0,88
2021-01-20 07:00:00,15.9,95,43.0,2.6,0.0,93
2021-01-20 08:00:00,16.7,89,127.0,3.29,0.0,100
2021-01-20 09:00:00,17.5,85,212.0,3.42,0.0,100
2021-01-20 10:00:00,18.5,80,306.0,3.36,0.0,85
2021-01-20 11:00:00,19.2,76,319.0,3.23,0.0,76
2021-01-20 12:00:00,19.8,73,374.0,2.64,0.0,77
2021-01-20 13:00:00,20.2,71,398.0,2.78,0.0,76
2021-01-20 14:00:00,20.0,71,261.0,2.64,0.0,71
2021-01-20 15:00:00,19.6,71,141.0,2.51,0.0,50
2021-01-20 16:00:00,18.6,77,60.0,1.66,0.0,65
2021-01-20 17:00:00,17.5,84,3.0,1.66,0.4,76
2021-01-20 18:00:00,17.1,86,0.0,1.84,0.0,83
2021-01-20 19:00:00,16.8,87,0.0,2.39,0.1,67
2021-01-20 20:00:00,16.0,90,0.0,1.92,0.1,73
2021-01-20 21:00:00,15.8,93,0.0,1.99,0.3,70
2021-01-20 22:00:00,15.7,95,0.0,2.24,0.3,97
2021-01-20 23:00:00,15.6,96,0.0,2.21,0.1,62
2021-01-21 00:00:00,15.3,97,0.0,2.31,0.0,49
2021-01-21 01:00:00,14.9,97,0.0,1.68,0.3,61
2021-01-21 02:00:00,14.8,97,0.0,1.8,0.5,80
2021-01-21 03:00:00,14.5,98,0.0,2.04,0.1,49
2021-01-21 04:00:00,14.5,97,0.0,1.9,0.0,55
2021-01-21 05:00:00,14.8,98,0.0,2.33,0.2,65
2021-01-21 06:00:00,14.6,98,2.0,1.7,0.0,95
2021-01-21 07:00:00,15.3,96,49.0,1.8,0.1,97
2021-01-21 08:00:00,16.1,93,116.0,1.75,0.1,89
2021-01-21 09:00:00,16.9,88,190.0,1.9,0.1,76
2021-01-21 10:00:00,17.7,82,282.0,1.62,0.1,62
2021-01-21 11:00:00,18.8,76,373.0,1.08,0.1,41
2021-01-21 12:00:00,19.5,75,423.0,1.14,0.1,40
2021-01-21 13:00:00,19.9,73,414.0,1.04,0.1,37
2021-01-21 14:00:00,20.1,71,363.0,1.3,0.1,29
2021-01-21 15:00:00,19.6,73,248.0,1.71,0.1,26
2021-01-21 16:00:00,18.1,82,103.0,1.08,0.0,28
2021-01-21 17:00:00,16.8,84,6.0,2.6,0.0,30
2021-01-21 18:00:00,16.3,87,0.0,1.9,0.0,12
2021-01-21 19:00:00,15.6,92,0.0,1.53,0.0,10
2021-01-21 20:00:00,14.4,95,0.0,1.94,0.0,9
2021-01-21 21:00:00,14.5,96,0.0,1.48,0.0,6
2021-01-21 22:00:00,14.3,97,0.0,1.68,0.0,5
2021-01-21 23:00:00,13.9,98,0.0,1.61,0.0,3
2021-01-22 00:00:00,13.5,99,0.0,1.51,0.0,3
2021-01-22 01:00:00,12.8,100,0.0,1.7,0.0,3
2021-01-22 02:00:00,12.8,100,0.0,1.51,0.0,4
2021-01-22 03:00:00,12.9,100,0.0,1.5,0.0,19
2021-01-22 04:00:00,12.2,100,0.0,1.71,0.0,98
2021-01-22 05:00:00,13.9,97,0.0,2.42,0.0,100
2021-01-22 06:00:00,14.2,94,1.0,2.33,0.0,99
2021-01-22 07:00:00,14.8,92,67.0,2.21,0.0,39
2021-01-22 08:00:00,16.0,88,241.0,2.36,0.0,27
2021-01-22 09:00:00,17.8,80,434.0,2.76,0.0,3
2021-01-22 10:00:00,19.4,72,571.0,3.18,0.0,1
2021-01-22 11:00:00,20.5,66,653.0,3.52,0.0,0
2021-01-22 12:00:00,21.2,64,656.0,3.4,0.0,0
2021-01-22 13:00:00,21.6,63,594.0,3.22,0.0,1
2021-01-22 14:00:00,21.4,63,472.0,3.39,0.0,2
2021-01-22 15:00:00,20.6,65,301.0,3.36,0.0,0
2021-01-22 16:00:00,18.9,74,117.0,2.42,0.0,3
2021-01-22 17:00:00,17.3,80,7.0,2.59,0.0,6
2021-01-22 18:00:00,16.3,85,0.0,1.7,0.0,0
2021-01-22 19:00:00,15.8,87,0.0,1.7,0.0,0
2021-01-22 20:00:00,14.8,92,0.0,1.99,0.0,0
2021-01-22 21:00:00,14.3,94,0.0,2.02,0.0,0
2021-01-22 22:00:00,13.8,95,0.0,2.21,0.0,0
2021-01-22 23:00:00,15.0,93,0.0,1.61,0.0,1
2021-01-23 00:00:00,14.1,98,0.0,1.68,0.0,0
2021-01-23 01:00:00,12.4,100,0.0,2.24,0.0,98
2021-01-23 02:00:00,12.7,100,0.0,1.8,0.0,4
2021-01-23 03:00:00,13.1,99,0.0,1.6,0.0,9
2021-01-23 04:00:00,13.2,99,0.0,1.9,0.0,79
2021-01-23 05:00:00,13.5,99,0.0,1.61,0.0,15
2021-01-23 06:00:00,13.6,98,2.0,1.58,0.0,100
2021-01-23 07:00:00,14.7,88,59.0,1.36,0.0,18
2021-01-23 08:00:00,16.1,82,202.0,0.71,0.0,3
2021-01-23 09:00:00,17.9,77,422.0,0.7,0.0,1
2021-01-23 10:00:00,19.3,73,562.0,1.1,0.0,1
2021-01-23 11:00:00,20.5,70,647.0,1.02,0.0,1
2021-01-23 12:00:00,21.4,67,648.0,1.24,0.0,1
2021-01-23 13:00:00,21.9,65,590.0,1.58,0.0,11
2021-01-23 14:00:00,21.8,66,461.0,2.33,0.0,23
2021-01-23 15:00:00,21.1,67,289.0,2.9,0.0,23
2021-01-23 16:00:00,19.4,79,109.0,1.22,0.0,27
2021-01-23 17:00:00,18.1,88,7.0,1.97,0.0,29
2021-01-23 18:00:00,19.0,76,0.0,1.64,0.0,46
2021-01-23 19:00:00,18.5,71,0.0,1.94,0.0,51
2021-01-23 20:00:00,17.9,74,0.0,1.7,0.0,43
2021-01-23 21:00:00,16.4,85,0.0,1.77,0.0,24
2021-01-23 22:00:00,15.8,90,0.0,1.64,0.0,18
2021-01-23 23:00:00,15.3,91,0.0,1.78,0.0,19
2021-01-24 00:00:00,14.6,92,0.0,2.2,0.0,19
2021-01-24 01:00:00,14.7,90,0.0,2.18,0.0,17
2021-01-24 02:00:00,16.1,86,0.0,1.22,0.0,12
2021-01-24 03:00:00,15.6,92,0.0,0.92,0.0,7
2021-01-24 04:00:00,15.3,97,0.0,0.67,0.0,13
2021-01-24 05:00:00,14.3,100,0.0,1.3,0.0,23
2021-01-24 06:00:00,14.7,98,2.0,0.85,0.0,54
2021-01-24 07:00:00,15.5,95,75.0,0.1,0.0,36
2021-01-24 08:00:00,17.3,86,205.0,0.51,0.0,16
2021-01-24 09:00:00,18.9,77,357.0,1.5,0.0,13
2021-01-24 10:00:00,20.1,72,504.0,2.67,0.0,14
2021-01-24 11:00:00,20.7,69,544.0,2.96,0.1,27
2021-01-24 12:00:00,21.0,66,539.0,2.77,0.2,30
2021-01-24 13:00:00,21.4,63,535.0,2.46,0.1,22
2021-01-24 14:00:00,21.5,62,443.0,2.2,0.0,11
2021-01-24 15:00:00,21.1,63,302.0,1.84,0.0,10
2021-01-24 16:00:00,19.0,83,116.0,1.58,0.0,11
2021-01-24 17:00:00,18.7,80,8.0,1.53,0.0,11
2021-01-24 18:00:00,16.6,91,0.0,1.98,0.0,34
2021-01-24 19:00:00,16.9,90,0.0,1.66,0.0,48
2021-01-24 20:00:00,16.4,91,0.0,1.84,0.0,41
2021-01-24 21:00:00,16.3,91,0.0,1.64,0.0,34
2021-01-24 22:00:00,16.0,91,0.0,1.64,0.0,35
2021-01-24 23:00:00,15.4,93,0.0,2.16,0.0,28
2021-01-25 00:00:00,14.7,95,0.0,1.71,0.0,32
2021-01-25 01:00:00,15.0,97,0.0,0.73,0.0,33
2021-01-25 02:00:00,14.4,99,0.0,1.53,0.0,24
2021-01-25 03:00:00,14.3,98,0.0,1.5,0.0,31
2021-01-25 04:00:00,14.3,97,0.0,1.4,0.0,37
2021-01-25 05:00:00,15.0,99,0.0,1.5,0.0,40
2021-01-25 06:00:00,14.5,98,2.0,1.39,0.0,36
2021-01-25 07:00:00,15.9,91,80.0,1.5,0.0,40
2021-01-25 08:00:00,17.1,82,207.0,1.25,0.0,36
2021-01-25 09:00:00,18.1,78,328.0,1.22,0.0,32
2021-01-25 10:00:00,19.2,75,420.0,1.2,0.0,36
2021-01-25 11:00:00,20.0,71,515.0,1.46,0.0,35
2021-01-25 12:00:00,20.6,67,528.0,1.3,0.0,25
2021-01-25 13:00:00,21.0,64,468.0,1.27,0.0,30
2021-01-25 14:00:00,21.1,64,382.0,1.27,0.0,20
2021-01-25 15:00:00,20.8,65,261.0,1.3,0.0,17
2021-01-25 16:00:00,19.2,83,113.0,1.4,0.0,15
2021-01-25 17:00:00,18.0,85,9.0,1.97,0.0,14
2021-01-25 18:00:00,17.5,86,0.0,1.48,0.0,8
2021-01-25 19:00:00,16.4,89,0.0,1.84,0.0,8
2021-01-25 20:00:00,15.8,90,0.0,1.94,0.0,16
2021-01-25 21:00:00,15.7,91,0.0,1.91,0.0,19
2021-01-25 22:00:00,15.4,91,0.0,1.98,0.0,14
2021-01-25 23:00:00,14.8,92,0.0,2.22,0.0,9
2021-01-26 00:00:00,15.4,89,0.0,2.15,0.0,6
2021-01-26 01:00:00,16.3,88,0.0,1.1,0.0,8
2021-01-26 02:00:00,15.6,94,0.0,0.42,0.0,17
2021-01-26 03:00:00,15.1,98,0.0,0.45,0.0,23
2021-01-26 04:00:00,12.7,99,0.0,1.2,0.0,26
2021-01-26 05:00:00,13.6,99,0.0,0.64,0.0,28
2021-01-26 06:00:00,13.3,99,3.0,0.28,0.0,100
2021-01-26 07:00:00,14.9,92,76.0,0.5,0.0,42
2021-01-26 08:00:00,17.2,82,200.0,0.36,0.0,28
2021-01-26 09:00:00,19.0,76,393.0,0.82,0.0,18
2021-01-26 10:00:00,20.2,72,539.0,1.7,0.0,11
2021-01-26 11:00:00,21.0,67,637.0,1.71,0.0,21
2021-01-26 12:00:00,21.4,64,623.0,2.19,0.0,28
2021-01-26 13:00:00,21.7,62,588.0,2.55,0.0,24
2021-01-26 14:00:00,21.5,61,484.0,2.82,0.0,7
2021-01-26 15:00:00,20.9,63,316.0,2.52,0.0,3
2021-01-26 16:00:00,19.2,77,127.0,1.41,0.0,2
2021-01-26 17:00:00,17.8,82,10.0,1.89,0.0,4
2021-01-26 18:00:00,17.4,85,0.0,1.92,0.0,9
2021-01-26 19:00:00,16.9,88,0.0,1.8,0.0,4
2021-01-26 20:00:00,16.5,89,0.0,1.91,0.0,2
2021-01-26 21:00:00,16.1,90,0.0,1.86,0.0,3
2021-01-26 22:00:00,15.8,91,0.0,1.94,0.0,6
2021-01-26 23:00:00,15.7,90,0.0,2.08,0.0,9
2021-01-27 00:00:00,15.5,90,0.0,2.08,0.0,9
2021-01-27 01:00:00,14.7,91,0.0,1.79,0.0,5
2021-01-27 02:00:00,13.6,94,0.0,2.46,0.0,3
2021-01-27 03:00:00,15.6,92,0.0,0.67,0.0,15
2021-01-27 04:00:00,12.9,100,0.0,1.5,0.0,31
2021-01-27 05:00:00,14.1,100,0.0,1.12,0.0,47
2021-01-27 06:00:00,14.8,99,2.0,0.92,0.0,56
2021-01-27 07:00:00,16.1,92,65.0,0.8,0.0,28
2021-01-27 08:00:00,17.8,80,224.0,0.41,0.0,24
2021-01-27 09:00:00,19.2,74,412.0,0.32,0.0,13
2021-01-27 10:00:00,20.6,69,560.0,1.14,0.0,28
2021-01-27 11:00:00,21.7,62,649.0,1.56,0.0,46
2021-01-27 12:00:00,22.4,59,613.0,2.05,0.0,71
2021-01-27 13:00:00,22.6,58,519.0,2.28,0.0,67
2021-01-27 14:00:00,22.3,61,430.0,2.51,0.0,13
2021-01-27 15:00:00,21.8,63,318.0,2.44,0.0,3
2021-01-27 16:00:00,19.8,76,134.0,1.43,0.0,0
2021-01-27 17:00:00,17.9,85,11.0,2.11,0.0,1
2021-01-27 18:00:00,19.2,78,0.0,1.2,0.0,33
2021-01-27 19:00:00,18.8,81,0.0,0.2,0.0,34
2021-01-27 20:00:00,16.7,92,0.0,1.77,0.0,27
2021-01-27 21:00:00,16.0,94,0.0,2.12,0.0,20
2021-01-27 22:00:00,16.0,91,0.0,2.2,0.0,14
2021-01-27 23:00:00,15.8,91,0.0,1.9,0.0,8
2021-01-28 00:00:00,15.1,93,0.0,1.73,0.0,5
2021-01-28 01:00:00,15.3,93,0.0,1.43,0.0,3
2021-01-28 02:00:00,15.7,96,0.0,0.7,0.0,3
2021-01-28 03:00:00,15.3,99,0.0,0.22,0.0,2
2021-01-28 04:00:00,14.1,100,0.0,0.32,0.0,11
2021-01-28 05:00:00,13.8,100,0.0,1.1,0.0,100
2021-01-28 06:00:00,14.0,100,3.0,1.17,0.0,97
2021-01-28 07:00:00,15.7,84,73.0,1.61,0.0,10
2021-01-28 08:00:00,17.3,79,210.0,1.0,0.0,0
2021-01-28 09:00:00,19.3,75,445.0,1.53,0.0,0
2021-01-28 10:00:00,21.0,69,603.0,2.05,0.0,0
2021-01-28 11:00:00,22.4,64,679.0,2.55,0.0,0
2021-01-28 12:00:00,23.2,58,689.0,3.05,0.0,0
2021-01-28 13:00:00,23.6,55,628.0,3.33,0.0,0
2021-01-28 14:00:00,23.5,54,504.0,3.08,0.0,0
2021-01-28 15:00:00,22.9,59,329.0,2.19,0.0,0
2021-01-28 16:00:00,20.4,77,137.0,1.57,0.0,1
2021-01-28 17:00:00,19.2,74,11.0,1.71,0.0,1
2021-01-28 18:00:00,19.7,72,0.0,1.02,0.0,0
2021-01-28 19:00:00,17.7,84,0.0,1.7,0.0,0
2021-01-28 20:00:00,16.7,89,0.0,1.84,0.0,0
2021-01-28 21:00:00,17.7,84,0.0,1.78,0.0,0
2021-01-28 22:00:00,18.7,80,0.0,0.95,0.0,0
2021-01-28 23:00:00,18.1,82,0.0,0.71,0.0,0
2021-01-29 00:00:00,16.9,88,0.0,0.4,0.0,0
2021-01-29 01:00:00,15.4,97,0.0,0.32,0.0,0
2021-01-29 02:00:00,15.0,100,0.0,0.73,0.0,92
2021-01-29 03:00:00,15.0,99,0.0,0.54,0.0,100
2021-01-29 04:00:00,14.5,100,0.0,0.51,0.0,100
2021-01-29 05:00:00,14.2,100,0.0,0.63,0.0,100
2021-01-29 06:00:00,14.2,100,2.0,0.22,0.0,100
2021-01-29 07:00:00,15.8,94,63.0,0.36,0.0,83
2021-01-29 08:00:00,17.8,82,264.0,0.1,0.0,1
2021-01-29 09:00:00,19.6,74,460.0,0.45,0.0,0
2021-01-29 10:00:00,21.0,70,602.0,1.03,0.0,0
2021-01-29 11:00:00,22.1,67,678.0,1.36,0.0,0
2021-01-29 12:00:00,22.8,65,685.0,1.7,0.0,67
2021-01-29 13:00:00,23.1,64,594.0,1.56,0.0,39
2021-01-29 14:00:00,23.1,63,486.0,1.58,0.0,85
2021-01-29 15:00:00,22.4,66,284.0,2.09,0.0,88
2021-01-29 16:00:00,20.8,75,104.0,2.01,0.0,96
2021-01-29 17:00:00,18.6,88,9.0,1.71,0.0,75
2021-01-29 18:00:00,17.0,92,0.0,2.34,0.0,5
2021-01-29 19:00:00,16.6,93,0.0,2.24,0.0,5
2021-01-29 20:00:00,16.9,93,0.0,1.8,0.0,6
2021-01-29 21:00:00,17.1,91,0.0,2.33,0.0,5
2021-01-29 22:00:00,16.8,90,0.0,3.0,0.0,6
2021-01-29 23:00:00,16.4,91,0.0,2.69,0.0,13
2021-01-30 00:00:00,15.9,92,0.0,2.06,0.0,17
2021-01-30 01:00:00,15.6,93,0.0,1.88,0.0,10
2021-01-30 02:00:00,15.1,93,0.0,1.75,0.0,13
2021-01-30 03:00:00,14.4,94,0.0,1.93,0.0,31
2021-01-30 04:00:00,14.2,96,0.0,1.91,0.0,18
2021-01-30 05:00:00,14.5,98,0.0,1.5,0.0,5
2021-01-30 06:00:00,13.1,98,3.0,1.75,0.0,9
2021-01-30 07:00:00,15.7,91,98.0,0.76,0.0,5
2021-01-30 08:00:00,17.5,82,278.0,0.94,0.0,5
2021-01-30 09:00:00,19.1,74,456.0,1.55,0.0,5
2021-01-30 10:00:00,20.4,68,591.0,2.1,0.0,6
2021-01-30 11:00:00,21.5,62,672.0,2.61,0.0,2
2021-01-30 12:00:00,22.0,58,686.0,2.84,0.0,2
2021-01-30 13:00:00,22.2,56,626.0,3.01,0.0,5
2021-01-30 14:00:00,22.0,56,489.0,3.13,0.0,11
2021-01-30 15:00:00,21.3,59,316.0,2.82,0.0,8
2021-01-30 16:00:00,19.6,69,136.0,2.02,0.0,6
2021-01-30 17:00:00,18.9,76,12.0,3.55,0.0,5
2021-01-30 18:00:00,17.2,83,0.0,4.24,0.1,49
2021-01-30 19:00:00,17.5,82,0.0,3.49,0.0,38
2021-01-30 20:00:00,16.9,82,0.0,3.23,0.2,40
2021-01-30 21:00:00,16.6,85,0.0,2.97,0.0,37
2021-01-30 22:00:00,16.3,85,0.0,3.05,0.0,32
2021-01-30 23:00:00,15.9,86,0.0,2.83,0.0,24
2021-01-31 00:00:00,15.3,90,0.0,1.9,0.0,20
2021-01-31 01:00:00,14.5,94,0.0,1.61,0.0,18
2021-01-31 02:00:00,14.0,97,0.0,1.56,0.0,10
2021-01-31 03:00:00,13.5,98,0.0,1.32,0.0,17
2021-01-31 04:00:00,14.0,100,0.0,0.9,0.0,55
2021-01-31 05:00:00,14.0,95,0.0,0.92,0.0,28
2021-01-31 06:00:00,13.8,94,3.0,1.0,0.0,26
2021-01-31 07:00:00,15.0,88,87.0,1.39,0.0,25
2021-01-31 08:00:00,16.3,80,236.0,1.08,0.0,33
2021-01-31 09:00:00,17.6,73,402.0,0.64,0.0,3
2021-01-31 10:00:00,19.1,68,586.0,1.12,0.0,3
2021-01-31 11:00:00,20.3,64,661.0,1.7,0.0,9
2021-01-31 12:00:00,20.9,63,638.0,1.7,0.0,20
2021-01-31 13:00:00,21.0,62,560.0,1.6,0.0,24
2021-01-31 14:00:00,21.1,61,435.0,1.3,0.0,21
2021-01-31 15:00:00,20.7,62,287.0,1.66,0.0,21
2021-01-31 16:00:00,19.2,77,133.0,1.0,0.0,11
2021-01-31 17:00:00,17.9,78,13.0,1.97,0.0,9
2021-01-31 18:00:00,16.5,85,0.0,1.7,0.0,12
2021-01-31 19:00:00,15.5,89,0.0,2.26,0.0,9
2021-01-31 20:00:00,15.3,89,0.0,2.24,0.0,8
2021-01-31 21:00:00,15.1,91,0.0,1.84,0.0,3
2021-01-31 22:00:00,14.8,93,0.0,1.7,0.0,4
2021-01-31 23:00:00,14.5,94,0.0,1.62,0.0,7
2021-02-01 00:00:00,14.0,95,0.0,1.8,0.0,6
2021-02-01 01:00:00,13.5,96,0.0,1.84,0.0,7
2021-02-01 02:00:00,13.1,97,0.0,1.94,0.0,5
2021-02-01 03:00:00,12.9,97,0.0,2.02,0.0,2
2021-02-01 04:00:00,12.5,99,0.0,1.92,0.0,2
2021-02-01 05:00:00,13.4,98,0.0,1.43,0.0,97
2021-02-01 06:00:00,12.8,100,4.0,1.52,0.0,29
2021-02-01 07:00:00,15.0,94,91.0,1.0,0.0,33
2021-02-01 08:00:00,16.7,82,246.0,1.21,0.0,36
2021-02-01 09:00:00,18.1,76,406.0,1.56,0.0,20
2021-02-01 10:00:00,19.6,70,590.0,1.84,0.0,1
2021-02-01 11:00:00,20.7,65,677.0,1.91,0.0,1
2021-02-01 12:00:00,21.5,61,682.0,1.5,0.0,15
2021-02-01 13:00:00,21.9,59,558.0,1.3,0.0,19
2021-02-01 14:00:00,21.9,59,451.0,1.63,0.0,15
2021-02-01 15:00:00,21.4,61,304.0,1.92,0.0,16
2021-02-01 16:00:00,19.8,70,140.0,2.0,0.0,25
2021-02-01 17:00:00,18.1,76,13.0,2.12,0.0,16
2021-02-01 18:00:00,17.2,83,0.0,1.84,0.0,14
2021-02-01 19:00:00,16.6,88,0.0,1.97,0.0,14
2021-02-01 20:00:00,16.0,90,0.0,2.0,0.0,11
2021-02-01 21:00:00,15.9,89,0.0,1.86,0.0,9
2021-02-01 22:00:00,15.7,89,0.0,1.8,0.0,8
2021-02-01 23:00:00,15.0,91,0.0,1.94,0.0,6
2021-02-02 00:00:00,14.2,93,0.0,2.3,0.0,5
2021-02-02 01:00:00,14.6,92,0.0,2.06,0.0,5
2021-02-02 02:00:00,16.1,90,0.0,1.5,0.0,4
2021-02-02 03:00:00,15.7,93,0.0,0.92,0.0,4
2021-02-02 04:00:00,15.2,97,0.0,0.85,0.0,5
2021-02-02 05:00:00,14.8,95,0.0,0.95,0.0,97
2021-02-02 06:00:00,14.6,97,4.0,0.14,0.0,52
2021-02-02 07:00:00,15.6,94,105.0,0.92,0.0,24
2021-02-02 08:00:00,17.9,79,291.0,0.95,0.0,1
2021-02-02 09:00:00,19.5,70,471.0,1.08,0.0,0
2021-02-02 10:00:00,20.8,63,611.0,1.28,0.0,0
2021-02-02 11:00:00,21.7,59,689.0,1.34,0.0,0
2021-02-02 12:00:00,22.3,57,694.0,1.46,0.0,0
2021-02-02 13:00:00,22.8,57,636.0,1.77,0.0,0
2021-02-02 14:00:00,22.7,58,511.0,2.3,0.0,0
2021-02-02 15:00:00,22.3,59,340.0,2.1,0.0,1
2021-02-02 16:00:00,20.8,78,148.0,1.21,0.0,1
2021-02-02 17:00:00,21.3,62,15.0,0.45,0.0,1
2021-02-02 18:00:00,18.4,78,0.0,1.66,0.0,5
2021-02-02 19:00:00,16.7,88,0.0,2.11,0.0,8
2021-02-02 20:00:00,16.3,88,0.0,1.84,0.0,5
2021-02-02 21:00:00,15.9,88,0.0,1.84,0.0,0
2021-02-02 22:00:00,14.9,91,0.0,2.42,0.0,0
2021-02-02 23:00:00,15.0,91,0.0,1.84,0.0,0
2021-02-03 00:00:00,14.9,91,0.0,1.2,0.0,0
2021-02-03 01:00:00,14.5,95,0.0,0.85,0.0,0
2021-02-03 02:00:00,14.1,98,0.0,0.45,0.0,0
2021-02-03 03:00:00,14.2,99,0.0,0.14,0.0,0
2021-02-03 04:00:00,13.5,100,0.0,0.22,0.0,100
2021-02-03 05:00:00,13.2,100,0.0,1.3,0.0,100
2021-02-03 06:00:00,13.4,99,4.0,0.85,0.0,60
2021-02-03 07:00:00,15.8,88,93.0,1.06,0.0,15
2021-02-03 08:00:00,18.2,73,279.0,0.92,0.0,0
2021-02-03 09:00:00,20.4,66,463.0,0.73,0.0,0
2021-02-03 10:00:00,22.1,61,613.0,1.3,0.0,0
2021-02-03 11:00:00,23.1,58,690.0,1.79,0.0,0
2021-02-03 12:00:00,23.7,56,700.0,2.08,0.0,0
2021-02-03 13:00:00,24.1,54,636.0,2.25,0.0,1
2021-02-03 14:00:00,24.0,52,514.0,2.82,0.0,1
2021-02-03 15:00:00,23.3,52,341.0,1.99,0.0,4
2021-02-03 16:00:00,20.9,76,147.0,1.48,0.0,6
2021-02-03 17:00:00,19.0,72,15.0,2.25,0.0,11
2021-02-03 18:00:00,20.4,62,0.0,1.6,0.0,16
2021-02-03 19:00:00,20.0,65,0.0,0.73,0.0,45
2021-02-03 20:00:00,20.0,67,0.0,0.51,0.0,47
2021-02-03 21:00:00,19.2,73,0.0,0.98,0.0,46
2021-02-03 22:00:00,19.7,71,0.0,0.32,0.0,6
2021-02-03 23:00:00,19.0,76,0.0,1.03,0.0,28
2021-02-04 00:00:00,18.3,83,0.0,1.2,0.0,15
2021-02-04 01:00:00,17.8,87,0.0,0.92,0.0,2
2021-02-04 02:00:00,17.3,89,0.0,0.5,0.0,1
2021-02-04 03:00:00,16.1,93,0.0,0.14,0.0,0
2021-02-04 04:00:00,13.6,98,0.0,0.92,0.0,0
2021-02-04 05:00:00,13.6,99,0.0,1.36,0.0,0
2021-02-04 06:00:00,14.0,100,5.0,1.1,0.0,100
2021-02-04 07:00:00,16.3,86,96.0,1.61,0.0,0
2021-02-04 08:00:00,19.3,72,296.0,1.81,0.0,0
2021-02-04 09:00:00,21.4,65,478.0,1.99,0.0,0
2021-02-04 10:00:00,22.9,58,618.0,2.25,0.0,0
2021-02-04 11:00:00,24.0,54,698.0,2.66,0.0,39
2021-02-04 12:00:00,24.7,50,707.0,3.22,0.0,49
2021-02-04 13:00:00,25.0,48,645.0,3.61,0.0,0
2021-02-04 14:00:00,24.8,49,524.0,3.58,0.0,0
2021-02-04 15:00:00,24.1,53,349.0,3.11,0.0,0
2021-02-04 16:00:00,22.2,64,155.0,1.89,0.0,0
2021-02-04 17:00:00,19.7,75,17.0,2.79,0.0,0
2021-02-04 18:00:00,21.3,63,0.0,1.24,0.0,32
2021-02-04 19:00:00,21.0,64,0.0,0.67,0.0,34
2021-02-04 20:00:00,21.1,63,0.0,0.72,0.0,31
2021-02-04 21:00:00,20.0,68,0.0,0.61,0.0,36
2021-02-04 22:00:00,18.2,80,0.0,0.82,0.0,24
2021-02-04 23:00:00,15.9,93,0.0,0.95,0.0,13
2021-02-05 00:00:00,17.0,93,0.0,0.22,0.0,8
2021-02-05 01:00:00,16.7,95,0.0,1.22,0.0,8
2021-02-05 02:00:00,14.6,99,0.0,1.63,0.0,8
2021-02-05 03:00:00,14.1,99,0.0,1.75,0.0,6
2021-02-05 04:00:00,13.8,99,0.0,1.75,0.0,5
2021-02-05 05:00:00,14.1,99,0.0,1.53,0.0,3
2021-02-05 06:00:00,14.5,97,5.0,1.4,0.0,3
2021-02-05 07:00:00,16.7,84,110.0,2.0,0.0,2
2021-02-05 08:00:00,19.3,73,298.0,2.04,0.0,1
2021-02-05 09:00:00,21.5,65,482.0,2.38,0.0,0
2021-02-05 10:00:00,23.5,58,624.0,2.95,0.0,0
2021-02-05 11:00:00,24.9,51,705.0,3.36,0.0,0
2021-02-05 12:00:00,25.6,46,716.0,3.74,0.0,0
2021-02-05 13:00:00,25.8,45,654.0,3.98,0.0,0
2021-02-05 14:00:00,25.6,45,526.0,3.41,0.0,5
2021-02-05 15:00:00,25.0,49,341.0,2.06,0.0,6
2021-02-05 16:00:00,22.6,69,150.0,1.68,0.0,7
2021-02-05 17:00:00,20.8,64,17.0,2.25,0.0,8
2021-02-05 18:00:00,22.5,52,0.0,1.36,0.0,15
2021-02-05 19:00:00,20.1,65,0.0,1.0,0.0,32
2021-02-05 20:00:00,18.8,77,0.0,2.11,0.0,33
2021-02-05 21:00:00,17.9,83,0.0,2.52,0.0,30
2021-02-05 22:00:00,18.8,80,0.0,2.01,0.0,24
2021-02-05 23:00:00,19.3,78,0.0,1.28,0.0,19
2021-02-06 00:00:00,18.5,84,0.0,0.82,0.0,17
2021-02-06 01:00:00,17.8,87,0.0,0.51,0.0,12
2021-02-06 02:00:00,16.7,90,0.0,0.22,0.0,8
2021-02-06 03:00:00,17.0,90,0.0,1.3,0.0,5
2021-02-06 04:00:00,16.6,94,0.0,1.56,0.0,3
2021-02-06 05:00:00,15.6,100,0.0,0.91,0.0,2
2021-02-06 06:00:00,15.2,100,5.0,0.73,0.0,100
2021-02-06 07:00:00,16.7,94,111.0,1.0,0.0,70
2021-02-06 08:00:00,18.9,75,285.0,1.17,0.0,4
2021-02-06 09:00:00,20.9,66,475.0,1.22,0.0,3
2021-02-06 10:00:00,22.5,58,612.0,1.1,0.0,1
2021-02-06 11:00:00,23.7,53,697.0,1.1,0.0,15
2021-02-06 12:00:00,24.3,51,689.0,0.91,0.0,4
2021-02-06 13:00:00,24.7,49,643.0,0.76,0.0,29
2021-02-06 14:00:00,24.5,49,471.0,1.66,0.0,19
2021-02-06 15:00:00,23.7,52,326.0,2.01,0.0,32
2021-02-06 16:00:00,21.9,63,143.0,2.01,0.0,13
2021-02-06 17:00:00,20.7,70,18.0,2.16,0.0,31
2021-02-06 18:00:00,20.2,74,0.0,2.21,0.0,10
2021-02-06 19:00:00,19.5,78,0.0,2.83,0.0,9
2021-02-06 20:00:00,19.1,77,0.0,2.88,0.0,16
2021-02-06 21:00:00,18.6,78,0.0,2.78,0.0,20
2021-02-06 22:00:00,18.2,79,0.0,2.88,0.0,28
2021-02-06 23:00:00,18.1,78,0.0,3.0,0.0,56
2021-02-07 00:00:00,17.8,78,0.0,2.95,0.0,53
2021-02-07 01:00:00,17.5,79,0.0,2.47,0.0,53
2021-02-07 02:00:00,16.7,85,0.0,2.06,0.0,46
2021-02-07 03:00:00,15.7,89,0.0,1.78,0.0,24
2021-02-07 04:00:00,15.2,90,0.0,1.8,0.0,1
2021-02-07 05:00:00,15.4,91,0.0,1.49,0.0,15
2021-02-07 06:00:00,15.7,88,5.0,1.17,0.0,54
2021-02-07 07:00:00,16.9,87,100.0,2.62,0.0,70
2021-02-07 08:00:00,18.2,79,278.0,1.12,0.0,85
2021-02-07 09:00:00,20.0,69,445.0,0.3,0.0,90
2021-02-07 10:00:00,21.6,62,605.0,0.41,0.0,41
2021-02-07 11:00:00,22.8,55,640.0,0.82,0.0,36
2021-02-07 12:00:00,23.8,49,698.0,1.36,0.0,81
2021-02-07 13:00:00,24.1,47,588.0,1.0,0.0,89
2021-02-07 14:00:00,23.8,48,434.0,0.28,0.0,79
2021-02-07 15:00:00,23.5,49,300.0,0.72,0.0,86
2021-02-07 16:00:00,21.7,74,148.0,1.35,0.0,70
2021-02-07 17:00:00,19.2,77,17.0,2.53,0.0,50
2021-02-07 18:00:00,18.2,81,0.0,2.2,0.0,19
2021-02-07 19:00:00,17.5,81,0.0,2.19,0.0,56
2021-02-07 20:00:00,17.2,80,0.0,2.14,0.0,9
2021-02-07 21:00:00,16.5,84,0.0,2.28,0.0,6
2021-02-07 22:00:00,16.3,84,0.0,2.12,0.0,4
2021-02-07 23:00:00,16.1,84,0.0,1.91,0.0,0
2021-02-08 00:00:00,15.8,84,0.0,2.02,0.0,0
2021-02-08 01:00:00,14.9,86,0.0,2.42,0.0,0
2021-02-08 02:00:00,14.4,88,0.0,2.69,0.0,0
2021-02-08 03:00:00,15.1,86,0.0,2.24,0.0,0
2021-02-08 04:00:00,16.1,86,0.0,1.3,0.0,0
2021-02-08 05:00:00,15.8,93,0.0,0.64,0.0,0
2021-02-08 06:00:00,13.9,96,6.0,0.92,0.0,0
2021-02-08 07:00:00,16.7,86,119.0,1.08,0.0,0
2021-02-08 08:00:00,19.1,66,313.0,1.08,0.0,0
2021-02-08 09:00:00,20.7,60,497.0,0.42,0.0,0
2021-02-08 10:00:00,22.1,55,638.0,0.61,0.0,0
2021-02-08 11:00:00,23.2,51,717.0,1.06,0.0,0
2021-02-08 12:00:00,24.0,47,727.0,1.36,0.0,0
2021-02-08 13:00:00,24.3,46,667.0,1.7,0.0,0
2021-02-08 14:00:00,24.3,46,541.0,1.75,0.0,0
2021-02-08 15:00:00,23.9,50,366.0,1.58,0.0,1
2021-02-08 16:00:00,22.1,67,169.0,1.08,0.0,0
2021-02-08 17:00:00,19.9,69,21.0,2.19,0.0,0
2021-02-08 18:00:00,20.0,66,0.0,2.39,0.0,0
2021-02-08 19:00:00,19.1,71,0.0,2.28,0.0,0
2021-02-08 20:00:00,18.5,71,0.0,2.3,0.0,0
2021-02-08 21:00:00,17.9,73,0.0,2.3,0.0,0
2021-02-08 22:00:00,16.9,78,0.0,2.16,0.0,0
2021-02-08 23:00:00,17.3,77,0.0,2.1,0.0,0
2021-02-09 00:00:00,18.3,76,0.0,0.95,0.0,0
2021-02-09 01:00:00,16.8,86,0.0,1.35,0.0,0
2021-02-09 02:00:00,13.4,97,0.0,1.9,0.0,0
2021-02-09 03:00:00,13.2,95,0.0,1.79,0.0,0
2021-02-09 04:00:00,13.2,91,0.0,1.72,0.0,0
2021-02-09 05:00:00,13.8,81,0.0,1.91,0.0,0
2021-02-09 06:00:00,13.3,89,7.0,1.91,0.0,0
2021-02-09 07:00:00,16.3,77,124.0,1.7,0.0,0
2021-02-09 08:00:00,18.7,71,321.0,1.7,0.0,0
2021-02-09 09:00:00,21.0,62,507.0,1.7,0.0,0
2021-02-09 10:00:00,22.8,56,648.0,1.49,0.0,0
2021-02-09 11:00:00,24.0,51,728.0,1.36,0.0,0
2021-02-09 12:00:00,24.8,47,738.0,1.3,0.0,0
2021-02-09 13:00:00,25.3,43,676.0,1.44,0.0,0
2021-02-09 14:00:00,25.4,42,550.0,1.94,0.0,0
2021-02-09 15:00:00,24.9,45,372.0,2.31,0.0,0
2021-02-09 16:00:00,22.8,58,172.0,1.82,0.0,0
2021-02-09 17:00:00,19.8,74,22.0,2.51,0.0,0
2021-02-09 18:00:00,19.0,73,0.0,1.84,0.0,0
2021-02-09 19:00:00,18.0,75,0.0,2.1,0.0,0
2021-02-09 20:00:00,17.6,76,0.0,2.06,0.0,0
2021-02-09 21:00:00,16.9,81,0.0,2.12,0.0,0
2021-02-09 22:00:00,16.1,87,0.0,2.75,0.0,0
2021-02-09 23:00:00,15.9,89,0.0,2.62,0.0,0
2021-02-10 00:00:00,16.6,87,0.0,2.11,0.0,0
2021-02-10 01:00:00,16.9,89,0.0,1.7,0.0,0
2021-02-10 02:00:00,14.4,96,0.0,1.14,0.0,0
2021-02-10 03:00:00,13.0,98,0.0,1.49,0.0,1
2021-02-10 04:00:00,12.8,93,0.0,1.93,0.0,0
2021-02-10 05:00:00,13.8,87,0.0,1.22,0.0,0
2021-02-10 06:00:00,13.9,91,7.0,1.04,0.0,6
2021-02-10 07:00:00,16.7,76,122.0,1.5,0.0,10
2021-02-10 08:00:00,19.3,69,316.0,2.01,0.0,1
2021-02-10 09:00:00,21.5,64,501.0,1.89,0.0,14
2021-02-10 10:00:00,23.3,58,642.0,1.84,0.0,21
2021-02-10 11:00:00,24.7,52,722.0,1.91,0.0,55
2021-02-10 12:00:00,25.5,48,729.0,2.05,0.0,70
2021-02-10 13:00:00,25.9,46,661.0,1.61,0.0,82
2021-02-10 14:00:00,25.9,44,515.0,1.36,0.0,83
2021-02-10 15:00:00,25.5,45,317.0,1.32,0.0,70
2021-02-10 16:00:00,23.3,65,159.0,1.4,0.0,72
2021-02-10 17:00:00,22.4,58,21.0,1.3,0.0,70
2021-02-10 18:00:00,19.4,76,0.0,2.16,0.0,73
2021-02-10 19:00:00,19.6,79,0.0,1.66,0.0,92
2021-02-10 20:00:00,19.6,77,0.0,1.75,0.0,92
2021-02-10 21:00:00,19.7,73,0.0,2.34,0.0,94
2021-02-10 22:00:00,19.3,75,0.0,2.28,0.0,91
2021-02-10 23:00:00,18.5,79,0.0,1.84,0.0,90
2021-02-11 00:00:00,17.6,84,0.0,1.57,0.0,65
2021-02-11 01:00:00,16.7,90,0.0,2.02,0.0,24
2021-02-11 02:00:00,17.8,83,0.0,1.73,0.0,6
2021-02-11 03:00:00,17.4,83,0.0,1.61,0.0,15
2021-02-11 04:00:00,15.5,90,0.0,2.28,0.0,15
2021-02-11 05:00:00,16.0,90,0.0,2.12,0.0,5
2021-02-11 06:00:00,15.5,94,7.0,1.84,0.0,6
2021-02-11 07:00:00,18.0,82,114.0,1.39,0.0,17
2021-02-11 08:00:00,20.1,67,272.0,1.39,0.0,5
2021-02-11 09:00:00,22.3,56,488.0,1.8,0.0,1
2021-02-11 10:00:00,23.5,52,638.0,2.06,0.0,4
2021-02-11 11:00:00,24.4,50,709.0,1.75,0.0,1
2021-02-11 12:00:00,25.1,49,721.0,1.63,0.0,1
2021-02-11 13:00:00,25.5,48,666.0,2.02,0.0,1
2021-02-11 14:00:00,25.6,48,542.0,2.94,0.0,0
2021-02-11 15:00:00,25.0,49,369.0,3.01,0.0,0
2021-02-11 16:00:00,23.2,63,172.0,1.12,0.0,0
2021-02-11 17:00:00,20.9,67,23.0,2.26,0.0,0
2021-02-11 18:00:00,20.3,70,0.0,1.88,0.0,4
2021-02-11 19:00:00,19.3,79,0.0,2.16,0.0,10
2021-02-11 20:00:00,18.3,86,0.0,2.28,0.0,11
2021-02-11 21:00:00,18.1,85,0.0,2.05,0.0,5
2021-02-11 22:00:00,17.9,81,0.0,2.0,0.0,3
2021-02-11 23:00:00,17.3,84,0.0,1.84,0.0,1
2021-02-12 00:00:00,16.7,87,0.0,2.06,0.0,1
2021-02-12 01:00:00,15.9,89,0.0,2.55,0.0,1
2021-02-12 02:00:00,16.8,87,0.0,2.1,0.0,1
2021-02-12 03:00:00,16.0,89,0.0,2.25,0.0,1
2021-02-12 04:00:00,14.9,91,0.0,2.3,0.0,0
2021-02-12 05:00:00,15.1,94,0.0,1.63,0.0,0
2021-02-12 06:00:00,15.0,93,8.0,0.82,0.0,0
2021-02-12 07:00:00,18.7,82,126.0,0.82,0.0,19
2021-02-12 08:00:00,21.8,61,320.0,0.76,0.0,39
2021-02-12 09:00:00,23.2,57,503.0,1.5,0.0,27
2021-02-12 10:00:00,24.4,54,645.0,1.63,0.0,52
2021-02-12 11:00:00,25.6,49,724.0,1.68,0.0,51
2021-02-12 12:00:00,26.4,47,732.0,1.53,0.0,80
2021-02-12 13:00:00,26.7,45,659.0,2.43,0.0,77
2021-02-12 14:00:00,26.6,42,535.0,2.47,0.0,52
2021-02-12 15:00:00,26.1,41,362.0,1.92,0.0,43
2021-02-12 16:00:00,24.1,62,163.0,1.3,0.0,11
2021-02-12 17:00:00,23.9,45,22.0,0.85,0.0,19
2021-02-12 18:00:00,22.5,53,0.0,0.86,0.0,65
2021-02-12 19:00:00,19.8,74,0.0,1.92,0.0,73
2021-02-12 20:00:00,21.4,70,0.0,1.71,0.0,41
2021-02-12 21:00:00,21.1,72,0.0,0.78,0.0,29
2021-02-12 22:00:00,18.2,88,0.0,2.13,0.0,13
2021-02-12 23:00:00,18.4,89,0.0,1.81,0.0,8
2021-02-13 00:00:00,17.5,91,0.0,2.12,0.0,11
2021-02-13 01:00:00,16.9,91,0.0,2.34,0.0,8
2021-02-13 02:00:00,16.6,91,0.0,2.16,0.0,9
2021-02-13 03:00:00,16.3,91,0.0,2.13,0.0,12
2021-02-13 04:00:00,15.8,91,0.0,2.24,0.0,14
2021-02-13 05:00:00,17.7,88,0.0,1.12,0.0,6
2021-02-13 06:00:00,16.9,92,8.0,1.35,0.0,10
2021-02-13 07:00:00,19.2,83,121.0,0.91,0.0,10
2021-02-13 08:00:00,21.5,68,306.0,1.17,0.0,7
2021-02-13 09:00:00,23.2,61,489.0,1.48,0.0,3
2021-02-13 10:00:00,24.6,55,630.0,1.56,0.0,2
2021-02-13 11:00:00,25.9,48,710.0,1.5,0.0,2
2021-02-13 12:00:00,26.7,45,719.0,1.53,0.0,4
2021-02-13 13:00:00,27.0,43,655.0,1.57,0.0,4
2021-02-13 14:00:00,27.1,42,535.0,2.3,0.0,3
2021-02-13 15:00:00,26.7,42,365.0,1.8,0.0,3
2021-02-13 16:00:00,25.5,55,174.0,0.82,0.0,9
2021-02-13 17:00:00,24.3,52,24.0,1.43,0.0,11
2021-02-13 18:00:00,21.9,68,0.0,1.88,0.0,32
2021-02-13 19:00:00,20.8,76,0.0,1.92,0.0,28
2021-02-13 20:00:00,20.1,82,0.0,1.75,0.0,1
2021-02-13 21:00:00,19.7,81,0.0,1.84,0.0,8
2021-02-13 22:00:00,18.9,82,0.0,1.88,0.0,12
2021-02-13 23:00:00,18.8,82,0.0,1.84,0.0,15
2021-02-14 00:00:00,18.4,85,0.0,1.84,0.0,10
2021-02-14 01:00:00,17.8,88,0.0,1.97,0.0,5
2021-02-14 02:00:00,17.3,89,0.0,2.12,0.0,6
2021-02-14 03:00:00,17.0,89,0.0,2.2,0.0,9
2021-02-14 04:00:00,16.9,89,0.0,2.2,0.0,37
2021-02-14 05:00:00,17.3,92,0.0,1.4,0.0,44
2021-02-14 06:00:00,18.4,87,9.0,0.14,0.0,30
2021-02-14 07:00:00,19.8,81,121.0,0.89,0.0,22
2021-02-14 08:00:00,21.7,70,309.0,1.0,0.0,66
2021-02-14 09:00:00,23.3,62,485.0,1.25,0.0,65
2021-02-14 10:00:00,24.5,57,606.0,1.78,0.0,62
2021-02-14 11:00:00,25.5,53,694.0,1.78,0.0,20
2021-02-14 12:00:00,26.0,50,657.0,1.3,0.0,14
2021-02-14 13:00:00,26.4,48,607.0,1.75,0.0,15
2021-02-14 14:00:00,26.5,47,482.0,1.84,0.0,17
2021-02-14 15:00:00,26.0,48,330.0,1.42,0.0,13
2021-02-14 16:00:00,24.5,64,161.0,0.86,0.0,14
2021-02-14 17:00:00,22.6,65,22.0,1.66,0.0,17
2021-02-14 18:00:00,22.5,65,0.0,1.7,0.0,37
2021-02-14 19:00:00,20.7,77,0.0,2.11,0.0,26
2021-02-14 20:00:00,20.3,81,0.0,1.75,0.0,28
2021-02-14 21:00:00,20.4,79,0.0,1.78,0.0,35
2021-02-14 22:00:00,19.8,79,0.0,1.7,0.0,31
2021-02-14 23:00:00,19.6,80,0.0,1.91,0.0,27
2021-02-15 00:00:00,19.4,80,0.0,1.84,0.0,38
2021-02-15 01:00:00,18.2,87,0.0,2.36,0.0,17
2021-02-15 02:00:00,19.0,84,0.0,1.8,0.0,13
2021-02-15 03:00:00,18.8,87,0.0,1.7,0.0,9
2021-02-15 04:00:00,18.5,87,0.0,1.6,0.0,3
2021-02-15 05:00:00,17.0,95,0.0,1.48,0.0,1
2021-02-15 06:00:00,17.1,96,9.0,0.63,0.0,1
2021-02-15 07:00:00,19.5,86,130.0,0.73,0.0,7
2021-02-15 08:00:00,21.7,71,322.0,0.9,0.0,9
2021-02-15 09:00:00,23.4,63,506.0,1.32,0.0,6
2021-02-15 10:00:00,24.4,57,592.0,1.35,0.0,19
2021-02-15 11:00:00,25.1,52,622.0,1.56,0.0,19
2021-02-15 12:00:00,25.5,49,659.0,1.77,0.0,15
2021-02-15 13:00:00,25.6,50,593.0,2.45,0.0,28
2021-02-15 14:00:00,25.5,50,453.0,2.62,0.0,21
2021-02-15 15:00:00,25.3,51,335.0,2.51,0.0,15
2021-02-15 16:00:00,24.1,61,166.0,1.25,0.0,5
2021-02-15 17:00:00,22.6,64,26.0,1.78,0.0,2
2021-02-15 18:00:00,22.5,66,0.0,1.53,0.0,31
2021-02-15 19:00:00,20.3,81,0.0,1.7,0.0,27
2021-02-15 20:00:00,19.8,81,0.0,1.39,0.0,48
2021-02-15 21:00:00,19.1,86,0.0,1.22,0.0,6
2021-02-15 22:00:00,17.7,93,0.0,1.5,0.0,0
2021-02-15 23:00:00,16.5,97,0.0,1.39,0.0,0
2021-02-16 00:00:00,16.1,100,0.0,0.89,0.0,0
2021-02-16 01:00:00,15.5,100,0.0,1.8,0.0,81
2021-02-16 02:00:00,15.7,100,0.0,1.46,0.0,100
2021-02-16 03:00:00,15.6,99,0.0,1.3,0.0,97
2021-02-16 04:00:00,15.4,99,0.0,1.46,0.0,97
2021-02-16 05:00:00,15.8,97,0.0,1.92,0.0,100
2021-02-16 06:00:00,16.2,97,9.0,2.2,0.0,53
2021-02-16 07:00:00,18.5,82,130.0,2.04,0.0,1
2021-02-16 08:00:00,20.9,71,338.0,1.91,0.0,5
2021-02-16 09:00:00,22.9,63,524.0,1.86,0.0,9
2021-02-16 10:00:00,24.2,58,659.0,1.46,0.0,13
2021-02-16 11:00:00,25.1,51,703.0,1.3,0.0,14
2021-02-16 12:00:00,25.7,45,699.0,1.72,0.0,8
2021-02-16 13:00:00,26.1,40,632.0,2.6,0.0,4
2021-02-16 14:00:00,26.1,38,551.0,3.28,0.0,3
2021-02-16 15:00:00,25.7,41,380.0,3.16,0.0,3
2021-02-16 16:00:00,24.2,50,182.0,1.91,0.0,2
2021-02-16 17:00:00,21.4,64,28.0,2.18,0.0,2
2021-02-16 18:00:00,20.1,72,0.0,2.18,0.0,2
2021-02-16 19:00:00,20.4,73,0.0,1.8,0.0,11
2021-02-16 20:00:00,18.9,84,0.0,1.86,0.0,12
2021-02-16 21:00:00,18.6,81,0.0,2.02,0.0,81
2021-02-16 22:00:00,18.2,81,0.0,2.12,0.0,58
2021-02-16 23:00:00,17.4,84,0.0,2.02,0.0,1
2021-02-17 00:00:00,16.8,88,0.0,1.46,0.0,0
2021-02-17 01:00:00,16.4,89,0.0,0.99,0.0,15
2021-02-17 02:00:00,15.9,94,0.0,1.3,0.0,30
2021-02-17 03:00:00,15.6,94,0.0,1.46,0.0,72
2021-02-17 04:00:00,16.1,86,0.0,1.94,0.0,86
2021-02-17 05:00:00,16.2,90,0.0,2.61,0.0,94
2021-02-17 06:00:00,16.4,93,10.0,2.8,0.0,92
2021-02-17 07:00:00,17.9,86,91.0,3.3,0.0,85
2021-02-17 08:00:00,19.6,79,248.0,3.3,0.0,51
2021-02-17 09:00:00,21.5,71,418.0,3.16,0.0,94
2021-02-17 10:00:00,22.9,64,430.0,3.0,0.0,96
2021-02-17 11:00:00,24.4,58,557.0,3.04,0.0,97
2021-02-17 12:00:00,25.4,53,639.0,2.87,0.0,96
2021-02-17 13:00:00,25.6,52,506.0,2.83,0.0,96
2021-02-17 14:00:00,25.2,53,334.0,2.69,0.0,97
2021-02-17 15:00:00,25.0,54,316.0,2.66,0.0,96
2021-02-17 16:00:00,23.6,61,125.0,1.92,0.0,93
2021-02-17 17:00:00,21.7,69,17.0,1.75,0.0,98
2021-02-17 18:00:00,21.2,72,0.0,1.6,0.0,95
2021-02-17 19:00:00,20.5,75,0.0,1.62,0.0,74
2021-02-17 20:00:00,19.5,80,0.0,1.87,0.0,100
2021-02-17 21:00:00,19.9,79,0.0,1.71,0.0,97
2021-02-17 22:00:00,19.3,82,0.0,1.71,0.0,96
2021-02-17 23:00:00,18.2,88,0.0,1.8,0.0,86
2021-02-18 00:00:00,17.7,91,0.0,1.55,0.0,77
2021-02-18 01:00:00,17.5,93,0.0,1.62,0.0,87
2021-02-18 02:00:00,17.2,94,0.0,1.61,0.0,54
2021-02-18 03:00:00,16.9,96,0.0,1.5,0.0,13
2021-02-18 04:00:00,16.6,96,0.0,1.6,0.0,18
2021-02-18 05:00:00,17.2,95,0.0,1.9,0.0,30
2021-02-18 06:00:00,17.4,94,11.0,2.22,0.0,15
2021-02-18 07:00:00,19.6,82,136.0,2.65,0.0,0
2021-02-18 08:00:00,22.0,70,330.0,3.2,0.0,1
2021-02-18 09:00:00,24.3,59,513.0,3.86,0.0,1
2021-02-18 10:00:00,26.0,51,654.0,4.33,0.0,0
2021-02-18 11:00:00,27.1,47,735.0,4.37,0.0,0
2021-02-18 12:00:00,28.0,44,745.0,3.96,0.0,4
2021-02-18 13:00:00,28.4,42,671.0,3.55,0.0,6
2021-02-18 14:00:00,28.3,43,526.0,3.18,0.0,10
2021-02-18 15:00:00,27.7,45,353.0,3.22,0.0,11
2021-02-18 16:00:00,26.1,54,174.0,1.63,0.0,14
2021-02-18 17:00:00,22.8,64,28.0,2.56,0.0,22
2021-02-18 18:00:00,22.2,65,0.0,1.9,0.0,29
2021-02-18 19:00:00,21.6,64,0.0,1.84,0.0,30
2021-02-18 20:00:00,20.7,69,0.0,2.1,0.0,15
2021-02-18 21:00:00,19.7,75,0.0,1.82,0.0,5
2021-02-18 22:00:00,19.0,79,0.0,1.73,0.0,4
2021-02-18 23:00:00,18.9,79,0.0,2.09,0.0,22
2021-02-19 00:00:00,18.9,77,0.0,2.3,0.0,7
2021-02-19 01:00:00,18.1,82,0.0,2.0,0.0,6
2021-02-19 02:00:00,17.8,84,0.0,2.2,0.0,1
2021-02-19 03:00:00,17.3,87,0.0,2.01,0.0,4
2021-02-19 04:00:00,16.7,91,0.0,1.8,0.0,11
2021-02-19 05:00:00,16.6,96,0.0,1.33,0.0,47
2021-02-19 06:00:00,17.2,91,11.0,1.79,0.0,93
2021-02-19 07:00:00,19.3,77,123.0,2.43,0.0,81
2021-02-19 08:00:00,21.5,67,303.0,2.63,0.0,80
2021-02-19 09:00:00,23.7,60,483.0,2.79,0.0,55
2021-02-19 10:00:00,25.8,51,643.0,3.55,0.0,31
2021-02-19 11:00:00,27.5,44,738.0,3.76,0.0,46
2021-02-19 12:00:00,28.3,41,729.0,3.54,0.0,61
2021-02-19 13:00:00,28.6,39,639.0,3.04,0.0,85
2021-02-19 14:00:00,28.2,39,436.0,2.66,0.0,93
2021-02-19 15:00:00,27.6,41,270.0,2.55,0.0,96
2021-02-19 16:00:00,25.8,49,106.0,1.78,0.0,97
2021-02-19 17:00:00,22.3,62,15.0,2.44,0.0,93
2021-02-19 18:00:00,21.8,66,0.0,2.34,0.0,86
2021-02-19 19:00:00,22.7,60,0.0,1.64,0.0,93
2021-02-19 20:00:00,21.7,63,0.0,1.65,0.0,93
2021-02-19 21:00:00,20.8,68,0.0,1.56,0.0,95
2021-02-19 22:00:00,20.9,69,0.0,0.99,0.0,90
2021-02-19 23:00:00,20.2,75,0.0,0.32,0.0,96
2021-02-20 00:00:00,19.8,80,0.0,0.22,0.0,95
2021-02-20 01:00:00,19.5,83,0.0,0.32,0.0,96
2021-02-20 02:00:00,19.3,86,0.0,0.36,0.0,94
2021-02-20 03:00:00,19.1,88,0.0,0.71,0.0,88
2021-02-20 04:00:00,19.0,89,0.0,1.24,0.0,83
2021-02-20 05:00:00,16.5,97,0.0,1.5,0.0,25
2021-02-20 06:00:00,17.0,97,13.0,1.02,0.0,95
2021-02-20 07:00:00,19.7,80,123.0,0.81,0.0,96
2021-02-20 08:00:00,22.5,64,290.0,1.08,0.0,94
2021-02-20 09:00:00,24.3,58,459.0,1.98,0.0,90
2021-02-20 10:00:00,26.2,49,613.0,2.76,0.0,69
2021-02-20 11:00:00,27.4,44,687.0,3.18,0.0,57
2021-02-20 12:00:00,28.2,41,721.0,3.04,0.0,84
2021-02-20 13:00:00,28.5,40,648.0,2.06,0.0,21
2021-02-20 14:00:00,28.5,40,569.0,1.66,0.0,0
2021-02-20 15:00:00,28.1,41,393.0,1.49,0.0,1
2021-02-20 16:00:00,26.0,69,192.0,1.41,0.0,0
2021-02-20 17:00:00,23.6,57,32.0,2.31,0.0,0
2021-02-20 18:00:00,22.8,59,0.0,2.33,0.0,3
2021-02-20 19:00:00,21.5,64,0.0,1.68,0.0,4
2021-02-20 20:00:00,20.0,75,0.0,1.77,0.0,4
2021-02-20 21:00:00,18.9,85,0.0,2.64,0.0,3
2021-02-20 22:00:00,18.8,86,0.0,2.5,0.0,1
2021-02-20 23:00:00,18.1,87,0.0,2.55,0.0,0
2021-02-21 00:00:00,18.2,82,0.0,2.22,0.0,0
2021-02-21 01:00:00,18.0,82,0.0,2.08,0.0,0
2021-02-21 02:00:00,17.1,86,0.0,2.77,0.0,0
2021-02-21 03:00:00,16.6,87,0.0,2.69,0.0,0
2021-02-21 04:00:00,16.3,90,0.0,2.45,0.0,0
2021-02-21 05:00:00,16.5,89,0.0,2.64,0.0,0
2021-02-21 06:00:00,17.0,88,14.0,2.11,0.0,0
2021-02-21 07:00:00,20.6,71,152.0,0.41,0.0,0
2021-02-21 08:00:00,23.0,59,354.0,1.58,0.0,0
2021-02-21 09:00:00,24.4,54,541.0,1.79,0.0,0
2021-02-21 10:00:00,25.9,47,682.0,1.84,0.0,0
2021-02-21 11:00:00,27.0,42,760.0,1.49,0.0,0
2021-02-21 12:00:00,27.8,40,771.0,1.14,0.0,0
2021-02-21 13:00:00,28.2,39,710.0,1.66,0.0,0
2021-02-21 14:00:00,28.1,40,582.0,2.42,0.0,0
2021-02-21 15:00:00,27.5,42,399.0,2.45,0.0,0
2021-02-21 16:00:00,25.9,51,195.0,1.5,0.0,0
2021-02-21 17:00:00,23.6,56,33.0,1.97,0.0,1
2021-02-21 18:00:00,22.2,61,0.0,1.84,0.0,0
2021-02-21 19:00:00,20.7,71,0.0,2.47,0.0,3
2021-02-21 20:00:00,20.3,73,0.0,2.14,0.0,1
2021-02-21 21:00:00,20.0,74,0.0,1.91,0.0,0
2021-02-21 22:00:00,19.4,76,0.0,2.06,0.0,0
2021-02-21 23:00:00,18.6,79,0.0,2.33,0.0,0
2021-02-22 00:00:00,18.3,81,0.0,2.28,0.0,0
2021-02-22 01:00:00,18.0,83,0.0,2.4,0.0,0
2021-02-22 02:00:00,19.6,80,0.0,1.58,0.0,0
2021-02-22 03:00:00,18.9,85,0.0,1.24,0.0,0
2021-02-22 04:00:00,16.9,90,0.0,1.33,0.0,0
2021-02-22 05:00:00,18.2,88,0.0,0.22,0.0,0
2021-02-22 06:00:00,17.7,94,15.0,1.26,0.0,13
2021-02-22 07:00:00,19.6,85,143.0,0.76,0.0,14
2021-02-22 08:00:00,22.2,68,329.0,0.91,0.0,10
2021-02-22 09:00:00,24.4,53,523.0,1.17,0.0,0
2021-02-22 10:00:00,26.1,44,677.0,1.5,0.0,0
2021-02-22 11:00:00,27.2,40,757.0,1.77,0.0,0
2021-02-22 12:00:00,27.9,39,767.0,1.63,0.0,1
2021-02-22 13:00:00,28.2,39,704.0,1.84,0.0,1
2021-02-22 14:00:00,28.2,40,579.0,1.79,0.0,1
2021-02-22 15:00:00,27.6,42,401.0,1.9,0.0,1
2021-02-22 16:00:00,26.0,51,198.0,1.52,0.0,1
2021-02-22 17:00:00,22.7,63,34.0,2.52,0.0,1
2021-02-22 18:00:00,21.9,63,0.0,1.92,0.0,0
2021-02-22 19:00:00,21.1,66,0.0,1.93,0.0,0
2021-02-22 20:00:00,20.7,69,0.0,1.91,0.0,0
2021-02-22 21:00:00,20.4,68,0.0,2.16,0.0,0
2021-02-22 22:00:00,19.2,73,0.0,2.36,0.0,0
2021-02-22 23:00:00,19.3,73,0.0,2.51,0.0,0
2021-02-23 00:00:00,21.4,65,0.0,1.86,0.0,0
2021-02-23 01:00:00,19.8,75,0.0,2.12,0.0,0
2021-02-23 02:00:00,19.8,79,0.0,1.8,0.0,0
2021-02-23 03:00:00,19.2,85,0.0,0.9,0.0,0
2021-02-23 04:00:00,16.4,93,0.0,1.14,0.0,0
2021-02-23 05:00:00,16.2,97,0.0,1.08,0.0,0
2021-02-23 06:00:00,17.0,97,16.0,0.41,0.0,0
2021-02-23 07:00:00,19.7,81,147.0,0.36,0.0,0
2021-02-23 08:00:00,22.5,66,353.0,0.98,0.0,0
2021-02-23 09:00:00,24.8,54,540.0,0.92,0.0,0
2021-02-23 10:00:00,26.6,46,682.0,1.04,0.0,0
2021-02-23 11:00:00,27.7,43,761.0,1.2,0.0,0
2021-02-23 12:00:00,28.4,41,770.0,1.3,0.0,1
2021-02-23 13:00:00,28.9,40,705.0,1.7,0.0,7
2021-02-23 14:00:00,29.0,41,544.0,2.45,0.0,10
2021-02-23 15:00:00,28.1,44,359.0,3.26,0.0,17
2021-02-23 16:00:00,26.6,50,181.0,2.41,0.0,11
2021-02-23 17:00:00,24.3,58,31.0,1.97,0.0,14
2021-02-23 18:00:00,23.7,54,0.0,2.53,0.0,21
2021-02-23 19:00:00,23.1,55,0.0,2.57,0.0,29
2021-02-23 20:00:00,22.4,60,0.0,2.51,0.0,19
2021-02-23 21:00:00,22.0,62,0.0,2.44,0.0,4
2021-02-23 22:00:00,21.7,61,0.0,2.58,0.0,9
2021-02-23 23:00:00,20.6,67,0.0,1.94,0.0,6
2021-02-24 00:00:00,19.5,72,0.0,2.06,0.0,3
2021-02-24 01:00:00,18.4,77,0.0,2.72,0.0,4
2021-02-24 02:00:00,20.9,63,0.0,1.49,0.0,3
2021-02-24 03:00:00,20.4,68,0.0,0.92,0.0,4
2021-02-24 04:00:00,19.7,75,0.0,0.82,0.0,5
2021-02-24 05:00:00,17.6,89,0.0,1.46,0.0,8
2021-02-24 06:00:00,17.9,93,15.0,0.64,0.0,19
2021-02-24 07:00:00,20.2,72,145.0,0.41,0.0,16
2021-02-24 08:00:00,22.7,56,344.0,0.3,0.0,9
2021-02-24 09:00:00,24.5,50,525.0,1.34,0.0,5
2021-02-24 10:00:00,26.0,45,667.0,1.77,0.0,0
2021-02-24 11:00:00,27.1,40,758.0,2.06,0.0,0
2021-02-24 12:00:00,28.0,36,772.0,2.55,0.0,1
2021-02-24 13:00:00,28.4,34,706.0,3.11,0.0,5
2021-02-24 14:00:00,28.3,34,566.0,3.51,0.0,8
2021-02-24 15:00:00,27.5,36,383.0,3.4,0.0,6
2021-02-24 16:00:00,25.8,44,194.0,2.28,0.0,5
2021-02-24 17:00:00,22.8,56,35.0,2.19,0.0,13
2021-02-24 18:00:00,21.4,62,0.0,2.65,0.0,9
2021-02-24 19:00:00,20.9,67,0.0,2.15,0.0,13
2021-02-24 20:00:00,21.2,65,0.0,1.98,0.0,22
2021-02-24 21:00:00,21.0,64,0.0,2.12,0.0,14
2021-02-24 22:00:00,20.1,68,0.0,1.92,0.0,2
2021-02-24 23:00:00,19.5,71,0.0,2.05,0.0,1
2021-02-25 00:00:00,18.7,76,0.0,2.52,0.0,2
2021-02-25 01:00:00,18.2,78,0.0,2.85,0.0,2
2021-02-25 02:00:00,19.5,71,0.0,2.22,0.0,3
2021-02-25 03:00:00,20.5,67,0.0,1.62,0.0,10
2021-02-25 04:00:00,20.2,70,0.0,1.06,0.0,36
2021-02-25 05:00:00,19.4,78,0.0,0.32,0.0,100
2021-02-25 06:00:00,18.6,86,15.0,1.64,0.0,59
2021-02-25 07:00:00,20.0,75,106.0,2.05,0.0,74
2021-02-25 08:00:00,21.2,68,155.0,1.56,0.0,78
2021-02-25 09:00:00,22.9,60,286.0,1.1,0.0,91
2021-02-25 10:00:00,23.9,57,364.0,2.02,0.0,88
2021-02-25 11:00:00,24.7,55,450.0,2.34,0.0,48
2021-02-25 12:00:00,25.2,54,508.0,1.92,0.0,50
2021-02-25 13:00:00,25.5,54,482.0,1.66,0.0,51
2021-02-25 14:00:00,25.4,55,369.0,1.52,0.0,40
2021-02-25 15:00:00,25.2,56,293.0,1.21,0.0,44
2021-02-25 16:00:00,24.4,64,146.0,0.67,0.0,44
2021-02-25 17:00:00,23.6,64,28.0,1.58,0.0,38
2021-02-25 18:00:00,22.5,70,0.0,1.36,0.0,62
2021-02-25 19:00:00,22.1,72,0.0,1.4,0.0,37
2021-02-25 20:00:00,20.8,78,0.0,1.36,0.0,23
2021-02-25 21:00:00,20.1,83,0.0,1.22,0.0,20
2021-02-25 22:00:00,19.5,88,0.0,0.92,0.0,29
2021-02-25 23:00:00,19.2,90,0.0,0.92,0.0,30
2021-02-26 00:00:00,18.7,93,0.0,0.98,0.0,29
2021-02-26 01:00:00,18.4,94,0.0,1.32,0.0,34
2021-02-26 02:00:00,18.9,88,0.0,1.8,0.0,23
2021-02-26 03:00:00,19.1,82,0.0,2.55,0.1,25
2021-02-26 04:00:00,19.0,81,0.0,3.0,0.0,33
2021-02-26 05:00:00,19.1,83,0.0,2.5,0.0,29
2021-02-26 06:00:00,19.1,85,14.0,2.92,0.2,73
2021-02-26 07:00:00,20.0,82,71.0,2.8,0.0,73
2021-02-26 08:00:00,21.2,76,162.0,3.22,0.0,67
2021-02-26 09:00:00,22.6,71,287.0,3.28,0.0,56
2021-02-26 10:00:00,24.2,66,483.0,3.47,0.0,30
2021-02-26 11:00:00,25.0,63,543.0,3.41,0.0,35
2021-02-26 12:00:00,25.6,59,619.0,3.39,0.0,30
2021-02-26 13:00:00,25.6,59,556.0,3.39,0.0,24
2021-02-26 14:00:00,25.3,60,479.0,3.41,0.0,15
2021-02-26 15:00:00,24.9,60,351.0,3.26,0.0,9
2021-02-26 16:00:00,24.0,64,181.0,2.7,0.0,8
2021-02-26 17:00:00,22.5,72,34.0,1.64,0.0,9
2021-02-26 18:00:00,21.4,78,0.0,1.71,0.0,13
2021-02-26 19:00:00,20.8,81,0.0,1.81,0.0,12
2021-02-26 20:00:00,20.2,84,0.0,1.77,0.0,12
2021-02-26 21:00:00,19.7,87,0.0,2.02,0.0,16
2021-02-26 22:00:00,19.3,89,0.0,1.9,0.0,45
2021-02-26 23:00:00,19.3,90,0.0,1.91,0.0,71
2021-02-27 00:00:00,19.3,89,0.0,1.5,0.0,72
2021-02-27 01:00:00,19.2,90,0.0,1.75,0.0,79
2021-02-27 02:00:00,19.1,90,0.0,1.58,0.0,75
2021-02-27 03:00:00,18.9,92,0.0,1.97,0.0,76
2021-02-27 04:00:00,18.8,92,0.0,2.5,0.0,75
2021-02-27 05:00:00,19.2,89,0.0,2.51,0.0,69
2021-02-27 06:00:00,19.5,87,7.0,2.42,0.0,66
2021-02-27 07:00:00,20.7,80,98.0,2.35,0.0,27
2021-02-27 08:00:00,22.2,72,280.0,2.82,0.0,18
2021-02-27 09:00:00,23.8,66,475.0,3.5,0.0,14
2021-02-27 10:00:00,25.0,62,613.0,3.47,0.0,21
2021-02-27 11:00:00,25.8,59,659.0,2.97,0.0,8
2021-02-27 12:00:00,26.4,57,720.0,2.62,0.0,11
2021-02-27 13:00:00,26.6,56,651.0,2.55,0.0,17
2021-02-27 14:00:00,26.5,56,522.0,2.69,0.0,20
2021-02-27 15:00:00,25.8,58,348.0,2.82,0.0,32
2021-02-27 16:00:00,24.9,61,171.0,2.79,0.0,20
2021-02-27 17:00:00,23.3,67,31.0,1.9,0.0,33
2021-02-27 18:00:00,22.5,71,0.0,2.52,0.0,47
2021-02-27 19:00:00,22.0,74,0.0,2.6,0.0,14
2021-02-27 20:00:00,21.3,78,0.0,3.11,0.0,20
2021-02-27 21:00:00,20.8,81,0.0,3.08,0.0,24
2021-02-27 22:00:00,20.3,84,0.0,2.93,0.0,46
2021-02-27 23:00:00,19.9,88,0.0,2.13,0.1,57
2021-02-28 00:00:00,19.7,89,0.0,2.85,0.2,58
2021-02-28 01:00:00,19.4,91,0.0,2.71,0.0,89
2021-02-28 02:00:00,19.2,92,0.0,2.5,0.0,99
2021-02-28 03:00:00,19.0,93,0.0,2.6,0.0,60
2021-02-28 04:00:00,18.6,95,0.0,2.91,0.0,48
2021-02-28 05:00:00,18.9,95,0.0,3.31,0.0,45
2021-02-28 06:00:00,19.1,94,17.0,3.32,0.0,45
2021-02-28 07:00:00,20.5,85,125.0,4.12,0.0,68
2021-02-28 08:00:00,21.7,78,237.0,4.35,0.0,50
2021-02-28 09:00:00,23.2,70,402.0,4.4,0.0,42
2021-02-28 10:00:00,24.5,65,568.0,4.16,0.0,26
2021-02-28 11:00:00,25.4,62,645.0,3.67,0.0,26
2021-02-28 12:00:00,26.1,59,674.0,2.75,0.0,7
2021-02-28 13:00:00,26.7,56,674.0,2.28,0.0,6
2021-02-28 14:00:00,26.7,56,559.0,2.83,0.0,4
2021-02-28 15:00:00,26.1,58,389.0,3.4,0.0,8
2021-02-28 16:00:00,25.0,62,188.0,3.58,0.0,14
2021-02-28 17:00:00,23.0,70,35.0,2.94,0.0,4
2021-02-28 18:00:00,21.9,75,0.0,3.28,0.0,9
2021-02-28 19:00:00,21.2,79,0.0,3.61,0.0,9
2021-02-28 20:00:00,20.7,81,0.0,3.6,0.0,22
2021-02-28 21:00:00,20.3,83,0.0,3.42,0.0,51
2021-02-28 22:00:00,19.6,87,0.0,3.45,0.3,42
2021-02-28 23:00:00,19.2,89,0.0,2.82,0.0,51
2021-03-01 00:00:00,19.0,88,0.0,3.52,0.0,30
2021-03-01 01:00:00,18.4,90,0.0,3.01,0.0,41
2021-03-01 02:00:00,18.2,91,0.0,3.0,0.0,24
2021-03-01 03:00:00,17.8,93,0.0,2.73,0.0,17
2021-03-01 04:00:00,17.5,95,0.0,2.71,0.0,10
2021-03-01 05:00:00,17.9,96,0.0,2.53,0.0,1
2021-03-01 06:00:00,18.1,95,21.0,3.29,0.0,100
2021-03-01 07:00:00,19.6,87,137.0,3.96,0.0,100
2021-03-01 08:00:00,21.3,79,273.0,3.86,0.0,61
2021-03-01 09:00:00,23.4,69,491.0,3.36,0.0,21
2021-03-01 10:00:00,25.2,62,604.0,2.83,0.0,23
2021-03-01 11:00:00,26.4,58,687.0,1.84,0.0,12
2021-03-01 12:00:00,27.4,54,735.0,1.22,0.0,4
2021-03-01 13:00:00,28.2,51,690.0,1.48,0.0,16
2021-03-01 14:00:00,28.5,49,539.0,1.52,0.0,14
2021-03-01 15:00:00,28.2,46,365.0,1.84,0.0,19
2021-03-01 16:00:00,26.9,54,184.0,1.27,0.0,20
2021-03-01 17:00:00,24.0,67,36.0,2.36,0.0,35
2021-03-01 18:00:00,25.7,55,0.0,1.55,0.0,22
2021-03-01 19:00:00,24.8,57,0.0,0.45,0.0,29
2021-03-01 20:00:00,21.8,75,0.0,1.56,0.0,15
2021-03-01 21:00:00,20.7,85,0.0,2.2,0.0,6
2021-03-01 22:00:00,20.1,91,0.0,1.44,0.0,2
2021-03-01 23:00:00,19.2,96,0.0,1.41,0.0,24
2021-03-02 00:00:00,19.2,97,0.0,1.3,0.0,23
2021-03-02 01:00:00,18.9,98,0.0,1.65,0.0,29
2021-03-02 02:00:00,19.0,98,0.0,1.75,0.0,4
2021-03-02 03:00:00,18.7,98,0.0,2.62,0.0,11
2021-03-02 04:00:00,18.4,98,0.0,2.91,0.0,58
2021-03-02 05:00:00,18.7,91,0.0,3.0,0.0,77
2021-03-02 06:00:00,18.9,90,18.0,2.34,0.0,20
2021-03-02 07:00:00,20.1,86,158.0,3.2,0.0,1
2021-03-02 08:00:00,22.0,76,366.0,3.57,0.0,0
2021-03-02 09:00:00,24.1,67,568.0,3.45,0.0,0
2021-03-02 10:00:00,25.8,60,708.0,2.48,0.0,0
2021-03-02 11:00:00,27.0,53,782.0,1.3,0.0,3
2021-03-02 12:00:00,27.6,50,757.0,1.53,0.0,10
2021-03-02 13:00:00,27.8,48,653.0,1.96,0.0,34
2021-03-02 14:00:00,27.9,47,550.0,2.16,0.0,19
2021-03-02 15:00:00,27.4,48,403.0,1.92,0.0,32
2021-03-02 16:00:00,26.2,55,166.0,1.14,0.0,32
2021-03-02 17:00:00,23.7,68,35.0,2.25,0.0,30
2021-03-02 18:00:00,22.9,72,0.0,2.33,0.0,20
2021-03-02 19:00:00,24.5,60,0.0,1.04,0.0,32
2021-03-02 20:00:00,23.9,62,0.0,0.36,0.0,35
2021-03-02 21:00:00,21.5,77,0.0,1.3,0.0,24
2021-03-02 22:00:00,19.8,88,0.0,1.53,0.0,23
2021-03-02 23:00:00,19.2,89,0.0,1.3,0.0,28
2021-03-03 00:00:00,18.9,88,0.0,1.25,0.0,7
2021-03-03 01:00:00,17.5,93,0.0,1.25,0.0,12
2021-03-03 02:00:00,17.3,94,0.0,1.9,0.0,40
2021-03-03 03:00:00,18.0,92,0.0,1.41,0.0,45
2021-03-03 04:00:00,18.2,92,0.0,2.83,0.0,50
2021-03-03 05:00:00,18.0,94,0.0,3.49,0.0,46
2021-03-03 06:00:00,18.3,90,22.0,3.6,0.0,14
2021-03-03 07:00:00,20.0,81,164.0,3.4,0.0,15
2021-03-03 08:00:00,22.0,74,348.0,3.57,0.0,14
2021-03-03 09:00:00,24.1,65,520.0,3.67,0.0,18
2021-03-03 10:00:00,25.8,57,635.0,3.61,0.0,36
2021-03-03 11:00:00,26.9,52,653.0,3.4,0.0,10
2021-03-03 12:00:00,28.0,43,732.0,2.87,0.0,9
2021-03-03 13:00:00,28.6,39,682.0,2.06,0.0,11
2021-03-03 14:00:00,28.8,38,555.0,2.0,0.0,8
2021-03-03 15:00:00,28.1,40,359.0,2.05,0.0,20
2021-03-03 16:00:00,26.7,52,181.0,1.22,0.0,18
2021-03-03 17:00:00,24.3,56,36.0,1.8,0.0,24
2021-03-03 18:00:00,23.2,65,0.0,2.13,0.0,61
2021-03-03 19:00:00,23.5,62,0.0,1.52,0.0,98
2021-03-03 20:00:00,22.5,67,0.0,1.51,0.0,49
2021-03-03 21:00:00,22.3,68,0.0,2.04,0.0,46
2021-03-03 22:00:00,21.4,73,0.0,1.8,0.0,24
2021-03-03 23:00:00,20.0,83,0.0,1.7,0.0,14
2021-03-04 00:00:00,19.4,87,0.0,1.58,0.0,14
2021-03-04 01:00:00,19.5,86,0.0,2.06,0.0,15
2021-03-04 02:00:00,19.0,89,0.0,2.11,0.0,13
2021-03-04 03:00:00,18.7,90,0.0,2.11,0.0,7
2021-03-04 04:00:00,18.3,92,0.0,2.02,0.0,5
2021-03-04 05:00:00,18.4,89,0.0,2.2,0.0,6
2021-03-04 06:00:00,18.6,87,22.0,2.47,0.0,38
2021-03-04 07:00:00,20.2,78,145.0,2.52,0.0,28
2021-03-04 08:00:00,21.7,70,318.0,2.67,0.0,34
2021-03-04 09:00:00,23.0,64,441.0,2.92,0.0,37
2021-03-04 10:00:00,24.6,58,567.0,3.04,0.0,17
2021-03-04 11:00:00,26.1,53,705.0,2.42,0.0,4
2021-03-04 12:00:00,26.8,50,761.0,1.77,0.0,3
2021-03-04 13:00:00,27.1,48,702.0,0.98,0.0,26
2021-03-04 14:00:00,27.0,47,520.0,0.61,0.0,16
2021-03-04 15:00:00,26.6,48,355.0,0.22,0.0,15
2021-03-04 16:00:00,25.6,53,176.0,0.81,0.0,7
2021-03-04 17:00:00,23.6,62,38.0,1.22,0.0,5
2021-03-04 18:00:00,22.7,67,0.0,1.63,0.0,53
2021-03-04 19:00:00,21.8,70,0.0,2.15,0.0,26
2021-03-04 20:00:00,21.0,75,0.0,1.8,0.0,21
2021-03-04 21:00:00,20.3,80,0.0,1.77,0.0,8
2021-03-04 22:00:00,19.8,82,0.0,2.06,0.0,6
2021-03-04 23:00:00,19.2,86,0.0,2.24,0.0,3
2021-03-05 00:00:00,18.9,86,0.0,2.91,0.0,1
2021-03-05 01:00:00,18.2,86,0.0,2.53,0.0,2
2021-03-05 02:00:00,17.7,89,0.0,2.7,0.0,2
2021-03-05 03:00:00,17.3,93,0.0,3.16,0.0,3
2021-03-05 04:00:00,17.0,94,0.0,3.0,0.0,6
2021-03-05 05:00:00,17.4,92,0.0,3.1,0.0,12
2021-03-05 06:00:00,18.2,86,25.0,2.92,0.0,22
2021-03-05 07:00:00,19.7,77,153.0,3.2,0.0,46
2021-03-05 08:00:00,21.2,70,302.0,3.72,0.0,54
2021-03-05 09:00:00,22.8,63,409.0,3.92,0.0,38
2021-03-05 10:00:00,23.7,59,533.0,3.96,0.0,20
2021-03-05 11:00:00,24.7,54,707.0,3.62,0.0,17
2021-03-05 12:00:00,25.3,52,759.0,3.05,0.0,12
2021-03-05 13:00:00,25.7,50,691.0,2.55,0.0,5
2021-03-05 14:00:00,25.8,50,576.0,2.58,0.0,3
2021-03-05 15:00:00,25.4,51,410.0,3.14,0.0,2
2021-03-05 16:00:00,24.4,55,211.0,3.58,0.0,4
2021-03-05 17:00:00,21.9,64,42.0,3.73,0.0,30
2021-03-05 18:00:00,20.9,68,0.0,3.4,0.0,14
2021-03-05 19:00:00,20.2,70,0.0,3.52,0.0,12
2021-03-05 20:00:00,19.8,71,0.0,3.5,0.0,9
2021-03-05 21:00:00,19.0,77,0.0,3.83,0.0,8
2021-03-05 22:00:00,18.1,84,0.0,4.28,0.0,6
2021-03-05 23:00:00,17.5,88,0.0,4.23,0.0,13
2021-03-06 00:00:00,17.2,88,0.0,4.04,0.0,5
2021-03-06 01:00:00,16.9,87,0.0,3.72,0.0,15
2021-03-06 02:00:00,16.7,88,0.0,3.35,0.0,40
2021-03-06 03:00:00,16.6,87,0.0,3.32,0.0,3
2021-03-06 04:00:00,16.1,91,0.0,3.32,0.0,1
2021-03-06 05:00:00,16.4,89,0.0,3.91,0.0,2
2021-03-06 06:00:00,16.8,87,20.0,3.64,0.0,22
2021-03-06 07:00:00,18.2,80,163.0,3.83,0.0,23
2021-03-06 08:00:00,19.9,72,341.0,3.98,0.0,20
2021-03-06 09:00:00,21.7,65,514.0,4.05,0.0,14
2021-03-06 10:00:00,23.3,60,647.0,4.12,0.0,13
2021-03-06 11:00:00,24.7,55,732.0,3.53,0.0,13
2021-03-06 12:00:00,25.8,52,744.0,2.98,0.0,11
2021-03-06 13:00:00,26.2,51,696.0,2.69,0.0,9
2021-03-06 14:00:00,26.2,50,572.0,3.11,0.0,26
2021-03-06 15:00:00,25.6,51,375.0,3.11,0.0,28
2021-03-06 16:00:00,23.8,56,170.0,3.57,0.0,25
2021-03-06 17:00:00,22.6,64,39.0,3.79,0.0,9
2021-03-06 18:00:00,20.7,74,0.0,1.92,0.0,5
2021-03-06 19:00:00,19.4,83,0.0,1.5,0.0,47
2021-03-06 20:00:00,20.2,76,0.0,1.66,0.0,80
2021-03-06 21:00:00,20.0,79,0.0,2.31,0.2,53
2021-03-06 22:00:00,19.2,85,0.0,3.33,0.1,56
2021-03-06 23:00:00,18.4,88,0.0,3.35,0.1,72
2021-03-07 00:00:00,17.9,89,0.0,3.14,0.2,61
2021-03-07 01:00:00,17.6,90,0.0,2.75,0.0,26
2021-03-07 02:00:00,17.2,92,0.0,2.8,0.0,24
2021-03-07 03:00:00,16.9,95,0.0,2.79,0.0,22
2021-03-07 04:00:00,16.8,96,0.0,3.01,0.0,16
2021-03-07 05:00:00,17.1,94,0.0,4.1,0.0,12
2021-03-07 06:00:00,17.4,92,24.0,4.14,0.0,11
2021-03-07 07:00:00,18.6,83,163.0,5.02,0.0,5
2021-03-07 08:00:00,20.4,73,360.0,5.11,0.0,11
2021-03-07 09:00:00,22.1,65,526.0,4.75,0.0,15
2021-03-07 10:00:00,23.8,59,648.0,4.27,0.0,9
2021-03-07 11:00:00,25.1,55,736.0,3.86,0.0,11
2021-03-07 12:00:00,26.1,52,743.0,3.2,0.0,10
2021-03-07 13:00:00,26.6,51,682.0,2.75,0.0,11
2021-03-07 14:00:00,26.7,50,551.0,2.42,0.0,12
2021-03-07 15:00:00,26.5,50,385.0,2.4,0.0,9
2021-03-07 16:00:00,25.6,53,200.0,2.27,0.0,25
2021-03-07 17:00:00,22.7,62,39.0,1.63,0.0,37
2021-03-07 18:00:00,22.5,62,0.0,2.42,0.0,15
2021-03-07 19:00:00,21.6,65,0.0,2.43,0.0,11
2021-03-07 20:00:00,21.0,69,0.0,2.5,0.0,10
2021-03-07 21:00:00,20.5,72,0.0,2.31,0.0,15
2021-03-07 22:00:00,19.9,76,0.0,2.14,0.0,16
2021-03-07 23:00:00,19.4,80,0.0,2.16,0.0,20
2021-03-08 00:00:00,19.1,82,0.0,2.26,0.0,38
2021-03-08 01:00:00,18.8,85,0.0,2.4,0.0,34
2021-03-08 02:00:00,18.4,87,0.0,2.6,0.0,27
2021-03-08 03:00:00,17.9,90,0.0,2.45,0.0,28
2021-03-08 04:00:00,17.6,92,0.0,2.47,0.0,30
2021-03-08 05:00:00,17.4,94,0.0,2.67,0.0,81
2021-03-08 06:00:00,18.5,87,17.0,2.16,0.0,76
2021-03-08 07:00:00,19.7,80,92.0,1.5,0.0,61
2021-03-08 08:00:00,21.8,72,310.0,1.92,0.0,25
2021-03-08 09:00:00,24.2,63,508.0,2.5,0.0,50
2021-03-08 10:00:00,25.7,58,515.0,2.77,0.0,73
2021-03-08 11:00:00,27.2,52,708.0,2.55,0.0,8
2021-03-08 12:00:00,27.9,48,760.0,1.84,0.0,6
2021-03-08 13:00:00,28.4,45,694.0,1.65,0.0,14
2021-03-08 14:00:00,28.5,43,565.0,1.53,0.0,8
2021-03-08 15:00:00,28.1,43,400.0,1.2,0.0,16
2021-03-08 16:00:00,27.0,58,193.0,0.5,0.0,19
2021-03-08 17:00:00,26.2,51,41.0,0.8,0.0,19
2021-03-08 18:00:00,23.1,65,0.0,1.39,0.0,22
2021-03-08 19:00:00,22.9,64,0.0,1.02,0.0,17
2021-03-08 20:00:00,21.7,71,0.0,1.57,0.0,17
2021-03-08 21:00:00,21.7,70,0.0,2.12,0.0,5
2021-03-08 22:00:00,21.2,71,0.0,2.1,0.0,3
2021-03-08 23:00:00,20.2,76,0.0,1.7,0.0,3
2021-03-09 00:00:00,19.5,81,0.0,1.71,0.0,10
2021-03-09 01:00:00,19.5,81,0.0,1.72,0.0,13
2021-03-09 02:00:00,19.1,84,0.0,1.75,0.0,13
2021-03-09 03:00:00,18.9,85,0.0,2.01,0.0,9
2021-03-09 04:00:00,18.7,86,0.0,2.33,0.0,14
2021-03-09 05:00:00,19.0,81,0.0,2.06,0.0,27
2021-03-09 06:00:00,20.4,73,26.0,2.25,0.0,29
2021-03-09 07:00:00,22.5,65,155.0,2.15,0.0,19
2021-03-09 08:00:00,24.4,61,363.0,2.92,0.0,1
2021-03-09 09:00:00,26.2,55,573.0,3.36,0.0,30
2021-03-09 10:00:00,27.1,53,647.0,2.85,0.0,22
2021-03-09 11:00:00,27.9,50,680.0,2.51,0.0,26
2021-03-09 12:00:00,28.4,48,705.0,2.28,0.0,23
2021-03-09 13:00:00,28.7,46,598.0,2.19,0.0,28
2021-03-09 14:00:00,28.8,45,503.0,2.13,0.0,18
2021-03-09 15:00:00,28.3,46,356.0,2.11,0.0,30
2021-03-09 16:00:00,27.3,51,172.0,1.44,0.0,25
2021-03-09 17:00:00,24.4,61,39.0,2.51,0.0,29
2021-03-09 18:00:00,23.8,65,0.0,2.2,0.0,21
2021-03-09 19:00:00,23.1,68,0.0,1.94,0.0,23
2021-03-09 20:00:00,22.2,77,0.0,1.71,0.0,53
2021-03-09 21:00:00,22.3,76,0.0,1.5,0.0,57
2021-03-09 22:00:00,21.6,82,0.0,1.25,0.0,43
2021-03-09 23:00:00,21.7,81,0.0,0.54,0.0,43
2021-03-10 00:00:00,20.2,90,0.0,1.26,0.0,52
2021-03-10 01:00:00,20.5,86,0.0,1.6,0.0,58
2021-03-10 02:00:00,20.1,87,0.0,2.5,0.3,58
2021-03-10 03:00:00,19.6,91,0.0,2.25,0.1,58
2021-03-10 04:00:00,19.3,94,0.0,2.24,0.1,51
2021-03-10 05:00:00,19.5,96,0.0,1.53,0.2,74
2021-03-10 06:00:00,20.1,93,21.0,1.75,0.0,61
2021-03-10 07:00:00,20.7,90,124.0,1.27,0.5,86
2021-03-10 08:00:00,21.3,87,193.0,1.71,0.6,47
2021-03-10 09:00:00,23.4,75,413.0,2.12,0.0,53
2021-03-10 10:00:00,25.5,64,571.0,2.31,0.0,63
2021-03-10 11:00:00,26.8,58,619.0,1.88,0.0,52
2021-03-10 12:00:00,27.5,56,633.0,1.77,0.0,53
2021-03-10 13:00:00,27.8,55,552.0,2.2,0.0,34
2021-03-10 14:00:00,27.3,55,463.0,1.7,0.0,50
2021-03-10 15:00:00,26.8,56,286.0,1.78,0.0,17
2021-03-10 16:00:00,26.6,57,176.0,1.35,0.0,34
2021-03-10 17:00:00,23.8,70,37.0,2.09,0.0,47
2021-03-10 18:00:00,23.4,73,0.0,1.4,0.1,56
2021-03-10 19:00:00,23.0,76,0.0,2.1,0.2,54
2021-03-10 20:00:00,22.2,79,0.0,2.0,0.0,61
2021-03-10 21:00:00,21.1,83,0.0,2.01,0.0,42
2021-03-10 22:00:00,20.5,87,0.0,1.14,0.0,35
2021-03-10 23:00:00,20.4,88,0.0,1.82,0.0,32
2021-03-11 00:00:00,20.0,90,0.0,2.0,0.0,18
2021-03-11 01:00:00,19.6,93,0.0,2.21,0.0,35
2021-03-11 02:00:00,19.3,95,0.0,2.63,0.0,16
2021-03-11 03:00:00,19.0,97,0.0,2.87,0.0,14
2021-03-11 04:00:00,18.8,98,0.0,3.2,0.0,46
2021-03-11 05:00:00,19.2,90,0.0,1.8,0.0,39
2021-03-11 06:00:00,19.8,86,29.0,2.12,0.0,90
2021-03-11 07:00:00,20.7,82,98.0,2.62,0.0,93
2021-03-11 08:00:00,22.1,77,245.0,2.78,0.0,15
2021-03-11 09:00:00,24.3,68,539.0,2.83,0.0,14
2021-03-11 10:00:00,25.9,62,642.0,2.91,0.0,20
2021-03-11 11:00:00,27.0,57,706.0,3.05,0.0,13
2021-03-11 12:00:00,27.5,54,743.0,3.04,0.0,8
2021-03-11 13:00:00,28.0,52,699.0,2.48,0.0,4
2021-03-11 14:00:00,28.0,51,589.0,2.13,0.0,3
2021-03-11 15:00:00,27.8,52,416.0,2.12,0.0,0
2021-03-11 16:00:00,27.0,55,220.0,2.34,0.0,1
2021-03-11 17:00:00,24.7,63,49.0,1.92,0.0,3
2021-03-11 18:00:00,23.9,66,0.0,2.11,0.0,5
2021-03-11 19:00:00,23.0,71,0.0,1.82,0.0,6
2021-03-11 20:00:00,22.4,74,0.0,1.75,0.0,12
2021-03-11 21:00:00,22.1,75,0.0,2.21,0.0,40
2021-03-11 22:00:00,21.6,77,0.0,2.11,0.0,31
2021-03-11 23:00:00,21.0,79,0.0,2.06,0.0,20
2021-03-12 00:00:00,20.5,82,0.0,2.16,0.0,28
2021-03-12 01:00:00,20.5,84,0.0,2.57,0.0,23
2021-03-12 02:00:00,20.2,86,0.0,2.67,0.0,34
2021-03-12 03:00:00,20.0,88,0.0,2.65,0.0,28
2021-03-12 04:00:00,19.7,90,0.0,2.45,0.0,40
2021-03-12 05:00:00,19.8,94,0.0,2.15,0.0,46
2021-03-12 06:00:00,20.8,87,30.0,2.66,0.0,22
2021-03-12 07:00:00,22.2,79,162.0,3.2,0.0,28
2021-03-12 08:00:00,23.8,71,318.0,3.44,0.0,22
2021-03-12 09:00:00,25.6,62,466.0,3.35,0.0,26
2021-03-12 10:00:00,27.2,56,626.0,3.1,0.0,4
2021-03-12 11:00:00,28.4,52,760.0,2.55,0.0,1
2021-03-12 12:00:00,29.2,50,804.0,2.0,0.0,0
2021-03-12 13:00:00,29.7,47,743.0,1.39,0.0,0
2021-03-12 14:00:00,29.9,46,616.0,1.0,0.0,2
2021-03-12 15:00:00,29.6,48,435.0,0.95,0.0,1
2021-03-12 16:00:00,28.7,52,229.0,1.24,0.0,2
2021-03-12 17:00:00,26.2,61,52.0,1.72,0.0,1
2021-03-12 18:00:00,24.0,73,0.0,2.12,0.0,1
2021-03-12 19:00:00,25.1,67,0.0,1.08,0.0,0
2021-03-12 20:00:00,24.1,72,0.0,0.89,0.0,0
2021-03-12 21:00:00,22.0,83,0.0,0.71,0.0,0
2021-03-12 22:00:00,20.5,91,0.0,1.34,0.0,1
2021-03-12 23:00:00,20.2,93,0.0,1.8,0.0,1
2021-03-13 00:00:00,21.4,87,0.0,1.75,0.0,1
2021-03-13 01:00:00,21.6,87,0.0,0.42,0.0,1
2021-03-13 02:00:00,20.4,92,0.0,0.42,0.0,1
2021-03-13 03:00:00,19.1,95,0.0,0.5,0.0,0
2021-03-13 04:00:00,18.7,96,0.0,0.64,0.0,5
2021-03-13 05:00:00,18.9,99,0.0,1.12,0.0,12
2021-03-13 06:00:00,20.1,90,38.0,1.81,0.0,6
2021-03-13 07:00:00,23.2,68,197.0,1.77,0.0,0
2021-03-13 08:00:00,26.1,59,404.0,1.3,0.0,0
2021-03-13 09:00:00,28.0,53,587.0,1.21,0.0,0
2021-03-13 10:00:00,29.4,46,724.0,0.91,0.0,0
2021-03-13 11:00:00,30.6,42,798.0,1.58,0.0,2
2021-03-13 12:00:00,31.1,40,799.0,2.62,0.0,35
2021-03-13 13:00:00,31.0,40,705.0,3.54,0.0,42
2021-03-13 14:00:00,30.5,43,562.0,4.0,0.0,71
2021-03-13 15:00:00,29.4,48,315.0,4.46,0.0,95
2021-03-13 16:00:00,28.5,52,149.0,4.53,0.0,98
2021-03-13 17:00:00,26.9,60,30.0,5.0,0.0,96
2021-03-13 18:00:00,25.7,67,0.0,5.9,0.0,100
2021-03-13 19:00:00,24.3,75,0.0,5.18,0.0,98
2021-03-13 20:00:00,24.0,76,0.0,3.83,0.0,99
2021-03-13 21:00:00,23.7,77,0.0,2.06,0.0,100
2021-03-13 22:00:00,23.3,79,0.0,2.47,0.0,100
2021-03-13 23:00:00,23.4,76,0.0,2.76,0.0,95
2021-03-14 00:00:00,23.1,76,0.0,2.9,0.0,0
2021-03-14 01:00:00,22.2,81,0.0,2.68,0.0,1
2021-03-14 02:00:00,21.5,87,0.0,2.2,0.0,8
2021-03-14 03:00:00,21.1,91,0.0,1.71,0.0,23
2021-03-14 04:00:00,20.8,94,0.0,1.41,0.0,44
2021-03-14 05:00:00,21.2,91,0.0,0.72,0.0,37
2021-03-14 06:00:00,21.7,88,33.0,0.58,0.0,53
2021-03-14 07:00:00,22.9,78,131.0,1.24,0.0,35
2021-03-14 08:00:00,24.3,73,323.0,2.04,0.0,46
2021-03-14 09:00:00,25.8,64,515.0,2.91,0.0,33
2021-03-14 10:00:00,27.5,55,657.0,3.26,0.0,17
2021-03-14 11:00:00,27.9,51,743.0,3.45,0.7,7
2021-03-14 12:00:00,28.9,44,741.0,3.8,0.0,4
2021-03-14 13:00:00,29.1,43,722.0,4.32,0.0,6
2021-03-14 14:00:00,28.9,45,584.0,4.2,0.0,6
2021-03-14 15:00:00,28.3,47,403.0,4.23,0.0,5
2021-03-14 16:00:00,27.5,51,213.0,3.32,0.0,11
2021-03-14 17:00:00,26.1,54,48.0,2.94,0.0,7
2021-03-14 18:00:00,25.0,59,0.0,2.53,0.0,7
2021-03-14 19:00:00,24.1,67,0.0,2.0,0.0,7
2021-03-14 20:00:00,23.2,76,0.0,1.43,0.0,9
2021-03-14 21:00:00,22.8,81,0.0,1.46,0.0,16
2021-03-14 22:00:00,21.8,85,0.0,1.64,0.0,40
2021-03-14 23:00:00,21.7,87,0.0,0.98,0.2,46
2021-03-15 00:00:00,21.2,92,0.0,0.86,0.1,32
2021-03-15 01:00:00,21.5,89,0.0,0.22,0.0,45
2021-03-15 02:00:00,20.8,95,0.0,0.78,0.0,41
2021-03-15 03:00:00,20.3,98,0.0,0.71,0.0,42
2021-03-15 04:00:00,20.2,99,0.0,1.5,0.0,90
2021-03-15 05:00:00,20.0,97,0.0,2.47,0.2,96
2021-03-15 06:00:00,20.5,94,32.0,2.65,0.0,55
2021-03-15 07:00:00,22.0,84,151.0,2.57,0.0,47
2021-03-15 08:00:00,23.8,73,334.0,2.02,0.0,20
2021-03-15 09:00:00,25.8,62,526.0,1.52,0.0,14
2021-03-15 10:00:00,27.3,54,653.0,1.5,0.0,20
2021-03-15 11:00:00,28.3,50,693.0,1.33,0.0,17
2021-03-15 12:00:00,29.2,47,701.0,1.28,0.0,20
2021-03-15 13:00:00,29.2,46,654.0,2.18,0.0,10
2021-03-15 14:00:00,28.9,47,518.0,3.11,0.0,14
2021-03-15 15:00:00,28.3,51,366.0,3.11,0.0,16
2021-03-15 16:00:00,27.5,55,197.0,2.82,0.0,16
2021-03-15 17:00:00,26.0,60,47.0,2.21,0.0,13
2021-03-15 18:00:00,25.2,65,0.0,2.06,0.0,21
2021-03-15 19:00:00,24.4,71,0.0,1.6,0.0,26
2021-03-15 20:00:00,23.3,80,0.0,1.56,0.0,23
2021-03-15 21:00:00,22.7,84,0.0,1.51,0.0,12
2021-03-15 22:00:00,22.2,85,0.0,1.51,0.0,22
2021-03-15 23:00:00,21.5,88,0.0,1.53,0.0,22
2021-03-16 00:00:00,21.0,92,0.0,0.9,0.0,15
2021-03-16 01:00:00,20.7,94,0.0,1.4,0.0,7
2021-03-16 02:00:00,20.4,91,0.0,2.18,0.0,5
2021-03-16 03:00:00,20.3,90,0.0,2.3,0.0,4
2021-03-16 04:00:00,20.0,92,0.0,2.43,0.0,3
2021-03-16 05:00:00,20.4,91,0.0,2.79,0.0,2
2021-03-16 06:00:00,21.6,84,43.0,2.62,0.0,3
2021-03-16 07:00:00,23.5,75,209.0,2.8,0.0,1
2021-03-16 08:00:00,25.6,65,411.0,3.01,0.0,1
2021-03-16 09:00:00,27.5,57,595.0,2.5,0.0,1
2021-03-16 10:00:00,29.0,49,732.0,1.49,0.0,2
2021-03-16 11:00:00,30.1,44,771.0,1.52,0.0,4
2021-03-16 12:00:00,30.9,39,778.0,2.36,0.0,5
2021-03-16 13:00:00,31.2,37,704.0,3.23,0.0,5
2021-03-16 14:00:00,31.2,35,596.0,3.49,0.0,9
2021-03-16 15:00:00,30.7,37,412.0,3.54,0.0,10
2021-03-16 16:00:00,29.4,43,215.0,2.97,0.0,4
2021-03-16 17:00:00,26.6,55,52.0,1.64,0.0,3
2021-03-16 18:00:00,24.9,66,0.0,1.92,0.0,2
2021-03-16 19:00:00,25.3,65,0.0,1.46,0.0,4
2021-03-16 20:00:00,25.4,64,0.0,0.14,0.0,5
2021-03-16 21:00:00,23.3,76,0.0,1.02,0.0,5
2021-03-16 22:00:00,22.3,83,0.0,1.1,0.0,1
2021-03-16 23:00:00,21.2,90,0.0,1.12,0.0,0
2021-03-17 00:00:00,20.9,89,0.0,1.3,0.0,1
2021-03-17 01:00:00,20.5,84,0.0,1.98,0.0,1
2021-03-17 02:00:00,20.6,85,0.0,1.36,0.0,2
2021-03-17 03:00:00,20.5,85,0.0,1.7,0.0,3
2021-03-17 04:00:00,20.1,85,0.0,1.53,0.0,4
2021-03-17 05:00:00,19.8,93,0.0,1.32,0.0,4
2021-03-17 06:00:00,21.8,79,46.0,2.01,0.0,4
2021-03-17 07:00:00,24.1,70,213.0,2.16,0.0,4
2021-03-17 08:00:00,26.3,62,415.0,2.35,0.0,1
2021-03-17 09:00:00,28.3,54,608.0,2.25,0.0,0
2021-03-17 10:00:00,29.7,46,741.0,1.53,0.0,23
2021-03-17 11:00:00,30.6,40,756.0,0.76,0.0,15
2021-03-17 12:00:00,31.4,34,734.0,1.2,0.0,23
2021-03-17 13:00:00,31.7,32,594.0,2.52,0.0,11
2021-03-17 14:00:00,31.8,32,575.0,3.58,0.0,8
2021-03-17 15:00:00,31.3,34,408.0,3.71,0.0,16
2021-03-17 16:00:00,30.1,39,208.0,3.26,0.0,14
2021-03-17 17:00:00,26.8,52,50.0,2.01,0.0,8
2021-03-17 18:00:00,25.2,62,0.0,1.94,0.0,3
2021-03-17 19:00:00,24.1,70,0.0,1.96,0.0,0
2021-03-17 20:00:00,23.5,74,0.0,1.58,0.0,0
2021-03-17 21:00:00,22.6,77,0.0,1.4,0.0,0
2021-03-17 22:00:00,22.2,76,0.0,1.71,0.0,0
2021-03-17 23:00:00,21.6,74,0.0,1.58,0.0,0
2021-03-18 00:00:00,21.1,75,0.0,1.66,0.0,0
2021-03-18 01:00:00,20.0,84,0.0,1.53,0.0,0
2021-03-18 02:00:00,20.2,83,0.0,1.82,0.0,0
2021-03-18 03:00:00,19.7,84,0.0,1.92,0.0,0
2021-03-18 04:00:00,19.2,84,0.0,1.64,0.0,0
2021-03-18 05:00:00,19.8,90,0.0,1.08,0.0,0
2021-03-18 06:00:00,21.8,82,47.0,0.58,0.0,12
2021-03-18 07:00:00,24.2,67,208.0,0.8,0.0,54
2021-03-18 08:00:00,26.3,58,418.0,1.77,0.0,40
2021-03-18 09:00:00,28.2,51,594.0,2.33,0.0,10
2021-03-18 10:00:00,29.9,45,748.0,1.72,0.0,1
2021-03-18 11:00:00,30.9,41,809.0,0.91,0.0,5
2021-03-18 12:00:00,31.7,36,781.0,1.44,0.0,7
2021-03-18 13:00:00,32.4,32,735.0,2.1,0.0,2
2021-03-18 14:00:00,32.5,31,619.0,3.03,0.0,5
2021-03-18 15:00:00,32.1,32,436.0,3.6,0.0,2
2021-03-18 16:00:00,31.0,36,232.0,3.16,0.0,1
2021-03-18 17:00:00,27.3,50,56.0,2.1,0.0,1
2021-03-18 18:00:00,25.3,63,0.0,2.21,0.0,2
2021-03-18 19:00:00,25.0,66,0.0,1.84,0.0,11
2021-03-18 20:00:00,24.5,66,0.0,1.7,0.0,24
2021-03-18 21:00:00,24.5,63,0.0,1.91,0.0,11
2021-03-18 22:00:00,24.1,64,0.0,2.05,0.0,2
2021-03-18 23:00:00,23.6,65,0.0,2.12,0.0,0
2021-03-19 00:00:00,22.8,67,0.0,1.98,0.0,0
2021-03-19 01:00:00,21.7,72,0.0,2.28,0.0,0
2021-03-19 02:00:00,20.9,75,0.0,2.3,0.0,0
2021-03-19 03:00:00,21.0,75,0.0,2.28,0.0,32
2021-03-19 04:00:00,20.1,85,0.0,1.39,0.0,24
2021-03-19 05:00:00,20.2,87,0.0,1.71,0.0,5
2021-03-19 06:00:00,21.8,77,52.0,1.61,0.0,0
2021-03-19 07:00:00,24.7,63,227.0,1.66,0.0,23
2021-03-19 08:00:00,27.4,52,431.0,1.92,0.0,74
2021-03-19 09:00:00,29.2,46,603.0,1.98,0.0,63
2021-03-19 10:00:00,30.6,41,746.0,1.63,0.0,53
2021-03-19 11:00:00,31.6,36,821.0,1.39,0.0,56
2021-03-19 12:00:00,32.4,33,826.0,1.36,0.0,84
2021-03-19 13:00:00,32.7,32,753.0,1.98,0.0,55
2021-03-19 14:00:00,32.7,30,611.0,2.73,0.0,55
2021-03-19 15:00:00,32.2,32,436.0,2.87,0.0,34
2021-03-19 16:00:00,31.3,37,236.0,2.21,0.0,6
2021-03-19 17:00:00,28.0,49,58.0,1.9,0.0,1
2021-03-19 18:00:00,26.0,60,0.0,1.9,0.0,1
2021-03-19 19:00:00,24.9,67,0.0,1.96,0.0,13
2021-03-19 20:00:00,24.6,69,0.0,1.91,0.0,24
2021-03-19 21:00:00,24.6,66,0.0,1.46,0.0,50
2021-03-19 22:00:00,24.0,66,0.0,1.87,0.0,25
2021-03-19 23:00:00,23.1,69,0.0,2.08,0.0,67
2021-03-20 00:00:00,22.5,74,0.0,2.27,0.0,83
2021-03-20 01:00:00,21.8,79,0.0,2.51,0.0,45
2021-03-20 02:00:00,22.0,78,0.0,2.0,0.0,51
2021-03-20 03:00:00,21.5,81,0.0,1.66,0.0,15
2021-03-20 04:00:00,20.7,85,0.0,1.42,0.0,79
2021-03-20 05:00:00,22.3,78,0.0,0.14,0.0,6
2021-03-20 06:00:00,22.6,77,52.0,1.97,0.0,5
2021-03-20 07:00:00,24.7,66,223.0,1.52,0.0,1
2021-03-20 08:00:00,27.3,54,430.0,1.75,0.0,0
2021-03-20 09:00:00,29.5,44,615.0,1.36,0.0,0
2021-03-20 10:00:00,31.0,39,753.0,0.89,0.0,0
2021-03-20 11:00:00,32.2,35,827.0,2.32,0.0,3
2021-03-20 12:00:00,32.8,31,824.0,4.0,0.0,9
2021-03-20 13:00:00,32.8,31,752.0,4.51,0.0,29
2021-03-20 14:00:00,32.7,34,618.0,4.27,0.0,24
2021-03-20 15:00:00,32.1,36,429.0,4.24,0.0,23
2021-03-20 16:00:00,31.0,41,221.0,3.45,0.0,31
2021-03-20 17:00:00,27.8,50,55.0,1.97,0.0,10
2021-03-20 18:00:00,28.9,45,0.0,1.35,0.0,10
2021-03-20 19:00:00,27.8,49,0.0,0.32,0.0,13
2021-03-20 20:00:00,25.2,65,0.0,1.56,0.0,19
2021-03-20 21:00:00,26.2,62,0.0,1.33,0.0,1
2021-03-20 22:00:00,23.6,76,0.0,1.8,0.0,1
2021-03-20 23:00:00,23.3,78,0.0,1.58,0.0,1
2021-03-21 00:00:00,22.6,80,0.0,1.71,0.0,0
2021-03-21 01:00:00,22.1,80,0.0,1.84,0.0,0
2021-03-21 02:00:00,21.6,81,0.0,2.02,0.0,0
2021-03-21 03:00:00,21.4,81,0.0,2.06,0.0,0
2021-03-21 04:00:00,21.3,81,0.0,2.1,0.0,0
2021-03-21 05:00:00,21.6,83,0.0,2.0,0.0,0
2021-03-21 06:00:00,23.8,73,56.0,1.3,0.0,81
2021-03-21 07:00:00,26.2,59,224.0,1.26,0.0,82
2021-03-21 08:00:00,28.1,51,423.0,2.11,0.0,33
2021-03-21 09:00:00,29.7,47,622.0,3.34,0.0,49
2021-03-21 10:00:00,31.2,41,762.0,4.42,0.0,0
2021-03-21 11:00:00,32.5,37,832.0,5.04,0.0,72
2021-03-21 12:00:00,33.3,34,822.0,5.69,0.0,49
2021-03-21 13:00:00,33.6,31,720.0,6.02,0.0,72
2021-03-21 14:00:00,33.2,32,548.0,6.12,0.0,41
2021-03-21 15:00:00,32.9,32,406.0,5.92,0.0,28
2021-03-21 16:00:00,31.8,35,228.0,4.16,0.0,8
2021-03-21 17:00:00,29.5,40,59.0,3.54,0.0,23
2021-03-21 18:00:00,28.3,44,0.0,2.72,0.0,44
2021-03-21 19:00:00,25.6,58,0.0,2.02,0.0,4
2021-03-21 20:00:00,24.4,69,0.0,2.02,0.0,4
2021-03-21 21:00:00,24.9,67,0.0,1.22,0.0,1
2021-03-21 22:00:00,23.5,71,0.0,1.22,0.0,1
2021-03-21 23:00:00,22.0,81,0.0,1.9,0.0,0
2021-03-22 00:00:00,22.1,79,0.0,1.71,0.0,0
2021-03-22 01:00:00,22.2,79,0.0,2.51,0.0,0
2021-03-22 02:00:00,21.6,85,0.0,2.01,0.0,0
2021-03-22 03:00:00,21.1,90,0.0,1.82,0.0,0
2021-03-22 04:00:00,21.0,92,0.0,2.18,0.0,0
2021-03-22 05:00:00,20.8,95,0.0,3.29,0.0,0
2021-03-22 06:00:00,22.0,85,59.0,3.03,0.0,0
2021-03-22 07:00:00,24.2,73,238.0,3.11,0.0,0
2021-03-22 08:00:00,26.6,62,447.0,3.22,0.0,0
2021-03-22 09:00:00,28.8,53,632.0,3.06,0.0,0
2021-03-22 10:00:00,30.8,45,769.0,2.5,0.0,0
2021-03-22 11:00:00,32.3,39,843.0,1.35,0.0,0
2021-03-22 12:00:00,33.6,32,849.0,1.7,0.0,0
2021-03-22 13:00:00,34.2,26,782.0,3.2,0.0,0
2021-03-22 14:00:00,34.0,25,640.0,3.81,0.0,0
2021-03-22 15:00:00,33.7,25,464.0,4.3,0.0,1
2021-03-22 16:00:00,32.4,28,248.0,3.59,0.0,12
2021-03-22 17:00:00,28.2,43,59.0,2.31,0.0,2
2021-03-22 18:00:00,27.3,49,0.0,2.08,0.0,0
2021-03-22 19:00:00,27.6,47,0.0,1.3,0.0,0
2021-03-22 20:00:00,25.1,59,0.0,1.75,0.0,0
2021-03-22 21:00:00,23.9,67,0.0,2.21,0.0,0
2021-03-22 22:00:00,24.6,64,0.0,1.5,0.0,0
2021-03-22 23:00:00,23.6,70,0.0,1.2,0.0,0
2021-03-23 00:00:00,21.8,79,0.0,1.91,0.0,0
2021-03-23 01:00:00,21.3,78,0.0,1.8,0.0,0
2021-03-23 02:00:00,20.8,79,0.0,1.82,0.0,0
2021-03-23 03:00:00,20.6,77,0.0,1.68,0.0,0
2021-03-23 04:00:00,20.1,79,0.0,1.71,0.0,0
2021-03-23 05:00:00,20.9,82,0.0,2.35,0.0,0
2021-03-23 06:00:00,22.7,71,62.0,2.52,0.0,0
2021-03-23 07:00:00,25.6,58,244.0,2.1,0.0,0
2021-03-23 08:00:00,28.1,52,452.0,2.02,0.0,0
2021-03-23 09:00:00,30.1,46,636.0,1.92,0.0,0
2021-03-23 10:00:00,31.6,40,770.0,1.14,0.0,0
2021-03-23 11:00:00,32.9,34,837.0,1.77,0.0,6
2021-03-23 12:00:00,33.4,30,787.0,3.2,0.0,8
2021-03-23 13:00:00,33.3,30,705.0,3.62,0.0,12
2021-03-23 14:00:00,33.1,32,594.0,3.86,0.0,10
2021-03-23 15:00:00,32.9,32,438.0,4.11,0.0,3
2021-03-23 16:00:00,31.9,35,244.0,3.58,0.0,3
2021-03-23 17:00:00,28.8,44,62.0,2.06,0.0,4
2021-03-23 18:00:00,26.8,54,0.0,2.42,0.0,0
2021-03-23 19:00:00,25.7,57,0.0,1.04,0.0,1
2021-03-23 20:00:00,24.4,67,0.0,1.51,0.0,2
2021-03-23 21:00:00,23.5,74,0.0,1.73,0.0,0
2021-03-23 22:00:00,23.2,74,0.0,1.14,0.0,0
2021-03-23 23:00:00,22.4,77,0.0,0.89,0.0,0
2021-03-24 00:00:00,21.9,79,0.0,0.57,0.0,0
2021-03-24 01:00:00,21.3,84,0.0,0.64,0.0,0
2021-03-24 02:00:00,21.1,85,0.0,1.84,0.0,0
2021-03-24 03:00:00,20.9,81,0.0,1.43,0.0,0
2021-03-24 04:00:00,20.4,80,0.0,1.49,0.0,2
2021-03-24 05:00:00,20.6,88,0.0,1.36,0.0,0
2021-03-24 06:00:00,22.8,74,62.0,1.21,0.0,9
2021-03-24 07:00:00,25.7,57,242.0,1.4,0.0,0
2021-03-24 08:00:00,28.6,48,449.0,1.2,0.0,0
2021-03-24 09:00:00,30.5,43,631.0,1.5,0.0,90
2021-03-24 10:00:00,31.3,40,636.0,0.91,0.0,8
2021-03-24 11:00:00,32.6,37,815.0,2.21,0.0,14
2021-03-24 12:00:00,33.0,35,783.0,3.71,0.0,0
2021-03-24 13:00:00,33.3,36,766.0,4.0,0.0,3
2021-03-24 14:00:00,33.4,36,612.0,3.72,0.0,2
2021-03-24 15:00:00,33.1,37,436.0,4.3,0.0,20
2021-03-24 16:00:00,32.2,41,215.0,3.67,0.0,15
2021-03-24 17:00:00,30.0,44,59.0,2.6,0.0,16
2021-03-24 18:00:00,29.2,46,0.0,3.34,0.0,5
2021-03-24 19:00:00,28.8,48,0.0,3.3,0.0,8
2021-03-24 20:00:00,25.9,59,0.0,2.42,0.0,7
2021-03-24 21:00:00,28.1,45,0.0,2.28,0.0,1
2021-03-24 22:00:00,25.8,55,0.0,1.84,0.0,2
2021-03-24 23:00:00,24.6,68,0.0,1.58,0.0,1
2021-03-25 00:00:00,23.4,75,0.0,2.19,0.0,7
2021-03-25 01:00:00,22.8,79,0.0,2.31,0.0,0
2021-03-25 02:00:00,22.6,79,0.0,1.84,0.0,0
2021-03-25 03:00:00,22.2,78,0.0,2.13,0.0,0
2021-03-25 04:00:00,21.3,82,0.0,2.5,0.0,0
2021-03-25 05:00:00,21.9,90,0.0,1.62,0.0,0
2021-03-25 06:00:00,23.9,78,67.0,2.01,0.0,0
2021-03-25 07:00:00,27.0,54,256.0,1.84,0.0,0
2021-03-25 08:00:00,29.1,41,473.0,2.96,0.0,0
2021-03-25 09:00:00,30.6,33,664.0,4.12,0.0,0
2021-03-25 10:00:00,32.0,30,805.0,4.6,0.0,0
2021-03-25 11:00:00,33.1,27,877.0,5.61,0.0,0
2021-03-25 12:00:00,33.8,24,876.0,6.21,0.0,0
2021-03-25 13:00:00,33.9,23,806.0,6.66,0.0,0
2021-03-25 14:00:00,33.7,23,669.0,6.73,0.0,8
2021-03-25 15:00:00,33.2,22,476.0,6.81,0.0,0
2021-03-25 16:00:00,31.9,23,262.0,6.51,0.0,34
2021-03-25 17:00:00,30.0,29,69.0,5.52,0.0,0
2021-03-25 18:00:00,29.0,27,0.0,4.47,0.0,0
2021-03-25 19:00:00,26.3,35,0.0,2.7,0.0,0
2021-03-25 20:00:00,23.7,48,0.0,2.19,0.0,0
2021-03-25 21:00:00,24.4,49,0.0,1.7,0.0,13
2021-03-25 22:00:00,25.9,42,0.0,1.3,0.0,35
2021-03-25 23:00:00,24.3,47,0.0,1.55,0.0,0
2021-03-26 00:00:00,24.6,52,0.0,1.57,0.0,0
2021-03-26 01:00:00,23.5,59,0.0,1.5,0.0,0
2021-03-26 02:00:00,19.5,74,0.0,1.94,0.0,0
2021-03-26 03:00:00,19.7,64,0.0,2.25,0.0,0
2021-03-26 04:00:00,18.9,64,0.0,2.82,0.0,0
2021-03-26 05:00:00,19.3,69,0.0,2.64,0.0,0
2021-03-26 06:00:00,21.9,62,74.0,1.33,0.0,0
2021-03-26 07:00:00,23.9,51,270.0,1.84,0.0,0
2021-03-26 08:00:00,26.4,41,488.0,1.79,0.0,0
2021-03-26 09:00:00,28.6,32,679.0,1.08,0.0,0
2021-03-26 10:00:00,30.4,26,820.0,0.71,0.0,0
2021-03-26 11:00:00,32.1,20,899.0,2.15,0.0,0
2021-03-26 12:00:00,32.9,18,903.0,3.51,0.0,0
2021-03-26 13:00:00,32.7,22,822.0,4.41,0.0,0
2021-03-26 14:00:00,32.4,23,679.0,5.19,0.0,0
2021-03-26 15:00:00,31.9,23,484.0,5.0,0.0,0
2021-03-26 16:00:00,30.8,24,263.0,3.55,0.0,0
2021-03-26 17:00:00,26.4,38,70.0,3.0,0.0,0
2021-03-26 18:00:00,25.5,40,0.0,2.47,0.0,0
2021-03-26 19:00:00,24.3,45,0.0,1.84,0.0,0
2021-03-26 20:00:00,23.4,53,0.0,2.02,0.0,0
2021-03-26 21:00:00,22.7,61,0.0,2.21,0.0,0
2021-03-26 22:00:00,21.1,71,0.0,1.48,0.0,0
2021-03-26 23:00:00,20.4,74,0.0,0.72,0.0,0
2021-03-27 00:00:00,20.3,73,0.0,1.79,0.0,0
2021-03-27 01:00:00,19.9,68,0.0,1.79,0.0,0
2021-03-27 02:00:00,19.2,70,0.0,2.33,0.0,0
2021-03-27 03:00:00,18.9,73,0.0,2.0,0.0,0
2021-03-27 04:00:00,18.9,70,0.0,1.91,0.0,0
2021-03-27 05:00:00,19.0,77,0.0,1.97,0.0,0
2021-03-27 06:00:00,21.4,66,75.0,2.6,0.0,0
2021-03-27 07:00:00,24.4,52,268.0,2.32,0.0,0
2021-03-27 08:00:00,27.2,43,483.0,2.22,0.0,0
2021-03-27 09:00:00,29.6,36,672.0,2.25,0.0,0
2021-03-27 10:00:00,31.5,28,812.0,1.94,0.0,0
2021-03-27 11:00:00,32.7,23,887.0,1.58,0.0,0
2021-03-27 12:00:00,33.5,20,890.0,1.33,0.0,0
2021-03-27 13:00:00,33.9,17,821.0,1.53,0.0,0
2021-03-27 14:00:00,33.8,16,684.0,1.99,0.0,0
2021-03-27 15:00:00,33.2,16,494.0,2.5,0.0,0
2021-03-27 16:00:00,31.2,32,272.0,1.17,0.0,0
2021-03-27 17:00:00,27.2,38,72.0,2.51,0.0,0
2021-03-27 18:00:00,26.3,43,0.0,2.28,0.0,0
2021-03-27 19:00:00,25.0,45,0.0,2.06,0.0,0
2021-03-27 20:00:00,24.5,45,0.0,2.28,0.0,0
2021-03-27 21:00:00,24.3,44,0.0,2.62,0.0,0
2021-03-27 22:00:00,23.9,45,0.0,2.62,0.0,0
2021-03-27 23:00:00,23.5,48,0.0,2.44,0.0,0
2021-03-28 00:00:00,22.8,52,0.0,2.28,0.0,0
2021-03-28 01:00:00,22.0,56,0.0,2.15,0.0,0
2021-03-28 02:00:00,20.5,66,0.0,2.32,0.0,0
2021-03-28 03:00:00,19.6,79,0.0,2.38,0.0,0
2021-03-28 04:00:00,22.0,70,0.0,1.22,0.0,0
2021-03-28 05:00:00,19.3,91,1.0,0.92,0.0,0
2021-03-28 06:00:00,21.6,73,78.0,1.84,0.0,0
2021-03-28 07:00:00,25.8,48,271.0,1.3,0.0,0
2021-03-28 08:00:00,28.8,36,487.0,0.61,0.0,0
2021-03-28 09:00:00,30.5,32,674.0,0.9,0.0,0
2021-03-28 10:00:00,31.9,29,810.0,1.32,0.0,0
2021-03-28 11:00:00,32.9,28,882.0,0.95,0.0,0
2021-03-28 12:00:00,33.8,25,881.0,1.44,0.0,0
2021-03-28 13:00:00,34.2,23,806.0,2.77,0.0,0
2021-03-28 14:00:00,34.0,23,671.0,3.81,0.0,3
2021-03-28 15:00:00,33.2,25,482.0,4.13,0.0,7
2021-03-28 16:00:00,31.9,30,261.0,3.42,0.0,14
2021-03-28 17:00:00,28.7,36,70.0,3.02,0.0,13
2021-03-28 18:00:00,27.2,39,0.0,2.64,0.0,0
2021-03-28 19:00:00,26.3,43,0.0,2.48,0.0,1
2021-03-28 20:00:00,25.1,50,0.0,2.12,0.0,1
2021-03-28 21:00:00,23.6,57,0.0,2.4,0.0,0
2021-03-28 22:00:00,22.9,61,0.0,2.41,0.0,0
2021-03-28 23:00:00,22.3,64,0.0,2.62,0.0,0
2021-03-29 00:00:00,21.9,66,0.0,2.62,0.0,0
2021-03-29 01:00:00,21.3,68,0.0,2.75,0.0,0
2021-03-29 02:00:00,21.4,64,0.0,2.6,0.0,0
2021-03-29 03:00:00,20.6,67,0.0,2.42,0.0,0
2021-03-29 04:00:00,22.5,57,0.0,1.12,0.0,0
2021-03-29 05:00:00,20.3,79,1.0,1.63,0.0,0
2021-03-29 06:00:00,22.7,61,78.0,2.42,0.0,0
2021-03-29 07:00:00,25.9,46,268.0,1.97,0.0,0
2021-03-29 08:00:00,28.9,38,487.0,1.3,0.0,8
2021-03-29 09:00:00,30.8,35,658.0,1.14,0.0,45
2021-03-29 10:00:00,31.9,32,667.0,1.26,0.0,21
2021-03-29 11:00:00,33.1,30,804.0,2.02,0.0,12
2021-03-29 12:00:00,33.6,30,810.0,2.8,0.0,8
2021-03-29 13:00:00,33.8,30,766.0,4.18,0.0,30
2021-03-29 14:00:00,33.1,32,590.0,3.77,0.0,63
2021-03-29 15:00:00,32.4,33,342.0,3.22,0.0,38
2021-03-29 16:00:00,31.5,35,227.0,3.26,0.0,37
2021-03-29 17:00:00,29.3,42,66.0,1.92,0.0,6
2021-03-29 18:00:00,27.7,49,0.0,1.7,0.0,19
2021-03-29 19:00:00,27.2,53,0.0,1.71,0.0,27
2021-03-29 20:00:00,25.5,60,0.0,1.04,0.0,31
2021-03-29 21:00:00,24.8,65,0.0,1.2,0.0,19
2021-03-29 22:00:00,26.9,53,0.0,0.6,0.0,30
2021-03-29 23:00:00,25.1,66,0.0,2.4,0.0,37
2021-03-30 00:00:00,24.4,67,0.0,2.64,0.0,39
2021-03-30 01:00:00,23.1,75,0.0,1.49,0.0,31
2021-03-30 02:00:00,22.4,79,0.0,1.75,0.0,20
2021-03-30 03:00:00,22.4,69,0.0,2.36,0.0,46
2021-03-30 04:00:00,21.7,76,0.0,2.12,0.5,58
2021-03-30 05:00:00,21.6,83,1.0,2.12,1.2,64
2021-03-30 06:00:00,22.5,78,58.0,1.14,0.0,67
2021-03-30 07:00:00,22.8,76,112.0,3.02,0.0,100
2021-03-30 08:00:00,22.9,78,115.0,3.83,0.0,99
2021-03-30 09:00:00,24.0,72,216.0,3.55,0.0,50
2021-03-30 10:00:00,26.4,61,570.0,3.86,0.0,59
2021-03-30 11:00:00,27.3,57,662.0,4.02,0.0,47
2021-03-30 12:00:00,28.6,53,817.0,3.08,0.0,48
2021-03-30 13:00:00,28.5,52,624.0,2.86,0.1,77
2021-03-30 14:00:00,27.5,54,379.0,3.77,0.0,69
2021-03-30 15:00:00,25.9,60,255.0,4.29,0.0,77
2021-03-30 16:00:00,25.7,60,150.0,3.22,0.1,62
2021-03-30 17:00:00,23.1,72,43.0,3.47,0.3,61
2021-03-30 18:00:00,22.9,76,0.0,3.72,0.0,98
2021-03-30 19:00:00,22.4,78,0.0,4.65,0.0,100
2021-03-30 20:00:00,21.8,81,0.0,5.03,0.0,91
2021-03-30 21:00:00,21.0,88,0.0,4.69,0.7,100
2021-03-30 22:00:00,20.5,90,0.0,5.04,0.3,91
2021-03-30 23:00:00,20.0,96,0.0,3.91,1.3,100
2021-03-31 00:00:00,19.7,97,0.0,4.11,3.2,78
2021-03-31 01:00:00,19.3,97,0.0,4.12,4.0,100
2021-03-31 02:00:00,19.1,96,0.0,3.7,6.8,82
2021-03-31 03:00:00,19.0,95,0.0,4.03,5.8,62
2021-03-31 04:00:00,18.9,94,0.0,3.51,2.7,68
2021-03-31 05:00:00,18.6,94,1.0,2.59,1.3,100
2021-03-31 06:00:00,18.9,90,39.0,3.11,0.2,65
2021-03-31 07:00:00,19.9,86,149.0,3.96,0.1,74
2021-03-31 08:00:00,20.9,83,246.0,3.73,0.1,100
2021-03-31 09:00:00,21.7,80,317.0,3.81,0.1,87
2021-03-31 10:00:00,22.7,76,399.0,3.75,0.0,75
2021-03-31 11:00:00,24.6,67,555.0,3.74,0.0,72
2021-03-31 12:00:00,25.7,63,641.0,3.27,0.0,71
2021-03-31 13:00:00,26.6,60,661.0,3.31,0.0,43
2021-03-31 14:00:00,26.6,60,558.0,3.52,0.0,33
2021-03-31 15:00:00,25.8,62,341.0,4.11,0.0,97
2021-03-31 16:00:00,24.7,66,119.0,3.75,0.0,88
2021-03-31 17:00:00,24.1,69,41.0,3.16,0.0,25
2021-03-31 18:00:00,23.0,75,0.0,3.32,0.0,24
2021-03-31 19:00:00,22.3,80,0.0,3.73,0.0,40
2021-03-31 20:00:00,21.8,83,0.0,3.47,0.0,39
2021-03-31 21:00:00,21.3,87,0.0,3.48,0.0,27
2021-03-31 22:00:00,20.7,89,0.0,4.08,0.0,21
2021-03-31 23:00:00,20.3,88,0.0,3.79,0.0,19
2021-04-01 00:00:00,20.1,88,0.0,3.49,0.0,19
2021-04-01 01:00:00,19.8,91,0.0,3.3,0.0,30
2021-04-01 02:00:00,19.9,91,0.0,3.11,0.0,30
2021-04-01 03:00:00,19.9,91,0.0,3.14,0.0,58
2021-04-01 04:00:00,19.9,92,0.0,3.26,0.0,95
2021-04-01 05:00:00,19.7,91,1.0,3.44,0.0,100
2021-04-01 06:00:00,20.3,87,59.0,3.52,0.1,69
2021-04-01 07:00:00,21.4,83,159.0,3.79,0.1,87
2021-04-01 08:00:00,22.5,79,253.0,3.98,0.0,100
2021-04-01 09:00:00,24.2,72,409.0,3.9,0.0,73
2021-04-01 10:00:00,25.3,68,507.0,3.0,0.0,100
2021-04-01 11:00:00,26.6,65,649.0,1.91,0.0,74
2021-04-01 12:00:00,27.3,62,647.0,1.22,0.0,74
2021-04-01 13:00:00,27.9,60,701.0,1.02,0.0,11
2021-04-01 14:00:00,27.6,61,567.0,0.9,0.0,9
2021-04-01 15:00:00,27.4,61,462.0,1.46,0.0,2
2021-04-01 16:00:00,27.3,62,258.0,1.41,0.0,10
2021-04-01 17:00:00,25.5,73,67.0,1.63,0.0,5
2021-04-01 18:00:00,24.4,77,0.0,1.84,0.0,3
2021-04-01 19:00:00,23.2,85,0.0,1.43,0.0,12
2021-04-01 20:00:00,23.0,86,0.0,1.51,0.0,11
2021-04-01 21:00:00,22.7,86,0.0,2.02,0.0,8
2021-04-01 22:00:00,22.1,87,0.0,3.41,0.0,1
2021-04-01 23:00:00,21.2,91,0.0,2.83,0.0,0
2021-04-02 00:00:00,20.7,94,0.0,2.53,0.0,6
2021-04-02 01:00:00,20.3,94,0.0,3.04,0.0,34
2021-04-02 02:00:00,20.2,91,0.0,3.07,0.3,17
2021-04-02 03:00:00,20.0,89,0.0,3.26,0.3,25
2021-04-02 04:00:00,19.7,92,0.0,3.31,0.0,10
2021-04-02 05:00:00,20.2,94,2.0,2.51,0.0,7
2021-04-02 06:00:00,21.0,91,85.0,2.1,0.0,3
2021-04-02 07:00:00,22.5,86,280.0,2.19,0.0,12
2021-04-02 08:00:00,24.3,78,481.0,2.02,0.0,3
2021-04-02 09:00:00,26.2,70,681.0,1.42,0.0,0
2021-04-02 10:00:00,28.0,62,819.0,0.95,0.0,1
2021-04-02 11:00:00,29.5,53,889.0,2.28,0.0,6
2021-04-02 12:00:00,30.2,48,858.0,3.81,0.0,5
2021-04-02 13:00:00,29.9,49,778.0,4.2,0.0,7
2021-04-02 14:00:00,29.9,50,635.0,4.01,0.0,11
2021-04-02 15:00:00,29.6,51,461.0,3.71,0.0,6
2021-04-02 16:00:00,28.5,56,255.0,2.38,0.0,5
2021-04-02 17:00:00,25.7,65,72.0,2.4,0.0,2
2021-04-02 18:00:00,25.0,67,0.0,2.08,0.0,5
2021-04-02 19:00:00,24.7,68,0.0,0.95,0.0,0
2021-04-02 20:00:00,23.2,77,0.0,1.41,0.0,0
2021-04-02 21:00:00,22.5,83,0.0,1.28,0.0,0
2021-04-02 22:00:00,22.2,85,0.0,2.02,0.0,0
2021-04-02 23:00:00,21.6,86,0.0,3.89,0.0,2
2021-04-03 00:00:00,20.9,89,0.0,2.64,0.0,2
2021-04-03 01:00:00,20.5,92,0.0,2.45,0.0,3
2021-04-03 02:00:00,20.2,92,0.0,2.69,0.0,5
2021-04-03 03:00:00,19.8,93,0.0,1.87,0.0,0
2021-04-03 04:00:00,19.6,93,0.0,2.12,0.0,0
2021-04-03 05:00:00,20.6,92,2.0,0.99,0.0,38
2021-04-03 06:00:00,21.5,83,57.0,2.56,0.1,24
2021-04-03 07:00:00,22.9,75,224.0,2.55,0.0,23
2021-04-03 08:00:00,24.6,64,410.0,3.14,0.0,44
2021-04-03 09:00:00,26.4,57,579.0,2.8,0.0,28
2021-04-03 10:00:00,28.0,52,703.0,2.34,0.0,20
2021-04-03 11:00:00,29.4,49,837.0,1.35,0.0,5
2021-04-03 12:00:00,30.4,48,872.0,0.81,0.0,11
2021-04-03 13:00:00,31.0,47,774.0,1.5,0.0,31
2021-04-03 14:00:00,30.9,49,631.0,2.33,0.0,15
2021-04-03 15:00:00,30.4,51,460.0,2.55,0.0,39
2021-04-03 16:00:00,29.4,56,243.0,2.61,0.0,26
2021-04-03 17:00:00,27.6,64,67.0,1.7,0.0,7
2021-04-03 18:00:00,26.5,66,1.0,2.25,0.0,0
2021-04-03 19:00:00,27.5,60,0.0,1.36,0.0,0
2021-04-03 20:00:00,24.8,73,0.0,1.04,0.0,0
2021-04-03 21:00:00,23.0,85,0.0,1.7,0.0,0
2021-04-03 22:00:00,24.2,80,0.0,0.5,0.0,0
2021-04-03 23:00:00,21.7,93,0.0,1.61,0.0,0
2021-04-04 00:00:00,21.7,91,0.0,2.24,0.0,1
2021-04-04 01:00:00,21.1,93,0.0,2.72,0.0,1
2021-04-04 02:00:00,21.0,89,0.0,3.04,0.0,1
2021-04-04 03:00:00,19.9,85,0.0,1.3,0.0,0
2021-04-04 04:00:00,19.2,94,0.0,1.36,0.0,0
2021-04-04 05:00:00,21.0,87,3.0,2.72,0.0,0
2021-04-04 06:00:00,22.7,73,96.0,2.56,0.0,0
2021-04-04 07:00:00,24.7,63,293.0,2.12,0.0,0
2021-04-04 08:00:00,26.9,57,505.0,2.26,0.0,0
2021-04-04 09:00:00,28.8,52,689.0,2.47,0.0,0
2021-04-04 10:00:00,30.4,48,819.0,2.01,0.0,34
2021-04-04 11:00:00,31.5,45,876.0,1.34,0.0,58
2021-04-04 12:00:00,32.0,43,796.0,1.49,0.0,61
2021-04-04 13:00:00,32.4,40,738.0,2.1,0.0,41
2021-04-04 14:00:00,31.5,39,567.0,2.25,0.0,98
2021-04-04 15:00:00,30.1,43,281.0,4.81,0.0,100
2021-04-04 16:00:00,25.5,66,101.0,4.44,0.0,91
2021-04-04 17:00:00,27.9,55,65.0,2.15,0.0,100
2021-04-04 18:00:00,26.7,49,1.0,2.97,0.0,80
2021-04-04 19:00:00,25.2,58,0.0,1.0,0.0,6
2021-04-04 20:00:00,24.1,66,0.0,4.63,0.0,27
2021-04-04 21:00:00,23.7,71,0.0,2.9,0.0,2
2021-04-04 22:00:00,22.8,78,0.0,2.19,0.0,0
2021-04-04 23:00:00,22.3,80,0.0,3.61,0.0,0
2021-04-05 00:00:00,21.8,81,0.0,4.1,0.0,0
2021-04-05 01:00:00,21.8,76,0.0,3.88,0.0,0
2021-04-05 02:00:00,21.5,72,0.0,3.98,0.0,0
2021-04-05 03:00:00,21.3,70,0.0,3.77,0.0,0
2021-04-05 04:00:00,21.3,70,0.0,3.4,0.0,0
2021-04-05 05:00:00,20.9,77,3.0,2.65,0.0,0
2021-04-05 06:00:00,22.7,63,100.0,2.86,0.0,0
2021-04-05 07:00:00,24.9,55,301.0,2.62,0.0,0
2021-04-05 08:00:00,27.4,49,509.0,3.0,0.0,9
2021-04-05 09:00:00,30.0,41,688.0,4.09,0.0,30
2021-04-05 10:00:00,31.7,35,821.0,4.49,0.0,59
2021-04-05 11:00:00,33.0,32,879.0,4.49,0.0,0
2021-04-05 12:00:00,33.7,27,867.0,4.02,0.0,58
2021-04-05 13:00:00,33.6,28,783.0,3.24,0.0,21
2021-04-05 14:00:00,33.5,27,595.0,2.84,0.0,9
2021-04-05 15:00:00,32.8,31,429.0,2.61,0.0,12
2021-04-05 16:00:00,31.5,35,245.0,1.92,0.0,10
2021-04-05 17:00:00,27.7,46,76.0,2.34,0.0,4
2021-04-05 18:00:00,26.2,54,1.0,2.16,0.0,2
2021-04-05 19:00:00,25.1,60,0.0,1.97,0.0,1
2021-04-05 20:00:00,24.0,66,0.0,1.86,0.0,0
2021-04-05 21:00:00,22.8,73,0.0,1.64,0.0,0
2021-04-05 22:00:00,21.6,80,0.0,2.1,0.0,0
2021-04-05 23:00:00,22.9,75,0.0,1.41,0.0,0
2021-04-06 00:00:00,22.7,76,0.0,1.1,0.0,0
2021-04-06 01:00:00,22.7,77,0.0,0.76,0.0,0
2021-04-06 02:00:00,19.8,91,0.0,1.5,0.0,0
2021-04-06 03:00:00,19.5,93,0.0,1.3,0.0,0
2021-04-06 04:00:00,18.8,93,0.0,1.43,0.0,0
2021-04-06 05:00:00,19.6,88,3.0,1.34,0.0,0
2021-04-06 06:00:00,22.5,72,103.0,0.32,0.0,0
2021-04-06 07:00:00,25.6,56,304.0,1.08,0.0,0
2021-04-06 08:00:00,28.1,47,517.0,1.35,0.0,0
2021-04-06 09:00:00,30.5,41,699.0,1.77,0.0,0
2021-04-06 10:00:00,32.4,35,831.0,1.77,0.0,0
2021-04-06 11:00:00,33.6,32,894.0,1.13,0.0,4
2021-04-06 12:00:00,34.6,27,861.0,0.28,0.0,19
2021-04-06 13:00:00,34.8,25,671.0,2.16,0.0,25
2021-04-06 14:00:00,34.1,30,568.0,3.71,0.0,27
2021-04-06 15:00:00,33.2,27,411.0,4.1,0.0,28
2021-04-06 16:00:00,31.7,29,220.0,2.86,0.0,24
2021-04-06 17:00:00,29.1,37,68.0,3.28,0.0,24
2021-04-06 18:00:00,28.2,43,1.0,2.91,0.0,19
2021-04-06 19:00:00,26.7,52,0.0,2.09,0.0,17
2021-04-06 20:00:00,25.8,61,0.0,2.06,0.0,14
2021-04-06 21:00:00,25.5,59,0.0,2.12,0.0,10
2021-04-06 22:00:00,24.9,59,0.0,1.97,0.0,6
2021-04-06 23:00:00,23.5,66,0.0,2.37,0.0,4
2021-04-07 00:00:00,23.0,72,0.0,2.33,0.0,2
2021-04-07 01:00:00,24.5,67,0.0,1.51,0.0,1
2021-04-07 02:00:00,23.6,74,0.0,0.51,0.0,2
2021-04-07 03:00:00,20.9,91,0.0,1.22,0.0,2
2021-04-07 04:00:00,20.4,91,0.0,1.57,0.0,2
2021-04-07 05:00:00,21.0,91,4.0,1.02,0.0,2
2021-04-07 06:00:00,23.7,68,103.0,1.51,0.0,1
2021-04-07 07:00:00,27.0,52,302.0,0.92,0.0,1
2021-04-07 08:00:00,29.5,44,510.0,0.22,0.0,1
2021-04-07 09:00:00,31.2,40,687.0,0.92,0.0,1
2021-04-07 10:00:00,32.6,35,796.0,2.1,0.0,8
2021-04-07 11:00:00,33.3,34,837.0,2.83,0.0,1
2021-04-07 12:00:00,33.8,31,873.0,3.54,0.0,22
2021-04-07 13:00:00,33.5,31,745.0,3.74,0.0,20
2021-04-07 14:00:00,33.1,32,601.0,3.42,0.0,13
2021-04-07 15:00:00,32.6,35,441.0,3.41,0.0,17
2021-04-07 16:00:00,31.4,42,241.0,3.37,0.1,55
2021-04-07 17:00:00,28.8,52,58.0,2.15,0.0,58
2021-04-07 18:00:00,28.1,56,1.0,2.09,0.0,37
2021-04-07 19:00:00,26.2,69,0.0,1.58,0.1,39
2021-04-07 20:00:00,27.1,59,0.0,0.54,0.0,37
2021-04-07 21:00:00,25.2,71,0.0,1.08,0.0,36
2021-04-07 22:00:00,24.4,79,0.0,0.5,0.0,24
2021-04-07 23:00:00,23.6,87,0.0,1.25,0.0,36
2021-04-08 00:00:00,24.0,76,0.0,1.58,0.0,45
2021-04-08 01:00:00,23.6,68,0.0,2.63,0.0,58
2021-04-08 02:00:00,23.0,74,0.0,1.98,0.0,49
2021-04-08 03:00:00,22.6,77,0.0,1.97,0.0,65
2021-04-08 04:00:00,22.0,83,0.0,1.92,0.4,60
2021-04-08 05:00:00,22.2,87,3.0,2.02,0.7,47
2021-04-08 06:00:00,23.9,75,83.0,1.75,0.0,27
2021-04-08 07:00:00,25.5,68,243.0,1.84,0.0,24
2021-04-08 08:00:00,27.0,60,418.0,2.24,0.0,39
2021-04-08 09:00:00,28.3,53,540.0,3.16,0.0,28
2021-04-08 10:00:00,29.6,48,680.0,3.52,0.0,67
2021-04-08 11:00:00,29.1,50,625.0,3.98,0.0,100
2021-04-08 12:00:00,29.6,49,670.0,3.02,0.0,11
2021-04-08 13:00:00,30.6,45,704.0,2.41,0.0,12
2021-04-08 14:00:00,30.6,45,605.0,2.42,0.0,14
2021-04-08 15:00:00,29.9,47,438.0,3.04,0.0,16
2021-04-08 16:00:00,28.8,50,223.0,3.22,0.0,24
2021-04-08 17:00:00,26.3,58,73.0,3.55,0.0,36
2021-04-08 18:00:00,25.2,64,1.0,2.59,0.0,41
2021-04-08 19:00:00,24.6,68,0.0,2.04,0.0,40
2021-04-08 20:00:00,23.9,72,0.0,2.0,0.0,62
2021-04-08 21:00:00,23.6,74,0.0,2.1,0.0,41
2021-04-08 22:00:00,23.2,76,0.0,1.8,0.0,96
2021-04-08 23:00:00,23.0,78,0.0,3.13,0.4,59
2021-04-09 00:00:00,22.3,82,0.0,3.6,0.2,71
2021-04-09 01:00:00,21.9,83,0.0,2.71,0.1,100
2021-04-09 02:00:00,21.8,83,0.0,2.51,0.1,99
2021-04-09 03:00:00,21.6,84,0.0,2.26,0.0,94
2021-04-09 04:00:00,21.1,89,0.0,1.43,0.3,97
2021-04-09 05:00:00,21.5,91,2.0,1.79,0.6,100
2021-04-09 06:00:00,21.7,95,34.0,2.27,0.6,100
2021-04-09 07:00:00,22.6,88,102.0,2.78,0.3,88
2021-04-09 08:00:00,24.2,80,308.0,1.88,0.1,90
2021-04-09 09:00:00,25.6,72,439.0,1.43,0.1,80
2021-04-09 10:00:00,26.4,69,534.0,1.88,0.0,58
2021-04-09 11:00:00,27.5,64,648.0,2.55,0.0,56
2021-04-09 12:00:00,28.4,60,609.0,2.06,0.0,61
2021-04-09 13:00:00,29.1,58,613.0,1.94,0.0,82
2021-04-09 14:00:00,29.2,59,512.0,2.16,0.0,64
2021-04-09 15:00:00,28.4,62,335.0,3.01,0.0,56
2021-04-09 16:00:00,27.2,66,169.0,2.58,0.0,78
2021-04-09 17:00:00,26.4,70,56.0,1.32,0.0,100
2021-04-09 18:00:00,25.3,77,1.0,1.22,0.0,74
2021-04-09 19:00:00,24.2,86,0.0,1.14,0.0,65
2021-04-09 20:00:00,24.1,85,0.0,1.66,0.0,95
2021-04-09 21:00:00,24.3,83,0.0,1.12,0.0,96
2021-04-09 22:00:00,23.6,89,0.0,1.28,0.0,63
2021-04-09 23:00:00,22.7,95,0.0,1.65,0.0,30
2021-04-10 00:00:00,23.3,92,0.0,1.12,0.1,38
2021-04-10 01:00:00,22.7,94,0.0,0.89,0.1,25
2021-04-10 02:00:00,22.3,96,0.0,1.08,0.0,35
2021-04-10 03:00:00,22.0,96,0.0,0.85,0.0,27
2021-04-10 04:00:00,22.0,95,0.0,1.39,0.0,12
2021-04-10 05:00:00,22.4,94,5.0,2.12,0.0,11
2021-04-10 06:00:00,22.4,91,105.0,2.44,0.2,14
2021-04-10 07:00:00,23.8,84,282.0,1.41,0.0,47
2021-04-10 08:00:00,25.2,76,407.0,0.86,0.0,28
2021-04-10 09:00:00,26.7,69,582.0,0.85,0.0,9
2021-04-10 10:00:00,28.5,63,786.0,1.04,0.0,3
2021-04-10 11:00:00,29.9,59,862.0,1.8,0.0,34
2021-04-10 12:00:00,30.7,57,862.0,2.6,0.0,29
2021-04-10 13:00:00,30.9,59,765.0,3.77,0.0,23
2021-04-10 14:00:00,31.1,57,557.0,4.49,1.1,50
2021-04-10 15:00:00,30.5,62,358.0,3.67,0.0,38
2021-04-10 16:00:00,30.2,63,227.0,3.18,0.0,23
2021-04-10 17:00:00,29.3,64,72.0,3.73,0.0,15
2021-04-10 18:00:00,28.2,67,1.0,3.64,0.0,10
2021-04-10 19:00:00,27.6,67,0.0,3.58,0.0,4
2021-04-10 20:00:00,25.9,76,0.0,1.66,0.0,7
2021-04-10 21:00:00,24.6,86,0.0,1.53,0.0,0
2021-04-10 22:00:00,25.3,83,0.0,0.86,0.0,0
2021-04-10 23:00:00,24.4,89,0.0,0.36,0.0,0
2021-04-11 00:00:00,24.0,91,0.0,1.03,0.0,0
2021-04-11 01:00:00,23.7,91,0.0,0.78,0.0,0
2021-04-11 02:00:00,23.6,88,0.0,0.4,0.0,0
2021-04-11 03:00:00,23.2,89,0.0,0.73,0.0,0
2021-04-11 04:00:00,23.1,90,0.0,1.17,0.0,0
2021-04-11 05:00:00,22.6,93,6.0,1.06,0.0,0
2021-04-11 06:00:00,24.5,77,114.0,1.4,0.0,54
2021-04-11 07:00:00,25.0,72,217.0,1.79,0.1,40
2021-04-11 08:00:00,26.9,66,428.0,2.66,0.0,38
2021-04-11 09:00:00,28.0,62,572.0,2.97,0.0,19
2021-04-11 10:00:00,29.5,58,807.0,1.92,0.0,9
2021-04-11 11:00:00,30.7,55,862.0,1.2,0.0,8
2021-04-11 12:00:00,31.5,52,854.0,1.34,0.0,23
2021-04-11 13:00:00,31.8,53,758.0,2.67,0.0,10
2021-04-11 14:00:00,31.7,57,645.0,3.5,0.0,3
2021-04-11 15:00:00,31.7,57,467.0,3.82,0.0,29
2021-04-11 16:00:00,30.4,63,237.0,3.01,0.0,43
2021-04-11 17:00:00,28.5,72,72.0,1.35,0.0,4
2021-04-11 18:00:00,27.8,74,1.0,1.52,0.0,59
2021-04-11 19:00:00,26.2,83,0.0,1.4,0.0,27
2021-04-11 20:00:00,25.7,85,0.0,1.48,0.0,2
2021-04-11 21:00:00,24.9,91,0.0,1.51,0.0,95
2021-04-11 22:00:00,24.8,92,0.0,1.36,0.0,86
2021-04-11 23:00:00,24.6,88,0.0,2.15,0.0,3
2021-04-12 00:00:00,23.7,91,0.0,1.92,0.0,0
2021-04-12 01:00:00,23.2,93,0.0,1.94,0.0,0
2021-04-12 02:00:00,22.6,93,0.0,2.28,0.0,0
2021-04-12 03:00:00,22.1,91,0.0,2.5,0.0,5
2021-04-12 04:00:00,21.7,91,0.0,2.55,0.0,8
2021-04-12 05:00:00,22.1,89,6.0,2.64,0.0,6
2021-04-12 06:00:00,23.2,82,117.0,2.77,0.0,0
2021-04-12 07:00:00,25.1,74,316.0,2.67,0.0,4
2021-04-12 08:00:00,27.3,66,522.0,2.6,0.0,3
2021-04-12 09:00:00,29.3,59,704.0,1.94,0.0,1
2021-04-12 10:00:00,30.9,54,833.0,1.17,0.0,1
2021-04-12 11:00:00,32.3,51,900.0,1.28,0.0,1
2021-04-12 12:00:00,33.2,48,889.0,2.32,0.0,1
2021-04-12 13:00:00,33.8,44,824.0,2.75,0.0,4
2021-04-12 14:00:00,33.7,43,655.0,3.16,0.0,6
2021-04-12 15:00:00,32.9,48,463.0,3.42,0.0,5
2021-04-12 16:00:00,32.0,50,273.0,2.47,0.0,19
2021-04-12 17:00:00,29.3,66,83.0,2.02,0.0,30
2021-04-12 18:00:00,28.6,64,1.0,5.53,0.0,44
2021-04-12 19:00:00,25.6,74,0.0,3.05,0.0,6
2021-04-12 20:00:00,24.7,83,0.0,0.92,0.0,0
2021-04-12 21:00:00,24.6,85,0.0,1.49,0.0,0
2021-04-12 22:00:00,24.0,90,0.0,1.04,0.0,0
2021-04-12 23:00:00,23.9,91,0.0,1.49,0.0,0
2021-04-13 00:00:00,23.2,94,0.0,1.08,0.0,1
2021-04-13 01:00:00,22.5,99,0.0,0.92,0.0,1
2021-04-13 02:00:00,22.4,100,0.0,1.26,0.0,100
2021-04-13 03:00:00,22.3,100,0.0,0.85,0.0,100
2021-04-13 04:00:00,21.9,99,0.0,1.21,0.0,1
2021-04-13 05:00:00,22.8,100,7.0,0.9,0.0,0
2021-04-13 06:00:00,25.0,84,120.0,0.76,0.0,4
2021-04-13 07:00:00,27.2,71,323.0,1.3,0.0,0
2021-04-13 08:00:00,29.3,62,534.0,1.3,0.0,0
2021-04-13 09:00:00,31.3,53,718.0,1.55,0.0,0
2021-04-13 10:00:00,32.7,46,847.0,2.08,0.0,23
2021-04-13 11:00:00,33.5,42,862.0,2.68,0.0,9
2021-04-13 12:00:00,33.5,43,847.0,4.5,0.0,7
2021-04-13 13:00:00,33.6,44,770.0,3.96,0.0,16
2021-04-13 14:00:00,33.3,42,639.0,5.07,0.0,16
2021-04-13 15:00:00,32.0,46,441.0,3.76,0.0,36
2021-04-13 16:00:00,30.5,50,229.0,3.32,0.0,34
2021-04-13 17:00:00,28.4,62,69.0,3.67,0.0,42
2021-04-13 18:00:00,27.0,68,1.0,0.99,0.1,0
2021-04-13 19:00:00,25.7,79,0.0,1.39,0.0,4
2021-04-13 20:00:00,25.5,79,0.0,1.34,0.0,0
2021-04-13 21:00:00,25.0,82,0.0,1.32,0.0,1
2021-04-13 22:00:00,25.1,81,0.0,2.65,0.0,2
2021-04-13 23:00:00,24.7,78,0.0,3.4,0.0,0
2021-04-14 00:00:00,23.4,76,0.0,4.9,0.0,0
2021-04-14 01:00:00,22.7,78,0.0,3.83,0.0,0
2021-04-14 02:00:00,22.3,79,0.0,3.4,0.0,0
2021-04-14 03:00:00,22.1,81,0.0,2.2,0.0,1
2021-04-14 04:00:00,21.9,81,0.0,3.14,0.0,1
2021-04-14 05:00:00,20.7,86,8.0,4.66,0.0,0
2021-04-14 06:00:00,21.7,81,109.0,4.46,0.0,6
2021-04-14 07:00:00,23.0,74,311.0,5.0,0.0,19
2021-04-14 08:00:00,23.9,67,462.0,5.35,0.0,1
2021-04-14 09:00:00,26.5,59,694.0,5.5,0.0,0
2021-04-14 10:00:00,28.8,52,828.0,5.15,0.0,1
2021-04-14 11:00:00,30.4,46,883.0,4.97,0.0,0
2021-04-14 12:00:00,31.6,43,886.0,4.58,0.0,1
2021-04-14 13:00:00,32.0,42,808.0,4.49,0.0,27
2021-04-14 14:00:00,32.0,42,640.0,3.88,0.0,27
2021-04-14 15:00:00,31.2,45,474.0,4.28,0.0,6
2021-04-14 16:00:00,30.3,47,270.0,4.27,0.0,9
2021-04-14 17:00:00,29.2,52,83.0,3.28,0.0,40
2021-04-14 18:00:00,27.6,58,2.0,3.7,0.0,2
2021-04-14 19:00:00,26.5,62,0.0,4.0,0.0,2
2021-04-14 20:00:00,25.8,64,0.0,3.75,0.0,1
2021-04-14 21:00:00,25.4,64,0.0,3.5,0.0,40
2021-04-14 22:00:00,24.9,66,0.0,3.21,0.0,9
2021-04-14 23:00:00,24.0,71,0.0,2.53,0.0,72
2021-04-15 00:00:00,23.4,75,0.0,2.38,0.0,86
2021-04-15 01:00:00,23.2,76,0.0,2.28,0.0,89
2021-04-15 02:00:00,23.0,78,0.0,2.18,0.0,87
2021-04-15 03:00:00,22.5,81,0.0,1.4,0.1,89
2021-04-15 04:00:00,22.4,81,0.0,1.36,0.6,16
2021-04-15 05:00:00,22.6,87,7.0,1.75,0.0,7
2021-04-15 06:00:00,23.9,79,120.0,2.9,0.0,84
2021-04-15 07:00:00,24.9,73,249.0,2.55,0.0,84
2021-04-15 08:00:00,27.1,63,382.0,3.55,0.0,71
2021-04-15 09:00:00,29.6,54,693.0,2.85,0.0,87
2021-04-15 10:00:00,31.2,48,796.0,2.78,0.0,92
2021-04-15 11:00:00,32.3,45,814.0,2.25,0.0,87
2021-04-15 12:00:00,32.8,43,779.0,1.91,0.0,96
2021-04-15 13:00:00,33.2,42,710.0,1.64,0.0,97
2021-04-15 14:00:00,33.4,41,592.0,1.58,0.0,99
2021-04-15 15:00:00,33.1,42,428.0,1.94,0.0,100
2021-04-15 16:00:00,32.2,45,234.0,2.14,0.0,100
2021-04-15 17:00:00,29.4,59,73.0,1.84,0.0,100
2021-04-15 18:00:00,28.5,61,1.0,1.36,0.0,96
2021-04-15 19:00:00,27.8,66,0.0,2.0,0.0,98
2021-04-15 20:00:00,26.5,74,0.0,1.41,0.1,91
2021-04-15 21:00:00,25.6,73,0.0,3.05,0.0,96
2021-04-15 22:00:00,24.6,77,0.0,1.72,0.0,94
2021-04-15 23:00:00,24.3,79,0.0,1.89,0.0,92
2021-04-16 00:00:00,24.0,82,0.0,1.62,0.0,93
2021-04-16 01:00:00,24.1,80,0.0,2.75,0.0,90
2021-04-16 02:00:00,23.6,79,0.0,2.7,0.0,77
2021-04-16 03:00:00,23.2,80,0.0,2.82,0.0,48
2021-04-16 04:00:00,22.9,81,0.0,2.31,0.0,34
2021-04-16 05:00:00,23.2,80,9.0,2.77,0.0,86
2021-04-16 06:00:00,24.3,75,93.0,3.13,0.0,95
2021-04-16 07:00:00,25.2,70,285.0,2.97,0.6,98
2021-04-16 08:00:00,25.4,71,303.0,3.51,0.2,86
2021-04-16 09:00:00,27.7,64,649.0,3.68,0.0,82
2021-04-16 10:00:00,29.7,57,730.0,3.2,0.0,73
2021-04-16 11:00:00,31.5,50,830.0,2.31,0.0,35
2021-04-16 12:00:00,32.1,47,791.0,1.5,0.0,30
2021-04-16 13:00:00,32.0,47,718.0,2.91,0.0,54
2021-04-16 14:00:00,31.0,49,460.0,0.3,0.1,78
2021-04-16 15:00:00,29.6,55,294.0,2.01,0.0,89
2021-04-16 16:00:00,27.1,67,167.0,2.69,0.0,94
2021-04-16 17:00:00,28.6,64,50.0,1.89,0.0,88
2021-04-16 18:00:00,27.8,64,2.0,3.11,0.0,60
2021-04-16 19:00:00,25.8,72,0.0,2.31,0.2,71
2021-04-16 20:00:00,23.2,87,0.0,2.69,2.2,73
2021-04-16 21:00:00,22.2,90,0.0,2.48,0.1,69
2021-04-16 22:00:00,22.1,90,0.0,1.77,0.0,46
2021-04-16 23:00:00,21.7,91,0.0,1.43,0.0,1
2021-04-17 00:00:00,21.4,94,0.0,2.66,0.0,1
2021-04-17 01:00:00,21.2,95,0.0,1.75,0.0,1
2021-04-17 02:00:00,21.1,97,0.0,1.4,0.0,2
2021-04-17 03:00:00,21.0,97,0.0,1.53,0.0,7
2021-04-17 04:00:00,20.9,96,0.0,1.7,0.0,3
2021-04-17 05:00:00,21.3,91,10.0,1.51,0.0,34
2021-04-17 06:00:00,22.4,86,121.0,1.08,0.0,28
2021-04-17 07:00:00,23.9,79,304.0,2.37,0.0,89
2021-04-17 08:00:00,24.8,72,347.0,2.83,0.0,83
2021-04-17 09:00:00,27.4,60,611.0,2.52,0.0,81
2021-04-17 10:00:00,29.1,53,746.0,2.75,0.0,75
2021-04-17 11:00:00,29.8,52,799.0,2.92,0.0,30
2021-04-17 12:00:00,30.6,49,878.0,2.77,0.0,43
2021-04-17 13:00:00,30.6,49,775.0,2.12,0.0,25
2021-04-17 14:00:00,28.6,57,589.0,1.75,0.1,52
2021-04-17 15:00:00,28.8,56,364.0,1.44,0.0,43
2021-04-17 16:00:00,29.0,55,226.0,1.27,0.0,36
2021-04-17 17:00:00,26.1,73,78.0,1.08,0.0,25
2021-04-17 18:00:00,25.0,81,2.0,1.39,0.0,16
2021-04-17 19:00:00,24.3,87,0.0,1.32,0.0,11
2021-04-17 20:00:00,23.4,93,0.0,1.43,0.0,16
2021-04-17 21:00:00,23.2,94,0.0,1.4,0.0,54
2021-04-17 22:00:00,23.2,91,0.0,1.43,0.0,30
2021-04-17 23:00:00,23.2,89,0.0,1.2,0.0,20
2021-04-18 00:00:00,22.8,90,0.0,1.32,0.0,9
2021-04-18 01:00:00,22.3,93,0.0,1.51,0.0,22
2021-04-18 02:00:00,21.9,95,0.0,1.3,0.0,44
2021-04-18 03:00:00,21.7,94,0.0,1.39,0.5,61
2021-04-18 04:00:00,22.1,94,0.0,1.48,0.3,87
2021-04-18 05:00:00,22.1,91,8.0,2.39,0.2,66
2021-04-18 06:00:00,22.5,89,92.0,2.28,0.7,99
2021-04-18 07:00:00,22.9,89,162.0,2.55,1.3,100
2021-04-18 08:00:00,22.6,91,89.0,2.75,4.1,100
2021-04-18 09:00:00,22.8,88,133.0,1.42,2.1,88
2021-04-18 10:00:00,24.1,81,311.0,1.02,0.3,35
2021-04-18 11:00:00,26.6,69,772.0,1.32,0.0,25
2021-04-18 12:00:00,27.9,65,818.0,0.61,0.0,33
2021-04-18 13:00:00,28.3,62,760.0,0.73,0.0,46
2021-04-18 14:00:00,28.1,61,540.0,1.2,0.0,72
2021-04-18 15:00:00,27.4,64,339.0,1.92,0.0,44
2021-04-18 16:00:00,26.3,67,213.0,2.26,0.0,59
2021-04-18 17:00:00,26.1,76,50.0,0.91,0.3,46
2021-04-18 18:00:00,24.8,81,2.0,1.24,0.0,35
2021-04-18 19:00:00,24.0,89,0.0,1.14,0.2,77
2021-04-18 20:00:00,24.3,85,0.0,0.54,0.3,55
2021-04-18 21:00:00,23.3,87,0.0,0.8,0.2,52
2021-04-18 22:00:00,22.7,89,0.0,1.26,0.9,100
2021-04-18 23:00:00,22.5,87,0.0,1.57,0.6,47
2021-04-19 00:00:00,21.6,92,0.0,0.76,0.0,100
2021-04-19 01:00:00,21.9,92,0.0,2.02,0.0,47
2021-04-19 02:00:00,21.2,96,0.0,1.7,0.0,100
2021-04-19 03:00:00,21.3,95,0.0,1.66,0.1,36
2021-04-19 04:00:00,21.0,96,0.0,1.36,0.2,60
2021-04-19 05:00:00,21.0,92,8.0,1.0,0.2,83
2021-04-19 06:00:00,21.8,88,112.0,1.94,0.0,35
2021-04-19 07:00:00,23.0,79,255.0,2.16,0.0,48
2021-04-19 08:00:00,24.2,73,359.0,2.75,0.0,21
2021-04-19 09:00:00,26.2,65,648.0,2.5,0.0,18
2021-04-19 10:00:00,27.5,60,752.0,1.51,0.0,25
2021-04-19 11:00:00,28.2,58,732.0,1.24,0.0,18
2021-04-19 12:00:00,29.5,56,901.0,1.56,0.0,15
2021-04-19 13:00:00,29.8,56,783.0,2.18,0.0,32
2021-04-19 14:00:00,29.0,61,590.0,3.19,0.0,11
2021-04-19 15:00:00,28.4,63,454.0,2.55,0.0,49
2021-04-19 16:00:00,27.1,68,204.0,2.77,0.0,24
2021-04-19 17:00:00,25.8,74,81.0,1.75,0.0,13
2021-04-19 18:00:00,24.2,84,2.0,1.17,0.0,18
2021-04-19 19:00:00,23.9,86,0.0,1.33,0.0,22
2021-04-19 20:00:00,23.4,87,0.0,1.48,0.0,0
2021-04-19 21:00:00,22.9,91,0.0,1.5,0.0,0
2021-04-19 22:00:00,22.9,90,0.0,2.04,0.0,0
2021-04-19 23:00:00,22.7,91,0.0,2.66,0.0,1
2021-04-20 00:00:00,22.0,93,0.0,2.72,0.0,5
2021-04-20 01:00:00,21.3,93,0.0,2.91,0.0,1
2021-04-20 02:00:00,20.9,93,0.0,3.0,0.0,0
2021-04-20 03:00:00,20.6,93,0.0,3.1,0.0,2
2021-04-20 04:00:00,20.1,97,0.0,2.95,0.0,6
2021-04-20 05:00:00,21.1,95,12.0,2.4,0.0,30
2021-04-20 06:00:00,22.5,84,130.0,3.0,0.0,13
2021-04-20 07:00:00,24.0,76,322.0,3.24,0.0,14
2021-04-20 08:00:00,25.7,70,507.0,3.54,0.0,10
2021-04-20 09:00:00,27.4,64,681.0,3.26,0.0,22
2021-04-20 10:00:00,28.6,60,750.0,2.98,0.0,16
2021-04-20 11:00:00,29.5,57,806.0,2.64,0.0,14
2021-04-20 12:00:00,30.2,55,834.0,2.3,0.0,8
2021-04-20 13:00:00,30.6,53,778.0,2.28,0.0,13
2021-04-20 14:00:00,30.2,55,601.0,2.92,0.0,18
2021-04-20 15:00:00,29.7,58,439.0,3.08,0.0,20
2021-04-20 16:00:00,28.7,62,240.0,3.12,0.0,17
2021-04-20 17:00:00,27.2,68,83.0,3.05,0.0,12
2021-04-20 18:00:00,26.0,73,2.0,3.22,0.0,19
2021-04-20 19:00:00,25.4,75,0.0,3.64,0.0,14
2021-04-20 20:00:00,24.9,77,0.0,4.14,0.0,8
2021-04-20 21:00:00,24.4,77,0.0,3.85,0.0,28
2021-04-20 22:00:00,23.9,77,0.0,3.61,0.0,18
2021-04-20 23:00:00,23.2,81,0.0,3.4,0.0,19
2021-04-21 00:00:00,22.8,83,0.0,3.42,0.0,4
2021-04-21 01:00:00,22.4,85,0.0,3.04,0.0,10
2021-04-21 02:00:00,22.2,85,0.0,2.71,0.0,37
2021-04-21 03:00:00,21.9,87,0.0,2.86,0.1,44
2021-04-21 04:00:00,21.9,86,0.0,2.63,0.0,49
2021-04-21 05:00:00,22.4,83,9.0,3.32,0.1,45
2021-04-21 06:00:00,23.2,78,91.0,3.67,0.0,32
2021-04-21 07:00:00,25.0,72,268.0,3.81,0.0,18
2021-04-21 08:00:00,26.9,65,473.0,3.98,0.0,15
2021-04-21 09:00:00,28.6,58,648.0,4.14,0.0,23
2021-04-21 10:00:00,30.0,54,755.0,3.89,0.0,41
2021-04-21 11:00:00,31.1,51,893.0,3.48,0.0,63
2021-04-21 12:00:00,31.6,50,850.0,3.05,0.0,84
2021-04-21 13:00:00,31.7,50,779.0,2.92,0.0,26
2021-04-21 14:00:00,31.7,50,670.0,2.72,0.0,17
2021-04-21 15:00:00,31.2,52,486.0,2.61,0.0,17
2021-04-21 16:00:00,30.4,57,276.0,2.55,0.0,60
2021-04-21 17:00:00,28.1,74,91.0,1.92,0.0,92
2021-04-21 18:00:00,27.1,75,3.0,1.89,0.0,97
2021-04-21 19:00:00,26.6,77,0.0,1.68,0.0,98
2021-04-21 20:00:00,26.5,76,0.0,1.43,0.0,100
2021-04-21 21:00:00,25.9,76,0.0,2.48,0.0,99
2021-04-21 22:00:00,25.1,74,0.0,3.25,0.0,92
2021-04-21 23:00:00,24.3,76,0.0,2.22,0.0,94
2021-04-22 00:00:00,23.8,78,0.0,1.75,0.0,89
2021-04-22 01:00:00,23.4,81,0.0,1.8,0.0,29
2021-04-22 02:00:00,22.9,85,0.0,1.48,0.0,17
2021-04-22 03:00:00,22.6,88,0.0,1.75,0.0,15
2021-04-22 04:00:00,22.6,90,0.0,1.84,0.0,12
2021-04-22 05:00:00,23.5,86,13.0,1.4,0.0,26
2021-04-22 06:00:00,25.2,77,125.0,1.66,0.0,5
2021-04-22 07:00:00,26.9,70,335.0,1.92,0.0,28
2021-04-22 08:00:00,28.9,61,517.0,2.25,0.0,71
2021-04-22 09:00:00,30.8,55,664.0,1.97,0.0,42
2021-04-22 10:00:00,31.8,52,798.0,0.89,0.0,25
2021-04-22 11:00:00,32.5,51,837.0,1.21,0.0,31
2021-04-22 12:00:00,33.2,49,846.0,2.63,0.0,73
2021-04-22 13:00:00,30.6,60,560.0,4.05,0.3,98
2021-04-22 14:00:00,28.2,73,252.0,4.72,0.6,100
2021-04-22 15:00:00,26.9,77,122.0,4.3,0.0,100
2021-04-22 16:00:00,27.0,76,111.0,2.76,0.0,100
2021-04-22 17:00:00,27.5,74,48.0,3.22,0.0,100
2021-04-22 18:00:00,26.6,78,3.0,2.7,0.0,68
2021-04-22 19:00:00,25.8,82,0.0,1.75,0.0,26
2021-04-22 20:00:00,24.6,90,0.0,1.4,0.0,1
2021-04-22 21:00:00,24.0,94,0.0,1.5,0.0,2
2021-04-22 22:00:00,24.2,93,0.0,1.71,0.0,0
2021-04-22 23:00:00,24.3,91,0.0,2.62,0.0,0
2021-04-23 00:00:00,24.1,92,0.0,3.0,0.0,0
2021-04-23 01:00:00,23.9,89,0.0,3.68,0.0,0
2021-04-23 02:00:00,23.6,86,0.0,3.61,0.0,0
2021-04-23 03:00:00,23.6,82,0.0,3.54,0.0,0
2021-04-23 04:00:00,23.4,83,0.0,3.26,0.0,0
2021-04-23 05:00:00,23.5,84,15.0,2.61,0.0,0
2021-04-23 06:00:00,25.6,73,152.0,2.62,0.0,0
2021-04-23 07:00:00,27.0,69,363.0,3.54,0.0,0
2021-04-23 08:00:00,28.4,61,574.0,3.92,0.0,0
2021-04-23 09:00:00,29.8,53,752.0,4.23,0.0,0
2021-04-23 10:00:00,30.8,47,882.0,4.43,0.0,0
2021-04-23 11:00:00,31.6,45,947.0,4.6,0.0,0
2021-04-23 12:00:00,32.2,43,941.0,4.7,0.0,0
2021-04-23 13:00:00,32.2,43,862.0,5.05,0.0,0
2021-04-23 14:00:00,32.2,41,720.0,5.32,0.0,0
2021-04-23 15:00:00,31.5,41,527.0,5.35,0.0,98
2021-04-23 16:00:00,30.4,45,294.0,4.27,0.0,94
2021-04-23 17:00:00,28.6,54,91.0,3.93,0.0,94
2021-04-23 18:00:00,26.9,63,3.0,2.1,0.0,0
2021-04-23 19:00:00,25.4,75,0.0,1.49,0.0,23
2021-04-23 20:00:00,25.3,76,0.0,2.12,0.0,95
2021-04-23 21:00:00,23.9,82,0.0,2.01,0.0,98
2021-04-23 22:00:00,23.6,83,0.0,1.65,0.0,95
2021-04-23 23:00:00,23.3,83,0.0,1.35,0.0,93
2021-04-24 00:00:00,23.0,81,0.0,1.35,0.0,91
2021-04-24 01:00:00,22.4,83,0.0,1.5,0.0,13
2021-04-24 02:00:00,21.6,84,0.0,1.58,0.0,0
2021-04-24 03:00:00,21.9,85,0.0,1.52,0.0,0
2021-04-24 04:00:00,21.9,88,0.0,1.91,0.0,0
2021-04-24 05:00:00,22.5,87,16.0,2.28,0.0,1
2021-04-24 06:00:00,24.7,76,140.0,2.12,0.0,14
2021-04-24 07:00:00,27.1,66,326.0,2.25,0.0,15
2021-04-24 08:00:00,29.3,55,531.0,1.98,0.0,6
2021-04-24 09:00:00,30.7,47,724.0,1.49,0.0,5
2021-04-24 10:00:00,31.6,43,847.0,1.66,0.0,33
2021-04-24 11:00:00,32.6,40,901.0,2.08,0.0,8
2021-04-24 12:00:00,33.2,39,879.0,2.78,0.0,5
2021-04-24 13:00:00,33.5,38,809.0,3.05,0.0,3
2021-04-24 14:00:00,33.5,37,688.0,3.22,0.0,5
2021-04-24 15:00:00,32.9,39,504.0,3.19,0.0,6
2021-04-24 16:00:00,31.9,43,295.0,3.19,0.0,2
2021-04-24 17:00:00,29.3,55,101.0,1.5,0.0,35
2021-04-24 18:00:00,27.3,66,4.0,1.79,0.0,94
2021-04-24 19:00:00,28.0,63,0.0,1.13,0.0,93
2021-04-24 20:00:00,26.8,69,0.0,0.4,0.0,77
2021-04-24 21:00:00,25.6,77,0.0,1.17,0.0,71
2021-04-24 22:00:00,25.3,75,0.0,1.66,0.0,74
2021-04-24 23:00:00,24.4,77,0.0,1.94,0.0,83
2021-04-25 00:00:00,24.2,76,0.0,1.49,0.0,89
2021-04-25 01:00:00,23.5,80,0.0,1.66,0.0,87
2021-04-25 02:00:00,23.2,82,0.0,1.33,0.0,87
2021-04-25 03:00:00,23.0,82,0.0,1.46,0.0,89
2021-04-25 04:00:00,22.5,87,0.0,1.52,0.0,14
2021-04-25 05:00:00,23.7,85,15.0,1.97,0.0,20
2021-04-25 06:00:00,25.9,71,133.0,2.06,0.0,17
2021-04-25 07:00:00,28.2,62,317.0,2.02,0.0,23
2021-04-25 08:00:00,30.6,49,482.0,2.62,0.0,24
2021-04-25 09:00:00,32.0,42,619.0,3.54,0.0,25
2021-04-25 10:00:00,33.2,39,764.0,3.41,0.0,14
2021-04-25 11:00:00,34.3,36,862.0,2.34,0.0,12
2021-04-25 12:00:00,35.0,33,881.0,2.02,0.0,19
2021-04-25 13:00:00,35.4,31,801.0,2.28,0.0,74
2021-04-25 14:00:00,35.4,31,662.0,2.48,0.0,20
2021-04-25 15:00:00,35.1,32,496.0,2.6,0.0,9
2021-04-25 16:00:00,34.0,35,302.0,3.1,0.0,27
2021-04-25 17:00:00,31.2,48,103.0,1.71,0.0,23
2021-04-25 18:00:00,29.4,55,4.0,1.55,0.0,53
2021-04-25 19:00:00,28.4,63,0.0,1.84,0.0,34
2021-04-25 20:00:00,28.0,65,0.0,1.71,0.0,32
2021-04-25 21:00:00,27.1,67,0.0,1.86,0.0,9
2021-04-25 22:00:00,26.1,71,0.0,2.02,0.0,0
2021-04-25 23:00:00,27.3,65,0.0,0.81,0.0,0
2021-04-26 00:00:00,26.7,71,0.0,1.61,0.0,0
2021-04-26 01:00:00,26.2,73,0.0,0.5,0.0,0
2021-04-26 02:00:00,23.6,87,0.0,0.94,0.0,0
2021-04-26 03:00:00,23.4,89,0.0,0.76,0.0,0
2021-04-26 04:00:00,22.7,93,0.0,1.41,0.0,0
2021-04-26 05:00:00,24.4,85,17.0,1.34,0.0,0
2021-04-26 06:00:00,27.4,60,138.0,1.75,0.0,31
2021-04-26 07:00:00,30.0,45,305.0,2.6,0.0,7
2021-04-26 08:00:00,32.1,43,542.0,3.14,0.0,0
2021-04-26 09:00:00,33.5,41,744.0,2.48,0.0,59
2021-04-26 10:00:00,34.6,39,870.0,1.4,0.0,63
2021-04-26 11:00:00,35.8,35,930.0,2.0,0.0,76
2021-04-26 12:00:00,36.6,32,916.0,3.62,0.0,90
2021-04-26 13:00:00,36.2,32,724.0,4.08,0.0,87
2021-04-26 14:00:00,36.0,33,580.0,4.28,0.0,89
2021-04-26 15:00:00,35.0,39,413.0,4.27,0.0,74
2021-04-26 16:00:00,34.2,42,249.0,3.04,0.0,60
2021-04-26 17:00:00,32.6,51,90.0,2.6,0.0,50
2021-04-26 18:00:00,31.3,56,3.0,1.63,0.0,45
2021-04-26 19:00:00,29.6,64,0.0,2.12,0.0,40
2021-04-26 20:00:00,29.3,64,0.0,1.49,0.0,30
2021-04-26 21:00:00,29.5,63,0.0,0.85,0.0,31
2021-04-26 22:00:00,28.8,68,0.0,1.36,0.0,63
2021-04-26 23:00:00,27.1,72,0.0,4.35,0.0,63
2021-04-27 00:00:00,25.7,75,0.0,5.03,0.1,78
2021-04-27 01:00:00,24.9,78,0.0,4.03,0.0,78
2021-04-27 02:00:00,24.7,78,0.0,3.44,0.0,63
2021-04-27 03:00:00,24.1,81,0.0,3.54,0.0,82
2021-04-27 04:00:00,24.1,79,0.0,3.61,0.0,83
2021-04-27 05:00:00,25.7,76,17.0,3.14,0.0,87
2021-04-27 06:00:00,27.8,63,155.0,3.74,0.0,31
2021-04-27 07:00:00,29.6,56,356.0,3.79,0.0,1
2021-04-27 08:00:00,31.6,49,565.0,3.55,0.0,1
2021-04-27 09:00:00,33.5,44,730.0,2.82,0.0,7
2021-04-27 10:00:00,34.9,40,852.0,1.34,0.0,38
2021-04-27 11:00:00,35.5,38,864.0,0.67,0.0,32
2021-04-27 12:00:00,36.1,33,787.0,1.39,0.0,13
2021-04-27 13:00:00,37.0,29,759.0,2.21,0.0,15
2021-04-27 14:00:00,36.7,29,634.0,3.51,0.0,33
2021-04-27 15:00:00,35.7,32,438.0,3.9,0.0,21
2021-04-27 16:00:00,34.8,36,257.0,3.11,0.0,37
2021-04-27 17:00:00,32.5,49,86.0,2.72,0.0,45
2021-04-27 18:00:00,31.4,55,4.0,2.73,0.0,28
2021-04-27 19:00:00,30.1,60,0.0,2.33,0.0,13
2021-04-27 20:00:00,28.8,67,0.0,1.39,0.0,5
2021-04-27 21:00:00,28.3,71,0.0,1.33,0.0,2
2021-04-27 22:00:00,28.0,72,0.0,1.5,0.0,2
2021-04-27 23:00:00,27.4,75,0.0,1.12,0.0,1
2021-04-28 00:00:00,27.1,73,0.0,3.2,0.0,4
2021-04-28 01:00:00,26.7,72,0.0,2.91,0.0,6
2021-04-28 02:00:00,26.2,75,0.0,2.42,0.0,17
2021-04-28 03:00:00,26.0,77,0.0,2.26,0.0,44
2021-04-28 04:00:00,25.8,78,0.0,2.46,0.0,9
2021-04-28 05:00:00,24.7,81,18.0,2.12,0.0,15
2021-04-28 06:00:00,26.5,71,151.0,2.64,0.0,5
2021-04-28 07:00:00,29.0,58,342.0,1.64,0.0,17
2021-04-28 08:00:00,31.2,51,541.0,1.36,0.0,4
2021-04-28 09:00:00,33.1,45,706.0,1.91,0.0,9
2021-04-28 10:00:00,34.3,42,814.0,1.98,0.0,19
2021-04-28 11:00:00,35.2,39,836.0,1.21,0.0,14
2021-04-28 12:00:00,35.7,37,850.0,1.5,0.0,27
2021-04-28 13:00:00,36.1,35,698.0,2.69,0.0,34
2021-04-28 14:00:00,34.5,39,580.0,3.7,0.0,60
2021-04-28 15:00:00,33.9,41,352.0,0.81,0.0,62
2021-04-28 16:00:00,33.2,44,222.0,2.0,0.0,58
2021-04-28 17:00:00,31.5,53,90.0,2.75,0.0,10
2021-04-28 18:00:00,30.5,58,4.0,2.7,0.0,45
2021-04-28 19:00:00,29.4,65,0.0,2.1,0.0,3
2021-04-28 20:00:00,28.2,72,0.0,1.5,0.0,2
2021-04-28 21:00:00,27.0,78,0.0,1.77,0.0,1
2021-04-28 22:00:00,26.3,80,0.0,2.1,0.0,1
2021-04-28 23:00:00,26.8,78,0.0,1.8,0.0,2
2021-04-29 00:00:00,27.1,77,0.0,1.0,0.0,2
2021-04-29 01:00:00,24.7,88,0.0,1.43,0.0,3
2021-04-29 02:00:00,24.1,92,0.0,1.32,0.0,3
2021-04-29 03:00:00,24.0,93,0.0,1.4,0.0,2
2021-04-29 04:00:00,24.2,86,0.0,1.8,0.0,2
2021-04-29 05:00:00,24.6,84,20.0,1.65,0.0,1
2021-04-29 06:00:00,26.8,75,156.0,1.49,0.0,2
2021-04-29 07:00:00,29.1,64,359.0,1.32,0.0,6
2021-04-29 08:00:00,31.4,54,559.0,1.36,0.0,51
2021-04-29 09:00:00,33.3,45,717.0,1.22,0.0,8
2021-04-29 10:00:00,34.9,37,849.0,1.3,0.0,7
2021-04-29 11:00:00,35.7,35,883.0,1.86,0.0,21
2021-04-29 12:00:00,36.5,32,874.0,2.78,0.0,25
2021-04-29 13:00:00,36.3,32,777.0,2.97,0.0,27
2021-04-29 14:00:00,35.3,35,629.0,3.81,0.0,34
2021-04-29 15:00:00,34.9,38,434.0,3.42,0.0,41
2021-04-29 16:00:00,33.9,39,259.0,3.1,0.0,31
2021-04-29 17:00:00,31.7,51,99.0,2.22,0.0,22
2021-04-29 18:00:00,30.0,59,4.0,1.66,0.0,8
2021-04-29 19:00:00,28.7,67,0.0,1.64,0.0,8
2021-04-29 20:00:00,27.9,73,0.0,1.84,0.0,7
2021-04-29 21:00:00,27.9,73,0.0,1.46,0.0,28
2021-04-29 22:00:00,28.2,72,0.0,1.1,0.0,59
2021-04-29 23:00:00,27.2,77,0.0,0.91,0.0,94
2021-04-30 00:00:00,26.2,82,0.0,0.81,0.0,85
2021-04-30 01:00:00,25.9,84,0.0,0.67,0.0,89
2021-04-30 02:00:00,26.3,82,0.0,0.14,0.0,100
2021-04-30 03:00:00,26.2,82,0.0,0.36,0.0,97
2021-04-30 04:00:00,25.8,84,0.0,0.82,0.0,9
2021-04-30 05:00:00,26.4,82,20.0,1.27,0.0,1
2021-04-30 06:00:00,28.8,71,144.0,1.2,0.0,18
2021-04-30 07:00:00,31.1,55,357.0,1.52,0.0,1
2021-04-30 08:00:00,32.8,48,566.0,1.7,0.0,1
2021-04-30 09:00:00,34.1,43,726.0,1.75,0.0,7
2021-04-30 10:00:00,35.2,40,826.0,2.12,0.0,38
2021-04-30 11:00:00,35.6,38,822.0,2.6,0.0,29
2021-04-30 12:00:00,34.8,40,780.0,3.81,0.2,44
2021-04-30 13:00:00,35.2,36,665.0,1.4,0.0,83
2021-04-30 14:00:00,33.3,44,452.0,3.11,0.0,79
2021-04-30 15:00:00,33.0,44,380.0,3.4,0.0,37
2021-04-30 16:00:00,32.6,46,238.0,2.26,0.0,51
2021-04-30 17:00:00,31.2,56,90.0,2.2,0.0,48
2021-04-30 18:00:00,30.0,63,5.0,2.02,0.0,28
2021-04-30 19:00:00,29.1,68,0.0,1.44,0.0,23
2021-04-30 20:00:00,28.3,72,0.0,1.56,0.0,5
2021-04-30 21:00:00,27.6,77,0.0,1.75,0.0,19
2021-04-30 22:00:00,27.5,78,0.0,1.66,0.0,16
2021-04-30 23:00:00,28.4,73,0.0,1.22,0.0,8
2021-05-01 00:00:00,27.9,76,0.0,1.36,0.0,5
2021-05-01 01:00:00,27.3,83,0.0,1.32,0.0,36
2021-05-01 02:00:00,26.8,89,0.0,1.12,0.0,45
2021-05-01 03:00:00,25.8,93,0.0,1.3,0.0,1
2021-05-01 04:00:00,25.0,94,0.0,1.49,0.0,1
2021-05-01 05:00:00,27.2,64,21.0,4.38,0.0,1
2021-05-01 06:00:00,28.6,58,150.0,3.24,0.0,36
2021-05-01 07:00:00,29.6,61,326.0,3.14,0.0,22
2021-05-01 08:00:00,31.9,51,546.0,2.6,0.0,15
2021-05-01 09:00:00,32.9,47,703.0,1.98,0.0,41
2021-05-01 10:00:00,31.4,54,702.0,3.54,0.4,61
2021-05-01 11:00:00,32.6,50,638.0,3.76,0.0,84
2021-05-01 12:00:00,31.3,56,616.0,2.48,0.0,44
2021-05-01 13:00:00,32.6,49,670.0,1.71,0.1,38
2021-05-01 14:00:00,32.6,49,552.0,2.12,0.2,66
2021-05-01 15:00:00,31.8,51,408.0,2.1,0.3,65
2021-05-01 16:00:00,31.4,54,218.0,1.93,0.0,59
2021-05-01 17:00:00,28.0,70,92.0,2.87,0.0,31
2021-05-01 18:00:00,27.2,74,5.0,2.13,0.0,21
2021-05-01 19:00:00,26.5,78,0.0,1.3,0.0,15
2021-05-01 20:00:00,26.1,80,0.0,1.24,0.0,17
2021-05-01 21:00:00,25.4,84,0.0,1.63,0.0,10
2021-05-01 22:00:00,26.2,80,0.0,0.72,0.0,9
2021-05-01 23:00:00,24.7,90,0.0,0.85,0.0,6
2021-05-02 00:00:00,24.5,89,0.0,1.25,0.0,11
2021-05-02 01:00:00,24.0,90,0.0,1.3,0.0,2
2021-05-02 02:00:00,23.8,93,0.0,1.08,0.0,1
2021-05-02 03:00:00,23.7,94,0.0,0.92,0.0,10
2021-05-02 04:00:00,23.6,96,0.0,1.04,0.0,24
2021-05-02 05:00:00,24.7,80,19.0,2.06,0.0,14
2021-05-02 06:00:00,26.2,71,135.0,1.36,0.0,62
2021-05-02 07:00:00,27.4,69,236.0,1.97,0.0,43
2021-05-02 08:00:00,29.2,62,411.0,2.1,0.0,34
2021-05-02 09:00:00,29.4,62,575.0,2.0,0.3,76
2021-05-02 10:00:00,25.0,83,525.0,3.94,11.0,96
2021-05-02 11:00:00,27.6,71,561.0,1.58,0.2,54
2021-05-02 12:00:00,29.3,65,747.0,0.5,0.0,66
2021-05-02 13:00:00,30.3,58,657.0,1.55,0.0,59
2021-05-02 14:00:00,30.4,55,603.0,1.88,0.0,80
2021-05-02 15:00:00,30.3,54,401.0,1.73,0.0,65
2021-05-02 16:00:00,29.9,56,264.0,1.53,0.0,30
2021-05-02 17:00:00,28.0,69,95.0,0.95,0.0,40
2021-05-02 18:00:00,26.6,77,5.0,1.26,0.0,60
2021-05-02 19:00:00,26.1,81,0.0,1.32,0.0,54
2021-05-02 20:00:00,25.7,84,0.0,1.7,0.0,64
2021-05-02 21:00:00,26.5,79,0.0,0.98,0.0,12
2021-05-02 22:00:00,26.0,83,0.0,0.5,0.0,100
2021-05-02 23:00:00,25.4,88,0.0,0.64,0.0,94
2021-05-03 00:00:00,24.6,93,0.0,0.64,0.0,96
2021-05-03 01:00:00,24.4,89,0.0,1.43,0.0,93
2021-05-03 02:00:00,24.2,87,0.0,1.12,0.0,95
2021-05-03 03:00:00,23.7,89,0.0,1.32,0.0,99
2021-05-03 04:00:00,24.3,84,0.0,0.3,0.0,99
2021-05-03 05:00:00,22.8,89,15.0,0.22,0.0,98
2021-05-03 06:00:00,23.2,88,73.0,0.28,0.2,100
2021-05-03 07:00:00,24.3,84,232.0,0.61,0.1,95
2021-05-03 08:00:00,25.7,77,393.0,1.28,0.0,87
2021-05-03 09:00:00,27.0,71,571.0,1.03,0.0,79
2021-05-03 10:00:00,28.9,64,797.0,0.6,0.0,49
2021-05-03 11:00:00,29.6,62,820.0,1.17,0.1,42
2021-05-03 12:00:00,29.8,62,828.0,1.43,0.1,71
2021-05-03 13:00:00,29.0,64,638.0,1.36,0.1,88
2021-05-03 14:00:00,28.1,69,347.0,2.16,0.6,96
2021-05-03 15:00:00,27.9,72,229.0,2.11,1.2,93
2021-05-03 16:00:00,27.6,72,189.0,2.1,0.9,91
2021-05-03 17:00:00,26.8,83,74.0,0.82,1.6,82
2021-05-03 18:00:00,25.8,82,4.0,1.44,0.4,78
2021-05-03 19:00:00,25.0,87,0.0,1.25,0.0,67
2021-05-03 20:00:00,24.4,90,0.0,1.17,0.7,41
2021-05-03 21:00:00,24.0,92,0.0,1.25,0.0,53
2021-05-03 22:00:00,23.7,94,0.0,0.94,0.0,39
2021-05-03 23:00:00,23.6,96,0.0,0.67,0.0,44
2021-05-04 00:00:00,23.4,98,0.0,0.86,0.0,43
2021-05-04 01:00:00,23.3,98,0.0,1.2,0.0,39
2021-05-04 02:00:00,23.4,97,0.0,0.61,0.0,28
2021-05-04 03:00:00,22.9,99,0.0,0.8,0.0,58
2021-05-04 04:00:00,22.4,100,0.0,2.33,0.3,94
2021-05-04 05:00:00,21.8,97,14.0,2.08,0.3,100
2021-05-04 06:00:00,22.0,95,63.0,0.61,0.9,97
2021-05-04 07:00:00,23.1,89,170.0,1.03,0.0,100
2021-05-04 08:00:00,25.0,78,381.0,1.84,0.0,100
2021-05-04 09:00:00,26.5,70,457.0,0.51,0.0,99
2021-05-04 10:00:00,27.2,68,479.0,1.2,0.0,100
2021-05-04 11:00:00,28.5,65,767.0,1.56,0.0,97
2021-05-04 12:00:00,29.3,64,857.0,2.31,0.0,96
2021-05-04 13:00:00,29.3,62,677.0,2.31,0.0,94
2021-05-04 14:00:00,29.0,62,435.0,1.96,0.0,94
2021-05-04 15:00:00,29.0,61,435.0,2.47,0.0,93
2021-05-04 16:00:00,28.1,66,226.0,2.45,0.0,98
2021-05-04 17:00:00,26.3,73,72.0,1.8,0.0,98
2021-05-04 18:00:00,24.7,86,5.0,1.41,0.0,100
2021-05-04 19:00:00,25.0,86,0.0,1.1,0.0,99
2021-05-04 20:00:00,25.3,82,0.0,1.03,0.0,98
2021-05-04 21:00:00,24.5,88,0.0,1.2,0.0,98
2021-05-04 22:00:00,23.9,91,0.0,1.35,0.0,98
2021-05-04 23:00:00,23.3,93,0.0,1.58,0.0,98
2021-05-05 00:00:00,24.3,87,0.0,0.81,0.0,97
2021-05-05 01:00:00,23.7,92,0.0,0.5,0.0,99
2021-05-05 02:00:00,23.0,97,0.0,0.85,0.0,100
2021-05-05 03:00:00,23.1,98,0.0,0.64,0.0,100
2021-05-05 04:00:00,22.8,98,0.0,0.92,0.0,100
2021-05-05 05:00:00,23.3,90,12.0,0.7,0.4,99
2021-05-05 06:00:00,23.7,87,89.0,0.76,0.3,97
2021-05-05 07:00:00,24.6,83,214.0,1.3,0.1,96
2021-05-05 08:00:00,25.8,81,450.0,1.84,0.2,98
2021-05-05 09:00:00,26.6,81,579.0,1.43,0.4,97
2021-05-05 10:00:00,28.1,69,666.0,1.04,0.5,95
2021-05-05 11:00:00,25.8,77,385.0,2.42,6.1,93
2021-05-05 12:00:00,24.6,83,230.0,1.4,0.5,100
2021-05-05 13:00:00,25.6,79,264.0,1.14,0.0,100
2021-05-05 14:00:00,26.8,74,423.0,1.08,0.0,100
2021-05-05 15:00:00,27.4,72,371.0,1.53,0.1,98
2021-05-05 16:00:00,26.2,77,210.0,1.56,1.1,98
2021-05-05 17:00:00,24.1,85,74.0,0.94,0.0,100
2021-05-05 18:00:00,23.2,93,5.0,1.04,0.0,95
2021-05-05 19:00:00,23.1,94,0.0,1.34,0.0,79
2021-05-05 20:00:00,23.2,93,0.0,1.08,0.0,40
2021-05-05 21:00:00,23.1,95,0.0,1.53,0.0,38
2021-05-05 22:00:00,22.8,96,0.0,1.57,0.0,36
2021-05-05 23:00:00,22.7,97,0.0,2.18,0.0,26
2021-05-06 00:00:00,22.4,98,0.0,1.4,0.0,17
2021-05-06 01:00:00,22.0,98,0.0,1.32,0.0,20
2021-05-06 02:00:00,22.1,98,0.0,1.06,0.0,25
2021-05-06 03:00:00,22.2,98,0.0,1.08,0.0,29
2021-05-06 04:00:00,22.3,98,0.0,1.65,0.0,100
2021-05-06 05:00:00,22.6,94,17.0,3.32,0.0,99
2021-05-06 06:00:00,23.5,88,105.0,3.34,0.0,95
2021-05-06 07:00:00,24.8,81,228.0,3.16,0.0,100
2021-05-06 08:00:00,25.7,77,273.0,3.07,0.0,98
2021-05-06 09:00:00,26.8,71,370.0,3.0,0.0,99
2021-05-06 10:00:00,27.5,70,528.0,2.34,0.2,97
2021-05-06 11:00:00,27.0,73,536.0,2.33,2.2,95
2021-05-06 12:00:00,26.5,75,514.0,1.68,2.9,89
2021-05-06 13:00:00,27.4,72,490.0,1.52,0.1,65
2021-05-06 14:00:00,27.7,72,486.0,1.32,0.1,72
2021-05-06 15:00:00,27.8,72,391.0,1.77,0.1,85
2021-05-06 16:00:00,27.4,74,208.0,1.36,0.1,84
2021-05-06 17:00:00,25.4,78,90.0,1.35,3.4,70
2021-05-06 18:00:00,23.8,89,6.0,1.41,0.0,11
2021-05-06 19:00:00,23.2,93,0.0,1.46,0.0,11
2021-05-06 20:00:00,23.2,92,0.0,1.6,0.0,7
2021-05-06 21:00:00,22.6,94,0.0,1.41,0.0,4
2021-05-06 22:00:00,22.1,96,0.0,1.43,0.0,3
2021-05-06 23:00:00,22.2,97,0.0,1.34,0.0,2
2021-05-07 00:00:00,21.7,98,0.0,1.3,0.0,3
2021-05-07 01:00:00,21.2,98,0.0,1.6,0.0,15
2021-05-07 02:00:00,21.3,99,0.0,1.41,0.0,18
2021-05-07 03:00:00,21.5,97,0.0,1.26,0.0,49
2021-05-07 04:00:00,21.1,98,0.0,1.3,0.1,64
2021-05-07 05:00:00,22.5,94,18.0,0.36,0.1,93
2021-05-07 06:00:00,23.2,92,101.0,0.0,0.5,96
2021-05-07 07:00:00,23.7,90,191.0,0.7,0.6,99
2021-05-07 08:00:00,24.5,86,298.0,0.58,0.4,100
2021-05-07 09:00:00,24.7,87,251.0,0.1,0.6,96
2021-05-07 10:00:00,25.9,81,400.0,0.85,0.3,57
2021-05-07 11:00:00,27.5,78,736.0,0.3,0.2,54
2021-05-07 12:00:00,28.3,76,674.0,1.3,0.3,78
2021-05-07 13:00:00,28.8,74,728.0,1.25,0.2,65
2021-05-07 14:00:00,28.6,72,559.0,1.58,0.2,50
2021-05-07 15:00:00,28.3,71,360.0,0.4,0.1,59
2021-05-07 16:00:00,27.2,73,185.0,0.78,2.3,64
2021-05-07 17:00:00,26.6,77,66.0,0.95,0.0,93
2021-05-07 18:00:00,25.2,84,6.0,1.13,0.0,45
2021-05-07 19:00:00,25.1,83,0.0,1.79,0.0,34
2021-05-07 20:00:00,24.6,85,0.0,1.88,0.1,64
2021-05-07 21:00:00,24.3,87,0.0,1.97,0.0,68
2021-05-07 22:00:00,23.8,90,0.0,1.75,0.0,78
2021-05-07 23:00:00,23.4,92,0.0,1.36,0.2,92
2021-05-08 00:00:00,22.9,94,0.0,2.33,1.5,93
2021-05-08 01:00:00,22.6,95,0.0,2.69,0.1,95
2021-05-08 02:00:00,22.3,98,0.0,1.68,3.6,100
2021-05-08 03:00:00,22.0,99,0.0,1.99,2.2,99
2021-05-08 04:00:00,22.0,98,0.0,1.94,1.1,100
2021-05-08 05:00:00,21.9,97,9.0,2.91,0.5,99
2021-05-08 06:00:00,22.0,98,57.0,2.27,0.7,100
2021-05-08 07:00:00,22.6,97,126.0,1.64,1.8,100
2021-05-08 08:00:00,23.2,93,203.0,2.0,0.8,99
2021-05-08 09:00:00,23.9,88,297.0,2.55,0.5,99
2021-05-08 10:00:00,24.5,85,333.0,1.92,0.8,99
2021-05-08 11:00:00,25.0,83,363.0,1.79,1.9,100
2021-05-08 12:00:00,26.0,80,455.0,1.3,0.2,99
2021-05-08 13:00:00,27.5,71,622.0,0.22,0.0,77
2021-05-08 14:00:00,28.2,68,608.0,0.94,0.0,36
2021-05-08 15:00:00,28.3,66,434.0,1.3,0.0,64
2021-05-08 16:00:00,27.8,69,267.0,1.75,0.0,33
2021-05-08 17:00:00,26.1,75,96.0,1.7,0.0,31
2021-05-08 18:00:00,24.3,85,7.0,1.39,0.0,7
2021-05-08 19:00:00,23.5,91,0.0,1.46,0.0,21
2021-05-08 20:00:00,23.4,92,0.0,1.14,0.1,39
2021-05-08 21:00:00,23.5,91,0.0,1.22,0.0,35
2021-05-08 22:00:00,23.5,91,0.0,1.41,0.0,32
2021-05-08 23:00:00,23.1,92,0.0,1.2,0.0,19
2021-05-09 00:00:00,22.8,94,0.0,1.43,0.0,29
2021-05-09 01:00:00,22.4,96,0.0,1.12,0.0,37
2021-05-09 02:00:00,22.4,96,0.0,1.36,0.0,28
2021-05-09 03:00:00,22.1,96,0.0,1.28,0.0,45
2021-05-09 04:00:00,21.8,97,0.0,0.89,0.0,33
2021-05-09 05:00:00,22.3,93,22.0,0.89,0.1,48
2021-05-09 06:00:00,23.1,90,129.0,1.0,0.2,31
2021-05-09 07:00:00,24.3,86,289.0,1.36,0.0,12
2021-05-09 08:00:00,26.3,78,534.0,1.71,0.0,7
2021-05-09 09:00:00,28.0,69,727.0,1.3,0.0,3
2021-05-09 10:00:00,29.5,64,853.0,0.85,0.0,5
2021-05-09 11:00:00,30.6,60,896.0,1.35,0.0,16
2021-05-09 12:00:00,30.9,58,877.0,2.6,0.1,23
2021-05-09 13:00:00,30.6,58,778.0,2.3,0.3,33
2021-05-09 14:00:00,29.5,62,611.0,3.81,0.3,47
2021-05-09 15:00:00,29.1,67,371.0,2.79,0.0,41
2021-05-09 16:00:00,28.3,72,268.0,2.56,0.4,37
2021-05-09 17:00:00,27.5,76,105.0,2.12,0.0,28
2021-05-09 18:00:00,26.1,85,6.0,1.63,0.0,34
2021-05-09 19:00:00,25.5,88,0.0,1.51,0.0,25
2021-05-09 20:00:00,25.5,89,0.0,1.77,0.0,16
2021-05-09 21:00:00,25.0,92,0.0,1.58,0.0,8
2021-05-09 22:00:00,24.4,95,0.0,1.3,0.0,45
2021-05-09 23:00:00,24.4,92,0.0,2.9,0.5,72
2021-05-10 00:00:00,23.8,92,0.0,3.54,0.0,61
2021-05-10 01:00:00,23.1,96,0.0,2.52,0.1,82
2021-05-10 02:00:00,22.6,95,0.0,2.11,0.1,94
2021-05-10 03:00:00,21.9,95,0.0,2.12,1.6,93
2021-05-10 04:00:00,21.4,95,0.0,1.84,2.7,100
2021-05-10 05:00:00,23.5,93,13.0,0.36,2.4,94
2021-05-10 06:00:00,23.8,91,117.0,0.32,0.1,50
2021-05-10 07:00:00,24.6,84,257.0,0.63,0.1,53
2021-05-10 08:00:00,25.8,79,406.0,1.33,0.0,30
2021-05-10 09:00:00,27.6,72,663.0,1.87,0.0,38
2021-05-10 10:00:00,28.7,70,713.0,2.14,0.1,51
2021-05-10 11:00:00,27.8,72,664.0,2.6,3.3,43
2021-05-10 12:00:00,28.3,70,557.0,1.73,0.2,34
2021-05-10 13:00:00,29.4,65,714.0,1.65,0.0,54
2021-05-10 14:00:00,28.9,67,572.0,1.9,1.2,53
2021-05-10 15:00:00,28.7,68,344.0,0.36,0.0,59
2021-05-10 16:00:00,28.0,68,215.0,0.32,0.5,73
2021-05-10 17:00:00,27.4,76,86.0,1.75,0.0,58
2021-05-10 18:00:00,25.8,85,6.0,2.6,0.1,43
2021-05-10 19:00:00,24.9,87,0.0,1.39,0.0,37
2021-05-10 20:00:00,24.4,90,0.0,1.12,0.0,28
2021-05-10 21:00:00,24.1,93,0.0,1.17,0.0,39
2021-05-10 22:00:00,24.0,95,0.0,1.3,0.0,68
2021-05-10 23:00:00,23.8,98,0.0,2.55,0.0,99
2021-05-11 00:00:00,23.2,95,0.0,2.14,0.1,71
2021-05-11 01:00:00,22.8,96,0.0,0.71,2.3,89
2021-05-11 02:00:00,22.4,97,0.0,0.58,0.8,100
2021-05-11 03:00:00,22.2,98,0.0,0.91,2.0,100
2021-05-11 04:00:00,22.0,96,0.0,1.42,2.5,98
2021-05-11 05:00:00,22.8,91,12.0,0.54,3.6,87
2021-05-11 06:00:00,23.4,88,134.0,0.64,0.0,51
2021-05-11 07:00:00,24.2,85,264.0,0.78,0.2,44
2021-05-11 08:00:00,25.2,80,377.0,1.68,0.1,48
2021-05-11 09:00:00,27.0,71,636.0,1.3,0.0,33
2021-05-11 10:00:00,28.3,65,814.0,0.58,0.0,17
2021-05-11 11:00:00,29.3,61,867.0,0.42,0.1,45
2021-05-11 12:00:00,29.5,60,673.0,0.86,0.0,29
2021-05-11 13:00:00,28.7,64,689.0,1.53,0.7,67
2021-05-11 14:00:00,28.4,65,458.0,1.5,0.4,84
2021-05-11 15:00:00,27.4,71,281.0,1.81,0.0,81
2021-05-11 16:00:00,26.8,75,167.0,1.63,0.0,94
2021-05-11 17:00:00,24.4,87,73.0,0.76,0.0,96
2021-05-11 18:00:00,24.2,86,4.0,0.0,0.5,98
2021-05-11 19:00:00,23.4,93,0.0,1.6,2.6,100
2021-05-11 20:00:00,23.1,93,0.0,1.9,0.8,98
2021-05-11 21:00:00,22.8,93,0.0,1.1,0.2,94
2021-05-11 22:00:00,22.6,95,0.0,2.43,0.1,95
2021-05-11 23:00:00,22.3,96,0.0,2.31,1.4,100
2021-05-12 00:00:00,22.4,94,0.0,3.5,1.3,96
2021-05-12 01:00:00,22.1,97,0.0,3.4,1.1,99
2021-05-12 02:00:00,22.1,96,0.0,5.61,0.8,99
2021-05-12 03:00:00,22.1,97,0.0,1.0,10.7,100
2021-05-12 04:00:00,22.1,97,0.0,1.55,37.3,100
2021-05-12 05:00:00,22.0,93,1.0,1.7,14.6,100
2021-05-12 06:00:00,22.8,89,103.0,1.84,0.1,85
2021-05-12 07:00:00,23.9,84,247.0,0.8,0.0,64
2021-05-12 08:00:00,24.9,81,436.0,1.77,0.1,57
2021-05-12 09:00:00,25.5,80,578.0,1.62,0.2,47
2021-05-12 10:00:00,26.8,74,705.0,1.36,0.1,29
2021-05-12 11:00:00,27.9,71,781.0,1.58,0.1,43
2021-05-12 12:00:00,28.1,70,778.0,1.71,0.1,37
2021-05-12 13:00:00,28.2,66,752.0,1.21,0.0,55
2021-05-12 14:00:00,28.2,65,531.0,1.34,0.1,60
2021-05-12 15:00:00,27.4,69,355.0,0.32,0.7,76
2021-05-12 16:00:00,27.0,70,194.0,1.35,0.1,92
2021-05-12 17:00:00,26.3,75,68.0,0.86,0.8,96
2021-05-12 18:00:00,24.4,88,7.0,1.2,0.1,62
2021-05-12 19:00:00,23.8,93,0.0,0.91,2.2,97
2021-05-12 20:00:00,23.5,93,0.0,0.2,1.7,91
2021-05-12 21:00:00,23.4,94,0.0,0.54,0.7,95
2021-05-12 22:00:00,23.5,90,0.0,0.42,0.8,76
2021-05-12 23:00:00,23.1,92,0.0,1.08,0.6,83
2021-05-13 00:00:00,22.8,94,0.0,0.99,0.0,79
2021-05-13 01:00:00,22.4,95,0.0,1.58,0.0,58
2021-05-13 02:00:00,22.0,97,0.0,1.77,0.2,88
2021-05-13 03:00:00,21.7,98,0.0,2.13,0.7,97
2021-05-13 04:00:00,21.5,98,0.0,1.17,2.3,100
2021-05-13 05:00:00,22.0,96,9.0,1.36,3.5,100
2021-05-13 06:00:00,22.2,98,86.0,1.02,0.5,97
2021-05-13 07:00:00,23.0,94,218.0,1.22,0.4,100
2021-05-13 08:00:00,23.5,91,210.0,1.48,0.9,100
2021-05-13 09:00:00,24.9,83,451.0,2.02,0.5,57
2021-05-13 10:00:00,26.1,78,618.0,1.56,0.7,48
2021-05-13 11:00:00,27.6,72,806.0,0.94,0.0,85
2021-05-13 12:00:00,27.9,71,645.0,2.22,0.1,92
2021-05-13 13:00:00,27.3,73,533.0,2.81,0.4,87
2021-05-13 14:00:00,27.0,77,340.0,2.32,0.2,66
2021-05-13 15:00:00,27.0,78,460.0,1.71,1.7,32
2021-05-13 16:00:00,26.8,78,255.0,0.71,0.0,61
2021-05-13 17:00:00,26.1,82,87.0,1.49,0.2,100
2021-05-13 18:00:00,24.9,88,5.0,1.96,0.1,96
2021-05-13 19:00:00,24.3,90,0.0,1.93,0.2,99
2021-05-13 20:00:00,23.5,92,0.0,1.97,0.1,89
2021-05-13 21:00:00,23.1,94,0.0,0.73,0.0,42
2021-05-13 22:00:00,22.6,96,0.0,0.81,0.0,37
2021-05-13 23:00:00,22.8,97,0.0,1.57,0.0,51
2021-05-14 00:00:00,22.5,96,0.0,1.2,1.2,100
2021-05-14 01:00:00,22.3,96,0.0,1.0,2.4,100
2021-05-14 02:00:00,22.1,96,0.0,0.28,1.8,100
2021-05-14 03:00:00,22.0,96,0.0,0.86,0.8,100
2021-05-14 04:00:00,21.9,95,0.0,1.21,0.1,100
2021-05-14 05:00:00,22.1,96,14.0,2.42,0.1,100
2021-05-14 06:00:00,22.3,94,84.0,1.86,1.0,43
2021-05-14 07:00:00,22.7,93,229.0,1.71,0.9,81
2021-05-14 08:00:00,23.3,92,328.0,1.6,0.5,95
2021-05-14 09:00:00,25.0,83,520.0,2.2,0.5,52
2021-05-14 10:00:00,26.3,79,664.0,3.18,0.1,41
2021-05-14 11:00:00,27.5,77,800.0,2.51,0.0,16
2021-05-14 12:00:00,28.5,73,878.0,3.11,0.0,12
2021-05-14 13:00:00,29.2,71,787.0,2.9,0.0,17
2021-05-14 14:00:00,27.6,77,642.0,3.5,0.7,41
2021-05-14 15:00:00,27.5,77,330.0,2.41,0.1,25
2021-05-14 16:00:00,27.4,76,284.0,2.04,0.0,20
2021-05-14 17:00:00,27.1,83,107.0,0.91,0.0,11
2021-05-14 18:00:00,25.1,90,9.0,1.02,0.1,49
2021-05-14 19:00:00,25.1,91,0.0,1.51,0.3,23
2021-05-14 20:00:00,24.8,88,0.0,1.46,0.2,35
2021-05-14 21:00:00,24.2,90,0.0,1.41,0.0,57
2021-05-14 22:00:00,23.6,90,0.0,1.14,0.0,60
2021-05-14 23:00:00,23.1,89,0.0,1.06,0.1,100
2021-05-15 00:00:00,22.7,91,0.0,0.72,0.1,26
2021-05-15 01:00:00,22.2,94,0.0,1.0,0.2,38
2021-05-15 02:00:00,21.8,96,0.0,1.33,0.3,38
2021-05-15 03:00:00,21.6,97,0.0,0.64,0.1,45
2021-05-15 04:00:00,21.5,98,0.0,0.32,0.3,53
2021-05-15 05:00:00,22.6,96,23.0,1.27,0.3,44
2021-05-15 06:00:00,23.0,94,116.0,0.58,0.9,51
2021-05-15 07:00:00,23.6,93,267.0,0.45,0.8,100
2021-05-15 08:00:00,23.8,92,309.0,0.42,0.8,100
2021-05-15 09:00:00,25.0,82,450.0,1.71,0.3,68
2021-05-15 10:00:00,25.6,81,540.0,2.22,0.2,88
2021-05-15 11:00:00,26.3,80,474.0,2.0,0.1,72
2021-05-15 12:00:00,27.7,75,680.0,2.57,0.0,67
2021-05-15 13:00:00,28.1,73,522.0,2.47,0.0,93
2021-05-15 14:00:00,28.2,73,426.0,2.11,0.0,11
2021-05-15 15:00:00,28.5,73,488.0,1.86,0.0,19
2021-05-15 16:00:00,28.1,76,252.0,1.17,0.0,33
2021-05-15 17:00:00,27.7,87,100.0,1.2,0.1,46
2021-05-15 18:00:00,26.4,89,8.0,1.52,0.0,15
2021-05-15 19:00:00,25.9,90,0.0,1.2,0.8,59
2021-05-15 20:00:00,24.8,93,0.0,2.14,3.3,96
2021-05-15 21:00:00,23.9,96,0.0,2.39,0.8,55
2021-05-15 22:00:00,23.7,97,0.0,2.08,0.5,54
2021-05-15 23:00:00,23.3,98,0.0,2.0,0.2,69
2021-05-16 00:00:00,23.0,99,0.0,2.19,0.4,93
2021-05-16 01:00:00,22.8,99,0.0,2.6,0.5,96
2021-05-16 02:00:00,22.7,98,0.0,2.8,0.2,50
2021-05-16 03:00:00,22.6,98,0.0,3.57,0.6,65
2021-05-16 04:00:00,22.6,97,0.0,2.01,0.5,93
2021-05-16 05:00:00,22.3,97,15.0,2.7,0.9,96
2021-05-16 06:00:00,23.0,91,90.0,3.0,0.1,91
2021-05-16 07:00:00,23.9,88,197.0,3.47,0.1,100
2021-05-16 08:00:00,24.8,84,312.0,3.16,0.1,98
2021-05-16 09:00:00,25.2,82,336.0,2.91,0.2,100
2021-05-16 10:00:00,25.8,79,372.0,2.91,0.1,83
2021-05-16 11:00:00,26.7,76,388.0,2.0,0.1,81
2021-05-16 12:00:00,27.4,73,410.0,2.28,0.0,86
2021-05-16 13:00:00,27.5,74,408.0,2.83,0.0,100
2021-05-16 14:00:00,28.0,72,526.0,2.33,0.0,80
2021-05-16 15:00:00,28.1,72,392.0,2.13,0.0,92
2021-05-16 16:00:00,27.6,74,243.0,2.62,0.0,99
2021-05-16 17:00:00,26.6,77,94.0,2.92,0.0,40
2021-05-16 18:00:00,25.5,83,8.0,2.46,0.0,33
2021-05-16 19:00:00,25.0,86,0.0,2.19,0.0,34
2021-05-16 20:00:00,24.4,88,0.0,2.33,0.0,40
2021-05-16 21:00:00,24.0,90,0.0,3.06,0.0,42
2021-05-16 22:00:00,23.6,91,0.0,3.11,0.0,34
2021-05-16 23:00:00,23.2,92,0.0,2.79,0.1,64
2021-05-17 00:00:00,23.0,92,0.0,3.04,0.3,43
2021-05-17 01:00:00,22.6,95,0.0,2.5,0.5,39
2021-05-17 02:00:00,22.5,96,0.0,2.42,1.2,41
2021-05-17 03:00:00,22.3,97,0.0,2.4,0.3,49
2021-05-17 04:00:00,22.2,97,0.0,2.2,0.2,64
2021-05-17 05:00:00,22.7,97,23.0,2.93,0.0,80
2021-05-17 06:00:00,23.3,94,119.0,3.11,1.0,83
2021-05-17 07:00:00,23.7,94,231.0,2.94,1.7,80
2021-05-17 08:00:00,25.0,84,336.0,3.86,1.3,92
2021-05-17 09:00:00,25.9,84,419.0,3.49,1.7,93
2021-05-17 10:00:00,26.9,84,567.0,2.94,1.9,44
2021-05-17 11:00:00,27.0,87,595.0,2.91,0.9,62
2021-05-17 12:00:00,27.6,81,573.0,1.7,1.0,98
2021-05-17 13:00:00,27.8,79,464.0,0.73,1.4,70
2021-05-17 14:00:00,27.9,78,450.0,0.81,0.2,68
2021-05-17 15:00:00,27.6,80,295.0,0.42,0.2,67
2021-05-17 16:00:00,27.0,83,162.0,0.98,0.5,94
2021-05-17 17:00:00,26.0,83,60.0,2.37,0.1,72
2021-05-17 18:00:00,25.2,86,7.0,2.25,0.0,62
2021-05-17 19:00:00,24.9,87,0.0,2.67,0.0,56
2021-05-17 20:00:00,24.3,88,0.0,2.75,0.0,47
2021-05-17 21:00:00,23.8,89,0.0,2.97,0.1,38
2021-05-17 22:00:00,23.4,91,0.0,2.63,0.1,63
2021-05-17 23:00:00,23.2,92,0.0,2.5,0.1,81
2021-05-18 00:00:00,22.9,94,0.0,2.51,0.6,74
2021-05-18 01:00:00,22.6,94,0.0,2.12,0.2,98
2021-05-18 02:00:00,22.4,95,0.0,2.01,1.3,100
2021-05-18 03:00:00,22.4,95,0.0,2.01,2.9,100
2021-05-18 04:00:00,22.3,95,0.0,2.12,4.5,97
2021-05-18 05:00:00,22.7,94,7.0,1.92,2.3,97
2021-05-18 06:00:00,23.2,93,109.0,1.84,1.4,88
2021-05-18 07:00:00,24.0,92,255.0,1.94,1.2,85
2021-05-18 08:00:00,25.0,85,357.0,3.01,0.7,99
2021-05-18 09:00:00,25.5,85,375.0,1.75,0.3,98
2021-05-18 10:00:00,26.0,84,358.0,1.55,0.1,75
2021-05-18 11:00:00,27.4,78,599.0,1.71,0.1,61
2021-05-18 12:00:00,28.2,76,637.0,1.92,0.1,53
2021-05-18 13:00:00,28.4,77,518.0,1.35,0.0,100
2021-05-18 14:00:00,28.4,77,304.0,1.33,0.0,98
2021-05-18 15:00:00,28.0,79,170.0,1.32,0.0,100
2021-05-18 16:00:00,27.8,81,143.0,0.45,0.1,96
2021-05-18 17:00:00,27.6,83,61.0,0.92,0.8,86
2021-05-18 18:00:00,26.0,93,8.0,1.03,0.2,76
2021-05-18 19:00:00,25.6,95,0.0,0.72,0.1,70
2021-05-18 20:00:00,25.5,95,0.0,1.1,0.0,56
2021-05-18 21:00:00,25.3,96,0.0,1.36,0.0,38
2021-05-18 22:00:00,24.7,97,0.0,1.1,0.0,27
2021-05-18 23:00:00,24.4,98,0.0,1.12,0.0,100
2021-05-19 00:00:00,24.6,96,0.0,0.58,0.4,61
2021-05-19 01:00:00,24.3,96,0.0,1.14,0.8,49
2021-05-19 02:00:00,24.0,98,0.0,0.58,0.7,96
2021-05-19 03:00:00,23.7,99,0.0,0.41,0.8,100
2021-05-19 04:00:00,23.8,97,0.0,1.42,1.7,100
2021-05-19 05:00:00,24.0,96,13.0,2.7,3.0,99
2021-05-19 06:00:00,24.4,96,133.0,2.71,0.6,49
2021-05-19 07:00:00,25.4,91,266.0,3.11,0.5,45
2021-05-19 08:00:00,26.6,87,442.0,3.64,0.5,48
2021-05-19 09:00:00,27.1,86,589.0,3.92,0.6,52
2021-05-19 10:00:00,28.1,83,599.0,3.38,0.2,28
2021-05-19 11:00:00,30.2,76,814.0,2.95,0.1,65
2021-05-19 12:00:00,30.9,71,702.0,4.71,0.3,96
2021-05-19 13:00:00,30.4,73,638.0,4.12,0.5,39
2021-05-19 14:00:00,31.2,69,613.0,5.2,0.1,37
2021-05-19 15:00:00,30.9,70,420.0,4.98,0.0,50
2021-05-19 16:00:00,30.1,73,269.0,4.93,0.0,41
2021-05-19 17:00:00,29.5,74,108.0,4.7,0.0,23
2021-05-19 18:00:00,28.8,77,10.0,3.52,0.0,39
2021-05-19 19:00:00,28.0,82,0.0,2.14,0.0,28
2021-05-19 20:00:00,26.6,90,0.0,1.84,0.0,28
2021-05-19 21:00:00,27.8,82,0.0,1.24,0.0,42
2021-05-19 22:00:00,25.9,93,0.0,1.46,0.0,61
2021-05-19 23:00:00,25.3,95,0.0,1.61,0.0,78
2021-05-20 00:00:00,26.5,91,0.0,0.92,0.0,85
2021-05-20 01:00:00,25.9,92,0.0,1.2,0.0,91
2021-05-20 02:00:00,25.4,96,0.0,2.0,0.0,95
2021-05-20 03:00:00,25.0,98,0.0,2.0,0.0,82
2021-05-20 04:00:00,24.8,97,0.0,1.0,0.1,77
2021-05-20 05:00:00,26.2,91,28.0,3.48,0.2,83
2021-05-20 06:00:00,27.4,88,123.0,3.32,0.2,25
2021-05-20 07:00:00,29.4,81,349.0,3.91,0.0,45
2021-05-20 08:00:00,31.2,73,581.0,5.33,0.0,64
2021-05-20 09:00:00,31.8,68,747.0,6.76,0.1,34
2021-05-20 10:00:00,32.3,66,770.0,6.94,0.2,23
2021-05-20 11:00:00,32.6,67,785.0,6.73,0.1,32
2021-05-20 12:00:00,31.8,71,716.0,6.71,0.4,77
2021-05-20 13:00:00,31.4,72,662.0,7.14,0.4,85
2021-05-20 14:00:00,30.4,77,631.0,7.47,0.1,100
2021-05-20 15:00:00,30.0,80,284.0,6.12,0.0,100
2021-05-20 16:00:00,29.9,80,264.0,5.64,0.0,97
2021-05-20 17:00:00,26.8,90,103.0,6.74,0.0,98
2021-05-20 18:00:00,26.3,93,3.0,4.73,0.9,100
2021-05-20 19:00:00,26.2,94,0.0,3.93,0.5,100
2021-05-20 20:00:00,26.1,95,0.0,2.42,0.4,100
2021-05-20 21:00:00,25.8,95,0.0,2.62,0.0,100
2021-05-20 22:00:00,25.5,95,0.0,2.33,0.0,97
2021-05-20 23:00:00,24.9,94,0.0,2.28,0.0,97
2021-05-21 00:00:00,24.5,95,0.0,2.38,0.0,99
2021-05-21 01:00:00,24.2,96,0.0,3.14,0.5,100
2021-05-21 02:00:00,23.9,96,0.0,3.64,0.6,100
2021-05-21 03:00:00,23.7,97,0.0,4.0,0.3,99
2021-05-21 04:00:00,23.7,96,0.0,3.98,0.2,98
2021-05-21 05:00:00,23.9,96,19.0,3.86,0.3,100
2021-05-21 06:00:00,24.1,96,61.0,4.46,1.5,92
2021-05-21 07:00:00,24.9,95,178.0,4.69,0.7,94
2021-05-21 08:00:00,26.1,89,348.0,4.95,0.6,88
2021-05-21 09:00:00,26.7,86,413.0,5.22,0.4,93
2021-05-21 10:00:00,27.1,83,461.0,5.08,0.3,93
2021-05-21 11:00:00,27.6,82,402.0,4.4,0.2,96
2021-05-21 12:00:00,28.9,79,454.0,4.64,0.0,80
2021-05-21 13:00:00,30.2,77,675.0,4.7,0.0,57
2021-05-21 14:00:00,30.3,76,569.0,4.6,0.1,60
2021-05-21 15:00:00,30.5,75,454.0,4.44,0.0,81
2021-05-21 16:00:00,29.8,79,270.0,3.81,0.0,62
2021-05-21 17:00:00,28.4,81,111.0,1.7,0.0,74
2021-05-21 18:00:00,26.9,89,11.0,1.36,0.0,49
2021-05-21 19:00:00,26.6,92,0.0,1.61,0.0,78
2021-05-21 20:00:00,26.2,93,0.0,1.43,0.0,91
2021-05-21 21:00:00,25.9,94,0.0,1.26,0.0,91
2021-05-21 22:00:00,26.3,89,0.0,1.5,0.0,94
2021-05-21 23:00:00,26.1,87,0.0,2.33,0.1,78
2021-05-22 00:00:00,25.3,91,0.0,2.61,0.2,53
2021-05-22 01:00:00,24.8,94,0.0,2.75,0.4,52
2021-05-22 02:00:00,24.6,96,0.0,2.35,0.2,48
2021-05-22 03:00:00,24.5,97,0.0,2.21,0.2,52
2021-05-22 04:00:00,24.4,98,0.0,2.04,0.2,78
2021-05-22 05:00:00,25.4,95,20.0,1.58,0.2,85
2021-05-22 06:00:00,26.2,90,151.0,2.55,0.0,75
2021-05-22 07:00:00,27.3,85,331.0,2.42,0.0,93
2021-05-22 08:00:00,28.9,79,523.0,2.9,0.0,70
2021-05-22 09:00:00,30.1,74,635.0,3.95,0.0,66
2021-05-22 10:00:00,31.1,71,747.0,4.22,0.0,69
2021-05-22 11:00:00,32.0,71,864.0,4.2,0.1,67
2021-05-22 12:00:00,31.2,74,858.0,4.53,0.6,77
2021-05-22 13:00:00,31.3,75,630.0,4.6,0.0,48
2021-05-22 14:00:00,31.7,72,614.0,4.61,0.0,46
2021-05-22 15:00:00,31.3,74,433.0,4.62,0.1,41
2021-05-22 16:00:00,30.7,77,268.0,3.86,0.0,37
2021-05-22 17:00:00,30.0,80,115.0,1.24,0.0,35
2021-05-22 18:00:00,28.2,88,12.0,1.63,0.0,32
2021-05-22 19:00:00,28.1,89,0.0,1.12,0.0,23
2021-05-22 20:00:00,27.9,90,0.0,1.43,0.0,14
2021-05-22 21:00:00,27.6,90,0.0,1.53,0.0,15
2021-05-22 22:00:00,27.2,92,0.0,1.34,0.0,9
2021-05-22 23:00:00,26.9,94,0.0,1.39,0.0,10
2021-05-23 00:00:00,26.7,95,0.0,1.42,0.0,13
2021-05-23 01:00:00,26.6,95,0.0,1.56,0.0,28
2021-05-23 02:00:00,26.6,95,0.0,1.66,0.0,18
2021-05-23 03:00:00,26.4,96,0.0,1.87,0.0,33
2021-05-23 04:00:00,26.1,97,0.0,1.3,0.0,24
2021-05-23 05:00:00,27.0,97,32.0,0.2,0.0,20
2021-05-23 06:00:00,28.6,87,172.0,0.0,0.0,13
2021-05-23 07:00:00,29.5,82,361.0,0.14,0.0,15
2021-05-23 08:00:00,30.7,75,549.0,0.42,0.0,12
2021-05-23 09:00:00,31.8,69,697.0,0.63,0.0,13
2021-05-23 10:00:00,32.8,67,819.0,0.73,0.0,11
2021-05-23 11:00:00,33.3,65,848.0,1.04,0.0,24
2021-05-23 12:00:00,33.7,62,814.0,1.25,0.0,28
2021-05-23 13:00:00,33.5,63,700.0,1.87,0.0,28
2021-05-23 14:00:00,33.5,63,601.0,2.06,0.0,31
2021-05-23 15:00:00,33.2,64,459.0,1.71,0.0,38
2021-05-23 16:00:00,32.7,67,289.0,1.68,0.0,26
2021-05-23 17:00:00,30.9,83,116.0,0.78,0.0,37
2021-05-23 18:00:00,29.9,88,11.0,1.1,0.0,27
2021-05-23 19:00:00,29.3,91,0.0,1.3,0.0,26
2021-05-23 20:00:00,28.9,92,0.0,1.2,0.0,29
2021-05-23 21:00:00,28.7,92,0.0,1.06,0.0,36
2021-05-23 22:00:00,28.1,93,0.0,1.12,0.0,26
2021-05-23 23:00:00,27.8,94,0.0,1.08,0.0,21
2021-05-24 00:00:00,27.7,93,0.0,1.33,0.0,91
2021-05-24 01:00:00,27.4,94,0.0,1.55,0.0,42
2021-05-24 02:00:00,27.2,94,0.0,1.6,0.0,50
2021-05-24 03:00:00,27.0,95,0.0,1.71,0.0,100
2021-05-24 04:00:00,26.8,97,0.0,2.6,0.0,99
2021-05-24 05:00:00,27.4,94,34.0,3.0,0.0,100
2021-05-24 06:00:00,28.5,88,182.0,3.79,0.0,68
2021-05-24 07:00:00,29.6,83,353.0,3.67,0.0,92
2021-05-24 08:00:00,30.9,75,552.0,4.37,0.0,97
2021-05-24 09:00:00,32.1,69,691.0,4.44,0.0,99
2021-05-24 10:00:00,32.9,67,770.0,4.51,0.0,93
2021-05-24 11:00:00,33.7,64,890.0,4.21,0.0,71
2021-05-24 12:00:00,34.3,62,882.0,3.83,0.0,66
2021-05-24 13:00:00,34.2,63,787.0,3.76,0.0,81
2021-05-24 14:00:00,34.1,63,577.0,3.82,0.0,82
2021-05-24 15:00:00,33.9,65,450.0,3.61,0.0,92
2021-05-24 16:00:00,33.2,70,265.0,2.62,0.0,93
2021-05-24 17:00:00,32.0,75,104.0,1.42,0.0,85
2021-05-24 18:00:00,31.2,76,10.0,2.0,0.0,63
2021-05-24 19:00:00,30.4,78,0.0,3.04,0.4,78
2021-05-24 20:00:00,29.1,85,0.0,2.42,0.9,95
2021-05-24 21:00:00,27.9,92,0.0,0.36,5.5,97
2021-05-24 22:00:00,27.5,94,0.0,2.3,2.7,100
2021-05-24 23:00:00,27.4,92,0.0,2.63,0.0,100
2021-05-25 00:00:00,27.1,94,0.0,1.5,0.0,99
2021-05-25 01:00:00,26.7,96,0.0,2.48,2.0,97
2021-05-25 02:00:00,26.0,97,0.0,4.34,6.4,99
2021-05-25 03:00:00,26.1,97,0.0,3.63,0.1,91
2021-05-25 04:00:00,26.2,97,0.0,3.13,0.1,100
2021-05-25 05:00:00,26.4,94,22.0,2.12,0.1,100
2021-05-25 06:00:00,26.4,94,41.0,2.31,0.8,100
2021-05-25 07:00:00,26.9,92,97.0,3.0,0.4,86
2021-05-25 08:00:00,28.3,84,376.0,4.64,0.1,100
2021-05-25 09:00:00,29.5,77,523.0,4.22,0.0,99
2021-05-25 10:00:00,31.0,70,706.0,4.79,0.0,88
2021-05-25 11:00:00,31.2,71,666.0,4.79,0.0,97
2021-05-25 12:00:00,31.6,69,710.0,4.63,0.0,100
2021-05-25 13:00:00,30.9,72,350.0,3.47,0.0,100
2021-05-25 14:00:00,30.4,75,263.0,2.73,0.0,100
2021-05-25 15:00:00,30.1,77,180.0,2.53,0.0,97
2021-05-25 16:00:00,30.1,78,185.0,2.47,0.0,94
2021-05-25 17:00:00,28.2,83,112.0,2.33,0.0,80
2021-05-25 18:00:00,27.8,83,7.0,2.97,0.0,41
2021-05-25 19:00:00,27.5,85,0.0,2.71,0.0,28
2021-05-25 20:00:00,27.4,87,0.0,2.71,0.0,16
2021-05-25 21:00:00,27.3,87,0.0,3.04,0.0,39
2021-05-25 22:00:00,27.4,86,0.0,3.28,0.0,64
2021-05-25 23:00:00,27.6,84,0.0,3.51,0.0,94
2021-05-26 00:00:00,27.3,87,0.0,3.61,0.1,100
2021-05-26 01:00:00,27.1,90,0.0,3.61,0.3,91
2021-05-26 02:00:00,26.9,93,0.0,3.52,0.1,98
2021-05-26 03:00:00,26.8,94,0.0,3.34,0.1,100
2021-05-26 04:00:00,26.7,94,0.0,3.79,1.9,98
2021-05-26 05:00:00,26.9,95,9.0,3.75,2.2,99
2021-05-26 06:00:00,27.3,92,69.0,3.83,0.0,72
2021-05-26 07:00:00,28.5,83,269.0,4.05,0.0,100
2021-05-26 08:00:00,29.2,80,352.0,4.08,0.0,78
2021-05-26 09:00:00,30.0,77,448.0,4.3,0.4,99
2021-05-26 10:00:00,30.3,76,445.0,4.32,0.3,100
2021-05-26 11:00:00,29.2,87,238.0,2.84,1.1,100
2021-05-26 12:00:00,29.0,88,182.0,2.13,0.7,93
2021-05-26 13:00:00,30.5,81,324.0,2.48,0.0,100
2021-05-26 14:00:00,31.1,75,412.0,2.52,0.1,97
2021-05-26 15:00:00,30.9,77,342.0,1.52,1.0,98
2021-05-26 16:00:00,30.7,78,235.0,1.4,0.2,95
2021-05-26 17:00:00,30.1,89,76.0,0.73,0.2,97
2021-05-26 18:00:00,29.1,90,6.0,2.11,0.0,98
2021-05-26 19:00:00,28.1,92,0.0,2.83,0.4,100
2021-05-26 20:00:00,27.7,95,0.0,1.8,1.1,100
2021-05-26 21:00:00,26.9,96,0.0,2.12,4.1,100
2021-05-26 22:00:00,26.0,99,0.0,2.35,9.5,100
2021-05-26 23:00:00,25.8,99,0.0,2.33,2.7,100
2021-05-27 00:00:00,25.9,99,0.0,1.93,0.8,100
2021-05-27 01:00:00,25.9,99,0.0,0.63,0.6,100
2021-05-27 02:00:00,26.0,97,0.0,1.39,0.5,100
2021-05-27 03:00:00,25.7,98,0.0,1.93,0.6,100
2021-05-27 04:00:00,25.7,99,0.0,1.66,0.1,99
2021-05-27 05:00:00,25.8,97,16.0,0.95,0.0,94
2021-05-27 06:00:00,26.7,93,132.0,0.81,0.4,89
2021-05-27 07:00:00,28.0,89,278.0,0.95,0.0,99
2021-05-27 08:00:00,28.6,86,294.0,1.25,0.0,100
2021-05-27 09:00:00,28.6,86,224.0,1.25,0.2,100
2021-05-27 10:00:00,29.0,84,255.0,1.44,0.1,100
2021-05-27 11:00:00,29.3,83,281.0,1.58,0.0,99
2021-05-27 12:00:00,29.2,81,218.0,1.44,0.0,100
2021-05-27 13:00:00,29.5,78,258.0,1.42,0.2,100
2021-05-27 14:00:00,28.8,81,128.0,1.08,0.2,100
2021-05-27 15:00:00,28.9,75,112.0,0.3,0.0,97
2021-05-27 16:00:00,28.5,77,79.0,1.35,0.0,90
2021-05-27 17:00:00,29.4,84,51.0,0.64,0.0,82
2021-05-27 18:00:00,28.0,91,6.0,1.0,0.0,97
2021-05-27 19:00:00,27.7,93,0.0,1.0,0.0,90
2021-05-27 20:00:00,27.5,93,0.0,1.08,0.0,85
2021-05-27 21:00:00,27.2,95,0.0,1.17,0.0,89
2021-05-27 22:00:00,26.9,97,0.0,1.14,0.0,100
2021-05-27 23:00:00,26.7,99,0.0,1.17,0.0,100
2021-05-28 00:00:00,26.7,99,0.0,0.92,0.0,55
2021-05-28 01:00:00,26.4,99,0.0,0.91,0.0,80
2021-05-28 02:00:00,26.4,99,0.0,1.1,0.0,92
2021-05-28 03:00:00,25.9,98,0.0,1.21,0.0,89
2021-05-28 04:00:00,25.7,99,0.0,1.14,0.0,84
2021-05-28 05:00:00,26.5,91,35.0,1.6,0.0,78
2021-05-28 06:00:00,27.4,82,80.0,1.71,0.0,68
2021-05-28 07:00:00,28.9,73,322.0,1.12,0.0,43
2021-05-28 08:00:00,30.3,67,561.0,0.58,0.0,15
2021-05-28 09:00:00,31.2,64,696.0,0.54,0.0,77
2021-05-28 10:00:00,32.0,63,812.0,0.92,0.0,56
2021-05-28 11:00:00,33.0,62,877.0,0.32,0.0,42
2021-05-28 12:00:00,33.0,63,720.0,0.0,0.1,100
2021-05-28 13:00:00,33.1,64,703.0,0.41,0.0,49
2021-05-28 14:00:00,33.0,65,654.0,1.21,0.0,64
2021-05-28 15:00:00,32.3,66,434.0,1.56,0.2,24
2021-05-28 16:00:00,31.9,67,326.0,1.66,0.0,5
2021-05-28 17:00:00,31.2,77,140.0,0.92,0.0,3
2021-05-28 18:00:00,29.3,86,14.0,1.5,0.0,9
2021-05-28 19:00:00,28.6,88,0.0,1.66,0.0,4
2021-05-28 20:00:00,28.1,90,0.0,1.78,0.0,17
2021-05-28 21:00:00,28.2,87,0.0,1.35,0.0,12
2021-05-28 22:00:00,27.9,88,0.0,1.5,0.0,7
2021-05-28 23:00:00,27.6,86,0.0,2.11,0.0,27
2021-05-29 00:00:00,27.2,85,0.0,1.94,0.0,49
2021-05-29 01:00:00,26.9,87,0.0,1.72,0.0,27
2021-05-29 02:00:00,26.9,89,0.0,1.63,0.0,23
2021-05-29 03:00:00,26.7,91,0.0,1.64,0.0,44
2021-05-29 04:00:00,26.5,92,0.0,1.72,0.0,52
2021-05-29 05:00:00,27.4,88,40.0,1.98,0.0,58
2021-05-29 06:00:00,28.5,81,179.0,1.96,0.0,31
2021-05-29 07:00:00,29.3,78,377.0,2.71,0.0,29
2021-05-29 08:00:00,29.8,75,515.0,3.44,0.3,47
2021-05-29 09:00:00,29.9,78,593.0,3.05,0.8,20
2021-05-29 10:00:00,30.7,76,701.0,3.31,0.1,45
2021-05-29 11:00:00,31.1,73,731.0,3.22,0.1,36
2021-05-29 12:00:00,31.3,70,680.0,2.98,0.1,30
2021-05-29 13:00:00,31.6,69,716.0,3.3,0.0,22
2021-05-29 14:00:00,31.7,68,616.0,3.11,0.0,20
2021-05-29 15:00:00,31.6,69,473.0,3.4,0.0,16
2021-05-29 16:00:00,30.8,73,287.0,2.85,0.2,29
2021-05-29 17:00:00,29.9,77,127.0,1.48,0.0,24
2021-05-29 18:00:00,28.7,84,12.0,1.06,0.0,45
2021-05-29 19:00:00,28.3,87,0.0,1.22,0.0,42
2021-05-29 20:00:00,28.1,88,0.0,1.34,0.0,48
2021-05-29 21:00:00,27.9,89,0.0,1.52,0.0,45
2021-05-29 22:00:00,27.4,92,0.0,1.3,0.0,23
2021-05-29 23:00:00,27.0,95,0.0,1.08,0.0,14
2021-05-30 00:00:00,26.7,95,0.0,1.2,0.0,12
2021-05-30 01:00:00,26.6,95,0.0,1.35,0.0,7
2021-05-30 02:00:00,26.7,92,0.0,1.5,0.0,6
2021-05-30 03:00:00,26.6,90,0.0,3.23,0.1,44
2021-05-30 04:00:00,26.4,90,0.0,2.08,0.1,20
2021-05-30 05:00:00,27.1,86,36.0,2.44,0.0,30
2021-05-30 06:00:00,28.1,81,177.0,1.98,0.0,26
2021-05-30 07:00:00,28.9,77,326.0,2.12,0.1,28
2021-05-30 08:00:00,29.4,76,448.0,2.6,0.0,36
2021-05-30 09:00:00,29.9,75,557.0,2.6,0.1,25
2021-05-30 10:00:00,30.5,73,720.0,2.71,0.1,28
2021-05-30 11:00:00,31.3,70,763.0,2.93,0.0,20
2021-05-30 12:00:00,31.7,70,816.0,2.62,0.0,59
2021-05-30 13:00:00,30.7,73,627.0,3.96,0.5,49
2021-05-30 14:00:00,31.0,73,567.0,3.57,0.3,40
2021-05-30 15:00:00,30.9,73,462.0,3.62,0.1,33
2021-05-30 16:00:00,30.6,73,299.0,3.4,0.0,28
2021-05-30 17:00:00,30.1,77,123.0,1.3,0.0,34
2021-05-30 18:00:00,28.7,86,15.0,1.53,0.0,14
2021-05-30 19:00:00,28.8,83,0.0,1.36,0.0,10
2021-05-30 20:00:00,27.9,88,0.0,1.56,0.0,25
2021-05-30 21:00:00,27.7,90,0.0,1.21,0.0,57
2021-05-30 22:00:00,27.5,94,0.0,1.03,0.0,77
2021-05-30 23:00:00,27.4,92,0.0,1.12,0.0,62
2021-05-31 00:00:00,27.3,90,0.0,1.77,0.1,60
2021-05-31 01:00:00,26.9,90,0.0,2.24,0.3,49
2021-05-31 02:00:00,26.1,93,0.0,2.47,1.4,67
2021-05-31 03:00:00,25.8,94,0.0,1.39,0.8,77
2021-05-31 04:00:00,26.0,91,0.0,0.81,0.0,83
2021-05-31 05:00:00,26.1,96,34.0,0.1,2.5,95
2021-05-31 06:00:00,26.7,87,80.0,0.3,1.7,100
2021-05-31 07:00:00,26.5,89,79.0,1.56,3.3,100
2021-05-31 08:00:00,26.3,91,35.0,1.2,5.3,100
2021-05-31 09:00:00,26.3,91,86.0,0.72,3.4,100
2021-05-31 10:00:00,26.2,91,94.0,1.9,4.3,100
2021-05-31 11:00:00,26.3,93,82.0,1.25,3.8,100
2021-05-31 12:00:00,26.4,91,113.0,1.36,2.4,100
2021-05-31 13:00:00,26.7,88,195.0,1.34,1.0,100
2021-05-31 14:00:00,27.2,85,354.0,1.8,0.2,100
2021-05-31 15:00:00,26.8,88,151.0,0.72,0.6,100
2021-05-31 16:00:00,26.4,91,77.0,1.58,1.6,100
2021-05-31 17:00:00,25.7,94,34.0,2.96,0.8,100
2021-05-31 18:00:00,25.3,96,2.0,1.82,2.8,100
2021-05-31 19:00:00,25.1,96,0.0,1.7,4.1,100
2021-05-31 20:00:00,25.1,94,0.0,1.36,9.6,100
2021-05-31 21:00:00,25.0,94,0.0,1.53,5.3,99
2021-05-31 22:00:00,25.0,96,0.0,1.7,0.9,98
2021-05-31 23:00:00,25.2,95,0.0,1.58,0.0,98
2021-06-01 00:00:00,24.8,96,0.0,1.63,0.1,95
2021-06-01 01:00:00,24.7,97,0.0,1.17,0.2,100
2021-06-01 02:00:00,24.8,96,0.0,1.12,2.2,100
2021-06-01 03:00:00,24.6,97,0.0,2.0,2.7,98
2021-06-01 04:00:00,24.6,97,0.0,0.78,2.3,100
2021-06-01 05:00:00,24.2,97,6.0,2.53,4.1,99
2021-06-01 06:00:00,24.6,92,66.0,1.79,0.1,53
2021-06-01 07:00:00,26.1,85,286.0,2.15,0.0,84
2021-06-01 08:00:00,27.3,80,371.0,2.3,0.0,80
2021-06-01 09:00:00,28.3,75,464.0,2.44,0.0,81
2021-06-01 10:00:00,29.3,73,589.0,2.24,0.0,58
2021-06-01 11:00:00,30.3,69,756.0,1.62,0.0,78
2021-06-01 12:00:00,29.8,70,501.0,1.58,0.4,96
2021-06-01 13:00:00,29.3,76,454.0,1.92,0.6,86
2021-06-01 14:00:00,29.1,79,399.0,2.01,0.3,77
2021-06-01 15:00:00,29.2,78,422.0,1.35,0.1,90
2021-06-01 16:00:00,29.3,77,309.0,1.12,0.0,100
2021-06-01 17:00:00,26.8,87,127.0,0.81,0.0,98
2021-06-01 18:00:00,25.7,94,14.0,1.26,0.0,99
2021-06-01 19:00:00,25.5,94,0.0,1.1,0.0,100
2021-06-01 20:00:00,25.5,94,0.0,1.0,0.0,100
2021-06-01 21:00:00,25.7,93,0.0,0.71,0.1,99
2021-06-01 22:00:00,25.5,92,0.0,0.72,0.2,100
2021-06-01 23:00:00,25.1,93,0.0,0.61,0.3,100
2021-06-02 00:00:00,25.2,93,0.0,0.5,0.3,95
2021-06-02 01:00:00,25.2,93,0.0,0.5,0.3,83
2021-06-02 02:00:00,25.0,93,0.0,0.61,0.2,52
2021-06-02 03:00:00,24.7,94,0.0,0.91,0.2,100
2021-06-02 04:00:00,24.4,95,0.0,1.36,0.2,100
2021-06-02 05:00:00,24.8,94,26.0,2.56,0.1,51
2021-06-02 06:00:00,25.1,92,76.0,2.28,0.1,100
2021-06-02 07:00:00,25.5,90,173.0,2.51,0.1,100
2021-06-02 08:00:00,25.3,91,133.0,2.79,0.1,100
2021-06-02 09:00:00,25.5,91,124.0,2.56,0.1,88
2021-06-02 10:00:00,26.7,86,314.0,3.03,0.1,96
2021-06-02 11:00:00,27.7,83,380.0,2.86,0.0,100
2021-06-02 12:00:00,29.2,78,522.0,2.65,0.0,43
2021-06-02 13:00:00,30.4,76,685.0,2.9,0.0,46
2021-06-02 14:00:00,30.5,78,582.0,4.04,0.1,58
2021-06-02 15:00:00,29.6,79,417.0,3.37,1.0,82
2021-06-02 16:00:00,29.5,80,281.0,2.5,0.0,70
2021-06-02 17:00:00,28.6,86,126.0,0.92,0.1,84
2021-06-02 18:00:00,27.9,87,15.0,1.3,0.0,24
2021-06-02 19:00:00,28.0,85,0.0,1.35,0.0,30
2021-06-02 20:00:00,26.6,91,0.0,1.53,0.0,32
2021-06-02 21:00:00,26.2,92,0.0,1.55,0.0,25
2021-06-02 22:00:00,25.7,93,0.0,1.34,0.0,20
2021-06-02 23:00:00,25.5,94,0.0,1.3,0.0,31
2021-06-03 00:00:00,25.9,92,0.0,2.1,0.1,47
2021-06-03 01:00:00,25.7,93,0.0,1.92,0.1,52
2021-06-03 02:00:00,25.3,96,0.0,1.2,0.0,30
2021-06-03 03:00:00,25.3,96,0.0,1.63,0.0,52
2021-06-03 04:00:00,25.3,94,0.0,2.47,0.0,54
2021-06-03 05:00:00,26.1,92,32.0,2.4,0.0,40
2021-06-03 06:00:00,26.8,88,173.0,3.44,0.0,57
2021-06-03 07:00:00,27.8,85,323.0,3.42,0.0,100
2021-06-03 08:00:00,28.1,83,344.0,3.35,0.0,53
2021-06-03 09:00:00,29.5,78,620.0,3.8,0.1,50
2021-06-03 10:00:00,30.1,77,713.0,4.4,0.2,83
2021-06-03 11:00:00,31.1,73,762.0,4.63,0.2,29
2021-06-03 12:00:00,31.4,72,711.0,4.7,0.2,21
2021-06-03 13:00:00,32.0,70,741.0,4.81,0.0,15
2021-06-03 14:00:00,32.0,71,662.0,5.1,0.2,22
2021-06-03 15:00:00,31.8,71,472.0,4.71,0.1,23
2021-06-03 16:00:00,31.4,75,314.0,3.49,0.0,23
2021-06-03 17:00:00,30.5,80,135.0,2.6,0.0,17
2021-06-03 18:00:00,29.2,84,18.0,2.01,0.0,18
2021-06-03 19:00:00,28.8,85,0.0,2.08,0.0,30
2021-06-03 20:00:00,28.3,86,0.0,1.92,0.0,31
2021-06-03 21:00:00,27.2,92,0.0,1.5,0.0,57
2021-06-03 22:00:00,27.5,92,0.0,1.17,0.0,69
2021-06-03 23:00:00,26.1,97,0.0,1.79,0.0,26
2021-06-04 00:00:00,26.4,95,0.0,1.49,0.0,28
2021-06-04 01:00:00,25.9,96,0.0,1.03,0.0,36
2021-06-04 02:00:00,25.9,95,0.0,1.39,0.0,49
2021-06-04 03:00:00,25.7,95,0.0,1.2,0.0,50
2021-06-04 04:00:00,25.6,94,0.0,1.61,0.0,60
2021-06-04 05:00:00,26.3,93,30.0,1.78,0.1,38
2021-06-04 06:00:00,26.8,91,123.0,3.22,0.0,100
2021-06-04 07:00:00,27.6,87,276.0,2.56,0.0,76
2021-06-04 08:00:00,28.7,81,412.0,1.7,0.0,83
2021-06-04 09:00:00,29.2,77,462.0,1.81,0.0,82
2021-06-04 10:00:00,29.9,76,590.0,2.62,0.0,68
2021-06-04 11:00:00,30.6,76,803.0,2.72,0.0,28
2021-06-04 12:00:00,31.2,75,785.0,3.11,0.0,20
2021-06-04 13:00:00,31.6,74,757.0,3.85,0.0,23
2021-06-04 14:00:00,31.0,75,625.0,5.12,0.3,50
2021-06-04 15:00:00,30.8,77,444.0,3.16,0.0,23
2021-06-04 16:00:00,30.8,80,292.0,2.68,0.0,20
2021-06-04 17:00:00,30.3,88,136.0,0.22,0.0,28
2021-06-04 18:00:00,28.6,90,17.0,1.0,0.8,46
2021-06-04 19:00:00,28.2,92,0.0,1.14,1.5,51
2021-06-04 20:00:00,27.9,93,0.0,0.54,0.1,45
2021-06-04 21:00:00,27.6,90,0.0,0.4,0.5,72
2021-06-04 22:00:00,26.6,96,0.0,1.94,0.4,100
2021-06-04 23:00:00,25.8,93,0.0,1.61,0.8,94
2021-06-05 00:00:00,25.4,93,0.0,0.86,0.3,73
2021-06-05 01:00:00,25.2,94,0.0,0.61,0.4,85
2021-06-05 02:00:00,25.0,96,0.0,0.64,0.1,92
2021-06-05 03:00:00,24.6,97,0.0,2.33,0.1,96
2021-06-05 04:00:00,24.3,99,0.0,2.21,0.2,98
2021-06-05 05:00:00,24.2,97,22.0,1.92,0.4,100
2021-06-05 06:00:00,24.6,95,71.0,1.49,0.8,99
2021-06-05 07:00:00,25.2,93,165.0,0.73,1.9,100
2021-06-05 08:00:00,25.5,92,254.0,0.41,1.6,100
2021-06-05 09:00:00,25.3,91,155.0,1.21,0.6,99
2021-06-05 10:00:00,26.6,84,427.0,1.14,0.1,99
2021-06-05 11:00:00,27.9,80,541.0,1.24,0.0,100
2021-06-05 12:00:00,28.0,81,459.0,0.61,0.0,98
2021-06-05 13:00:00,28.6,79,363.0,0.4,0.0,52
2021-06-05 14:00:00,29.4,77,453.0,0.58,0.0,52
2021-06-05 15:00:00,29.1,78,348.0,0.85,0.2,78
2021-06-05 16:00:00,28.6,81,173.0,1.06,0.1,83
2021-06-05 17:00:00,27.8,83,87.0,3.14,0.2,53
2021-06-05 18:00:00,26.9,87,12.0,2.91,0.0,85
2021-06-05 19:00:00,26.4,89,0.0,3.52,0.0,97
2021-06-05 20:00:00,26.0,90,0.0,3.61,0.0,97
2021-06-05 21:00:00,25.6,92,0.0,5.18,2.1,98
2021-06-05 22:00:00,25.1,94,0.0,4.07,1.8,97
2021-06-05 23:00:00,24.6,96,0.0,4.12,6.3,99
2021-06-06 00:00:00,24.3,95,0.0,2.51,3.7,100
2021-06-06 01:00:00,24.1,94,0.0,2.59,1.0,66
2021-06-06 02:00:00,23.8,95,0.0,4.05,1.1,67
2021-06-06 03:00:00,23.8,95,0.0,2.95,1.0,62
2021-06-06 04:00:00,23.9,94,0.0,2.37,0.5,100
2021-06-06 05:00:00,23.4,94,15.0,2.41,1.7,85
2021-06-06 06:00:00,23.5,92,92.0,2.83,0.2,95
2021-06-06 07:00:00,24.1,90,234.0,2.72,0.4,100
2021-06-06 08:00:00,24.7,89,360.0,2.08,1.2,100
2021-06-06 09:00:00,25.0,89,302.0,2.2,0.4,95
2021-06-06 10:00:00,26.2,83,352.0,1.97,0.1,92
2021-06-06 11:00:00,27.6,78,608.0,1.51,0.0,97
2021-06-06 12:00:00,28.4,75,719.0,1.73,0.0,97
2021-06-06 13:00:00,28.8,74,657.0,2.09,0.1,99
2021-06-06 14:00:00,28.4,77,473.0,2.2,0.0,91
2021-06-06 15:00:00,28.8,75,396.0,1.39,0.0,92
2021-06-06 16:00:00,28.5,76,220.0,1.5,0.0,100
2021-06-06 17:00:00,26.7,83,112.0,2.36,0.0,100
2021-06-06 18:00:00,25.7,88,15.0,2.06,0.1,46
2021-06-06 19:00:00,25.2,91,0.0,2.25,0.0,55
2021-06-06 20:00:00,24.8,94,0.0,2.31,0.0,50
2021-06-06 21:00:00,24.6,96,0.0,2.47,0.0,83
2021-06-06 22:00:00,24.5,96,0.0,2.82,0.0,97
2021-06-06 23:00:00,24.3,96,0.0,2.32,0.0,99
2021-06-07 00:00:00,24.2,97,0.0,1.58,2.2,99
2021-06-07 01:00:00,24.0,99,0.0,1.84,1.9,100
2021-06-07 02:00:00,23.8,97,0.0,2.4,0.5,100
2021-06-07 03:00:00,23.6,98,0.0,2.42,0.2,99
2021-06-07 04:00:00,23.6,96,0.0,2.2,0.3,100
2021-06-07 05:00:00,23.3,97,15.0,1.8,0.9,100
2021-06-07 06:00:00,23.8,96,72.0,1.7,0.4,97
2021-06-07 07:00:00,24.7,91,169.0,2.5,0.4,98
2021-06-07 08:00:00,25.7,87,255.0,2.28,0.4,99
2021-06-07 09:00:00,25.9,88,298.0,2.82,0.4,100
2021-06-07 10:00:00,25.8,88,248.0,2.83,0.3,99
2021-06-07 11:00:00,26.5,86,365.0,2.83,0.5,99
2021-06-07 12:00:00,26.4,87,297.0,2.44,0.5,97
2021-06-07 13:00:00,26.4,90,297.0,2.33,0.4,100
2021-06-07 14:00:00,26.4,89,304.0,2.28,0.2,95
2021-06-07 15:00:00,26.4,89,274.0,2.06,0.2,80
2021-06-07 16:00:00,26.5,88,217.0,2.2,0.1,66
2021-06-07 17:00:00,26.2,89,110.0,2.77,0.1,82
2021-06-07 18:00:00,25.5,93,15.0,2.46,0.0,44
2021-06-07 19:00:00,25.1,95,0.0,2.51,0.0,50
2021-06-07 20:00:00,24.9,95,0.0,2.6,0.0,65
2021-06-07 21:00:00,24.6,95,0.0,2.34,0.0,64
2021-06-07 22:00:00,24.3,97,0.0,2.48,0.0,76
2021-06-07 23:00:00,23.8,98,0.0,2.39,0.0,98
2021-06-08 00:00:00,23.6,97,0.0,1.49,0.0,99
2021-06-08 01:00:00,23.6,95,0.0,2.75,0.1,100
2021-06-08 02:00:00,23.6,96,0.0,1.8,0.1,98
2021-06-08 03:00:00,23.6,95,0.0,2.1,0.1,98
2021-06-08 04:00:00,23.5,97,0.0,2.3,0.1,99
2021-06-08 05:00:00,23.5,94,30.0,1.3,0.0,98
2021-06-08 06:00:00,24.4,91,109.0,1.28,0.5,90
2021-06-08 07:00:00,25.6,87,261.0,0.67,0.1,97
2021-06-08 08:00:00,26.5,84,378.0,1.43,0.0,86
2021-06-08 09:00:00,28.0,78,558.0,1.2,0.0,90
2021-06-08 10:00:00,29.2,74,657.0,1.44,0.0,96
2021-06-08 11:00:00,29.8,72,654.0,2.31,0.0,97
2021-06-08 12:00:00,30.1,71,539.0,2.4,0.0,69
2021-06-08 13:00:00,30.5,72,677.0,2.51,0.1,57
2021-06-08 14:00:00,29.7,76,566.0,2.33,0.1,41
2021-06-08 15:00:00,29.7,77,374.0,1.66,0.0,46
2021-06-08 16:00:00,29.8,75,274.0,0.92,0.0,66
2021-06-08 17:00:00,28.2,83,94.0,1.63,0.0,76
2021-06-08 18:00:00,27.1,88,17.0,1.62,0.0,71
2021-06-08 19:00:00,26.4,91,0.0,1.21,0.0,30
2021-06-08 20:00:00,26.1,93,0.0,0.92,0.0,43
2021-06-08 21:00:00,26.0,95,0.0,1.04,0.0,44
2021-06-08 22:00:00,25.6,96,0.0,1.56,0.0,94
2021-06-08 23:00:00,25.2,94,0.0,1.34,0.3,90
2021-06-09 00:00:00,24.9,93,0.0,1.39,0.2,100
2021-06-09 01:00:00,24.7,94,0.0,2.33,0.0,39
2021-06-09 02:00:00,24.4,96,0.0,1.06,0.0,33
2021-06-09 03:00:00,24.2,97,0.0,1.8,0.0,81
2021-06-09 04:00:00,24.5,94,0.0,1.49,0.0,98
2021-06-09 05:00:00,24.5,94,16.0,1.03,0.0,100
2021-06-09 06:00:00,25.3,90,92.0,0.81,0.3,100
2021-06-09 07:00:00,25.8,90,169.0,2.36,0.7,100
2021-06-09 08:00:00,25.6,92,124.0,1.88,0.4,97
2021-06-09 09:00:00,26.9,86,338.0,2.51,0.2,79
2021-06-09 10:00:00,28.3,80,528.0,2.25,0.1,56
2021-06-09 11:00:00,29.2,77,610.0,2.22,0.1,39
2021-06-09 12:00:00,29.9,76,741.0,2.19,0.1,35
2021-06-09 13:00:00,30.5,74,728.0,1.86,0.0,39
2021-06-09 14:00:00,30.6,78,582.0,1.94,0.0,47
2021-06-09 15:00:00,30.1,79,411.0,2.06,0.3,32
2021-06-09 16:00:00,30.1,78,323.0,1.6,0.1,65
2021-06-09 17:00:00,29.0,83,143.0,0.72,0.9,93
2021-06-09 18:00:00,27.7,90,15.0,1.17,0.0,85
2021-06-09 19:00:00,27.4,91,0.0,1.0,0.0,80
2021-06-09 20:00:00,26.9,93,0.0,1.24,0.0,86
2021-06-09 21:00:00,26.5,95,0.0,1.22,0.0,96
2021-06-09 22:00:00,26.0,96,0.0,1.3,0.0,99
2021-06-09 23:00:00,25.9,96,0.0,1.3,0.0,84
2021-06-10 00:00:00,25.6,97,0.0,1.24,0.0,90
2021-06-10 01:00:00,25.6,97,0.0,1.22,0.3,95
2021-06-10 02:00:00,25.5,98,0.0,1.12,0.3,97
2021-06-10 03:00:00,25.6,98,0.0,1.2,0.0,95
2021-06-10 04:00:00,25.7,96,0.0,1.53,0.0,79
2021-06-10 05:00:00,26.6,93,34.0,1.71,0.0,64
2021-06-10 06:00:00,27.8,85,181.0,1.41,0.0,16
2021-06-10 07:00:00,28.9,80,394.0,2.02,0.0,81
2021-06-10 08:00:00,29.7,76,525.0,2.28,0.0,90
2021-06-10 09:00:00,30.6,72,615.0,2.25,0.0,84
2021-06-10 10:00:00,31.6,69,818.0,2.3,0.0,61
2021-06-10 11:00:00,32.4,66,883.0,2.83,0.0,48
2021-06-10 12:00:00,32.4,65,811.0,2.39,0.2,39
2021-06-10 13:00:00,32.5,64,680.0,1.98,0.0,37
2021-06-10 14:00:00,32.7,64,576.0,1.14,0.0,64
2021-06-10 15:00:00,32.2,65,423.0,0.81,0.1,50
2021-06-10 16:00:00,30.8,77,280.0,2.55,0.7,55
2021-06-10 17:00:00,31.0,75,133.0,1.57,0.8,52
2021-06-10 18:00:00,29.2,83,19.0,2.14,0.0,60
2021-06-10 19:00:00,28.3,88,0.0,1.58,0.0,65
2021-06-10 20:00:00,27.8,89,0.0,1.42,0.0,56
2021-06-10 21:00:00,27.4,91,0.0,1.8,0.0,27
2021-06-10 22:00:00,28.5,83,0.0,1.08,0.0,42
2021-06-10 23:00:00,28.2,86,0.0,0.54,0.0,56
2021-06-11 00:00:00,26.8,96,0.0,0.81,0.0,65
2021-06-11 01:00:00,26.8,95,0.0,0.64,1.7,78
2021-06-11 02:00:00,26.1,94,0.0,1.41,2.2,92
2021-06-11 03:00:00,25.6,94,0.0,1.06,2.4,91
2021-06-11 04:00:00,25.5,96,0.0,0.28,0.3,97
2021-06-11 05:00:00,26.4,89,15.0,0.91,1.5,83
2021-06-11 06:00:00,26.2,89,50.0,0.76,0.7,99
2021-06-11 07:00:00,26.2,90,71.0,0.92,0.6,100
2021-06-11 08:00:00,26.9,88,191.0,1.22,0.4,100
2021-06-11 09:00:00,27.3,88,246.0,1.8,0.7,98
2021-06-11 10:00:00,27.4,88,177.0,2.21,1.1,100
2021-06-11 11:00:00,27.3,90,167.0,2.64,0.9,99
2021-06-11 12:00:00,27.9,89,325.0,3.05,0.7,100
2021-06-11 13:00:00,28.1,86,239.0,3.14,0.5,99
2021-06-11 14:00:00,28.0,86,202.0,3.38,0.3,96
2021-06-11 15:00:00,28.4,84,220.0,3.19,0.1,94
2021-06-11 16:00:00,28.1,86,123.0,3.05,0.0,72
2021-06-11 17:00:00,28.6,84,84.0,2.64,0.0,77
2021-06-11 18:00:00,27.8,87,10.0,1.94,0.0,97
2021-06-11 19:00:00,27.6,88,0.0,1.84,0.0,98
2021-06-11 20:00:00,27.4,89,0.0,2.01,0.0,99
2021-06-11 21:00:00,27.4,90,0.0,2.38,0.0,100
2021-06-11 22:00:00,27.2,91,0.0,2.19,0.1,100
2021-06-11 23:00:00,27.0,93,0.0,1.9,0.6,95
2021-06-12 00:00:00,26.7,95,0.0,1.55,0.7,99
2021-06-12 01:00:00,26.5,95,0.0,2.2,1.3,100
2021-06-12 02:00:00,26.3,94,0.0,2.28,2.2,100
2021-06-12 03:00:00,26.1,95,0.0,2.38,0.7,100
2021-06-12 04:00:00,25.9,95,0.0,2.11,0.1,97
2021-06-12 05:00:00,26.0,94,16.0,2.1,0.1,94
2021-06-12 06:00:00,25.9,94,32.0,2.4,2.3,100
2021-06-12 07:00:00,26.2,93,68.0,3.03,0.8,99
2021-06-12 08:00:00,26.7,91,133.0,3.22,0.2,97
2021-06-12 09:00:00,27.5,88,240.0,2.41,0.1,80
2021-06-12 10:00:00,28.5,84,470.0,3.38,0.2,93
2021-06-12 11:00:00,29.4,80,648.0,3.67,0.2,97
2021-06-12 12:00:00,28.9,82,442.0,3.86,0.2,94
2021-06-12 13:00:00,29.4,80,539.0,4.46,0.1,92
2021-06-12 14:00:00,29.4,80,516.0,3.83,0.0,96
2021-06-12 15:00:00,29.2,79,390.0,3.69,0.0,98
2021-06-12 16:00:00,29.0,79,230.0,3.44,0.0,99
2021-06-12 17:00:00,29.3,91,104.0,0.89,0.0,98
2021-06-12 18:00:00,27.9,92,17.0,1.36,0.0,100
2021-06-12 19:00:00,27.9,93,0.0,1.33,0.0,100
2021-06-12 20:00:00,27.6,94,0.0,1.21,0.0,99
2021-06-12 21:00:00,27.3,94,0.0,1.58,0.0,99
2021-06-12 22:00:00,27.0,95,0.0,1.36,0.0,100
2021-06-12 23:00:00,27.2,93,0.0,1.58,0.1,100
2021-06-13 00:00:00,27.0,94,0.0,2.19,0.5,100
2021-06-13 01:00:00,26.7,95,0.0,1.8,0.2,100
2021-06-13 02:00:00,26.4,96,0.0,1.62,0.1,100
2021-06-13 03:00:00,26.3,96,0.0,1.33,0.1,100
2021-06-13 04:00:00,26.2,96,0.0,1.8,0.1,100
2021-06-13 05:00:00,26.4,95,14.0,2.31,0.0,99
2021-06-13 06:00:00,27.2,91,105.0,2.38,0.1,97
2021-06-13 07:00:00,27.1,91,99.0,2.56,0.3,98
2021-06-13 08:00:00,28.2,85,199.0,2.69,0.2,99
2021-06-13 09:00:00,29.6,79,351.0,2.62,0.0,100
2021-06-13 10:00:00,30.8,73,543.0,2.52,0.0,96
2021-06-13 11:00:00,31.4,75,708.0,2.56,0.2,97
2021-06-13 12:00:00,31.4,76,608.0,2.28,0.1,98
2021-06-13 13:00:00,31.6,76,551.0,1.41,0.1,98
2021-06-13 14:00:00,31.7,76,511.0,0.64,0.2,98
2021-06-13 15:00:00,29.9,82,363.0,1.81,3.1,100
2021-06-13 16:00:00,29.2,87,105.0,1.49,0.1,100
2021-06-13 17:00:00,29.8,86,77.0,2.46,0.0,100
2021-06-13 18:00:00,28.7,89,17.0,1.49,0.0,94
2021-06-13 19:00:00,28.0,93,0.0,1.36,0.0,95
2021-06-13 20:00:00,28.2,92,0.0,1.41,0.0,92
2021-06-13 21:00:00,27.7,94,0.0,1.42,0.0,92
2021-06-13 22:00:00,27.6,95,0.0,1.24,0.0,92
2021-06-13 23:00:00,27.8,96,0.0,0.67,0.0,95
2021-06-14 00:00:00,27.7,97,0.0,0.22,0.0,87
2021-06-14 01:00:00,26.7,100,0.0,1.14,0.0,95
2021-06-14 02:00:00,26.6,99,0.0,0.94,0.0,97
2021-06-14 03:00:00,26.9,98,0.0,0.71,0.0,97
2021-06-14 04:00:00,26.6,99,0.0,0.85,0.0,95
2021-06-14 05:00:00,27.7,94,38.0,1.5,0.0,90
2021-06-14 06:00:00,28.2,89,75.0,1.24,0.1,100
2021-06-14 07:00:00,28.2,88,196.0,1.52,5.2,99
2021-06-14 08:00:00,28.2,89,218.0,1.98,0.8,100
2021-06-14 09:00:00,28.0,88,215.0,2.47,2.9,100
2021-06-14 10:00:00,28.5,86,338.0,0.72,0.4,100
2021-06-14 11:00:00,29.0,84,363.0,0.45,0.2,100
2021-06-14 12:00:00,29.9,82,502.0,0.32,0.1,100
2021-06-14 13:00:00,30.3,78,441.0,0.36,0.2,100
2021-06-14 14:00:00,30.1,79,281.0,0.54,0.1,100
2021-06-14 15:00:00,30.0,80,283.0,1.3,0.0,100
2021-06-14 16:00:00,29.8,81,198.0,1.53,0.0,99
2021-06-14 17:00:00,30.3,78,121.0,0.81,0.0,97
2021-06-14 18:00:00,29.1,87,20.0,1.08,0.0,76
2021-06-14 19:00:00,28.6,91,0.0,1.14,0.0,75
2021-06-14 20:00:00,28.1,94,0.0,1.14,0.0,76
2021-06-14 21:00:00,28.2,91,0.0,2.33,0.0,63
2021-06-14 22:00:00,27.8,91,0.0,2.02,0.1,52
2021-06-14 23:00:00,27.5,94,0.0,1.5,0.0,65
2021-06-15 00:00:00,27.2,95,0.0,1.14,1.4,87
2021-06-15 01:00:00,27.1,95,0.0,1.17,0.9,90
2021-06-15 02:00:00,26.9,96,0.0,1.14,0.1,86
2021-06-15 03:00:00,27.2,93,0.0,0.78,0.0,88
2021-06-15 04:00:00,27.2,93,0.0,0.36,0.0,63
2021-06-15 05:00:00,26.8,92,35.0,0.76,0.0,72
2021-06-15 06:00:00,27.5,87,134.0,0.6,0.1,79
2021-06-15 07:00:00,28.2,85,284.0,1.48,0.1,88
2021-06-15 08:00:00,28.8,86,358.0,1.75,0.1,71
2021-06-15 09:00:00,30.0,83,599.0,1.8,0.1,51
2021-06-15 10:00:00,30.7,80,704.0,2.06,0.2,31
2021-06-15 11:00:00,31.4,74,728.0,1.52,0.1,35
2021-06-15 12:00:00,32.1,72,702.0,1.13,0.1,39
2021-06-15 13:00:00,32.6,70,698.0,1.66,0.0,30
2021-06-15 14:00:00,32.5,67,589.0,1.84,0.0,52
2021-06-15 15:00:00,32.5,67,443.0,1.12,0.0,54
2021-06-15 16:00:00,31.6,72,249.0,0.72,0.1,57
2021-06-15 17:00:00,31.2,74,128.0,0.22,2.0,47
2021-06-15 18:00:00,29.3,90,19.0,1.14,0.2,49
2021-06-15 19:00:00,28.9,91,0.0,1.49,0.0,50
2021-06-15 20:00:00,28.5,90,0.0,1.65,0.6,79
2021-06-15 21:00:00,27.9,94,0.0,1.2,0.0,90
2021-06-15 22:00:00,27.6,95,0.0,0.86,0.0,96
2021-06-15 23:00:00,28.1,93,0.0,0.5,0.0,89
2021-06-16 00:00:00,27.4,97,0.0,0.61,2.2,89
2021-06-16 01:00:00,26.9,95,0.0,1.22,6.8,99
2021-06-16 02:00:00,26.6,97,0.0,1.88,6.1,100
2021-06-16 03:00:00,26.4,95,0.0,1.55,6.6,100
2021-06-16 04:00:00,26.2,96,0.0,1.33,2.7,100
2021-06-16 05:00:00,26.7,95,15.0,1.0,0.6,98
2021-06-16 06:00:00,27.3,91,95.0,0.8,0.1,75
2021-06-16 07:00:00,28.5,86,279.0,1.44,0.1,85
2021-06-16 08:00:00,29.5,86,448.0,2.02,0.1,89
2021-06-16 09:00:00,30.7,86,641.0,2.08,0.3,100
2021-06-16 10:00:00,31.5,85,648.0,2.4,0.4,100
2021-06-16 11:00:00,32.2,80,708.0,2.91,0.2,96
2021-06-16 12:00:00,33.4,66,788.0,3.42,0.1,93
2021-06-16 13:00:00,33.6,64,780.0,3.61,0.0,94
2021-06-16 14:00:00,33.7,65,634.0,2.88,0.0,89
2021-06-16 15:00:00,33.2,67,435.0,1.8,0.0,95
2021-06-16 16:00:00,32.4,71,269.0,1.02,0.1,91
2021-06-16 17:00:00,31.6,76,129.0,1.14,0.0,81
2021-06-16 18:00:00,29.8,88,20.0,2.12,0.0,96
2021-06-16 19:00:00,28.6,94,0.0,2.22,0.0,100
2021-06-16 20:00:00,28.4,94,0.0,1.99,0.0,93
2021-06-16 21:00:00,28.0,95,0.0,3.04,0.0,91
2021-06-16 22:00:00,27.1,97,0.0,3.47,1.8,89
2021-06-16 23:00:00,26.9,97,0.0,3.05,0.0,100
2021-06-17 00:00:00,26.7,99,0.0,2.87,1.6,100
2021-06-17 01:00:00,26.6,95,0.0,2.41,0.1,99
2021-06-17 02:00:00,26.3,96,0.0,1.49,0.0,100
2021-06-17 03:00:00,26.3,96,0.0,1.26,0.0,100
2021-06-17 04:00:00,26.2,98,0.0,0.2,0.0,100
2021-06-17 05:00:00,25.9,98,23.0,1.88,0.0,100
2021-06-17 06:00:00,26.2,95,71.0,1.36,1.6,99
2021-06-17 07:00:00,27.8,88,236.0,1.26,0.0,100
2021-06-17 08:00:00,29.1,81,327.0,2.85,0.0,98
2021-06-17 09:00:00,30.3,76,549.0,3.2,0.0,99
2021-06-17 10:00:00,31.3,71,730.0,3.16,0.0,98
2021-06-17 11:00:00,32.1,68,760.0,3.3,0.0,98
2021-06-17 12:00:00,32.8,66,787.0,3.64,0.0,97
2021-06-17 13:00:00,32.0,68,463.0,3.86,0.0,87
2021-06-17 14:00:00,31.8,70,407.0,3.94,0.0,54
2021-06-17 15:00:00,32.0,70,469.0,3.45,0.0,80
2021-06-17 16:00:00,31.5,73,297.0,2.47,0.0,97
2021-06-17 17:00:00,30.7,76,107.0,3.08,0.0,61
2021-06-17 18:00:00,28.5,87,19.0,2.92,0.0,46
2021-06-17 19:00:00,28.1,89,0.0,1.86,0.0,33
2021-06-17 20:00:00,28.1,91,0.0,1.2,0.0,37
2021-06-17 21:00:00,27.8,92,0.0,1.35,0.0,28
2021-06-17 22:00:00,27.6,93,0.0,1.25,0.0,39
2021-06-17 23:00:00,27.5,94,0.0,1.14,0.0,48
2021-06-18 00:00:00,28.0,91,0.0,0.22,0.0,38
2021-06-18 01:00:00,27.1,97,0.0,0.86,0.0,34
2021-06-18 02:00:00,26.9,98,0.0,0.64,0.0,36
2021-06-18 03:00:00,26.8,99,0.0,1.0,0.0,51
2021-06-18 04:00:00,26.8,99,0.0,0.95,0.0,51
2021-06-18 05:00:00,25.7,99,32.0,1.91,0.0,44
2021-06-18 06:00:00,25.9,95,78.0,0.51,1.7,100
2021-06-18 07:00:00,26.4,94,86.0,0.98,3.0,100
2021-06-18 08:00:00,26.5,95,59.0,0.5,4.9,100
2021-06-18 09:00:00,26.9,93,133.0,0.57,3.5,100
2021-06-18 10:00:00,26.8,93,147.0,2.31,0.6,94
2021-06-18 11:00:00,28.0,87,369.0,0.41,0.1,98
2021-06-18 12:00:00,28.6,83,384.0,0.58,0.1,66
2021-06-18 13:00:00,29.5,80,600.0,0.76,0.1,61
2021-06-18 14:00:00,30.1,76,550.0,1.12,0.0,54
2021-06-18 15:00:00,30.2,74,397.0,1.49,0.0,67
2021-06-18 16:00:00,29.1,78,248.0,1.52,0.0,88
2021-06-18 17:00:00,29.0,81,99.0,1.8,0.1,76
2021-06-18 18:00:00,28.1,89,15.0,1.06,0.0,100
2021-06-18 19:00:00,28.1,89,0.0,1.22,0.0,84
2021-06-18 20:00:00,27.6,91,0.0,1.64,0.0,85
2021-06-18 21:00:00,27.1,93,0.0,0.81,0.0,48
2021-06-18 22:00:00,26.6,95,0.0,0.63,0.0,54
2021-06-18 23:00:00,26.8,93,0.0,1.73,1.1,85
2021-06-19 00:00:00,26.4,94,0.0,2.12,3.6,84
2021-06-19 01:00:00,26.2,95,0.0,1.2,0.2,91
2021-06-19 02:00:00,26.1,96,0.0,0.78,0.1,87
2021-06-19 03:00:00,26.0,98,0.0,1.33,0.0,91
2021-06-19 04:00:00,25.9,98,0.0,1.81,0.0,100
2021-06-19 05:00:00,26.2,94,12.0,2.28,0.0,99
2021-06-19 06:00:00,26.6,91,80.0,2.33,0.1,85
2021-06-19 07:00:00,26.7,92,94.0,2.86,1.2,100
2021-06-19 08:00:00,27.4,89,158.0,3.4,0.3,95
2021-06-19 09:00:00,28.4,84,290.0,4.01,0.0,89
2021-06-19 10:00:00,29.4,78,519.0,4.06,0.0,39
2021-06-19 11:00:00,30.7,70,757.0,3.91,0.0,36
2021-06-19 12:00:00,31.5,69,754.0,3.41,0.0,41
2021-06-19 13:00:00,31.8,68,655.0,3.13,0.1,61
2021-06-19 14:00:00,31.3,71,514.0,2.75,0.1,78
2021-06-19 15:00:00,31.0,72,304.0,1.08,0.0,92
2021-06-19 16:00:00,29.4,81,204.0,2.9,0.9,98
2021-06-19 17:00:00,27.0,93,70.0,3.83,6.5,99
2021-06-19 18:00:00,26.5,96,2.0,2.43,5.2,100
2021-06-19 19:00:00,26.6,96,0.0,2.06,11.3,100
2021-06-19 20:00:00,26.6,94,0.0,2.2,3.4,100
2021-06-19 21:00:00,26.2,95,0.0,1.78,1.0,100
2021-06-19 22:00:00,26.0,96,0.0,1.0,0.3,100
2021-06-19 23:00:00,25.9,96,0.0,0.9,0.9,100
2021-06-20 00:00:00,25.8,96,0.0,0.71,0.6,100
2021-06-20 01:00:00,25.7,96,0.0,1.04,0.4,99
2021-06-20 02:00:00,25.6,96,0.0,1.7,0.1,99
2021-06-20 03:00:00,25.3,98,0.0,1.73,0.0,98
2021-06-20 04:00:00,25.3,99,0.0,1.55,0.0,90
2021-06-20 05:00:00,25.9,91,30.0,1.14,0.1,96
2021-06-20 06:00:00,26.1,90,83.0,0.71,0.1,89
2021-06-20 07:00:00,26.9,88,245.0,0.71,0.1,59
2021-06-20 08:00:00,27.9,85,405.0,0.76,0.1,65
2021-06-20 09:00:00,29.0,82,522.0,0.28,0.0,76
2021-06-20 10:00:00,29.9,76,553.0,0.2,0.0,53
2021-06-20 11:00:00,30.6,73,668.0,0.41,0.0,51
2021-06-20 12:00:00,31.0,74,774.0,1.03,0.0,52
2021-06-20 13:00:00,31.2,74,704.0,1.26,0.3,71
2021-06-20 14:00:00,29.3,81,448.0,3.31,0.8,92
2021-06-20 15:00:00,29.1,79,231.0,2.25,0.3,100
2021-06-20 16:00:00,28.5,82,145.0,2.55,0.3,95
2021-06-20 17:00:00,28.3,80,67.0,2.64,0.2,92
2021-06-20 18:00:00,27.5,86,19.0,1.41,0.0,35
2021-06-20 19:00:00,26.9,91,0.0,0.99,0.0,32
2021-06-20 20:00:00,26.7,93,0.0,1.02,0.0,34
2021-06-20 21:00:00,26.7,94,0.0,1.36,0.0,32
2021-06-20 22:00:00,26.5,93,0.0,1.43,0.0,27
2021-06-20 23:00:00,26.4,92,0.0,1.3,0.0,29
2021-06-21 00:00:00,26.2,92,0.0,1.08,0.0,43
2021-06-21 01:00:00,25.9,94,0.0,0.91,0.0,19
2021-06-21 02:00:00,25.5,96,0.0,0.81,0.0,17
2021-06-21 03:00:00,25.2,97,0.0,0.89,0.0,20
2021-06-21 04:00:00,25.0,97,0.0,1.12,0.0,16
2021-06-21 05:00:00,26.1,90,36.0,1.56,0.0,19
2021-06-21 06:00:00,26.8,86,140.0,1.7,0.0,69
2021-06-21 07:00:00,27.9,80,287.0,0.9,0.0,100
2021-06-21 08:00:00,28.5,79,343.0,0.45,0.0,98
2021-06-21 09:00:00,29.2,78,484.0,0.32,0.0,25
2021-06-21 10:00:00,30.4,72,780.0,0.22,0.0,18
2021-06-21 11:00:00,31.2,69,825.0,0.94,0.0,9
2021-06-21 12:00:00,32.1,66,890.0,1.22,0.0,24
2021-06-21 13:00:00,32.4,67,810.0,1.53,0.0,16
2021-06-21 14:00:00,32.4,69,656.0,1.66,0.0,35
2021-06-21 15:00:00,31.7,71,463.0,1.77,0.8,66
2021-06-21 16:00:00,31.0,73,274.0,1.78,0.5,29
2021-06-21 17:00:00,30.4,80,135.0,1.5,0.1,31
2021-06-21 18:00:00,29.2,84,20.0,1.92,0.0,31
2021-06-21 19:00:00,28.5,88,0.0,2.37,0.0,58
2021-06-21 20:00:00,27.9,89,0.0,2.52,0.0,68
2021-06-21 21:00:00,27.7,88,0.0,2.59,0.0,69
2021-06-21 22:00:00,27.5,87,0.0,2.55,0.2,88
2021-06-21 23:00:00,27.1,90,0.0,2.15,0.5,96
2021-06-22 00:00:00,27.0,91,0.0,1.49,1.7,100
2021-06-22 01:00:00,27.0,91,0.0,1.08,2.6,100
2021-06-22 02:00:00,26.8,92,0.0,0.76,1.5,100
2021-06-22 03:00:00,26.5,94,0.0,0.99,0.4,72
2021-06-22 04:00:00,26.9,89,0.0,0.63,0.1,73
2021-06-22 05:00:00,27.1,96,26.0,0.4,0.1,33
2021-06-22 06:00:00,28.3,85,175.0,0.92,0.0,41
2021-06-22 07:00:00,28.9,82,320.0,1.12,0.0,61
2021-06-22 08:00:00,29.7,80,464.0,0.73,0.0,56
2021-06-22 09:00:00,30.6,79,603.0,0.57,0.1,24
2021-06-22 10:00:00,31.5,77,770.0,0.64,0.1,89
2021-06-22 11:00:00,32.2,76,823.0,1.12,0.1,30
2021-06-22 12:00:00,32.8,72,799.0,1.34,0.0,30
2021-06-22 13:00:00,33.3,69,714.0,1.48,0.0,38
2021-06-22 14:00:00,32.9,70,531.0,1.22,0.0,70
2021-06-22 15:00:00,30.7,78,339.0,1.93,3.6,58
2021-06-22 16:00:00,29.9,83,239.0,2.44,0.5,73
2021-06-22 17:00:00,28.4,88,111.0,3.34,4.7,87
2021-06-22 18:00:00,27.7,93,15.0,2.82,1.4,81
2021-06-22 19:00:00,27.5,93,0.0,1.94,2.7,99
2021-06-22 20:00:00,27.2,94,0.0,1.49,6.1,100
2021-06-22 21:00:00,27.3,93,0.0,1.32,14.2,100
2021-06-22 22:00:00,27.4,93,0.0,1.17,16.5,100
2021-06-22 23:00:00,27.3,95,0.0,1.26,6.7,100
2021-06-23 00:00:00,27.1,95,0.0,1.12,6.4,100
2021-06-23 01:00:00,26.9,95,0.0,2.06,3.0,100
2021-06-23 02:00:00,26.8,95,0.0,1.24,0.7,100
2021-06-23 03:00:00,26.6,96,0.0,0.82,0.1,98
2021-06-23 04:00:00,26.2,96,0.0,1.08,0.0,97
2021-06-23 05:00:00,26.9,94,33.0,1.5,0.0,100
2021-06-23 06:00:00,27.5,89,156.0,0.92,0.0,99
2021-06-23 07:00:00,28.4,84,314.0,0.36,0.0,99
2021-06-23 08:00:00,29.3,78,446.0,0.57,0.0,98
2021-06-23 09:00:00,30.4,74,623.0,0.4,0.0,42
2021-06-23 10:00:00,31.2,74,693.0,0.22,0.0,49
2021-06-23 11:00:00,31.8,74,758.0,0.51,0.1,100
2021-06-23 12:00:00,32.4,72,844.0,1.08,0.1,83
2021-06-23 13:00:00,32.0,70,764.0,2.14,0.2,47
2021-06-23 14:00:00,31.6,71,570.0,2.16,0.4,50
2021-06-23 15:00:00,31.3,72,415.0,3.18,0.3,75
2021-06-23 16:00:00,30.3,78,259.0,2.69,0.3,52
2021-06-23 17:00:00,30.7,77,126.0,1.92,0.0,75
2021-06-23 18:00:00,29.3,85,24.0,1.44,0.0,57
2021-06-23 19:00:00,29.1,87,0.0,1.56,0.0,62
2021-06-23 20:00:00,28.8,89,0.0,2.05,0.0,75
2021-06-23 21:00:00,28.3,88,0.0,2.4,0.0,72
2021-06-23 22:00:00,27.9,88,0.0,2.02,0.0,84
2021-06-23 23:00:00,27.6,89,0.0,1.5,0.0,89
2021-06-24 00:00:00,27.4,92,0.0,1.43,0.0,80
2021-06-24 01:00:00,27.2,92,0.0,1.63,0.0,94
2021-06-24 02:00:00,27.0,92,0.0,1.65,0.0,98
2021-06-24 03:00:00,26.9,91,0.0,1.4,0.0,97
2021-06-24 04:00:00,26.6,91,0.0,1.24,0.0,99
2021-06-24 05:00:00,27.6,85,38.0,2.9,0.0,33
2021-06-24 06:00:00,28.0,84,156.0,3.21,0.0,36
2021-06-24 07:00:00,29.0,80,360.0,3.26,0.0,24
2021-06-24 08:00:00,29.9,78,533.0,2.72,0.0,50
2021-06-24 09:00:00,30.3,77,674.0,2.3,0.0,57
2021-06-24 10:00:00,30.9,73,806.0,1.92,0.0,68
2021-06-24 11:00:00,31.5,70,803.0,2.28,0.0,73
2021-06-24 12:00:00,31.6,70,690.0,2.84,0.0,40
2021-06-24 13:00:00,32.3,67,739.0,2.62,0.0,46
2021-06-24 14:00:00,32.5,65,628.0,3.01,0.0,64
2021-06-24 15:00:00,32.1,66,428.0,3.7,0.0,68
2021-06-24 16:00:00,31.0,74,274.0,3.21,0.2,74
2021-06-24 17:00:00,30.6,75,115.0,2.06,0.0,87
2021-06-24 18:00:00,29.5,80,22.0,1.58,0.0,55
2021-06-24 19:00:00,29.0,83,0.0,1.34,0.1,69
2021-06-24 20:00:00,28.5,86,0.0,1.88,0.2,54
2021-06-24 21:00:00,28.2,89,0.0,1.53,0.1,72
2021-06-24 22:00:00,27.9,90,0.0,1.35,0.0,63
2021-06-24 23:00:00,27.4,93,0.0,1.17,0.0,60
2021-06-25 00:00:00,26.9,93,0.0,1.21,0.0,47
2021-06-25 01:00:00,27.0,92,0.0,1.27,0.0,37
2021-06-25 02:00:00,26.6,91,0.0,1.87,0.0,67
2021-06-25 03:00:00,26.3,93,0.0,0.85,0.1,36
2021-06-25 04:00:00,26.2,93,0.0,0.89,0.0,35
2021-06-25 05:00:00,27.0,89,37.0,1.3,0.0,56
2021-06-25 06:00:00,27.3,87,143.0,1.66,0.1,49
2021-06-25 07:00:00,27.5,87,232.0,1.12,0.9,55
2021-06-25 08:00:00,28.4,83,416.0,1.24,1.0,64
2021-06-25 09:00:00,29.2,81,482.0,0.92,0.3,44
2021-06-25 10:00:00,30.3,78,734.0,1.63,0.1,29
2021-06-25 11:00:00,31.1,73,747.0,1.43,0.1,43
2021-06-25 12:00:00,31.7,73,646.0,1.9,0.1,64
2021-06-25 13:00:00,31.6,74,651.0,2.61,0.1,70
2021-06-25 14:00:00,31.7,70,578.0,2.72,0.1,38
2021-06-25 15:00:00,31.5,70,414.0,2.94,0.1,57
2021-06-25 16:00:00,31.0,73,307.0,2.7,0.2,77
2021-06-25 17:00:00,30.4,76,150.0,0.71,0.2,63
2021-06-25 18:00:00,29.5,83,21.0,0.91,0.0,40
2021-06-25 19:00:00,28.9,87,0.0,1.7,0.0,50
2021-06-25 20:00:00,28.5,86,0.0,3.14,0.1,67
2021-06-25 21:00:00,27.9,89,0.0,2.28,0.1,78
2021-06-25 22:00:00,27.6,90,0.0,1.88,0.0,83
2021-06-25 23:00:00,27.3,92,0.0,1.86,0.0,89
2021-06-26 00:00:00,27.0,93,0.0,1.5,0.0,89
2021-06-26 01:00:00,26.7,94,0.0,1.13,0.0,87
2021-06-26 02:00:00,26.7,94,0.0,1.04,0.0,75
2021-06-26 03:00:00,26.2,95,0.0,1.41,0.0,78
2021-06-26 04:00:00,26.1,95,0.0,1.22,0.0,90
2021-06-26 05:00:00,27.4,88,36.0,1.41,0.0,87
2021-06-26 06:00:00,28.0,85,150.0,1.96,0.0,85
2021-06-26 07:00:00,28.7,83,280.0,2.75,0.2,89
2021-06-26 08:00:00,29.3,82,353.0,2.41,0.3,75
2021-06-26 09:00:00,29.6,80,499.0,2.75,3.1,65
2021-06-26 10:00:00,30.2,79,528.0,2.47,0.9,50
2021-06-26 11:00:00,31.2,75,762.0,3.08,0.1,37
2021-06-26 12:00:00,31.3,74,791.0,2.86,0.0,65
2021-06-26 13:00:00,31.6,74,772.0,3.06,0.0,67
2021-06-26 14:00:00,31.9,73,627.0,3.35,0.0,63
2021-06-26 15:00:00,31.7,72,486.0,4.1,0.1,58
2021-06-26 16:00:00,31.2,74,293.0,3.1,0.1,85
2021-06-26 17:00:00,29.2,82,117.0,2.06,0.0,85
2021-06-26 18:00:00,28.7,85,11.0,2.33,0.1,86
2021-06-26 19:00:00,28.3,87,0.0,2.53,0.1,86
2021-06-26 20:00:00,27.8,92,0.0,1.8,0.1,94
2021-06-26 21:00:00,27.6,94,0.0,1.84,0.0,98
2021-06-26 22:00:00,27.4,94,0.0,2.0,0.0,94
2021-06-26 23:00:00,27.1,95,0.0,1.77,0.0,92
2021-06-27 00:00:00,26.9,95,0.0,1.17,0.0,87
2021-06-27 01:00:00,26.8,96,0.0,1.1,0.0,90
2021-06-27 02:00:00,26.6,95,0.0,1.26,0.0,90
2021-06-27 03:00:00,26.2,94,0.0,1.39,0.0,89
2021-06-27 04:00:00,26.2,93,0.0,2.14,0.0,73
2021-06-27 05:00:00,27.0,89,34.0,2.7,0.0,77
2021-06-27 06:00:00,27.8,86,160.0,3.81,0.0,91
2021-06-27 07:00:00,28.8,81,330.0,3.82,0.0,81
2021-06-27 08:00:00,29.8,77,456.0,3.52,0.0,64
2021-06-27 09:00:00,30.6,76,631.0,3.98,0.1,76
2021-06-27 10:00:00,31.3,75,811.0,4.66,0.2,100
2021-06-27 11:00:00,31.0,79,657.0,3.48,0.6,92
2021-06-27 12:00:00,31.2,77,575.0,3.49,0.1,84
2021-06-27 13:00:00,31.7,73,661.0,4.42,0.0,89
2021-06-27 14:00:00,31.2,74,617.0,4.9,0.0,88
2021-06-27 15:00:00,31.3,73,504.0,4.95,0.0,92
2021-06-27 16:00:00,30.7,76,297.0,4.11,0.0,94
2021-06-27 17:00:00,29.2,84,149.0,3.0,0.0,78
2021-06-27 18:00:00,28.4,86,22.0,3.01,0.1,81
2021-06-27 19:00:00,28.1,86,0.0,3.34,0.0,92
2021-06-27 20:00:00,27.8,88,0.0,3.2,0.0,98
2021-06-27 21:00:00,27.5,90,0.0,2.53,0.0,99
2021-06-27 22:00:00,27.2,93,0.0,1.91,0.0,99
2021-06-27 23:00:00,27.0,95,0.0,1.7,0.0,98
2021-06-28 00:00:00,26.9,94,0.0,1.99,0.0,98
2021-06-28 01:00:00,26.8,93,0.0,2.6,0.0,99
2021-06-28 02:00:00,26.8,91,0.0,3.04,0.0,99
2021-06-28 03:00:00,27.0,88,0.0,3.2,0.0,99
2021-06-28 04:00:00,27.1,86,0.0,3.22,0.0,100
2021-06-28 05:00:00,27.0,88,30.0,3.71,0.0,100
2021-06-28 06:00:00,27.3,87,105.0,3.89,0.1,100
2021-06-28 07:00:00,28.0,86,228.0,4.05,0.2,100
2021-06-28 08:00:00,29.1,81,377.0,3.92,0.1,95
2021-06-28 09:00:00,30.3,76,498.0,4.02,0.0,86
2021-06-28 10:00:00,31.4,69,650.0,5.3,0.0,99
2021-06-28 11:00:00,30.7,73,502.0,5.61,0.5,100
2021-06-28 12:00:00,31.3,72,617.0,5.72,2.6,100
2021-06-28 13:00:00,31.3,69,480.0,5.48,0.0,99
2021-06-28 14:00:00,30.6,76,258.0,4.97,0.0,94
2021-06-28 15:00:00,31.2,73,424.0,5.59,0.0,92
2021-06-28 16:00:00,30.7,74,260.0,5.34,0.0,88
2021-06-28 17:00:00,29.0,77,116.0,4.08,0.0,94
2021-06-28 18:00:00,28.9,76,11.0,3.76,0.0,100
2021-06-28 19:00:00,28.6,77,0.0,2.67,0.0,99
2021-06-28 20:00:00,27.9,82,0.0,1.43,0.0,99
2021-06-28 21:00:00,27.5,87,0.0,1.46,0.0,99
2021-06-28 22:00:00,27.2,89,0.0,1.2,0.0,99
2021-06-28 23:00:00,27.7,87,0.0,0.5,0.0,99
2021-06-29 00:00:00,27.1,92,0.0,0.72,0.0,99
2021-06-29 01:00:00,26.4,97,0.0,0.71,0.0,98
2021-06-29 02:00:00,26.4,96,0.0,1.78,0.0,99
2021-06-29 03:00:00,26.1,97,0.0,1.53,0.0,98
2021-06-29 04:00:00,26.1,97,0.0,2.0,0.0,98
2021-06-29 05:00:00,26.2,94,26.0,2.71,0.0,100
2021-06-29 06:00:00,26.8,92,75.0,2.28,0.1,100
2021-06-29 07:00:00,27.2,90,114.0,2.47,0.2,100
2021-06-29 08:00:00,28.4,83,304.0,2.18,0.1,100
2021-06-29 09:00:00,28.6,82,240.0,2.09,0.2,100
2021-06-29 10:00:00,29.4,80,384.0,1.8,0.1,100
2021-06-29 11:00:00,29.5,81,414.0,1.12,0.3,100
2021-06-29 12:00:00,28.6,87,342.0,0.22,1.9,100
2021-06-29 13:00:00,27.8,89,180.0,1.97,9.4,100
2021-06-29 14:00:00,27.8,89,151.0,0.94,6.2,100
2021-06-29 15:00:00,28.0,89,140.0,0.57,0.7,100
2021-06-29 16:00:00,28.0,90,128.0,1.61,0.2,100
2021-06-29 17:00:00,27.4,91,85.0,0.67,0.1,98
2021-06-29 18:00:00,26.9,95,11.0,0.5,0.2,99
2021-06-29 19:00:00,26.6,96,0.0,0.78,0.1,99
2021-06-29 20:00:00,26.4,97,0.0,0.61,0.1,99
2021-06-29 21:00:00,26.3,97,0.0,1.12,0.0,99
2021-06-29 22:00:00,26.0,98,0.0,1.2,0.1,100
2021-06-29 23:00:00,26.0,97,0.0,0.67,0.1,100
2021-06-30 00:00:00,25.9,97,0.0,0.14,0.0,99
2021-06-30 01:00:00,25.7,97,0.0,0.78,0.0,100
2021-06-30 02:00:00,25.8,96,0.0,0.81,0.0,99
2021-06-30 03:00:00,25.6,97,0.0,0.36,0.0,100
2021-06-30 04:00:00,25.6,98,0.0,1.66,0.1,100
2021-06-30 05:00:00,25.8,97,15.0,1.94,0.2,100
2021-06-30 06:00:00,26.1,95,62.0,2.24,0.1,98
2021-06-30 07:00:00,26.8,91,124.0,2.73,0.1,100
2021-06-30 08:00:00,27.9,86,305.0,2.82,0.4,100
2021-06-30 09:00:00,27.8,88,198.0,1.28,1.4,100
2021-06-30 10:00:00,27.9,90,267.0,1.96,2.7,100
2021-06-30 11:00:00,26.9,95,193.0,3.58,2.3,100
2021-06-30 12:00:00,27.6,90,272.0,3.91,1.0,100
2021-06-30 13:00:00,27.7,91,425.0,3.68,1.3,100
2021-06-30 14:00:00,27.1,94,245.0,3.1,1.1,100
2021-06-30 15:00:00,26.8,95,174.0,3.01,0.9,100
2021-06-30 16:00:00,26.7,93,59.0,1.7,0.2,100
2021-06-30 17:00:00,26.1,93,67.0,0.45,0.1,100
2021-06-30 18:00:00,25.6,96,15.0,0.64,0.1,100
2021-06-30 19:00:00,25.5,98,0.0,1.53,0.1,100
2021-06-30 20:00:00,25.6,97,0.0,1.57,0.3,100
2021-06-30 21:00:00,25.6,96,0.0,1.6,1.9,100
2021-06-30 22:00:00,25.7,96,0.0,0.72,5.9,100
2021-06-30 23:00:00,25.6,97,0.0,0.45,3.0,100
2021-07-01 00:00:00,25.4,99,0.0,1.02,1.3,100
2021-07-01 01:00:00,25.4,99,0.0,0.9,1.9,100
2021-07-01 02:00:00,25.4,99,0.0,0.98,1.2,100
2021-07-01 03:00:00,25.4,98,0.0,1.25,0.3,99
2021-07-01 04:00:00,25.3,99,0.0,1.57,0.1,97
2021-07-01 05:00:00,25.5,95,19.0,1.44,0.0,96
2021-07-01 06:00:00,25.9,92,59.0,0.36,0.0,99
2021-07-01 07:00:00,26.4,91,161.0,0.61,0.2,100
2021-07-01 08:00:00,26.7,89,192.0,0.8,0.4,95
2021-07-01 09:00:00,27.7,86,345.0,0.6,0.2,100
2021-07-01 10:00:00,27.8,85,294.0,0.89,0.2,92
2021-07-01 11:00:00,29.2,79,647.0,1.27,0.1,97
2021-07-01 12:00:00,29.7,77,520.0,1.64,0.0,96
2021-07-01 13:00:00,29.9,76,476.0,2.01,0.0,99
2021-07-01 14:00:00,29.3,79,303.0,1.89,0.0,95
2021-07-01 15:00:00,29.1,80,259.0,1.27,0.0,91
2021-07-01 16:00:00,29.2,79,238.0,0.54,0.0,96
2021-07-01 17:00:00,27.7,81,117.0,0.78,0.0,98
2021-07-01 18:00:00,26.8,89,15.0,1.0,0.0,94
2021-07-01 19:00:00,26.7,89,0.0,1.14,0.0,96
2021-07-01 20:00:00,26.3,92,0.0,0.99,0.1,97
2021-07-01 21:00:00,26.8,88,0.0,0.1,0.1,95
2021-07-01 22:00:00,26.0,95,0.0,0.71,0.0,99
2021-07-01 23:00:00,25.7,96,0.0,0.76,0.1,100
2021-07-02 00:00:00,25.7,96,0.0,0.71,0.1,99
2021-07-02 01:00:00,25.6,94,0.0,1.53,0.4,99
2021-07-02 02:00:00,25.5,96,0.0,1.9,0.2,99
2021-07-02 03:00:00,25.6,97,0.0,1.43,0.3,99
2021-07-02 04:00:00,25.5,96,0.0,2.94,1.3,100
2021-07-02 05:00:00,25.3,94,6.0,1.0,1.7,100
2021-07-02 06:00:00,25.7,92,50.0,1.32,0.2,100
2021-07-02 07:00:00,25.9,92,84.0,2.1,0.4,100
2021-07-02 08:00:00,26.3,90,132.0,2.28,0.6,100
2021-07-02 09:00:00,27.2,85,345.0,1.98,0.5,100
2021-07-02 10:00:00,26.7,90,239.0,1.97,0.8,100
2021-07-02 11:00:00,26.6,91,205.0,2.26,1.1,100
2021-07-02 12:00:00,26.5,90,171.0,1.99,0.7,100
2021-07-02 13:00:00,27.1,86,289.0,1.57,0.1,99
2021-07-02 14:00:00,27.4,84,268.0,1.58,0.0,100
2021-07-02 15:00:00,27.6,83,248.0,2.02,0.0,94
2021-07-02 16:00:00,27.6,83,180.0,1.66,0.0,99
2021-07-02 17:00:00,26.5,87,55.0,1.43,0.0,95
2021-07-02 18:00:00,26.0,92,3.0,1.44,0.1,100
2021-07-02 19:00:00,25.7,94,0.0,1.44,0.1,97
2021-07-02 20:00:00,25.4,95,0.0,0.92,0.0,95
2021-07-02 21:00:00,25.1,97,0.0,0.71,0.0,96
2021-07-02 22:00:00,25.1,98,0.0,1.17,0.0,100
2021-07-02 23:00:00,25.2,96,0.0,1.93,0.0,100
2021-07-03 00:00:00,25.2,94,0.0,2.06,0.0,100
2021-07-03 01:00:00,25.0,94,0.0,2.01,0.0,99
2021-07-03 02:00:00,24.9,96,0.0,1.3,0.1,98
2021-07-03 03:00:00,24.7,98,0.0,0.98,0.1,91
2021-07-03 04:00:00,24.9,98,0.0,0.71,0.3,93
2021-07-03 05:00:00,25.1,96,17.0,0.5,0.4,97
2021-07-03 06:00:00,25.7,94,75.0,0.64,0.1,97
2021-07-03 07:00:00,26.2,90,93.0,0.63,0.1,96
2021-07-03 08:00:00,26.5,87,123.0,0.76,0.2,98
2021-07-03 09:00:00,27.1,86,237.0,0.22,0.4,69
2021-07-03 10:00:00,28.2,83,506.0,0.22,0.5,77
2021-07-03 11:00:00,28.7,83,524.0,0.22,0.3,84
2021-07-03 12:00:00,29.0,83,437.0,0.64,0.1,92
2021-07-03 13:00:00,29.9,80,704.0,0.76,0.2,96
2021-07-03 14:00:00,29.7,81,530.0,1.34,0.1,96
2021-07-03 15:00:00,30.0,77,449.0,0.22,0.1,98
2021-07-03 16:00:00,29.6,78,276.0,0.5,0.1,97
2021-07-03 17:00:00,28.2,84,123.0,1.34,0.1,98
2021-07-03 18:00:00,27.3,90,16.0,1.2,0.0,97
2021-07-03 19:00:00,26.9,92,0.0,1.2,0.0,100
2021-07-03 20:00:00,26.8,91,0.0,1.84,0.0,99
2021-07-03 21:00:00,26.7,91,0.0,1.71,0.1,98
2021-07-03 22:00:00,26.4,94,0.0,1.36,0.3,97
2021-07-03 23:00:00,26.2,96,0.0,0.9,0.7,99
2021-07-04 00:00:00,25.9,98,0.0,0.67,1.6,99
2021-07-04 01:00:00,25.8,97,0.0,1.2,0.9,100
2021-07-04 02:00:00,25.8,97,0.0,1.03,0.8,100
2021-07-04 03:00:00,25.6,98,0.0,0.51,1.0,100
2021-07-04 04:00:00,25.5,99,0.0,0.45,1.0,100
2021-07-04 05:00:00,25.6,95,11.0,1.61,0.7,99
2021-07-04 06:00:00,26.4,90,103.0,2.04,0.1,99
2021-07-04 07:00:00,27.1,86,170.0,2.25,0.1,99
2021-07-04 08:00:00,28.3,81,348.0,1.88,0.1,100
2021-07-04 09:00:00,29.4,76,535.0,1.36,0.0,74
2021-07-04 10:00:00,30.1,76,620.0,1.08,0.0,68
2021-07-04 11:00:00,30.9,75,697.0,0.81,0.0,67
2021-07-04 12:00:00,31.4,74,783.0,1.42,0.0,72
2021-07-04 13:00:00,31.7,70,697.0,0.92,0.1,93
2021-07-04 14:00:00,31.7,71,508.0,1.25,0.1,99
2021-07-04 15:00:00,30.6,74,378.0,0.54,1.0,96
2021-07-04 16:00:00,29.9,77,223.0,1.14,1.0,96
2021-07-04 17:00:00,29.1,84,109.0,1.65,0.1,97
2021-07-04 18:00:00,28.0,92,21.0,0.91,0.2,92
2021-07-04 19:00:00,27.5,95,0.0,0.94,0.0,92
2021-07-04 20:00:00,27.3,95,0.0,1.0,0.0,93
2021-07-04 21:00:00,27.1,96,0.0,1.14,0.0,95
2021-07-04 22:00:00,27.0,97,0.0,1.08,0.0,93
2021-07-04 23:00:00,27.1,97,0.0,0.94,0.0,92
2021-07-05 00:00:00,26.8,97,0.0,0.94,0.0,71
2021-07-05 01:00:00,26.8,97,0.0,1.12,0.1,75
2021-07-05 02:00:00,26.6,97,0.0,1.0,0.0,79
2021-07-05 03:00:00,26.3,97,0.0,1.28,0.0,81
2021-07-05 04:00:00,25.6,97,0.0,0.92,0.0,68
2021-07-05 05:00:00,26.2,92,34.0,0.85,0.0,71
2021-07-05 06:00:00,26.8,89,121.0,1.2,0.0,59
2021-07-05 07:00:00,27.8,86,288.0,1.24,0.0,31
2021-07-05 08:00:00,29.0,82,477.0,0.6,0.0,23
2021-07-05 09:00:00,29.9,80,594.0,0.22,0.0,32
2021-07-05 10:00:00,30.9,78,758.0,0.3,0.1,15
2021-07-05 11:00:00,31.5,76,807.0,1.42,0.1,55
2021-07-05 12:00:00,30.8,78,713.0,2.3,0.7,87
2021-07-05 13:00:00,31.1,74,615.0,2.82,0.2,88
2021-07-05 14:00:00,31.0,73,511.0,2.96,0.3,88
2021-07-05 15:00:00,30.7,75,358.0,2.62,0.2,85
2021-07-05 16:00:00,30.6,76,260.0,2.46,0.4,87
2021-07-05 17:00:00,29.5,82,152.0,1.98,0.1,92
2021-07-05 18:00:00,28.5,88,23.0,1.79,0.2,93
2021-07-05 19:00:00,28.1,90,0.0,1.75,0.0,95
2021-07-05 20:00:00,27.8,91,0.0,1.52,0.0,94
2021-07-05 21:00:00,27.6,94,0.0,1.08,0.0,92
2021-07-05 22:00:00,27.3,95,0.0,1.08,0.0,96
2021-07-05 23:00:00,27.1,96,0.0,1.0,0.0,95
2021-07-06 00:00:00,27.6,93,0.0,0.41,0.0,94
2021-07-06 01:00:00,26.7,98,0.0,0.94,0.0,93
2021-07-06 02:00:00,26.9,97,0.0,1.08,0.0,94
2021-07-06 03:00:00,26.8,95,0.0,1.2,0.0,93
2021-07-06 04:00:00,26.3,95,0.0,1.04,0.0,93
2021-07-06 05:00:00,26.8,92,27.0,1.63,0.0,96
2021-07-06 06:00:00,27.4,89,140.0,2.51,0.0,93
2021-07-06 07:00:00,28.1,85,244.0,2.72,0.1,91
2021-07-06 08:00:00,29.0,81,349.0,1.82,0.1,95
2021-07-06 09:00:00,29.7,80,472.0,1.08,0.1,97
2021-07-06 10:00:00,30.3,78,648.0,1.14,0.0,98
2021-07-06 11:00:00,30.9,75,686.0,1.2,0.0,96
2021-07-06 12:00:00,30.9,78,762.0,2.22,0.1,93
2021-07-06 13:00:00,29.7,82,662.0,3.11,4.5,98
2021-07-06 14:00:00,29.0,85,371.0,1.9,1.9,99
2021-07-06 15:00:00,29.5,84,301.0,1.4,0.3,99
2021-07-06 16:00:00,29.0,85,145.0,1.43,0.8,99
2021-07-06 17:00:00,29.4,85,48.0,1.53,1.4,100
2021-07-06 18:00:00,28.3,93,17.0,0.9,0.1,100
2021-07-06 19:00:00,28.1,95,0.0,0.82,0.0,100
2021-07-06 20:00:00,28.2,94,0.0,1.46,0.0,100
2021-07-06 21:00:00,27.8,95,0.0,1.53,0.0,100
2021-07-06 22:00:00,27.1,98,0.0,0.32,1.5,100
2021-07-06 23:00:00,27.0,96,0.0,0.6,1.3,100
2021-07-07 00:00:00,26.8,98,0.0,1.21,0.2,100
2021-07-07 01:00:00,26.7,98,0.0,0.95,0.3,100
2021-07-07 02:00:00,26.6,96,0.0,1.1,1.0,100
2021-07-07 03:00:00,26.5,97,0.0,1.24,1.2,100
2021-07-07 04:00:00,26.3,97,0.0,1.06,0.8,100
2021-07-07 05:00:00,26.6,95,17.0,2.1,0.5,100
2021-07-07 06:00:00,27.2,92,76.0,1.22,0.1,100
2021-07-07 07:00:00,27.8,88,160.0,1.3,1.6,98
2021-07-07 08:00:00,28.2,85,182.0,1.7,2.0,100
2021-07-07 09:00:00,27.5,91,145.0,2.18,5.1,100
2021-07-07 10:00:00,27.3,91,101.0,2.0,5.2,98
2021-07-07 11:00:00,27.5,92,119.0,1.34,4.2,97
2021-07-07 12:00:00,27.8,92,180.0,1.04,1.3,97
2021-07-07 13:00:00,29.2,84,443.0,1.3,0.3,98
2021-07-07 14:00:00,29.3,84,308.0,0.86,0.2,96
2021-07-07 15:00:00,29.1,85,206.0,0.36,0.2,96
2021-07-07 16:00:00,29.1,87,148.0,0.36,0.2,100
2021-07-07 17:00:00,28.2,90,91.0,0.1,0.2,100
2021-07-07 18:00:00,28.0,89,10.0,0.36,3.0,99
2021-07-07 19:00:00,27.1,95,0.0,1.1,5.6,100
2021-07-07 20:00:00,26.6,96,0.0,0.5,5.7,100
2021-07-07 21:00:00,26.2,97,0.0,0.58,8.4,100
2021-07-07 22:00:00,26.4,97,0.0,0.61,9.4,100
2021-07-07 23:00:00,26.4,98,0.0,1.34,6.6,100
2021-07-08 00:00:00,26.3,98,0.0,1.41,0.5,100
2021-07-08 01:00:00,26.5,97,0.0,1.7,0.3,100
2021-07-08 02:00:00,26.5,97,0.0,1.66,0.4,100
2021-07-08 03:00:00,26.6,98,0.0,1.55,0.8,100
2021-07-08 04:00:00,26.6,97,0.0,1.63,1.8,99
2021-07-08 05:00:00,26.9,95,13.0,1.1,0.3,95
2021-07-08 06:00:00,27.1,94,51.0,1.64,0.4,100
2021-07-08 07:00:00,27.6,91,128.0,1.14,0.2,100
2021-07-08 08:00:00,27.9,90,179.0,1.39,0.2,99
2021-07-08 09:00:00,28.9,87,440.0,1.08,0.2,98
2021-07-08 10:00:00,29.2,86,332.0,0.54,0.3,94
2021-07-08 11:00:00,29.9,85,482.0,1.04,0.4,100
2021-07-08 12:00:00,30.7,79,582.0,1.28,1.6,97
2021-07-08 13:00:00,29.4,83,403.0,1.73,8.1,90
2021-07-08 14:00:00,29.3,81,299.0,1.3,1.2,100
2021-07-08 15:00:00,29.6,82,301.0,1.21,0.2,97
2021-07-08 16:00:00,29.7,82,279.0,1.22,0.1,95
2021-07-08 17:00:00,28.8,88,152.0,1.98,0.1,95
2021-07-08 18:00:00,27.8,94,17.0,1.86,0.3,95
2021-07-08 19:00:00,27.3,95,0.0,1.8,1.0,96
2021-07-08 20:00:00,26.9,95,0.0,1.61,2.3,96
2021-07-08 21:00:00,26.9,96,0.0,0.81,2.2,100
2021-07-08 22:00:00,26.7,97,0.0,0.45,1.9,100
2021-07-08 23:00:00,26.4,98,0.0,0.63,2.3,98
2021-07-09 00:00:00,26.3,98,0.0,0.5,2.2,99
2021-07-09 01:00:00,26.0,99,0.0,1.17,2.5,99
2021-07-09 02:00:00,25.8,97,0.0,1.27,1.4,100
2021-07-09 03:00:00,25.8,96,0.0,0.85,0.1,100
2021-07-09 04:00:00,25.7,96,0.0,0.67,0.2,100
2021-07-09 05:00:00,27.1,95,27.0,0.99,0.5,99
2021-07-09 06:00:00,28.0,89,124.0,0.98,0.0,99
2021-07-09 07:00:00,28.8,85,277.0,1.08,0.1,95
2021-07-09 08:00:00,29.7,84,508.0,1.53,0.2,92
2021-07-09 09:00:00,30.5,81,677.0,1.66,0.2,79
2021-07-09 10:00:00,31.2,78,687.0,2.16,0.2,88
2021-07-09 11:00:00,31.7,76,719.0,2.08,1.1,90
2021-07-09 12:00:00,31.4,75,741.0,2.08,4.2,96
2021-07-09 13:00:00,30.8,78,576.0,0.14,1.6,99
2021-07-09 14:00:00,31.4,76,432.0,0.5,0.2,95
2021-07-09 15:00:00,30.9,76,349.0,0.81,0.3,99
2021-07-09 16:00:00,31.0,76,304.0,0.85,0.0,94
2021-07-09 17:00:00,30.8,77,134.0,0.51,0.0,93
2021-07-09 18:00:00,30.4,79,22.0,0.73,0.0,93
2021-07-09 19:00:00,28.8,91,0.0,1.25,0.0,96
2021-07-09 20:00:00,28.5,93,0.0,1.36,0.0,99
2021-07-09 21:00:00,28.7,89,0.0,1.02,0.0,99
2021-07-09 22:00:00,28.0,94,0.0,0.85,0.0,99
2021-07-09 23:00:00,28.6,93,0.0,0.45,0.0,99
2021-07-10 00:00:00,27.6,97,0.0,1.24,0.0,100
2021-07-10 01:00:00,27.5,98,0.0,0.95,0.0,100
2021-07-10 02:00:00,27.7,98,0.0,0.71,0.0,100
2021-07-10 03:00:00,27.3,93,0.0,0.98,0.6,100
2021-07-10 04:00:00,27.0,97,0.0,1.12,0.3,100
2021-07-10 05:00:00,27.0,92,14.0,1.0,1.4,100
2021-07-10 06:00:00,27.1,91,57.0,1.02,0.1,100
2021-07-10 07:00:00,27.6,89,140.0,0.94,0.1,100
2021-07-10 08:00:00,28.5,88,331.0,0.61,0.2,100
2021-07-10 09:00:00,29.0,86,339.0,0.5,0.1,100
2021-07-10 10:00:00,29.9,86,459.0,1.22,0.2,100
2021-07-10 11:00:00,29.5,89,420.0,1.48,0.3,100
2021-07-10 12:00:00,30.1,88,449.0,1.58,0.4,100
2021-07-10 13:00:00,30.6,83,481.0,1.84,0.4,99
2021-07-10 14:00:00,30.0,85,353.0,1.44,0.3,99
2021-07-10 15:00:00,29.9,84,273.0,1.87,0.2,99
2021-07-10 16:00:00,29.4,84,137.0,2.4,0.1,99
2021-07-10 17:00:00,28.9,86,74.0,2.6,0.1,100
2021-07-10 18:00:00,28.0,91,17.0,1.94,0.1,100
2021-07-10 19:00:00,27.9,92,0.0,1.8,0.1,99
2021-07-10 20:00:00,27.7,93,0.0,1.75,0.1,99
2021-07-10 21:00:00,27.5,95,0.0,1.79,0.1,100
2021-07-10 22:00:00,27.4,96,0.0,2.33,0.4,98
2021-07-10 23:00:00,27.2,97,0.0,2.33,0.2,100
2021-07-11 00:00:00,27.1,97,0.0,2.25,0.3,100
2021-07-11 01:00:00,26.9,97,0.0,2.15,0.3,100
2021-07-11 02:00:00,26.8,97,0.0,2.18,0.2,98
2021-07-11 03:00:00,26.7,98,0.0,1.84,0.1,95
2021-07-11 04:00:00,26.6,98,0.0,1.55,0.1,98
2021-07-11 05:00:00,27.3,92,8.0,0.78,0.0,99
2021-07-11 06:00:00,27.4,92,70.0,1.51,0.4,98
2021-07-11 07:00:00,27.6,90,119.0,1.84,2.0,100
2021-07-11 08:00:00,27.8,88,150.0,1.91,0.7,100
2021-07-11 09:00:00,27.6,90,141.0,1.93,1.5,98
2021-07-11 10:00:00,27.7,91,162.0,1.63,0.4,90
2021-07-11 11:00:00,29.0,84,447.0,1.5,0.4,98
2021-07-11 12:00:00,29.5,86,500.0,1.4,0.4,89
2021-07-11 13:00:00,29.9,82,503.0,1.04,0.3,67
2021-07-11 14:00:00,30.5,81,557.0,0.92,0.2,83
2021-07-11 15:00:00,30.5,81,424.0,1.28,0.1,83
2021-07-11 16:00:00,29.7,81,261.0,1.63,1.2,78
2021-07-11 17:00:00,28.8,84,108.0,1.4,0.1,75
2021-07-11 18:00:00,27.8,91,10.0,1.22,0.1,70
2021-07-11 19:00:00,27.4,94,0.0,1.33,0.2,76
2021-07-11 20:00:00,27.2,95,0.0,1.61,0.0,75
2021-07-11 21:00:00,27.1,96,0.0,1.53,0.0,91
2021-07-11 22:00:00,27.0,96,0.0,1.84,0.4,100
2021-07-11 23:00:00,27.0,95,0.0,2.09,0.3,100
2021-07-12 00:00:00,26.8,95,0.0,2.31,0.5,96
2021-07-12 01:00:00,26.4,96,0.0,2.09,0.4,91
2021-07-12 02:00:00,26.1,96,0.0,2.02,0.2,93
2021-07-12 03:00:00,25.9,96,0.0,1.9,0.0,83
2021-07-12 04:00:00,25.8,96,0.0,1.92,0.0,75
2021-07-12 05:00:00,26.8,92,14.0,1.5,0.0,98
2021-07-12 06:00:00,27.3,89,67.0,1.26,0.0,100
2021-07-12 07:00:00,27.7,88,139.0,1.56,0.2,100
2021-07-12 08:00:00,28.2,87,257.0,2.62,0.8,100
2021-07-12 09:00:00,28.2,88,201.0,2.69,0.3,100
2021-07-12 10:00:00,29.2,85,352.0,2.7,0.2,100
2021-07-12 11:00:00,30.1,80,347.0,2.28,0.0,99
2021-07-12 12:00:00,31.8,76,528.0,2.37,0.1,63
2021-07-12 13:00:00,32.3,73,667.0,2.44,0.0,28
2021-07-12 14:00:00,32.8,69,693.0,2.1,0.0,19
2021-07-12 15:00:00,32.8,69,499.0,1.6,0.0,22
2021-07-12 16:00:00,32.7,69,339.0,1.21,0.0,23
2021-07-12 17:00:00,31.8,79,139.0,1.36,0.7,58
2021-07-12 18:00:00,29.7,89,26.0,2.15,0.0,48
2021-07-12 19:00:00,28.8,90,0.0,2.28,0.5,58
2021-07-12 20:00:00,28.4,90,0.0,1.42,0.0,45
2021-07-12 21:00:00,27.9,89,0.0,2.76,0.0,39
2021-07-12 22:00:00,27.3,90,0.0,1.71,0.9,46
2021-07-12 23:00:00,27.1,95,0.0,0.71,1.1,74
2021-07-13 00:00:00,26.8,96,0.0,0.54,0.3,72
2021-07-13 01:00:00,26.2,97,0.0,1.89,4.2,80
2021-07-13 02:00:00,26.0,97,0.0,1.57,1.8,89
2021-07-13 03:00:00,25.8,96,0.0,1.61,2.5,83
2021-07-13 04:00:00,25.6,96,0.0,0.4,2.5,99
2021-07-13 05:00:00,26.7,94,12.0,1.02,2.8,94
2021-07-13 06:00:00,27.5,90,154.0,2.12,0.1,89
2021-07-13 07:00:00,28.2,86,263.0,1.39,0.0,85
2021-07-13 08:00:00,28.9,85,355.0,0.7,0.2,79
2021-07-13 09:00:00,29.4,84,376.0,0.8,0.3,83
2021-07-13 10:00:00,30.4,81,630.0,1.03,0.2,97
2021-07-13 11:00:00,30.8,79,616.0,2.12,0.1,97
2021-07-13 12:00:00,31.6,76,641.0,1.99,0.1,91
2021-07-13 13:00:00,32.0,73,599.0,1.57,0.7,98
2021-07-13 14:00:00,30.9,77,423.0,0.51,1.2,100
2021-07-13 15:00:00,28.6,85,192.0,1.78,3.6,99
2021-07-13 16:00:00,29.1,84,183.0,1.6,0.1,93
2021-07-13 17:00:00,29.8,83,101.0,0.86,0.0,97
2021-07-13 18:00:00,28.2,91,22.0,2.47,0.0,99
2021-07-13 19:00:00,27.2,95,0.0,0.72,0.0,96
2021-07-13 20:00:00,26.9,96,0.0,1.49,1.5,83
2021-07-13 21:00:00,26.4,95,0.0,2.28,2.5,94
2021-07-13 22:00:00,26.2,94,0.0,2.67,1.0,98
2021-07-13 23:00:00,26.0,95,0.0,1.58,0.7,97
2021-07-14 00:00:00,25.9,95,0.0,1.39,0.4,93
2021-07-14 01:00:00,26.1,95,0.0,0.61,0.2,98
2021-07-14 02:00:00,26.1,96,0.0,0.58,0.1,96
2021-07-14 03:00:00,26.1,96,0.0,1.39,0.2,97
2021-07-14 04:00:00,26.1,95,0.0,1.75,0.1,98
2021-07-14 05:00:00,26.4,95,11.0,2.25,0.1,92
2021-07-14 06:00:00,26.9,92,87.0,2.11,0.4,98
2021-07-14 07:00:00,26.8,94,115.0,2.5,0.4,96
2021-07-14 08:00:00,27.7,92,309.0,2.57,0.3,97
2021-07-14 09:00:00,29.2,86,569.0,2.7,0.2,97
2021-07-14 10:00:00,30.5,79,746.0,3.62,0.2,97
2021-07-14 11:00:00,31.1,76,707.0,3.81,0.1,94
2021-07-14 12:00:00,31.3,74,680.0,4.11,0.1,95
2021-07-14 13:00:00,31.0,69,578.0,4.52,0.0,93
2021-07-14 14:00:00,31.0,70,527.0,4.44,0.0,95
2021-07-14 15:00:00,30.5,74,396.0,4.18,0.0,96
2021-07-14 16:00:00,30.1,76,308.0,3.49,0.0,98
2021-07-14 17:00:00,29.0,79,146.0,2.22,0.0,97
2021-07-14 18:00:00,27.7,85,23.0,1.27,0.0,94
2021-07-14 19:00:00,26.8,92,0.0,1.03,0.0,80
2021-07-14 20:00:00,26.7,91,0.0,0.86,0.0,76
2021-07-14 21:00:00,26.7,92,0.0,1.22,0.0,72
2021-07-14 22:00:00,26.4,95,0.0,1.14,0.0,76
2021-07-14 23:00:00,26.2,96,0.0,1.35,0.0,85
2021-07-15 00:00:00,26.3,96,0.0,1.08,0.0,87
2021-07-15 01:00:00,26.2,96,0.0,1.0,0.0,69
2021-07-15 02:00:00,25.9,97,0.0,1.1,0.0,33
2021-07-15 03:00:00,25.7,96,0.0,0.95,0.0,39
2021-07-15 04:00:00,25.9,95,0.0,1.3,0.1,63
2021-07-15 05:00:00,26.1,92,22.0,2.1,0.0,88
2021-07-15 06:00:00,26.4,91,51.0,2.16,0.0,100
2021-07-15 07:00:00,27.2,87,154.0,2.5,0.0,100
2021-07-15 08:00:00,27.8,85,234.0,2.28,0.0,100
2021-07-15 09:00:00,28.9,79,365.0,2.14,0.0,100
2021-07-15 10:00:00,30.4,77,727.0,1.8,0.0,100
2021-07-15 11:00:00,31.0,72,708.0,2.82,0.2,99
2021-07-15 12:00:00,30.6,72,480.0,3.57,0.1,99
2021-07-15 13:00:00,30.7,76,514.0,3.4,0.1,99
2021-07-15 14:00:00,30.7,77,474.0,3.6,0.9,98
2021-07-15 15:00:00,30.7,77,405.0,3.41,0.3,92
2021-07-15 16:00:00,29.5,80,238.0,3.51,0.5,87
2021-07-15 17:00:00,28.1,86,93.0,2.52,0.2,89
2021-07-15 18:00:00,27.6,89,13.0,1.7,0.0,100
2021-07-15 19:00:00,27.2,92,0.0,0.98,0.0,98
2021-07-15 20:00:00,27.1,94,0.0,0.85,0.0,97
2021-07-15 21:00:00,26.9,96,0.0,0.92,0.0,98
2021-07-15 22:00:00,26.9,97,0.0,0.85,0.0,99
2021-07-15 23:00:00,26.5,97,0.0,1.1,0.0,98
2021-07-16 00:00:00,26.6,97,0.0,0.82,0.0,98
2021-07-16 01:00:00,26.5,96,0.0,1.12,0.0,100
2021-07-16 02:00:00,26.1,97,0.0,0.9,0.0,99
2021-07-16 03:00:00,25.7,97,0.0,0.98,0.0,99
2021-07-16 04:00:00,25.5,98,0.0,0.92,0.0,97
2021-07-16 05:00:00,26.6,94,24.0,1.49,0.0,100
2021-07-16 06:00:00,26.8,93,92.0,1.58,0.1,55
2021-07-16 07:00:00,27.6,88,273.0,2.1,0.2,71
2021-07-16 08:00:00,28.4,86,396.0,2.41,0.3,76
2021-07-16 09:00:00,29.4,82,474.0,2.69,0.1,94
2021-07-16 10:00:00,30.2,82,673.0,2.28,0.1,91
2021-07-16 11:00:00,31.2,79,729.0,1.4,0.1,91
2021-07-16 12:00:00,30.2,79,440.0,3.81,1.6,87
2021-07-16 13:00:00,30.0,81,549.0,3.08,0.5,85
2021-07-16 14:00:00,30.5,80,541.0,3.01,0.3,86
2021-07-16 15:00:00,29.8,78,414.0,3.41,1.1,93
2021-07-16 16:00:00,29.6,82,226.0,2.02,0.1,98
2021-07-16 17:00:00,29.2,84,81.0,1.87,1.1,100
2021-07-16 18:00:00,28.2,89,15.0,1.75,0.3,99
2021-07-16 19:00:00,27.8,93,0.0,1.35,0.1,96
2021-07-16 20:00:00,27.6,95,0.0,0.94,0.0,98
2021-07-16 21:00:00,27.4,96,0.0,0.86,0.0,99
2021-07-16 22:00:00,27.0,97,0.0,1.08,0.0,99
2021-07-16 23:00:00,27.2,97,0.0,0.73,0.0,99
2021-07-17 00:00:00,27.4,94,0.0,0.92,0.0,99
2021-07-17 01:00:00,27.4,92,0.0,0.71,0.0,100
2021-07-17 02:00:00,27.0,96,0.0,0.5,0.5,100
2021-07-17 03:00:00,26.8,94,0.0,0.51,1.3,100
2021-07-17 04:00:00,26.6,95,0.0,0.45,1.4,100
2021-07-17 05:00:00,26.6,91,5.0,1.53,1.0,100
2021-07-17 06:00:00,26.6,94,48.0,1.12,1.5,99
2021-07-17 07:00:00,27.4,89,201.0,2.0,0.4,99
2021-07-17 08:00:00,27.4,88,172.0,2.27,0.2,98
2021-07-17 09:00:00,27.7,87,184.0,2.15,0.4,97
2021-07-17 10:00:00,28.2,85,244.0,2.02,0.2,90
2021-07-17 11:00:00,28.8,82,294.0,1.03,0.2,94
2021-07-17 12:00:00,29.5,81,470.0,0.28,0.2,85
2021-07-17 13:00:00,29.6,81,411.0,0.58,0.1,79
2021-07-17 14:00:00,29.0,84,302.0,1.42,0.1,95
2021-07-17 15:00:00,28.5,88,250.0,1.84,0.2,100
2021-07-17 16:00:00,27.7,90,110.0,0.8,0.3,95
2021-07-17 17:00:00,28.2,87,75.0,0.32,0.0,89
2021-07-17 18:00:00,28.3,84,8.0,0.14,0.1,100
2021-07-17 19:00:00,27.2,93,0.0,0.92,0.0,100
2021-07-17 20:00:00,27.1,93,0.0,0.9,0.0,99
2021-07-17 21:00:00,26.9,95,0.0,0.98,0.0,98
2021-07-17 22:00:00,26.6,96,0.0,1.17,0.0,97
2021-07-17 23:00:00,27.4,91,0.0,0.72,0.0,98
2021-07-18 00:00:00,27.2,92,0.0,0.22,0.0,100
2021-07-18 01:00:00,26.3,97,0.0,0.81,0.0,99
2021-07-18 02:00:00,26.3,97,0.0,0.72,0.1,99
2021-07-18 03:00:00,25.8,99,0.0,0.9,0.0,98
2021-07-18 04:00:00,25.9,98,0.0,0.92,0.0,97
2021-07-18 05:00:00,26.5,95,18.0,0.63,0.0,71
2021-07-18 06:00:00,26.8,93,94.0,0.95,0.1,97
2021-07-18 07:00:00,27.2,93,149.0,0.98,0.1,100
2021-07-18 08:00:00,27.7,91,215.0,0.92,0.1,94
2021-07-18 09:00:00,28.6,89,376.0,1.1,0.3,94
2021-07-18 10:00:00,29.9,78,621.0,2.68,1.5,93
2021-07-18 11:00:00,29.3,82,565.0,1.64,0.7,86
2021-07-18 12:00:00,31.1,75,716.0,1.92,0.1,88
2021-07-18 13:00:00,30.7,75,555.0,2.71,0.8,91
2021-07-18 14:00:00,29.9,79,412.0,2.21,0.5,94
2021-07-18 15:00:00,30.5,76,431.0,2.57,0.4,95
2021-07-18 16:00:00,30.1,77,221.0,2.47,0.5,99
2021-07-18 17:00:00,29.2,86,92.0,1.71,0.1,96
2021-07-18 18:00:00,28.4,91,9.0,1.5,0.1,100
2021-07-18 19:00:00,27.8,92,0.0,2.11,0.2,100
2021-07-18 20:00:00,27.7,93,0.0,0.99,0.5,100
2021-07-18 21:00:00,27.7,93,0.0,0.91,0.6,100
2021-07-18 22:00:00,27.5,93,0.0,0.81,0.2,100
2021-07-18 23:00:00,27.2,93,0.0,1.06,0.3,100
2021-07-19 00:00:00,26.9,96,0.0,0.76,0.5,100
2021-07-19 01:00:00,26.5,96,0.0,0.45,3.0,99
2021-07-19 02:00:00,26.1,97,0.0,0.9,2.0,100
2021-07-19 03:00:00,25.8,98,0.0,0.78,2.6,100
2021-07-19 04:00:00,25.6,98,0.0,1.53,2.9,98
2021-07-19 05:00:00,26.6,93,6.0,0.89,1.6,100
2021-07-19 06:00:00,26.7,94,35.0,1.0,0.7,100
2021-07-19 07:00:00,27.1,92,116.0,1.3,0.6,100
2021-07-19 08:00:00,27.6,90,158.0,0.89,0.8,95
2021-07-19 09:00:00,28.1,88,251.0,0.45,0.4,99
2021-07-19 10:00:00,28.5,89,302.0,0.54,0.2,96
2021-07-19 11:00:00,28.9,85,402.0,1.77,0.3,72
2021-07-19 12:00:00,29.6,82,572.0,0.89,0.4,54
2021-07-19 13:00:00,30.7,77,590.0,1.08,0.1,69
2021-07-19 14:00:00,30.4,75,371.0,1.7,0.5,92
2021-07-19 15:00:00,30.4,76,337.0,1.21,0.1,97
2021-07-19 16:00:00,30.1,76,247.0,1.24,0.1,91
2021-07-19 17:00:00,29.9,83,79.0,0.86,0.2,94
2021-07-19 18:00:00,28.8,89,17.0,1.48,0.0,96
2021-07-19 19:00:00,28.1,91,0.0,1.61,0.4,98
2021-07-19 20:00:00,27.6,93,0.0,1.36,2.1,92
2021-07-19 21:00:00,27.1,94,0.0,2.31,2.5,92
2021-07-19 22:00:00,26.9,95,0.0,1.8,1.1,92
2021-07-19 23:00:00,26.7,95,0.0,1.17,0.1,96
2021-07-20 00:00:00,26.5,96,0.0,0.86,0.1,97
2021-07-20 01:00:00,26.3,97,0.0,0.6,0.0,95
2021-07-20 02:00:00,25.9,97,0.0,1.3,1.2,95
2021-07-20 03:00:00,25.8,97,0.0,1.66,1.5,93
2021-07-20 04:00:00,25.6,96,0.0,1.64,1.4,95
2021-07-20 05:00:00,26.1,95,17.0,1.1,1.4,94
2021-07-20 06:00:00,26.3,94,39.0,1.36,0.4,100
2021-07-20 07:00:00,26.9,89,117.0,1.17,0.2,94
2021-07-20 08:00:00,27.3,87,163.0,1.08,0.3,96
2021-07-20 09:00:00,27.6,87,188.0,1.22,0.2,96
2021-07-20 10:00:00,28.6,83,395.0,0.81,0.2,89
2021-07-20 11:00:00,29.2,83,451.0,0.7,0.2,85
2021-07-20 12:00:00,29.2,83,472.0,2.42,0.3,90
2021-07-20 13:00:00,29.2,83,494.0,2.12,0.1,100
2021-07-20 14:00:00,29.9,79,499.0,1.68,0.1,95
2021-07-20 15:00:00,29.3,81,205.0,2.01,0.2,93
2021-07-20 16:00:00,29.4,81,233.0,2.43,0.0,67
2021-07-20 17:00:00,29.2,84,132.0,1.04,0.0,62
2021-07-20 18:00:00,28.0,92,17.0,1.0,0.0,54
2021-07-20 19:00:00,27.6,94,0.0,1.03,0.0,89
2021-07-20 20:00:00,27.4,95,0.0,1.03,0.0,93
2021-07-20 21:00:00,27.0,96,0.0,1.17,0.0,99
2021-07-20 22:00:00,26.7,97,0.0,1.3,0.0,99
2021-07-20 23:00:00,27.0,95,0.0,1.1,0.0,100
2021-07-21 00:00:00,26.7,97,0.0,1.04,0.0,99
2021-07-21 01:00:00,26.5,98,0.0,1.02,0.0,98
2021-07-21 02:00:00,26.3,99,0.0,1.17,0.0,100
2021-07-21 03:00:00,26.2,99,0.0,0.92,0.0,100
2021-07-21 04:00:00,26.3,98,0.0,0.92,0.0,100
2021-07-21 05:00:00,27.4,93,21.0,1.43,0.0,100
2021-07-21 06:00:00,28.0,89,112.0,0.89,0.1,100
2021-07-21 07:00:00,28.4,86,179.0,0.58,0.3,100
2021-07-21 08:00:00,28.8,86,284.0,0.2,0.5,98
2021-07-21 09:00:00,29.3,84,409.0,0.22,0.3,99
2021-07-21 10:00:00,29.9,80,560.0,0.4,0.2,100
2021-07-21 11:00:00,30.4,78,518.0,1.08,0.0,100
2021-07-21 12:00:00,30.9,74,534.0,1.66,0.1,100
2021-07-21 13:00:00,31.5,71,597.0,1.44,0.1,99
2021-07-21 14:00:00,32.0,69,642.0,1.33,0.1,99
2021-07-21 15:00:00,31.9,69,431.0,1.53,0.1,98
2021-07-21 16:00:00,31.3,74,289.0,1.26,0.1,97
2021-07-21 17:00:00,30.7,81,127.0,0.85,0.0,96
2021-07-21 18:00:00,29.3,91,20.0,0.99,0.0,87
2021-07-21 19:00:00,28.8,95,0.0,1.08,0.0,53
2021-07-21 20:00:00,28.5,95,0.0,1.64,0.0,43
2021-07-21 21:00:00,28.3,95,0.0,1.39,0.0,39
2021-07-21 22:00:00,28.1,95,0.0,1.36,0.0,33
2021-07-21 23:00:00,27.7,96,0.0,1.1,0.0,27
2021-07-22 00:00:00,27.6,97,0.0,1.3,0.0,98
2021-07-22 01:00:00,27.0,98,0.0,0.81,1.1,92
2021-07-22 02:00:00,26.9,96,0.0,1.28,3.2,80
2021-07-22 03:00:00,26.5,96,0.0,1.92,3.3,52
2021-07-22 04:00:00,26.6,96,0.0,1.72,0.1,20
2021-07-22 05:00:00,27.1,92,24.0,1.26,0.0,46
2021-07-22 06:00:00,27.6,91,123.0,1.98,0.1,77
2021-07-22 07:00:00,28.0,89,236.0,2.33,3.2,90
2021-07-22 08:00:00,28.8,84,315.0,2.91,0.0,91
2021-07-22 09:00:00,30.1,80,443.0,2.53,0.0,91
2021-07-22 10:00:00,31.2,77,634.0,2.73,0.0,22
2021-07-22 11:00:00,32.5,72,826.0,2.91,0.1,36
2021-07-22 12:00:00,33.4,69,847.0,3.22,0.0,29
2021-07-22 13:00:00,34.0,66,799.0,3.06,0.0,37
2021-07-22 14:00:00,33.6,67,702.0,2.68,0.5,34
2021-07-22 15:00:00,32.7,71,478.0,2.47,1.0,60
2021-07-22 16:00:00,30.7,81,326.0,2.06,0.8,66
2021-07-22 17:00:00,30.9,81,142.0,3.26,0.5,74
2021-07-22 18:00:00,28.9,91,18.0,2.75,0.0,33
2021-07-22 19:00:00,28.2,93,0.0,1.8,0.0,55
2021-07-22 20:00:00,28.3,94,0.0,1.61,0.0,55
2021-07-22 21:00:00,28.3,93,0.0,1.22,0.0,61
2021-07-22 22:00:00,28.0,94,0.0,0.94,0.0,63
2021-07-22 23:00:00,28.3,91,0.0,0.54,0.0,52
2021-07-23 00:00:00,27.9,94,0.0,0.67,0.0,78
2021-07-23 01:00:00,27.8,96,0.0,0.89,0.0,88
2021-07-23 02:00:00,27.4,99,0.0,1.0,0.0,57
2021-07-23 03:00:00,27.7,98,0.0,1.5,0.0,72
2021-07-23 04:00:00,27.6,98,0.0,2.04,0.0,90
2021-07-23 05:00:00,27.6,92,20.0,3.51,0.0,89
2021-07-23 06:00:00,28.1,90,145.0,3.81,0.0,81
2021-07-23 07:00:00,29.2,84,298.0,3.5,0.0,91
2021-07-23 08:00:00,30.5,78,404.0,3.93,0.0,81
2021-07-23 09:00:00,31.9,74,632.0,4.11,0.0,67
2021-07-23 10:00:00,33.2,69,855.0,4.3,0.0,13
2021-07-23 11:00:00,33.7,67,893.0,3.83,0.0,34
2021-07-23 12:00:00,34.0,66,802.0,3.48,0.0,27
2021-07-23 13:00:00,33.4,69,780.0,2.34,1.3,72
2021-07-23 14:00:00,31.5,80,511.0,1.9,8.8,89
2021-07-23 15:00:00,30.8,83,287.0,1.44,0.2,73
2021-07-23 16:00:00,30.8,84,267.0,2.3,0.0,63
2021-07-23 17:00:00,29.2,90,132.0,3.62,0.2,68
2021-07-23 18:00:00,28.6,92,22.0,2.31,0.0,39
2021-07-23 19:00:00,28.5,93,0.0,1.7,0.0,50
2021-07-23 20:00:00,28.3,95,0.0,2.1,0.0,77
2021-07-23 21:00:00,28.0,95,0.0,2.28,0.0,66
2021-07-23 22:00:00,27.7,95,0.0,1.46,0.0,66
2021-07-23 23:00:00,27.5,95,0.0,1.14,0.0,98
2021-07-24 00:00:00,27.6,92,0.0,1.36,0.0,63
2021-07-24 01:00:00,27.4,92,0.0,1.2,0.0,57
2021-07-24 02:00:00,27.2,93,0.0,0.99,0.0,51
2021-07-24 03:00:00,27.0,95,0.0,0.92,0.0,49
2021-07-24 04:00:00,26.6,98,0.0,0.94,0.0,25
2021-07-24 05:00:00,27.7,92,23.0,0.58,0.0,16
2021-07-24 06:00:00,28.7,86,144.0,1.25,0.0,29
2021-07-24 07:00:00,29.6,81,311.0,1.4,0.0,50
2021-07-24 08:00:00,30.4,79,461.0,1.24,0.0,55
2021-07-24 09:00:00,30.9,77,531.0,1.22,0.1,26
2021-07-24 10:00:00,31.7,73,716.0,1.7,0.0,11
2021-07-24 11:00:00,32.7,69,866.0,2.28,0.0,14
2021-07-24 12:00:00,32.9,67,874.0,2.2,0.0,18
2021-07-24 13:00:00,32.8,67,794.0,2.55,0.0,11
2021-07-24 14:00:00,32.8,68,704.0,2.75,0.0,24
2021-07-24 15:00:00,32.6,70,520.0,2.47,0.0,51
2021-07-24 16:00:00,31.3,78,301.0,3.16,0.0,64
2021-07-24 17:00:00,31.9,78,122.0,1.46,0.1,80
2021-07-24 18:00:00,30.4,87,20.0,1.25,0.0,60
2021-07-24 19:00:00,30.1,86,0.0,1.84,0.7,74
2021-07-24 20:00:00,29.2,91,0.0,1.53,1.3,84
2021-07-24 21:00:00,28.7,92,0.0,1.1,0.1,78
2021-07-24 22:00:00,28.2,93,0.0,1.04,0.0,83
2021-07-24 23:00:00,27.7,96,0.0,1.2,0.0,82
2021-07-25 00:00:00,27.7,97,0.0,0.78,0.0,99
2021-07-25 01:00:00,27.8,93,0.0,2.22,0.0,99
2021-07-25 02:00:00,27.3,91,0.0,1.91,0.1,97
2021-07-25 03:00:00,26.7,95,0.0,1.49,2.8,69
2021-07-25 04:00:00,26.8,96,0.0,0.82,0.4,92
2021-07-25 05:00:00,27.3,93,9.0,1.02,0.6,99
2021-07-25 06:00:00,27.7,89,69.0,1.14,0.1,95
2021-07-25 07:00:00,28.3,86,179.0,1.52,0.2,93
2021-07-25 08:00:00,29.4,82,412.0,1.73,0.1,99
2021-07-25 09:00:00,29.7,82,403.0,1.91,0.1,100
2021-07-25 10:00:00,30.4,79,534.0,2.09,0.2,99
2021-07-25 11:00:00,31.3,77,807.0,1.36,0.3,86
2021-07-25 12:00:00,31.7,74,682.0,0.85,0.2,91
2021-07-25 13:00:00,31.6,72,549.0,1.2,0.1,91
2021-07-25 14:00:00,29.2,83,357.0,1.49,3.7,89
2021-07-25 15:00:00,29.4,82,328.0,1.06,1.2,78
2021-07-25 16:00:00,29.0,86,184.0,1.77,0.4,88
2021-07-25 17:00:00,31.0,75,110.0,1.4,0.1,72
2021-07-25 18:00:00,29.5,86,19.0,1.0,0.8,90
2021-07-25 19:00:00,29.3,88,0.0,1.39,0.1,93
2021-07-25 20:00:00,28.8,92,0.0,1.04,0.0,98
2021-07-25 21:00:00,28.6,93,0.0,1.41,0.0,97
2021-07-25 22:00:00,28.3,93,0.0,1.5,0.0,97
2021-07-25 23:00:00,27.9,94,0.0,1.1,0.0,99
2021-07-26 00:00:00,27.6,95,0.0,0.8,0.0,100
2021-07-26 01:00:00,27.4,97,0.0,1.0,0.0,100
2021-07-26 02:00:00,27.4,98,0.0,0.89,0.0,99
2021-07-26 03:00:00,27.5,97,0.0,1.0,0.0,99
2021-07-26 04:00:00,27.2,93,0.0,1.12,0.1,99
2021-07-26 05:00:00,27.9,91,18.0,1.08,0.0,99
2021-07-26 06:00:00,28.2,89,94.0,0.54,0.1,99
2021-07-26 07:00:00,28.6,88,207.0,0.22,0.1,100
2021-07-26 08:00:00,29.1,86,259.0,0.36,0.1,100
2021-07-26 09:00:00,29.7,84,329.0,0.14,0.1,100
2021-07-26 10:00:00,30.2,85,489.0,0.51,0.1,99
2021-07-26 11:00:00,30.9,81,517.0,0.5,0.2,99
2021-07-26 12:00:00,32.0,72,702.0,1.1,0.1,99
2021-07-26 13:00:00,32.3,71,733.0,1.55,0.1,98
2021-07-26 14:00:00,32.1,71,530.0,1.3,0.4,97
2021-07-26 15:00:00,32.0,72,393.0,1.81,0.0,99
2021-07-26 16:00:00,31.8,73,263.0,1.2,0.0,99
2021-07-26 17:00:00,31.0,76,90.0,0.1,0.0,100
2021-07-26 18:00:00,29.5,86,14.0,0.91,0.5,97
2021-07-26 19:00:00,29.3,87,0.0,0.71,0.1,98
2021-07-26 20:00:00,29.6,82,0.0,0.67,0.0,99
2021-07-26 21:00:00,28.8,86,0.0,0.36,0.5,97
2021-07-26 22:00:00,27.9,91,0.0,0.42,1.9,98
2021-07-26 23:00:00,27.0,95,0.0,1.34,2.9,98
2021-07-27 00:00:00,26.5,97,0.0,1.58,3.6,99
2021-07-27 01:00:00,26.5,96,0.0,1.97,0.5,100
2021-07-27 02:00:00,26.5,95,0.0,1.68,0.1,100
2021-07-27 03:00:00,26.4,95,0.0,1.61,0.1,100
2021-07-27 04:00:00,26.5,94,0.0,1.94,0.1,100
2021-07-27 05:00:00,26.9,96,12.0,2.02,0.0,98
2021-07-27 06:00:00,27.4,93,90.0,2.79,0.5,100
2021-07-27 07:00:00,28.0,90,140.0,2.98,0.2,100
2021-07-27 08:00:00,28.9,86,290.0,2.92,0.3,99
2021-07-27 09:00:00,29.5,86,282.0,2.61,0.3,96
2021-07-27 10:00:00,29.8,87,315.0,2.86,0.3,89
2021-07-27 11:00:00,31.3,82,650.0,3.12,0.2,72
2021-07-27 12:00:00,32.0,80,645.0,3.14,0.2,80
2021-07-27 13:00:00,30.1,84,635.0,4.02,2.9,100
2021-07-27 14:00:00,30.2,85,333.0,3.32,0.1,100
2021-07-27 15:00:00,30.8,80,366.0,2.94,0.0,100
2021-07-27 16:00:00,30.9,79,248.0,3.1,0.0,100
2021-07-27 17:00:00,30.9,84,125.0,1.58,0.0,100
2021-07-27 18:00:00,29.8,89,18.0,1.92,0.0,99
2021-07-27 19:00:00,29.2,89,0.0,1.84,0.0,99
2021-07-27 20:00:00,28.7,92,0.0,1.32,0.0,99
2021-07-27 21:00:00,28.6,93,0.0,1.08,0.0,97
2021-07-27 22:00:00,28.7,93,0.0,1.46,0.0,91
2021-07-27 23:00:00,28.3,95,0.0,1.33,0.0,78
2021-07-28 00:00:00,28.1,96,0.0,1.3,0.0,68
2021-07-28 01:00:00,27.8,98,0.0,1.4,0.0,45
2021-07-28 02:00:00,27.7,99,0.0,1.4,0.0,31
2021-07-28 03:00:00,27.5,99,0.0,1.46,0.0,34
2021-07-28 04:00:00,27.4,99,0.0,1.92,0.0,34
2021-07-28 05:00:00,28.0,93,21.0,1.58,0.0,50
2021-07-28 06:00:00,29.2,87,154.0,1.84,0.0,72
2021-07-28 07:00:00,29.5,87,224.0,3.41,0.0,93
2021-07-28 08:00:00,29.9,85,290.0,3.83,0.0,99
2021-07-28 09:00:00,31.3,80,569.0,4.21,0.0,99
2021-07-28 10:00:00,32.4,75,786.0,4.34,0.1,93
2021-07-28 11:00:00,33.4,71,843.0,4.02,0.1,83
2021-07-28 12:00:00,33.8,69,828.0,3.74,0.0,81
2021-07-28 13:00:00,34.1,66,737.0,3.5,0.0,59
2021-07-28 14:00:00,33.2,70,582.0,3.09,0.3,35
2021-07-28 15:00:00,33.2,70,470.0,2.86,0.0,38
2021-07-28 16:00:00,31.8,76,302.0,1.02,1.5,70
2021-07-28 17:00:00,30.9,83,83.0,1.22,2.0,56
2021-07-28 18:00:00,29.7,90,16.0,1.14,0.0,50
2021-07-28 19:00:00,29.1,93,0.0,1.89,0.0,74
2021-07-28 20:00:00,28.7,94,0.0,1.25,0.0,78
2021-07-28 21:00:00,28.3,97,0.0,1.0,0.0,58
2021-07-28 22:00:00,28.2,99,0.0,1.84,0.0,69
2021-07-28 23:00:00,27.8,97,0.0,2.69,0.0,98
2021-07-29 00:00:00,27.5,96,0.0,1.93,0.0,86
2021-07-29 01:00:00,27.4,95,0.0,1.3,0.0,97
2021-07-29 02:00:00,27.3,94,0.0,0.86,0.0,99
2021-07-29 03:00:00,27.3,95,0.0,1.17,0.0,100
2021-07-29 04:00:00,27.1,95,0.0,2.35,0.0,100
2021-07-29 05:00:00,27.2,94,15.0,2.91,0.0,99
2021-07-29 06:00:00,27.8,91,114.0,4.63,0.0,99
2021-07-29 07:00:00,28.8,86,280.0,4.34,0.0,97
2021-07-29 08:00:00,30.1,80,474.0,4.16,0.0,95
2021-07-29 09:00:00,31.4,75,670.0,4.63,0.0,96
2021-07-29 10:00:00,32.3,71,760.0,4.15,0.0,99
2021-07-29 11:00:00,33.0,69,839.0,4.27,0.0,96
2021-07-29 12:00:00,33.3,68,840.0,3.92,0.1,96
2021-07-29 13:00:00,32.8,70,596.0,4.5,0.0,94
2021-07-29 14:00:00,31.2,78,534.0,4.41,1.9,96
2021-07-29 15:00:00,30.9,80,258.0,4.92,0.0,98
2021-07-29 16:00:00,30.8,80,213.0,4.84,0.0,99
2021-07-29 17:00:00,29.7,86,105.0,3.79,0.0,99
2021-07-29 18:00:00,29.3,86,4.0,3.94,0.2,100
2021-07-29 19:00:00,28.5,92,0.0,3.98,0.5,100
2021-07-29 20:00:00,28.5,90,0.0,3.18,0.6,100
2021-07-29 21:00:00,28.3,90,0.0,3.76,0.0,100
2021-07-29 22:00:00,28.2,86,0.0,3.89,0.1,100
2021-07-29 23:00:00,28.1,84,0.0,4.02,0.2,100
2021-07-30 00:00:00,27.7,85,0.0,4.12,0.4,98
2021-07-30 01:00:00,27.4,85,0.0,3.91,0.0,97
2021-07-30 02:00:00,27.4,85,0.0,3.2,0.0,95
2021-07-30 03:00:00,27.2,86,0.0,2.82,0.0,68
2021-07-30 04:00:00,27.1,88,0.0,3.01,0.0,72
2021-07-30 05:00:00,26.8,93,12.0,2.66,0.3,87
2021-07-30 06:00:00,26.8,95,16.0,3.36,1.1,100
2021-07-30 07:00:00,27.5,93,64.0,4.84,0.3,91
2021-07-30 08:00:00,28.3,91,176.0,4.27,0.0,88
2021-07-30 09:00:00,29.1,83,359.0,4.78,0.0,91
2021-07-30 10:00:00,29.0,83,339.0,4.62,0.1,96
2021-07-30 11:00:00,28.5,88,222.0,3.98,1.0,100
2021-07-30 12:00:00,28.4,91,238.0,3.67,1.6,100
2021-07-30 13:00:00,28.8,91,277.0,3.78,1.0,97
2021-07-30 14:00:00,29.3,86,279.0,3.07,0.6,98
2021-07-30 15:00:00,29.3,87,169.0,2.12,0.1,95
2021-07-30 16:00:00,30.0,84,209.0,2.02,0.0,98
2021-07-30 17:00:00,29.2,85,68.0,1.49,0.0,99
2021-07-30 18:00:00,28.5,91,6.0,1.24,0.6,98
2021-07-30 19:00:00,28.3,93,0.0,2.24,0.2,98
2021-07-30 20:00:00,28.0,94,0.0,2.47,0.1,94
2021-07-30 21:00:00,27.8,95,0.0,2.26,0.1,99
2021-07-30 22:00:00,27.6,96,0.0,2.43,0.1,97
2021-07-30 23:00:00,27.2,97,0.0,1.4,1.7,82
2021-07-31 00:00:00,26.9,98,0.0,1.12,1.8,99
2021-07-31 01:00:00,26.9,99,0.0,0.5,3.6,100
2021-07-31 02:00:00,26.7,100,0.0,1.14,1.6,100
2021-07-31 03:00:00,26.6,97,0.0,1.2,0.3,100
2021-07-31 04:00:00,26.5,98,0.0,0.81,0.2,100
2021-07-31 05:00:00,26.8,96,6.0,1.3,0.2,99
2021-07-31 06:00:00,26.9,94,83.0,0.81,0.3,99
2021-07-31 07:00:00,27.7,88,170.0,0.36,0.3,97
2021-07-31 08:00:00,28.4,86,217.0,0.72,0.1,100
2021-07-31 09:00:00,28.7,82,239.0,0.5,2.5,96
2021-07-31 10:00:00,28.6,83,220.0,0.28,0.7,97
2021-07-31 11:00:00,29.0,85,389.0,0.36,0.8,99
2021-07-31 12:00:00,29.2,87,481.0,0.73,0.6,95
2021-07-31 13:00:00,29.2,88,383.0,0.41,1.4,89
2021-07-31 14:00:00,29.1,86,309.0,1.12,5.2,81
2021-07-31 15:00:00,28.0,87,180.0,2.28,5.6,99
2021-07-31 16:00:00,27.9,89,83.0,1.34,0.2,100
2021-07-31 17:00:00,28.3,88,59.0,1.25,0.0,97
2021-07-31 18:00:00,27.4,93,10.0,0.81,0.1,68
2021-07-31 19:00:00,27.2,95,0.0,0.92,0.1,65
2021-07-31 20:00:00,27.0,96,0.0,0.95,0.1,80
2021-07-31 21:00:00,26.9,97,0.0,1.03,0.1,92
2021-07-31 22:00:00,26.9,98,0.0,0.82,0.2,88
2021-07-31 23:00:00,26.8,96,0.0,0.54,3.4,85
2021-08-01 00:00:00,26.6,93,0.0,0.32,5.2,88
2021-08-01 01:00:00,26.1,97,0.0,1.21,3.0,97
2021-08-01 02:00:00,25.8,98,0.0,1.51,0.2,97
2021-08-01 03:00:00,25.6,99,0.0,1.27,0.0,90
2021-08-01 04:00:00,25.7,98,0.0,1.36,0.1,80
2021-08-01 05:00:00,26.4,93,12.0,1.08,0.3,92
2021-08-01 06:00:00,27.2,87,107.0,0.67,1.0,71
2021-08-01 07:00:00,27.9,84,258.0,0.6,1.0,89
2021-08-01 08:00:00,28.2,83,293.0,1.3,1.6,95
2021-08-01 09:00:00,29.2,81,452.0,1.3,0.3,93
2021-08-01 10:00:00,29.8,78,465.0,1.1,0.7,99
2021-08-01 11:00:00,29.7,81,506.0,1.42,4.7,98
2021-08-01 12:00:00,29.7,80,415.0,1.5,1.4,98
2021-08-01 13:00:00,30.5,80,551.0,1.14,0.2,94
2021-08-01 14:00:00,30.3,78,554.0,1.73,3.1,92
2021-08-01 15:00:00,30.0,79,419.0,1.28,1.6,95
2021-08-01 16:00:00,30.0,76,179.0,0.4,0.2,99
2021-08-01 17:00:00,29.1,85,94.0,0.95,0.7,98
2021-08-01 18:00:00,28.6,88,12.0,0.58,0.1,73
2021-08-01 19:00:00,27.5,96,0.0,0.76,0.2,76
2021-08-01 20:00:00,27.2,95,0.0,2.28,1.6,70
2021-08-01 21:00:00,27.0,93,0.0,1.53,0.1,48
2021-08-01 22:00:00,26.6,94,0.0,1.03,0.0,53
2021-08-01 23:00:00,26.3,95,0.0,1.17,0.0,59
2021-08-02 00:00:00,26.1,97,0.0,1.08,0.3,66
2021-08-02 01:00:00,26.1,97,0.0,1.86,2.1,69
2021-08-02 02:00:00,25.9,98,0.0,1.33,0.2,53
2021-08-02 03:00:00,25.8,98,0.0,0.6,1.2,63
2021-08-02 04:00:00,25.9,97,0.0,0.71,0.6,79
2021-08-02 05:00:00,26.2,96,12.0,1.55,1.8,100
2021-08-02 06:00:00,27.1,91,124.0,1.92,0.1,33
2021-08-02 07:00:00,28.4,86,310.0,2.22,0.0,48
2021-08-02 08:00:00,29.5,84,457.0,2.69,0.1,43
2021-08-02 09:00:00,30.7,81,620.0,2.62,0.2,18
2021-08-02 10:00:00,31.7,76,695.0,2.76,0.2,20
2021-08-02 11:00:00,32.7,71,789.0,2.8,0.1,23
2021-08-02 12:00:00,32.1,73,622.0,0.98,0.2,83
2021-08-02 13:00:00,30.7,80,623.0,2.69,3.3,52
2021-08-02 14:00:00,29.8,85,653.0,4.17,0.7,67
2021-08-02 15:00:00,29.7,83,392.0,1.35,1.1,32
2021-08-02 16:00:00,30.1,80,295.0,2.13,1.2,54
2021-08-02 17:00:00,29.5,85,132.0,2.28,3.0,94
2021-08-02 18:00:00,28.7,90,15.0,1.94,0.1,20
2021-08-02 19:00:00,28.0,92,0.0,2.04,0.1,39
2021-08-02 20:00:00,27.7,94,0.0,1.08,0.4,70
2021-08-02 21:00:00,27.6,93,0.0,1.3,0.4,76
2021-08-02 22:00:00,27.4,93,0.0,1.68,0.1,95
2021-08-02 23:00:00,26.9,94,0.0,1.46,0.0,100
2021-08-03 00:00:00,26.9,95,0.0,1.17,0.2,99
2021-08-03 01:00:00,26.7,95,0.0,0.71,0.5,99
2021-08-03 02:00:00,26.6,95,0.0,0.36,1.0,98
2021-08-03 03:00:00,26.7,93,0.0,0.42,0.2,93
2021-08-03 04:00:00,26.2,97,0.0,0.51,0.1,94
2021-08-03 05:00:00,26.9,94,12.0,0.28,0.0,93
2021-08-03 06:00:00,27.3,91,96.0,1.1,0.1,97
2021-08-03 07:00:00,27.9,89,217.0,1.17,0.1,94
2021-08-03 08:00:00,28.5,85,298.0,0.98,0.2,95
2021-08-03 09:00:00,29.2,80,437.0,0.32,0.1,91
2021-08-03 10:00:00,30.2,75,559.0,1.39,0.0,82
2021-08-03 11:00:00,30.9,74,678.0,1.17,0.0,56
2021-08-03 12:00:00,31.8,71,783.0,1.5,0.0,66
2021-08-03 13:00:00,32.2,72,768.0,1.14,0.0,62
2021-08-03 14:00:00,32.4,71,615.0,1.5,0.0,98
2021-08-03 15:00:00,30.3,80,404.0,2.33,2.7,96
2021-08-03 16:00:00,29.6,84,170.0,0.86,0.7,95
2021-08-03 17:00:00,30.3,83,80.0,1.12,0.0,85
2021-08-03 18:00:00,28.9,92,12.0,0.98,0.2,73
2021-08-03 19:00:00,28.6,93,0.0,1.13,0.0,40
2021-08-03 20:00:00,28.3,94,0.0,1.2,0.0,80
2021-08-03 21:00:00,28.0,91,0.0,2.69,1.8,78
2021-08-03 22:00:00,27.4,92,0.0,2.33,0.0,100
2021-08-03 23:00:00,27.0,93,0.0,1.49,0.0,79
2021-08-04 00:00:00,26.7,95,0.0,2.19,2.4,87
2021-08-04 01:00:00,26.5,96,0.0,1.53,1.0,91
2021-08-04 02:00:00,26.2,97,0.0,0.63,0.0,95
2021-08-04 03:00:00,25.9,98,0.0,0.76,0.0,94
2021-08-04 04:00:00,26.5,95,0.0,0.41,0.0,94
2021-08-04 05:00:00,26.2,95,13.0,0.54,0.0,89
2021-08-04 06:00:00,26.9,93,87.0,0.72,0.0,93
2021-08-04 07:00:00,27.7,89,229.0,1.3,0.0,96
2021-08-04 08:00:00,29.3,82,411.0,2.34,0.0,96
2021-08-04 09:00:00,31.1,75,516.0,2.84,0.0,92
2021-08-04 10:00:00,31.9,71,493.0,2.69,0.0,91
2021-08-04 11:00:00,33.2,66,879.0,2.02,0.0,94
2021-08-04 12:00:00,33.6,66,865.0,2.19,0.0,90
2021-08-04 13:00:00,33.9,65,780.0,2.16,0.0,80
2021-08-04 14:00:00,33.8,65,729.0,2.01,0.0,46
2021-08-04 15:00:00,33.1,68,519.0,1.2,0.2,90
2021-08-04 16:00:00,32.2,73,282.0,1.84,0.1,77
2021-08-04 17:00:00,32.1,76,128.0,1.04,0.0,66
2021-08-04 18:00:00,30.3,83,13.0,2.55,0.0,66
2021-08-04 19:00:00,29.4,86,0.0,2.91,0.5,60
2021-08-04 20:00:00,28.0,90,0.0,3.09,2.1,56
2021-08-04 21:00:00,27.4,92,0.0,2.66,0.1,73
2021-08-04 22:00:00,27.1,90,0.0,2.83,0.3,79
2021-08-04 23:00:00,26.7,93,0.0,0.81,0.4,62
2021-08-05 00:00:00,26.3,95,0.0,0.82,2.4,62
2021-08-05 01:00:00,26.8,89,0.0,0.76,0.0,72
2021-08-05 02:00:00,26.0,94,0.0,0.81,0.0,26
2021-08-05 03:00:00,26.0,96,0.0,0.95,0.0,17
2021-08-05 04:00:00,26.0,96,0.0,1.17,0.0,24
2021-08-05 05:00:00,27.2,91,17.0,0.85,0.0,60
2021-08-05 06:00:00,28.5,86,151.0,0.41,0.0,85
2021-08-05 07:00:00,29.6,80,298.0,0.85,0.0,94
2021-08-05 08:00:00,30.7,75,478.0,1.46,0.0,80
2021-08-05 09:00:00,32.0,72,742.0,1.97,0.0,67
2021-08-05 10:00:00,32.9,72,815.0,2.5,0.0,69
2021-08-05 11:00:00,33.0,74,804.0,2.27,0.0,61
2021-08-05 12:00:00,33.3,73,804.0,1.98,0.0,64
2021-08-05 13:00:00,33.5,71,728.0,2.42,0.0,49
2021-08-05 14:00:00,33.5,69,633.0,2.1,0.3,59
2021-08-05 15:00:00,32.8,71,417.0,0.71,0.2,53
2021-08-05 16:00:00,31.6,78,276.0,2.2,0.1,46
2021-08-05 17:00:00,30.7,83,116.0,2.19,0.0,48
2021-08-05 18:00:00,29.6,89,14.0,1.84,0.2,57
2021-08-05 19:00:00,29.2,88,0.0,2.13,0.0,42
2021-08-05 20:00:00,28.6,89,0.0,2.58,0.0,25
2021-08-05 21:00:00,27.9,89,0.0,1.86,0.0,79
2021-08-05 22:00:00,27.5,92,0.0,0.78,0.0,88
2021-08-05 23:00:00,27.1,94,0.0,0.78,0.0,88
2021-08-06 00:00:00,26.9,96,0.0,0.72,0.0,86
2021-08-06 01:00:00,26.6,97,0.0,0.7,0.0,90
2021-08-06 02:00:00,26.6,98,0.0,0.7,0.0,95
2021-08-06 03:00:00,26.8,98,0.0,1.7,0.0,98
2021-08-06 04:00:00,26.8,96,0.0,2.32,0.0,97
2021-08-06 05:00:00,27.5,92,15.0,2.6,0.0,96
2021-08-06 06:00:00,28.7,88,138.0,2.2,0.0,71
2021-08-06 07:00:00,29.9,84,328.0,1.79,0.0,66
2021-08-06 08:00:00,31.2,79,554.0,1.84,0.0,40
2021-08-06 09:00:00,32.1,77,661.0,1.72,0.2,73
2021-08-06 10:00:00,32.9,75,809.0,1.93,0.2,77
2021-08-06 11:00:00,33.4,74,777.0,2.19,0.8,95
2021-08-06 12:00:00,33.7,68,798.0,0.94,0.9,100
2021-08-06 13:00:00,32.8,73,532.0,0.86,0.2,99
2021-08-06 14:00:00,31.8,78,509.0,0.32,0.3,98
2021-08-06 15:00:00,31.4,78,335.0,1.12,1.4,97
2021-08-06 16:00:00,31.0,79,266.0,1.42,0.6,98
2021-08-06 17:00:00,30.2,82,93.0,1.63,1.8,99
2021-08-06 18:00:00,28.9,90,13.0,3.19,0.2,86
2021-08-06 19:00:00,27.9,91,0.0,2.83,0.4,91
2021-08-06 20:00:00,27.6,93,0.0,2.19,0.3,96
2021-08-06 21:00:00,27.3,92,0.0,1.55,5.2,98
2021-08-06 22:00:00,27.0,93,0.0,1.14,5.3,99
2021-08-06 23:00:00,26.9,94,0.0,0.61,0.6,100
2021-08-07 00:00:00,26.7,96,0.0,0.36,0.3,100
2021-08-07 01:00:00,26.7,95,0.0,1.08,1.8,99
2021-08-07 02:00:00,26.7,95,0.0,1.14,0.4,99
2021-08-07 03:00:00,26.5,95,0.0,1.22,0.8,100
2021-08-07 04:00:00,26.5,95,0.0,0.73,0.9,100
2021-08-07 05:00:00,26.2,92,5.0,0.85,1.0,100
2021-08-07 06:00:00,26.3,94,27.0,1.12,2.0,100
2021-08-07 07:00:00,26.7,92,89.0,1.79,1.0,100
2021-08-07 08:00:00,27.3,88,170.0,1.86,0.6,100
2021-08-07 09:00:00,28.0,88,298.0,1.52,0.9,100
2021-08-07 10:00:00,28.4,89,446.0,1.63,2.3,100
2021-08-07 11:00:00,28.1,88,204.0,0.76,1.4,100
2021-08-07 12:00:00,28.4,87,215.0,0.1,0.4,99
2021-08-07 13:00:00,29.4,86,517.0,0.7,0.2,98
2021-08-07 14:00:00,29.6,86,329.0,1.22,0.1,79
2021-08-07 15:00:00,30.0,83,363.0,1.8,0.2,81
2021-08-07 16:00:00,29.2,84,258.0,1.9,1.1,97
2021-08-07 17:00:00,29.1,85,98.0,2.21,1.5,94
2021-08-07 18:00:00,28.3,90,10.0,1.64,0.0,71
2021-08-07 19:00:00,27.8,93,0.0,1.41,0.2,92
2021-08-07 20:00:00,27.4,95,0.0,1.04,0.3,96
2021-08-07 21:00:00,27.3,95,0.0,1.04,0.5,97
2021-08-07 22:00:00,27.3,94,0.0,0.81,1.0,99
2021-08-07 23:00:00,27.2,95,0.0,0.54,0.1,99
2021-08-08 00:00:00,27.0,95,0.0,0.67,0.1,98
2021-08-08 01:00:00,27.0,93,0.0,1.0,0.2,97
2021-08-08 02:00:00,26.7,95,0.0,0.92,0.1,95
2021-08-08 03:00:00,26.6,95,0.0,0.98,0.1,100
2021-08-08 04:00:00,26.5,96,0.0,0.73,0.4,90
2021-08-08 05:00:00,26.5,94,8.0,1.65,0.1,88
2021-08-08 06:00:00,27.3,89,119.0,0.57,0.2,73
2021-08-08 07:00:00,28.1,86,248.0,0.45,0.1,85
2021-08-08 08:00:00,28.9,86,385.0,0.36,0.1,97
2021-08-08 09:00:00,30.0,84,523.0,0.32,0.2,89
2021-08-08 10:00:00,31.1,77,651.0,0.89,0.2,90
2021-08-08 11:00:00,30.8,79,690.0,2.35,4.0,100
2021-08-08 12:00:00,30.6,79,670.0,1.71,2.1,95
2021-08-08 13:00:00,31.2,77,619.0,0.91,0.1,96
2021-08-08 14:00:00,31.7,75,584.0,1.3,0.1,91
2021-08-08 15:00:00,30.0,81,331.0,2.43,3.0,93
2021-08-08 16:00:00,29.7,81,199.0,2.95,1.0,83
2021-08-08 17:00:00,30.4,80,82.0,1.49,0.2,81
2021-08-08 18:00:00,29.2,86,10.0,1.39,0.0,87
2021-08-08 19:00:00,28.9,86,0.0,1.99,0.9,89
2021-08-08 20:00:00,28.5,87,0.0,1.87,0.0,96
2021-08-08 21:00:00,28.1,89,0.0,1.68,0.1,97
2021-08-08 22:00:00,28.1,89,0.0,1.81,0.1,95
2021-08-08 23:00:00,27.8,89,0.0,1.9,0.1,90
2021-08-09 00:00:00,27.4,90,0.0,2.11,0.2,83
2021-08-09 01:00:00,26.9,91,0.0,2.21,0.0,84
2021-08-09 02:00:00,26.7,92,0.0,2.06,0.0,83
2021-08-09 03:00:00,26.4,95,0.0,1.49,0.0,89
2021-08-09 04:00:00,26.3,95,0.0,1.3,0.0,86
2021-08-09 05:00:00,26.9,93,14.0,2.05,0.0,97
2021-08-09 06:00:00,27.4,89,86.0,1.79,0.8,93
2021-08-09 07:00:00,28.2,85,172.0,2.38,0.0,97
2021-08-09 08:00:00,29.2,83,328.0,2.12,0.0,97
2021-08-09 09:00:00,30.3,80,570.0,1.84,0.0,71
2021-08-09 10:00:00,31.3,78,819.0,2.3,0.0,47
2021-08-09 11:00:00,32.2,75,760.0,3.01,0.1,78
2021-08-09 12:00:00,30.7,81,680.0,3.2,1.7,80
2021-08-09 13:00:00,31.6,74,556.0,3.88,0.1,63
2021-08-09 14:00:00,30.7,77,515.0,4.79,0.3,64
2021-08-09 15:00:00,31.0,77,412.0,3.93,0.1,65
2021-08-09 16:00:00,30.6,78,290.0,4.2,0.0,90
2021-08-09 17:00:00,29.9,81,105.0,2.55,0.3,95
2021-08-09 18:00:00,29.0,85,10.0,1.91,0.0,95
2021-08-09 19:00:00,28.7,87,0.0,1.64,0.0,91
2021-08-09 20:00:00,28.1,91,0.0,1.32,0.0,92
2021-08-09 21:00:00,27.7,93,0.0,1.12,0.0,93
2021-08-09 22:00:00,27.5,93,0.0,1.24,0.0,97
2021-08-09 23:00:00,27.2,93,0.0,1.17,0.0,98
2021-08-10 00:00:00,26.9,95,0.0,0.98,0.0,98
2021-08-10 01:00:00,26.6,95,0.0,1.08,0.0,94
2021-08-10 02:00:00,26.4,95,0.0,1.48,0.0,96
2021-08-10 03:00:00,26.1,97,0.0,1.1,0.0,96
2021-08-10 04:00:00,25.9,97,0.0,0.89,0.0,97
2021-08-10 05:00:00,27.2,93,12.0,1.43,0.1,98
2021-08-10 06:00:00,27.7,88,111.0,2.26,0.0,98
2021-08-10 07:00:00,28.5,84,226.0,3.21,0.0,100
2021-08-10 08:00:00,29.1,84,308.0,2.6,0.1,97
2021-08-10 09:00:00,30.2,81,553.0,2.3,0.1,97
2021-08-10 10:00:00,31.2,78,620.0,2.2,0.1,98
2021-08-10 11:00:00,32.0,74,754.0,3.3,0.1,97
2021-08-10 12:00:00,32.0,75,680.0,3.71,0.4,97
2021-08-10 13:00:00,31.8,74,624.0,3.35,0.2,94
2021-08-10 14:00:00,32.0,75,617.0,3.32,0.1,88
2021-08-10 15:00:00,31.5,77,506.0,3.08,0.1,93
2021-08-10 16:00:00,31.1,78,275.0,1.6,0.2,96
2021-08-10 17:00:00,30.5,80,103.0,1.61,1.9,98
2021-08-10 18:00:00,29.5,85,10.0,1.57,0.0,97
2021-08-10 19:00:00,29.1,85,0.0,1.56,0.0,98
2021-08-10 20:00:00,28.8,86,0.0,1.02,0.0,97
2021-08-10 21:00:00,28.6,88,0.0,0.8,0.0,98
2021-08-10 22:00:00,28.5,89,0.0,0.8,0.0,99
2021-08-10 23:00:00,27.7,94,0.0,0.94,0.0,99
2021-08-11 00:00:00,27.8,93,0.0,1.36,0.1,99
2021-08-11 01:00:00,27.4,93,0.0,1.26,0.2,97
2021-08-11 02:00:00,27.2,92,0.0,1.6,0.1,100
2021-08-11 03:00:00,26.9,93,0.0,1.4,0.0,99
2021-08-11 04:00:00,26.7,94,0.0,0.67,0.0,99
2021-08-11 05:00:00,26.9,92,10.0,1.14,0.0,98
2021-08-11 06:00:00,27.3,90,82.0,0.58,0.0,97
2021-08-11 07:00:00,27.8,87,187.0,1.06,0.0,99
2021-08-11 08:00:00,28.5,86,340.0,1.03,0.3,98
2021-08-11 09:00:00,29.0,84,368.0,0.22,0.3,93
2021-08-11 10:00:00,30.1,82,551.0,0.28,0.3,73
2021-08-11 11:00:00,30.7,80,586.0,1.7,2.0,81
2021-08-11 12:00:00,30.0,82,522.0,1.49,2.2,95
2021-08-11 13:00:00,30.1,81,442.0,2.19,1.6,89
2021-08-11 14:00:00,29.0,88,172.0,2.79,1.3,95
2021-08-11 15:00:00,28.8,91,233.0,1.9,1.1,98
2021-08-11 16:00:00,28.4,92,172.0,1.9,0.4,99
2021-08-11 17:00:00,28.4,89,81.0,1.0,0.2,100
2021-08-11 18:00:00,28.2,94,3.0,0.81,0.7,100
2021-08-11 19:00:00,28.0,96,0.0,0.81,0.1,99
2021-08-11 20:00:00,28.6,89,0.0,0.58,0.0,100
2021-08-11 21:00:00,27.9,93,0.0,1.02,0.0,100
2021-08-11 22:00:00,27.6,92,0.0,1.22,0.0,99
2021-08-11 23:00:00,27.0,94,0.0,1.1,0.0,100
2021-08-12 00:00:00,26.8,94,0.0,1.5,0.0,100
2021-08-12 01:00:00,26.6,96,0.0,1.94,0.0,100
2021-08-12 02:00:00,26.4,96,0.0,1.43,0.0,99
2021-08-12 03:00:00,26.1,97,0.0,1.0,0.1,99
2021-08-12 04:00:00,26.0,97,0.0,1.81,0.3,99
2021-08-12 05:00:00,26.2,96,8.0,1.1,0.0,99
2021-08-12 06:00:00,26.6,94,48.0,1.7,0.0,99
2021-08-12 07:00:00,27.3,90,170.0,2.52,0.1,98
2021-08-12 08:00:00,28.5,83,287.0,2.62,0.0,99
2021-08-12 09:00:00,29.1,82,327.0,3.11,0.1,98
2021-08-12 10:00:00,29.6,81,439.0,2.72,0.1,97
2021-08-12 11:00:00,30.1,80,528.0,2.64,0.1,97
2021-08-12 12:00:00,29.6,84,511.0,2.95,0.7,99
2021-08-12 13:00:00,29.9,84,412.0,2.0,0.3,99
2021-08-12 14:00:00,30.2,84,384.0,2.3,0.3,99
2021-08-12 15:00:00,29.9,84,299.0,2.53,0.1,100
2021-08-12 16:00:00,29.0,87,177.0,2.4,0.7,100
2021-08-12 17:00:00,29.4,86,73.0,1.21,0.1,100
2021-08-12 18:00:00,28.5,92,6.0,1.63,0.1,98
2021-08-12 19:00:00,28.3,93,0.0,1.49,0.1,99
2021-08-12 20:00:00,28.0,93,0.0,2.13,0.1,99
2021-08-12 21:00:00,27.8,93,0.0,1.75,0.1,98
2021-08-12 22:00:00,27.3,95,0.0,1.14,0.0,97
2021-08-12 23:00:00,27.0,95,0.0,1.32,0.0,99
2021-08-13 00:00:00,26.6,95,0.0,1.02,0.0,98
2021-08-13 01:00:00,26.4,95,0.0,0.72,0.0,98
2021-08-13 02:00:00,26.1,96,0.0,0.9,0.0,98
2021-08-13 03:00:00,26.2,95,0.0,1.32,0.0,99
2021-08-13 04:00:00,26.0,96,0.0,1.32,0.0,99
2021-08-13 05:00:00,26.5,93,9.0,0.57,0.1,98
2021-08-13 06:00:00,26.8,92,59.0,0.78,0.1,99
2021-08-13 07:00:00,27.1,90,167.0,0.61,0.3,98
2021-08-13 08:00:00,27.8,87,268.0,0.85,0.1,97
2021-08-13 09:00:00,28.7,84,385.0,1.63,0.1,98
2021-08-13 10:00:00,29.7,81,580.0,1.26,0.3,100
2021-08-13 11:00:00,29.2,83,480.0,1.36,0.3,92
2021-08-13 12:00:00,29.2,83,388.0,1.49,0.1,92
2021-08-13 13:00:00,29.4,82,402.0,1.65,0.4,93
2021-08-13 14:00:00,28.2,86,239.0,3.1,2.7,97
2021-08-13 15:00:00,28.3,88,167.0,1.5,0.5,100
2021-08-13 16:00:00,28.2,89,108.0,1.44,0.1,100
2021-08-13 17:00:00,28.7,87,35.0,1.41,0.0,99
2021-08-13 18:00:00,27.9,94,5.0,0.22,0.1,98
2021-08-13 19:00:00,27.6,94,0.0,0.5,0.0,94
2021-08-13 20:00:00,27.3,95,0.0,0.41,0.0,90
2021-08-13 21:00:00,27.1,95,0.0,0.7,0.0,91
2021-08-13 22:00:00,27.3,91,0.0,0.51,0.0,99
2021-08-13 23:00:00,26.8,95,0.0,0.89,0.0,99
2021-08-14 00:00:00,27.0,93,0.0,1.08,0.0,98
2021-08-14 01:00:00,26.6,95,0.0,1.08,0.0,97
2021-08-14 02:00:00,26.7,94,0.0,1.04,0.0,98
2021-08-14 03:00:00,26.3,97,0.0,1.1,0.0,96
2021-08-14 04:00:00,26.0,99,0.0,0.86,0.0,97
2021-08-14 05:00:00,26.4,95,9.0,1.51,0.0,97
2021-08-14 06:00:00,26.5,94,53.0,0.82,0.2,100
2021-08-14 07:00:00,26.9,90,144.0,0.2,0.1,100
2021-08-14 08:00:00,28.2,86,318.0,0.85,0.0,99
2021-08-14 09:00:00,29.2,81,397.0,0.45,0.1,100
2021-08-14 10:00:00,29.2,81,358.0,0.63,0.1,100
2021-08-14 11:00:00,29.3,82,437.0,0.41,0.1,99
2021-08-14 12:00:00,29.3,84,327.0,1.12,0.1,99
2021-08-14 13:00:00,30.0,83,451.0,0.51,0.1,98
2021-08-14 14:00:00,30.5,79,356.0,1.5,0.2,95
2021-08-14 15:00:00,30.8,75,292.0,2.0,0.0,94
2021-08-14 16:00:00,30.5,77,195.0,2.1,0.0,96
2021-08-14 17:00:00,29.3,86,82.0,0.92,0.1,98
2021-08-14 18:00:00,28.3,93,6.0,1.3,0.0,96
2021-08-14 19:00:00,27.9,95,0.0,1.8,0.0,97
2021-08-14 20:00:00,27.5,97,0.0,1.62,0.0,96
2021-08-14 21:00:00,27.4,96,0.0,0.89,0.0,99
2021-08-14 22:00:00,27.0,98,0.0,0.71,0.0,99
2021-08-14 23:00:00,27.0,98,0.0,0.72,0.0,99
2021-08-15 00:00:00,26.7,99,0.0,0.89,0.0,99
2021-08-15 01:00:00,26.5,97,0.0,0.91,0.2,99
2021-08-15 02:00:00,26.6,96,0.0,0.67,0.1,99
2021-08-15 03:00:00,26.4,97,0.0,0.73,0.0,99
2021-08-15 04:00:00,26.1,98,0.0,0.72,0.0,100
2021-08-15 05:00:00,26.9,89,6.0,0.45,0.0,99
2021-08-15 06:00:00,27.2,89,72.0,0.67,0.0,99
2021-08-15 07:00:00,27.6,88,166.0,0.72,0.0,100
2021-08-15 08:00:00,28.1,86,190.0,0.14,0.0,97
2021-08-15 09:00:00,29.0,81,331.0,0.32,0.0,98
2021-08-15 10:00:00,29.8,78,471.0,0.98,0.1,99
2021-08-15 11:00:00,30.1,77,529.0,1.66,0.1,96
2021-08-15 12:00:00,30.7,74,592.0,3.31,0.4,96
2021-08-15 13:00:00,30.3,76,491.0,3.61,0.6,92
2021-08-15 14:00:00,31.0,73,636.0,2.82,0.1,94
2021-08-15 15:00:00,31.0,72,469.0,2.9,0.0,91
2021-08-15 16:00:00,30.5,75,260.0,2.3,0.0,90
2021-08-15 17:00:00,30.0,80,112.0,1.12,0.0,95
2021-08-15 18:00:00,28.8,87,7.0,1.2,0.0,97
2021-08-15 19:00:00,28.4,92,0.0,1.32,1.0,99
2021-08-15 20:00:00,28.1,94,0.0,1.0,0.5,100
2021-08-15 21:00:00,27.7,96,0.0,1.12,1.6,100
2021-08-15 22:00:00,27.9,95,0.0,0.85,0.0,99
2021-08-15 23:00:00,27.5,95,0.0,1.44,0.3,99
2021-08-16 00:00:00,27.3,94,0.0,1.25,0.3,100
2021-08-16 01:00:00,27.1,95,0.0,0.91,0.5,100
2021-08-16 02:00:00,26.8,96,0.0,0.63,0.5,100
2021-08-16 03:00:00,26.6,94,0.0,0.76,0.9,100
2021-08-16 04:00:00,26.6,96,0.0,0.51,1.2,100
2021-08-16 05:00:00,27.2,91,6.0,1.84,0.8,99
2021-08-16 06:00:00,26.9,93,43.0,2.25,1.3,100
2021-08-16 07:00:00,27.2,92,98.0,1.21,0.3,100
2021-08-16 08:00:00,27.7,90,179.0,1.22,0.1,100
2021-08-16 09:00:00,28.1,89,191.0,1.12,0.1,100
2021-08-16 10:00:00,28.6,87,271.0,1.1,0.1,100
2021-08-16 11:00:00,29.0,86,299.0,1.32,0.1,99
2021-08-16 12:00:00,29.5,83,363.0,1.2,0.0,99
2021-08-16 13:00:00,29.8,82,442.0,1.0,0.1,99
2021-08-16 14:00:00,29.9,80,283.0,1.7,0.1,100
2021-08-16 15:00:00,29.4,83,191.0,1.33,0.1,100
2021-08-16 16:00:00,28.5,87,156.0,1.5,0.4,100
2021-08-16 17:00:00,28.8,84,60.0,1.12,0.2,100
2021-08-16 18:00:00,27.7,92,6.0,0.98,0.0,99
2021-08-16 19:00:00,27.3,95,0.0,1.14,0.0,100
2021-08-16 20:00:00,27.3,95,0.0,0.92,0.0,100
2021-08-16 21:00:00,27.3,95,0.0,0.85,0.0,100
2021-08-16 22:00:00,27.1,95,0.0,0.89,0.0,100
2021-08-16 23:00:00,27.0,95,0.0,1.42,0.2,100
2021-08-17 00:00:00,26.7,95,0.0,1.97,0.5,100
2021-08-17 01:00:00,26.3,96,0.0,1.87,1.5,100
2021-08-17 02:00:00,26.3,95,0.0,1.24,1.8,99
2021-08-17 03:00:00,26.3,96,0.0,0.54,1.3,99
2021-08-17 04:00:00,26.2,96,0.0,0.61,0.7,100
2021-08-17 05:00:00,26.7,92,4.0,1.28,0.5,99
2021-08-17 06:00:00,26.9,92,44.0,1.21,0.1,99
2021-08-17 07:00:00,27.5,90,134.0,0.2,0.2,97
2021-08-17 08:00:00,28.0,91,254.0,0.22,0.2,94
2021-08-17 09:00:00,28.5,91,331.0,0.5,0.3,97
2021-08-17 10:00:00,29.1,87,372.0,0.81,0.4,100
2021-08-17 11:00:00,28.6,82,246.0,2.12,5.0,84
2021-08-17 12:00:00,28.7,84,428.0,1.62,0.4,86
2021-08-17 13:00:00,29.4,82,383.0,1.42,0.1,80
2021-08-17 14:00:00,29.6,80,362.0,1.34,0.2,94
2021-08-17 15:00:00,29.5,80,270.0,0.94,2.3,97
2021-08-17 16:00:00,28.6,83,174.0,0.85,8.8,89
2021-08-17 17:00:00,28.8,89,42.0,0.58,1.6,98
2021-08-17 18:00:00,28.0,93,4.0,0.42,1.4,94
2021-08-17 19:00:00,27.6,92,0.0,0.85,3.0,98
2021-08-17 20:00:00,26.9,95,0.0,1.33,2.7,99
2021-08-17 21:00:00,26.4,96,0.0,1.22,3.6,97
2021-08-17 22:00:00,26.2,96,0.0,1.43,2.2,97
2021-08-17 23:00:00,26.0,97,0.0,1.91,0.3,100
2021-08-18 00:00:00,25.9,97,0.0,1.58,2.0,99
2021-08-18 01:00:00,25.7,97,0.0,1.3,2.8,99
2021-08-18 02:00:00,25.7,95,0.0,1.88,0.6,100
2021-08-18 03:00:00,25.7,95,0.0,1.66,0.2,93
2021-08-18 04:00:00,25.8,95,0.0,1.22,0.1,96
2021-08-18 05:00:00,26.3,94,4.0,0.41,0.1,95
2021-08-18 06:00:00,26.6,92,64.0,0.61,0.2,85
2021-08-18 07:00:00,27.0,90,164.0,1.1,0.5,95
2021-08-18 08:00:00,27.6,91,259.0,0.92,0.4,99
2021-08-18 09:00:00,28.2,93,387.0,1.13,0.4,87
2021-08-18 10:00:00,29.2,90,528.0,1.75,0.5,82
2021-08-18 11:00:00,29.4,85,603.0,3.58,1.6,56
2021-08-18 12:00:00,29.1,83,471.0,2.72,2.2,76
2021-08-18 13:00:00,29.9,79,587.0,3.0,0.2,70
2021-08-18 14:00:00,30.2,75,475.0,2.8,0.3,80
2021-08-18 15:00:00,29.8,78,312.0,2.47,0.1,97
2021-08-18 16:00:00,29.4,81,174.0,1.92,0.2,94
2021-08-18 17:00:00,29.9,86,68.0,0.22,0.1,92
2021-08-18 18:00:00,28.4,92,4.0,1.1,0.0,98
2021-08-18 19:00:00,28.0,91,0.0,0.3,1.6,99
2021-08-18 20:00:00,27.6,94,0.0,0.76,1.0,99
2021-08-18 21:00:00,27.3,97,0.0,0.3,0.3,99
2021-08-18 22:00:00,27.5,91,0.0,0.1,0.6,100
2021-08-18 23:00:00,27.2,93,0.0,0.22,0.3,100
2021-08-19 00:00:00,26.9,94,0.0,0.32,0.6,100
2021-08-19 01:00:00,26.9,93,0.0,0.54,0.6,100
2021-08-19 02:00:00,26.7,93,0.0,0.63,0.8,99
2021-08-19 03:00:00,26.5,93,0.0,1.12,0.9,100
2021-08-19 04:00:00,26.3,94,0.0,1.3,1.1,99
2021-08-19 05:00:00,26.4,93,4.0,1.02,0.6,99
2021-08-19 06:00:00,26.9,90,72.0,1.1,0.1,97
2021-08-19 07:00:00,27.3,88,165.0,2.79,0.1,99
2021-08-19 08:00:00,28.2,85,246.0,3.32,0.0,100
2021-08-19 09:00:00,28.8,83,301.0,3.1,0.1,100
2021-08-19 10:00:00,30.0,78,484.0,2.65,0.0,98
2021-08-19 11:00:00,31.0,73,622.0,2.69,0.0,100
2021-08-19 12:00:00,31.2,69,629.0,2.73,0.0,98
2021-08-19 13:00:00,31.5,68,578.0,2.92,0.0,81
2021-08-19 14:00:00,30.8,71,421.0,3.26,0.2,89
2021-08-19 15:00:00,29.9,78,231.0,2.31,0.2,96
2021-08-19 16:00:00,30.0,78,175.0,1.14,0.1,99
2021-08-19 17:00:00,29.5,82,58.0,1.1,0.4,99
2021-08-19 18:00:00,28.5,86,4.0,0.61,0.1,100
2021-08-19 19:00:00,28.0,89,0.0,0.7,0.1,99
2021-08-19 20:00:00,27.5,92,0.0,0.63,0.2,100
2021-08-19 21:00:00,27.1,92,0.0,0.73,0.1,100
2021-08-19 22:00:00,26.9,92,0.0,0.64,0.1,100
2021-08-19 23:00:00,26.6,92,0.0,0.76,0.4,99
2021-08-20 00:00:00,26.5,93,0.0,0.6,0.6,99
2021-08-20 01:00:00,26.5,90,0.0,0.57,0.6,100
2021-08-20 02:00:00,26.3,90,0.0,0.32,0.3,100
2021-08-20 03:00:00,26.0,94,0.0,0.51,0.3,100
2021-08-20 04:00:00,26.0,94,0.0,0.5,0.4,100
2021-08-20 05:00:00,25.8,92,4.0,1.71,0.5,100
2021-08-20 06:00:00,26.0,92,30.0,1.12,0.6,99
2021-08-20 07:00:00,26.6,90,133.0,1.4,0.5,97
2021-08-20 08:00:00,27.4,88,321.0,2.3,1.3,97
2021-08-20 09:00:00,28.3,82,454.0,2.4,0.1,97
2021-08-20 10:00:00,28.0,84,270.0,2.0,0.0,97
2021-08-20 11:00:00,29.2,79,600.0,1.4,0.0,67
2021-08-20 12:00:00,29.8,78,624.0,0.8,0.0,63
2021-08-20 13:00:00,30.3,76,635.0,0.22,0.0,80
2021-08-20 14:00:00,30.4,75,416.0,1.3,0.1,92
2021-08-20 15:00:00,28.9,80,180.0,1.57,3.6,94
2021-08-20 16:00:00,28.2,87,79.0,0.67,0.6,99
2021-08-20 17:00:00,28.2,87,26.0,1.55,0.2,98
2021-08-20 18:00:00,27.4,93,3.0,0.9,0.0,99
2021-08-20 19:00:00,27.4,93,0.0,0.81,0.0,100
2021-08-20 20:00:00,27.3,91,0.0,0.92,0.1,98
2021-08-20 21:00:00,27.2,92,0.0,0.99,0.3,99
2021-08-20 22:00:00,27.0,93,0.0,1.08,0.1,95
2021-08-20 23:00:00,26.7,93,0.0,1.1,0.2,94
2021-08-21 00:00:00,26.4,95,0.0,1.36,0.0,93
2021-08-21 01:00:00,26.1,96,0.0,1.0,0.0,92
2021-08-21 02:00:00,25.8,96,0.0,0.9,0.0,72
2021-08-21 03:00:00,25.6,96,0.0,0.81,0.0,63
2021-08-21 04:00:00,25.3,97,0.0,0.95,0.0,54
2021-08-21 05:00:00,25.9,94,7.0,2.02,0.0,61
2021-08-21 06:00:00,26.4,92,58.0,2.2,0.0,58
2021-08-21 07:00:00,27.1,87,180.0,2.73,0.0,63
2021-08-21 08:00:00,28.1,84,315.0,2.4,0.0,46
2021-08-21 09:00:00,29.3,77,504.0,3.13,0.1,75
2021-08-21 10:00:00,30.1,72,561.0,4.41,0.0,72
2021-08-21 11:00:00,30.6,69,681.0,4.8,0.0,70
2021-08-21 12:00:00,30.9,68,723.0,5.1,0.0,64
2021-08-21 13:00:00,31.3,66,700.0,5.22,0.0,54
2021-08-21 14:00:00,31.1,67,633.0,5.3,0.2,46
2021-08-21 15:00:00,30.3,74,395.0,4.81,0.8,54
2021-08-21 16:00:00,29.9,77,246.0,3.9,0.2,68
2021-08-21 17:00:00,29.2,81,95.0,2.7,0.1,87
2021-08-21 18:00:00,28.5,82,5.0,2.69,0.0,99
2021-08-21 19:00:00,28.1,84,0.0,2.69,0.0,95
2021-08-21 20:00:00,27.6,88,0.0,2.06,0.0,90
2021-08-21 21:00:00,27.1,92,0.0,1.55,0.0,86
2021-08-21 22:00:00,26.7,94,0.0,1.4,0.0,87
2021-08-21 23:00:00,26.6,94,0.0,1.4,0.0,91
2021-08-22 00:00:00,26.5,93,0.0,1.7,0.0,95
2021-08-22 01:00:00,26.4,94,0.0,1.81,0.0,96
2021-08-22 02:00:00,26.2,94,0.0,1.73,0.0,93
2021-08-22 03:00:00,26.1,94,0.0,1.84,0.0,96
2021-08-22 04:00:00,26.1,93,0.0,1.81,0.0,96
2021-08-22 05:00:00,26.8,89,7.0,3.13,0.0,98
2021-08-22 06:00:00,27.6,84,122.0,2.79,0.0,100
2021-08-22 07:00:00,28.5,81,243.0,2.71,0.0,99
2021-08-22 08:00:00,29.6,77,400.0,3.21,0.0,99
2021-08-22 09:00:00,30.8,70,622.0,4.41,0.0,100
2021-08-22 10:00:00,31.7,65,772.0,5.53,0.0,100
2021-08-22 11:00:00,31.8,66,872.0,6.76,0.1,100
2021-08-22 12:00:00,31.5,70,764.0,6.02,0.2,85
2021-08-22 13:00:00,31.3,71,713.0,5.66,0.2,99
2021-08-22 14:00:00,31.2,73,531.0,5.3,0.1,99
2021-08-22 15:00:00,30.6,75,356.0,4.71,0.3,97
2021-08-22 16:00:00,30.0,78,225.0,3.9,0.0,100
2021-08-22 17:00:00,29.3,80,90.0,3.4,0.0,100
2021-08-22 18:00:00,28.3,87,4.0,3.54,0.0,100
2021-08-22 19:00:00,27.7,89,0.0,2.44,0.0,100
2021-08-22 20:00:00,27.2,91,0.0,1.53,0.0,99
2021-08-22 21:00:00,26.8,95,0.0,1.1,0.0,99
2021-08-22 22:00:00,26.4,96,0.0,1.22,0.0,99
2021-08-22 23:00:00,26.4,95,0.0,0.86,0.0,97
2021-08-23 00:00:00,26.3,95,0.0,0.99,0.0,95
2021-08-23 01:00:00,26.1,97,0.0,0.71,0.0,98
2021-08-23 02:00:00,26.0,95,0.0,0.81,0.0,99
2021-08-23 03:00:00,25.8,95,0.0,0.5,0.0,96
2021-08-23 04:00:00,25.3,98,0.0,0.91,0.0,91
2021-08-23 05:00:00,25.9,96,7.0,1.0,0.0,95
2021-08-23 06:00:00,26.7,90,82.0,0.2,0.0,82
2021-08-23 07:00:00,27.5,87,204.0,0.51,0.1,83
2021-08-23 08:00:00,28.0,85,302.0,0.9,0.0,80
2021-08-23 09:00:00,28.9,81,499.0,0.64,0.4,68
2021-08-23 10:00:00,28.0,86,317.0,1.3,0.2,84
2021-08-23 11:00:00,29.1,84,399.0,1.58,0.2,76
2021-08-23 12:00:00,30.1,84,644.0,1.75,0.3,95
2021-08-23 13:00:00,30.4,83,516.0,2.26,0.3,98
2021-08-23 14:00:00,29.3,85,345.0,2.47,4.6,100
2021-08-23 15:00:00,28.7,86,133.0,2.16,2.5,100
2021-08-23 16:00:00,28.7,89,122.0,1.27,0.1,100
2021-08-23 17:00:00,29.1,87,51.0,0.92,2.7,100
2021-08-23 18:00:00,28.0,94,3.0,1.24,0.0,97
2021-08-23 19:00:00,27.4,97,0.0,1.0,0.1,96
2021-08-23 20:00:00,27.0,97,0.0,1.25,0.1,94
2021-08-23 21:00:00,27.2,96,0.0,1.17,0.0,94
2021-08-23 22:00:00,27.2,94,0.0,0.86,0.5,97
2021-08-23 23:00:00,26.8,96,0.0,0.85,0.3,95
2021-08-24 00:00:00,26.5,97,0.0,0.91,0.1,85
2021-08-24 01:00:00,26.4,97,0.0,0.73,0.0,91
2021-08-24 02:00:00,26.2,97,0.0,1.5,0.0,96
2021-08-24 03:00:00,25.9,98,0.0,1.89,0.1,94
2021-08-24 04:00:00,25.6,98,0.0,2.06,0.0,96
2021-08-24 05:00:00,26.1,97,8.0,1.82,0.0,96
2021-08-24 06:00:00,26.8,92,87.0,2.14,0.0,84
2021-08-24 07:00:00,27.6,89,208.0,1.75,0.0,87
2021-08-24 08:00:00,28.6,85,347.0,1.84,0.0,67
2021-08-24 09:00:00,29.9,79,550.0,2.5,0.0,52
2021-08-24 10:00:00,31.1,74,812.0,3.45,0.1,73
2021-08-24 11:00:00,31.8,72,855.0,4.2,0.1,85
2021-08-24 12:00:00,32.2,65,766.0,5.51,0.1,92
2021-08-24 13:00:00,32.1,66,748.0,6.0,0.1,94
2021-08-24 14:00:00,31.5,70,582.0,5.6,0.0,74
2021-08-24 15:00:00,31.1,73,404.0,4.9,0.0,80
2021-08-24 16:00:00,30.4,76,196.0,3.85,0.0,100
2021-08-24 17:00:00,30.1,75,60.0,3.44,0.0,96
2021-08-24 18:00:00,29.3,78,3.0,2.72,0.0,97
2021-08-24 19:00:00,28.6,83,0.0,1.53,0.0,98
2021-08-24 20:00:00,28.3,84,0.0,1.68,0.0,100
2021-08-24 21:00:00,27.7,89,0.0,2.02,0.0,99
2021-08-24 22:00:00,27.3,92,0.0,1.6,0.0,99
2021-08-24 23:00:00,26.8,96,0.0,0.82,0.0,100
2021-08-25 00:00:00,26.9,92,0.0,0.92,0.0,100
2021-08-25 01:00:00,26.5,93,0.0,0.54,0.0,99
2021-08-25 02:00:00,26.6,90,0.0,0.81,0.0,99
2021-08-25 03:00:00,26.6,89,0.0,1.12,0.0,99
2021-08-25 04:00:00,26.5,93,0.0,0.99,0.5,99
2021-08-25 05:00:00,26.8,84,3.0,0.95,1.0,100
2021-08-25 06:00:00,26.7,89,57.0,1.82,0.2,100
2021-08-25 07:00:00,27.4,88,161.0,1.71,0.0,100
2021-08-25 08:00:00,28.1,85,234.0,1.3,0.1,100
2021-08-25 09:00:00,29.0,81,393.0,0.41,0.1,99
2021-08-25 10:00:00,30.1,79,643.0,1.73,0.1,97
2021-08-25 11:00:00,31.2,78,645.0,2.1,0.1,96
2021-08-25 12:00:00,29.9,81,486.0,3.96,1.6,96
2021-08-25 13:00:00,29.8,80,309.0,3.05,0.2,96
2021-08-25 14:00:00,28.8,86,262.0,1.49,0.2,100
2021-08-25 15:00:00,28.9,85,205.0,0.76,0.0,99
2021-08-25 16:00:00,28.9,85,165.0,1.56,0.0,99
2021-08-25 17:00:00,28.8,89,58.0,2.43,0.6,100
2021-08-25 18:00:00,27.9,94,2.0,1.22,0.1,100
2021-08-25 19:00:00,27.6,95,0.0,0.42,0.5,100
2021-08-25 20:00:00,27.3,98,0.0,0.71,0.3,99
2021-08-25 21:00:00,27.0,99,0.0,1.33,0.2,100
2021-08-25 22:00:00,26.6,98,0.0,0.86,0.0,100
2021-08-25 23:00:00,26.5,97,0.0,0.6,0.0,100
2021-08-26 00:00:00,26.4,97,0.0,0.36,0.0,100
2021-08-26 01:00:00,26.4,97,0.0,0.9,0.0,100
2021-08-26 02:00:00,26.3,97,0.0,1.56,0.0,100
2021-08-26 03:00:00,26.1,98,0.0,1.92,0.1,100
2021-08-26 04:00:00,26.1,98,0.0,1.49,0.2,100
2021-08-26 05:00:00,26.5,95,2.0,1.42,0.4,100
2021-08-26 06:00:00,26.6,95,30.0,1.75,0.9,100
2021-08-26 07:00:00,26.6,96,72.0,2.3,1.6,100
2021-08-26 08:00:00,26.9,97,130.0,1.75,1.3,100
2021-08-26 09:00:00,27.3,92,161.0,1.58,3.1,100
2021-08-26 10:00:00,27.4,90,124.0,1.04,1.4,100
2021-08-26 11:00:00,28.4,85,345.0,1.0,0.3,99
2021-08-26 12:00:00,28.9,82,384.0,0.8,0.4,100
2021-08-26 13:00:00,29.1,84,310.0,0.89,0.3,100
2021-08-26 14:00:00,27.9,87,129.0,1.22,3.2,99
2021-08-26 15:00:00,27.9,88,197.0,2.06,0.4,100
2021-08-26 16:00:00,27.5,90,126.0,1.5,0.2,98
2021-08-26 17:00:00,28.0,92,48.0,0.5,0.5,98
2021-08-26 18:00:00,27.2,94,1.0,0.71,1.3,99
2021-08-26 19:00:00,26.7,95,0.0,1.32,2.4,99
2021-08-26 20:00:00,26.4,96,0.0,1.68,1.6,99
2021-08-26 21:00:00,26.3,96,0.0,1.82,1.4,99
2021-08-26 22:00:00,26.3,96,0.0,1.8,1.6,97
2021-08-26 23:00:00,26.3,97,0.0,1.72,0.9,97
2021-08-27 00:00:00,26.0,97,0.0,1.17,1.3,98
2021-08-27 01:00:00,25.7,98,0.0,1.56,2.7,100
2021-08-27 02:00:00,25.6,98,0.0,1.64,0.9,99
2021-08-27 03:00:00,25.5,98,0.0,1.14,0.2,100
2021-08-27 04:00:00,25.4,97,0.0,1.42,0.2,100
2021-08-27 05:00:00,25.9,97,3.0,1.89,0.3,100
2021-08-27 06:00:00,26.1,97,22.0,2.31,2.2,100
2021-08-27 07:00:00,26.2,97,58.0,2.61,1.3,100
2021-08-27 08:00:00,26.4,96,91.0,3.14,1.3,100
2021-08-27 09:00:00,26.3,96,80.0,3.22,1.3,100
2021-08-27 10:00:00,26.8,95,119.0,2.87,1.3,100
2021-08-27 11:00:00,27.1,94,131.0,2.92,1.4,100
2021-08-27 12:00:00,27.3,93,123.0,2.28,0.9,100
2021-08-27 13:00:00,27.6,89,210.0,2.42,2.0,100
2021-08-27 14:00:00,28.1,84,278.0,2.67,1.4,99
2021-08-27 15:00:00,27.7,88,204.0,2.98,0.7,98
2021-08-27 16:00:00,27.5,88,124.0,2.4,0.4,95
2021-08-27 17:00:00,27.3,90,37.0,1.7,0.2,100
2021-08-27 18:00:00,27.1,94,1.0,1.14,0.3,100
2021-08-27 19:00:00,26.9,95,0.0,1.04,0.5,100
2021-08-27 20:00:00,26.7,96,0.0,1.22,0.6,100
2021-08-27 21:00:00,26.5,97,0.0,1.53,0.8,100
2021-08-27 22:00:00,26.3,97,0.0,1.72,0.7,100
2021-08-27 23:00:00,26.0,97,0.0,1.77,0.5,98
2021-08-28 00:00:00,25.8,98,0.0,1.7,0.2,100
2021-08-28 01:00:00,25.5,98,0.0,1.84,0.8,99
2021-08-28 02:00:00,25.3,99,0.0,1.97,0.7,98
2021-08-28 03:00:00,25.2,97,0.0,1.75,0.4,100
2021-08-28 04:00:00,25.0,97,0.0,1.94,0.2,97
2021-08-28 05:00:00,25.6,95,2.0,1.3,0.7,100
2021-08-28 06:00:00,25.7,95,60.0,1.27,0.2,100
2021-08-28 07:00:00,26.4,92,140.0,0.85,0.2,90
2021-08-28 08:00:00,27.2,88,184.0,1.43,0.1,96
2021-08-28 09:00:00,28.2,84,307.0,1.4,0.1,98
2021-08-28 10:00:00,29.4,81,582.0,0.73,0.1,84
2021-08-28 11:00:00,30.3,79,628.0,0.67,0.2,79
2021-08-28 12:00:00,31.0,74,723.0,1.5,0.3,100
2021-08-28 13:00:00,28.6,82,347.0,1.63,5.4,77
2021-08-28 14:00:00,29.3,81,397.0,0.64,0.1,81
2021-08-28 15:00:00,29.4,81,346.0,0.95,0.0,68
2021-08-28 16:00:00,29.5,80,238.0,1.1,0.1,55
2021-08-28 17:00:00,28.8,85,62.0,1.0,0.1,98
2021-08-28 18:00:00,28.5,86,1.0,0.71,0.1,96
2021-08-28 19:00:00,28.1,90,0.0,0.22,0.1,99
2021-08-28 20:00:00,27.2,97,0.0,1.0,0.5,93
2021-08-28 21:00:00,27.2,96,0.0,0.92,0.1,95
2021-08-28 22:00:00,26.5,99,0.0,1.0,0.0,96
2021-08-28 23:00:00,26.9,96,0.0,0.78,0.6,94
2021-08-29 00:00:00,26.5,98,0.0,1.14,0.0,95
2021-08-29 01:00:00,26.3,98,0.0,1.0,0.2,97
2021-08-29 02:00:00,25.9,98,0.0,0.41,1.5,97
2021-08-29 03:00:00,25.7,98,0.0,0.32,2.8,100
2021-08-29 04:00:00,25.6,96,0.0,0.76,3.1,97
2021-08-29 05:00:00,25.8,95,5.0,1.25,2.2,98
2021-08-29 06:00:00,26.1,94,40.0,1.08,0.8,97
2021-08-29 07:00:00,26.8,91,162.0,1.75,0.2,100
2021-08-29 08:00:00,26.8,90,150.0,1.66,0.4,100
2021-08-29 09:00:00,27.1,91,213.0,0.61,0.5,100
2021-08-29 10:00:00,27.6,88,259.0,0.81,1.0,99
2021-08-29 11:00:00,27.8,89,257.0,0.5,0.5,100
2021-08-29 12:00:00,28.0,89,254.0,0.22,0.8,100
2021-08-29 13:00:00,28.0,89,215.0,0.76,0.9,94
2021-08-29 14:00:00,27.8,88,176.0,0.5,1.6,87
2021-08-29 15:00:00,28.3,85,231.0,0.45,0.1,96
2021-08-29 16:00:00,28.1,85,101.0,0.92,0.0,99
2021-08-29 17:00:00,27.7,89,34.0,1.13,0.1,99
2021-08-29 18:00:00,27.0,94,1.0,1.53,0.2,100
2021-08-29 19:00:00,26.8,96,0.0,1.14,0.3,100
2021-08-29 20:00:00,26.7,97,0.0,1.1,0.5,100
2021-08-29 21:00:00,26.6,97,0.0,1.39,0.5,100
2021-08-29 22:00:00,26.5,97,0.0,1.0,0.4,100
2021-08-29 23:00:00,26.4,97,0.0,0.76,0.4,100
2021-08-30 00:00:00,26.2,98,0.0,0.67,0.3,100
2021-08-30 01:00:00,26.0,99,0.0,1.17,0.2,99
2021-08-30 02:00:00,25.8,99,0.0,1.2,0.1,98
2021-08-30 03:00:00,25.4,97,0.0,1.77,0.2,99
2021-08-30 04:00:00,25.1,97,0.0,1.9,1.3,98
2021-08-30 05:00:00,26.0,97,4.0,1.36,1.5,99
2021-08-30 06:00:00,26.4,96,76.0,1.5,0.0,98
2021-08-30 07:00:00,26.9,89,164.0,2.3,0.4,99
2021-08-30 08:00:00,27.4,86,219.0,1.77,0.9,100
2021-08-30 09:00:00,27.1,89,142.0,1.39,0.7,100
2021-08-30 10:00:00,28.1,87,440.0,0.91,0.4,100
2021-08-30 11:00:00,28.8,85,488.0,0.3,0.3,98
2021-08-30 12:00:00,29.6,83,662.0,0.85,0.2,97
2021-08-30 13:00:00,30.1,82,637.0,0.63,0.2,99
2021-08-30 14:00:00,30.6,76,532.0,0.71,0.1,99
2021-08-30 15:00:00,30.6,71,372.0,0.95,0.1,96
2021-08-30 16:00:00,30.1,70,238.0,1.0,0.3,95
2021-08-30 17:00:00,27.9,88,61.0,1.3,0.2,98
2021-08-30 18:00:00,27.1,93,1.0,0.86,0.1,97
2021-08-30 19:00:00,27.0,93,0.0,1.22,0.1,93
2021-08-30 20:00:00,26.7,93,0.0,1.22,0.0,97
2021-08-30 21:00:00,26.4,94,0.0,1.12,0.0,94
2021-08-30 22:00:00,27.0,90,0.0,0.92,0.0,95
2021-08-30 23:00:00,26.3,93,0.0,1.22,0.0,97
2021-08-31 00:00:00,26.0,96,0.0,1.13,0.0,95
2021-08-31 01:00:00,26.1,94,0.0,1.2,0.0,98
2021-08-31 02:00:00,25.9,94,0.0,1.3,0.0,98
2021-08-31 03:00:00,25.7,95,0.0,1.14,0.0,98
2021-08-31 04:00:00,25.5,96,0.0,1.12,0.0,98
2021-08-31 05:00:00,26.5,91,4.0,1.06,0.0,97
2021-08-31 06:00:00,27.1,89,94.0,1.96,0.1,93
2021-08-31 07:00:00,27.8,85,250.0,2.62,0.1,92
2021-08-31 08:00:00,28.3,83,312.0,2.51,0.2,84
2021-08-31 09:00:00,29.5,77,539.0,2.11,0.0,91
2021-08-31 10:00:00,30.6,72,712.0,2.38,0.0,29
2021-08-31 11:00:00,31.2,70,836.0,2.5,0.0,75
2021-08-31 12:00:00,31.5,69,791.0,2.47,0.0,86
2021-08-31 13:00:00,31.8,68,714.0,2.16,0.0,89
2021-08-31 14:00:00,31.2,72,616.0,1.84,0.2,94
2021-08-31 15:00:00,29.8,77,366.0,2.33,0.8,94
2021-08-31 16:00:00,29.0,83,219.0,2.01,0.4,96
2021-08-31 17:00:00,28.6,86,72.0,1.43,0.1,94
2021-08-31 18:00:00,27.9,89,1.0,1.57,0.0,96
2021-08-31 19:00:00,27.5,90,0.0,1.36,0.0,96
2021-08-31 20:00:00,27.2,91,0.0,1.25,0.0,97
2021-08-31 21:00:00,26.8,92,0.0,1.2,0.0,92
2021-08-31 22:00:00,26.7,92,0.0,1.33,0.0,95
2021-08-31 23:00:00,26.4,94,0.0,1.22,0.0,97
2021-09-01 00:00:00,26.3,94,0.0,1.25,0.0,91
2021-09-01 01:00:00,26.4,93,0.0,1.53,0.0,94
2021-09-01 02:00:00,25.8,96,0.0,1.48,0.2,96
2021-09-01 03:00:00,26.0,96,0.0,0.4,0.1,98
2021-09-01 04:00:00,25.9,96,0.0,0.98,0.1,99
2021-09-01 05:00:00,25.7,93,5.0,1.9,0.0,95
2021-09-01 06:00:00,26.2,93,35.0,1.7,0.1,100
2021-09-01 07:00:00,26.9,89,142.0,2.41,0.1,99
2021-09-01 08:00:00,27.6,88,300.0,1.77,0.1,99
2021-09-01 09:00:00,28.3,85,333.0,1.86,0.3,98
2021-09-01 10:00:00,28.9,82,408.0,1.39,0.2,98
2021-09-01 11:00:00,29.8,82,597.0,1.92,0.1,98
2021-09-01 12:00:00,30.2,83,700.0,2.11,0.1,100
2021-09-01 13:00:00,30.4,81,617.0,1.9,0.1,100
2021-09-01 14:00:00,30.7,77,558.0,1.6,0.0,95
2021-09-01 15:00:00,29.7,80,438.0,3.81,0.9,98
2021-09-01 16:00:00,28.8,85,216.0,2.28,0.6,97
2021-09-01 17:00:00,28.8,85,62.0,0.64,0.0,95
2021-09-01 18:00:00,27.5,94,1.0,0.85,0.0,97
2021-09-01 19:00:00,26.9,97,0.0,0.91,0.0,98
2021-09-01 20:00:00,27.1,95,0.0,0.61,0.0,90
2021-09-01 21:00:00,26.6,98,0.0,1.2,0.0,96
2021-09-01 22:00:00,26.7,97,0.0,0.89,0.0,97
2021-09-01 23:00:00,26.2,98,0.0,1.14,0.0,98
2021-09-02 00:00:00,26.0,99,0.0,0.72,0.0,98
2021-09-02 01:00:00,26.1,93,0.0,0.92,1.9,99
2021-09-02 02:00:00,25.7,96,0.0,0.82,1.5,100
2021-09-02 03:00:00,25.4,98,0.0,1.08,0.5,99
2021-09-02 04:00:00,25.0,100,0.0,1.12,2.8,100
2021-09-02 05:00:00,25.1,98,2.0,1.0,2.9,100
2021-09-02 06:00:00,25.5,95,41.0,1.08,0.5,100
2021-09-02 07:00:00,26.2,90,136.0,1.12,0.2,100
2021-09-02 08:00:00,27.0,87,175.0,0.72,0.1,99
2021-09-02 09:00:00,27.8,85,266.0,1.14,0.1,98
2021-09-02 10:00:00,28.9,83,502.0,1.4,0.1,98
2021-09-02 11:00:00,29.7,82,658.0,1.12,0.1,98
2021-09-02 12:00:00,30.2,83,637.0,1.96,0.3,98
2021-09-02 13:00:00,29.6,78,668.0,2.7,2.9,85
2021-09-02 14:00:00,29.9,77,522.0,1.4,0.0,80
2021-09-02 15:00:00,30.0,76,397.0,1.53,0.1,80
2021-09-02 16:00:00,29.9,76,242.0,1.3,0.0,87
2021-09-02 17:00:00,28.2,89,79.0,0.72,0.0,93
2021-09-02 18:00:00,27.1,95,1.0,1.0,0.0,95
2021-09-02 19:00:00,27.1,96,0.0,1.0,0.0,90
2021-09-02 20:00:00,27.5,94,0.0,0.72,0.0,88
2021-09-02 21:00:00,26.6,96,0.0,0.81,0.8,95
2021-09-02 22:00:00,26.5,96,0.0,1.61,0.2,96
2021-09-02 23:00:00,26.7,94,0.0,1.39,0.1,94
2021-09-03 00:00:00,26.5,95,0.0,0.51,0.0,88
2021-09-03 01:00:00,26.2,97,0.0,0.5,0.0,75
2021-09-03 02:00:00,26.0,99,0.0,0.51,0.0,54
2021-09-03 03:00:00,25.9,95,0.0,0.72,0.3,81
2021-09-03 04:00:00,25.6,96,0.0,1.56,0.1,90
2021-09-03 05:00:00,26.0,94,5.0,1.13,0.7,93
2021-09-03 06:00:00,27.0,89,96.0,0.32,0.1,91
2021-09-03 07:00:00,27.8,86,251.0,0.73,0.0,91
2021-09-03 08:00:00,28.6,87,418.0,0.91,0.2,89
2021-09-03 09:00:00,29.6,86,630.0,1.2,0.3,99
2021-09-03 10:00:00,30.6,78,721.0,1.64,0.1,86
2021-09-03 11:00:00,31.3,78,798.0,1.44,0.1,92
2021-09-03 12:00:00,31.4,78,737.0,1.25,0.0,57
2021-09-03 13:00:00,31.5,76,623.0,1.33,0.0,77
2021-09-03 14:00:00,31.6,74,570.0,2.0,0.0,73
2021-09-03 15:00:00,31.4,70,414.0,2.3,0.1,83
2021-09-03 16:00:00,30.7,73,235.0,1.8,0.0,87
2021-09-03 17:00:00,29.4,82,70.0,2.02,0.0,94
2021-09-03 18:00:00,28.3,87,1.0,1.42,0.0,80
2021-09-03 19:00:00,27.8,91,0.0,1.28,0.0,83
2021-09-03 20:00:00,27.5,92,0.0,1.25,0.0,90
2021-09-03 21:00:00,27.5,91,0.0,1.36,0.0,89
2021-09-03 22:00:00,27.4,90,0.0,1.39,0.0,72
2021-09-03 23:00:00,26.8,92,0.0,1.44,0.0,69
2021-09-04 00:00:00,26.7,93,0.0,1.35,0.0,73
2021-09-04 01:00:00,26.7,92,0.0,1.3,0.0,82
2021-09-04 02:00:00,26.6,93,0.0,1.25,0.0,75
2021-09-04 03:00:00,26.3,93,0.0,1.28,0.0,49
2021-09-04 04:00:00,26.1,93,0.0,1.3,0.0,54
2021-09-04 05:00:00,26.9,91,6.0,1.3,0.0,38
2021-09-04 06:00:00,28.2,86,111.0,0.94,0.2,78
2021-09-04 07:00:00,29.1,79,273.0,1.43,0.3,74
2021-09-04 08:00:00,29.8,78,435.0,1.6,0.1,69
2021-09-04 09:00:00,30.5,78,568.0,1.81,0.0,19
2021-09-04 10:00:00,31.3,76,727.0,1.6,0.0,77
2021-09-04 11:00:00,31.9,72,785.0,1.61,0.0,55
2021-09-04 12:00:00,32.5,67,799.0,1.8,0.0,72
2021-09-04 13:00:00,32.6,66,698.0,2.1,0.0,63
2021-09-04 14:00:00,32.3,67,568.0,2.5,0.0,64
2021-09-04 15:00:00,31.8,69,396.0,2.4,0.1,88
2021-09-04 16:00:00,31.6,72,260.0,1.61,0.0,94
2021-09-04 17:00:00,29.7,81,70.0,0.94,0.0,94
2021-09-04 18:00:00,29.1,86,0.0,1.0,0.1,98
2021-09-04 19:00:00,28.4,91,0.0,1.43,0.0,92
2021-09-04 20:00:00,28.1,92,0.0,1.34,0.0,97
2021-09-04 21:00:00,27.8,94,0.0,1.08,0.0,91
2021-09-04 22:00:00,27.6,95,0.0,0.92,0.0,84
2021-09-04 23:00:00,27.4,97,0.0,0.94,0.0,90
2021-09-05 00:00:00,27.3,95,0.0,0.82,0.7,98
2021-09-05 01:00:00,27.4,94,0.0,0.81,0.3,98
2021-09-05 02:00:00,27.7,88,0.0,0.3,0.3,97
2021-09-05 03:00:00,27.4,92,0.0,0.32,0.0,91
2021-09-05 04:00:00,26.9,96,0.0,0.54,0.1,94
2021-09-05 05:00:00,27.1,94,4.0,0.32,0.2,98
2021-09-05 06:00:00,27.7,92,86.0,0.51,0.7,96
2021-09-05 07:00:00,28.4,87,240.0,1.4,1.4,96
2021-09-05 08:00:00,29.2,83,395.0,1.43,0.7,92
2021-09-05 09:00:00,30.3,80,597.0,1.39,0.1,88
2021-09-05 10:00:00,30.9,80,662.0,1.71,0.2,83
2021-09-05 11:00:00,30.3,81,680.0,2.13,1.3,91
2021-09-05 12:00:00,30.4,79,663.0,0.61,0.3,90
2021-09-05 13:00:00,31.4,73,639.0,0.45,0.0,91
2021-09-05 14:00:00,32.3,67,603.0,0.2,0.0,91
2021-09-05 15:00:00,32.1,68,417.0,1.63,0.0,89
2021-09-05 16:00:00,31.2,76,226.0,1.84,0.1,92
2021-09-05 17:00:00,31.1,84,69.0,0.78,0.0,97
2021-09-05 18:00:00,29.9,89,0.0,1.14,0.0,87
2021-09-05 19:00:00,29.0,95,0.0,1.06,0.0,91
2021-09-05 20:00:00,28.7,96,0.0,1.08,0.0,96
2021-09-05 21:00:00,28.8,94,0.0,1.26,0.0,97
2021-09-05 22:00:00,28.7,92,0.0,1.5,0.0,99
2021-09-05 23:00:00,28.7,91,0.0,1.51,0.0,99
2021-09-06 00:00:00,28.2,93,0.0,1.41,0.0,94
2021-09-06 01:00:00,28.0,95,0.0,1.36,0.0,98
2021-09-06 02:00:00,27.8,96,0.0,2.06,0.0,94
2021-09-06 03:00:00,27.6,97,0.0,1.7,0.0,93
2021-09-06 04:00:00,27.6,97,0.0,1.53,0.1,95
2021-09-06 05:00:00,27.8,94,5.0,1.93,0.0,92
2021-09-06 06:00:00,28.5,90,105.0,0.61,0.1,55
2021-09-06 07:00:00,29.3,86,259.0,1.03,0.3,86
2021-09-06 08:00:00,29.9,84,388.0,2.42,0.2,94
2021-09-06 09:00:00,31.2,79,616.0,3.2,0.2,97
2021-09-06 10:00:00,31.5,76,578.0,3.67,0.2,98
2021-09-06 11:00:00,32.1,72,768.0,3.24,0.1,98
2021-09-06 12:00:00,32.9,68,727.0,2.53,0.0,97
2021-09-06 13:00:00,33.1,68,686.0,2.38,0.0,83
2021-09-06 14:00:00,31.7,73,534.0,2.36,2.7,80
2021-09-06 15:00:00,31.4,74,344.0,0.32,0.0,90
2021-09-06 16:00:00,30.3,81,143.0,1.39,0.0,79
2021-09-06 17:00:00,30.6,84,52.0,0.82,0.0,86
2021-09-06 18:00:00,29.4,92,0.0,1.8,0.0,98
2021-09-06 19:00:00,27.6,93,0.0,4.12,0.0,96
2021-09-06 20:00:00,27.1,94,0.0,2.38,0.0,89
2021-09-06 21:00:00,27.2,95,0.0,0.86,0.0,93
2021-09-06 22:00:00,27.2,98,0.0,0.58,0.1,96
2021-09-06 23:00:00,27.2,98,0.0,0.45,0.1,95
2021-09-07 00:00:00,27.0,99,0.0,2.82,0.2,100
2021-09-07 01:00:00,26.6,97,0.0,3.04,0.5,100
2021-09-07 02:00:00,26.2,97,0.0,2.25,0.3,100
2021-09-07 03:00:00,26.3,95,0.0,0.94,3.4,100
2021-09-07 04:00:00,25.9,95,0.0,0.36,8.2,100
2021-09-07 05:00:00,25.5,95,2.0,1.48,8.8,100
2021-09-07 06:00:00,25.4,97,11.0,1.06,5.1,100
2021-09-07 07:00:00,25.6,93,24.0,0.73,9.0,100
2021-09-07 08:00:00,25.7,95,25.0,0.99,15.8,100
2021-09-07 09:00:00,25.8,92,34.0,1.77,15.6,100
2021-09-07 10:00:00,25.9,92,50.0,1.62,8.4,100
2021-09-07 11:00:00,25.9,93,67.0,1.81,4.6,100
2021-09-07 12:00:00,26.5,90,189.0,1.7,1.8,100
2021-09-07 13:00:00,27.5,85,371.0,0.92,0.8,100
2021-09-07 14:00:00,28.3,80,365.0,1.4,0.2,100
2021-09-07 15:00:00,28.2,80,204.0,1.14,0.0,100
2021-09-07 16:00:00,28.1,81,166.0,0.91,0.0,95
2021-09-07 17:00:00,27.8,85,39.0,0.61,0.0,99
2021-09-07 18:00:00,26.7,91,0.0,0.85,0.0,37
2021-09-07 19:00:00,26.3,96,0.0,0.86,0.0,38
2021-09-07 20:00:00,26.8,92,0.0,0.32,0.1,64
2021-09-07 21:00:00,26.0,97,0.0,0.85,0.1,97
2021-09-07 22:00:00,26.0,96,0.0,1.17,0.0,100
2021-09-07 23:00:00,26.7,92,0.0,0.63,0.0,98
2021-09-08 00:00:00,25.9,98,0.0,0.71,0.0,89
2021-09-08 01:00:00,25.6,99,0.0,0.76,0.0,44
2021-09-08 02:00:00,25.6,98,0.0,0.7,0.0,32
2021-09-08 03:00:00,25.2,99,0.0,0.91,0.0,32
2021-09-08 04:00:00,25.9,97,0.0,0.51,0.0,41
2021-09-08 05:00:00,25.7,99,5.0,0.51,0.0,24
2021-09-08 06:00:00,26.9,89,103.0,0.3,0.0,66
2021-09-08 07:00:00,27.8,85,267.0,0.64,0.0,82
2021-09-08 08:00:00,28.8,80,462.0,0.73,0.0,59
2021-09-08 09:00:00,29.8,75,638.0,1.04,0.1,66
2021-09-08 10:00:00,30.0,74,538.0,1.63,0.1,92
2021-09-08 11:00:00,30.1,74,457.0,1.4,0.2,71
2021-09-08 12:00:00,30.5,73,614.0,2.0,0.1,78
2021-09-08 13:00:00,31.0,69,666.0,1.2,0.0,72
2021-09-08 14:00:00,31.1,68,570.0,1.14,0.0,50
2021-09-08 15:00:00,30.9,69,433.0,0.99,0.1,43
2021-09-08 16:00:00,30.4,72,237.0,0.63,0.0,42
2021-09-08 17:00:00,30.3,72,62.0,0.36,0.3,51
2021-09-08 18:00:00,29.8,78,0.0,0.57,0.0,50
2021-09-08 19:00:00,28.7,87,0.0,1.0,0.0,48
2021-09-08 20:00:00,27.6,94,0.0,1.22,0.0,45
2021-09-08 21:00:00,27.4,94,0.0,1.32,0.0,96
2021-09-08 22:00:00,27.0,96,0.0,1.2,0.0,98
2021-09-08 23:00:00,26.9,97,0.0,0.99,0.0,89
2021-09-09 00:00:00,27.2,97,0.0,0.1,0.0,76
2021-09-09 01:00:00,26.3,99,0.0,0.98,0.0,80
2021-09-09 02:00:00,25.9,98,0.0,1.1,0.0,96
2021-09-09 03:00:00,25.9,98,0.0,1.12,0.0,96
2021-09-09 04:00:00,26.0,97,0.0,1.04,0.0,96
2021-09-09 05:00:00,26.7,98,4.0,0.22,0.0,96
2021-09-09 06:00:00,27.2,94,45.0,0.41,0.2,87
2021-09-09 07:00:00,28.2,83,215.0,0.95,0.1,76
2021-09-09 08:00:00,29.0,79,406.0,1.81,0.0,69
2021-09-09 09:00:00,29.9,76,584.0,1.75,0.1,61
2021-09-09 10:00:00,30.3,76,656.0,2.11,0.2,47
2021-09-09 11:00:00,30.8,75,707.0,1.97,0.1,46
2021-09-09 12:00:00,31.5,73,762.0,1.98,0.0,44
2021-09-09 13:00:00,31.7,75,701.0,2.19,0.1,41
2021-09-09 14:00:00,31.7,72,534.0,2.13,0.1,61
2021-09-09 15:00:00,31.5,70,356.0,2.34,0.0,91
2021-09-09 16:00:00,30.9,75,189.0,1.7,0.0,98
2021-09-09 17:00:00,29.8,86,47.0,1.3,0.0,100
2021-09-09 18:00:00,29.9,83,0.0,0.73,0.0,67
2021-09-09 19:00:00,29.3,89,0.0,0.54,0.0,73
2021-09-09 20:00:00,28.5,94,0.0,0.82,0.0,76
2021-09-09 21:00:00,27.4,98,0.0,1.32,0.0,69
2021-09-09 22:00:00,27.1,99,0.0,1.17,0.0,59
2021-09-09 23:00:00,27.2,99,0.0,1.26,0.0,55
2021-09-10 00:00:00,26.9,97,0.0,1.3,0.0,34
2021-09-10 01:00:00,26.8,96,0.0,1.26,0.0,21
2021-09-10 02:00:00,26.6,95,0.0,1.24,0.0,29
2021-09-10 03:00:00,26.5,95,0.0,1.3,0.0,38
2021-09-10 04:00:00,26.5,95,0.0,1.84,0.0,31
2021-09-10 05:00:00,26.7,96,4.0,2.62,0.0,42
2021-09-10 06:00:00,28.0,89,104.0,2.61,0.0,30
2021-09-10 07:00:00,29.2,84,271.0,2.93,0.0,32
2021-09-10 08:00:00,30.6,78,445.0,3.35,0.0,18
2021-09-10 09:00:00,31.9,71,653.0,4.02,0.0,3
2021-09-10 10:00:00,32.9,67,820.0,4.63,0.0,1
2021-09-10 11:00:00,33.8,64,887.0,4.85,0.0,1
2021-09-10 12:00:00,34.2,64,878.0,4.88,0.0,2
2021-09-10 13:00:00,33.8,66,746.0,4.67,0.0,8
2021-09-10 14:00:00,33.7,65,633.0,4.4,0.0,11
2021-09-10 15:00:00,33.4,67,448.0,4.23,0.0,12
2021-09-10 16:00:00,32.4,73,244.0,3.86,0.0,21
2021-09-10 17:00:00,31.0,72,63.0,3.34,0.0,27
2021-09-10 18:00:00,30.2,75,0.0,2.86,0.0,52
2021-09-10 19:00:00,29.7,78,0.0,2.42,0.0,71
2021-09-10 20:00:00,29.2,82,0.0,1.91,0.0,71
2021-09-10 21:00:00,28.6,85,0.0,1.82,0.0,68
2021-09-10 22:00:00,28.4,86,0.0,1.71,0.0,69
2021-09-10 23:00:00,28.2,87,0.0,1.5,0.0,61
2021-09-11 00:00:00,28.0,89,0.0,1.43,0.0,48
2021-09-11 01:00:00,27.7,93,0.0,1.36,0.0,42
2021-09-11 02:00:00,27.4,95,0.0,1.33,0.0,28
2021-09-11 03:00:00,27.2,97,0.0,1.24,0.0,35
2021-09-11 04:00:00,27.0,98,0.0,1.17,0.0,39
2021-09-11 05:00:00,27.4,94,4.0,2.24,0.0,92
2021-09-11 06:00:00,27.4,94,67.0,1.75,3.1,100
2021-09-11 07:00:00,27.7,93,66.0,2.75,0.8,98
2021-09-11 08:00:00,28.6,90,169.0,2.01,0.0,92
2021-09-11 09:00:00,30.4,83,517.0,1.79,0.0,98
2021-09-11 10:00:00,32.1,78,717.0,3.07,0.2,92
2021-09-11 11:00:00,32.6,76,720.0,3.3,0.3,87
2021-09-11 12:00:00,32.8,70,644.0,3.31,0.5,79
2021-09-11 13:00:00,33.2,68,666.0,2.82,0.0,94
2021-09-11 14:00:00,33.5,65,599.0,2.61,0.0,98
2021-09-11 15:00:00,33.4,66,384.0,2.12,0.0,98
2021-09-11 16:00:00,32.6,74,214.0,1.5,0.0,98
2021-09-11 17:00:00,31.3,79,55.0,0.3,0.0,98
2021-09-11 18:00:00,30.4,87,0.0,0.4,0.0,93
2021-09-11 19:00:00,29.2,96,0.0,0.92,0.0,93
2021-09-11 20:00:00,29.2,96,0.0,1.22,0.0,93
2021-09-11 21:00:00,28.7,96,0.0,1.14,0.0,90
2021-09-11 22:00:00,28.4,97,0.0,1.08,0.0,86
2021-09-11 23:00:00,28.0,97,0.0,1.36,0.0,80
2021-09-12 00:00:00,27.9,97,0.0,1.33,0.0,73
2021-09-12 01:00:00,28.6,95,0.0,1.0,0.0,44
2021-09-12 02:00:00,28.4,97,0.0,0.54,0.0,16
2021-09-12 03:00:00,27.9,99,0.0,0.14,0.0,10
2021-09-12 04:00:00,26.7,100,0.0,0.58,0.0,99
2021-09-12 05:00:00,27.4,97,4.0,1.2,0.0,22
2021-09-12 06:00:00,29.0,84,109.0,1.13,0.0,38
2021-09-12 07:00:00,30.6,71,303.0,1.7,0.0,25
2021-09-12 08:00:00,31.4,74,516.0,2.5,0.0,42
2021-09-12 09:00:00,32.8,71,709.0,3.1,0.0,48
2021-09-12 10:00:00,33.9,64,812.0,3.81,0.0,20
2021-09-12 11:00:00,34.2,62,785.0,4.2,0.0,18
2021-09-12 12:00:00,34.4,62,761.0,4.27,0.0,15
2021-09-12 13:00:00,34.5,62,726.0,4.29,0.0,8
2021-09-12 14:00:00,34.4,63,608.0,4.08,0.0,14
2021-09-12 15:00:00,34.0,65,439.0,3.64,0.0,19
2021-09-12 16:00:00,33.0,72,218.0,2.64,0.0,23
2021-09-12 17:00:00,31.5,82,52.0,1.17,0.1,39
2021-09-12 18:00:00,29.8,89,0.0,2.42,0.0,74
2021-09-12 19:00:00,29.1,87,0.0,2.34,0.0,81
2021-09-12 20:00:00,29.0,89,0.0,1.56,0.0,69
2021-09-12 21:00:00,28.8,94,0.0,1.5,0.0,63
2021-09-12 22:00:00,29.6,87,0.0,0.3,0.0,61
2021-09-12 23:00:00,29.3,90,0.0,0.36,0.0,62
2021-09-13 00:00:00,28.3,97,0.0,0.64,0.2,54
2021-09-13 01:00:00,28.1,97,0.0,0.51,0.0,48
2021-09-13 02:00:00,27.6,99,0.0,0.91,0.0,40
2021-09-13 03:00:00,27.7,98,0.0,1.71,0.0,49
2021-09-13 04:00:00,27.2,98,0.0,0.85,0.0,51
2021-09-13 05:00:00,27.6,97,4.0,1.26,0.0,58
2021-09-13 06:00:00,28.2,93,94.0,1.2,0.0,81
2021-09-13 07:00:00,29.4,87,309.0,0.94,0.0,84
2021-09-13 08:00:00,31.0,79,467.0,1.24,0.0,84
2021-09-13 09:00:00,31.9,73,545.0,1.79,0.1,79
2021-09-13 10:00:00,33.2,64,702.0,2.33,0.0,79
2021-09-13 11:00:00,34.3,60,854.0,3.47,0.0,65
2021-09-13 12:00:00,33.8,63,747.0,4.11,0.2,70
2021-09-13 13:00:00,33.4,66,541.0,3.45,0.1,85
2021-09-13 14:00:00,33.7,66,533.0,3.2,0.0,91
2021-09-13 15:00:00,33.9,65,393.0,2.53,0.0,92
2021-09-13 16:00:00,33.2,74,212.0,1.13,0.0,91
2021-09-13 17:00:00,31.8,73,46.0,2.16,0.2,88
2021-09-13 18:00:00,31.0,78,0.0,1.89,0.0,41
2021-09-13 19:00:00,30.2,82,0.0,1.6,0.0,37
2021-09-13 20:00:00,29.6,85,0.0,1.48,0.0,43
2021-09-13 21:00:00,29.2,85,0.0,1.58,0.0,46
2021-09-13 22:00:00,28.8,85,0.0,1.65,0.0,28
2021-09-13 23:00:00,28.5,85,0.0,1.92,0.0,2
2021-09-14 00:00:00,28.2,83,0.0,1.75,0.0,5
2021-09-14 01:00:00,28.0,81,0.0,1.66,0.0,10
2021-09-14 02:00:00,27.9,82,0.0,1.36,0.0,2
2021-09-14 03:00:00,27.6,87,0.0,1.79,0.0,15
2021-09-14 04:00:00,27.3,92,0.0,1.84,0.0,55
2021-09-14 05:00:00,27.7,93,4.0,1.51,0.0,70
2021-09-14 06:00:00,28.5,90,95.0,0.51,0.0,65
2021-09-14 07:00:00,29.8,79,255.0,1.02,0.0,86
2021-09-14 08:00:00,30.9,70,400.0,1.21,0.0,94
2021-09-14 09:00:00,32.2,64,602.0,0.36,0.0,92
2021-09-14 10:00:00,33.4,61,728.0,1.21,0.0,94
2021-09-14 11:00:00,33.7,62,775.0,1.24,0.0,91
2021-09-14 12:00:00,33.6,64,740.0,1.46,0.0,88
2021-09-14 13:00:00,31.7,73,604.0,2.3,1.5,94
2021-09-14 14:00:00,31.1,77,346.0,2.19,0.0,100
2021-09-14 15:00:00,31.1,76,266.0,2.6,0.0,99
2021-09-14 16:00:00,30.4,79,126.0,2.85,0.0,99
2021-09-14 17:00:00,29.6,84,38.0,1.75,0.0,98
2021-09-14 18:00:00,29.0,88,0.0,1.08,0.0,100
2021-09-14 19:00:00,28.8,87,0.0,1.43,0.0,99
2021-09-14 20:00:00,28.7,85,0.0,1.84,0.0,95
2021-09-14 21:00:00,28.5,84,0.0,1.66,0.0,96
2021-09-14 22:00:00,28.2,86,0.0,1.34,0.0,96
2021-09-14 23:00:00,27.8,88,0.0,1.3,0.0,95
2021-09-15 00:00:00,27.5,90,0.0,1.41,0.0,92
2021-09-15 01:00:00,27.2,92,0.0,1.33,0.0,90
2021-09-15 02:00:00,27.4,91,0.0,1.2,0.0,91
2021-09-15 03:00:00,27.4,94,0.0,1.32,0.0,89
2021-09-15 04:00:00,27.3,96,0.0,1.34,0.0,12
2021-09-15 05:00:00,28.0,92,4.0,1.87,0.0,28
2021-09-15 06:00:00,28.6,88,97.0,2.3,0.0,36
2021-09-15 07:00:00,29.3,83,284.0,2.21,0.0,26
2021-09-15 08:00:00,30.2,79,487.0,1.61,0.0,22
2021-09-15 09:00:00,31.1,74,638.0,1.14,0.0,58
2021-09-15 10:00:00,32.1,70,748.0,1.7,0.0,32
2021-09-15 11:00:00,32.8,68,810.0,2.26,0.0,26
2021-09-15 12:00:00,33.3,67,799.0,2.47,0.0,29
2021-09-15 13:00:00,33.0,67,668.0,1.61,0.0,48
2021-09-15 14:00:00,33.1,66,532.0,1.2,0.0,26
2021-09-15 15:00:00,32.7,66,377.0,1.3,0.0,34
2021-09-15 16:00:00,30.9,77,177.0,2.52,0.1,34
2021-09-15 17:00:00,29.1,87,46.0,1.73,0.0,40
2021-09-15 18:00:00,28.5,89,0.0,1.2,0.3,89
2021-09-15 19:00:00,28.1,92,0.0,1.8,0.8,82
2021-09-15 20:00:00,27.7,89,0.0,3.24,0.0,86
2021-09-15 21:00:00,27.3,88,0.0,2.28,0.0,88
2021-09-15 22:00:00,27.1,89,0.0,1.3,0.0,99
2021-09-15 23:00:00,26.7,93,0.0,1.2,0.0,99
2021-09-16 00:00:00,27.3,89,0.0,0.92,0.0,99
2021-09-16 01:00:00,27.2,90,0.0,0.4,2.8,78
2021-09-16 02:00:00,26.7,96,0.0,0.7,0.0,91
2021-09-16 03:00:00,26.6,97,0.0,1.08,0.0,85
2021-09-16 04:00:00,26.6,94,0.0,1.75,0.0,95
2021-09-16 05:00:00,27.4,94,3.0,0.95,0.0,99
2021-09-16 06:00:00,28.0,92,68.0,0.51,0.1,80
2021-09-16 07:00:00,29.1,81,216.0,0.73,0.2,97
2021-09-16 08:00:00,28.3,85,293.0,1.2,3.5,98
2021-09-16 09:00:00,28.8,84,213.0,0.95,0.0,99
2021-09-16 10:00:00,30.4,81,532.0,1.75,0.3,98
2021-09-16 11:00:00,30.4,82,556.0,2.4,1.8,96
2021-09-16 12:00:00,30.5,80,481.0,1.98,1.0,100
2021-09-16 13:00:00,29.2,82,271.0,2.06,1.9,100
2021-09-16 14:00:00,28.9,82,193.0,2.06,0.8,100
2021-09-16 15:00:00,28.3,89,150.0,0.4,0.7,100
2021-09-16 16:00:00,28.0,86,86.0,0.95,1.4,100
2021-09-16 17:00:00,26.9,92,15.0,1.92,3.5,100
2021-09-16 18:00:00,26.3,95,0.0,2.72,1.8,98
2021-09-16 19:00:00,26.0,97,0.0,2.32,7.7,99
2021-09-16 20:00:00,26.1,95,0.0,1.3,2.8,100
2021-09-16 21:00:00,26.4,95,0.0,0.85,1.0,100
2021-09-16 22:00:00,26.3,96,0.0,0.4,0.8,99
2021-09-16 23:00:00,26.1,96,0.0,0.61,8.2,95
2021-09-17 00:00:00,25.9,98,0.0,1.36,0.4,100
2021-09-17 01:00:00,25.7,99,0.0,1.7,3.4,100
2021-09-17 02:00:00,25.5,99,0.0,1.12,5.7,100
2021-09-17 03:00:00,25.6,97,0.0,1.66,1.8,99
2021-09-17 04:00:00,25.6,96,0.0,1.49,0.1,99
2021-09-17 05:00:00,25.6,93,2.0,0.85,0.1,100
2021-09-17 06:00:00,25.9,92,68.0,1.2,0.0,98
2021-09-17 07:00:00,26.9,87,217.0,1.3,0.0,96
2021-09-17 08:00:00,27.8,82,311.0,1.3,0.0,97
2021-09-17 09:00:00,29.2,77,492.0,1.3,0.0,99
2021-09-17 10:00:00,29.8,73,663.0,0.85,0.2,99
2021-09-17 11:00:00,30.1,71,545.0,1.28,0.2,98
2021-09-17 12:00:00,30.1,72,569.0,1.64,0.2,95
2021-09-17 13:00:00,30.2,75,471.0,1.56,0.0,97
2021-09-17 14:00:00,29.2,80,367.0,1.8,0.6,96
2021-09-17 15:00:00,29.4,79,326.0,1.7,0.1,95
2021-09-17 16:00:00,28.8,80,118.0,1.84,0.2,96
2021-09-17 17:00:00,27.5,89,29.0,1.7,0.0,94
2021-09-17 18:00:00,27.0,92,0.0,1.35,0.1,100
2021-09-17 19:00:00,26.9,93,0.0,0.51,0.2,97
2021-09-17 20:00:00,26.7,94,0.0,0.32,0.1,95
2021-09-17 21:00:00,26.8,92,0.0,0.94,0.0,93
2021-09-17 22:00:00,26.1,95,0.0,1.12,1.1,82
2021-09-17 23:00:00,25.8,96,0.0,0.41,1.3,89
2021-09-18 00:00:00,25.6,95,0.0,0.36,1.1,94
2021-09-18 01:00:00,25.7,95,0.0,0.32,0.2,98
2021-09-18 02:00:00,25.5,97,0.0,0.45,0.1,97
2021-09-18 03:00:00,25.4,97,0.0,0.58,0.1,100
2021-09-18 04:00:00,25.5,96,0.0,0.95,0.1,99
2021-09-18 05:00:00,25.8,95,1.0,1.21,0.1,98
2021-09-18 06:00:00,26.0,93,39.0,0.81,0.1,95
2021-09-18 07:00:00,26.7,90,123.0,0.4,0.2,93
2021-09-18 08:00:00,27.5,86,254.0,0.99,0.4,87
2021-09-18 09:00:00,28.3,83,374.0,1.64,0.3,53
2021-09-18 10:00:00,29.2,79,519.0,1.35,0.2,70
2021-09-18 11:00:00,29.6,78,540.0,1.17,0.3,73
2021-09-18 12:00:00,29.8,76,463.0,0.1,0.3,85
2021-09-18 13:00:00,29.0,78,329.0,1.56,1.7,80
2021-09-18 14:00:00,28.3,82,301.0,0.95,2.2,70
2021-09-18 15:00:00,28.7,78,298.0,0.63,0.5,72
2021-09-18 16:00:00,28.4,80,137.0,0.28,0.1,56
2021-09-18 17:00:00,27.8,81,32.0,0.2,0.1,42
2021-09-18 18:00:00,27.0,91,0.0,0.61,0.0,44
2021-09-18 19:00:00,26.6,93,0.0,1.08,0.0,42
2021-09-18 20:00:00,26.3,96,0.0,0.86,0.0,37
2021-09-18 21:00:00,26.4,97,0.0,0.91,0.0,33
2021-09-18 22:00:00,26.1,98,0.0,0.63,0.1,34
2021-09-18 23:00:00,25.9,99,0.0,0.73,0.0,21
2021-09-19 00:00:00,25.7,99,0.0,0.71,0.0,13
2021-09-19 01:00:00,25.5,99,0.0,0.94,0.0,14
2021-09-19 02:00:00,25.4,97,0.0,0.89,0.0,22
2021-09-19 03:00:00,25.3,97,0.0,0.89,0.0,17
2021-09-19 04:00:00,25.6,96,0.0,0.61,0.0,16
2021-09-19 05:00:00,25.7,96,3.0,1.17,0.0,26
2021-09-19 06:00:00,26.5,91,92.0,1.24,0.1,37
2021-09-19 07:00:00,27.3,90,253.0,1.43,0.1,47
2021-09-19 08:00:00,28.2,88,421.0,1.36,0.1,30
2021-09-19 09:00:00,29.2,86,617.0,1.49,0.1,90
2021-09-19 10:00:00,29.8,84,657.0,1.56,0.1,99
2021-09-19 11:00:00,30.8,80,786.0,1.5,0.1,54
2021-09-19 12:00:00,31.1,79,708.0,0.58,0.1,55
2021-09-19 13:00:00,31.3,78,617.0,1.42,0.1,47
2021-09-19 14:00:00,30.1,79,489.0,1.55,3.3,52
2021-09-19 15:00:00,30.2,77,352.0,0.57,0.4,46
2021-09-19 16:00:00,29.9,78,162.0,0.85,0.1,60
2021-09-19 17:00:00,28.7,84,30.0,1.66,0.1,52
2021-09-19 18:00:00,28.0,88,0.0,1.84,0.0,18
2021-09-19 19:00:00,27.4,91,0.0,1.43,0.0,20
2021-09-19 20:00:00,27.1,92,0.0,1.2,0.0,14
2021-09-19 21:00:00,26.7,93,0.0,1.48,0.0,19
2021-09-19 22:00:00,26.5,94,0.0,1.3,0.0,18
2021-09-19 23:00:00,26.3,95,0.0,1.17,0.0,25
2021-09-20 00:00:00,26.6,93,0.0,0.57,0.1,47
2021-09-20 01:00:00,26.1,95,0.0,0.86,0.1,42
2021-09-20 02:00:00,25.9,94,0.0,0.8,0.1,35
2021-09-20 03:00:00,25.7,95,0.0,0.89,0.1,31
2021-09-20 04:00:00,25.5,96,0.0,0.64,0.1,30
2021-09-20 05:00:00,26.0,94,2.0,1.62,0.1,32
2021-09-20 06:00:00,27.1,89,71.0,1.3,0.0,39
2021-09-20 07:00:00,28.0,84,228.0,1.36,0.0,34
2021-09-20 08:00:00,28.7,80,394.0,1.14,0.0,36
2021-09-20 09:00:00,29.5,80,556.0,1.3,0.0,24
2021-09-20 10:00:00,30.3,80,696.0,1.51,0.1,30
2021-09-20 11:00:00,31.0,77,781.0,1.57,0.1,22
2021-09-20 12:00:00,31.1,75,632.0,2.3,0.7,47
2021-09-20 13:00:00,30.3,76,480.0,1.7,0.8,43
2021-09-20 14:00:00,30.9,72,472.0,0.76,0.0,38
2021-09-20 15:00:00,31.0,71,365.0,0.91,0.1,58
2021-09-20 16:00:00,30.2,75,195.0,1.3,0.0,49
2021-09-20 17:00:00,29.2,82,35.0,1.98,0.0,32
2021-09-20 18:00:00,28.4,87,0.0,1.58,0.0,19
2021-09-20 19:00:00,27.6,91,0.0,1.32,0.0,15
2021-09-20 20:00:00,27.3,93,0.0,1.24,0.0,19
2021-09-20 21:00:00,27.1,93,0.0,1.22,0.0,21
2021-09-20 22:00:00,26.9,93,0.0,1.14,0.0,25
2021-09-20 23:00:00,26.7,92,0.0,1.12,0.5,44
2021-09-21 00:00:00,26.7,92,0.0,0.71,1.5,56
2021-09-21 01:00:00,26.8,89,0.0,1.14,0.0,49
2021-09-21 02:00:00,25.8,95,0.0,1.08,0.0,55
2021-09-21 03:00:00,25.4,97,0.0,1.39,0.7,69
2021-09-21 04:00:00,25.1,97,0.0,1.55,0.3,54
2021-09-21 05:00:00,26.1,94,2.0,0.5,1.3,62
2021-09-21 06:00:00,27.3,87,88.0,0.3,0.0,36
2021-09-21 07:00:00,28.8,78,264.0,0.3,0.0,29
2021-09-21 08:00:00,29.7,75,428.0,0.64,0.0,23
2021-09-21 09:00:00,30.2,76,570.0,1.08,0.2,32
2021-09-21 10:00:00,30.1,79,689.0,1.12,0.3,25
2021-09-21 11:00:00,30.9,72,629.0,1.17,0.1,33
2021-09-21 12:00:00,30.2,72,627.0,1.63,4.0,87
2021-09-21 13:00:00,29.2,79,508.0,2.0,2.6,89
2021-09-21 14:00:00,28.7,81,329.0,0.45,2.3,93
2021-09-21 15:00:00,28.8,82,226.0,0.86,0.0,93
2021-09-21 16:00:00,28.2,83,139.0,1.58,0.6,83
2021-09-21 17:00:00,27.8,86,33.0,0.72,0.0,63
2021-09-21 18:00:00,26.8,92,0.0,0.4,2.1,75
2021-09-21 19:00:00,26.3,91,0.0,0.0,1.5,75
2021-09-21 20:00:00,26.1,93,0.0,0.76,0.1,81
2021-09-21 21:00:00,25.8,95,0.0,0.1,1.3,88
2021-09-21 22:00:00,25.5,94,0.0,0.45,1.3,84
2021-09-21 23:00:00,25.3,96,0.0,0.3,0.9,75
2021-09-22 00:00:00,25.1,96,0.0,0.63,0.4,60
2021-09-22 01:00:00,24.9,98,0.0,1.43,0.1,76
2021-09-22 02:00:00,24.5,99,0.0,0.64,0.0,71
2021-09-22 03:00:00,24.4,98,0.0,0.64,0.0,70
2021-09-22 04:00:00,24.6,98,0.0,0.41,0.0,65
2021-09-22 05:00:00,24.7,96,2.0,1.91,0.0,70
2021-09-22 06:00:00,25.6,91,61.0,1.36,0.2,54
2021-09-22 07:00:00,26.5,87,216.0,1.41,0.1,51
2021-09-22 08:00:00,27.3,85,349.0,0.98,0.1,52
2021-09-22 09:00:00,28.2,83,485.0,1.28,0.1,47
2021-09-22 10:00:00,29.2,82,572.0,1.43,0.1,94
2021-09-22 11:00:00,29.9,83,678.0,2.0,0.2,100
2021-09-22 12:00:00,29.8,77,482.0,2.08,0.4,97
2021-09-22 13:00:00,29.2,80,454.0,2.57,4.6,61
2021-09-22 14:00:00,28.5,82,431.0,2.45,2.0,25
2021-09-22 15:00:00,28.0,83,193.0,1.6,0.1,59
2021-09-22 16:00:00,28.2,83,150.0,1.21,0.1,54
2021-09-22 17:00:00,27.5,86,32.0,0.92,0.0,49
2021-09-22 18:00:00,27.7,85,0.0,0.78,0.0,33
2021-09-22 19:00:00,27.5,88,0.0,0.64,0.0,27
2021-09-22 20:00:00,26.2,96,0.0,1.13,0.0,26
2021-09-22 21:00:00,26.0,97,0.0,1.41,0.0,28
2021-09-22 22:00:00,26.0,97,0.0,1.14,0.0,25
2021-09-22 23:00:00,25.8,97,0.0,1.02,0.0,23
2021-09-23 00:00:00,25.6,98,0.0,1.02,0.0,30
2021-09-23 01:00:00,25.6,99,0.0,1.0,0.0,43
2021-09-23 02:00:00,25.6,98,0.0,1.22,0.0,74
2021-09-23 03:00:00,25.6,97,0.0,1.32,0.0,29
2021-09-23 04:00:00,25.3,98,0.0,1.1,0.0,11
2021-09-23 05:00:00,26.0,95,2.0,2.31,0.0,13
2021-09-23 06:00:00,26.8,89,66.0,2.02,0.0,93
2021-09-23 07:00:00,27.2,87,118.0,1.8,0.0,80
2021-09-23 08:00:00,28.1,83,256.0,1.3,0.0,90
2021-09-23 09:00:00,28.9,80,323.0,1.14,0.0,99
2021-09-23 10:00:00,29.2,79,272.0,1.14,0.0,100
2021-09-23 11:00:00,29.6,77,252.0,0.72,0.0,96
2021-09-23 12:00:00,30.4,74,470.0,0.63,0.0,39
2021-09-23 13:00:00,31.1,70,625.0,1.14,0.0,25
2021-09-23 14:00:00,31.2,70,591.0,1.39,0.0,13
2021-09-23 15:00:00,30.8,71,407.0,1.52,0.0,14
2021-09-23 16:00:00,30.2,77,199.0,1.0,0.0,14
2021-09-23 17:00:00,29.7,82,33.0,1.17,0.0,22
2021-09-23 18:00:00,28.9,88,0.0,1.06,0.0,37
2021-09-23 19:00:00,28.3,93,0.0,1.0,0.0,58
2021-09-23 20:00:00,27.9,94,0.0,0.95,0.0,58
2021-09-23 21:00:00,27.6,90,0.0,1.25,0.0,30
2021-09-23 22:00:00,27.1,90,0.0,1.32,0.0,23
2021-09-23 23:00:00,26.9,91,0.0,0.98,0.0,34
2021-09-24 00:00:00,26.3,95,0.0,0.5,0.0,38
2021-09-24 01:00:00,26.2,96,0.0,0.64,0.0,30
2021-09-24 02:00:00,26.0,97,0.0,0.78,0.0,22
2021-09-24 03:00:00,25.7,97,0.0,0.89,0.0,23
2021-09-24 04:00:00,25.6,98,0.0,1.02,0.0,30
2021-09-24 05:00:00,26.4,94,2.0,1.39,0.0,36
2021-09-24 06:00:00,26.9,93,48.0,1.32,2.0,97
2021-09-24 07:00:00,27.6,89,135.0,0.8,1.5,68
2021-09-24 08:00:00,28.9,82,378.0,1.2,0.4,64
2021-09-24 09:00:00,29.9,79,532.0,1.53,0.1,45
2021-09-24 10:00:00,30.9,76,723.0,1.75,0.2,27
2021-09-24 11:00:00,31.7,71,732.0,1.94,0.1,21
2021-09-24 12:00:00,32.1,69,737.0,2.37,0.0,21
2021-09-24 13:00:00,32.2,67,674.0,2.51,0.0,20
2021-09-24 14:00:00,32.1,67,544.0,2.51,0.0,15
2021-09-24 15:00:00,31.7,68,398.0,2.72,0.0,17
2021-09-24 16:00:00,30.8,75,197.0,2.04,0.0,25
2021-09-24 17:00:00,30.0,81,31.0,1.53,0.0,30
2021-09-24 18:00:00,29.3,85,0.0,1.43,0.0,40
2021-09-24 19:00:00,28.8,88,0.0,1.3,0.0,35
2021-09-24 20:00:00,28.6,89,0.0,1.5,0.0,38
2021-09-24 21:00:00,28.5,88,0.0,1.8,0.0,33
2021-09-24 22:00:00,28.0,90,0.0,1.65,0.0,32
2021-09-24 23:00:00,27.7,91,0.0,1.77,0.0,30
2021-09-25 00:00:00,27.4,93,0.0,1.63,0.0,23
2021-09-25 01:00:00,27.2,95,0.0,1.33,0.0,20
2021-09-25 02:00:00,27.0,97,0.0,1.51,0.0,30
2021-09-25 03:00:00,26.8,97,0.0,1.22,0.0,25
2021-09-25 04:00:00,26.4,97,0.0,0.89,0.0,35
2021-09-25 05:00:00,27.0,94,2.0,2.0,0.0,24
2021-09-25 06:00:00,27.9,89,80.0,2.02,0.0,36
2021-09-25 07:00:00,29.2,85,283.0,2.66,0.0,22
2021-09-25 08:00:00,30.6,77,467.0,3.23,0.0,16
2021-09-25 09:00:00,31.7,70,622.0,3.9,0.0,12
2021-09-25 10:00:00,32.4,68,738.0,4.2,0.0,12
2021-09-25 11:00:00,33.0,66,797.0,3.85,0.0,10
2021-09-25 12:00:00,33.3,65,810.0,3.44,0.0,7
2021-09-25 13:00:00,33.2,64,726.0,3.09,0.0,11
2021-09-25 14:00:00,33.0,65,556.0,3.0,0.0,13
2021-09-25 15:00:00,32.7,67,381.0,2.04,0.0,7
2021-09-25 16:00:00,31.8,77,194.0,0.89,0.0,8
2021-09-25 17:00:00,30.3,85,30.0,1.8,0.0,13
2021-09-25 18:00:00,29.3,89,0.0,0.86,0.0,19
2021-09-25 19:00:00,28.7,94,0.0,0.85,0.0,25
2021-09-25 20:00:00,28.2,98,0.0,1.13,0.0,32
2021-09-25 21:00:00,28.2,96,0.0,1.2,0.0,30
2021-09-25 22:00:00,27.9,96,0.0,1.22,0.0,26
2021-09-25 23:00:00,27.5,97,0.0,1.46,0.0,17
2021-09-26 00:00:00,27.3,98,0.0,0.98,0.0,9
2021-09-26 01:00:00,27.1,99,0.0,1.08,0.0,7
2021-09-26 02:00:00,26.9,100,0.0,1.33,0.0,92
2021-09-26 03:00:00,26.8,100,0.0,1.4,0.0,72
2021-09-26 04:00:00,26.6,100,0.0,1.22,0.0,54
2021-09-26 05:00:00,26.8,99,2.0,1.9,0.0,100
2021-09-26 06:00:00,28.1,91,91.0,1.91,0.0,17
2021-09-26 07:00:00,29.5,85,280.0,1.87,0.0,11
2021-09-26 08:00:00,31.0,78,489.0,2.28,0.0,5
2021-09-26 09:00:00,32.3,72,669.0,3.05,0.0,3
2021-09-26 10:00:00,33.2,66,788.0,3.42,0.0,4
2021-09-26 11:00:00,33.8,65,840.0,3.61,0.0,3
2021-09-26 12:00:00,34.1,64,807.0,3.45,0.0,2
2021-09-26 13:00:00,33.9,64,741.0,3.38,0.0,7
2021-09-26 14:00:00,33.7,64,594.0,3.55,0.0,11
2021-09-26 15:00:00,33.1,68,406.0,3.36,0.0,9
2021-09-26 16:00:00,32.0,75,196.0,2.83,0.0,6
2021-09-26 17:00:00,30.9,78,29.0,2.42,0.0,5
2021-09-26 18:00:00,30.2,81,0.0,2.28,0.0,11
2021-09-26 19:00:00,29.8,83,0.0,2.22,0.0,13
2021-09-26 20:00:00,29.1,86,0.0,1.81,0.0,13
2021-09-26 21:00:00,28.5,89,0.0,1.61,0.0,35
2021-09-26 22:00:00,28.1,89,0.0,1.48,0.0,40
2021-09-26 23:00:00,27.4,92,0.0,1.17,0.0,28
2021-09-27 00:00:00,27.2,91,0.0,1.2,0.0,37
2021-09-27 01:00:00,27.1,92,0.0,1.17,0.0,6
2021-09-27 02:00:00,26.8,96,0.0,1.2,0.0,9
2021-09-27 03:00:00,26.7,96,0.0,1.6,0.0,6
2021-09-27 04:00:00,26.6,97,0.0,1.6,0.0,3
2021-09-27 05:00:00,27.0,96,2.0,2.61,0.0,7
2021-09-27 06:00:00,28.5,87,98.0,2.6,0.0,17
2021-09-27 07:00:00,30.1,80,284.0,2.81,0.0,14
2021-09-27 08:00:00,31.7,72,497.0,3.35,0.0,25
2021-09-27 09:00:00,32.9,67,650.0,4.18,0.0,37
2021-09-27 10:00:00,33.8,64,781.0,4.59,0.0,41
2021-09-27 11:00:00,34.1,62,834.0,4.54,0.0,3
2021-09-27 12:00:00,34.5,60,803.0,4.03,0.0,5
2021-09-27 13:00:00,34.0,61,735.0,4.65,0.0,8
2021-09-27 14:00:00,33.9,62,589.0,4.21,0.0,13
2021-09-27 15:00:00,32.8,70,387.0,3.67,0.0,22
2021-09-27 16:00:00,31.7,76,177.0,2.59,0.0,34
2021-09-27 17:00:00,30.2,86,23.0,1.39,0.0,45
2021-09-27 18:00:00,30.3,84,0.0,0.22,0.0,45
2021-09-27 19:00:00,28.9,95,0.0,1.03,0.0,67
2021-09-27 20:00:00,28.3,97,0.0,1.12,0.0,64
2021-09-27 21:00:00,27.8,98,0.0,1.13,0.0,27
2021-09-27 22:00:00,28.2,97,0.0,0.41,0.0,22
2021-09-27 23:00:00,27.8,99,0.0,0.6,0.0,16
2021-09-28 00:00:00,27.4,99,0.0,1.12,0.0,16
2021-09-28 01:00:00,27.2,98,0.0,1.28,0.0,21
2021-09-28 02:00:00,27.0,96,0.0,1.0,0.0,31
2021-09-28 03:00:00,26.9,95,0.0,0.71,0.0,26
2021-09-28 04:00:00,26.7,95,0.0,0.9,0.0,21
2021-09-28 05:00:00,27.3,99,1.0,1.41,0.0,13
2021-09-28 06:00:00,27.6,97,25.0,1.32,0.9,92
2021-09-28 07:00:00,28.0,94,84.0,1.48,0.0,99
2021-09-28 08:00:00,28.8,89,212.0,2.14,0.0,99
2021-09-28 09:00:00,29.5,85,232.0,2.28,0.0,95
2021-09-28 10:00:00,30.5,81,402.0,2.44,0.0,86
2021-09-28 11:00:00,31.9,73,670.0,2.5,0.1,16
2021-09-28 12:00:00,32.6,70,773.0,2.08,0.2,31
2021-09-28 13:00:00,30.7,76,638.0,2.28,2.8,91
2021-09-28 14:00:00,30.1,79,275.0,1.9,0.0,99
2021-09-28 15:00:00,30.3,79,245.0,1.2,0.0,95
2021-09-28 16:00:00,29.7,83,127.0,1.8,0.0,99
2021-09-28 17:00:00,28.1,89,20.0,2.62,0.0,94
2021-09-28 18:00:00,27.8,88,0.0,1.98,0.0,68
2021-09-28 19:00:00,27.6,87,0.0,1.84,0.0,91
2021-09-28 20:00:00,27.1,89,0.0,1.58,0.0,94
2021-09-28 21:00:00,26.4,91,0.0,2.02,0.0,98
2021-09-28 22:00:00,26.0,90,0.0,3.05,0.3,99
2021-09-28 23:00:00,25.5,92,0.0,1.92,4.3,100
2021-09-29 00:00:00,25.5,94,0.0,0.94,0.6,100
2021-09-29 01:00:00,25.7,95,0.0,0.61,3.2,99
2021-09-29 02:00:00,25.4,97,0.0,0.22,0.8,99
2021-09-29 03:00:00,25.5,96,0.0,0.14,0.0,98
2021-09-29 04:00:00,25.5,97,0.0,0.2,0.0,98
2021-09-29 05:00:00,26.1,95,1.0,0.94,0.0,98
2021-09-29 06:00:00,26.6,92,75.0,0.95,0.0,78
2021-09-29 07:00:00,27.4,85,202.0,0.81,0.0,94
2021-09-29 08:00:00,27.8,83,258.0,0.4,0.2,100
2021-09-29 09:00:00,27.9,82,216.0,0.1,0.4,100
2021-09-29 10:00:00,28.1,83,272.0,0.51,0.6,99
2021-09-29 11:00:00,28.0,87,297.0,0.36,1.1,99
2021-09-29 12:00:00,27.4,88,137.0,1.02,4.3,100
2021-09-29 13:00:00,27.2,88,85.0,1.14,1.8,100
2021-09-29 14:00:00,27.6,85,257.0,1.17,0.5,100
2021-09-29 15:00:00,27.6,84,154.0,0.81,0.1,100
2021-09-29 16:00:00,27.6,85,81.0,0.99,0.0,100
2021-09-29 17:00:00,27.6,84,14.0,1.3,0.0,100
2021-09-29 18:00:00,27.0,89,0.0,1.7,0.0,98
2021-09-29 19:00:00,26.5,91,0.0,1.4,0.0,98
2021-09-29 20:00:00,26.2,91,0.0,1.36,0.0,98
2021-09-29 21:00:00,26.1,88,0.0,1.36,0.0,100
2021-09-29 22:00:00,26.4,83,0.0,1.1,0.1,98
2021-09-29 23:00:00,27.0,76,0.0,0.32,0.1,95
2021-09-30 00:00:00,26.0,86,0.0,0.7,0.1,96
2021-09-30 01:00:00,25.7,88,0.0,0.71,0.1,89
2021-09-30 02:00:00,25.3,92,0.0,0.67,0.2,77
2021-09-30 03:00:00,25.8,89,0.0,0.45,0.3,72
2021-09-30 04:00:00,25.7,91,0.0,0.58,0.3,84
2021-09-30 05:00:00,25.5,92,1.0,1.22,0.3,88
2021-09-30 06:00:00,26.4,87,85.0,1.14,0.0,76
2021-09-30 07:00:00,27.5,82,223.0,0.61,0.0,83
2021-09-30 08:00:00,28.8,77,479.0,0.82,0.0,90
2021-09-30 09:00:00,29.8,73,652.0,0.86,0.0,90
2021-09-30 10:00:00,30.5,70,737.0,1.17,0.0,65
2021-09-30 11:00:00,31.0,67,778.0,1.51,0.0,42
2021-09-30 12:00:00,31.3,67,788.0,2.2,0.0,22
2021-09-30 13:00:00,31.3,67,716.0,2.61,0.0,23
2021-09-30 14:00:00,31.2,68,572.0,2.8,0.0,27
2021-09-30 15:00:00,30.7,70,377.0,2.71,0.0,39
2021-09-30 16:00:00,29.9,76,179.0,1.9,0.0,42
2021-09-30 17:00:00,28.3,86,21.0,1.53,0.0,39
2021-09-30 18:00:00,28.0,87,0.0,1.35,0.0,77
2021-09-30 19:00:00,27.8,87,0.0,1.56,0.0,38
2021-09-30 20:00:00,27.4,89,0.0,1.5,0.0,25
2021-09-30 21:00:00,27.2,87,0.0,1.72,0.0,24
2021-09-30 22:00:00,26.9,88,0.0,1.78,0.0,18
2021-09-30 23:00:00,26.6,90,0.0,1.75,0.0,14
2021-10-01 00:00:00,26.3,92,0.0,1.48,0.0,6
2021-10-01 01:00:00,26.1,93,0.0,1.52,0.0,10
2021-10-01 02:00:00,25.9,94,0.0,1.52,0.0,6
2021-10-01 03:00:00,25.6,95,0.0,1.44,0.0,24
2021-10-01 04:00:00,25.3,95,0.0,1.28,0.0,38
2021-10-01 05:00:00,25.9,96,1.0,0.78,0.0,53
2021-10-01 06:00:00,27.1,90,92.0,1.08,0.0,22
2021-10-01 07:00:00,28.3,80,292.0,1.46,0.0,4
2021-10-01 08:00:00,29.3,73,499.0,1.91,0.0,1
2021-10-01 09:00:00,30.0,69,674.0,2.4,0.0,0
2021-10-01 10:00:00,30.7,68,792.0,2.82,0.0,1
2021-10-01 11:00:00,31.3,65,843.0,3.11,0.0,2
2021-10-01 12:00:00,31.7,63,823.0,3.3,0.0,3
2021-10-01 13:00:00,31.8,63,736.0,3.31,0.0,4
2021-10-01 14:00:00,31.6,63,587.0,3.31,0.0,9
2021-10-01 15:00:00,31.1,66,395.0,2.7,0.0,10
2021-10-01 16:00:00,30.1,76,183.0,1.24,0.0,13
2021-10-01 17:00:00,28.7,83,22.0,1.61,0.0,17
2021-10-01 18:00:00,28.5,81,0.0,1.58,0.0,31
2021-10-01 19:00:00,28.2,81,0.0,1.66,0.0,34
2021-10-01 20:00:00,27.9,84,0.0,1.63,0.0,35
2021-10-01 21:00:00,27.5,86,0.0,1.36,0.0,35
2021-10-01 22:00:00,27.2,88,0.0,1.35,0.0,36
2021-10-01 23:00:00,27.2,88,0.0,1.36,0.0,36
2021-10-02 00:00:00,27.1,86,0.0,1.36,0.0,41
2021-10-02 01:00:00,27.0,86,0.0,1.41,0.0,38
2021-10-02 02:00:00,26.7,88,0.0,1.42,0.0,36
2021-10-02 03:00:00,26.5,88,0.0,1.41,0.0,34
2021-10-02 04:00:00,26.4,87,0.0,1.64,0.0,24
2021-10-02 05:00:00,26.5,92,1.0,0.89,0.0,40
2021-10-02 06:00:00,27.7,84,90.0,0.7,0.0,31
2021-10-02 07:00:00,28.4,80,266.0,1.04,0.5,37
2021-10-02 08:00:00,28.9,78,414.0,1.1,0.2,32
2021-10-02 09:00:00,29.3,77,483.0,1.0,0.6,42
2021-10-02 10:00:00,30.4,73,628.0,0.92,0.2,34
2021-10-02 11:00:00,30.8,72,705.0,2.0,0.1,31
2021-10-02 12:00:00,30.6,73,674.0,3.32,0.1,81
2021-10-02 13:00:00,30.1,75,550.0,3.35,0.2,87
2021-10-02 14:00:00,29.8,78,441.0,3.58,0.1,88
2021-10-02 15:00:00,28.6,83,309.0,2.95,2.2,87
2021-10-02 16:00:00,28.4,85,140.0,1.96,0.0,75
2021-10-02 17:00:00,28.1,87,16.0,1.84,0.0,69
2021-10-02 18:00:00,27.6,89,0.0,1.39,0.0,85
2021-10-02 19:00:00,27.3,89,0.0,1.35,0.0,44
2021-10-02 20:00:00,27.1,91,0.0,1.28,0.0,58
2021-10-02 21:00:00,26.8,92,0.0,1.36,0.0,51
2021-10-02 22:00:00,26.6,93,0.0,1.3,0.0,52
2021-10-02 23:00:00,26.7,91,0.0,1.5,0.0,57
2021-10-03 00:00:00,26.6,91,0.0,2.2,0.1,47
2021-10-03 01:00:00,26.2,94,0.0,1.61,0.1,55
2021-10-03 02:00:00,25.8,96,0.0,1.02,0.0,68
2021-10-03 03:00:00,25.3,96,0.0,1.21,0.1,46
2021-10-03 04:00:00,25.5,95,0.0,1.02,0.0,41
2021-10-03 05:00:00,26.3,92,1.0,0.64,0.1,51
2021-10-03 06:00:00,26.8,90,68.0,1.61,0.7,66
2021-10-03 07:00:00,26.8,90,231.0,2.27,1.4,87
2021-10-03 08:00:00,27.5,85,317.0,2.16,0.1,92
2021-10-03 09:00:00,28.6,82,516.0,0.94,0.0,98
2021-10-03 10:00:00,28.8,83,441.0,0.82,0.1,97
2021-10-03 11:00:00,29.2,79,529.0,2.25,1.1,85
2021-10-03 12:00:00,28.5,82,474.0,2.21,0.1,87
2021-10-03 13:00:00,29.6,77,542.0,1.57,0.0,93
2021-10-03 14:00:00,29.8,75,456.0,1.0,0.2,96
2021-10-03 15:00:00,29.0,76,212.0,2.28,0.6,100
2021-10-03 16:00:00,27.9,85,82.0,0.92,0.2,100
2021-10-03 17:00:00,27.3,83,11.0,0.85,0.1,99
2021-10-03 18:00:00,26.8,93,0.0,0.22,0.4,100
2021-10-03 19:00:00,26.4,92,0.0,0.64,0.0,98
2021-10-03 20:00:00,25.9,94,0.0,0.86,0.0,99
2021-10-03 21:00:00,25.6,96,0.0,1.3,0.0,99
2021-10-03 22:00:00,25.9,94,0.0,0.92,0.1,97
2021-10-03 23:00:00,26.1,95,0.0,1.14,0.2,95
2021-10-04 00:00:00,25.7,96,0.0,1.43,0.0,82
2021-10-04 01:00:00,25.3,97,0.0,0.81,0.0,92
2021-10-04 02:00:00,25.2,94,0.0,1.53,2.7,86
2021-10-04 03:00:00,25.1,96,0.0,1.35,0.8,87
2021-10-04 04:00:00,25.0,96,0.0,1.78,0.1,88
2021-10-04 05:00:00,25.3,98,1.0,1.0,0.3,100
2021-10-04 06:00:00,25.6,95,20.0,1.7,0.5,97
2021-10-04 07:00:00,26.1,93,100.0,1.42,0.3,77
2021-10-04 08:00:00,27.2,87,295.0,2.75,0.1,60
2021-10-04 09:00:00,28.3,87,525.0,2.92,0.2,87
2021-10-04 10:00:00,29.5,85,719.0,3.01,0.2,93
2021-10-04 11:00:00,29.5,84,551.0,3.16,0.2,92
2021-10-04 12:00:00,29.6,83,578.0,2.82,0.1,87
2021-10-04 13:00:00,29.5,83,426.0,2.38,0.2,85
2021-10-04 14:00:00,28.6,83,345.0,3.0,0.7,70
2021-10-04 15:00:00,28.6,82,215.0,2.51,0.1,67
2021-10-04 16:00:00,28.3,84,109.0,2.02,0.1,91
2021-10-04 17:00:00,27.1,90,11.0,1.62,0.0,99
2021-10-04 18:00:00,26.5,94,0.0,1.22,0.0,71
2021-10-04 19:00:00,26.6,94,0.0,1.9,0.0,75
2021-10-04 20:00:00,26.4,94,0.0,2.2,0.0,87
2021-10-04 21:00:00,26.2,94,0.0,2.5,0.0,84
2021-10-04 22:00:00,26.1,94,0.0,2.26,0.0,99
2021-10-04 23:00:00,25.9,95,0.0,2.0,0.0,100
2021-10-05 00:00:00,25.7,95,0.0,1.91,0.0,96
2021-10-05 01:00:00,25.6,96,0.0,2.1,0.0,75
2021-10-05 02:00:00,25.4,97,0.0,2.3,0.0,42
2021-10-05 03:00:00,25.2,97,0.0,1.58,0.0,74
2021-10-05 04:00:00,25.2,96,0.0,2.24,0.0,94
2021-10-05 05:00:00,25.7,95,1.0,2.12,0.0,67
2021-10-05 06:00:00,26.0,93,43.0,2.3,0.8,99
2021-10-05 07:00:00,26.3,92,99.0,2.73,0.4,74
2021-10-05 08:00:00,27.3,84,311.0,4.24,0.1,100
2021-10-05 09:00:00,27.0,88,113.0,3.51,1.1,95
2021-10-05 10:00:00,27.7,84,263.0,4.22,0.1,97
2021-10-05 11:00:00,29.0,76,467.0,4.15,0.0,77
2021-10-05 12:00:00,29.4,75,547.0,3.05,0.0,100
2021-10-05 13:00:00,28.8,79,369.0,3.52,0.0,74
2021-10-05 14:00:00,28.8,80,287.0,3.06,0.0,78
2021-10-05 15:00:00,28.6,81,180.0,2.12,0.0,96
2021-10-05 16:00:00,28.1,86,83.0,1.02,0.1,96
2021-10-05 17:00:00,26.7,90,6.0,1.6,0.0,96
2021-10-05 18:00:00,26.2,93,0.0,1.6,0.0,46
2021-10-05 19:00:00,26.0,94,0.0,1.41,0.0,28
2021-10-05 20:00:00,25.9,94,0.0,1.6,0.0,24
2021-10-05 21:00:00,25.6,96,0.0,1.3,0.0,21
2021-10-05 22:00:00,25.2,98,0.0,1.02,0.0,18
2021-10-05 23:00:00,24.9,99,0.0,0.85,0.0,8
2021-10-06 00:00:00,24.5,100,0.0,0.99,0.0,7
2021-10-06 01:00:00,24.4,99,0.0,1.06,0.0,18
2021-10-06 02:00:00,24.7,98,0.0,0.89,0.0,14
2021-10-06 03:00:00,24.9,98,0.0,0.14,0.0,15
2021-10-06 04:00:00,24.8,98,0.0,0.61,0.0,61
2021-10-06 05:00:00,25.1,98,1.0,0.14,0.0,96
2021-10-06 06:00:00,26.0,95,62.0,0.2,0.1,40
2021-10-06 07:00:00,27.1,92,207.0,0.67,0.2,40
2021-10-06 08:00:00,27.8,90,352.0,1.25,0.2,83
2021-10-06 09:00:00,28.5,87,479.0,1.49,0.2,59
2021-10-06 10:00:00,29.4,82,633.0,1.78,0.1,26
2021-10-06 11:00:00,29.8,80,677.0,1.84,0.0,32
2021-10-06 12:00:00,29.6,81,664.0,0.64,0.1,20
2021-10-06 13:00:00,29.9,79,595.0,0.64,0.1,19
2021-10-06 14:00:00,30.2,74,509.0,0.63,0.0,21
2021-10-06 15:00:00,30.0,72,322.0,1.33,0.0,18
2021-10-06 16:00:00,29.0,80,132.0,1.21,0.0,16
2021-10-06 17:00:00,28.4,85,13.0,1.12,0.0,12
2021-10-06 18:00:00,27.7,90,0.0,1.27,0.0,23
2021-10-06 19:00:00,27.6,88,0.0,1.35,0.0,25
2021-10-06 20:00:00,27.1,90,0.0,1.28,0.0,26
2021-10-06 21:00:00,26.7,92,0.0,1.14,0.0,20
2021-10-06 22:00:00,26.2,95,0.0,1.3,0.0,11
2021-10-06 23:00:00,26.7,91,0.0,0.95,0.0,11
2021-10-07 00:00:00,26.8,92,0.0,0.22,0.0,15
2021-10-07 01:00:00,25.8,97,0.0,0.94,0.2,33
2021-10-07 02:00:00,25.1,97,0.0,1.2,1.0,62
2021-10-07 03:00:00,25.4,96,0.0,0.5,1.3,53
2021-10-07 04:00:00,25.3,94,0.0,0.71,1.1,63
2021-10-07 05:00:00,25.9,91,0.0,1.08,0.3,49
2021-10-07 06:00:00,26.6,89,70.0,1.39,0.0,34
2021-10-07 07:00:00,27.5,84,252.0,0.4,0.0,19
2021-10-07 08:00:00,28.4,80,421.0,0.67,0.0,14
2021-10-07 09:00:00,29.3,74,569.0,0.85,0.1,30
2021-10-07 10:00:00,30.0,72,652.0,0.76,0.1,20
2021-10-07 11:00:00,30.8,68,722.0,0.54,0.1,18
2021-10-07 12:00:00,31.1,69,718.0,0.71,0.0,13
2021-10-07 13:00:00,31.3,67,630.0,1.51,0.0,14
2021-10-07 14:00:00,31.0,70,514.0,2.0,0.0,14
2021-10-07 15:00:00,30.6,72,329.0,2.1,0.0,6
2021-10-07 16:00:00,29.8,78,145.0,1.6,0.0,15
2021-10-07 17:00:00,28.8,84,11.0,1.22,0.1,22
2021-10-07 18:00:00,28.5,87,0.0,1.34,0.0,21
2021-10-07 19:00:00,28.1,85,0.0,2.16,0.0,11
2021-10-07 20:00:00,27.3,86,0.0,1.42,0.0,8
2021-10-07 21:00:00,26.7,91,0.0,1.3,0.0,10
2021-10-07 22:00:00,26.5,93,0.0,1.24,0.0,20
2021-10-07 23:00:00,26.4,94,0.0,1.2,0.0,21
2021-10-08 00:00:00,26.2,93,0.0,0.89,0.7,43
2021-10-08 01:00:00,25.9,95,0.0,0.92,0.3,16
2021-10-08 02:00:00,25.5,96,0.0,1.4,0.0,7
2021-10-08 03:00:00,25.3,96,0.0,1.57,0.0,11
2021-10-08 04:00:00,25.3,95,0.0,1.56,0.0,15
2021-10-08 05:00:00,26.1,91,1.0,1.12,0.0,14
2021-10-08 06:00:00,26.4,90,63.0,1.75,0.3,41
2021-10-08 07:00:00,26.8,86,212.0,1.26,1.3,31
2021-10-08 08:00:00,27.6,82,351.0,1.4,0.1,36
2021-10-08 09:00:00,28.7,77,522.0,1.22,0.1,58
2021-10-08 10:00:00,29.4,76,654.0,1.17,0.0,23
2021-10-08 11:00:00,29.9,75,739.0,1.12,0.1,25
2021-10-08 12:00:00,30.4,72,711.0,1.3,0.1,25
2021-10-08 13:00:00,30.5,71,601.0,1.61,0.1,24
2021-10-08 14:00:00,30.5,71,474.0,1.49,0.1,17
2021-10-08 15:00:00,30.1,72,314.0,1.41,0.0,13
2021-10-08 16:00:00,29.2,84,137.0,0.73,0.0,16
2021-10-08 17:00:00,28.5,88,11.0,1.17,0.0,14
2021-10-08 18:00:00,28.1,90,0.0,1.21,0.0,28
2021-10-08 19:00:00,27.7,92,0.0,1.17,0.0,30
2021-10-08 20:00:00,27.4,93,0.0,1.08,0.0,23
2021-10-08 21:00:00,26.9,94,0.0,1.17,0.0,17
2021-10-08 22:00:00,26.7,93,0.0,1.24,0.0,19
2021-10-08 23:00:00,26.1,97,0.0,1.12,0.0,21
2021-10-09 00:00:00,26.9,92,0.0,0.51,0.0,24
2021-10-09 01:00:00,25.8,96,0.0,0.85,0.6,58
2021-10-09 02:00:00,25.5,96,0.0,0.91,1.0,75
2021-10-09 03:00:00,25.4,95,0.0,0.85,0.3,40
2021-10-09 04:00:00,25.2,94,0.0,0.94,0.0,34
2021-10-09 05:00:00,25.9,93,0.0,1.63,0.0,18
2021-10-09 06:00:00,26.3,90,61.0,0.91,0.0,35
2021-10-09 07:00:00,27.2,85,226.0,0.85,0.1,13
2021-10-09 08:00:00,28.4,81,443.0,0.85,0.0,4
2021-10-09 09:00:00,29.5,76,634.0,0.92,0.0,9
2021-10-09 10:00:00,30.5,75,725.0,1.0,0.0,12
2021-10-09 11:00:00,30.9,75,747.0,1.22,0.0,17
2021-10-09 12:00:00,30.6,76,694.0,1.27,0.0,19
2021-10-09 13:00:00,31.0,70,602.0,1.49,0.0,22
2021-10-09 14:00:00,30.7,71,467.0,1.96,0.0,16
2021-10-09 15:00:00,30.5,72,315.0,1.6,0.0,15
2021-10-09 16:00:00,29.8,80,137.0,0.81,0.0,16
2021-10-09 17:00:00,28.7,89,11.0,1.91,0.0,13
2021-10-09 18:00:00,28.4,88,0.0,1.42,0.0,13
2021-10-09 19:00:00,28.0,89,0.0,1.36,0.0,9
2021-10-09 20:00:00,27.4,92,0.0,1.36,0.0,6
2021-10-09 21:00:00,27.1,93,0.0,1.48,0.0,10
2021-10-09 22:00:00,26.8,94,0.0,1.52,0.0,8
2021-10-09 23:00:00,27.8,88,0.0,0.92,0.0,10
2021-10-10 00:00:00,26.2,95,0.0,1.22,0.1,47
2021-10-10 01:00:00,26.3,91,0.0,1.34,0.3,48
2021-10-10 02:00:00,25.7,94,0.0,0.82,0.2,54
2021-10-10 03:00:00,25.5,95,0.0,0.81,0.1,64
2021-10-10 04:00:00,26.5,90,0.0,0.5,0.0,51
2021-10-10 05:00:00,26.0,93,0.0,1.65,0.0,51
2021-10-10 06:00:00,26.1,93,58.0,1.81,0.1,100
2021-10-10 07:00:00,26.6,89,163.0,0.92,0.0,75
2021-10-10 08:00:00,27.5,85,331.0,0.22,0.0,32
2021-10-10 09:00:00,28.7,82,562.0,0.32,0.0,18
2021-10-10 10:00:00,29.5,81,683.0,0.61,0.0,10
2021-10-10 11:00:00,30.4,74,748.0,0.89,0.0,10
2021-10-10 12:00:00,31.1,71,743.0,1.04,0.0,16
2021-10-10 13:00:00,31.1,71,643.0,1.32,0.0,17
2021-10-10 14:00:00,31.1,70,508.0,1.1,0.1,20
2021-10-10 15:00:00,30.7,72,323.0,1.02,0.0,18
2021-10-10 16:00:00,29.7,83,130.0,0.73,0.0,12
2021-10-10 17:00:00,29.1,87,10.0,1.4,0.0,7
2021-10-10 18:00:00,29.5,83,0.0,0.71,0.0,3
2021-10-10 19:00:00,29.2,86,0.0,0.3,0.0,3
2021-10-10 20:00:00,27.6,95,0.0,0.71,0.0,4
2021-10-10 21:00:00,27.2,96,0.0,0.76,0.0,6
2021-10-10 22:00:00,26.8,97,0.0,0.85,0.0,6
2021-10-10 23:00:00,26.5,99,0.0,0.95,0.0,4
2021-10-11 00:00:00,26.4,99,0.0,0.73,0.0,2
2021-10-11 01:00:00,26.5,98,0.0,0.8,0.0,3
2021-10-11 02:00:00,27.0,97,0.0,0.95,0.0,6
2021-10-11 03:00:00,26.9,98,0.0,0.54,0.0,8
2021-10-11 04:00:00,26.8,100,0.0,0.22,0.0,100
2021-10-11 05:00:00,26.6,96,0.0,0.45,0.0,100
2021-10-11 06:00:00,27.9,92,82.0,0.63,0.0,20
2021-10-11 07:00:00,29.1,83,276.0,1.0,0.0,2
2021-10-11 08:00:00,30.3,76,473.0,1.44,0.0,1
2021-10-11 09:00:00,31.2,71,636.0,1.58,0.0,4
2021-10-11 10:00:00,31.9,67,752.0,1.53,0.0,2
2021-10-11 11:00:00,32.5,65,795.0,1.43,0.0,12
2021-10-11 12:00:00,32.9,63,770.0,1.22,0.0,2
2021-10-11 13:00:00,33.1,62,687.0,1.21,0.0,7
2021-10-11 14:00:00,32.8,64,540.0,1.41,0.0,2
2021-10-11 15:00:00,32.2,68,350.0,1.6,0.0,2
2021-10-11 16:00:00,30.8,80,145.0,1.12,0.0,5
2021-10-11 17:00:00,30.2,81,10.0,1.26,0.0,3
2021-10-11 18:00:00,29.3,86,0.0,0.82,0.0,3
2021-10-11 19:00:00,28.9,90,0.0,1.17,0.0,3
2021-10-11 20:00:00,28.4,93,0.0,1.53,0.0,4
2021-10-11 21:00:00,27.8,95,0.0,1.56,0.0,12
2021-10-11 22:00:00,27.6,93,0.0,1.64,0.0,5
2021-10-11 23:00:00,27.2,93,0.0,1.65,0.0,5
2021-10-12 00:00:00,26.9,94,0.0,1.5,0.0,4
2021-10-12 01:00:00,26.8,95,0.0,0.92,0.0,3
2021-10-12 02:00:00,26.3,97,0.0,0.45,0.0,2
2021-10-12 03:00:00,26.0,99,0.0,0.36,0.0,1
2021-10-12 04:00:00,26.8,98,0.0,0.36,0.0,0
2021-10-12 05:00:00,26.6,97,0.0,1.7,0.0,100
2021-10-12 06:00:00,28.1,87,83.0,1.46,0.0,0
2021-10-12 07:00:00,29.5,82,281.0,1.75,0.0,0
2021-10-12 08:00:00,30.8,77,482.0,2.09,0.0,0
2021-10-12 09:00:00,31.9,72,648.0,2.4,0.0,0
2021-10-12 10:00:00,32.9,66,760.0,2.51,0.0,1
2021-10-12 11:00:00,33.5,63,807.0,2.42,0.0,15
2021-10-12 12:00:00,33.8,62,785.0,2.36,0.0,28
2021-10-12 13:00:00,33.9,61,693.0,2.2,0.0,0
2021-10-12 14:00:00,33.6,62,543.0,2.05,0.0,13
2021-10-12 15:00:00,33.0,67,350.0,1.84,0.0,1
2021-10-12 16:00:00,31.4,78,143.0,1.39,0.0,2
2021-10-12 17:00:00,30.1,84,9.0,1.39,0.0,3
2021-10-12 18:00:00,29.4,89,0.0,1.27,0.0,63
2021-10-12 19:00:00,28.8,92,0.0,1.5,0.0,98
2021-10-12 20:00:00,28.9,91,0.0,1.65,0.0,97
2021-10-12 21:00:00,28.3,91,0.0,1.52,0.0,77
2021-10-12 22:00:00,28.5,91,0.0,0.89,0.0,93
2021-10-12 23:00:00,28.3,93,0.0,0.58,0.0,37
2021-10-13 00:00:00,28.1,94,0.0,0.32,0.0,3
2021-10-13 01:00:00,26.9,98,0.0,1.0,0.0,2
2021-10-13 02:00:00,26.9,100,0.0,1.0,0.0,14
2021-10-13 03:00:00,26.8,100,0.0,1.43,0.0,100
2021-10-13 04:00:00,26.6,99,0.0,1.6,0.0,14
2021-10-13 05:00:00,26.8,98,0.0,2.5,0.0,11
2021-10-13 06:00:00,27.9,93,72.0,2.42,0.0,15
2021-10-13 07:00:00,29.3,88,250.0,2.32,0.0,2
2021-10-13 08:00:00,30.9,80,453.0,2.32,0.0,0
2021-10-13 09:00:00,32.3,73,620.0,2.77,0.0,0
2021-10-13 10:00:00,33.3,68,729.0,3.16,0.0,1
2021-10-13 11:00:00,34.0,65,774.0,3.14,0.0,5
2021-10-13 12:00:00,34.3,64,741.0,2.97,0.0,5
2021-10-13 13:00:00,34.0,66,655.0,2.91,0.0,15
2021-10-13 14:00:00,34.1,65,501.0,2.78,0.0,38
2021-10-13 15:00:00,33.6,69,293.0,1.75,0.0,53
2021-10-13 16:00:00,32.9,72,107.0,0.51,0.0,78
2021-10-13 17:00:00,29.7,90,6.0,1.26,0.0,83
2021-10-13 18:00:00,29.0,92,0.0,0.98,0.0,45
2021-10-13 19:00:00,28.8,91,0.0,1.21,0.0,47
2021-10-13 20:00:00,28.4,90,0.0,1.22,0.0,30
2021-10-13 21:00:00,28.0,92,0.0,1.3,0.0,66
2021-10-13 22:00:00,27.6,94,0.0,1.3,0.0,93
2021-10-13 23:00:00,27.9,92,0.0,0.85,0.0,63
2021-10-14 00:00:00,27.2,96,0.0,0.89,0.0,13
2021-10-14 01:00:00,27.2,97,0.0,0.81,0.0,8
2021-10-14 02:00:00,27.1,97,0.0,1.02,0.0,11
2021-10-14 03:00:00,26.9,97,0.0,1.6,0.0,15
2021-10-14 04:00:00,26.7,98,0.0,1.51,0.0,95
2021-10-14 05:00:00,27.1,95,0.0,1.94,0.0,46
2021-10-14 06:00:00,28.3,90,71.0,1.79,0.0,2
2021-10-14 07:00:00,29.7,85,251.0,1.9,0.0,2
2021-10-14 08:00:00,31.2,80,446.0,1.87,0.0,0
2021-10-14 09:00:00,32.5,74,609.0,2.06,0.0,0
2021-10-14 10:00:00,33.5,66,720.0,2.14,0.0,1
2021-10-14 11:00:00,34.2,62,763.0,1.7,0.0,4
2021-10-14 12:00:00,34.6,61,731.0,1.35,0.0,17
2021-10-14 13:00:00,34.6,61,640.0,1.25,0.0,10
2021-10-14 14:00:00,34.3,62,495.0,1.68,0.0,18
2021-10-14 15:00:00,33.9,65,308.0,1.08,0.0,38
2021-10-14 16:00:00,33.1,73,116.0,0.64,0.0,36
2021-10-14 17:00:00,30.1,76,6.0,1.43,0.0,74
2021-10-14 18:00:00,29.4,86,0.0,1.33,0.0,23
2021-10-14 19:00:00,29.0,90,0.0,1.71,0.0,24
2021-10-14 20:00:00,28.6,92,0.0,1.04,0.0,20
2021-10-14 21:00:00,28.3,93,0.0,0.5,0.0,13
2021-10-14 22:00:00,27.9,95,0.0,0.58,0.0,1
2021-10-14 23:00:00,27.5,97,0.0,0.5,0.0,14
2021-10-15 00:00:00,27.3,97,0.0,0.71,0.0,15
2021-10-15 01:00:00,27.0,98,0.0,0.58,0.0,29
2021-10-15 02:00:00,26.9,98,0.0,0.64,0.0,10
2021-10-15 03:00:00,27.0,96,0.0,0.92,0.0,63
2021-10-15 04:00:00,27.1,93,0.0,1.06,0.0,98
2021-10-15 05:00:00,27.0,89,0.0,1.81,0.0,97
2021-10-15 06:00:00,28.1,86,66.0,1.75,0.0,43
2021-10-15 07:00:00,29.8,80,244.0,2.06,0.0,100
2021-10-15 08:00:00,31.3,75,436.0,2.4,0.0,89
2021-10-15 09:00:00,32.7,69,607.0,3.01,0.0,43
2021-10-15 10:00:00,33.6,65,725.0,3.48,0.0,0
2021-10-15 11:00:00,34.3,61,763.0,3.22,0.0,0
2021-10-15 12:00:00,34.7,60,740.0,3.04,0.0,1
2021-10-15 13:00:00,34.7,59,651.0,2.91,0.0,1
2021-10-15 14:00:00,34.6,59,503.0,2.39,0.0,0
2021-10-15 15:00:00,33.8,65,314.0,1.97,0.0,4
2021-10-15 16:00:00,32.1,73,120.0,1.84,0.0,9
2021-10-15 17:00:00,31.1,74,6.0,1.88,0.0,4
2021-10-15 18:00:00,30.5,77,0.0,1.63,0.0,7
2021-10-15 19:00:00,29.6,83,0.0,1.36,0.0,9
2021-10-15 20:00:00,29.2,85,0.0,1.48,0.0,13
2021-10-15 21:00:00,28.7,88,0.0,1.39,0.0,10
2021-10-15 22:00:00,28.3,89,0.0,1.32,0.0,2
2021-10-15 23:00:00,27.9,91,0.0,1.3,0.0,0
2021-10-16 00:00:00,27.6,93,0.0,1.14,0.0,1
2021-10-16 01:00:00,27.5,94,0.0,1.7,0.0,1
2021-10-16 02:00:00,27.3,94,0.0,2.3,0.0,3
2021-10-16 03:00:00,27.2,93,0.0,1.91,0.0,1
2021-10-16 04:00:00,27.0,96,0.0,2.31,0.0,0
2021-10-16 05:00:00,26.9,97,0.0,2.65,0.0,3
2021-10-16 06:00:00,28.0,90,66.0,2.81,0.0,38
2021-10-16 07:00:00,29.3,79,251.0,3.0,0.1,64
2021-10-16 08:00:00,30.8,73,435.0,3.0,0.1,77
2021-10-16 09:00:00,32.3,68,598.0,3.57,0.1,95
2021-10-16 10:00:00,32.6,67,693.0,4.28,0.0,92
2021-10-16 11:00:00,32.7,66,580.0,4.03,0.0,78
2021-10-16 12:00:00,32.8,67,605.0,3.98,0.0,99
2021-10-16 13:00:00,33.1,66,591.0,3.76,0.0,100
2021-10-16 14:00:00,33.1,65,448.0,3.67,0.0,98
2021-10-16 15:00:00,32.5,69,282.0,3.22,0.0,97
2021-10-16 16:00:00,31.5,71,112.0,2.86,0.0,98
2021-10-16 17:00:00,31.0,70,5.0,3.57,0.0,100
2021-10-16 18:00:00,30.9,69,0.0,3.54,0.0,73
2021-10-16 19:00:00,30.3,70,0.0,3.51,0.0,63
2021-10-16 20:00:00,29.6,74,0.0,2.55,0.0,57
2021-10-16 21:00:00,28.5,82,0.0,1.24,0.0,76
2021-10-16 22:00:00,28.5,83,0.0,2.25,0.0,82
2021-10-16 23:00:00,28.2,85,0.0,1.53,0.0,56
2021-10-17 00:00:00,27.6,89,0.0,1.72,0.0,100
2021-10-17 01:00:00,26.1,92,0.0,3.01,10.3,100
2021-10-17 02:00:00,25.4,94,0.0,3.31,0.4,100
2021-10-17 03:00:00,25.2,95,0.0,2.06,3.4,100
2021-10-17 04:00:00,25.3,94,0.0,1.08,3.8,100
2021-10-17 05:00:00,25.5,96,0.0,2.92,0.1,100
2021-10-17 06:00:00,26.3,94,41.0,3.11,0.1,89
2021-10-17 07:00:00,27.1,91,157.0,2.7,0.2,81
2021-10-17 08:00:00,28.1,86,264.0,3.44,0.1,92
2021-10-17 09:00:00,29.3,82,362.0,3.23,0.0,43
2021-10-17 10:00:00,30.7,74,495.0,3.67,0.0,44
2021-10-17 11:00:00,31.8,66,592.0,4.49,0.0,4
2021-10-17 12:00:00,32.6,60,721.0,5.19,0.0,43
2021-10-17 13:00:00,32.7,59,610.0,4.97,0.0,99
2021-10-17 14:00:00,32.4,60,471.0,4.81,0.0,95
2021-10-17 15:00:00,31.5,65,295.0,4.75,0.0,100
2021-10-17 16:00:00,30.3,73,90.0,4.56,0.0,100
2021-10-17 17:00:00,30.1,74,4.0,3.31,0.0,100
2021-10-17 18:00:00,29.6,78,0.0,3.07,0.0,95
2021-10-17 19:00:00,28.9,81,0.0,3.13,0.0,100
2021-10-17 20:00:00,28.7,82,0.0,3.71,0.0,100
2021-10-17 21:00:00,27.7,85,0.0,4.54,1.2,98
2021-10-17 22:00:00,26.8,89,0.0,3.67,0.6,85
2021-10-17 23:00:00,26.9,90,0.0,3.51,0.0,100
2021-10-18 00:00:00,26.0,91,0.0,3.81,2.6,99
2021-10-18 01:00:00,25.4,96,0.0,4.09,2.1,100
2021-10-18 02:00:00,25.2,95,0.0,3.51,0.1,100
2021-10-18 03:00:00,25.1,96,0.0,3.98,0.0,100
2021-10-18 04:00:00,24.7,97,0.0,4.31,0.2,100
2021-10-18 05:00:00,26.3,92,0.0,3.16,0.2,100
2021-10-18 06:00:00,27.1,87,47.0,4.39,0.0,44
2021-10-18 07:00:00,28.0,81,184.0,4.24,0.0,38
2021-10-18 08:00:00,29.4,73,384.0,4.65,0.0,33
2021-10-18 09:00:00,30.7,68,538.0,4.66,0.0,51
2021-10-18 10:00:00,31.6,65,619.0,4.63,0.0,69
2021-10-18 11:00:00,32.4,62,695.0,4.04,0.0,90
2021-10-18 12:00:00,32.3,63,518.0,3.8,0.0,93
2021-10-18 13:00:00,32.5,63,410.0,2.97,0.0,93
2021-10-18 14:00:00,30.2,74,188.0,1.52,0.1,100
2021-10-18 15:00:00,30.1,78,95.0,1.33,0.0,100
2021-10-18 16:00:00,29.5,81,81.0,1.1,0.0,100
2021-10-18 17:00:00,28.8,86,4.0,2.5,0.0,100
2021-10-18 18:00:00,29.0,83,0.0,2.06,0.0,46
2021-10-18 19:00:00,27.1,90,0.0,3.73,0.0,100
2021-10-18 20:00:00,26.1,93,0.0,2.51,0.0,100
2021-10-18 21:00:00,26.0,92,0.0,2.7,0.0,100
2021-10-18 22:00:00,25.4,95,0.0,2.56,0.2,100
2021-10-18 23:00:00,25.0,96,0.0,2.33,0.3,100
2021-10-19 00:00:00,25.0,96,0.0,1.66,1.8,100
2021-10-19 01:00:00,24.8,98,0.0,0.89,1.1,100
2021-10-19 02:00:00,24.7,98,0.0,1.2,2.3,100
2021-10-19 03:00:00,24.8,97,0.0,1.84,0.2,100
2021-10-19 04:00:00,24.9,93,0.0,1.93,0.1,100
2021-10-19 05:00:00,25.2,93,0.0,1.84,0.0,100
2021-10-19 06:00:00,25.2,93,37.0,2.1,0.1,100
2021-10-19 07:00:00,25.6,92,72.0,1.56,0.6,100
2021-10-19 08:00:00,25.7,93,73.0,1.84,0.8,100
2021-10-19 09:00:00,26.2,90,146.0,1.78,0.9,100
2021-10-19 10:00:00,26.5,90,192.0,1.12,0.9,100
2021-10-19 11:00:00,26.8,89,169.0,1.14,0.5,100
2021-10-19 12:00:00,26.6,90,231.0,1.61,0.7,100
2021-10-19 13:00:00,26.7,90,225.0,1.17,1.0,100
2021-10-19 14:00:00,27.0,88,214.0,0.73,0.6,100
2021-10-19 15:00:00,26.6,90,44.0,0.51,0.6,100
2021-10-19 16:00:00,26.3,92,26.0,0.41,0.2,100
2021-10-19 17:00:00,26.4,93,1.0,0.54,0.0,100
2021-10-19 18:00:00,26.1,93,0.0,0.22,0.8,100
2021-10-19 19:00:00,25.8,93,0.0,1.22,1.0,100
2021-10-19 20:00:00,24.8,97,0.0,2.22,2.6,100
2021-10-19 21:00:00,24.6,96,0.0,0.92,2.8,100
2021-10-19 22:00:00,24.5,97,0.0,1.68,0.9,100
2021-10-19 23:00:00,24.2,97,0.0,1.75,2.6,100
2021-10-20 00:00:00,24.1,96,0.0,1.93,0.4,100
2021-10-20 01:00:00,24.1,95,0.0,0.63,0.8,100
2021-10-20 02:00:00,24.2,95,0.0,0.42,0.1,100
2021-10-20 03:00:00,24.2,95,0.0,0.41,0.2,98
2021-10-20 04:00:00,24.3,96,0.0,0.5,0.2,100
2021-10-20 05:00:00,24.8,96,0.0,0.8,0.5,100
2021-10-20 06:00:00,25.0,95,26.0,0.89,0.0,100
2021-10-20 07:00:00,25.7,91,109.0,1.51,0.0,100
2021-10-20 08:00:00,26.7,84,255.0,1.96,0.0,95
2021-10-20 09:00:00,27.8,79,397.0,1.99,0.0,100
2021-10-20 10:00:00,27.6,81,200.0,1.22,0.2,100
2021-10-20 11:00:00,27.1,82,238.0,1.43,1.0,92
2021-10-20 12:00:00,27.2,82,349.0,1.89,0.7,76
2021-10-20 13:00:00,27.6,80,401.0,1.7,0.1,93
2021-10-20 14:00:00,27.6,79,280.0,1.25,0.0,96
2021-10-20 15:00:00,27.4,80,200.0,0.73,0.0,76
2021-10-20 16:00:00,26.7,88,91.0,0.51,0.0,85
2021-10-20 17:00:00,25.3,91,2.0,3.35,0.0,100
2021-10-20 18:00:00,24.9,95,0.0,2.67,0.7,100
2021-10-20 19:00:00,24.8,95,0.0,2.0,1.4,100
2021-10-20 20:00:00,24.6,95,0.0,1.43,0.1,100
2021-10-20 21:00:00,24.2,97,0.0,1.5,0.1,100
2021-10-20 22:00:00,24.1,97,0.0,1.8,1.2,100
2021-10-20 23:00:00,24.0,97,0.0,1.87,1.2,100
2021-10-21 00:00:00,23.5,98,0.0,2.1,0.9,100
2021-10-21 01:00:00,23.4,99,0.0,1.73,0.1,100
2021-10-21 02:00:00,23.6,99,0.0,1.61,0.0,100
2021-10-21 03:00:00,23.7,99,0.0,1.88,0.1,100
2021-10-21 04:00:00,23.9,96,0.0,1.71,0.1,100
2021-10-21 05:00:00,23.8,96,0.0,2.31,0.0,100
2021-10-21 06:00:00,24.4,94,42.0,2.83,0.0,80
2021-10-21 07:00:00,25.3,91,189.0,2.52,0.0,61
2021-10-21 08:00:00,26.4,89,383.0,2.6,0.0,24
2021-10-21 09:00:00,27.7,83,538.0,3.31,0.0,30
2021-10-21 10:00:00,28.2,78,632.0,4.6,0.2,26
2021-10-21 11:00:00,28.6,77,650.0,5.32,0.3,12
2021-10-21 12:00:00,28.9,77,660.0,5.73,0.0,8
2021-10-21 13:00:00,29.2,74,594.0,5.71,0.0,5
2021-10-21 14:00:00,29.2,73,459.0,6.04,0.1,26
2021-10-21 15:00:00,28.5,77,217.0,5.22,0.0,5
2021-10-21 16:00:00,27.7,78,97.0,4.74,0.0,6
2021-10-21 17:00:00,26.6,80,3.0,4.46,0.0,15
2021-10-21 18:00:00,26.5,80,0.0,4.2,0.0,75
2021-10-21 19:00:00,26.0,82,0.0,3.77,0.0,56
2021-10-21 20:00:00,25.2,87,0.0,3.18,0.0,9
2021-10-21 21:00:00,24.4,92,0.0,2.28,0.0,16
2021-10-21 22:00:00,24.2,92,0.0,2.42,0.0,20
2021-10-21 23:00:00,24.1,92,0.0,2.79,0.0,3
2021-10-22 00:00:00,23.5,95,0.0,2.45,0.0,2
2021-10-22 01:00:00,23.1,95,0.0,2.1,0.0,17
2021-10-22 02:00:00,22.9,93,0.0,1.73,0.0,7
2021-10-22 03:00:00,22.3,94,0.0,1.5,0.0,1
2021-10-22 04:00:00,21.7,97,0.0,1.65,0.0,0
2021-10-22 05:00:00,22.2,100,0.0,1.52,0.0,0
2021-10-22 06:00:00,23.4,97,62.0,0.81,0.0,0
2021-10-22 07:00:00,24.8,89,245.0,0.45,0.0,0
2021-10-22 08:00:00,26.2,80,445.0,0.5,0.0,0
2021-10-22 09:00:00,27.3,71,609.0,0.58,0.0,7
2021-10-22 10:00:00,28.3,61,701.0,1.26,0.0,26
2021-10-22 11:00:00,28.9,55,706.0,2.11,0.0,13
2021-10-22 12:00:00,29.2,52,699.0,2.04,0.0,9
2021-10-22 13:00:00,29.0,51,616.0,1.75,0.0,8
2021-10-22 14:00:00,28.8,52,481.0,1.94,0.0,7
2021-10-22 15:00:00,28.1,62,296.0,1.39,0.0,2
2021-10-22 16:00:00,25.8,82,103.0,1.64,0.0,1
2021-10-22 17:00:00,24.4,83,3.0,1.81,0.0,1
2021-10-22 18:00:00,23.9,83,0.0,1.66,0.0,1
2021-10-22 19:00:00,23.2,87,0.0,1.3,0.0,2
2021-10-22 20:00:00,23.0,90,0.0,1.28,0.0,2
2021-10-22 21:00:00,22.7,89,0.0,1.53,0.0,8
2021-10-22 22:00:00,22.0,92,0.0,1.72,0.0,7
2021-10-22 23:00:00,21.9,93,0.0,1.17,0.0,10
2021-10-23 00:00:00,21.4,94,0.0,1.12,0.0,0
2021-10-23 01:00:00,20.7,96,0.0,1.0,0.0,0
2021-10-23 02:00:00,20.6,98,0.0,0.94,0.0,2
2021-10-23 03:00:00,20.5,96,0.0,1.22,0.0,4
2021-10-23 04:00:00,20.4,94,0.0,1.61,0.0,6
2021-10-23 05:00:00,20.6,95,0.0,2.15,0.0,8
2021-10-23 06:00:00,21.9,85,55.0,1.87,0.0,11
2021-10-23 07:00:00,24.0,75,190.0,1.43,0.0,20
2021-10-23 08:00:00,25.4,71,326.0,1.39,0.0,11
2021-10-23 09:00:00,27.0,67,559.0,1.53,0.0,3
2021-10-23 10:00:00,28.1,62,686.0,1.7,0.0,2
2021-10-23 11:00:00,28.8,58,740.0,1.56,0.0,0
2021-10-23 12:00:00,29.2,56,719.0,1.35,0.0,1
2021-10-23 13:00:00,29.3,56,622.0,1.3,0.0,1
2021-10-23 14:00:00,28.9,59,472.0,1.65,0.0,2
2021-10-23 15:00:00,28.2,66,285.0,1.41,0.0,3
2021-10-23 16:00:00,26.1,81,97.0,1.4,0.0,0
2021-10-23 17:00:00,25.0,85,2.0,2.05,0.0,0
2021-10-23 18:00:00,24.4,86,0.0,1.33,0.0,3
2021-10-23 19:00:00,24.0,89,0.0,1.56,0.0,0
2021-10-23 20:00:00,23.8,87,0.0,1.5,0.0,0
2021-10-23 21:00:00,23.1,90,0.0,1.49,0.0,0
2021-10-23 22:00:00,22.9,90,0.0,1.64,0.0,0
2021-10-23 23:00:00,22.6,89,0.0,1.86,0.0,0
2021-10-24 00:00:00,21.8,92,0.0,1.57,0.0,0
2021-10-24 01:00:00,21.1,95,0.0,1.8,0.0,0
2021-10-24 02:00:00,21.1,96,0.0,1.49,0.0,0
2021-10-24 03:00:00,21.0,96,0.0,1.53,0.0,0
2021-10-24 04:00:00,20.9,96,0.0,1.4,0.0,0
2021-10-24 05:00:00,21.5,94,0.0,1.51,0.0,0
2021-10-24 06:00:00,22.6,89,58.0,1.63,0.0,0
2021-10-24 07:00:00,24.0,82,234.0,1.63,0.0,1
2021-10-24 08:00:00,25.6,76,424.0,1.53,0.0,2
2021-10-24 09:00:00,27.2,72,581.0,1.79,0.0,0
2021-10-24 10:00:00,28.5,68,691.0,1.97,0.0,0
2021-10-24 11:00:00,29.4,64,735.0,2.02,0.0,1
2021-10-24 12:00:00,29.8,62,704.0,1.91,0.0,3
2021-10-24 13:00:00,29.9,61,603.0,1.64,0.0,6
2021-10-24 14:00:00,29.5,62,444.0,1.24,0.0,16
2021-10-24 15:00:00,29.0,66,247.0,0.81,0.0,17
2021-10-24 16:00:00,27.5,81,75.0,1.0,0.0,13
2021-10-24 17:00:00,26.0,85,2.0,1.17,0.0,11
2021-10-24 18:00:00,25.2,88,0.0,1.02,0.0,9
2021-10-24 19:00:00,24.7,92,0.0,1.39,0.0,12
2021-10-24 20:00:00,24.1,93,0.0,1.2,0.0,2
2021-10-24 21:00:00,23.5,95,0.0,1.28,0.0,2
2021-10-24 22:00:00,23.1,95,0.0,1.44,0.0,6
2021-10-24 23:00:00,22.9,96,0.0,1.02,0.0,17
2021-10-25 00:00:00,23.3,98,0.0,0.81,0.0,24
2021-10-25 01:00:00,23.4,95,0.0,1.08,0.0,28
2021-10-25 02:00:00,23.6,90,0.0,1.17,0.0,23
2021-10-25 03:00:00,22.9,92,0.0,1.03,0.0,22
2021-10-25 04:00:00,22.5,94,0.0,1.0,0.0,21
2021-10-25 05:00:00,22.2,97,0.0,1.17,0.0,19
2021-10-25 06:00:00,23.1,93,43.0,0.5,0.0,60
2021-10-25 07:00:00,24.2,89,163.0,0.92,0.0,56
2021-10-25 08:00:00,25.3,82,331.0,1.51,0.1,65
2021-10-25 09:00:00,24.8,86,294.0,3.4,0.4,55
2021-10-25 10:00:00,25.8,80,459.0,2.3,0.1,24
2021-10-25 11:00:00,27.8,74,694.0,1.4,0.0,7
2021-10-25 12:00:00,28.5,72,662.0,1.43,0.0,11
2021-10-25 13:00:00,28.6,72,591.0,1.61,0.0,19
2021-10-25 14:00:00,27.7,72,429.0,1.58,0.3,61
2021-10-25 15:00:00,27.1,74,167.0,0.98,0.1,38
2021-10-25 16:00:00,26.1,85,78.0,0.85,0.0,9
2021-10-25 17:00:00,25.8,83,2.0,0.76,0.0,22
2021-10-25 18:00:00,24.2,93,0.0,1.48,0.0,11
2021-10-25 19:00:00,23.7,96,0.0,1.3,0.0,12
2021-10-25 20:00:00,23.4,98,0.0,1.22,0.0,7
2021-10-25 21:00:00,22.9,98,0.0,1.4,0.0,4
2021-10-25 22:00:00,22.9,97,0.0,1.4,0.0,7
2021-10-25 23:00:00,22.6,96,0.0,1.4,0.0,3
2021-10-26 00:00:00,22.9,95,0.0,0.45,0.0,2
2021-10-26 01:00:00,22.6,96,0.0,0.36,0.0,2
2021-10-26 02:00:00,21.6,98,0.0,1.0,0.0,2
2021-10-26 03:00:00,21.9,99,0.0,2.2,0.0,26
2021-10-26 04:00:00,21.7,98,0.0,2.32,0.0,25
2021-10-26 05:00:00,22.0,98,0.0,1.88,0.0,16
2021-10-26 06:00:00,22.4,94,47.0,2.1,0.2,66
2021-10-26 07:00:00,23.2,89,162.0,2.31,0.2,51
2021-10-26 08:00:00,24.5,85,311.0,1.82,0.0,26
2021-10-26 09:00:00,25.3,82,429.0,1.61,0.0,40
2021-10-26 10:00:00,26.9,76,645.0,1.71,0.0,6
2021-10-26 11:00:00,27.9,71,712.0,1.28,0.0,7
2021-10-26 12:00:00,28.5,67,696.0,1.3,0.0,7
2021-10-26 13:00:00,28.8,65,593.0,1.04,0.0,9
2021-10-26 14:00:00,28.7,65,456.0,0.51,0.0,8
2021-10-26 15:00:00,28.3,67,271.0,0.7,0.0,11
2021-10-26 16:00:00,26.5,84,88.0,1.3,0.0,11
2021-10-26 17:00:00,26.3,80,1.0,0.81,0.0,4
2021-10-26 18:00:00,25.4,87,0.0,0.72,0.0,2
2021-10-26 19:00:00,24.9,89,0.0,0.81,0.0,6
2021-10-26 20:00:00,23.6,95,0.0,1.66,0.0,2
2021-10-26 21:00:00,23.8,89,0.0,1.77,0.0,16
2021-10-26 22:00:00,23.0,93,0.0,1.21,0.0,6
2021-10-26 23:00:00,22.5,96,0.0,1.21,0.0,14
2021-10-27 00:00:00,22.2,97,0.0,1.2,0.0,17
2021-10-27 01:00:00,22.1,97,0.0,1.7,0.0,10
2021-10-27 02:00:00,22.0,97,0.0,1.92,0.0,10
2021-10-27 03:00:00,21.8,97,0.0,1.91,0.0,4
2021-10-27 04:00:00,21.5,97,0.0,1.81,0.0,4
2021-10-27 05:00:00,21.8,98,0.0,2.11,0.0,2
2021-10-27 06:00:00,22.6,94,53.0,1.88,0.0,0
2021-10-27 07:00:00,24.1,87,226.0,1.84,0.0,4
2021-10-27 08:00:00,25.6,81,415.0,2.02,0.0,1
2021-10-27 09:00:00,26.9,76,577.0,2.47,0.0,1
2021-10-27 10:00:00,28.1,70,682.0,2.75,0.0,0
2021-10-27 11:00:00,29.0,64,721.0,2.56,0.0,2
2021-10-27 12:00:00,29.4,62,700.0,2.33,0.0,2
2021-10-27 13:00:00,29.5,60,604.0,2.39,0.0,2
2021-10-27 14:00:00,29.2,62,455.0,2.33,0.0,2
2021-10-27 15:00:00,28.4,69,270.0,1.72,0.0,1
2021-10-27 16:00:00,26.3,79,89.0,1.49,0.0,0
2021-10-27 17:00:00,24.9,84,1.0,2.26,0.0,0
2021-10-27 18:00:00,24.2,88,0.0,1.72,0.0,2
2021-10-27 19:00:00,23.4,92,0.0,2.0,0.0,3
2021-10-27 20:00:00,23.1,93,0.0,1.84,0.0,5
2021-10-27 21:00:00,22.7,95,0.0,1.64,0.0,0
2021-10-27 22:00:00,22.1,98,0.0,1.27,0.0,1
2021-10-27 23:00:00,22.1,97,0.0,1.35,0.0,2
2021-10-28 00:00:00,21.6,96,0.0,1.72,0.0,0
2021-10-28 01:00:00,21.2,97,0.0,1.36,0.0,0
2021-10-28 02:00:00,21.4,100,0.0,1.08,0.0,0
2021-10-28 03:00:00,21.2,98,0.0,1.44,0.0,1
2021-10-28 04:00:00,21.3,95,0.0,1.43,0.0,0
2021-10-28 05:00:00,20.9,99,0.0,1.92,0.0,0
2021-10-28 06:00:00,21.9,92,43.0,1.8,0.0,0
2021-10-28 07:00:00,24.2,82,203.0,1.61,0.0,1
2021-10-28 08:00:00,26.2,76,413.0,2.04,0.0,0
2021-10-28 09:00:00,27.8,69,576.0,2.56,0.0,0
2021-10-28 10:00:00,28.9,62,683.0,2.88,0.0,0
2021-10-28 11:00:00,29.5,58,726.0,2.95,0.0,0
2021-10-28 12:00:00,29.8,57,692.0,2.68,0.0,2
2021-10-28 13:00:00,29.8,57,601.0,2.58,0.0,3
2021-10-28 14:00:00,29.3,59,447.0,2.48,0.0,5
2021-10-28 15:00:00,28.4,67,266.0,1.58,0.0,3
2021-10-28 16:00:00,25.9,80,86.0,1.96,0.0,3
2021-10-28 17:00:00,25.0,84,1.0,2.01,0.0,2
2021-10-28 18:00:00,24.1,90,0.0,1.88,0.0,3
2021-10-28 19:00:00,23.6,92,0.0,1.96,0.0,2
2021-10-28 20:00:00,23.2,93,0.0,2.1,0.0,2
2021-10-28 21:00:00,23.3,92,0.0,1.71,0.0,3
2021-10-28 22:00:00,22.3,96,0.0,1.8,0.0,2
2021-10-28 23:00:00,22.1,97,0.0,1.6,0.0,1
2021-10-29 00:00:00,22.2,97,0.0,1.39,0.0,0
2021-10-29 01:00:00,22.1,94,0.0,1.58,0.0,0
2021-10-29 02:00:00,21.4,94,0.0,1.75,0.0,0
2021-10-29 03:00:00,20.8,95,0.0,1.87,0.0,0
2021-10-29 04:00:00,20.6,98,0.0,1.4,0.0,0
2021-10-29 05:00:00,21.3,100,0.0,1.6,0.0,100
2021-10-29 06:00:00,22.3,93,45.0,1.81,0.0,0
2021-10-29 07:00:00,24.4,80,218.0,1.7,0.0,0
2021-10-29 08:00:00,26.2,74,416.0,1.8,0.0,0
2021-10-29 09:00:00,27.7,68,579.0,2.06,0.0,0
2021-10-29 10:00:00,28.8,60,688.0,2.44,0.0,0
2021-10-29 11:00:00,29.6,56,732.0,2.53,0.0,0
2021-10-29 12:00:00,30.1,53,707.0,2.47,0.0,0
2021-10-29 13:00:00,30.2,53,614.0,2.25,0.0,0
2021-10-29 14:00:00,29.9,54,463.0,2.15,0.0,0
2021-10-29 15:00:00,28.8,64,274.0,1.63,0.0,0
2021-10-29 16:00:00,26.0,77,86.0,1.7,0.0,0
2021-10-29 17:00:00,24.8,83,1.0,2.05,0.0,1
2021-10-29 18:00:00,24.1,87,0.0,1.66,0.0,0
2021-10-29 19:00:00,23.3,91,0.0,1.87,0.0,0
2021-10-29 20:00:00,23.1,91,0.0,1.8,0.0,0
2021-10-29 21:00:00,22.8,91,0.0,1.77,0.0,0
2021-10-29 22:00:00,22.4,93,0.0,1.7,0.0,0
2021-10-29 23:00:00,21.9,95,0.0,1.7,0.0,2
2021-10-30 00:00:00,21.4,98,0.0,1.5,0.0,3
2021-10-30 01:00:00,20.8,99,0.0,1.34,0.0,3
2021-10-30 02:00:00,21.6,100,0.0,0.57,0.0,11
2021-10-30 03:00:00,21.5,100,0.0,0.73,0.0,100
2021-10-30 04:00:00,21.2,97,0.0,1.04,0.0,100
2021-10-30 05:00:00,21.7,96,0.0,0.32,0.0,94
2021-10-30 06:00:00,22.1,96,41.0,0.91,0.0,94
2021-10-30 07:00:00,23.3,91,187.0,1.12,0.0,35
2021-10-30 08:00:00,25.4,79,378.0,1.17,0.0,17
2021-10-30 09:00:00,27.2,69,558.0,1.39,0.0,0
2021-10-30 10:00:00,28.5,65,674.0,1.62,0.0,4
2021-10-30 11:00:00,29.3,62,718.0,1.46,0.0,2
2021-10-30 12:00:00,29.9,59,692.0,1.08,0.0,0
2021-10-30 13:00:00,30.3,54,600.0,0.72,0.0,4
2021-10-30 14:00:00,30.2,52,451.0,0.91,0.0,7
2021-10-30 15:00:00,28.9,65,256.0,1.32,0.0,1
2021-10-30 16:00:00,26.1,79,82.0,1.53,0.0,0
2021-10-30 17:00:00,25.0,85,1.0,2.2,0.0,0
2021-10-30 18:00:00,24.3,87,0.0,1.9,0.0,34
2021-10-30 19:00:00,24.4,82,0.0,1.9,0.0,27
2021-10-30 20:00:00,25.5,76,0.0,0.86,0.0,4
2021-10-30 21:00:00,25.1,81,0.0,0.5,0.0,6
2021-10-30 22:00:00,24.4,86,0.0,1.12,0.0,12
2021-10-30 23:00:00,23.7,92,0.0,0.82,0.0,3
2021-10-31 00:00:00,22.2,99,0.0,1.62,0.0,2
2021-10-31 01:00:00,21.3,99,0.0,1.96,0.0,21
2021-10-31 02:00:00,22.0,94,0.0,1.92,0.0,35
2021-10-31 03:00:00,21.4,94,0.0,0.73,0.0,0
2021-10-31 04:00:00,20.4,97,0.0,1.64,0.0,0
2021-10-31 05:00:00,21.2,98,0.0,1.41,0.0,2
2021-10-31 06:00:00,22.2,96,47.0,0.4,0.0,5
2021-10-31 07:00:00,24.1,86,204.0,0.92,0.0,9
2021-10-31 08:00:00,25.5,76,396.0,1.02,0.0,8
2021-10-31 09:00:00,26.7,71,547.0,0.86,0.0,6
2021-10-31 10:00:00,27.9,65,659.0,1.48,0.0,4
2021-10-31 11:00:00,28.8,57,694.0,1.8,0.0,29
2021-10-31 12:00:00,29.2,52,665.0,1.82,0.0,25
2021-10-31 13:00:00,29.1,51,553.0,1.9,0.0,10
2021-10-31 14:00:00,28.9,52,427.0,1.5,0.0,12
2021-10-31 15:00:00,28.2,61,249.0,1.04,0.0,12
2021-10-31 16:00:00,25.7,76,76.0,1.78,0.0,10
2021-10-31 17:00:00,25.6,70,1.0,1.27,0.0,9
2021-10-31 18:00:00,24.5,80,0.0,0.98,0.0,14
2021-10-31 19:00:00,23.8,82,0.0,1.63,0.0,23
2021-10-31 20:00:00,22.5,91,0.0,1.92,0.0,17
2021-10-31 21:00:00,22.4,94,0.0,1.43,0.0,28
2021-10-31 22:00:00,21.9,95,0.0,1.66,0.0,31
2021-10-31 23:00:00,21.4,94,0.0,1.53,0.0,27
2021-11-01 00:00:00,20.8,95,0.0,1.32,0.0,42
2021-11-01 01:00:00,20.4,93,0.0,1.68,0.0,36
2021-11-01 02:00:00,21.8,88,0.0,0.91,0.0,35
2021-11-01 03:00:00,20.4,93,0.0,1.04,0.0,33
2021-11-01 04:00:00,20.1,94,0.0,0.94,0.0,12
2021-11-01 05:00:00,19.9,96,0.0,1.99,0.0,23
2021-11-01 06:00:00,20.7,87,46.0,1.71,0.0,0
2021-11-01 07:00:00,22.6,75,208.0,2.02,0.0,7
2021-11-01 08:00:00,24.4,75,391.0,2.14,0.0,5
2021-11-01 09:00:00,26.0,71,547.0,2.04,0.0,9
2021-11-01 10:00:00,26.9,69,644.0,2.68,0.0,16
2021-11-01 11:00:00,27.1,66,629.0,2.98,0.2,44
2021-11-01 12:00:00,27.4,63,595.0,2.72,0.0,11
2021-11-01 13:00:00,27.4,62,497.0,2.28,0.0,10
2021-11-01 14:00:00,27.3,61,417.0,2.34,0.0,22
2021-11-01 15:00:00,26.6,64,227.0,2.42,0.0,9
2021-11-01 16:00:00,24.5,77,73.0,1.58,0.0,4
2021-11-01 17:00:00,23.4,83,1.0,2.51,0.0,2
2021-11-01 18:00:00,22.8,84,0.0,1.97,0.0,50
2021-11-01 19:00:00,23.0,84,0.0,1.5,0.0,22
2021-11-01 20:00:00,22.6,86,0.0,1.51,0.0,9
2021-11-01 21:00:00,22.3,88,0.0,1.65,0.0,0
2021-11-01 22:00:00,21.2,93,0.0,1.7,0.0,0
2021-11-01 23:00:00,20.8,95,0.0,1.48,0.0,1
2021-11-02 00:00:00,20.9,96,0.0,1.94,0.0,0
2021-11-02 01:00:00,20.6,96,0.0,2.1,0.0,0
2021-11-02 02:00:00,20.2,98,0.0,1.8,0.0,0
2021-11-02 03:00:00,19.9,100,0.0,1.84,0.0,0
2021-11-02 04:00:00,19.8,100,0.0,1.8,0.0,100
2021-11-02 05:00:00,20.0,97,0.0,2.31,0.0,26
2021-11-02 06:00:00,20.6,92,42.0,1.81,0.0,1
2021-11-02 07:00:00,22.3,84,204.0,2.02,0.0,0
2021-11-02 08:00:00,24.1,76,398.0,2.22,0.0,0
2021-11-02 09:00:00,25.9,70,560.0,2.6,0.0,0
2021-11-02 10:00:00,27.3,63,666.0,3.01,0.0,36
2021-11-02 11:00:00,28.3,56,703.0,3.16,0.0,32
2021-11-02 12:00:00,28.8,51,661.0,3.24,0.0,21
2021-11-02 13:00:00,28.9,51,576.0,2.86,0.0,24
2021-11-02 14:00:00,28.5,53,426.0,2.69,0.0,5
2021-11-02 15:00:00,27.5,59,249.0,2.48,0.0,5
2021-11-02 16:00:00,24.8,74,74.0,1.84,0.0,4
2021-11-02 17:00:00,24.9,74,0.0,1.53,0.0,5
2021-11-02 18:00:00,23.5,84,0.0,1.53,0.0,23
2021-11-02 19:00:00,23.0,87,0.0,1.84,0.0,5
2021-11-02 20:00:00,23.4,83,0.0,1.42,0.0,7
2021-11-02 21:00:00,21.9,92,0.0,1.62,0.0,5
2021-11-02 22:00:00,22.3,90,0.0,1.22,0.0,1
2021-11-02 23:00:00,22.4,90,0.0,0.85,0.0,11
2021-11-03 00:00:00,22.2,93,0.0,0.85,0.0,8
2021-11-03 01:00:00,21.7,97,0.0,0.92,0.0,2
2021-11-03 02:00:00,21.4,100,0.0,1.0,0.0,100
2021-11-03 03:00:00,21.1,99,0.0,1.26,0.0,91
2021-11-03 04:00:00,21.0,100,0.0,0.86,0.0,76
2021-11-03 05:00:00,20.1,100,0.0,0.73,0.0,99
2021-11-03 06:00:00,20.9,98,43.0,1.0,0.0,100
2021-11-03 07:00:00,22.6,88,196.0,1.0,0.0,24
2021-11-03 08:00:00,24.8,76,387.0,1.2,0.0,8
2021-11-03 09:00:00,26.4,68,551.0,1.3,0.0,0
2021-11-03 10:00:00,27.7,62,661.0,1.92,0.0,15
2021-11-03 11:00:00,28.6,56,687.0,2.11,0.0,11
2021-11-03 12:00:00,29.0,53,658.0,1.84,0.0,6
2021-11-03 13:00:00,29.1,53,562.0,1.66,0.0,15
2021-11-03 14:00:00,28.8,53,426.0,1.7,0.0,14
2021-11-03 15:00:00,27.7,62,248.0,1.75,0.0,1
2021-11-03 16:00:00,25.3,71,73.0,1.8,0.0,1
2021-11-03 17:00:00,25.4,71,0.0,1.12,0.0,1
2021-11-03 18:00:00,23.3,86,0.0,1.04,0.0,1
2021-11-03 19:00:00,22.8,90,0.0,1.55,0.0,2
2021-11-03 20:00:00,21.9,92,0.0,2.1,0.0,5
2021-11-03 21:00:00,21.5,92,0.0,2.06,0.0,1
2021-11-03 22:00:00,21.7,89,0.0,1.88,0.0,0
2021-11-03 23:00:00,21.0,92,0.0,2.19,0.0,6
2021-11-04 00:00:00,20.6,94,0.0,2.21,0.0,12
2021-11-04 01:00:00,22.1,92,0.0,1.46,0.0,14
2021-11-04 02:00:00,21.6,96,0.0,1.2,0.0,18
2021-11-04 03:00:00,21.5,97,0.0,1.08,0.0,17
2021-11-04 04:00:00,20.9,97,0.0,1.22,0.0,15
2021-11-04 05:00:00,19.8,98,0.0,1.1,0.0,18
2021-11-04 06:00:00,21.0,97,42.0,0.5,0.0,11
2021-11-04 07:00:00,23.2,87,206.0,1.0,0.0,2
2021-11-04 08:00:00,24.9,76,391.0,1.65,0.0,12
2021-11-04 09:00:00,26.2,68,544.0,1.49,0.0,24
2021-11-04 10:00:00,27.2,61,653.0,0.95,0.0,58
2021-11-04 11:00:00,27.8,56,667.0,0.82,0.0,10
2021-11-04 12:00:00,28.2,54,648.0,1.0,0.0,16
2021-11-04 13:00:00,28.4,53,559.0,1.22,0.0,18
2021-11-04 14:00:00,28.0,54,417.0,1.94,0.0,22
2021-11-04 15:00:00,26.9,63,246.0,1.46,0.0,12
2021-11-04 16:00:00,24.3,78,71.0,1.78,0.0,6
2021-11-04 17:00:00,23.5,80,0.0,2.04,0.0,4
2021-11-04 18:00:00,23.2,80,0.0,1.84,0.0,6
2021-11-04 19:00:00,22.8,82,0.0,1.61,0.0,4
2021-11-04 20:00:00,21.4,90,0.0,1.97,0.0,1
2021-11-04 21:00:00,20.6,94,0.0,2.1,0.0,1
2021-11-04 22:00:00,20.3,94,0.0,1.87,0.0,2
2021-11-04 23:00:00,20.6,92,0.0,1.73,0.0,0
2021-11-05 00:00:00,21.6,91,0.0,0.22,0.0,0
2021-11-05 01:00:00,19.2,98,0.0,1.2,0.0,6
2021-11-05 02:00:00,18.8,99,0.0,1.25,0.0,17
2021-11-05 03:00:00,18.7,99,0.0,1.13,0.0,24
2021-11-05 04:00:00,19.5,98,0.0,0.54,0.0,16
2021-11-05 05:00:00,19.8,100,0.0,0.78,0.0,15
2021-11-05 06:00:00,20.4,97,30.0,0.0,0.0,88
2021-11-05 07:00:00,22.0,93,145.0,0.63,0.0,38
2021-11-05 08:00:00,24.0,80,347.0,0.5,0.0,1
2021-11-05 09:00:00,25.8,69,535.0,1.12,0.0,1
2021-11-05 10:00:00,27.0,60,653.0,1.64,0.0,5
2021-11-05 11:00:00,27.9,54,676.0,1.98,0.0,11
2021-11-05 12:00:00,28.3,52,651.0,1.98,0.0,17
2021-11-05 13:00:00,28.4,51,559.0,1.91,0.0,18
2021-11-05 14:00:00,28.1,52,415.0,2.0,0.0,29
2021-11-05 15:00:00,27.0,59,243.0,1.94,0.0,70
2021-11-05 16:00:00,24.3,71,71.0,1.63,0.0,59
2021-11-05 17:00:00,23.7,72,0.0,1.61,0.0,56
2021-11-05 18:00:00,23.0,77,0.0,1.75,0.0,9
2021-11-05 19:00:00,22.5,80,0.0,1.8,0.0,55
2021-11-05 20:00:00,21.8,85,0.0,2.38,0.0,55
2021-11-05 21:00:00,23.5,78,0.0,1.03,0.0,45
2021-11-05 22:00:00,22.7,86,0.0,0.78,0.0,40
2021-11-05 23:00:00,22.3,90,0.0,0.36,0.0,15
2021-11-06 00:00:00,22.1,90,0.0,0.36,0.0,28
2021-11-06 01:00:00,21.3,95,0.0,0.73,0.0,2
2021-11-06 02:00:00,19.1,100,0.0,1.58,0.0,100
2021-11-06 03:00:00,20.3,100,0.0,1.21,0.0,100
2021-11-06 04:00:00,20.0,100,0.0,0.63,0.0,100
2021-11-06 05:00:00,19.4,98,0.0,0.95,0.0,100
2021-11-06 06:00:00,19.9,99,34.0,0.7,0.0,100
2021-11-06 07:00:00,21.4,93,162.0,0.3,0.0,52
2021-11-06 08:00:00,23.4,80,350.0,0.14,0.0,9
2021-11-06 09:00:00,25.2,71,538.0,0.32,0.0,0
2021-11-06 10:00:00,26.5,63,651.0,0.8,0.0,7
2021-11-06 11:00:00,27.5,54,691.0,1.14,0.0,20
2021-11-06 12:00:00,28.0,51,656.0,1.26,0.0,8
2021-11-06 13:00:00,28.2,48,573.0,1.43,0.0,2
2021-11-06 14:00:00,27.9,48,432.0,2.06,0.0,1
2021-11-06 15:00:00,26.6,56,247.0,2.33,0.0,0
2021-11-06 16:00:00,24.1,63,69.0,1.98,0.0,1
2021-11-06 17:00:00,24.8,57,0.0,1.64,0.0,2
2021-11-06 18:00:00,23.7,67,0.0,1.52,0.0,38
2021-11-06 19:00:00,23.0,74,0.0,1.39,0.0,41
2021-11-06 20:00:00,22.5,80,0.0,1.12,0.0,2
2021-11-06 21:00:00,21.5,89,0.0,1.0,0.0,23
2021-11-06 22:00:00,21.5,90,0.0,0.71,0.0,18
2021-11-06 23:00:00,21.4,93,0.0,0.22,0.0,11
2021-11-07 00:00:00,20.4,95,0.0,0.45,0.0,13
2021-11-07 01:00:00,20.0,95,0.0,0.71,0.0,1
2021-11-07 02:00:00,20.5,96,0.0,0.82,0.0,40
2021-11-07 03:00:00,19.1,100,0.0,0.9,0.0,100
2021-11-07 04:00:00,18.2,100,0.0,0.98,0.0,90
2021-11-07 05:00:00,18.3,100,0.0,2.1,0.0,47
2021-11-07 06:00:00,19.0,89,32.0,2.06,0.0,3
2021-11-07 07:00:00,21.2,76,179.0,1.91,0.0,0
2021-11-07 08:00:00,23.4,70,384.0,1.81,0.0,0
2021-11-07 09:00:00,25.1,64,545.0,2.15,0.0,0
2021-11-07 10:00:00,26.6,58,653.0,2.56,0.0,0
2021-11-07 11:00:00,27.7,53,696.0,2.8,0.0,0
2021-11-07 12:00:00,28.2,51,671.0,3.09,0.0,0
2021-11-07 13:00:00,28.3,49,579.0,3.45,0.0,40
2021-11-07 14:00:00,27.9,51,431.0,3.4,0.0,100
2021-11-07 15:00:00,26.7,57,245.0,2.78,0.0,91
2021-11-07 16:00:00,24.5,62,68.0,2.69,0.0,100
2021-11-07 17:00:00,22.9,75,0.0,2.51,0.0,95
2021-11-07 18:00:00,23.6,68,0.0,1.63,0.0,96
2021-11-07 19:00:00,21.6,83,0.0,1.98,0.0,74
2021-11-07 20:00:00,21.3,83,0.0,1.8,0.0,82
2021-11-07 21:00:00,21.4,81,0.0,1.8,0.0,94
2021-11-07 22:00:00,20.8,83,0.0,1.79,0.0,34
2021-11-07 23:00:00,19.9,88,0.0,1.55,0.0,40
2021-11-08 00:00:00,19.1,92,0.0,1.6,0.0,68
2021-11-08 01:00:00,19.0,93,0.0,1.51,0.0,100
2021-11-08 02:00:00,19.0,93,0.0,1.84,0.0,70
2021-11-08 03:00:00,18.6,95,0.0,1.73,0.0,0
2021-11-08 04:00:00,18.3,97,0.0,1.51,0.0,3
2021-11-08 05:00:00,18.1,99,0.0,2.04,0.0,2
2021-11-08 06:00:00,18.7,97,37.0,2.2,0.0,5
2021-11-08 07:00:00,20.7,84,194.0,2.0,0.0,3
2021-11-08 08:00:00,23.0,73,381.0,2.11,0.0,0
2021-11-08 09:00:00,25.3,64,541.0,2.77,0.0,0
2021-11-08 10:00:00,27.3,55,649.0,4.0,0.0,14
2021-11-08 11:00:00,28.3,50,693.0,4.49,0.0,21
2021-11-08 12:00:00,28.9,47,668.0,4.52,0.0,9
2021-11-08 13:00:00,29.0,46,577.0,4.3,0.0,0
2021-11-08 14:00:00,28.6,48,429.0,4.05,0.0,67
2021-11-08 15:00:00,27.3,56,243.0,3.22,0.0,83
2021-11-08 16:00:00,25.1,65,66.0,2.66,0.0,83
2021-11-08 17:00:00,23.5,74,0.0,1.94,0.0,85
2021-11-08 18:00:00,22.6,81,0.0,2.12,0.0,59
2021-11-08 19:00:00,22.7,79,0.0,1.7,0.0,40
2021-11-08 20:00:00,22.3,81,0.0,1.82,0.0,0
2021-11-08 21:00:00,21.6,84,0.0,1.8,0.0,22
2021-11-08 22:00:00,20.7,85,0.0,1.75,0.0,70
2021-11-08 23:00:00,19.8,88,0.0,1.58,0.0,1
2021-11-09 00:00:00,19.0,92,0.0,1.53,0.0,0
2021-11-09 01:00:00,18.5,93,0.0,1.46,0.0,0
2021-11-09 02:00:00,18.0,92,0.0,1.53,0.0,0
2021-11-09 03:00:00,17.8,89,0.0,1.53,0.0,0
2021-11-09 04:00:00,17.5,89,0.0,1.55,0.0,0
2021-11-09 05:00:00,17.8,86,0.0,1.63,0.0,46
2021-11-09 06:00:00,18.6,82,36.0,2.04,0.0,32
2021-11-09 07:00:00,20.6,77,193.0,1.65,0.0,0
2021-11-09 08:00:00,22.9,72,380.0,1.84,0.0,0
2021-11-09 09:00:00,25.1,67,538.0,2.37,0.0,0
2021-11-09 10:00:00,27.3,57,645.0,3.05,0.0,0
2021-11-09 11:00:00,28.6,51,688.0,3.64,0.0,0
2021-11-09 12:00:00,29.2,48,664.0,3.71,0.0,0
2021-11-09 13:00:00,29.3,46,572.0,3.69,0.0,0
2021-11-09 14:00:00,28.8,48,425.0,3.47,0.0,0
2021-11-09 15:00:00,27.4,55,239.0,2.25,0.0,0
2021-11-09 16:00:00,24.0,69,64.0,2.44,0.0,5
2021-11-09 17:00:00,23.7,69,0.0,1.9,0.0,8
2021-11-09 18:00:00,23.4,71,0.0,1.58,0.0,6
2021-11-09 19:00:00,22.6,75,0.0,1.53,0.0,0
2021-11-09 20:00:00,20.9,85,0.0,1.5,0.0,0
2021-11-09 21:00:00,20.3,89,0.0,1.22,0.0,0
2021-11-09 22:00:00,19.5,94,0.0,1.34,0.0,0
2021-11-09 23:00:00,19.1,96,0.0,1.32,0.0,0
2021-11-10 00:00:00,19.0,96,0.0,1.4,0.0,0
2021-11-10 01:00:00,19.0,94,0.0,1.94,0.0,0
2021-11-10 02:00:00,19.0,92,0.0,2.11,0.0,0
2021-11-10 03:00:00,18.7,93,0.0,2.0,0.0,0
2021-11-10 04:00:00,18.2,94,0.0,1.65,0.0,0
2021-11-10 05:00:00,18.1,91,0.0,1.53,0.0,0
2021-11-10 06:00:00,18.9,85,34.0,1.81,0.0,0
2021-11-10 07:00:00,20.8,77,188.0,1.65,0.0,0
2021-11-10 08:00:00,22.7,74,374.0,2.06,0.0,0
2021-11-10 09:00:00,24.7,67,532.0,2.26,0.0,0
2021-11-10 10:00:00,26.6,60,640.0,2.47,0.0,0
2021-11-10 11:00:00,28.2,55,684.0,2.96,0.0,0
2021-11-10 12:00:00,29.0,53,659.0,2.84,0.0,0
2021-11-10 13:00:00,29.3,50,567.0,2.66,0.0,0
2021-11-10 14:00:00,29.0,50,420.0,2.47,0.0,0
2021-11-10 15:00:00,27.8,56,233.0,2.08,0.0,2
2021-11-10 16:00:00,24.9,67,61.0,1.86,0.0,6
2021-11-10 17:00:00,23.3,77,0.0,2.45,0.0,13
2021-11-10 18:00:00,22.9,79,0.0,2.1,0.0,22
2021-11-10 19:00:00,22.5,80,0.0,2.04,0.0,7
2021-11-10 20:00:00,21.9,82,0.0,1.93,0.0,7
2021-11-10 21:00:00,21.1,87,0.0,1.9,0.0,0
2021-11-10 22:00:00,20.2,92,0.0,2.12,0.0,0
2021-11-10 23:00:00,19.6,95,0.0,1.78,0.0,0
2021-11-11 00:00:00,19.6,94,0.0,1.52,0.0,0
2021-11-11 01:00:00,19.5,93,0.0,1.63,0.0,0
2021-11-11 02:00:00,19.4,94,0.0,1.6,0.0,0
2021-11-11 03:00:00,19.1,96,0.0,1.6,0.0,0
2021-11-11 04:00:00,18.6,97,0.0,1.33,0.0,0
2021-11-11 05:00:00,18.4,100,0.0,1.55,0.0,0
2021-11-11 06:00:00,19.3,92,32.0,2.31,0.0,0
2021-11-11 07:00:00,21.3,81,183.0,2.0,0.0,2
2021-11-11 08:00:00,23.4,71,366.0,2.16,0.0,14
2021-11-11 09:00:00,25.4,64,524.0,2.41,0.0,62
2021-11-11 10:00:00,27.3,56,631.0,3.04,0.0,43
2021-11-11 11:00:00,28.3,51,674.0,3.36,0.0,58
2021-11-11 12:00:00,28.9,50,649.0,3.14,0.0,94
2021-11-11 13:00:00,29.0,50,556.0,3.02,0.0,98
2021-11-11 14:00:00,28.5,51,409.0,2.94,0.0,92
2021-11-11 15:00:00,27.3,56,230.0,1.98,0.0,85
2021-11-11 16:00:00,24.7,63,60.0,1.91,0.0,62
2021-11-11 17:00:00,22.9,73,0.0,2.24,0.0,16
2021-11-11 18:00:00,22.7,75,0.0,1.63,0.0,23
2021-11-11 19:00:00,22.0,81,0.0,1.84,0.0,52
2021-11-11 20:00:00,20.8,87,0.0,2.06,0.0,91
2021-11-11 21:00:00,20.7,88,0.0,1.91,0.0,73
2021-11-11 22:00:00,21.6,84,0.0,0.92,0.0,3
2021-11-11 23:00:00,21.2,90,0.0,1.17,0.0,20
2021-11-12 00:00:00,21.3,88,0.0,0.54,0.0,53
2021-11-12 01:00:00,19.6,92,0.0,0.45,0.0,92
2021-11-12 02:00:00,18.9,93,0.0,0.72,0.0,56
2021-11-12 03:00:00,18.2,96,0.0,1.03,0.0,97
2021-11-12 04:00:00,17.7,96,0.0,1.5,0.0,100
2021-11-12 05:00:00,17.8,97,0.0,1.08,0.0,100
2021-11-12 06:00:00,18.6,95,27.0,1.53,0.0,100
2021-11-12 07:00:00,21.2,79,158.0,1.1,0.0,99
2021-11-12 08:00:00,23.7,70,343.0,0.9,0.0,100
2021-11-12 09:00:00,25.4,64,503.0,1.42,0.0,97
2021-11-12 10:00:00,26.7,59,608.0,1.98,0.0,100
2021-11-12 11:00:00,27.9,54,656.0,2.13,0.0,80
2021-11-12 12:00:00,28.8,50,643.0,2.06,0.0,24
2021-11-12 13:00:00,29.2,47,556.0,2.16,0.0,16
2021-11-12 14:00:00,28.9,48,410.0,2.27,0.0,6
2021-11-12 15:00:00,27.5,56,229.0,2.11,0.0,82
2021-11-12 16:00:00,25.2,65,57.0,2.44,0.0,72
2021-11-12 17:00:00,23.1,74,0.0,2.06,0.0,97
2021-11-12 18:00:00,22.1,80,0.0,1.49,0.0,74
2021-11-12 19:00:00,21.0,88,0.0,2.02,0.0,93
2021-11-12 20:00:00,20.7,89,0.0,1.7,0.0,26
2021-11-12 21:00:00,20.9,88,0.0,1.43,0.0,76
2021-11-12 22:00:00,21.5,87,0.0,1.13,0.0,97
2021-11-12 23:00:00,21.0,92,0.0,1.14,0.0,99
2021-11-13 00:00:00,20.6,93,0.0,0.51,0.0,39
2021-11-13 01:00:00,18.7,96,0.0,0.95,0.0,25
2021-11-13 02:00:00,18.1,96,0.0,1.43,0.0,6
2021-11-13 03:00:00,18.4,94,0.0,1.17,0.0,83
2021-11-13 04:00:00,19.1,95,0.0,0.3,0.0,82
2021-11-13 05:00:00,18.5,98,0.0,0.51,0.0,100
2021-11-13 06:00:00,18.7,97,28.0,0.78,0.0,85
2021-11-13 07:00:00,20.6,89,162.0,0.36,0.0,85
2021-11-13 08:00:00,23.2,73,345.0,0.2,0.0,38
2021-11-13 09:00:00,25.3,63,515.0,0.4,0.0,80
2021-11-13 10:00:00,26.8,55,623.0,1.22,0.0,95
2021-11-13 11:00:00,27.9,49,666.0,1.66,0.0,33
2021-11-13 12:00:00,28.5,46,643.0,1.84,0.0,0
2021-11-13 13:00:00,28.7,44,554.0,1.84,0.0,0
2021-11-13 14:00:00,28.4,44,410.0,1.8,0.0,0
2021-11-13 15:00:00,27.0,52,229.0,1.68,0.0,0
2021-11-13 16:00:00,23.6,62,59.0,1.94,0.0,4
2021-11-13 17:00:00,25.4,55,0.0,0.89,0.0,22
2021-11-13 18:00:00,24.5,60,0.0,0.67,0.0,8
2021-11-13 19:00:00,20.9,84,0.0,1.75,0.0,10
2021-11-13 20:00:00,20.2,88,0.0,2.21,0.0,11
2021-11-13 21:00:00,21.1,82,0.0,1.51,0.0,10
2021-11-13 22:00:00,21.2,83,0.0,1.4,0.0,12
2021-11-13 23:00:00,21.5,83,0.0,1.49,0.0,4
2021-11-14 00:00:00,21.1,86,0.0,1.36,0.0,1
2021-11-14 01:00:00,20.6,90,0.0,1.36,0.0,0
2021-11-14 02:00:00,20.3,90,0.0,1.36,0.0,0
2021-11-14 03:00:00,20.1,89,0.0,0.89,0.0,0
2021-11-14 04:00:00,19.9,87,0.0,1.04,0.0,0
2021-11-14 05:00:00,19.1,95,0.0,0.89,0.0,0
2021-11-14 06:00:00,18.8,98,29.0,0.54,0.0,0
2021-11-14 07:00:00,20.6,88,177.0,0.51,0.0,0
2021-11-14 08:00:00,22.6,75,357.0,0.5,0.0,0
2021-11-14 09:00:00,24.4,66,512.0,0.64,0.0,0
2021-11-14 10:00:00,26.0,60,617.0,0.85,0.0,0
2021-11-14 11:00:00,27.1,54,660.0,1.21,0.0,0
2021-11-14 12:00:00,27.8,49,638.0,1.53,0.0,0
2021-11-14 13:00:00,28.0,47,549.0,1.81,0.0,0
2021-11-14 14:00:00,27.8,48,404.0,1.9,0.0,0
2021-11-14 15:00:00,26.5,56,225.0,1.6,0.0,0
2021-11-14 16:00:00,24.3,64,57.0,1.75,0.0,0
2021-11-14 17:00:00,24.6,63,0.0,1.1,0.0,4
2021-11-14 18:00:00,22.5,75,0.0,1.75,0.0,3
2021-11-14 19:00:00,21.0,85,0.0,1.87,0.0,29
2021-11-14 20:00:00,20.2,89,0.0,2.24,0.0,34
2021-11-14 21:00:00,19.6,91,0.0,2.34,0.0,23
2021-11-14 22:00:00,20.4,87,0.0,2.2,0.0,15
2021-11-14 23:00:00,19.8,91,0.0,2.26,0.0,5
2021-11-15 00:00:00,19.9,92,0.0,1.94,0.0,1
2021-11-15 01:00:00,20.1,92,0.0,1.58,0.0,0
2021-11-15 02:00:00,20.2,91,0.0,1.1,0.0,0
2021-11-15 03:00:00,20.0,91,0.0,0.67,0.0,1
2021-11-15 04:00:00,18.9,95,0.0,0.5,0.0,2
2021-11-15 05:00:00,18.6,100,0.0,0.22,0.0,1
2021-11-15 06:00:00,18.7,100,27.0,0.36,0.0,98
2021-11-15 07:00:00,21.1,86,171.0,0.64,0.0,5
2021-11-15 08:00:00,23.4,72,353.0,1.27,0.0,0
2021-11-15 09:00:00,25.1,64,509.0,1.56,0.0,0
2021-11-15 10:00:00,26.5,57,615.0,1.94,0.0,0
2021-11-15 11:00:00,27.2,53,660.0,2.16,0.0,0
2021-11-15 12:00:00,27.6,50,637.0,2.0,0.0,0
2021-11-15 13:00:00,27.8,48,548.0,1.78,0.0,1
2021-11-15 14:00:00,27.5,48,403.0,1.93,0.0,1
2021-11-15 15:00:00,26.4,55,222.0,1.65,0.0,0
2021-11-15 16:00:00,23.8,63,55.0,1.66,0.0,3
2021-11-15 17:00:00,22.4,74,0.0,1.02,0.0,14
2021-11-15 18:00:00,21.3,80,0.0,1.22,0.0,73
2021-11-15 19:00:00,20.8,85,0.0,1.75,0.0,83
2021-11-15 20:00:00,20.2,89,0.0,2.28,0.0,39
2021-11-15 21:00:00,20.3,87,0.0,2.52,0.0,75
2021-11-15 22:00:00,22.1,77,0.0,1.97,0.0,73
2021-11-15 23:00:00,22.5,74,0.0,1.3,0.0,68
2021-11-16 00:00:00,20.2,89,0.0,0.76,0.0,43
2021-11-16 01:00:00,20.2,93,0.0,1.61,0.0,100
2021-11-16 02:00:00,19.8,93,0.0,1.43,0.0,37
2021-11-16 03:00:00,19.9,92,0.0,1.34,0.0,9
2021-11-16 04:00:00,18.5,96,0.0,1.75,0.0,36
2021-11-16 05:00:00,18.5,99,0.0,1.22,0.0,64
2021-11-16 06:00:00,19.2,97,21.0,1.58,0.0,12
2021-11-16 07:00:00,21.1,86,127.0,1.73,0.0,23
2021-11-16 08:00:00,23.9,68,313.0,2.1,0.0,17
2021-11-16 09:00:00,25.7,55,483.0,2.89,0.0,10
2021-11-16 10:00:00,26.7,51,596.0,3.26,0.0,1
2021-11-16 11:00:00,27.5,49,648.0,3.28,0.0,0
2021-11-16 12:00:00,27.9,47,626.0,3.14,0.0,2
2021-11-16 13:00:00,27.9,46,536.0,3.16,0.0,2
2021-11-16 14:00:00,27.6,47,394.0,3.47,0.0,0
2021-11-16 15:00:00,26.5,52,219.0,2.69,0.0,0
2021-11-16 16:00:00,24.1,61,54.0,2.15,0.0,2
2021-11-16 17:00:00,22.1,74,0.0,2.16,0.0,14
2021-11-16 18:00:00,21.8,74,0.0,1.79,0.0,30
2021-11-16 19:00:00,21.5,75,0.0,1.84,0.0,32
2021-11-16 20:00:00,21.3,80,0.0,2.13,0.0,88
2021-11-16 21:00:00,22.8,71,0.0,1.22,0.0,27
2021-11-16 22:00:00,21.7,78,0.0,1.25,0.0,32
2021-11-16 23:00:00,19.5,89,0.0,1.61,0.0,21
2021-11-17 00:00:00,19.0,90,0.0,1.44,0.0,7
2021-11-17 01:00:00,18.6,92,0.0,1.3,0.0,0
2021-11-17 02:00:00,17.8,97,0.0,1.2,0.0,0
2021-11-17 03:00:00,18.1,98,0.0,0.91,0.0,0
2021-11-17 04:00:00,18.2,97,0.0,1.08,0.0,0
2021-11-17 05:00:00,17.6,99,0.0,2.14,0.0,85
2021-11-17 06:00:00,18.2,94,22.0,2.06,0.0,0
2021-11-17 07:00:00,20.9,78,150.0,1.51,0.0,0
2021-11-17 08:00:00,23.3,65,338.0,1.6,0.0,0
2021-11-17 09:00:00,25.2,59,501.0,1.93,0.0,0
2021-11-17 10:00:00,26.6,54,608.0,2.59,0.0,0
2021-11-17 11:00:00,27.6,48,651.0,3.18,0.0,0
2021-11-17 12:00:00,28.1,45,627.0,3.58,0.0,5
2021-11-17 13:00:00,28.2,44,539.0,3.81,0.0,0
2021-11-17 14:00:00,27.8,44,396.0,3.72,0.0,0
2021-11-17 15:00:00,26.4,50,219.0,2.91,0.0,0
2021-11-17 16:00:00,23.6,62,54.0,2.12,0.0,0
2021-11-17 17:00:00,22.7,68,0.0,2.28,0.0,0
2021-11-17 18:00:00,21.5,75,0.0,1.7,0.0,2
2021-11-17 19:00:00,20.4,82,0.0,1.98,0.0,30
2021-11-17 20:00:00,19.8,86,0.0,2.06,0.0,26
2021-11-17 21:00:00,19.4,87,0.0,1.84,0.0,56
2021-11-17 22:00:00,19.0,87,0.0,1.72,0.0,57
2021-11-17 23:00:00,18.7,86,0.0,1.75,0.0,1
2021-11-18 00:00:00,18.2,85,0.0,1.7,0.0,2
2021-11-18 01:00:00,17.7,86,0.0,1.87,0.0,69
2021-11-18 02:00:00,17.2,87,0.0,1.9,0.0,62
2021-11-18 03:00:00,17.1,88,0.0,1.8,0.0,40
2021-11-18 04:00:00,16.9,88,0.0,1.82,0.0,0
2021-11-18 05:00:00,17.5,86,0.0,2.22,0.0,0
2021-11-18 06:00:00,18.3,83,24.0,2.6,0.0,0
2021-11-18 07:00:00,20.3,73,164.0,2.31,0.0,9
2021-11-18 08:00:00,22.6,67,343.0,2.33,0.0,24
2021-11-18 09:00:00,24.8,61,494.0,2.68,0.0,28
2021-11-18 10:00:00,26.6,53,603.0,3.53,0.0,9
2021-11-18 11:00:00,27.8,49,648.0,3.41,0.0,0
2021-11-18 12:00:00,28.3,48,625.0,3.11,0.0,0
2021-11-18 13:00:00,28.3,48,536.0,2.98,0.0,0
2021-11-18 14:00:00,27.8,51,392.0,2.91,0.0,4
2021-11-18 15:00:00,26.6,57,214.0,2.34,0.0,0
2021-11-18 16:00:00,23.9,68,52.0,1.78,0.0,0
2021-11-18 17:00:00,22.2,78,0.0,2.44,0.0,1
2021-11-18 18:00:00,21.8,81,0.0,1.99,0.0,7
2021-11-18 19:00:00,21.6,81,0.0,1.7,0.0,6
2021-11-18 20:00:00,21.6,81,0.0,1.41,0.0,55
2021-11-18 21:00:00,19.7,91,0.0,1.81,0.0,69
2021-11-18 22:00:00,19.4,92,0.0,1.44,0.0,4
2021-11-18 23:00:00,18.8,94,0.0,1.61,0.0,2
2021-11-19 00:00:00,18.3,95,0.0,1.81,0.0,0
2021-11-19 01:00:00,18.1,95,0.0,1.61,0.0,0
2021-11-19 02:00:00,18.0,96,0.0,1.51,0.0,0
2021-11-19 03:00:00,17.7,97,0.0,1.4,0.0,0
2021-11-19 04:00:00,17.1,99,0.0,1.6,0.0,0
2021-11-19 05:00:00,17.0,99,0.0,1.75,0.0,0
2021-11-19 06:00:00,18.0,96,23.0,1.24,0.0,0
2021-11-19 07:00:00,20.3,82,158.0,0.73,0.0,0
2021-11-19 08:00:00,22.5,72,332.0,0.3,0.0,0
2021-11-19 09:00:00,24.4,64,484.0,0.0,0.0,0
2021-11-19 10:00:00,25.8,59,589.0,0.76,0.0,0
2021-11-19 11:00:00,27.1,53,634.0,1.27,0.0,0
2021-11-19 12:00:00,27.9,48,611.0,1.66,0.0,1
2021-11-19 13:00:00,28.2,46,524.0,1.94,0.0,44
2021-11-19 14:00:00,27.7,48,377.0,2.42,0.0,3
2021-11-19 15:00:00,26.4,55,209.0,2.12,0.0,0
2021-11-19 16:00:00,23.8,66,50.0,1.78,0.0,0
2021-11-19 17:00:00,22.3,75,0.0,1.92,0.0,0
2021-11-19 18:00:00,21.8,78,0.0,1.58,0.0,3
2021-11-19 19:00:00,21.4,80,0.0,1.56,0.0,0
2021-11-19 20:00:00,20.4,84,0.0,2.06,0.0,0
2021-11-19 21:00:00,20.7,81,0.0,1.13,0.0,0
2021-11-19 22:00:00,19.9,86,0.0,0.85,0.0,0
2021-11-19 23:00:00,19.1,90,0.0,0.86,0.0,0
2021-11-20 00:00:00,19.4,89,0.0,0.58,0.0,0
2021-11-20 01:00:00,20.1,87,0.0,0.4,0.0,0
2021-11-20 02:00:00,19.9,91,0.0,0.5,0.0,2
2021-11-20 03:00:00,19.5,94,0.0,0.64,0.0,0
2021-11-20 04:00:00,19.1,97,0.0,0.78,0.0,0
2021-11-20 05:00:00,18.2,99,0.0,1.34,0.0,0
2021-11-20 06:00:00,18.7,97,20.0,0.81,0.0,7
2021-11-20 07:00:00,21.0,81,147.0,0.51,0.0,3
2021-11-20 08:00:00,23.1,71,323.0,0.1,0.0,2
2021-11-20 09:00:00,24.6,65,475.0,0.85,0.0,0
2021-11-20 10:00:00,25.9,57,582.0,1.3,0.0,0
2021-11-20 11:00:00,26.9,50,627.0,0.98,0.0,0
2021-11-20 12:00:00,27.7,47,605.0,0.89,0.0,0
2021-11-20 13:00:00,28.0,46,518.0,1.13,0.0,40
2021-11-20 14:00:00,27.7,46,378.0,1.88,0.0,49
2021-11-20 15:00:00,26.2,56,206.0,1.43,0.0,32
2021-11-20 16:00:00,23.7,66,49.0,1.82,0.0,84
2021-11-20 17:00:00,23.4,63,0.0,0.58,0.0,77
2021-11-20 18:00:00,21.5,77,0.0,1.46,0.0,24
2021-11-20 19:00:00,21.0,84,0.0,1.7,0.0,26
2021-11-20 20:00:00,20.3,87,0.0,1.8,0.0,22
2021-11-20 21:00:00,20.0,88,0.0,1.71,0.0,10
2021-11-20 22:00:00,20.9,84,0.0,1.32,0.0,0
2021-11-20 23:00:00,20.8,88,0.0,0.64,0.0,0
2021-11-21 00:00:00,20.0,92,0.0,0.54,0.0,4
2021-11-21 01:00:00,18.3,97,0.0,1.42,0.0,11
2021-11-21 02:00:00,18.2,97,0.0,1.63,0.0,4
2021-11-21 03:00:00,18.3,97,0.0,1.41,0.0,3
2021-11-21 04:00:00,17.8,99,0.0,1.51,0.0,2
2021-11-21 05:00:00,18.5,100,0.0,0.92,0.0,2
2021-11-21 06:00:00,19.0,97,13.0,0.71,0.0,89
2021-11-21 07:00:00,20.6,89,107.0,0.45,0.0,42
2021-11-21 08:00:00,22.4,79,264.0,0.5,0.0,16
2021-11-21 09:00:00,24.4,70,451.0,1.12,0.0,13
2021-11-21 10:00:00,25.7,63,563.0,1.28,0.0,3
2021-11-21 11:00:00,26.6,57,610.0,0.92,0.0,6
2021-11-21 12:00:00,27.2,53,593.0,0.72,0.0,1
2021-11-21 13:00:00,27.4,51,499.0,0.78,0.0,1
2021-11-21 14:00:00,27.3,50,370.0,0.72,0.0,6
2021-11-21 15:00:00,26.4,58,196.0,0.91,0.0,18
2021-11-21 16:00:00,23.5,71,45.0,2.1,0.0,7
2021-11-21 17:00:00,23.1,76,0.0,1.78,0.0,19
2021-11-21 18:00:00,23.3,71,0.0,0.91,0.0,32
2021-11-21 19:00:00,21.7,81,0.0,1.71,0.0,37
2021-11-21 20:00:00,21.8,80,0.0,1.71,0.0,21
2021-11-21 21:00:00,21.5,82,0.0,1.7,0.0,17
2021-11-21 22:00:00,21.9,81,0.0,1.28,0.0,23
2021-11-21 23:00:00,19.6,94,0.0,1.42,0.0,16
2021-11-22 00:00:00,19.2,95,0.0,1.71,0.0,10
2021-11-22 01:00:00,20.6,89,0.0,0.81,0.0,26
2021-11-22 02:00:00,19.1,95,0.0,1.44,0.0,14
2021-11-22 03:00:00,18.9,95,0.0,1.26,0.0,18
2021-11-22 04:00:00,18.1,97,0.0,1.64,0.1,31
2021-11-22 05:00:00,18.9,96,0.0,1.4,0.0,44
2021-11-22 06:00:00,19.1,95,17.0,1.0,0.0,33
2021-11-22 07:00:00,20.5,85,130.0,1.26,0.1,33
2021-11-22 08:00:00,22.0,74,282.0,1.4,0.1,46
2021-11-22 09:00:00,23.1,69,399.0,1.27,0.0,38
2021-11-22 10:00:00,24.1,68,514.0,1.48,0.0,96
2021-11-22 11:00:00,24.9,65,555.0,1.94,0.0,94
2021-11-22 12:00:00,25.4,63,584.0,2.2,0.0,93
2021-11-22 13:00:00,25.5,61,483.0,1.71,0.0,92
2021-11-22 14:00:00,25.2,61,355.0,1.5,0.0,76
2021-11-22 15:00:00,24.5,63,195.0,1.55,0.0,25
2021-11-22 16:00:00,22.3,77,44.0,1.36,0.0,26
2021-11-22 17:00:00,22.2,82,0.0,1.57,0.0,45
2021-11-22 18:00:00,21.7,84,0.0,1.3,0.0,54
2021-11-22 19:00:00,21.0,88,0.0,1.49,0.0,36
2021-11-22 20:00:00,20.8,87,0.0,2.64,0.0,23
2021-11-22 21:00:00,20.1,87,0.0,2.82,0.0,41
2021-11-22 22:00:00,19.8,87,0.0,3.14,0.0,38
2021-11-22 23:00:00,19.4,91,0.0,2.75,0.1,41
2021-11-23 00:00:00,19.2,93,0.0,2.82,0.1,18
2021-11-23 01:00:00,18.8,96,0.0,2.33,0.0,39
2021-11-23 02:00:00,18.6,96,0.0,2.3,0.0,46
2021-11-23 03:00:00,18.4,96,0.0,1.51,0.0,41
2021-11-23 04:00:00,18.4,95,0.0,1.5,0.1,29
2021-11-23 05:00:00,18.3,97,0.0,1.82,0.0,36
2021-11-23 06:00:00,18.8,93,15.0,2.42,0.0,100
2021-11-23 07:00:00,19.6,89,75.0,3.2,0.0,96
2021-11-23 08:00:00,20.6,83,200.0,3.01,0.0,64
2021-11-23 09:00:00,22.2,75,342.0,2.55,0.0,44
2021-11-23 10:00:00,23.8,70,469.0,2.12,0.0,20
2021-11-23 11:00:00,25.2,65,595.0,1.61,0.0,6
2021-11-23 12:00:00,25.8,61,577.0,0.67,0.0,7
2021-11-23 13:00:00,26.0,59,497.0,1.25,0.0,11
2021-11-23 14:00:00,25.8,60,373.0,1.91,0.0,5
2021-11-23 15:00:00,24.9,65,203.0,2.36,0.0,11
2021-11-23 16:00:00,23.1,73,47.0,2.56,0.0,0
2021-11-23 17:00:00,22.0,79,0.0,2.3,0.0,1
2021-11-23 18:00:00,21.4,81,0.0,2.42,0.0,0
2021-11-23 19:00:00,20.8,84,0.0,2.8,0.0,0
2021-11-23 20:00:00,20.3,85,0.0,2.91,0.0,0
2021-11-23 21:00:00,19.7,89,0.0,3.01,0.0,0
2021-11-23 22:00:00,18.9,93,0.0,3.03,0.0,1
2021-11-23 23:00:00,18.4,96,0.0,2.98,0.0,8
2021-11-24 00:00:00,18.1,96,0.0,2.84,0.0,14
2021-11-24 01:00:00,17.8,97,0.0,2.32,0.0,0
2021-11-24 02:00:00,17.6,97,0.0,1.9,0.0,3
2021-11-24 03:00:00,17.2,98,0.0,1.6,0.0,35
2021-11-24 04:00:00,17.1,98,0.0,1.9,0.0,97
2021-11-24 05:00:00,17.8,96,0.0,2.53,0.0,100
2021-11-24 06:00:00,18.2,93,9.0,2.71,0.1,100
2021-11-24 07:00:00,18.4,93,63.0,3.01,0.0,100
2021-11-24 08:00:00,19.4,88,134.0,3.21,0.0,100
2021-11-24 09:00:00,21.3,78,359.0,2.72,0.0,32
2021-11-24 10:00:00,23.4,69,558.0,2.86,0.0,10
2021-11-24 11:00:00,25.0,63,614.0,3.18,0.0,3
2021-11-24 12:00:00,25.9,55,593.0,2.97,0.0,1
2021-11-24 13:00:00,26.1,53,504.0,2.73,0.0,1
2021-11-24 14:00:00,25.8,54,376.0,2.97,0.0,1
2021-11-24 15:00:00,24.6,61,205.0,2.86,0.0,0
2021-11-24 16:00:00,22.3,71,48.0,2.22,0.0,0
2021-11-24 17:00:00,21.2,77,0.0,2.18,0.0,1
2021-11-24 18:00:00,20.7,81,0.0,2.31,0.0,0
2021-11-24 19:00:00,20.3,84,0.0,2.31,0.0,1
2021-11-24 20:00:00,19.8,87,0.0,2.28,0.0,1
2021-11-24 21:00:00,19.4,90,0.0,2.41,0.0,1
2021-11-24 22:00:00,18.9,92,0.0,2.0,0.0,4
2021-11-24 23:00:00,18.3,95,0.0,1.73,0.0,12
2021-11-25 00:00:00,18.0,97,0.0,1.9,0.0,6
2021-11-25 01:00:00,17.7,98,0.0,1.99,0.0,4
2021-11-25 02:00:00,17.4,98,0.0,1.65,0.0,2
2021-11-25 03:00:00,17.0,99,0.0,1.51,0.0,17
2021-11-25 04:00:00,17.1,98,0.0,1.9,0.0,100
2021-11-25 05:00:00,17.1,99,0.0,2.42,0.0,100
2021-11-25 06:00:00,17.4,95,9.0,2.4,0.0,100
2021-11-25 07:00:00,18.2,89,67.0,2.0,0.0,94
2021-11-25 08:00:00,19.6,83,268.0,1.51,0.0,27
2021-11-25 09:00:00,21.6,75,461.0,1.49,0.0,1
2021-11-25 10:00:00,23.5,66,570.0,1.97,0.0,0
2021-11-25 11:00:00,25.0,58,616.0,2.66,0.0,0
2021-11-25 12:00:00,25.8,54,596.0,2.77,0.0,0
2021-11-25 13:00:00,26.0,54,512.0,2.57,0.0,1
2021-11-25 14:00:00,25.9,55,372.0,2.83,0.0,2
2021-11-25 15:00:00,24.9,59,202.0,2.62,0.0,1
2021-11-25 16:00:00,22.6,67,47.0,2.27,0.0,4
2021-11-25 17:00:00,20.8,79,0.0,2.14,0.0,6
2021-11-25 18:00:00,20.4,81,0.0,1.8,0.0,6
2021-11-25 19:00:00,19.9,83,0.0,1.71,0.0,17
2021-11-25 20:00:00,19.6,84,0.0,1.77,0.0,19
2021-11-25 21:00:00,19.1,88,0.0,1.71,0.0,14
2021-11-25 22:00:00,18.5,91,0.0,1.61,0.0,19
2021-11-25 23:00:00,17.7,94,0.0,1.92,0.0,20
2021-11-26 00:00:00,17.1,95,0.0,2.22,0.0,20
2021-11-26 01:00:00,17.0,96,0.0,2.04,0.0,21
2021-11-26 02:00:00,16.9,96,0.0,1.7,0.0,18
2021-11-26 03:00:00,16.9,97,0.0,1.4,0.0,7
2021-11-26 04:00:00,16.8,97,0.0,1.6,0.0,8
2021-11-26 05:00:00,16.9,99,0.0,2.32,0.0,5
2021-11-26 06:00:00,17.3,96,11.0,2.1,0.0,49
2021-11-26 07:00:00,18.5,88,88.0,1.43,0.0,63
2021-11-26 08:00:00,20.0,81,240.0,1.12,0.0,25
2021-11-26 09:00:00,22.1,71,442.0,1.12,0.0,2
2021-11-26 10:00:00,23.9,65,560.0,1.86,0.0,1
2021-11-26 11:00:00,25.2,59,605.0,2.61,0.0,2
2021-11-26 12:00:00,25.9,55,585.0,2.78,0.0,1
2021-11-26 13:00:00,26.1,52,503.0,2.82,0.0,2
2021-11-26 14:00:00,25.6,53,365.0,3.04,0.0,3
2021-11-26 15:00:00,24.6,58,198.0,2.76,0.0,1
2021-11-26 16:00:00,22.2,68,47.0,2.05,0.0,2
2021-11-26 17:00:00,21.0,75,0.0,1.84,0.0,1
2021-11-26 18:00:00,20.0,80,0.0,1.9,0.0,2
2021-11-26 19:00:00,19.2,84,0.0,1.96,0.0,2
2021-11-26 20:00:00,18.7,86,0.0,1.84,0.0,3
2021-11-26 21:00:00,18.1,88,0.0,1.94,0.0,5
2021-11-26 22:00:00,17.5,91,0.0,1.9,0.0,7
2021-11-26 23:00:00,17.2,92,0.0,1.7,0.0,8
2021-11-27 00:00:00,17.0,93,0.0,1.4,0.0,7
2021-11-27 01:00:00,16.7,94,0.0,1.4,0.0,3
2021-11-27 02:00:00,16.5,94,0.0,1.5,0.0,1
2021-11-27 03:00:00,16.3,94,0.0,1.6,0.0,1
2021-11-27 04:00:00,15.8,97,0.0,1.4,0.0,0
2021-11-27 05:00:00,16.0,100,0.0,2.06,0.0,0
2021-11-27 06:00:00,16.2,100,15.0,2.31,0.0,22
2021-11-27 07:00:00,17.9,89,134.0,2.01,0.0,10
2021-11-27 08:00:00,20.2,77,308.0,1.94,0.0,0
2021-11-27 09:00:00,22.5,67,462.0,2.15,0.0,0
2021-11-27 10:00:00,24.5,60,569.0,2.77,0.0,0
2021-11-27 11:00:00,25.6,55,615.0,3.27,0.0,0
2021-11-27 12:00:00,26.3,52,595.0,3.55,0.0,0
2021-11-27 13:00:00,26.4,52,510.0,3.51,0.0,0
2021-11-27 14:00:00,26.2,52,372.0,3.71,0.0,1
2021-11-27 15:00:00,24.9,59,202.0,3.56,0.0,13
2021-11-27 16:00:00,22.7,67,47.0,2.75,0.0,5
2021-11-27 17:00:00,20.9,76,0.0,2.09,0.0,2
2021-11-27 18:00:00,19.9,83,0.0,2.0,0.0,2
2021-11-27 19:00:00,19.5,86,0.0,1.71,0.0,0
2021-11-27 20:00:00,19.2,87,0.0,1.87,0.0,0
2021-11-27 21:00:00,18.7,83,0.0,1.88,0.0,0
2021-11-27 22:00:00,18.0,82,0.0,1.8,0.0,0
2021-11-27 23:00:00,17.2,83,0.0,1.8,0.0,0
2021-11-28 00:00:00,16.5,86,0.0,1.88,0.0,0
2021-11-28 01:00:00,15.7,90,0.0,2.02,0.0,0
2021-11-28 02:00:00,15.3,93,0.0,1.9,0.0,0
2021-11-28 03:00:00,15.5,93,0.0,1.6,0.0,0
2021-11-28 04:00:00,15.6,93,0.0,1.82,0.0,0
2021-11-28 05:00:00,15.9,91,0.0,2.33,0.0,0
2021-11-28 06:00:00,15.9,89,15.0,2.4,0.0,0
2021-11-28 07:00:00,18.2,77,140.0,2.2,0.0,0
2021-11-28 08:00:00,20.5,71,314.0,1.93,0.0,0
2021-11-28 09:00:00,22.7,66,468.0,2.25,0.0,0
2021-11-28 10:00:00,24.7,61,574.0,3.0,0.0,8
2021-11-28 11:00:00,25.9,55,618.0,3.52,0.0,28
2021-11-28 12:00:00,26.5,52,597.0,3.76,0.0,0
2021-11-28 13:00:00,26.5,52,514.0,3.71,0.0,0
2021-11-28 14:00:00,26.1,53,375.0,3.45,0.0,0
2021-11-28 15:00:00,24.8,60,204.0,2.94,0.0,0
2021-11-28 16:00:00,22.1,71,48.0,2.14,0.0,0
2021-11-28 17:00:00,20.9,77,0.0,1.91,0.0,0
2021-11-28 18:00:00,20.3,80,0.0,1.66,0.0,1
2021-11-28 19:00:00,19.1,87,0.0,1.82,0.0,0
2021-11-28 20:00:00,18.5,90,0.0,1.82,0.0,0
2021-11-28 21:00:00,18.2,90,0.0,1.7,0.0,0
2021-11-28 22:00:00,17.5,91,0.0,1.7,0.0,0
2021-11-28 23:00:00,16.7,93,0.0,1.84,0.0,0
2021-11-29 00:00:00,16.2,94,0.0,1.71,0.0,0
2021-11-29 01:00:00,15.7,96,0.0,1.9,0.0,0
2021-11-29 02:00:00,15.8,95,0.0,1.7,0.0,0
2021-11-29 03:00:00,15.9,94,0.0,1.53,0.0,0
2021-11-29 04:00:00,15.8,94,0.0,1.66,0.0,17
2021-11-29 05:00:00,15.8,95,0.0,1.84,0.0,0
2021-11-29 06:00:00,16.4,89,14.0,2.25,0.0,12
2021-11-29 07:00:00,18.7,77,131.0,1.58,0.0,0
2021-11-29 08:00:00,20.9,70,301.0,1.22,0.0,2
2021-11-29 09:00:00,22.7,65,455.0,1.61,0.0,0
2021-11-29 10:00:00,24.3,61,562.0,2.2,0.0,11
2021-11-29 11:00:00,25.4,59,609.0,2.64,0.0,15
2021-11-29 12:00:00,26.2,57,589.0,2.69,0.0,11
2021-11-29 13:00:00,26.6,53,506.0,2.73,0.0,20
2021-11-29 14:00:00,26.3,52,369.0,2.91,0.0,62
2021-11-29 15:00:00,24.9,58,200.0,2.3,0.0,52
2021-11-29 16:00:00,22.0,68,47.0,2.14,0.0,83
2021-11-29 17:00:00,20.4,76,0.0,2.31,0.0,8
2021-11-29 18:00:00,19.6,81,0.0,1.99,0.0,10
2021-11-29 19:00:00,18.7,87,0.0,2.02,0.0,2
2021-11-29 20:00:00,18.2,90,0.0,1.82,0.0,0
2021-11-29 21:00:00,18.0,91,0.0,1.65,0.0,11
2021-11-29 22:00:00,17.5,92,0.0,1.68,0.0,31
2021-11-29 23:00:00,16.9,93,0.0,1.55,0.0,0
2021-11-30 00:00:00,16.4,94,0.0,1.65,0.0,10
2021-11-30 01:00:00,16.1,94,0.0,1.5,0.0,17
2021-11-30 02:00:00,16.3,94,0.0,1.82,0.0,40
2021-11-30 03:00:00,16.3,94,0.0,2.11,0.0,94
2021-11-30 04:00:00,16.0,95,0.0,2.14,0.0,92
2021-11-30 05:00:00,15.8,98,0.0,2.91,0.0,92
2021-11-30 06:00:00,15.8,97,13.0,2.63,0.0,86
2021-11-30 07:00:00,17.1,89,117.0,2.4,0.0,89
2021-11-30 08:00:00,19.2,80,296.0,2.43,0.0,76
2021-11-30 09:00:00,21.8,70,453.0,2.64,0.0,95
2021-11-30 10:00:00,24.2,62,552.0,3.18,0.0,56
2021-11-30 11:00:00,25.7,55,605.0,3.72,0.0,38
2021-11-30 12:00:00,26.3,53,588.0,3.62,0.0,62
2021-11-30 13:00:00,26.4,54,505.0,3.67,0.0,89
2021-11-30 14:00:00,25.9,55,368.0,3.94,0.0,95
2021-11-30 15:00:00,24.5,60,200.0,3.75,0.0,86
2021-11-30 16:00:00,22.3,68,47.0,2.46,0.0,75
2021-11-30 17:00:00,21.0,74,0.0,2.25,0.0,92
2021-11-30 18:00:00,20.5,76,0.0,2.21,0.0,80
2021-11-30 19:00:00,20.0,80,0.0,2.3,0.0,90
2021-11-30 20:00:00,19.4,84,0.0,2.11,0.0,97
2021-11-30 21:00:00,18.6,88,0.0,1.87,0.0,95
2021-11-30 22:00:00,17.8,90,0.0,1.8,0.0,88
2021-11-30 23:00:00,17.1,90,0.0,1.9,0.0,92
2021-12-01 00:00:00,16.5,92,0.0,2.0,0.0,88
2021-12-01 01:00:00,16.4,92,0.0,1.81,0.0,97
2021-12-01 02:00:00,16.4,93,0.0,1.6,0.0,98
2021-12-01 03:00:00,16.3,93,0.0,1.73,0.0,95
2021-12-01 04:00:00,15.9,92,0.0,1.68,0.0,42
2021-12-01 05:00:00,15.9,92,0.0,2.31,0.0,0
2021-12-01 06:00:00,15.9,91,13.0,2.53,0.0,4
2021-12-01 07:00:00,17.9,82,128.0,2.3,0.0,1
2021-12-01 08:00:00,20.2,73,297.0,2.02,0.0,0
2021-12-01 09:00:00,22.7,66,449.0,2.42,0.0,0
2021-12-01 10:00:00,24.8,60,556.0,3.09,0.0,0
2021-12-01 11:00:00,26.2,55,602.0,3.54,0.0,0
2021-12-01 12:00:00,26.9,52,584.0,3.71,0.0,0
2021-12-01 13:00:00,26.9,52,502.0,3.76,0.0,0
2021-12-01 14:00:00,26.4,54,366.0,3.91,0.0,0
2021-12-01 15:00:00,25.0,59,199.0,3.48,0.0,0
2021-12-01 16:00:00,22.9,67,46.0,3.11,0.0,0
2021-12-01 17:00:00,21.8,70,0.0,2.62,0.0,0
2021-12-01 18:00:00,21.0,74,0.0,1.94,0.0,0
2021-12-01 19:00:00,19.5,83,0.0,2.02,0.0,5
2021-12-01 20:00:00,18.8,87,0.0,2.14,0.0,31
2021-12-01 21:00:00,18.5,90,0.0,1.73,0.0,45
2021-12-01 22:00:00,18.1,90,0.0,1.75,0.0,72
2021-12-01 23:00:00,17.1,91,0.0,1.66,0.0,89
2021-12-02 00:00:00,16.4,94,0.0,1.58,0.0,12
2021-12-02 01:00:00,16.0,94,0.0,1.9,0.0,0
2021-12-02 02:00:00,16.0,93,0.0,1.53,0.0,0
2021-12-02 03:00:00,15.9,93,0.0,1.55,0.0,0
2021-12-02 04:00:00,15.7,93,0.0,1.43,0.0,49
2021-12-02 05:00:00,15.8,94,0.0,1.26,0.0,79
2021-12-02 06:00:00,16.3,91,12.0,1.73,0.0,11
2021-12-02 07:00:00,18.8,79,126.0,1.8,0.0,75
2021-12-02 08:00:00,21.3,69,294.0,1.63,0.0,52
2021-12-02 09:00:00,23.4,62,446.0,1.97,0.0,45
2021-12-02 10:00:00,25.1,56,551.0,2.1,0.0,26
2021-12-02 11:00:00,26.4,53,598.0,2.38,0.0,78
2021-12-02 12:00:00,27.2,52,579.0,2.55,0.0,0
2021-12-02 13:00:00,27.3,53,497.0,2.61,0.0,0
2021-12-02 14:00:00,27.0,54,361.0,2.64,0.0,0
2021-12-02 15:00:00,25.6,61,195.0,1.84,0.0,0
2021-12-02 16:00:00,22.8,70,45.0,1.84,0.0,0
2021-12-02 17:00:00,21.2,78,0.0,2.12,0.0,0
2021-12-02 18:00:00,20.3,83,0.0,1.84,0.0,27
2021-12-02 19:00:00,19.4,88,0.0,1.35,0.0,0
2021-12-02 20:00:00,18.6,92,0.0,1.2,0.0,79
2021-12-02 21:00:00,18.1,93,0.0,1.5,0.0,56
2021-12-02 22:00:00,17.6,94,0.0,1.44,0.0,53
2021-12-02 23:00:00,17.2,94,0.0,1.58,0.0,56
2021-12-03 00:00:00,17.1,95,0.0,1.2,0.0,51
2021-12-03 01:00:00,17.3,95,0.0,0.64,0.0,8
2021-12-03 02:00:00,17.0,97,0.0,0.89,0.0,0
2021-12-03 03:00:00,16.2,97,0.0,1.25,0.0,0
2021-12-03 04:00:00,16.1,96,0.0,1.48,0.0,0
2021-12-03 05:00:00,16.6,97,0.0,1.2,0.0,99
2021-12-03 06:00:00,17.0,96,11.0,1.81,0.0,3
2021-12-03 07:00:00,19.1,86,120.0,2.02,0.0,1
2021-12-03 08:00:00,21.4,77,284.0,1.91,0.0,21
2021-12-03 09:00:00,23.6,68,436.0,1.87,0.0,78
2021-12-03 10:00:00,25.1,63,543.0,2.25,0.0,94
2021-12-03 11:00:00,26.3,59,588.0,2.11,0.0,82
2021-12-03 12:00:00,27.1,56,571.0,2.28,0.0,99
2021-12-03 13:00:00,27.4,54,484.0,2.28,0.0,83
2021-12-03 14:00:00,27.3,54,353.0,2.06,0.0,22
2021-12-03 15:00:00,26.2,61,193.0,1.42,0.0,54
2021-12-03 16:00:00,23.3,70,45.0,1.79,0.0,86
2021-12-03 17:00:00,21.7,76,0.0,2.25,0.0,94
2021-12-03 18:00:00,21.4,79,0.0,1.72,0.0,74
2021-12-03 19:00:00,20.8,83,0.0,1.48,0.0,91
2021-12-03 20:00:00,19.7,89,0.0,1.44,0.0,91
2021-12-03 21:00:00,19.2,91,0.0,0.85,0.0,38
2021-12-03 22:00:00,18.5,94,0.0,1.22,0.0,76
2021-12-03 23:00:00,18.0,95,0.0,1.42,0.0,99
2021-12-04 00:00:00,18.1,95,0.0,1.53,0.0,100
2021-12-04 01:00:00,17.7,97,0.0,1.7,0.0,91
2021-12-04 02:00:00,17.5,98,0.0,1.6,0.0,56
2021-12-04 03:00:00,17.2,97,0.0,1.61,0.0,59
2021-12-04 04:00:00,17.4,96,0.0,1.32,0.0,71
2021-12-04 05:00:00,17.4,98,0.0,1.3,0.0,100
2021-12-04 06:00:00,17.9,95,10.0,2.06,0.0,100
2021-12-04 07:00:00,19.8,83,92.0,2.24,0.0,100
2021-12-04 08:00:00,20.5,81,98.0,1.92,0.0,93
2021-12-04 09:00:00,22.4,74,245.0,1.4,0.0,99
2021-12-04 10:00:00,24.3,66,426.0,1.68,0.0,100
2021-12-04 11:00:00,26.0,59,552.0,2.31,0.0,0
2021-12-04 12:00:00,27.0,52,562.0,2.98,0.0,100
2021-12-04 13:00:00,25.8,58,152.0,2.64,0.0,100
2021-12-04 14:00:00,26.1,57,238.0,2.37,0.0,100
2021-12-04 15:00:00,25.2,68,112.0,1.03,0.0,100
2021-12-04 16:00:00,23.5,72,29.0,1.92,0.0,100
2021-12-04 17:00:00,23.5,72,0.0,1.63,0.0,100
2021-12-04 18:00:00,22.6,78,0.0,0.81,0.0,100
2021-12-04 19:00:00,22.0,80,0.0,1.3,0.0,100
2021-12-04 20:00:00,20.9,85,0.0,1.6,0.0,100
2021-12-04 21:00:00,21.0,86,0.0,1.35,0.0,100
2021-12-04 22:00:00,21.8,82,0.0,0.58,0.0,96
2021-12-04 23:00:00,21.1,85,0.0,0.4,0.0,100
2021-12-05 00:00:00,20.3,89,0.0,1.42,0.0,99
2021-12-05 01:00:00,20.6,87,0.0,1.3,0.0,100
2021-12-05 02:00:00,19.8,92,0.0,1.35,0.0,100
2021-12-05 03:00:00,18.1,97,0.0,1.91,0.0,85
2021-12-05 04:00:00,18.1,97,0.0,1.8,0.0,80
2021-12-05 05:00:00,17.7,98,0.0,1.49,0.0,6
2021-12-05 06:00:00,17.8,98,10.0,1.22,0.0,77
2021-12-05 07:00:00,20.2,87,113.0,0.92,0.0,42
2021-12-05 08:00:00,22.3,77,274.0,0.85,0.0,36
2021-12-05 09:00:00,24.3,70,424.0,1.33,0.0,35
2021-12-05 10:00:00,25.8,64,530.0,1.93,0.0,48
2021-12-05 11:00:00,26.8,59,577.0,2.18,0.0,72
2021-12-05 12:00:00,27.5,54,559.0,2.44,0.0,81
2021-12-05 13:00:00,27.7,52,475.0,2.31,0.0,45
2021-12-05 14:00:00,27.4,52,349.0,2.38,0.0,68
2021-12-05 15:00:00,26.3,58,189.0,1.8,0.0,56
2021-12-05 16:00:00,23.2,70,45.0,1.7,0.0,100
2021-12-05 17:00:00,22.5,75,0.0,2.28,0.0,80
2021-12-05 18:00:00,22.5,73,0.0,1.82,0.0,99
2021-12-05 19:00:00,22.4,73,0.0,1.49,0.0,74
2021-12-05 20:00:00,21.5,77,0.0,1.7,0.0,69
2021-12-05 21:00:00,20.1,83,0.0,1.8,0.0,73
2021-12-05 22:00:00,19.6,86,0.0,1.55,0.0,100
2021-12-05 23:00:00,19.9,85,0.0,1.33,0.0,97
2021-12-06 00:00:00,20.2,82,0.0,1.32,0.0,99
2021-12-06 01:00:00,19.3,84,0.0,1.51,0.0,100
2021-12-06 02:00:00,19.8,79,0.0,1.65,0.0,100
2021-12-06 03:00:00,20.1,79,0.0,1.4,0.0,100
2021-12-06 04:00:00,19.6,82,0.0,1.36,0.0,100
2021-12-06 05:00:00,19.5,87,0.0,0.92,0.0,100
2021-12-06 06:00:00,19.2,92,5.0,0.63,0.9,100
2021-12-06 07:00:00,20.3,88,70.0,1.77,0.0,100
2021-12-06 08:00:00,21.6,81,155.0,1.66,0.0,96
2021-12-06 09:00:00,22.9,73,227.0,1.61,0.0,83
2021-12-06 10:00:00,24.5,67,392.0,2.15,0.0,96
2021-12-06 11:00:00,25.8,62,415.0,2.86,0.0,100
2021-12-06 12:00:00,25.5,62,164.0,2.73,0.0,100
2021-12-06 13:00:00,25.6,59,160.0,3.14,0.0,95
2021-12-06 14:00:00,25.8,56,254.0,3.13,0.0,45
2021-12-06 15:00:00,24.9,60,141.0,2.52,0.0,59
2021-12-06 16:00:00,22.9,67,42.0,2.1,0.0,0
2021-12-06 17:00:00,23.6,63,0.0,0.95,0.0,32
2021-12-06 18:00:00,21.8,73,0.0,1.43,0.0,90
2021-12-06 19:00:00,21.9,72,0.0,1.22,0.0,94
2021-12-06 20:00:00,21.2,76,0.0,0.64,0.0,100
2021-12-06 21:00:00,21.5,74,0.0,0.22,0.0,96
2021-12-06 22:00:00,21.4,77,0.0,0.22,0.0,97
2021-12-06 23:00:00,20.2,84,0.0,1.12,0.0,52
2021-12-07 00:00:00,19.4,87,0.0,1.3,0.0,7
2021-12-07 01:00:00,19.9,83,0.0,0.67,0.0,0
2021-12-07 02:00:00,19.7,86,0.0,1.14,0.0,0
2021-12-07 03:00:00,19.4,90,0.0,1.04,0.0,1
2021-12-07 04:00:00,19.4,92,0.0,1.53,0.0,2
2021-12-07 05:00:00,17.8,99,0.0,0.81,0.0,2
2021-12-07 06:00:00,17.9,99,8.0,0.67,0.0,20
2021-12-07 07:00:00,19.8,91,104.0,0.41,0.0,19
2021-12-07 08:00:00,21.4,82,259.0,0.42,0.0,21
2021-12-07 09:00:00,23.2,73,404.0,1.21,0.0,46
2021-12-07 10:00:00,24.7,66,501.0,1.61,0.0,50
2021-12-07 11:00:00,25.7,62,524.0,1.8,0.0,33
2021-12-07 12:00:00,26.3,59,510.0,1.7,0.0,29
2021-12-07 13:00:00,26.5,58,433.0,2.06,0.0,43
2021-12-07 14:00:00,26.4,59,333.0,2.36,0.0,26
2021-12-07 15:00:00,25.4,63,175.0,2.86,0.0,6
2021-12-07 16:00:00,23.5,71,42.0,3.09,0.0,10
2021-12-07 17:00:00,22.4,76,0.0,2.88,0.0,33
2021-12-07 18:00:00,21.5,81,0.0,1.8,0.0,17
2021-12-07 19:00:00,20.4,88,0.0,1.43,0.0,23
2021-12-07 20:00:00,19.8,93,0.0,1.4,0.0,32
2021-12-07 21:00:00,19.6,94,0.0,1.61,0.0,31
2021-12-07 22:00:00,19.4,95,0.0,2.12,0.0,12
2021-12-07 23:00:00,19.1,96,0.0,1.94,0.0,6
2021-12-08 00:00:00,18.8,96,0.0,1.5,0.0,4
2021-12-08 01:00:00,18.4,98,0.0,1.41,0.0,14
2021-12-08 02:00:00,18.4,98,0.0,1.7,0.0,3
2021-12-08 03:00:00,18.3,98,0.0,1.6,0.0,2
2021-12-08 04:00:00,18.1,98,0.0,1.5,0.0,3
2021-12-08 05:00:00,18.6,98,0.0,2.21,0.0,18
2021-12-08 06:00:00,18.8,98,7.0,2.52,0.0,100
2021-12-08 07:00:00,19.6,95,65.0,2.86,0.0,100
2021-12-08 08:00:00,20.8,89,140.0,2.82,0.0,74
2021-12-08 09:00:00,23.0,78,345.0,2.69,0.0,2
2021-12-08 10:00:00,24.8,69,517.0,2.69,0.0,1
2021-12-08 11:00:00,25.8,64,560.0,2.85,0.0,12
2021-12-08 12:00:00,26.4,61,532.0,2.44,0.0,14
2021-12-08 13:00:00,26.7,60,471.0,2.25,0.0,8
2021-12-08 14:00:00,26.4,60,350.0,2.76,0.0,1
2021-12-08 15:00:00,25.4,63,193.0,2.55,0.0,2
2021-12-08 16:00:00,22.5,76,46.0,1.72,0.0,4
2021-12-08 17:00:00,21.9,81,0.0,1.58,0.0,4
2021-12-08 18:00:00,21.8,80,0.0,1.6,0.0,21
2021-12-08 19:00:00,21.5,81,0.0,1.49,0.0,13
2021-12-08 20:00:00,20.8,86,0.0,1.44,0.0,9
2021-12-08 21:00:00,19.7,92,0.0,2.05,0.0,0
2021-12-08 22:00:00,19.9,91,0.0,1.53,0.0,1
2021-12-08 23:00:00,18.8,95,0.0,2.04,0.0,1
2021-12-09 00:00:00,18.4,96,0.0,1.7,0.0,1
2021-12-09 01:00:00,18.1,97,0.0,1.65,0.0,2
2021-12-09 02:00:00,18.1,97,0.0,1.36,0.0,1
2021-12-09 03:00:00,18.0,96,0.0,1.46,0.0,0
2021-12-09 04:00:00,17.6,95,0.0,1.55,0.0,0
2021-12-09 05:00:00,17.8,96,0.0,1.82,0.0,0
2021-12-09 06:00:00,17.8,97,7.0,2.11,0.0,16
2021-12-09 07:00:00,19.3,90,95.0,2.1,0.0,35
2021-12-09 08:00:00,21.4,82,261.0,1.9,0.0,1
2021-12-09 09:00:00,23.4,75,417.0,2.15,0.0,0
2021-12-09 10:00:00,25.2,69,526.0,2.56,0.0,0
2021-12-09 11:00:00,26.3,63,573.0,2.92,0.0,8
2021-12-09 12:00:00,26.9,58,546.0,2.91,0.0,1
2021-12-09 13:00:00,27.1,56,460.0,2.69,0.0,6
2021-12-09 14:00:00,27.0,56,337.0,2.44,0.0,6
2021-12-09 15:00:00,26.1,61,186.0,1.91,0.0,5
2021-12-09 16:00:00,22.5,77,45.0,2.12,0.0,9
2021-12-09 17:00:00,22.7,74,0.0,1.5,0.0,11
2021-12-09 18:00:00,21.3,82,0.0,1.3,0.0,4
2021-12-09 19:00:00,20.5,87,0.0,1.65,0.0,43
2021-12-09 20:00:00,20.1,88,0.0,2.33,0.0,77
2021-12-09 21:00:00,20.3,87,0.0,2.1,0.0,34
2021-12-09 22:00:00,19.1,92,0.0,2.14,0.0,25
2021-12-09 23:00:00,19.0,92,0.0,1.98,0.0,16
2021-12-10 00:00:00,18.6,92,0.0,1.78,0.0,1
2021-12-10 01:00:00,18.3,91,0.0,1.84,0.0,4
2021-12-10 02:00:00,17.7,93,0.0,2.06,0.0,4
2021-12-10 03:00:00,17.6,93,0.0,1.94,0.0,14
2021-12-10 04:00:00,17.4,94,0.0,2.16,0.0,8
2021-12-10 05:00:00,17.9,96,0.0,2.1,0.0,13
2021-12-10 06:00:00,18.1,96,7.0,1.65,0.0,4
2021-12-10 07:00:00,20.3,86,105.0,1.17,0.0,13
2021-12-10 08:00:00,21.8,77,243.0,0.71,0.0,27
2021-12-10 09:00:00,23.0,72,366.0,1.17,0.0,29
2021-12-10 10:00:00,24.3,65,448.0,1.08,0.0,16
2021-12-10 11:00:00,25.5,59,540.0,1.7,0.0,1
2021-12-10 12:00:00,26.0,57,538.0,2.11,0.0,4
2021-12-10 13:00:00,25.9,55,470.0,2.62,0.0,10
2021-12-10 14:00:00,25.6,55,322.0,2.75,0.0,7
2021-12-10 15:00:00,24.9,59,189.0,1.52,0.0,3
2021-12-10 16:00:00,23.6,62,47.0,1.62,0.0,0
2021-12-10 17:00:00,21.9,71,0.0,2.06,0.0,0
2021-12-10 18:00:00,19.8,82,0.0,2.05,0.0,0
2021-12-10 19:00:00,19.9,82,0.0,1.88,0.0,2
2021-12-10 20:00:00,19.3,76,0.0,2.15,0.0,2
2021-12-10 21:00:00,18.6,70,0.0,2.28,0.0,0
2021-12-10 22:00:00,18.1,70,0.0,2.34,0.0,0
2021-12-10 23:00:00,18.4,70,0.0,2.2,0.0,0
2021-12-11 00:00:00,17.5,79,0.0,2.1,0.0,4
2021-12-11 01:00:00,16.8,87,0.0,2.19,0.0,14
2021-12-11 02:00:00,18.7,81,0.0,1.5,0.0,4
2021-12-11 03:00:00,18.4,84,0.0,0.63,0.0,0
2021-12-11 04:00:00,17.8,88,0.0,0.32,0.0,0
2021-12-11 05:00:00,17.6,92,0.0,0.41,0.0,0
2021-12-11 06:00:00,16.0,98,7.0,0.81,0.0,0
2021-12-11 07:00:00,18.3,83,104.0,1.75,0.0,3
2021-12-11 08:00:00,20.3,69,256.0,1.71,0.0,5
2021-12-11 09:00:00,21.9,62,421.0,1.7,0.0,0
2021-12-11 10:00:00,23.1,59,530.0,1.26,0.0,0
2021-12-11 11:00:00,24.0,56,579.0,0.28,0.0,0
2021-12-11 12:00:00,24.8,49,564.0,0.81,0.0,0
2021-12-11 13:00:00,25.2,43,493.0,1.81,0.0,0
2021-12-11 14:00:00,24.9,44,364.0,2.12,0.0,0
2021-12-11 15:00:00,23.5,56,200.0,1.24,0.0,0
2021-12-11 16:00:00,22.0,59,48.0,1.91,0.0,0
2021-12-11 17:00:00,20.8,64,0.0,2.16,0.0,0
2021-12-11 18:00:00,21.9,57,0.0,0.91,0.0,0
2021-12-11 19:00:00,17.3,85,0.0,1.42,0.0,0
2021-12-11 20:00:00,16.6,93,0.0,1.2,0.0,0
2021-12-11 21:00:00,16.0,94,0.0,1.58,0.0,0
2021-12-11 22:00:00,15.5,95,0.0,1.56,0.0,0
2021-12-11 23:00:00,15.0,96,0.0,1.41,0.0,0
2021-12-12 00:00:00,14.5,97,0.0,1.48,0.0,0
2021-12-12 01:00:00,14.4,98,0.0,1.46,0.0,0
2021-12-12 02:00:00,14.6,94,0.0,1.46,0.0,1
2021-12-12 03:00:00,14.3,93,0.0,1.52,0.0,1
2021-12-12 04:00:00,14.1,91,0.0,1.52,0.0,0
2021-12-12 05:00:00,15.2,83,0.0,1.99,0.0,0
2021-12-12 06:00:00,15.2,80,6.0,1.77,0.0,0
2021-12-12 07:00:00,16.8,74,95.0,2.1,0.0,1
2021-12-12 08:00:00,18.8,72,243.0,2.15,0.0,14
2021-12-12 09:00:00,20.3,75,381.0,2.42,0.0,20
2021-12-12 10:00:00,21.9,72,515.0,2.37,0.0,5
2021-12-12 11:00:00,23.3,64,575.0,2.37,0.0,1
2021-12-12 12:00:00,24.2,56,565.0,2.56,0.0,0
2021-12-12 13:00:00,24.5,54,491.0,2.75,0.0,0
2021-12-12 14:00:00,24.2,53,362.0,2.8,0.0,0
2021-12-12 15:00:00,23.1,59,198.0,2.34,0.0,0
2021-12-12 16:00:00,20.5,70,48.0,2.08,0.0,0
2021-12-12 17:00:00,19.0,74,0.0,2.06,0.0,0
2021-12-12 18:00:00,18.1,81,0.0,2.11,0.0,4
2021-12-12 19:00:00,17.7,84,0.0,1.77,0.0,55
2021-12-12 20:00:00,17.1,86,0.0,1.86,0.0,14
2021-12-12 21:00:00,16.2,90,0.0,2.08,0.0,0
2021-12-12 22:00:00,15.9,92,0.0,1.7,0.0,0
2021-12-12 23:00:00,15.5,91,0.0,1.75,0.0,0
2021-12-13 00:00:00,15.0,91,0.0,1.88,0.0,0
2021-12-13 01:00:00,14.4,92,0.0,2.02,0.0,0
2021-12-13 02:00:00,13.8,93,0.0,1.84,0.0,0
2021-12-13 03:00:00,13.6,93,0.0,1.73,0.0,0
2021-12-13 04:00:00,13.5,90,0.0,1.8,0.0,0
2021-12-13 05:00:00,14.5,88,0.0,1.5,0.0,0
2021-12-13 06:00:00,14.6,86,6.0,1.53,0.0,7
2021-12-13 07:00:00,16.4,72,96.0,2.09,0.0,8
2021-12-13 08:00:00,18.4,64,250.0,1.46,0.0,6
2021-12-13 09:00:00,20.4,61,413.0,1.24,0.0,3
2021-12-13 10:00:00,22.2,61,531.0,1.92,0.0,0
2021-12-13 11:00:00,23.7,58,583.0,2.6,0.0,0
2021-12-13 12:00:00,24.7,54,570.0,2.95,0.0,0
2021-12-13 13:00:00,25.0,51,494.0,3.0,0.0,0
2021-12-13 14:00:00,24.7,53,364.0,3.18,0.0,0
2021-12-13 15:00:00,23.5,59,200.0,2.44,0.0,0
2021-12-13 16:00:00,20.6,70,49.0,1.98,0.0,0
2021-12-13 17:00:00,18.9,80,0.0,2.52,0.0,0
2021-12-13 18:00:00,17.8,86,0.0,2.16,0.0,0
2021-12-13 19:00:00,17.5,89,0.0,1.97,0.0,0
2021-12-13 20:00:00,17.3,88,0.0,1.98,0.0,0
2021-12-13 21:00:00,16.2,92,0.0,2.18,0.0,0
2021-12-13 22:00:00,16.1,92,0.0,1.84,0.0,0
2021-12-13 23:00:00,15.7,93,0.0,1.75,0.0,0
2021-12-14 00:00:00,15.2,94,0.0,1.94,0.0,0
2021-12-14 01:00:00,16.2,90,0.0,1.49,0.0,0
2021-12-14 02:00:00,15.3,94,0.0,1.84,0.0,0
2021-12-14 03:00:00,14.2,97,0.0,1.75,0.0,0
2021-12-14 04:00:00,13.9,97,0.0,1.56,0.0,0
2021-12-14 05:00:00,14.3,97,0.0,1.57,0.0,0
2021-12-14 06:00:00,14.3,96,6.0,1.12,0.0,0
2021-12-14 07:00:00,16.5,83,95.0,1.22,0.0,0
2021-12-14 08:00:00,18.8,70,254.0,0.98,0.0,0
2021-12-14 09:00:00,20.6,69,413.0,0.99,0.0,1
2021-12-14 10:00:00,22.2,68,524.0,1.17,0.0,1
2021-12-14 11:00:00,23.7,64,576.0,1.2,0.0,0
2021-12-14 12:00:00,24.7,61,564.0,1.35,0.0,0
2021-12-14 13:00:00,25.3,56,489.0,1.25,0.0,0
2021-12-14 14:00:00,25.4,53,360.0,1.34,0.0,0
2021-12-14 15:00:00,24.2,64,198.0,1.0,0.0,0
2021-12-14 16:00:00,20.9,74,49.0,2.27,0.0,0
2021-12-14 17:00:00,21.4,69,0.0,1.21,0.0,0
2021-12-14 18:00:00,19.1,82,0.0,1.12,0.0,1
2021-12-14 19:00:00,18.3,90,0.0,1.49,0.0,0
2021-12-14 20:00:00,17.9,89,0.0,2.24,0.0,0
2021-12-14 21:00:00,18.9,83,0.0,1.7,0.0,0
2021-12-14 22:00:00,19.0,81,0.0,1.1,0.0,0
2021-12-14 23:00:00,18.9,81,0.0,0.36,0.0,6
2021-12-15 00:00:00,18.2,85,0.0,0.42,0.0,0
2021-12-15 01:00:00,17.5,90,0.0,0.63,0.0,4
2021-12-15 02:00:00,16.7,95,0.0,0.67,0.0,8
2021-12-15 03:00:00,16.1,97,0.0,0.45,0.0,5
2021-12-15 04:00:00,15.8,100,0.0,0.6,0.0,4
2021-12-15 05:00:00,15.5,99,0.0,1.2,0.0,100
2021-12-15 06:00:00,15.0,99,6.0,1.22,0.0,30
2021-12-15 07:00:00,16.7,95,85.0,0.1,0.0,43
2021-12-15 08:00:00,19.1,80,240.0,0.4,0.0,13
2021-12-15 09:00:00,21.0,71,400.0,1.02,0.0,28
2021-12-15 10:00:00,22.5,64,519.0,1.4,0.0,62
2021-12-15 11:00:00,23.5,60,572.0,1.33,0.0,24
2021-12-15 12:00:00,24.3,58,562.0,1.24,0.0,52
2021-12-15 13:00:00,24.8,56,488.0,1.26,0.0,10
2021-12-15 14:00:00,24.8,56,361.0,1.17,0.0,32
2021-12-15 15:00:00,23.8,68,196.0,0.89,0.0,51
2021-12-15 16:00:00,20.9,75,49.0,1.97,0.0,32
2021-12-15 17:00:00,21.2,69,0.0,1.26,0.0,30
2021-12-15 18:00:00,18.5,83,0.0,1.12,0.0,1
2021-12-15 19:00:00,17.1,91,0.0,1.91,0.0,3
2021-12-15 20:00:00,16.7,92,0.0,1.99,0.0,92
2021-12-15 21:00:00,16.8,91,0.0,2.02,0.0,94
2021-12-15 22:00:00,17.5,88,0.0,1.68,0.0,81
2021-12-15 23:00:00,18.4,86,0.0,1.77,0.0,91
2021-12-16 00:00:00,16.5,92,0.0,2.08,0.0,85
2021-12-16 01:00:00,17.3,89,0.0,1.33,0.0,82
2021-12-16 02:00:00,17.8,88,0.0,0.1,0.0,66
2021-12-16 03:00:00,17.2,91,0.0,0.22,0.0,77
2021-12-16 04:00:00,16.1,95,0.0,0.5,0.0,89
2021-12-16 05:00:00,14.4,100,0.0,1.39,0.0,99
2021-12-16 06:00:00,14.6,100,5.0,1.61,0.0,98
2021-12-16 07:00:00,16.4,88,78.0,1.7,0.0,91
2021-12-16 08:00:00,19.4,76,227.0,1.04,0.0,92
2021-12-16 09:00:00,21.8,67,406.0,0.86,0.0,98
2021-12-16 10:00:00,23.2,62,513.0,1.44,0.0,92
2021-12-16 11:00:00,24.3,55,562.0,1.94,0.0,21
2021-12-16 12:00:00,24.9,50,566.0,2.25,0.0,38
2021-12-16 13:00:00,25.1,48,492.0,2.11,0.0,99
2021-12-16 14:00:00,24.8,48,361.0,2.02,0.0,21
2021-12-16 15:00:00,23.5,60,202.0,1.21,0.0,38
2021-12-16 16:00:00,19.8,71,51.0,2.22,0.0,79
2021-12-16 17:00:00,19.1,77,0.0,1.96,0.0,93
2021-12-16 18:00:00,18.3,81,0.0,1.61,0.0,73
2021-12-16 19:00:00,17.9,86,0.0,1.66,0.0,5
2021-12-16 20:00:00,16.6,91,0.0,2.45,0.0,54
2021-12-16 21:00:00,18.5,85,0.0,0.91,0.0,49
2021-12-16 22:00:00,18.1,89,0.0,1.63,0.0,0
2021-12-16 23:00:00,18.0,90,0.0,1.06,0.0,3
2021-12-17 00:00:00,16.0,95,0.0,0.71,0.0,6
2021-12-17 01:00:00,16.1,94,0.0,0.32,0.0,0
2021-12-17 02:00:00,15.4,97,0.0,0.51,0.0,51
2021-12-17 03:00:00,15.7,97,0.0,0.22,0.0,13
2021-12-17 04:00:00,15.5,100,0.0,1.0,0.0,100
2021-12-17 05:00:00,14.9,98,0.0,1.7,0.0,100
2021-12-17 06:00:00,14.3,100,5.0,1.06,0.0,100
2021-12-17 07:00:00,17.1,89,93.0,1.13,0.0,17
2021-12-17 08:00:00,19.8,69,255.0,1.14,0.0,0
2021-12-17 09:00:00,21.7,61,412.0,1.53,0.0,0
2021-12-17 10:00:00,23.2,59,525.0,1.98,0.0,7
2021-12-17 11:00:00,24.4,56,577.0,2.27,0.0,8
2021-12-17 12:00:00,25.1,52,566.0,2.48,0.0,0
2021-12-17 13:00:00,25.3,49,492.0,2.83,0.0,0
2021-12-17 14:00:00,24.9,49,365.0,2.83,0.0,27
2021-12-17 15:00:00,23.6,56,202.0,1.84,0.0,5
2021-12-17 16:00:00,20.0,71,51.0,2.2,0.0,0
2021-12-17 17:00:00,19.3,76,0.0,2.33,0.0,9
2021-12-17 18:00:00,18.0,83,0.0,2.0,0.0,1
2021-12-17 19:00:00,17.3,86,0.0,1.71,0.0,5
2021-12-17 20:00:00,16.1,91,0.0,1.97,0.0,14
2021-12-17 21:00:00,15.6,93,0.0,0.99,0.0,0
2021-12-17 22:00:00,15.0,94,0.0,0.92,0.0,0
2021-12-17 23:00:00,15.1,93,0.0,0.92,0.0,0
2021-12-18 00:00:00,15.9,91,0.0,0.64,0.0,0
2021-12-18 01:00:00,16.3,92,0.0,0.32,0.0,25
2021-12-18 02:00:00,16.1,94,0.0,0.36,0.0,80
2021-12-18 03:00:00,15.8,98,0.0,0.41,0.0,93
2021-12-18 04:00:00,15.7,100,0.0,0.72,0.0,75
2021-12-18 05:00:00,15.3,100,0.0,0.54,0.0,100
2021-12-18 06:00:00,13.9,100,5.0,1.14,0.0,100
2021-12-18 07:00:00,16.2,95,89.0,1.21,0.0,89
2021-12-18 08:00:00,19.2,70,241.0,0.7,0.0,67
2021-12-18 09:00:00,21.3,61,410.0,0.54,0.0,15
2021-12-18 10:00:00,22.9,57,523.0,0.85,0.0,0
2021-12-18 11:00:00,24.1,56,577.0,1.36,0.0,0
2021-12-18 12:00:00,25.0,54,567.0,1.66,0.0,0
2021-12-18 13:00:00,25.3,52,494.0,1.92,0.0,0
2021-12-18 14:00:00,25.1,51,366.0,2.14,0.0,0
2021-12-18 15:00:00,23.6,61,204.0,1.26,0.0,0
2021-12-18 16:00:00,20.0,72,52.0,2.12,0.0,0
2021-12-18 17:00:00,20.3,69,0.0,1.61,0.0,0
2021-12-18 18:00:00,20.8,64,0.0,0.14,0.0,1
2021-12-18 19:00:00,17.9,81,0.0,0.71,0.0,8
2021-12-18 20:00:00,18.7,79,0.0,1.03,0.0,0
2021-12-18 21:00:00,19.8,76,0.0,1.63,0.0,0
2021-12-18 22:00:00,19.4,78,0.0,1.2,0.0,0
2021-12-18 23:00:00,16.8,87,0.0,1.72,0.0,0
2021-12-19 00:00:00,17.3,87,0.0,1.34,0.0,0
2021-12-19 01:00:00,16.4,94,0.0,0.81,0.0,0
2021-12-19 02:00:00,15.7,100,0.0,0.54,0.0,0
2021-12-19 03:00:00,15.4,100,0.0,0.28,0.0,100
2021-12-19 04:00:00,15.3,100,0.0,0.81,0.0,100
2021-12-19 05:00:00,13.8,100,0.0,1.2,0.0,100
2021-12-19 06:00:00,14.0,100,3.0,1.1,0.0,100
2021-12-19 07:00:00,15.4,92,67.0,0.71,0.0,64
2021-12-19 08:00:00,17.3,81,201.0,0.6,0.0,9
2021-12-19 09:00:00,20.0,69,390.0,0.58,0.0,0
2021-12-19 10:00:00,22.0,62,520.0,0.71,0.0,0
2021-12-19 11:00:00,23.2,59,577.0,1.02,0.0,0
2021-12-19 12:00:00,23.8,57,568.0,0.95,0.0,0
2021-12-19 13:00:00,24.2,56,494.0,1.24,0.0,0
2021-12-19 14:00:00,24.0,55,364.0,1.4,0.0,0
2021-12-19 15:00:00,23.1,64,200.0,0.82,0.0,1
2021-12-19 16:00:00,20.9,69,51.0,1.3,0.0,2
2021-12-19 17:00:00,18.5,86,0.0,2.31,0.0,3
2021-12-19 18:00:00,18.4,83,0.0,1.77,0.0,9
2021-12-19 19:00:00,18.1,82,0.0,1.92,0.0,9
2021-12-19 20:00:00,17.0,87,0.0,2.33,0.0,0
2021-12-19 21:00:00,16.7,88,0.0,2.02,0.0,0
2021-12-19 22:00:00,16.1,89,0.0,2.02,0.0,0
2021-12-19 23:00:00,15.4,91,0.0,1.6,0.0,0
2021-12-20 00:00:00,14.9,93,0.0,2.06,0.0,0
2021-12-20 01:00:00,15.3,91,0.0,2.05,0.0,0
2021-12-20 02:00:00,15.2,94,0.0,1.84,0.0,0
2021-12-20 03:00:00,13.7,96,0.0,2.06,0.0,0
2021-12-20 04:00:00,13.7,95,0.0,2.02,0.0,0
2021-12-20 05:00:00,13.6,97,0.0,1.0,0.0,0
2021-12-20 06:00:00,14.3,92,4.0,0.32,0.0,0
2021-12-20 07:00:00,15.3,93,90.0,0.64,0.0,4
2021-12-20 08:00:00,17.3,84,241.0,0.86,0.0,5
2021-12-20 09:00:00,19.3,71,393.0,0.78,0.0,0
2021-12-20 10:00:00,21.1,65,516.0,1.14,0.0,0
2021-12-20 11:00:00,22.5,62,572.0,1.61,0.0,0
2021-12-20 12:00:00,23.5,58,565.0,2.2,0.0,0
2021-12-20 13:00:00,23.7,57,494.0,2.37,0.0,0
2021-12-20 14:00:00,23.4,56,368.0,2.33,0.0,0
2021-12-20 15:00:00,22.5,62,205.0,1.43,0.0,0
2021-12-20 16:00:00,19.6,72,53.0,2.24,0.0,0
2021-12-20 17:00:00,20.9,66,0.0,1.28,0.0,0
2021-12-20 18:00:00,17.7,85,0.0,1.46,0.0,0
2021-12-20 19:00:00,17.3,89,0.0,1.5,0.0,0
2021-12-20 20:00:00,16.9,88,0.0,1.4,0.0,1
2021-12-20 21:00:00,16.1,91,0.0,1.84,0.0,0
2021-12-20 22:00:00,15.3,93,0.0,1.97,0.0,0
2021-12-20 23:00:00,15.5,91,0.0,2.27,0.0,0
2021-12-21 00:00:00,17.3,86,0.0,1.63,0.0,0
2021-12-21 01:00:00,15.8,94,0.0,1.34,0.0,0
2021-12-21 02:00:00,15.5,98,0.0,0.71,0.0,0
2021-12-21 03:00:00,13.9,100,0.0,0.28,0.0,100
2021-12-21 04:00:00,13.0,100,0.0,1.08,0.0,86
2021-12-21 05:00:00,13.5,99,0.0,2.46,0.0,0
2021-12-21 06:00:00,13.7,93,3.0,2.06,0.0,0
2021-12-21 07:00:00,15.6,85,77.0,1.82,0.0,0
2021-12-21 08:00:00,18.1,75,244.0,1.52,0.0,0
2021-12-21 09:00:00,20.1,72,405.0,1.89,0.0,0
2021-12-21 10:00:00,21.8,66,516.0,2.5,0.0,0
2021-12-21 11:00:00,23.1,59,571.0,3.0,0.0,0
2021-12-21 12:00:00,23.7,56,564.0,3.28,0.0,0
2021-12-21 13:00:00,24.0,55,494.0,3.2,0.0,0
2021-12-21 14:00:00,23.7,55,367.0,3.08,0.0,0
2021-12-21 15:00:00,22.7,59,206.0,2.42,0.0,0
2021-12-21 16:00:00,19.4,74,54.0,2.05,0.0,1
2021-12-21 17:00:00,20.6,66,0.0,0.6,0.0,2
2021-12-21 18:00:00,18.8,74,0.0,0.54,0.0,2
2021-12-21 19:00:00,16.9,89,0.0,1.2,0.0,0
2021-12-21 20:00:00,15.8,94,0.0,1.42,0.0,22
2021-12-21 21:00:00,15.5,93,0.0,1.89,0.0,74
2021-12-21 22:00:00,15.8,92,0.0,0.5,0.0,76
2021-12-21 23:00:00,15.6,93,0.0,0.81,0.0,93
2021-12-22 00:00:00,14.2,97,0.0,1.17,0.0,41
2021-12-22 01:00:00,13.7,98,0.0,1.39,0.0,25
2021-12-22 02:00:00,13.2,100,0.0,1.9,0.0,51
2021-12-22 03:00:00,14.0,100,0.0,1.2,0.0,69
2021-12-22 04:00:00,14.2,98,0.0,1.61,0.0,28
2021-12-22 05:00:00,14.5,94,0.0,2.21,0.0,41
2021-12-22 06:00:00,14.2,93,3.0,1.71,0.0,40
2021-12-22 07:00:00,15.9,85,84.0,1.94,0.0,43
2021-12-22 08:00:00,17.7,78,226.0,1.87,0.0,42
2021-12-22 09:00:00,19.6,73,365.0,1.8,0.0,16
2021-12-22 10:00:00,21.6,65,482.0,2.02,0.0,11
2021-12-22 11:00:00,23.4,59,554.0,2.72,0.0,3
2021-12-22 12:00:00,21.3,61,534.0,3.13,0.0,68
2021-12-22 13:00:00,21.5,61,269.0,1.7,0.0,71
2021-12-22 14:00:00,21.6,62,288.0,1.9,0.0,61
2021-12-22 15:00:00,20.6,68,166.0,2.28,0.0,76
2021-12-22 16:00:00,18.7,79,46.0,1.72,0.0,38
2021-12-22 17:00:00,18.9,78,0.0,3.18,0.0,48
2021-12-22 18:00:00,17.1,84,0.0,1.6,1.0,45
2021-12-22 19:00:00,17.4,86,0.0,0.63,0.0,11
2021-12-22 20:00:00,15.9,92,0.0,2.1,0.0,6
2021-12-22 21:00:00,17.1,87,0.0,1.77,0.0,5
2021-12-22 22:00:00,16.6,91,0.0,0.72,0.0,5
2021-12-22 23:00:00,15.4,95,0.0,0.95,0.0,0
2021-12-23 00:00:00,15.9,95,0.0,0.42,0.0,0
2021-12-23 01:00:00,15.5,99,0.0,1.25,0.0,0
2021-12-23 02:00:00,15.3,98,0.0,0.81,0.0,0
2021-12-23 03:00:00,13.0,100,0.0,1.04,0.0,0
2021-12-23 04:00:00,12.0,100,0.0,1.68,0.0,56
2021-12-23 05:00:00,14.0,100,0.0,0.81,0.0,100
2021-12-23 06:00:00,14.4,96,3.0,0.54,0.0,100
2021-12-23 07:00:00,15.1,94,79.0,0.91,0.0,98
2021-12-23 08:00:00,17.0,83,218.0,0.85,0.0,19
2021-12-23 09:00:00,19.3,67,383.0,0.73,0.0,0
2021-12-23 10:00:00,21.1,58,504.0,0.32,0.0,0
2021-12-23 11:00:00,22.3,55,560.0,0.42,0.0,0
2021-12-23 12:00:00,23.0,53,551.0,0.67,0.0,0
2021-12-23 13:00:00,23.4,52,482.0,0.82,0.0,3
2021-12-23 14:00:00,23.3,53,359.0,1.51,0.0,1
2021-12-23 15:00:00,22.4,60,201.0,1.51,0.0,3
2021-12-23 16:00:00,18.8,77,54.0,2.19,0.0,1
2021-12-23 17:00:00,20.3,64,0.0,1.17,0.0,0
2021-12-23 18:00:00,20.1,64,0.0,0.51,0.0,1
2021-12-23 19:00:00,16.5,85,0.0,1.53,0.0,0
2021-12-23 20:00:00,15.7,91,0.0,1.5,0.0,2
2021-12-23 21:00:00,14.8,94,0.0,1.41,0.0,0
2021-12-23 22:00:00,15.0,92,0.0,0.22,0.0,0
2021-12-23 23:00:00,14.6,93,0.0,0.14,0.0,0
2021-12-24 00:00:00,15.7,90,0.0,0.36,0.0,0
2021-12-24 01:00:00,15.9,91,0.0,1.22,0.0,0
2021-12-24 02:00:00,15.2,95,0.0,1.1,0.0,0
2021-12-24 03:00:00,12.9,100,0.0,0.94,0.0,0
2021-12-24 04:00:00,12.4,100,0.0,0.71,0.0,100
2021-12-24 05:00:00,13.4,100,0.0,0.32,0.0,100
2021-12-24 06:00:00,12.6,100,3.0,0.82,0.0,100
2021-12-24 07:00:00,15.0,95,76.0,1.04,0.0,51
2021-12-24 08:00:00,17.7,72,227.0,1.04,0.0,27
2021-12-24 09:00:00,19.6,65,386.0,1.53,0.0,1
2021-12-24 10:00:00,21.1,62,501.0,1.98,0.0,0
2021-12-24 11:00:00,22.3,59,557.0,2.39,0.0,2
2021-12-24 12:00:00,23.1,55,550.0,2.51,0.0,9
2021-12-24 13:00:00,23.4,51,473.0,2.77,0.0,13
2021-12-24 14:00:00,23.0,52,343.0,2.82,0.0,10
2021-12-24 15:00:00,22.0,58,189.0,2.26,0.0,11
2021-12-24 16:00:00,18.9,72,52.0,2.0,0.0,10
2021-12-24 17:00:00,17.9,78,0.0,2.52,0.0,8
2021-12-24 18:00:00,17.1,81,0.0,2.38,0.0,5
2021-12-24 19:00:00,16.5,85,0.0,1.99,0.0,3
2021-12-24 20:00:00,16.6,84,0.0,1.98,0.0,3
2021-12-24 21:00:00,17.3,73,0.0,2.92,0.0,2
2021-12-24 22:00:00,15.5,83,0.0,2.22,0.0,3
2021-12-24 23:00:00,14.8,87,0.0,2.28,0.0,2
2021-12-25 00:00:00,14.2,91,0.0,1.7,0.0,2
2021-12-25 01:00:00,14.2,93,0.0,1.53,0.0,1
2021-12-25 02:00:00,14.0,93,0.0,1.75,0.0,1
2021-12-25 03:00:00,13.7,93,0.0,1.65,0.0,1
2021-12-25 04:00:00,12.9,96,0.0,1.82,0.0,9
2021-12-25 05:00:00,13.2,98,0.0,2.04,0.0,11
2021-12-25 06:00:00,12.9,97,3.0,1.7,0.0,42
2021-12-25 07:00:00,15.7,85,78.0,1.9,0.0,38
2021-12-25 08:00:00,17.9,74,214.0,1.61,0.0,46
2021-12-25 09:00:00,19.8,67,372.0,1.84,0.0,19
2021-12-25 10:00:00,21.6,62,493.0,1.97,0.0,29
2021-12-25 11:00:00,22.7,59,552.0,2.42,0.0,8
2021-12-25 12:00:00,23.6,53,548.0,2.69,0.0,0
2021-12-25 13:00:00,23.8,51,479.0,2.24,0.0,12
2021-12-25 14:00:00,23.3,52,311.0,1.84,0.0,66
2021-12-25 15:00:00,22.1,60,136.0,1.44,0.0,18
2021-12-25 16:00:00,19.0,73,52.0,1.77,0.0,30
2021-12-25 17:00:00,17.7,79,0.0,1.3,0.0,33
2021-12-25 18:00:00,17.5,79,0.0,1.77,0.0,61
2021-12-25 19:00:00,17.3,80,0.0,3.42,0.0,45
2021-12-25 20:00:00,16.4,80,0.0,2.24,0.1,91
2021-12-25 21:00:00,17.6,72,0.0,0.2,0.0,25
2021-12-25 22:00:00,15.0,88,0.0,1.06,0.0,6
2021-12-25 23:00:00,14.4,93,0.0,1.6,0.0,12
2021-12-26 00:00:00,14.6,93,0.0,1.79,0.0,3
2021-12-26 01:00:00,14.3,94,0.0,1.68,0.0,7
2021-12-26 02:00:00,13.6,96,0.0,1.5,0.0,5
2021-12-26 03:00:00,13.3,97,0.0,1.58,0.0,0
2021-12-26 04:00:00,13.6,97,0.0,1.96,0.0,0
2021-12-26 05:00:00,13.7,98,0.0,1.49,0.0,0
2021-12-26 06:00:00,13.4,99,3.0,1.3,0.0,60
2021-12-26 07:00:00,14.7,94,69.0,1.8,0.0,42
2021-12-26 08:00:00,16.1,86,190.0,1.5,0.0,22
2021-12-26 09:00:00,17.9,79,360.0,1.68,0.0,14
2021-12-26 10:00:00,19.7,71,487.0,2.12,0.0,1
2021-12-26 11:00:00,21.7,61,552.0,2.82,0.0,0
2021-12-26 12:00:00,22.8,54,549.0,3.14,0.0,0
2021-12-26 13:00:00,23.3,50,480.0,3.24,0.0,0
2021-12-26 14:00:00,23.0,51,358.0,3.04,0.0,0
2021-12-26 15:00:00,22.1,56,202.0,2.02,0.0,0
2021-12-26 16:00:00,18.6,71,56.0,2.14,0.0,0
2021-12-26 17:00:00,17.3,79,0.0,2.69,0.0,0
2021-12-26 18:00:00,16.5,82,0.0,2.26,0.0,6
2021-12-26 19:00:00,16.0,85,0.0,2.2,0.0,0
2021-12-26 20:00:00,15.1,89,0.0,2.5,0.0,1
2021-12-26 21:00:00,15.1,90,0.0,1.94,0.0,1
2021-12-26 22:00:00,13.9,94,0.0,2.33,0.0,3
2021-12-26 23:00:00,14.1,93,0.0,1.73,0.0,1
2021-12-27 00:00:00,13.9,94,0.0,1.77,0.0,3
2021-12-27 01:00:00,13.5,93,0.0,1.71,0.0,0
2021-12-27 02:00:00,13.0,93,0.0,1.8,0.0,0
2021-12-27 03:00:00,12.7,93,0.0,2.06,0.0,0
2021-12-27 04:00:00,12.7,92,0.0,1.94,0.0,0
2021-12-27 05:00:00,12.9,96,0.0,1.62,0.0,0
2021-12-27 06:00:00,12.9,96,3.0,2.09,0.0,0
2021-12-27 07:00:00,14.4,91,79.0,2.2,0.0,1
2021-12-27 08:00:00,16.4,81,230.0,2.31,0.0,0
2021-12-27 09:00:00,18.4,73,382.0,2.42,0.0,0
2021-12-27 10:00:00,20.4,66,495.0,2.57,0.0,0
2021-12-27 11:00:00,22.1,58,553.0,2.94,0.0,0
2021-12-27 12:00:00,22.9,53,549.0,3.1,0.0,0
2021-12-27 13:00:00,23.2,50,482.0,3.01,0.0,0
2021-12-27 14:00:00,23.0,49,361.0,2.87,0.0,0
2021-12-27 15:00:00,22.1,55,204.0,2.13,0.0,0
2021-12-27 16:00:00,18.9,67,57.0,1.92,0.0,0
2021-12-27 17:00:00,17.3,76,0.0,2.77,0.0,0
2021-12-27 18:00:00,16.4,80,0.0,2.51,0.0,0
2021-12-27 19:00:00,16.4,81,0.0,2.16,0.0,0
2021-12-27 20:00:00,17.9,74,0.0,1.12,0.0,4
2021-12-27 21:00:00,16.2,83,0.0,0.5,0.0,2
2021-12-27 22:00:00,14.5,92,0.0,1.04,0.0,1
2021-12-27 23:00:00,13.4,96,0.0,1.75,0.0,35
2021-12-28 00:00:00,13.2,95,0.0,1.75,0.0,72
2021-12-28 01:00:00,13.0,95,0.0,1.64,0.0,21
2021-12-28 02:00:00,12.2,96,0.0,2.12,0.0,0
2021-12-28 03:00:00,11.8,98,0.0,2.14,0.0,0
2021-12-28 04:00:00,11.8,98,0.0,1.92,0.0,3
2021-12-28 05:00:00,12.6,100,0.0,2.0,0.0,0
2021-12-28 06:00:00,12.6,100,2.0,2.31,0.0,100
2021-12-28 07:00:00,14.5,90,73.0,2.51,0.0,93
2021-12-28 08:00:00,17.1,76,215.0,2.22,0.0,80
2021-12-28 09:00:00,19.3,67,375.0,2.9,0.0,100
2021-12-28 10:00:00,21.0,62,467.0,3.57,0.0,93
2021-12-28 11:00:00,22.6,54,522.0,4.08,0.0,100
2021-12-28 12:00:00,23.2,49,481.0,4.18,0.0,87
2021-12-28 13:00:00,23.5,46,472.0,4.3,0.0,85
2021-12-28 14:00:00,23.2,46,343.0,4.4,0.0,98
2021-12-28 15:00:00,22.2,50,196.0,3.54,0.0,91
2021-12-28 16:00:00,20.2,55,58.0,3.09,0.0,63
2021-12-28 17:00:00,18.3,66,0.0,2.1,0.0,26
2021-12-28 18:00:00,17.6,72,0.0,1.9,0.0,79
2021-12-28 19:00:00,16.9,78,0.0,1.81,0.0,96
2021-12-28 20:00:00,16.8,77,0.0,1.93,0.0,61
2021-12-28 21:00:00,15.6,82,0.0,1.77,0.0,42
2021-12-28 22:00:00,14.6,86,0.0,2.14,0.0,29
2021-12-28 23:00:00,14.0,88,0.0,2.01,0.0,65
2021-12-29 00:00:00,13.3,91,0.0,2.2,0.0,45
2021-12-29 01:00:00,13.0,92,0.0,1.9,0.0,99
2021-12-29 02:00:00,13.0,93,0.0,1.68,0.0,100
2021-12-29 03:00:00,13.1,93,0.0,1.6,0.0,99
2021-12-29 04:00:00,13.7,91,0.0,2.1,0.0,100
2021-12-29 05:00:00,13.8,93,0.0,2.63,0.0,100
2021-12-29 06:00:00,13.9,92,2.0,1.91,0.0,100
2021-12-29 07:00:00,14.9,87,51.0,2.55,0.0,100
2021-12-29 08:00:00,16.1,81,111.0,1.55,0.0,100
2021-12-29 09:00:00,16.4,80,85.0,2.16,0.0,100
2021-12-29 10:00:00,17.5,76,154.0,2.76,0.0,100
2021-12-29 11:00:00,18.2,72,160.0,2.56,0.0,100
2021-12-29 12:00:00,18.9,67,171.0,2.3,0.0,100
2021-12-29 13:00:00,19.8,63,221.0,1.62,0.0,100
2021-12-29 14:00:00,20.0,63,178.0,1.66,0.0,99
2021-12-29 15:00:00,19.4,67,120.0,1.84,0.2,100
2021-12-29 16:00:00,18.0,73,19.0,1.42,0.0,100
2021-12-29 17:00:00,18.0,70,0.0,1.93,0.0,100
2021-12-29 18:00:00,17.3,74,0.0,1.5,0.0,100
2021-12-29 19:00:00,16.9,78,0.0,1.35,0.0,100
2021-12-29 20:00:00,16.6,81,0.0,1.36,0.0,100
2021-12-29 21:00:00,15.8,87,0.0,1.77,0.0,100
2021-12-29 22:00:00,16.1,86,0.0,1.39,0.0,100
2021-12-29 23:00:00,16.3,83,0.0,1.0,0.0,98
2021-12-30 00:00:00,14.9,87,0.0,1.43,0.0,100
2021-12-30 01:00:00,15.4,82,0.0,1.5,0.0,100
2021-12-30 02:00:00,15.7,79,0.0,1.04,0.0,100
2021-12-30 03:00:00,16.9,69,0.0,0.78,0.1,100
2021-12-30 04:00:00,15.0,85,0.0,1.92,0.0,97
2021-12-30 05:00:00,16.0,74,0.0,0.89,0.0,100
2021-12-30 06:00:00,15.3,81,1.0,0.5,0.1,100
2021-12-30 07:00:00,16.1,78,41.0,2.01,0.3,100
2021-12-30 08:00:00,17.3,71,75.0,1.63,0.3,100
2021-12-30 09:00:00,18.0,69,113.0,1.9,0.0,100
2021-12-30 10:00:00,19.4,62,289.0,2.95,0.0,100
2021-12-30 11:00:00,20.3,60,319.0,3.21,0.0,100
2021-12-30 12:00:00,20.7,57,307.0,3.59,0.0,100
2021-12-30 13:00:00,21.3,56,369.0,3.4,0.0,100
2021-12-30 14:00:00,21.1,57,306.0,2.98,0.0,100
2021-12-30 15:00:00,20.3,62,175.0,2.14,0.0,14
2021-12-30 16:00:00,17.9,71,58.0,1.71,0.0,13
2021-12-30 17:00:00,16.4,81,0.0,2.26,0.0,10
2021-12-30 18:00:00,15.6,84,0.0,1.91,0.0,0
2021-12-30 19:00:00,14.8,88,0.0,2.06,0.0,0
2021-12-30 20:00:00,14.0,91,0.0,1.94,0.0,0
2021-12-30 21:00:00,13.2,95,0.0,1.3,0.0,12
2021-12-30 22:00:00,12.9,97,0.0,1.0,0.0,51
2021-12-30 23:00:00,12.6,97,0.0,1.25,0.0,96
2021-12-31 00:00:00,12.4,97,0.0,1.57,0.0,95
2021-12-31 01:00:00,12.2,98,0.0,1.84,0.0,94
2021-12-31 02:00:00,11.9,99,0.0,1.66,0.0,26
2021-12-31 03:00:00,11.1,100,0.0,1.49,0.0,0
2021-12-31 04:00:00,11.1,100,0.0,1.52,0.0,70
2021-12-31 05:00:00,11.7,100,0.0,1.41,0.0,100
2021-12-31 06:00:00,11.7,100,2.0,1.17,0.0,100
2021-12-31 07:00:00,13.5,97,67.0,1.0,0.0,94
2021-12-31 08:00:00,16.3,80,209.0,0.81,0.0,14
2021-12-31 09:00:00,18.3,71,363.0,1.28,0.0,0
2021-12-31 10:00:00,19.9,66,488.0,1.8,0.0,0
2021-12-31 11:00:00,21.2,61,548.0,1.8,0.0,0
2021-12-31 12:00:00,22.3,57,544.0,1.97,0.0,0
2021-12-31 13:00:00,22.7,55,480.0,2.55,0.0,0
2021-12-31 14:00:00,22.6,54,361.0,2.79,0.0,0
2021-12-31 15:00:00,21.6,59,208.0,1.93,0.0,0
2021-12-31 16:00:00,18.6,71,61.0,1.79,0.0,0
2021-12-31 17:00:00,17.6,73,1.0,1.98,0.0,0
2021-12-31 18:00:00,18.2,68,0.0,1.84,0.0,40
2021-12-31 19:00:00,17.2,74,0.0,1.2,0.0,38
2021-12-31 20:00:00,16.2,83,0.0,1.3,0.0,2
2021-12-31 21:00:00,17.2,77,0.0,0.3,0.0,4
2021-12-31 22:00:00,16.0,82,0.0,0.61,0.0,0
2021-12-31 23:00:00,15.4,86,0.0,1.34,0.0,56
