time,T_out,RH_out,I_solar,wind,rain,cloud
2023-01-01 00:00:00,13.4,100,0.0,0.61,0.0,16
2023-01-01 01:00:00,14.6,97,0.0,1.0,0.0,13
2023-01-01 02:00:00,14.7,97,0.0,1.3,0.0,16
2023-01-01 03:00:00,13.5,99,0.0,1.12,0.0,8
2023-01-01 04:00:00,12.4,100,0.0,1.28,0.0,3
2023-01-01 05:00:00,13.1,100,0.0,0.98,0.0,100
2023-01-01 06:00:00,12.5,100,2.0,0.73,0.0,100
2023-01-01 07:00:00,13.9,96,54.0,1.08,0.0,35
2023-01-01 08:00:00,15.9,84,169.0,0.54,0.0,7
2023-01-01 09:00:00,18.0,76,349.0,0.54,0.0,1
2023-01-01 10:00:00,19.6,71,484.0,0.92,0.0,3
2023-01-01 11:00:00,20.8,66,541.0,1.14,0.0,3
2023-01-01 12:00:00,21.7,61,536.0,1.17,0.0,1
2023-01-01 13:00:00,22.1,59,477.0,1.56,0.0,4
2023-01-01 14:00:00,21.9,60,350.0,2.2,0.0,3
2023-01-01 15:00:00,21.1,66,202.0,1.72,0.0,2
2023-01-01 16:00:00,18.1,81,61.0,1.86,0.0,2
2023-01-01 17:00:00,17.2,85,1.0,2.19,0.0,1
2023-01-01 18:00:00,16.0,89,0.0,2.4,0.0,4
2023-01-01 19:00:00,15.4,90,0.0,2.28,0.0,3
2023-01-01 20:00:00,16.4,86,0.0,1.72,0.0,3
2023-01-01 21:00:00,17.0,86,0.0,0.94,0.0,4
2023-01-01 22:00:00,15.6,92,0.0,1.49,0.0,4
2023-01-01 23:00:00,15.7,92,0.0,1.46,0.0,1
2023-01-02 00:00:00,14.5,96,0.0,1.66,0.0,0
2023-01-02 01:00:00,13.7,100,0.0,1.75,0.0,0
2023-01-02 02:00:00,12.5,100,0.0,1.27,0.0,100
2023-01-02 03:00:00,12.9,100,0.0,1.35,0.0,100
2023-01-02 04:00:00,13.4,95,0.0,1.56,0.0,18
2023-01-02 05:00:00,13.5,93,0.0,1.66,0.0,4
2023-01-02 06:00:00,13.4,95,2.0,1.0,0.0,7
2023-01-02 07:00:00,14.3,89,60.0,1.3,0.0,16
2023-01-02 08:00:00,15.9,86,188.0,1.75,0.0,10
2023-01-02 09:00:00,17.9,80,360.0,1.84,0.0,3
2023-01-02 10:00:00,19.8,72,483.0,2.1,0.0,2
2023-01-02 11:00:00,21.3,66,547.0,2.16,0.0,0
2023-01-02 12:00:00,22.3,62,547.0,2.52,0.0,0
2023-01-02 13:00:00,22.7,57,482.0,3.11,0.0,0
2023-01-02 14:00:00,22.4,56,362.0,3.42,0.0,0
2023-01-02 15:00:00,21.6,68,209.0,0.89,0.0,4
2023-01-02 16:00:00,18.5,77,62.0,2.06,0.0,33
2023-01-02 17:00:00,18.3,79,1.0,1.57,0.0,63
2023-01-02 18:00:00,19.1,74,0.0,1.49,0.0,70
2023-01-02 19:00:00,18.6,79,0.0,1.73,0.0,46
2023-01-02 20:00:00,16.8,84,0.0,2.06,0.0,89
2023-01-02 21:00:00,15.9,90,0.0,2.12,0.0,1
2023-01-02 22:00:00,15.3,90,0.0,2.13,0.0,1
2023-01-02 23:00:00,15.7,87,0.0,1.3,0.0,0
2023-01-03 00:00:00,15.3,90,0.0,0.94,0.0,0
2023-01-03 01:00:00,13.9,97,0.0,1.46,0.0,0
2023-01-03 02:00:00,12.6,100,0.0,1.9,0.0,0
2023-01-03 03:00:00,12.7,100,0.0,1.5,0.0,100
2023-01-03 04:00:00,12.8,99,0.0,1.43,0.0,0
2023-01-03 05:00:00,13.4,100,0.0,2.0,0.0,0
2023-01-03 06:00:00,13.9,97,2.0,1.96,0.0,81
2023-01-03 07:00:00,15.1,87,55.0,1.97,0.0,67
2023-01-03 08:00:00,16.9,78,183.0,0.9,0.0,30
2023-01-03 09:00:00,18.6,75,341.0,0.86,0.0,11
2023-01-03 10:00:00,20.4,70,472.0,1.21,0.0,1
2023-01-03 11:00:00,21.9,65,546.0,1.7,0.0,0
2023-01-03 12:00:00,22.9,59,549.0,2.06,0.0,0
2023-01-03 13:00:00,23.2,56,484.0,2.34,0.0,0
2023-01-03 14:00:00,23.0,57,366.0,2.41,0.0,0
2023-01-03 15:00:00,21.9,63,212.0,1.94,0.0,0
2023-01-03 16:00:00,18.7,77,65.0,1.8,0.0,0
2023-01-03 17:00:00,17.4,85,1.0,2.22,0.0,1
2023-01-03 18:00:00,18.6,76,0.0,0.92,0.0,5
2023-01-03 19:00:00,16.8,86,0.0,1.02,0.0,6
2023-01-03 20:00:00,17.3,85,0.0,0.32,0.0,6
2023-01-03 21:00:00,16.2,88,0.0,1.36,0.0,1
2023-01-03 22:00:00,15.7,90,0.0,1.44,0.0,4
2023-01-03 23:00:00,15.6,90,0.0,1.34,0.0,9
2023-01-04 00:00:00,14.2,94,0.0,2.15,0.0,1
2023-01-04 01:00:00,14.9,93,0.0,1.77,0.0,7
2023-01-04 02:00:00,14.7,98,0.0,0.82,0.0,11
2023-01-04 03:00:00,13.8,100,0.0,0.81,0.0,100
2023-01-04 04:00:00,13.3,100,0.0,0.63,0.0,100
2023-01-04 05:00:00,13.1,100,0.0,0.99,0.0,100
2023-01-04 06:00:00,13.2,99,2.0,0.73,0.0,95
2023-01-04 07:00:00,14.6,96,54.0,0.57,0.0,80
2023-01-04 08:00:00,16.2,88,199.0,0.54,0.0,57
2023-01-04 09:00:00,18.2,79,368.0,0.57,0.0,0
2023-01-04 10:00:00,19.9,72,486.0,0.95,0.0,0
2023-01-04 11:00:00,21.3,66,551.0,1.3,0.0,0
2023-01-04 12:00:00,22.3,61,551.0,1.48,0.0,0
2023-01-04 13:00:00,22.8,59,487.0,1.7,0.0,0
2023-01-04 14:00:00,22.8,60,368.0,1.92,0.0,0
2023-01-04 15:00:00,21.8,65,214.0,1.7,0.0,0
2023-01-04 16:00:00,18.8,77,66.0,1.66,0.0,0
2023-01-04 17:00:00,17.5,83,1.0,2.35,0.0,0
2023-01-04 18:00:00,19.1,72,0.0,0.32,0.0,0
2023-01-04 19:00:00,17.7,81,0.0,0.94,0.0,0
2023-01-04 20:00:00,18.1,81,0.0,1.55,0.0,0
2023-01-04 21:00:00,17.8,84,0.0,1.5,0.0,0
2023-01-04 22:00:00,14.8,93,0.0,2.51,0.0,0
2023-01-04 23:00:00,14.6,93,0.0,2.34,0.0,0
2023-01-05 00:00:00,14.0,95,0.0,2.42,0.0,0
2023-01-05 01:00:00,13.4,95,0.0,2.73,0.0,0
2023-01-05 02:00:00,14.8,92,0.0,1.98,0.0,0
2023-01-05 03:00:00,13.6,96,0.0,1.84,0.0,0
2023-01-05 04:00:00,12.6,96,0.0,2.02,0.0,0
2023-01-05 05:00:00,14.6,100,0.0,1.36,0.0,0
2023-01-05 06:00:00,12.4,100,2.0,1.22,0.0,100
2023-01-05 07:00:00,14.6,96,56.0,1.26,0.0,66
2023-01-05 08:00:00,16.4,82,168.0,0.82,0.0,2
2023-01-05 09:00:00,18.2,76,349.0,0.85,0.0,1
2023-01-05 10:00:00,20.0,71,488.0,1.48,0.0,0
2023-01-05 11:00:00,21.6,65,556.0,2.02,0.0,0
2023-01-05 12:00:00,22.7,61,556.0,2.42,0.0,0
2023-01-05 13:00:00,23.2,57,493.0,2.77,0.0,0
2023-01-05 14:00:00,23.0,59,376.0,2.78,0.0,0
2023-01-05 15:00:00,22.0,65,220.0,2.13,0.0,0
2023-01-05 16:00:00,19.2,75,69.0,2.05,0.0,0
2023-01-05 17:00:00,16.8,88,1.0,2.86,0.0,0
2023-01-05 18:00:00,18.5,77,0.0,0.22,0.0,0
2023-01-05 19:00:00,15.2,93,0.0,1.77,0.0,0
2023-01-05 20:00:00,15.1,93,0.0,2.34,0.0,0
2023-01-05 21:00:00,15.3,92,0.0,1.97,0.0,0
2023-01-05 22:00:00,14.1,94,0.0,2.47,0.0,0
2023-01-05 23:00:00,14.0,94,0.0,2.24,0.0,0
2023-01-06 00:00:00,16.3,90,0.0,1.62,0.0,0
2023-01-06 01:00:00,15.8,94,0.0,1.61,0.0,0
2023-01-06 02:00:00,15.4,97,0.0,0.73,0.0,12
2023-01-06 03:00:00,12.9,99,0.0,1.4,0.0,17
2023-01-06 04:00:00,12.9,97,0.0,0.85,0.0,8
2023-01-06 05:00:00,13.3,97,0.0,0.94,0.0,4
2023-01-06 06:00:00,13.3,94,1.0,0.94,0.0,0
2023-01-06 07:00:00,15.0,78,46.0,1.0,0.0,0
2023-01-06 08:00:00,16.0,72,153.0,0.67,0.0,0
2023-01-06 09:00:00,17.7,71,348.0,1.06,0.0,0
2023-01-06 10:00:00,19.7,69,505.0,1.42,0.0,0
2023-01-06 11:00:00,21.3,66,566.0,1.84,0.0,0
2023-01-06 12:00:00,22.6,61,565.0,2.26,0.0,0
2023-01-06 13:00:00,23.1,58,501.0,2.69,0.0,0
2023-01-06 14:00:00,22.9,58,381.0,2.91,0.0,0
2023-01-06 15:00:00,21.8,63,223.0,2.28,0.0,0
2023-01-06 16:00:00,18.8,75,70.0,1.84,0.0,0
2023-01-06 17:00:00,18.0,80,1.0,2.06,0.0,0
2023-01-06 18:00:00,16.4,88,0.0,2.01,0.0,0
2023-01-06 19:00:00,16.3,88,0.0,1.87,0.0,0
2023-01-06 20:00:00,15.4,92,0.0,1.36,0.0,0
2023-01-06 21:00:00,14.6,95,0.0,1.24,0.0,0
2023-01-06 22:00:00,14.3,95,0.0,1.5,0.0,0
2023-01-06 23:00:00,16.3,90,0.0,1.58,0.0,0
2023-01-07 00:00:00,16.1,93,0.0,1.81,0.0,0
2023-01-07 01:00:00,15.6,97,0.0,1.35,0.0,6
2023-01-07 02:00:00,15.1,99,0.0,0.54,0.0,13
2023-01-07 03:00:00,12.9,100,0.0,0.94,0.0,83
2023-01-07 04:00:00,12.9,99,0.0,0.86,0.0,5
2023-01-07 05:00:00,13.5,96,0.0,1.46,0.0,0
2023-01-07 06:00:00,14.2,88,1.0,0.98,0.0,0
2023-01-07 07:00:00,15.4,80,58.0,0.63,0.0,0
2023-01-07 08:00:00,16.7,78,195.0,0.41,0.0,0
2023-01-07 09:00:00,18.9,73,374.0,1.12,0.0,0
2023-01-07 10:00:00,20.8,69,495.0,1.61,0.0,0
2023-01-07 11:00:00,22.4,64,558.0,1.8,0.0,0
2023-01-07 12:00:00,23.5,61,558.0,1.94,0.0,0
2023-01-07 13:00:00,24.0,58,495.0,1.94,0.0,0
2023-01-07 14:00:00,23.8,57,375.0,2.14,0.0,0
2023-01-07 15:00:00,22.8,63,221.0,1.94,0.0,0
2023-01-07 16:00:00,19.3,79,70.0,2.33,0.0,0
2023-01-07 17:00:00,18.6,80,2.0,0.89,0.0,0
2023-01-07 18:00:00,17.4,89,0.0,1.6,0.0,0
2023-01-07 19:00:00,16.8,89,0.0,1.65,0.0,0
2023-01-07 20:00:00,16.5,89,0.0,2.15,0.0,0
2023-01-07 21:00:00,15.9,91,0.0,2.62,0.0,0
2023-01-07 22:00:00,17.3,90,0.0,1.56,0.0,0
2023-01-07 23:00:00,16.7,94,0.0,1.14,0.0,0
2023-01-08 00:00:00,16.5,95,0.0,1.17,0.0,0
2023-01-08 01:00:00,15.0,98,0.0,2.02,0.0,0
2023-01-08 02:00:00,14.2,100,0.0,1.8,0.0,33
2023-01-08 03:00:00,15.3,100,0.0,1.65,0.0,100
2023-01-08 04:00:00,15.1,98,0.0,1.56,0.0,93
2023-01-08 05:00:00,14.7,100,0.0,1.2,0.0,58
2023-01-08 06:00:00,14.3,100,1.0,0.95,0.0,100
2023-01-08 07:00:00,15.1,97,48.0,0.63,0.0,57
2023-01-08 08:00:00,17.2,87,206.0,1.1,0.0,31
2023-01-08 09:00:00,18.5,83,357.0,1.55,0.0,4
2023-01-08 10:00:00,20.4,75,484.0,1.34,0.0,1
2023-01-08 11:00:00,22.1,70,550.0,1.39,0.0,0
2023-01-08 12:00:00,23.3,67,549.0,1.53,0.0,0
2023-01-08 13:00:00,23.8,66,487.0,1.89,0.0,0
2023-01-08 14:00:00,23.7,66,371.0,2.44,0.0,0
2023-01-08 15:00:00,22.7,68,219.0,2.36,0.0,0
2023-01-08 16:00:00,19.5,84,71.0,2.16,0.0,0
2023-01-08 17:00:00,18.8,82,2.0,1.9,0.0,1
2023-01-08 18:00:00,19.2,80,0.0,2.31,0.0,1
2023-01-08 19:00:00,18.1,86,0.0,1.78,0.0,0
2023-01-08 20:00:00,17.3,90,0.0,1.84,0.0,0
2023-01-08 21:00:00,18.0,90,0.0,0.41,0.0,0
2023-01-08 22:00:00,16.7,96,0.0,1.3,0.0,1
2023-01-08 23:00:00,16.5,97,0.0,1.58,0.0,1
2023-01-09 00:00:00,16.9,94,0.0,1.51,0.0,1
2023-01-09 01:00:00,16.7,94,0.0,1.2,0.0,1
2023-01-09 02:00:00,15.2,96,0.0,1.2,0.0,1
2023-01-09 03:00:00,15.2,95,0.0,1.24,0.0,0
2023-01-09 04:00:00,15.6,95,0.0,1.08,0.0,0
2023-01-09 05:00:00,14.2,99,0.0,0.7,0.0,0
2023-01-09 06:00:00,13.9,100,1.0,1.06,0.0,100
2023-01-09 07:00:00,14.9,96,41.0,0.58,0.0,46
2023-01-09 08:00:00,16.3,91,148.0,0.98,0.0,30
2023-01-09 09:00:00,18.3,82,307.0,1.44,0.0,10
2023-01-09 10:00:00,20.8,73,493.0,1.84,0.0,0
2023-01-09 11:00:00,22.5,67,554.0,2.14,0.0,0
2023-01-09 12:00:00,23.7,63,556.0,2.06,0.0,0
2023-01-09 13:00:00,24.3,59,495.0,2.05,0.0,0
2023-01-09 14:00:00,24.2,58,377.0,2.4,0.0,0
2023-01-09 15:00:00,23.2,63,223.0,1.7,0.0,0
2023-01-09 16:00:00,19.8,78,73.0,2.06,0.0,0
2023-01-09 17:00:00,18.8,83,2.0,2.52,0.0,0
2023-01-09 18:00:00,18.4,85,0.0,2.16,0.0,24
2023-01-09 19:00:00,18.2,86,0.0,1.91,0.0,0
2023-01-09 20:00:00,17.4,89,0.0,1.94,0.0,0
2023-01-09 21:00:00,16.3,93,0.0,1.12,0.0,0
2023-01-09 22:00:00,17.2,91,0.0,0.32,0.0,0
2023-01-09 23:00:00,17.1,94,0.0,0.7,0.0,0
2023-01-10 00:00:00,17.1,96,0.0,0.36,0.0,0
2023-01-10 01:00:00,17.1,97,0.0,1.12,0.0,0
2023-01-10 02:00:00,16.4,100,0.0,1.6,0.0,100
2023-01-10 03:00:00,15.8,100,0.0,0.89,0.0,100
2023-01-10 04:00:00,14.2,100,0.0,0.86,0.0,100
2023-01-10 05:00:00,14.8,98,0.0,1.2,0.0,100
2023-01-10 06:00:00,14.9,96,1.0,1.14,0.0,100
2023-01-10 07:00:00,15.6,93,42.0,0.1,0.0,85
2023-01-10 08:00:00,16.3,92,142.0,0.63,0.0,89
2023-01-10 09:00:00,18.0,85,259.0,0.72,0.0,14
2023-01-10 10:00:00,20.8,74,469.0,1.35,0.0,0
2023-01-10 11:00:00,22.7,65,543.0,1.66,0.0,0
2023-01-10 12:00:00,23.9,59,551.0,1.57,0.0,0
2023-01-10 13:00:00,24.5,55,491.0,1.65,0.0,0
2023-01-10 14:00:00,24.7,52,375.0,1.73,0.0,0
2023-01-10 15:00:00,23.8,57,223.0,1.3,0.0,0
2023-01-10 16:00:00,20.6,70,73.0,1.7,0.0,1
2023-01-10 17:00:00,21.8,65,2.0,0.94,0.0,0
2023-01-10 18:00:00,19.3,80,0.0,1.3,0.0,84
2023-01-10 19:00:00,18.4,86,0.0,1.8,0.0,34
2023-01-10 20:00:00,18.5,83,0.0,2.0,0.0,26
2023-01-10 21:00:00,18.6,84,0.0,2.2,0.0,4
2023-01-10 22:00:00,17.7,90,0.0,1.6,0.0,8
2023-01-10 23:00:00,16.9,94,0.0,1.53,0.0,6
2023-01-11 00:00:00,16.1,95,0.0,1.84,0.0,5
2023-01-11 01:00:00,15.2,96,0.0,2.3,0.0,1
2023-01-11 02:00:00,15.0,96,0.0,2.19,0.0,0
2023-01-11 03:00:00,16.7,93,0.0,1.33,0.0,0
2023-01-11 04:00:00,16.3,96,0.0,1.17,0.0,4
2023-01-11 05:00:00,14.9,100,0.0,1.52,0.0,0
2023-01-11 06:00:00,14.2,99,2.0,1.17,0.0,55
2023-01-11 07:00:00,16.4,94,61.0,0.71,0.0,11
2023-01-11 08:00:00,18.3,83,198.0,0.45,0.0,6
2023-01-11 09:00:00,19.9,75,348.0,0.92,0.0,0
2023-01-11 10:00:00,21.6,67,477.0,1.26,0.0,0
2023-01-11 11:00:00,23.0,61,544.0,1.22,0.0,0
2023-01-11 12:00:00,24.0,57,548.0,1.39,0.0,0
2023-01-11 13:00:00,24.7,54,488.0,1.64,0.0,1
2023-01-11 14:00:00,24.8,52,374.0,2.26,0.0,1
2023-01-11 15:00:00,24.0,54,224.0,2.28,0.0,1
2023-01-11 16:00:00,20.9,66,75.0,1.78,0.0,0
2023-01-11 17:00:00,21.5,62,2.0,1.25,0.0,0
2023-01-11 18:00:00,20.8,65,0.0,0.6,0.0,1
2023-01-11 19:00:00,20.1,68,0.0,0.81,0.0,1
2023-01-11 20:00:00,16.9,87,0.0,2.0,0.0,0
2023-01-11 21:00:00,17.3,87,0.0,2.22,0.0,0
2023-01-11 22:00:00,16.5,92,0.0,1.87,0.0,1
2023-01-11 23:00:00,15.8,96,0.0,2.06,0.0,4
2023-01-12 00:00:00,15.3,97,0.0,2.44,0.0,6
2023-01-12 01:00:00,15.9,96,0.0,2.1,0.0,1
2023-01-12 02:00:00,16.1,97,0.0,1.9,0.0,0
2023-01-12 03:00:00,16.6,98,0.0,1.49,0.0,0
2023-01-12 04:00:00,16.1,100,0.0,0.91,0.0,3
2023-01-12 05:00:00,15.8,100,0.0,0.61,0.0,100
2023-01-12 06:00:00,15.0,100,2.0,1.1,0.0,100
2023-01-12 07:00:00,16.0,98,58.0,0.5,0.0,100
2023-01-12 08:00:00,17.0,92,155.0,0.28,0.0,100
2023-01-12 09:00:00,18.7,84,292.0,0.5,0.0,46
2023-01-12 10:00:00,20.8,75,462.0,0.76,0.0,11
2023-01-12 11:00:00,22.5,67,544.0,1.08,0.0,0
2023-01-12 12:00:00,23.7,60,547.0,1.58,0.0,0
2023-01-12 13:00:00,24.4,56,479.0,1.84,0.0,1
2023-01-12 14:00:00,24.5,53,366.0,1.86,0.0,3
2023-01-12 15:00:00,23.9,55,218.0,1.42,0.0,14
2023-01-12 16:00:00,23.0,58,71.0,1.06,0.0,10
2023-01-12 17:00:00,20.1,74,2.0,1.71,0.0,13
2023-01-12 18:00:00,19.1,80,0.0,1.75,0.0,25
2023-01-12 19:00:00,19.3,79,0.0,2.62,0.0,26
2023-01-12 20:00:00,19.1,79,0.0,2.94,0.0,34
2023-01-12 21:00:00,18.4,83,0.0,2.58,0.1,26
2023-01-12 22:00:00,17.7,88,0.0,2.27,0.0,6
2023-01-12 23:00:00,17.0,91,0.0,2.05,0.0,6
2023-01-13 00:00:00,16.4,91,0.0,1.89,0.0,5
2023-01-13 01:00:00,15.6,93,0.0,1.75,0.0,2
2023-01-13 02:00:00,14.8,94,0.0,2.31,0.0,8
2023-01-13 03:00:00,14.3,96,0.0,2.02,0.0,2
2023-01-13 04:00:00,14.4,95,0.0,1.56,0.0,1
2023-01-13 05:00:00,15.1,94,0.0,1.71,0.0,5
2023-01-13 06:00:00,14.0,96,2.0,1.66,0.0,6
2023-01-13 07:00:00,16.1,91,65.0,1.25,0.0,2
2023-01-13 08:00:00,17.5,82,200.0,0.9,0.0,0
2023-01-13 09:00:00,19.2,71,352.0,1.04,0.0,0
2023-01-13 10:00:00,20.7,62,474.0,1.7,0.0,0
2023-01-13 11:00:00,21.8,56,547.0,2.02,0.0,0
2023-01-13 12:00:00,22.6,53,557.0,2.42,0.0,0
2023-01-13 13:00:00,23.1,48,502.0,2.86,0.0,0
2023-01-13 14:00:00,22.8,45,386.0,3.31,0.0,0
2023-01-13 15:00:00,21.9,51,230.0,2.75,0.0,0
2023-01-13 16:00:00,19.6,65,78.0,1.49,0.0,0
2023-01-13 17:00:00,18.9,67,3.0,1.75,0.0,0
2023-01-13 18:00:00,18.0,69,0.0,1.8,0.0,0
2023-01-13 19:00:00,17.0,76,0.0,1.9,0.0,0
2023-01-13 20:00:00,15.6,88,0.0,2.18,0.0,0
2023-01-13 21:00:00,14.9,91,0.0,1.98,0.0,0
2023-01-13 22:00:00,15.3,89,0.0,1.84,0.0,2
2023-01-13 23:00:00,15.4,85,0.0,2.0,0.0,12
2023-01-14 00:00:00,15.1,86,0.0,2.0,0.0,14
2023-01-14 01:00:00,14.4,88,0.0,2.33,0.0,15
2023-01-14 02:00:00,15.9,83,0.0,1.2,0.0,13
2023-01-14 03:00:00,13.5,96,0.0,1.75,0.0,11
2023-01-14 04:00:00,12.5,100,0.0,2.04,0.0,13
2023-01-14 05:00:00,13.6,100,0.0,1.62,0.0,100
2023-01-14 06:00:00,13.4,100,1.0,1.21,0.0,100
2023-01-14 07:00:00,14.9,95,60.0,1.43,0.0,47
2023-01-14 08:00:00,16.8,82,185.0,1.22,0.0,29
2023-01-14 09:00:00,18.8,70,312.0,1.21,0.0,24
2023-01-14 10:00:00,20.5,61,437.0,1.7,0.0,16
2023-01-14 11:00:00,21.7,56,517.0,1.75,0.0,4
2023-01-14 12:00:00,22.6,53,542.0,1.63,0.0,0
2023-01-14 13:00:00,23.0,52,491.0,1.86,0.0,0
2023-01-14 14:00:00,23.0,52,364.0,1.7,0.0,0
2023-01-14 15:00:00,22.5,54,226.0,1.27,0.0,0
2023-01-14 16:00:00,20.3,68,78.0,1.49,0.0,4
2023-01-14 17:00:00,18.4,75,3.0,1.52,0.0,19
2023-01-14 18:00:00,17.2,84,0.0,1.97,0.0,14
2023-01-14 19:00:00,18.1,80,0.0,0.89,0.1,45
2023-01-14 20:00:00,16.2,93,0.0,1.7,0.0,54
2023-01-14 21:00:00,16.7,87,0.0,1.7,0.0,38
2023-01-14 22:00:00,15.7,91,0.0,1.48,0.0,36
2023-01-14 23:00:00,15.3,94,0.0,1.6,0.0,42
2023-01-15 00:00:00,15.1,95,0.0,1.68,0.0,59
2023-01-15 01:00:00,14.7,96,0.0,1.33,0.0,45
2023-01-15 02:00:00,14.5,96,0.0,1.84,0.0,30
2023-01-15 03:00:00,14.4,96,0.0,2.06,0.0,30
2023-01-15 04:00:00,14.2,95,0.0,2.16,0.0,40
2023-01-15 05:00:00,14.6,93,0.0,2.9,0.0,5
2023-01-15 06:00:00,14.1,95,2.0,2.4,0.0,9
2023-01-15 07:00:00,15.0,89,66.0,2.5,0.0,9
2023-01-15 08:00:00,16.4,83,206.0,3.01,0.0,9
2023-01-15 09:00:00,18.0,76,352.0,2.85,0.0,7
2023-01-15 10:00:00,19.6,69,478.0,2.64,0.0,12
2023-01-15 11:00:00,20.7,65,535.0,2.62,0.0,2
2023-01-15 12:00:00,21.4,62,554.0,2.25,0.0,0
2023-01-15 13:00:00,21.9,59,503.0,1.93,0.0,11
2023-01-15 14:00:00,21.9,59,369.0,1.94,0.0,9
2023-01-15 15:00:00,21.2,61,223.0,2.15,0.0,12
2023-01-15 16:00:00,19.3,70,77.0,1.63,0.0,6
2023-01-15 17:00:00,16.9,86,3.0,1.97,0.0,9
2023-01-15 18:00:00,16.0,91,0.0,1.77,0.0,6
2023-01-15 19:00:00,15.6,93,0.0,1.9,0.0,9
2023-01-15 20:00:00,15.2,93,0.0,2.28,0.0,24
2023-01-15 21:00:00,16.7,89,0.0,1.12,0.0,32
2023-01-15 22:00:00,14.6,98,0.0,1.36,0.1,58
2023-01-15 23:00:00,14.9,97,0.0,1.41,0.2,48
2023-01-16 00:00:00,15.3,97,0.0,0.71,0.2,26
2023-01-16 01:00:00,15.0,99,0.0,0.98,0.1,11
2023-01-16 02:00:00,13.1,100,0.0,1.75,0.0,21
2023-01-16 03:00:00,12.8,100,0.0,1.61,0.0,30
2023-01-16 04:00:00,12.0,100,0.0,1.78,0.0,22
2023-01-16 05:00:00,13.9,100,0.0,0.28,0.0,100
2023-01-16 06:00:00,13.1,100,1.0,0.67,0.0,100
2023-01-16 07:00:00,14.0,98,47.0,1.3,0.0,100
2023-01-16 08:00:00,14.9,93,153.0,1.25,0.0,51
2023-01-16 09:00:00,17.0,81,344.0,0.76,0.0,13
2023-01-16 10:00:00,18.8,71,485.0,0.81,0.0,11
2023-01-16 11:00:00,20.4,58,558.0,1.36,0.0,1
2023-01-16 12:00:00,21.5,50,567.0,1.94,0.0,10
2023-01-16 13:00:00,21.5,51,483.0,2.6,0.0,16
2023-01-16 14:00:00,21.3,51,366.0,2.38,0.0,20
2023-01-16 15:00:00,20.8,53,215.0,2.02,0.0,15
2023-01-16 16:00:00,19.0,66,75.0,1.4,0.0,30
2023-01-16 17:00:00,17.9,70,3.0,1.91,0.0,13
2023-01-16 18:00:00,16.9,74,0.0,1.92,0.0,31
2023-01-16 19:00:00,16.5,75,0.0,2.01,0.0,47
2023-01-16 20:00:00,16.5,74,0.0,2.0,0.0,86
2023-01-16 21:00:00,15.9,79,0.0,2.01,0.0,86
2023-01-16 22:00:00,15.2,86,0.0,1.77,0.0,39
2023-01-16 23:00:00,14.6,90,0.0,1.7,0.0,41
2023-01-17 00:00:00,14.2,90,0.0,1.84,0.0,53
2023-01-17 01:00:00,13.6,91,0.0,1.61,0.0,58
2023-01-17 02:00:00,13.7,91,0.0,1.58,0.0,65
2023-01-17 03:00:00,13.0,93,0.0,1.86,0.0,56
2023-01-17 04:00:00,12.5,93,0.0,2.19,0.0,6
2023-01-17 05:00:00,13.5,97,0.0,1.02,0.0,2
2023-01-17 06:00:00,13.6,98,2.0,1.39,0.0,42
2023-01-17 07:00:00,14.6,94,62.0,0.28,0.0,20
2023-01-17 08:00:00,16.3,81,208.0,0.22,0.0,23
2023-01-17 09:00:00,18.0,70,371.0,0.2,0.0,18
2023-01-17 10:00:00,19.6,61,493.0,0.94,0.0,43
2023-01-17 11:00:00,20.6,56,538.0,0.95,0.0,25
2023-01-17 12:00:00,21.2,51,533.0,0.71,0.0,26
2023-01-17 13:00:00,21.6,48,494.0,0.3,0.0,15
2023-01-17 14:00:00,21.9,45,387.0,0.71,0.0,6
2023-01-17 15:00:00,21.7,46,231.0,1.02,0.0,16
2023-01-17 16:00:00,18.5,67,81.0,1.78,0.0,31
2023-01-17 17:00:00,17.4,71,4.0,1.36,0.0,31
2023-01-17 18:00:00,17.8,69,0.0,0.1,0.0,45
2023-01-17 19:00:00,16.1,81,0.0,1.56,0.0,24
2023-01-17 20:00:00,15.9,76,0.0,2.56,0.0,11
2023-01-17 21:00:00,15.4,77,0.0,2.42,0.0,4
2023-01-17 22:00:00,14.8,81,0.0,2.16,0.0,10
2023-01-17 23:00:00,14.3,85,0.0,1.97,0.0,1
2023-01-18 00:00:00,13.6,89,0.0,1.66,0.0,0
2023-01-18 01:00:00,13.0,89,0.0,1.96,0.0,4
2023-01-18 02:00:00,14.3,87,0.0,1.24,0.0,17
2023-01-18 03:00:00,13.2,92,0.0,1.63,0.0,14
2023-01-18 04:00:00,13.5,90,0.0,1.24,0.0,9
2023-01-18 05:00:00,12.4,95,0.0,1.41,0.0,0
2023-01-18 06:00:00,11.5,97,2.0,1.9,0.0,2
2023-01-18 07:00:00,13.7,89,68.0,1.14,0.0,4
2023-01-18 08:00:00,15.3,74,213.0,0.9,0.0,12
2023-01-18 09:00:00,17.1,63,368.0,0.8,0.0,0
2023-01-18 10:00:00,18.6,57,497.0,1.2,0.0,0
2023-01-18 11:00:00,19.7,52,569.0,1.12,0.0,0
2023-01-18 12:00:00,20.5,49,575.0,1.33,0.0,0
2023-01-18 13:00:00,21.1,48,516.0,1.8,0.0,0
2023-01-18 14:00:00,21.0,48,401.0,2.21,0.0,0
2023-01-18 15:00:00,20.5,49,245.0,1.92,0.0,0
2023-01-18 16:00:00,17.8,67,88.0,1.71,0.0,0
2023-01-18 17:00:00,16.5,75,4.0,1.84,0.0,0
2023-01-18 18:00:00,15.6,81,0.0,1.8,0.0,1
2023-01-18 19:00:00,14.9,85,0.0,1.92,0.0,2
2023-01-18 20:00:00,14.6,85,0.0,1.78,0.0,9
2023-01-18 21:00:00,14.5,84,0.0,1.08,0.0,18
2023-01-18 22:00:00,13.9,88,0.0,0.81,0.0,42
2023-01-18 23:00:00,13.9,89,0.0,0.51,0.0,4
2023-01-19 00:00:00,14.0,93,0.0,1.08,0.0,4
2023-01-19 01:00:00,13.7,98,0.0,1.41,0.0,4
2023-01-19 02:00:00,13.4,100,0.0,0.76,0.0,100
2023-01-19 03:00:00,11.6,100,0.0,0.64,0.0,91
2023-01-19 04:00:00,10.5,100,0.0,0.89,0.0,57
2023-01-19 05:00:00,11.6,100,0.0,0.22,0.0,28
2023-01-19 06:00:00,12.4,100,2.0,0.67,0.0,49
2023-01-19 07:00:00,12.9,99,69.0,0.98,0.0,100
2023-01-19 08:00:00,15.2,84,209.0,0.63,0.0,7
2023-01-19 09:00:00,17.2,73,366.0,0.5,0.0,0
2023-01-19 10:00:00,19.0,63,494.0,0.95,0.0,0
2023-01-19 11:00:00,20.4,56,563.0,1.43,0.0,0
2023-01-19 12:00:00,21.4,50,569.0,1.84,0.0,0
2023-01-19 13:00:00,21.9,47,512.0,1.97,0.0,0
2023-01-19 14:00:00,22.1,44,397.0,1.66,0.0,0
2023-01-19 15:00:00,21.6,47,242.0,1.0,0.0,0
2023-01-19 16:00:00,20.8,49,88.0,1.14,0.0,0
2023-01-19 17:00:00,17.0,68,5.0,2.53,0.0,0
2023-01-19 18:00:00,15.6,76,0.0,2.33,0.0,2
2023-01-19 19:00:00,15.5,77,0.0,2.05,0.0,3
2023-01-19 20:00:00,14.3,84,0.0,2.06,0.0,0
2023-01-19 21:00:00,13.9,86,0.0,2.33,0.0,0
2023-01-19 22:00:00,13.7,87,0.0,2.25,0.0,0
2023-01-19 23:00:00,13.9,86,0.0,2.21,0.0,0
2023-01-20 00:00:00,15.4,82,0.0,0.98,0.0,0
2023-01-20 01:00:00,14.7,86,0.0,0.61,0.0,0
2023-01-20 02:00:00,14.3,89,0.0,0.89,0.0,0
2023-01-20 03:00:00,13.4,96,0.0,0.22,0.0,0
2023-01-20 04:00:00,11.1,100,0.0,0.81,0.0,2
2023-01-20 05:00:00,11.6,98,0.0,0.73,0.0,1
2023-01-20 06:00:00,11.5,97,2.0,0.76,0.0,0
2023-01-20 07:00:00,13.4,94,70.0,1.02,0.0,0
2023-01-20 08:00:00,16.2,75,214.0,0.5,0.0,0
2023-01-20 09:00:00,18.3,65,372.0,0.41,0.0,0
2023-01-20 10:00:00,20.0,60,495.0,1.1,0.0,0
2023-01-20 11:00:00,21.3,55,565.0,1.65,0.0,0
2023-01-20 12:00:00,22.3,49,571.0,1.99,0.0,0
2023-01-20 13:00:00,22.8,45,513.0,2.1,0.0,0
2023-01-20 14:00:00,22.8,42,398.0,2.15,0.0,0
2023-01-20 15:00:00,22.1,45,245.0,1.58,0.0,0
2023-01-20 16:00:00,19.1,63,90.0,2.02,0.0,0
2023-01-20 17:00:00,20.0,50,5.0,0.85,0.0,3
2023-01-20 18:00:00,19.4,53,0.0,0.89,0.0,3
2023-01-20 19:00:00,16.6,69,0.0,1.91,0.0,8
2023-01-20 20:00:00,14.5,84,0.0,2.42,0.0,1
2023-01-20 21:00:00,14.5,86,0.0,2.05,0.0,0
2023-01-20 22:00:00,14.1,87,0.0,2.2,0.0,0
2023-01-20 23:00:00,13.4,89,0.0,2.76,0.0,0
2023-01-21 00:00:00,14.2,85,0.0,2.14,0.0,0
2023-01-21 01:00:00,15.0,84,0.0,1.66,0.0,0
2023-01-21 02:00:00,14.5,88,0.0,1.34,0.0,0
2023-01-21 03:00:00,14.1,91,0.0,1.17,0.0,0
2023-01-21 04:00:00,13.8,94,0.0,0.85,0.0,0
2023-01-21 05:00:00,12.5,99,0.0,1.78,0.0,0
2023-01-21 06:00:00,13.3,97,2.0,1.66,0.0,0
2023-01-21 07:00:00,14.1,93,71.0,0.76,0.0,0
2023-01-21 08:00:00,16.7,76,218.0,0.22,0.0,0
2023-01-21 09:00:00,18.8,65,373.0,0.41,0.0,0
2023-01-21 10:00:00,20.5,60,495.0,0.45,0.0,0
2023-01-21 11:00:00,22.0,55,564.0,0.8,0.0,0
2023-01-21 12:00:00,22.9,51,570.0,1.22,0.0,0
2023-01-21 13:00:00,23.3,48,513.0,1.5,0.0,0
2023-01-21 14:00:00,23.2,47,398.0,1.55,0.0,0
2023-01-21 15:00:00,22.5,49,244.0,1.17,0.0,0
2023-01-21 16:00:00,21.5,52,91.0,0.41,0.0,0
2023-01-21 17:00:00,17.6,71,5.0,2.13,0.0,3
2023-01-21 18:00:00,17.8,70,0.0,1.66,0.0,11
2023-01-21 19:00:00,17.6,71,0.0,1.57,0.0,25
2023-01-21 20:00:00,15.5,84,0.0,1.98,0.0,23
2023-01-21 21:00:00,15.2,85,0.0,1.91,0.0,15
2023-01-21 22:00:00,14.3,90,0.0,2.41,0.0,14
2023-01-21 23:00:00,14.5,88,0.0,2.06,0.0,9
2023-01-22 00:00:00,15.1,88,0.0,1.52,0.0,6
2023-01-22 01:00:00,15.0,90,0.0,0.63,0.0,1
2023-01-22 02:00:00,13.1,96,0.0,0.28,0.0,0
2023-01-22 03:00:00,11.7,98,0.0,0.78,0.0,0
2023-01-22 04:00:00,11.4,97,0.0,0.92,0.0,0
2023-01-22 05:00:00,12.2,97,0.0,0.5,0.0,5
2023-01-22 06:00:00,12.0,95,2.0,0.57,0.0,12
2023-01-22 07:00:00,13.7,92,71.0,0.5,0.0,6
2023-01-22 08:00:00,16.7,74,212.0,0.36,0.0,11
2023-01-22 09:00:00,19.2,61,357.0,0.61,0.0,11
2023-01-22 10:00:00,21.2,52,487.0,1.43,0.0,8
2023-01-22 11:00:00,22.5,43,566.0,2.15,0.0,2
2023-01-22 12:00:00,23.1,41,579.0,2.06,0.0,0
2023-01-22 13:00:00,23.5,41,522.0,1.86,0.0,0
2023-01-22 14:00:00,23.4,42,406.0,1.66,0.0,0
2023-01-22 15:00:00,22.7,46,251.0,1.66,0.0,0
2023-01-22 16:00:00,19.6,60,94.0,1.77,0.0,0
2023-01-22 17:00:00,18.2,64,6.0,1.32,0.0,0
2023-01-22 18:00:00,16.8,72,0.0,1.7,0.0,1
2023-01-22 19:00:00,16.4,73,0.0,1.8,0.0,6
2023-01-22 20:00:00,15.8,75,0.0,2.14,0.0,0
2023-01-22 21:00:00,14.5,85,0.0,2.55,0.0,0
2023-01-22 22:00:00,14.3,86,0.0,2.24,0.0,0
2023-01-22 23:00:00,14.5,86,0.0,1.3,0.0,21
2023-01-23 00:00:00,14.0,88,0.0,0.63,0.0,18
2023-01-23 01:00:00,13.3,90,0.0,0.51,0.0,1
2023-01-23 02:00:00,14.8,86,0.0,0.91,0.0,3
2023-01-23 03:00:00,12.4,95,0.0,1.6,0.0,34
2023-01-23 04:00:00,11.6,95,0.0,1.28,0.0,26
2023-01-23 05:00:00,12.7,96,0.0,1.0,0.0,38
2023-01-23 06:00:00,12.0,96,2.0,0.81,0.0,56
2023-01-23 07:00:00,14.4,88,70.0,1.03,0.0,38
2023-01-23 08:00:00,17.9,72,216.0,0.32,0.0,72
2023-01-23 09:00:00,20.2,60,371.0,1.08,0.0,78
2023-01-23 10:00:00,21.8,54,495.0,1.53,0.0,79
2023-01-23 11:00:00,22.8,49,567.0,1.84,0.0,93
2023-01-23 12:00:00,23.3,46,566.0,2.06,0.0,81
2023-01-23 13:00:00,23.6,43,518.0,1.84,0.0,85
2023-01-23 14:00:00,23.5,43,402.0,1.25,0.0,83
2023-01-23 15:00:00,23.0,48,246.0,0.92,0.0,83
2023-01-23 16:00:00,20.1,61,91.0,1.84,0.0,71
2023-01-23 17:00:00,18.5,67,6.0,2.53,0.0,42
2023-01-23 18:00:00,17.8,69,0.0,2.3,0.0,72
2023-01-23 19:00:00,16.9,74,0.0,2.42,0.0,63
2023-01-23 20:00:00,17.0,72,0.0,2.06,0.0,88
2023-01-23 21:00:00,17.7,68,0.0,1.42,0.0,85
2023-01-23 22:00:00,17.9,66,0.0,0.22,0.0,9
2023-01-23 23:00:00,16.9,72,0.0,0.61,0.0,11
2023-01-24 00:00:00,14.2,89,0.0,1.63,0.0,40
2023-01-24 01:00:00,14.3,89,0.0,1.72,0.0,81
2023-01-24 02:00:00,14.1,89,0.0,1.75,0.0,86
2023-01-24 03:00:00,14.4,87,0.0,1.65,0.0,96
2023-01-24 04:00:00,13.3,91,0.0,1.99,0.0,86
2023-01-24 05:00:00,12.9,95,0.0,1.93,0.0,87
2023-01-24 06:00:00,12.5,93,2.0,1.99,0.0,97
2023-01-24 07:00:00,15.5,81,72.0,1.81,0.0,74
2023-01-24 08:00:00,17.8,68,217.0,1.24,0.0,89
2023-01-24 09:00:00,19.9,60,373.0,1.14,0.0,47
2023-01-24 10:00:00,21.4,58,499.0,1.63,0.0,80
2023-01-24 11:00:00,22.9,53,570.0,2.19,0.0,79
2023-01-24 12:00:00,24.2,49,578.0,2.62,0.0,90
2023-01-24 13:00:00,24.7,47,521.0,2.91,0.0,76
2023-01-24 14:00:00,24.5,46,406.0,3.14,0.0,70
2023-01-24 15:00:00,23.8,51,253.0,2.05,0.0,66
2023-01-24 16:00:00,20.6,71,97.0,2.19,0.0,80
2023-01-24 17:00:00,19.0,70,7.0,2.12,0.0,96
2023-01-24 18:00:00,17.7,75,0.0,2.3,0.0,57
2023-01-24 19:00:00,17.1,78,0.0,2.05,0.0,39
2023-01-24 20:00:00,16.4,81,0.0,1.58,0.0,7
2023-01-24 21:00:00,15.3,88,0.0,1.34,0.0,10
2023-01-24 22:00:00,14.4,91,0.0,1.08,0.0,7
2023-01-24 23:00:00,15.0,89,0.0,0.76,0.0,0
2023-01-25 00:00:00,14.4,91,0.0,1.22,0.0,0
2023-01-25 01:00:00,14.6,91,0.0,1.06,0.0,0
2023-01-25 02:00:00,14.0,94,0.0,1.33,0.0,0
2023-01-25 03:00:00,13.7,95,0.0,1.55,0.0,0
2023-01-25 04:00:00,14.7,92,0.0,1.34,0.0,0
2023-01-25 05:00:00,13.1,99,0.0,1.73,0.0,0
2023-01-25 06:00:00,13.3,98,2.0,0.86,0.0,0
2023-01-25 07:00:00,14.7,89,59.0,0.64,0.0,11
2023-01-25 08:00:00,17.0,81,196.0,0.28,0.0,3
2023-01-25 09:00:00,19.6,70,352.0,0.42,0.0,0
2023-01-25 10:00:00,21.7,62,499.0,0.67,0.0,62
2023-01-25 11:00:00,23.3,57,571.0,1.12,0.0,0
2023-01-25 12:00:00,24.4,53,578.0,1.73,0.0,15
2023-01-25 13:00:00,25.1,49,522.0,1.75,0.0,100
2023-01-25 14:00:00,25.3,48,408.0,1.92,0.0,0
2023-01-25 15:00:00,24.6,53,255.0,1.3,0.0,15
2023-01-25 16:00:00,21.3,73,98.0,2.11,0.0,0
2023-01-25 17:00:00,21.3,62,7.0,1.3,0.0,0
2023-01-25 18:00:00,19.6,70,0.0,1.13,0.0,2
2023-01-25 19:00:00,18.0,78,0.0,1.6,0.0,4
2023-01-25 20:00:00,17.1,83,0.0,2.2,0.0,39
2023-01-25 21:00:00,17.5,82,0.0,1.94,0.0,93
2023-01-25 22:00:00,17.2,84,0.0,2.0,0.0,92
2023-01-25 23:00:00,17.5,83,0.0,1.39,0.0,97
2023-01-26 00:00:00,16.2,87,0.0,0.73,0.0,79
2023-01-26 01:00:00,14.9,91,0.0,0.89,0.0,83
2023-01-26 02:00:00,14.4,93,0.0,0.89,0.0,99
2023-01-26 03:00:00,13.9,95,0.0,0.76,0.0,49
2023-01-26 04:00:00,13.2,97,0.0,0.85,0.0,94
2023-01-26 05:00:00,14.8,99,0.0,1.17,0.0,99
2023-01-26 06:00:00,13.5,100,2.0,1.3,0.0,99
2023-01-26 07:00:00,15.9,93,72.0,1.25,0.0,97
2023-01-26 08:00:00,18.8,75,217.0,0.63,0.0,93
2023-01-26 09:00:00,21.0,66,371.0,0.64,0.0,93
2023-01-26 10:00:00,22.8,60,493.0,0.99,0.0,80
2023-01-26 11:00:00,24.3,55,564.0,1.25,0.0,98
2023-01-26 12:00:00,25.2,51,572.0,1.48,0.0,91
2023-01-26 13:00:00,25.6,50,517.0,1.24,0.0,95
2023-01-26 14:00:00,25.6,50,404.0,1.02,0.0,92
2023-01-26 15:00:00,25.0,55,253.0,0.8,0.0,95
2023-01-26 16:00:00,22.9,66,98.0,1.3,0.0,96
2023-01-26 17:00:00,20.4,70,7.0,1.81,0.0,87
2023-01-26 18:00:00,20.4,68,0.0,1.28,0.0,94
2023-01-26 19:00:00,19.6,71,0.0,1.3,0.0,87
2023-01-26 20:00:00,17.7,82,0.0,2.06,0.0,91
2023-01-26 21:00:00,17.4,84,0.0,2.2,0.0,91
2023-01-26 22:00:00,16.8,86,0.0,2.44,0.0,94
2023-01-26 23:00:00,17.1,85,0.0,2.2,0.0,91
2023-01-27 00:00:00,17.7,83,0.0,1.58,0.0,98
2023-01-27 01:00:00,15.9,90,0.0,1.61,0.0,88
2023-01-27 02:00:00,14.8,93,0.0,1.68,0.0,62
2023-01-27 03:00:00,14.6,93,0.0,1.49,0.0,76
2023-01-27 04:00:00,15.7,90,0.0,0.67,0.0,61
2023-01-27 05:00:00,16.3,90,0.0,1.14,0.0,64
2023-01-27 06:00:00,14.0,98,2.0,1.66,0.0,67
2023-01-27 07:00:00,16.5,89,72.0,1.39,0.0,64
2023-01-27 08:00:00,19.0,77,218.0,1.24,0.0,63
2023-01-27 09:00:00,21.3,67,379.0,0.91,0.0,80
2023-01-27 10:00:00,23.0,61,496.0,0.81,0.0,72
2023-01-27 11:00:00,24.2,55,555.0,1.39,0.0,73
2023-01-27 12:00:00,25.0,50,578.0,1.75,0.0,39
2023-01-27 13:00:00,25.4,48,526.0,2.28,0.0,0
2023-01-27 14:00:00,25.5,47,413.0,2.39,0.0,8
2023-01-27 15:00:00,24.9,52,260.0,1.7,0.0,0
2023-01-27 16:00:00,21.9,73,102.0,2.16,0.0,2
2023-01-27 17:00:00,21.0,69,8.0,2.19,0.0,3
2023-01-27 18:00:00,22.0,62,0.0,1.22,0.0,23
2023-01-27 19:00:00,19.4,75,0.0,0.91,0.0,30
2023-01-27 20:00:00,18.0,83,0.0,1.89,0.0,25
2023-01-27 21:00:00,18.6,82,0.0,1.96,0.0,21
2023-01-27 22:00:00,19.6,76,0.0,1.3,0.0,25
2023-01-27 23:00:00,17.9,84,0.0,1.41,0.0,5
2023-01-28 00:00:00,17.4,86,0.0,1.93,0.0,4
2023-01-28 01:00:00,18.7,80,0.0,0.92,0.0,1
2023-01-28 02:00:00,17.1,87,0.0,0.14,0.0,0
2023-01-28 03:00:00,15.6,93,0.0,0.76,0.0,1
2023-01-28 04:00:00,15.6,93,0.0,0.82,0.0,14
2023-01-28 05:00:00,15.7,95,0.0,1.8,0.0,18
2023-01-28 06:00:00,16.8,93,2.0,1.77,0.0,67
2023-01-28 07:00:00,17.6,92,70.0,0.6,0.0,69
2023-01-28 08:00:00,19.4,82,194.0,0.36,0.0,73
2023-01-28 09:00:00,21.3,72,356.0,0.7,0.0,9
2023-01-28 10:00:00,23.0,66,496.0,0.86,0.0,0
2023-01-28 11:00:00,24.4,56,580.0,1.49,0.0,0
2023-01-28 12:00:00,25.4,51,589.0,2.22,0.0,0
2023-01-28 13:00:00,25.8,48,532.0,2.62,0.0,0
2023-01-28 14:00:00,25.8,47,418.0,2.83,0.0,0
2023-01-28 15:00:00,25.1,51,264.0,2.48,0.0,0
2023-01-28 16:00:00,22.3,67,105.0,1.64,0.0,0
2023-01-28 17:00:00,20.0,76,9.0,2.51,0.0,10
2023-01-28 18:00:00,19.9,75,0.0,1.9,0.0,14
2023-01-28 19:00:00,19.6,76,0.0,1.2,0.0,15
2023-01-28 20:00:00,18.7,80,0.0,0.76,0.0,4
2023-01-28 21:00:00,18.6,80,0.0,0.71,0.0,0
2023-01-28 22:00:00,17.1,89,0.0,1.98,0.0,0
2023-01-28 23:00:00,16.5,91,0.0,2.47,0.0,3
2023-01-29 00:00:00,16.4,91,0.0,2.6,0.0,2
2023-01-29 01:00:00,16.1,91,0.0,2.66,0.0,0
2023-01-29 02:00:00,16.6,90,0.0,2.33,0.0,0
2023-01-29 03:00:00,18.1,86,0.0,1.49,0.0,0
2023-01-29 04:00:00,17.6,88,0.0,1.0,0.0,0
2023-01-29 05:00:00,17.0,93,0.0,0.5,0.0,0
2023-01-29 06:00:00,15.2,99,3.0,0.78,0.0,0
2023-01-29 07:00:00,17.1,92,73.0,1.42,0.0,0
2023-01-29 08:00:00,19.5,77,217.0,0.54,0.0,0
2023-01-29 09:00:00,21.4,71,381.0,0.58,0.0,0
2023-01-29 10:00:00,23.1,65,509.0,1.53,0.0,0
2023-01-29 11:00:00,24.6,57,582.0,2.48,0.0,0
2023-01-29 12:00:00,25.3,53,592.0,2.83,0.0,0
2023-01-29 13:00:00,25.8,51,535.0,2.98,0.0,0
2023-01-29 14:00:00,25.9,51,420.0,3.11,0.0,0
2023-01-29 15:00:00,25.3,54,265.0,2.97,0.0,0
2023-01-29 16:00:00,23.2,63,106.0,2.0,0.0,0
2023-01-29 17:00:00,20.2,78,9.0,2.84,0.0,0
2023-01-29 18:00:00,20.9,72,0.0,1.75,0.0,0
2023-01-29 19:00:00,18.6,84,0.0,1.7,0.0,0
2023-01-29 20:00:00,18.8,86,0.0,1.48,0.0,0
2023-01-29 21:00:00,18.1,90,0.0,1.53,0.0,0
2023-01-29 22:00:00,17.5,92,0.0,1.5,0.0,0
2023-01-29 23:00:00,16.7,94,0.0,1.64,0.0,0
2023-01-30 00:00:00,16.0,95,0.0,1.53,0.0,0
2023-01-30 01:00:00,15.7,97,0.0,1.35,0.0,0
2023-01-30 02:00:00,14.8,100,0.0,1.2,0.0,0
2023-01-30 03:00:00,14.9,100,0.0,1.42,0.0,96
2023-01-30 04:00:00,14.6,96,0.0,2.12,0.0,0
2023-01-30 05:00:00,15.0,87,0.0,2.33,0.0,0
2023-01-30 06:00:00,15.2,85,3.0,1.8,0.0,0
2023-01-30 07:00:00,17.1,78,73.0,1.92,0.0,0
2023-01-30 08:00:00,19.6,68,227.0,0.85,0.0,0
2023-01-30 09:00:00,21.8,64,390.0,1.28,0.0,0
2023-01-30 10:00:00,23.8,61,518.0,1.84,0.0,0
2023-01-30 11:00:00,25.7,57,591.0,2.48,0.0,0
2023-01-30 12:00:00,26.9,53,600.0,2.76,0.0,0
2023-01-30 13:00:00,27.5,51,542.0,2.9,0.0,0
2023-01-30 14:00:00,27.6,49,427.0,2.69,0.0,0
2023-01-30 15:00:00,26.8,53,270.0,1.58,0.0,0
2023-01-30 16:00:00,23.8,72,108.0,1.96,0.0,0
2023-01-30 17:00:00,22.1,74,10.0,2.12,0.0,0
2023-01-30 18:00:00,20.9,78,0.0,1.89,0.0,0
2023-01-30 19:00:00,20.0,82,0.0,1.36,0.0,0
2023-01-30 20:00:00,19.3,85,0.0,0.82,0.0,0
2023-01-30 21:00:00,18.8,86,0.0,1.32,0.0,0
2023-01-30 22:00:00,18.4,87,0.0,2.06,0.0,0
2023-01-30 23:00:00,18.3,85,0.0,2.34,0.0,0
2023-01-31 00:00:00,17.5,87,0.0,2.64,0.0,0
2023-01-31 01:00:00,16.8,90,0.0,2.59,0.0,0
2023-01-31 02:00:00,16.3,92,0.0,2.58,0.0,0
2023-01-31 03:00:00,16.2,92,0.0,2.48,0.0,0
2023-01-31 04:00:00,16.0,91,0.0,2.56,0.0,0
2023-01-31 05:00:00,17.1,91,0.0,2.01,0.0,0
2023-01-31 06:00:00,18.6,85,3.0,1.02,0.0,7
2023-01-31 07:00:00,19.0,86,78.0,0.28,0.0,5
2023-01-31 08:00:00,21.1,77,230.0,0.81,0.0,5
2023-01-31 09:00:00,23.0,68,390.0,1.1,0.0,4
2023-01-31 10:00:00,24.5,62,517.0,1.25,0.0,4
2023-01-31 11:00:00,25.7,56,590.0,1.44,0.0,6
2023-01-31 12:00:00,26.6,52,598.0,1.64,0.0,5
2023-01-31 13:00:00,27.2,49,542.0,1.68,0.0,51
2023-01-31 14:00:00,27.2,48,414.0,1.68,0.0,4
2023-01-31 15:00:00,26.6,51,266.0,1.5,0.0,9
2023-01-31 16:00:00,23.9,70,109.0,1.98,0.0,43
2023-01-31 17:00:00,21.9,70,10.0,2.4,0.0,98
2023-01-31 18:00:00,21.4,72,0.0,2.06,0.0,100
2023-01-31 19:00:00,21.5,74,0.0,1.57,0.0,68
2023-01-31 20:00:00,20.6,79,0.0,1.78,0.0,19
2023-01-31 21:00:00,20.3,79,0.0,1.7,0.0,35
2023-01-31 22:00:00,19.9,79,0.0,1.91,0.0,60
2023-01-31 23:00:00,19.6,80,0.0,1.91,0.0,83
2023-02-01 00:00:00,18.8,84,0.0,2.42,0.0,50
2023-02-01 01:00:00,18.0,88,0.0,2.69,0.0,38
2023-02-01 02:00:00,18.1,88,0.0,2.51,0.0,93
2023-02-01 03:00:00,18.6,85,0.0,2.08,0.0,27
2023-02-01 04:00:00,19.6,82,0.0,1.75,0.0,27
2023-02-01 05:00:00,18.3,94,0.0,1.97,0.0,53
2023-02-01 06:00:00,19.0,91,2.0,1.32,0.0,90
2023-02-01 07:00:00,19.7,87,52.0,1.32,0.0,99
2023-02-01 08:00:00,20.4,82,123.0,0.91,0.0,11
2023-02-01 09:00:00,22.6,71,385.0,1.33,0.0,30
2023-02-01 10:00:00,24.2,64,507.0,1.61,0.0,47
2023-02-01 11:00:00,25.6,59,571.0,1.43,0.0,6
2023-02-01 12:00:00,26.5,56,576.0,1.24,0.0,1
2023-02-01 13:00:00,27.0,54,539.0,1.12,0.0,0
2023-02-01 14:00:00,27.0,52,405.0,1.22,0.0,28
2023-02-01 15:00:00,26.4,53,258.0,1.62,0.0,0
2023-02-01 16:00:00,23.8,72,113.0,1.84,0.0,5
2023-02-01 17:00:00,21.7,76,11.0,1.75,0.0,6
2023-02-01 18:00:00,21.1,77,0.0,1.8,0.0,12
2023-02-01 19:00:00,21.1,78,0.0,2.6,0.0,55
2023-02-01 20:00:00,20.9,82,0.0,3.0,0.3,51
2023-02-01 21:00:00,20.5,85,0.0,3.2,0.1,42
2023-02-01 22:00:00,19.9,87,0.0,2.55,0.2,36
2023-02-01 23:00:00,19.2,89,0.0,1.91,0.0,2
2023-02-02 00:00:00,17.8,93,0.0,2.0,0.0,0
2023-02-02 01:00:00,17.1,94,0.0,2.2,0.0,5
2023-02-02 02:00:00,17.0,94,0.0,2.24,0.0,7
2023-02-02 03:00:00,16.6,97,0.0,2.14,0.0,10
2023-02-02 04:00:00,16.3,97,0.0,1.92,0.0,18
2023-02-02 05:00:00,17.0,98,0.0,1.0,0.0,100
2023-02-02 06:00:00,17.4,95,2.0,0.6,0.0,100
2023-02-02 07:00:00,18.0,91,50.0,0.73,0.0,100
2023-02-02 08:00:00,19.1,86,149.0,1.72,0.0,9
2023-02-02 09:00:00,21.3,78,381.0,0.57,0.0,4
2023-02-02 10:00:00,23.1,70,520.0,1.3,0.0,11
2023-02-02 11:00:00,24.9,60,571.0,1.42,0.0,32
2023-02-02 12:00:00,25.7,57,560.0,1.64,0.0,14
2023-02-02 13:00:00,26.0,55,546.0,2.09,0.0,6
2023-02-02 14:00:00,26.0,55,434.0,1.92,0.0,5
2023-02-02 15:00:00,25.6,56,274.0,1.3,0.0,3
2023-02-02 16:00:00,23.4,71,113.0,1.28,0.0,3
2023-02-02 17:00:00,20.9,79,12.0,1.75,0.0,3
2023-02-02 18:00:00,21.5,72,0.0,0.72,0.0,3
2023-02-02 19:00:00,21.0,75,0.0,0.72,0.0,3
2023-02-02 20:00:00,18.8,88,0.0,1.39,0.0,1
2023-02-02 21:00:00,19.7,85,0.0,1.22,0.0,0
2023-02-02 22:00:00,17.9,92,0.0,2.14,0.0,0
2023-02-02 23:00:00,17.9,94,0.0,1.77,0.0,0
2023-02-03 00:00:00,17.8,94,0.0,1.8,0.0,1
2023-02-03 01:00:00,17.5,92,0.0,1.88,0.0,6
2023-02-03 02:00:00,16.7,93,0.0,1.63,0.0,3
2023-02-03 03:00:00,16.6,92,0.0,1.77,0.0,0
2023-02-03 04:00:00,16.4,92,0.0,1.77,0.0,0
2023-02-03 05:00:00,16.4,95,0.0,1.44,0.0,0
2023-02-03 06:00:00,16.5,94,4.0,1.63,0.0,0
2023-02-03 07:00:00,18.1,89,82.0,0.4,0.0,0
2023-02-03 08:00:00,19.8,81,239.0,1.02,0.0,0
2023-02-03 09:00:00,21.8,74,402.0,1.2,0.0,0
2023-02-03 10:00:00,23.8,67,531.0,1.86,0.0,0
2023-02-03 11:00:00,25.4,61,606.0,2.41,0.0,0
2023-02-03 12:00:00,26.3,56,618.0,2.76,0.0,0
2023-02-03 13:00:00,26.7,54,562.0,2.94,0.0,0
2023-02-03 14:00:00,26.6,52,444.0,2.64,0.0,1
2023-02-03 15:00:00,26.2,51,281.0,1.96,0.0,4
2023-02-03 16:00:00,24.1,68,114.0,1.5,0.0,8
2023-02-03 17:00:00,21.9,75,12.0,2.24,0.0,6
2023-02-03 18:00:00,21.7,75,0.0,1.4,0.0,9
2023-02-03 19:00:00,20.3,85,0.0,2.4,0.0,8
2023-02-03 20:00:00,19.9,87,0.0,1.92,0.0,10
2023-02-03 21:00:00,20.1,86,0.0,1.97,0.0,7
2023-02-03 22:00:00,19.6,87,0.0,1.84,0.0,8
2023-02-03 23:00:00,19.1,89,0.0,1.75,0.0,17
2023-02-04 00:00:00,18.9,90,0.0,1.78,0.0,32
2023-02-04 01:00:00,18.4,91,0.0,1.66,0.0,45
2023-02-04 02:00:00,18.4,92,0.0,1.66,0.0,29
2023-02-04 03:00:00,17.5,94,0.0,2.05,0.0,32
2023-02-04 04:00:00,17.5,94,0.0,1.92,0.0,13
2023-02-04 05:00:00,17.3,97,0.0,2.02,0.0,7
2023-02-04 06:00:00,16.9,97,4.0,1.7,0.0,2
2023-02-04 07:00:00,18.8,94,80.0,1.25,0.0,7
2023-02-04 08:00:00,20.5,86,233.0,1.22,0.0,4
2023-02-04 09:00:00,22.1,77,393.0,1.75,0.0,0
2023-02-04 10:00:00,23.5,69,520.0,1.86,0.0,0
2023-02-04 11:00:00,24.9,62,594.0,2.0,0.0,0
2023-02-04 12:00:00,25.8,58,603.0,1.97,0.0,1
2023-02-04 13:00:00,26.3,55,547.0,1.58,0.0,3
2023-02-04 14:00:00,26.6,51,425.0,1.64,0.0,8
2023-02-04 15:00:00,26.2,51,273.0,1.58,0.0,10
2023-02-04 16:00:00,24.2,65,112.0,1.5,0.0,11
2023-02-04 17:00:00,22.4,70,12.0,1.87,0.0,7
2023-02-04 18:00:00,21.8,73,0.0,1.96,0.0,6
2023-02-04 19:00:00,21.5,75,0.0,2.57,0.0,8
2023-02-04 20:00:00,20.8,78,0.0,2.77,0.0,14
2023-02-04 21:00:00,20.2,79,0.0,2.06,0.0,24
2023-02-04 22:00:00,19.7,81,0.0,1.97,0.0,21
2023-02-04 23:00:00,19.0,85,0.0,1.66,0.0,16
2023-02-05 00:00:00,18.6,88,0.0,1.8,0.0,7
2023-02-05 01:00:00,17.7,91,0.0,2.02,0.0,10
2023-02-05 02:00:00,18.1,86,0.0,1.94,0.0,16
2023-02-05 03:00:00,17.1,91,0.0,2.02,0.0,9
2023-02-05 04:00:00,17.0,94,0.0,1.97,0.0,8
2023-02-05 05:00:00,17.1,96,0.0,1.56,0.0,11
2023-02-05 06:00:00,16.4,97,4.0,1.35,0.0,6
2023-02-05 07:00:00,18.2,88,82.0,1.8,0.0,5
2023-02-05 08:00:00,19.7,79,233.0,1.62,0.0,2
2023-02-05 09:00:00,21.5,69,389.0,2.38,0.0,0
2023-02-05 10:00:00,22.8,63,509.0,2.7,0.0,0
2023-02-05 11:00:00,24.0,58,589.0,2.84,0.0,1
2023-02-05 12:00:00,24.9,55,598.0,2.72,0.0,1
2023-02-05 13:00:00,25.7,52,548.0,2.26,0.0,2
2023-02-05 14:00:00,26.0,50,434.0,2.25,0.0,25
2023-02-05 15:00:00,25.6,50,271.0,2.21,0.0,18
2023-02-05 16:00:00,23.7,65,104.0,1.41,0.0,18
2023-02-05 17:00:00,21.2,72,12.0,1.7,0.0,16
2023-02-05 18:00:00,20.0,79,0.0,2.04,0.0,27
2023-02-05 19:00:00,20.0,77,0.0,1.75,0.0,40
2023-02-05 20:00:00,20.2,77,0.0,2.9,0.0,37
2023-02-05 21:00:00,20.1,77,0.0,2.7,0.0,38
2023-02-05 22:00:00,19.0,81,0.0,1.75,0.0,26
2023-02-05 23:00:00,18.1,87,0.0,1.48,0.0,32
2023-02-06 00:00:00,17.4,91,0.0,1.78,0.0,21
2023-02-06 01:00:00,17.4,89,0.0,1.86,0.0,14
2023-02-06 02:00:00,18.5,85,0.0,1.42,0.0,10
2023-02-06 03:00:00,18.4,87,0.0,1.14,0.0,18
2023-02-06 04:00:00,17.9,90,0.0,1.3,0.0,23
2023-02-06 05:00:00,16.7,97,0.0,1.33,0.0,33
2023-02-06 06:00:00,15.4,97,4.0,1.7,0.0,7
2023-02-06 07:00:00,17.7,88,83.0,1.34,0.0,14
2023-02-06 08:00:00,19.2,79,234.0,1.26,0.0,8
2023-02-06 09:00:00,20.7,70,389.0,1.68,0.0,6
2023-02-06 10:00:00,22.0,64,500.0,2.09,0.0,0
2023-02-06 11:00:00,23.3,58,603.0,2.15,0.0,0
2023-02-06 12:00:00,24.3,55,605.0,2.38,0.0,4
2023-02-06 13:00:00,25.0,52,548.0,2.44,0.0,3
2023-02-06 14:00:00,25.2,51,436.0,2.63,0.0,1
2023-02-06 15:00:00,24.8,52,278.0,2.33,0.0,14
2023-02-06 16:00:00,23.2,61,114.0,1.92,0.0,36
2023-02-06 17:00:00,21.6,67,13.0,1.97,0.0,30
2023-02-06 18:00:00,21.1,67,0.0,4.36,0.0,99
2023-02-06 19:00:00,20.7,71,0.0,2.6,0.1,74
2023-02-06 20:00:00,18.9,85,0.0,1.91,0.0,26
2023-02-06 21:00:00,18.6,87,0.0,1.42,0.0,10
2023-02-06 22:00:00,17.7,90,0.0,1.7,0.0,3
2023-02-06 23:00:00,16.9,92,0.0,1.92,0.0,9
2023-02-07 00:00:00,16.5,93,0.0,2.25,0.0,10
2023-02-07 01:00:00,16.1,92,0.0,2.5,0.0,8
2023-02-07 02:00:00,16.9,82,0.0,2.08,0.0,1
2023-02-07 03:00:00,15.4,91,0.0,1.64,0.0,0
2023-02-07 04:00:00,16.5,93,0.0,1.77,0.0,0
2023-02-07 05:00:00,15.9,93,0.0,1.44,0.0,0
2023-02-07 06:00:00,15.0,97,5.0,1.84,0.0,1
2023-02-07 07:00:00,17.6,88,88.0,1.17,0.0,0
2023-02-07 08:00:00,19.3,76,246.0,1.24,0.0,0
2023-02-07 09:00:00,20.9,67,412.0,1.84,0.0,2
2023-02-07 10:00:00,22.2,60,538.0,2.02,0.0,14
2023-02-07 11:00:00,23.3,54,557.0,3.53,0.0,19
2023-02-07 12:00:00,24.4,45,541.0,4.88,0.0,11
2023-02-07 13:00:00,24.8,42,510.0,5.02,0.0,16
2023-02-07 14:00:00,24.5,44,398.0,4.33,0.0,17
2023-02-07 15:00:00,24.0,46,264.0,3.09,0.0,18
2023-02-07 16:00:00,22.9,53,120.0,2.42,0.0,26
2023-02-07 17:00:00,20.7,63,14.0,2.04,0.0,18
2023-02-07 18:00:00,19.2,75,0.0,1.2,0.0,40
2023-02-07 19:00:00,19.3,74,0.0,2.56,0.0,47
2023-02-07 20:00:00,18.6,73,0.0,2.47,0.0,22
2023-02-07 21:00:00,17.6,82,0.0,1.5,0.0,36
2023-02-07 22:00:00,17.5,83,0.0,1.58,0.0,4
2023-02-07 23:00:00,16.0,94,0.0,1.32,0.0,25
2023-02-08 00:00:00,16.0,96,0.0,1.26,0.0,7
2023-02-08 01:00:00,15.9,97,0.0,2.64,0.0,2
2023-02-08 02:00:00,15.4,97,0.0,2.56,0.0,11
2023-02-08 03:00:00,15.1,96,0.0,2.35,0.0,33
2023-02-08 04:00:00,15.0,95,0.0,2.6,0.0,46
2023-02-08 05:00:00,15.9,93,0.0,1.51,0.0,65
2023-02-08 06:00:00,16.0,94,4.0,2.59,0.0,48
2023-02-08 07:00:00,16.9,89,73.0,3.67,0.0,64
2023-02-08 08:00:00,18.2,81,188.0,3.98,0.0,56
2023-02-08 09:00:00,19.2,75,305.0,4.13,0.0,16
2023-02-08 10:00:00,21.0,66,514.0,3.77,0.0,12
2023-02-08 11:00:00,22.3,61,559.0,3.55,0.0,3
2023-02-08 12:00:00,23.3,57,600.0,3.36,0.0,1
2023-02-08 13:00:00,23.8,55,564.0,2.89,0.0,3
2023-02-08 14:00:00,23.9,53,440.0,3.01,0.0,1
2023-02-08 15:00:00,23.4,55,289.0,3.35,0.0,1
2023-02-08 16:00:00,22.1,62,123.0,2.91,0.0,37
2023-02-08 17:00:00,19.6,72,14.0,3.35,0.1,30
2023-02-08 18:00:00,18.7,78,0.0,3.31,0.1,26
2023-02-08 19:00:00,17.7,83,0.0,3.51,0.0,44
2023-02-08 20:00:00,17.2,87,0.0,4.0,0.0,52
2023-02-08 21:00:00,17.0,89,0.0,3.37,0.0,65
2023-02-08 22:00:00,16.9,90,0.0,2.79,0.0,100
2023-02-08 23:00:00,17.0,87,0.0,2.62,0.1,73
2023-02-09 00:00:00,16.5,89,0.0,3.09,0.0,64
2023-02-09 01:00:00,16.2,91,0.0,2.7,0.0,36
2023-02-09 02:00:00,15.6,95,0.0,1.49,0.0,42
2023-02-09 03:00:00,15.6,95,0.0,2.0,0.0,34
2023-02-09 04:00:00,15.3,95,0.0,1.62,0.0,52
2023-02-09 05:00:00,16.1,93,0.0,2.91,0.0,70
2023-02-09 06:00:00,16.3,92,4.0,2.67,0.0,100
2023-02-09 07:00:00,17.1,87,50.0,3.74,0.0,100
2023-02-09 08:00:00,17.9,83,145.0,4.05,0.1,100
2023-02-09 09:00:00,19.2,76,308.0,4.74,0.0,100
2023-02-09 10:00:00,20.6,69,400.0,4.52,0.0,71
2023-02-09 11:00:00,21.3,66,423.0,4.17,0.0,31
2023-02-09 12:00:00,22.2,62,529.0,3.94,0.0,10
2023-02-09 13:00:00,23.1,59,548.0,3.41,0.0,18
2023-02-09 14:00:00,23.0,58,414.0,3.52,0.0,13
2023-02-09 15:00:00,22.2,59,269.0,3.62,0.0,11
2023-02-09 16:00:00,21.0,62,119.0,2.86,0.0,6
2023-02-09 17:00:00,19.5,69,15.0,2.04,0.0,12
2023-02-09 18:00:00,18.8,73,0.0,2.5,0.1,40
2023-02-09 19:00:00,18.3,72,0.0,3.24,0.0,42
2023-02-09 20:00:00,17.9,74,0.0,2.83,0.0,26
2023-02-09 21:00:00,17.0,80,0.0,2.2,0.0,29
2023-02-09 22:00:00,16.3,85,0.0,2.24,0.0,42
2023-02-09 23:00:00,15.8,89,0.0,2.11,0.0,24
2023-02-10 00:00:00,15.4,93,0.0,2.4,0.0,7
2023-02-10 01:00:00,15.0,95,0.0,2.44,0.0,17
2023-02-10 02:00:00,14.8,96,0.0,2.82,0.0,28
2023-02-10 03:00:00,14.8,97,0.0,2.65,0.0,14
2023-02-10 04:00:00,14.7,96,0.0,2.84,0.0,4
2023-02-10 05:00:00,15.5,94,0.0,3.14,0.0,13
2023-02-10 06:00:00,16.1,91,5.0,3.06,0.0,76
2023-02-10 07:00:00,17.1,85,77.0,3.6,0.0,58
2023-02-10 08:00:00,18.3,80,218.0,3.01,0.0,50
2023-02-10 09:00:00,19.5,75,322.0,2.9,0.1,59
2023-02-10 10:00:00,20.9,70,391.0,2.77,0.1,39
2023-02-10 11:00:00,22.7,61,550.0,3.22,0.0,27
2023-02-10 12:00:00,23.5,56,579.0,3.2,0.0,11
2023-02-10 13:00:00,23.8,54,554.0,3.19,0.0,16
2023-02-10 14:00:00,23.4,54,420.0,3.26,0.0,28
2023-02-10 15:00:00,22.5,55,269.0,3.62,0.0,32
2023-02-10 16:00:00,21.2,60,116.0,2.61,0.0,39
2023-02-10 17:00:00,19.7,75,15.0,2.01,0.0,64
2023-02-10 18:00:00,18.8,79,0.0,1.8,0.0,70
2023-02-10 19:00:00,19.2,74,0.0,2.38,0.0,46
2023-02-10 20:00:00,18.4,80,0.0,1.87,0.0,36
2023-02-10 21:00:00,17.7,86,0.0,1.4,0.0,37
2023-02-10 22:00:00,17.4,88,0.0,1.41,0.0,47
2023-02-10 23:00:00,17.1,89,0.0,1.5,0.0,88
2023-02-11 00:00:00,17.1,87,0.0,1.66,0.0,96
2023-02-11 01:00:00,17.0,87,0.0,2.16,0.1,100
2023-02-11 02:00:00,16.8,87,0.0,1.73,0.0,100
2023-02-11 03:00:00,16.5,89,0.0,1.46,0.0,100
2023-02-11 04:00:00,16.4,90,0.0,1.66,0.1,100
2023-02-11 05:00:00,16.6,93,0.0,1.12,0.1,81
2023-02-11 06:00:00,16.6,95,2.0,1.46,1.2,87
2023-02-11 07:00:00,17.2,90,55.0,1.3,0.2,100
2023-02-11 08:00:00,17.6,87,88.0,0.82,0.0,100
2023-02-11 09:00:00,18.1,84,133.0,0.71,0.0,62
2023-02-11 10:00:00,20.1,75,429.0,1.1,0.0,44
2023-02-11 11:00:00,21.7,68,576.0,1.44,0.0,13
2023-02-11 12:00:00,22.7,64,595.0,1.94,0.0,17
2023-02-11 13:00:00,23.3,60,526.0,2.06,0.0,5
2023-02-11 14:00:00,23.6,58,441.0,1.71,0.0,5
2023-02-11 15:00:00,23.5,57,277.0,1.5,0.0,5
2023-02-11 16:00:00,22.2,69,124.0,1.06,0.0,5
2023-02-11 17:00:00,21.0,68,16.0,1.0,0.0,18
2023-02-11 18:00:00,19.0,80,0.0,1.66,0.0,29
2023-02-11 19:00:00,19.1,81,0.0,2.0,0.0,35
2023-02-11 20:00:00,18.6,84,0.0,2.1,0.0,44
2023-02-11 21:00:00,18.0,87,0.0,1.99,0.0,32
2023-02-11 22:00:00,17.4,89,0.0,2.64,0.0,34
2023-02-11 23:00:00,16.9,89,0.0,2.73,0.0,21
2023-02-12 00:00:00,16.3,94,0.0,2.4,0.0,5
2023-02-12 01:00:00,15.9,96,0.0,2.33,0.0,2
2023-02-12 02:00:00,15.6,97,0.0,2.24,0.0,1
2023-02-12 03:00:00,15.4,97,0.0,2.33,0.0,1
2023-02-12 04:00:00,15.1,98,0.0,2.12,0.0,49
2023-02-12 05:00:00,15.6,98,0.0,1.84,0.0,80
2023-02-12 06:00:00,15.8,97,5.0,2.22,0.0,100
2023-02-12 07:00:00,16.2,95,49.0,2.3,0.0,100
2023-02-12 08:00:00,17.3,89,147.0,1.91,0.0,98
2023-02-12 09:00:00,19.4,79,332.0,1.48,0.0,19
2023-02-12 10:00:00,21.6,70,524.0,1.14,0.0,8
2023-02-12 11:00:00,23.2,64,616.0,1.22,0.0,7
2023-02-12 12:00:00,24.3,59,631.0,1.58,0.0,1
2023-02-12 13:00:00,25.2,55,583.0,2.14,0.0,9
2023-02-12 14:00:00,25.5,53,446.0,2.11,0.0,8
2023-02-12 15:00:00,25.5,52,290.0,2.66,0.0,10
2023-02-12 16:00:00,24.2,59,124.0,1.84,0.0,21
2023-02-12 17:00:00,20.8,77,17.0,2.33,0.0,27
2023-02-12 18:00:00,19.7,83,0.0,1.53,0.3,59
2023-02-12 19:00:00,19.9,82,0.0,1.17,0.0,64
2023-02-12 20:00:00,19.6,85,0.0,1.14,0.1,34
2023-02-12 21:00:00,19.1,87,0.0,1.49,0.1,44
2023-02-12 22:00:00,18.2,91,0.0,1.58,0.1,25
2023-02-12 23:00:00,16.9,95,0.0,1.58,0.0,0
2023-02-13 00:00:00,15.9,97,0.0,2.18,0.0,37
2023-02-13 01:00:00,16.3,97,0.0,1.39,0.0,0
2023-02-13 02:00:00,15.0,99,0.0,2.05,0.0,0
2023-02-13 03:00:00,15.3,99,0.0,1.43,0.0,0
2023-02-13 04:00:00,14.5,95,0.0,2.36,0.0,0
2023-02-13 05:00:00,16.6,81,0.0,2.77,0.0,0
2023-02-13 06:00:00,15.9,82,7.0,2.13,0.0,0
2023-02-13 07:00:00,18.0,69,104.0,2.77,0.0,0
2023-02-13 08:00:00,20.1,55,278.0,2.19,0.0,0
2023-02-13 09:00:00,21.5,40,451.0,2.91,0.0,0
2023-02-13 10:00:00,22.5,36,586.0,2.7,0.0,0
2023-02-13 11:00:00,23.5,32,664.0,2.0,0.0,0
2023-02-13 12:00:00,24.3,27,675.0,2.02,0.0,0
2023-02-13 13:00:00,24.8,26,614.0,2.18,0.0,0
2023-02-13 14:00:00,25.1,26,490.0,2.15,0.0,0
2023-02-13 15:00:00,24.5,30,322.0,1.86,0.0,1
2023-02-13 16:00:00,21.7,49,143.0,1.6,0.0,1
2023-02-13 17:00:00,18.9,55,19.0,2.28,0.0,0
2023-02-13 18:00:00,18.5,57,0.0,1.97,0.0,0
2023-02-13 19:00:00,18.7,58,0.0,1.8,0.0,0
2023-02-13 20:00:00,17.2,69,0.0,2.12,0.0,1
2023-02-13 21:00:00,18.5,63,0.0,1.42,0.0,0
2023-02-13 22:00:00,17.3,70,0.0,0.58,0.0,0
2023-02-13 23:00:00,15.0,86,0.0,1.8,0.0,0
2023-02-14 00:00:00,14.1,94,0.0,1.75,0.0,0
2023-02-14 01:00:00,13.8,97,0.0,1.71,0.0,0
2023-02-14 02:00:00,13.2,98,0.0,1.82,0.0,0
2023-02-14 03:00:00,12.9,97,0.0,1.57,0.0,1
2023-02-14 04:00:00,12.5,95,0.0,1.2,0.0,1
2023-02-14 05:00:00,13.6,93,0.0,1.06,0.0,1
2023-02-14 06:00:00,13.8,92,7.0,1.02,0.0,0
2023-02-14 07:00:00,15.9,79,97.0,1.17,0.0,1
2023-02-14 08:00:00,18.2,68,262.0,1.49,0.0,1
2023-02-14 09:00:00,20.5,64,434.0,1.8,0.0,0
2023-02-14 10:00:00,22.5,62,572.0,2.55,0.0,0
2023-02-14 11:00:00,24.1,54,649.0,3.18,0.0,0
2023-02-14 12:00:00,25.1,48,659.0,3.39,0.0,0
2023-02-14 13:00:00,25.5,44,601.0,3.68,0.0,0
2023-02-14 14:00:00,25.5,43,481.0,3.61,0.0,0
2023-02-14 15:00:00,24.9,46,316.0,2.97,0.0,0
2023-02-14 16:00:00,23.0,58,140.0,1.53,0.0,0
2023-02-14 17:00:00,19.7,70,19.0,2.42,0.0,0
2023-02-14 18:00:00,18.8,74,0.0,1.97,0.0,0
2023-02-14 19:00:00,18.2,79,0.0,2.0,0.0,0
2023-02-14 20:00:00,17.6,83,0.0,1.9,0.0,0
2023-02-14 21:00:00,16.6,88,0.0,2.1,0.0,0
2023-02-14 22:00:00,17.9,81,0.0,1.7,0.0,0
2023-02-14 23:00:00,17.0,85,0.0,1.32,0.0,0
2023-02-15 00:00:00,15.9,91,0.0,1.06,0.0,0
2023-02-15 01:00:00,16.2,93,0.0,0.67,0.0,0
2023-02-15 02:00:00,14.4,98,0.0,1.22,0.0,0
2023-02-15 03:00:00,14.3,97,0.0,1.21,0.0,0
2023-02-15 04:00:00,14.1,95,0.0,1.28,0.0,0
2023-02-15 05:00:00,15.1,93,0.0,1.8,0.0,0
2023-02-15 06:00:00,15.1,93,7.0,1.63,0.0,1
2023-02-15 07:00:00,17.2,85,101.0,1.56,0.0,1
2023-02-15 08:00:00,18.8,77,265.0,0.94,0.0,1
2023-02-15 09:00:00,21.1,66,432.0,0.22,0.0,4
2023-02-15 10:00:00,23.1,57,562.0,0.63,0.0,10
2023-02-15 11:00:00,24.6,52,632.0,0.95,0.0,1
2023-02-15 12:00:00,25.8,47,648.0,1.0,0.0,0
2023-02-15 13:00:00,26.6,45,589.0,1.9,0.0,0
2023-02-15 14:00:00,26.7,43,470.0,1.51,0.0,6
2023-02-15 15:00:00,26.3,43,301.0,1.7,0.0,11
2023-02-15 16:00:00,24.1,59,132.0,1.4,0.0,13
2023-02-15 17:00:00,21.0,65,19.0,2.24,0.0,2
2023-02-15 18:00:00,19.8,71,0.0,2.33,0.0,0
2023-02-15 19:00:00,19.3,74,0.0,1.91,0.0,7
2023-02-15 20:00:00,19.5,72,0.0,1.97,0.0,12
2023-02-15 21:00:00,18.9,73,0.0,1.93,0.0,15
2023-02-15 22:00:00,17.5,84,0.0,1.43,0.0,100
2023-02-15 23:00:00,18.0,84,0.0,0.94,0.0,87
2023-02-16 00:00:00,16.8,94,0.0,2.11,0.0,0
2023-02-16 01:00:00,16.6,92,0.0,1.66,0.0,0
2023-02-16 02:00:00,16.3,89,0.0,1.77,0.0,0
2023-02-16 03:00:00,15.7,88,0.0,2.16,0.0,0
2023-02-16 04:00:00,15.6,87,0.0,1.77,0.0,0
2023-02-16 05:00:00,15.7,87,0.0,1.3,0.0,0
2023-02-16 06:00:00,16.0,89,8.0,1.2,0.0,0
2023-02-16 07:00:00,18.4,78,100.0,1.68,0.0,0
2023-02-16 08:00:00,21.3,65,261.0,1.35,0.0,0
2023-02-16 09:00:00,23.1,55,424.0,1.78,0.0,2
2023-02-16 10:00:00,24.4,54,551.0,2.25,0.0,0
2023-02-16 11:00:00,26.0,52,629.0,2.78,0.0,0
2023-02-16 12:00:00,27.1,49,642.0,3.2,0.0,0
2023-02-16 13:00:00,27.7,48,583.0,3.55,0.0,1
2023-02-16 14:00:00,27.7,48,464.0,4.24,0.0,4
2023-02-16 15:00:00,27.2,49,305.0,4.39,0.0,4
2023-02-16 16:00:00,25.8,54,135.0,3.14,0.0,5
2023-02-16 17:00:00,22.0,71,20.0,2.94,0.0,4
2023-02-16 18:00:00,23.7,57,0.0,1.9,0.0,6
2023-02-16 19:00:00,20.2,75,0.0,2.51,0.0,8
2023-02-16 20:00:00,22.6,63,0.0,1.08,0.0,8
2023-02-16 21:00:00,19.7,77,0.0,1.56,0.0,6
2023-02-16 22:00:00,18.6,85,0.0,1.39,0.0,2
2023-02-16 23:00:00,17.3,92,0.0,1.28,0.0,0
2023-02-17 00:00:00,18.8,88,0.0,0.41,0.0,0
2023-02-17 01:00:00,18.4,89,0.0,0.41,0.0,0
2023-02-17 02:00:00,16.2,96,0.0,1.77,0.0,0
2023-02-17 03:00:00,16.4,94,0.0,2.28,0.0,0
2023-02-17 04:00:00,16.7,91,0.0,2.27,0.0,0
2023-02-17 05:00:00,17.2,91,0.0,0.51,0.0,0
2023-02-17 06:00:00,17.6,91,8.0,0.54,0.0,0
2023-02-17 07:00:00,19.1,85,100.0,0.73,0.0,0
2023-02-17 08:00:00,21.6,71,258.0,0.7,0.0,0
2023-02-17 09:00:00,23.5,64,421.0,0.92,0.0,0
2023-02-17 10:00:00,25.3,58,551.0,0.78,0.0,0
2023-02-17 11:00:00,26.7,54,625.0,1.06,0.0,1
2023-02-17 12:00:00,27.8,50,630.0,1.3,0.0,7
2023-02-17 13:00:00,28.5,46,563.0,2.06,0.0,5
2023-02-17 14:00:00,28.8,45,453.0,2.4,0.0,23
2023-02-17 15:00:00,28.3,47,278.0,2.44,0.0,44
2023-02-17 16:00:00,26.5,56,116.0,1.6,0.0,38
2023-02-17 17:00:00,23.7,61,20.0,2.31,0.0,32
2023-02-17 18:00:00,24.7,54,0.0,1.49,0.0,25
2023-02-17 19:00:00,22.6,64,0.0,1.39,0.0,25
2023-02-17 20:00:00,20.7,70,0.0,1.99,0.0,8
2023-02-17 21:00:00,19.9,73,0.0,2.56,0.0,2
2023-02-17 22:00:00,19.5,75,0.0,2.59,0.0,68
2023-02-17 23:00:00,19.0,77,0.0,2.48,0.0,87
2023-02-18 00:00:00,19.2,75,0.0,2.2,0.0,70
2023-02-18 01:00:00,18.9,75,0.0,2.19,0.0,1
2023-02-18 02:00:00,18.4,78,0.0,2.59,0.0,0
2023-02-18 03:00:00,18.2,82,0.0,2.12,0.0,0
2023-02-18 04:00:00,19.4,79,0.0,1.22,0.0,0
2023-02-18 05:00:00,19.1,81,0.0,1.58,0.0,0
2023-02-18 06:00:00,19.2,80,8.0,1.21,0.0,0
2023-02-18 07:00:00,20.1,78,99.0,0.32,0.0,0
2023-02-18 08:00:00,22.3,64,257.0,0.73,0.0,0
2023-02-18 09:00:00,24.5,53,420.0,1.1,0.0,0
2023-02-18 10:00:00,26.0,48,550.0,1.58,0.0,0
2023-02-18 11:00:00,27.2,46,625.0,1.73,0.0,4
2023-02-18 12:00:00,28.3,43,624.0,2.28,0.0,6
2023-02-18 13:00:00,29.0,42,566.0,2.47,0.0,3
2023-02-18 14:00:00,29.1,41,454.0,2.31,0.0,11
2023-02-18 15:00:00,28.5,44,267.0,1.65,0.0,5
2023-02-18 16:00:00,26.3,64,130.0,1.61,0.0,6
2023-02-18 17:00:00,23.6,59,20.0,2.28,0.0,3
2023-02-18 18:00:00,22.6,61,0.0,2.22,0.0,3
2023-02-18 19:00:00,21.1,65,0.0,2.08,0.0,5
2023-02-18 20:00:00,21.4,65,0.0,2.05,0.0,58
2023-02-18 21:00:00,20.9,67,0.0,2.13,0.0,98
2023-02-18 22:00:00,20.6,67,0.0,2.16,0.0,17
2023-02-18 23:00:00,19.7,71,0.0,1.97,0.0,15
2023-02-19 00:00:00,19.2,73,0.0,2.02,0.0,0
2023-02-19 01:00:00,18.4,75,0.0,2.62,0.0,0
2023-02-19 02:00:00,18.7,73,0.0,2.64,0.0,0
2023-02-19 03:00:00,20.8,64,0.0,1.91,0.0,0
2023-02-19 04:00:00,20.2,68,0.0,1.1,0.0,0
2023-02-19 05:00:00,18.7,86,0.0,0.82,0.0,0
2023-02-19 06:00:00,17.6,93,9.0,0.41,0.0,2
2023-02-19 07:00:00,19.6,83,99.0,1.84,0.0,15
2023-02-19 08:00:00,21.5,71,236.0,0.95,0.0,0
2023-02-19 09:00:00,24.1,60,418.0,0.98,0.0,0
2023-02-19 10:00:00,26.0,52,550.0,0.91,0.0,0
2023-02-19 11:00:00,27.4,46,625.0,1.61,0.0,0
2023-02-19 12:00:00,28.5,43,633.0,2.33,0.0,0
2023-02-19 13:00:00,29.1,42,569.0,2.7,0.0,9
2023-02-19 14:00:00,29.0,40,451.0,2.83,0.0,23
2023-02-19 15:00:00,28.4,41,283.0,2.1,0.0,16
2023-02-19 16:00:00,26.3,59,117.0,1.5,0.0,32
2023-02-19 17:00:00,24.8,53,15.0,2.01,0.0,47
2023-02-19 18:00:00,23.2,59,0.0,2.25,0.0,55
2023-02-19 19:00:00,22.5,65,0.0,2.38,0.0,50
2023-02-19 20:00:00,21.6,68,0.0,1.89,0.0,42
2023-02-19 21:00:00,22.2,66,0.0,2.36,0.0,37
2023-02-19 22:00:00,21.1,71,0.0,1.92,0.0,28
2023-02-19 23:00:00,19.9,78,0.0,2.72,0.0,23
2023-02-20 00:00:00,22.2,66,0.0,1.84,0.0,32
2023-02-20 01:00:00,21.4,68,0.0,1.12,0.0,51
2023-02-20 02:00:00,20.4,75,0.0,1.1,0.0,100
2023-02-20 03:00:00,19.7,83,0.0,1.17,0.0,99
2023-02-20 04:00:00,19.8,81,0.0,1.06,0.0,100
2023-02-20 05:00:00,19.9,83,0.0,1.56,0.0,98
2023-02-20 06:00:00,20.0,84,5.0,0.63,0.0,100
2023-02-20 07:00:00,20.7,80,33.0,1.68,0.0,100
2023-02-20 08:00:00,21.4,76,70.0,1.46,0.0,100
2023-02-20 09:00:00,23.1,66,138.0,1.22,0.0,100
2023-02-20 10:00:00,23.4,66,125.0,0.89,0.0,100
2023-02-20 11:00:00,23.9,66,218.0,1.53,0.0,100
2023-02-20 12:00:00,24.7,61,266.0,1.42,0.0,99
2023-02-20 13:00:00,25.4,58,311.0,1.79,0.0,50
2023-02-20 14:00:00,25.3,59,240.0,1.8,0.0,71
2023-02-20 15:00:00,25.0,60,185.0,1.72,0.0,41
2023-02-20 16:00:00,24.1,75,108.0,0.72,0.0,33
2023-02-20 17:00:00,23.2,73,20.0,2.06,0.0,97
2023-02-20 18:00:00,24.6,65,0.0,0.22,0.0,100
2023-02-20 19:00:00,23.0,70,0.0,3.03,0.0,100
2023-02-20 20:00:00,22.2,70,0.0,2.12,0.0,100
2023-02-20 21:00:00,22.1,71,0.0,1.62,0.0,100
2023-02-20 22:00:00,22.3,71,0.0,2.39,0.0,63
2023-02-20 23:00:00,20.9,86,0.0,1.58,0.0,5
2023-02-21 00:00:00,20.4,87,0.0,0.89,0.0,38
2023-02-21 01:00:00,19.8,91,0.0,1.4,0.0,40
2023-02-21 02:00:00,19.8,89,0.0,1.93,0.0,19
2023-02-21 03:00:00,19.3,91,0.0,2.11,0.0,19
2023-02-21 04:00:00,18.9,94,0.0,2.2,0.0,23
2023-02-21 05:00:00,19.4,89,0.0,1.7,0.0,21
2023-02-21 06:00:00,19.7,89,7.0,0.72,0.1,100
2023-02-21 07:00:00,20.2,86,43.0,1.9,0.3,100
2023-02-21 08:00:00,20.3,86,74.0,2.31,0.1,76
2023-02-21 09:00:00,21.7,78,197.0,1.32,0.0,65
2023-02-21 10:00:00,23.7,70,428.0,1.46,0.0,56
2023-02-21 11:00:00,24.7,67,465.0,1.36,0.0,31
2023-02-21 12:00:00,25.8,64,528.0,1.34,0.0,45
2023-02-21 13:00:00,26.4,61,486.0,1.43,0.0,20
2023-02-21 14:00:00,26.2,61,380.0,0.99,0.0,33
2023-02-21 15:00:00,25.5,64,237.0,0.32,0.0,39
2023-02-21 16:00:00,25.1,66,109.0,0.36,0.0,43
2023-02-21 17:00:00,21.6,87,16.0,1.99,0.0,73
2023-02-21 18:00:00,21.0,90,0.0,0.6,0.2,82
2023-02-21 19:00:00,20.8,90,0.0,1.39,0.1,65
2023-02-21 20:00:00,20.2,95,0.0,1.08,0.1,86
2023-02-21 21:00:00,19.5,94,0.0,1.91,2.5,86
2023-02-21 22:00:00,18.6,96,0.0,0.95,1.1,100
2023-02-21 23:00:00,18.2,97,0.0,1.02,2.7,52
2023-02-22 00:00:00,18.2,97,0.0,1.44,0.4,51
2023-02-22 01:00:00,18.3,97,0.0,0.7,0.2,78
2023-02-22 02:00:00,18.2,96,0.0,0.54,0.3,47
2023-02-22 03:00:00,18.3,96,0.0,1.41,0.2,31
2023-02-22 04:00:00,18.2,98,0.0,1.32,0.0,30
2023-02-22 05:00:00,19.0,93,0.0,0.76,0.0,50
2023-02-22 06:00:00,18.7,99,9.0,0.5,0.0,49
2023-02-22 07:00:00,19.7,90,76.0,1.12,0.0,57
2023-02-22 08:00:00,20.3,87,198.0,2.06,0.0,58
2023-02-22 09:00:00,21.3,81,315.0,2.37,0.0,59
2023-02-22 10:00:00,22.7,75,406.0,1.56,0.0,75
2023-02-22 11:00:00,24.2,69,528.0,2.34,0.0,46
2023-02-22 12:00:00,24.6,67,515.0,3.08,0.0,39
2023-02-22 13:00:00,25.4,65,457.0,3.18,0.0,76
2023-02-22 14:00:00,26.1,63,378.0,3.19,0.0,10
2023-02-22 15:00:00,26.0,65,260.0,2.25,0.0,35
2023-02-22 16:00:00,19.3,88,105.0,4.42,3.9,100
2023-02-22 17:00:00,20.6,86,7.0,1.53,2.5,78
2023-02-22 18:00:00,19.9,84,0.0,0.45,0.0,76
2023-02-22 19:00:00,18.9,90,0.0,0.61,0.0,77
2023-02-22 20:00:00,18.8,89,0.0,0.54,0.0,10
2023-02-22 21:00:00,18.6,91,0.0,2.59,0.0,67
2023-02-22 22:00:00,18.2,94,0.0,1.3,0.0,15
2023-02-22 23:00:00,17.5,97,0.0,0.82,0.0,7
2023-02-23 00:00:00,17.6,97,0.0,1.91,0.0,14
2023-02-23 01:00:00,17.6,96,0.0,1.34,0.0,21
2023-02-23 02:00:00,17.7,97,0.0,1.34,0.0,13
2023-02-23 03:00:00,17.6,97,0.0,1.77,0.0,1
2023-02-23 04:00:00,17.5,97,0.0,3.75,0.0,31
2023-02-23 05:00:00,18.3,92,0.0,1.64,0.0,26
2023-02-23 06:00:00,18.3,92,9.0,2.24,0.0,83
2023-02-23 07:00:00,18.8,88,82.0,3.45,0.0,98
2023-02-23 08:00:00,20.1,84,205.0,3.16,0.0,57
2023-02-23 09:00:00,21.1,79,351.0,4.06,0.0,100
2023-02-23 10:00:00,22.1,76,403.0,3.69,0.0,100
2023-02-23 11:00:00,22.6,73,358.0,3.54,0.0,71
2023-02-23 12:00:00,23.8,68,471.0,2.13,0.0,44
2023-02-23 13:00:00,24.3,68,509.0,3.13,0.0,5
2023-02-23 14:00:00,23.8,69,393.0,3.83,0.0,4
2023-02-23 15:00:00,23.3,70,279.0,3.89,0.0,2
2023-02-23 16:00:00,22.4,73,127.0,3.47,0.0,8
2023-02-23 17:00:00,21.2,76,22.0,2.22,0.0,8
2023-02-23 18:00:00,20.2,80,0.0,2.15,0.0,42
2023-02-23 19:00:00,20.0,81,0.0,3.1,0.2,41
2023-02-23 20:00:00,19.6,81,0.0,3.01,0.0,29
2023-02-23 21:00:00,19.1,84,0.0,2.91,0.0,37
2023-02-23 22:00:00,18.5,88,0.0,2.82,0.1,21
2023-02-23 23:00:00,18.2,90,0.0,2.93,0.0,0
2023-02-24 00:00:00,17.3,95,0.0,2.61,0.0,0
2023-02-24 01:00:00,16.9,97,0.0,2.62,0.0,0
2023-02-24 02:00:00,16.6,98,0.0,2.6,0.0,0
2023-02-24 03:00:00,16.4,99,0.0,2.6,0.0,1
2023-02-24 04:00:00,16.4,97,0.0,2.9,0.0,46
2023-02-24 05:00:00,17.2,94,0.0,3.45,0.0,82
2023-02-24 06:00:00,17.7,90,8.0,3.61,0.0,76
2023-02-24 07:00:00,18.3,87,77.0,4.2,0.0,100
2023-02-24 08:00:00,19.3,83,212.0,4.3,0.0,45
2023-02-24 09:00:00,20.7,78,355.0,3.61,0.0,28
2023-02-24 10:00:00,22.4,72,510.0,3.37,0.0,2
2023-02-24 11:00:00,24.1,66,603.0,2.97,0.0,3
2023-02-24 12:00:00,25.3,61,611.0,2.73,0.0,4
2023-02-24 13:00:00,25.8,59,553.0,2.58,0.0,4
2023-02-24 14:00:00,25.9,58,440.0,2.77,0.0,6
2023-02-24 15:00:00,25.4,60,288.0,2.41,0.0,10
2023-02-24 16:00:00,23.9,70,130.0,1.7,0.0,5
2023-02-24 17:00:00,21.8,75,22.0,2.15,0.0,10
2023-02-24 18:00:00,21.2,77,0.0,2.6,0.0,6
2023-02-24 19:00:00,20.4,81,0.0,2.6,0.0,16
2023-02-24 20:00:00,19.7,85,0.0,2.5,0.0,68
2023-02-24 21:00:00,19.3,87,0.0,2.65,0.0,54
2023-02-24 22:00:00,18.7,89,0.0,3.13,0.0,96
2023-02-24 23:00:00,18.1,91,0.0,2.7,0.0,100
2023-02-25 00:00:00,17.4,94,0.0,2.21,0.0,86
2023-02-25 01:00:00,17.0,96,0.0,2.0,0.0,53
2023-02-25 02:00:00,16.8,97,0.0,2.38,0.0,100
2023-02-25 03:00:00,16.9,97,0.0,2.53,0.0,80
2023-02-25 04:00:00,16.8,97,0.0,2.72,0.0,75
2023-02-25 05:00:00,17.0,96,0.0,3.04,0.0,99
2023-02-25 06:00:00,17.3,94,11.0,3.21,0.0,97
2023-02-25 07:00:00,18.2,90,94.0,3.18,0.0,100
2023-02-25 08:00:00,19.8,84,235.0,3.08,0.0,94
2023-02-25 09:00:00,22.1,75,394.0,3.1,0.0,49
2023-02-25 10:00:00,24.5,65,522.0,3.54,0.0,60
2023-02-25 11:00:00,26.1,58,593.0,3.88,0.0,0
2023-02-25 12:00:00,26.9,54,613.0,4.14,0.0,16
2023-02-25 13:00:00,27.1,54,560.0,4.25,0.0,31
2023-02-25 14:00:00,26.8,54,437.0,3.97,0.0,23
2023-02-25 15:00:00,26.2,58,280.0,3.05,0.0,13
2023-02-25 16:00:00,24.6,65,126.0,2.42,0.0,14
2023-02-25 17:00:00,22.2,72,21.0,2.01,0.0,5
2023-02-25 18:00:00,20.4,82,0.0,2.6,0.0,30
2023-02-25 19:00:00,20.1,83,0.0,2.42,0.0,24
2023-02-25 20:00:00,20.1,83,0.0,2.18,0.0,24
2023-02-25 21:00:00,20.0,82,0.0,1.99,0.0,15
2023-02-25 22:00:00,19.9,82,0.0,2.02,0.0,4
2023-02-25 23:00:00,18.5,89,0.0,2.0,0.0,3
2023-02-26 00:00:00,17.5,93,0.0,1.84,0.0,2
2023-02-26 01:00:00,17.2,95,0.0,1.6,0.0,2
2023-02-26 02:00:00,17.2,95,0.0,1.7,0.0,1
2023-02-26 03:00:00,17.0,94,0.0,1.7,0.0,1
2023-02-26 04:00:00,16.8,94,0.0,1.71,0.0,0
2023-02-26 05:00:00,17.2,96,0.0,1.92,0.0,0
2023-02-26 06:00:00,17.4,95,11.0,1.6,0.0,0
2023-02-26 07:00:00,18.9,88,99.0,1.3,0.0,0
2023-02-26 08:00:00,20.8,80,245.0,1.27,0.0,0
2023-02-26 09:00:00,22.7,73,399.0,1.8,0.0,0
2023-02-26 10:00:00,24.8,67,523.0,2.28,0.0,0
2023-02-26 11:00:00,26.4,60,595.0,2.3,0.0,0
2023-02-26 12:00:00,27.4,56,605.0,2.33,0.0,0
2023-02-26 13:00:00,27.8,53,547.0,2.1,0.0,2
2023-02-26 14:00:00,28.0,52,435.0,1.78,0.0,2
2023-02-26 15:00:00,27.6,57,282.0,0.8,0.0,7
2023-02-26 16:00:00,25.4,68,126.0,1.71,0.0,22
2023-02-26 17:00:00,22.6,79,22.0,2.0,0.0,18
2023-02-26 18:00:00,23.4,71,0.0,1.3,0.0,14
2023-02-26 19:00:00,21.9,79,0.0,0.91,0.0,10
2023-02-26 20:00:00,20.1,87,0.0,1.96,0.0,8
2023-02-26 21:00:00,21.0,77,0.0,2.19,0.0,12
2023-02-26 22:00:00,20.8,77,0.0,2.0,0.0,5
2023-02-26 23:00:00,19.0,88,0.0,2.24,0.0,4
2023-02-27 00:00:00,18.3,92,0.0,1.99,0.0,3
2023-02-27 01:00:00,19.8,87,0.0,0.51,0.0,1
2023-02-27 02:00:00,17.3,94,0.0,1.0,0.0,0
2023-02-27 03:00:00,16.3,97,0.0,1.06,0.0,0
2023-02-27 04:00:00,15.9,97,0.0,1.0,0.0,0
2023-02-27 05:00:00,16.6,96,0.0,0.81,0.0,0
2023-02-27 06:00:00,17.2,96,12.0,1.1,0.0,0
2023-02-27 07:00:00,18.8,90,100.0,0.81,0.0,2
2023-02-27 08:00:00,20.8,80,247.0,0.22,0.0,23
2023-02-27 09:00:00,22.5,72,354.0,0.8,0.0,9
2023-02-27 10:00:00,23.5,67,437.0,1.49,0.0,5
2023-02-27 11:00:00,24.6,62,542.0,1.39,0.0,7
2023-02-27 12:00:00,25.7,58,588.0,2.19,0.0,3
2023-02-27 13:00:00,26.7,55,546.0,2.14,0.0,8
2023-02-27 14:00:00,26.3,56,421.0,2.7,0.0,10
2023-02-27 15:00:00,25.7,58,257.0,2.02,0.0,10
2023-02-27 16:00:00,23.9,77,121.0,1.33,0.0,21
2023-02-27 17:00:00,22.7,70,23.0,1.58,0.0,9
2023-02-27 18:00:00,21.2,79,0.0,1.65,0.0,13
2023-02-27 19:00:00,19.7,89,0.0,2.02,0.0,6
2023-02-27 20:00:00,18.9,93,0.0,2.15,0.0,5
2023-02-27 21:00:00,18.5,92,0.0,2.0,0.0,18
2023-02-27 22:00:00,18.4,90,0.0,1.36,0.0,8
2023-02-27 23:00:00,17.5,92,0.0,1.22,0.0,0
2023-02-28 00:00:00,17.2,94,0.0,1.58,0.0,0
2023-02-28 01:00:00,17.4,92,0.0,2.12,0.0,0
2023-02-28 02:00:00,17.2,92,0.0,2.5,0.0,23
2023-02-28 03:00:00,17.1,91,0.0,2.9,0.0,50
2023-02-28 04:00:00,17.0,88,0.0,2.91,0.0,54
2023-02-28 05:00:00,16.7,95,0.0,3.01,0.0,29
2023-02-28 06:00:00,17.3,91,12.0,2.9,0.0,0
2023-02-28 07:00:00,18.7,83,100.0,2.55,0.0,0
2023-02-28 08:00:00,20.5,74,244.0,2.94,0.0,0
2023-02-28 09:00:00,22.1,67,396.0,3.04,0.0,0
2023-02-28 10:00:00,23.6,61,517.0,3.18,0.0,0
2023-02-28 11:00:00,25.0,55,586.0,3.41,0.0,0
2023-02-28 12:00:00,26.0,50,596.0,3.47,0.0,0
2023-02-28 13:00:00,26.5,49,542.0,2.98,0.0,0
2023-02-28 14:00:00,26.4,49,432.0,2.83,0.0,0
2023-02-28 15:00:00,25.5,53,282.0,2.9,0.0,6
2023-02-28 16:00:00,23.7,63,124.0,1.58,0.0,21
2023-02-28 17:00:00,21.5,71,21.0,2.15,0.0,9
2023-02-28 18:00:00,20.9,73,0.0,1.71,0.0,39
2023-02-28 19:00:00,21.4,68,0.0,2.75,0.0,9
2023-02-28 20:00:00,20.3,73,0.0,2.26,0.0,10
2023-02-28 21:00:00,20.0,75,0.0,2.34,0.0,3
2023-02-28 22:00:00,19.1,80,0.0,2.14,0.0,9
2023-02-28 23:00:00,18.6,81,0.0,2.06,0.0,9
2023-03-01 00:00:00,18.3,81,0.0,2.19,0.0,2
2023-03-01 01:00:00,17.7,84,0.0,2.22,0.0,0
2023-03-01 02:00:00,17.3,88,0.0,2.1,0.0,3
2023-03-01 03:00:00,16.9,90,0.0,2.14,0.0,4
2023-03-01 04:00:00,16.7,91,0.0,2.3,0.0,5
2023-03-01 05:00:00,16.8,90,0.0,2.5,0.0,1
2023-03-01 06:00:00,17.3,89,12.0,2.11,0.0,9
2023-03-01 07:00:00,18.3,83,95.0,2.09,0.0,20
2023-03-01 08:00:00,19.9,77,228.0,2.18,0.0,10
2023-03-01 09:00:00,22.0,70,375.0,2.38,0.0,10
2023-03-01 10:00:00,24.3,63,495.0,2.69,0.0,11
2023-03-01 11:00:00,26.1,54,566.0,3.11,0.0,3
2023-03-01 12:00:00,27.0,49,579.0,2.92,0.0,5
2023-03-01 13:00:00,27.6,46,522.0,2.84,0.0,6
2023-03-01 14:00:00,27.8,45,409.0,2.69,0.0,7
2023-03-01 15:00:00,27.1,49,268.0,2.28,0.0,5
2023-03-01 16:00:00,24.9,61,124.0,1.66,0.0,4
2023-03-01 17:00:00,22.3,71,23.0,2.33,0.0,4
2023-03-01 18:00:00,21.3,75,0.0,2.02,0.0,27
2023-03-01 19:00:00,21.2,74,0.0,1.13,0.0,32
2023-03-01 20:00:00,20.8,76,0.0,1.68,0.0,27
2023-03-01 21:00:00,19.6,84,0.0,1.61,0.0,27
2023-03-01 22:00:00,21.0,76,0.0,0.9,0.0,12
2023-03-01 23:00:00,20.8,75,0.0,1.2,0.0,15
2023-03-02 00:00:00,18.1,90,0.0,1.57,0.0,16
2023-03-02 01:00:00,17.6,92,0.0,1.87,0.0,8
2023-03-02 02:00:00,16.8,94,0.0,2.21,0.0,14
2023-03-02 03:00:00,17.4,91,0.0,1.8,0.0,10
2023-03-02 04:00:00,17.1,92,0.0,1.73,0.0,5
2023-03-02 05:00:00,17.5,90,0.0,2.02,0.0,4
2023-03-02 06:00:00,18.0,87,12.0,1.9,0.0,19
2023-03-02 07:00:00,19.6,81,96.0,1.92,0.0,12
2023-03-02 08:00:00,21.7,73,216.0,1.0,0.0,40
2023-03-02 09:00:00,23.2,67,343.0,1.5,0.0,23
2023-03-02 10:00:00,24.5,62,432.0,1.41,0.0,16
2023-03-02 11:00:00,25.9,57,530.0,1.43,0.0,18
2023-03-02 12:00:00,27.0,54,547.0,1.75,0.0,8
2023-03-02 13:00:00,27.8,51,515.0,1.48,0.0,18
2023-03-02 14:00:00,27.9,50,382.0,1.51,0.0,9
2023-03-02 15:00:00,27.5,53,262.0,1.58,0.0,5
2023-03-02 16:00:00,25.2,66,124.0,1.44,0.2,7
2023-03-02 17:00:00,22.9,72,23.0,2.6,0.0,2
2023-03-02 18:00:00,22.5,71,0.0,2.0,0.0,24
2023-03-02 19:00:00,22.2,69,0.0,1.87,0.0,34
2023-03-02 20:00:00,20.5,79,0.0,2.28,0.0,37
2023-03-02 21:00:00,22.4,66,0.0,0.32,0.0,27
2023-03-02 22:00:00,19.5,87,0.0,1.86,0.0,5
2023-03-02 23:00:00,20.5,79,0.0,1.71,0.0,6
2023-03-03 00:00:00,20.2,81,0.0,0.22,0.0,6
2023-03-03 01:00:00,18.9,86,0.0,1.14,0.0,1
2023-03-03 02:00:00,17.8,92,0.0,1.56,0.0,2
2023-03-03 03:00:00,17.3,93,0.0,1.61,0.0,1
2023-03-03 04:00:00,16.7,94,0.0,1.77,0.0,0
2023-03-03 05:00:00,18.7,90,0.0,2.35,0.0,14
2023-03-03 06:00:00,19.0,89,9.0,0.73,0.0,100
2023-03-03 07:00:00,19.6,89,46.0,0.1,0.3,84
2023-03-03 08:00:00,20.7,86,186.0,1.94,0.1,85
2023-03-03 09:00:00,22.1,78,329.0,0.54,0.0,12
2023-03-03 10:00:00,24.1,69,463.0,0.92,0.0,8
2023-03-03 11:00:00,25.7,62,542.0,1.3,0.0,1
2023-03-03 12:00:00,27.1,57,571.0,1.43,0.0,0
2023-03-03 13:00:00,27.8,54,519.0,1.75,0.0,1
2023-03-03 14:00:00,28.0,52,409.0,2.08,0.0,3
2023-03-03 15:00:00,27.3,55,264.0,1.78,0.0,14
2023-03-03 16:00:00,25.8,76,119.0,1.33,0.0,2
2023-03-03 17:00:00,24.5,71,23.0,2.98,0.0,1
2023-03-03 18:00:00,23.7,68,0.0,2.31,0.0,4
2023-03-03 19:00:00,22.9,72,0.0,2.77,0.1,57
2023-03-03 20:00:00,22.7,72,0.0,1.84,0.0,47
2023-03-03 21:00:00,21.7,76,0.0,1.8,0.0,28
2023-03-03 22:00:00,21.3,78,0.0,1.7,0.0,25
2023-03-03 23:00:00,20.1,86,0.0,2.19,0.0,19
2023-03-04 00:00:00,19.3,90,0.0,0.95,0.0,12
2023-03-04 01:00:00,18.9,94,0.0,1.46,0.0,7
2023-03-04 02:00:00,18.4,94,0.0,1.51,0.0,5
2023-03-04 03:00:00,18.6,94,0.0,1.24,0.0,5
2023-03-04 04:00:00,18.4,93,0.0,1.55,0.0,8
2023-03-04 05:00:00,18.5,92,0.0,2.5,0.0,6
2023-03-04 06:00:00,19.6,84,14.0,2.84,0.0,5
2023-03-04 07:00:00,21.2,77,99.0,2.42,0.0,0
2023-03-04 08:00:00,23.3,69,236.0,1.81,0.0,0
2023-03-04 09:00:00,25.3,63,382.0,2.06,0.0,0
2023-03-04 10:00:00,26.9,59,500.0,2.27,0.0,0
2023-03-04 11:00:00,28.4,54,562.0,2.2,0.0,0
2023-03-04 12:00:00,29.5,50,571.0,2.41,0.0,1
2023-03-04 13:00:00,30.2,47,517.0,2.19,0.0,3
2023-03-04 14:00:00,30.5,45,411.0,2.1,0.0,11
2023-03-04 15:00:00,29.7,49,264.0,2.43,0.0,14
2023-03-04 16:00:00,27.5,57,119.0,2.2,0.0,16
2023-03-04 17:00:00,24.5,69,21.0,2.65,0.0,16
2023-03-04 18:00:00,25.9,61,0.0,1.5,0.0,8
2023-03-04 19:00:00,24.7,66,0.0,0.92,0.0,13
2023-03-04 20:00:00,22.2,77,0.0,2.28,0.0,16
2023-03-04 21:00:00,22.2,75,0.0,2.48,0.0,6
2023-03-04 22:00:00,22.3,72,0.0,2.06,0.0,5
2023-03-04 23:00:00,20.7,79,0.0,2.16,0.0,6
2023-03-05 00:00:00,21.0,78,0.0,2.1,0.0,6
2023-03-05 01:00:00,22.2,71,0.0,0.9,0.0,5
2023-03-05 02:00:00,19.7,86,0.0,1.86,0.0,8
2023-03-05 03:00:00,20.8,81,0.0,0.5,0.0,6
2023-03-05 04:00:00,19.6,87,0.0,0.28,0.0,3
2023-03-05 05:00:00,19.2,93,0.0,0.86,0.0,11
2023-03-05 06:00:00,20.3,86,14.0,1.21,0.0,28
2023-03-05 07:00:00,22.1,76,99.0,0.81,0.0,39
2023-03-05 08:00:00,24.0,68,215.0,0.9,0.0,40
2023-03-05 09:00:00,26.0,61,344.0,1.2,0.0,32
2023-03-05 10:00:00,27.5,57,453.0,2.0,0.0,16
2023-03-05 11:00:00,28.7,52,530.0,1.9,0.0,5
2023-03-05 12:00:00,29.7,47,552.0,1.36,0.0,7
2023-03-05 13:00:00,30.3,46,490.0,1.84,0.0,15
2023-03-05 14:00:00,30.4,47,372.0,2.11,0.0,13
2023-03-05 15:00:00,29.6,50,252.0,1.75,0.1,15
2023-03-05 16:00:00,27.4,65,110.0,1.41,0.0,8
2023-03-05 17:00:00,25.5,68,23.0,2.0,0.0,12
2023-03-05 18:00:00,25.0,66,0.0,2.36,0.0,52
2023-03-05 19:00:00,23.7,74,0.0,2.55,0.2,57
2023-03-05 20:00:00,22.7,80,0.0,1.04,0.0,36
2023-03-05 21:00:00,22.2,79,0.0,1.12,0.0,56
2023-03-05 22:00:00,21.3,87,0.0,1.14,0.0,10
2023-03-05 23:00:00,21.5,84,0.0,1.43,0.0,13
2023-03-06 00:00:00,20.7,89,0.0,1.06,0.0,4
2023-03-06 01:00:00,20.1,92,0.0,1.63,0.0,6
2023-03-06 02:00:00,20.0,92,0.0,1.5,0.0,1
2023-03-06 03:00:00,19.5,93,0.0,1.53,0.0,5
2023-03-06 04:00:00,18.7,95,0.0,1.9,0.0,7
2023-03-06 05:00:00,20.2,94,0.0,1.84,0.0,17
2023-03-06 06:00:00,20.6,92,12.0,1.53,0.1,46
2023-03-06 07:00:00,21.6,89,78.0,1.46,0.0,17
2023-03-06 08:00:00,23.1,77,213.0,1.8,0.0,28
2023-03-06 09:00:00,24.3,68,325.0,2.3,0.0,4
2023-03-06 10:00:00,26.3,61,476.0,1.42,0.0,2
2023-03-06 11:00:00,27.7,56,558.0,2.51,0.0,0
2023-03-06 12:00:00,28.5,53,567.0,2.1,0.0,0
2023-03-06 13:00:00,29.2,51,513.0,2.15,0.0,0
2023-03-06 14:00:00,29.4,50,412.0,1.97,0.0,0
2023-03-06 15:00:00,29.0,52,269.0,1.57,0.0,3
2023-03-06 16:00:00,27.1,68,122.0,1.3,0.0,8
2023-03-06 17:00:00,24.7,71,24.0,2.15,0.0,1
2023-03-06 18:00:00,23.2,74,0.0,3.75,0.5,67
2023-03-06 19:00:00,21.3,84,0.0,1.61,0.3,41
2023-03-06 20:00:00,20.9,88,0.0,1.84,0.1,2
2023-03-06 21:00:00,20.6,90,0.0,2.19,0.0,1
2023-03-06 22:00:00,19.8,94,0.0,1.21,0.0,0
2023-03-06 23:00:00,19.8,96,0.0,1.7,0.0,0
2023-03-07 00:00:00,19.6,95,0.0,1.97,0.0,0
2023-03-07 01:00:00,19.4,93,0.0,2.01,0.0,0
2023-03-07 02:00:00,18.8,94,0.0,1.6,0.0,0
2023-03-07 03:00:00,18.0,97,0.0,1.73,0.0,0
2023-03-07 04:00:00,18.3,97,0.0,1.82,0.0,0
2023-03-07 05:00:00,18.3,99,0.0,1.8,0.0,0
2023-03-07 06:00:00,19.1,95,16.0,2.02,0.0,0
2023-03-07 07:00:00,20.2,88,103.0,2.53,0.0,2
2023-03-07 08:00:00,21.6,81,243.0,2.53,0.0,1
2023-03-07 09:00:00,23.5,73,386.0,2.14,0.0,0
2023-03-07 10:00:00,25.3,66,504.0,1.89,0.0,0
2023-03-07 11:00:00,27.0,58,575.0,1.64,0.0,0
2023-03-07 12:00:00,28.2,51,585.0,1.84,0.0,0
2023-03-07 13:00:00,29.1,47,534.0,2.2,0.0,0
2023-03-07 14:00:00,29.4,46,426.0,1.92,0.0,0
2023-03-07 15:00:00,28.9,50,277.0,1.22,0.0,0
2023-03-07 16:00:00,26.8,65,125.0,1.36,0.0,0
2023-03-07 17:00:00,24.3,69,25.0,2.34,0.0,0
2023-03-07 18:00:00,23.6,72,0.0,2.21,0.0,0
2023-03-07 19:00:00,23.5,70,0.0,2.6,0.0,0
2023-03-07 20:00:00,22.2,77,0.0,1.92,0.0,3
2023-03-07 21:00:00,20.7,86,0.0,1.88,0.0,55
2023-03-07 22:00:00,20.5,88,0.0,1.48,0.0,79
2023-03-07 23:00:00,19.1,95,0.0,1.77,0.0,89
2023-03-08 00:00:00,19.5,94,0.0,1.89,0.0,96
2023-03-08 01:00:00,19.0,95,0.0,1.8,0.0,96
2023-03-08 02:00:00,18.8,96,0.0,2.0,0.0,99
2023-03-08 03:00:00,18.6,97,0.0,2.42,0.0,98
2023-03-08 04:00:00,18.4,97,0.0,2.3,0.0,97
2023-03-08 05:00:00,18.4,100,0.0,2.69,0.0,97
2023-03-08 06:00:00,18.6,97,17.0,2.63,0.0,73
2023-03-08 07:00:00,19.9,89,98.0,2.2,0.0,86
2023-03-08 08:00:00,22.0,77,227.0,1.96,0.0,99
2023-03-08 09:00:00,24.1,71,359.0,1.94,0.0,96
2023-03-08 10:00:00,26.2,63,471.0,2.05,0.0,87
2023-03-08 11:00:00,27.9,55,548.0,1.89,0.0,100
2023-03-08 12:00:00,29.2,48,539.0,1.9,0.0,99
2023-03-08 13:00:00,30.2,40,501.0,1.8,0.0,99
2023-03-08 14:00:00,30.5,35,397.0,1.84,0.0,99
2023-03-08 15:00:00,29.9,42,260.0,1.44,0.0,92
2023-03-08 16:00:00,27.2,59,119.0,1.66,0.0,6
2023-03-08 17:00:00,24.9,58,25.0,2.12,0.0,1
2023-03-08 18:00:00,23.7,65,0.0,1.92,0.0,6
2023-03-08 19:00:00,23.3,70,0.0,1.98,0.0,0
2023-03-08 20:00:00,22.9,68,0.0,2.33,0.0,0
2023-03-08 21:00:00,22.9,62,0.0,2.36,0.0,2
2023-03-08 22:00:00,22.5,58,0.0,2.28,0.0,6
2023-03-08 23:00:00,21.5,61,0.0,1.88,0.0,1
2023-03-09 00:00:00,20.8,64,0.0,2.01,0.0,0
2023-03-09 01:00:00,20.1,67,0.0,2.38,0.0,8
2023-03-09 02:00:00,19.6,68,0.0,2.51,0.0,0
2023-03-09 03:00:00,19.1,71,0.0,3.04,0.0,0
2023-03-09 04:00:00,20.0,69,0.0,1.1,0.0,0
2023-03-09 05:00:00,19.1,82,0.0,1.98,0.0,0
2023-03-09 06:00:00,19.3,83,17.0,1.33,0.0,0
2023-03-09 07:00:00,21.3,70,104.0,1.7,0.0,5
2023-03-09 08:00:00,23.9,55,239.0,1.02,0.0,46
2023-03-09 09:00:00,26.3,45,380.0,1.27,0.0,37
2023-03-09 10:00:00,28.0,41,497.0,1.7,0.0,52
2023-03-09 11:00:00,29.1,39,566.0,2.31,0.0,19
2023-03-09 12:00:00,29.8,38,575.0,2.7,0.0,0
2023-03-09 13:00:00,30.4,38,522.0,3.2,0.0,0
2023-03-09 14:00:00,30.5,38,415.0,3.5,0.0,4
2023-03-09 15:00:00,29.7,42,268.0,3.41,0.0,3
2023-03-09 16:00:00,28.1,47,124.0,3.2,0.0,0
2023-03-09 17:00:00,25.4,56,26.0,2.11,0.0,0
2023-03-09 18:00:00,23.7,66,0.0,2.43,0.0,3
2023-03-09 19:00:00,22.8,70,0.0,1.92,0.0,0
2023-03-09 20:00:00,23.3,66,0.0,2.48,0.0,1
2023-03-09 21:00:00,23.5,59,0.0,2.47,0.0,0
2023-03-09 22:00:00,22.7,61,0.0,2.34,0.0,0
2023-03-09 23:00:00,21.4,63,0.0,2.2,0.0,0
2023-03-10 00:00:00,21.3,61,0.0,2.36,0.0,0
2023-03-10 01:00:00,21.9,56,0.0,2.88,0.0,0
2023-03-10 02:00:00,20.9,59,0.0,2.19,0.0,92
2023-03-10 03:00:00,20.6,60,0.0,2.22,0.0,96
2023-03-10 04:00:00,20.8,62,0.0,1.97,0.0,100
2023-03-10 05:00:00,19.1,80,0.0,2.02,0.0,99
2023-03-10 06:00:00,19.0,84,19.0,1.5,0.0,84
2023-03-10 07:00:00,21.1,70,105.0,1.94,0.0,98
2023-03-10 08:00:00,23.7,56,234.0,1.84,0.0,99
2023-03-10 09:00:00,26.1,46,367.0,1.0,0.0,100
2023-03-10 10:00:00,27.7,43,477.0,1.0,0.0,100
2023-03-10 11:00:00,28.7,42,514.0,1.75,0.0,100
2023-03-10 12:00:00,29.1,43,440.0,2.14,0.0,100
2023-03-10 13:00:00,29.2,43,338.0,2.38,0.0,99
2023-03-10 14:00:00,29.3,43,291.0,2.22,0.0,100
2023-03-10 15:00:00,28.8,47,220.0,1.3,0.0,95
2023-03-10 16:00:00,26.3,67,111.0,2.11,0.0,100
2023-03-10 17:00:00,25.5,42,23.0,2.46,0.0,59
2023-03-10 18:00:00,24.2,48,0.0,2.19,0.0,1
2023-03-10 19:00:00,25.2,50,0.0,0.81,0.0,28
2023-03-10 20:00:00,22.1,64,0.0,2.11,0.0,6
2023-03-10 21:00:00,21.3,71,0.0,2.55,0.0,1
2023-03-10 22:00:00,21.1,72,0.0,2.15,0.0,0
2023-03-10 23:00:00,19.6,77,0.0,1.58,0.0,0
2023-03-11 00:00:00,19.4,78,0.0,1.73,0.0,0
2023-03-11 01:00:00,21.0,65,0.0,1.66,0.0,0
2023-03-11 02:00:00,18.8,80,0.0,1.7,0.0,0
2023-03-11 03:00:00,19.8,76,0.0,0.71,0.0,95
2023-03-11 04:00:00,19.0,78,0.0,0.36,0.0,87
2023-03-11 05:00:00,19.2,84,0.0,0.14,0.0,11
2023-03-11 06:00:00,19.4,82,18.0,0.5,0.0,98
2023-03-11 07:00:00,21.2,75,85.0,1.0,0.0,89
2023-03-11 08:00:00,24.0,56,209.0,1.1,0.0,17
2023-03-11 09:00:00,26.3,46,365.0,1.3,0.0,67
2023-03-11 10:00:00,28.1,43,452.0,1.34,0.0,33
2023-03-11 11:00:00,29.4,41,541.0,1.39,0.0,95
2023-03-11 12:00:00,30.2,40,505.0,1.4,0.0,100
2023-03-11 13:00:00,30.4,40,402.0,1.56,0.0,60
2023-03-11 14:00:00,30.3,39,356.0,1.99,0.0,15
2023-03-11 15:00:00,29.7,43,259.0,1.8,0.0,53
2023-03-11 16:00:00,27.4,52,118.0,1.92,0.0,2
2023-03-11 17:00:00,25.3,51,26.0,2.69,0.0,14
2023-03-11 18:00:00,24.3,59,0.0,2.53,0.0,0
2023-03-11 19:00:00,22.7,70,0.0,2.1,0.0,0
2023-03-11 20:00:00,21.7,76,0.0,2.37,0.0,0
2023-03-11 21:00:00,21.9,71,0.0,2.42,0.0,0
2023-03-11 22:00:00,21.0,73,0.0,3.0,0.0,0
2023-03-11 23:00:00,21.2,69,0.0,2.1,0.0,0
2023-03-12 00:00:00,20.6,67,0.0,2.5,0.0,0
2023-03-12 01:00:00,20.4,65,0.0,2.96,0.0,0
2023-03-12 02:00:00,22.9,54,0.0,1.63,0.0,0
2023-03-12 03:00:00,21.8,61,0.0,1.02,0.0,0
2023-03-12 04:00:00,19.7,74,0.0,1.49,0.0,0
2023-03-12 05:00:00,18.7,85,0.0,2.41,0.0,0
2023-03-12 06:00:00,19.9,80,19.0,1.08,0.0,1
2023-03-12 07:00:00,22.1,67,103.0,1.8,0.0,10
2023-03-12 08:00:00,24.6,55,233.0,1.56,0.0,8
2023-03-12 09:00:00,26.9,50,368.0,1.08,0.0,1
2023-03-12 10:00:00,28.6,48,483.0,1.3,0.0,0
2023-03-12 11:00:00,29.9,47,548.0,1.64,0.0,0
2023-03-12 12:00:00,30.7,45,556.0,1.53,0.0,1
2023-03-12 13:00:00,30.8,40,501.0,1.51,0.0,19
2023-03-12 14:00:00,29.3,48,383.0,3.74,0.0,29
2023-03-12 15:00:00,29.5,49,212.0,1.84,0.0,25
2023-03-12 16:00:00,28.1,53,104.0,1.61,0.0,46
2023-03-12 17:00:00,24.4,61,24.0,3.16,0.0,23
2023-03-12 18:00:00,25.1,58,0.0,0.41,0.0,35
2023-03-12 19:00:00,24.9,59,0.0,0.72,0.0,7
2023-03-12 20:00:00,24.6,60,0.0,0.4,0.0,1
2023-03-12 21:00:00,21.4,79,0.0,1.4,0.0,6
2023-03-12 22:00:00,21.4,72,0.0,2.33,0.0,0
2023-03-12 23:00:00,20.7,69,0.0,2.19,0.0,0
2023-03-13 00:00:00,19.6,75,0.0,1.79,0.0,0
2023-03-13 01:00:00,19.0,81,0.0,1.88,0.0,0
2023-03-13 02:00:00,19.0,81,0.0,1.82,0.0,0
2023-03-13 03:00:00,18.3,87,0.0,2.06,0.0,0
2023-03-13 04:00:00,17.9,88,0.0,1.84,0.0,0
2023-03-13 05:00:00,18.9,88,0.0,1.73,0.0,0
2023-03-13 06:00:00,20.3,79,19.0,1.51,0.0,0
2023-03-13 07:00:00,22.3,67,104.0,1.5,0.0,0
2023-03-13 08:00:00,24.7,57,236.0,1.12,0.0,0
2023-03-13 09:00:00,26.8,54,375.0,1.34,0.0,0
2023-03-13 10:00:00,28.5,50,488.0,1.78,0.0,0
2023-03-13 11:00:00,30.1,45,554.0,1.91,0.0,0
2023-03-13 12:00:00,31.6,40,558.0,2.06,0.0,0
2023-03-13 13:00:00,32.2,37,506.0,1.61,0.0,0
2023-03-13 14:00:00,32.4,30,394.0,2.41,0.0,28
2023-03-13 15:00:00,31.0,41,227.0,1.46,0.0,37
2023-03-13 16:00:00,28.5,56,105.0,2.11,0.0,54
2023-03-13 17:00:00,26.5,54,24.0,2.52,0.0,58
2023-03-13 18:00:00,25.3,58,0.0,2.51,0.0,37
2023-03-13 19:00:00,24.4,62,0.0,2.3,0.0,29
2023-03-13 20:00:00,23.4,65,0.0,1.78,0.0,27
2023-03-13 21:00:00,23.6,64,0.0,2.34,0.0,11
2023-03-13 22:00:00,23.1,67,0.0,2.28,0.0,1
2023-03-13 23:00:00,23.1,66,0.0,2.62,0.0,34
2023-03-14 00:00:00,22.6,65,0.0,2.33,0.0,3
2023-03-14 01:00:00,21.5,67,0.0,2.36,0.0,50
2023-03-14 02:00:00,20.5,72,0.0,2.52,0.0,1
2023-03-14 03:00:00,19.8,81,0.0,2.15,0.0,1
2023-03-14 04:00:00,21.5,77,0.0,1.66,0.0,0
2023-03-14 05:00:00,19.5,94,0.0,1.88,0.0,13
2023-03-14 06:00:00,20.9,89,20.0,0.5,0.0,10
2023-03-14 07:00:00,22.4,81,104.0,0.45,0.0,3
2023-03-14 08:00:00,25.0,65,236.0,0.4,0.0,1
2023-03-14 09:00:00,27.1,54,376.0,1.0,0.0,0
2023-03-14 10:00:00,28.8,47,487.0,1.8,0.0,0
2023-03-14 11:00:00,30.1,43,555.0,3.24,0.0,1
2023-03-14 12:00:00,31.1,39,543.0,4.16,0.0,11
2023-03-14 13:00:00,32.1,34,481.0,4.52,0.0,31
2023-03-14 14:00:00,31.9,30,358.0,4.65,0.0,96
2023-03-14 15:00:00,30.3,35,158.0,3.9,0.0,92
2023-03-14 16:00:00,29.6,35,86.0,5.0,0.0,86
2023-03-14 17:00:00,26.8,49,23.0,3.05,0.0,100
2023-03-14 18:00:00,26.0,54,0.0,3.57,0.0,95
2023-03-14 19:00:00,24.8,59,0.0,2.16,0.0,97
2023-03-14 20:00:00,23.2,68,0.0,1.8,0.0,98
2023-03-14 21:00:00,23.1,68,0.0,1.64,0.0,98
2023-03-14 22:00:00,21.8,73,0.0,1.34,0.0,66
2023-03-14 23:00:00,20.7,80,0.0,1.3,0.0,65
2023-03-15 00:00:00,20.0,83,0.0,1.41,0.0,55
2023-03-15 01:00:00,19.7,84,0.0,1.93,0.0,44
2023-03-15 02:00:00,19.4,85,0.0,2.14,0.0,19
2023-03-15 03:00:00,19.3,86,0.0,1.5,0.0,29
2023-03-15 04:00:00,20.2,82,0.0,1.53,0.0,25
2023-03-15 05:00:00,19.6,91,0.0,1.2,0.0,40
2023-03-15 06:00:00,20.4,87,20.0,2.86,0.0,99
2023-03-15 07:00:00,21.5,80,104.0,1.97,0.0,79
2023-03-15 08:00:00,23.5,70,226.0,2.06,0.0,68
2023-03-15 09:00:00,24.2,64,261.0,2.06,0.0,76
2023-03-15 10:00:00,21.3,77,331.0,3.91,3.4,100
2023-03-15 11:00:00,21.2,78,128.0,2.91,0.0,90
2023-03-15 12:00:00,21.7,73,325.0,1.28,1.7,76
2023-03-15 13:00:00,21.5,72,371.0,2.59,0.0,100
2023-03-15 14:00:00,22.7,69,234.0,1.84,0.0,100
2023-03-15 15:00:00,20.8,77,43.0,0.51,0.0,100
2023-03-15 16:00:00,20.9,76,69.0,1.03,0.0,100
2023-03-15 17:00:00,20.5,82,11.0,1.5,0.0,100
2023-03-15 18:00:00,19.5,88,0.0,1.43,0.0,100
2023-03-15 19:00:00,20.5,84,0.0,1.24,0.0,98
2023-03-15 20:00:00,19.9,87,0.0,2.51,0.7,100
2023-03-15 21:00:00,19.3,91,0.0,1.94,0.0,93
2023-03-15 22:00:00,18.5,93,0.0,0.94,0.3,99
2023-03-15 23:00:00,18.3,96,0.0,0.71,0.2,7
2023-03-16 00:00:00,17.8,98,0.0,0.86,0.0,0
2023-03-16 01:00:00,17.7,99,0.0,1.06,0.0,0
2023-03-16 02:00:00,17.8,99,0.0,1.88,0.0,0
2023-03-16 03:00:00,17.8,98,0.0,2.42,0.0,0
2023-03-16 04:00:00,17.8,97,0.0,2.35,0.0,2
2023-03-16 05:00:00,18.2,94,0.0,2.26,0.0,11
2023-03-16 06:00:00,18.4,93,20.0,3.42,0.0,54
2023-03-16 07:00:00,19.1,89,93.0,3.57,0.0,86
2023-03-16 08:00:00,19.5,85,109.0,4.06,0.1,84
2023-03-16 09:00:00,21.0,79,230.0,3.3,0.0,94
2023-03-16 10:00:00,22.9,70,426.0,3.81,0.0,100
2023-03-16 11:00:00,23.9,65,415.0,3.61,0.0,100
2023-03-16 12:00:00,25.0,61,410.0,3.54,0.0,100
2023-03-16 13:00:00,25.6,56,429.0,3.45,0.0,100
2023-03-16 14:00:00,25.6,54,270.0,3.53,0.0,23
2023-03-16 15:00:00,25.4,55,226.0,3.53,0.0,85
2023-03-16 16:00:00,24.1,62,107.0,1.75,0.0,100
2023-03-16 17:00:00,22.1,70,20.0,1.79,0.0,100
2023-03-16 18:00:00,21.8,69,0.0,1.97,0.0,100
2023-03-16 19:00:00,21.6,70,0.0,2.7,0.0,100
2023-03-16 20:00:00,21.1,74,0.0,2.72,0.0,100
2023-03-16 21:00:00,20.4,79,0.0,2.55,0.0,100
2023-03-16 22:00:00,19.6,84,0.0,1.92,0.0,100
2023-03-16 23:00:00,19.3,84,0.0,2.32,0.0,98
2023-03-17 00:00:00,18.8,87,0.0,2.34,0.0,51
2023-03-17 01:00:00,17.7,93,0.0,1.4,0.0,100
2023-03-17 02:00:00,17.4,95,0.0,1.36,0.0,100
2023-03-17 03:00:00,17.5,95,0.0,1.93,0.0,47
2023-03-17 04:00:00,17.2,96,0.0,2.1,0.0,100
2023-03-17 05:00:00,18.3,94,0.0,1.91,0.0,9
2023-03-17 06:00:00,19.0,90,21.0,1.8,0.0,12
2023-03-17 07:00:00,20.3,83,101.0,1.6,0.0,46
2023-03-17 08:00:00,22.0,74,212.0,1.93,0.0,27
2023-03-17 09:00:00,23.8,67,357.0,1.98,0.0,98
2023-03-17 10:00:00,25.7,61,441.0,1.92,0.0,88
2023-03-17 11:00:00,27.1,55,484.0,1.58,0.0,81
2023-03-17 12:00:00,28.2,52,491.0,0.91,0.0,67
2023-03-17 13:00:00,28.8,51,396.0,1.72,0.0,87
2023-03-17 14:00:00,28.1,55,313.0,1.17,0.5,100
2023-03-17 15:00:00,27.3,58,137.0,0.36,0.0,100
2023-03-17 16:00:00,26.0,74,88.0,0.85,0.0,100
2023-03-17 17:00:00,26.0,58,24.0,1.14,0.0,100
2023-03-17 18:00:00,25.4,60,0.0,0.61,0.0,100
2023-03-17 19:00:00,21.4,79,0.0,2.01,0.2,100
2023-03-17 20:00:00,22.5,76,0.0,1.62,0.0,100
2023-03-17 21:00:00,21.3,81,0.0,2.34,0.4,87
2023-03-17 22:00:00,21.2,80,0.0,1.02,0.0,89
2023-03-17 23:00:00,19.6,91,0.0,0.82,0.0,99
2023-03-18 00:00:00,20.0,91,0.0,1.14,0.0,99
2023-03-18 01:00:00,19.7,92,0.0,1.97,1.5,80
2023-03-18 02:00:00,19.7,90,0.0,0.1,0.0,100
2023-03-18 03:00:00,19.5,95,0.0,0.72,0.2,100
2023-03-18 04:00:00,19.4,96,0.0,0.94,0.1,100
2023-03-18 05:00:00,19.6,95,0.0,0.76,0.0,100
2023-03-18 06:00:00,20.2,94,21.0,1.75,0.0,100
2023-03-18 07:00:00,20.8,88,98.0,1.92,0.0,100
2023-03-18 08:00:00,21.6,83,211.0,2.67,0.0,96
2023-03-18 09:00:00,23.0,77,332.0,2.52,0.0,100
2023-03-18 10:00:00,24.3,72,429.0,1.87,0.0,96
2023-03-18 11:00:00,25.8,66,520.0,1.97,0.0,78
2023-03-18 12:00:00,27.1,61,526.0,1.84,0.0,57
2023-03-18 13:00:00,27.6,59,462.0,1.21,0.0,58
2023-03-18 14:00:00,27.8,58,352.0,1.3,0.0,97
2023-03-18 15:00:00,27.2,61,191.0,1.39,0.0,100
2023-03-18 16:00:00,25.7,73,112.0,0.9,0.0,100
2023-03-18 17:00:00,24.1,75,26.0,1.35,0.0,100
2023-03-18 18:00:00,20.6,93,0.0,2.92,7.5,100
2023-03-18 19:00:00,20.2,95,0.0,1.97,0.0,97
2023-03-18 20:00:00,19.8,93,0.0,1.57,0.0,96
2023-03-18 21:00:00,19.5,95,0.0,1.2,0.0,91
2023-03-18 22:00:00,19.2,95,0.0,1.4,0.1,51
2023-03-18 23:00:00,19.2,95,0.0,1.61,0.0,56
2023-03-19 00:00:00,19.0,94,0.0,1.94,0.0,98
2023-03-19 01:00:00,18.7,95,0.0,1.9,0.0,100
2023-03-19 02:00:00,18.4,94,0.0,2.46,0.0,100
2023-03-19 03:00:00,18.2,93,0.0,2.69,0.0,100
2023-03-19 04:00:00,18.0,94,0.0,2.5,0.0,100
2023-03-19 05:00:00,19.2,92,0.0,2.21,0.0,100
2023-03-19 06:00:00,19.4,91,12.0,2.81,0.1,100
2023-03-19 07:00:00,19.3,93,18.0,2.66,0.4,100
2023-03-19 08:00:00,19.5,94,55.0,2.55,0.4,100
2023-03-19 09:00:00,19.7,92,73.0,1.57,1.3,100
2023-03-19 10:00:00,19.6,93,110.0,3.18,0.5,100
2023-03-19 11:00:00,20.3,88,134.0,3.4,0.1,100
2023-03-19 12:00:00,21.1,83,188.0,2.72,0.0,100
2023-03-19 13:00:00,20.8,84,128.0,2.94,0.3,100
2023-03-19 14:00:00,20.6,86,141.0,3.21,0.2,100
2023-03-19 15:00:00,21.0,83,158.0,2.7,0.0,100
2023-03-19 16:00:00,20.5,87,54.0,2.42,0.0,100
2023-03-19 17:00:00,19.5,91,25.0,2.1,0.0,100
2023-03-19 18:00:00,19.1,94,0.0,1.62,0.0,100
2023-03-19 19:00:00,18.8,94,0.0,1.61,0.0,100
2023-03-19 20:00:00,18.6,95,0.0,1.58,0.0,100
2023-03-19 21:00:00,18.3,96,0.0,1.1,0.0,100
2023-03-19 22:00:00,18.6,93,0.0,1.1,0.5,100
2023-03-19 23:00:00,18.4,94,0.0,1.8,0.3,100
2023-03-20 00:00:00,18.2,96,0.0,0.36,0.4,100
2023-03-20 01:00:00,18.1,96,0.0,0.8,0.7,100
2023-03-20 02:00:00,18.2,96,0.0,0.76,0.9,100
2023-03-20 03:00:00,18.1,96,0.0,1.4,1.2,100
2023-03-20 04:00:00,18.0,96,0.0,1.43,1.3,100
2023-03-20 05:00:00,18.3,95,0.0,2.51,1.5,100
2023-03-20 06:00:00,18.5,96,12.0,1.84,0.3,100
2023-03-20 07:00:00,18.6,95,24.0,1.65,1.3,99
2023-03-20 08:00:00,18.9,94,64.0,1.75,1.3,93
2023-03-20 09:00:00,20.3,85,212.0,2.06,0.3,100
2023-03-20 10:00:00,21.2,82,293.0,1.79,0.1,91
2023-03-20 11:00:00,22.7,74,409.0,2.22,0.0,68
2023-03-20 12:00:00,23.8,68,433.0,2.28,0.0,69
2023-03-20 13:00:00,24.6,65,417.0,2.14,0.0,100
2023-03-20 14:00:00,24.9,65,310.0,2.01,0.0,99
2023-03-20 15:00:00,24.3,67,189.0,1.0,0.1,100
2023-03-20 16:00:00,23.4,79,84.0,0.45,0.0,100
2023-03-20 17:00:00,21.6,84,20.0,2.1,2.6,100
2023-03-20 18:00:00,20.9,87,0.0,1.92,0.0,100
2023-03-20 19:00:00,20.8,84,0.0,2.55,0.6,100
2023-03-20 20:00:00,20.1,90,0.0,1.41,0.7,100
2023-03-20 21:00:00,19.2,92,0.0,4.02,0.7,100
2023-03-20 22:00:00,19.0,94,0.0,2.21,0.1,100
2023-03-20 23:00:00,18.4,97,0.0,1.78,5.7,100
2023-03-21 00:00:00,18.5,97,0.0,1.53,1.7,100
2023-03-21 01:00:00,18.4,98,0.0,0.28,3.7,100
2023-03-21 02:00:00,18.3,98,0.0,1.3,0.6,100
2023-03-21 03:00:00,18.2,97,0.0,0.67,1.1,100
2023-03-21 04:00:00,18.0,98,0.0,1.9,0.4,100
2023-03-21 05:00:00,18.5,96,0.0,0.32,1.1,100
2023-03-21 06:00:00,18.6,96,16.0,0.41,0.3,74
2023-03-21 07:00:00,18.9,95,90.0,0.45,0.2,96
2023-03-21 08:00:00,19.0,93,104.0,0.41,0.7,67
2023-03-21 09:00:00,19.5,91,213.0,2.35,0.4,100
2023-03-21 10:00:00,20.1,87,201.0,1.22,0.1,21
2023-03-21 11:00:00,22.0,77,527.0,3.0,0.1,86
2023-03-21 12:00:00,21.5,77,299.0,2.31,0.2,27
2023-03-21 13:00:00,22.3,73,422.0,1.4,0.1,40
2023-03-21 14:00:00,22.9,71,358.0,0.95,0.0,8
2023-03-21 15:00:00,23.0,71,260.0,0.86,0.0,99
2023-03-21 16:00:00,22.3,77,118.0,1.2,0.0,100
2023-03-21 17:00:00,21.0,86,26.0,1.5,0.0,100
2023-03-21 18:00:00,19.5,94,0.0,1.52,0.0,100
2023-03-21 19:00:00,19.6,93,0.0,1.3,0.1,99
2023-03-21 20:00:00,19.1,96,0.0,1.66,0.0,63
2023-03-21 21:00:00,18.8,97,0.0,1.55,0.0,100
2023-03-21 22:00:00,18.3,98,0.0,1.58,0.1,100
2023-03-21 23:00:00,18.4,98,0.0,0.2,0.1,91
2023-03-22 00:00:00,18.4,96,0.0,0.54,0.1,90
2023-03-22 01:00:00,17.8,98,0.0,1.08,1.0,99
2023-03-22 02:00:00,18.0,97,0.0,1.3,0.1,100
2023-03-22 03:00:00,17.6,98,0.0,1.21,0.1,76
2023-03-22 04:00:00,17.3,99,0.0,0.86,0.0,72
2023-03-22 05:00:00,18.2,95,0.0,2.25,0.0,51
2023-03-22 06:00:00,18.6,94,24.0,1.9,0.0,64
2023-03-22 07:00:00,19.5,92,112.0,1.02,0.0,38
2023-03-22 08:00:00,19.9,87,196.0,2.76,0.0,55
2023-03-22 09:00:00,20.8,82,344.0,1.73,0.1,6
2023-03-22 10:00:00,22.4,76,491.0,2.12,0.0,36
2023-03-22 11:00:00,23.9,72,515.0,2.28,0.0,2
2023-03-22 12:00:00,25.2,68,572.0,2.82,0.0,6
2023-03-22 13:00:00,25.7,68,508.0,3.65,0.0,32
2023-03-22 14:00:00,24.3,73,392.0,3.72,0.1,45
2023-03-22 15:00:00,23.3,77,227.0,1.86,2.0,57
2023-03-22 16:00:00,22.9,84,96.0,1.35,0.0,58
2023-03-22 17:00:00,21.0,84,28.0,3.5,0.1,38
2023-03-22 18:00:00,20.1,85,0.0,2.72,0.0,36
2023-03-22 19:00:00,19.3,87,0.0,1.7,0.0,49
2023-03-22 20:00:00,18.6,91,0.0,1.3,0.0,42
2023-03-22 21:00:00,18.3,92,0.0,1.32,0.0,37
2023-03-22 22:00:00,18.4,90,0.0,1.49,0.0,58
2023-03-22 23:00:00,17.6,96,0.0,1.5,0.0,9
2023-03-23 00:00:00,17.4,96,0.0,0.86,0.0,2
2023-03-23 01:00:00,15.9,99,0.0,0.81,0.0,22
2023-03-23 02:00:00,16.8,98,0.0,2.2,0.0,26
2023-03-23 03:00:00,16.5,99,0.0,2.12,0.0,100
2023-03-23 04:00:00,16.4,100,0.0,2.82,0.0,100
2023-03-23 05:00:00,17.7,94,0.0,1.39,0.0,100
2023-03-23 06:00:00,18.5,93,27.0,2.69,0.0,4
2023-03-23 07:00:00,19.8,86,132.0,2.26,0.0,3
2023-03-23 08:00:00,20.5,82,272.0,3.04,0.0,18
2023-03-23 09:00:00,21.7,76,401.0,2.1,0.0,41
2023-03-23 10:00:00,22.7,71,460.0,2.0,0.0,33
2023-03-23 11:00:00,23.8,68,535.0,1.9,0.0,6
2023-03-23 12:00:00,24.9,65,576.0,1.52,0.0,20
2023-03-23 13:00:00,25.4,64,477.0,0.81,0.0,26
2023-03-23 14:00:00,25.5,63,371.0,1.39,0.0,8
2023-03-23 15:00:00,25.5,62,271.0,1.44,0.0,35
2023-03-23 16:00:00,22.7,73,115.0,2.1,1.8,74
2023-03-23 17:00:00,21.4,80,24.0,1.08,0.5,13
2023-03-23 18:00:00,18.1,90,0.0,3.64,7.3,96
2023-03-23 19:00:00,18.5,91,0.0,2.38,0.6,63
2023-03-23 20:00:00,18.9,91,0.0,4.33,0.0,26
2023-03-23 21:00:00,18.8,92,0.0,2.8,0.0,30
2023-03-23 22:00:00,18.6,95,0.0,2.41,0.2,51
2023-03-23 23:00:00,18.2,97,0.0,2.73,0.0,6
2023-03-24 00:00:00,17.7,98,0.0,2.62,0.0,37
2023-03-24 01:00:00,17.5,98,0.0,2.32,0.0,68
2023-03-24 02:00:00,17.4,98,0.0,2.94,0.0,57
2023-03-24 03:00:00,17.1,99,0.0,2.84,0.0,28
2023-03-24 04:00:00,16.9,99,0.0,2.6,0.0,99
2023-03-24 05:00:00,17.4,98,0.0,2.73,0.0,100
2023-03-24 06:00:00,18.1,92,14.0,3.91,0.2,74
2023-03-24 07:00:00,19.0,90,81.0,3.9,0.0,54
2023-03-24 08:00:00,19.9,85,225.0,3.52,0.0,100
2023-03-24 09:00:00,20.1,85,137.0,3.45,0.1,83
2023-03-24 10:00:00,21.7,77,290.0,3.45,0.0,67
2023-03-24 11:00:00,23.5,69,471.0,2.88,0.0,67
2023-03-24 12:00:00,24.3,67,547.0,2.69,0.0,5
2023-03-24 13:00:00,24.8,66,531.0,2.13,0.0,4
2023-03-24 14:00:00,25.1,64,425.0,1.63,0.0,9
2023-03-24 15:00:00,24.6,66,274.0,2.06,0.0,8
2023-03-24 16:00:00,23.4,75,133.0,1.64,0.0,6
2023-03-24 17:00:00,20.5,85,32.0,1.57,0.0,7
2023-03-24 18:00:00,19.6,89,0.0,1.61,0.0,6
2023-03-24 19:00:00,19.2,92,0.0,1.84,0.0,17
2023-03-24 20:00:00,19.0,92,0.0,2.02,0.0,10
2023-03-24 21:00:00,18.5,94,0.0,2.1,0.0,20
2023-03-24 22:00:00,18.3,94,0.0,1.8,0.0,15
2023-03-24 23:00:00,18.0,96,0.0,1.58,0.0,11
2023-03-25 00:00:00,17.9,96,0.0,1.96,0.0,12
2023-03-25 01:00:00,17.6,97,0.0,1.9,0.0,11
2023-03-25 02:00:00,17.4,97,0.0,1.91,0.0,5
2023-03-25 03:00:00,17.2,97,0.0,1.92,0.0,5
2023-03-25 04:00:00,17.2,98,0.0,2.3,0.0,47
2023-03-25 05:00:00,17.9,98,0.0,2.47,0.0,100
2023-03-25 06:00:00,18.2,96,26.0,2.02,0.0,82
2023-03-25 07:00:00,18.6,95,87.0,2.97,0.0,100
2023-03-25 08:00:00,20.5,85,227.0,3.18,0.0,43
2023-03-25 09:00:00,22.7,76,409.0,3.01,0.0,30
2023-03-25 10:00:00,24.2,71,513.0,3.4,0.0,0
2023-03-25 11:00:00,25.3,67,588.0,3.35,0.0,1
2023-03-25 12:00:00,26.2,64,598.0,2.87,0.0,0
2023-03-25 13:00:00,26.7,63,546.0,2.46,0.0,1
2023-03-25 14:00:00,26.8,64,430.0,2.2,0.0,4
2023-03-25 15:00:00,26.2,66,281.0,2.34,0.0,8
2023-03-25 16:00:00,24.9,75,133.0,1.22,0.0,90
2023-03-25 17:00:00,22.7,77,26.0,1.65,0.1,63
2023-03-25 18:00:00,22.7,80,0.0,1.36,0.0,45
2023-03-25 19:00:00,21.3,83,0.0,1.58,0.0,10
2023-03-25 20:00:00,20.7,85,0.0,1.5,0.0,43
2023-03-25 21:00:00,20.0,90,0.0,1.49,0.0,12
2023-03-25 22:00:00,19.8,89,0.0,2.57,0.0,72
2023-03-25 23:00:00,19.3,91,0.0,2.2,0.4,73
2023-03-26 00:00:00,18.9,94,0.0,1.41,0.3,85
2023-03-26 01:00:00,18.8,96,0.0,0.78,0.3,83
2023-03-26 02:00:00,18.9,96,0.0,0.95,0.2,69
2023-03-26 03:00:00,18.4,98,0.0,0.73,2.4,100
2023-03-26 04:00:00,18.7,97,0.0,1.39,0.1,46
2023-03-26 05:00:00,19.6,98,0.0,1.66,0.1,50
2023-03-26 06:00:00,20.2,95,22.0,0.94,1.0,72
2023-03-26 07:00:00,21.1,85,81.0,0.54,0.1,60
2023-03-26 08:00:00,21.5,85,181.0,1.06,0.0,47
2023-03-26 09:00:00,22.7,80,328.0,1.7,0.0,84
2023-03-26 10:00:00,23.4,79,339.0,1.91,0.0,53
2023-03-26 11:00:00,24.4,75,461.0,1.77,0.0,23
2023-03-26 12:00:00,25.6,71,545.0,1.63,0.0,14
2023-03-26 13:00:00,26.3,69,530.0,1.91,0.0,5
2023-03-26 14:00:00,26.6,68,418.0,1.94,0.0,5
2023-03-26 15:00:00,26.2,69,273.0,1.84,0.0,19
2023-03-26 16:00:00,25.2,76,136.0,1.8,0.0,19
2023-03-26 17:00:00,23.8,83,31.0,2.69,0.1,44
2023-03-26 18:00:00,22.1,84,0.0,1.46,1.0,74
2023-03-26 19:00:00,21.2,91,0.0,1.91,0.0,26
2023-03-26 20:00:00,21.0,93,0.0,1.9,0.0,0
2023-03-26 21:00:00,20.1,95,0.0,1.46,0.0,37
2023-03-26 22:00:00,20.4,94,0.0,3.22,0.3,52
2023-03-26 23:00:00,19.8,96,0.0,1.88,0.0,69
2023-03-27 00:00:00,19.1,99,0.0,1.22,0.0,83
2023-03-27 01:00:00,18.9,99,0.0,1.58,0.0,69
2023-03-27 02:00:00,18.6,99,0.0,2.33,0.0,84
2023-03-27 03:00:00,18.7,98,0.0,2.84,0.0,45
2023-03-27 04:00:00,18.5,97,0.0,2.55,0.0,30
2023-03-27 05:00:00,19.5,98,0.0,2.11,0.0,5
2023-03-27 06:00:00,20.1,93,36.0,2.51,0.0,11
2023-03-27 07:00:00,21.0,91,140.0,2.18,0.0,9
2023-03-27 08:00:00,22.6,86,282.0,1.88,0.0,1
2023-03-27 09:00:00,24.5,76,441.0,1.49,0.0,13
2023-03-27 10:00:00,26.1,68,546.0,0.8,0.0,2
2023-03-27 11:00:00,27.3,64,619.0,1.44,0.0,0
2023-03-27 12:00:00,28.3,61,626.0,1.61,0.0,3
2023-03-27 13:00:00,28.9,60,563.0,2.51,0.0,4
2023-03-27 14:00:00,28.9,63,447.0,2.8,0.0,5
2023-03-27 15:00:00,28.5,67,297.0,2.62,0.0,0
2023-03-27 16:00:00,27.4,80,147.0,1.08,0.0,0
2023-03-27 17:00:00,22.1,83,38.0,1.3,0.0,24
2023-03-27 18:00:00,22.0,86,0.0,1.46,0.0,0
2023-03-27 19:00:00,22.8,79,0.0,0.81,0.0,7
2023-03-27 20:00:00,22.9,78,0.0,0.89,0.0,3
2023-03-27 21:00:00,20.6,88,0.0,1.2,0.0,1
2023-03-27 22:00:00,20.3,89,0.0,2.02,0.0,0
2023-03-27 23:00:00,21.8,84,0.0,1.55,0.0,0
2023-03-28 00:00:00,21.4,86,0.0,0.76,0.0,0
2023-03-28 01:00:00,19.3,95,0.0,1.53,0.0,1
2023-03-28 02:00:00,18.3,98,0.0,1.98,0.0,0
2023-03-28 03:00:00,18.5,98,0.0,1.77,0.0,0
2023-03-28 04:00:00,19.4,93,0.0,1.03,0.0,0
2023-03-28 05:00:00,19.3,96,0.0,0.91,0.0,1
2023-03-28 06:00:00,19.4,90,38.0,3.96,0.0,25
2023-03-28 07:00:00,19.7,84,138.0,2.12,0.0,18
2023-03-28 08:00:00,21.7,80,254.0,1.49,0.0,1
2023-03-28 09:00:00,21.8,74,464.0,4.5,0.0,2
2023-03-28 10:00:00,24.3,63,575.0,1.03,0.0,4
2023-03-28 11:00:00,26.2,58,639.0,0.86,0.0,4
2023-03-28 12:00:00,27.3,56,594.0,0.54,0.0,5
2023-03-28 13:00:00,28.0,54,564.0,0.81,0.0,24
2023-03-28 14:00:00,28.7,53,429.0,0.81,0.0,20
2023-03-28 15:00:00,28.0,58,279.0,1.39,0.2,34
2023-03-28 16:00:00,26.1,78,131.0,0.63,0.0,4
2023-03-28 17:00:00,26.4,57,38.0,0.51,0.0,4
2023-03-28 18:00:00,24.6,65,0.0,0.72,0.0,18
2023-03-28 19:00:00,21.4,84,0.0,1.52,0.0,25
2023-03-28 20:00:00,21.0,88,0.0,1.92,0.0,26
2023-03-28 21:00:00,21.8,81,0.0,4.43,0.0,1
2023-03-28 22:00:00,20.2,83,0.0,4.03,0.0,0
2023-03-28 23:00:00,19.6,83,0.0,3.55,0.0,0
2023-03-29 00:00:00,19.1,83,0.0,3.88,0.0,8
2023-03-29 01:00:00,18.6,86,0.0,3.93,0.0,2
2023-03-29 02:00:00,18.0,88,0.0,3.51,0.0,1
2023-03-29 03:00:00,17.5,88,0.0,3.6,0.0,0
2023-03-29 04:00:00,17.2,91,0.0,3.21,0.0,0
2023-03-29 05:00:00,18.5,86,0.0,3.26,0.0,22
2023-03-29 06:00:00,18.9,85,41.0,3.32,0.0,3
2023-03-29 07:00:00,19.8,81,153.0,3.44,0.0,12
2023-03-29 08:00:00,21.3,76,296.0,3.81,0.0,0
2023-03-29 09:00:00,22.9,71,415.0,3.86,0.0,2
2023-03-29 10:00:00,24.7,66,576.0,3.61,0.0,0
2023-03-29 11:00:00,26.0,62,641.0,2.69,0.0,2
2023-03-29 12:00:00,26.9,60,641.0,2.01,0.0,1
2023-03-29 13:00:00,27.5,59,577.0,2.0,0.0,0
2023-03-29 14:00:00,27.6,59,463.0,2.14,0.0,1
2023-03-29 15:00:00,27.3,61,311.0,2.05,0.0,2
2023-03-29 16:00:00,26.2,72,154.0,1.27,0.0,13
2023-03-29 17:00:00,24.0,75,39.0,1.84,0.0,44
2023-03-29 18:00:00,22.3,84,0.0,2.25,0.0,23
2023-03-29 19:00:00,22.4,78,0.0,2.72,0.0,7
2023-03-29 20:00:00,21.1,77,0.0,2.52,0.0,1
2023-03-29 21:00:00,19.7,86,0.0,2.68,0.0,57
2023-03-29 22:00:00,19.6,87,0.0,1.3,0.0,24
2023-03-29 23:00:00,18.8,94,0.0,1.27,0.1,70
2023-03-30 00:00:00,18.7,93,0.0,0.98,0.0,21
2023-03-30 01:00:00,18.0,96,0.0,1.25,0.0,43
2023-03-30 02:00:00,18.4,96,0.0,1.62,0.0,12
2023-03-30 03:00:00,17.9,98,0.0,1.55,0.0,15
2023-03-30 04:00:00,17.5,98,0.0,1.12,0.0,30
2023-03-30 05:00:00,18.8,90,1.0,1.75,0.0,36
2023-03-30 06:00:00,19.5,87,38.0,2.95,0.0,93
2023-03-30 07:00:00,20.4,85,146.0,2.9,0.0,73
2023-03-30 08:00:00,21.4,81,224.0,2.43,0.0,26
2023-03-30 09:00:00,23.2,74,425.0,2.53,0.0,45
2023-03-30 10:00:00,24.0,73,421.0,2.1,0.1,47
2023-03-30 11:00:00,25.3,68,520.0,2.27,0.0,18
2023-03-30 12:00:00,25.9,66,584.0,2.31,0.0,13
2023-03-30 13:00:00,26.5,63,548.0,1.62,0.0,0
2023-03-30 14:00:00,27.1,60,470.0,1.68,0.0,1
2023-03-30 15:00:00,26.9,61,316.0,1.77,0.0,8
2023-03-30 16:00:00,25.9,75,153.0,0.85,0.0,17
2023-03-30 17:00:00,22.1,77,39.0,6.14,0.0,32
2023-03-30 18:00:00,21.0,80,0.0,2.7,0.0,26
2023-03-30 19:00:00,20.8,83,0.0,2.83,0.0,16
2023-03-30 20:00:00,20.6,86,0.0,1.93,0.0,23
2023-03-30 21:00:00,19.5,93,0.0,1.9,0.0,1
2023-03-30 22:00:00,18.7,96,0.0,1.57,0.0,42
2023-03-30 23:00:00,19.8,89,0.0,2.06,0.0,6
2023-03-31 00:00:00,19.3,92,0.0,1.87,0.0,6
2023-03-31 01:00:00,19.0,94,0.0,2.11,0.0,12
2023-03-31 02:00:00,18.8,94,0.0,1.84,0.0,38
2023-03-31 03:00:00,18.7,93,0.0,2.0,0.0,8
2023-03-31 04:00:00,18.4,94,0.0,2.0,0.0,6
2023-03-31 05:00:00,19.9,93,1.0,0.86,0.0,0
2023-03-31 06:00:00,20.6,90,35.0,2.02,0.0,4
2023-03-31 07:00:00,21.7,83,160.0,1.7,0.0,2
2023-03-31 08:00:00,23.0,78,318.0,2.47,0.0,0
2023-03-31 09:00:00,24.5,72,474.0,2.58,0.0,0
2023-03-31 10:00:00,26.0,67,593.0,2.42,0.0,22
2023-03-31 11:00:00,27.4,63,655.0,1.91,0.0,13
2023-03-31 12:00:00,28.3,60,654.0,1.56,0.0,83
2023-03-31 13:00:00,28.7,59,586.0,1.39,0.0,91
2023-03-31 14:00:00,28.8,59,443.0,2.01,0.0,32
2023-03-31 15:00:00,28.5,59,310.0,2.28,0.0,100
2023-03-31 16:00:00,23.7,79,83.0,5.72,1.4,100
2023-03-31 17:00:00,21.6,86,5.0,5.71,0.7,94
2023-03-31 18:00:00,21.8,85,0.0,2.51,0.5,100
2023-03-31 19:00:00,21.5,90,0.0,2.62,0.6,68
2023-03-31 20:00:00,20.8,95,0.0,3.1,0.3,100
2023-03-31 21:00:00,20.4,95,0.0,0.82,0.0,86
2023-03-31 22:00:00,20.5,94,0.0,0.42,0.0,27
2023-03-31 23:00:00,19.7,97,0.0,0.81,0.0,15
2023-04-01 00:00:00,19.8,98,0.0,1.77,0.0,100
2023-04-01 01:00:00,19.7,99,0.0,1.5,0.0,98
2023-04-01 02:00:00,19.7,99,0.0,1.0,0.0,100
2023-04-01 03:00:00,19.5,99,0.0,1.0,0.0,100
2023-04-01 04:00:00,19.7,99,0.0,0.58,0.0,100
2023-04-01 05:00:00,20.5,99,1.0,1.56,1.5,100
2023-04-01 06:00:00,20.8,89,25.0,1.61,0.2,100
2023-04-01 07:00:00,21.1,89,59.0,1.66,0.1,100
2023-04-01 08:00:00,21.7,91,122.0,1.36,0.2,100
2023-04-01 09:00:00,22.1,90,158.0,1.44,0.4,100
2023-04-01 10:00:00,23.0,86,275.0,0.92,0.2,100
2023-04-01 11:00:00,24.5,79,472.0,1.04,0.0,100
2023-04-01 12:00:00,25.2,77,377.0,1.26,0.0,100
2023-04-01 13:00:00,25.4,76,369.0,0.67,0.1,98
2023-04-01 14:00:00,23.7,79,293.0,3.14,6.6,100
2023-04-01 15:00:00,21.0,90,41.0,2.69,3.9,99
2023-04-01 16:00:00,20.5,92,25.0,1.98,0.3,99
2023-04-01 17:00:00,21.6,82,36.0,3.6,0.0,42
2023-04-01 18:00:00,20.1,88,0.0,2.02,0.6,52
2023-04-01 19:00:00,18.2,97,0.0,4.69,1.8,100
2023-04-01 20:00:00,18.5,93,0.0,1.12,9.6,99
2023-04-01 21:00:00,18.4,93,0.0,1.65,0.9,98
2023-04-01 22:00:00,18.4,93,0.0,1.9,0.6,36
2023-04-01 23:00:00,18.1,97,0.0,1.22,0.2,98
2023-04-02 00:00:00,18.3,96,0.0,1.04,0.0,100
2023-04-02 01:00:00,17.9,99,0.0,2.62,4.2,100
2023-04-02 02:00:00,17.9,98,0.0,1.64,4.9,97
2023-04-02 03:00:00,17.9,97,0.0,1.24,0.1,63
2023-04-02 04:00:00,17.9,96,0.0,0.4,0.1,65
2023-04-02 05:00:00,18.8,91,1.0,1.6,0.3,100
2023-04-02 06:00:00,19.4,91,50.0,0.81,0.0,17
2023-04-02 07:00:00,20.0,89,163.0,2.02,0.0,10
2023-04-02 08:00:00,21.2,83,327.0,0.73,0.0,1
2023-04-02 09:00:00,22.7,76,488.0,0.63,0.0,10
2023-04-02 10:00:00,23.8,72,579.0,1.94,0.0,42
2023-04-02 11:00:00,24.7,68,581.0,2.41,0.0,18
2023-04-02 12:00:00,25.7,67,618.0,3.21,0.0,61
2023-04-02 13:00:00,22.2,81,449.0,3.61,3.9,50
2023-04-02 14:00:00,24.1,73,431.0,2.94,0.0,54
2023-04-02 15:00:00,24.4,72,275.0,3.57,0.2,16
2023-04-02 16:00:00,23.5,78,137.0,2.6,0.1,23
2023-04-02 17:00:00,22.6,76,42.0,2.1,0.0,7
2023-04-02 18:00:00,21.3,80,0.0,4.6,0.0,58
2023-04-02 19:00:00,20.7,85,0.0,2.15,0.0,37
2023-04-02 20:00:00,19.4,93,0.0,1.82,0.0,22
2023-04-02 21:00:00,19.6,91,0.0,0.72,0.0,2
2023-04-02 22:00:00,19.7,94,0.0,0.78,0.0,70
2023-04-02 23:00:00,19.1,95,0.0,2.48,0.0,64
2023-04-03 00:00:00,18.4,96,0.0,2.61,0.1,100
2023-04-03 01:00:00,18.4,97,0.0,1.43,0.8,35
2023-04-03 02:00:00,18.3,96,0.0,3.01,0.2,100
2023-04-03 03:00:00,18.4,94,0.0,0.81,0.3,79
2023-04-03 04:00:00,17.9,95,0.0,0.76,0.7,60
2023-04-03 05:00:00,18.6,95,1.0,0.91,2.4,89
2023-04-03 06:00:00,19.3,91,36.0,1.66,0.5,89
2023-04-03 07:00:00,19.9,87,123.0,1.8,0.0,32
2023-04-03 08:00:00,21.1,80,267.0,2.73,0.0,86
2023-04-03 09:00:00,22.8,73,384.0,2.46,0.0,73
2023-04-03 10:00:00,23.9,69,481.0,1.66,0.0,100
2023-04-03 11:00:00,24.4,67,458.0,1.61,0.0,18
2023-04-03 12:00:00,25.3,65,609.0,1.3,0.0,11
2023-04-03 13:00:00,25.6,65,587.0,1.93,0.0,5
2023-04-03 14:00:00,26.0,64,484.0,2.51,0.0,15
2023-04-03 15:00:00,25.4,66,324.0,2.77,0.0,50
2023-04-03 16:00:00,24.0,72,151.0,2.62,0.0,24
2023-04-03 17:00:00,22.8,78,42.0,2.94,0.0,20
2023-04-03 18:00:00,21.9,82,0.0,3.1,0.0,44
2023-04-03 19:00:00,19.9,93,0.0,2.9,5.9,99
2023-04-03 20:00:00,19.7,90,0.0,4.53,0.5,10
2023-04-03 21:00:00,19.0,93,0.0,3.4,0.0,29
2023-04-03 22:00:00,18.5,95,0.0,3.42,0.0,15
2023-04-03 23:00:00,18.2,94,0.0,3.4,0.0,35
2023-04-04 00:00:00,18.0,95,0.0,3.61,0.0,41
2023-04-04 01:00:00,17.9,96,0.0,3.2,0.0,100
2023-04-04 02:00:00,17.7,98,0.0,2.69,0.0,51
2023-04-04 03:00:00,17.6,98,0.0,2.71,0.0,53
2023-04-04 04:00:00,17.6,97,0.0,3.07,0.0,100
2023-04-04 05:00:00,19.0,95,1.0,3.51,0.0,70
2023-04-04 06:00:00,19.7,89,38.0,4.59,0.0,100
2023-04-04 07:00:00,20.5,86,132.0,4.54,0.0,100
2023-04-04 08:00:00,21.4,82,252.0,4.88,0.0,100
2023-04-04 09:00:00,22.4,77,353.0,5.03,0.0,100
2023-04-04 10:00:00,23.9,71,492.0,4.88,0.0,78
2023-04-04 11:00:00,24.9,67,552.0,4.11,0.0,57
2023-04-04 12:00:00,25.9,65,645.0,3.76,0.0,62
2023-04-04 13:00:00,25.9,63,597.0,3.3,0.0,45
2023-04-04 14:00:00,25.4,65,358.0,3.86,0.0,11
2023-04-04 15:00:00,25.2,66,303.0,3.98,0.0,9
2023-04-04 16:00:00,24.1,71,163.0,3.32,0.0,24
2023-04-04 17:00:00,22.9,72,42.0,3.11,0.0,44
2023-04-04 18:00:00,21.8,76,0.0,3.41,0.1,59
2023-04-04 19:00:00,20.9,77,0.0,3.71,0.0,42
2023-04-04 20:00:00,20.5,79,0.0,5.0,0.0,22
2023-04-04 21:00:00,19.8,85,0.0,4.49,0.0,29
2023-04-04 22:00:00,19.2,88,0.0,4.3,0.0,4
2023-04-04 23:00:00,18.7,91,0.0,3.52,0.0,12
2023-04-05 00:00:00,18.3,91,0.0,3.55,0.0,31
2023-04-05 01:00:00,18.1,91,0.0,3.54,0.0,40
2023-04-05 02:00:00,17.8,91,0.0,3.13,0.0,27
2023-04-05 03:00:00,17.4,94,0.0,2.79,0.0,11
2023-04-05 04:00:00,17.1,96,0.0,2.72,0.0,12
2023-04-05 05:00:00,17.9,96,2.0,2.14,0.0,16
2023-04-05 06:00:00,19.0,90,57.0,3.22,0.0,46
2023-04-05 07:00:00,20.1,84,173.0,3.68,0.0,40
2023-04-05 08:00:00,21.7,79,336.0,3.04,0.0,5
2023-04-05 09:00:00,23.2,74,515.0,2.85,0.0,1
2023-04-05 10:00:00,24.7,69,639.0,2.55,0.0,0
2023-04-05 11:00:00,26.3,65,705.0,1.94,0.0,0
2023-04-05 12:00:00,27.2,62,704.0,1.35,0.0,0
2023-04-05 13:00:00,27.7,61,636.0,0.85,0.0,7
2023-04-05 14:00:00,27.9,62,494.0,1.04,0.0,5
2023-04-05 15:00:00,27.6,64,338.0,1.0,0.0,16
2023-04-05 16:00:00,26.9,72,169.0,0.94,0.0,8
2023-04-05 17:00:00,24.7,83,48.0,1.57,0.0,4
2023-04-05 18:00:00,23.5,86,0.0,1.12,0.0,0
2023-04-05 19:00:00,22.4,92,0.0,1.26,0.0,0
2023-04-05 20:00:00,21.2,94,0.0,2.32,0.0,0
2023-04-05 21:00:00,21.6,93,0.0,1.49,0.0,10
2023-04-05 22:00:00,21.0,91,0.0,1.43,0.0,28
2023-04-05 23:00:00,20.4,96,0.0,3.68,0.0,80
2023-04-06 00:00:00,20.0,91,0.0,3.83,0.0,3
2023-04-06 01:00:00,19.3,94,0.0,3.37,0.0,2
2023-04-06 02:00:00,18.9,97,0.0,3.13,0.0,34
2023-04-06 03:00:00,18.6,98,0.0,2.2,0.0,51
2023-04-06 04:00:00,18.4,98,0.0,2.62,0.0,100
2023-04-06 05:00:00,18.6,98,2.0,2.28,0.0,100
2023-04-06 06:00:00,19.3,95,56.0,2.77,0.0,100
2023-04-06 07:00:00,20.4,89,157.0,3.1,0.0,100
2023-04-06 08:00:00,22.2,82,306.0,2.5,0.0,35
2023-04-06 09:00:00,24.0,77,510.0,1.92,0.0,1
2023-04-06 10:00:00,25.9,71,653.0,2.25,0.0,3
2023-04-06 11:00:00,27.5,65,720.0,1.92,0.0,0
2023-04-06 12:00:00,28.5,62,720.0,1.58,0.0,0
2023-04-06 13:00:00,29.0,60,656.0,2.15,0.0,2
2023-04-06 14:00:00,29.2,60,521.0,1.7,0.0,6
2023-04-06 15:00:00,28.7,63,333.0,1.84,0.0,10
2023-04-06 16:00:00,27.5,70,176.0,1.84,0.0,6
2023-04-06 17:00:00,24.9,82,49.0,2.32,0.0,11
2023-04-06 18:00:00,23.8,84,1.0,1.43,0.0,80
2023-04-06 19:00:00,22.3,88,0.0,1.63,1.5,69
2023-04-06 20:00:00,21.6,91,0.0,1.56,0.1,48
2023-04-06 21:00:00,21.3,92,0.0,2.43,0.0,27
2023-04-06 22:00:00,21.1,91,0.0,3.41,0.0,0
2023-04-06 23:00:00,20.5,92,0.0,2.18,0.0,0
2023-04-07 00:00:00,19.8,97,0.0,1.84,0.0,0
2023-04-07 01:00:00,19.6,98,0.0,2.11,0.0,0
2023-04-07 02:00:00,19.5,97,0.0,2.32,0.0,16
2023-04-07 03:00:00,19.3,97,0.0,2.2,0.0,2
2023-04-07 04:00:00,19.1,98,0.0,2.42,0.0,2
2023-04-07 05:00:00,20.0,95,2.0,2.01,0.0,35
2023-04-07 06:00:00,21.0,92,65.0,2.02,0.0,32
2023-04-07 07:00:00,22.2,88,200.0,2.14,0.0,19
2023-04-07 08:00:00,23.7,83,367.0,2.71,0.0,19
2023-04-07 09:00:00,25.4,77,523.0,3.06,0.0,44
2023-04-07 10:00:00,27.2,68,657.0,3.54,0.0,52
2023-04-07 11:00:00,28.6,63,724.0,3.58,0.0,43
2023-04-07 12:00:00,29.4,59,717.0,2.97,0.0,0
2023-04-07 13:00:00,29.9,57,656.0,2.77,0.0,0
2023-04-07 14:00:00,29.8,57,531.0,2.97,0.0,0
2023-04-07 15:00:00,29.3,57,363.0,2.55,0.0,1
2023-04-07 16:00:00,27.9,64,185.0,2.19,0.0,1
2023-04-07 17:00:00,25.6,71,51.0,1.84,0.0,2
2023-04-07 18:00:00,24.5,74,1.0,2.12,0.0,7
2023-04-07 19:00:00,23.9,77,0.0,1.84,0.0,71
2023-04-07 20:00:00,23.8,78,0.0,1.7,0.0,24
2023-04-07 21:00:00,23.3,80,0.0,1.89,0.0,7
2023-04-07 22:00:00,22.0,87,0.0,1.68,0.0,7
2023-04-07 23:00:00,21.3,90,0.0,1.53,0.0,7
2023-04-08 00:00:00,20.9,92,0.0,2.15,0.0,50
2023-04-08 01:00:00,20.0,96,0.0,1.5,0.0,100
2023-04-08 02:00:00,19.9,97,0.0,2.6,0.0,99
2023-04-08 03:00:00,19.7,95,0.0,2.33,0.0,84
2023-04-08 04:00:00,19.6,95,0.0,2.2,0.0,97
2023-04-08 05:00:00,20.3,95,3.0,2.52,0.0,72
2023-04-08 06:00:00,21.3,90,67.0,2.4,0.0,0
2023-04-08 07:00:00,23.0,83,209.0,1.73,0.0,0
2023-04-08 08:00:00,24.9,74,380.0,2.25,0.0,0
2023-04-08 09:00:00,26.7,68,541.0,2.91,0.0,3
2023-04-08 10:00:00,28.5,60,661.0,3.4,0.0,39
2023-04-08 11:00:00,30.0,54,712.0,3.26,0.0,99
2023-04-08 12:00:00,30.9,49,665.0,2.86,0.0,84
2023-04-08 13:00:00,31.3,45,621.0,1.78,0.0,20
2023-04-08 14:00:00,31.2,43,524.0,1.68,0.0,11
2023-04-08 15:00:00,30.4,50,375.0,2.24,0.0,2
2023-04-08 16:00:00,28.7,71,196.0,1.06,0.0,1
2023-04-08 17:00:00,25.9,76,54.0,2.11,0.0,1
2023-04-08 18:00:00,25.4,75,1.0,1.56,0.0,56
2023-04-08 19:00:00,23.9,80,0.0,1.63,0.0,68
2023-04-08 20:00:00,23.5,80,0.0,0.82,0.0,95
2023-04-08 21:00:00,22.8,83,0.0,1.41,0.0,98
2023-04-08 22:00:00,22.4,86,0.0,1.92,0.0,78
2023-04-08 23:00:00,24.2,77,0.0,1.66,0.0,98
2023-04-09 00:00:00,23.0,84,0.0,1.53,0.0,95
2023-04-09 01:00:00,22.2,86,0.0,2.01,0.0,38
2023-04-09 02:00:00,22.8,80,0.0,1.13,0.0,8
2023-04-09 03:00:00,20.4,92,0.0,1.02,0.0,8
2023-04-09 04:00:00,20.5,93,0.0,1.7,0.0,73
2023-04-09 05:00:00,21.5,90,3.0,2.1,0.0,9
2023-04-09 06:00:00,23.1,82,69.0,2.2,0.0,78
2023-04-09 07:00:00,25.3,70,210.0,1.81,0.0,93
2023-04-09 08:00:00,27.4,63,376.0,1.71,0.0,0
2023-04-09 09:00:00,29.2,58,545.0,2.2,0.0,0
2023-04-09 10:00:00,30.5,53,670.0,2.13,0.0,0
2023-04-09 11:00:00,31.5,47,731.0,1.24,0.0,10
2023-04-09 12:00:00,32.3,38,709.0,2.24,0.0,3
2023-04-09 13:00:00,32.6,35,655.0,3.52,0.0,5
2023-04-09 14:00:00,32.3,39,518.0,3.19,0.0,2
2023-04-09 15:00:00,31.6,45,366.0,2.3,0.0,2
2023-04-09 16:00:00,29.9,62,193.0,1.1,0.0,24
2023-04-09 17:00:00,27.3,73,54.0,2.12,0.0,35
2023-04-09 18:00:00,25.9,76,1.0,1.52,0.0,4
2023-04-09 19:00:00,25.2,80,0.0,1.28,0.0,1
2023-04-09 20:00:00,24.4,82,0.0,1.43,0.0,0
2023-04-09 21:00:00,23.4,87,0.0,1.63,0.0,0
2023-04-09 22:00:00,23.0,89,0.0,1.49,0.0,0
2023-04-09 23:00:00,22.1,93,0.0,1.17,0.0,0
2023-04-10 00:00:00,21.7,94,0.0,0.85,0.0,0
2023-04-10 01:00:00,22.3,91,0.0,0.42,0.0,0
2023-04-10 02:00:00,21.6,97,0.0,1.43,0.0,0
2023-04-10 03:00:00,21.4,99,0.0,0.64,0.0,0
2023-04-10 04:00:00,19.9,98,0.0,0.22,0.0,0
2023-04-10 05:00:00,20.4,93,4.0,0.72,0.0,0
2023-04-10 06:00:00,22.7,86,75.0,0.22,0.0,0
2023-04-10 07:00:00,25.6,67,226.0,0.36,0.0,0
2023-04-10 08:00:00,27.5,61,406.0,0.32,0.0,0
2023-04-10 09:00:00,29.3,56,571.0,0.92,0.0,0
2023-04-10 10:00:00,30.8,49,693.0,2.06,0.0,0
2023-04-10 11:00:00,31.8,43,757.0,2.55,0.0,0
2023-04-10 12:00:00,32.4,42,755.0,3.03,0.0,0
2023-04-10 13:00:00,32.4,42,686.0,3.32,0.0,2
2023-04-10 14:00:00,32.7,42,550.0,3.62,0.0,0
2023-04-10 15:00:00,32.1,46,385.0,4.65,0.0,0
2023-04-10 16:00:00,31.1,38,205.0,5.13,0.0,0
2023-04-10 17:00:00,29.2,40,60.0,4.13,0.0,0
2023-04-10 18:00:00,27.8,43,1.0,3.61,0.0,2
2023-04-10 19:00:00,27.5,38,0.0,3.83,0.0,27
2023-04-10 20:00:00,26.0,44,0.0,2.92,0.0,35
2023-04-10 21:00:00,26.5,43,0.0,3.54,0.0,98
2023-04-10 22:00:00,25.3,49,0.0,3.14,0.0,71
2023-04-10 23:00:00,23.0,57,0.0,1.6,0.0,0
2023-04-11 00:00:00,24.4,57,0.0,1.28,0.0,0
2023-04-11 01:00:00,21.5,71,0.0,2.36,0.0,0
2023-04-11 02:00:00,20.9,77,0.0,2.71,0.0,0
2023-04-11 03:00:00,20.0,89,0.0,2.4,0.0,1
2023-04-11 04:00:00,19.9,94,0.0,2.7,0.0,0
2023-04-11 05:00:00,20.4,95,4.0,2.82,0.0,0
2023-04-11 06:00:00,21.9,86,78.0,2.45,0.0,0
2023-04-11 07:00:00,23.8,76,232.0,2.61,0.0,0
2023-04-11 08:00:00,26.0,69,415.0,2.32,0.0,0
2023-04-11 09:00:00,28.1,60,582.0,2.28,0.0,0
2023-04-11 10:00:00,30.0,51,705.0,1.91,0.0,0
2023-04-11 11:00:00,31.3,45,770.0,1.68,0.0,0
2023-04-11 12:00:00,32.1,42,768.0,1.8,0.0,0
2023-04-11 13:00:00,32.5,43,697.0,2.41,0.0,0
2023-04-11 14:00:00,32.4,43,565.0,2.3,0.0,2
2023-04-11 15:00:00,31.9,45,387.0,1.6,0.0,3
2023-04-11 16:00:00,30.3,57,201.0,1.2,0.0,1
2023-04-11 17:00:00,28.1,64,58.0,1.7,0.0,0
2023-04-11 18:00:00,28.3,59,1.0,1.28,0.0,8
2023-04-11 19:00:00,28.2,59,0.0,0.91,0.0,3
2023-04-11 20:00:00,24.1,77,0.0,1.17,0.0,0
2023-04-11 21:00:00,23.8,82,0.0,1.51,0.0,0
2023-04-11 22:00:00,22.5,88,0.0,1.21,0.0,0
2023-04-11 23:00:00,22.0,87,0.0,1.39,0.0,0
2023-04-12 00:00:00,20.5,93,0.0,1.53,0.0,0
2023-04-12 01:00:00,21.0,90,0.0,2.01,0.0,0
2023-04-12 02:00:00,20.9,88,0.0,2.42,0.0,0
2023-04-12 03:00:00,20.6,93,0.0,2.61,0.0,0
2023-04-12 04:00:00,20.5,95,0.0,2.81,0.0,0
2023-04-12 05:00:00,20.7,98,5.0,2.62,0.0,0
2023-04-12 06:00:00,22.3,88,82.0,1.92,0.0,0
2023-04-12 07:00:00,24.9,68,239.0,1.22,0.0,0
2023-04-12 08:00:00,27.2,62,424.0,1.21,0.0,0
2023-04-12 09:00:00,29.1,59,591.0,1.58,0.0,0
2023-04-12 10:00:00,30.9,53,714.0,1.84,0.0,0
2023-04-12 11:00:00,32.6,40,780.0,1.41,0.0,0
2023-04-12 12:00:00,34.0,26,778.0,2.38,0.0,0
2023-04-12 13:00:00,34.2,23,710.0,4.16,0.0,1
2023-04-12 14:00:00,33.9,26,580.0,4.34,0.0,1
2023-04-12 15:00:00,33.0,33,405.0,2.95,0.0,1
2023-04-12 16:00:00,30.7,54,212.0,1.3,0.0,1
2023-04-12 17:00:00,27.9,59,62.0,2.0,0.0,0
2023-04-12 18:00:00,25.8,68,1.0,2.11,0.0,25
2023-04-12 19:00:00,26.1,67,0.0,1.2,0.0,1
2023-04-12 20:00:00,24.3,75,0.0,1.12,0.0,0
2023-04-12 21:00:00,23.9,76,0.0,1.96,0.0,0
2023-04-12 22:00:00,23.1,77,0.0,1.52,0.0,0
2023-04-12 23:00:00,22.0,85,0.0,1.0,0.0,0
2023-04-13 00:00:00,21.8,84,0.0,2.19,0.0,0
2023-04-13 01:00:00,21.5,78,0.0,1.66,0.0,0
2023-04-13 02:00:00,20.7,81,0.0,2.06,0.0,0
2023-04-13 03:00:00,21.1,79,0.0,1.84,0.0,0
2023-04-13 04:00:00,21.1,79,0.0,2.52,0.0,0
2023-04-13 05:00:00,21.6,81,5.0,2.62,0.0,0
2023-04-13 06:00:00,23.3,75,85.0,2.1,0.0,0
2023-04-13 07:00:00,25.7,64,244.0,2.1,0.0,0
2023-04-13 08:00:00,28.0,56,427.0,2.5,0.0,0
2023-04-13 09:00:00,30.1,50,592.0,2.93,0.0,0
2023-04-13 10:00:00,31.8,46,715.0,3.09,0.0,0
2023-04-13 11:00:00,33.0,43,779.0,2.98,0.0,0
2023-04-13 12:00:00,33.8,40,776.0,2.8,0.0,0
2023-04-13 13:00:00,34.1,38,706.0,3.08,0.0,0
2023-04-13 14:00:00,34.2,36,572.0,2.98,0.0,0
2023-04-13 15:00:00,33.5,39,397.0,2.62,0.0,2
2023-04-13 16:00:00,32.0,49,209.0,1.56,0.0,2
2023-04-13 17:00:00,29.3,61,62.0,2.25,0.0,0
2023-04-13 18:00:00,30.1,54,1.0,1.21,0.0,2
2023-04-13 19:00:00,29.1,58,0.0,0.45,0.0,3
2023-04-13 20:00:00,28.2,59,0.0,0.86,0.0,7
2023-04-13 21:00:00,24.9,73,0.0,1.48,0.0,4
2023-04-13 22:00:00,24.2,76,0.0,1.5,0.0,5
2023-04-13 23:00:00,23.2,81,0.0,1.43,0.0,3
2023-04-14 00:00:00,23.2,81,0.0,2.1,0.0,1
2023-04-14 01:00:00,23.2,78,0.0,1.84,0.0,0
2023-04-14 02:00:00,22.8,80,0.0,1.92,0.0,16
2023-04-14 03:00:00,22.4,80,0.0,1.8,0.0,100
2023-04-14 04:00:00,22.2,79,0.0,1.75,0.0,79
2023-04-14 05:00:00,22.7,85,6.0,1.3,0.0,27
2023-04-14 06:00:00,24.6,78,85.0,1.58,0.0,100
2023-04-14 07:00:00,26.7,68,243.0,1.34,0.0,61
2023-04-14 08:00:00,29.1,58,426.0,1.58,0.0,91
2023-04-14 09:00:00,31.4,50,586.0,2.25,0.0,2
2023-04-14 10:00:00,33.1,46,714.0,2.84,0.0,9
2023-04-14 11:00:00,34.5,40,778.0,2.55,0.0,17
2023-04-14 12:00:00,35.4,33,772.0,1.61,0.0,2
2023-04-14 13:00:00,35.6,28,688.0,2.87,0.0,5
2023-04-14 14:00:00,35.3,31,554.0,3.09,0.0,7
2023-04-14 15:00:00,35.0,35,387.0,1.7,0.0,9
2023-04-14 16:00:00,33.2,43,203.0,2.51,0.0,12
2023-04-14 17:00:00,29.7,62,59.0,2.34,0.0,13
2023-04-14 18:00:00,28.0,70,1.0,2.1,0.0,6
2023-04-14 19:00:00,29.6,60,0.0,0.54,0.0,18
2023-04-14 20:00:00,26.8,73,0.0,1.3,0.0,55
2023-04-14 21:00:00,25.6,79,0.0,2.18,0.0,76
2023-04-14 22:00:00,25.9,75,0.0,1.17,0.0,97
2023-04-14 23:00:00,24.4,83,0.0,0.72,0.0,98
2023-04-15 00:00:00,24.1,85,0.0,0.5,0.0,100
2023-04-15 01:00:00,23.4,87,0.0,1.04,0.0,100
2023-04-15 02:00:00,23.1,88,0.0,0.94,0.0,100
2023-04-15 03:00:00,22.8,89,0.0,0.63,0.0,100
2023-04-15 04:00:00,23.8,85,0.0,0.61,0.0,100
2023-04-15 05:00:00,23.2,87,6.0,2.42,0.0,100
2023-04-15 06:00:00,25.5,73,90.0,2.82,0.0,98
2023-04-15 07:00:00,28.0,63,252.0,2.7,0.0,100
2023-04-15 08:00:00,30.4,57,435.0,2.26,0.0,100
2023-04-15 09:00:00,32.3,52,577.0,2.15,0.0,100
2023-04-15 10:00:00,34.0,46,702.0,1.86,0.0,85
2023-04-15 11:00:00,35.4,40,778.0,1.71,0.0,99
2023-04-15 12:00:00,36.2,34,756.0,1.84,0.0,100
2023-04-15 13:00:00,36.5,32,692.0,2.33,0.0,100
2023-04-15 14:00:00,36.3,34,567.0,2.25,0.0,99
2023-04-15 15:00:00,35.6,36,376.0,1.97,0.0,100
2023-04-15 16:00:00,34.0,54,205.0,0.86,0.0,100
2023-04-15 17:00:00,31.3,63,62.0,1.93,0.0,100
2023-04-15 18:00:00,32.2,53,1.0,0.98,0.0,100
2023-04-15 19:00:00,29.7,64,0.0,0.76,0.0,100
2023-04-15 20:00:00,28.3,70,0.0,1.77,0.0,100
2023-04-15 21:00:00,27.5,77,0.0,2.19,0.0,100
2023-04-15 22:00:00,26.9,78,0.0,1.89,0.0,94
2023-04-15 23:00:00,26.6,76,0.0,1.89,0.0,100
2023-04-16 00:00:00,27.0,73,0.0,2.15,0.0,100
2023-04-16 01:00:00,25.2,84,0.0,1.91,0.0,100
2023-04-16 02:00:00,26.9,77,0.0,1.43,0.0,100
2023-04-16 03:00:00,24.2,88,0.0,1.7,0.0,100
2023-04-16 04:00:00,24.2,84,0.0,1.33,0.0,100
2023-04-16 05:00:00,24.6,91,7.0,0.54,0.0,98
2023-04-16 06:00:00,26.7,83,88.0,1.14,0.0,100
2023-04-16 07:00:00,29.2,67,243.0,0.9,0.0,100
2023-04-16 08:00:00,31.5,55,418.0,0.81,0.0,99
2023-04-16 09:00:00,33.1,50,587.0,0.76,0.0,100
2023-04-16 10:00:00,34.4,45,705.0,2.06,0.0,100
2023-04-16 11:00:00,35.2,42,722.0,2.92,0.0,89
2023-04-16 12:00:00,35.7,39,756.0,3.61,0.0,63
2023-04-16 13:00:00,35.9,39,667.0,3.86,0.0,38
2023-04-16 14:00:00,35.6,38,514.0,3.64,0.0,20
2023-04-16 15:00:00,34.5,44,341.0,3.91,0.0,58
2023-04-16 16:00:00,33.0,54,193.0,2.34,0.0,27
2023-04-16 17:00:00,31.8,54,58.0,2.16,0.0,10
2023-04-16 18:00:00,30.8,64,2.0,3.34,0.0,40
2023-04-16 19:00:00,30.3,67,0.0,2.93,0.0,24
2023-04-16 20:00:00,28.8,74,0.0,1.84,0.0,1
2023-04-16 21:00:00,27.9,81,0.0,1.77,0.0,13
2023-04-16 22:00:00,26.6,86,0.0,2.11,0.0,4
2023-04-16 23:00:00,26.0,85,0.0,1.6,0.0,9
2023-04-17 00:00:00,25.1,83,0.0,1.61,0.0,0
2023-04-17 01:00:00,25.5,69,0.0,2.0,0.0,0
2023-04-17 02:00:00,25.3,69,0.0,2.2,0.0,0
2023-04-17 03:00:00,23.7,86,0.0,2.06,0.0,0
2023-04-17 04:00:00,26.2,74,0.0,1.35,0.0,0
2023-04-17 05:00:00,25.2,86,7.0,1.53,0.0,0
2023-04-17 06:00:00,26.2,81,97.0,2.06,0.0,0
2023-04-17 07:00:00,27.9,74,262.0,2.84,0.0,0
2023-04-17 08:00:00,29.7,67,449.0,3.22,0.0,0
2023-04-17 09:00:00,31.2,60,619.0,3.35,0.0,0
2023-04-17 10:00:00,32.9,52,741.0,2.78,0.0,0
2023-04-17 11:00:00,34.2,47,802.0,1.78,0.0,2
2023-04-17 12:00:00,35.0,44,796.0,1.28,0.0,2
2023-04-17 13:00:00,35.7,41,718.0,0.91,0.0,2
2023-04-17 14:00:00,36.0,41,588.0,2.19,0.0,2
2023-04-17 15:00:00,35.5,42,405.0,1.91,0.0,9
2023-04-17 16:00:00,34.2,46,214.0,1.71,0.0,97
2023-04-17 17:00:00,30.8,58,50.0,2.48,0.1,50
2023-04-17 18:00:00,28.6,71,2.0,1.3,0.0,0
2023-04-17 19:00:00,28.1,70,0.0,4.38,0.0,1
2023-04-17 20:00:00,27.4,69,0.0,4.22,0.0,0
2023-04-17 21:00:00,26.9,72,0.0,2.92,0.0,0
2023-04-17 22:00:00,26.3,70,0.0,3.62,0.0,0
2023-04-17 23:00:00,25.5,72,0.0,3.52,0.0,0
2023-04-18 00:00:00,24.7,79,0.0,3.28,0.0,0
2023-04-18 01:00:00,24.2,83,0.0,2.69,0.0,0
2023-04-18 02:00:00,23.8,85,0.0,2.42,0.0,0
2023-04-18 03:00:00,23.6,86,0.0,2.22,0.0,0
2023-04-18 04:00:00,23.3,87,0.0,2.5,0.0,0
2023-04-18 05:00:00,24.7,82,8.0,1.53,0.0,0
2023-04-18 06:00:00,25.8,76,96.0,2.3,0.0,4
2023-04-18 07:00:00,27.3,71,251.0,2.37,0.0,13
2023-04-18 08:00:00,29.4,64,423.0,1.53,0.0,1
2023-04-18 09:00:00,31.6,57,612.0,1.57,0.0,4
2023-04-18 10:00:00,33.4,50,727.0,1.71,0.0,0
2023-04-18 11:00:00,34.6,46,796.0,1.63,0.0,0
2023-04-18 12:00:00,35.4,44,791.0,2.13,0.0,4
2023-04-18 13:00:00,35.8,43,708.0,3.04,0.0,9
2023-04-18 14:00:00,35.3,43,539.0,3.49,0.0,34
2023-04-18 15:00:00,34.7,47,342.0,3.49,0.0,54
2023-04-18 16:00:00,33.2,55,165.0,2.06,0.4,33
2023-04-18 17:00:00,31.4,65,60.0,2.13,0.0,16
2023-04-18 18:00:00,30.6,64,2.0,1.57,0.0,42
2023-04-18 19:00:00,29.7,66,0.0,2.26,0.0,89
2023-04-18 20:00:00,28.8,72,0.0,1.81,0.0,12
2023-04-18 21:00:00,28.3,76,0.0,2.06,0.0,21
2023-04-18 22:00:00,27.8,77,0.0,3.21,0.0,12
2023-04-18 23:00:00,25.1,81,0.0,4.89,0.0,25
2023-04-19 00:00:00,23.9,84,0.0,2.93,0.0,4
2023-04-19 01:00:00,24.1,87,0.0,0.78,0.0,38
2023-04-19 02:00:00,24.3,87,0.0,1.77,0.0,50
2023-04-19 03:00:00,23.9,89,0.0,0.81,0.0,71
2023-04-19 04:00:00,22.4,95,0.0,4.46,2.9,100
2023-04-19 05:00:00,25.6,89,4.0,2.2,0.0,15
2023-04-19 06:00:00,26.7,80,101.0,1.52,0.0,5
2023-04-19 07:00:00,28.9,65,268.0,1.73,0.0,3
2023-04-19 08:00:00,30.8,55,450.0,2.01,0.0,0
2023-04-19 09:00:00,32.1,53,624.0,2.56,0.0,0
2023-04-19 10:00:00,33.6,47,746.0,2.09,0.0,0
2023-04-19 11:00:00,34.2,46,806.0,2.35,0.0,0
2023-04-19 12:00:00,34.7,45,796.0,1.04,0.0,3
2023-04-19 13:00:00,35.7,42,727.0,1.26,0.0,3
2023-04-19 14:00:00,35.6,42,586.0,2.47,0.0,6
2023-04-19 15:00:00,34.6,48,416.0,3.67,0.0,54
2023-04-19 16:00:00,32.9,52,201.0,2.16,0.0,95
2023-04-19 17:00:00,26.7,87,57.0,1.51,0.0,3
2023-04-19 18:00:00,26.1,85,1.0,5.14,0.4,72
2023-04-19 19:00:00,23.9,88,0.0,3.08,0.0,15
2023-04-19 20:00:00,24.1,89,0.0,1.24,0.0,46
2023-04-19 21:00:00,24.2,88,0.0,3.93,0.0,1
2023-04-19 22:00:00,23.7,91,0.0,3.2,0.0,0
2023-04-19 23:00:00,23.5,89,0.0,3.61,0.0,0
2023-04-20 00:00:00,23.2,91,0.0,3.6,0.0,13
2023-04-20 01:00:00,22.0,91,0.0,3.08,6.1,100
2023-04-20 02:00:00,22.6,88,0.0,2.52,1.5,100
2023-04-20 03:00:00,22.3,93,0.0,1.92,0.0,98
2023-04-20 04:00:00,22.1,92,0.0,1.66,0.0,96
2023-04-20 05:00:00,22.7,91,6.0,3.1,0.0,96
2023-04-20 06:00:00,23.8,85,82.0,4.02,0.0,100
2023-04-20 07:00:00,24.2,83,137.0,3.81,0.0,28
2023-04-20 08:00:00,26.5,72,413.0,3.81,0.0,6
2023-04-20 09:00:00,28.7,64,625.0,2.92,0.0,1
2023-04-20 10:00:00,30.3,58,749.0,3.06,0.0,3
2023-04-20 11:00:00,31.7,53,804.0,3.26,0.0,1
2023-04-20 12:00:00,32.5,52,804.0,3.42,0.0,25
2023-04-20 13:00:00,32.6,51,716.0,2.97,0.0,54
2023-04-20 14:00:00,31.8,53,464.0,3.04,0.0,37
2023-04-20 15:00:00,31.0,55,369.0,3.83,0.0,68
2023-04-20 16:00:00,29.2,62,190.0,3.22,0.0,66
2023-04-20 17:00:00,25.8,73,61.0,3.42,0.0,22
2023-04-20 18:00:00,25.3,72,2.0,1.75,0.0,71
2023-04-20 19:00:00,24.7,77,0.0,0.76,0.0,85
2023-04-20 20:00:00,24.5,81,0.0,2.82,0.0,21
2023-04-20 21:00:00,23.8,83,0.0,1.42,0.0,23
2023-04-20 22:00:00,23.5,88,0.0,2.95,0.0,7
2023-04-20 23:00:00,23.2,82,0.0,3.67,0.0,0
2023-04-21 00:00:00,22.7,81,0.0,3.9,0.0,1
2023-04-21 01:00:00,22.3,82,0.0,4.72,0.0,17
2023-04-21 02:00:00,21.7,86,0.0,3.36,0.0,98
2023-04-21 03:00:00,21.8,84,0.0,2.73,0.0,100
2023-04-21 04:00:00,21.6,86,0.0,2.36,0.0,100
2023-04-21 05:00:00,22.5,91,4.0,2.48,0.1,98
2023-04-21 06:00:00,23.0,86,56.0,1.91,0.0,100
2023-04-21 07:00:00,24.0,80,89.0,2.68,0.2,99
2023-04-21 08:00:00,24.8,79,217.0,3.47,0.0,100
2023-04-21 09:00:00,26.4,71,341.0,4.44,0.0,94
2023-04-21 10:00:00,28.0,65,549.0,4.37,0.0,90
2023-04-21 11:00:00,29.7,59,723.0,4.03,0.0,65
2023-04-21 12:00:00,30.7,56,784.0,3.44,0.0,46
2023-04-21 13:00:00,31.1,54,689.0,2.62,0.0,42
2023-04-21 14:00:00,31.6,53,561.0,2.2,0.0,84
2023-04-21 15:00:00,31.0,55,331.0,1.75,0.0,96
2023-04-21 16:00:00,27.9,69,163.0,2.41,0.7,100
2023-04-21 17:00:00,28.3,64,28.0,2.33,0.2,92
2023-04-21 18:00:00,26.7,72,2.0,3.13,0.0,100
2023-04-21 19:00:00,25.2,77,0.0,2.51,0.0,13
2023-04-21 20:00:00,23.7,80,0.0,0.91,0.0,70
2023-04-21 21:00:00,23.6,83,0.0,0.71,0.0,99
2023-04-21 22:00:00,23.7,83,0.0,1.04,0.0,70
2023-04-21 23:00:00,22.9,86,0.0,2.64,0.0,93
2023-04-22 00:00:00,22.4,87,0.0,2.39,0.0,100
2023-04-22 01:00:00,22.0,88,0.0,1.7,0.0,100
2023-04-22 02:00:00,21.7,91,0.0,2.47,0.0,100
2023-04-22 03:00:00,21.6,91,0.0,1.84,0.0,86
2023-04-22 04:00:00,21.4,91,0.0,1.94,0.0,46
2023-04-22 05:00:00,22.6,88,10.0,2.48,0.0,82
2023-04-22 06:00:00,23.5,83,106.0,3.14,0.0,100
2023-04-22 07:00:00,23.4,81,226.0,3.24,0.0,60
2023-04-22 08:00:00,25.7,70,449.0,1.71,0.0,65
2023-04-22 09:00:00,26.2,67,420.0,0.73,0.0,38
2023-04-22 10:00:00,28.5,60,715.0,0.54,0.0,6
2023-04-22 11:00:00,30.2,54,787.0,0.58,0.0,41
2023-04-22 12:00:00,31.3,50,726.0,1.21,0.0,48
2023-04-22 13:00:00,30.0,54,632.0,2.5,1.5,63
2023-04-22 14:00:00,29.6,58,426.0,2.5,0.0,82
2023-04-22 15:00:00,29.2,59,265.0,0.72,0.0,79
2023-04-22 16:00:00,28.9,61,187.0,2.15,0.0,93
2023-04-22 17:00:00,25.3,78,60.0,0.8,0.0,32
2023-04-22 18:00:00,25.0,76,2.0,0.81,0.0,32
2023-04-22 19:00:00,23.3,87,0.0,0.94,0.0,75
2023-04-22 20:00:00,24.1,85,0.0,0.71,0.0,23
2023-04-22 21:00:00,22.5,93,0.0,1.56,0.0,30
2023-04-22 22:00:00,22.0,91,0.0,1.66,0.0,16
2023-04-22 23:00:00,21.4,96,0.0,1.43,0.0,98
2023-04-23 00:00:00,20.6,100,0.0,1.14,0.0,100
2023-04-23 01:00:00,21.2,95,0.0,1.77,0.0,63
2023-04-23 02:00:00,21.1,93,0.0,2.02,0.0,99
2023-04-23 03:00:00,21.2,95,0.0,3.54,0.0,97
2023-04-23 04:00:00,21.0,97,0.0,3.77,0.0,100
2023-04-23 05:00:00,21.1,90,10.0,1.98,0.0,98
2023-04-23 06:00:00,21.7,92,15.0,2.19,0.7,100
2023-04-23 07:00:00,22.0,93,40.0,1.6,0.9,100
2023-04-23 08:00:00,23.4,85,243.0,1.97,0.0,100
2023-04-23 09:00:00,23.2,86,121.0,2.13,0.7,100
2023-04-23 10:00:00,23.2,87,163.0,2.2,1.4,100
2023-04-23 11:00:00,25.9,74,616.0,2.3,0.0,100
2023-04-23 12:00:00,25.4,76,251.0,2.15,0.0,100
2023-04-23 13:00:00,26.3,72,348.0,2.73,0.0,100
2023-04-23 14:00:00,26.0,72,210.0,3.34,0.0,100
2023-04-23 15:00:00,26.2,71,213.0,3.44,0.0,100
2023-04-23 16:00:00,26.1,71,146.0,3.64,0.0,50
2023-04-23 17:00:00,23.1,93,71.0,3.32,0.0,100
2023-04-23 18:00:00,22.7,95,1.0,2.95,0.0,100
2023-04-23 19:00:00,22.6,94,0.0,2.78,0.0,96
2023-04-23 20:00:00,22.0,96,0.0,2.62,0.0,100
2023-04-23 21:00:00,21.9,96,0.0,2.2,0.0,96
2023-04-23 22:00:00,21.9,96,0.0,2.14,0.0,45
2023-04-23 23:00:00,21.5,97,0.0,2.4,0.0,72
2023-04-24 00:00:00,21.4,97,0.0,2.21,0.0,68
2023-04-24 01:00:00,21.2,98,0.0,2.63,0.0,8
2023-04-24 02:00:00,21.0,99,0.0,2.53,0.0,24
2023-04-24 03:00:00,20.8,99,0.0,1.6,0.0,17
2023-04-24 04:00:00,20.5,99,0.0,1.55,0.0,25
2023-04-24 05:00:00,20.5,99,11.0,2.62,0.0,100
2023-04-24 06:00:00,21.2,94,84.0,3.18,0.0,100
2023-04-24 07:00:00,22.9,85,245.0,3.11,0.0,72
2023-04-24 08:00:00,25.0,74,387.0,2.73,0.0,49
2023-04-24 09:00:00,26.8,68,605.0,2.56,0.0,5
2023-04-24 10:00:00,28.9,58,749.0,2.95,0.0,2
2023-04-24 11:00:00,30.3,52,803.0,2.87,0.0,11
2023-04-24 12:00:00,31.2,48,804.0,2.26,0.0,38
2023-04-24 13:00:00,31.3,44,700.0,2.15,0.0,37
2023-04-24 14:00:00,31.4,43,539.0,1.92,0.0,31
2023-04-24 15:00:00,30.7,45,403.0,2.4,0.2,74
2023-04-24 16:00:00,29.7,52,218.0,2.28,0.0,95
2023-04-24 17:00:00,27.0,69,73.0,1.94,0.0,95
2023-04-24 18:00:00,25.9,69,3.0,1.7,0.0,94
2023-04-24 19:00:00,24.4,79,0.0,1.72,0.0,89
2023-04-24 20:00:00,23.4,86,0.0,1.56,0.0,74
2023-04-24 21:00:00,22.6,91,0.0,1.52,0.0,1
2023-04-24 22:00:00,22.2,93,0.0,1.3,0.0,0
2023-04-24 23:00:00,22.1,92,0.0,1.51,0.0,0
2023-04-25 00:00:00,22.0,92,0.0,1.87,0.0,0
2023-04-25 01:00:00,21.8,93,0.0,2.12,0.0,0
2023-04-25 02:00:00,21.7,94,0.0,2.1,0.0,0
2023-04-25 03:00:00,21.4,95,0.0,1.71,0.0,0
2023-04-25 04:00:00,21.0,96,0.0,1.4,0.0,0
2023-04-25 05:00:00,21.9,94,12.0,1.88,0.0,0
2023-04-25 06:00:00,23.1,88,99.0,1.86,0.0,74
2023-04-25 07:00:00,25.1,79,284.0,1.84,0.0,90
2023-04-25 08:00:00,27.4,68,472.0,2.15,0.0,55
2023-04-25 09:00:00,29.5,59,639.0,2.25,0.0,32
2023-04-25 10:00:00,30.8,54,757.0,2.2,0.0,62
2023-04-25 11:00:00,31.9,47,806.0,1.41,0.0,5
2023-04-25 12:00:00,32.5,42,807.0,0.64,0.0,5
2023-04-25 13:00:00,33.2,39,712.0,2.14,0.0,60
2023-04-25 14:00:00,31.5,44,573.0,3.22,0.0,100
2023-04-25 15:00:00,29.8,57,310.0,1.89,0.0,94
2023-04-25 16:00:00,29.7,58,184.0,0.71,0.0,93
2023-04-25 17:00:00,26.6,72,58.0,0.92,0.0,100
2023-04-25 18:00:00,25.3,82,3.0,1.36,0.0,23
2023-04-25 19:00:00,25.1,79,0.0,4.67,0.0,37
2023-04-25 20:00:00,24.6,75,0.0,1.98,0.0,14
2023-04-25 21:00:00,23.9,80,0.0,1.53,0.0,60
2023-04-25 22:00:00,23.7,81,0.0,1.49,0.0,66
2023-04-25 23:00:00,23.9,81,0.0,1.22,0.0,2
2023-04-26 00:00:00,22.3,93,0.0,1.03,0.0,3
2023-04-26 01:00:00,22.1,96,0.0,1.02,0.0,0
2023-04-26 02:00:00,21.5,97,0.0,0.98,0.0,0
2023-04-26 03:00:00,21.1,99,0.0,0.92,0.0,0
2023-04-26 04:00:00,21.0,99,0.0,1.12,0.0,0
2023-04-26 05:00:00,21.8,100,13.0,0.42,0.0,0
2023-04-26 06:00:00,23.8,87,106.0,0.95,0.0,85
2023-04-26 07:00:00,25.8,75,290.0,0.85,0.0,86
2023-04-26 08:00:00,28.0,63,484.0,0.78,0.0,100
2023-04-26 09:00:00,29.7,56,637.0,0.45,0.0,100
2023-04-26 10:00:00,31.4,45,741.0,1.12,0.0,100
2023-04-26 11:00:00,32.5,37,775.0,3.21,0.0,100
2023-04-26 12:00:00,32.7,36,720.0,4.13,0.0,100
2023-04-26 13:00:00,32.7,37,668.0,4.13,0.0,61
2023-04-26 14:00:00,32.7,36,593.0,3.77,0.0,47
2023-04-26 15:00:00,32.4,37,442.0,3.57,0.0,13
2023-04-26 16:00:00,31.4,40,252.0,3.16,0.0,2
2023-04-26 17:00:00,27.4,67,81.0,2.79,0.0,1
2023-04-26 18:00:00,25.7,75,3.0,1.2,0.0,38
2023-04-26 19:00:00,25.0,81,0.0,1.63,0.0,6
2023-04-26 20:00:00,25.0,81,0.0,1.57,0.0,35
2023-04-26 21:00:00,24.8,80,0.0,1.39,1.2,58
2023-04-26 22:00:00,23.4,86,0.0,2.27,3.8,1
2023-04-26 23:00:00,23.1,89,0.0,1.14,0.0,42
2023-04-27 00:00:00,22.3,96,0.0,1.33,0.0,37
2023-04-27 01:00:00,21.9,97,0.0,1.92,0.0,21
2023-04-27 02:00:00,21.6,99,0.0,2.02,0.0,6
2023-04-27 03:00:00,21.5,99,0.0,2.9,0.0,1
2023-04-27 04:00:00,21.4,97,0.0,3.2,0.0,1
2023-04-27 05:00:00,22.4,88,14.0,2.47,0.0,1
2023-04-27 06:00:00,23.7,83,115.0,0.6,0.0,79
2023-04-27 07:00:00,25.1,76,209.0,1.34,0.1,7
2023-04-27 08:00:00,25.7,72,462.0,3.32,0.0,67
2023-04-27 09:00:00,27.9,61,468.0,2.11,0.0,3
2023-04-27 10:00:00,30.5,52,751.0,1.36,0.0,11
2023-04-27 11:00:00,32.0,48,833.0,0.86,0.0,17
2023-04-27 12:00:00,32.9,43,794.0,2.1,0.0,6
2023-04-27 13:00:00,33.4,39,740.0,3.52,0.0,15
2023-04-27 14:00:00,33.0,38,574.0,3.9,0.0,14
2023-04-27 15:00:00,32.8,36,415.0,3.01,0.0,40
2023-04-27 16:00:00,31.9,43,226.0,2.79,0.0,99
2023-04-27 17:00:00,29.6,55,75.0,1.91,0.0,100
2023-04-27 18:00:00,28.7,61,3.0,2.32,0.0,100
2023-04-27 19:00:00,27.3,71,0.0,1.1,0.0,100
2023-04-27 20:00:00,26.4,80,0.0,1.12,0.0,100
2023-04-27 21:00:00,24.5,84,0.0,0.71,4.8,100
2023-04-27 22:00:00,24.3,84,0.0,1.22,0.0,100
2023-04-27 23:00:00,23.8,90,0.0,1.65,0.0,100
2023-04-28 00:00:00,23.2,94,0.0,2.24,0.0,100
2023-04-28 01:00:00,22.4,96,0.0,3.31,0.0,42
2023-04-28 02:00:00,21.8,94,0.0,2.55,0.0,1
2023-04-28 03:00:00,21.4,95,0.0,1.22,0.0,3
2023-04-28 04:00:00,21.2,97,0.0,1.03,0.0,14
2023-04-28 05:00:00,21.6,88,14.0,1.65,0.0,13
2023-04-28 06:00:00,22.8,83,117.0,1.75,0.0,0
2023-04-28 07:00:00,24.4,79,298.0,1.21,0.0,8
2023-04-28 08:00:00,26.9,70,492.0,0.63,0.0,62
2023-04-28 09:00:00,29.0,60,658.0,0.64,0.0,46
2023-04-28 10:00:00,30.7,53,780.0,1.94,0.0,10
2023-04-28 11:00:00,31.8,48,836.0,2.52,0.0,36
2023-04-28 12:00:00,32.2,44,758.0,3.65,0.0,70
2023-04-28 13:00:00,32.5,42,730.0,4.7,0.0,99
2023-04-28 14:00:00,32.0,44,496.0,4.8,0.0,86
2023-04-28 15:00:00,31.7,46,403.0,4.44,0.0,89
2023-04-28 16:00:00,31.1,47,234.0,3.91,0.0,100
2023-04-28 17:00:00,28.1,71,70.0,1.21,0.0,100
2023-04-28 18:00:00,27.3,72,3.0,1.12,0.0,99
2023-04-28 19:00:00,26.9,75,0.0,0.41,0.0,97
2023-04-28 20:00:00,25.2,87,0.0,0.89,0.0,83
2023-04-28 21:00:00,23.6,84,0.0,4.24,2.1,100
2023-04-28 22:00:00,21.5,92,0.0,3.36,4.8,66
2023-04-28 23:00:00,21.0,97,0.0,1.65,5.4,100
2023-04-29 00:00:00,21.5,91,0.0,2.47,0.1,100
2023-04-29 01:00:00,21.2,92,0.0,2.71,3.0,98
2023-04-29 02:00:00,20.9,93,0.0,1.79,0.0,13
2023-04-29 03:00:00,20.8,93,0.0,1.43,0.0,67
2023-04-29 04:00:00,21.0,93,0.0,2.5,0.0,69
2023-04-29 05:00:00,21.5,90,14.0,1.96,0.0,96
2023-04-29 06:00:00,22.6,84,83.0,2.69,0.1,100
2023-04-29 07:00:00,23.3,80,111.0,2.28,0.1,100
2023-04-29 08:00:00,25.4,71,321.0,3.11,0.0,100
2023-04-29 09:00:00,25.5,71,227.0,3.14,0.1,100
2023-04-29 10:00:00,27.1,65,480.0,3.31,0.1,100
2023-04-29 11:00:00,28.1,61,413.0,2.35,0.0,76
2023-04-29 12:00:00,29.9,54,676.0,1.58,0.0,55
2023-04-29 13:00:00,30.5,52,664.0,3.11,0.0,63
2023-04-29 14:00:00,30.1,55,616.0,3.76,0.0,100
2023-04-29 15:00:00,28.8,59,315.0,3.26,0.0,96
2023-04-29 16:00:00,28.6,60,217.0,2.97,0.0,61
2023-04-29 17:00:00,25.7,78,74.0,3.58,0.0,98
2023-04-29 18:00:00,24.1,85,3.0,3.69,0.0,95
2023-04-29 19:00:00,22.8,88,0.0,4.2,3.0,100
2023-04-29 20:00:00,22.7,89,0.0,3.3,0.8,100
2023-04-29 21:00:00,22.0,93,0.0,3.19,1.2,100
2023-04-29 22:00:00,22.1,90,0.0,2.6,0.1,100
2023-04-29 23:00:00,21.5,92,0.0,2.51,1.4,100
2023-04-30 00:00:00,21.8,91,0.0,1.06,0.6,100
2023-04-30 01:00:00,21.5,93,0.0,1.71,0.6,100
2023-04-30 02:00:00,21.7,91,0.0,2.48,0.4,98
2023-04-30 03:00:00,21.1,94,0.0,2.92,0.0,100
2023-04-30 04:00:00,21.0,95,0.0,3.31,0.0,87
2023-04-30 05:00:00,21.6,91,15.0,3.7,0.0,100
2023-04-30 06:00:00,22.6,85,106.0,4.7,0.0,100
2023-04-30 07:00:00,23.6,81,191.0,3.73,0.0,100
2023-04-30 08:00:00,25.5,73,394.0,3.2,0.0,100
2023-04-30 09:00:00,27.3,66,553.0,2.73,0.0,100
2023-04-30 10:00:00,28.6,61,645.0,2.09,0.0,100
2023-04-30 11:00:00,29.6,58,681.0,2.02,0.0,99
2023-04-30 12:00:00,30.3,56,726.0,1.72,0.0,100
2023-04-30 13:00:00,30.5,55,614.0,1.58,0.0,91
2023-04-30 14:00:00,31.1,52,611.0,1.55,0.0,95
2023-04-30 15:00:00,30.7,52,400.0,1.12,0.0,96
2023-04-30 16:00:00,30.1,55,236.0,1.96,0.0,98
2023-04-30 17:00:00,26.0,78,81.0,1.08,0.0,98
2023-04-30 18:00:00,25.2,82,3.0,3.37,0.0,89
2023-04-30 19:00:00,24.3,87,0.0,1.5,0.0,84
2023-04-30 20:00:00,24.2,89,0.0,0.45,0.0,100
2023-04-30 21:00:00,23.7,89,0.0,1.5,0.1,100
2023-04-30 22:00:00,23.2,92,0.0,1.4,0.1,100
2023-04-30 23:00:00,22.0,95,0.0,2.28,6.7,100
2023-05-01 00:00:00,22.1,94,0.0,1.17,1.1,100
2023-05-01 01:00:00,22.3,92,0.0,1.04,0.1,100
2023-05-01 02:00:00,21.9,94,0.0,0.89,0.0,100
2023-05-01 03:00:00,21.8,96,0.0,2.09,0.1,100
2023-05-01 04:00:00,21.8,94,0.0,1.94,0.0,100
2023-05-01 05:00:00,22.5,93,13.0,2.4,0.0,99
2023-05-01 06:00:00,23.4,88,104.0,2.4,0.0,95
2023-05-01 07:00:00,24.7,80,218.0,1.65,0.0,100
2023-05-01 08:00:00,26.5,71,384.0,1.21,0.0,100
2023-05-01 09:00:00,27.6,67,397.0,1.08,0.0,100
2023-05-01 10:00:00,29.2,62,643.0,0.71,0.0,100
2023-05-01 11:00:00,30.0,60,736.0,1.04,0.1,100
2023-05-01 12:00:00,30.4,57,678.0,2.14,0.0,90
2023-05-01 13:00:00,30.4,55,673.0,3.62,0.0,64
2023-05-01 14:00:00,30.3,58,531.0,4.46,0.0,85
2023-05-01 15:00:00,29.0,65,219.0,4.12,0.0,43
2023-05-01 16:00:00,29.0,66,231.0,4.11,0.0,99
2023-05-01 17:00:00,26.6,78,62.0,2.84,0.0,100
2023-05-01 18:00:00,26.1,82,2.0,2.66,0.0,100
2023-05-01 19:00:00,25.5,85,0.0,2.79,0.0,100
2023-05-01 20:00:00,25.2,86,0.0,3.0,0.0,100
2023-05-01 21:00:00,24.7,88,0.0,2.22,0.0,100
2023-05-01 22:00:00,24.3,89,0.0,1.71,0.0,100
2023-05-01 23:00:00,24.2,89,0.0,1.8,0.0,100
2023-05-02 00:00:00,23.7,92,0.0,1.41,0.0,100
2023-05-02 01:00:00,23.5,94,0.0,1.75,0.0,100
2023-05-02 02:00:00,23.5,93,0.0,2.22,0.0,100
2023-05-02 03:00:00,23.4,91,0.0,1.84,0.0,100
2023-05-02 04:00:00,23.2,91,0.0,1.2,0.0,100
2023-05-02 05:00:00,24.2,89,7.0,2.4,0.0,64
2023-05-02 06:00:00,25.8,80,130.0,2.38,0.0,2
2023-05-02 07:00:00,27.1,73,314.0,2.92,0.0,0
2023-05-02 08:00:00,28.2,68,508.0,3.8,0.0,87
2023-05-02 09:00:00,28.9,62,624.0,3.6,0.0,22
2023-05-02 10:00:00,30.1,54,753.0,4.2,0.0,24
2023-05-02 11:00:00,30.8,52,804.0,4.8,0.0,44
2023-05-02 12:00:00,31.3,52,782.0,4.95,0.0,40
2023-05-02 13:00:00,30.3,58,615.0,4.24,0.2,75
2023-05-02 14:00:00,29.7,60,587.0,5.6,0.8,96
2023-05-02 15:00:00,27.8,69,296.0,3.32,0.9,79
2023-05-02 16:00:00,27.2,69,175.0,2.55,0.0,87
2023-05-02 17:00:00,25.2,81,64.0,3.85,0.1,45
2023-05-02 18:00:00,24.7,81,4.0,4.25,0.0,88
2023-05-02 19:00:00,24.1,83,0.0,2.75,0.0,100
2023-05-02 20:00:00,23.4,88,0.0,1.81,0.0,3
2023-05-02 21:00:00,22.7,94,0.0,1.25,0.0,97
2023-05-02 22:00:00,22.8,95,0.0,1.28,0.0,87
2023-05-02 23:00:00,22.8,94,0.0,1.48,0.0,5
2023-05-03 00:00:00,22.4,94,0.0,1.43,0.0,1
2023-05-03 01:00:00,21.9,96,0.0,1.62,0.0,19
2023-05-03 02:00:00,21.8,95,0.0,1.68,0.0,3
2023-05-03 03:00:00,21.6,95,0.0,1.71,0.0,71
2023-05-03 04:00:00,22.5,92,0.0,1.46,0.0,44
2023-05-03 05:00:00,24.0,77,17.0,2.48,0.0,84
2023-05-03 06:00:00,25.4,68,114.0,1.24,0.0,24
2023-05-03 07:00:00,26.8,62,317.0,1.84,0.0,20
2023-05-03 08:00:00,28.5,58,489.0,2.15,0.0,67
2023-05-03 09:00:00,29.3,57,655.0,2.38,0.0,82
2023-05-03 10:00:00,30.4,54,722.0,2.04,0.0,89
2023-05-03 11:00:00,31.3,51,778.0,2.42,0.0,60
2023-05-03 12:00:00,31.9,48,737.0,3.58,0.0,69
2023-05-03 13:00:00,30.1,55,470.0,3.61,0.0,57
2023-05-03 14:00:00,31.0,54,543.0,3.81,0.0,60
2023-05-03 15:00:00,31.1,53,429.0,3.61,0.0,100
2023-05-03 16:00:00,29.8,59,151.0,3.61,0.0,100
2023-05-03 17:00:00,27.9,68,45.0,5.49,0.0,100
2023-05-03 18:00:00,25.8,80,1.0,1.53,0.6,82
2023-05-03 19:00:00,24.9,86,0.0,0.95,0.0,35
2023-05-03 20:00:00,24.4,88,0.0,1.0,0.0,90
2023-05-03 21:00:00,24.2,91,0.0,1.42,0.0,80
2023-05-03 22:00:00,23.7,94,0.0,2.68,0.5,73
2023-05-03 23:00:00,22.0,94,0.0,2.19,2.8,95
2023-05-04 00:00:00,22.3,93,0.0,0.72,0.1,53
2023-05-04 01:00:00,21.6,93,0.0,1.8,3.2,99
2023-05-04 02:00:00,21.9,91,0.0,0.72,0.3,61
2023-05-04 03:00:00,21.0,96,0.0,1.7,2.3,100
2023-05-04 04:00:00,20.9,96,0.0,0.81,1.0,84
2023-05-04 05:00:00,22.3,94,15.0,2.67,0.1,100
2023-05-04 06:00:00,22.4,93,25.0,1.84,2.3,100
2023-05-04 07:00:00,22.7,89,168.0,1.7,9.8,100
2023-05-04 08:00:00,23.5,86,198.0,0.5,0.1,100
2023-05-04 09:00:00,25.4,79,487.0,0.36,0.0,96
2023-05-04 10:00:00,27.2,72,707.0,0.71,0.0,27
2023-05-04 11:00:00,28.7,66,806.0,0.81,0.0,23
2023-05-04 12:00:00,29.7,61,774.0,1.71,0.0,59
2023-05-04 13:00:00,28.9,65,610.0,2.88,0.0,67
2023-05-04 14:00:00,28.7,69,509.0,1.96,0.0,55
2023-05-04 15:00:00,28.5,71,342.0,1.61,0.1,15
2023-05-04 16:00:00,26.7,78,248.0,1.82,2.0,58
2023-05-04 17:00:00,26.3,77,44.0,3.83,6.4,77
2023-05-04 18:00:00,24.1,88,4.0,2.92,0.2,31
2023-05-04 19:00:00,23.6,90,0.0,1.92,0.1,22
2023-05-04 20:00:00,23.4,92,0.0,1.64,0.0,11
2023-05-04 21:00:00,23.2,94,0.0,1.04,0.0,100
2023-05-04 22:00:00,23.1,94,0.0,0.67,0.0,24
2023-05-04 23:00:00,22.6,95,0.0,0.81,0.0,8
2023-05-05 00:00:00,22.2,97,0.0,1.17,0.0,6
2023-05-05 01:00:00,22.3,96,0.0,1.13,0.0,19
2023-05-05 02:00:00,22.2,96,0.0,1.1,0.0,13
2023-05-05 03:00:00,22.0,97,0.0,1.17,0.0,62
2023-05-05 04:00:00,21.9,97,0.0,1.25,0.2,85
2023-05-05 05:00:00,23.3,91,13.0,2.1,0.2,44
2023-05-05 06:00:00,23.9,87,122.0,2.59,0.0,55
2023-05-05 07:00:00,24.5,84,293.0,3.27,0.0,36
2023-05-05 08:00:00,25.6,79,439.0,2.83,0.0,39
2023-05-05 09:00:00,26.9,75,591.0,3.8,0.0,6
2023-05-05 10:00:00,28.5,69,766.0,4.84,0.0,15
2023-05-05 11:00:00,29.2,67,781.0,4.82,0.0,12
2023-05-05 12:00:00,30.0,64,821.0,4.91,0.1,3
2023-05-05 13:00:00,30.5,60,758.0,5.11,0.0,3
2023-05-05 14:00:00,30.8,57,611.0,5.3,0.0,13
2023-05-05 15:00:00,30.4,59,432.0,5.04,0.0,6
2023-05-05 16:00:00,29.7,63,262.0,4.08,0.0,4
2023-05-05 17:00:00,28.3,66,94.0,2.6,0.0,7
2023-05-05 18:00:00,27.1,71,5.0,2.79,0.0,9
2023-05-05 19:00:00,26.5,76,0.0,2.43,0.0,21
2023-05-05 20:00:00,25.9,80,0.0,2.82,0.0,47
2023-05-05 21:00:00,25.0,82,0.0,1.48,0.0,46
2023-05-05 22:00:00,24.3,88,0.0,0.92,0.0,12
2023-05-05 23:00:00,23.7,93,0.0,1.2,0.0,9
2023-05-06 00:00:00,23.4,94,0.0,1.49,0.0,10
2023-05-06 01:00:00,24.3,89,0.0,1.2,0.0,10
2023-05-06 02:00:00,22.9,97,0.0,1.75,0.0,9
2023-05-06 03:00:00,22.3,98,0.0,1.36,0.0,33
2023-05-06 04:00:00,22.2,98,0.0,2.44,0.0,13
2023-05-06 05:00:00,24.9,87,21.0,1.56,0.0,31
2023-05-06 06:00:00,26.6,80,147.0,1.2,0.0,3
2023-05-06 07:00:00,27.6,77,338.0,3.3,0.0,0
2023-05-06 08:00:00,27.6,75,517.0,3.05,0.0,39
2023-05-06 09:00:00,28.9,70,588.0,1.75,0.0,41
2023-05-06 10:00:00,29.8,68,747.0,3.18,0.0,34
2023-05-06 11:00:00,32.1,46,766.0,4.81,0.0,10
2023-05-06 12:00:00,32.3,47,824.0,6.3,0.0,5
2023-05-06 13:00:00,32.7,47,767.0,5.6,0.0,9
2023-05-06 14:00:00,33.1,40,636.0,5.81,0.0,1
2023-05-06 15:00:00,32.1,49,482.0,5.17,0.0,1
2023-05-06 16:00:00,31.3,56,282.0,2.21,0.0,1
2023-05-06 17:00:00,29.8,59,98.0,3.0,0.0,2
2023-05-06 18:00:00,27.9,68,5.0,1.75,0.0,45
2023-05-06 19:00:00,27.4,71,0.0,1.71,0.0,24
2023-05-06 20:00:00,26.0,75,0.0,3.22,0.0,17
2023-05-06 21:00:00,25.3,79,0.0,2.86,0.0,4
2023-05-06 22:00:00,25.0,80,0.0,2.76,0.0,4
2023-05-06 23:00:00,24.3,85,0.0,2.02,0.0,1
2023-05-07 00:00:00,23.2,91,0.0,3.52,0.0,0
2023-05-07 01:00:00,22.7,93,0.0,3.98,0.0,12
2023-05-07 02:00:00,22.5,93,0.0,3.11,0.0,0
2023-05-07 03:00:00,22.2,95,0.0,2.82,0.0,25
2023-05-07 04:00:00,22.0,95,0.0,1.61,0.0,100
2023-05-07 05:00:00,22.8,92,17.0,1.94,0.0,44
2023-05-07 06:00:00,24.0,85,149.0,3.21,0.0,16
2023-05-07 07:00:00,25.4,79,326.0,4.26,0.0,47
2023-05-07 08:00:00,26.3,75,437.0,3.85,0.0,30
2023-05-07 09:00:00,28.1,69,663.0,3.32,0.0,2
2023-05-07 10:00:00,29.2,65,826.0,2.9,0.2,36
2023-05-07 11:00:00,30.1,62,750.0,1.75,0.0,1
2023-05-07 12:00:00,31.2,59,865.0,0.73,0.0,2
2023-05-07 13:00:00,31.8,56,774.0,0.22,0.0,2
2023-05-07 14:00:00,32.3,53,636.0,0.72,0.0,7
2023-05-07 15:00:00,32.1,53,465.0,1.65,0.0,5
2023-05-07 16:00:00,31.3,57,272.0,1.68,0.0,6
2023-05-07 17:00:00,29.6,72,95.0,1.56,0.0,10
2023-05-07 18:00:00,26.5,78,5.0,7.46,0.0,61
2023-05-07 19:00:00,24.3,84,0.0,2.2,0.0,9
2023-05-07 20:00:00,24.3,81,0.0,4.24,0.0,1
2023-05-07 21:00:00,23.9,84,0.0,3.49,0.0,0
2023-05-07 22:00:00,23.9,87,0.0,2.58,0.0,3
2023-05-07 23:00:00,23.5,90,0.0,1.63,0.0,0
2023-05-08 00:00:00,23.1,95,0.0,2.82,0.0,0
2023-05-08 01:00:00,22.8,96,0.0,3.32,0.0,10
2023-05-08 02:00:00,22.5,97,0.0,3.41,0.0,1
2023-05-08 03:00:00,22.3,95,0.0,3.26,0.0,0
2023-05-08 04:00:00,22.2,94,0.0,2.93,0.0,0
2023-05-08 05:00:00,23.5,92,23.0,3.05,0.0,53
2023-05-08 06:00:00,25.0,85,146.0,3.35,0.0,14
2023-05-08 07:00:00,26.5,78,322.0,4.48,0.0,59
2023-05-08 08:00:00,27.0,76,412.0,5.02,0.0,49
2023-05-08 09:00:00,28.5,68,665.0,4.93,0.0,15
2023-05-08 10:00:00,30.2,62,818.0,4.34,0.0,0
2023-05-08 11:00:00,31.3,59,883.0,3.67,0.0,0
2023-05-08 12:00:00,32.3,56,874.0,2.94,0.0,0
2023-05-08 13:00:00,32.6,55,801.0,3.05,0.0,0
2023-05-08 14:00:00,32.4,56,668.0,3.76,0.0,0
2023-05-08 15:00:00,31.6,58,482.0,3.98,0.0,0
2023-05-08 16:00:00,30.6,61,279.0,4.12,0.0,2
2023-05-08 17:00:00,29.7,64,100.0,3.32,0.0,1
2023-05-08 18:00:00,28.2,70,6.0,3.48,0.0,60
2023-05-08 19:00:00,27.5,72,0.0,2.42,0.0,15
2023-05-08 20:00:00,25.7,78,0.0,4.48,0.4,6
2023-05-08 21:00:00,24.7,80,0.0,3.0,0.0,0
2023-05-08 22:00:00,24.4,82,0.0,2.86,0.0,0
2023-05-08 23:00:00,23.6,87,0.0,2.39,0.0,0
2023-05-09 00:00:00,23.0,92,0.0,3.58,0.0,0
2023-05-09 01:00:00,22.7,94,0.0,3.51,0.0,0
2023-05-09 02:00:00,22.4,94,0.0,3.03,0.0,0
2023-05-09 03:00:00,22.3,93,0.0,3.04,0.0,0
2023-05-09 04:00:00,22.2,90,0.0,2.3,0.0,0
2023-05-09 05:00:00,23.1,84,24.0,2.06,0.0,0
2023-05-09 06:00:00,24.3,79,155.0,3.05,0.0,0
2023-05-09 07:00:00,26.0,74,347.0,3.42,0.0,0
2023-05-09 08:00:00,27.9,68,543.0,3.75,0.0,0
2023-05-09 09:00:00,29.8,61,709.0,3.18,0.0,1
2023-05-09 10:00:00,31.5,55,829.0,2.02,0.0,0
2023-05-09 11:00:00,33.0,50,892.0,1.0,0.0,0
2023-05-09 12:00:00,34.0,46,887.0,1.35,0.0,0
2023-05-09 13:00:00,34.7,44,811.0,2.15,0.0,0
2023-05-09 14:00:00,34.7,43,672.0,2.88,0.0,0
2023-05-09 15:00:00,34.2,44,490.0,3.22,0.0,0
2023-05-09 16:00:00,33.2,49,286.0,2.6,0.0,1
2023-05-09 17:00:00,30.8,62,103.0,1.9,0.0,0
2023-05-09 18:00:00,28.4,70,7.0,1.93,0.0,11
2023-05-09 19:00:00,27.5,71,0.0,2.02,0.0,4
2023-05-09 20:00:00,27.7,62,0.0,2.11,0.0,1
2023-05-09 21:00:00,28.1,59,0.0,2.47,0.0,0
2023-05-09 22:00:00,28.1,61,0.0,0.94,0.0,1
2023-05-09 23:00:00,25.4,81,0.0,3.22,0.0,0
2023-05-10 00:00:00,24.6,88,0.0,3.86,0.0,0
2023-05-10 01:00:00,23.9,91,0.0,2.55,0.0,6
2023-05-10 02:00:00,23.5,89,0.0,2.84,0.0,1
2023-05-10 03:00:00,22.8,93,0.0,1.7,0.0,18
2023-05-10 04:00:00,22.6,92,0.0,2.79,0.0,1
2023-05-10 05:00:00,25.0,84,26.0,3.16,0.0,0
2023-05-10 06:00:00,27.1,75,159.0,1.63,0.0,54
2023-05-10 07:00:00,28.3,68,307.0,2.55,0.0,8
2023-05-10 08:00:00,30.0,59,515.0,3.11,0.0,11
2023-05-10 09:00:00,31.7,53,671.0,3.41,0.0,0
2023-05-10 10:00:00,33.1,49,815.0,2.69,0.0,0
2023-05-10 11:00:00,34.0,48,887.0,1.87,0.0,1
2023-05-10 12:00:00,35.0,45,879.0,0.92,0.0,1
2023-05-10 13:00:00,36.1,42,804.0,1.62,0.0,2
2023-05-10 14:00:00,36.8,36,669.0,3.38,0.0,31
2023-05-10 15:00:00,35.1,37,431.0,6.21,0.0,9
2023-05-10 16:00:00,34.3,42,255.0,2.52,0.0,1
2023-05-10 17:00:00,31.1,61,107.0,2.2,0.0,0
2023-05-10 18:00:00,29.2,59,7.0,1.78,0.0,24
2023-05-10 19:00:00,28.5,68,0.0,2.24,0.0,0
2023-05-10 20:00:00,27.1,75,0.0,1.2,0.0,0
2023-05-10 21:00:00,26.9,73,0.0,2.28,0.0,0
2023-05-10 22:00:00,25.5,75,0.0,2.06,0.0,0
2023-05-10 23:00:00,24.6,81,0.0,1.48,0.0,0
2023-05-11 00:00:00,24.8,82,0.0,2.2,0.0,0
2023-05-11 01:00:00,24.1,91,0.0,2.6,0.0,0
2023-05-11 02:00:00,23.5,96,0.0,2.89,0.0,0
2023-05-11 03:00:00,23.1,94,0.0,2.72,0.0,0
2023-05-11 04:00:00,22.8,92,0.0,1.9,0.0,0
2023-05-11 05:00:00,23.1,100,27.0,1.1,0.0,0
2023-05-11 06:00:00,25.1,90,145.0,0.71,0.0,49
2023-05-11 07:00:00,27.5,79,339.0,0.76,0.0,0
2023-05-11 08:00:00,30.3,64,551.0,0.72,0.0,3
2023-05-11 09:00:00,32.3,56,718.0,0.95,0.0,0
2023-05-11 10:00:00,33.7,50,837.0,2.06,0.0,0
2023-05-11 11:00:00,34.7,45,891.0,2.56,0.0,0
2023-05-11 12:00:00,35.6,38,878.0,2.7,0.0,5
2023-05-11 13:00:00,35.5,37,804.0,3.96,0.0,3
2023-05-11 14:00:00,35.1,38,646.0,3.76,0.0,19
2023-05-11 15:00:00,35.0,36,448.0,3.73,0.0,20
2023-05-11 16:00:00,34.1,40,264.0,2.12,0.0,17
2023-05-11 17:00:00,28.4,75,99.0,1.65,0.0,22
2023-05-11 18:00:00,28.2,77,7.0,0.72,0.0,4
2023-05-11 19:00:00,27.5,80,0.0,1.14,0.0,17
2023-05-11 20:00:00,26.4,81,0.0,1.42,2.3,45
2023-05-11 21:00:00,25.9,85,0.0,0.89,0.0,7
2023-05-11 22:00:00,25.9,87,0.0,0.36,0.0,30
2023-05-11 23:00:00,24.8,93,0.0,0.95,0.0,20
2023-05-12 00:00:00,24.5,94,0.0,1.04,0.0,14
2023-05-12 01:00:00,24.3,93,0.0,3.22,0.0,2
2023-05-12 02:00:00,24.2,88,0.0,2.6,0.0,0
2023-05-12 03:00:00,23.7,92,0.0,3.59,0.0,0
2023-05-12 04:00:00,22.9,92,0.0,4.31,0.0,0
2023-05-12 05:00:00,23.6,89,27.0,3.67,0.0,18
2023-05-12 06:00:00,25.0,82,158.0,4.0,0.0,100
2023-05-12 07:00:00,26.6,73,348.0,4.7,0.0,100
2023-05-12 08:00:00,28.5,66,538.0,4.69,0.0,100
2023-05-12 09:00:00,30.6,60,696.0,4.75,0.0,100
2023-05-12 10:00:00,32.2,55,822.0,4.57,0.0,100
2023-05-12 11:00:00,33.2,50,878.0,4.53,0.0,97
2023-05-12 12:00:00,33.0,50,839.0,4.83,0.0,74
2023-05-12 13:00:00,33.3,48,784.0,4.16,0.0,81
2023-05-12 14:00:00,33.0,48,541.0,3.61,0.0,98
2023-05-12 15:00:00,32.7,48,459.0,3.44,0.0,87
2023-05-12 16:00:00,31.4,53,251.0,3.32,0.0,100
2023-05-12 17:00:00,29.1,59,94.0,3.33,0.0,97
2023-05-12 18:00:00,28.0,63,8.0,3.23,0.0,100
2023-05-12 19:00:00,27.3,65,0.0,3.21,0.0,100
2023-05-12 20:00:00,26.7,67,0.0,3.32,0.0,90
2023-05-12 21:00:00,26.3,70,0.0,3.5,0.0,56
2023-05-12 22:00:00,25.7,72,0.0,3.13,0.0,83
2023-05-12 23:00:00,25.1,76,0.0,2.5,0.0,91
2023-05-13 00:00:00,24.5,79,0.0,2.02,0.0,100
2023-05-13 01:00:00,24.2,81,0.0,1.96,0.0,100
2023-05-13 02:00:00,23.8,82,0.0,2.01,0.0,100
2023-05-13 03:00:00,23.3,84,0.0,1.8,0.0,100
2023-05-13 04:00:00,22.6,89,0.0,1.62,0.0,100
2023-05-13 05:00:00,24.0,86,29.0,2.66,0.0,100
2023-05-13 06:00:00,25.8,79,163.0,2.19,0.0,100
2023-05-13 07:00:00,28.3,66,354.0,2.32,0.0,100
2023-05-13 08:00:00,31.1,53,558.0,2.77,0.0,100
2023-05-13 09:00:00,33.2,43,732.0,3.79,0.0,100
2023-05-13 10:00:00,34.5,38,849.0,4.18,0.0,100
2023-05-13 11:00:00,35.5,32,910.0,4.38,0.0,100
2023-05-13 12:00:00,36.0,31,902.0,4.64,0.0,97
2023-05-13 13:00:00,36.3,30,831.0,4.95,0.0,92
2023-05-13 14:00:00,35.9,31,695.0,5.17,0.0,36
2023-05-13 15:00:00,34.8,33,513.0,5.09,0.0,6
2023-05-13 16:00:00,33.5,37,306.0,4.53,0.0,23
2023-05-13 17:00:00,30.7,53,115.0,1.96,0.0,76
2023-05-13 18:00:00,27.9,65,8.0,2.7,0.0,100
2023-05-13 19:00:00,26.9,69,0.0,2.22,0.0,100
2023-05-13 20:00:00,26.8,71,0.0,2.13,0.0,100
2023-05-13 21:00:00,25.6,78,0.0,1.91,0.0,100
2023-05-13 22:00:00,25.1,81,0.0,1.5,0.0,100
2023-05-13 23:00:00,24.3,86,0.0,1.32,0.0,100
2023-05-14 00:00:00,23.9,90,0.0,1.33,0.0,100
2023-05-14 01:00:00,23.4,93,0.0,1.3,0.0,100
2023-05-14 02:00:00,23.2,92,0.0,1.5,0.0,100
2023-05-14 03:00:00,23.1,92,0.0,1.73,0.0,100
2023-05-14 04:00:00,23.2,88,0.0,1.61,0.0,100
2023-05-14 05:00:00,24.7,87,24.0,2.31,0.0,100
2023-05-14 06:00:00,26.8,74,146.0,2.2,0.0,100
2023-05-14 07:00:00,28.6,65,265.0,2.3,0.0,100
2023-05-14 08:00:00,30.7,58,454.0,2.82,0.0,100
2023-05-14 09:00:00,31.5,55,470.0,3.51,0.0,100
2023-05-14 10:00:00,32.5,50,534.0,4.3,0.0,100
2023-05-14 11:00:00,33.4,45,499.0,4.92,0.0,97
2023-05-14 12:00:00,33.9,39,527.0,6.1,0.0,100
2023-05-14 13:00:00,32.8,36,320.0,6.71,0.0,100
2023-05-14 14:00:00,31.7,38,249.0,6.1,0.0,100
2023-05-14 15:00:00,30.6,44,133.0,5.71,0.0,98
2023-05-14 16:00:00,30.4,40,166.0,6.4,0.0,100
2023-05-14 17:00:00,29.3,49,48.0,5.91,0.0,96
2023-05-14 18:00:00,27.6,52,7.0,5.81,0.0,100
2023-05-14 19:00:00,26.9,55,0.0,4.96,0.0,100
2023-05-14 20:00:00,26.5,56,0.0,4.72,0.0,100
2023-05-14 21:00:00,26.4,57,0.0,5.28,0.0,100
2023-05-14 22:00:00,26.3,58,0.0,5.41,0.0,99
2023-05-14 23:00:00,25.9,60,0.0,4.3,0.0,100
2023-05-15 00:00:00,25.3,62,0.0,3.26,0.0,95
2023-05-15 01:00:00,24.3,67,0.0,1.84,0.0,84
2023-05-15 02:00:00,23.6,72,0.0,1.93,0.0,47
2023-05-15 03:00:00,22.9,76,0.0,2.37,0.0,4
2023-05-15 04:00:00,22.5,79,0.0,2.15,0.0,17
2023-05-15 05:00:00,23.4,76,29.0,2.88,0.0,0
2023-05-15 06:00:00,25.2,67,170.0,3.11,0.0,53
2023-05-15 07:00:00,26.9,59,361.0,2.62,0.0,0
2023-05-15 08:00:00,28.7,53,564.0,1.17,0.0,0
2023-05-15 09:00:00,30.5,47,732.0,0.85,0.0,0
2023-05-15 10:00:00,32.1,42,847.0,1.06,0.0,5
2023-05-15 11:00:00,33.3,39,895.0,2.01,0.0,9
2023-05-15 12:00:00,33.5,38,849.0,4.03,0.0,7
2023-05-15 13:00:00,32.2,45,768.0,4.67,0.6,62
2023-05-15 14:00:00,30.6,55,595.0,4.59,1.2,45
2023-05-15 15:00:00,30.8,52,392.0,3.18,0.0,44
2023-05-15 16:00:00,30.8,51,255.0,2.37,0.0,79
2023-05-15 17:00:00,25.8,77,84.0,0.63,0.0,80
2023-05-15 18:00:00,25.0,83,6.0,3.13,0.1,64
2023-05-15 19:00:00,24.5,85,0.0,1.79,0.0,50
2023-05-15 20:00:00,24.2,87,0.0,1.97,0.0,78
2023-05-15 21:00:00,23.8,88,0.0,2.51,0.0,39
2023-05-15 22:00:00,22.9,92,0.0,2.52,3.2,100
2023-05-15 23:00:00,22.9,94,0.0,1.98,0.2,100
2023-05-16 00:00:00,22.8,94,0.0,2.66,0.4,100
2023-05-16 01:00:00,22.5,95,0.0,2.46,0.3,100
2023-05-16 02:00:00,22.4,95,0.0,2.6,0.5,59
2023-05-16 03:00:00,22.2,95,0.0,1.53,1.2,100
2023-05-16 04:00:00,22.2,93,0.0,2.14,0.3,67
2023-05-16 05:00:00,23.0,89,14.0,1.32,0.8,100
2023-05-16 06:00:00,23.4,89,101.0,2.55,0.1,30
2023-05-16 07:00:00,25.0,78,339.0,2.68,0.0,44
2023-05-16 08:00:00,26.4,72,435.0,2.42,0.0,100
2023-05-16 09:00:00,27.8,67,501.0,1.86,0.0,100
2023-05-16 10:00:00,29.1,62,693.0,1.77,0.0,100
2023-05-16 11:00:00,29.2,62,532.0,2.14,0.0,100
2023-05-16 12:00:00,30.8,57,770.0,1.21,0.0,100
2023-05-16 13:00:00,30.9,57,618.0,1.2,0.0,54
2023-05-16 14:00:00,29.8,62,539.0,2.86,0.0,21
2023-05-16 15:00:00,29.1,65,462.0,3.59,0.0,36
2023-05-16 16:00:00,28.1,70,248.0,3.06,0.0,33
2023-05-16 17:00:00,27.0,76,99.0,0.63,0.0,40
2023-05-16 18:00:00,26.5,76,9.0,0.71,0.0,26
2023-05-16 19:00:00,25.4,85,0.0,0.82,0.1,46
2023-05-16 20:00:00,25.0,84,0.0,1.65,0.4,65
2023-05-16 21:00:00,24.8,87,0.0,2.05,0.1,97
2023-05-16 22:00:00,23.0,95,0.0,3.32,1.4,74
2023-05-16 23:00:00,22.4,97,0.0,1.68,0.5,100
2023-05-17 00:00:00,22.2,98,0.0,3.1,1.1,100
2023-05-17 01:00:00,22.0,97,0.0,2.33,0.5,100
2023-05-17 02:00:00,22.1,96,0.0,1.22,5.9,100
2023-05-17 03:00:00,22.1,94,0.0,2.33,7.4,100
2023-05-17 04:00:00,22.2,94,0.0,0.95,2.9,100
2023-05-17 05:00:00,22.4,94,5.0,1.86,3.1,100
2023-05-17 06:00:00,22.5,92,26.0,1.75,1.9,92
2023-05-17 07:00:00,23.4,89,177.0,2.7,1.0,100
2023-05-17 08:00:00,23.9,86,170.0,2.69,0.5,74
2023-05-17 09:00:00,26.1,75,489.0,2.95,0.2,100
2023-05-17 10:00:00,26.3,78,479.0,2.7,0.5,100
2023-05-17 11:00:00,26.0,82,464.0,3.54,0.6,99
2023-05-17 12:00:00,27.1,73,577.0,3.82,0.1,79
2023-05-17 13:00:00,28.4,66,667.0,3.25,0.0,25
2023-05-17 14:00:00,29.2,63,635.0,2.06,0.0,71
2023-05-17 15:00:00,29.5,62,398.0,1.7,0.0,62
2023-05-17 16:00:00,28.7,66,234.0,2.2,0.0,21
2023-05-17 17:00:00,25.7,79,105.0,2.62,0.0,33
2023-05-17 18:00:00,24.2,86,8.0,3.4,0.0,87
2023-05-17 19:00:00,24.1,85,0.0,2.24,0.1,27
2023-05-17 20:00:00,23.3,90,0.0,1.36,0.2,70
2023-05-17 21:00:00,23.3,90,0.0,1.36,0.1,37
2023-05-17 22:00:00,22.4,96,0.0,1.1,0.0,86
2023-05-17 23:00:00,22.6,96,0.0,0.73,0.0,100
2023-05-18 00:00:00,22.7,94,0.0,1.81,0.0,100
2023-05-18 01:00:00,22.5,93,0.0,1.55,0.0,100
2023-05-18 02:00:00,22.2,95,0.0,1.04,4.8,100
2023-05-18 03:00:00,22.2,95,0.0,0.89,1.4,100
2023-05-18 04:00:00,22.0,96,0.0,2.6,1.2,100
2023-05-18 05:00:00,22.9,98,7.0,1.71,1.2,100
2023-05-18 06:00:00,23.3,95,109.0,2.62,0.4,83
2023-05-18 07:00:00,24.3,88,290.0,1.78,0.2,89
2023-05-18 08:00:00,24.2,90,198.0,2.34,0.5,100
2023-05-18 09:00:00,24.6,88,249.0,2.45,1.3,100
2023-05-18 10:00:00,26.0,78,427.0,2.3,0.3,100
2023-05-18 11:00:00,27.3,72,564.0,1.97,0.0,100
2023-05-18 12:00:00,28.2,70,666.0,1.75,0.0,100
2023-05-18 13:00:00,28.5,68,580.0,1.12,0.1,70
2023-05-18 14:00:00,28.6,67,366.0,1.3,0.1,98
2023-05-18 15:00:00,28.2,69,247.0,1.2,0.2,74
2023-05-18 16:00:00,27.6,72,221.0,1.03,0.1,71
2023-05-18 17:00:00,26.3,80,81.0,1.12,3.6,100
2023-05-18 18:00:00,24.8,87,8.0,1.5,0.0,70
2023-05-18 19:00:00,23.3,95,0.0,1.75,1.1,100
2023-05-18 20:00:00,23.1,95,0.0,0.98,1.7,100
2023-05-18 21:00:00,23.0,95,0.0,0.5,0.6,88
2023-05-18 22:00:00,22.6,97,0.0,1.2,0.3,97
2023-05-18 23:00:00,22.2,98,0.0,1.53,0.2,88
2023-05-19 00:00:00,22.1,98,0.0,1.36,0.1,100
2023-05-19 01:00:00,22.2,95,0.0,1.7,0.0,100
2023-05-19 02:00:00,22.3,95,0.0,0.71,0.2,100
2023-05-19 03:00:00,22.4,95,0.0,1.84,0.9,100
2023-05-19 04:00:00,22.2,96,0.0,2.01,0.7,100
2023-05-19 05:00:00,22.7,96,12.0,1.13,1.8,100
2023-05-19 06:00:00,22.8,95,28.0,2.02,1.8,100
2023-05-19 07:00:00,24.1,89,203.0,2.69,0.2,100
2023-05-19 08:00:00,25.0,84,230.0,2.82,0.1,100
2023-05-19 09:00:00,25.8,80,259.0,2.53,0.3,100
2023-05-19 10:00:00,26.9,77,479.0,1.46,0.3,100
2023-05-19 11:00:00,27.3,77,411.0,0.5,0.1,100
2023-05-19 12:00:00,26.2,81,406.0,2.72,1.2,61
2023-05-19 13:00:00,26.6,79,459.0,1.46,0.3,77
2023-05-19 14:00:00,27.1,74,511.0,1.48,0.3,66
2023-05-19 15:00:00,27.3,73,422.0,1.08,0.0,12
2023-05-19 16:00:00,27.3,73,281.0,0.89,0.0,27
2023-05-19 17:00:00,23.5,94,106.0,3.83,0.0,24
2023-05-19 18:00:00,22.3,96,5.0,3.28,4.4,100
2023-05-19 19:00:00,22.0,94,0.0,2.77,0.2,69
2023-05-19 20:00:00,22.3,96,0.0,1.81,1.5,66
2023-05-19 21:00:00,22.5,95,0.0,1.78,0.3,76
2023-05-19 22:00:00,22.6,92,0.0,1.49,0.3,100
2023-05-19 23:00:00,21.8,96,0.0,1.0,0.1,75
2023-05-20 00:00:00,21.4,98,0.0,1.63,0.1,92
2023-05-20 01:00:00,21.4,96,0.0,0.82,0.0,100
2023-05-20 02:00:00,21.3,96,0.0,2.34,0.2,94
2023-05-20 03:00:00,21.0,98,0.0,1.22,2.2,100
2023-05-20 04:00:00,20.8,99,0.0,0.61,7.0,99
2023-05-20 05:00:00,23.2,94,8.0,0.32,4.8,97
2023-05-20 06:00:00,24.2,90,174.0,3.01,0.0,27
2023-05-20 07:00:00,25.0,84,320.0,2.91,0.0,65
2023-05-20 08:00:00,25.6,84,465.0,3.32,0.2,100
2023-05-20 09:00:00,26.5,78,486.0,3.52,0.1,100
2023-05-20 10:00:00,26.6,76,381.0,2.33,0.0,100
2023-05-20 11:00:00,27.6,74,780.0,2.15,0.0,100
2023-05-20 12:00:00,27.5,74,582.0,3.31,0.0,100
2023-05-20 13:00:00,28.0,72,643.0,2.62,0.0,75
2023-05-20 14:00:00,27.3,74,398.0,2.55,0.0,13
2023-05-20 15:00:00,27.7,73,424.0,1.8,0.0,62
2023-05-20 16:00:00,26.7,75,241.0,3.33,0.0,100
2023-05-20 17:00:00,27.1,85,57.0,2.02,0.0,37
2023-05-20 18:00:00,26.0,88,10.0,1.2,0.0,31
2023-05-20 19:00:00,24.8,93,0.0,1.61,0.0,82
2023-05-20 20:00:00,24.0,92,0.0,2.87,0.2,21
2023-05-20 21:00:00,23.7,92,0.0,2.33,0.0,12
2023-05-20 22:00:00,23.1,92,0.0,3.28,0.0,35
2023-05-20 23:00:00,22.3,93,0.0,2.79,0.1,12
2023-05-21 00:00:00,21.7,96,0.0,0.61,0.0,63
2023-05-21 01:00:00,21.4,97,0.0,2.63,1.8,69
2023-05-21 02:00:00,21.3,96,0.0,0.92,0.2,72
2023-05-21 03:00:00,21.2,96,0.0,0.61,0.3,75
2023-05-21 04:00:00,20.9,98,0.0,1.75,0.2,100
2023-05-21 05:00:00,22.4,95,15.0,3.31,1.2,97
2023-05-21 06:00:00,23.5,89,171.0,1.5,0.0,88
2023-05-21 07:00:00,24.5,85,230.0,2.48,0.2,51
2023-05-21 08:00:00,25.8,80,472.0,2.79,0.3,97
2023-05-21 09:00:00,26.8,75,459.0,2.6,0.1,99
2023-05-21 10:00:00,28.8,68,690.0,2.92,0.0,27
2023-05-21 11:00:00,30.5,63,881.0,2.83,0.0,38
2023-05-21 12:00:00,31.6,60,848.0,1.77,0.0,70
2023-05-21 13:00:00,30.6,62,633.0,0.82,0.5,94
2023-05-21 14:00:00,30.5,63,359.0,0.89,0.0,100
2023-05-21 15:00:00,28.0,83,74.0,1.36,2.0,100
2023-05-21 16:00:00,27.3,88,54.0,1.17,5.5,99
2023-05-21 17:00:00,27.1,86,63.0,0.91,1.8,98
2023-05-21 18:00:00,25.9,89,9.0,2.34,0.1,100
2023-05-21 19:00:00,24.3,95,0.0,5.92,0.0,100
2023-05-21 20:00:00,22.9,91,0.0,2.05,0.0,31
2023-05-21 21:00:00,22.5,94,0.0,0.86,0.0,61
2023-05-21 22:00:00,22.6,97,0.0,1.53,0.0,2
2023-05-21 23:00:00,22.4,98,0.0,1.33,0.0,3
2023-05-22 00:00:00,22.5,98,0.0,1.49,0.0,1
2023-05-22 01:00:00,22.5,98,0.0,1.2,0.0,94
2023-05-22 02:00:00,22.8,97,0.0,0.5,0.2,100
2023-05-22 03:00:00,22.2,99,0.0,0.58,0.1,100
2023-05-22 04:00:00,22.3,97,0.0,1.3,1.7,100
2023-05-22 05:00:00,23.1,96,17.0,1.77,0.3,100
2023-05-22 06:00:00,23.7,92,149.0,1.65,0.0,69
2023-05-22 07:00:00,24.1,88,250.0,2.91,0.4,72
2023-05-22 08:00:00,25.6,81,374.0,0.91,0.1,96
2023-05-22 09:00:00,25.7,79,318.0,1.72,0.2,93
2023-05-22 10:00:00,27.1,74,708.0,2.5,0.4,75
2023-05-22 11:00:00,27.9,71,713.0,2.06,0.0,100
2023-05-22 12:00:00,28.7,69,608.0,1.28,0.1,81
2023-05-22 13:00:00,29.6,65,486.0,0.7,0.0,78
2023-05-22 14:00:00,30.2,62,544.0,0.45,0.0,72
2023-05-22 15:00:00,29.7,66,452.0,1.8,0.0,38
2023-05-22 16:00:00,28.9,70,247.0,2.39,0.0,25
2023-05-22 17:00:00,27.4,81,117.0,1.43,0.0,96
2023-05-22 18:00:00,26.4,83,10.0,2.72,0.0,32
2023-05-22 19:00:00,25.9,84,0.0,3.31,0.0,25
2023-05-22 20:00:00,25.3,86,0.0,3.29,0.0,37
2023-05-22 21:00:00,24.8,89,0.0,2.3,0.0,64
2023-05-22 22:00:00,24.4,92,0.0,2.52,0.0,50
2023-05-22 23:00:00,24.2,93,0.0,2.8,0.0,29
2023-05-23 00:00:00,23.8,93,0.0,2.25,0.0,52
2023-05-23 01:00:00,23.2,96,0.0,1.2,0.0,62
2023-05-23 02:00:00,23.2,96,0.0,1.12,0.0,36
2023-05-23 03:00:00,23.1,96,0.0,1.39,0.0,70
2023-05-23 04:00:00,23.0,97,0.0,1.7,0.0,100
2023-05-23 05:00:00,24.4,92,18.0,1.92,0.0,100
2023-05-23 06:00:00,25.3,89,110.0,1.06,0.0,100
2023-05-23 07:00:00,25.8,88,194.0,1.3,0.1,100
2023-05-23 08:00:00,26.8,83,288.0,1.77,0.1,100
2023-05-23 09:00:00,28.6,75,576.0,1.66,0.0,97
2023-05-23 10:00:00,30.0,69,657.0,1.5,0.0,93
2023-05-23 11:00:00,31.2,66,826.0,1.79,0.0,33
2023-05-23 12:00:00,31.8,65,828.0,1.92,0.0,81
2023-05-23 13:00:00,31.6,65,724.0,1.12,0.0,34
2023-05-23 14:00:00,31.3,63,576.0,0.98,0.5,63
2023-05-23 15:00:00,31.3,63,424.0,1.53,0.0,71
2023-05-23 16:00:00,30.6,69,189.0,1.0,0.0,68
2023-05-23 17:00:00,26.0,89,104.0,2.98,0.0,100
2023-05-23 18:00:00,25.3,92,3.0,2.41,0.0,100
2023-05-23 19:00:00,23.3,96,0.0,3.64,17.6,100
2023-05-23 20:00:00,23.7,94,0.0,2.28,0.1,100
2023-05-23 21:00:00,23.7,94,0.0,2.94,0.0,100
2023-05-23 22:00:00,23.8,93,0.0,1.42,0.0,100
2023-05-23 23:00:00,23.2,97,0.0,0.99,0.1,100
2023-05-24 00:00:00,23.2,97,0.0,1.02,0.0,100
2023-05-24 01:00:00,23.1,97,0.0,1.5,0.0,100
2023-05-24 02:00:00,23.9,94,0.0,0.22,0.0,100
2023-05-24 03:00:00,23.3,99,0.0,1.58,0.0,98
2023-05-24 04:00:00,22.9,100,0.0,1.63,2.6,100
2023-05-24 05:00:00,24.2,93,1.0,1.82,1.2,91
2023-05-24 06:00:00,24.1,94,27.0,1.78,0.5,100
2023-05-24 07:00:00,23.3,94,154.0,0.45,5.5,100
2023-05-24 08:00:00,23.4,92,41.0,2.66,2.0,100
2023-05-24 09:00:00,24.2,89,163.0,2.14,2.3,100
2023-05-24 10:00:00,25.1,87,305.0,1.26,0.9,100
2023-05-24 11:00:00,25.7,82,335.0,1.6,0.3,100
2023-05-24 12:00:00,27.0,77,465.0,0.73,0.1,100
2023-05-24 13:00:00,27.5,75,399.0,0.0,0.0,100
2023-05-24 14:00:00,28.3,73,481.0,0.81,0.0,60
2023-05-24 15:00:00,29.1,70,483.0,1.14,0.0,0
2023-05-24 16:00:00,28.7,71,312.0,1.53,0.0,0
2023-05-24 17:00:00,28.2,79,124.0,1.65,0.0,4
2023-05-24 18:00:00,25.8,93,12.0,2.44,0.0,69
2023-05-24 19:00:00,24.5,92,0.0,2.98,0.3,84
2023-05-24 20:00:00,24.3,90,0.0,1.61,0.1,66
2023-05-24 21:00:00,23.9,90,0.0,1.2,0.1,89
2023-05-24 22:00:00,23.7,95,0.0,0.85,0.0,83
2023-05-24 23:00:00,23.7,97,0.0,1.14,0.1,100
2023-05-25 00:00:00,23.3,97,0.0,0.58,0.1,87
2023-05-25 01:00:00,23.5,96,0.0,0.14,0.0,49
2023-05-25 02:00:00,23.4,95,0.0,0.22,0.0,43
2023-05-25 03:00:00,22.6,98,0.0,1.3,0.0,26
2023-05-25 04:00:00,23.6,94,0.0,0.91,0.0,13
2023-05-25 05:00:00,23.9,94,34.0,1.22,0.0,4
2023-05-25 06:00:00,25.2,86,178.0,1.17,0.0,11
2023-05-25 07:00:00,26.7,79,370.0,0.14,0.0,1
2023-05-25 08:00:00,28.0,74,565.0,0.73,0.0,4
2023-05-25 09:00:00,29.3,67,722.0,0.92,0.0,1
2023-05-25 10:00:00,30.2,63,817.0,1.3,0.0,3
2023-05-25 11:00:00,31.2,61,882.0,1.52,0.0,6
2023-05-25 12:00:00,31.6,59,854.0,1.87,0.0,11
2023-05-25 13:00:00,31.6,58,742.0,2.26,0.0,8
2023-05-25 14:00:00,31.6,54,667.0,2.1,0.1,35
2023-05-25 15:00:00,31.1,56,474.0,1.75,0.0,33
2023-05-25 16:00:00,29.2,64,259.0,2.06,0.0,66
2023-05-25 17:00:00,27.1,80,94.0,4.8,0.0,12
2023-05-25 18:00:00,25.7,87,8.0,0.86,0.7,58
2023-05-25 19:00:00,25.5,90,0.0,1.71,0.0,23
2023-05-25 20:00:00,25.0,94,0.0,1.66,0.0,3
2023-05-25 21:00:00,24.7,93,0.0,1.7,0.0,99
2023-05-25 22:00:00,24.2,96,0.0,1.28,0.0,37
2023-05-25 23:00:00,24.1,97,0.0,0.85,0.0,100
2023-05-26 00:00:00,23.7,92,0.0,0.73,0.9,98
2023-05-26 01:00:00,23.4,96,0.0,2.12,1.4,100
2023-05-26 02:00:00,23.4,93,0.0,1.66,0.1,100
2023-05-26 03:00:00,22.9,96,0.0,0.85,0.0,100
2023-05-26 04:00:00,23.6,92,0.0,0.91,0.0,100
2023-05-26 05:00:00,23.3,90,15.0,0.5,0.4,100
2023-05-26 06:00:00,22.7,97,41.0,1.33,2.0,100
2023-05-26 07:00:00,23.1,94,54.0,3.57,1.9,68
2023-05-26 08:00:00,24.1,89,344.0,3.19,0.0,100
2023-05-26 09:00:00,25.7,80,517.0,1.43,0.1,29
2023-05-26 10:00:00,27.7,73,784.0,0.58,0.0,23
2023-05-26 11:00:00,28.9,69,863.0,0.64,0.0,20
2023-05-26 12:00:00,29.6,66,820.0,1.3,0.0,18
2023-05-26 13:00:00,30.2,64,756.0,1.71,0.0,6
2023-05-26 14:00:00,30.1,65,672.0,1.84,0.0,10
2023-05-26 15:00:00,29.8,67,462.0,2.27,0.0,27
2023-05-26 16:00:00,28.3,76,232.0,2.41,1.1,9
2023-05-26 17:00:00,27.1,80,119.0,2.47,0.0,12
2023-05-26 18:00:00,24.1,86,8.0,1.44,4.5,30
2023-05-26 19:00:00,24.2,87,0.0,1.0,0.0,41
2023-05-26 20:00:00,24.4,86,0.0,2.42,0.3,48
2023-05-26 21:00:00,23.8,90,0.0,3.35,0.2,95
2023-05-26 22:00:00,23.3,89,0.0,1.82,0.4,33
2023-05-26 23:00:00,22.9,95,0.0,0.51,0.2,53
2023-05-27 00:00:00,22.6,94,0.0,3.5,0.3,100
2023-05-27 01:00:00,22.1,96,0.0,1.25,0.3,82
2023-05-27 02:00:00,22.4,94,0.0,1.97,0.2,63
2023-05-27 03:00:00,21.6,96,0.0,0.9,0.0,100
2023-05-27 04:00:00,22.2,94,0.0,2.01,0.0,41
2023-05-27 05:00:00,23.8,92,32.0,0.5,0.0,31
2023-05-27 06:00:00,23.5,95,135.0,1.92,1.2,100
2023-05-27 07:00:00,24.4,89,235.0,0.98,1.6,35
2023-05-27 08:00:00,26.2,80,503.0,2.33,0.0,28
2023-05-27 09:00:00,27.2,74,550.0,2.21,0.0,57
2023-05-27 10:00:00,29.2,68,707.0,1.55,0.0,65
2023-05-27 11:00:00,29.8,69,800.0,1.43,0.0,100
2023-05-27 12:00:00,29.3,70,728.0,1.68,0.1,63
2023-05-27 13:00:00,29.7,69,715.0,1.41,0.2,26
2023-05-27 14:00:00,29.8,69,585.0,0.81,0.0,36
2023-05-27 15:00:00,29.6,70,407.0,0.2,0.0,41
2023-05-27 16:00:00,27.8,76,254.0,0.92,2.8,98
2023-05-27 17:00:00,26.7,82,88.0,1.0,1.7,64
2023-05-27 18:00:00,25.5,89,11.0,2.28,0.1,37
2023-05-27 19:00:00,24.7,92,0.0,1.34,0.2,26
2023-05-27 20:00:00,24.9,91,0.0,0.2,0.0,36
2023-05-27 21:00:00,24.1,97,0.0,1.75,0.0,18
2023-05-27 22:00:00,23.8,99,0.0,1.48,0.0,4
2023-05-27 23:00:00,23.7,99,0.0,1.61,0.0,4
2023-05-28 00:00:00,23.7,99,0.0,2.04,0.0,1
2023-05-28 01:00:00,23.4,98,0.0,1.61,0.0,4
2023-05-28 02:00:00,23.2,97,0.0,2.28,0.0,19
2023-05-28 03:00:00,22.9,98,0.0,2.47,0.0,24
2023-05-28 04:00:00,22.7,98,0.0,2.26,0.0,36
2023-05-28 05:00:00,24.0,92,32.0,2.4,0.0,100
2023-05-28 06:00:00,25.0,87,180.0,3.2,0.0,100
2023-05-28 07:00:00,26.0,82,275.0,3.14,0.0,100
2023-05-28 08:00:00,27.2,78,426.0,1.99,0.0,95
2023-05-28 09:00:00,28.0,77,483.0,1.53,0.0,57
2023-05-28 10:00:00,29.5,73,751.0,1.65,0.0,30
2023-05-28 11:00:00,30.2,70,810.0,1.39,0.0,24
2023-05-28 12:00:00,30.9,67,777.0,1.53,0.1,37
2023-05-28 13:00:00,30.4,68,636.0,1.64,0.1,48
2023-05-28 14:00:00,30.7,67,559.0,1.41,0.0,16
2023-05-28 15:00:00,30.5,65,482.0,0.76,0.0,45
2023-05-28 16:00:00,30.2,65,246.0,0.5,0.0,10
2023-05-28 17:00:00,28.6,83,117.0,1.3,0.0,3
2023-05-28 18:00:00,28.6,72,13.0,0.8,0.0,12
2023-05-28 19:00:00,27.6,79,0.0,0.14,0.0,7
2023-05-28 20:00:00,25.4,94,0.0,0.85,0.0,5
2023-05-28 21:00:00,25.0,97,0.0,0.89,0.0,14
2023-05-28 22:00:00,24.4,99,0.0,1.3,0.0,27
2023-05-28 23:00:00,24.6,99,0.0,1.02,0.0,2
2023-05-29 00:00:00,25.1,97,0.0,0.72,0.0,1
2023-05-29 01:00:00,24.1,98,0.0,1.0,0.0,0
2023-05-29 02:00:00,23.7,99,0.0,1.0,0.0,0
2023-05-29 03:00:00,23.7,99,0.0,1.04,0.0,2
2023-05-29 04:00:00,24.4,97,0.0,0.64,0.0,0
2023-05-29 05:00:00,25.4,90,36.0,0.76,0.0,0
2023-05-29 06:00:00,27.1,80,187.0,0.94,0.0,0
2023-05-29 07:00:00,28.3,75,382.0,0.7,0.0,0
2023-05-29 08:00:00,29.5,71,575.0,0.6,0.0,0
2023-05-29 09:00:00,30.7,67,738.0,0.5,0.0,0
2023-05-29 10:00:00,31.8,63,854.0,1.08,0.0,1
2023-05-29 11:00:00,32.7,58,900.0,1.25,0.0,8
2023-05-29 12:00:00,33.3,56,879.0,1.8,0.0,9
2023-05-29 13:00:00,33.3,57,792.0,2.24,0.0,17
2023-05-29 14:00:00,33.1,57,648.0,2.3,0.0,13
2023-05-29 15:00:00,32.8,57,489.0,2.22,0.0,15
2023-05-29 16:00:00,31.8,62,301.0,1.41,0.0,6
2023-05-29 17:00:00,30.6,77,128.0,1.22,0.0,4
2023-05-29 18:00:00,30.6,68,14.0,0.81,0.0,10
2023-05-29 19:00:00,28.4,81,0.0,1.36,0.0,5
2023-05-29 20:00:00,28.0,84,0.0,1.55,0.0,1
2023-05-29 21:00:00,27.0,89,0.0,1.8,0.0,0
2023-05-29 22:00:00,26.6,90,0.0,1.77,0.0,0
2023-05-29 23:00:00,26.2,91,0.0,2.01,0.0,0
2023-05-30 00:00:00,26.3,90,0.0,1.81,0.0,0
2023-05-30 01:00:00,26.1,91,0.0,1.5,0.0,0
2023-05-30 02:00:00,26.4,90,0.0,1.1,0.0,0
2023-05-30 03:00:00,27.0,87,0.0,1.25,0.0,0
2023-05-30 04:00:00,25.3,95,0.0,1.71,0.0,8
2023-05-30 05:00:00,26.4,93,39.0,0.86,0.0,52
2023-05-30 06:00:00,28.3,85,189.0,0.81,0.0,90
2023-05-30 07:00:00,29.7,77,386.0,0.58,0.0,83
2023-05-30 08:00:00,31.2,69,579.0,0.45,0.0,95
2023-05-30 09:00:00,32.3,64,741.0,0.71,0.0,99
2023-05-30 10:00:00,33.2,60,854.0,0.94,0.0,92
2023-05-30 11:00:00,33.9,58,910.0,1.03,0.0,100
2023-05-30 12:00:00,34.3,56,837.0,1.43,0.0,100
2023-05-30 13:00:00,34.7,54,812.0,1.89,0.0,93
2023-05-30 14:00:00,34.3,56,690.0,2.42,0.0,93
2023-05-30 15:00:00,33.7,59,514.0,2.78,0.0,94
2023-05-30 16:00:00,32.9,64,311.0,2.26,0.0,74
2023-05-30 17:00:00,32.2,71,133.0,1.52,0.0,55
2023-05-30 18:00:00,30.5,74,14.0,1.84,0.0,100
2023-05-30 19:00:00,30.0,75,0.0,1.97,0.0,100
2023-05-30 20:00:00,29.3,77,0.0,1.71,0.0,99
2023-05-30 21:00:00,28.4,82,0.0,2.05,0.0,81
2023-05-30 22:00:00,28.2,82,0.0,1.63,0.0,79
2023-05-30 23:00:00,28.1,81,0.0,1.8,0.0,100
2023-05-31 00:00:00,27.5,82,0.0,1.84,0.0,100
2023-05-31 01:00:00,26.9,86,0.0,2.27,0.0,48
2023-05-31 02:00:00,28.0,81,0.0,1.79,0.0,1
2023-05-31 03:00:00,26.7,89,0.0,1.84,0.0,3
2023-05-31 04:00:00,27.6,88,0.0,1.36,0.0,1
2023-05-31 05:00:00,27.4,92,39.0,1.3,0.0,27
2023-05-31 06:00:00,28.6,83,190.0,1.0,0.0,52
2023-05-31 07:00:00,29.9,74,386.0,0.85,0.0,37
2023-05-31 08:00:00,31.5,65,581.0,1.3,0.0,53
2023-05-31 09:00:00,32.8,60,744.0,2.0,0.0,47
2023-05-31 10:00:00,33.7,56,852.0,2.0,0.0,0
2023-05-31 11:00:00,34.4,53,904.0,2.51,0.0,0
2023-05-31 12:00:00,34.7,51,902.0,2.9,0.0,1
2023-05-31 13:00:00,34.9,50,834.0,3.01,0.0,0
2023-05-31 14:00:00,34.8,51,705.0,3.1,0.0,8
2023-05-31 15:00:00,34.4,53,528.0,2.75,0.0,3
2023-05-31 16:00:00,33.6,59,329.0,2.01,0.0,1
2023-05-31 17:00:00,32.7,73,136.0,1.4,0.0,2
2023-05-31 18:00:00,29.8,78,15.0,3.71,0.0,38
2023-05-31 19:00:00,27.8,80,0.0,5.12,0.1,53
2023-05-31 20:00:00,28.5,76,0.0,3.41,0.0,24
2023-05-31 21:00:00,28.5,80,0.0,1.99,0.0,8
2023-05-31 22:00:00,28.1,84,0.0,1.65,0.0,0
2023-05-31 23:00:00,27.8,86,0.0,2.1,0.0,2
2023-06-01 00:00:00,28.0,80,0.0,2.1,0.0,84
2023-06-01 01:00:00,27.3,82,0.0,1.92,0.0,100
2023-06-01 02:00:00,28.2,75,0.0,1.8,0.0,100
2023-06-01 03:00:00,28.0,76,0.0,0.58,0.0,100
2023-06-01 04:00:00,26.2,89,0.0,1.32,0.0,100
2023-06-01 05:00:00,27.9,85,34.0,1.55,0.0,100
2023-06-01 06:00:00,29.0,80,165.0,1.65,0.0,27
2023-06-01 07:00:00,29.9,76,349.0,0.64,0.0,75
2023-06-01 08:00:00,29.8,74,499.0,2.94,0.1,61
2023-06-01 09:00:00,31.1,68,560.0,2.86,0.0,25
2023-06-01 10:00:00,32.0,67,745.0,2.6,0.0,41
2023-06-01 11:00:00,33.0,63,841.0,2.53,0.0,29
2023-06-01 12:00:00,33.8,61,873.0,1.82,0.0,9
2023-06-01 13:00:00,34.2,61,816.0,2.02,0.0,51
2023-06-01 14:00:00,34.1,63,646.0,2.75,0.0,100
2023-06-01 15:00:00,33.9,65,484.0,2.5,0.0,100
2023-06-01 16:00:00,33.5,66,277.0,1.6,0.0,100
2023-06-01 17:00:00,31.2,75,128.0,0.5,0.0,38
2023-06-01 18:00:00,30.0,82,15.0,0.72,0.0,7
2023-06-01 19:00:00,28.7,92,0.0,1.52,0.0,4
2023-06-01 20:00:00,28.3,93,0.0,1.58,0.0,6
2023-06-01 21:00:00,29.4,85,0.0,0.85,0.0,41
2023-06-01 22:00:00,27.3,96,0.0,0.71,0.0,100
2023-06-01 23:00:00,26.6,99,0.0,1.02,0.0,100
2023-06-02 00:00:00,26.5,95,0.0,1.5,0.0,100
2023-06-02 01:00:00,27.8,82,0.0,0.82,0.0,92
2023-06-02 02:00:00,27.2,89,0.0,0.81,0.0,10
2023-06-02 03:00:00,25.1,100,0.0,1.84,0.0,4
2023-06-02 04:00:00,25.5,99,0.0,1.14,0.0,9
2023-06-02 05:00:00,27.0,97,40.0,1.26,0.0,6
2023-06-02 06:00:00,28.9,85,191.0,1.2,0.0,2
2023-06-02 07:00:00,30.3,77,390.0,1.12,0.0,0
2023-06-02 08:00:00,31.7,71,585.0,1.63,0.0,1
2023-06-02 09:00:00,32.8,67,744.0,1.75,0.0,29
2023-06-02 10:00:00,34.3,59,862.0,3.26,0.0,37
2023-06-02 11:00:00,35.0,54,888.0,4.44,0.0,15
2023-06-02 12:00:00,35.4,45,818.0,4.67,0.0,32
2023-06-02 13:00:00,35.6,40,710.0,5.83,0.0,15
2023-06-02 14:00:00,35.3,42,668.0,5.61,0.0,0
2023-06-02 15:00:00,34.7,47,536.0,4.36,0.0,1
2023-06-02 16:00:00,33.7,56,333.0,2.61,0.0,5
2023-06-02 17:00:00,31.5,61,142.0,4.43,0.0,3
2023-06-02 18:00:00,30.5,65,16.0,2.85,0.0,6
2023-06-02 19:00:00,30.0,69,0.0,2.53,0.0,7
2023-06-02 20:00:00,29.3,75,0.0,1.71,0.0,13
2023-06-02 21:00:00,28.0,86,0.0,1.36,0.0,10
2023-06-02 22:00:00,27.5,88,0.0,1.27,0.0,5
2023-06-02 23:00:00,26.3,94,0.0,0.98,0.0,0
2023-06-03 00:00:00,26.3,89,0.0,0.71,0.0,0
2023-06-03 01:00:00,26.3,90,0.0,1.61,0.0,0
2023-06-03 02:00:00,25.5,96,0.0,1.17,0.0,0
2023-06-03 03:00:00,25.5,96,0.0,1.26,0.0,20
2023-06-03 04:00:00,25.3,96,0.0,1.58,0.0,1
2023-06-03 05:00:00,27.1,85,40.0,1.63,0.0,1
2023-06-03 06:00:00,28.7,80,189.0,1.53,0.0,18
2023-06-03 07:00:00,29.5,78,392.0,2.81,0.5,43
2023-06-03 08:00:00,30.4,74,493.0,2.72,0.0,12
2023-06-03 09:00:00,31.6,69,710.0,2.47,0.0,6
2023-06-03 10:00:00,32.6,65,830.0,1.94,0.0,20
2023-06-03 11:00:00,33.3,62,814.0,1.98,0.0,16
2023-06-03 12:00:00,33.5,59,792.0,2.57,0.0,23
2023-06-03 13:00:00,33.3,61,740.0,2.73,0.0,31
2023-06-03 14:00:00,33.3,61,602.0,2.62,0.0,20
2023-06-03 15:00:00,33.4,62,504.0,2.75,0.0,19
2023-06-03 16:00:00,32.7,62,295.0,3.04,0.4,84
2023-06-03 17:00:00,30.6,79,100.0,3.44,0.0,100
2023-06-03 18:00:00,28.9,81,17.0,3.04,0.0,4
2023-06-03 19:00:00,28.1,81,0.0,0.91,0.0,17
2023-06-03 20:00:00,28.0,86,0.0,2.62,0.0,8
2023-06-03 21:00:00,27.8,87,0.0,2.06,0.0,0
2023-06-03 22:00:00,27.1,90,0.0,1.22,0.0,0
2023-06-03 23:00:00,26.7,95,0.0,1.49,0.0,1
2023-06-04 00:00:00,26.5,97,0.0,1.49,0.0,0
2023-06-04 01:00:00,26.1,97,0.0,1.98,0.0,0
2023-06-04 02:00:00,25.7,97,0.0,1.9,0.0,0
2023-06-04 03:00:00,25.7,95,0.0,1.9,0.0,4
2023-06-04 04:00:00,25.5,94,0.0,2.02,0.0,1
2023-06-04 05:00:00,26.1,96,40.0,0.42,0.0,4
2023-06-04 06:00:00,27.7,88,168.0,0.78,0.0,41
2023-06-04 07:00:00,29.4,80,350.0,0.63,0.0,6
2023-06-04 08:00:00,30.3,73,559.0,2.1,0.0,11
2023-06-04 09:00:00,30.2,67,695.0,4.06,0.3,72
2023-06-04 10:00:00,31.5,65,688.0,0.2,0.1,16
2023-06-04 11:00:00,32.7,63,908.0,1.3,0.0,12
2023-06-04 12:00:00,33.4,61,880.0,1.55,0.0,30
2023-06-04 13:00:00,33.8,58,740.0,1.43,0.0,23
2023-06-04 14:00:00,33.6,58,678.0,2.86,0.0,9
2023-06-04 15:00:00,33.2,61,512.0,2.67,0.0,4
2023-06-04 16:00:00,32.7,64,323.0,1.88,0.0,8
2023-06-04 17:00:00,32.3,70,140.0,2.69,0.0,21
2023-06-04 18:00:00,27.2,87,14.0,3.05,0.8,29
2023-06-04 19:00:00,27.1,88,0.0,1.8,0.0,5
2023-06-04 20:00:00,27.2,89,0.0,2.36,0.0,7
2023-06-04 21:00:00,27.5,90,0.0,1.5,0.0,1
2023-06-04 22:00:00,27.1,92,0.0,1.9,0.0,2
2023-06-04 23:00:00,27.3,90,0.0,1.02,0.0,0
2023-06-05 00:00:00,26.7,95,0.0,1.42,0.0,0
2023-06-05 01:00:00,26.3,97,0.0,1.75,0.0,0
2023-06-05 02:00:00,26.1,97,0.0,1.7,0.0,0
2023-06-05 03:00:00,25.6,97,0.0,1.12,0.0,0
2023-06-05 04:00:00,25.4,97,0.0,0.95,0.0,0
2023-06-05 05:00:00,27.2,91,41.0,1.39,0.0,0
2023-06-05 06:00:00,28.8,82,191.0,1.6,0.0,0
2023-06-05 07:00:00,30.3,75,387.0,1.28,0.0,0
2023-06-05 08:00:00,31.6,72,591.0,1.4,0.0,7
2023-06-05 09:00:00,32.7,66,705.0,0.63,0.0,8
2023-06-05 10:00:00,33.6,63,800.0,1.56,0.1,29
2023-06-05 11:00:00,34.4,58,838.0,2.15,0.0,12
2023-06-05 12:00:00,34.8,55,838.0,2.98,0.0,13
2023-06-05 13:00:00,34.9,53,747.0,3.18,0.0,17
2023-06-05 14:00:00,34.5,53,562.0,3.24,0.0,19
2023-06-05 15:00:00,34.4,53,455.0,3.24,0.0,26
2023-06-05 16:00:00,34.0,54,304.0,2.71,0.0,19
2023-06-05 17:00:00,32.0,76,132.0,1.17,0.0,6
2023-06-05 18:00:00,30.7,73,17.0,2.01,0.0,4
2023-06-05 19:00:00,30.0,75,0.0,1.92,0.0,3
2023-06-05 20:00:00,29.7,79,0.0,1.53,0.0,3
2023-06-05 21:00:00,29.1,86,0.0,1.34,0.0,3
2023-06-05 22:00:00,28.4,91,0.0,1.63,0.0,2
2023-06-05 23:00:00,28.1,91,0.0,1.8,0.0,1
2023-06-06 00:00:00,29.6,82,0.0,0.85,0.0,0
2023-06-06 01:00:00,28.5,86,0.0,0.58,0.0,0
2023-06-06 02:00:00,27.0,95,0.0,1.03,0.0,0
2023-06-06 03:00:00,26.8,95,0.0,0.99,0.0,0
2023-06-06 04:00:00,26.7,90,0.0,1.3,0.0,0
2023-06-06 05:00:00,28.4,81,40.0,2.11,0.0,0
2023-06-06 06:00:00,30.7,69,193.0,1.77,0.0,0
2023-06-06 07:00:00,32.3,65,391.0,1.73,0.0,10
2023-06-06 08:00:00,29.5,73,496.0,1.04,2.6,81
2023-06-06 09:00:00,31.8,67,583.0,1.12,0.0,0
2023-06-06 10:00:00,34.1,58,817.0,1.02,0.0,25
2023-06-06 11:00:00,34.7,54,836.0,1.93,0.0,2
2023-06-06 12:00:00,35.2,52,870.0,2.69,0.0,14
2023-06-06 13:00:00,35.2,51,817.0,3.28,0.0,14
2023-06-06 14:00:00,34.7,53,669.0,3.14,0.0,11
2023-06-06 15:00:00,34.5,55,480.0,2.62,0.0,19
2023-06-06 16:00:00,34.2,56,302.0,2.21,0.0,17
2023-06-06 17:00:00,32.6,70,130.0,1.2,0.0,14
2023-06-06 18:00:00,31.2,74,16.0,1.56,0.0,16
2023-06-06 19:00:00,30.4,78,0.0,1.53,0.0,23
2023-06-06 20:00:00,29.8,81,0.0,1.84,0.0,16
2023-06-06 21:00:00,30.7,75,0.0,1.17,0.0,11
2023-06-06 22:00:00,30.0,80,0.0,0.91,0.0,4
2023-06-06 23:00:00,29.7,82,0.0,0.58,0.0,1
2023-06-07 00:00:00,27.9,95,0.0,0.81,0.0,2
2023-06-07 01:00:00,27.6,97,0.0,1.34,0.0,3
2023-06-07 02:00:00,27.5,95,0.0,0.95,0.0,0
2023-06-07 03:00:00,27.1,96,0.0,0.85,0.0,5
2023-06-07 04:00:00,26.8,97,0.0,0.72,0.0,98
2023-06-07 05:00:00,27.6,74,40.0,4.96,0.0,92
2023-06-07 06:00:00,29.1,73,124.0,0.72,0.0,95
2023-06-07 07:00:00,31.5,64,344.0,1.02,0.0,98
2023-06-07 08:00:00,33.6,57,574.0,0.67,0.0,25
2023-06-07 09:00:00,35.1,54,733.0,1.26,0.0,1
2023-06-07 10:00:00,33.6,61,854.0,5.14,1.6,61
2023-06-07 11:00:00,32.8,66,661.0,0.89,0.0,73
2023-06-07 12:00:00,33.6,63,643.0,1.35,0.3,13
2023-06-07 13:00:00,34.2,60,728.0,1.32,0.0,14
2023-06-07 14:00:00,34.5,58,656.0,1.3,0.0,13
2023-06-07 15:00:00,34.4,57,513.0,1.39,0.0,7
2023-06-07 16:00:00,34.2,57,323.0,1.14,0.0,15
2023-06-07 17:00:00,29.3,88,136.0,1.71,0.0,29
2023-06-07 18:00:00,27.1,99,5.0,3.09,18.2,100
2023-06-07 19:00:00,27.9,92,0.0,2.15,0.5,100
2023-06-07 20:00:00,27.9,93,0.0,1.43,0.5,100
2023-06-07 21:00:00,28.0,91,0.0,1.61,0.2,99
2023-06-07 22:00:00,27.8,92,0.0,0.94,0.0,58
2023-06-07 23:00:00,27.4,95,0.0,0.54,0.0,64
2023-06-08 00:00:00,27.1,97,0.0,0.92,0.0,74
2023-06-08 01:00:00,27.1,95,0.0,0.71,0.0,63
2023-06-08 02:00:00,26.7,97,0.0,0.63,0.0,42
2023-06-08 03:00:00,26.9,96,0.0,0.89,0.0,53
2023-06-08 04:00:00,26.8,97,0.0,1.21,0.2,100
2023-06-08 05:00:00,28.4,93,26.0,2.06,0.2,100
2023-06-08 06:00:00,30.1,83,175.0,1.43,0.0,64
2023-06-08 07:00:00,32.1,69,339.0,0.92,0.0,5
2023-06-08 08:00:00,33.3,64,537.0,0.94,0.0,12
2023-06-08 09:00:00,33.0,66,714.0,3.4,3.5,53
2023-06-08 10:00:00,29.7,78,719.0,2.67,15.7,100
2023-06-08 11:00:00,27.4,90,0.0,3.0,1.8,100
2023-06-08 12:00:00,28.0,88,348.0,2.92,1.5,100
2023-06-08 13:00:00,29.9,77,416.0,1.04,0.2,100
2023-06-08 14:00:00,30.2,75,303.0,1.22,0.0,100
2023-06-08 15:00:00,30.5,75,291.0,1.2,0.0,100
2023-06-08 16:00:00,30.4,76,180.0,1.04,0.0,100
2023-06-08 17:00:00,30.0,84,101.0,0.36,0.0,100
2023-06-08 18:00:00,28.5,91,2.0,1.73,0.9,100
2023-06-08 19:00:00,29.1,84,0.0,1.28,0.6,100
2023-06-08 20:00:00,27.7,90,0.0,3.36,9.4,100
2023-06-08 21:00:00,27.3,93,0.0,2.6,2.2,100
2023-06-08 22:00:00,27.8,94,0.0,1.02,2.2,100
2023-06-08 23:00:00,27.7,93,0.0,0.57,1.4,100
2023-06-09 00:00:00,26.3,96,0.0,1.82,9.4,100
2023-06-09 01:00:00,26.2,96,0.0,1.53,2.2,100
2023-06-09 02:00:00,25.9,99,0.0,1.7,21.1,100
2023-06-09 03:00:00,25.9,97,0.0,1.0,1.9,100
2023-06-09 04:00:00,25.7,97,0.0,1.94,3.8,100
2023-06-09 05:00:00,26.1,93,6.0,0.81,0.6,100
2023-06-09 06:00:00,28.0,92,150.0,2.42,0.0,100
2023-06-09 07:00:00,27.5,87,253.0,4.13,9.0,100
2023-06-09 08:00:00,26.5,94,88.0,2.02,1.3,100
2023-06-09 09:00:00,26.7,94,86.0,1.46,1.4,100
2023-06-09 10:00:00,27.5,89,321.0,1.78,0.4,100
2023-06-09 11:00:00,27.9,87,275.0,1.84,0.3,100
2023-06-09 12:00:00,29.4,81,478.0,1.88,0.4,100
2023-06-09 13:00:00,29.7,79,417.0,2.11,0.3,100
2023-06-09 14:00:00,30.1,77,429.0,1.7,0.0,100
2023-06-09 15:00:00,30.8,74,357.0,0.8,0.0,100
2023-06-09 16:00:00,30.8,74,270.0,1.86,0.0,100
2023-06-09 17:00:00,30.2,79,102.0,1.35,0.0,100
2023-06-09 18:00:00,28.6,85,13.0,1.06,0.0,100
2023-06-09 19:00:00,28.1,91,0.0,0.95,0.0,100
2023-06-09 20:00:00,27.6,96,0.0,0.95,0.0,100
2023-06-09 21:00:00,27.3,96,0.0,0.41,1.5,100
2023-06-09 22:00:00,26.3,96,0.0,2.33,5.8,100
2023-06-09 23:00:00,26.2,96,0.0,1.1,2.5,100
2023-06-10 00:00:00,25.9,95,0.0,1.34,3.1,100
2023-06-10 01:00:00,25.5,97,0.0,1.2,6.6,100
2023-06-10 02:00:00,25.4,96,0.0,1.32,5.5,100
2023-06-10 03:00:00,25.7,95,0.0,1.0,7.0,100
2023-06-10 04:00:00,25.6,95,0.0,1.17,14.3,100
2023-06-10 05:00:00,26.6,95,1.0,1.03,13.1,100
2023-06-10 06:00:00,26.7,93,23.0,1.57,3.7,100
2023-06-10 07:00:00,27.0,92,102.0,1.9,2.3,100
2023-06-10 08:00:00,26.9,92,143.0,1.77,4.6,100
2023-06-10 09:00:00,27.0,92,142.0,2.95,1.4,97
2023-06-10 10:00:00,28.4,85,439.0,3.14,0.3,96
2023-06-10 11:00:00,29.5,80,644.0,2.26,0.4,95
2023-06-10 12:00:00,29.7,80,538.0,1.6,0.5,100
2023-06-10 13:00:00,30.4,77,540.0,1.2,0.2,100
2023-06-10 14:00:00,31.2,73,534.0,0.81,0.2,99
2023-06-10 15:00:00,31.4,73,476.0,1.17,0.1,100
2023-06-10 16:00:00,30.7,75,277.0,1.12,0.9,99
2023-06-10 17:00:00,29.4,82,99.0,1.22,1.5,100
2023-06-10 18:00:00,28.1,89,14.0,1.32,0.0,100
2023-06-10 19:00:00,27.6,89,0.0,1.27,0.0,100
2023-06-10 20:00:00,26.9,92,0.0,0.64,5.7,100
2023-06-10 21:00:00,26.1,96,0.0,1.58,6.3,100
2023-06-10 22:00:00,25.8,98,0.0,1.42,1.5,100
2023-06-10 23:00:00,25.9,95,0.0,1.12,0.7,100
2023-06-11 00:00:00,25.8,96,0.0,1.1,2.7,100
2023-06-11 01:00:00,25.6,97,0.0,1.0,5.8,100
2023-06-11 02:00:00,25.6,96,0.0,1.14,10.1,100
2023-06-11 03:00:00,25.6,95,0.0,0.41,8.8,100
2023-06-11 04:00:00,25.6,95,0.0,0.41,10.5,100
2023-06-11 05:00:00,26.1,95,3.0,2.55,5.0,100
2023-06-11 06:00:00,25.9,96,25.0,2.21,1.5,100
2023-06-11 07:00:00,26.2,93,81.0,2.69,0.9,100
2023-06-11 08:00:00,27.2,87,343.0,3.13,2.0,100
2023-06-11 09:00:00,26.5,89,58.0,1.56,4.6,100
2023-06-11 10:00:00,26.6,89,78.0,1.84,5.5,100
2023-06-11 11:00:00,26.8,89,93.0,2.14,2.4,100
2023-06-11 12:00:00,27.2,86,242.0,1.9,0.8,100
2023-06-11 13:00:00,28.3,80,457.0,1.93,0.2,64
2023-06-11 14:00:00,28.9,77,566.0,2.81,0.0,38
2023-06-11 15:00:00,29.2,77,499.0,2.67,0.0,55
2023-06-11 16:00:00,29.0,77,294.0,3.06,0.0,62
2023-06-11 17:00:00,28.0,83,137.0,2.1,0.0,27
2023-06-11 18:00:00,27.0,89,18.0,2.06,0.0,49
2023-06-11 19:00:00,26.4,92,0.0,2.53,0.0,61
2023-06-11 20:00:00,26.2,94,0.0,2.75,0.0,65
2023-06-11 21:00:00,25.9,96,0.0,2.35,0.0,54
2023-06-11 22:00:00,25.6,97,0.0,1.84,0.0,37
2023-06-11 23:00:00,25.2,98,0.0,1.84,0.0,45
2023-06-12 00:00:00,24.9,98,0.0,2.05,0.0,24
2023-06-12 01:00:00,24.5,98,0.0,1.44,0.0,29
2023-06-12 02:00:00,24.5,98,0.0,1.46,0.0,71
2023-06-12 03:00:00,24.8,97,0.0,1.6,0.0,100
2023-06-12 04:00:00,25.1,96,0.0,1.6,0.0,100
2023-06-12 05:00:00,25.9,93,19.0,2.01,0.0,95
2023-06-12 06:00:00,26.7,90,144.0,1.6,0.0,40
2023-06-12 07:00:00,27.5,86,259.0,1.77,0.0,30
2023-06-12 08:00:00,29.0,80,514.0,1.4,0.0,57
2023-06-12 09:00:00,29.9,76,603.0,0.5,0.0,77
2023-06-12 10:00:00,31.0,73,791.0,0.5,0.1,67
2023-06-12 11:00:00,32.0,69,854.0,1.5,0.1,89
2023-06-12 12:00:00,31.7,72,820.0,2.37,0.1,100
2023-06-12 13:00:00,30.0,74,706.0,2.42,0.6,96
2023-06-12 14:00:00,29.8,76,349.0,1.52,0.2,62
2023-06-12 15:00:00,30.0,76,386.0,1.86,0.2,100
2023-06-12 16:00:00,29.8,78,253.0,1.53,0.0,98
2023-06-12 17:00:00,29.1,80,116.0,0.89,0.0,100
2023-06-12 18:00:00,28.3,86,16.0,1.21,0.0,72
2023-06-12 19:00:00,27.4,90,0.0,1.24,0.0,98
2023-06-12 20:00:00,27.0,90,0.0,1.42,0.2,92
2023-06-12 21:00:00,25.0,99,0.0,2.35,9.5,100
2023-06-12 22:00:00,25.0,97,0.0,3.0,4.6,96
2023-06-12 23:00:00,25.1,97,0.0,0.81,0.4,77
2023-06-13 00:00:00,24.8,98,0.0,2.12,0.5,67
2023-06-13 01:00:00,24.6,98,0.0,0.92,0.4,76
2023-06-13 02:00:00,24.8,95,0.0,1.12,0.0,100
2023-06-13 03:00:00,24.3,98,0.0,0.76,0.0,96
2023-06-13 04:00:00,24.6,96,0.0,0.51,0.0,100
2023-06-13 05:00:00,25.2,94,21.0,1.68,0.0,100
2023-06-13 06:00:00,25.8,91,87.0,2.11,0.1,100
2023-06-13 07:00:00,26.3,93,225.0,3.47,0.7,95
2023-06-13 08:00:00,26.5,90,237.0,1.58,0.6,100
2023-06-13 09:00:00,27.2,85,355.0,1.8,0.0,57
2023-06-13 10:00:00,29.6,74,694.0,1.53,0.0,73
2023-06-13 11:00:00,31.3,69,856.0,2.1,0.0,16
2023-06-13 12:00:00,31.6,69,856.0,1.44,0.0,13
2023-06-13 13:00:00,31.9,68,789.0,1.48,0.0,9
2023-06-13 14:00:00,30.2,76,675.0,4.36,0.5,69
2023-06-13 15:00:00,28.9,84,399.0,2.1,0.3,58
2023-06-13 16:00:00,29.2,83,271.0,0.8,0.0,57
2023-06-13 17:00:00,29.2,80,129.0,1.4,0.0,47
2023-06-13 18:00:00,27.9,88,17.0,0.9,0.4,96
2023-06-13 19:00:00,27.3,90,0.0,2.86,0.4,97
2023-06-13 20:00:00,26.3,92,0.0,2.75,0.0,68
2023-06-13 21:00:00,25.7,96,0.0,0.57,0.0,91
2023-06-13 22:00:00,26.0,94,0.0,0.36,0.0,93
2023-06-13 23:00:00,25.3,97,0.0,1.17,0.0,91
2023-06-14 00:00:00,25.3,97,0.0,1.3,0.0,99
2023-06-14 01:00:00,25.5,94,0.0,2.32,0.1,100
2023-06-14 02:00:00,25.5,95,0.0,1.61,0.0,100
2023-06-14 03:00:00,25.0,96,0.0,2.69,0.1,100
2023-06-14 04:00:00,24.9,95,0.0,2.05,0.1,95
2023-06-14 05:00:00,25.8,96,23.0,1.7,1.0,100
2023-06-14 06:00:00,26.0,93,72.0,1.57,2.2,100
2023-06-14 07:00:00,25.4,95,140.0,2.37,1.6,100
2023-06-14 08:00:00,25.6,93,159.0,1.14,2.8,100
2023-06-14 09:00:00,24.6,98,106.0,3.14,5.7,100
2023-06-14 10:00:00,25.0,94,69.0,0.61,3.9,100
2023-06-14 11:00:00,26.0,91,217.0,1.21,2.4,100
2023-06-14 12:00:00,26.0,90,233.0,0.32,1.7,100
2023-06-14 13:00:00,26.8,86,305.0,1.3,0.5,100
2023-06-14 14:00:00,27.5,82,363.0,1.43,0.0,100
2023-06-14 15:00:00,27.4,83,207.0,1.35,0.1,100
2023-06-14 16:00:00,27.0,86,135.0,0.67,0.0,100
2023-06-14 17:00:00,28.0,84,69.0,1.5,0.0,100
2023-06-14 18:00:00,26.4,92,14.0,2.0,0.0,100
2023-06-14 19:00:00,24.5,99,0.0,4.83,1.8,100
2023-06-14 20:00:00,24.1,98,0.0,0.98,1.3,100
2023-06-14 21:00:00,24.1,95,0.0,1.26,3.0,96
2023-06-14 22:00:00,24.2,97,0.0,1.04,0.2,77
2023-06-14 23:00:00,24.0,97,0.0,1.17,0.0,95
2023-06-15 00:00:00,24.0,97,0.0,2.75,0.1,100
2023-06-15 01:00:00,24.0,98,0.0,3.14,0.3,100
2023-06-15 02:00:00,24.2,98,0.0,2.24,0.6,100
2023-06-15 03:00:00,24.1,98,0.0,2.97,0.6,100
2023-06-15 04:00:00,24.2,96,0.0,2.52,2.0,100
2023-06-15 05:00:00,24.5,97,9.0,1.56,1.5,100
2023-06-15 06:00:00,25.0,94,92.0,3.2,0.1,100
2023-06-15 07:00:00,25.7,90,169.0,2.86,0.0,100
2023-06-15 08:00:00,27.0,84,316.0,3.3,0.0,100
2023-06-15 09:00:00,28.2,79,475.0,4.24,0.0,100
2023-06-15 10:00:00,29.3,77,461.0,4.66,0.0,100
2023-06-15 11:00:00,30.2,76,512.0,3.99,0.0,99
2023-06-15 12:00:00,31.1,72,658.0,3.5,0.0,67
2023-06-15 13:00:00,31.8,70,776.0,3.4,0.0,96
2023-06-15 14:00:00,29.5,77,581.0,3.55,0.5,100
2023-06-15 15:00:00,27.3,89,88.0,2.38,1.0,100
2023-06-15 16:00:00,26.8,89,29.0,2.4,0.8,100
2023-06-15 17:00:00,25.9,89,27.0,3.72,0.0,100
2023-06-15 18:00:00,25.2,91,16.0,4.68,0.0,97
2023-06-15 19:00:00,24.6,95,0.0,2.66,0.2,100
2023-06-15 20:00:00,24.5,97,0.0,2.8,0.8,74
2023-06-15 21:00:00,24.6,94,0.0,3.71,0.0,82
2023-06-15 22:00:00,24.4,94,0.0,3.42,0.0,93
2023-06-15 23:00:00,24.2,94,0.0,3.4,0.1,80
2023-06-16 00:00:00,24.0,96,0.0,3.21,0.2,100
2023-06-16 01:00:00,24.0,95,0.0,2.62,1.9,100
2023-06-16 02:00:00,24.1,95,0.0,2.1,2.4,100
2023-06-16 03:00:00,23.9,96,0.0,2.3,5.7,100
2023-06-16 04:00:00,24.1,96,0.0,0.72,3.1,100
2023-06-16 05:00:00,23.2,98,4.0,1.65,1.9,100
2023-06-16 06:00:00,23.3,97,33.0,0.91,0.8,100
2023-06-16 07:00:00,24.0,92,129.0,3.28,0.2,100
2023-06-16 08:00:00,25.1,87,349.0,4.81,0.4,100
2023-06-16 09:00:00,26.2,82,438.0,4.49,0.3,100
2023-06-16 10:00:00,24.6,94,135.0,1.04,11.1,100
2023-06-16 11:00:00,25.0,91,163.0,1.89,3.0,100
2023-06-16 12:00:00,26.0,86,319.0,1.7,0.0,100
2023-06-16 13:00:00,26.3,86,307.0,3.09,0.0,100
2023-06-16 14:00:00,26.4,85,283.0,3.18,0.2,100
2023-06-16 15:00:00,26.7,84,264.0,3.01,0.1,92
2023-06-16 16:00:00,26.5,86,153.0,2.42,0.2,69
2023-06-16 17:00:00,26.0,91,88.0,2.62,0.1,54
2023-06-16 18:00:00,25.3,94,14.0,3.08,0.1,81
2023-06-16 19:00:00,24.7,96,0.0,3.28,0.0,38
2023-06-16 20:00:00,24.2,96,0.0,3.35,0.0,35
2023-06-16 21:00:00,23.9,96,0.0,2.72,0.0,58
2023-06-16 22:00:00,23.7,96,0.0,2.82,0.1,100
2023-06-16 23:00:00,23.5,96,0.0,3.24,0.1,100
2023-06-17 00:00:00,23.1,98,0.0,3.49,0.5,100
2023-06-17 01:00:00,23.1,98,0.0,2.31,1.2,100
2023-06-17 02:00:00,22.9,99,0.0,2.14,4.5,100
2023-06-17 03:00:00,22.9,99,0.0,3.91,7.7,100
2023-06-17 04:00:00,22.9,100,0.0,2.19,4.0,100
2023-06-17 05:00:00,23.1,97,5.0,0.57,23.4,100
2023-06-17 06:00:00,23.3,95,47.0,1.43,4.0,100
2023-06-17 07:00:00,23.7,93,125.0,2.11,7.2,100
2023-06-17 08:00:00,24.1,92,100.0,2.1,3.5,100
2023-06-17 09:00:00,23.9,93,81.0,3.2,2.2,100
2023-06-17 10:00:00,24.5,91,149.0,0.5,6.3,100
2023-06-17 11:00:00,24.5,93,71.0,1.53,10.2,100
2023-06-17 12:00:00,26.1,86,288.0,2.1,0.1,90
2023-06-17 13:00:00,27.4,82,601.0,1.82,0.2,62
2023-06-17 14:00:00,28.0,79,488.0,2.42,0.2,100
2023-06-17 15:00:00,27.9,78,269.0,2.55,0.3,83
2023-06-17 16:00:00,27.7,80,200.0,3.18,0.3,79
2023-06-17 17:00:00,26.1,86,84.0,3.45,1.0,100
2023-06-17 18:00:00,25.2,91,16.0,3.01,0.1,41
2023-06-17 19:00:00,24.6,93,0.0,2.61,0.1,75
2023-06-17 20:00:00,24.4,93,0.0,2.8,0.0,94
2023-06-17 21:00:00,24.2,94,0.0,2.0,0.1,100
2023-06-17 22:00:00,24.2,94,0.0,1.75,0.4,100
2023-06-17 23:00:00,23.8,96,0.0,2.28,0.9,100
2023-06-18 00:00:00,23.7,97,0.0,2.5,0.0,91
2023-06-18 01:00:00,23.5,98,0.0,2.86,0.1,100
2023-06-18 02:00:00,23.4,98,0.0,3.4,0.1,100
2023-06-18 03:00:00,23.4,98,0.0,3.08,0.4,100
2023-06-18 04:00:00,23.5,97,0.0,0.98,3.7,100
2023-06-18 05:00:00,23.4,98,2.0,2.55,7.0,100
2023-06-18 06:00:00,23.4,97,20.0,2.53,2.0,100
2023-06-18 07:00:00,23.7,96,46.0,2.24,3.0,100
2023-06-18 08:00:00,24.3,94,122.0,3.47,2.2,100
2023-06-18 09:00:00,25.0,92,175.0,5.06,1.3,100
2023-06-18 10:00:00,24.8,93,113.0,4.9,1.8,100
2023-06-18 11:00:00,25.3,93,193.0,4.65,3.7,100
2023-06-18 12:00:00,25.7,90,211.0,2.72,2.5,100
2023-06-18 13:00:00,25.4,93,86.0,2.5,3.9,100
2023-06-18 14:00:00,25.4,94,100.0,1.52,3.3,100
2023-06-18 15:00:00,25.0,96,41.0,2.33,4.0,100
2023-06-18 16:00:00,25.0,95,62.0,1.72,2.4,100
2023-06-18 17:00:00,25.8,92,10.0,1.03,0.5,100
2023-06-18 18:00:00,25.2,96,2.0,0.45,4.9,100
2023-06-18 19:00:00,25.3,92,0.0,0.28,3.3,100
2023-06-18 20:00:00,24.7,97,0.0,1.5,1.6,100
2023-06-18 21:00:00,24.5,98,0.0,1.73,0.3,100
2023-06-18 22:00:00,24.0,100,0.0,1.49,2.6,100
2023-06-18 23:00:00,23.8,100,0.0,1.43,2.5,100
2023-06-19 00:00:00,23.8,99,0.0,2.25,0.9,100
2023-06-19 01:00:00,23.7,99,0.0,1.64,1.8,100
2023-06-19 02:00:00,23.8,98,0.0,1.03,2.0,100
2023-06-19 03:00:00,23.7,99,0.0,1.75,1.0,100
2023-06-19 04:00:00,23.6,99,0.0,2.24,4.4,100
2023-06-19 05:00:00,24.2,99,9.0,3.04,2.2,100
2023-06-19 06:00:00,24.5,98,69.0,2.89,1.2,100
2023-06-19 07:00:00,25.0,96,160.0,2.33,1.5,100
2023-06-19 08:00:00,25.3,94,120.0,2.24,3.4,100
2023-06-19 09:00:00,25.6,94,124.0,2.86,2.3,100
2023-06-19 10:00:00,25.8,92,186.0,4.43,2.5,100
2023-06-19 11:00:00,27.0,86,452.0,4.8,0.8,100
2023-06-19 12:00:00,27.7,80,407.0,3.81,0.2,100
2023-06-19 13:00:00,26.3,89,48.0,2.7,2.0,100
2023-06-19 14:00:00,26.1,92,35.0,2.0,8.1,100
2023-06-19 15:00:00,26.4,93,72.0,2.46,8.0,100
2023-06-19 16:00:00,25.9,95,25.0,1.12,6.9,100
2023-06-19 17:00:00,25.8,97,15.0,0.71,9.7,100
2023-06-19 18:00:00,25.1,99,6.0,0.76,0.5,100
2023-06-19 19:00:00,24.9,99,0.0,0.54,0.5,100
2023-06-19 20:00:00,24.7,99,0.0,0.71,0.2,100
2023-06-19 21:00:00,24.6,99,0.0,1.08,0.0,100
2023-06-19 22:00:00,24.4,100,0.0,0.86,0.0,100
2023-06-19 23:00:00,24.4,99,0.0,0.41,0.0,100
2023-06-20 00:00:00,24.5,99,0.0,0.92,0.1,100
2023-06-20 01:00:00,24.3,98,0.0,1.39,1.8,100
2023-06-20 02:00:00,24.1,98,0.0,1.99,1.2,100
2023-06-20 03:00:00,24.0,99,0.0,2.73,6.5,100
2023-06-20 04:00:00,24.1,98,0.0,3.13,7.9,100
2023-06-20 05:00:00,24.3,97,5.0,1.39,3.1,100
2023-06-20 06:00:00,24.4,97,32.0,1.0,4.2,100
2023-06-20 07:00:00,24.2,97,29.0,0.92,6.8,100
2023-06-20 08:00:00,24.7,95,85.0,1.25,0.5,100
2023-06-20 09:00:00,26.2,89,335.0,1.68,0.6,100
2023-06-20 10:00:00,27.1,86,385.0,1.6,2.2,100
2023-06-20 11:00:00,26.8,89,288.0,1.61,1.8,100
2023-06-20 12:00:00,27.3,87,382.0,0.98,0.8,96
2023-06-20 13:00:00,28.6,80,556.0,0.32,0.3,100
2023-06-20 14:00:00,28.7,82,415.0,1.3,0.1,100
2023-06-20 15:00:00,27.7,87,222.0,1.08,0.1,100
2023-06-20 16:00:00,27.4,88,132.0,1.49,0.1,100
2023-06-20 17:00:00,27.1,88,66.0,1.06,0.1,100
2023-06-20 18:00:00,26.6,91,9.0,1.2,0.2,100
2023-06-20 19:00:00,26.0,95,0.0,1.17,0.1,100
2023-06-20 20:00:00,25.5,99,0.0,1.24,0.0,100
2023-06-20 21:00:00,25.1,99,0.0,0.42,0.0,100
2023-06-20 22:00:00,25.0,96,0.0,0.45,0.0,100
2023-06-20 23:00:00,24.6,98,0.0,0.5,0.0,100
2023-06-21 00:00:00,24.5,97,0.0,0.2,0.0,100
2023-06-21 01:00:00,24.4,97,0.0,1.12,0.0,100
2023-06-21 02:00:00,24.2,98,0.0,1.75,0.0,100
2023-06-21 03:00:00,24.3,97,0.0,1.75,0.0,100
2023-06-21 04:00:00,24.2,98,0.0,1.53,0.0,100
2023-06-21 05:00:00,24.9,98,13.0,1.33,0.2,100
2023-06-21 06:00:00,25.0,96,35.0,0.32,1.2,100
2023-06-21 07:00:00,25.2,95,128.0,0.54,0.9,100
2023-06-21 08:00:00,25.6,91,178.0,1.24,0.3,100
2023-06-21 09:00:00,25.7,92,158.0,1.43,0.6,100
2023-06-21 10:00:00,26.2,90,223.0,0.0,1.2,100
2023-06-21 11:00:00,28.1,80,531.0,0.85,0.8,100
2023-06-21 12:00:00,28.8,77,468.0,0.5,0.4,100
2023-06-21 13:00:00,29.0,78,416.0,1.36,0.2,100
2023-06-21 14:00:00,29.0,78,365.0,1.63,0.0,100
2023-06-21 15:00:00,28.9,79,344.0,1.42,0.0,100
2023-06-21 16:00:00,28.1,83,166.0,2.14,0.0,100
2023-06-21 17:00:00,27.5,86,80.0,0.5,0.2,100
2023-06-21 18:00:00,26.2,93,20.0,0.71,2.2,100
2023-06-21 19:00:00,25.7,94,0.0,1.66,2.6,100
2023-06-21 20:00:00,25.2,97,0.0,0.54,0.0,100
2023-06-21 21:00:00,25.1,96,0.0,1.14,0.0,100
2023-06-21 22:00:00,24.9,98,0.0,0.41,0.0,100
2023-06-21 23:00:00,24.8,98,0.0,1.39,0.0,100
2023-06-22 00:00:00,24.9,96,0.0,1.17,0.0,100
2023-06-22 01:00:00,24.8,95,0.0,1.12,0.1,100
2023-06-22 02:00:00,24.5,97,0.0,0.81,0.1,100
2023-06-22 03:00:00,24.4,98,0.0,1.43,0.7,100
2023-06-22 04:00:00,24.5,96,0.0,1.7,0.3,100
2023-06-22 05:00:00,25.1,98,13.0,1.12,0.5,100
2023-06-22 06:00:00,24.9,97,11.0,1.7,3.3,100
2023-06-22 07:00:00,24.6,98,24.0,0.63,4.7,100
2023-06-22 08:00:00,24.8,96,61.0,0.71,4.0,100
2023-06-22 09:00:00,25.9,90,171.0,1.72,2.1,100
2023-06-22 10:00:00,26.6,87,193.0,1.48,1.4,100
2023-06-22 11:00:00,27.6,84,325.0,1.27,0.9,100
2023-06-22 12:00:00,29.0,79,559.0,1.2,0.5,100
2023-06-22 13:00:00,29.6,77,502.0,1.22,0.1,100
2023-06-22 14:00:00,29.6,77,348.0,0.71,0.0,100
2023-06-22 15:00:00,29.9,75,314.0,0.76,0.0,100
2023-06-22 16:00:00,29.7,76,216.0,1.14,0.0,97
2023-06-22 17:00:00,27.7,91,127.0,0.89,0.0,53
2023-06-22 18:00:00,26.6,92,16.0,0.86,0.0,100
2023-06-22 19:00:00,26.0,96,0.0,1.61,0.0,61
2023-06-22 20:00:00,25.4,98,0.0,1.21,0.0,44
2023-06-22 21:00:00,25.0,99,0.0,1.33,0.0,18
2023-06-22 22:00:00,24.7,100,0.0,1.3,0.0,50
2023-06-22 23:00:00,25.0,99,0.0,1.13,0.0,38
2023-06-23 00:00:00,25.0,99,0.0,0.82,0.0,27
2023-06-23 01:00:00,25.1,98,0.0,1.14,0.0,48
2023-06-23 02:00:00,25.1,96,0.0,1.84,0.0,43
2023-06-23 03:00:00,25.3,92,0.0,2.06,0.0,49
2023-06-23 04:00:00,24.5,96,0.0,1.33,0.1,74
2023-06-23 05:00:00,25.8,96,23.0,0.89,0.2,72
2023-06-23 06:00:00,26.0,95,97.0,1.33,0.7,96
2023-06-23 07:00:00,27.0,91,252.0,1.82,0.6,100
2023-06-23 08:00:00,27.5,87,333.0,1.36,1.4,100
2023-06-23 09:00:00,28.3,83,455.0,1.39,0.7,62
2023-06-23 10:00:00,29.8,78,702.0,1.17,0.4,41
2023-06-23 11:00:00,30.8,73,810.0,0.98,0.2,28
2023-06-23 12:00:00,31.4,71,808.0,1.51,0.0,15
2023-06-23 13:00:00,32.1,69,800.0,2.06,0.0,15
2023-06-23 14:00:00,32.4,68,677.0,2.28,0.0,32
2023-06-23 15:00:00,32.3,68,516.0,2.2,0.0,31
2023-06-23 16:00:00,31.7,71,324.0,2.16,0.0,35
2023-06-23 17:00:00,28.5,85,143.0,2.56,0.0,42
2023-06-23 18:00:00,27.9,92,15.0,0.78,0.2,64
2023-06-23 19:00:00,27.2,93,0.0,0.92,0.0,55
2023-06-23 20:00:00,26.7,94,0.0,2.0,0.8,60
2023-06-23 21:00:00,26.2,95,0.0,2.18,0.0,32
2023-06-23 22:00:00,26.0,94,0.0,1.12,0.1,29
2023-06-23 23:00:00,26.1,96,0.0,1.35,0.1,84
2023-06-24 00:00:00,26.0,96,0.0,1.9,0.4,65
2023-06-24 01:00:00,25.4,96,0.0,3.57,2.8,100
2023-06-24 02:00:00,24.9,95,0.0,2.42,3.2,58
2023-06-24 03:00:00,25.1,96,0.0,1.17,0.1,91
2023-06-24 04:00:00,25.1,96,0.0,1.7,0.0,100
2023-06-24 05:00:00,25.9,95,33.0,2.31,0.0,44
2023-06-24 06:00:00,26.5,90,97.0,2.55,1.0,100
2023-06-24 07:00:00,26.2,94,177.0,2.73,1.5,100
2023-06-24 08:00:00,27.4,89,303.0,1.79,0.2,100
2023-06-24 09:00:00,28.1,86,302.0,1.3,0.0,100
2023-06-24 10:00:00,30.2,76,642.0,1.72,0.0,100
2023-06-24 11:00:00,31.3,72,741.0,1.12,0.0,54
2023-06-24 12:00:00,32.5,67,812.0,1.4,0.1,45
2023-06-24 13:00:00,32.4,69,757.0,1.66,0.1,54
2023-06-24 14:00:00,32.5,70,668.0,1.28,0.1,68
2023-06-24 15:00:00,31.5,72,348.0,1.0,2.6,82
2023-06-24 16:00:00,31.4,73,297.0,1.13,0.0,80
2023-06-24 17:00:00,30.7,79,136.0,2.02,0.0,100
2023-06-24 18:00:00,29.0,81,21.0,2.43,0.0,71
2023-06-24 19:00:00,28.0,83,0.0,1.55,0.0,70
2023-06-24 20:00:00,27.5,87,0.0,1.3,0.0,69
2023-06-24 21:00:00,27.1,91,0.0,1.1,0.0,80
2023-06-24 22:00:00,26.6,95,0.0,1.41,0.0,50
2023-06-24 23:00:00,26.8,94,0.0,0.95,0.0,86
2023-06-25 00:00:00,26.7,92,0.0,2.16,1.0,84
2023-06-25 01:00:00,26.4,95,0.0,1.13,1.0,59
2023-06-25 02:00:00,25.9,95,0.0,1.92,1.6,82
2023-06-25 03:00:00,25.6,92,0.0,2.73,0.0,37
2023-06-25 04:00:00,25.0,97,0.0,2.6,0.0,73
2023-06-25 05:00:00,26.6,94,27.0,2.57,0.1,63
2023-06-25 06:00:00,27.6,90,134.0,2.22,0.0,44
2023-06-25 07:00:00,28.8,83,344.0,3.34,0.0,43
2023-06-25 08:00:00,29.6,79,436.0,3.49,0.0,34
2023-06-25 09:00:00,30.3,76,573.0,2.93,0.7,37
2023-06-25 10:00:00,31.6,72,779.0,2.53,0.1,50
2023-06-25 11:00:00,32.0,72,758.0,1.84,0.1,39
2023-06-25 12:00:00,32.7,71,834.0,2.19,0.1,46
2023-06-25 13:00:00,31.2,73,767.0,1.56,5.0,84
2023-06-25 14:00:00,31.1,75,493.0,1.26,0.3,52
2023-06-25 15:00:00,30.7,76,444.0,2.26,0.5,97
2023-06-25 16:00:00,29.6,82,159.0,1.56,0.2,76
2023-06-25 17:00:00,29.0,83,112.0,1.17,0.0,72
2023-06-25 18:00:00,28.4,87,8.0,0.86,0.5,100
2023-06-25 19:00:00,26.9,93,0.0,2.72,2.4,55
2023-06-25 20:00:00,26.7,94,0.0,3.35,0.1,68
2023-06-25 21:00:00,26.4,93,0.0,2.79,0.5,33
2023-06-25 22:00:00,26.4,93,0.0,1.82,0.1,42
2023-06-25 23:00:00,26.0,95,0.0,2.75,0.2,93
2023-06-26 00:00:00,26.1,95,0.0,0.61,0.3,87
2023-06-26 01:00:00,25.5,98,0.0,1.61,8.1,100
2023-06-26 02:00:00,25.1,97,0.0,2.53,1.7,100
2023-06-26 03:00:00,25.1,96,0.0,2.79,3.6,100
2023-06-26 04:00:00,25.0,97,0.0,1.44,0.9,100
2023-06-26 05:00:00,26.4,93,16.0,1.91,10.3,100
2023-06-26 06:00:00,27.3,88,151.0,1.08,0.0,61
2023-06-26 07:00:00,27.8,86,325.0,3.05,0.0,50
2023-06-26 08:00:00,29.0,81,417.0,2.19,0.0,100
2023-06-26 09:00:00,30.2,77,536.0,1.92,0.1,41
2023-06-26 10:00:00,31.0,75,597.0,1.52,0.2,36
2023-06-26 11:00:00,32.1,72,791.0,0.85,0.1,34
2023-06-26 12:00:00,32.8,71,830.0,0.5,0.0,39
2023-06-26 13:00:00,32.9,71,779.0,0.28,0.1,100
2023-06-26 14:00:00,32.4,73,553.0,0.58,1.3,100
2023-06-26 15:00:00,31.6,76,449.0,1.66,1.9,100
2023-06-26 16:00:00,27.4,90,183.0,2.64,11.3,100
2023-06-26 17:00:00,30.1,83,58.0,3.42,0.1,75
2023-06-26 18:00:00,27.8,89,18.0,0.36,3.9,98
2023-06-26 19:00:00,27.2,94,0.0,3.86,4.1,97
2023-06-26 20:00:00,27.0,94,0.0,0.7,1.5,99
2023-06-26 21:00:00,26.5,96,0.0,1.98,5.6,94
2023-06-26 22:00:00,26.6,95,0.0,0.92,0.4,44
2023-06-26 23:00:00,26.0,97,0.0,2.02,6.4,100
2023-06-27 00:00:00,25.8,98,0.0,0.91,2.3,100
2023-06-27 01:00:00,25.3,99,0.0,2.04,1.8,100
2023-06-27 02:00:00,25.2,98,0.0,2.75,0.4,100
2023-06-27 03:00:00,24.9,100,0.0,2.31,1.1,100
2023-06-27 04:00:00,25.1,95,0.0,3.09,0.1,100
2023-06-27 05:00:00,26.8,94,21.0,2.5,0.1,99
2023-06-27 06:00:00,26.6,94,53.0,1.89,5.3,100
2023-06-27 07:00:00,26.8,92,45.0,1.62,0.6,100
2023-06-27 08:00:00,27.0,92,176.0,2.72,1.1,100
2023-06-27 09:00:00,27.8,87,267.0,1.89,0.5,100
2023-06-27 10:00:00,28.8,83,435.0,1.04,0.2,100
2023-06-27 11:00:00,29.8,79,578.0,0.92,0.0,100
2023-06-27 12:00:00,30.0,81,652.0,1.53,0.2,100
2023-06-27 13:00:00,30.1,79,472.0,1.3,0.1,100
2023-06-27 14:00:00,30.3,78,430.0,0.6,0.3,100
2023-06-27 15:00:00,30.4,79,402.0,0.42,0.2,100
2023-06-27 16:00:00,30.1,80,270.0,0.28,0.3,100
2023-06-27 17:00:00,27.1,95,87.0,2.42,1.6,100
2023-06-27 18:00:00,26.8,93,3.0,3.19,13.5,100
2023-06-27 19:00:00,26.3,94,0.0,3.32,3.5,100
2023-06-27 20:00:00,26.1,94,0.0,2.0,0.4,100
2023-06-27 21:00:00,25.8,94,0.0,1.43,1.2,100
2023-06-27 22:00:00,25.8,95,0.0,0.54,0.2,100
2023-06-27 23:00:00,25.5,96,0.0,0.91,0.0,100
2023-06-28 00:00:00,25.5,95,0.0,1.2,0.0,100
2023-06-28 01:00:00,25.5,95,0.0,1.55,0.0,100
2023-06-28 02:00:00,25.4,96,0.0,1.39,0.0,100
2023-06-28 03:00:00,25.4,98,0.0,1.3,0.0,98
2023-06-28 04:00:00,25.3,98,0.0,1.75,0.0,100
2023-06-28 05:00:00,26.6,94,18.0,1.58,0.0,100
2023-06-28 06:00:00,27.4,87,132.0,1.84,0.1,92
2023-06-28 07:00:00,27.6,85,265.0,2.47,1.4,98
2023-06-28 08:00:00,27.7,85,201.0,1.46,0.7,41
2023-06-28 09:00:00,27.5,87,517.0,1.1,6.5,94
2023-06-28 10:00:00,28.9,84,479.0,1.0,1.0,78
2023-06-28 11:00:00,28.9,85,387.0,0.85,0.3,83
2023-06-28 12:00:00,29.5,84,728.0,2.1,2.8,99
2023-06-28 13:00:00,29.8,82,517.0,0.64,0.2,97
2023-06-28 14:00:00,30.3,80,527.0,0.86,0.1,99
2023-06-28 15:00:00,30.2,79,474.0,1.49,0.0,100
2023-06-28 16:00:00,29.8,79,278.0,0.92,0.0,100
2023-06-28 17:00:00,29.2,80,135.0,1.61,0.0,100
2023-06-28 18:00:00,28.1,88,20.0,1.56,0.1,100
2023-06-28 19:00:00,27.6,93,0.0,1.57,0.0,100
2023-06-28 20:00:00,27.2,96,0.0,1.53,0.0,100
2023-06-28 21:00:00,27.1,95,0.0,1.92,0.0,99
2023-06-28 22:00:00,26.7,93,0.0,1.7,0.0,99
2023-06-28 23:00:00,26.3,95,0.0,1.14,0.0,99
2023-06-29 00:00:00,25.7,96,0.0,1.1,0.0,100
2023-06-29 01:00:00,25.6,96,0.0,1.04,0.0,100
2023-06-29 02:00:00,26.0,94,0.0,1.0,0.0,97
2023-06-29 03:00:00,26.4,91,0.0,0.58,0.0,99
2023-06-29 04:00:00,25.3,96,0.0,0.81,0.0,84
2023-06-29 05:00:00,26.6,97,31.0,0.99,0.0,62
2023-06-29 06:00:00,27.6,90,145.0,1.4,0.1,99
2023-06-29 07:00:00,28.0,87,233.0,1.82,0.2,100
2023-06-29 08:00:00,27.4,90,91.0,1.92,3.3,100
2023-06-29 09:00:00,27.2,91,105.0,2.51,3.9,100
2023-06-29 10:00:00,27.6,90,215.0,2.7,0.7,100
2023-06-29 11:00:00,28.6,84,398.0,2.52,0.2,100
2023-06-29 12:00:00,29.2,80,453.0,1.78,0.6,100
2023-06-29 13:00:00,28.5,84,222.0,0.5,0.9,100
2023-06-29 14:00:00,28.5,86,354.0,1.63,2.2,98
2023-06-29 15:00:00,27.7,89,192.0,1.92,1.3,100
2023-06-29 16:00:00,28.0,87,219.0,1.77,0.7,99
2023-06-29 17:00:00,27.7,87,152.0,1.84,0.0,100
2023-06-29 18:00:00,27.2,88,14.0,1.17,0.0,75
2023-06-29 19:00:00,26.2,95,0.0,0.92,0.0,100
2023-06-29 20:00:00,26.1,95,0.0,0.92,0.0,100
2023-06-29 21:00:00,26.0,97,0.0,1.03,0.0,100
2023-06-29 22:00:00,26.0,95,0.0,0.89,0.0,100
2023-06-29 23:00:00,25.6,96,0.0,0.73,0.0,100
2023-06-30 00:00:00,25.9,93,0.0,0.64,0.0,100
2023-06-30 01:00:00,25.2,98,0.0,0.72,0.0,87
2023-06-30 02:00:00,25.6,96,0.0,0.54,0.0,60
2023-06-30 03:00:00,25.7,95,0.0,0.71,0.0,75
2023-06-30 04:00:00,25.8,94,0.0,0.51,0.0,65
2023-06-30 05:00:00,26.5,91,32.0,0.63,0.0,49
2023-06-30 06:00:00,27.1,89,162.0,1.28,0.0,73
2023-06-30 07:00:00,28.0,85,267.0,1.48,0.0,95
2023-06-30 08:00:00,29.1,81,449.0,1.26,0.0,90
2023-06-30 09:00:00,29.7,79,494.0,0.9,0.1,94
2023-06-30 10:00:00,30.5,77,643.0,1.43,0.1,96
2023-06-30 11:00:00,31.1,75,774.0,1.55,0.1,96
2023-06-30 12:00:00,30.3,78,387.0,2.33,0.1,100
2023-06-30 13:00:00,27.7,88,395.0,2.4,3.0,100
2023-06-30 14:00:00,28.6,85,397.0,1.55,0.1,100
2023-06-30 15:00:00,29.7,82,484.0,1.3,0.0,100
2023-06-30 16:00:00,30.1,74,307.0,2.62,0.5,100
2023-06-30 17:00:00,29.2,85,124.0,1.46,0.2,100
2023-06-30 18:00:00,28.1,91,23.0,1.14,0.2,100
2023-06-30 19:00:00,28.0,88,0.0,2.78,0.0,98
2023-06-30 20:00:00,26.6,89,0.0,2.47,0.0,99
2023-06-30 21:00:00,26.1,92,0.0,0.67,0.0,99
2023-06-30 22:00:00,25.8,93,0.0,1.0,0.0,98
2023-06-30 23:00:00,25.5,94,0.0,0.85,0.0,100
2023-07-01 00:00:00,25.4,95,0.0,0.89,0.0,100
2023-07-01 01:00:00,25.3,96,0.0,0.82,0.0,100
2023-07-01 02:00:00,25.2,96,0.0,0.92,0.0,100
2023-07-01 03:00:00,25.2,96,0.0,0.76,0.0,69
2023-07-01 04:00:00,24.8,98,0.0,0.73,0.0,61
2023-07-01 05:00:00,26.8,94,28.0,0.4,0.0,80
2023-07-01 06:00:00,27.1,91,59.0,1.33,0.1,100
2023-07-01 07:00:00,27.5,88,130.0,1.92,0.2,100
2023-07-01 08:00:00,26.0,95,290.0,3.45,5.3,100
2023-07-01 09:00:00,25.9,94,190.0,1.46,5.9,100
2023-07-01 10:00:00,27.3,90,257.0,1.66,0.4,100
2023-07-01 11:00:00,30.0,78,733.0,1.43,0.1,96
2023-07-01 12:00:00,30.6,76,682.0,1.03,0.0,100
2023-07-01 13:00:00,30.8,78,767.0,2.91,0.3,100
2023-07-01 14:00:00,28.2,89,400.0,1.9,2.8,100
2023-07-01 15:00:00,28.9,86,366.0,1.1,0.2,98
2023-07-01 16:00:00,29.2,85,256.0,1.41,0.0,78
2023-07-01 17:00:00,27.5,90,144.0,0.92,0.2,97
2023-07-01 18:00:00,26.2,96,11.0,0.36,5.5,99
2023-07-01 19:00:00,26.1,97,0.0,1.32,3.5,95
2023-07-01 20:00:00,26.3,97,0.0,0.41,0.1,100
2023-07-01 21:00:00,25.9,97,0.0,0.86,0.0,88
2023-07-01 22:00:00,25.8,97,0.0,0.64,0.0,100
2023-07-01 23:00:00,26.0,96,0.0,0.61,0.0,100
2023-07-02 00:00:00,25.9,96,0.0,0.72,0.0,100
2023-07-02 01:00:00,25.5,96,0.0,1.14,0.0,100
2023-07-02 02:00:00,25.8,95,0.0,0.73,0.0,94
2023-07-02 03:00:00,26.2,92,0.0,0.22,0.0,89
2023-07-02 04:00:00,26.1,92,0.0,0.6,0.0,100
2023-07-02 05:00:00,26.9,91,25.0,0.86,0.0,61
2023-07-02 06:00:00,27.2,90,81.0,0.81,0.0,100
2023-07-02 07:00:00,28.3,85,218.0,1.4,0.0,100
2023-07-02 08:00:00,29.0,85,420.0,1.03,0.2,100
2023-07-02 09:00:00,29.1,86,436.0,1.0,0.5,100
2023-07-02 10:00:00,27.4,92,296.0,1.52,12.8,100
2023-07-02 11:00:00,27.7,91,174.0,1.08,2.4,100
2023-07-02 12:00:00,28.3,89,221.0,0.28,0.1,100
2023-07-02 13:00:00,29.1,86,400.0,0.85,0.0,100
2023-07-02 14:00:00,30.3,79,566.0,0.67,0.1,100
2023-07-02 15:00:00,30.0,81,459.0,2.21,0.2,100
2023-07-02 16:00:00,29.2,85,265.0,1.96,0.0,100
2023-07-02 17:00:00,28.6,85,119.0,1.75,0.0,100
2023-07-02 18:00:00,27.5,92,22.0,0.78,0.2,66
2023-07-02 19:00:00,27.2,93,0.0,0.82,0.1,58
2023-07-02 20:00:00,27.1,94,0.0,0.95,0.0,31
2023-07-02 21:00:00,27.0,92,0.0,0.85,0.0,23
2023-07-02 22:00:00,26.5,95,0.0,0.94,0.0,14
2023-07-02 23:00:00,27.1,92,0.0,0.54,0.0,62
2023-07-03 00:00:00,25.9,97,0.0,0.94,0.0,47
2023-07-03 01:00:00,25.9,97,0.0,0.92,0.0,64
2023-07-03 02:00:00,25.8,96,0.0,1.44,0.5,80
2023-07-03 03:00:00,25.6,97,0.0,1.22,0.1,100
2023-07-03 04:00:00,25.5,97,0.0,0.36,0.0,100
2023-07-03 05:00:00,25.6,97,18.0,3.14,0.0,100
2023-07-03 06:00:00,25.4,98,17.0,0.81,8.9,100
2023-07-03 07:00:00,25.5,98,24.0,0.67,2.9,100
2023-07-03 08:00:00,26.2,95,92.0,0.91,2.4,100
2023-07-03 09:00:00,26.4,95,115.0,0.1,1.4,100
2023-07-03 10:00:00,26.8,94,183.0,1.22,1.4,100
2023-07-03 11:00:00,26.9,93,95.0,1.17,0.9,100
2023-07-03 12:00:00,27.8,89,252.0,1.36,0.7,100
2023-07-03 13:00:00,29.1,83,420.0,0.86,0.3,100
2023-07-03 14:00:00,29.1,83,288.0,1.57,0.1,100
2023-07-03 15:00:00,29.2,84,239.0,1.63,0.1,100
2023-07-03 16:00:00,27.7,91,148.0,2.53,3.8,100
2023-07-03 17:00:00,29.8,87,32.0,0.45,0.5,100
2023-07-03 18:00:00,27.6,92,19.0,1.9,1.6,100
2023-07-03 19:00:00,27.1,95,0.0,1.57,0.1,100
2023-07-03 20:00:00,26.9,96,0.0,1.13,0.1,100
2023-07-03 21:00:00,26.6,96,0.0,1.0,0.0,95
2023-07-03 22:00:00,26.3,97,0.0,1.43,0.0,85
2023-07-03 23:00:00,26.2,96,0.0,1.14,0.0,51
2023-07-04 00:00:00,26.3,97,0.0,1.12,0.0,24
2023-07-04 01:00:00,26.3,97,0.0,1.2,0.0,19
2023-07-04 02:00:00,26.1,98,0.0,1.5,0.0,27
2023-07-04 03:00:00,25.9,97,0.0,1.22,0.0,35
2023-07-04 04:00:00,25.6,98,0.0,1.08,0.0,36
2023-07-04 05:00:00,26.6,98,31.0,1.33,0.0,100
2023-07-04 06:00:00,27.2,94,116.0,1.21,0.1,71
2023-07-04 07:00:00,27.8,92,258.0,1.22,0.1,99
2023-07-04 08:00:00,28.3,90,275.0,0.71,0.1,100
2023-07-04 09:00:00,29.6,86,504.0,0.2,0.2,99
2023-07-04 10:00:00,31.0,80,740.0,1.26,0.2,85
2023-07-04 11:00:00,31.2,76,654.0,2.21,0.2,100
2023-07-04 12:00:00,30.0,81,441.0,0.81,1.8,82
2023-07-04 13:00:00,30.3,81,621.0,3.63,0.3,92
2023-07-04 14:00:00,30.3,79,475.0,3.2,0.2,96
2023-07-04 15:00:00,30.6,78,455.0,3.09,0.2,89
2023-07-04 16:00:00,30.5,78,361.0,2.92,0.0,93
2023-07-04 17:00:00,29.2,85,164.0,1.77,0.0,100
2023-07-04 18:00:00,27.8,93,23.0,1.36,0.0,98
2023-07-04 19:00:00,27.8,95,0.0,1.49,0.0,99
2023-07-04 20:00:00,27.6,95,0.0,1.75,0.0,100
2023-07-04 21:00:00,27.1,96,0.0,1.44,0.0,100
2023-07-04 22:00:00,27.6,93,0.0,0.92,0.0,99
2023-07-04 23:00:00,27.2,96,0.0,0.78,0.0,99
2023-07-05 00:00:00,27.2,98,0.0,0.5,0.0,100
2023-07-05 01:00:00,27.1,98,0.0,0.14,0.0,99
2023-07-05 02:00:00,26.9,98,0.0,0.78,0.0,100
2023-07-05 03:00:00,26.8,99,0.0,0.57,0.0,99
2023-07-05 04:00:00,25.7,100,0.0,0.78,0.0,100
2023-07-05 05:00:00,27.1,99,32.0,1.13,0.0,100
2023-07-05 06:00:00,27.8,93,165.0,1.3,0.2,99
2023-07-05 07:00:00,28.3,87,282.0,1.17,0.4,100
2023-07-05 08:00:00,29.1,83,336.0,0.85,0.1,100
2023-07-05 09:00:00,30.1,80,486.0,0.2,0.0,100
2023-07-05 10:00:00,31.6,76,702.0,0.61,0.0,100
2023-07-05 11:00:00,32.2,75,837.0,1.17,0.0,100
2023-07-05 12:00:00,32.3,74,845.0,0.91,0.0,100
2023-07-05 13:00:00,32.6,69,530.0,0.32,0.0,100
2023-07-05 14:00:00,32.6,71,533.0,1.22,0.5,100
2023-07-05 15:00:00,30.3,79,305.0,2.34,2.0,96
2023-07-05 16:00:00,30.3,79,249.0,1.75,0.1,92
2023-07-05 17:00:00,28.6,90,129.0,0.28,0.0,100
2023-07-05 18:00:00,27.4,94,4.0,1.8,2.1,100
2023-07-05 19:00:00,27.3,93,0.0,0.61,1.0,100
2023-07-05 20:00:00,26.8,97,0.0,1.7,4.9,100
2023-07-05 21:00:00,26.7,96,0.0,1.33,6.8,100
2023-07-05 22:00:00,26.5,97,0.0,0.85,10.6,100
2023-07-05 23:00:00,26.6,97,0.0,1.5,0.9,100
2023-07-06 00:00:00,26.2,97,0.0,0.95,3.8,100
2023-07-06 01:00:00,26.2,96,0.0,1.72,1.9,100
2023-07-06 02:00:00,26.1,96,0.0,1.24,0.8,100
2023-07-06 03:00:00,26.2,96,0.0,1.14,1.0,100
2023-07-06 04:00:00,26.2,95,0.0,1.36,2.0,100
2023-07-06 05:00:00,27.2,95,6.0,2.45,4.0,100
2023-07-06 06:00:00,27.1,95,20.0,1.53,1.6,100
2023-07-06 07:00:00,26.7,97,57.0,1.8,0.8,100
2023-07-06 08:00:00,26.5,98,32.0,1.56,0.9,100
2023-07-06 09:00:00,27.0,95,136.0,1.7,3.2,100
2023-07-06 10:00:00,27.1,90,147.0,1.04,2.8,100
2023-07-06 11:00:00,26.9,90,238.0,1.17,4.2,100
2023-07-06 12:00:00,27.1,88,280.0,0.89,0.6,100
2023-07-06 13:00:00,27.7,86,359.0,1.1,0.2,100
2023-07-06 14:00:00,28.8,83,448.0,1.14,0.0,100
2023-07-06 15:00:00,29.4,81,397.0,0.72,0.0,99
2023-07-06 16:00:00,29.6,80,282.0,0.64,0.0,100
2023-07-06 17:00:00,28.7,84,101.0,0.3,0.0,100
2023-07-06 18:00:00,27.8,92,15.0,1.49,0.0,100
2023-07-06 19:00:00,27.2,96,0.0,1.36,0.0,100
2023-07-06 20:00:00,26.8,96,0.0,0.71,0.0,100
2023-07-06 21:00:00,26.4,96,0.0,1.97,3.4,100
2023-07-06 22:00:00,26.0,97,0.0,1.02,3.9,100
2023-07-06 23:00:00,25.8,97,0.0,0.99,1.2,100
2023-07-07 00:00:00,25.8,96,0.0,1.32,0.1,100
2023-07-07 01:00:00,25.8,96,0.0,0.54,0.1,100
2023-07-07 02:00:00,25.8,97,0.0,0.3,0.1,100
2023-07-07 03:00:00,26.0,94,0.0,1.03,0.0,100
2023-07-07 04:00:00,25.7,96,0.0,0.64,0.0,100
2023-07-07 05:00:00,26.9,90,18.0,1.02,0.0,100
2023-07-07 06:00:00,27.1,91,97.0,1.81,0.0,98
2023-07-07 07:00:00,27.8,87,269.0,1.3,0.0,94
2023-07-07 08:00:00,28.3,87,329.0,1.61,0.1,94
2023-07-07 09:00:00,28.4,87,348.0,1.43,0.4,100
2023-07-07 10:00:00,29.0,86,404.0,1.24,0.3,100
2023-07-07 11:00:00,30.3,81,543.0,1.35,0.3,100
2023-07-07 12:00:00,29.4,83,358.0,3.09,4.3,100
2023-07-07 13:00:00,27.9,90,329.0,1.81,5.2,99
2023-07-07 14:00:00,28.5,88,316.0,1.26,0.1,98
2023-07-07 15:00:00,29.5,84,362.0,1.53,0.0,98
2023-07-07 16:00:00,29.5,84,224.0,1.84,0.0,100
2023-07-07 17:00:00,29.4,85,120.0,1.97,0.0,100
2023-07-07 18:00:00,28.4,91,17.0,1.1,0.1,100
2023-07-07 19:00:00,29.1,85,0.0,0.41,0.0,100
2023-07-07 20:00:00,29.1,86,0.0,0.41,0.0,100
2023-07-07 21:00:00,27.5,93,0.0,1.2,5.0,100
2023-07-07 22:00:00,26.8,97,0.0,0.78,5.9,100
2023-07-07 23:00:00,26.9,95,0.0,0.64,0.2,100
2023-07-08 00:00:00,26.6,96,0.0,0.58,0.1,100
2023-07-08 01:00:00,26.7,94,0.0,0.57,0.1,100
2023-07-08 02:00:00,26.8,92,0.0,0.1,0.0,100
2023-07-08 03:00:00,26.5,96,0.0,0.3,0.0,100
2023-07-08 04:00:00,26.6,95,0.0,0.22,0.2,100
2023-07-08 05:00:00,28.1,87,12.0,1.53,0.1,100
2023-07-08 06:00:00,28.9,82,157.0,1.06,0.0,68
2023-07-08 07:00:00,29.5,81,352.0,0.51,0.0,98
2023-07-08 08:00:00,30.3,79,518.0,0.92,0.1,100
2023-07-08 09:00:00,30.9,79,657.0,0.58,0.1,84
2023-07-08 10:00:00,31.8,76,754.0,0.64,0.1,45
2023-07-08 11:00:00,31.4,75,797.0,2.41,6.0,84
2023-07-08 12:00:00,30.6,79,734.0,2.48,2.2,82
2023-07-08 13:00:00,29.9,81,478.0,2.36,0.1,98
2023-07-08 14:00:00,29.7,83,313.0,1.77,0.0,95
2023-07-08 15:00:00,30.5,80,332.0,1.17,0.0,82
2023-07-08 16:00:00,30.5,78,300.0,1.33,0.5,100
2023-07-08 17:00:00,29.8,82,119.0,2.12,0.2,100
2023-07-08 18:00:00,28.6,88,19.0,1.14,0.0,100
2023-07-08 19:00:00,28.1,91,0.0,2.68,0.2,100
2023-07-08 20:00:00,27.8,93,0.0,1.79,0.1,100
2023-07-08 21:00:00,27.6,94,0.0,1.13,0.0,99
2023-07-08 22:00:00,27.5,96,0.0,1.34,0.0,100
2023-07-08 23:00:00,27.3,97,0.0,1.21,0.0,99
2023-07-09 00:00:00,27.2,97,0.0,1.35,0.0,97
2023-07-09 01:00:00,26.8,97,0.0,1.27,0.0,100
2023-07-09 02:00:00,26.9,93,0.0,1.14,0.0,100
2023-07-09 03:00:00,26.8,93,0.0,1.2,0.0,99
2023-07-09 04:00:00,27.5,89,0.0,0.85,0.0,100
2023-07-09 05:00:00,28.1,88,28.0,0.57,0.0,90
2023-07-09 06:00:00,28.8,84,163.0,0.92,0.0,100
2023-07-09 07:00:00,29.4,81,312.0,1.79,0.0,98
2023-07-09 08:00:00,30.4,77,504.0,1.6,0.0,96
2023-07-09 09:00:00,31.3,76,690.0,1.34,0.0,46
2023-07-09 10:00:00,32.0,75,819.0,1.72,0.1,61
2023-07-09 11:00:00,32.0,74,852.0,3.04,3.4,48
2023-07-09 12:00:00,31.8,76,789.0,2.26,3.2,95
2023-07-09 13:00:00,31.5,74,586.0,2.83,1.4,98
2023-07-09 14:00:00,30.3,79,424.0,1.96,2.9,100
2023-07-09 15:00:00,30.9,79,292.0,1.36,0.0,93
2023-07-09 16:00:00,31.1,75,253.0,2.35,0.2,97
2023-07-09 17:00:00,29.8,83,132.0,1.44,0.0,96
2023-07-09 18:00:00,28.8,89,22.0,1.93,0.0,100
2023-07-09 19:00:00,28.3,92,0.0,0.91,0.2,97
2023-07-09 20:00:00,27.9,95,0.0,0.92,0.0,96
2023-07-09 21:00:00,27.9,95,0.0,1.12,0.0,100
2023-07-09 22:00:00,27.6,95,0.0,1.12,0.0,98
2023-07-09 23:00:00,27.5,96,0.0,1.12,0.0,100
2023-07-10 00:00:00,27.4,96,0.0,0.85,0.0,100
2023-07-10 01:00:00,26.8,98,0.0,0.99,0.0,100
2023-07-10 02:00:00,27.2,94,0.0,0.92,0.2,100
2023-07-10 03:00:00,26.7,97,0.0,0.92,0.0,100
2023-07-10 04:00:00,26.9,93,0.0,1.56,0.0,99
2023-07-10 05:00:00,28.3,91,19.0,1.77,0.0,100
2023-07-10 06:00:00,29.1,86,170.0,1.6,0.0,100
2023-07-10 07:00:00,29.8,82,350.0,1.94,0.0,100
2023-07-10 08:00:00,30.6,80,540.0,2.06,0.1,100
2023-07-10 09:00:00,31.2,79,545.0,1.51,0.0,100
2023-07-10 10:00:00,32.3,76,771.0,2.0,0.0,99
2023-07-10 11:00:00,32.0,76,786.0,2.55,1.0,100
2023-07-10 12:00:00,30.7,82,501.0,1.9,0.2,97
2023-07-10 13:00:00,29.7,82,437.0,3.21,3.2,100
2023-07-10 14:00:00,29.3,87,323.0,1.53,0.5,99
2023-07-10 15:00:00,29.8,84,288.0,1.75,0.1,100
2023-07-10 16:00:00,29.8,83,270.0,0.92,0.0,100
2023-07-10 17:00:00,29.6,88,120.0,1.75,0.0,100
2023-07-10 18:00:00,27.5,93,21.0,3.19,4.9,100
2023-07-10 19:00:00,27.0,94,0.0,1.61,2.7,100
2023-07-10 20:00:00,27.1,95,0.0,0.91,0.2,100
2023-07-10 21:00:00,26.7,97,0.0,0.99,0.0,100
2023-07-10 22:00:00,27.1,94,0.0,0.67,0.1,100
2023-07-10 23:00:00,27.0,94,0.0,0.9,0.0,100
2023-07-11 00:00:00,26.5,96,0.0,1.3,0.0,100
2023-07-11 01:00:00,26.6,95,0.0,1.02,0.0,100
2023-07-11 02:00:00,26.5,93,0.0,1.13,0.0,100
2023-07-11 03:00:00,25.9,96,0.0,0.89,0.0,100
2023-07-11 04:00:00,26.3,92,0.0,0.73,0.0,100
2023-07-11 05:00:00,26.6,94,25.0,1.22,0.0,100
2023-07-11 06:00:00,27.4,90,143.0,1.71,0.0,100
2023-07-11 07:00:00,28.4,86,321.0,2.22,0.0,100
2023-07-11 08:00:00,29.9,79,536.0,1.53,0.0,100
2023-07-11 09:00:00,30.5,77,537.0,1.43,0.0,100
2023-07-11 10:00:00,32.1,71,734.0,3.01,0.1,98
2023-07-11 11:00:00,32.2,72,729.0,3.72,0.2,97
2023-07-11 12:00:00,31.1,77,695.0,2.83,1.8,100
2023-07-11 13:00:00,31.5,73,515.0,3.86,0.1,100
2023-07-11 14:00:00,29.7,84,333.0,4.17,0.0,100
2023-07-11 15:00:00,29.9,83,327.0,3.08,0.0,100
2023-07-11 16:00:00,30.0,83,184.0,2.73,0.0,100
2023-07-11 17:00:00,29.6,83,91.0,1.75,0.0,100
2023-07-11 18:00:00,28.4,90,15.0,0.76,0.2,100
2023-07-11 19:00:00,27.9,91,0.0,0.85,0.0,100
2023-07-11 20:00:00,28.1,89,0.0,0.72,0.0,100
2023-07-11 21:00:00,28.1,88,0.0,0.63,0.0,100
2023-07-11 22:00:00,28.2,86,0.0,0.41,0.0,99
2023-07-11 23:00:00,27.1,93,0.0,0.81,0.0,99
2023-07-12 00:00:00,27.0,92,0.0,1.5,0.0,100
2023-07-12 01:00:00,26.7,94,0.0,1.5,0.0,100
2023-07-12 02:00:00,26.3,95,0.0,1.39,0.0,100
2023-07-12 03:00:00,25.9,97,0.0,1.12,0.0,100
2023-07-12 04:00:00,25.6,98,0.0,0.71,0.1,100
2023-07-12 05:00:00,26.7,97,11.0,0.76,0.0,100
2023-07-12 06:00:00,27.0,96,20.0,0.98,1.0,100
2023-07-12 07:00:00,27.1,92,37.0,2.65,1.1,100
2023-07-12 08:00:00,27.2,92,57.0,2.67,1.1,100
2023-07-12 09:00:00,27.5,90,120.0,2.87,1.1,100
2023-07-12 10:00:00,28.1,88,306.0,3.22,0.9,100
2023-07-12 11:00:00,29.0,85,451.0,4.38,0.5,100
2023-07-12 12:00:00,29.9,79,585.0,4.3,0.1,100
2023-07-12 13:00:00,30.6,77,592.0,4.18,0.0,100
2023-07-12 14:00:00,30.1,79,527.0,3.65,0.5,100
2023-07-12 15:00:00,29.5,82,283.0,2.73,0.1,100
2023-07-12 16:00:00,29.2,83,208.0,1.57,0.0,100
2023-07-12 17:00:00,28.7,86,113.0,1.57,0.0,100
2023-07-12 18:00:00,28.2,90,19.0,0.81,0.0,100
2023-07-12 19:00:00,27.8,93,0.0,1.0,0.0,99
2023-07-12 20:00:00,27.6,93,0.0,1.04,0.0,100
2023-07-12 21:00:00,27.2,94,0.0,1.3,0.0,100
2023-07-12 22:00:00,27.3,92,0.0,0.82,0.0,100
2023-07-12 23:00:00,26.7,94,0.0,0.86,0.0,91
2023-07-13 00:00:00,26.5,94,0.0,1.02,0.0,79
2023-07-13 01:00:00,26.4,91,0.0,1.66,0.0,85
2023-07-13 02:00:00,26.0,90,0.0,1.17,0.0,47
2023-07-13 03:00:00,25.6,93,0.0,0.7,0.0,70
2023-07-13 04:00:00,25.5,93,0.0,0.54,0.0,96
2023-07-13 05:00:00,26.7,92,19.0,1.5,0.0,99
2023-07-13 06:00:00,26.6,93,17.0,2.2,1.7,100
2023-07-13 07:00:00,26.6,93,52.0,2.4,1.5,100
2023-07-13 08:00:00,26.9,92,142.0,2.16,0.9,100
2023-07-13 09:00:00,27.4,89,211.0,2.2,0.9,100
2023-07-13 10:00:00,28.2,86,269.0,2.21,0.7,100
2023-07-13 11:00:00,29.8,83,707.0,2.18,0.3,100
2023-07-13 12:00:00,30.1,83,607.0,3.28,0.8,100
2023-07-13 13:00:00,29.7,83,617.0,3.22,5.2,100
2023-07-13 14:00:00,30.1,83,500.0,2.9,0.2,100
2023-07-13 15:00:00,28.9,82,340.0,3.21,0.7,100
2023-07-13 16:00:00,29.0,85,265.0,2.11,0.1,99
2023-07-13 17:00:00,28.1,92,94.0,2.44,0.2,99
2023-07-13 18:00:00,27.9,95,4.0,1.1,0.3,100
2023-07-13 19:00:00,27.3,92,0.0,1.84,1.5,100
2023-07-13 20:00:00,26.9,93,0.0,0.92,0.2,100
2023-07-13 21:00:00,26.9,93,0.0,0.42,0.3,100
2023-07-13 22:00:00,26.6,94,0.0,0.61,0.2,97
2023-07-13 23:00:00,26.3,94,0.0,0.64,0.1,100
2023-07-14 00:00:00,26.1,94,0.0,1.49,0.0,100
2023-07-14 01:00:00,25.9,95,0.0,1.44,0.0,83
2023-07-14 02:00:00,25.8,96,0.0,1.0,0.0,98
2023-07-14 03:00:00,25.7,95,0.0,1.21,0.0,79
2023-07-14 04:00:00,25.5,97,0.0,0.32,0.0,100
2023-07-14 05:00:00,26.5,92,19.0,1.66,0.0,100
2023-07-14 06:00:00,26.7,92,59.0,1.66,0.2,99
2023-07-14 07:00:00,27.1,91,133.0,1.36,0.3,100
2023-07-14 08:00:00,27.7,87,180.0,1.62,0.4,100
2023-07-14 09:00:00,28.9,84,396.0,1.87,0.1,100
2023-07-14 10:00:00,29.8,82,532.0,1.4,0.1,94
2023-07-14 11:00:00,30.5,78,523.0,1.61,0.1,100
2023-07-14 12:00:00,30.7,77,492.0,0.81,0.1,100
2023-07-14 13:00:00,29.0,82,313.0,2.93,5.3,100
2023-07-14 14:00:00,27.1,92,239.0,2.33,6.0,95
2023-07-14 15:00:00,27.6,89,301.0,1.66,2.5,100
2023-07-14 16:00:00,28.3,85,191.0,1.34,0.5,95
2023-07-14 17:00:00,27.8,90,117.0,2.78,0.1,95
2023-07-14 18:00:00,27.4,93,18.0,0.71,0.1,70
2023-07-14 19:00:00,27.4,92,0.0,1.75,0.1,83
2023-07-14 20:00:00,26.9,95,0.0,2.22,0.1,92
2023-07-14 21:00:00,26.0,97,0.0,2.62,2.5,100
2023-07-14 22:00:00,26.1,97,0.0,2.06,0.7,99
2023-07-14 23:00:00,26.2,97,0.0,1.28,0.8,94
2023-07-15 00:00:00,26.4,97,0.0,1.3,0.1,100
2023-07-15 01:00:00,26.3,97,0.0,1.03,0.0,83
2023-07-15 02:00:00,26.2,99,0.0,0.5,0.0,100
2023-07-15 03:00:00,26.2,100,0.0,0.98,0.0,100
2023-07-15 04:00:00,26.1,98,0.0,1.63,0.1,94
2023-07-15 05:00:00,26.7,95,23.0,1.89,0.0,90
2023-07-15 06:00:00,27.2,93,69.0,1.46,0.3,49
2023-07-15 07:00:00,28.8,85,371.0,1.4,0.1,67
2023-07-15 08:00:00,30.1,80,550.0,1.53,0.0,31
2023-07-15 09:00:00,31.2,76,700.0,1.92,0.0,31
2023-07-15 10:00:00,31.6,74,706.0,1.92,0.1,24
2023-07-15 11:00:00,32.4,72,854.0,1.17,0.1,93
2023-07-15 12:00:00,32.8,71,842.0,0.91,0.1,88
2023-07-15 13:00:00,32.9,71,853.0,0.72,0.1,100
2023-07-15 14:00:00,33.3,69,681.0,0.92,0.1,100
2023-07-15 15:00:00,31.1,75,465.0,3.52,5.9,100
2023-07-15 16:00:00,28.7,88,206.0,2.08,3.3,96
2023-07-15 17:00:00,29.1,87,87.0,0.61,0.1,100
2023-07-15 18:00:00,28.5,93,23.0,0.45,0.3,100
2023-07-15 19:00:00,28.2,94,0.0,0.98,0.1,100
2023-07-15 20:00:00,27.9,96,0.0,2.12,0.0,100
2023-07-15 21:00:00,27.7,96,0.0,0.94,0.1,100
2023-07-15 22:00:00,27.6,95,0.0,1.66,0.1,100
2023-07-15 23:00:00,27.4,96,0.0,1.14,0.2,100
2023-07-16 00:00:00,27.2,97,0.0,0.82,0.0,100
2023-07-16 01:00:00,27.0,96,0.0,1.66,0.0,100
2023-07-16 02:00:00,26.5,96,0.0,1.12,0.0,100
2023-07-16 03:00:00,26.8,96,0.0,0.63,0.1,100
2023-07-16 04:00:00,26.9,95,0.0,0.22,0.0,100
2023-07-16 05:00:00,27.4,98,18.0,0.85,0.0,100
2023-07-16 06:00:00,27.2,90,37.0,1.44,3.9,100
2023-07-16 07:00:00,27.6,90,113.0,2.25,1.0,99
2023-07-16 08:00:00,28.6,85,313.0,2.81,0.1,95
2023-07-16 09:00:00,30.1,78,581.0,2.6,0.0,100
2023-07-16 10:00:00,30.8,78,708.0,2.16,0.1,98
2023-07-16 11:00:00,31.5,76,702.0,1.62,0.1,98
2023-07-16 12:00:00,32.2,74,663.0,1.92,0.1,100
2023-07-16 13:00:00,30.7,76,508.0,1.87,5.9,100
2023-07-16 14:00:00,29.7,78,298.0,1.72,4.7,100
2023-07-16 15:00:00,29.6,81,161.0,1.56,1.2,100
2023-07-16 16:00:00,28.9,84,82.0,2.66,0.3,100
2023-07-16 17:00:00,28.5,87,40.0,2.06,0.5,100
2023-07-16 18:00:00,27.1,93,9.0,0.92,9.1,100
2023-07-16 19:00:00,27.0,93,0.0,1.44,0.7,100
2023-07-16 20:00:00,26.7,94,0.0,1.75,0.3,100
2023-07-16 21:00:00,26.5,94,0.0,0.41,1.1,100
2023-07-16 22:00:00,25.9,97,0.0,1.57,1.5,100
2023-07-16 23:00:00,25.9,97,0.0,1.2,0.6,100
2023-07-17 00:00:00,26.0,97,0.0,1.43,0.8,100
2023-07-17 01:00:00,26.0,95,0.0,1.64,1.7,100
2023-07-17 02:00:00,25.8,95,0.0,1.51,1.6,100
2023-07-17 03:00:00,25.6,96,0.0,1.79,1.4,100
2023-07-17 04:00:00,25.5,96,0.0,1.49,2.9,100
2023-07-17 05:00:00,26.2,94,5.0,0.58,4.6,100
2023-07-17 06:00:00,26.2,95,35.0,1.17,0.8,100
2023-07-17 07:00:00,26.9,91,109.0,2.4,0.4,100
2023-07-17 08:00:00,28.1,85,334.0,4.1,0.0,78
2023-07-17 09:00:00,28.8,80,451.0,4.2,0.0,87
2023-07-17 10:00:00,29.0,79,482.0,4.33,0.0,99
2023-07-17 11:00:00,29.7,77,575.0,4.25,0.0,98
2023-07-17 12:00:00,30.3,74,621.0,4.09,0.0,98
2023-07-17 13:00:00,30.3,73,505.0,4.11,0.0,17
2023-07-17 14:00:00,31.3,69,659.0,4.07,0.0,11
2023-07-17 15:00:00,31.2,69,550.0,3.76,0.0,22
2023-07-17 16:00:00,30.8,70,357.0,3.06,0.0,17
2023-07-17 17:00:00,28.4,88,165.0,2.25,0.0,2
2023-07-17 18:00:00,28.1,90,13.0,1.34,0.0,80
2023-07-17 19:00:00,27.7,93,0.0,1.35,0.0,80
2023-07-17 20:00:00,27.4,91,0.0,1.98,0.0,100
2023-07-17 21:00:00,27.2,90,0.0,1.66,0.0,44
2023-07-17 22:00:00,26.7,93,0.0,1.44,0.0,41
2023-07-17 23:00:00,26.3,94,0.0,1.22,0.0,100
2023-07-18 00:00:00,26.2,95,0.0,0.81,0.0,100
2023-07-18 01:00:00,26.2,95,0.0,0.86,0.0,72
2023-07-18 02:00:00,26.1,95,0.0,1.53,0.0,99
2023-07-18 03:00:00,26.1,96,0.0,1.5,0.0,98
2023-07-18 04:00:00,26.2,97,0.0,0.71,0.0,97
2023-07-18 05:00:00,26.8,95,19.0,1.35,0.0,100
2023-07-18 06:00:00,28.2,89,159.0,0.63,0.0,54
2023-07-18 07:00:00,29.3,82,308.0,1.2,0.0,100
2023-07-18 08:00:00,29.9,76,363.0,1.63,0.0,100
2023-07-18 09:00:00,30.6,72,500.0,2.02,0.0,80
2023-07-18 10:00:00,31.4,69,669.0,2.02,0.0,98
2023-07-18 11:00:00,32.7,64,894.0,1.88,0.0,88
2023-07-18 12:00:00,33.5,61,914.0,2.34,0.0,62
2023-07-18 13:00:00,34.0,60,856.0,2.2,0.0,18
2023-07-18 14:00:00,33.9,60,731.0,1.97,0.0,5
2023-07-18 15:00:00,33.8,60,571.0,1.9,0.0,34
2023-07-18 16:00:00,33.2,63,354.0,1.75,0.0,23
2023-07-18 17:00:00,32.2,73,172.0,1.68,0.0,69
2023-07-18 18:00:00,30.4,79,25.0,1.41,0.0,100
2023-07-18 19:00:00,31.5,72,0.0,0.57,0.0,100
2023-07-18 20:00:00,29.8,84,0.0,2.2,0.0,100
2023-07-18 21:00:00,28.8,88,0.0,1.36,0.0,98
2023-07-18 22:00:00,28.0,92,0.0,1.51,0.0,100
2023-07-18 23:00:00,27.7,95,0.0,1.17,0.0,63
2023-07-19 00:00:00,27.3,97,0.0,0.85,0.0,39
2023-07-19 01:00:00,27.1,99,0.0,1.26,0.0,52
2023-07-19 02:00:00,27.4,96,0.0,0.99,0.0,19
2023-07-19 03:00:00,27.3,97,0.0,0.36,0.0,20
2023-07-19 04:00:00,26.7,97,0.0,1.0,0.0,14
2023-07-19 05:00:00,28.4,95,26.0,1.06,0.0,14
2023-07-19 06:00:00,29.5,88,83.0,1.36,0.0,94
2023-07-19 07:00:00,30.7,80,203.0,1.24,0.0,99
2023-07-19 08:00:00,31.3,77,250.0,1.06,0.0,96
2023-07-19 09:00:00,32.5,72,511.0,1.28,0.0,100
2023-07-19 10:00:00,33.7,68,837.0,1.14,0.0,84
2023-07-19 11:00:00,34.3,66,886.0,1.25,0.0,43
2023-07-19 12:00:00,34.8,65,878.0,1.33,0.0,58
2023-07-19 13:00:00,35.3,62,856.0,0.95,0.0,28
2023-07-19 14:00:00,35.4,61,709.0,1.53,0.0,31
2023-07-19 15:00:00,35.2,62,559.0,1.63,0.0,49
2023-07-19 16:00:00,34.7,64,357.0,1.92,0.0,26
2023-07-19 17:00:00,33.9,76,159.0,1.17,0.0,14
2023-07-19 18:00:00,30.5,81,22.0,5.64,1.1,64
2023-07-19 19:00:00,29.0,91,0.0,3.08,0.2,42
2023-07-19 20:00:00,28.7,90,0.0,3.34,0.1,25
2023-07-19 21:00:00,28.6,91,0.0,2.62,0.0,1
2023-07-19 22:00:00,28.6,91,0.0,1.42,0.0,12
2023-07-19 23:00:00,28.5,91,0.0,1.35,0.0,14
2023-07-20 00:00:00,28.4,93,0.0,1.84,0.0,10
2023-07-20 01:00:00,28.3,94,0.0,1.97,0.0,19
2023-07-20 02:00:00,28.1,94,0.0,1.49,0.0,31
2023-07-20 03:00:00,27.7,95,0.0,1.08,0.0,30
2023-07-20 04:00:00,27.7,93,0.0,1.22,0.0,32
2023-07-20 05:00:00,29.1,91,24.0,0.36,0.0,46
2023-07-20 06:00:00,30.1,87,163.0,1.9,0.0,100
2023-07-20 07:00:00,30.8,81,342.0,1.89,0.0,57
2023-07-20 08:00:00,31.5,77,457.0,1.5,0.0,64
2023-07-20 09:00:00,32.2,74,513.0,2.02,0.0,37
2023-07-20 10:00:00,33.1,70,723.0,2.24,0.1,28
2023-07-20 11:00:00,33.7,70,859.0,1.34,0.0,40
2023-07-20 12:00:00,33.9,69,824.0,1.71,0.1,60
2023-07-20 13:00:00,33.8,69,745.0,1.89,0.1,91
2023-07-20 14:00:00,34.0,67,664.0,1.87,0.2,62
2023-07-20 15:00:00,32.5,74,461.0,2.83,0.6,94
2023-07-20 16:00:00,32.0,76,286.0,2.6,0.0,99
2023-07-20 17:00:00,29.3,88,122.0,3.91,0.0,100
2023-07-20 18:00:00,28.9,88,6.0,1.68,0.1,100
2023-07-20 19:00:00,28.5,90,0.0,0.6,0.8,100
2023-07-20 20:00:00,27.9,89,0.0,0.67,3.8,100
2023-07-20 21:00:00,27.7,92,0.0,0.67,0.3,100
2023-07-20 22:00:00,27.2,93,0.0,0.76,2.7,100
2023-07-20 23:00:00,27.4,92,0.0,0.5,0.0,100
2023-07-21 00:00:00,27.1,97,0.0,0.63,0.0,89
2023-07-21 01:00:00,27.2,98,0.0,0.22,0.0,96
2023-07-21 02:00:00,26.8,99,0.0,0.73,0.0,84
2023-07-21 03:00:00,26.7,98,0.0,1.2,1.2,100
2023-07-21 04:00:00,26.0,99,0.0,1.92,5.4,100
2023-07-21 05:00:00,26.5,92,6.0,2.4,3.3,100
2023-07-21 06:00:00,26.3,94,102.0,1.1,5.9,100
2023-07-21 07:00:00,27.5,87,131.0,1.62,0.2,100
2023-07-21 08:00:00,28.8,83,277.0,2.14,0.1,100
2023-07-21 09:00:00,29.4,81,322.0,2.83,0.3,99
2023-07-21 10:00:00,30.3,79,495.0,2.98,0.4,97
2023-07-21 11:00:00,31.1,77,693.0,2.58,0.3,26
2023-07-21 12:00:00,32.3,73,889.0,2.51,0.1,36
2023-07-21 13:00:00,32.7,72,805.0,2.3,0.0,90
2023-07-21 14:00:00,32.8,72,672.0,2.15,0.0,85
2023-07-21 15:00:00,32.5,69,509.0,2.24,0.3,70
2023-07-21 16:00:00,31.1,73,263.0,1.7,0.9,91
2023-07-21 17:00:00,30.4,82,62.0,0.72,0.0,63
2023-07-21 18:00:00,27.1,93,16.0,2.05,10.2,100
2023-07-21 19:00:00,27.7,92,0.0,0.57,0.7,100
2023-07-21 20:00:00,27.8,93,0.0,0.42,0.5,100
2023-07-21 21:00:00,27.8,94,0.0,0.42,0.2,100
2023-07-21 22:00:00,27.8,93,0.0,0.92,0.3,100
2023-07-21 23:00:00,27.4,95,0.0,1.55,0.3,100
2023-07-22 00:00:00,27.2,96,0.0,0.67,0.1,81
2023-07-22 01:00:00,26.2,100,0.0,1.3,15.6,100
2023-07-22 02:00:00,26.5,96,0.0,1.17,1.2,100
2023-07-22 03:00:00,26.4,97,0.0,0.58,0.3,100
2023-07-22 04:00:00,26.5,96,0.0,1.21,0.4,100
2023-07-22 05:00:00,27.5,88,8.0,3.03,3.9,100
2023-07-22 06:00:00,28.1,88,107.0,1.04,0.1,99
2023-07-22 07:00:00,29.2,84,270.0,0.45,0.0,100
2023-07-22 08:00:00,30.2,78,423.0,0.85,0.0,100
2023-07-22 09:00:00,31.3,75,587.0,1.34,0.0,100
2023-07-22 10:00:00,32.3,73,754.0,1.6,0.1,100
2023-07-22 11:00:00,32.3,76,834.0,0.71,0.3,100
2023-07-22 12:00:00,30.7,78,430.0,1.41,5.7,100
2023-07-22 13:00:00,30.6,77,438.0,1.08,0.9,100
2023-07-22 14:00:00,29.6,82,304.0,3.42,0.2,100
2023-07-22 15:00:00,27.8,88,147.0,2.56,0.0,100
2023-07-22 16:00:00,28.2,90,108.0,0.41,0.0,100
2023-07-22 17:00:00,28.4,86,73.0,1.99,0.0,100
2023-07-22 18:00:00,28.1,91,2.0,0.36,2.3,100
2023-07-22 19:00:00,27.9,90,0.0,1.1,1.6,100
2023-07-22 20:00:00,27.7,93,0.0,0.81,0.5,100
2023-07-22 21:00:00,27.7,95,0.0,0.51,0.1,100
2023-07-22 22:00:00,27.7,91,0.0,1.26,0.0,100
2023-07-22 23:00:00,27.1,95,0.0,1.25,0.0,100
2023-07-23 00:00:00,27.4,93,0.0,1.17,0.0,100
2023-07-23 01:00:00,26.9,97,0.0,1.06,0.0,81
2023-07-23 02:00:00,27.1,97,0.0,1.08,0.1,95
2023-07-23 03:00:00,26.5,100,0.0,2.84,0.0,100
2023-07-23 04:00:00,26.5,97,0.0,0.36,0.0,100
2023-07-23 05:00:00,26.6,87,9.0,2.19,0.1,100
2023-07-23 06:00:00,27.1,87,63.0,0.73,2.7,97
2023-07-23 07:00:00,26.2,91,191.0,1.84,10.3,100
2023-07-23 08:00:00,26.5,90,115.0,0.89,2.7,100
2023-07-23 09:00:00,26.6,91,141.0,2.19,0.8,100
2023-07-23 10:00:00,28.5,81,624.0,2.31,1.0,97
2023-07-23 11:00:00,29.9,79,723.0,2.55,0.3,100
2023-07-23 12:00:00,30.9,76,707.0,2.96,0.2,55
2023-07-23 13:00:00,31.7,74,784.0,3.09,0.3,88
2023-07-23 14:00:00,32.1,72,703.0,2.53,0.1,99
2023-07-23 15:00:00,32.3,70,508.0,2.28,0.1,100
2023-07-23 16:00:00,31.6,72,246.0,1.88,0.4,100
2023-07-23 17:00:00,29.5,84,92.0,2.9,0.0,100
2023-07-23 18:00:00,28.9,92,15.0,0.81,0.1,99
2023-07-23 19:00:00,28.6,90,0.0,0.89,0.0,100
2023-07-23 20:00:00,28.3,92,0.0,1.1,0.0,100
2023-07-23 21:00:00,28.5,90,0.0,1.14,0.0,99
2023-07-23 22:00:00,28.3,90,0.0,0.92,0.0,100
2023-07-23 23:00:00,27.9,92,0.0,1.12,0.0,100
2023-07-24 00:00:00,28.4,89,0.0,0.67,0.0,100
2023-07-24 01:00:00,27.4,93,0.0,0.92,0.0,100
2023-07-24 02:00:00,27.9,89,0.0,0.63,0.0,100
2023-07-24 03:00:00,26.4,95,0.0,0.63,9.8,100
2023-07-24 04:00:00,26.1,95,0.0,1.66,1.6,100
2023-07-24 05:00:00,26.6,91,7.0,1.61,2.2,100
2023-07-24 06:00:00,27.1,91,28.0,0.54,3.2,100
2023-07-24 07:00:00,27.2,91,102.0,2.12,0.4,100
2023-07-24 08:00:00,28.2,86,304.0,2.2,0.3,97
2023-07-24 09:00:00,29.5,82,591.0,2.0,0.1,98
2023-07-24 10:00:00,30.9,77,813.0,2.0,0.1,98
2023-07-24 11:00:00,32.1,74,869.0,2.5,0.1,100
2023-07-24 12:00:00,32.3,73,788.0,2.77,0.1,97
2023-07-24 13:00:00,31.6,76,650.0,1.92,2.7,98
2023-07-24 14:00:00,32.2,73,420.0,1.8,0.0,100
2023-07-24 15:00:00,31.2,77,454.0,2.39,1.3,100
2023-07-24 16:00:00,29.1,85,240.0,2.41,1.3,100
2023-07-24 17:00:00,29.4,84,99.0,3.5,0.0,100
2023-07-24 18:00:00,28.6,86,15.0,0.82,0.2,100
2023-07-24 19:00:00,27.3,93,0.0,1.78,1.5,100
2023-07-24 20:00:00,27.3,92,0.0,1.53,0.1,100
2023-07-24 21:00:00,27.0,95,0.0,1.24,0.0,100
2023-07-24 22:00:00,26.9,96,0.0,1.39,0.0,100
2023-07-24 23:00:00,27.7,91,0.0,0.72,0.0,100
2023-07-25 00:00:00,27.0,95,0.0,0.81,0.0,100
2023-07-25 01:00:00,26.9,96,0.0,0.86,0.0,100
2023-07-25 02:00:00,27.2,95,0.0,0.22,0.0,100
2023-07-25 03:00:00,26.5,99,0.0,0.91,0.0,100
2023-07-25 04:00:00,26.4,98,0.0,1.63,0.2,100
2023-07-25 05:00:00,27.2,91,14.0,3.22,0.1,99
2023-07-25 06:00:00,26.9,89,65.0,1.17,4.8,100
2023-07-25 07:00:00,27.5,88,149.0,0.36,0.4,100
2023-07-25 08:00:00,28.7,85,402.0,0.32,0.2,100
2023-07-25 09:00:00,30.5,79,682.0,0.45,0.0,100
2023-07-25 10:00:00,31.7,74,823.0,1.02,0.0,100
2023-07-25 11:00:00,32.7,70,892.0,1.5,0.0,100
2023-07-25 12:00:00,33.6,67,868.0,1.8,0.0,100
2023-07-25 13:00:00,33.5,68,783.0,1.8,0.0,100
2023-07-25 14:00:00,33.5,66,629.0,1.71,0.0,100
2023-07-25 15:00:00,33.3,65,406.0,1.82,0.0,100
2023-07-25 16:00:00,32.0,72,284.0,2.69,0.0,100
2023-07-25 17:00:00,28.3,92,134.0,1.26,0.0,95
2023-07-25 18:00:00,27.0,96,3.0,0.91,3.5,100
2023-07-25 19:00:00,27.1,96,0.0,1.41,1.9,100
2023-07-25 20:00:00,26.5,97,0.0,0.71,6.6,100
2023-07-25 21:00:00,26.5,97,0.0,1.9,3.6,100
2023-07-25 22:00:00,26.2,93,0.0,2.85,2.5,100
2023-07-25 23:00:00,26.3,93,0.0,1.48,1.2,100
2023-07-26 00:00:00,26.7,93,0.0,0.57,0.4,100
2023-07-26 01:00:00,26.4,94,0.0,0.42,1.7,100
2023-07-26 02:00:00,26.3,95,0.0,0.71,0.5,100
2023-07-26 03:00:00,26.1,95,0.0,1.5,0.6,100
2023-07-26 04:00:00,25.9,97,0.0,0.32,0.1,100
2023-07-26 05:00:00,26.8,97,15.0,1.27,0.2,100
2023-07-26 06:00:00,27.6,92,104.0,0.7,0.0,100
2023-07-26 07:00:00,28.6,88,275.0,0.61,0.1,99
2023-07-26 08:00:00,29.2,86,432.0,0.92,0.1,97
2023-07-26 09:00:00,30.3,80,618.0,1.8,0.1,95
2023-07-26 10:00:00,31.2,77,772.0,2.09,0.1,98
2023-07-26 11:00:00,32.2,73,833.0,2.44,0.1,52
2023-07-26 12:00:00,29.5,83,831.0,3.86,2.3,95
2023-07-26 13:00:00,30.2,81,443.0,2.56,0.1,67
2023-07-26 14:00:00,31.7,75,585.0,2.25,0.0,74
2023-07-26 15:00:00,31.6,72,476.0,2.47,0.9,97
2023-07-26 16:00:00,30.8,78,280.0,1.92,0.0,100
2023-07-26 17:00:00,30.3,84,80.0,2.88,0.0,99
2023-07-26 18:00:00,29.0,86,18.0,3.28,0.1,90
2023-07-26 19:00:00,27.7,90,0.0,2.47,0.2,100
2023-07-26 20:00:00,27.2,94,0.0,1.53,0.1,100
2023-07-26 21:00:00,27.2,93,0.0,1.33,0.0,100
2023-07-26 22:00:00,27.3,93,0.0,1.26,0.0,100
2023-07-26 23:00:00,27.2,93,0.0,1.44,0.0,100
2023-07-27 00:00:00,27.3,93,0.0,1.2,0.0,100
2023-07-27 01:00:00,27.4,92,0.0,1.3,0.0,100
2023-07-27 02:00:00,27.2,93,0.0,1.39,0.2,100
2023-07-27 03:00:00,26.5,94,0.0,2.28,0.2,100
2023-07-27 04:00:00,26.3,90,0.0,2.25,0.5,100
2023-07-27 05:00:00,27.1,90,7.0,1.49,0.4,100
2023-07-27 06:00:00,27.6,88,110.0,1.41,0.0,100
2023-07-27 07:00:00,28.9,83,290.0,1.86,0.0,100
2023-07-27 08:00:00,29.7,80,403.0,1.9,0.1,99
2023-07-27 09:00:00,30.6,76,530.0,2.28,0.0,97
2023-07-27 10:00:00,31.3,75,715.0,2.44,0.1,74
2023-07-27 11:00:00,32.7,72,835.0,2.62,0.0,100
2023-07-27 12:00:00,32.8,72,811.0,3.34,0.6,100
2023-07-27 13:00:00,31.2,78,557.0,3.58,5.1,100
2023-07-27 14:00:00,29.5,85,356.0,1.75,3.4,100
2023-07-27 15:00:00,30.1,81,373.0,1.12,0.0,99
2023-07-27 16:00:00,30.2,81,261.0,1.77,0.0,99
2023-07-27 17:00:00,29.3,83,111.0,3.69,0.1,100
2023-07-27 18:00:00,28.2,89,16.0,2.64,0.1,100
2023-07-27 19:00:00,27.9,92,0.0,2.13,0.1,100
2023-07-27 20:00:00,27.8,94,0.0,1.63,0.0,100
2023-07-27 21:00:00,27.6,95,0.0,1.17,0.0,99
2023-07-27 22:00:00,27.3,96,0.0,1.14,0.0,100
2023-07-27 23:00:00,27.2,97,0.0,1.0,0.0,100
2023-07-28 00:00:00,27.1,97,0.0,1.21,0.0,100
2023-07-28 01:00:00,27.0,95,0.0,1.68,0.0,100
2023-07-28 02:00:00,26.3,93,0.0,1.22,0.0,100
2023-07-28 03:00:00,26.2,93,0.0,1.1,0.0,100
2023-07-28 04:00:00,26.1,91,0.0,1.17,0.1,100
2023-07-28 05:00:00,27.3,92,11.0,3.1,1.2,100
2023-07-28 06:00:00,27.1,93,48.0,3.3,1.8,100
2023-07-28 07:00:00,28.0,89,175.0,2.79,0.1,100
2023-07-28 08:00:00,28.8,85,336.0,2.19,0.1,100
2023-07-28 09:00:00,29.5,81,428.0,2.19,0.0,100
2023-07-28 10:00:00,30.1,79,449.0,2.01,0.2,100
2023-07-28 11:00:00,31.0,77,733.0,1.92,0.2,100
2023-07-28 12:00:00,29.5,79,651.0,4.2,5.9,100
2023-07-28 13:00:00,27.8,90,145.0,2.76,0.4,100
2023-07-28 14:00:00,29.2,86,393.0,2.13,0.2,100
2023-07-28 15:00:00,30.4,81,463.0,1.7,0.0,100
2023-07-28 16:00:00,30.4,81,285.0,2.38,0.0,100
2023-07-28 17:00:00,30.7,78,109.0,1.91,0.4,100
2023-07-28 18:00:00,29.5,83,17.0,2.06,0.0,67
2023-07-28 19:00:00,28.6,85,0.0,1.75,0.0,77
2023-07-28 20:00:00,27.9,88,0.0,1.7,0.0,88
2023-07-28 21:00:00,27.2,94,0.0,1.34,0.0,100
2023-07-28 22:00:00,27.3,95,0.0,1.0,0.0,100
2023-07-28 23:00:00,27.5,92,0.0,1.39,0.0,100
2023-07-29 00:00:00,27.2,93,0.0,1.24,0.4,99
2023-07-29 01:00:00,26.6,94,0.0,0.32,7.0,100
2023-07-29 02:00:00,26.5,95,0.0,0.67,1.2,100
2023-07-29 03:00:00,26.2,96,0.0,0.78,0.4,100
2023-07-29 04:00:00,26.2,95,0.0,0.51,0.3,100
2023-07-29 05:00:00,27.0,90,7.0,0.36,0.1,100
2023-07-29 06:00:00,27.3,90,26.0,0.54,0.5,100
2023-07-29 07:00:00,27.4,89,80.0,0.9,0.9,100
2023-07-29 08:00:00,27.7,87,169.0,2.14,0.3,100
2023-07-29 09:00:00,28.2,86,238.0,1.71,0.1,100
2023-07-29 10:00:00,28.9,83,331.0,1.75,0.0,99
2023-07-29 11:00:00,30.9,77,806.0,1.65,0.1,99
2023-07-29 12:00:00,31.4,76,741.0,1.46,0.1,83
2023-07-29 13:00:00,32.0,75,711.0,1.03,0.1,99
2023-07-29 14:00:00,30.0,80,538.0,2.12,6.2,100
2023-07-29 15:00:00,28.9,87,144.0,1.92,0.1,100
2023-07-29 16:00:00,29.6,85,198.0,0.91,0.0,100
2023-07-29 17:00:00,29.2,86,121.0,1.0,0.0,89
2023-07-29 18:00:00,29.1,87,15.0,0.57,0.0,85
2023-07-29 19:00:00,27.9,90,0.0,1.0,7.6,98
2023-07-29 20:00:00,27.6,93,0.0,1.22,0.4,100
2023-07-29 21:00:00,27.4,95,0.0,1.08,0.1,99
2023-07-29 22:00:00,27.1,95,0.0,1.02,0.0,100
2023-07-29 23:00:00,27.1,91,0.0,1.63,0.0,99
2023-07-30 00:00:00,26.7,93,0.0,1.8,0.0,99
2023-07-30 01:00:00,26.3,96,0.0,1.97,0.0,100
2023-07-30 02:00:00,26.1,96,0.0,2.09,0.0,100
2023-07-30 03:00:00,25.9,97,0.0,1.61,0.0,99
2023-07-30 04:00:00,25.9,97,0.0,1.84,0.0,99
2023-07-30 05:00:00,26.8,93,11.0,1.98,0.0,100
2023-07-30 06:00:00,27.0,91,76.0,1.27,1.7,98
2023-07-30 07:00:00,27.2,90,137.0,0.95,0.9,92
2023-07-30 08:00:00,28.8,84,412.0,1.4,0.3,98
2023-07-30 09:00:00,29.7,83,545.0,1.24,0.1,68
2023-07-30 10:00:00,30.9,81,730.0,1.5,0.1,52
2023-07-30 11:00:00,31.9,77,860.0,1.24,0.1,39
2023-07-30 12:00:00,32.7,74,852.0,1.14,0.0,21
2023-07-30 13:00:00,32.9,74,789.0,1.65,0.3,35
2023-07-30 14:00:00,33.1,71,699.0,1.46,0.1,40
2023-07-30 15:00:00,32.4,69,503.0,1.36,0.7,79
2023-07-30 16:00:00,31.5,73,303.0,1.62,0.0,66
2023-07-30 17:00:00,30.5,84,132.0,1.44,0.1,92
2023-07-30 18:00:00,29.4,92,17.0,1.34,0.0,99
2023-07-30 19:00:00,30.3,85,0.0,1.06,0.0,100
2023-07-30 20:00:00,29.7,87,0.0,0.78,0.0,78
2023-07-30 21:00:00,28.9,91,0.0,0.86,0.0,47
2023-07-30 22:00:00,28.3,93,0.0,1.03,0.0,68
2023-07-30 23:00:00,27.9,97,0.0,0.58,0.0,52
2023-07-31 00:00:00,27.6,97,0.0,0.42,0.0,61
2023-07-31 01:00:00,27.5,96,0.0,0.54,0.0,86
2023-07-31 02:00:00,27.4,97,0.0,0.64,0.0,65
2023-07-31 03:00:00,27.1,99,0.0,0.94,0.0,67
2023-07-31 04:00:00,27.0,100,0.0,1.0,0.0,10
2023-07-31 05:00:00,26.7,93,18.0,1.82,0.0,22
2023-07-31 06:00:00,27.5,90,50.0,1.42,0.2,73
2023-07-31 07:00:00,29.5,86,282.0,1.41,0.1,94
2023-07-31 08:00:00,31.3,81,482.0,1.84,0.0,49
2023-07-31 09:00:00,32.2,74,708.0,3.48,2.5,96
2023-07-31 10:00:00,32.7,73,675.0,3.14,0.0,98
2023-07-31 11:00:00,33.9,69,856.0,2.87,0.1,97
2023-07-31 12:00:00,34.6,65,862.0,2.56,0.0,85
2023-07-31 13:00:00,34.3,65,730.0,2.24,0.0,47
2023-07-31 14:00:00,34.6,63,699.0,1.49,0.3,91
2023-07-31 15:00:00,34.0,65,492.0,0.78,0.1,68
2023-07-31 16:00:00,32.5,76,327.0,2.42,0.4,48
2023-07-31 17:00:00,33.4,78,141.0,1.7,0.0,41
2023-07-31 18:00:00,31.3,82,17.0,2.09,0.0,75
2023-07-31 19:00:00,30.9,83,0.0,1.7,0.0,99
2023-07-31 20:00:00,30.4,86,0.0,2.2,0.0,77
2023-07-31 21:00:00,29.8,90,0.0,1.06,0.0,93
2023-07-31 22:00:00,29.3,93,0.0,1.26,0.0,93
2023-07-31 23:00:00,29.0,96,0.0,1.12,0.0,98
2023-08-01 00:00:00,28.6,98,0.0,1.35,0.0,100
2023-08-01 01:00:00,28.7,98,0.0,1.08,0.0,100
2023-08-01 02:00:00,28.4,97,0.0,1.17,0.0,97
2023-08-01 03:00:00,28.4,97,0.0,0.92,0.0,100
2023-08-01 04:00:00,28.3,98,0.0,1.08,0.0,98
2023-08-01 05:00:00,28.0,95,18.0,2.4,0.0,97
2023-08-01 06:00:00,28.9,92,122.0,1.84,0.0,74
2023-08-01 07:00:00,31.2,86,341.0,1.92,0.0,93
2023-08-01 08:00:00,33.0,75,510.0,3.13,0.0,100
2023-08-01 09:00:00,34.3,67,671.0,4.22,0.0,100
2023-08-01 10:00:00,34.9,65,772.0,4.71,0.0,100
2023-08-01 11:00:00,35.5,63,866.0,4.88,0.0,98
2023-08-01 12:00:00,35.7,62,855.0,5.22,0.0,99
2023-08-01 13:00:00,35.8,60,819.0,5.46,0.0,85
2023-08-01 14:00:00,35.8,60,683.0,5.15,0.0,97
2023-08-01 15:00:00,35.4,64,505.0,5.14,0.0,98
2023-08-01 16:00:00,34.6,69,339.0,4.62,0.0,100
2023-08-01 17:00:00,33.6,67,140.0,4.54,0.0,100
2023-08-01 18:00:00,33.1,64,15.0,4.27,0.0,100
2023-08-01 19:00:00,32.6,67,0.0,3.93,0.0,98
2023-08-01 20:00:00,31.8,73,0.0,3.03,0.0,100
2023-08-01 21:00:00,30.8,81,0.0,1.48,0.1,99
2023-08-01 22:00:00,29.8,86,0.0,1.58,1.3,100
2023-08-01 23:00:00,30.4,80,0.0,0.76,0.0,100
2023-08-02 00:00:00,29.0,89,0.0,0.9,0.0,99
2023-08-02 01:00:00,28.5,94,0.0,0.81,0.0,99
2023-08-02 02:00:00,28.2,97,0.0,1.3,0.0,98
2023-08-02 03:00:00,28.2,98,0.0,0.92,0.1,100
2023-08-02 04:00:00,28.4,93,0.0,1.84,0.1,100
2023-08-02 05:00:00,28.0,93,17.0,3.54,0.0,96
2023-08-02 06:00:00,28.0,92,52.0,1.98,6.9,100
2023-08-02 07:00:00,29.1,90,178.0,3.13,1.3,99
2023-08-02 08:00:00,30.4,86,352.0,1.82,0.1,99
2023-08-02 09:00:00,31.3,81,451.0,0.72,0.0,99
2023-08-02 10:00:00,33.0,73,787.0,0.95,0.1,99
2023-08-02 11:00:00,33.0,73,700.0,1.43,0.1,99
2023-08-02 12:00:00,31.8,77,778.0,1.8,6.0,100
2023-08-02 13:00:00,31.4,78,421.0,0.73,4.2,100
2023-08-02 14:00:00,30.5,83,263.0,0.98,0.1,100
2023-08-02 15:00:00,31.2,81,358.0,0.58,0.1,100
2023-08-02 16:00:00,30.9,83,166.0,1.46,0.0,100
2023-08-02 17:00:00,29.0,91,85.0,3.74,0.0,100
2023-08-02 18:00:00,27.9,96,2.0,2.86,7.9,100
2023-08-02 19:00:00,28.0,95,0.0,2.2,0.1,100
2023-08-02 20:00:00,27.5,96,0.0,2.82,0.1,100
2023-08-02 21:00:00,27.5,94,0.0,2.6,0.0,100
2023-08-02 22:00:00,27.3,95,0.0,3.01,0.0,100
2023-08-02 23:00:00,27.2,93,0.0,2.75,0.3,100
2023-08-03 00:00:00,26.4,95,0.0,2.92,11.8,100
2023-08-03 01:00:00,26.3,96,0.0,1.7,1.4,100
2023-08-03 02:00:00,26.2,97,0.0,1.2,1.0,100
2023-08-03 03:00:00,26.2,97,0.0,0.85,1.2,100
2023-08-03 04:00:00,26.1,97,0.0,0.73,2.0,100
2023-08-03 05:00:00,26.6,95,8.0,1.32,4.1,100
2023-08-03 06:00:00,26.6,96,34.0,1.1,1.9,100
2023-08-03 07:00:00,26.8,94,65.0,1.43,1.5,100
2023-08-03 08:00:00,27.8,92,248.0,1.97,0.9,100
2023-08-03 09:00:00,28.5,88,256.0,1.7,0.7,100
2023-08-03 10:00:00,29.2,85,357.0,1.04,0.8,100
2023-08-03 11:00:00,29.7,82,333.0,0.73,0.6,100
2023-08-03 12:00:00,30.9,80,682.0,0.5,0.3,100
2023-08-03 13:00:00,31.6,80,703.0,0.94,0.2,100
2023-08-03 14:00:00,31.4,79,517.0,1.12,4.6,100
2023-08-03 15:00:00,31.4,75,328.0,0.45,1.6,100
2023-08-03 16:00:00,30.8,77,195.0,1.1,0.9,100
2023-08-03 17:00:00,29.3,85,89.0,1.79,1.4,100
2023-08-03 18:00:00,28.0,92,9.0,0.76,7.1,100
2023-08-03 19:00:00,27.7,92,0.0,1.2,1.9,100
2023-08-03 20:00:00,27.5,95,0.0,0.91,0.2,100
2023-08-03 21:00:00,27.3,95,0.0,1.22,0.2,100
2023-08-03 22:00:00,26.6,98,0.0,1.71,5.5,100
2023-08-03 23:00:00,26.6,97,0.0,0.4,1.6,100
2023-08-04 00:00:00,26.5,97,0.0,0.99,1.7,100
2023-08-04 01:00:00,26.5,96,0.0,0.71,1.2,100
2023-08-04 02:00:00,26.5,95,0.0,0.51,0.7,100
2023-08-04 03:00:00,26.5,94,0.0,0.67,0.5,100
2023-08-04 04:00:00,26.3,95,0.0,1.36,0.7,100
2023-08-04 05:00:00,27.0,92,9.0,1.98,2.3,100
2023-08-04 06:00:00,27.1,93,27.0,1.72,2.7,100
2023-08-04 07:00:00,27.1,92,120.0,2.02,3.0,100
2023-08-04 08:00:00,26.6,93,60.0,2.05,6.3,100
2023-08-04 09:00:00,27.2,92,146.0,1.98,4.2,100
2023-08-04 10:00:00,27.4,91,126.0,2.46,1.4,100
2023-08-04 11:00:00,28.4,86,300.0,1.36,0.7,100
2023-08-04 12:00:00,29.7,82,491.0,0.22,0.8,100
2023-08-04 13:00:00,30.7,81,691.0,0.92,0.2,100
2023-08-04 14:00:00,31.0,80,529.0,0.63,0.3,100
2023-08-04 15:00:00,31.1,79,454.0,1.48,0.2,100
2023-08-04 16:00:00,29.5,83,202.0,1.39,5.2,100
2023-08-04 17:00:00,27.9,92,59.0,2.88,0.0,100
2023-08-04 18:00:00,27.0,93,3.0,1.41,3.3,100
2023-08-04 19:00:00,27.1,92,0.0,0.42,2.7,100
2023-08-04 20:00:00,27.2,94,0.0,0.41,0.6,100
2023-08-04 21:00:00,27.2,94,0.0,0.57,0.3,100
2023-08-04 22:00:00,27.1,94,0.0,0.73,0.2,100
2023-08-04 23:00:00,26.8,95,0.0,1.36,0.2,100
2023-08-05 00:00:00,26.4,95,0.0,1.3,0.1,100
2023-08-05 01:00:00,26.2,96,0.0,1.03,0.2,100
2023-08-05 02:00:00,26.0,97,0.0,0.98,0.2,100
2023-08-05 03:00:00,25.8,97,0.0,0.72,0.1,100
2023-08-05 04:00:00,25.4,98,0.0,0.72,0.0,100
2023-08-05 05:00:00,26.7,96,13.0,2.11,0.0,100
2023-08-05 06:00:00,27.6,89,109.0,2.75,0.0,77
2023-08-05 07:00:00,28.4,86,271.0,2.71,0.1,87
2023-08-05 08:00:00,29.4,82,408.0,2.75,0.1,100
2023-08-05 09:00:00,30.5,79,585.0,2.52,0.0,100
2023-08-05 10:00:00,31.2,75,652.0,3.35,0.0,100
2023-08-05 11:00:00,31.5,75,767.0,3.93,0.0,100
2023-08-05 12:00:00,31.7,73,764.0,3.86,0.1,100
2023-08-05 13:00:00,31.9,74,703.0,2.86,0.1,100
2023-08-05 14:00:00,31.9,74,614.0,2.72,0.1,100
2023-08-05 15:00:00,31.5,72,439.0,2.9,0.5,100
2023-08-05 16:00:00,30.9,75,242.0,2.38,0.0,100
2023-08-05 17:00:00,30.0,79,111.0,3.45,0.0,100
2023-08-05 18:00:00,28.5,87,10.0,1.77,0.0,100
2023-08-05 19:00:00,28.1,90,0.0,1.49,0.0,100
2023-08-05 20:00:00,28.1,88,0.0,1.7,0.0,100
2023-08-05 21:00:00,27.9,88,0.0,1.9,0.0,100
2023-08-05 22:00:00,27.4,90,0.0,1.81,0.0,100
2023-08-05 23:00:00,27.0,91,0.0,2.0,0.0,100
2023-08-06 00:00:00,26.7,93,0.0,1.75,0.0,100
2023-08-06 01:00:00,26.2,97,0.0,1.08,0.0,95
2023-08-06 02:00:00,26.1,96,0.0,2.26,0.1,85
2023-08-06 03:00:00,26.1,96,0.0,1.33,1.6,45
2023-08-06 04:00:00,26.0,95,0.0,0.85,0.0,29
2023-08-06 05:00:00,26.8,93,14.0,1.64,0.0,67
2023-08-06 06:00:00,26.5,95,66.0,0.89,1.6,100
2023-08-06 07:00:00,26.9,93,100.0,0.2,0.4,100
2023-08-06 08:00:00,28.2,87,357.0,1.3,0.2,100
2023-08-06 09:00:00,29.0,86,455.0,1.4,0.2,100
2023-08-06 10:00:00,28.7,84,271.0,1.53,1.9,100
2023-08-06 11:00:00,30.2,81,683.0,0.91,0.3,100
2023-08-06 12:00:00,31.1,78,799.0,0.36,0.2,100
2023-08-06 13:00:00,31.3,76,524.0,0.86,0.2,93
2023-08-06 14:00:00,30.1,82,435.0,0.78,10.9,100
2023-08-06 15:00:00,28.7,86,218.0,2.47,4.8,100
2023-08-06 16:00:00,27.7,90,110.0,1.39,2.5,100
2023-08-06 17:00:00,27.5,92,59.0,1.03,0.6,100
2023-08-06 18:00:00,27.1,95,2.0,0.91,3.3,100
2023-08-06 19:00:00,27.0,95,0.0,0.28,2.8,100
2023-08-06 20:00:00,26.9,92,0.0,0.94,2.6,100
2023-08-06 21:00:00,26.5,96,0.0,1.56,2.5,100
2023-08-06 22:00:00,26.5,97,0.0,0.57,1.1,100
2023-08-06 23:00:00,26.4,97,0.0,0.73,1.1,100
2023-08-07 00:00:00,26.4,96,0.0,0.72,0.6,100
2023-08-07 01:00:00,26.3,95,0.0,0.71,0.5,100
2023-08-07 02:00:00,26.3,94,0.0,0.14,0.3,100
2023-08-07 03:00:00,26.3,94,0.0,0.57,0.4,100
2023-08-07 04:00:00,26.1,95,0.0,0.76,0.2,100
2023-08-07 05:00:00,26.7,95,6.0,1.46,0.2,100
2023-08-07 06:00:00,27.0,93,81.0,1.7,1.0,100
2023-08-07 07:00:00,27.6,91,178.0,0.81,3.3,100
2023-08-07 08:00:00,27.6,91,146.0,0.51,3.5,100
2023-08-07 09:00:00,27.8,91,144.0,2.55,1.6,100
2023-08-07 10:00:00,29.0,84,265.0,2.37,0.4,100
2023-08-07 11:00:00,29.9,79,316.0,1.3,0.2,100
2023-08-07 12:00:00,30.9,78,583.0,0.92,0.2,100
2023-08-07 13:00:00,31.4,77,605.0,1.04,0.2,100
2023-08-07 14:00:00,31.5,76,308.0,0.72,0.2,100
2023-08-07 15:00:00,29.8,84,175.0,0.86,9.2,100
2023-08-07 16:00:00,27.6,93,43.0,1.7,12.7,100
2023-08-07 17:00:00,27.7,90,60.0,0.92,0.3,100
2023-08-07 18:00:00,27.1,94,5.0,1.1,6.3,100
2023-08-07 19:00:00,27.0,94,0.0,0.41,6.3,100
2023-08-07 20:00:00,27.0,94,0.0,0.5,0.4,100
2023-08-07 21:00:00,26.8,95,0.0,1.41,0.6,100
2023-08-07 22:00:00,26.7,95,0.0,1.3,0.3,100
2023-08-07 23:00:00,26.4,97,0.0,0.63,6.2,100
2023-08-08 00:00:00,26.2,97,0.0,0.71,6.3,100
2023-08-08 01:00:00,25.6,99,0.0,1.35,4.4,100
2023-08-08 02:00:00,25.4,99,0.0,1.49,7.7,100
2023-08-08 03:00:00,25.2,100,0.0,1.78,2.0,100
2023-08-08 04:00:00,25.7,96,0.0,1.17,0.3,100
2023-08-08 05:00:00,27.0,94,5.0,3.35,0.7,100
2023-08-08 06:00:00,27.6,92,58.0,2.6,0.6,100
2023-08-08 07:00:00,28.5,86,184.0,4.72,0.0,100
2023-08-08 08:00:00,30.4,78,511.0,4.7,0.0,99
2023-08-08 09:00:00,31.3,73,463.0,4.36,0.0,96
2023-08-08 10:00:00,32.1,73,658.0,4.2,0.1,76
2023-08-08 11:00:00,33.0,69,761.0,4.1,0.1,100
2023-08-08 12:00:00,33.1,66,873.0,5.24,0.1,100
2023-08-08 13:00:00,33.1,68,690.0,4.78,0.3,90
2023-08-08 14:00:00,32.9,69,546.0,4.93,0.0,97
2023-08-08 15:00:00,32.4,72,486.0,4.43,0.0,99
2023-08-08 16:00:00,32.1,76,252.0,1.86,0.1,99
2023-08-08 17:00:00,28.3,87,114.0,5.08,1.9,100
2023-08-08 18:00:00,27.4,97,5.0,2.16,22.3,100
2023-08-08 19:00:00,27.1,99,0.0,2.83,9.7,100
2023-08-08 20:00:00,27.4,97,0.0,2.73,3.3,100
2023-08-08 21:00:00,27.2,95,0.0,3.33,1.0,100
2023-08-08 22:00:00,26.6,95,0.0,3.06,1.1,100
2023-08-08 23:00:00,26.5,96,0.0,1.72,5.0,100
2023-08-09 00:00:00,26.4,96,0.0,0.94,1.7,100
2023-08-09 01:00:00,26.4,96,0.0,0.73,0.7,100
2023-08-09 02:00:00,26.4,96,0.0,1.08,0.8,100
2023-08-09 03:00:00,26.4,95,0.0,0.63,1.8,100
2023-08-09 04:00:00,26.4,95,0.0,0.78,0.1,100
2023-08-09 05:00:00,27.1,92,9.0,0.92,0.2,100
2023-08-09 06:00:00,27.4,90,62.0,0.82,0.2,100
2023-08-09 07:00:00,27.9,89,187.0,0.72,0.1,100
2023-08-09 08:00:00,28.4,86,277.0,0.71,0.1,99
2023-08-09 09:00:00,29.5,83,473.0,0.89,0.0,100
2023-08-09 10:00:00,30.7,79,641.0,1.04,0.1,100
2023-08-09 11:00:00,31.0,78,535.0,1.5,0.1,100
2023-08-09 12:00:00,31.1,76,642.0,2.24,3.4,100
2023-08-09 13:00:00,31.1,77,503.0,1.8,0.4,98
2023-08-09 14:00:00,31.3,78,456.0,1.93,0.1,98
2023-08-09 15:00:00,31.5,78,502.0,2.02,0.1,99
2023-08-09 16:00:00,30.5,78,279.0,2.53,4.5,95
2023-08-09 17:00:00,29.0,85,96.0,2.42,0.1,97
2023-08-09 18:00:00,28.3,89,10.0,2.02,0.1,97
2023-08-09 19:00:00,27.9,91,0.0,2.2,0.0,100
2023-08-09 20:00:00,27.6,92,0.0,1.66,0.0,100
2023-08-09 21:00:00,27.1,95,0.0,1.22,0.0,93
2023-08-09 22:00:00,27.1,96,0.0,1.27,0.0,96
2023-08-09 23:00:00,27.0,96,0.0,1.2,0.0,100
2023-08-10 00:00:00,26.8,97,0.0,1.08,0.0,100
2023-08-10 01:00:00,26.8,97,0.0,1.08,0.0,100
2023-08-10 02:00:00,26.6,97,0.0,1.17,0.0,96
2023-08-10 03:00:00,26.5,96,0.0,1.06,0.0,98
2023-08-10 04:00:00,26.4,96,0.0,0.92,0.0,32
2023-08-10 05:00:00,27.3,99,13.0,0.5,0.0,41
2023-08-10 06:00:00,28.5,87,130.0,0.85,0.0,62
2023-08-10 07:00:00,29.6,81,310.0,1.0,0.0,94
2023-08-10 08:00:00,30.1,79,413.0,1.3,0.0,100
2023-08-10 09:00:00,30.8,75,442.0,1.02,0.0,100
2023-08-10 10:00:00,31.2,73,445.0,1.36,0.1,98
2023-08-10 11:00:00,31.5,75,610.0,2.15,0.4,72
2023-08-10 12:00:00,31.8,76,765.0,2.22,0.1,63
2023-08-10 13:00:00,32.3,73,784.0,2.24,0.1,100
2023-08-10 14:00:00,32.2,73,566.0,2.51,0.1,100
2023-08-10 15:00:00,29.3,86,343.0,3.81,0.8,99
2023-08-10 16:00:00,29.1,86,220.0,2.33,0.2,90
2023-08-10 17:00:00,27.6,92,115.0,2.53,0.0,94
2023-08-10 18:00:00,27.7,93,7.0,1.41,0.0,100
2023-08-10 19:00:00,27.9,94,0.0,1.24,0.0,100
2023-08-10 20:00:00,27.9,95,0.0,1.27,0.0,100
2023-08-10 21:00:00,27.9,93,0.0,1.08,0.0,93
2023-08-10 22:00:00,27.8,91,0.0,1.0,0.0,86
2023-08-10 23:00:00,27.5,93,0.0,1.14,0.0,97
2023-08-11 00:00:00,28.0,90,0.0,0.5,0.0,70
2023-08-11 01:00:00,28.0,90,0.0,0.81,0.0,95
2023-08-11 02:00:00,26.8,93,0.0,1.2,0.0,100
2023-08-11 03:00:00,26.8,92,0.0,0.94,0.0,100
2023-08-11 04:00:00,26.4,94,0.0,0.91,0.0,100
2023-08-11 05:00:00,27.9,89,10.0,0.5,0.0,99
2023-08-11 06:00:00,28.3,89,119.0,1.84,0.0,99
2023-08-11 07:00:00,28.8,85,304.0,2.73,0.9,100
2023-08-11 08:00:00,29.1,86,351.0,2.33,0.1,100
2023-08-11 09:00:00,30.1,82,525.0,1.94,0.1,100
2023-08-11 10:00:00,30.6,81,651.0,2.01,0.1,100
2023-08-11 11:00:00,31.4,77,692.0,2.21,0.1,100
2023-08-11 12:00:00,32.3,75,713.0,2.85,0.1,100
2023-08-11 13:00:00,29.7,85,408.0,2.96,8.1,100
2023-08-11 14:00:00,30.5,83,468.0,3.13,0.3,95
2023-08-11 15:00:00,30.6,80,428.0,2.92,0.4,99
2023-08-11 16:00:00,30.5,81,300.0,2.31,0.0,99
2023-08-11 17:00:00,29.7,85,123.0,1.84,0.0,99
2023-08-11 18:00:00,28.4,92,8.0,1.65,0.6,100
2023-08-11 19:00:00,28.0,93,0.0,0.85,0.1,100
2023-08-11 20:00:00,27.9,91,0.0,1.2,0.0,100
2023-08-11 21:00:00,27.5,93,0.0,1.1,0.0,99
2023-08-11 22:00:00,27.5,92,0.0,1.46,0.0,100
2023-08-11 23:00:00,27.0,94,0.0,1.92,0.0,100
2023-08-12 00:00:00,26.4,95,0.0,1.51,0.0,100
2023-08-12 01:00:00,26.1,96,0.0,1.02,0.0,100
2023-08-12 02:00:00,26.0,95,0.0,1.02,0.0,100
2023-08-12 03:00:00,25.9,94,0.0,1.2,0.0,100
2023-08-12 04:00:00,25.8,95,0.0,0.85,0.0,100
2023-08-12 05:00:00,27.2,95,7.0,1.68,0.0,100
2023-08-12 06:00:00,27.9,90,101.0,2.71,0.0,100
2023-08-12 07:00:00,28.4,88,249.0,2.66,0.0,100
2023-08-12 08:00:00,29.6,81,491.0,3.44,0.0,100
2023-08-12 09:00:00,30.6,79,643.0,3.04,0.1,99
2023-08-12 10:00:00,31.1,79,792.0,3.91,0.2,100
2023-08-12 11:00:00,30.9,82,721.0,2.62,2.7,95
2023-08-12 12:00:00,31.5,78,635.0,2.0,0.2,94
2023-08-12 13:00:00,29.7,83,616.0,3.6,6.9,100
2023-08-12 14:00:00,28.6,89,203.0,0.3,0.3,100
2023-08-12 15:00:00,28.8,88,157.0,0.95,0.1,100
2023-08-12 16:00:00,29.0,88,163.0,0.94,0.1,100
2023-08-12 17:00:00,29.7,92,72.0,0.32,0.2,100
2023-08-12 18:00:00,28.3,93,5.0,0.63,6.6,100
2023-08-12 19:00:00,27.2,94,0.0,1.92,14.3,100
2023-08-12 20:00:00,27.3,93,0.0,0.72,2.8,100
2023-08-12 21:00:00,27.3,93,0.0,0.8,2.1,100
2023-08-12 22:00:00,27.1,95,0.0,0.81,0.7,100
2023-08-12 23:00:00,27.0,95,0.0,1.0,0.8,100
2023-08-13 00:00:00,26.9,94,0.0,1.63,1.0,100
2023-08-13 01:00:00,26.7,95,0.0,2.24,0.9,100
2023-08-13 02:00:00,26.5,96,0.0,2.11,1.2,100
2023-08-13 03:00:00,26.5,95,0.0,1.93,0.5,100
2023-08-13 04:00:00,26.3,96,0.0,1.51,1.2,100
2023-08-13 05:00:00,26.7,94,3.0,1.82,2.1,100
2023-08-13 06:00:00,26.6,97,7.0,2.02,10.0,100
2023-08-13 07:00:00,26.9,96,33.0,3.38,6.2,100
2023-08-13 08:00:00,27.4,94,114.0,2.91,2.9,100
2023-08-13 09:00:00,27.7,93,139.0,2.57,0.9,100
2023-08-13 10:00:00,27.9,91,167.0,2.51,0.5,100
2023-08-13 11:00:00,29.5,85,537.0,1.81,0.4,100
2023-08-13 12:00:00,30.0,84,588.0,0.9,0.6,100
2023-08-13 13:00:00,29.9,83,484.0,1.84,0.5,100
2023-08-13 14:00:00,28.7,86,356.0,2.53,2.6,100
2023-08-13 15:00:00,28.5,87,343.0,2.82,0.1,99
2023-08-13 16:00:00,28.4,87,263.0,1.53,0.0,99
2023-08-13 17:00:00,28.8,87,112.0,1.73,0.0,100
2023-08-13 18:00:00,27.0,93,7.0,2.0,3.9,100
2023-08-13 19:00:00,27.0,94,0.0,1.8,0.5,100
2023-08-13 20:00:00,27.2,96,0.0,1.21,0.3,100
2023-08-13 21:00:00,27.3,95,0.0,0.99,0.0,100
2023-08-13 22:00:00,26.7,97,0.0,1.28,0.0,100
2023-08-13 23:00:00,26.8,97,0.0,1.08,0.0,100
2023-08-14 00:00:00,26.8,96,0.0,0.85,0.1,100
2023-08-14 01:00:00,26.7,98,0.0,1.21,0.0,100
2023-08-14 02:00:00,26.4,99,0.0,0.82,0.0,100
2023-08-14 03:00:00,26.5,95,0.0,0.92,0.1,100
2023-08-14 04:00:00,26.4,94,0.0,0.92,0.3,100
2023-08-14 05:00:00,27.2,93,9.0,1.27,0.1,100
2023-08-14 06:00:00,27.8,88,109.0,1.0,0.0,99
2023-08-14 07:00:00,28.9,84,301.0,1.5,0.0,97
2023-08-14 08:00:00,29.7,82,519.0,1.9,0.0,100
2023-08-14 09:00:00,30.5,79,647.0,2.12,0.1,100
2023-08-14 10:00:00,31.4,74,711.0,2.3,0.0,100
2023-08-14 11:00:00,32.0,70,795.0,2.75,0.0,100
2023-08-14 12:00:00,32.3,69,812.0,3.0,0.1,99
2023-08-14 13:00:00,32.8,66,742.0,3.41,0.0,100
2023-08-14 14:00:00,32.6,65,589.0,3.32,0.0,100
2023-08-14 15:00:00,31.7,70,345.0,3.67,0.1,99
2023-08-14 16:00:00,31.3,74,259.0,3.44,0.0,100
2023-08-14 17:00:00,30.2,78,100.0,2.77,0.0,100
2023-08-14 18:00:00,29.1,83,7.0,1.92,0.0,100
2023-08-14 19:00:00,28.6,86,0.0,1.98,0.0,100
2023-08-14 20:00:00,28.7,85,0.0,1.7,0.0,100
2023-08-14 21:00:00,28.5,84,0.0,1.84,0.1,99
2023-08-14 22:00:00,28.2,86,0.0,1.49,0.3,95
2023-08-14 23:00:00,27.9,89,0.0,1.28,0.1,94
2023-08-15 00:00:00,27.5,92,0.0,1.12,0.1,99
2023-08-15 01:00:00,27.6,92,0.0,1.39,0.0,97
2023-08-15 02:00:00,27.3,92,0.0,1.2,0.0,93
2023-08-15 03:00:00,27.2,92,0.0,1.3,0.1,89
2023-08-15 04:00:00,26.7,94,0.0,1.0,0.0,39
2023-08-15 05:00:00,27.5,95,11.0,1.8,0.0,34
2023-08-15 06:00:00,28.4,89,119.0,1.81,0.0,83
2023-08-15 07:00:00,29.4,85,302.0,1.9,0.0,97
2023-08-15 08:00:00,30.6,82,476.0,2.1,0.0,98
2023-08-15 09:00:00,31.6,77,612.0,2.61,0.1,100
2023-08-15 10:00:00,32.2,74,729.0,2.8,0.0,98
2023-08-15 11:00:00,32.4,73,735.0,3.8,0.0,92
2023-08-15 12:00:00,33.0,70,830.0,3.81,0.0,81
2023-08-15 13:00:00,32.0,70,768.0,4.37,0.6,97
2023-08-15 14:00:00,32.3,70,476.0,3.79,1.2,100
2023-08-15 15:00:00,31.2,78,319.0,2.65,0.1,99
2023-08-15 16:00:00,30.9,80,234.0,1.8,0.0,100
2023-08-15 17:00:00,29.0,88,76.0,1.44,0.0,100
2023-08-15 18:00:00,27.9,94,4.0,1.77,2.4,100
2023-08-15 19:00:00,28.1,94,0.0,0.45,0.1,100
2023-08-15 20:00:00,28.7,90,0.0,0.86,0.0,87
2023-08-15 21:00:00,28.3,91,0.0,1.36,0.0,85
2023-08-15 22:00:00,27.6,93,0.0,1.0,0.0,100
2023-08-15 23:00:00,27.4,94,0.0,0.91,0.0,100
2023-08-16 00:00:00,27.2,95,0.0,0.67,0.0,100
2023-08-16 01:00:00,27.1,94,0.0,0.78,0.1,99
2023-08-16 02:00:00,27.2,92,0.0,0.36,0.9,100
2023-08-16 03:00:00,26.7,93,0.0,1.03,1.5,100
2023-08-16 04:00:00,26.4,94,0.0,0.81,0.0,100
2023-08-16 05:00:00,27.7,90,5.0,1.13,0.1,100
2023-08-16 06:00:00,28.3,88,117.0,0.3,0.1,88
2023-08-16 07:00:00,28.8,87,262.0,1.08,0.1,65
2023-08-16 08:00:00,29.4,84,384.0,1.41,0.1,74
2023-08-16 09:00:00,30.2,81,462.0,0.5,0.1,56
2023-08-16 10:00:00,31.4,78,740.0,0.67,0.1,57
2023-08-16 11:00:00,32.2,76,801.0,0.67,0.1,58
2023-08-16 12:00:00,32.6,75,853.0,0.92,0.2,86
2023-08-16 13:00:00,32.7,73,780.0,1.5,0.1,84
2023-08-16 14:00:00,32.0,75,555.0,2.33,0.2,85
2023-08-16 15:00:00,31.0,80,333.0,2.53,0.1,42
2023-08-16 16:00:00,30.5,83,292.0,3.01,0.0,97
2023-08-16 17:00:00,30.1,82,100.0,1.03,0.7,88
2023-08-16 18:00:00,29.1,88,7.0,1.17,0.0,92
2023-08-16 19:00:00,28.6,92,0.0,1.2,0.0,98
2023-08-16 20:00:00,28.1,96,0.0,1.2,0.0,77
2023-08-16 21:00:00,28.8,92,0.0,0.63,0.0,60
2023-08-16 22:00:00,28.0,95,0.0,0.92,0.0,70
2023-08-16 23:00:00,28.0,95,0.0,0.92,0.0,98
2023-08-17 00:00:00,27.8,94,0.0,0.92,0.0,96
2023-08-17 01:00:00,27.3,95,0.0,1.06,0.0,87
2023-08-17 02:00:00,27.1,96,0.0,1.12,0.0,100
2023-08-17 03:00:00,27.9,92,0.0,0.58,0.0,100
2023-08-17 04:00:00,27.0,96,0.0,0.82,0.0,59
2023-08-17 05:00:00,27.5,95,10.0,2.12,0.0,46
2023-08-17 06:00:00,28.7,88,128.0,1.0,0.3,65
2023-08-17 07:00:00,28.7,88,257.0,0.85,1.3,36
2023-08-17 08:00:00,30.5,81,485.0,0.8,0.1,48
2023-08-17 09:00:00,31.1,77,571.0,0.85,0.1,32
2023-08-17 10:00:00,32.3,74,810.0,0.22,0.0,49
2023-08-17 11:00:00,32.9,73,874.0,0.36,0.0,75
2023-08-17 12:00:00,33.5,69,822.0,1.14,0.0,89
2023-08-17 13:00:00,34.0,67,749.0,1.63,0.0,95
2023-08-17 14:00:00,34.3,64,609.0,0.95,0.0,98
2023-08-17 15:00:00,34.3,65,417.0,1.57,0.0,100
2023-08-17 16:00:00,33.6,70,237.0,1.51,0.0,99
2023-08-17 17:00:00,30.3,86,109.0,3.44,0.0,99
2023-08-17 18:00:00,28.1,98,5.0,2.97,1.0,98
2023-08-17 19:00:00,28.1,94,0.0,2.77,0.0,100
2023-08-17 20:00:00,28.0,94,0.0,2.5,0.1,98
2023-08-17 21:00:00,27.7,94,0.0,1.72,0.0,93
2023-08-17 22:00:00,27.3,95,0.0,2.47,0.0,97
2023-08-17 23:00:00,26.1,99,0.0,4.1,0.6,100
2023-08-18 00:00:00,26.3,96,0.0,0.64,0.0,100
2023-08-18 01:00:00,26.4,97,0.0,0.36,0.1,99
2023-08-18 02:00:00,26.2,97,0.0,2.37,1.8,100
2023-08-18 03:00:00,26.0,93,0.0,2.7,1.9,100
2023-08-18 04:00:00,26.0,95,0.0,1.2,1.9,100
2023-08-18 05:00:00,26.5,93,6.0,0.94,0.1,100
2023-08-18 06:00:00,26.2,93,68.0,0.9,7.0,100
2023-08-18 07:00:00,27.4,90,139.0,1.1,0.0,100
2023-08-18 08:00:00,28.8,84,381.0,1.8,0.0,99
2023-08-18 09:00:00,30.5,77,484.0,2.16,0.0,100
2023-08-18 10:00:00,31.6,74,584.0,2.55,0.1,99
2023-08-18 11:00:00,31.5,74,639.0,2.0,0.5,100
2023-08-18 12:00:00,32.2,72,725.0,1.75,0.0,100
2023-08-18 13:00:00,32.5,71,621.0,2.22,0.0,96
2023-08-18 14:00:00,32.8,70,620.0,2.52,0.0,100
2023-08-18 15:00:00,32.6,70,381.0,1.75,0.0,100
2023-08-18 16:00:00,31.7,76,128.0,2.14,0.0,100
2023-08-18 17:00:00,29.1,85,75.0,3.55,0.0,100
2023-08-18 18:00:00,29.0,85,4.0,0.86,0.2,99
2023-08-18 19:00:00,28.1,96,0.0,0.57,0.0,100
2023-08-18 20:00:00,28.6,92,0.0,0.32,0.0,100
2023-08-18 21:00:00,28.0,94,0.0,1.08,0.1,100
2023-08-18 22:00:00,27.7,92,0.0,0.85,1.3,100
2023-08-18 23:00:00,27.6,93,0.0,0.57,0.1,100
2023-08-19 00:00:00,27.5,95,0.0,0.45,0.0,100
2023-08-19 01:00:00,27.1,95,0.0,1.12,0.2,100
2023-08-19 02:00:00,26.7,96,0.0,1.14,0.0,100
2023-08-19 03:00:00,26.5,96,0.0,0.42,0.1,100
2023-08-19 04:00:00,26.6,96,0.0,0.28,0.3,100
2023-08-19 05:00:00,27.2,93,5.0,2.7,0.0,100
2023-08-19 06:00:00,27.9,90,60.0,0.58,0.1,100
2023-08-19 07:00:00,28.5,86,196.0,0.36,0.5,100
2023-08-19 08:00:00,29.0,85,239.0,0.67,0.3,100
2023-08-19 09:00:00,29.1,87,189.0,1.0,0.2,100
2023-08-19 10:00:00,30.4,84,593.0,0.58,0.2,100
2023-08-19 11:00:00,31.5,80,684.0,1.9,0.2,100
2023-08-19 12:00:00,31.9,73,753.0,2.78,2.8,100
2023-08-19 13:00:00,31.3,76,577.0,1.98,1.4,100
2023-08-19 14:00:00,30.1,83,276.0,2.44,0.7,100
2023-08-19 15:00:00,30.3,83,211.0,1.94,0.0,100
2023-08-19 16:00:00,30.5,81,204.0,1.28,0.0,100
2023-08-19 17:00:00,29.1,86,81.0,3.01,0.0,100
2023-08-19 18:00:00,27.8,93,5.0,1.08,0.1,100
2023-08-19 19:00:00,27.5,93,0.0,2.24,0.0,100
2023-08-19 20:00:00,26.9,94,0.0,2.53,0.2,100
2023-08-19 21:00:00,27.2,93,0.0,1.21,0.1,100
2023-08-19 22:00:00,26.8,97,0.0,1.08,0.0,100
2023-08-19 23:00:00,26.8,97,0.0,0.7,0.0,100
2023-08-20 00:00:00,26.9,98,0.0,1.43,0.5,100
2023-08-20 01:00:00,26.7,97,0.0,0.76,0.4,100
2023-08-20 02:00:00,26.7,97,0.0,0.51,0.8,100
2023-08-20 03:00:00,26.7,95,0.0,0.54,1.3,100
2023-08-20 04:00:00,26.7,95,0.0,0.78,1.2,100
2023-08-20 05:00:00,27.4,92,2.0,1.43,0.9,100
2023-08-20 06:00:00,28.0,88,99.0,1.27,0.0,100
2023-08-20 07:00:00,28.7,86,222.0,1.68,0.0,100
2023-08-20 08:00:00,29.1,85,311.0,1.5,0.0,100
2023-08-20 09:00:00,29.6,82,370.0,1.88,0.0,100
2023-08-20 10:00:00,30.7,79,518.0,2.47,0.0,99
2023-08-20 11:00:00,32.0,69,669.0,3.51,0.1,98
2023-08-20 12:00:00,33.0,63,816.0,4.3,0.0,70
2023-08-20 13:00:00,32.8,64,748.0,4.54,0.0,50
2023-08-20 14:00:00,32.3,68,622.0,4.41,0.0,72
2023-08-20 15:00:00,32.0,70,492.0,3.86,0.0,93
2023-08-20 16:00:00,31.2,75,296.0,3.24,0.0,100
2023-08-20 17:00:00,30.4,83,102.0,1.55,0.0,100
2023-08-20 18:00:00,28.4,87,4.0,2.85,0.6,100
2023-08-20 19:00:00,27.5,91,0.0,2.56,0.2,100
2023-08-20 20:00:00,27.3,95,0.0,1.17,0.0,100
2023-08-20 21:00:00,27.5,96,0.0,0.81,0.0,100
2023-08-20 22:00:00,27.5,96,0.0,1.17,0.0,100
2023-08-20 23:00:00,27.6,96,0.0,1.42,0.0,100
2023-08-21 00:00:00,27.3,97,0.0,1.28,0.0,100
2023-08-21 01:00:00,26.9,98,0.0,1.06,0.0,100
2023-08-21 02:00:00,26.8,98,0.0,0.98,0.0,100
2023-08-21 03:00:00,26.4,98,0.0,1.2,0.0,100
2023-08-21 04:00:00,26.7,96,0.0,1.0,0.0,100
2023-08-21 05:00:00,27.5,92,7.0,1.53,0.0,100
2023-08-21 06:00:00,28.1,89,111.0,1.5,0.0,100
2023-08-21 07:00:00,29.0,85,271.0,1.84,0.0,100
2023-08-21 08:00:00,29.5,82,370.0,2.51,0.3,100
2023-08-21 09:00:00,30.6,79,541.0,2.26,0.0,100
2023-08-21 10:00:00,31.2,78,651.0,2.42,0.0,100
2023-08-21 11:00:00,31.5,78,553.0,3.01,0.0,100
2023-08-21 12:00:00,30.1,80,529.0,4.16,2.8,100
2023-08-21 13:00:00,29.9,84,310.0,2.91,1.5,100
2023-08-21 14:00:00,30.5,79,395.0,2.88,0.2,100
2023-08-21 15:00:00,30.8,78,370.0,3.51,0.1,100
2023-08-21 16:00:00,29.2,83,192.0,3.5,0.0,100
2023-08-21 17:00:00,28.6,88,62.0,2.15,0.0,100
2023-08-21 18:00:00,28.2,90,4.0,1.75,0.0,100
2023-08-21 19:00:00,27.8,92,0.0,1.12,0.0,100
2023-08-21 20:00:00,27.5,93,0.0,1.12,0.0,100
2023-08-21 21:00:00,27.3,95,0.0,1.22,0.0,100
2023-08-21 22:00:00,27.3,94,0.0,1.0,0.0,100
2023-08-21 23:00:00,27.1,95,0.0,1.0,0.0,100
2023-08-22 00:00:00,27.0,96,0.0,1.03,0.0,100
2023-08-22 01:00:00,26.9,97,0.0,0.94,0.1,100
2023-08-22 02:00:00,26.4,98,0.0,1.1,0.1,100
2023-08-22 03:00:00,26.7,97,0.0,0.73,0.0,100
2023-08-22 04:00:00,26.6,95,0.0,0.64,0.0,100
2023-08-22 05:00:00,27.6,92,7.0,1.48,0.0,100
2023-08-22 06:00:00,27.5,93,11.0,1.02,2.1,100
2023-08-22 07:00:00,27.5,92,68.0,1.1,2.8,100
2023-08-22 08:00:00,27.8,90,142.0,1.2,1.5,100
2023-08-22 09:00:00,28.3,87,271.0,1.7,0.7,100
2023-08-22 10:00:00,27.8,89,117.0,1.39,0.4,100
2023-08-22 11:00:00,28.5,86,305.0,1.3,0.2,100
2023-08-22 12:00:00,28.7,81,247.0,1.0,0.5,100
2023-08-22 13:00:00,28.1,87,117.0,0.92,0.4,100
2023-08-22 14:00:00,28.0,88,106.0,0.32,0.2,100
2023-08-22 15:00:00,28.5,84,197.0,1.13,0.4,100
2023-08-22 16:00:00,28.4,86,164.0,2.0,0.2,100
2023-08-22 17:00:00,27.2,88,46.0,2.0,0.2,100
2023-08-22 18:00:00,26.7,91,1.0,1.73,0.1,100
2023-08-22 19:00:00,26.6,92,0.0,1.24,0.1,100
2023-08-22 20:00:00,26.5,93,0.0,1.12,0.1,100
2023-08-22 21:00:00,26.4,94,0.0,1.02,0.1,100
2023-08-22 22:00:00,26.4,95,0.0,1.22,0.4,100
2023-08-22 23:00:00,26.2,96,0.0,1.1,1.6,100
2023-08-23 00:00:00,26.1,97,0.0,1.49,0.5,100
2023-08-23 01:00:00,26.0,96,0.0,1.71,0.4,100
2023-08-23 02:00:00,25.9,97,0.0,1.61,0.1,99
2023-08-23 03:00:00,25.8,98,0.0,1.41,0.0,95
2023-08-23 04:00:00,25.7,98,0.0,1.68,0.0,100
2023-08-23 05:00:00,26.3,95,5.0,1.5,0.0,100
2023-08-23 06:00:00,26.7,91,39.0,1.08,0.1,100
2023-08-23 07:00:00,27.2,90,113.0,0.76,0.0,95
2023-08-23 08:00:00,27.9,88,256.0,0.64,0.1,100
2023-08-23 09:00:00,28.7,86,415.0,0.5,0.1,100
2023-08-23 10:00:00,29.1,85,364.0,0.45,0.1,98
2023-08-23 11:00:00,29.6,83,458.0,1.24,0.2,100
2023-08-23 12:00:00,29.2,82,472.0,1.3,4.8,88
2023-08-23 13:00:00,29.5,78,357.0,0.89,0.1,94
2023-08-23 14:00:00,30.1,74,523.0,1.56,0.0,74
2023-08-23 15:00:00,30.2,73,439.0,1.79,0.0,54
2023-08-23 16:00:00,29.7,78,278.0,2.01,0.0,98
2023-08-23 17:00:00,26.3,94,84.0,0.86,0.0,100
2023-08-23 18:00:00,25.8,96,1.0,2.0,2.4,100
2023-08-23 19:00:00,26.0,96,0.0,0.85,0.6,100
2023-08-23 20:00:00,25.9,98,0.0,0.71,0.0,100
2023-08-23 21:00:00,26.0,98,0.0,0.92,0.0,100
2023-08-23 22:00:00,25.9,99,0.0,0.61,0.0,100
2023-08-23 23:00:00,25.9,99,0.0,0.67,0.1,100
2023-08-24 00:00:00,25.7,97,0.0,2.5,0.6,100
2023-08-24 01:00:00,25.7,94,0.0,0.64,0.4,100
2023-08-24 02:00:00,25.5,95,0.0,0.94,0.2,100
2023-08-24 03:00:00,25.5,95,0.0,1.0,0.1,100
2023-08-24 04:00:00,25.5,95,0.0,1.22,0.0,100
2023-08-24 05:00:00,26.3,94,2.0,1.22,0.0,100
2023-08-24 06:00:00,26.6,93,41.0,1.14,0.4,100
2023-08-24 07:00:00,27.0,91,113.0,0.72,0.3,100
2023-08-24 08:00:00,27.5,89,172.0,1.1,0.1,100
2023-08-24 09:00:00,28.9,81,427.0,1.04,0.0,100
2023-08-24 10:00:00,30.1,80,697.0,1.06,0.1,100
2023-08-24 11:00:00,30.7,80,714.0,0.86,0.2,100
2023-08-24 12:00:00,31.0,78,661.0,1.49,0.2,99
2023-08-24 13:00:00,30.2,78,672.0,1.63,4.0,100
2023-08-24 14:00:00,28.4,85,446.0,2.48,9.8,100
2023-08-24 15:00:00,27.9,88,155.0,1.7,3.7,79
2023-08-24 16:00:00,28.3,88,201.0,0.95,0.4,80
2023-08-24 17:00:00,27.9,87,68.0,0.58,0.6,75
2023-08-24 18:00:00,27.1,94,3.0,0.82,0.2,100
2023-08-24 19:00:00,26.9,95,0.0,0.5,0.0,100
2023-08-24 20:00:00,26.5,95,0.0,0.73,0.0,100
2023-08-24 21:00:00,26.3,96,0.0,0.81,0.0,100
2023-08-24 22:00:00,26.1,97,0.0,0.95,0.0,100
2023-08-24 23:00:00,25.8,98,0.0,0.78,0.4,100
2023-08-25 00:00:00,25.8,97,0.0,1.49,0.2,100
2023-08-25 01:00:00,25.6,96,0.0,0.7,0.0,100
2023-08-25 02:00:00,25.6,96,0.0,1.96,0.1,98
2023-08-25 03:00:00,25.5,95,0.0,1.61,0.1,100
2023-08-25 04:00:00,25.4,96,0.0,1.22,0.1,96
2023-08-25 05:00:00,26.4,95,5.0,1.32,3.6,100
2023-08-25 06:00:00,26.8,93,49.0,2.4,0.2,97
2023-08-25 07:00:00,27.5,90,127.0,2.97,0.1,94
2023-08-25 08:00:00,27.9,90,254.0,2.21,1.2,100
2023-08-25 09:00:00,28.0,89,218.0,1.33,1.8,100
2023-08-25 10:00:00,28.3,88,293.0,1.84,0.6,100
2023-08-25 11:00:00,29.8,81,564.0,1.12,0.8,100
2023-08-25 12:00:00,30.5,79,600.0,1.35,0.3,100
2023-08-25 13:00:00,31.2,77,680.0,1.64,0.2,94
2023-08-25 14:00:00,31.4,74,535.0,1.66,0.1,98
2023-08-25 15:00:00,30.2,78,353.0,2.1,2.5,97
2023-08-25 16:00:00,27.9,92,221.0,2.81,7.3,100
2023-08-25 17:00:00,27.6,92,35.0,1.02,0.6,100
2023-08-25 18:00:00,26.7,95,1.0,1.7,2.5,100
2023-08-25 19:00:00,26.2,96,0.0,1.91,5.5,100
2023-08-25 20:00:00,26.1,96,0.0,0.85,6.4,100
2023-08-25 21:00:00,26.1,97,0.0,0.73,0.4,100
2023-08-25 22:00:00,26.1,97,0.0,0.41,0.2,100
2023-08-25 23:00:00,25.9,98,0.0,0.92,0.2,100
2023-08-26 00:00:00,25.8,98,0.0,1.24,0.6,100
2023-08-26 01:00:00,25.8,97,0.0,1.14,2.1,100
2023-08-26 02:00:00,25.7,97,0.0,1.14,0.7,100
2023-08-26 03:00:00,25.8,96,0.0,0.73,5.0,100
2023-08-26 04:00:00,25.8,96,0.0,0.5,9.4,100
2023-08-26 05:00:00,26.1,95,1.0,1.17,10.9,100
2023-08-26 06:00:00,26.2,95,23.0,1.2,5.8,100
2023-08-26 07:00:00,26.4,95,66.0,0.54,2.5,100
2023-08-26 08:00:00,26.8,94,151.0,1.22,0.6,100
2023-08-26 09:00:00,27.8,87,263.0,1.08,0.4,100
2023-08-26 10:00:00,29.0,84,557.0,1.04,0.3,100
2023-08-26 11:00:00,29.6,83,522.0,1.56,0.2,94
2023-08-26 12:00:00,29.0,87,316.0,0.98,0.4,100
2023-08-26 13:00:00,28.0,87,335.0,3.58,4.8,100
2023-08-26 14:00:00,27.8,89,219.0,2.1,1.2,100
2023-08-26 15:00:00,27.3,92,65.0,1.8,0.3,100
2023-08-26 16:00:00,27.2,92,86.0,1.0,0.1,100
2023-08-26 17:00:00,27.4,91,48.0,1.78,0.0,100
2023-08-26 18:00:00,26.7,96,1.0,1.32,8.0,100
2023-08-26 19:00:00,26.1,97,0.0,2.22,6.0,100
2023-08-26 20:00:00,26.1,95,0.0,2.12,2.4,100
2023-08-26 21:00:00,26.1,94,0.0,1.9,0.6,100
2023-08-26 22:00:00,25.9,96,0.0,2.24,0.2,100
2023-08-26 23:00:00,25.4,98,0.0,2.64,0.1,100
2023-08-27 00:00:00,25.3,98,0.0,2.19,0.1,100
2023-08-27 01:00:00,25.0,98,0.0,2.3,0.6,100
2023-08-27 02:00:00,25.0,97,0.0,1.0,0.6,100
2023-08-27 03:00:00,25.0,97,0.0,1.0,0.3,100
2023-08-27 04:00:00,24.9,97,0.0,1.08,1.3,100
2023-08-27 05:00:00,25.4,94,3.0,3.01,0.8,100
2023-08-27 06:00:00,25.7,95,68.0,2.43,0.5,100
2023-08-27 07:00:00,25.5,96,91.0,0.63,1.4,100
2023-08-27 08:00:00,25.3,100,82.0,1.6,0.6,100
2023-08-27 09:00:00,26.5,95,261.0,1.79,0.2,100
2023-08-27 10:00:00,27.3,89,382.0,1.92,0.3,100
2023-08-27 11:00:00,28.7,83,520.0,1.03,0.0,100
2023-08-27 12:00:00,29.0,81,493.0,1.51,0.0,99
2023-08-27 13:00:00,29.6,80,527.0,0.86,0.0,92
2023-08-27 14:00:00,29.3,83,495.0,1.32,1.0,95
2023-08-27 15:00:00,27.7,90,255.0,2.55,5.3,100
2023-08-27 16:00:00,27.1,93,68.0,0.81,2.7,100
2023-08-27 17:00:00,26.8,95,20.0,1.49,0.7,100
2023-08-27 18:00:00,26.6,96,1.0,1.58,0.1,100
2023-08-27 19:00:00,26.1,98,0.0,1.8,0.0,100
2023-08-27 20:00:00,25.9,98,0.0,0.67,0.1,100
2023-08-27 21:00:00,25.7,97,0.0,1.84,0.1,100
2023-08-27 22:00:00,25.4,98,0.0,1.62,0.0,100
2023-08-27 23:00:00,25.1,99,0.0,0.51,0.1,100
2023-08-28 00:00:00,25.1,97,0.0,0.67,0.1,100
2023-08-28 01:00:00,24.8,98,0.0,0.94,0.1,100
2023-08-28 02:00:00,24.7,97,0.0,1.14,0.1,100
2023-08-28 03:00:00,24.8,97,0.0,0.76,0.1,100
2023-08-28 04:00:00,24.6,97,0.0,1.58,1.1,100
2023-08-28 05:00:00,25.9,99,3.0,1.08,0.8,97
2023-08-28 06:00:00,26.4,98,28.0,1.0,0.9,100
2023-08-28 07:00:00,26.5,97,26.0,1.49,0.6,100
2023-08-28 08:00:00,27.0,94,108.0,1.97,0.3,100
2023-08-28 09:00:00,27.2,93,131.0,1.92,0.1,100
2023-08-28 10:00:00,27.4,91,187.0,1.84,0.0,99
2023-08-28 11:00:00,28.6,85,432.0,0.0,0.0,49
2023-08-28 12:00:00,30.0,79,753.0,1.6,0.0,43
2023-08-28 13:00:00,30.5,77,722.0,1.75,0.0,38
2023-08-28 14:00:00,30.9,72,575.0,2.56,0.3,65
2023-08-28 15:00:00,30.1,78,381.0,2.27,0.1,63
2023-08-28 16:00:00,30.2,77,267.0,0.86,0.0,37
2023-08-28 17:00:00,27.4,85,81.0,1.68,0.0,45
2023-08-28 18:00:00,27.0,89,2.0,0.4,0.0,60
2023-08-28 19:00:00,26.5,87,0.0,2.7,0.0,53
2023-08-28 20:00:00,26.1,92,0.0,0.81,0.0,40
2023-08-28 21:00:00,26.2,93,0.0,1.44,0.0,100
2023-08-28 22:00:00,26.4,94,0.0,0.45,0.0,81
2023-08-28 23:00:00,25.9,97,0.0,1.49,0.0,80
2023-08-29 00:00:00,25.4,98,0.0,1.1,0.0,70
2023-08-29 01:00:00,24.8,100,0.0,0.63,0.0,100
2023-08-29 02:00:00,25.4,94,0.0,0.81,0.3,100
2023-08-29 03:00:00,25.4,95,0.0,0.71,0.2,100
2023-08-29 04:00:00,25.4,96,0.0,0.67,0.0,100
2023-08-29 05:00:00,25.9,90,3.0,1.27,0.0,100
2023-08-29 06:00:00,26.4,89,65.0,1.3,0.0,100
2023-08-29 07:00:00,27.0,86,149.0,1.9,0.0,100
2023-08-29 08:00:00,27.6,85,160.0,1.75,0.0,100
2023-08-29 09:00:00,28.6,81,337.0,1.52,0.0,100
2023-08-29 10:00:00,30.1,76,643.0,1.0,0.0,92
2023-08-29 11:00:00,31.5,70,882.0,1.0,0.0,51
2023-08-29 12:00:00,31.9,69,837.0,2.12,0.0,35
2023-08-29 13:00:00,32.2,67,798.0,2.21,0.0,79
2023-08-29 14:00:00,32.2,67,576.0,2.0,0.0,81
2023-08-29 15:00:00,32.1,67,484.0,2.1,0.0,62
2023-08-29 16:00:00,31.5,71,288.0,1.8,0.0,44
2023-08-29 17:00:00,29.3,86,93.0,1.14,0.0,31
2023-08-29 18:00:00,28.9,84,2.0,1.39,0.0,4
2023-08-29 19:00:00,29.0,84,0.0,0.61,0.0,3
2023-08-29 20:00:00,27.4,93,0.0,0.72,0.0,89
2023-08-29 21:00:00,26.6,97,0.0,0.86,0.0,79
2023-08-29 22:00:00,26.4,98,0.0,1.08,0.0,57
2023-08-29 23:00:00,26.0,98,0.0,1.06,0.0,16
2023-08-30 00:00:00,25.7,99,0.0,0.92,0.0,2
2023-08-30 01:00:00,25.6,100,0.0,0.85,0.0,94
2023-08-30 02:00:00,25.4,100,0.0,0.45,0.0,96
2023-08-30 03:00:00,25.4,100,0.0,1.12,0.0,95
2023-08-30 04:00:00,25.1,100,0.0,1.21,0.0,95
2023-08-30 05:00:00,25.5,100,6.0,2.25,0.0,3
2023-08-30 06:00:00,27.4,89,114.0,1.66,0.0,2
2023-08-30 07:00:00,29.4,82,322.0,1.7,0.0,0
2023-08-30 08:00:00,30.7,77,533.0,2.02,0.1,11
2023-08-30 09:00:00,31.6,70,680.0,1.91,0.0,6
2023-08-30 10:00:00,32.5,66,809.0,1.61,0.0,2
2023-08-30 11:00:00,33.2,62,875.0,1.14,0.0,78
2023-08-30 12:00:00,33.8,61,881.0,1.0,0.0,85
2023-08-30 13:00:00,33.9,61,802.0,1.06,0.0,52
2023-08-30 14:00:00,33.9,61,675.0,1.64,0.0,4
2023-08-30 15:00:00,33.7,62,496.0,1.71,0.0,14
2023-08-30 16:00:00,32.9,69,287.0,1.5,0.0,9
2023-08-30 17:00:00,31.1,83,88.0,1.56,0.0,16
2023-08-30 18:00:00,30.0,79,1.0,2.02,0.0,7
2023-08-30 19:00:00,28.7,84,0.0,1.36,0.0,12
2023-08-30 20:00:00,28.0,88,0.0,1.33,0.0,10
2023-08-30 21:00:00,27.5,92,0.0,1.06,0.0,13
2023-08-30 22:00:00,27.5,92,0.0,0.99,0.0,7
2023-08-30 23:00:00,27.0,95,0.0,0.78,0.0,0
2023-08-31 00:00:00,27.2,95,0.0,0.28,0.0,2
2023-08-31 01:00:00,27.7,92,0.0,0.51,0.0,0
2023-08-31 02:00:00,27.0,95,0.0,0.51,0.0,0
2023-08-31 03:00:00,27.6,93,0.0,0.0,0.0,0
2023-08-31 04:00:00,26.8,97,0.0,0.61,0.0,5
2023-08-31 05:00:00,27.5,95,7.0,0.76,0.0,3
2023-08-31 06:00:00,29.0,86,123.0,1.44,0.0,5
2023-08-31 07:00:00,30.5,77,327.0,1.03,0.0,21
2023-08-31 08:00:00,31.1,74,476.0,0.92,0.1,55
2023-08-31 09:00:00,31.9,71,625.0,0.42,0.0,33
2023-08-31 10:00:00,32.8,67,760.0,0.7,0.0,19
2023-08-31 11:00:00,33.7,63,853.0,1.3,0.0,19
2023-08-31 12:00:00,34.3,60,864.0,1.62,0.0,13
2023-08-31 13:00:00,34.5,60,792.0,1.99,0.0,13
2023-08-31 14:00:00,34.1,60,633.0,2.42,0.0,33
2023-08-31 15:00:00,33.7,63,457.0,2.3,0.0,21
2023-08-31 16:00:00,33.0,70,273.0,1.9,0.0,20
2023-08-31 17:00:00,31.5,77,86.0,1.28,0.0,15
2023-08-31 18:00:00,30.3,82,1.0,1.53,0.0,5
2023-08-31 19:00:00,29.6,85,0.0,1.48,0.0,5
2023-08-31 20:00:00,29.1,88,0.0,1.48,0.0,1
2023-08-31 21:00:00,28.8,87,0.0,1.42,0.0,0
2023-08-31 22:00:00,28.6,87,0.0,1.7,0.0,0
2023-08-31 23:00:00,28.4,87,0.0,1.75,0.0,0
2023-09-01 00:00:00,28.1,88,0.0,1.63,0.0,0
2023-09-01 01:00:00,27.9,88,0.0,1.8,0.0,0
2023-09-01 02:00:00,27.3,91,0.0,1.58,0.0,0
2023-09-01 03:00:00,27.1,92,0.0,1.78,0.0,1
2023-09-01 04:00:00,28.6,84,0.0,1.0,0.0,14
2023-09-01 05:00:00,28.3,85,6.0,1.35,0.0,16
2023-09-01 06:00:00,29.5,82,108.0,1.84,0.0,9
2023-09-01 07:00:00,30.5,76,295.0,2.69,0.0,10
2023-09-01 08:00:00,31.5,72,465.0,1.62,0.0,28
2023-09-01 09:00:00,31.9,72,608.0,2.26,0.0,13
2023-09-01 10:00:00,32.6,72,769.0,2.56,0.0,18
2023-09-01 11:00:00,32.9,70,858.0,3.89,0.1,72
2023-09-01 12:00:00,32.1,74,662.0,3.81,0.5,31
2023-09-01 13:00:00,32.8,69,729.0,3.52,0.0,24
2023-09-01 14:00:00,33.0,67,597.0,3.81,0.0,22
2023-09-01 15:00:00,32.9,65,449.0,3.61,0.2,58
2023-09-01 16:00:00,31.9,75,246.0,3.41,0.1,50
2023-09-01 17:00:00,30.7,80,73.0,1.62,0.1,50
2023-09-01 18:00:00,29.0,91,1.0,1.34,0.0,6
2023-09-01 19:00:00,28.7,92,0.0,1.06,0.0,15
2023-09-01 20:00:00,28.7,92,0.0,1.27,0.0,10
2023-09-01 21:00:00,28.5,92,0.0,1.27,0.0,24
2023-09-01 22:00:00,28.4,92,0.0,1.17,0.0,17
2023-09-01 23:00:00,28.1,93,0.0,1.17,0.0,29
2023-09-02 00:00:00,27.9,92,0.0,1.22,0.0,27
2023-09-02 01:00:00,28.1,90,0.0,0.8,0.0,3
2023-09-02 02:00:00,28.0,90,0.0,0.45,0.0,7
2023-09-02 03:00:00,27.7,91,0.0,0.58,0.0,6
2023-09-02 04:00:00,27.1,95,0.0,1.12,0.0,13
2023-09-02 05:00:00,26.9,98,6.0,0.81,2.6,100
2023-09-02 06:00:00,27.3,95,39.0,1.17,0.1,100
2023-09-02 07:00:00,26.8,90,103.0,2.96,2.6,100
2023-09-02 08:00:00,26.2,92,118.0,2.7,2.0,100
2023-09-02 09:00:00,26.4,91,215.0,1.26,0.0,100
2023-09-02 10:00:00,27.9,84,386.0,0.73,0.0,100
2023-09-02 11:00:00,29.3,80,465.0,1.0,0.0,100
2023-09-02 12:00:00,30.4,76,488.0,3.16,0.0,100
2023-09-02 13:00:00,31.3,73,611.0,3.2,0.0,100
2023-09-02 14:00:00,31.6,72,511.0,2.04,0.0,100
2023-09-02 15:00:00,31.5,73,308.0,0.92,0.0,99
2023-09-02 16:00:00,31.6,72,246.0,0.57,0.0,87
2023-09-02 17:00:00,32.0,71,79.0,0.71,0.0,100
2023-09-02 18:00:00,31.4,75,1.0,0.81,0.0,33
2023-09-02 19:00:00,30.1,86,0.0,1.35,0.0,40
2023-09-02 20:00:00,29.5,89,0.0,1.35,0.0,69
2023-09-02 21:00:00,29.0,92,0.0,1.64,0.0,47
2023-09-02 22:00:00,28.6,94,0.0,0.78,0.0,24
2023-09-02 23:00:00,28.2,97,0.0,0.78,0.0,9
2023-09-03 00:00:00,27.7,98,0.0,0.76,0.0,10
2023-09-03 01:00:00,27.8,100,0.0,0.78,0.0,99
2023-09-03 02:00:00,27.4,100,0.0,0.73,0.2,98
2023-09-03 03:00:00,27.4,100,0.0,1.4,0.0,96
2023-09-03 04:00:00,27.3,97,0.0,1.26,0.0,22
2023-09-03 05:00:00,25.7,88,5.0,1.12,0.0,55
2023-09-03 06:00:00,26.5,89,106.0,1.49,0.0,73
2023-09-03 07:00:00,27.3,87,283.0,0.89,0.0,42
2023-09-03 08:00:00,28.8,83,493.0,1.77,0.0,20
2023-09-03 09:00:00,30.8,78,701.0,2.83,0.0,100
2023-09-03 10:00:00,32.3,74,809.0,2.56,0.0,100
2023-09-03 11:00:00,33.0,71,874.0,1.97,0.0,100
2023-09-03 12:00:00,33.7,68,798.0,1.61,0.0,100
2023-09-03 13:00:00,34.1,65,759.0,1.77,0.0,100
2023-09-03 14:00:00,34.1,65,575.0,2.22,0.0,100
2023-09-03 15:00:00,33.6,67,422.0,2.4,0.0,100
2023-09-03 16:00:00,33.0,74,235.0,1.64,0.0,100
2023-09-03 17:00:00,31.9,79,67.0,3.06,0.0,99
2023-09-03 18:00:00,28.5,85,1.0,3.54,0.0,52
2023-09-03 19:00:00,26.9,95,0.0,2.9,0.0,55
2023-09-03 20:00:00,27.2,93,0.0,2.6,0.0,60
2023-09-03 21:00:00,27.1,93,0.0,2.82,0.0,52
2023-09-03 22:00:00,27.0,91,0.0,2.24,0.0,2
2023-09-03 23:00:00,26.7,94,0.0,1.34,0.0,3
2023-09-04 00:00:00,26.6,96,0.0,0.89,0.0,4
2023-09-04 01:00:00,26.5,97,0.0,0.92,0.0,2
2023-09-04 02:00:00,27.4,92,0.0,0.22,0.0,1
2023-09-04 03:00:00,27.4,93,0.0,0.32,0.0,6
2023-09-04 04:00:00,26.8,94,0.0,0.5,0.0,26
2023-09-04 05:00:00,27.6,97,6.0,1.53,0.0,14
2023-09-04 06:00:00,28.9,88,114.0,2.02,0.0,6
2023-09-04 07:00:00,30.4,81,320.0,1.63,0.0,19
2023-09-04 08:00:00,32.0,75,525.0,1.3,0.0,50
2023-09-04 09:00:00,33.3,72,698.0,1.39,0.0,25
2023-09-04 10:00:00,34.4,68,822.0,1.7,0.0,0
2023-09-04 11:00:00,35.4,63,878.0,1.8,0.0,4
2023-09-04 12:00:00,35.7,62,859.0,2.08,0.0,5
2023-09-04 13:00:00,36.1,60,789.0,2.5,0.0,17
2023-09-04 14:00:00,35.9,61,606.0,2.69,0.0,26
2023-09-04 15:00:00,35.3,64,425.0,2.76,0.0,32
2023-09-04 16:00:00,34.4,72,226.0,1.75,0.0,29
2023-09-04 17:00:00,27.5,86,69.0,2.31,0.0,26
2023-09-04 18:00:00,28.3,86,0.0,0.94,0.1,74
2023-09-04 19:00:00,28.1,88,0.0,1.92,0.0,26
2023-09-04 20:00:00,28.0,94,0.0,2.47,0.0,96
2023-09-04 21:00:00,28.0,95,0.0,1.55,0.0,96
2023-09-04 22:00:00,27.7,96,0.0,1.3,0.0,99
2023-09-04 23:00:00,27.4,97,0.0,0.98,0.0,9
2023-09-05 00:00:00,27.1,97,0.0,1.12,0.0,6
2023-09-05 01:00:00,27.0,96,0.0,1.17,0.0,0
2023-09-05 02:00:00,26.9,95,0.0,1.04,0.0,0
2023-09-05 03:00:00,26.7,95,0.0,0.95,0.0,0
2023-09-05 04:00:00,26.7,97,0.0,0.91,0.0,12
2023-09-05 05:00:00,28.3,98,5.0,1.91,0.0,100
2023-09-05 06:00:00,29.6,87,118.0,1.81,0.0,65
2023-09-05 07:00:00,30.7,85,319.0,1.8,0.0,99
2023-09-05 08:00:00,32.0,80,520.0,1.75,0.0,96
2023-09-05 09:00:00,33.5,75,700.0,1.98,0.0,74
2023-09-05 10:00:00,34.6,71,815.0,2.55,0.0,80
2023-09-05 11:00:00,35.4,68,883.0,3.11,0.0,26
2023-09-05 12:00:00,35.8,66,871.0,3.02,0.0,21
2023-09-05 13:00:00,35.9,64,765.0,2.78,0.0,5
2023-09-05 14:00:00,36.1,61,646.0,2.28,0.0,12
2023-09-05 15:00:00,35.8,62,471.0,2.37,0.0,20
2023-09-05 16:00:00,34.8,70,263.0,1.86,0.0,10
2023-09-05 17:00:00,32.8,77,74.0,1.55,0.0,2
2023-09-05 18:00:00,32.7,76,0.0,1.43,0.0,5
2023-09-05 19:00:00,31.8,82,0.0,0.45,0.0,7
2023-09-05 20:00:00,30.0,95,0.0,1.36,0.0,27
2023-09-05 21:00:00,29.8,97,0.0,1.08,0.0,26
2023-09-05 22:00:00,29.1,98,0.0,1.3,0.0,14
2023-09-05 23:00:00,28.9,98,0.0,1.36,0.0,0
2023-09-06 00:00:00,28.7,99,0.0,0.63,0.0,38
2023-09-06 01:00:00,28.4,99,0.0,0.67,0.0,4
2023-09-06 02:00:00,28.8,100,0.0,0.45,0.0,1
2023-09-06 03:00:00,27.9,100,0.0,1.21,0.0,97
2023-09-06 04:00:00,28.2,100,0.0,0.81,0.0,37
2023-09-06 05:00:00,27.3,93,5.0,1.97,0.0,20
2023-09-06 06:00:00,28.4,89,84.0,2.18,0.0,67
2023-09-06 07:00:00,30.6,81,289.0,1.84,0.0,2
2023-09-06 08:00:00,32.4,75,519.0,2.16,0.0,31
2023-09-06 09:00:00,33.4,76,693.0,3.0,0.0,39
2023-09-06 10:00:00,35.0,70,809.0,3.76,0.0,55
2023-09-06 11:00:00,35.8,63,844.0,3.85,0.0,23
2023-09-06 12:00:00,36.0,62,813.0,3.0,0.0,34
2023-09-06 13:00:00,35.9,62,755.0,3.26,0.0,31
2023-09-06 14:00:00,35.6,63,594.0,3.92,0.0,40
2023-09-06 15:00:00,35.4,63,438.0,2.56,0.0,27
2023-09-06 16:00:00,32.8,73,203.0,2.11,0.0,64
2023-09-06 17:00:00,31.7,82,44.0,0.85,0.0,93
2023-09-06 18:00:00,30.5,88,0.0,1.43,0.0,99
2023-09-06 19:00:00,29.6,93,0.0,1.2,0.0,83
2023-09-06 20:00:00,29.4,93,0.0,1.36,0.0,100
2023-09-06 21:00:00,29.1,92,0.0,1.35,0.0,100
2023-09-06 22:00:00,29.7,89,0.0,1.0,0.0,100
2023-09-06 23:00:00,29.5,94,0.0,0.5,0.0,100
2023-09-07 00:00:00,29.2,94,0.0,0.86,0.0,23
2023-09-07 01:00:00,29.0,94,0.0,0.63,0.0,32
2023-09-07 02:00:00,28.2,97,0.0,0.67,0.0,1
2023-09-07 03:00:00,28.0,99,0.0,0.78,0.0,100
2023-09-07 04:00:00,27.8,100,0.0,0.95,0.0,84
2023-09-07 05:00:00,28.0,93,5.0,2.24,0.0,100
2023-09-07 06:00:00,27.3,94,35.0,2.28,17.4,100
2023-09-07 07:00:00,27.7,91,126.0,3.2,0.4,100
2023-09-07 08:00:00,28.8,88,309.0,1.0,0.1,100
2023-09-07 09:00:00,29.7,85,400.0,1.94,0.0,100
2023-09-07 10:00:00,31.5,76,649.0,1.48,0.0,100
2023-09-07 11:00:00,32.5,71,679.0,0.61,0.0,100
2023-09-07 12:00:00,32.9,70,794.0,1.2,0.2,100
2023-09-07 13:00:00,32.9,71,537.0,1.08,0.0,100
2023-09-07 14:00:00,33.1,71,531.0,1.35,0.0,99
2023-09-07 15:00:00,32.7,73,429.0,1.7,0.0,93
2023-09-07 16:00:00,32.3,75,199.0,1.44,0.0,100
2023-09-07 17:00:00,30.3,82,56.0,1.52,1.6,100
2023-09-07 18:00:00,29.4,86,0.0,1.34,0.0,99
2023-09-07 19:00:00,29.2,87,0.0,1.08,0.0,100
2023-09-07 20:00:00,28.8,91,0.0,1.0,0.0,100
2023-09-07 21:00:00,28.6,93,0.0,1.42,0.0,99
2023-09-07 22:00:00,29.3,88,0.0,0.9,0.0,98
2023-09-07 23:00:00,28.3,94,0.0,0.94,0.0,99
2023-09-08 00:00:00,28.2,93,0.0,1.48,0.0,100
2023-09-08 01:00:00,27.7,93,0.0,0.61,0.0,100
2023-09-08 02:00:00,28.0,92,0.0,1.53,0.0,74
2023-09-08 03:00:00,27.7,95,0.0,1.8,0.0,100
2023-09-08 04:00:00,27.5,91,0.0,1.79,0.0,100
2023-09-08 05:00:00,27.9,91,4.0,1.5,0.0,98
2023-09-08 06:00:00,27.1,93,29.0,1.35,8.9,100
2023-09-08 07:00:00,26.7,95,40.0,2.84,9.8,100
2023-09-08 08:00:00,27.1,93,62.0,2.75,0.1,100
2023-09-08 09:00:00,27.5,90,74.0,1.39,0.1,100
2023-09-08 10:00:00,28.0,89,119.0,1.12,0.6,100
2023-09-08 11:00:00,29.2,87,471.0,0.92,0.8,100
2023-09-08 12:00:00,29.7,86,529.0,1.25,0.5,100
2023-09-08 13:00:00,30.3,83,546.0,1.53,0.4,100
2023-09-08 14:00:00,30.9,79,566.0,1.6,0.3,100
2023-09-08 15:00:00,30.6,77,305.0,1.53,0.9,100
2023-09-08 16:00:00,29.8,82,114.0,1.42,0.1,100
2023-09-08 17:00:00,29.4,84,47.0,2.36,0.0,99
2023-09-08 18:00:00,28.7,89,0.0,2.41,0.0,100
2023-09-08 19:00:00,28.3,88,0.0,2.51,0.0,100
2023-09-08 20:00:00,27.8,89,0.0,2.11,0.0,100
2023-09-08 21:00:00,27.6,90,0.0,1.77,0.0,99
2023-09-08 22:00:00,27.3,93,0.0,1.0,0.0,100
2023-09-08 23:00:00,27.2,93,0.0,1.33,0.0,100
2023-09-09 00:00:00,26.5,97,0.0,0.89,0.0,100
2023-09-09 01:00:00,27.1,95,0.0,0.67,0.0,100
2023-09-09 02:00:00,26.5,97,0.0,0.81,0.0,99
2023-09-09 03:00:00,26.3,94,0.0,0.85,0.0,100
2023-09-09 04:00:00,26.7,90,0.0,0.61,0.0,99
2023-09-09 05:00:00,26.9,95,5.0,1.63,0.0,100
2023-09-09 06:00:00,27.2,90,65.0,1.22,0.8,100
2023-09-09 07:00:00,26.6,91,129.0,2.1,7.2,100
2023-09-09 08:00:00,26.9,90,238.0,0.32,4.0,99
2023-09-09 09:00:00,28.3,85,447.0,1.12,0.6,80
2023-09-09 10:00:00,30.2,79,696.0,1.21,0.2,67
2023-09-09 11:00:00,31.3,76,781.0,2.57,0.3,98
2023-09-09 12:00:00,31.8,74,738.0,3.1,0.2,100
2023-09-09 13:00:00,31.9,74,644.0,3.4,0.1,100
2023-09-09 14:00:00,31.6,74,505.0,3.2,0.3,99
2023-09-09 15:00:00,31.0,75,354.0,2.92,0.1,100
2023-09-09 16:00:00,30.8,76,207.0,2.78,0.0,100
2023-09-09 17:00:00,30.6,75,50.0,1.61,0.0,100
2023-09-09 18:00:00,29.7,80,0.0,2.16,0.0,99
2023-09-09 19:00:00,29.3,80,0.0,2.26,0.0,100
2023-09-09 20:00:00,28.8,83,0.0,2.0,0.0,100
2023-09-09 21:00:00,28.4,85,0.0,1.78,0.0,100
2023-09-09 22:00:00,28.3,85,0.0,1.92,0.0,99
2023-09-09 23:00:00,28.2,85,0.0,1.89,0.0,60
2023-09-10 00:00:00,28.0,86,0.0,1.75,0.0,72
2023-09-10 01:00:00,27.7,89,0.0,1.57,0.0,93
2023-09-10 02:00:00,27.3,92,0.0,1.28,0.0,89
2023-09-10 03:00:00,27.2,92,0.0,1.27,0.0,100
2023-09-10 04:00:00,27.0,93,0.0,1.22,0.0,100
2023-09-10 05:00:00,27.9,90,3.0,2.06,0.0,100
2023-09-10 06:00:00,28.9,83,86.0,1.04,0.2,100
2023-09-10 07:00:00,30.1,77,244.0,1.04,0.2,100
2023-09-10 08:00:00,30.8,75,476.0,1.84,0.2,100
2023-09-10 09:00:00,31.2,74,539.0,2.28,0.3,100
2023-09-10 10:00:00,32.0,71,698.0,1.9,0.2,100
2023-09-10 11:00:00,33.0,66,835.0,1.82,0.1,96
2023-09-10 12:00:00,33.3,64,750.0,2.38,0.0,64
2023-09-10 13:00:00,33.7,61,765.0,2.65,0.0,75
2023-09-10 14:00:00,32.8,64,434.0,2.81,0.1,100
2023-09-10 15:00:00,32.6,66,415.0,2.24,0.1,96
2023-09-10 16:00:00,31.5,71,221.0,2.75,0.1,99
2023-09-10 17:00:00,31.3,77,56.0,1.55,0.1,97
2023-09-10 18:00:00,30.3,81,0.0,1.41,0.0,100
2023-09-10 19:00:00,30.6,80,0.0,0.58,0.0,99
2023-09-10 20:00:00,29.3,88,0.0,1.08,0.0,100
2023-09-10 21:00:00,28.9,90,0.0,1.21,0.0,100
2023-09-10 22:00:00,28.6,91,0.0,1.28,0.0,100
2023-09-10 23:00:00,28.3,91,0.0,1.2,0.0,100
2023-09-11 00:00:00,28.0,92,0.0,1.28,0.0,100
2023-09-11 01:00:00,27.9,93,0.0,1.28,0.0,100
2023-09-11 02:00:00,27.9,92,0.0,1.12,0.0,100
2023-09-11 03:00:00,27.5,93,0.0,1.21,0.0,100
2023-09-11 04:00:00,27.2,93,0.0,0.86,1.2,100
2023-09-11 05:00:00,27.4,92,3.0,1.9,4.8,99
2023-09-11 06:00:00,28.6,89,96.0,1.51,0.0,77
2023-09-11 07:00:00,30.2,79,275.0,0.63,0.0,45
2023-09-11 08:00:00,30.6,77,444.0,1.36,0.2,60
2023-09-11 09:00:00,30.9,77,491.0,1.25,0.2,90
2023-09-11 10:00:00,31.7,76,673.0,0.89,0.1,90
2023-09-11 11:00:00,32.4,73,772.0,1.17,0.0,81
2023-09-11 12:00:00,32.6,73,754.0,1.2,0.0,86
2023-09-11 13:00:00,32.4,73,656.0,1.0,0.0,90
2023-09-11 14:00:00,32.6,72,545.0,0.58,0.1,94
2023-09-11 15:00:00,30.2,82,301.0,2.84,0.2,100
2023-09-11 16:00:00,29.0,81,192.0,1.3,0.6,100
2023-09-11 17:00:00,28.1,88,27.0,2.64,0.1,100
2023-09-11 18:00:00,27.6,88,0.0,0.91,0.0,100
2023-09-11 19:00:00,27.3,89,0.0,1.2,0.0,100
2023-09-11 20:00:00,27.1,92,0.0,0.98,0.0,100
2023-09-11 21:00:00,27.1,93,0.0,1.26,0.0,100
2023-09-11 22:00:00,26.9,95,0.0,0.63,0.0,100
2023-09-11 23:00:00,26.9,96,0.0,1.14,0.0,100
2023-09-12 00:00:00,26.6,96,0.0,1.5,0.0,100
2023-09-12 01:00:00,26.0,95,0.0,2.53,3.3,100
2023-09-12 02:00:00,25.7,96,0.0,1.71,0.8,100
2023-09-12 03:00:00,25.7,96,0.0,0.5,0.1,100
2023-09-12 04:00:00,25.9,95,0.0,2.19,0.1,100
2023-09-12 05:00:00,26.4,96,3.0,0.92,0.0,100
2023-09-12 06:00:00,26.6,94,39.0,1.5,0.4,100
2023-09-12 07:00:00,27.4,89,156.0,1.3,0.2,100
2023-09-12 08:00:00,28.6,83,387.0,2.0,0.0,100
2023-09-12 09:00:00,29.4,79,532.0,1.86,0.0,100
2023-09-12 10:00:00,30.1,76,572.0,1.48,0.0,100
2023-09-12 11:00:00,30.9,73,604.0,1.28,0.0,100
2023-09-12 12:00:00,31.4,70,594.0,1.42,0.0,100
2023-09-12 13:00:00,31.9,68,499.0,1.03,0.0,100
2023-09-12 14:00:00,32.2,67,573.0,1.32,0.0,69
2023-09-12 15:00:00,32.0,68,401.0,1.33,0.1,88
2023-09-12 16:00:00,31.8,71,222.0,0.94,0.0,71
2023-09-12 17:00:00,28.4,90,44.0,2.13,0.0,100
2023-09-12 18:00:00,28.0,93,0.0,1.6,1.1,100
2023-09-12 19:00:00,27.7,95,0.0,1.84,0.2,97
2023-09-12 20:00:00,27.4,97,0.0,1.62,0.0,100
2023-09-12 21:00:00,27.3,97,0.0,1.22,0.0,100
2023-09-12 22:00:00,27.0,96,0.0,1.25,0.0,87
2023-09-12 23:00:00,26.9,95,0.0,1.41,0.0,100
2023-09-13 00:00:00,27.6,92,0.0,0.41,0.0,12
2023-09-13 01:00:00,26.7,96,0.0,0.54,0.0,18
2023-09-13 02:00:00,26.5,97,0.0,0.91,0.2,76
2023-09-13 03:00:00,26.1,98,0.0,0.64,0.0,89
2023-09-13 04:00:00,26.4,96,0.0,2.21,0.0,76
2023-09-13 05:00:00,26.8,94,3.0,0.67,0.6,85
2023-09-13 06:00:00,26.5,96,12.0,2.09,3.1,100
2023-09-13 07:00:00,27.1,92,59.0,1.87,0.8,100
2023-09-13 08:00:00,27.9,89,165.0,2.4,0.1,100
2023-09-13 09:00:00,29.3,83,404.0,2.63,0.1,100
2023-09-13 10:00:00,29.7,82,305.0,2.84,0.1,100
2023-09-13 11:00:00,30.6,77,460.0,2.6,0.0,100
2023-09-13 12:00:00,31.9,72,576.0,1.71,0.0,100
2023-09-13 13:00:00,32.6,67,508.0,1.5,0.0,100
2023-09-13 14:00:00,32.5,69,492.0,1.42,0.4,100
2023-09-13 15:00:00,31.8,71,345.0,1.7,1.1,100
2023-09-13 16:00:00,29.8,83,185.0,2.34,1.0,100
2023-09-13 17:00:00,30.0,87,36.0,0.73,0.2,100
2023-09-13 18:00:00,29.0,93,0.0,0.45,0.2,99
2023-09-13 19:00:00,28.8,92,0.0,0.32,0.1,44
2023-09-13 20:00:00,29.0,88,0.0,0.51,0.0,34
2023-09-13 21:00:00,28.9,90,0.0,0.42,0.0,17
2023-09-13 22:00:00,27.5,96,0.0,0.73,0.0,8
2023-09-13 23:00:00,27.8,98,0.0,1.3,0.0,4
2023-09-14 00:00:00,27.5,99,0.0,1.13,0.0,4
2023-09-14 01:00:00,27.4,99,0.0,1.6,0.0,14
2023-09-14 02:00:00,27.5,97,0.0,1.41,0.0,23
2023-09-14 03:00:00,27.4,96,0.0,1.75,0.0,51
2023-09-14 04:00:00,27.0,95,0.0,1.65,0.0,61
2023-09-14 05:00:00,26.2,98,4.0,1.08,0.0,59
2023-09-14 06:00:00,27.2,95,61.0,1.03,0.0,64
2023-09-14 07:00:00,28.7,87,254.0,0.58,0.0,99
2023-09-14 08:00:00,30.3,80,429.0,0.89,0.0,10
2023-09-14 09:00:00,31.6,77,660.0,2.06,0.0,26
2023-09-14 10:00:00,32.3,76,726.0,1.78,0.0,32
2023-09-14 11:00:00,33.0,72,789.0,1.57,0.1,26
2023-09-14 12:00:00,32.9,72,766.0,1.02,0.2,49
2023-09-14 13:00:00,31.7,74,638.0,0.81,3.0,64
2023-09-14 14:00:00,30.7,79,493.0,2.69,0.0,71
2023-09-14 15:00:00,30.3,82,284.0,1.99,0.1,51
2023-09-14 16:00:00,30.4,81,203.0,1.27,0.0,22
2023-09-14 17:00:00,30.2,82,50.0,2.58,0.0,28
2023-09-14 18:00:00,29.5,86,0.0,1.64,0.0,37
2023-09-14 19:00:00,28.8,92,0.0,1.49,0.0,47
2023-09-14 20:00:00,28.7,92,0.0,1.21,0.0,48
2023-09-14 21:00:00,28.6,93,0.0,1.49,0.0,53
2023-09-14 22:00:00,28.4,89,0.0,1.35,0.0,41
2023-09-14 23:00:00,28.1,90,0.0,1.1,0.0,41
2023-09-15 00:00:00,27.7,93,0.0,0.7,0.0,82
2023-09-15 01:00:00,27.7,91,0.0,0.73,0.1,45
2023-09-15 02:00:00,27.3,93,0.0,1.17,1.0,43
2023-09-15 03:00:00,26.9,92,0.0,1.28,0.2,69
2023-09-15 04:00:00,26.5,95,0.0,0.36,0.1,58
2023-09-15 05:00:00,26.8,95,3.0,3.31,0.0,95
2023-09-15 06:00:00,27.4,88,52.0,1.39,0.0,70
2023-09-15 07:00:00,28.8,80,224.0,1.14,0.0,24
2023-09-15 08:00:00,29.7,78,394.0,0.22,0.0,39
2023-09-15 09:00:00,31.0,75,627.0,0.5,0.0,28
2023-09-15 10:00:00,31.8,73,732.0,0.81,0.0,28
2023-09-15 11:00:00,32.8,71,816.0,1.14,0.0,22
2023-09-15 12:00:00,33.3,69,763.0,1.75,0.0,27
2023-09-15 13:00:00,31.8,73,703.0,2.21,0.3,57
2023-09-15 14:00:00,32.6,70,526.0,1.58,0.1,26
2023-09-15 15:00:00,32.1,73,409.0,1.62,0.0,49
2023-09-15 16:00:00,31.2,75,195.0,2.04,0.4,62
2023-09-15 17:00:00,27.2,92,40.0,3.62,0.0,38
2023-09-15 18:00:00,27.7,84,0.0,3.8,0.1,56
2023-09-15 19:00:00,27.0,88,0.0,2.62,0.2,86
2023-09-15 20:00:00,27.7,88,0.0,2.35,0.3,30
2023-09-15 21:00:00,27.8,88,0.0,2.16,0.0,23
2023-09-15 22:00:00,27.8,89,0.0,1.86,0.0,11
2023-09-15 23:00:00,27.3,92,0.0,1.66,0.0,11
2023-09-16 00:00:00,28.6,84,0.0,0.91,0.0,22
2023-09-16 01:00:00,27.3,92,0.0,1.52,0.0,14
2023-09-16 02:00:00,27.7,89,0.0,1.22,0.0,25
2023-09-16 03:00:00,26.9,93,0.0,1.25,0.0,23
2023-09-16 04:00:00,27.2,91,0.0,1.24,0.0,36
2023-09-16 05:00:00,28.1,93,3.0,0.5,0.0,22
2023-09-16 06:00:00,29.0,83,76.0,1.49,0.0,99
2023-09-16 07:00:00,29.6,84,273.0,1.26,0.0,62
2023-09-16 08:00:00,30.3,82,465.0,0.8,0.1,45
2023-09-16 09:00:00,31.2,80,614.0,1.26,0.1,39
2023-09-16 10:00:00,32.0,76,722.0,1.7,0.2,34
2023-09-16 11:00:00,32.5,72,717.0,1.84,0.2,36
2023-09-16 12:00:00,32.9,69,752.0,1.7,0.1,39
2023-09-16 13:00:00,32.5,71,670.0,1.9,0.0,42
2023-09-16 14:00:00,32.4,70,482.0,1.91,0.0,63
2023-09-16 15:00:00,32.1,70,366.0,1.71,0.0,45
2023-09-16 16:00:00,31.6,73,197.0,1.22,0.0,43
2023-09-16 17:00:00,31.1,76,46.0,2.83,0.0,34
2023-09-16 18:00:00,30.2,79,0.0,2.58,0.0,30
2023-09-16 19:00:00,29.5,82,0.0,1.58,0.0,30
2023-09-16 20:00:00,29.3,84,0.0,1.61,0.0,39
2023-09-16 21:00:00,28.9,87,0.0,1.26,0.0,33
2023-09-16 22:00:00,28.4,91,0.0,1.5,0.0,26
2023-09-16 23:00:00,28.1,93,0.0,0.89,0.0,28
2023-09-17 00:00:00,27.8,96,0.0,0.81,0.0,9
2023-09-17 01:00:00,27.5,97,0.0,0.42,0.0,18
2023-09-17 02:00:00,27.3,97,0.0,0.71,0.0,6
2023-09-17 03:00:00,27.3,97,0.0,1.1,0.0,4
2023-09-17 04:00:00,26.9,98,0.0,1.2,0.0,5
2023-09-17 05:00:00,27.0,92,3.0,4.03,0.0,4
2023-09-17 06:00:00,27.5,90,69.0,1.4,1.8,70
2023-09-17 07:00:00,28.2,82,198.0,1.71,2.3,53
2023-09-17 08:00:00,29.6,79,431.0,0.94,0.0,43
2023-09-17 09:00:00,31.1,76,656.0,1.7,0.0,33
2023-09-17 10:00:00,32.2,72,781.0,1.72,0.0,30
2023-09-17 11:00:00,33.0,69,833.0,1.91,0.1,33
2023-09-17 12:00:00,33.3,67,762.0,1.44,0.0,28
2023-09-17 13:00:00,33.5,67,714.0,1.4,0.0,29
2023-09-17 14:00:00,33.4,67,586.0,1.14,0.0,24
2023-09-17 15:00:00,32.6,69,396.0,0.95,0.1,52
2023-09-17 16:00:00,31.7,74,168.0,1.35,0.2,49
2023-09-17 17:00:00,28.3,85,33.0,0.63,0.0,30
2023-09-17 18:00:00,27.8,92,0.0,2.6,0.7,76
2023-09-17 19:00:00,26.9,95,0.0,1.49,1.1,100
2023-09-17 20:00:00,27.1,95,0.0,3.42,0.4,77
2023-09-17 21:00:00,26.9,92,0.0,1.72,0.2,79
2023-09-17 22:00:00,26.6,95,0.0,0.67,0.0,33
2023-09-17 23:00:00,26.3,97,0.0,0.5,0.0,53
2023-09-18 00:00:00,26.1,99,0.0,0.3,0.0,33
2023-09-18 01:00:00,26.2,96,0.0,1.36,0.0,17
2023-09-18 02:00:00,26.1,98,0.0,1.36,0.0,5
2023-09-18 03:00:00,26.2,98,0.0,1.99,0.0,5
2023-09-18 04:00:00,26.2,98,0.0,2.02,0.0,85
2023-09-18 05:00:00,28.0,89,3.0,1.8,0.0,100
2023-09-18 06:00:00,28.7,88,105.0,3.06,0.0,100
2023-09-18 07:00:00,29.6,84,262.0,3.4,0.0,100
2023-09-18 08:00:00,31.2,76,434.0,3.61,0.0,100
2023-09-18 09:00:00,32.5,71,546.0,3.36,0.0,100
2023-09-18 10:00:00,33.6,65,665.0,3.53,0.0,65
2023-09-18 11:00:00,34.4,61,833.0,3.61,0.0,18
2023-09-18 12:00:00,34.2,62,822.0,3.24,0.0,89
2023-09-18 13:00:00,33.7,65,598.0,1.24,0.2,100
2023-09-18 14:00:00,33.2,67,330.0,1.35,0.0,64
2023-09-18 15:00:00,32.7,69,373.0,2.28,0.0,99
2023-09-18 16:00:00,31.1,75,147.0,0.94,1.2,99
2023-09-18 17:00:00,29.0,83,19.0,1.56,2.3,100
2023-09-18 18:00:00,29.1,83,0.0,0.5,0.0,100
2023-09-18 19:00:00,29.1,83,0.0,0.76,0.0,100
2023-09-18 20:00:00,28.6,88,0.0,0.92,0.0,100
2023-09-18 21:00:00,28.2,92,0.0,0.94,0.0,100
2023-09-18 22:00:00,28.1,93,0.0,0.61,0.0,100
2023-09-18 23:00:00,27.9,95,0.0,0.92,0.0,100
2023-09-19 00:00:00,27.7,95,0.0,1.12,0.0,100
2023-09-19 01:00:00,27.5,95,0.0,0.82,0.0,100
2023-09-19 02:00:00,27.2,97,0.0,0.32,0.0,99
2023-09-19 03:00:00,26.9,99,0.0,0.51,0.0,100
2023-09-19 04:00:00,26.7,98,0.0,0.78,0.0,100
2023-09-19 05:00:00,26.9,95,3.0,1.17,0.0,100
2023-09-19 06:00:00,27.0,94,7.0,0.58,1.9,100
2023-09-19 07:00:00,27.1,93,45.0,1.3,0.3,100
2023-09-19 08:00:00,27.5,91,79.0,1.5,0.4,100
2023-09-19 09:00:00,28.1,89,144.0,1.24,0.9,100
2023-09-19 10:00:00,28.4,87,156.0,0.76,1.7,100
2023-09-19 11:00:00,28.5,87,161.0,0.98,1.1,100
2023-09-19 12:00:00,29.5,84,434.0,1.34,0.1,100
2023-09-19 13:00:00,30.3,79,498.0,1.61,0.0,68
2023-09-19 14:00:00,30.5,79,516.0,1.55,0.0,46
2023-09-19 15:00:00,30.3,79,347.0,0.45,0.0,70
2023-09-19 16:00:00,29.7,81,124.0,0.14,0.1,80
2023-09-19 17:00:00,28.8,81,32.0,0.72,1.8,100
2023-09-19 18:00:00,28.1,89,0.0,1.08,0.0,100
2023-09-19 19:00:00,28.5,84,0.0,0.51,0.8,100
2023-09-19 20:00:00,27.7,91,0.0,0.76,0.0,100
2023-09-19 21:00:00,27.4,90,0.0,1.77,0.1,100
2023-09-19 22:00:00,26.8,90,0.0,1.92,0.1,100
2023-09-19 23:00:00,26.5,90,0.0,1.0,0.2,100
2023-09-20 00:00:00,26.2,91,0.0,1.33,0.2,100
2023-09-20 01:00:00,26.0,93,0.0,1.63,0.7,100
2023-09-20 02:00:00,25.9,93,0.0,1.24,0.0,100
2023-09-20 03:00:00,25.9,94,0.0,0.36,0.8,100
2023-09-20 04:00:00,25.8,95,0.0,0.3,1.7,100
2023-09-20 05:00:00,26.2,93,1.0,1.22,2.5,100
2023-09-20 06:00:00,26.2,93,31.0,1.89,0.4,100
2023-09-20 07:00:00,26.7,91,125.0,2.06,1.4,100
2023-09-20 08:00:00,26.8,91,143.0,1.4,2.9,100
2023-09-20 09:00:00,27.4,89,206.0,2.18,0.7,100
2023-09-20 10:00:00,28.3,85,274.0,2.21,0.3,100
2023-09-20 11:00:00,29.3,83,462.0,2.32,0.5,93
2023-09-20 12:00:00,30.4,79,650.0,2.57,0.5,100
2023-09-20 13:00:00,30.1,79,463.0,3.01,0.4,100
2023-09-20 14:00:00,30.0,78,255.0,2.9,0.1,100
2023-09-20 15:00:00,29.9,75,290.0,2.56,0.7,92
2023-09-20 16:00:00,29.5,80,168.0,1.84,0.0,99
2023-09-20 17:00:00,27.5,93,20.0,1.48,0.2,100
2023-09-20 18:00:00,27.4,93,0.0,0.85,1.3,100
2023-09-20 19:00:00,27.0,95,0.0,1.17,3.3,100
2023-09-20 20:00:00,26.8,95,0.0,1.2,5.1,99
2023-09-20 21:00:00,26.5,94,0.0,0.94,5.2,100
2023-09-20 22:00:00,26.4,93,0.0,1.94,4.2,100
2023-09-20 23:00:00,26.2,95,0.0,1.93,2.4,100
2023-09-21 00:00:00,26.1,95,0.0,1.71,1.6,100
2023-09-21 01:00:00,25.9,95,0.0,1.84,0.8,100
2023-09-21 02:00:00,25.6,95,0.0,2.2,1.2,100
2023-09-21 03:00:00,25.2,95,0.0,2.3,2.1,100
2023-09-21 04:00:00,25.2,96,0.0,2.1,2.7,100
2023-09-21 05:00:00,26.0,96,0.0,1.65,2.5,100
2023-09-21 06:00:00,26.0,95,11.0,1.84,3.3,100
2023-09-21 07:00:00,26.2,94,36.0,1.87,2.8,100
2023-09-21 08:00:00,26.1,94,48.0,1.96,4.2,100
2023-09-21 09:00:00,26.5,91,141.0,1.64,1.1,100
2023-09-21 10:00:00,27.0,90,234.0,1.06,0.6,100
2023-09-21 11:00:00,27.6,88,330.0,1.77,0.3,100
2023-09-21 12:00:00,28.4,86,495.0,1.14,0.2,100
2023-09-21 13:00:00,29.1,84,506.0,0.67,0.2,100
2023-09-21 14:00:00,28.9,84,333.0,0.32,0.2,100
2023-09-21 15:00:00,29.1,83,255.0,0.92,0.2,100
2023-09-21 16:00:00,28.0,85,138.0,1.42,3.3,99
2023-09-21 17:00:00,27.4,88,23.0,0.99,0.1,86
2023-09-21 18:00:00,26.6,92,0.0,1.22,0.1,92
2023-09-21 19:00:00,26.0,96,0.0,1.3,0.0,86
2023-09-21 20:00:00,26.7,93,0.0,0.36,0.0,92
2023-09-21 21:00:00,26.5,95,0.0,0.1,0.0,98
2023-09-21 22:00:00,25.7,98,0.0,0.73,0.0,99
2023-09-21 23:00:00,25.8,98,0.0,0.72,0.0,99
2023-09-22 00:00:00,25.6,98,0.0,0.71,0.0,100
2023-09-22 01:00:00,25.4,99,0.0,0.7,0.0,100
2023-09-22 02:00:00,25.5,98,0.0,0.81,0.0,100
2023-09-22 03:00:00,25.5,97,0.0,0.94,0.0,100
2023-09-22 04:00:00,25.2,97,0.0,0.5,0.4,99
2023-09-22 05:00:00,25.9,91,1.0,0.61,1.7,100
2023-09-22 06:00:00,25.8,91,10.0,0.81,2.1,100
2023-09-22 07:00:00,25.9,90,64.0,1.87,1.2,100
2023-09-22 08:00:00,26.5,87,137.0,1.86,0.2,55
2023-09-22 09:00:00,27.9,83,505.0,1.58,0.0,59
2023-09-22 10:00:00,29.6,75,707.0,1.58,0.0,79
2023-09-22 11:00:00,30.2,72,651.0,2.14,0.0,67
2023-09-22 12:00:00,30.7,73,688.0,2.32,0.0,22
2023-09-22 13:00:00,31.0,74,642.0,3.01,0.0,53
2023-09-22 14:00:00,30.4,76,467.0,3.54,0.1,79
2023-09-22 15:00:00,29.6,79,301.0,2.92,0.2,94
2023-09-22 16:00:00,28.4,84,146.0,2.22,0.1,27
2023-09-22 17:00:00,26.5,89,30.0,2.81,0.0,18
2023-09-22 18:00:00,26.7,92,0.0,1.24,0.5,80
2023-09-22 19:00:00,26.3,94,0.0,1.22,0.0,97
2023-09-22 20:00:00,26.1,95,0.0,1.12,0.0,93
2023-09-22 21:00:00,26.1,96,0.0,1.2,0.0,100
2023-09-22 22:00:00,26.0,97,0.0,1.22,0.0,100
2023-09-22 23:00:00,26.0,96,0.0,1.14,0.0,100
2023-09-23 00:00:00,26.2,93,0.0,1.0,0.0,100
2023-09-23 01:00:00,25.8,93,0.0,1.12,0.0,70
2023-09-23 02:00:00,26.4,88,0.0,1.04,0.0,100
2023-09-23 03:00:00,25.6,94,0.0,0.78,0.0,100
2023-09-23 04:00:00,25.8,91,0.0,0.51,0.0,98
2023-09-23 05:00:00,26.5,94,2.0,1.68,0.0,100
2023-09-23 06:00:00,27.0,91,68.0,1.41,0.0,99
2023-09-23 07:00:00,27.7,88,245.0,1.91,0.0,100
2023-09-23 08:00:00,28.4,85,368.0,2.52,0.1,99
2023-09-23 09:00:00,29.1,80,467.0,2.4,0.0,97
2023-09-23 10:00:00,29.9,77,527.0,2.11,0.1,82
2023-09-23 11:00:00,28.1,81,517.0,3.61,8.3,100
2023-09-23 12:00:00,28.0,83,226.0,3.1,0.1,100
2023-09-23 13:00:00,29.4,79,472.0,2.21,0.0,100
2023-09-23 14:00:00,29.8,79,462.0,2.44,0.1,100
2023-09-23 15:00:00,29.3,82,305.0,2.69,0.2,100
2023-09-23 16:00:00,28.2,87,122.0,2.19,0.0,100
2023-09-23 17:00:00,26.6,92,24.0,3.67,0.0,100
2023-09-23 18:00:00,26.2,95,0.0,1.79,0.6,100
2023-09-23 19:00:00,26.3,96,0.0,1.17,0.2,100
2023-09-23 20:00:00,26.0,97,0.0,0.89,0.1,100
2023-09-23 21:00:00,26.0,97,0.0,0.99,0.0,100
2023-09-23 22:00:00,25.8,95,0.0,1.2,0.0,100
2023-09-23 23:00:00,25.6,96,0.0,1.27,0.0,100
2023-09-24 00:00:00,25.3,97,0.0,1.2,0.0,100
2023-09-24 01:00:00,24.8,99,0.0,1.49,0.0,97
2023-09-24 02:00:00,25.8,96,0.0,0.61,0.0,64
2023-09-24 03:00:00,25.0,98,0.0,1.03,0.0,27
2023-09-24 04:00:00,25.2,96,0.0,0.73,0.0,96
2023-09-24 05:00:00,26.0,95,2.0,0.61,0.0,100
2023-09-24 06:00:00,27.0,92,87.0,0.51,0.0,100
2023-09-24 07:00:00,27.7,87,269.0,2.34,0.0,85
2023-09-24 08:00:00,28.6,83,461.0,2.46,0.0,59
2023-09-24 09:00:00,29.6,79,634.0,1.77,0.1,87
2023-09-24 10:00:00,30.6,75,722.0,1.3,0.2,99
2023-09-24 11:00:00,31.1,75,726.0,2.16,0.1,100
2023-09-24 12:00:00,30.5,76,633.0,2.86,2.4,100
2023-09-24 13:00:00,29.6,78,476.0,3.77,2.8,100
2023-09-24 14:00:00,29.2,82,421.0,2.97,1.1,91
2023-09-24 15:00:00,29.6,78,351.0,3.18,0.6,99
2023-09-24 16:00:00,28.5,86,148.0,2.86,0.1,100
2023-09-24 17:00:00,27.0,90,27.0,2.55,0.0,100
2023-09-24 18:00:00,26.5,91,0.0,1.84,0.0,100
2023-09-24 19:00:00,26.2,93,0.0,1.49,0.0,100
2023-09-24 20:00:00,26.0,95,0.0,1.5,0.0,100
2023-09-24 21:00:00,25.9,96,0.0,1.53,0.0,82
2023-09-24 22:00:00,25.7,97,0.0,1.84,0.0,97
2023-09-24 23:00:00,25.5,94,0.0,1.25,0.1,100
2023-09-25 00:00:00,25.5,94,0.0,0.92,0.8,100
2023-09-25 01:00:00,25.4,94,0.0,0.72,0.9,100
2023-09-25 02:00:00,25.3,94,0.0,0.4,0.9,100
2023-09-25 03:00:00,25.2,95,0.0,0.57,0.3,100
2023-09-25 04:00:00,25.1,96,0.0,0.71,0.1,94
2023-09-25 05:00:00,26.0,97,1.0,1.73,0.1,60
2023-09-25 06:00:00,26.3,95,29.0,0.28,0.9,100
2023-09-25 07:00:00,27.0,92,139.0,0.82,0.2,88
2023-09-25 08:00:00,28.2,87,446.0,0.41,0.1,96
2023-09-25 09:00:00,29.2,85,553.0,0.8,0.2,91
2023-09-25 10:00:00,30.3,79,738.0,0.32,0.2,93
2023-09-25 11:00:00,30.9,77,746.0,0.5,0.1,83
2023-09-25 12:00:00,31.5,75,743.0,0.71,0.1,75
2023-09-25 13:00:00,31.4,73,677.0,1.96,0.1,99
2023-09-25 14:00:00,29.3,77,359.0,1.75,0.9,100
2023-09-25 15:00:00,29.1,80,180.0,1.21,0.0,100
2023-09-25 16:00:00,29.0,82,140.0,1.02,0.0,99
2023-09-25 17:00:00,29.1,80,21.0,0.45,0.0,100
2023-09-25 18:00:00,27.3,92,0.0,0.81,0.0,99
2023-09-25 19:00:00,26.9,96,0.0,0.91,0.0,100
2023-09-25 20:00:00,26.9,97,0.0,0.95,0.1,100
2023-09-25 21:00:00,26.8,98,0.0,1.14,0.1,100
2023-09-25 22:00:00,26.5,97,0.0,1.2,0.0,100
2023-09-25 23:00:00,26.2,97,0.0,1.52,0.1,97
2023-09-26 00:00:00,26.5,91,0.0,0.5,0.0,89
2023-09-26 01:00:00,25.7,95,0.0,0.73,0.0,30
2023-09-26 02:00:00,25.6,97,0.0,1.2,0.0,28
2023-09-26 03:00:00,25.4,98,0.0,1.3,0.0,11
2023-09-26 04:00:00,25.1,96,0.0,1.6,0.0,7
2023-09-26 05:00:00,25.3,96,2.0,1.4,0.0,32
2023-09-26 06:00:00,24.9,99,65.0,1.86,7.8,100
2023-09-26 07:00:00,24.9,91,68.0,1.02,0.3,99
2023-09-26 08:00:00,25.8,89,189.0,1.39,0.5,90
2023-09-26 09:00:00,27.1,87,387.0,1.93,0.9,96
2023-09-26 10:00:00,29.0,80,565.0,1.44,0.0,77
2023-09-26 11:00:00,29.9,78,620.0,0.92,0.1,38
2023-09-26 12:00:00,30.8,75,762.0,1.2,0.0,57
2023-09-26 13:00:00,30.7,76,652.0,1.57,0.1,82
2023-09-26 14:00:00,30.7,74,496.0,1.08,0.1,100
2023-09-26 15:00:00,30.8,71,325.0,0.22,0.0,83
2023-09-26 16:00:00,30.5,71,156.0,0.36,0.0,48
2023-09-26 17:00:00,26.9,88,23.0,0.98,0.0,22
2023-09-26 18:00:00,27.1,88,0.0,0.45,0.1,99
2023-09-26 19:00:00,26.3,94,0.0,1.0,0.0,91
2023-09-26 20:00:00,26.8,92,0.0,0.41,0.0,86
2023-09-26 21:00:00,25.7,97,0.0,1.04,0.0,80
2023-09-26 22:00:00,26.5,94,0.0,0.71,0.0,64
2023-09-26 23:00:00,25.6,98,0.0,0.92,0.0,26
2023-09-27 00:00:00,25.7,99,0.0,1.06,0.0,13
2023-09-27 01:00:00,25.5,99,0.0,1.02,0.0,8
2023-09-27 02:00:00,25.3,98,0.0,0.92,0.0,7
2023-09-27 03:00:00,25.4,95,0.0,0.98,0.0,5
2023-09-27 04:00:00,25.0,96,0.0,1.1,0.0,2
2023-09-27 05:00:00,25.7,96,2.0,2.73,0.0,3
2023-09-27 06:00:00,26.0,91,59.0,1.02,2.6,98
2023-09-27 07:00:00,26.2,91,130.0,1.33,0.1,99
2023-09-27 08:00:00,27.3,88,304.0,1.75,0.0,100
2023-09-27 09:00:00,29.2,80,582.0,1.77,0.0,90
2023-09-27 10:00:00,30.5,78,759.0,1.84,0.0,95
2023-09-27 11:00:00,31.3,74,801.0,1.35,0.0,80
2023-09-27 12:00:00,31.8,71,708.0,1.0,0.0,94
2023-09-27 13:00:00,32.2,69,650.0,1.21,0.0,100
2023-09-27 14:00:00,31.9,68,444.0,1.4,0.3,100
2023-09-27 15:00:00,31.2,73,249.0,1.41,0.0,100
2023-09-27 16:00:00,30.7,84,148.0,0.5,0.0,100
2023-09-27 17:00:00,29.5,86,22.0,1.57,0.0,100
2023-09-27 18:00:00,28.7,89,0.0,1.41,0.0,96
2023-09-27 19:00:00,28.0,92,0.0,0.81,0.0,66
2023-09-27 20:00:00,27.7,93,0.0,1.2,0.0,95
2023-09-27 21:00:00,27.2,95,0.0,1.14,0.0,85
2023-09-27 22:00:00,27.1,95,0.0,1.04,0.0,98
2023-09-27 23:00:00,26.6,99,0.0,0.8,0.0,18
2023-09-28 00:00:00,26.8,100,0.0,0.92,0.0,97
2023-09-28 01:00:00,26.4,100,0.0,0.85,0.0,97
2023-09-28 02:00:00,26.2,100,0.0,0.95,0.0,96
2023-09-28 03:00:00,26.2,100,0.0,0.81,0.0,100
2023-09-28 04:00:00,26.4,100,0.0,0.91,0.0,100
2023-09-28 05:00:00,26.8,100,1.0,1.61,0.0,99
2023-09-28 06:00:00,27.9,95,84.0,1.28,0.0,33
2023-09-28 07:00:00,29.5,85,277.0,1.64,0.0,2
2023-09-28 08:00:00,30.9,78,483.0,1.75,0.0,4
2023-09-28 09:00:00,32.1,71,653.0,2.02,0.0,93
2023-09-28 10:00:00,33.1,67,770.0,2.45,0.0,54
2023-09-28 11:00:00,33.6,64,808.0,2.69,0.0,73
2023-09-28 12:00:00,33.8,63,797.0,2.87,0.0,91
2023-09-28 13:00:00,33.8,63,696.0,2.7,0.0,92
2023-09-28 14:00:00,33.6,64,545.0,2.86,0.0,96
2023-09-28 15:00:00,33.1,67,378.0,2.42,0.0,99
2023-09-28 16:00:00,32.0,76,178.0,1.34,0.0,99
2023-09-28 17:00:00,31.1,79,24.0,1.72,0.0,100
2023-09-28 18:00:00,30.5,81,0.0,1.9,0.0,81
2023-09-28 19:00:00,29.9,84,0.0,1.65,0.0,39
2023-09-28 20:00:00,29.2,89,0.0,1.42,0.0,89
2023-09-28 21:00:00,28.5,93,0.0,1.64,0.0,81
2023-09-28 22:00:00,28.2,95,0.0,1.3,0.0,78
2023-09-28 23:00:00,28.2,96,0.0,1.41,0.0,35
2023-09-29 00:00:00,27.8,98,0.0,1.2,0.0,4
2023-09-29 01:00:00,27.4,100,0.0,1.3,0.0,96
2023-09-29 02:00:00,27.2,100,0.0,1.6,0.0,96
2023-09-29 03:00:00,27.1,99,0.0,2.12,0.0,17
2023-09-29 04:00:00,27.0,99,0.0,2.2,0.0,3
2023-09-29 05:00:00,27.4,98,2.0,2.8,0.0,24
2023-09-29 06:00:00,28.5,92,91.0,2.1,0.0,17
2023-09-29 07:00:00,30.1,86,279.0,2.09,0.0,7
2023-09-29 08:00:00,31.6,81,482.0,2.73,0.0,24
2023-09-29 09:00:00,32.9,74,650.0,3.53,0.0,15
2023-09-29 10:00:00,33.7,70,766.0,3.93,0.0,0
2023-09-29 11:00:00,34.3,65,814.0,3.71,0.0,4
2023-09-29 12:00:00,34.7,61,783.0,3.1,0.0,6
2023-09-29 13:00:00,34.9,60,704.0,3.31,0.0,83
2023-09-29 14:00:00,34.5,62,556.0,3.55,0.0,99
2023-09-29 15:00:00,33.7,69,337.0,2.75,0.0,100
2023-09-29 16:00:00,32.8,74,168.0,2.05,0.0,100
2023-09-29 17:00:00,31.3,86,22.0,1.78,0.0,100
2023-09-29 18:00:00,30.9,85,0.0,1.63,0.0,100
2023-09-29 19:00:00,30.6,86,0.0,1.63,0.0,100
2023-09-29 20:00:00,30.2,88,0.0,0.85,0.0,100
2023-09-29 21:00:00,29.2,92,0.0,1.08,0.0,100
2023-09-29 22:00:00,28.6,96,0.0,0.8,0.0,100
2023-09-29 23:00:00,28.2,99,0.0,1.1,0.0,100
2023-09-30 00:00:00,27.9,100,0.0,1.08,0.0,100
2023-09-30 01:00:00,27.7,99,0.0,0.57,0.0,86
2023-09-30 02:00:00,27.8,99,0.0,0.92,0.0,45
2023-09-30 03:00:00,27.7,99,0.0,0.91,0.0,96
2023-09-30 04:00:00,27.9,98,0.0,0.92,0.0,100
2023-09-30 05:00:00,26.6,91,1.0,3.37,0.0,18
2023-09-30 06:00:00,25.6,95,22.0,2.75,18.7,100
2023-09-30 07:00:00,26.4,94,21.0,1.71,0.8,100
2023-09-30 08:00:00,27.0,92,100.0,1.97,0.1,100
2023-09-30 09:00:00,28.4,88,332.0,0.28,0.0,100
2023-09-30 10:00:00,29.5,85,460.0,0.41,0.0,100
2023-09-30 11:00:00,30.5,82,567.0,1.2,0.0,100
2023-09-30 12:00:00,31.5,78,638.0,1.84,0.0,100
2023-09-30 13:00:00,31.4,76,444.0,1.51,0.4,100
2023-09-30 14:00:00,30.6,81,313.0,1.61,0.8,100
2023-09-30 15:00:00,30.5,81,179.0,0.72,0.1,100
2023-09-30 16:00:00,29.4,81,105.0,0.32,4.9,100
2023-09-30 17:00:00,27.5,88,10.0,1.17,0.0,100
2023-09-30 18:00:00,27.1,93,0.0,0.8,0.0,100
2023-09-30 19:00:00,27.4,92,0.0,0.57,0.0,100
2023-09-30 20:00:00,27.3,94,0.0,0.81,0.0,100
2023-09-30 21:00:00,27.8,90,0.0,0.36,0.0,100
2023-09-30 22:00:00,26.8,97,0.0,1.12,0.0,100
2023-09-30 23:00:00,27.1,95,0.0,1.13,0.0,100
2023-10-01 00:00:00,27.0,97,0.0,1.12,0.0,99
2023-10-01 01:00:00,27.0,96,0.0,1.03,0.0,100
2023-10-01 02:00:00,26.5,97,0.0,0.92,0.0,100
2023-10-01 03:00:00,26.1,98,0.0,1.26,0.0,99
2023-10-01 04:00:00,26.7,94,0.0,0.91,0.0,100
2023-10-01 05:00:00,26.6,96,1.0,1.84,0.0,100
2023-10-01 06:00:00,27.6,92,82.0,1.86,0.0,88
2023-10-01 07:00:00,28.4,85,228.0,1.63,0.1,99
2023-10-01 08:00:00,29.0,80,353.0,1.1,0.9,100
2023-10-01 09:00:00,28.6,84,149.0,1.81,0.2,99
2023-10-01 10:00:00,29.3,82,384.0,2.24,0.1,100
2023-10-01 11:00:00,30.4,79,596.0,2.31,0.0,100
2023-10-01 12:00:00,31.2,74,650.0,2.64,0.0,99
2023-10-01 13:00:00,31.6,73,635.0,2.92,0.0,100
2023-10-01 14:00:00,31.5,71,477.0,2.55,0.0,100
2023-10-01 15:00:00,29.9,79,160.0,1.22,0.1,100
2023-10-01 16:00:00,29.1,85,51.0,1.06,0.1,100
2023-10-01 17:00:00,28.8,87,9.0,0.78,0.0,100
2023-10-01 18:00:00,28.3,92,0.0,0.81,0.1,100
2023-10-01 19:00:00,28.1,95,0.0,0.72,2.1,100
2023-10-01 20:00:00,27.6,97,0.0,0.81,0.0,100
2023-10-01 21:00:00,27.5,98,0.0,1.06,0.0,100
2023-10-01 22:00:00,27.1,98,0.0,1.14,0.0,99
2023-10-01 23:00:00,26.7,98,0.0,1.02,0.0,99
2023-10-02 00:00:00,26.6,97,0.0,0.86,2.3,100
2023-10-02 01:00:00,26.1,98,0.0,1.08,8.0,100
2023-10-02 02:00:00,25.9,98,0.0,1.87,1.9,100
2023-10-02 03:00:00,25.8,96,0.0,0.92,0.4,100
2023-10-02 04:00:00,26.0,95,0.0,0.54,0.2,100
2023-10-02 05:00:00,27.0,95,1.0,0.32,0.0,98
2023-10-02 06:00:00,27.1,94,51.0,1.58,1.2,100
2023-10-02 07:00:00,27.8,92,132.0,1.02,0.0,100
2023-10-02 08:00:00,29.4,84,344.0,1.53,0.0,100
2023-10-02 09:00:00,30.4,83,550.0,1.04,0.2,99
2023-10-02 10:00:00,31.4,82,694.0,1.33,0.3,61
2023-10-02 11:00:00,32.2,78,697.0,1.24,2.2,98
2023-10-02 12:00:00,31.5,79,619.0,0.51,3.2,100
2023-10-02 13:00:00,29.8,83,374.0,2.33,4.3,86
2023-10-02 14:00:00,28.7,89,208.0,2.2,1.6,68
2023-10-02 15:00:00,29.4,87,291.0,1.6,0.1,49
2023-10-02 16:00:00,29.0,90,137.0,1.6,0.0,41
2023-10-02 17:00:00,28.2,90,15.0,1.66,0.0,70
2023-10-02 18:00:00,27.5,96,0.0,1.53,0.0,86
2023-10-02 19:00:00,27.7,93,0.0,1.17,0.0,53
2023-10-02 20:00:00,27.4,93,0.0,1.02,0.0,39
2023-10-02 21:00:00,27.0,95,0.0,0.99,0.0,66
2023-10-02 22:00:00,26.5,92,0.0,3.58,0.7,93
2023-10-02 23:00:00,25.9,94,0.0,3.13,2.1,100
2023-10-03 00:00:00,25.4,98,0.0,2.92,9.9,100
2023-10-03 01:00:00,25.4,96,0.0,1.17,0.5,92
2023-10-03 02:00:00,25.2,96,0.0,1.49,0.5,77
2023-10-03 03:00:00,25.3,95,0.0,0.63,0.3,68
2023-10-03 04:00:00,25.2,96,0.0,1.9,0.1,69
2023-10-03 05:00:00,26.0,96,1.0,2.42,0.1,35
2023-10-03 06:00:00,26.6,91,57.0,2.62,0.2,74
2023-10-03 07:00:00,27.3,89,205.0,2.11,0.4,52
2023-10-03 08:00:00,28.0,88,337.0,2.14,0.3,62
2023-10-03 09:00:00,28.8,83,332.0,2.21,0.2,83
2023-10-03 10:00:00,29.9,78,450.0,2.14,0.6,100
2023-10-03 11:00:00,30.4,75,501.0,2.24,0.2,86
2023-10-03 12:00:00,31.1,74,627.0,1.56,0.2,40
2023-10-03 13:00:00,31.8,71,612.0,0.94,0.1,100
2023-10-03 14:00:00,27.0,90,349.0,3.91,8.7,93
2023-10-03 15:00:00,27.6,89,183.0,1.26,0.1,51
2023-10-03 16:00:00,27.8,88,145.0,0.61,0.0,47
2023-10-03 17:00:00,27.6,89,16.0,1.58,0.0,32
2023-10-03 18:00:00,26.9,93,0.0,1.2,2.8,42
2023-10-03 19:00:00,26.5,94,0.0,2.06,0.0,68
2023-10-03 20:00:00,25.8,93,0.0,2.7,7.1,100
2023-10-03 21:00:00,25.6,94,0.0,1.93,0.1,54
2023-10-03 22:00:00,25.3,97,0.0,0.91,0.0,31
2023-10-03 23:00:00,25.4,97,0.0,1.36,0.0,72
2023-10-04 00:00:00,24.9,98,0.0,1.98,0.0,92
2023-10-04 01:00:00,24.7,96,0.0,0.73,0.0,99
2023-10-04 02:00:00,24.8,96,0.0,0.92,0.1,100
2023-10-04 03:00:00,24.9,96,0.0,1.06,0.1,100
2023-10-04 04:00:00,24.7,98,0.0,2.05,3.3,100
2023-10-04 05:00:00,26.0,95,0.0,1.49,0.4,100
2023-10-04 06:00:00,25.8,95,15.0,0.91,3.5,100
2023-10-04 07:00:00,26.0,93,59.0,0.36,0.5,100
2023-10-04 08:00:00,26.5,93,125.0,0.76,0.5,100
2023-10-04 09:00:00,26.9,92,215.0,0.71,1.2,100
2023-10-04 10:00:00,26.8,92,87.0,1.25,4.9,100
2023-10-04 11:00:00,27.2,90,206.0,1.08,2.1,96
2023-10-04 12:00:00,28.3,87,533.0,0.92,0.4,100
2023-10-04 13:00:00,27.9,89,355.0,1.14,0.7,100
2023-10-04 14:00:00,27.5,90,87.0,0.73,2.2,99
2023-10-04 15:00:00,27.8,89,180.0,0.3,0.3,100
2023-10-04 16:00:00,27.6,90,85.0,0.54,0.2,100
2023-10-04 17:00:00,27.1,91,3.0,0.4,0.3,100
2023-10-04 18:00:00,26.6,93,0.0,0.32,3.8,100
2023-10-04 19:00:00,26.3,95,0.0,0.54,2.1,100
2023-10-04 20:00:00,25.9,96,0.0,0.54,5.1,100
2023-10-04 21:00:00,25.6,97,0.0,0.71,4.9,100
2023-10-04 22:00:00,25.3,98,0.0,1.03,1.3,100
2023-10-04 23:00:00,25.2,98,0.0,1.08,0.9,100
2023-10-05 00:00:00,25.0,99,0.0,1.22,0.6,98
2023-10-05 01:00:00,24.9,99,0.0,1.12,0.5,100
2023-10-05 02:00:00,24.7,99,0.0,0.92,1.1,100
2023-10-05 03:00:00,24.6,99,0.0,1.0,3.8,100
2023-10-05 04:00:00,24.7,98,0.0,0.94,2.1,100
2023-10-05 05:00:00,25.7,95,0.0,2.27,1.9,100
2023-10-05 06:00:00,25.8,94,12.0,1.3,2.3,100
2023-10-05 07:00:00,26.2,93,84.0,2.2,5.0,100
2023-10-05 08:00:00,26.4,92,93.0,1.6,2.1,100
2023-10-05 09:00:00,26.4,93,62.0,1.97,2.4,100
2023-10-05 10:00:00,26.5,93,108.0,2.3,5.4,100
2023-10-05 11:00:00,26.7,92,108.0,2.46,3.1,100
2023-10-05 12:00:00,26.5,93,112.0,2.86,3.8,100
2023-10-05 13:00:00,26.5,93,90.0,2.6,4.2,100
2023-10-05 14:00:00,26.1,96,29.0,2.42,7.3,100
2023-10-05 15:00:00,26.2,95,31.0,0.98,3.3,100
2023-10-05 16:00:00,26.0,96,15.0,1.36,5.9,100
2023-10-05 17:00:00,26.2,95,1.0,2.26,2.4,100
2023-10-05 18:00:00,25.9,95,0.0,2.69,1.7,100
2023-10-05 19:00:00,25.5,94,0.0,2.85,1.3,100
2023-10-05 20:00:00,25.2,94,0.0,3.67,1.3,100
2023-10-05 21:00:00,25.0,95,0.0,3.96,1.8,100
2023-10-05 22:00:00,24.8,95,0.0,4.35,1.8,100
2023-10-05 23:00:00,24.2,93,0.0,4.9,2.3,100
2023-10-06 00:00:00,23.6,93,0.0,3.92,3.3,100
2023-10-06 01:00:00,23.3,92,0.0,4.24,2.1,100
2023-10-06 02:00:00,23.3,94,0.0,3.2,6.6,100
2023-10-06 03:00:00,23.4,95,0.0,4.03,4.1,100
2023-10-06 04:00:00,23.5,92,0.0,4.85,11.1,100
2023-10-06 05:00:00,24.0,91,0.0,4.21,3.5,100
2023-10-06 06:00:00,24.3,92,28.0,5.38,3.7,100
2023-10-06 07:00:00,24.5,93,33.0,5.29,1.7,100
2023-10-06 08:00:00,24.8,93,83.0,5.82,0.4,100
2023-10-06 09:00:00,25.7,89,203.0,6.1,0.2,100
2023-10-06 10:00:00,26.6,86,316.0,6.61,0.0,100
2023-10-06 11:00:00,27.3,82,292.0,6.77,0.0,100
2023-10-06 12:00:00,27.7,80,310.0,7.11,0.0,100
2023-10-06 13:00:00,28.2,78,461.0,7.31,0.0,99
2023-10-06 14:00:00,28.5,78,477.0,6.7,0.0,36
2023-10-06 15:00:00,28.2,79,333.0,6.3,0.0,79
2023-10-06 16:00:00,27.5,82,141.0,5.2,0.0,52
2023-10-06 17:00:00,26.3,86,14.0,4.22,0.0,73
2023-10-06 18:00:00,25.9,88,0.0,4.22,0.0,100
2023-10-06 19:00:00,25.6,88,0.0,4.49,0.0,100
2023-10-06 20:00:00,25.6,88,0.0,4.75,0.0,100
2023-10-06 21:00:00,25.1,93,0.0,4.34,5.2,100
2023-10-06 22:00:00,25.0,93,0.0,3.81,12.3,100
2023-10-06 23:00:00,24.8,94,0.0,2.64,7.9,100
2023-10-07 00:00:00,24.8,95,0.0,2.34,5.0,100
2023-10-07 01:00:00,24.6,96,0.0,2.88,1.6,100
2023-10-07 02:00:00,24.6,96,0.0,2.38,0.4,97
2023-10-07 03:00:00,24.4,96,0.0,2.92,0.1,99
2023-10-07 04:00:00,24.2,96,0.0,2.69,0.1,98
2023-10-07 05:00:00,24.8,93,1.0,3.61,0.1,98
2023-10-07 06:00:00,25.0,91,55.0,4.02,0.1,72
2023-10-07 07:00:00,25.5,88,145.0,4.3,0.1,95
2023-10-07 08:00:00,26.3,85,303.0,4.63,0.1,98
2023-10-07 09:00:00,26.8,83,331.0,4.4,0.1,99
2023-10-07 10:00:00,26.9,84,355.0,4.03,0.1,71
2023-10-07 11:00:00,28.4,76,604.0,3.82,0.0,75
2023-10-07 12:00:00,29.1,74,633.0,3.4,0.0,94
2023-10-07 13:00:00,28.8,76,451.0,2.83,0.3,75
2023-10-07 14:00:00,28.8,76,325.0,2.55,0.1,58
2023-10-07 15:00:00,28.7,77,275.0,2.18,0.0,25
2023-10-07 16:00:00,28.0,82,132.0,1.33,0.0,18
2023-10-07 17:00:00,26.4,88,11.0,1.77,0.0,38
2023-10-07 18:00:00,25.9,86,0.0,2.32,0.0,32
2023-10-07 19:00:00,25.1,90,0.0,1.46,0.6,93
2023-10-07 20:00:00,24.8,93,0.0,1.32,0.1,83
2023-10-07 21:00:00,24.1,97,0.0,1.2,0.0,99
2023-10-07 22:00:00,24.3,96,0.0,0.82,0.0,99
2023-10-07 23:00:00,24.3,95,0.0,0.63,0.3,99
2023-10-08 00:00:00,24.1,95,0.0,0.99,0.3,96
2023-10-08 01:00:00,23.9,96,0.0,1.06,0.2,95
2023-10-08 02:00:00,23.7,95,0.0,0.32,0.8,100
2023-10-08 03:00:00,23.7,96,0.0,0.0,0.4,97
2023-10-08 04:00:00,23.5,98,0.0,1.12,1.7,100
2023-10-08 05:00:00,24.8,97,0.0,1.08,1.3,97
2023-10-08 06:00:00,25.4,94,60.0,1.75,0.6,91
2023-10-08 07:00:00,25.1,94,144.0,1.92,0.6,44
2023-10-08 08:00:00,26.7,85,394.0,2.33,0.1,86
2023-10-08 09:00:00,27.3,81,443.0,2.72,0.1,92
2023-10-08 10:00:00,28.5,76,545.0,2.52,0.1,88
2023-10-08 11:00:00,29.0,76,580.0,2.42,0.0,100
2023-10-08 12:00:00,29.4,75,571.0,2.32,0.0,95
2023-10-08 13:00:00,29.6,75,562.0,2.28,0.1,90
2023-10-08 14:00:00,29.9,75,508.0,1.94,0.0,92
2023-10-08 15:00:00,27.8,84,273.0,3.64,3.7,94
2023-10-08 16:00:00,27.0,88,127.0,1.5,0.1,90
2023-10-08 17:00:00,26.4,89,10.0,1.5,0.0,63
2023-10-08 18:00:00,26.0,93,0.0,1.03,0.1,72
2023-10-08 19:00:00,25.5,96,0.0,1.39,0.0,92
2023-10-08 20:00:00,26.4,90,0.0,0.41,0.0,68
2023-10-08 21:00:00,25.3,96,0.0,0.9,0.1,91
2023-10-08 22:00:00,24.1,97,0.0,1.8,1.3,95
2023-10-08 23:00:00,24.0,97,0.0,1.1,0.8,98
2023-10-09 00:00:00,24.0,95,0.0,0.2,0.2,53
2023-10-09 01:00:00,23.6,97,0.0,0.5,0.0,100
2023-10-09 02:00:00,24.0,95,0.0,0.45,0.0,100
2023-10-09 03:00:00,23.9,97,0.0,1.52,0.3,100
2023-10-09 04:00:00,23.4,98,0.0,0.91,1.0,87
2023-10-09 05:00:00,24.1,97,0.0,1.91,0.8,100
2023-10-09 06:00:00,24.7,94,66.0,1.32,0.0,7
2023-10-09 07:00:00,25.8,90,244.0,2.97,0.0,100
2023-10-09 08:00:00,27.1,85,361.0,1.84,0.0,56
2023-10-09 09:00:00,28.9,77,510.0,3.1,0.0,96
2023-10-09 10:00:00,29.6,76,602.0,2.62,0.0,100
2023-10-09 11:00:00,30.3,75,716.0,2.43,0.0,78
2023-10-09 12:00:00,30.5,73,618.0,3.62,0.1,39
2023-10-09 13:00:00,31.1,71,598.0,3.69,0.1,14
2023-10-09 14:00:00,31.0,69,498.0,4.0,0.0,33
2023-10-09 15:00:00,29.7,77,291.0,3.0,0.0,15
2023-10-09 16:00:00,28.6,85,133.0,1.12,0.0,13
2023-10-09 17:00:00,26.7,91,11.0,2.41,0.0,29
2023-10-09 18:00:00,26.3,90,0.0,1.56,1.2,91
2023-10-09 19:00:00,25.9,90,0.0,1.51,0.0,80
2023-10-09 20:00:00,25.8,93,0.0,1.58,0.0,63
2023-10-09 21:00:00,25.9,89,0.0,0.22,0.0,81
2023-10-09 22:00:00,25.0,96,0.0,1.1,0.0,16
2023-10-09 23:00:00,24.4,100,0.0,1.41,0.0,100
2023-10-10 00:00:00,24.5,95,0.0,2.06,0.0,89
2023-10-10 01:00:00,24.2,97,0.0,1.62,0.0,49
2023-10-10 02:00:00,23.9,98,0.0,1.28,0.0,52
2023-10-10 03:00:00,24.3,96,0.0,1.63,0.1,97
2023-10-10 04:00:00,24.3,96,0.0,2.1,0.1,98
2023-10-10 05:00:00,25.1,96,0.0,2.04,0.0,100
2023-10-10 06:00:00,25.4,92,54.0,2.7,0.2,98
2023-10-10 07:00:00,26.0,92,179.0,2.11,0.0,67
2023-10-10 08:00:00,26.9,89,330.0,1.24,0.0,71
2023-10-10 09:00:00,28.1,84,556.0,1.46,0.0,56
2023-10-10 10:00:00,29.0,80,641.0,1.03,0.1,84
2023-10-10 11:00:00,29.5,78,661.0,1.14,0.0,47
2023-10-10 12:00:00,29.7,78,647.0,1.2,0.0,50
2023-10-10 13:00:00,30.1,74,620.0,1.28,0.1,42
2023-10-10 14:00:00,29.9,73,482.0,1.22,0.1,44
2023-10-10 15:00:00,29.1,74,284.0,1.77,0.4,59
2023-10-10 16:00:00,27.9,81,105.0,1.25,0.1,53
2023-10-10 17:00:00,25.8,90,9.0,1.28,0.0,47
2023-10-10 18:00:00,25.4,95,0.0,1.21,0.0,49
2023-10-10 19:00:00,24.7,96,0.0,1.9,0.7,83
2023-10-10 20:00:00,24.5,97,0.0,1.0,0.6,16
2023-10-10 21:00:00,24.3,98,0.0,0.71,0.6,78
2023-10-10 22:00:00,24.7,98,0.0,0.8,0.1,44
2023-10-10 23:00:00,24.1,99,0.0,1.14,0.4,71
2023-10-11 00:00:00,24.3,98,0.0,0.61,0.0,35
2023-10-11 01:00:00,23.9,97,0.0,1.3,0.0,10
2023-10-11 02:00:00,23.7,97,0.0,1.48,0.0,45
2023-10-11 03:00:00,23.4,99,0.0,1.1,0.0,65
2023-10-11 04:00:00,23.3,99,0.0,0.91,0.0,21
2023-10-11 05:00:00,24.3,94,0.0,1.91,0.0,26
2023-10-11 06:00:00,25.5,90,70.0,1.25,0.0,100
2023-10-11 07:00:00,26.4,87,174.0,1.9,0.0,100
2023-10-11 08:00:00,27.5,83,363.0,1.66,0.0,99
2023-10-11 09:00:00,28.2,80,405.0,1.7,0.0,30
2023-10-11 10:00:00,29.3,76,638.0,1.24,0.0,9
2023-10-11 11:00:00,30.3,72,755.0,0.51,0.0,12
2023-10-11 12:00:00,30.7,70,744.0,0.76,0.0,19
2023-10-11 13:00:00,30.7,69,647.0,0.64,0.1,28
2023-10-11 14:00:00,30.8,66,473.0,0.45,0.0,30
2023-10-11 15:00:00,30.1,70,261.0,1.64,0.0,57
2023-10-11 16:00:00,29.0,80,111.0,1.49,0.0,38
2023-10-11 17:00:00,27.3,84,8.0,1.5,0.1,39
2023-10-11 18:00:00,26.3,90,0.0,0.92,0.0,15
2023-10-11 19:00:00,25.9,93,0.0,1.5,0.0,15
2023-10-11 20:00:00,25.6,91,0.0,0.91,0.0,14
2023-10-11 21:00:00,25.1,96,0.0,0.94,0.0,35
2023-10-11 22:00:00,24.8,96,0.0,1.91,0.0,100
2023-10-11 23:00:00,24.6,91,0.0,2.32,0.1,38
2023-10-12 00:00:00,23.8,94,0.0,1.28,0.0,13
2023-10-12 01:00:00,23.4,96,0.0,1.04,0.0,21
2023-10-12 02:00:00,22.9,97,0.0,0.8,0.0,43
2023-10-12 03:00:00,23.2,96,0.0,1.92,0.0,16
2023-10-12 04:00:00,22.9,98,0.0,0.51,0.0,40
2023-10-12 05:00:00,25.0,98,0.0,0.71,2.0,61
2023-10-12 06:00:00,25.5,93,47.0,0.22,0.3,99
2023-10-12 07:00:00,25.6,90,87.0,0.81,0.4,57
2023-10-12 08:00:00,26.9,85,305.0,1.8,0.0,69
2023-10-12 09:00:00,28.3,83,558.0,1.84,0.1,10
2023-10-12 10:00:00,29.2,81,683.0,2.08,0.0,17
2023-10-12 11:00:00,29.7,77,656.0,2.44,0.1,31
2023-10-12 12:00:00,29.4,77,641.0,2.69,0.2,43
2023-10-12 13:00:00,29.1,78,563.0,2.34,0.0,65
2023-10-12 14:00:00,29.7,73,384.0,1.55,0.0,36
2023-10-12 15:00:00,29.9,71,263.0,0.92,0.0,38
2023-10-12 16:00:00,27.9,78,101.0,0.76,0.5,64
2023-10-12 17:00:00,24.9,94,7.0,2.33,0.1,30
2023-10-12 18:00:00,25.4,88,0.0,0.54,0.0,34
2023-10-12 19:00:00,24.5,94,0.0,0.67,0.1,63
2023-10-12 20:00:00,24.2,92,0.0,2.06,0.2,42
2023-10-12 21:00:00,23.7,93,0.0,1.08,0.2,39
2023-10-12 22:00:00,23.7,94,0.0,1.5,0.0,53
2023-10-12 23:00:00,23.1,97,0.0,1.58,0.0,13
2023-10-13 00:00:00,23.1,98,0.0,1.46,0.0,5
2023-10-13 01:00:00,23.2,97,0.0,1.87,0.0,50
2023-10-13 02:00:00,23.4,96,0.0,2.56,0.0,97
2023-10-13 03:00:00,23.6,94,0.0,2.14,0.0,100
2023-10-13 04:00:00,23.5,94,0.0,2.1,0.0,14
2023-10-13 05:00:00,23.3,93,0.0,2.33,0.0,34
2023-10-13 06:00:00,23.8,93,67.0,2.64,0.2,59
2023-10-13 07:00:00,24.2,91,179.0,2.91,0.3,84
2023-10-13 08:00:00,25.6,84,376.0,3.26,0.3,89
2023-10-13 09:00:00,26.4,79,362.0,2.06,0.0,84
2023-10-13 10:00:00,27.6,75,579.0,1.61,0.0,68
2023-10-13 11:00:00,28.6,72,634.0,1.84,0.0,48
2023-10-13 12:00:00,29.4,69,671.0,1.97,0.0,26
2023-10-13 13:00:00,29.5,67,615.0,1.7,0.0,17
2023-10-13 14:00:00,29.3,67,480.0,2.11,0.0,18
2023-10-13 15:00:00,28.8,70,313.0,1.36,0.0,19
2023-10-13 16:00:00,27.8,82,117.0,0.81,0.1,34
2023-10-13 17:00:00,27.0,82,7.0,2.19,0.0,54
2023-10-13 18:00:00,26.3,84,0.0,1.46,0.1,37
2023-10-13 19:00:00,25.7,88,0.0,1.77,0.0,14
2023-10-13 20:00:00,25.0,92,0.0,1.5,0.0,11
2023-10-13 21:00:00,24.5,93,0.0,1.5,0.0,11
2023-10-13 22:00:00,26.0,86,0.0,0.81,0.0,10
2023-10-13 23:00:00,25.9,85,0.0,1.17,0.0,24
2023-10-14 00:00:00,25.4,88,0.0,0.92,0.0,7
2023-10-14 01:00:00,25.1,90,0.0,0.4,0.0,5
2023-10-14 02:00:00,24.7,92,0.0,0.51,0.0,2
2023-10-14 03:00:00,23.9,97,0.0,0.32,0.0,24
2023-10-14 04:00:00,23.6,100,0.0,0.41,0.0,100
2023-10-14 05:00:00,23.3,98,0.0,0.6,0.0,100
2023-10-14 06:00:00,24.1,95,63.0,1.0,0.0,20
2023-10-14 07:00:00,25.0,88,221.0,0.7,0.0,32
2023-10-14 08:00:00,26.0,84,385.0,1.21,0.0,53
2023-10-14 09:00:00,27.2,81,588.0,1.24,0.0,37
2023-10-14 10:00:00,28.1,79,697.0,1.36,0.0,6
2023-10-14 11:00:00,28.8,74,757.0,1.42,0.0,9
2023-10-14 12:00:00,28.7,71,710.0,1.94,0.0,10
2023-10-14 13:00:00,28.7,72,575.0,2.8,0.2,43
2023-10-14 14:00:00,28.0,72,384.0,2.16,0.3,34
2023-10-14 15:00:00,26.2,81,270.0,3.76,0.5,83
2023-10-14 16:00:00,25.6,83,73.0,0.67,0.2,8
2023-10-14 17:00:00,25.4,86,7.0,1.27,0.0,17
2023-10-14 18:00:00,24.5,91,0.0,1.22,0.0,6
2023-10-14 19:00:00,24.9,87,0.0,1.08,0.0,1
2023-10-14 20:00:00,25.4,85,0.0,0.73,0.0,0
2023-10-14 21:00:00,25.2,86,0.0,0.41,0.0,3
2023-10-14 22:00:00,23.9,92,0.0,0.81,0.0,8
2023-10-14 23:00:00,23.0,96,0.0,1.06,0.0,4
2023-10-15 00:00:00,22.8,98,0.0,1.08,0.0,5
2023-10-15 01:00:00,23.3,100,0.0,0.67,0.0,97
2023-10-15 02:00:00,23.1,100,0.0,0.85,0.0,97
2023-10-15 03:00:00,22.4,100,0.0,1.04,0.0,100
2023-10-15 04:00:00,22.0,100,0.0,1.2,0.0,100
2023-10-15 05:00:00,22.4,96,0.0,2.64,0.0,100
2023-10-15 06:00:00,23.3,94,63.0,0.22,0.0,36
2023-10-15 07:00:00,24.2,88,216.0,2.2,0.0,33
2023-10-15 08:00:00,25.9,81,411.0,0.54,0.0,18
2023-10-15 09:00:00,27.1,78,569.0,0.63,0.0,19
2023-10-15 10:00:00,27.8,76,665.0,0.63,0.0,11
2023-10-15 11:00:00,28.6,72,723.0,0.71,0.0,7
2023-10-15 12:00:00,29.4,67,723.0,1.21,0.0,5
2023-10-15 13:00:00,29.6,65,658.0,1.43,0.0,3
2023-10-15 14:00:00,29.4,65,492.0,1.93,0.0,9
2023-10-15 15:00:00,29.0,67,305.0,1.8,0.0,21
2023-10-15 16:00:00,27.7,81,101.0,0.92,0.0,21
2023-10-15 17:00:00,27.0,82,6.0,1.48,0.0,12
2023-10-15 18:00:00,25.8,90,0.0,1.66,0.0,3
2023-10-15 19:00:00,25.9,89,0.0,1.2,0.0,0
2023-10-15 20:00:00,24.5,96,0.0,1.36,0.0,0
2023-10-15 21:00:00,24.3,96,0.0,1.46,0.0,0
2023-10-15 22:00:00,24.6,93,0.0,1.39,0.0,1
2023-10-15 23:00:00,23.8,97,0.0,0.85,0.0,9
2023-10-16 00:00:00,23.7,99,0.0,1.32,0.0,25
2023-10-16 01:00:00,23.3,98,0.0,1.02,0.0,6
2023-10-16 02:00:00,23.1,98,0.0,2.0,0.0,9
2023-10-16 03:00:00,22.9,97,0.0,1.22,0.0,4
2023-10-16 04:00:00,22.7,99,0.0,1.68,0.0,28
2023-10-16 05:00:00,23.2,98,0.0,1.2,0.0,40
2023-10-16 06:00:00,24.1,94,67.0,1.1,0.0,10
2023-10-16 07:00:00,25.4,88,245.0,0.98,0.0,2
2023-10-16 08:00:00,26.8,83,433.0,1.44,0.0,10
2023-10-16 09:00:00,28.1,78,598.0,1.7,0.0,8
2023-10-16 10:00:00,29.0,74,704.0,1.92,0.0,9
2023-10-16 11:00:00,29.7,70,734.0,2.2,0.0,10
2023-10-16 12:00:00,30.3,64,724.0,2.01,0.0,12
2023-10-16 13:00:00,30.3,63,623.0,1.48,0.0,41
2023-10-16 14:00:00,30.3,62,482.0,1.5,0.0,21
2023-10-16 15:00:00,29.6,66,293.0,1.56,0.0,9
2023-10-16 16:00:00,28.1,78,112.0,1.14,0.0,19
2023-10-16 17:00:00,26.8,85,5.0,2.39,0.0,10
2023-10-16 18:00:00,27.9,73,0.0,0.5,0.5,65
2023-10-16 19:00:00,25.9,86,0.0,1.55,0.0,16
2023-10-16 20:00:00,25.7,81,0.0,2.38,0.0,16
2023-10-16 21:00:00,25.6,83,0.0,1.08,0.0,6
2023-10-16 22:00:00,24.2,94,0.0,1.35,0.0,1
2023-10-16 23:00:00,24.2,96,0.0,0.81,0.0,4
2023-10-17 00:00:00,23.5,99,0.0,1.04,0.0,3
2023-10-17 01:00:00,23.3,98,0.0,1.0,0.0,2
2023-10-17 02:00:00,23.1,100,0.0,1.02,0.0,2
2023-10-17 03:00:00,23.2,100,0.0,1.43,0.0,95
2023-10-17 04:00:00,22.9,100,0.0,1.53,0.0,0
2023-10-17 05:00:00,23.1,100,0.0,0.94,0.0,0
2023-10-17 06:00:00,24.3,96,58.0,1.5,0.0,34
2023-10-17 07:00:00,25.8,89,225.0,1.03,1.6,39
2023-10-17 08:00:00,27.0,85,350.0,0.28,0.0,8
2023-10-17 09:00:00,28.2,81,576.0,0.42,0.2,17
2023-10-17 10:00:00,29.1,78,693.0,0.78,0.2,9
2023-10-17 11:00:00,29.7,76,736.0,0.5,0.1,15
2023-10-17 12:00:00,30.2,73,699.0,0.81,0.0,12
2023-10-17 13:00:00,30.4,71,627.0,1.1,0.1,14
2023-10-17 14:00:00,29.0,72,446.0,1.84,1.7,100
2023-10-17 15:00:00,27.5,75,218.0,1.8,1.1,49
2023-10-17 16:00:00,27.2,88,93.0,0.71,0.0,43
2023-10-17 17:00:00,24.2,91,4.0,3.01,0.0,27
2023-10-17 18:00:00,24.3,93,0.0,1.49,0.0,17
2023-10-17 19:00:00,24.9,89,0.0,1.75,0.0,9
2023-10-17 20:00:00,24.6,91,0.0,1.5,0.0,4
2023-10-17 21:00:00,23.7,94,0.0,1.79,0.0,3
2023-10-17 22:00:00,23.9,92,0.0,1.7,0.0,10
2023-10-17 23:00:00,23.8,96,0.0,1.1,0.0,6
2023-10-18 00:00:00,23.6,99,0.0,1.14,0.0,4
2023-10-18 01:00:00,23.3,100,0.0,1.5,0.0,95
2023-10-18 02:00:00,22.9,100,0.0,2.21,0.0,94
2023-10-18 03:00:00,22.6,99,0.0,1.8,0.0,1
2023-10-18 04:00:00,22.5,98,0.0,1.73,0.0,5
2023-10-18 05:00:00,22.6,100,0.0,1.8,0.0,3
2023-10-18 06:00:00,24.1,92,64.0,1.24,0.0,45
2023-10-18 07:00:00,25.7,83,237.0,0.72,0.0,12
2023-10-18 08:00:00,27.1,79,427.0,0.61,0.0,8
2023-10-18 09:00:00,28.2,75,600.0,0.81,0.0,7
2023-10-18 10:00:00,28.9,72,700.0,1.0,0.1,13
2023-10-18 11:00:00,29.3,70,708.0,1.33,0.1,17
2023-10-18 12:00:00,29.5,68,679.0,1.55,0.0,10
2023-10-18 13:00:00,29.6,66,636.0,1.84,0.2,15
2023-10-18 14:00:00,29.4,64,475.0,1.12,0.0,7
2023-10-18 15:00:00,27.9,72,279.0,2.82,0.0,20
2023-10-18 16:00:00,26.6,81,100.0,0.92,0.0,22
2023-10-18 17:00:00,26.8,84,4.0,0.8,0.0,8
2023-10-18 18:00:00,25.6,92,0.0,1.21,0.0,4
2023-10-18 19:00:00,25.1,94,0.0,1.39,0.0,5
2023-10-18 20:00:00,24.7,93,0.0,1.49,0.0,0
2023-10-18 21:00:00,24.6,89,0.0,1.84,0.0,4
2023-10-18 22:00:00,23.8,91,0.0,1.75,0.0,2
2023-10-18 23:00:00,23.3,92,0.0,1.9,0.0,0
2023-10-19 00:00:00,23.9,90,0.0,1.46,0.0,0
2023-10-19 01:00:00,24.4,91,0.0,0.4,0.0,0
2023-10-19 02:00:00,22.8,100,0.0,1.12,0.0,94
2023-10-19 03:00:00,22.7,98,0.0,1.63,0.0,14
2023-10-19 04:00:00,22.2,98,0.0,1.91,0.0,2
2023-10-19 05:00:00,22.5,91,0.0,3.35,0.0,0
2023-10-19 06:00:00,23.3,87,64.0,2.19,0.0,3
2023-10-19 07:00:00,24.9,85,244.0,1.36,0.0,15
2023-10-19 08:00:00,25.6,84,383.0,2.38,0.0,20
2023-10-19 09:00:00,26.9,78,536.0,1.8,0.0,13
2023-10-19 10:00:00,27.8,74,656.0,1.36,0.0,18
2023-10-19 11:00:00,28.4,69,715.0,0.91,0.1,21
2023-10-19 12:00:00,28.9,65,677.0,0.58,0.0,10
2023-10-19 13:00:00,29.3,62,607.0,0.81,0.0,11
2023-10-19 14:00:00,29.1,62,467.0,1.0,0.0,12
2023-10-19 15:00:00,28.8,64,291.0,1.0,0.0,7
2023-10-19 16:00:00,27.2,80,108.0,1.17,0.0,3
2023-10-19 17:00:00,26.3,85,4.0,1.8,0.0,3
2023-10-19 18:00:00,26.7,81,0.0,1.12,0.0,7
2023-10-19 19:00:00,25.5,88,0.0,1.08,0.0,3
2023-10-19 20:00:00,25.0,89,0.0,1.63,0.0,22
2023-10-19 21:00:00,24.2,95,0.0,1.3,0.0,55
2023-10-19 22:00:00,23.7,97,0.0,1.49,0.0,35
2023-10-19 23:00:00,23.6,96,0.0,1.02,0.0,15
2023-10-20 00:00:00,22.6,99,0.0,0.81,0.0,6
2023-10-20 01:00:00,22.7,100,0.0,0.73,0.0,96
2023-10-20 02:00:00,22.6,100,0.0,1.14,0.0,93
2023-10-20 03:00:00,22.2,100,0.0,0.98,0.0,94
2023-10-20 04:00:00,21.8,99,0.0,1.61,0.0,88
2023-10-20 05:00:00,22.2,93,0.0,1.35,0.0,30
2023-10-20 06:00:00,22.8,90,61.0,2.06,0.0,7
2023-10-20 07:00:00,24.1,85,242.0,2.31,0.0,5
2023-10-20 08:00:00,25.5,82,435.0,2.56,0.0,10
2023-10-20 09:00:00,27.0,78,588.0,2.47,0.0,5
2023-10-20 10:00:00,28.5,69,714.0,2.55,0.0,4
2023-10-20 11:00:00,29.3,64,750.0,2.68,0.0,6
2023-10-20 12:00:00,29.6,63,716.0,2.78,0.0,7
2023-10-20 13:00:00,29.7,61,613.0,2.44,0.0,13
2023-10-20 14:00:00,29.4,61,474.0,2.3,0.0,11
2023-10-20 15:00:00,28.8,65,292.0,2.06,0.0,11
2023-10-20 16:00:00,27.1,79,102.0,1.26,0.0,11
2023-10-20 17:00:00,26.1,86,4.0,1.94,0.0,2
2023-10-20 18:00:00,25.1,91,0.0,1.5,0.0,1
2023-10-20 19:00:00,24.2,95,0.0,1.5,0.0,0
2023-10-20 20:00:00,23.6,96,0.0,1.46,0.0,3
2023-10-20 21:00:00,23.3,96,0.0,1.48,0.0,6
2023-10-20 22:00:00,23.1,96,0.0,1.75,0.0,5
2023-10-20 23:00:00,23.3,96,0.0,1.3,0.0,12
2023-10-21 00:00:00,22.9,98,0.0,1.14,0.0,8
2023-10-21 01:00:00,22.7,100,0.0,1.02,0.0,6
2023-10-21 02:00:00,22.4,100,0.0,1.5,0.0,95
2023-10-21 03:00:00,22.1,100,0.0,1.55,0.0,94
2023-10-21 04:00:00,22.0,100,0.0,1.4,0.0,95
2023-10-21 05:00:00,22.2,100,0.0,2.33,0.0,93
2023-10-21 06:00:00,23.4,95,56.0,2.41,0.0,11
2023-10-21 07:00:00,25.1,88,237.0,2.11,0.0,1
2023-10-21 08:00:00,26.7,82,441.0,2.16,0.0,0
2023-10-21 09:00:00,28.3,75,607.0,2.56,0.0,0
2023-10-21 10:00:00,29.6,65,720.0,3.42,0.0,0
2023-10-21 11:00:00,30.3,58,763.0,3.79,0.0,3
2023-10-21 12:00:00,30.7,55,737.0,3.75,0.0,3
2023-10-21 13:00:00,30.8,55,648.0,3.47,0.0,2
2023-10-21 14:00:00,30.4,57,498.0,3.49,0.0,1
2023-10-21 15:00:00,29.4,63,306.0,3.06,0.0,1
2023-10-21 16:00:00,27.4,72,108.0,2.05,0.0,1
2023-10-21 17:00:00,27.3,78,3.0,1.91,0.0,0
2023-10-21 18:00:00,26.1,83,0.0,1.25,0.1,84
2023-10-21 19:00:00,26.0,83,0.0,0.5,0.0,12
2023-10-21 20:00:00,24.4,94,0.0,1.53,0.0,32
2023-10-21 21:00:00,24.5,94,0.0,1.0,0.0,30
2023-10-21 22:00:00,24.1,96,0.0,1.12,0.0,23
2023-10-21 23:00:00,24.5,98,0.0,0.86,0.0,3
2023-10-22 00:00:00,22.8,100,0.0,1.26,0.0,96
2023-10-22 01:00:00,22.9,100,0.0,1.1,0.0,95
2023-10-22 02:00:00,22.8,100,0.0,1.7,0.0,93
2023-10-22 03:00:00,22.3,100,0.0,2.14,0.0,92
2023-10-22 04:00:00,21.7,100,0.0,2.02,0.0,99
2023-10-22 05:00:00,21.9,98,0.0,2.04,0.0,99
2023-10-22 06:00:00,23.1,93,63.0,2.38,0.0,3
2023-10-22 07:00:00,24.9,88,241.0,2.0,0.0,17
2023-10-22 08:00:00,26.8,81,440.0,2.02,0.0,0
2023-10-22 09:00:00,28.4,75,606.0,2.31,0.0,0
2023-10-22 10:00:00,29.8,68,718.0,2.95,0.0,0
2023-10-22 11:00:00,30.6,61,763.0,3.35,0.0,0
2023-10-22 12:00:00,31.0,57,736.0,3.62,0.0,0
2023-10-22 13:00:00,31.0,54,646.0,3.68,0.0,2
2023-10-22 14:00:00,30.7,55,490.0,2.94,0.0,4
2023-10-22 15:00:00,29.7,64,296.0,2.14,0.0,8
2023-10-22 16:00:00,27.4,74,102.0,1.7,0.0,6
2023-10-22 17:00:00,26.9,80,3.0,1.68,0.0,4
2023-10-22 18:00:00,26.0,84,0.0,1.49,0.0,8
2023-10-22 19:00:00,25.8,85,0.0,1.52,0.0,1
2023-10-22 20:00:00,24.8,92,0.0,1.66,0.0,0
2023-10-22 21:00:00,24.4,95,0.0,1.22,0.0,3
2023-10-22 22:00:00,24.0,96,0.0,1.25,0.0,91
2023-10-22 23:00:00,24.2,96,0.0,1.21,0.0,70
2023-10-23 00:00:00,24.0,98,0.0,1.17,0.0,79
2023-10-23 01:00:00,23.2,100,0.0,1.1,0.0,97
2023-10-23 02:00:00,23.1,100,0.0,1.12,0.0,99
2023-10-23 03:00:00,23.1,100,0.0,1.5,0.0,100
2023-10-23 04:00:00,23.1,100,0.0,2.26,0.0,100
2023-10-23 05:00:00,23.2,100,0.0,2.52,0.0,28
2023-10-23 06:00:00,23.8,92,23.0,2.28,0.0,87
2023-10-23 07:00:00,25.3,85,169.0,2.2,0.0,100
2023-10-23 08:00:00,26.4,80,297.0,2.18,0.0,99
2023-10-23 09:00:00,28.0,76,509.0,2.37,0.0,88
2023-10-23 10:00:00,29.4,71,674.0,2.86,0.0,89
2023-10-23 11:00:00,30.0,64,697.0,3.22,0.0,99
2023-10-23 12:00:00,30.4,58,594.0,2.66,0.0,79
2023-10-23 13:00:00,30.8,55,603.0,2.67,0.0,100
2023-10-23 14:00:00,30.5,56,425.0,2.75,0.0,100
2023-10-23 15:00:00,29.3,66,201.0,1.89,0.0,100
2023-10-23 16:00:00,27.6,73,88.0,2.05,0.0,100
2023-10-23 17:00:00,26.6,74,3.0,1.92,0.0,100
2023-10-23 18:00:00,26.9,71,0.0,1.0,0.0,100
2023-10-23 19:00:00,25.4,83,0.0,2.31,0.0,100
2023-10-23 20:00:00,24.5,90,0.0,1.5,0.0,100
2023-10-23 21:00:00,24.3,91,0.0,1.6,0.0,100
2023-10-23 22:00:00,23.8,94,0.0,1.6,0.0,100
2023-10-23 23:00:00,23.9,93,0.0,1.5,0.0,100
2023-10-24 00:00:00,24.4,90,0.0,0.71,0.0,100
2023-10-24 01:00:00,23.1,97,0.0,0.78,0.0,100
2023-10-24 02:00:00,23.3,98,0.0,0.86,0.0,100
2023-10-24 03:00:00,23.2,99,0.0,1.2,0.0,100
2023-10-24 04:00:00,23.0,100,0.0,1.2,0.0,100
2023-10-24 05:00:00,23.6,97,0.0,1.8,0.0,100
2023-10-24 06:00:00,24.3,94,37.0,2.0,0.0,100
2023-10-24 07:00:00,25.5,85,141.0,1.1,0.0,100
2023-10-24 08:00:00,26.9,79,352.0,1.46,0.0,100
2023-10-24 09:00:00,28.2,75,511.0,1.93,0.0,100
2023-10-24 10:00:00,29.0,71,543.0,1.84,0.0,100
2023-10-24 11:00:00,29.3,68,454.0,1.58,0.0,100
2023-10-24 12:00:00,29.7,64,432.0,1.84,0.0,100
2023-10-24 13:00:00,29.5,62,317.0,2.24,0.0,100
2023-10-24 14:00:00,29.2,64,275.0,2.44,0.0,100
2023-10-24 15:00:00,28.5,71,175.0,2.09,0.0,100
2023-10-24 16:00:00,27.2,78,71.0,1.84,0.0,100
2023-10-24 17:00:00,25.7,84,2.0,1.8,0.0,100
2023-10-24 18:00:00,26.2,83,0.0,2.36,0.0,100
2023-10-24 19:00:00,25.9,84,0.0,1.81,0.0,100
2023-10-24 20:00:00,25.3,88,0.0,1.63,0.0,100
2023-10-24 21:00:00,25.7,86,0.0,0.51,0.0,100
2023-10-24 22:00:00,24.1,95,0.0,0.81,0.0,96
2023-10-24 23:00:00,23.2,97,0.0,1.0,0.0,97
2023-10-25 00:00:00,23.4,98,0.0,0.92,0.0,99
2023-10-25 01:00:00,23.0,98,0.0,1.0,0.0,88
2023-10-25 02:00:00,22.9,98,0.0,1.43,0.0,50
2023-10-25 03:00:00,22.6,98,0.0,2.16,0.0,14
2023-10-25 04:00:00,22.3,99,0.0,2.3,0.0,19
2023-10-25 05:00:00,22.0,100,0.0,2.38,0.0,41
2023-10-25 06:00:00,23.3,97,48.0,2.69,0.0,100
2023-10-25 07:00:00,24.7,92,157.0,2.52,0.0,48
2023-10-25 08:00:00,26.2,86,331.0,2.56,0.0,51
2023-10-25 09:00:00,27.7,79,466.0,2.58,0.0,21
2023-10-25 10:00:00,28.9,73,636.0,2.62,0.0,4
2023-10-25 11:00:00,29.6,69,711.0,2.69,0.0,45
2023-10-25 12:00:00,29.5,67,600.0,2.0,0.0,19
2023-10-25 13:00:00,30.2,63,549.0,1.78,0.0,28
2023-10-25 14:00:00,30.1,63,422.0,1.93,0.0,33
2023-10-25 15:00:00,29.3,67,227.0,1.2,0.0,34
2023-10-25 16:00:00,27.1,74,78.0,2.56,0.1,90
2023-10-25 17:00:00,25.1,86,1.0,3.42,0.0,40
2023-10-25 18:00:00,24.3,86,0.0,2.52,0.0,49
2023-10-25 19:00:00,23.6,88,0.0,3.37,0.0,69
2023-10-25 20:00:00,22.6,94,0.0,2.8,0.1,64
2023-10-25 21:00:00,22.3,92,0.0,3.01,0.1,59
2023-10-25 22:00:00,22.0,97,0.0,2.02,0.0,58
2023-10-25 23:00:00,22.0,97,0.0,1.0,0.0,39
2023-10-26 00:00:00,21.9,97,0.0,0.82,0.0,37
2023-10-26 01:00:00,21.6,98,0.0,0.81,0.0,20
2023-10-26 02:00:00,21.4,98,0.0,0.94,0.0,38
2023-10-26 03:00:00,21.8,97,0.0,0.72,0.0,10
2023-10-26 04:00:00,22.3,95,0.0,0.22,0.0,23
2023-10-26 05:00:00,22.4,96,0.0,0.72,0.0,20
2023-10-26 06:00:00,23.4,94,48.0,1.12,0.0,20
2023-10-26 07:00:00,24.9,83,207.0,2.02,0.0,32
2023-10-26 08:00:00,26.0,78,364.0,1.39,0.0,14
2023-10-26 09:00:00,27.1,74,570.0,1.7,0.0,6
2023-10-26 10:00:00,28.0,73,671.0,1.58,0.1,9
2023-10-26 11:00:00,28.6,71,713.0,1.41,0.1,3
2023-10-26 12:00:00,29.2,68,688.0,1.3,0.1,15
2023-10-26 13:00:00,29.3,65,583.0,1.6,0.0,15
2023-10-26 14:00:00,29.3,64,436.0,1.41,0.0,8
2023-10-26 15:00:00,28.7,66,259.0,1.94,0.0,21
2023-10-26 16:00:00,26.9,83,84.0,1.4,0.0,13
2023-10-26 17:00:00,26.6,82,2.0,1.39,0.0,17
2023-10-26 18:00:00,26.7,80,0.0,0.36,0.0,12
2023-10-26 19:00:00,25.0,90,0.0,1.3,0.0,7
2023-10-26 20:00:00,24.5,87,0.0,1.4,0.0,14
2023-10-26 21:00:00,23.7,92,0.0,1.26,0.0,25
2023-10-26 22:00:00,23.4,95,0.0,0.71,0.0,29
2023-10-26 23:00:00,23.3,94,0.0,1.42,0.0,22
2023-10-27 00:00:00,22.8,94,0.0,1.62,0.0,9
2023-10-27 01:00:00,22.5,96,0.0,2.33,0.1,42
2023-10-27 02:00:00,21.5,97,0.0,2.75,0.5,40
2023-10-27 03:00:00,21.4,96,0.0,2.82,0.0,32
2023-10-27 04:00:00,21.2,97,0.0,2.41,0.0,14
2023-10-27 05:00:00,21.2,97,0.0,2.42,0.0,5
2023-10-27 06:00:00,23.1,93,52.0,2.44,0.0,12
2023-10-27 07:00:00,24.3,89,207.0,2.01,0.0,10
2023-10-27 08:00:00,25.7,82,386.0,2.56,0.0,2
2023-10-27 09:00:00,26.9,75,548.0,2.34,0.0,2
2023-10-27 10:00:00,28.1,68,665.0,1.66,0.0,14
2023-10-27 11:00:00,28.9,64,689.0,1.42,0.0,10
2023-10-27 12:00:00,29.2,61,659.0,1.3,0.0,14
2023-10-27 13:00:00,29.3,60,562.0,1.1,0.0,10
2023-10-27 14:00:00,29.3,58,435.0,1.0,0.0,11
2023-10-27 15:00:00,28.6,63,256.0,1.04,0.0,11
2023-10-27 16:00:00,26.8,79,85.0,1.3,0.0,9
2023-10-27 17:00:00,25.0,84,1.0,1.82,0.0,8
2023-10-27 18:00:00,24.8,87,0.0,1.49,0.0,18
2023-10-27 19:00:00,25.1,78,0.0,3.0,0.0,29
2023-10-27 20:00:00,25.3,72,0.0,1.5,0.0,28
2023-10-27 21:00:00,23.4,85,0.0,1.61,0.0,13
2023-10-27 22:00:00,22.8,90,0.0,1.96,0.0,24
2023-10-27 23:00:00,22.6,92,0.0,1.58,0.0,22
2023-10-28 00:00:00,22.2,94,0.0,1.35,0.0,7
2023-10-28 01:00:00,22.5,96,0.0,0.61,0.0,30
2023-10-28 02:00:00,22.6,98,0.0,0.81,0.0,14
2023-10-28 03:00:00,22.0,99,0.0,0.95,0.0,20
2023-10-28 04:00:00,21.4,99,0.0,0.94,0.0,25
2023-10-28 05:00:00,21.2,100,0.0,0.89,0.0,26
2023-10-28 06:00:00,23.0,92,51.0,1.84,0.0,2
2023-10-28 07:00:00,24.8,78,216.0,0.22,0.0,14
2023-10-28 08:00:00,26.3,71,395.0,0.89,0.0,14
2023-10-28 09:00:00,27.5,66,564.0,1.0,0.0,5
2023-10-28 10:00:00,28.5,63,675.0,0.99,0.0,2
2023-10-28 11:00:00,29.2,60,722.0,1.08,0.0,6
2023-10-28 12:00:00,29.4,59,686.0,1.25,0.0,11
2023-10-28 13:00:00,29.4,58,493.0,0.9,0.0,18
2023-10-28 14:00:00,29.4,57,412.0,1.2,0.1,34
2023-10-28 15:00:00,28.8,60,259.0,1.2,0.1,42
2023-10-28 16:00:00,27.6,68,83.0,1.17,0.2,62
2023-10-28 17:00:00,27.4,69,1.0,0.89,0.0,46
2023-10-28 18:00:00,24.9,87,0.0,1.84,0.0,17
2023-10-28 19:00:00,24.7,88,0.0,1.22,0.0,17
2023-10-28 20:00:00,24.7,83,0.0,2.3,0.0,26
2023-10-28 21:00:00,23.4,89,0.0,1.92,0.0,6
2023-10-28 22:00:00,24.0,88,0.0,1.03,0.0,1
2023-10-28 23:00:00,23.8,92,0.0,0.1,0.0,0
2023-10-29 00:00:00,22.9,93,0.0,0.22,0.0,1
2023-10-29 01:00:00,21.5,96,0.0,0.92,0.0,0
2023-10-29 02:00:00,21.4,96,0.0,1.0,0.0,0
2023-10-29 03:00:00,20.9,98,0.0,1.0,0.0,0
2023-10-29 04:00:00,20.7,100,0.0,0.72,0.0,20
2023-10-29 05:00:00,20.6,100,0.0,0.89,0.0,93
2023-10-29 06:00:00,22.0,98,49.0,1.32,0.0,19
2023-10-29 07:00:00,24.6,81,213.0,1.4,0.0,0
2023-10-29 08:00:00,26.5,72,408.0,1.71,0.0,0
2023-10-29 09:00:00,27.9,66,572.0,2.02,0.0,0
2023-10-29 10:00:00,29.0,59,678.0,2.34,0.0,0
2023-10-29 11:00:00,29.8,54,722.0,2.47,0.0,0
2023-10-29 12:00:00,30.2,51,695.0,2.53,0.0,1
2023-10-29 13:00:00,30.3,51,604.0,2.82,0.0,1
2023-10-29 14:00:00,29.9,54,454.0,3.0,0.0,2
2023-10-29 15:00:00,28.9,60,268.0,2.77,0.0,1
2023-10-29 16:00:00,26.9,68,84.0,1.91,0.0,0
2023-10-29 17:00:00,24.9,81,1.0,2.33,0.0,0
2023-10-29 18:00:00,25.1,82,0.0,1.96,0.0,9
2023-10-29 19:00:00,25.5,81,0.0,1.44,0.0,21
2023-10-29 20:00:00,24.7,87,0.0,1.3,0.0,28
2023-10-29 21:00:00,23.9,93,0.0,1.04,0.0,39
2023-10-29 22:00:00,23.9,95,0.0,0.1,0.0,27
2023-10-29 23:00:00,23.4,97,0.0,0.82,0.0,54
2023-10-30 00:00:00,21.9,100,0.0,1.43,0.0,99
2023-10-30 01:00:00,21.3,100,0.0,1.55,0.0,97
2023-10-30 02:00:00,21.4,100,0.0,1.0,0.0,95
2023-10-30 03:00:00,21.4,100,0.0,1.0,0.0,95
2023-10-30 04:00:00,21.4,100,0.0,1.24,0.0,93
2023-10-30 05:00:00,21.0,100,0.0,1.33,0.0,94
2023-10-30 06:00:00,21.7,99,43.0,1.79,0.0,96
2023-10-30 07:00:00,23.5,89,187.0,1.8,0.0,18
2023-10-30 08:00:00,25.2,83,396.0,1.63,0.0,15
2023-10-30 09:00:00,26.9,77,562.0,1.75,0.0,2
2023-10-30 10:00:00,28.6,69,672.0,2.06,0.0,0
2023-10-30 11:00:00,29.8,62,715.0,2.12,0.0,0
2023-10-30 12:00:00,30.5,59,688.0,2.15,0.0,1
2023-10-30 13:00:00,30.8,56,595.0,2.59,0.0,3
2023-10-30 14:00:00,30.4,56,444.0,3.11,0.0,4
2023-10-30 15:00:00,29.2,60,263.0,3.06,0.0,2
2023-10-30 16:00:00,27.0,70,81.0,1.77,0.0,3
2023-10-30 17:00:00,24.8,83,1.0,2.44,0.0,2
2023-10-30 18:00:00,24.6,84,0.0,2.1,0.0,1
2023-10-30 19:00:00,25.8,79,0.0,1.17,0.0,4
2023-10-30 20:00:00,24.1,90,0.0,1.6,0.0,1
2023-10-30 21:00:00,23.5,93,0.0,1.6,0.0,71
2023-10-30 22:00:00,23.3,94,0.0,1.53,0.0,90
2023-10-30 23:00:00,22.5,96,0.0,1.33,0.0,49
2023-10-31 00:00:00,22.1,98,0.0,1.3,0.0,95
2023-10-31 01:00:00,22.0,99,0.0,1.5,0.0,80
2023-10-31 02:00:00,21.6,99,0.0,1.5,0.0,75
2023-10-31 03:00:00,21.4,100,0.0,1.71,0.0,82
2023-10-31 04:00:00,21.2,100,0.0,2.2,0.0,99
2023-10-31 05:00:00,21.2,100,0.0,2.11,0.0,100
2023-10-31 06:00:00,22.2,92,40.0,1.81,0.0,95
2023-10-31 07:00:00,23.8,86,182.0,1.9,0.0,86
2023-10-31 08:00:00,25.5,82,379.0,2.02,0.0,22
2023-10-31 09:00:00,27.7,76,559.0,2.21,0.0,4
2023-10-31 10:00:00,29.6,67,672.0,2.59,0.0,0
2023-10-31 11:00:00,30.8,59,717.0,2.95,0.0,0
2023-10-31 12:00:00,31.3,56,690.0,3.09,0.0,0
2023-10-31 13:00:00,31.2,55,599.0,3.13,0.0,0
2023-10-31 14:00:00,30.9,55,451.0,3.09,0.0,0
2023-10-31 15:00:00,29.8,61,263.0,2.42,0.0,3
2023-10-31 16:00:00,27.4,70,80.0,1.86,0.0,3
2023-10-31 17:00:00,25.4,81,1.0,2.15,0.0,1
2023-10-31 18:00:00,24.9,87,0.0,2.01,0.0,3
2023-10-31 19:00:00,24.4,90,0.0,1.87,0.0,1
2023-10-31 20:00:00,23.7,92,0.0,2.02,0.0,0
2023-10-31 21:00:00,23.3,94,0.0,1.71,0.0,0
2023-10-31 22:00:00,23.1,96,0.0,1.5,0.0,0
2023-10-31 23:00:00,23.2,96,0.0,1.61,0.0,0
2023-11-01 00:00:00,22.7,97,0.0,1.73,0.0,0
2023-11-01 01:00:00,22.2,97,0.0,1.51,0.0,0
2023-11-01 02:00:00,21.9,98,0.0,1.4,0.0,0
2023-11-01 03:00:00,21.6,98,0.0,1.22,0.0,0
2023-11-01 04:00:00,20.7,100,0.0,1.5,0.0,0
2023-11-01 05:00:00,20.6,100,0.0,1.4,0.0,96
2023-11-01 06:00:00,21.7,100,36.0,1.14,0.0,100
2023-11-01 07:00:00,23.5,93,170.0,0.86,0.0,67
2023-11-01 08:00:00,25.9,80,365.0,0.92,0.0,7
2023-11-01 09:00:00,28.0,71,563.0,1.2,0.0,0
2023-11-01 10:00:00,29.6,65,673.0,1.84,0.0,0
2023-11-01 11:00:00,30.8,58,717.0,2.13,0.0,0
2023-11-01 12:00:00,31.5,52,688.0,2.26,0.0,0
2023-11-01 13:00:00,31.7,49,597.0,2.05,0.0,0
2023-11-01 14:00:00,31.3,50,448.0,1.84,0.0,0
2023-11-01 15:00:00,30.0,61,262.0,1.52,0.0,0
2023-11-01 16:00:00,27.0,72,79.0,1.86,0.0,0
2023-11-01 17:00:00,25.2,81,1.0,2.14,0.0,0
2023-11-01 18:00:00,24.9,83,0.0,1.92,0.0,0
2023-11-01 19:00:00,24.4,86,0.0,2.2,0.0,0
2023-11-01 20:00:00,24.3,86,0.0,1.91,0.0,0
2023-11-01 21:00:00,24.6,85,0.0,0.72,0.0,0
2023-11-01 22:00:00,23.6,90,0.0,0.58,0.0,0
2023-11-01 23:00:00,22.5,94,0.0,0.57,0.0,0
2023-11-02 00:00:00,22.1,95,0.0,0.81,0.0,0
2023-11-02 01:00:00,22.8,95,0.0,0.76,0.0,0
2023-11-02 02:00:00,22.5,97,0.0,0.3,0.0,1
2023-11-02 03:00:00,21.6,97,0.0,0.91,0.0,6
2023-11-02 04:00:00,21.5,97,0.0,0.61,0.0,6
2023-11-02 05:00:00,21.8,97,0.0,0.36,0.0,3
2023-11-02 06:00:00,21.1,98,34.0,1.17,0.0,98
2023-11-02 07:00:00,22.8,91,166.0,0.99,0.0,36
2023-11-02 08:00:00,25.4,78,376.0,0.82,0.0,0
2023-11-02 09:00:00,27.6,70,558.0,1.03,0.0,0
2023-11-02 10:00:00,29.1,64,670.0,1.27,0.0,0
2023-11-02 11:00:00,30.0,58,714.0,1.17,0.0,0
2023-11-02 12:00:00,30.7,53,689.0,1.41,0.0,0
2023-11-02 13:00:00,30.9,49,592.0,1.6,0.0,1
2023-11-02 14:00:00,30.7,49,443.0,1.5,0.0,2
2023-11-02 15:00:00,29.7,60,255.0,1.1,0.0,5
2023-11-02 16:00:00,26.8,72,74.0,1.77,0.0,6
2023-11-02 17:00:00,25.8,77,0.0,1.56,0.0,2
2023-11-02 18:00:00,24.7,85,0.0,1.84,0.0,4
2023-11-02 19:00:00,25.0,84,0.0,1.58,0.0,13
2023-11-02 20:00:00,24.3,86,0.0,1.51,0.0,9
2023-11-02 21:00:00,23.5,89,0.0,1.73,0.0,2
2023-11-02 22:00:00,22.8,92,0.0,1.61,0.0,4
2023-11-02 23:00:00,24.0,87,0.0,0.67,0.0,5
2023-11-03 00:00:00,22.2,96,0.0,1.22,0.0,6
2023-11-03 01:00:00,22.3,97,0.0,1.1,0.0,15
2023-11-03 02:00:00,21.9,97,0.0,1.17,0.0,19
2023-11-03 03:00:00,21.6,98,0.0,0.94,0.0,34
2023-11-03 04:00:00,21.5,98,0.0,0.85,0.0,36
2023-11-03 05:00:00,21.1,99,0.0,0.71,0.0,40
2023-11-03 06:00:00,22.9,94,38.0,1.35,0.0,32
2023-11-03 07:00:00,24.4,86,170.0,0.71,0.1,35
2023-11-03 08:00:00,25.8,79,333.0,0.99,0.0,32
2023-11-03 09:00:00,27.0,72,470.0,1.2,0.0,6
2023-11-03 10:00:00,28.0,66,594.0,1.22,0.0,8
2023-11-03 11:00:00,29.0,59,658.0,1.0,0.0,12
2023-11-03 12:00:00,29.5,55,636.0,0.92,0.0,10
2023-11-03 13:00:00,29.9,54,549.0,1.41,0.0,10
2023-11-03 14:00:00,29.7,54,414.0,1.9,0.0,17
2023-11-03 15:00:00,28.9,59,238.0,1.43,0.0,18
2023-11-03 16:00:00,26.5,75,68.0,1.77,0.0,9
2023-11-03 17:00:00,27.5,66,0.0,1.04,0.0,14
2023-11-03 18:00:00,25.0,82,0.0,1.66,0.0,16
2023-11-03 19:00:00,24.4,85,0.0,1.61,0.0,8
2023-11-03 20:00:00,23.6,89,0.0,1.84,0.0,5
2023-11-03 21:00:00,23.7,88,0.0,1.77,0.0,0
2023-11-03 22:00:00,23.9,86,0.0,1.3,0.0,0
2023-11-03 23:00:00,22.9,91,0.0,1.0,0.0,0
2023-11-04 00:00:00,23.1,90,0.0,1.12,0.0,1
2023-11-04 01:00:00,22.3,93,0.0,1.36,0.0,4
2023-11-04 02:00:00,22.4,92,0.0,0.63,0.0,3
2023-11-04 03:00:00,21.4,97,0.0,0.94,0.0,13
2023-11-04 04:00:00,21.0,98,0.0,1.22,0.0,22
2023-11-04 05:00:00,21.2,99,0.0,2.32,0.4,95
2023-11-04 06:00:00,20.4,96,31.0,3.33,7.8,99
2023-11-04 07:00:00,21.3,88,118.0,1.81,0.2,35
2023-11-04 08:00:00,22.8,82,366.0,1.64,0.0,10
2023-11-04 09:00:00,24.6,76,521.0,2.34,0.0,2
2023-11-04 10:00:00,26.0,71,641.0,2.1,0.0,0
2023-11-04 11:00:00,27.0,67,689.0,1.96,0.0,0
2023-11-04 12:00:00,27.7,64,663.0,1.87,0.0,2
2023-11-04 13:00:00,28.1,62,567.0,1.71,0.0,5
2023-11-04 14:00:00,28.0,61,416.0,1.8,0.0,5
2023-11-04 15:00:00,27.4,65,243.0,1.32,0.0,6
2023-11-04 16:00:00,26.9,67,69.0,1.43,0.0,7
2023-11-04 17:00:00,26.4,68,0.0,1.36,0.0,21
2023-11-04 18:00:00,23.4,87,0.0,1.0,0.0,21
2023-11-04 19:00:00,23.2,87,0.0,2.82,0.1,5
2023-11-04 20:00:00,22.4,88,0.0,1.84,0.0,2
2023-11-04 21:00:00,22.0,92,0.0,1.84,0.0,4
2023-11-04 22:00:00,21.1,98,0.0,1.3,0.0,16
2023-11-04 23:00:00,21.5,98,0.0,2.37,0.0,50
2023-11-05 00:00:00,21.1,97,0.0,2.56,0.0,99
2023-11-05 01:00:00,21.0,95,0.0,2.98,0.0,99
2023-11-05 02:00:00,20.7,95,0.0,3.0,0.0,100
2023-11-05 03:00:00,20.6,94,0.0,2.75,0.0,100
2023-11-05 04:00:00,20.5,94,0.0,2.71,0.0,100
2023-11-05 05:00:00,20.8,92,0.0,3.8,0.0,100
2023-11-05 06:00:00,22.0,92,25.0,3.23,0.0,100
2023-11-05 07:00:00,22.1,91,83.0,3.77,0.0,100
2023-11-05 08:00:00,22.7,88,187.0,3.72,0.2,92
2023-11-05 09:00:00,23.7,83,353.0,3.62,0.0,85
2023-11-05 10:00:00,25.2,75,510.0,3.61,0.0,39
2023-11-05 11:00:00,26.9,67,620.0,2.88,0.0,26
2023-11-05 12:00:00,27.5,64,631.0,2.42,0.0,9
2023-11-05 13:00:00,27.9,62,566.0,2.39,0.0,5
2023-11-05 14:00:00,27.7,62,419.0,2.36,0.0,5
2023-11-05 15:00:00,27.0,65,241.0,1.97,0.0,3
2023-11-05 16:00:00,24.6,78,69.0,1.71,0.0,2
2023-11-05 17:00:00,23.2,86,0.0,2.1,0.0,2
2023-11-05 18:00:00,23.4,87,0.0,1.5,0.0,7
2023-11-05 19:00:00,22.7,92,0.0,1.9,0.0,4
2023-11-05 20:00:00,22.7,91,0.0,1.72,0.0,6
2023-11-05 21:00:00,23.4,91,0.0,1.0,0.0,12
2023-11-05 22:00:00,21.2,98,0.0,1.63,0.0,5
2023-11-05 23:00:00,20.8,99,0.0,1.68,0.0,1
2023-11-06 00:00:00,20.8,98,0.0,1.43,0.0,1
2023-11-06 01:00:00,20.8,98,0.0,1.33,0.0,0
2023-11-06 02:00:00,20.5,98,0.0,1.43,0.0,0
2023-11-06 03:00:00,20.2,99,0.0,1.51,0.0,0
2023-11-06 04:00:00,20.1,98,0.0,1.68,0.0,0
2023-11-06 05:00:00,19.9,96,0.0,1.71,0.0,0
2023-11-06 06:00:00,21.4,90,38.0,2.12,0.0,1
2023-11-06 07:00:00,23.0,85,193.0,1.68,0.0,0
2023-11-06 08:00:00,24.6,79,383.0,1.79,0.0,1
2023-11-06 09:00:00,26.2,73,538.0,2.16,0.0,0
2023-11-06 10:00:00,27.5,65,646.0,2.56,0.0,0
2023-11-06 11:00:00,28.5,59,688.0,2.59,0.0,1
2023-11-06 12:00:00,29.0,56,662.0,2.59,0.0,0
2023-11-06 13:00:00,29.1,55,568.0,2.61,0.0,3
2023-11-06 14:00:00,28.7,57,423.0,3.18,0.0,3
2023-11-06 15:00:00,27.7,61,242.0,2.98,0.0,5
2023-11-06 16:00:00,25.2,73,67.0,1.63,0.0,6
2023-11-06 17:00:00,23.7,83,0.0,2.25,0.0,4
2023-11-06 18:00:00,24.1,81,0.0,2.41,0.0,27
2023-11-06 19:00:00,23.2,78,0.0,1.61,0.0,47
2023-11-06 20:00:00,22.3,87,0.0,1.2,0.0,12
2023-11-06 21:00:00,21.6,94,0.0,1.63,0.0,9
2023-11-06 22:00:00,22.6,93,0.0,0.64,0.0,4
2023-11-06 23:00:00,20.7,99,0.0,1.5,0.0,0
2023-11-07 00:00:00,20.2,99,0.0,1.49,0.0,0
2023-11-07 01:00:00,20.8,99,0.0,1.41,0.0,0
2023-11-07 02:00:00,20.7,97,0.0,1.58,0.0,0
2023-11-07 03:00:00,19.8,96,0.0,1.94,0.0,0
2023-11-07 04:00:00,19.5,98,0.0,1.28,0.0,0
2023-11-07 05:00:00,20.5,99,0.0,0.5,0.0,1
2023-11-07 06:00:00,20.4,99,35.0,0.89,0.0,97
2023-11-07 07:00:00,22.6,86,171.0,0.45,0.0,0
2023-11-07 08:00:00,24.6,76,363.0,0.72,0.0,0
2023-11-07 09:00:00,26.0,72,537.0,1.06,0.0,6
2023-11-07 10:00:00,27.5,66,642.0,1.72,0.0,19
2023-11-07 11:00:00,28.6,60,680.0,2.16,0.0,0
2023-11-07 12:00:00,29.4,53,660.0,2.28,0.0,22
2023-11-07 13:00:00,29.7,49,569.0,2.24,0.0,85
2023-11-07 14:00:00,29.3,50,402.0,2.64,0.0,77
2023-11-07 15:00:00,28.1,57,216.0,2.56,0.0,40
2023-11-07 16:00:00,26.0,65,63.0,2.08,0.0,89
2023-11-07 17:00:00,23.9,78,0.0,2.04,0.0,57
2023-11-07 18:00:00,25.4,71,0.0,0.92,0.0,75
2023-11-07 19:00:00,23.0,87,0.0,1.48,0.0,45
2023-11-07 20:00:00,22.9,84,0.0,1.58,0.0,28
2023-11-07 21:00:00,22.2,85,0.0,1.64,0.0,19
2023-11-07 22:00:00,21.8,88,0.0,1.98,0.0,10
2023-11-07 23:00:00,22.8,82,0.0,1.14,0.0,10
2023-11-08 00:00:00,22.8,83,0.0,0.82,0.0,3
2023-11-08 01:00:00,22.2,89,0.0,1.32,0.0,3
2023-11-08 02:00:00,21.8,92,0.0,1.12,0.0,1
2023-11-08 03:00:00,21.6,93,0.0,0.58,0.0,4
2023-11-08 04:00:00,21.6,93,0.0,0.22,0.0,11
2023-11-08 05:00:00,20.4,94,0.0,0.51,0.0,9
2023-11-08 06:00:00,21.8,88,34.0,1.99,0.0,7
2023-11-08 07:00:00,23.6,77,178.0,0.36,0.1,29
2023-11-08 08:00:00,24.9,73,334.0,0.32,0.0,12
2023-11-08 09:00:00,26.0,71,496.0,0.82,0.0,5
2023-11-08 10:00:00,27.0,67,624.0,0.71,0.0,4
2023-11-08 11:00:00,27.5,64,627.0,0.22,0.1,28
2023-11-08 12:00:00,27.8,60,569.0,0.45,0.0,19
2023-11-08 13:00:00,28.3,57,523.0,0.98,0.0,3
2023-11-08 14:00:00,28.1,57,378.0,2.15,0.0,6
2023-11-08 15:00:00,27.4,62,224.0,1.33,0.0,8
2023-11-08 16:00:00,27.0,61,63.0,0.71,0.0,8
2023-11-08 17:00:00,26.6,62,0.0,0.1,0.0,12
2023-11-08 18:00:00,24.0,82,0.0,1.1,0.0,28
2023-11-08 19:00:00,23.1,87,0.0,1.6,0.0,14
2023-11-08 20:00:00,22.3,90,0.0,1.8,0.0,4
2023-11-08 21:00:00,21.8,94,0.0,1.7,0.0,0
2023-11-08 22:00:00,21.1,96,0.0,1.61,0.0,1
2023-11-08 23:00:00,20.9,97,0.0,1.24,0.0,1
2023-11-09 00:00:00,20.8,96,0.0,0.98,0.0,4
2023-11-09 01:00:00,20.3,97,0.0,1.12,0.0,5
2023-11-09 02:00:00,19.9,96,0.0,0.72,0.0,1
2023-11-09 03:00:00,21.2,91,0.0,0.41,0.0,1
2023-11-09 04:00:00,21.0,94,0.0,0.94,0.0,0
2023-11-09 05:00:00,20.9,94,0.0,0.6,0.0,0
2023-11-09 06:00:00,20.8,99,32.0,0.32,0.0,96
2023-11-09 07:00:00,22.4,90,172.0,0.82,0.0,22
2023-11-09 08:00:00,24.5,74,365.0,1.0,0.0,1
2023-11-09 09:00:00,26.1,67,523.0,0.58,0.0,1
2023-11-09 10:00:00,27.3,61,629.0,0.42,0.0,1
2023-11-09 11:00:00,28.1,56,672.0,0.82,0.0,1
2023-11-09 12:00:00,28.5,53,642.0,1.0,0.0,1
2023-11-09 13:00:00,28.7,51,555.0,1.1,0.0,1
2023-11-09 14:00:00,28.5,51,409.0,1.02,0.0,3
2023-11-09 15:00:00,27.7,66,226.0,0.41,0.0,5
2023-11-09 16:00:00,27.4,53,61.0,0.45,0.0,8
2023-11-09 17:00:00,26.4,61,0.0,0.86,0.0,9
2023-11-09 18:00:00,23.6,84,0.0,1.49,0.0,21
2023-11-09 19:00:00,22.6,90,0.0,1.14,0.0,12
2023-11-09 20:00:00,22.2,91,0.0,1.53,0.0,13
2023-11-09 21:00:00,21.2,95,0.0,1.68,0.0,12
2023-11-09 22:00:00,21.0,96,0.0,0.51,0.0,8
2023-11-09 23:00:00,20.7,98,0.0,0.92,0.0,4
2023-11-10 00:00:00,20.4,98,0.0,1.06,0.0,1
2023-11-10 01:00:00,20.2,98,0.0,1.06,0.0,0
2023-11-10 02:00:00,19.9,98,0.0,0.94,0.0,0
2023-11-10 03:00:00,19.7,99,0.0,0.89,0.0,0
2023-11-10 04:00:00,19.6,100,0.0,1.2,0.0,95
2023-11-10 05:00:00,19.6,100,0.0,1.5,0.0,95
2023-11-10 06:00:00,20.1,100,29.0,1.58,0.0,97
2023-11-10 07:00:00,22.1,89,162.0,1.36,0.0,20
2023-11-10 08:00:00,24.1,81,359.0,1.41,0.0,10
2023-11-10 09:00:00,25.8,73,520.0,1.68,0.0,0
2023-11-10 10:00:00,27.2,63,627.0,1.84,0.0,0
2023-11-10 11:00:00,28.1,57,670.0,2.01,0.0,0
2023-11-10 12:00:00,28.6,53,647.0,1.97,0.0,0
2023-11-10 13:00:00,28.8,52,557.0,2.11,0.0,1
2023-11-10 14:00:00,28.5,52,412.0,2.55,0.0,1
2023-11-10 15:00:00,27.4,59,231.0,2.26,0.0,3
2023-11-10 16:00:00,24.6,72,62.0,1.7,0.0,1
2023-11-10 17:00:00,23.6,78,0.0,1.64,0.0,2
2023-11-10 18:00:00,23.2,84,0.0,2.0,0.0,25
2023-11-10 19:00:00,23.0,86,0.0,1.82,0.0,35
2023-11-10 20:00:00,22.4,90,0.0,2.0,0.0,32
2023-11-10 21:00:00,22.5,91,0.0,1.84,0.0,25
2023-11-10 22:00:00,22.0,93,0.0,1.7,0.0,8
2023-11-10 23:00:00,21.3,95,0.0,1.68,0.0,5
2023-11-11 00:00:00,20.9,96,0.0,1.8,0.0,8
2023-11-11 01:00:00,20.8,96,0.0,1.41,0.0,5
2023-11-11 02:00:00,20.7,96,0.0,1.41,0.0,1
2023-11-11 03:00:00,20.4,98,0.0,1.7,0.0,3
2023-11-11 04:00:00,20.1,98,0.0,2.0,0.0,5
2023-11-11 05:00:00,19.9,98,0.0,1.82,0.0,4
2023-11-11 06:00:00,20.5,96,32.0,1.82,0.0,3
2023-11-11 07:00:00,22.5,84,183.0,1.52,0.0,0
2023-11-11 08:00:00,24.2,78,364.0,1.52,0.0,0
2023-11-11 09:00:00,25.8,73,519.0,1.7,0.0,0
2023-11-11 10:00:00,27.2,66,625.0,2.11,0.0,0
2023-11-11 11:00:00,28.4,59,666.0,2.56,0.0,0
2023-11-11 12:00:00,29.1,52,643.0,2.79,0.0,0
2023-11-11 13:00:00,29.3,49,552.0,2.62,0.0,2
2023-11-11 14:00:00,29.1,51,409.0,2.91,0.0,1
2023-11-11 15:00:00,27.7,59,229.0,2.69,0.0,0
2023-11-11 16:00:00,24.8,73,60.0,1.92,0.0,2
2023-11-11 17:00:00,23.8,80,0.0,2.02,0.0,5
2023-11-11 18:00:00,24.1,80,0.0,1.7,0.0,20
2023-11-11 19:00:00,23.2,86,0.0,1.66,0.0,27
2023-11-11 20:00:00,22.7,89,0.0,1.66,0.0,14
2023-11-11 21:00:00,23.6,84,0.0,0.85,0.0,9
2023-11-11 22:00:00,22.7,90,0.0,0.5,0.0,3
2023-11-11 23:00:00,21.8,96,0.0,0.63,0.0,3
2023-11-12 00:00:00,21.1,98,0.0,0.9,0.0,1
2023-11-12 01:00:00,20.0,99,0.0,1.4,0.0,1
2023-11-12 02:00:00,20.2,98,0.0,1.08,0.0,0
2023-11-12 03:00:00,20.0,97,0.0,1.46,0.0,0
2023-11-12 04:00:00,19.7,98,0.0,1.4,0.0,0
2023-11-12 05:00:00,19.1,100,0.0,1.12,0.0,0
2023-11-12 06:00:00,20.9,95,27.0,1.61,0.0,0
2023-11-12 07:00:00,23.0,83,168.0,1.39,0.0,0
2023-11-12 08:00:00,24.8,77,357.0,1.75,0.0,0
2023-11-12 09:00:00,26.3,73,514.0,2.08,0.0,0
2023-11-12 10:00:00,27.8,66,618.0,2.36,0.0,0
2023-11-12 11:00:00,28.8,58,661.0,2.68,0.0,0
2023-11-12 12:00:00,29.5,53,637.0,2.75,0.0,1
2023-11-12 13:00:00,29.7,49,549.0,2.94,0.0,0
2023-11-12 14:00:00,29.3,50,405.0,3.05,0.0,3
2023-11-12 15:00:00,27.9,56,224.0,2.64,0.0,1
2023-11-12 16:00:00,25.4,64,59.0,2.08,0.0,2
2023-11-12 17:00:00,23.2,77,0.0,2.24,0.0,3
2023-11-12 18:00:00,23.4,79,0.0,1.97,0.0,0
2023-11-12 19:00:00,22.3,87,0.0,2.1,0.0,0
2023-11-12 20:00:00,22.5,85,0.0,2.02,0.0,0
2023-11-12 21:00:00,21.9,87,0.0,1.84,0.0,0
2023-11-12 22:00:00,20.3,93,0.0,1.62,0.0,0
2023-11-12 23:00:00,20.1,95,0.0,1.43,0.0,0
2023-11-13 00:00:00,19.9,97,0.0,1.17,0.0,0
2023-11-13 01:00:00,19.4,98,0.0,1.14,0.0,0
2023-11-13 02:00:00,19.2,100,0.0,1.55,0.0,0
2023-11-13 03:00:00,18.8,100,0.0,1.87,0.0,93
2023-11-13 04:00:00,18.8,99,0.0,1.62,0.0,0
2023-11-13 05:00:00,18.4,99,0.0,1.48,0.0,0
2023-11-13 06:00:00,20.1,90,27.0,2.01,0.0,0
2023-11-13 07:00:00,22.4,77,174.0,1.61,0.0,0
2023-11-13 08:00:00,24.3,73,360.0,1.68,0.0,0
2023-11-13 09:00:00,26.1,70,516.0,2.02,0.0,0
2023-11-13 10:00:00,27.6,63,622.0,2.69,0.0,0
2023-11-13 11:00:00,28.7,56,665.0,3.1,0.0,0
2023-11-13 12:00:00,29.2,52,641.0,3.2,0.0,0
2023-11-13 13:00:00,29.3,51,550.0,3.31,0.0,0
2023-11-13 14:00:00,28.9,53,406.0,3.38,0.0,0
2023-11-13 15:00:00,27.6,61,228.0,2.76,0.0,0
2023-11-13 16:00:00,25.3,70,59.0,2.48,0.0,46
2023-11-13 17:00:00,24.2,75,0.0,2.69,0.0,10
2023-11-13 18:00:00,23.7,78,0.0,2.04,0.0,81
2023-11-13 19:00:00,22.3,87,0.0,1.86,0.0,76
2023-11-13 20:00:00,21.5,90,0.0,2.28,0.0,28
2023-11-13 21:00:00,21.7,90,0.0,1.82,0.0,11
2023-11-13 22:00:00,21.1,91,0.0,1.66,0.0,0
2023-11-13 23:00:00,20.4,92,0.0,1.61,0.0,0
2023-11-14 00:00:00,19.8,92,0.0,1.57,0.0,2
2023-11-14 01:00:00,18.9,94,0.0,1.91,0.0,1
2023-11-14 02:00:00,18.8,96,0.0,1.65,0.0,31
2023-11-14 03:00:00,19.0,97,0.0,1.41,0.0,2
2023-11-14 04:00:00,19.0,97,0.0,1.68,0.0,0
2023-11-14 05:00:00,18.5,97,0.0,1.63,0.0,0
2023-11-14 06:00:00,19.4,98,21.0,2.41,0.0,96
2023-11-14 07:00:00,20.6,91,126.0,2.77,0.0,72
2023-11-14 08:00:00,22.3,86,278.0,2.6,0.0,60
2023-11-14 09:00:00,24.7,78,506.0,2.52,0.0,44
2023-11-14 10:00:00,27.0,69,612.0,2.82,0.0,39
2023-11-14 11:00:00,28.5,60,660.0,3.2,0.0,20
2023-11-14 12:00:00,29.4,55,636.0,3.22,0.0,64
2023-11-14 13:00:00,29.5,53,534.0,3.33,0.0,34
2023-11-14 14:00:00,29.1,55,404.0,3.72,0.0,85
2023-11-14 15:00:00,27.8,61,220.0,3.04,0.0,96
2023-11-14 16:00:00,25.6,68,55.0,2.27,0.0,99
2023-11-14 17:00:00,23.2,81,0.0,2.72,0.0,13
2023-11-14 18:00:00,24.2,74,0.0,1.61,0.0,4
2023-11-14 19:00:00,22.9,84,0.0,1.87,0.0,8
2023-11-14 20:00:00,22.1,90,0.0,1.96,0.0,8
2023-11-14 21:00:00,21.7,91,0.0,1.79,0.0,1
2023-11-14 22:00:00,21.0,93,0.0,1.63,0.0,0
2023-11-14 23:00:00,20.5,96,0.0,1.51,0.0,0
2023-11-15 00:00:00,19.5,98,0.0,1.6,0.0,0
2023-11-15 01:00:00,19.2,99,0.0,1.32,0.0,19
2023-11-15 02:00:00,19.3,99,0.0,1.2,0.0,4
2023-11-15 03:00:00,19.2,99,0.0,1.81,0.0,68
2023-11-15 04:00:00,18.6,98,0.0,1.71,0.0,12
2023-11-15 05:00:00,18.0,100,0.0,1.81,0.0,21
2023-11-15 06:00:00,18.3,100,24.0,1.8,0.0,79
2023-11-15 07:00:00,20.9,87,154.0,1.51,0.0,9
2023-11-15 08:00:00,23.2,78,346.0,1.71,0.0,40
2023-11-15 09:00:00,25.2,72,506.0,1.71,0.0,87
2023-11-15 10:00:00,27.0,67,605.0,1.92,0.0,64
2023-11-15 11:00:00,28.6,60,649.0,2.37,0.0,92
2023-11-15 12:00:00,29.5,55,623.0,2.73,0.0,85
2023-11-15 13:00:00,29.8,52,533.0,2.73,0.0,96
2023-11-15 14:00:00,29.3,53,392.0,2.92,0.0,99
2023-11-15 15:00:00,27.9,60,210.0,1.92,0.0,99
2023-11-15 16:00:00,25.3,66,54.0,1.97,0.0,93
2023-11-15 17:00:00,24.2,70,0.0,2.14,0.0,100
2023-11-15 18:00:00,23.9,76,0.0,1.81,0.0,100
2023-11-15 19:00:00,23.5,80,0.0,1.82,0.0,100
2023-11-15 20:00:00,23.1,84,0.0,1.94,0.0,98
2023-11-15 21:00:00,22.6,88,0.0,1.87,0.0,98
2023-11-15 22:00:00,22.0,88,0.0,1.93,0.0,100
2023-11-15 23:00:00,21.6,85,0.0,2.21,0.0,100
2023-11-16 00:00:00,21.2,86,0.0,2.0,0.0,100
2023-11-16 01:00:00,20.7,90,0.0,1.73,0.0,99
2023-11-16 02:00:00,20.4,93,0.0,1.63,0.0,99
2023-11-16 03:00:00,20.2,95,0.0,1.51,0.0,98
2023-11-16 04:00:00,19.9,97,0.0,1.49,0.0,99
2023-11-16 05:00:00,19.8,96,0.0,2.33,0.0,100
2023-11-16 06:00:00,20.6,88,24.0,2.98,0.0,100
2023-11-16 07:00:00,22.0,80,140.0,2.71,0.0,100
2023-11-16 08:00:00,23.8,76,286.0,2.72,0.0,100
2023-11-16 09:00:00,25.6,73,415.0,2.82,0.0,100
2023-11-16 10:00:00,27.2,67,453.0,3.04,0.0,100
2023-11-16 11:00:00,28.3,61,466.0,3.67,0.0,100
2023-11-16 12:00:00,29.1,55,497.0,3.73,0.0,100
2023-11-16 13:00:00,29.2,52,450.0,3.57,0.0,100
2023-11-16 14:00:00,28.7,54,304.0,3.45,0.0,100
2023-11-16 15:00:00,27.5,60,155.0,2.68,0.0,99
2023-11-16 16:00:00,26.0,64,45.0,2.66,0.0,100
2023-11-16 17:00:00,25.4,65,0.0,3.22,0.0,100
2023-11-16 18:00:00,25.1,66,0.0,3.58,0.0,100
2023-11-16 19:00:00,24.6,66,0.0,3.35,0.0,100
2023-11-16 20:00:00,23.3,76,0.0,1.7,0.0,100
2023-11-16 21:00:00,22.8,80,0.0,1.61,0.0,100
2023-11-16 22:00:00,22.0,85,0.0,1.52,0.0,100
2023-11-16 23:00:00,22.2,87,0.0,1.0,0.0,100
2023-11-17 00:00:00,22.0,90,0.0,1.08,0.0,100
2023-11-17 01:00:00,22.0,92,0.0,1.21,0.0,100
2023-11-17 02:00:00,21.9,93,0.0,0.95,0.0,100
2023-11-17 03:00:00,21.4,95,0.0,0.85,0.0,100
2023-11-17 04:00:00,21.8,93,0.0,1.88,0.0,100
2023-11-17 05:00:00,22.0,88,0.0,2.46,0.1,100
2023-11-17 06:00:00,21.3,93,6.0,3.13,0.1,100
2023-11-17 07:00:00,21.8,91,47.0,3.45,0.0,100
2023-11-17 08:00:00,22.1,91,85.0,2.94,0.1,100
2023-11-17 09:00:00,23.0,88,212.0,3.59,0.2,100
2023-11-17 10:00:00,23.8,84,247.0,4.21,0.2,100
2023-11-17 11:00:00,23.7,80,287.0,4.81,0.3,100
2023-11-17 12:00:00,23.6,77,330.0,5.46,0.2,100
2023-11-17 13:00:00,23.0,79,267.0,5.46,0.1,100
2023-11-17 14:00:00,22.7,82,164.0,5.22,0.0,100
2023-11-17 15:00:00,22.2,84,74.0,4.71,0.0,100
2023-11-17 16:00:00,21.8,85,17.0,5.04,0.0,100
2023-11-17 17:00:00,21.3,88,0.0,5.12,0.2,100
2023-11-17 18:00:00,21.4,92,0.0,5.53,0.3,100
2023-11-17 19:00:00,21.0,92,0.0,4.73,0.2,100
2023-11-17 20:00:00,20.9,93,0.0,4.43,1.0,100
2023-11-17 21:00:00,21.0,91,0.0,3.95,0.1,98
2023-11-17 22:00:00,20.9,91,0.0,4.0,0.2,13
2023-11-17 23:00:00,20.7,90,0.0,4.1,0.1,2
2023-11-18 00:00:00,20.0,94,0.0,3.18,0.0,19
2023-11-18 01:00:00,19.4,96,0.0,2.01,0.0,0
2023-11-18 02:00:00,19.1,98,0.0,2.05,0.0,0
2023-11-18 03:00:00,18.8,97,0.0,2.66,0.0,0
2023-11-18 04:00:00,18.5,97,0.0,2.55,0.0,0
2023-11-18 05:00:00,18.3,96,0.0,2.25,0.0,0
2023-11-18 06:00:00,19.1,94,23.0,2.59,0.0,0
2023-11-18 07:00:00,20.3,88,155.0,3.18,0.0,4
2023-11-18 08:00:00,21.8,82,322.0,3.32,0.0,14
2023-11-18 09:00:00,23.5,76,476.0,3.13,0.0,52
2023-11-18 10:00:00,24.7,71,573.0,2.81,0.0,24
2023-11-18 11:00:00,25.5,68,623.0,2.42,0.0,4
2023-11-18 12:00:00,26.2,65,606.0,2.21,0.0,1
2023-11-18 13:00:00,26.6,62,523.0,2.28,0.0,0
2023-11-18 14:00:00,26.4,62,383.0,2.95,0.0,0
2023-11-18 15:00:00,25.4,68,211.0,2.56,0.0,0
2023-11-18 16:00:00,23.1,77,52.0,1.81,0.0,0
2023-11-18 17:00:00,22.1,82,0.0,1.8,0.0,0
2023-11-18 18:00:00,22.1,84,0.0,1.9,0.0,0
2023-11-18 19:00:00,21.4,88,0.0,2.01,0.0,0
2023-11-18 20:00:00,21.0,91,0.0,2.14,0.0,0
2023-11-18 21:00:00,20.7,91,0.0,2.2,0.0,0
2023-11-18 22:00:00,20.4,92,0.0,2.1,0.0,0
2023-11-18 23:00:00,20.0,93,0.0,1.81,0.0,0
2023-11-19 00:00:00,19.6,95,0.0,1.8,0.0,0
2023-11-19 01:00:00,19.3,97,0.0,1.84,0.0,0
2023-11-19 02:00:00,19.1,98,0.0,1.84,0.0,0
2023-11-19 03:00:00,18.9,98,0.0,1.7,0.0,0
2023-11-19 04:00:00,18.6,99,0.0,1.6,0.0,5
2023-11-19 05:00:00,18.4,99,0.0,1.71,0.0,37
2023-11-19 06:00:00,19.0,96,20.0,2.3,0.0,90
2023-11-19 07:00:00,19.9,92,117.0,2.65,0.0,84
2023-11-19 08:00:00,21.6,86,284.0,2.22,0.0,10
2023-11-19 09:00:00,23.6,80,478.0,2.4,0.0,2
2023-11-19 10:00:00,25.5,72,590.0,2.88,0.0,0
2023-11-19 11:00:00,26.9,64,634.0,3.1,0.0,0
2023-11-19 12:00:00,27.6,59,610.0,3.13,0.0,0
2023-11-19 13:00:00,27.7,58,523.0,3.3,0.0,0
2023-11-19 14:00:00,27.2,60,383.0,3.42,0.0,0
2023-11-19 15:00:00,26.1,67,210.0,3.12,0.0,1
2023-11-19 16:00:00,23.5,78,51.0,1.79,0.0,0
2023-11-19 17:00:00,23.0,79,0.0,2.12,0.0,0
2023-11-19 18:00:00,22.5,85,0.0,1.92,0.0,0
2023-11-19 19:00:00,21.6,90,0.0,2.25,0.0,0
2023-11-19 20:00:00,21.5,91,0.0,1.72,0.0,1
2023-11-19 21:00:00,20.6,94,0.0,1.79,0.0,0
2023-11-19 22:00:00,20.3,95,0.0,2.04,0.0,0
2023-11-19 23:00:00,20.1,96,0.0,1.93,0.0,0
2023-11-20 00:00:00,20.3,95,0.0,1.58,0.0,0
2023-11-20 01:00:00,19.7,97,0.0,1.84,0.0,0
2023-11-20 02:00:00,19.1,98,0.0,1.84,0.0,0
2023-11-20 03:00:00,19.1,99,0.0,1.43,0.0,0
2023-11-20 04:00:00,19.2,99,0.0,1.3,0.0,39
2023-11-20 05:00:00,19.3,100,0.0,1.46,0.0,67
2023-11-20 06:00:00,20.0,98,20.0,1.9,0.0,47
2023-11-20 07:00:00,21.9,90,139.0,1.4,0.0,14
2023-11-20 08:00:00,23.6,84,305.0,1.41,0.0,31
2023-11-20 09:00:00,25.1,78,443.0,1.58,0.0,8
2023-11-20 10:00:00,26.3,74,541.0,1.79,0.0,0
2023-11-20 11:00:00,27.3,70,614.0,1.8,0.0,1
2023-11-20 12:00:00,27.9,67,590.0,1.68,0.0,3
2023-11-20 13:00:00,28.3,63,499.0,1.17,0.0,6
2023-11-20 14:00:00,28.4,61,367.0,1.42,0.0,13
2023-11-20 15:00:00,27.6,68,198.0,1.44,0.0,4
2023-11-20 16:00:00,25.0,78,48.0,1.94,0.0,6
2023-11-20 17:00:00,23.6,85,0.0,1.89,0.0,6
2023-11-20 18:00:00,24.2,78,0.0,1.4,0.0,7
2023-11-20 19:00:00,22.5,88,0.0,1.66,0.0,12
2023-11-20 20:00:00,21.9,92,0.0,1.71,0.0,6
2023-11-20 21:00:00,21.8,91,0.0,2.1,0.0,20
2023-11-20 22:00:00,23.2,85,0.0,1.17,0.0,25
2023-11-20 23:00:00,21.9,90,0.0,0.58,0.0,34
2023-11-21 00:00:00,21.8,91,0.0,0.14,0.0,51
2023-11-21 01:00:00,21.8,92,0.0,1.17,0.0,14
2023-11-21 02:00:00,21.8,93,0.0,0.64,0.0,7
2023-11-21 03:00:00,19.7,97,0.0,1.36,0.0,18
2023-11-21 04:00:00,19.3,98,0.0,0.94,0.0,35
2023-11-21 05:00:00,19.5,97,0.0,0.71,0.5,97
2023-11-21 06:00:00,20.6,94,18.0,3.54,0.1,38
2023-11-21 07:00:00,22.7,84,124.0,1.12,0.1,27
2023-11-21 08:00:00,24.4,76,283.0,0.45,0.0,13
2023-11-21 09:00:00,25.5,71,435.0,0.76,0.0,4
2023-11-21 10:00:00,26.5,67,561.0,1.14,0.0,4
2023-11-21 11:00:00,27.1,64,584.0,0.98,0.0,10
2023-11-21 12:00:00,27.7,60,557.0,0.5,0.0,7
2023-11-21 13:00:00,28.0,58,493.0,1.36,0.0,5
2023-11-21 14:00:00,27.7,58,365.0,1.1,0.0,9
2023-11-21 15:00:00,26.9,67,193.0,0.78,0.0,8
2023-11-21 16:00:00,24.5,76,47.0,1.77,0.0,6
2023-11-21 17:00:00,25.1,70,0.0,1.49,0.0,9
2023-11-21 18:00:00,23.4,80,0.0,1.34,0.0,20
2023-11-21 19:00:00,22.5,86,0.0,2.42,0.0,56
2023-11-21 20:00:00,22.6,83,0.0,2.81,0.0,44
2023-11-21 21:00:00,22.2,86,0.0,1.73,0.0,34
2023-11-21 22:00:00,21.6,89,0.0,0.41,0.1,44
2023-11-21 23:00:00,21.1,91,0.0,0.99,0.1,51
2023-11-22 00:00:00,21.1,92,0.0,1.25,0.2,46
2023-11-22 01:00:00,20.8,93,0.0,1.5,0.4,51
2023-11-22 02:00:00,20.6,93,0.0,1.65,0.1,35
2023-11-22 03:00:00,19.7,97,0.0,1.43,0.1,39
2023-11-22 04:00:00,20.2,97,0.0,0.81,0.1,29
2023-11-22 05:00:00,19.4,100,0.0,0.71,0.0,20
2023-11-22 06:00:00,20.6,95,17.0,1.17,0.0,21
2023-11-22 07:00:00,21.6,91,133.0,2.6,0.0,20
2023-11-22 08:00:00,23.0,83,287.0,2.24,0.0,12
2023-11-22 09:00:00,24.4,75,422.0,2.04,0.0,7
2023-11-22 10:00:00,25.7,67,559.0,1.75,0.0,5
2023-11-22 11:00:00,26.4,66,593.0,1.72,0.0,18
2023-11-22 12:00:00,26.9,65,575.0,1.84,0.0,10
2023-11-22 13:00:00,27.0,63,483.0,2.48,0.0,23
2023-11-22 14:00:00,26.7,62,338.0,2.56,0.0,21
2023-11-22 15:00:00,25.8,68,178.0,2.16,0.0,5
2023-11-22 16:00:00,23.4,80,47.0,1.48,0.0,13
2023-11-22 17:00:00,22.4,86,0.0,1.55,0.0,27
2023-11-22 18:00:00,21.5,91,0.0,3.73,0.6,71
2023-11-22 19:00:00,21.6,90,0.0,0.76,0.0,35
2023-11-22 20:00:00,21.8,89,0.0,1.21,0.0,22
2023-11-22 21:00:00,21.8,89,0.0,0.45,0.0,7
2023-11-22 22:00:00,21.5,91,0.0,1.02,0.0,6
2023-11-22 23:00:00,20.8,93,0.0,0.81,0.0,4
2023-11-23 00:00:00,20.0,95,0.0,0.81,0.0,5
2023-11-23 01:00:00,19.3,96,0.0,1.17,0.0,1
2023-11-23 02:00:00,19.0,98,0.0,1.33,0.0,2
2023-11-23 03:00:00,18.9,100,0.0,1.22,0.0,100
2023-11-23 04:00:00,19.1,100,0.0,1.41,0.0,100
2023-11-23 05:00:00,18.8,100,0.0,1.73,0.0,100
2023-11-23 06:00:00,19.8,96,14.0,2.18,0.1,56
2023-11-23 07:00:00,21.1,91,123.0,1.41,0.0,23
2023-11-23 08:00:00,22.6,86,295.0,1.75,0.0,19
2023-11-23 09:00:00,24.2,79,450.0,1.75,0.0,4
2023-11-23 10:00:00,25.5,73,561.0,1.57,0.0,1
2023-11-23 11:00:00,26.7,65,610.0,1.84,0.0,0
2023-11-23 12:00:00,27.5,59,589.0,2.31,0.0,4
2023-11-23 13:00:00,27.8,56,505.0,2.66,0.0,2
2023-11-23 14:00:00,27.5,57,371.0,2.91,0.0,1
2023-11-23 15:00:00,26.4,64,201.0,2.44,0.0,3
2023-11-23 16:00:00,24.2,73,47.0,2.02,0.0,2
2023-11-23 17:00:00,23.3,79,0.0,2.24,0.0,2
2023-11-23 18:00:00,22.6,86,0.0,1.86,0.0,6
2023-11-23 19:00:00,21.9,91,0.0,1.75,0.0,7
2023-11-23 20:00:00,21.6,93,0.0,1.3,0.0,4
2023-11-23 21:00:00,21.8,95,0.0,0.32,0.0,3
2023-11-23 22:00:00,19.9,99,0.0,0.99,0.0,2
2023-11-23 23:00:00,19.5,100,0.0,1.53,0.0,2
2023-11-24 00:00:00,19.2,100,0.0,1.66,0.0,95
2023-11-24 01:00:00,19.1,100,0.0,1.49,0.0,95
2023-11-24 02:00:00,19.6,100,0.0,1.6,0.0,94
2023-11-24 03:00:00,19.3,100,0.0,1.49,0.0,93
2023-11-24 04:00:00,18.8,100,0.0,1.08,0.0,99
2023-11-24 05:00:00,18.3,100,0.0,1.21,0.0,93
2023-11-24 06:00:00,18.8,93,14.0,1.77,0.0,37
2023-11-24 07:00:00,19.9,87,99.0,1.8,0.0,40
2023-11-24 08:00:00,22.0,79,295.0,1.4,0.0,7
2023-11-24 09:00:00,24.0,72,470.0,1.24,0.0,0
2023-11-24 10:00:00,26.0,67,578.0,1.61,0.0,0
2023-11-24 11:00:00,27.5,61,622.0,1.97,0.0,0
2023-11-24 12:00:00,28.4,56,597.0,2.0,0.0,0
2023-11-24 13:00:00,28.5,53,504.0,2.33,0.0,1
2023-11-24 14:00:00,28.2,54,363.0,2.69,0.0,2
2023-11-24 15:00:00,27.0,62,200.0,2.52,0.0,3
2023-11-24 16:00:00,24.6,71,47.0,2.12,0.0,3
2023-11-24 17:00:00,22.7,83,0.0,2.3,0.0,2
2023-11-24 18:00:00,22.7,83,0.0,1.86,0.0,1
2023-11-24 19:00:00,21.6,90,0.0,1.75,0.0,3
2023-11-24 20:00:00,20.9,92,0.0,1.7,0.0,0
2023-11-24 21:00:00,21.3,89,0.0,1.03,0.0,0
2023-11-24 22:00:00,19.6,95,0.0,1.0,0.0,2
2023-11-24 23:00:00,19.2,95,0.0,0.64,0.0,2
2023-11-25 00:00:00,19.0,95,0.0,0.85,0.0,2
2023-11-25 01:00:00,19.3,95,0.0,1.02,0.0,1
2023-11-25 02:00:00,18.7,98,0.0,1.12,0.0,0
2023-11-25 03:00:00,17.8,99,0.0,1.33,0.0,0
2023-11-25 04:00:00,17.7,100,0.0,1.14,0.0,0
2023-11-25 05:00:00,17.7,100,0.0,0.89,0.0,94
2023-11-25 06:00:00,18.7,97,17.0,1.57,0.0,0
2023-11-25 07:00:00,21.3,84,144.0,1.1,0.0,0
2023-11-25 08:00:00,23.5,72,314.0,0.98,0.0,0
2023-11-25 09:00:00,25.1,70,467.0,1.43,0.0,0
2023-11-25 10:00:00,26.5,64,574.0,2.06,0.0,0
2023-11-25 11:00:00,27.7,54,621.0,2.56,0.0,0
2023-11-25 12:00:00,28.5,45,603.0,2.91,0.0,0
2023-11-25 13:00:00,28.8,41,518.0,3.01,0.0,0
2023-11-25 14:00:00,28.3,45,378.0,3.1,0.0,0
2023-11-25 15:00:00,26.7,53,207.0,2.51,0.0,0
2023-11-25 16:00:00,23.9,64,48.0,2.15,0.0,0
2023-11-25 17:00:00,22.8,73,0.0,2.31,0.0,1
2023-11-25 18:00:00,22.3,78,0.0,2.0,0.0,0
2023-11-25 19:00:00,21.2,84,0.0,1.92,0.0,0
2023-11-25 20:00:00,20.3,86,0.0,1.77,0.0,0
2023-11-25 21:00:00,19.5,88,0.0,1.66,0.0,0
2023-11-25 22:00:00,18.8,86,0.0,1.7,0.0,0
2023-11-25 23:00:00,18.2,85,0.0,1.53,0.0,0
2023-11-26 00:00:00,17.7,88,0.0,1.52,0.0,0
2023-11-26 01:00:00,17.1,94,0.0,1.5,0.0,0
2023-11-26 02:00:00,17.3,94,0.0,1.61,0.0,0
2023-11-26 03:00:00,17.1,93,0.0,1.63,0.0,0
2023-11-26 04:00:00,16.9,93,0.0,1.58,0.0,0
2023-11-26 05:00:00,16.5,94,0.0,1.43,0.0,0
2023-11-26 06:00:00,17.6,93,17.0,1.96,0.0,0
2023-11-26 07:00:00,19.9,79,143.0,2.0,0.0,0
2023-11-26 08:00:00,21.8,72,317.0,2.01,0.0,0
2023-11-26 09:00:00,23.9,67,470.0,2.35,0.0,0
2023-11-26 10:00:00,26.0,63,574.0,3.01,0.0,0
2023-11-26 11:00:00,27.3,57,619.0,3.36,0.0,0
2023-11-26 12:00:00,28.1,52,598.0,3.44,0.0,0
2023-11-26 13:00:00,28.2,51,514.0,3.45,0.0,0
2023-11-26 14:00:00,27.7,53,376.0,3.54,0.0,0
2023-11-26 15:00:00,26.4,59,204.0,2.59,0.0,0
2023-11-26 16:00:00,23.8,68,48.0,2.38,0.0,0
2023-11-26 17:00:00,22.8,73,0.0,2.43,0.0,0
2023-11-26 18:00:00,22.2,78,0.0,2.11,0.0,0
2023-11-26 19:00:00,21.5,82,0.0,2.14,0.0,0
2023-11-26 20:00:00,20.6,87,0.0,1.93,0.0,89
2023-11-26 21:00:00,19.5,90,0.0,2.1,0.0,100
2023-11-26 22:00:00,18.6,93,0.0,2.21,0.0,100
2023-11-26 23:00:00,18.4,94,0.0,1.77,0.0,100
2023-11-27 00:00:00,17.8,95,0.0,1.62,0.0,84
2023-11-27 01:00:00,17.1,96,0.0,1.55,0.0,55
2023-11-27 02:00:00,16.9,95,0.0,1.32,0.0,1
2023-11-27 03:00:00,16.7,95,0.0,1.4,0.0,3
2023-11-27 04:00:00,16.3,96,0.0,1.5,0.0,12
2023-11-27 05:00:00,16.2,94,0.0,1.2,0.0,4
2023-11-27 06:00:00,17.7,90,15.0,2.02,0.0,6
2023-11-27 07:00:00,19.5,83,127.0,2.42,0.0,2
2023-11-27 08:00:00,21.5,76,307.0,2.11,0.0,0
2023-11-27 09:00:00,23.7,70,468.0,2.43,0.0,2
2023-11-27 10:00:00,25.8,67,574.0,3.2,0.0,1
2023-11-27 11:00:00,27.4,59,620.0,3.49,0.0,14
2023-11-27 12:00:00,28.2,54,601.0,3.62,0.0,58
2023-11-27 13:00:00,28.3,53,518.0,3.67,0.0,21
2023-11-27 14:00:00,27.8,56,379.0,3.64,0.0,24
2023-11-27 15:00:00,26.5,62,206.0,2.8,0.0,0
2023-11-27 16:00:00,23.7,73,48.0,1.97,0.0,20
2023-11-27 17:00:00,21.5,85,0.0,2.72,0.0,44
2023-11-27 18:00:00,21.5,85,0.0,2.0,0.0,23
2023-11-27 19:00:00,21.3,86,0.0,1.79,0.0,93
2023-11-27 20:00:00,21.1,86,0.0,2.01,0.0,38
2023-11-27 21:00:00,20.1,91,0.0,1.79,0.0,98
2023-11-27 22:00:00,19.6,93,0.0,1.62,0.0,91
2023-11-27 23:00:00,19.0,95,0.0,1.52,0.0,100
2023-11-28 00:00:00,18.5,97,0.0,1.5,0.0,100
2023-11-28 01:00:00,18.6,98,0.0,1.58,0.0,99
2023-11-28 02:00:00,18.4,98,0.0,1.53,0.0,96
2023-11-28 03:00:00,18.2,99,0.0,1.6,0.0,96
2023-11-28 04:00:00,18.0,100,0.0,1.94,0.0,82
2023-11-28 05:00:00,17.5,100,0.0,1.79,0.0,95
2023-11-28 06:00:00,17.9,98,10.0,2.47,0.0,97
2023-11-28 07:00:00,18.9,92,90.0,2.4,0.0,48
2023-11-28 08:00:00,21.5,83,293.0,2.57,0.0,100
2023-11-28 09:00:00,23.5,78,411.0,2.56,0.0,28
2023-11-28 10:00:00,25.3,71,528.0,2.15,0.0,26
2023-11-28 11:00:00,26.7,65,598.0,2.3,0.0,40
2023-11-28 12:00:00,27.7,58,590.0,2.44,0.0,0
2023-11-28 13:00:00,28.1,54,509.0,2.33,0.0,0
2023-11-28 14:00:00,28.0,53,372.0,2.64,0.0,7
2023-11-28 15:00:00,26.7,59,202.0,1.94,0.0,4
2023-11-28 16:00:00,23.5,71,47.0,1.92,0.0,0
2023-11-28 17:00:00,22.5,77,0.0,2.14,0.0,0
2023-11-28 18:00:00,20.8,87,0.0,2.16,0.0,0
2023-11-28 19:00:00,21.2,85,0.0,1.92,0.0,1
2023-11-28 20:00:00,19.6,91,0.0,2.25,0.0,3
2023-11-28 21:00:00,19.4,90,0.0,1.94,0.0,4
2023-11-28 22:00:00,18.9,92,0.0,1.56,0.0,46
2023-11-28 23:00:00,17.9,96,0.0,1.87,0.0,1
2023-11-29 00:00:00,17.5,98,0.0,2.11,0.0,37
2023-11-29 01:00:00,17.9,97,0.0,1.55,0.0,87
2023-11-29 02:00:00,18.1,98,0.0,2.01,0.0,2
2023-11-29 03:00:00,17.8,100,0.0,2.02,0.0,66
2023-11-29 04:00:00,17.5,100,0.0,1.91,0.0,100
2023-11-29 05:00:00,17.2,100,0.0,1.7,0.0,100
2023-11-29 06:00:00,18.6,97,8.0,2.41,0.0,100
2023-11-29 07:00:00,19.1,94,59.0,2.5,0.0,100
2023-11-29 08:00:00,20.5,89,174.0,2.62,0.0,99
2023-11-29 09:00:00,22.7,81,387.0,2.24,0.0,82
2023-11-29 10:00:00,24.9,73,546.0,2.55,0.0,20
2023-11-29 11:00:00,26.7,65,602.0,2.58,0.0,99
2023-11-29 12:00:00,27.4,59,509.0,2.69,0.0,100
2023-11-29 13:00:00,27.5,55,391.0,2.61,0.0,98
2023-11-29 14:00:00,27.2,55,305.0,2.64,0.0,85
2023-11-29 15:00:00,25.9,61,178.0,1.92,0.0,55
2023-11-29 16:00:00,22.7,74,45.0,1.99,0.0,0
2023-11-29 17:00:00,21.4,83,0.0,1.92,0.0,0
2023-11-29 18:00:00,20.6,87,0.0,2.3,0.0,0
2023-11-29 19:00:00,20.0,90,0.0,2.26,0.0,0
2023-11-29 20:00:00,19.5,92,0.0,2.1,0.0,0
2023-11-29 21:00:00,18.6,95,0.0,2.41,0.0,0
2023-11-29 22:00:00,18.2,96,0.0,2.21,0.0,0
2023-11-29 23:00:00,17.8,97,0.0,2.06,0.0,0
2023-11-30 00:00:00,17.3,98,0.0,2.02,0.0,0
2023-11-30 01:00:00,16.9,100,0.0,1.7,0.0,0
2023-11-30 02:00:00,17.0,100,0.0,1.3,0.0,100
2023-11-30 03:00:00,17.3,100,0.0,1.51,0.0,99
2023-11-30 04:00:00,17.0,100,0.0,2.04,0.0,96
2023-11-30 05:00:00,16.8,98,0.0,2.11,0.0,79
2023-11-30 06:00:00,17.7,98,9.0,2.5,0.0,100
2023-11-30 07:00:00,18.6,97,70.0,2.7,0.0,88
2023-11-30 08:00:00,20.7,88,223.0,2.53,0.0,56
2023-11-30 09:00:00,23.0,80,445.0,2.51,0.0,1
2023-11-30 10:00:00,25.1,72,561.0,2.94,0.0,1
2023-11-30 11:00:00,26.6,62,609.0,3.19,0.0,0
2023-11-30 12:00:00,27.5,54,591.0,3.4,0.0,0
2023-11-30 13:00:00,27.7,51,509.0,3.85,0.0,0
2023-11-30 14:00:00,27.3,53,372.0,3.85,0.0,0
2023-11-30 15:00:00,26.2,59,202.0,2.62,0.0,0
2023-11-30 16:00:00,23.5,69,46.0,2.14,0.0,0
2023-11-30 17:00:00,21.8,78,0.0,1.84,0.0,0
2023-11-30 18:00:00,21.0,83,0.0,2.26,0.0,4
2023-11-30 19:00:00,20.2,87,0.0,2.4,0.0,15
2023-11-30 20:00:00,19.8,89,0.0,1.94,0.0,19
2023-11-30 21:00:00,19.3,90,0.0,1.84,0.0,0
2023-11-30 22:00:00,18.4,93,0.0,1.9,0.0,0
2023-11-30 23:00:00,18.3,94,0.0,1.65,0.0,0
2023-12-01 00:00:00,18.2,95,0.0,1.73,0.0,0
2023-12-01 01:00:00,17.3,98,0.0,1.81,0.0,0
2023-12-01 02:00:00,16.7,100,0.0,1.91,0.0,0
2023-12-01 03:00:00,16.4,100,0.0,1.91,0.0,95
2023-12-01 04:00:00,16.9,100,0.0,1.41,0.0,100
2023-12-01 05:00:00,17.0,100,0.0,1.63,0.0,100
2023-12-01 06:00:00,17.1,100,12.0,2.67,0.0,98
2023-12-01 07:00:00,18.5,92,103.0,3.0,0.0,40
2023-12-01 08:00:00,20.5,83,278.0,2.51,0.0,2
2023-12-01 09:00:00,22.8,75,447.0,2.38,0.0,0
2023-12-01 10:00:00,25.2,67,554.0,2.61,0.0,0
2023-12-01 11:00:00,26.8,57,600.0,3.0,0.0,0
2023-12-01 12:00:00,27.7,48,582.0,3.14,0.0,2
2023-12-01 13:00:00,28.0,45,500.0,3.3,0.0,0
2023-12-01 14:00:00,27.5,46,366.0,3.22,0.0,0
2023-12-01 15:00:00,25.9,54,199.0,2.24,0.0,0
2023-12-01 16:00:00,22.5,68,46.0,2.06,0.0,3
2023-12-01 17:00:00,20.7,78,0.0,2.69,0.0,0
2023-12-01 18:00:00,22.6,69,0.0,1.7,0.0,97
2023-12-01 19:00:00,22.1,72,0.0,1.65,0.0,93
2023-12-01 20:00:00,20.9,80,0.0,1.8,0.0,63
2023-12-01 21:00:00,19.7,87,0.0,2.11,0.0,7
2023-12-01 22:00:00,19.1,90,0.0,2.3,0.0,21
2023-12-01 23:00:00,19.2,89,0.0,2.09,0.0,5
2023-12-02 00:00:00,18.6,92,0.0,2.02,0.0,15
2023-12-02 01:00:00,18.5,95,0.0,1.32,0.0,67
2023-12-02 02:00:00,18.4,99,0.0,1.06,0.0,91
2023-12-02 03:00:00,17.9,100,0.0,1.0,0.0,97
2023-12-02 04:00:00,17.4,100,0.0,1.26,0.0,97
2023-12-02 05:00:00,18.4,100,0.0,0.45,0.0,98
2023-12-02 06:00:00,19.1,98,10.0,0.14,0.0,70
2023-12-02 07:00:00,20.1,91,93.0,0.54,0.0,27
2023-12-02 08:00:00,22.2,81,267.0,0.72,0.0,13
2023-12-02 09:00:00,24.1,73,423.0,1.22,0.0,100
2023-12-02 10:00:00,25.7,67,512.0,1.43,0.0,100
2023-12-02 11:00:00,26.9,62,553.0,2.02,0.0,71
2023-12-02 12:00:00,28.0,57,566.0,2.09,0.0,61
2023-12-02 13:00:00,28.3,53,487.0,2.28,0.0,41
2023-12-02 14:00:00,28.2,52,342.0,2.42,0.0,99
2023-12-02 15:00:00,26.8,63,134.0,1.3,0.0,39
2023-12-02 16:00:00,23.3,73,44.0,2.28,0.0,32
2023-12-02 17:00:00,21.7,81,0.0,2.56,0.0,5
2023-12-02 18:00:00,22.7,74,0.0,2.06,0.0,2
2023-12-02 19:00:00,20.9,84,0.0,2.33,0.0,2
2023-12-02 20:00:00,20.2,88,0.0,2.22,0.0,0
2023-12-02 21:00:00,19.7,91,0.0,2.31,0.0,34
2023-12-02 22:00:00,19.2,93,0.0,2.01,0.0,98
2023-12-02 23:00:00,18.9,95,0.0,1.9,0.0,100
2023-12-03 00:00:00,20.1,93,0.0,1.12,0.0,71
2023-12-03 01:00:00,19.6,98,0.0,0.32,0.0,2
2023-12-03 02:00:00,19.2,100,0.0,0.54,0.0,100
2023-12-03 03:00:00,19.0,100,0.0,0.81,0.0,99
2023-12-03 04:00:00,18.6,100,0.0,0.22,0.0,100
2023-12-03 05:00:00,18.3,100,0.0,0.1,0.0,100
2023-12-03 06:00:00,18.5,100,9.0,0.54,0.0,100
2023-12-03 07:00:00,19.2,97,66.0,0.54,0.0,100
2023-12-03 08:00:00,20.4,90,170.0,0.71,0.0,96
2023-12-03 09:00:00,22.7,80,372.0,0.71,0.0,29
2023-12-03 10:00:00,24.8,72,535.0,1.14,0.0,40
2023-12-03 11:00:00,26.3,65,594.0,1.56,0.0,7
2023-12-03 12:00:00,27.2,60,577.0,2.28,0.0,100
2023-12-03 13:00:00,27.7,55,494.0,2.52,0.0,89
2023-12-03 14:00:00,27.5,56,360.0,2.51,0.0,79
2023-12-03 15:00:00,26.3,64,195.0,1.61,0.0,96
2023-12-03 16:00:00,23.0,77,46.0,1.97,0.0,99
2023-12-03 17:00:00,21.5,85,0.0,2.16,0.0,81
2023-12-03 18:00:00,22.6,80,0.0,1.8,0.0,81
2023-12-03 19:00:00,21.6,85,0.0,1.64,0.0,91
2023-12-03 20:00:00,19.9,92,0.0,1.78,0.0,69
2023-12-03 21:00:00,19.3,95,0.0,1.92,0.0,24
2023-12-03 22:00:00,18.8,96,0.0,1.9,0.0,90
2023-12-03 23:00:00,18.1,99,0.0,1.8,0.0,98
2023-12-04 00:00:00,18.2,100,0.0,1.39,0.0,100
2023-12-04 01:00:00,19.3,100,0.0,0.32,0.0,100
2023-12-04 02:00:00,19.1,100,0.0,0.54,0.0,100
2023-12-04 03:00:00,19.1,100,0.0,0.78,0.0,100
2023-12-04 04:00:00,17.9,100,0.0,0.45,0.0,100
2023-12-04 05:00:00,17.1,100,0.0,0.58,0.0,100
2023-12-04 06:00:00,18.5,90,8.0,1.1,0.0,98
2023-12-04 07:00:00,19.3,85,78.0,1.41,0.0,100
2023-12-04 08:00:00,20.6,83,207.0,1.62,0.0,90
2023-12-04 09:00:00,22.4,81,381.0,1.66,0.0,100
2023-12-04 10:00:00,24.4,76,531.0,1.91,0.0,91
2023-12-04 11:00:00,26.2,67,590.0,2.41,0.0,84
2023-12-04 12:00:00,27.3,59,574.0,2.83,0.0,98
2023-12-04 13:00:00,27.7,55,490.0,2.98,0.0,100
2023-12-04 14:00:00,27.3,56,354.0,2.9,0.0,99
2023-12-04 15:00:00,26.1,62,190.0,2.12,0.0,100
2023-12-04 16:00:00,23.5,71,45.0,1.91,0.0,98
2023-12-04 17:00:00,22.3,76,0.0,1.94,0.0,96
2023-12-04 18:00:00,21.3,81,0.0,2.45,0.0,100
2023-12-04 19:00:00,20.7,87,0.0,2.36,0.0,100
2023-12-04 20:00:00,20.0,92,0.0,1.98,0.0,100
2023-12-04 21:00:00,19.4,94,0.0,1.56,0.0,99
2023-12-04 22:00:00,18.6,96,0.0,1.42,0.0,100
2023-12-04 23:00:00,20.0,94,0.0,0.72,0.0,100
2023-12-05 00:00:00,19.7,96,0.0,0.81,0.0,100
2023-12-05 01:00:00,19.8,97,0.0,0.5,0.0,100
2023-12-05 02:00:00,19.4,98,0.0,1.02,0.0,100
2023-12-05 03:00:00,19.9,97,0.0,0.5,0.0,100
2023-12-05 04:00:00,19.7,99,0.0,0.92,0.0,100
2023-12-05 05:00:00,19.4,100,0.0,0.95,0.0,100
2023-12-05 06:00:00,19.6,97,2.0,0.85,0.0,99
2023-12-05 07:00:00,21.3,88,80.0,0.91,0.0,100
2023-12-05 08:00:00,23.1,76,222.0,0.85,0.0,100
2023-12-05 09:00:00,24.3,70,314.0,1.14,0.0,99
2023-12-05 10:00:00,25.8,63,524.0,1.84,0.0,100
2023-12-05 11:00:00,25.7,63,319.0,1.88,0.0,99
2023-12-05 12:00:00,25.9,62,294.0,1.75,0.0,100
2023-12-05 13:00:00,25.3,65,122.0,1.48,0.0,100
2023-12-05 14:00:00,24.8,72,81.0,1.12,0.0,100
2023-12-05 15:00:00,24.3,78,48.0,1.0,0.0,100
2023-12-05 16:00:00,24.7,70,14.0,0.45,0.0,100
2023-12-05 17:00:00,24.0,72,0.0,0.57,0.0,94
2023-12-05 18:00:00,23.2,79,0.0,0.71,0.0,99
2023-12-05 19:00:00,21.3,91,0.0,1.75,0.0,98
2023-12-05 20:00:00,21.2,91,0.0,2.01,0.0,77
2023-12-05 21:00:00,21.0,90,0.0,1.57,0.0,95
2023-12-05 22:00:00,21.0,89,0.0,1.39,0.0,99
2023-12-05 23:00:00,20.0,94,0.0,1.32,0.0,100
2023-12-06 00:00:00,20.0,95,0.0,1.2,0.0,100
2023-12-06 01:00:00,20.9,91,0.0,0.32,0.0,100
2023-12-06 02:00:00,19.2,95,0.0,1.02,0.0,100
2023-12-06 03:00:00,19.2,96,0.0,1.02,0.0,100
2023-12-06 04:00:00,18.4,98,0.0,1.52,0.0,97
2023-12-06 05:00:00,18.3,99,0.0,1.41,0.0,94
2023-12-06 06:00:00,18.6,100,8.0,2.12,0.0,99
2023-12-06 07:00:00,20.3,92,92.0,1.92,0.0,69
2023-12-06 08:00:00,22.0,87,242.0,1.91,0.0,49
2023-12-06 09:00:00,23.8,79,354.0,2.0,0.0,89
2023-12-06 10:00:00,25.6,66,482.0,2.66,0.0,100
2023-12-06 11:00:00,25.8,57,305.0,2.6,0.0,82
2023-12-06 12:00:00,26.9,52,461.0,3.01,0.0,100
2023-12-06 13:00:00,27.3,52,470.0,2.86,0.0,26
2023-12-06 14:00:00,27.0,56,353.0,2.82,0.0,14
2023-12-06 15:00:00,26.0,63,191.0,1.75,0.0,24
2023-12-06 16:00:00,23.7,70,44.0,2.14,0.0,100
2023-12-06 17:00:00,22.6,74,0.0,2.08,0.0,100
2023-12-06 18:00:00,23.8,71,0.0,1.8,0.0,100
2023-12-06 19:00:00,23.1,76,0.0,1.7,0.0,100
2023-12-06 20:00:00,23.7,71,0.0,1.06,0.0,100
2023-12-06 21:00:00,22.6,81,0.0,1.03,0.0,100
2023-12-06 22:00:00,22.0,87,0.0,1.12,0.0,100
2023-12-06 23:00:00,22.3,86,0.0,0.89,0.0,100
2023-12-07 00:00:00,21.3,95,0.0,0.85,0.0,100
2023-12-07 01:00:00,21.1,96,0.0,0.95,0.0,100
2023-12-07 02:00:00,21.0,94,0.0,0.92,0.0,100
2023-12-07 03:00:00,20.7,95,0.0,0.95,0.2,100
2023-12-07 04:00:00,20.6,96,0.0,1.33,0.0,100
2023-12-07 05:00:00,20.5,96,0.0,1.55,0.0,100
2023-12-07 06:00:00,21.6,96,3.0,0.78,0.1,100
2023-12-07 07:00:00,22.0,93,28.0,1.43,0.0,100
2023-12-07 08:00:00,22.5,84,73.0,0.92,0.0,100
2023-12-07 09:00:00,22.3,88,81.0,1.84,0.0,100
2023-12-07 10:00:00,22.7,85,151.0,1.99,0.0,100
2023-12-07 11:00:00,23.0,79,148.0,1.94,0.0,100
2023-12-07 12:00:00,23.3,72,169.0,2.3,0.0,100
2023-12-07 13:00:00,22.8,74,106.0,2.81,0.0,100
2023-12-07 14:00:00,22.4,77,92.0,2.24,0.2,100
2023-12-07 15:00:00,21.6,85,26.0,1.71,0.5,100
2023-12-07 16:00:00,21.0,90,7.0,1.92,0.7,100
2023-12-07 17:00:00,20.5,91,0.0,2.52,0.7,100
2023-12-07 18:00:00,20.3,92,0.0,3.13,0.7,100
2023-12-07 19:00:00,20.2,90,0.0,2.16,0.1,100
2023-12-07 20:00:00,20.0,89,0.0,2.77,0.0,100
2023-12-07 21:00:00,20.0,84,0.0,2.82,0.0,100
2023-12-07 22:00:00,19.9,85,0.0,2.41,0.1,100
2023-12-07 23:00:00,19.5,89,0.0,1.7,0.0,100
2023-12-08 00:00:00,19.3,95,0.0,1.8,0.6,99
2023-12-08 01:00:00,19.2,96,0.0,1.7,0.1,100
2023-12-08 02:00:00,19.2,96,0.0,1.8,0.0,100
2023-12-08 03:00:00,19.2,96,0.0,1.73,0.0,100
2023-12-08 04:00:00,19.2,95,0.0,1.52,0.0,100
2023-12-08 05:00:00,19.2,95,0.0,1.14,0.0,100
2023-12-08 06:00:00,19.4,93,3.0,2.12,0.0,99
2023-12-08 07:00:00,20.0,91,43.0,2.12,0.0,100
2023-12-08 08:00:00,20.4,89,77.0,3.18,0.0,100
2023-12-08 09:00:00,21.5,82,261.0,3.76,0.0,87
2023-12-08 10:00:00,22.1,79,329.0,3.69,0.0,81
2023-12-08 11:00:00,22.7,75,412.0,3.75,0.0,26
2023-12-08 12:00:00,23.5,71,497.0,3.57,0.0,1
2023-12-08 13:00:00,23.9,67,454.0,3.61,0.0,11
2023-12-08 14:00:00,24.0,64,330.0,3.57,0.0,18
2023-12-08 15:00:00,23.5,66,179.0,3.22,0.0,21
2023-12-08 16:00:00,21.9,74,43.0,2.56,0.0,22
2023-12-08 17:00:00,20.8,81,0.0,1.75,0.0,11
2023-12-08 18:00:00,20.6,83,0.0,2.64,0.0,5
2023-12-08 19:00:00,19.8,88,0.0,2.31,0.0,9
2023-12-08 20:00:00,19.3,92,0.0,1.92,0.0,12
2023-12-08 21:00:00,18.9,94,0.0,1.9,0.0,8
2023-12-08 22:00:00,18.6,95,0.0,1.8,0.0,6
2023-12-08 23:00:00,18.1,96,0.0,1.63,0.0,5
2023-12-09 00:00:00,17.4,98,0.0,1.5,0.0,11
2023-12-09 01:00:00,17.1,99,0.0,1.57,0.0,10
2023-12-09 02:00:00,16.8,100,0.0,1.42,0.0,13
2023-12-09 03:00:00,16.8,100,0.0,1.14,0.0,94
2023-12-09 04:00:00,16.4,100,0.0,1.25,0.0,66
2023-12-09 05:00:00,16.7,99,0.0,1.3,0.0,99
2023-12-09 06:00:00,18.8,92,4.0,1.5,0.0,100
2023-12-09 07:00:00,19.2,90,43.0,0.98,0.0,100
2023-12-09 08:00:00,20.0,86,131.0,1.22,0.0,100
2023-12-09 09:00:00,21.1,81,303.0,0.7,0.0,56
2023-12-09 10:00:00,22.7,72,463.0,0.72,0.0,40
2023-12-09 11:00:00,23.9,66,535.0,0.81,0.0,28
2023-12-09 12:00:00,24.8,62,538.0,0.61,0.0,21
2023-12-09 13:00:00,24.9,60,461.0,1.04,0.0,15
2023-12-09 14:00:00,24.9,61,335.0,0.72,0.0,15
2023-12-09 15:00:00,24.4,66,176.0,0.85,0.0,18
2023-12-09 16:00:00,21.8,78,42.0,1.71,0.0,44
2023-12-09 17:00:00,20.8,85,0.0,1.91,0.0,22
2023-12-09 18:00:00,20.6,85,0.0,1.92,0.0,38
2023-12-09 19:00:00,19.8,92,0.0,1.25,0.0,54
2023-12-09 20:00:00,19.8,89,0.0,2.25,0.1,69
2023-12-09 21:00:00,20.0,87,0.0,1.91,0.0,59
2023-12-09 22:00:00,19.0,92,0.0,1.33,0.0,22
2023-12-09 23:00:00,18.4,94,0.0,1.63,0.0,30
2023-12-10 00:00:00,18.1,94,0.0,1.9,0.0,42
2023-12-10 01:00:00,18.3,93,0.0,1.71,0.0,20
2023-12-10 02:00:00,18.7,92,0.0,1.08,0.0,64
2023-12-10 03:00:00,18.6,94,0.0,0.63,0.0,85
2023-12-10 04:00:00,17.0,99,0.0,1.17,0.0,79
2023-12-10 05:00:00,16.7,99,0.0,1.43,0.0,50
2023-12-10 06:00:00,18.1,97,6.0,0.76,0.1,36
2023-12-10 07:00:00,19.3,92,80.0,1.04,0.1,22
2023-12-10 08:00:00,20.3,85,224.0,0.92,0.0,67
2023-12-10 09:00:00,21.2,81,354.0,1.08,0.2,34
2023-12-10 10:00:00,22.1,77,456.0,0.85,0.0,14
2023-12-10 11:00:00,23.0,72,527.0,0.73,0.0,12
2023-12-10 12:00:00,23.6,69,531.0,0.94,0.0,12
2023-12-10 13:00:00,23.9,65,452.0,1.44,0.0,9
2023-12-10 14:00:00,23.9,63,337.0,1.42,0.3,24
2023-12-10 15:00:00,23.2,68,178.0,0.67,0.1,29
2023-12-10 16:00:00,22.5,70,43.0,0.71,0.0,28
2023-12-10 17:00:00,21.0,81,0.0,1.53,0.0,53
2023-12-10 18:00:00,19.6,90,0.0,1.82,0.0,48
2023-12-10 19:00:00,19.5,91,0.0,1.49,0.0,57
2023-12-10 20:00:00,19.5,89,0.0,1.12,0.0,59
2023-12-10 21:00:00,20.3,84,0.0,0.81,0.0,22
2023-12-10 22:00:00,18.8,90,0.0,1.32,0.0,52
2023-12-10 23:00:00,18.4,94,0.0,1.3,0.0,54
2023-12-11 00:00:00,18.4,97,0.0,0.86,0.0,24
2023-12-11 01:00:00,17.0,100,0.0,0.99,0.0,6
2023-12-11 02:00:00,16.1,100,0.0,1.64,0.0,95
2023-12-11 03:00:00,15.9,100,0.0,1.92,0.0,94
2023-12-11 04:00:00,16.3,100,0.0,1.3,0.0,94
2023-12-11 05:00:00,16.8,100,0.0,1.7,0.0,89
2023-12-11 06:00:00,17.8,100,6.0,1.1,0.1,81
2023-12-11 07:00:00,19.0,91,74.0,1.12,0.0,22
2023-12-11 08:00:00,20.4,85,193.0,1.57,0.0,15
2023-12-11 09:00:00,21.8,77,334.0,1.92,0.0,5
2023-12-11 10:00:00,22.9,71,457.0,2.24,0.0,5
2023-12-11 11:00:00,24.0,66,547.0,2.42,0.0,10
2023-12-11 12:00:00,24.7,62,537.0,2.5,0.0,9
2023-12-11 13:00:00,24.9,60,451.0,2.85,0.0,17
2023-12-11 14:00:00,24.5,62,322.0,3.0,0.0,11
2023-12-11 15:00:00,23.6,68,181.0,2.2,0.0,8
2023-12-11 16:00:00,21.3,77,45.0,1.75,0.0,6
2023-12-11 17:00:00,20.4,82,0.0,1.89,0.0,4
2023-12-11 18:00:00,19.4,89,0.0,2.11,0.0,1
2023-12-11 19:00:00,20.2,84,0.0,1.87,0.0,1
2023-12-11 20:00:00,19.5,88,0.0,1.53,0.0,0
2023-12-11 21:00:00,17.5,96,0.0,1.75,0.0,0
2023-12-11 22:00:00,17.0,98,0.0,1.36,0.0,0
2023-12-11 23:00:00,16.5,99,0.0,1.3,0.0,0
2023-12-12 00:00:00,17.1,98,0.0,1.03,0.0,0
2023-12-12 01:00:00,15.7,99,0.0,1.3,0.0,0
2023-12-12 02:00:00,16.6,98,0.0,0.67,0.0,0
2023-12-12 03:00:00,16.0,100,0.0,1.12,0.0,95
2023-12-12 04:00:00,15.6,100,0.0,0.81,0.0,95
2023-12-12 05:00:00,16.0,99,0.0,0.32,0.0,56
2023-12-12 06:00:00,16.5,99,5.0,0.32,0.0,99
2023-12-12 07:00:00,17.5,93,73.0,0.72,0.0,33
2023-12-12 08:00:00,18.7,86,194.0,0.81,0.0,14
2023-12-12 09:00:00,20.3,80,364.0,0.54,0.0,7
2023-12-12 10:00:00,21.9,76,503.0,0.73,0.0,5
2023-12-12 11:00:00,23.4,72,562.0,0.89,0.0,7
2023-12-12 12:00:00,24.3,68,540.0,1.0,0.0,7
2023-12-12 13:00:00,24.8,65,449.0,1.12,0.0,23
2023-12-12 14:00:00,24.9,62,318.0,1.1,0.0,20
2023-12-12 15:00:00,24.3,69,159.0,0.72,0.0,34
2023-12-12 16:00:00,21.8,78,44.0,1.91,1.2,85
2023-12-12 17:00:00,21.3,81,0.0,1.49,0.0,48
2023-12-12 18:00:00,20.2,81,0.0,1.75,0.0,64
2023-12-12 19:00:00,19.3,87,0.0,2.33,0.0,98
2023-12-12 20:00:00,19.0,88,0.0,1.53,0.4,96
2023-12-12 21:00:00,19.3,90,0.0,1.32,0.9,91
2023-12-12 22:00:00,18.7,91,0.0,1.44,0.6,80
2023-12-12 23:00:00,18.4,91,0.0,0.81,0.3,40
2023-12-13 00:00:00,18.7,92,0.0,0.4,0.1,36
2023-12-13 01:00:00,18.2,94,0.0,1.14,0.0,33
2023-12-13 02:00:00,18.0,95,0.0,0.54,0.0,34
2023-12-13 03:00:00,18.1,95,0.0,0.81,0.0,20
2023-12-13 04:00:00,17.4,99,0.0,1.34,0.0,21
2023-12-13 05:00:00,16.9,98,0.0,1.08,0.0,4
2023-12-13 06:00:00,17.3,97,6.0,0.81,0.0,30
2023-12-13 07:00:00,18.6,94,96.0,1.26,0.0,28
2023-12-13 08:00:00,19.8,87,244.0,1.0,0.0,13
2023-12-13 09:00:00,21.2,80,384.0,1.84,0.0,29
2023-12-13 10:00:00,21.9,76,463.0,2.33,0.0,16
2023-12-13 11:00:00,22.6,71,486.0,2.44,0.0,16
2023-12-13 12:00:00,22.9,68,440.0,2.47,0.0,16
2023-12-13 13:00:00,23.2,63,386.0,2.95,0.0,18
2023-12-13 14:00:00,23.2,63,313.0,2.75,0.0,13
2023-12-13 15:00:00,22.6,68,178.0,1.43,0.1,25
2023-12-13 16:00:00,20.1,76,41.0,2.67,0.6,74
2023-12-13 17:00:00,18.8,81,0.0,2.69,0.0,94
2023-12-13 18:00:00,17.8,90,0.0,3.47,1.3,49
2023-12-13 19:00:00,17.7,90,0.0,3.14,0.2,26
2023-12-13 20:00:00,17.8,90,0.0,2.87,0.1,26
2023-12-13 21:00:00,17.5,90,0.0,1.84,0.0,2
2023-12-13 22:00:00,16.1,94,0.0,2.14,0.0,2
2023-12-13 23:00:00,16.1,96,0.0,1.9,0.0,4
2023-12-14 00:00:00,16.2,97,0.0,1.6,0.0,4
2023-12-14 01:00:00,15.5,98,0.0,1.8,0.0,2
2023-12-14 02:00:00,16.3,96,0.0,1.72,0.0,6
2023-12-14 03:00:00,14.6,99,0.0,1.44,0.0,12
2023-12-14 04:00:00,16.0,99,0.0,1.88,0.0,49
2023-12-14 05:00:00,15.9,98,0.0,1.81,0.0,46
2023-12-14 06:00:00,15.4,98,6.0,1.14,0.0,13
2023-12-14 07:00:00,17.2,92,98.0,1.4,0.0,7
2023-12-14 08:00:00,18.6,85,251.0,2.01,0.0,38
2023-12-14 09:00:00,19.7,81,357.0,1.49,0.1,28
2023-12-14 10:00:00,20.5,77,456.0,1.1,0.1,10
2023-12-14 11:00:00,21.5,72,545.0,1.27,0.0,6
2023-12-14 12:00:00,22.3,65,543.0,1.43,0.0,15
2023-12-14 13:00:00,22.8,61,473.0,1.3,0.0,9
2023-12-14 14:00:00,22.7,60,340.0,1.71,0.0,9
2023-12-14 15:00:00,21.6,70,196.0,2.42,0.0,5
2023-12-14 16:00:00,18.8,84,47.0,1.84,0.0,9
2023-12-14 17:00:00,17.9,88,0.0,1.91,0.0,19
2023-12-14 18:00:00,17.8,89,0.0,2.26,0.0,42
2023-12-14 19:00:00,17.8,88,0.0,1.81,0.2,79
2023-12-14 20:00:00,17.5,91,0.0,2.02,0.0,62
2023-12-14 21:00:00,16.9,94,0.0,1.97,0.0,52
2023-12-14 22:00:00,18.0,93,0.0,0.92,0.0,33
2023-12-14 23:00:00,17.3,100,0.0,0.22,0.0,31
2023-12-15 00:00:00,17.1,100,0.0,0.73,0.0,98
2023-12-15 01:00:00,17.1,100,0.0,0.81,0.0,98
2023-12-15 02:00:00,15.3,100,0.0,1.43,0.0,99
2023-12-15 03:00:00,15.4,100,0.0,1.22,0.0,99
2023-12-15 04:00:00,15.3,100,0.0,1.8,0.0,100
2023-12-15 05:00:00,15.3,98,0.0,1.68,0.0,100
2023-12-15 06:00:00,15.6,97,5.0,1.84,0.0,28
2023-12-15 07:00:00,16.7,91,72.0,2.72,0.0,43
2023-12-15 08:00:00,18.0,85,219.0,2.12,0.0,12
2023-12-15 09:00:00,19.7,80,400.0,1.82,0.0,5
2023-12-15 10:00:00,21.2,71,515.0,1.78,0.0,0
2023-12-15 11:00:00,22.3,64,571.0,2.06,0.0,0
2023-12-15 12:00:00,23.2,60,560.0,2.05,0.0,0
2023-12-15 13:00:00,23.6,55,486.0,2.42,0.0,0
2023-12-15 14:00:00,23.6,52,359.0,2.51,0.0,0
2023-12-15 15:00:00,22.4,59,197.0,1.86,0.0,0
2023-12-15 16:00:00,19.4,73,49.0,1.89,0.0,0
2023-12-15 17:00:00,17.6,86,0.0,2.31,0.0,0
2023-12-15 18:00:00,18.1,86,0.0,2.04,0.0,0
2023-12-15 19:00:00,18.5,85,0.0,1.8,0.0,0
2023-12-15 20:00:00,17.0,91,0.0,2.02,0.0,0
2023-12-15 21:00:00,16.2,93,0.0,2.01,0.0,0
2023-12-15 22:00:00,15.5,95,0.0,1.79,0.0,0
2023-12-15 23:00:00,15.0,97,0.0,1.61,0.0,0
2023-12-16 00:00:00,14.7,97,0.0,1.28,0.0,0
2023-12-16 01:00:00,14.3,95,0.0,1.22,0.0,1
2023-12-16 02:00:00,14.4,97,0.0,0.72,0.0,2
2023-12-16 03:00:00,14.0,100,0.0,0.5,0.0,91
2023-12-16 04:00:00,14.4,100,0.0,0.28,0.0,97
2023-12-16 05:00:00,14.4,99,0.0,0.22,0.0,23
2023-12-16 06:00:00,14.5,98,4.0,0.85,0.0,0
2023-12-16 07:00:00,15.8,88,70.0,0.45,0.0,1
2023-12-16 08:00:00,17.2,81,195.0,0.1,0.0,0
2023-12-16 09:00:00,19.3,74,399.0,0.2,0.0,0
2023-12-16 10:00:00,21.2,69,524.0,0.86,0.0,0
2023-12-16 11:00:00,22.7,64,579.0,1.56,0.0,0
2023-12-16 12:00:00,23.7,58,569.0,2.14,0.0,0
2023-12-16 13:00:00,23.9,54,494.0,2.48,0.0,0
2023-12-16 14:00:00,23.7,53,364.0,2.77,0.0,0
2023-12-16 15:00:00,22.5,61,202.0,1.92,0.0,0
2023-12-16 16:00:00,19.6,73,50.0,1.86,0.0,0
2023-12-16 17:00:00,18.2,82,0.0,2.2,0.0,0
2023-12-16 18:00:00,18.6,79,0.0,2.25,0.0,0
2023-12-16 19:00:00,17.3,87,0.0,2.09,0.0,0
2023-12-16 20:00:00,16.7,90,0.0,2.21,0.0,0
2023-12-16 21:00:00,16.5,91,0.0,2.28,0.0,0
2023-12-16 22:00:00,16.4,90,0.0,2.2,0.0,0
2023-12-16 23:00:00,15.6,91,0.0,2.44,0.0,0
2023-12-17 00:00:00,15.2,94,0.0,2.06,0.0,0
2023-12-17 01:00:00,15.2,96,0.0,1.55,0.0,0
2023-12-17 02:00:00,15.1,99,0.0,1.39,0.0,0
2023-12-17 03:00:00,14.1,100,0.0,1.46,0.0,95
2023-12-17 04:00:00,14.9,100,0.0,1.0,0.0,91
2023-12-17 05:00:00,15.0,99,0.0,1.32,0.0,15
2023-12-17 06:00:00,15.0,95,4.0,2.28,0.0,18
2023-12-17 07:00:00,16.6,85,84.0,2.15,0.0,18
2023-12-17 08:00:00,18.6,79,248.0,1.3,0.0,0
2023-12-17 09:00:00,20.5,75,407.0,1.58,0.0,0
2023-12-17 10:00:00,22.0,71,519.0,1.98,0.0,0
2023-12-17 11:00:00,23.3,65,572.0,2.27,0.0,0
2023-12-17 12:00:00,24.3,59,561.0,2.5,0.0,0
2023-12-17 13:00:00,24.7,55,485.0,2.52,0.0,0
2023-12-17 14:00:00,24.6,55,357.0,2.64,0.0,1
2023-12-17 15:00:00,23.5,62,196.0,1.8,0.0,2
2023-12-17 16:00:00,20.4,75,49.0,1.89,0.0,9
2023-12-17 17:00:00,18.6,85,0.0,2.56,0.0,17
2023-12-17 18:00:00,20.6,71,0.0,1.49,0.0,0
2023-12-17 19:00:00,19.6,77,0.0,1.44,0.0,0
2023-12-17 20:00:00,19.9,76,0.0,0.81,0.0,1
2023-12-17 21:00:00,19.3,79,0.0,0.58,0.0,2
2023-12-17 22:00:00,18.2,85,0.0,0.63,0.0,6
2023-12-17 23:00:00,18.3,85,0.0,0.73,0.0,0
2023-12-18 00:00:00,17.9,88,0.0,0.2,0.0,0
2023-12-18 01:00:00,17.3,94,0.0,0.42,0.0,6
2023-12-18 02:00:00,16.9,99,0.0,1.2,0.0,16
2023-12-18 03:00:00,15.7,100,0.0,1.5,0.0,97
2023-12-18 04:00:00,16.4,100,0.0,1.3,0.0,98
2023-12-18 05:00:00,16.2,100,0.0,0.63,0.0,100
2023-12-18 06:00:00,14.8,98,4.0,1.39,0.0,28
2023-12-18 07:00:00,16.5,87,78.0,1.1,0.0,12
2023-12-18 08:00:00,19.0,79,238.0,0.92,0.0,9
2023-12-18 09:00:00,20.9,73,406.0,1.22,0.0,43
2023-12-18 10:00:00,22.4,68,511.0,1.56,0.0,44
2023-12-18 11:00:00,23.7,63,568.0,2.14,0.0,67
2023-12-18 12:00:00,24.5,58,558.0,2.0,0.0,80
2023-12-18 13:00:00,24.9,54,481.0,1.98,0.0,39
2023-12-18 14:00:00,24.7,53,358.0,2.28,0.0,19
2023-12-18 15:00:00,23.3,59,198.0,2.59,0.0,1
2023-12-18 16:00:00,20.6,68,51.0,1.98,0.0,0
2023-12-18 17:00:00,18.5,79,0.0,2.4,0.0,5
2023-12-18 18:00:00,20.1,72,0.0,1.92,0.0,17
2023-12-18 19:00:00,20.9,69,0.0,1.0,0.0,20
2023-12-18 20:00:00,20.4,71,0.0,0.22,0.0,32
2023-12-18 21:00:00,20.1,73,0.0,0.7,0.0,71
2023-12-18 22:00:00,20.0,75,0.0,0.64,0.0,37
2023-12-18 23:00:00,18.8,81,0.0,1.14,0.0,37
2023-12-19 00:00:00,17.6,86,0.0,1.28,0.0,55
2023-12-19 01:00:00,17.8,88,0.0,0.81,0.0,56
2023-12-19 02:00:00,17.2,93,0.0,0.28,0.0,92
2023-12-19 03:00:00,16.6,96,0.0,0.14,0.0,12
2023-12-19 04:00:00,16.1,99,0.0,0.63,0.0,39
2023-12-19 05:00:00,14.2,100,0.0,1.4,0.0,98
2023-12-19 06:00:00,14.5,100,4.0,1.92,0.0,93
2023-12-19 07:00:00,16.1,93,75.0,1.73,0.0,3
2023-12-19 08:00:00,18.5,82,237.0,1.43,0.0,7
2023-12-19 09:00:00,20.8,73,402.0,1.8,0.0,28
2023-12-19 10:00:00,22.4,67,515.0,2.5,0.0,81
2023-12-19 11:00:00,23.8,58,562.0,3.0,0.0,71
2023-12-19 12:00:00,24.7,51,557.0,3.35,0.0,96
2023-12-19 13:00:00,25.0,48,482.0,3.45,0.0,96
2023-12-19 14:00:00,24.6,50,356.0,3.5,0.0,55
2023-12-19 15:00:00,23.3,56,201.0,2.5,0.0,92
2023-12-19 16:00:00,20.4,66,52.0,2.14,0.0,61
2023-12-19 17:00:00,18.9,74,0.0,2.1,0.0,20
2023-12-19 18:00:00,18.0,79,0.0,1.9,0.0,96
2023-12-19 19:00:00,16.7,87,0.0,2.5,0.0,30
2023-12-19 20:00:00,16.5,87,0.0,2.31,0.0,77
2023-12-19 21:00:00,15.5,91,0.0,2.2,0.0,51
2023-12-19 22:00:00,15.0,93,0.0,1.72,0.0,26
2023-12-19 23:00:00,14.5,94,0.0,1.44,0.0,0
2023-12-20 00:00:00,14.1,95,0.0,1.44,0.0,21
2023-12-20 01:00:00,13.8,95,0.0,1.36,0.0,7
2023-12-20 02:00:00,13.6,95,0.0,1.39,0.0,68
2023-12-20 03:00:00,13.3,97,0.0,1.41,0.0,2
2023-12-20 04:00:00,12.9,98,0.0,1.61,0.0,33
2023-12-20 05:00:00,12.6,98,0.0,1.71,0.0,1
2023-12-20 06:00:00,13.6,95,4.0,1.5,0.0,56
2023-12-20 07:00:00,15.7,87,91.0,2.18,0.0,96
2023-12-20 08:00:00,17.8,79,249.0,2.18,0.0,57
2023-12-20 09:00:00,19.8,73,405.0,2.38,0.0,95
2023-12-20 10:00:00,21.9,66,514.0,2.56,0.0,49
2023-12-20 11:00:00,23.5,62,573.0,2.97,0.0,36
2023-12-20 12:00:00,24.4,57,566.0,3.26,0.0,100
2023-12-20 13:00:00,24.6,54,481.0,3.47,0.0,68
2023-12-20 14:00:00,24.3,54,364.0,3.47,0.0,96
2023-12-20 15:00:00,23.0,59,195.0,2.56,0.0,90
2023-12-20 16:00:00,20.2,67,52.0,2.19,0.0,2
2023-12-20 17:00:00,17.7,80,0.0,2.73,0.0,59
2023-12-20 18:00:00,19.1,76,0.0,1.94,0.0,67
2023-12-20 19:00:00,17.2,87,0.0,2.3,0.0,97
2023-12-20 20:00:00,16.6,89,0.0,2.3,0.0,99
2023-12-20 21:00:00,16.3,91,0.0,2.22,0.0,65
2023-12-20 22:00:00,15.9,91,0.0,1.97,0.0,0
2023-12-20 23:00:00,15.3,93,0.0,1.88,0.0,0
2023-12-21 00:00:00,14.4,95,0.0,2.14,0.0,10
2023-12-21 01:00:00,13.7,97,0.0,2.31,0.0,74
2023-12-21 02:00:00,13.5,98,0.0,2.2,0.0,3
2023-12-21 03:00:00,13.2,99,0.0,1.96,0.0,0
2023-12-21 04:00:00,12.8,99,0.0,1.9,0.0,0
2023-12-21 05:00:00,12.8,100,0.0,1.75,0.0,98
2023-12-21 06:00:00,13.4,98,4.0,1.24,0.0,43
2023-12-21 07:00:00,15.2,90,77.0,1.91,0.0,17
2023-12-21 08:00:00,16.9,84,216.0,1.9,0.0,22
2023-12-21 09:00:00,19.0,78,395.0,1.84,0.0,9
2023-12-21 10:00:00,21.2,70,513.0,2.01,0.0,24
2023-12-21 11:00:00,23.1,65,567.0,2.33,0.0,0
2023-12-21 12:00:00,24.5,58,562.0,2.75,0.0,0
2023-12-21 13:00:00,25.2,53,490.0,3.06,0.0,0
2023-12-21 14:00:00,25.0,52,364.0,3.12,0.0,0
2023-12-21 15:00:00,23.7,58,203.0,2.48,0.0,0
2023-12-21 16:00:00,20.9,69,53.0,2.19,0.0,13
2023-12-21 17:00:00,18.4,81,0.0,2.64,0.0,18
2023-12-21 18:00:00,19.6,73,0.0,1.92,0.0,9
2023-12-21 19:00:00,17.7,84,0.0,2.2,0.0,1
2023-12-21 20:00:00,16.8,89,0.0,2.38,0.0,0
2023-12-21 21:00:00,16.7,89,0.0,2.12,0.0,0
2023-12-21 22:00:00,16.5,88,0.0,1.88,0.0,82
2023-12-21 23:00:00,15.8,91,0.0,1.84,0.0,58
2023-12-22 00:00:00,14.9,94,0.0,2.12,0.0,1
2023-12-22 01:00:00,14.6,97,0.0,1.71,0.0,0
2023-12-22 02:00:00,15.0,97,0.0,1.75,0.0,0
2023-12-22 03:00:00,14.7,98,0.0,1.63,0.0,37
2023-12-22 04:00:00,14.4,100,0.0,1.7,0.0,50
2023-12-22 05:00:00,14.2,100,0.0,1.5,0.0,100
2023-12-22 06:00:00,14.5,98,3.0,2.1,0.0,100
2023-12-22 07:00:00,15.2,96,57.0,2.67,0.0,100
2023-12-22 08:00:00,16.1,92,158.0,2.97,0.0,100
2023-12-22 09:00:00,18.0,85,287.0,2.5,0.0,24
2023-12-22 10:00:00,20.7,75,506.0,2.38,0.0,5
2023-12-22 11:00:00,22.9,66,567.0,2.64,0.0,8
2023-12-22 12:00:00,24.5,57,560.0,2.88,0.0,2
2023-12-22 13:00:00,25.2,52,488.0,3.36,0.0,12
2023-12-22 14:00:00,25.0,52,362.0,3.66,0.0,3
2023-12-22 15:00:00,23.8,56,202.0,3.0,0.0,2
2023-12-22 16:00:00,21.4,64,53.0,2.56,0.0,46
2023-12-22 17:00:00,19.3,74,0.0,2.16,0.0,37
2023-12-22 18:00:00,18.3,79,0.0,2.38,0.0,76
2023-12-22 19:00:00,17.7,83,0.0,2.1,0.0,99
2023-12-22 20:00:00,17.5,85,0.0,1.81,0.0,100
2023-12-22 21:00:00,17.6,85,0.0,2.1,0.0,97
2023-12-22 22:00:00,16.8,88,0.0,1.9,0.0,93
2023-12-22 23:00:00,16.4,89,0.0,1.84,0.0,95
2023-12-23 00:00:00,16.0,91,0.0,1.7,0.0,100
2023-12-23 01:00:00,15.5,93,0.0,1.63,0.0,100
2023-12-23 02:00:00,14.9,96,0.0,1.65,0.0,100
2023-12-23 03:00:00,15.0,97,0.0,1.91,0.0,68
2023-12-23 04:00:00,14.9,98,0.0,2.2,0.0,100
2023-12-23 05:00:00,14.8,98,0.0,2.1,0.0,100
2023-12-23 06:00:00,15.2,98,3.0,2.31,0.0,100
2023-12-23 07:00:00,16.2,93,59.0,2.83,0.0,100
2023-12-23 08:00:00,17.2,88,140.0,2.65,0.0,100
2023-12-23 09:00:00,19.1,80,282.0,2.24,0.0,100
2023-12-23 10:00:00,21.5,70,422.0,2.21,0.0,100
2023-12-23 11:00:00,23.1,64,409.0,2.51,0.0,100
2023-12-23 12:00:00,24.3,57,417.0,2.92,0.0,100
2023-12-23 13:00:00,24.6,53,302.0,2.95,0.0,100
2023-12-23 14:00:00,24.1,55,185.0,2.68,0.0,100
2023-12-23 15:00:00,23.3,59,169.0,1.97,0.0,97
2023-12-23 16:00:00,20.3,70,50.0,2.21,0.0,95
2023-12-23 17:00:00,18.6,77,0.0,2.42,0.0,37
2023-12-23 18:00:00,17.6,80,0.0,2.6,0.0,89
2023-12-23 19:00:00,18.1,79,0.0,1.8,0.0,98
2023-12-23 20:00:00,18.3,79,0.0,1.81,0.0,83
2023-12-23 21:00:00,17.6,84,0.0,1.9,0.0,50
2023-12-23 22:00:00,16.7,90,0.0,1.91,0.0,38
2023-12-23 23:00:00,16.3,92,0.0,1.91,0.0,6
2023-12-24 00:00:00,15.7,94,0.0,1.7,0.0,4
2023-12-24 01:00:00,15.2,97,0.0,1.61,0.0,0
2023-12-24 02:00:00,15.0,98,0.0,1.6,0.0,0
2023-12-24 03:00:00,14.4,100,0.0,1.4,0.0,22
2023-12-24 04:00:00,14.2,100,0.0,1.43,0.0,100
2023-12-24 05:00:00,14.5,100,0.0,1.65,0.0,100
2023-12-24 06:00:00,14.4,100,3.0,1.73,0.0,100
2023-12-24 07:00:00,15.7,96,72.0,2.82,0.0,100
2023-12-24 08:00:00,17.8,86,209.0,2.59,0.0,26
2023-12-24 09:00:00,20.0,77,373.0,2.45,0.0,14
2023-12-24 10:00:00,22.4,68,484.0,2.6,0.0,11
2023-12-24 11:00:00,24.4,59,529.0,3.03,0.0,14
2023-12-24 12:00:00,25.7,50,511.0,2.81,0.0,22
2023-12-24 13:00:00,26.1,47,405.0,2.71,0.0,21
2023-12-24 14:00:00,25.8,47,304.0,2.7,0.0,20
2023-12-24 15:00:00,24.6,53,168.0,2.04,0.0,32
2023-12-24 16:00:00,22.5,57,45.0,2.47,0.0,28
2023-12-24 17:00:00,21.5,63,0.0,2.92,0.0,20
2023-12-24 18:00:00,19.9,71,0.0,2.5,0.0,27
2023-12-24 19:00:00,19.6,70,0.0,1.73,0.0,53
2023-12-24 20:00:00,19.9,71,0.0,2.2,0.0,60
2023-12-24 21:00:00,19.3,76,0.0,2.12,0.0,46
2023-12-24 22:00:00,18.7,81,0.0,2.26,0.0,30
2023-12-24 23:00:00,17.0,91,0.0,1.71,0.0,20
2023-12-25 00:00:00,16.5,94,0.0,1.56,0.0,34
2023-12-25 01:00:00,16.4,94,0.0,1.36,0.0,30
2023-12-25 02:00:00,15.9,96,0.0,1.46,0.0,21
2023-12-25 03:00:00,15.3,97,0.0,1.53,0.0,12
2023-12-25 04:00:00,14.9,97,0.0,1.22,0.0,1
2023-12-25 05:00:00,14.5,98,0.0,1.41,0.0,0
2023-12-25 06:00:00,15.5,97,3.0,0.22,0.0,71
2023-12-25 07:00:00,16.5,93,57.0,0.36,0.0,84
2023-12-25 08:00:00,17.5,90,141.0,0.41,0.0,77
2023-12-25 09:00:00,19.7,81,291.0,0.78,0.0,31
2023-12-25 10:00:00,22.2,71,477.0,1.26,0.0,3
2023-12-25 11:00:00,23.7,65,548.0,1.4,0.0,0
2023-12-25 12:00:00,24.7,59,544.0,1.03,0.0,0
2023-12-25 13:00:00,25.4,53,475.0,0.92,0.0,1
2023-12-25 14:00:00,25.5,50,354.0,1.0,0.0,2
2023-12-25 15:00:00,24.5,74,198.0,0.58,0.0,2
2023-12-25 16:00:00,21.5,69,54.0,1.89,0.0,0
2023-12-25 17:00:00,20.1,72,0.0,2.11,0.0,0
2023-12-25 18:00:00,19.9,77,0.0,2.16,0.0,0
2023-12-25 19:00:00,19.7,78,0.0,1.75,0.0,2
2023-12-25 20:00:00,18.9,81,0.0,1.39,0.0,7
2023-12-25 21:00:00,18.5,82,0.0,1.52,0.0,5
2023-12-25 22:00:00,19.3,78,0.0,1.64,0.0,0
2023-12-25 23:00:00,19.9,76,0.0,1.39,0.0,0
2023-12-26 00:00:00,19.3,80,0.0,0.92,0.0,0
2023-12-26 01:00:00,18.7,83,0.0,0.51,0.0,0
2023-12-26 02:00:00,17.3,88,0.0,1.24,0.0,0
2023-12-26 03:00:00,17.8,87,0.0,1.0,0.0,1
2023-12-26 04:00:00,17.3,91,0.0,0.51,0.0,3
2023-12-26 05:00:00,14.7,98,0.0,1.2,0.0,1
2023-12-26 06:00:00,15.1,100,3.0,1.0,0.0,96
2023-12-26 07:00:00,17.1,90,78.0,1.84,0.0,19
2023-12-26 08:00:00,19.8,76,226.0,1.24,0.0,0
2023-12-26 09:00:00,22.1,67,377.0,1.39,0.0,0
2023-12-26 10:00:00,23.6,64,490.0,1.5,0.0,0
2023-12-26 11:00:00,24.8,58,548.0,1.7,0.0,0
2023-12-26 12:00:00,25.7,54,540.0,1.98,0.0,2
2023-12-26 13:00:00,26.1,52,461.0,2.2,0.0,4
2023-12-26 14:00:00,25.9,52,335.0,2.48,0.0,4
2023-12-26 15:00:00,25.1,56,191.0,2.28,0.0,2
2023-12-26 16:00:00,21.9,69,54.0,2.16,0.0,1
2023-12-26 17:00:00,20.4,76,0.0,2.56,0.0,1
2023-12-26 18:00:00,20.1,76,0.0,2.11,0.0,8
2023-12-26 19:00:00,20.0,77,0.0,1.96,0.0,8
2023-12-26 20:00:00,19.4,79,0.0,1.68,0.0,7
2023-12-26 21:00:00,17.7,89,0.0,1.84,0.0,0
2023-12-26 22:00:00,16.7,93,0.0,1.49,0.0,0
2023-12-26 23:00:00,15.9,97,0.0,1.36,0.0,0
2023-12-27 00:00:00,15.4,99,0.0,1.46,0.0,0
2023-12-27 01:00:00,15.4,100,0.0,1.5,0.0,0
2023-12-27 02:00:00,14.9,99,0.0,1.92,0.0,2
2023-12-27 03:00:00,14.9,99,0.0,1.75,0.0,0
2023-12-27 04:00:00,15.3,98,0.0,1.17,0.0,0
2023-12-27 05:00:00,15.0,99,0.0,0.81,0.0,0
2023-12-27 06:00:00,14.9,99,3.0,1.04,0.0,1
2023-12-27 07:00:00,17.0,85,71.0,1.8,0.0,22
2023-12-27 08:00:00,18.8,78,204.0,1.41,0.0,21
2023-12-27 09:00:00,20.8,73,371.0,1.55,0.0,1
2023-12-27 10:00:00,22.8,68,486.0,1.75,0.0,1
2023-12-27 11:00:00,24.5,63,545.0,2.02,0.0,0
2023-12-27 12:00:00,25.6,58,541.0,2.14,0.0,0
2023-12-27 13:00:00,26.2,53,470.0,2.42,0.0,2
2023-12-27 14:00:00,26.3,52,345.0,2.41,0.0,11
2023-12-27 15:00:00,25.3,58,192.0,1.41,0.0,17
2023-12-27 16:00:00,22.0,70,53.0,2.15,0.0,15
2023-12-27 17:00:00,20.8,73,0.0,2.06,0.0,27
2023-12-27 18:00:00,21.2,75,0.0,2.28,0.0,22
2023-12-27 19:00:00,19.8,82,0.0,2.42,0.0,13
2023-12-27 20:00:00,19.1,84,0.0,2.24,0.0,41
2023-12-27 21:00:00,19.6,82,0.0,1.22,0.0,12
2023-12-27 22:00:00,20.0,80,0.0,0.71,0.0,64
2023-12-27 23:00:00,19.7,83,0.0,0.41,0.0,65
2023-12-28 00:00:00,19.2,87,0.0,1.03,0.0,56
2023-12-28 01:00:00,18.9,88,0.0,0.14,0.0,19
2023-12-28 02:00:00,16.5,97,0.0,1.4,0.0,2
2023-12-28 03:00:00,16.0,98,0.0,1.58,0.0,1
2023-12-28 04:00:00,15.6,98,0.0,1.3,0.0,0
2023-12-28 05:00:00,15.3,98,0.0,1.12,0.0,0
2023-12-28 06:00:00,16.4,96,2.0,0.51,0.0,11
2023-12-28 07:00:00,17.4,92,65.0,0.14,0.0,16
2023-12-28 08:00:00,19.2,87,185.0,1.02,0.0,24
2023-12-28 09:00:00,21.3,77,348.0,0.67,0.0,8
2023-12-28 10:00:00,23.2,68,467.0,0.92,0.0,12
2023-12-28 11:00:00,24.7,63,516.0,1.39,0.0,1
2023-12-28 12:00:00,26.1,56,533.0,1.9,0.0,5
2023-12-28 13:00:00,26.7,47,427.0,1.7,0.0,27
2023-12-28 14:00:00,26.5,46,291.0,2.27,0.0,18
2023-12-28 15:00:00,25.5,53,178.0,2.58,0.0,10
2023-12-28 16:00:00,22.7,63,53.0,1.91,0.0,7
2023-12-28 17:00:00,20.7,73,0.0,2.63,0.0,7
2023-12-28 18:00:00,21.4,67,0.0,2.12,0.0,17
2023-12-28 19:00:00,21.5,65,0.0,1.42,0.0,4
2023-12-28 20:00:00,21.4,64,0.0,0.6,0.0,1
2023-12-28 21:00:00,20.7,67,0.0,0.28,0.0,0
2023-12-28 22:00:00,17.7,85,0.0,1.28,0.0,0
2023-12-28 23:00:00,17.4,88,0.0,0.89,0.0,0
2023-12-29 00:00:00,16.1,94,0.0,1.41,0.0,0
2023-12-29 01:00:00,15.6,95,0.0,1.34,0.0,0
2023-12-29 02:00:00,17.1,93,0.0,0.72,0.0,0
2023-12-29 03:00:00,16.6,96,0.0,0.36,0.0,0
2023-12-29 04:00:00,16.4,98,0.0,0.45,0.0,0
2023-12-29 05:00:00,14.6,98,0.0,0.85,0.0,0
2023-12-29 06:00:00,14.3,99,3.0,0.85,0.0,0
2023-12-29 07:00:00,17.1,87,77.0,1.9,0.0,0
2023-12-29 08:00:00,19.8,70,216.0,1.5,0.0,5
2023-12-29 09:00:00,22.0,65,374.0,1.51,0.0,0
2023-12-29 10:00:00,23.7,63,489.0,1.57,0.0,0
2023-12-29 11:00:00,25.1,58,548.0,1.8,0.0,0
2023-12-29 12:00:00,26.1,53,544.0,2.14,0.0,0
2023-12-29 13:00:00,26.5,50,478.0,2.33,0.0,0
2023-12-29 14:00:00,26.5,47,358.0,2.55,0.0,0
2023-12-29 15:00:00,25.4,51,204.0,2.34,0.0,1
2023-12-29 16:00:00,22.9,57,58.0,2.55,0.0,0
2023-12-29 17:00:00,20.7,66,0.0,1.97,0.0,0
2023-12-29 18:00:00,20.7,70,0.0,2.4,0.0,5
2023-12-29 19:00:00,19.4,77,0.0,2.47,0.0,0
2023-12-29 20:00:00,18.4,84,0.0,2.33,0.0,0
2023-12-29 21:00:00,17.6,88,0.0,1.75,0.0,0
2023-12-29 22:00:00,17.0,91,0.0,1.5,0.0,0
2023-12-29 23:00:00,16.5,94,0.0,1.35,0.0,0
2023-12-30 00:00:00,15.6,96,0.0,1.57,0.0,0
2023-12-30 01:00:00,15.0,98,0.0,1.53,0.0,0
2023-12-30 02:00:00,14.9,100,0.0,1.51,0.0,0
2023-12-30 03:00:00,14.5,100,0.0,1.6,0.0,81
2023-12-30 04:00:00,14.8,99,0.0,1.4,0.0,0
2023-12-30 05:00:00,14.2,98,0.0,1.43,0.0,13
2023-12-30 06:00:00,15.2,100,2.0,1.71,0.0,85
2023-12-30 07:00:00,16.1,97,56.0,1.82,0.0,92
2023-12-30 08:00:00,17.5,89,140.0,1.58,0.0,96
2023-12-30 09:00:00,19.7,79,350.0,1.43,0.0,6
2023-12-30 10:00:00,22.2,71,490.0,1.84,0.0,0
2023-12-30 11:00:00,24.3,64,550.0,2.28,0.0,0
2023-12-30 12:00:00,25.8,56,546.0,2.56,0.0,0
2023-12-30 13:00:00,26.4,48,480.0,2.83,0.0,1
2023-12-30 14:00:00,26.1,44,358.0,3.04,0.0,4
2023-12-30 15:00:00,25.0,49,199.0,2.2,0.0,8
2023-12-30 16:00:00,21.5,62,57.0,2.36,0.0,7
2023-12-30 17:00:00,19.8,71,0.0,2.51,0.0,5
2023-12-30 18:00:00,20.1,69,0.0,2.25,0.0,7
2023-12-30 19:00:00,20.5,67,0.0,1.5,0.0,4
2023-12-30 20:00:00,19.0,76,0.0,1.92,0.0,2
2023-12-30 21:00:00,18.6,81,0.0,1.6,0.0,3
2023-12-30 22:00:00,18.3,83,0.0,0.89,0.0,5
2023-12-30 23:00:00,16.9,90,0.0,0.67,0.0,2
2023-12-31 00:00:00,17.2,91,0.0,0.91,0.0,3
2023-12-31 01:00:00,17.7,92,0.0,1.26,0.0,14
2023-12-31 02:00:00,16.0,97,0.0,1.7,0.0,15
2023-12-31 03:00:00,15.0,98,0.0,1.94,0.0,0
2023-12-31 04:00:00,15.6,97,0.0,1.77,0.0,0
2023-12-31 05:00:00,14.6,97,0.0,1.71,0.0,0
2023-12-31 06:00:00,15.0,100,2.0,1.32,0.0,99
2023-12-31 07:00:00,15.7,98,55.0,0.36,0.0,100
2023-12-31 08:00:00,17.5,90,165.0,0.54,0.0,26
2023-12-31 09:00:00,19.9,79,360.0,0.64,0.0,2
2023-12-31 10:00:00,22.0,71,477.0,0.72,0.0,0
2023-12-31 11:00:00,23.7,62,544.0,0.81,0.0,0
2023-12-31 12:00:00,25.0,56,540.0,0.98,0.0,1
2023-12-31 13:00:00,25.6,53,473.0,1.34,0.0,4
2023-12-31 14:00:00,25.7,50,354.0,2.06,0.0,7
2023-12-31 15:00:00,24.8,55,200.0,1.84,0.0,6
2023-12-31 16:00:00,21.0,69,59.0,2.51,0.0,2
2023-12-31 17:00:00,19.8,71,1.0,2.2,0.0,2
2023-12-31 18:00:00,20.1,71,0.0,1.49,0.0,24
2023-12-31 19:00:00,19.7,76,0.0,1.35,0.0,6
2023-12-31 20:00:00,21.0,70,0.0,1.3,0.0,14
2023-12-31 21:00:00,17.7,89,0.0,2.33,0.0,12
2023-12-31 22:00:00,17.6,90,0.0,2.32,0.0,15
2023-12-31 23:00:00,17.6,89,0.0,2.25,0.0,2
