time,T_out,RH_out,I_solar,wind,rain,cloud
2025-01-01 00:00:00,15.8,95,0.0,0.96,0.0,0
2025-01-01 01:00:00,15.5,96,0.0,1.12,0.0,1
2025-01-01 02:00:00,15.2,96,0.0,1.06,0.0,0
2025-01-01 03:00:00,15.0,96,0.0,0.45,0.0,0
2025-01-01 04:00:00,14.3,97,0.0,0.49,0.0,0
2025-01-01 05:00:00,14.1,99,0.0,0.32,0.0,0
2025-01-01 06:00:00,13.8,100,2.0,0.81,0.0,94
2025-01-01 07:00:00,15.4,99,66.0,0.72,0.0,96
2025-01-01 08:00:00,17.0,92,187.0,1.05,0.0,44
2025-01-01 09:00:00,18.4,86,286.0,1.03,0.0,24
2025-01-01 10:00:00,20.2,78,422.0,1.17,0.0,1
2025-01-01 11:00:00,21.8,71,541.0,1.26,0.0,0
2025-01-01 12:00:00,22.8,66,546.0,1.3,0.0,2
2025-01-01 13:00:00,23.3,60,484.0,1.5,0.0,1
2025-01-01 14:00:00,23.2,57,365.0,1.58,0.0,13
2025-01-01 15:00:00,22.6,61,211.0,1.23,0.0,1
2025-01-01 16:00:00,20.3,70,63.0,0.67,0.0,1
2025-01-01 17:00:00,18.9,76,1.0,0.72,0.0,1
2025-01-01 18:00:00,17.8,88,0.0,1.74,0.0,0
2025-01-01 19:00:00,17.2,91,0.0,1.48,0.0,2
2025-01-01 20:00:00,16.9,93,0.0,1.25,0.0,4
2025-01-01 21:00:00,16.5,95,0.0,1.61,0.0,0
2025-01-01 22:00:00,15.9,97,0.0,1.55,0.0,2
2025-01-01 23:00:00,16.3,96,0.0,2.12,0.0,7
2025-01-02 00:00:00,16.2,95,0.0,1.84,0.0,1
2025-01-02 01:00:00,15.4,96,0.0,1.56,0.0,0
2025-01-02 02:00:00,15.2,97,0.0,0.92,0.0,1
2025-01-02 03:00:00,15.2,99,0.0,0.18,0.0,7
2025-01-02 04:00:00,14.9,100,0.0,0.16,0.0,9
2025-01-02 05:00:00,14.2,100,0.0,0.6,0.0,96
2025-01-02 06:00:00,15.2,100,2.0,1.63,0.0,95
2025-01-02 07:00:00,16.2,95,43.0,1.83,0.0,55
2025-01-02 08:00:00,17.2,89,147.0,1.41,0.0,92
2025-01-02 09:00:00,19.0,83,269.0,1.61,0.0,48
2025-01-02 10:00:00,20.9,75,418.0,1.47,0.0,22
2025-01-02 11:00:00,22.3,68,539.0,1.68,0.0,2
2025-01-02 12:00:00,23.2,63,549.0,2.07,0.0,0
2025-01-02 13:00:00,23.6,60,484.0,2.31,0.0,0
2025-01-02 14:00:00,23.4,57,366.0,2.1,0.0,0
2025-01-02 15:00:00,22.5,60,213.0,1.71,0.0,1
2025-01-02 16:00:00,19.8,71,64.0,0.96,0.0,0
2025-01-02 17:00:00,18.7,74,1.0,0.35,0.0,0
2025-01-02 18:00:00,18.1,83,0.0,0.42,0.0,0
2025-01-02 19:00:00,17.7,86,0.0,0.46,0.0,0
2025-01-02 20:00:00,17.3,89,0.0,0.27,0.0,0
2025-01-02 21:00:00,16.8,92,0.0,0.2,0.0,0
2025-01-02 22:00:00,16.2,96,0.0,0.14,0.0,0
2025-01-02 23:00:00,15.6,98,0.0,0.83,0.0,2
2025-01-03 00:00:00,15.1,99,0.0,1.06,0.0,5
2025-01-03 01:00:00,14.8,100,0.0,0.39,0.0,97
2025-01-03 02:00:00,14.7,100,0.0,0.14,0.0,100
2025-01-03 03:00:00,14.5,100,0.0,0.07,0.0,99
2025-01-03 04:00:00,14.2,100,0.0,0.56,0.0,100
2025-01-03 05:00:00,14.5,100,0.0,1.01,0.0,99
2025-01-03 06:00:00,14.7,99,1.0,0.96,0.0,18
2025-01-03 07:00:00,16.0,90,55.0,1.21,0.0,0
2025-01-03 08:00:00,16.6,89,146.0,1.42,0.0,31
2025-01-03 09:00:00,18.2,84,250.0,1.49,0.0,28
2025-01-03 10:00:00,20.1,78,454.0,1.25,0.0,15
2025-01-03 11:00:00,21.8,71,535.0,1.44,0.0,6
2025-01-03 12:00:00,23.1,65,546.0,1.44,0.0,1
2025-01-03 13:00:00,23.9,60,484.0,1.7,0.0,4
2025-01-03 14:00:00,24.1,58,367.0,1.95,0.0,3
2025-01-03 15:00:00,23.4,63,212.0,1.45,0.0,15
2025-01-03 16:00:00,20.6,74,65.0,1.22,0.0,83
2025-01-03 17:00:00,19.4,79,1.0,0.51,0.0,0
2025-01-03 18:00:00,18.5,86,0.0,0.35,0.0,0
2025-01-03 19:00:00,18.1,89,0.0,0.07,0.0,0
2025-01-03 20:00:00,17.4,93,0.0,0.39,0.0,0
2025-01-03 21:00:00,16.6,96,0.0,0.97,0.0,0
2025-01-03 22:00:00,16.4,96,0.0,0.59,0.0,0
2025-01-03 23:00:00,16.2,97,0.0,0.29,0.0,0
2025-01-04 00:00:00,15.5,99,0.0,0.35,0.0,0
2025-01-04 01:00:00,15.1,100,0.0,0.11,0.0,98
2025-01-04 02:00:00,15.4,100,0.0,0.07,0.0,100
2025-01-04 03:00:00,15.3,100,0.0,0.32,0.0,100
2025-01-04 04:00:00,15.1,100,0.0,0.41,0.0,97
2025-01-04 05:00:00,15.1,100,0.0,0.87,0.0,38
2025-01-04 06:00:00,14.7,98,2.0,1.76,0.0,19
2025-01-04 07:00:00,15.5,93,55.0,1.94,0.0,1
2025-01-04 08:00:00,17.0,85,181.0,1.86,0.0,22
2025-01-04 09:00:00,19.0,80,328.0,2.02,0.0,50
2025-01-04 10:00:00,20.9,75,480.0,1.87,0.0,19
2025-01-04 11:00:00,22.7,68,549.0,1.71,0.0,2
2025-01-04 12:00:00,24.0,61,557.0,1.95,0.0,0
2025-01-04 13:00:00,24.7,55,493.0,1.99,0.0,0
2025-01-04 14:00:00,24.8,53,374.0,1.25,0.0,0
2025-01-04 15:00:00,23.8,60,217.0,1.24,0.0,0
2025-01-04 16:00:00,20.7,73,67.0,1.44,0.0,0
2025-01-04 17:00:00,19.4,79,1.0,1.33,0.0,0
2025-01-04 18:00:00,19.6,83,0.0,0.76,0.0,0
2025-01-04 19:00:00,18.2,89,0.0,0.85,0.0,0
2025-01-04 20:00:00,17.5,91,0.0,0.9,0.0,0
2025-01-04 21:00:00,17.1,92,0.0,1.49,0.0,0
2025-01-04 22:00:00,16.8,90,0.0,1.63,0.0,0
2025-01-04 23:00:00,16.5,91,0.0,1.63,0.0,0
2025-01-05 00:00:00,15.8,93,0.0,1.19,0.0,0
2025-01-05 01:00:00,15.2,97,0.0,0.34,0.0,0
2025-01-05 02:00:00,14.4,100,0.0,0.8,0.0,97
2025-01-05 03:00:00,14.0,100,0.0,1.0,0.0,94
2025-01-05 04:00:00,14.2,100,0.0,1.25,0.0,100
2025-01-05 05:00:00,14.4,100,0.0,1.65,0.0,100
2025-01-05 06:00:00,14.3,100,2.0,1.53,0.0,97
2025-01-05 07:00:00,15.4,95,57.0,2.45,0.0,46
2025-01-05 08:00:00,16.8,88,185.0,1.97,0.0,73
2025-01-05 09:00:00,18.8,82,346.0,1.98,0.0,14
2025-01-05 10:00:00,21.3,71,487.0,1.78,0.0,30
2025-01-05 11:00:00,23.1,64,548.0,1.59,0.0,56
2025-01-05 12:00:00,24.3,59,539.0,1.78,0.0,54
2025-01-05 13:00:00,25.1,56,479.0,1.97,0.0,46
2025-01-05 14:00:00,24.9,54,356.0,2.31,0.0,63
2025-01-05 15:00:00,24.0,60,210.0,1.32,0.0,25
2025-01-05 16:00:00,21.3,71,65.0,1.58,0.0,22
2025-01-05 17:00:00,19.8,78,1.0,1.75,0.0,42
2025-01-05 18:00:00,19.7,80,0.0,1.52,0.0,99
2025-01-05 19:00:00,19.5,81,0.0,1.74,0.0,95
2025-01-05 20:00:00,18.7,85,0.0,1.66,0.0,21
2025-01-05 21:00:00,17.8,89,0.0,1.68,0.0,35
2025-01-05 22:00:00,17.2,91,0.0,1.53,0.0,62
2025-01-05 23:00:00,16.6,93,0.0,1.3,0.0,74
2025-01-06 00:00:00,16.1,96,0.0,1.06,0.0,85
2025-01-06 01:00:00,15.7,97,0.0,0.9,0.0,87
2025-01-06 02:00:00,15.2,99,0.0,1.11,0.0,100
2025-01-06 03:00:00,15.1,98,0.0,1.13,0.0,85
2025-01-06 04:00:00,14.7,99,0.0,0.83,0.0,86
2025-01-06 05:00:00,14.3,100,0.0,0.47,0.0,100
2025-01-06 06:00:00,14.3,100,2.0,1.46,0.0,100
2025-01-06 07:00:00,15.5,98,52.0,1.25,0.0,100
2025-01-06 08:00:00,16.9,91,156.0,1.15,0.0,100
2025-01-06 09:00:00,19.6,78,317.0,0.79,0.0,100
2025-01-06 10:00:00,21.1,71,303.0,0.76,0.0,98
2025-01-06 11:00:00,23.2,63,469.0,0.72,0.0,87
2025-01-06 12:00:00,24.8,57,528.0,1.07,0.0,99
2025-01-06 13:00:00,25.3,55,411.0,1.64,0.0,100
2025-01-06 14:00:00,25.1,55,323.0,1.74,0.0,63
2025-01-06 15:00:00,24.2,60,194.0,1.28,0.0,59
2025-01-06 16:00:00,22.1,70,65.0,0.61,0.0,55
2025-01-06 17:00:00,20.2,75,1.0,1.19,0.0,76
2025-01-06 18:00:00,20.0,77,0.0,1.52,0.0,24
2025-01-06 19:00:00,19.1,80,0.0,1.49,0.0,79
2025-01-06 20:00:00,18.1,87,0.0,1.3,0.0,95
2025-01-06 21:00:00,18.0,89,0.0,1.37,0.0,40
2025-01-06 22:00:00,17.6,90,0.0,1.23,0.0,4
2025-01-06 23:00:00,17.2,90,0.0,1.16,0.0,3
2025-01-07 00:00:00,17.1,89,0.0,0.57,0.0,1
2025-01-07 01:00:00,16.4,93,0.0,0.82,0.0,1
2025-01-07 02:00:00,16.4,94,0.0,0.36,0.0,8
2025-01-07 03:00:00,16.0,95,0.0,0.14,0.0,14
2025-01-07 04:00:00,15.5,96,0.0,0.47,0.0,29
2025-01-07 05:00:00,15.4,97,0.0,0.56,0.0,30
2025-01-07 06:00:00,15.1,100,2.0,0.63,0.0,44
2025-01-07 07:00:00,16.9,94,51.0,0.76,0.1,37
2025-01-07 08:00:00,18.5,89,166.0,0.51,0.1,50
2025-01-07 09:00:00,19.8,80,225.0,1.42,0.1,37
2025-01-07 10:00:00,21.3,70,374.0,1.05,0.0,97
2025-01-07 11:00:00,22.5,65,351.0,1.07,0.0,41
2025-01-07 12:00:00,23.5,61,371.0,1.6,0.0,15
2025-01-07 13:00:00,24.1,59,437.0,2.07,0.0,10
2025-01-07 14:00:00,24.0,59,344.0,2.3,0.0,27
2025-01-07 15:00:00,23.2,64,199.0,2.73,0.0,28
2025-01-07 16:00:00,20.7,75,57.0,3.61,0.0,35
2025-01-07 17:00:00,18.7,82,1.0,2.22,0.0,47
2025-01-07 18:00:00,17.5,95,0.0,1.23,4.2,100
2025-01-07 19:00:00,17.8,93,0.0,1.75,0.9,59
2025-01-07 20:00:00,17.1,91,0.0,2.49,0.0,59
2025-01-07 21:00:00,16.2,94,0.0,4.48,0.0,90
2025-01-07 22:00:00,15.8,96,0.0,4.25,0.3,97
2025-01-07 23:00:00,15.9,96,0.0,3.67,0.4,91
2025-01-08 00:00:00,15.5,97,0.0,3.41,0.9,95
2025-01-08 01:00:00,15.3,97,0.0,3.39,2.2,58
2025-01-08 02:00:00,15.1,96,0.0,0.38,8.3,78
2025-01-08 03:00:00,15.4,97,0.0,0.6,0.0,25
2025-01-08 04:00:00,15.4,93,0.0,1.62,0.0,91
2025-01-08 05:00:00,16.0,92,0.0,2.19,0.0,14
2025-01-08 06:00:00,16.0,98,1.0,1.52,0.6,70
2025-01-08 07:00:00,16.6,92,50.0,1.52,0.1,60
2025-01-08 08:00:00,17.6,87,160.0,2.26,0.0,76
2025-01-08 09:00:00,18.7,84,269.0,2.3,0.1,50
2025-01-08 10:00:00,20.0,76,353.0,2.26,0.0,32
2025-01-08 11:00:00,21.0,69,414.0,2.45,0.1,16
2025-01-08 12:00:00,22.2,60,512.0,2.65,0.0,10
2025-01-08 13:00:00,22.5,58,467.0,2.96,0.0,11
2025-01-08 14:00:00,22.4,58,353.0,3.06,0.0,8
2025-01-08 15:00:00,21.8,59,212.0,2.51,0.0,2
2025-01-08 16:00:00,19.6,71,68.0,0.92,0.0,3
2025-01-08 17:00:00,18.5,75,2.0,0.39,0.0,25
2025-01-08 18:00:00,17.3,88,0.0,0.1,0.0,39
2025-01-08 19:00:00,17.0,92,0.0,0.42,0.0,99
2025-01-08 20:00:00,16.7,94,0.0,1.22,0.0,94
2025-01-08 21:00:00,16.1,94,0.0,0.9,0.0,90
2025-01-08 22:00:00,16.7,93,0.0,0.52,0.0,79
2025-01-08 23:00:00,17.0,92,0.0,0.16,0.0,37
2025-01-09 00:00:00,16.7,93,0.0,0.0,0.0,71
2025-01-09 01:00:00,15.9,95,0.0,0.25,0.0,52
2025-01-09 02:00:00,15.2,100,0.0,0.4,0.0,41
2025-01-09 03:00:00,14.9,100,0.0,0.25,0.0,99
2025-01-09 04:00:00,15.0,100,0.0,0.1,0.0,100
2025-01-09 05:00:00,15.0,100,0.0,0.25,0.0,100
2025-01-09 06:00:00,15.5,96,1.0,1.92,0.1,81
2025-01-09 07:00:00,15.8,95,60.0,0.63,0.0,58
2025-01-09 08:00:00,17.2,86,201.0,1.51,0.0,17
2025-01-09 09:00:00,18.9,76,330.0,2.15,0.0,31
2025-01-09 10:00:00,20.3,70,459.0,2.64,0.0,20
2025-01-09 11:00:00,21.5,63,521.0,3.27,0.1,15
2025-01-09 12:00:00,22.2,60,521.0,3.4,0.0,7
2025-01-09 13:00:00,22.5,59,472.0,3.23,0.0,4
2025-01-09 14:00:00,22.4,58,364.0,3.13,0.0,1
2025-01-09 15:00:00,21.7,61,218.0,2.94,0.0,1
2025-01-09 16:00:00,19.6,72,72.0,1.73,0.0,3
2025-01-09 17:00:00,17.8,81,2.0,1.43,0.0,4
2025-01-09 18:00:00,17.7,88,0.0,1.21,0.0,35
2025-01-09 19:00:00,17.8,86,0.0,0.32,0.1,63
2025-01-09 20:00:00,17.9,88,0.0,0.07,0.0,53
2025-01-09 21:00:00,17.1,91,0.0,0.83,0.0,48
2025-01-09 22:00:00,16.5,94,0.0,0.78,0.0,14
2025-01-09 23:00:00,15.6,97,0.0,0.89,0.0,6
2025-01-10 00:00:00,15.1,99,0.0,0.81,0.0,4
2025-01-10 01:00:00,14.5,100,0.0,1.05,0.0,95
2025-01-10 02:00:00,15.0,100,0.0,1.51,0.0,94
2025-01-10 03:00:00,15.0,100,0.0,1.95,0.0,94
2025-01-10 04:00:00,14.9,100,0.0,2.05,0.0,21
2025-01-10 05:00:00,14.8,99,0.0,1.95,0.0,25
2025-01-10 06:00:00,14.2,100,1.0,2.03,0.0,100
2025-01-10 07:00:00,15.0,94,53.0,2.28,0.0,81
2025-01-10 08:00:00,16.5,85,164.0,1.68,0.0,59
2025-01-10 09:00:00,18.5,77,332.0,1.41,0.0,8
2025-01-10 10:00:00,20.7,70,484.0,1.69,0.0,0
2025-01-10 11:00:00,22.5,63,554.0,2.41,0.0,0
2025-01-10 12:00:00,23.8,55,557.0,2.91,0.0,0
2025-01-10 13:00:00,24.4,50,497.0,3.54,0.0,0
2025-01-10 14:00:00,24.3,48,381.0,3.65,0.0,1
2025-01-10 15:00:00,23.4,53,226.0,2.62,0.0,3
2025-01-10 16:00:00,20.2,67,74.0,1.68,0.0,7
2025-01-10 17:00:00,18.2,77,2.0,1.72,0.0,5
2025-01-10 18:00:00,18.1,81,0.0,1.1,0.0,8
2025-01-10 19:00:00,17.3,86,0.0,1.46,0.0,2
2025-01-10 20:00:00,16.8,88,0.0,1.57,0.0,0
2025-01-10 21:00:00,16.3,89,0.0,1.55,0.0,0
2025-01-10 22:00:00,15.6,90,0.0,1.46,0.0,0
2025-01-10 23:00:00,14.7,95,0.0,1.4,0.0,0
2025-01-11 00:00:00,14.3,97,0.0,1.42,0.0,0
2025-01-11 01:00:00,13.8,98,0.0,1.36,0.0,0
2025-01-11 02:00:00,13.5,99,0.0,1.4,0.0,0
2025-01-11 03:00:00,13.2,100,0.0,1.36,0.0,0
2025-01-11 04:00:00,13.0,100,0.0,1.37,0.0,0
2025-01-11 05:00:00,12.8,100,0.0,1.35,0.0,0
2025-01-11 06:00:00,13.3,100,1.0,1.66,0.0,99
2025-01-11 07:00:00,13.9,98,50.0,2.02,0.0,100
2025-01-11 08:00:00,15.5,90,169.0,1.56,0.0,42
2025-01-11 09:00:00,18.0,79,349.0,1.57,0.0,59
2025-01-11 10:00:00,20.7,68,491.0,2.1,0.0,24
2025-01-11 11:00:00,23.0,59,558.0,2.9,0.0,0
2025-01-11 12:00:00,24.2,52,562.0,3.64,0.0,0
2025-01-11 13:00:00,24.7,50,501.0,3.68,0.0,17
2025-01-11 14:00:00,24.5,51,382.0,2.9,0.0,20
2025-01-11 15:00:00,23.7,57,226.0,1.66,0.0,21
2025-01-11 16:00:00,20.8,69,75.0,1.08,0.0,0
2025-01-11 17:00:00,19.1,75,2.0,1.25,0.0,0
2025-01-11 18:00:00,19.0,77,0.0,0.67,0.0,19
2025-01-11 19:00:00,17.6,86,0.0,1.46,0.0,4
2025-01-11 20:00:00,17.3,88,0.0,1.81,0.0,0
2025-01-11 21:00:00,16.9,89,0.0,1.85,0.0,11
2025-01-11 22:00:00,16.2,90,0.0,1.74,0.0,89
2025-01-11 23:00:00,15.3,93,0.0,1.43,0.0,0
2025-01-12 00:00:00,14.6,97,0.0,1.51,0.0,0
2025-01-12 01:00:00,14.5,98,0.0,1.68,0.0,0
2025-01-12 02:00:00,14.3,98,0.0,1.66,0.0,0
2025-01-12 03:00:00,14.1,99,0.0,1.7,0.0,9
2025-01-12 04:00:00,13.6,100,0.0,1.39,0.0,100
2025-01-12 05:00:00,13.2,100,0.0,0.85,0.0,98
2025-01-12 06:00:00,13.4,100,1.0,0.89,0.0,98
2025-01-12 07:00:00,14.6,97,43.0,1.44,0.0,60
2025-01-12 08:00:00,16.3,85,176.0,1.25,0.0,19
2025-01-12 09:00:00,18.5,76,350.0,0.94,0.0,8
2025-01-12 10:00:00,20.8,66,482.0,0.89,0.0,3
2025-01-12 11:00:00,22.8,56,560.0,0.72,0.0,93
2025-01-12 12:00:00,22.9,55,273.0,1.25,0.0,51
2025-01-12 13:00:00,24.0,52,383.0,1.58,0.0,63
2025-01-12 14:00:00,24.0,52,305.0,1.0,0.0,23
2025-01-12 15:00:00,23.4,57,209.0,1.3,0.0,58
2025-01-12 16:00:00,20.6,71,76.0,0.82,0.0,100
2025-01-12 17:00:00,19.6,75,2.0,0.36,0.0,100
2025-01-12 18:00:00,19.5,79,0.0,0.55,0.0,96
2025-01-12 19:00:00,18.8,82,0.0,0.72,0.0,11
2025-01-12 20:00:00,17.6,84,0.0,0.11,0.0,16
2025-01-12 21:00:00,17.5,84,0.0,0.16,0.0,19
2025-01-12 22:00:00,16.9,86,0.0,0.5,0.0,6
2025-01-12 23:00:00,16.8,87,0.0,0.46,0.0,10
2025-01-13 00:00:00,16.3,91,0.0,0.35,0.0,8
2025-01-13 01:00:00,15.6,94,0.0,0.07,0.0,8
2025-01-13 02:00:00,15.2,93,0.0,0.07,0.0,6
2025-01-13 03:00:00,14.7,97,0.0,0.21,0.0,5
2025-01-13 04:00:00,14.3,99,0.0,0.21,0.0,13
2025-01-13 05:00:00,13.7,100,0.0,0.9,0.0,95
2025-01-13 06:00:00,14.1,99,1.0,1.49,0.0,100
2025-01-13 07:00:00,15.3,95,31.0,1.29,0.0,100
2025-01-13 08:00:00,16.8,88,88.0,1.45,0.0,100
2025-01-13 09:00:00,18.7,79,169.0,1.66,0.0,99
2025-01-13 10:00:00,20.2,73,312.0,1.91,0.0,32
2025-01-13 11:00:00,22.2,61,533.0,1.23,0.0,26
2025-01-13 12:00:00,23.4,57,428.0,1.61,0.0,11
2025-01-13 13:00:00,24.3,53,478.0,0.82,0.0,7
2025-01-13 14:00:00,24.2,54,366.0,0.87,0.0,1
2025-01-13 15:00:00,23.5,56,223.0,1.31,0.0,4
2025-01-13 16:00:00,20.9,69,76.0,0.94,0.0,9
2025-01-13 17:00:00,19.4,71,3.0,0.65,0.0,6
2025-01-13 18:00:00,19.3,72,0.0,0.69,0.0,39
2025-01-13 19:00:00,18.0,83,0.0,1.49,0.0,67
2025-01-13 20:00:00,17.2,91,0.0,1.4,0.0,33
2025-01-13 21:00:00,16.7,93,0.0,1.76,0.0,66
2025-01-13 22:00:00,17.3,86,0.0,2.23,0.0,25
2025-01-13 23:00:00,16.9,87,0.0,1.9,0.0,27
2025-01-14 00:00:00,16.3,90,0.0,1.6,0.0,5
2025-01-14 01:00:00,15.7,94,0.0,2.24,0.1,29
2025-01-14 02:00:00,15.5,94,0.0,2.92,0.1,22
2025-01-14 03:00:00,15.2,95,0.0,2.28,0.0,35
2025-01-14 04:00:00,15.0,95,0.0,1.96,0.1,34
2025-01-14 05:00:00,14.8,96,0.0,1.95,0.1,40
2025-01-14 06:00:00,15.0,99,1.0,2.22,0.0,33
2025-01-14 07:00:00,15.7,95,57.0,2.02,0.0,38
2025-01-14 08:00:00,17.4,87,200.0,2.22,0.0,46
2025-01-14 09:00:00,19.0,80,336.0,1.96,0.0,40
2025-01-14 10:00:00,20.6,73,459.0,1.71,0.0,20
2025-01-14 11:00:00,22.1,65,534.0,1.75,0.0,4
2025-01-14 12:00:00,23.1,59,549.0,1.65,0.0,1
2025-01-14 13:00:00,23.5,57,492.0,1.9,0.0,1
2025-01-14 14:00:00,23.4,57,379.0,2.42,0.0,1
2025-01-14 15:00:00,22.7,59,228.0,2.23,0.0,0
2025-01-14 16:00:00,20.5,71,80.0,0.9,0.0,1
2025-01-14 17:00:00,19.1,75,3.0,0.74,0.0,4
2025-01-14 18:00:00,19.0,78,0.0,0.66,0.0,9
2025-01-14 19:00:00,18.1,85,0.0,1.25,0.0,10
2025-01-14 20:00:00,17.5,88,0.0,1.07,0.0,5
2025-01-14 21:00:00,16.9,92,0.0,0.67,0.0,1
2025-01-14 22:00:00,16.1,95,0.0,1.05,0.0,1
2025-01-14 23:00:00,15.6,96,0.0,0.88,0.0,2
2025-01-15 00:00:00,15.3,96,0.0,0.54,0.0,2
2025-01-15 01:00:00,15.1,99,0.0,0.3,0.0,1
2025-01-15 02:00:00,14.9,100,0.0,0.16,0.0,98
2025-01-15 03:00:00,14.6,100,0.0,0.4,0.0,99
2025-01-15 04:00:00,14.8,100,0.0,0.93,0.0,99
2025-01-15 05:00:00,14.6,100,0.0,1.48,0.0,98
2025-01-15 06:00:00,14.1,100,2.0,1.53,0.0,33
2025-01-15 07:00:00,14.8,97,57.0,1.95,0.0,97
2025-01-15 08:00:00,16.4,89,183.0,1.9,0.0,38
2025-01-15 09:00:00,18.5,79,350.0,2.02,0.0,29
2025-01-15 10:00:00,20.7,70,483.0,2.06,0.0,40
2025-01-15 11:00:00,22.5,64,555.0,2.37,0.0,99
2025-01-15 12:00:00,23.7,59,555.0,2.8,0.0,85
2025-01-15 13:00:00,24.3,55,484.0,3.08,0.0,49
2025-01-15 14:00:00,24.2,54,383.0,3.34,0.0,55
2025-01-15 15:00:00,23.5,57,232.0,2.78,0.0,75
2025-01-15 16:00:00,20.8,69,82.0,1.73,0.0,8
2025-01-15 17:00:00,18.6,79,3.0,1.81,0.0,3
2025-01-15 18:00:00,18.5,78,0.0,0.72,0.0,3
2025-01-15 19:00:00,17.8,82,0.0,0.67,0.0,1
2025-01-15 20:00:00,17.0,86,0.0,0.98,0.0,0
2025-01-15 21:00:00,16.4,89,0.0,1.54,0.0,3
2025-01-15 22:00:00,16.0,89,0.0,1.69,0.0,0
2025-01-15 23:00:00,15.3,90,0.0,1.62,0.0,2
2025-01-16 00:00:00,14.5,94,0.0,1.31,0.0,6
2025-01-16 01:00:00,13.7,99,0.0,1.06,0.0,27
2025-01-16 02:00:00,13.5,100,0.0,1.42,0.0,0
2025-01-16 03:00:00,13.8,98,0.0,1.63,0.0,4
2025-01-16 04:00:00,13.4,98,0.0,1.48,0.0,0
2025-01-16 05:00:00,13.0,98,0.0,1.37,0.0,0
2025-01-16 06:00:00,13.1,98,2.0,1.14,0.0,1
2025-01-16 07:00:00,14.9,94,70.0,1.78,0.0,1
2025-01-16 08:00:00,17.2,81,214.0,1.35,0.0,2
2025-01-16 09:00:00,19.4,72,366.0,1.6,0.0,4
2025-01-16 10:00:00,21.3,66,490.0,1.8,0.0,28
2025-01-16 11:00:00,23.1,61,556.0,1.73,0.0,79
2025-01-16 12:00:00,24.5,55,554.0,1.62,0.0,24
2025-01-16 13:00:00,25.3,51,498.0,1.53,0.0,48
2025-01-16 14:00:00,25.4,50,382.0,1.63,0.0,6
2025-01-16 15:00:00,24.6,54,232.0,1.62,0.0,3
2025-01-16 16:00:00,21.5,68,82.0,1.48,0.0,3
2025-01-16 17:00:00,19.5,75,4.0,1.5,0.0,19
2025-01-16 18:00:00,19.3,77,0.0,1.01,0.0,0
2025-01-16 19:00:00,18.6,81,0.0,0.85,0.0,2
2025-01-16 20:00:00,17.7,86,0.0,0.92,0.0,5
2025-01-16 21:00:00,16.9,88,0.0,1.18,0.0,30
2025-01-16 22:00:00,16.4,90,0.0,1.13,0.0,70
2025-01-16 23:00:00,16.2,91,0.0,0.72,0.0,100
2025-01-17 00:00:00,16.2,91,0.0,0.39,0.0,28
2025-01-17 01:00:00,15.6,93,0.0,0.0,0.0,28
2025-01-17 02:00:00,15.2,96,0.0,0.29,0.0,6
2025-01-17 03:00:00,14.9,98,0.0,0.14,0.0,59
2025-01-17 04:00:00,14.6,98,0.0,0.16,0.0,4
2025-01-17 05:00:00,14.4,99,0.0,0.18,0.0,3
2025-01-17 06:00:00,14.4,93,2.0,0.14,0.0,20
2025-01-17 07:00:00,15.9,92,64.0,0.87,0.0,19
2025-01-17 08:00:00,18.2,79,201.0,0.74,0.0,91
2025-01-17 09:00:00,20.3,68,329.0,0.99,0.0,66
2025-01-17 10:00:00,22.2,61,465.0,1.23,0.0,55
2025-01-17 11:00:00,23.7,55,538.0,1.39,0.0,21
2025-01-17 12:00:00,24.9,51,558.0,1.5,0.0,11
2025-01-17 13:00:00,25.4,49,500.0,1.88,0.0,25
2025-01-17 14:00:00,25.2,49,376.0,2.28,0.0,43
2025-01-17 15:00:00,24.2,54,200.0,1.91,0.0,95
2025-01-17 16:00:00,21.8,66,80.0,1.33,0.0,78
2025-01-17 17:00:00,20.4,68,4.0,0.36,0.0,18
2025-01-17 18:00:00,19.8,75,0.0,0.55,0.0,10
2025-01-17 19:00:00,18.6,83,0.0,0.91,0.0,4
2025-01-17 20:00:00,17.6,88,0.0,1.01,0.0,1
2025-01-17 21:00:00,17.3,87,0.0,1.09,0.0,1
2025-01-17 22:00:00,17.1,87,0.0,0.75,0.0,4
2025-01-17 23:00:00,16.3,90,0.0,1.2,0.0,1
2025-01-18 00:00:00,15.9,92,0.0,1.38,0.0,1
2025-01-18 01:00:00,15.8,92,0.0,0.81,0.0,10
2025-01-18 02:00:00,15.3,93,0.0,0.56,0.0,19
2025-01-18 03:00:00,14.8,95,0.0,0.74,0.0,4
2025-01-18 04:00:00,14.3,96,0.0,0.89,0.0,7
2025-01-18 05:00:00,14.4,95,0.0,0.65,0.0,4
2025-01-18 06:00:00,14.7,98,2.0,0.2,0.0,4
2025-01-18 07:00:00,16.2,95,67.0,0.69,0.0,1
2025-01-18 08:00:00,18.1,86,209.0,0.6,0.0,2
2025-01-18 09:00:00,20.2,74,362.0,0.46,0.0,1
2025-01-18 10:00:00,22.1,64,484.0,0.74,0.0,8
2025-01-18 11:00:00,23.6,57,553.0,1.39,0.0,4
2025-01-18 12:00:00,24.5,52,561.0,1.75,0.0,0
2025-01-18 13:00:00,25.0,48,505.0,1.92,0.0,0
2025-01-18 14:00:00,24.9,48,391.0,1.71,0.0,0
2025-01-18 15:00:00,24.0,51,240.0,1.81,0.0,0
2025-01-18 16:00:00,21.8,63,87.0,0.53,0.0,0
2025-01-18 17:00:00,20.3,65,4.0,0.57,0.0,0
2025-01-18 18:00:00,19.4,76,0.0,1.66,0.0,0
2025-01-18 19:00:00,18.3,82,0.0,1.45,0.0,0
2025-01-18 20:00:00,17.9,84,0.0,0.93,0.0,0
2025-01-18 21:00:00,17.3,87,0.0,0.57,0.0,0
2025-01-18 22:00:00,16.7,90,0.0,1.13,0.0,0
2025-01-18 23:00:00,16.4,91,0.0,1.7,0.0,0
2025-01-19 00:00:00,16.2,91,0.0,1.71,0.0,1
2025-01-19 01:00:00,15.8,91,0.0,1.7,0.0,1
2025-01-19 02:00:00,15.6,90,0.0,1.7,0.0,1
2025-01-19 03:00:00,15.5,90,0.0,1.21,0.0,2
2025-01-19 04:00:00,15.0,92,0.0,1.31,0.0,3
2025-01-19 05:00:00,14.8,92,0.0,1.15,0.0,4
2025-01-19 06:00:00,14.3,97,2.0,1.13,0.0,3
2025-01-19 07:00:00,16.4,93,69.0,1.14,0.0,3
2025-01-19 08:00:00,18.3,83,214.0,1.38,0.0,3
2025-01-19 09:00:00,19.8,76,367.0,1.68,0.0,0
2025-01-19 10:00:00,21.3,69,489.0,1.64,0.0,0
2025-01-19 11:00:00,22.7,62,558.0,1.45,0.0,0
2025-01-19 12:00:00,23.8,57,565.0,1.55,0.0,0
2025-01-19 13:00:00,24.4,53,508.0,1.79,0.0,0
2025-01-19 14:00:00,24.5,53,394.0,1.87,0.0,0
2025-01-19 15:00:00,23.9,56,241.0,1.52,0.0,0
2025-01-19 16:00:00,21.8,68,88.0,0.72,0.0,0
2025-01-19 17:00:00,20.3,70,5.0,0.1,0.0,0
2025-01-19 18:00:00,19.8,75,0.0,0.55,0.0,4
2025-01-19 19:00:00,18.8,83,0.0,1.01,0.0,3
2025-01-19 20:00:00,18.6,83,0.0,0.89,0.0,4
2025-01-19 21:00:00,18.3,84,0.0,1.18,0.0,6
2025-01-19 22:00:00,17.5,88,0.0,1.6,0.0,7
2025-01-19 23:00:00,16.9,92,0.0,1.56,0.0,2
2025-01-20 00:00:00,16.2,94,0.0,1.38,0.0,5
2025-01-20 01:00:00,16.2,92,0.0,1.24,0.0,5
2025-01-20 02:00:00,16.1,92,0.0,0.89,0.0,3
2025-01-20 03:00:00,16.0,93,0.0,0.57,0.0,2
2025-01-20 04:00:00,15.8,94,0.0,0.42,0.0,1
2025-01-20 05:00:00,15.4,96,0.0,0.5,0.0,1
2025-01-20 06:00:00,15.0,100,2.0,0.6,0.0,10
2025-01-20 07:00:00,16.5,96,69.0,1.3,0.0,11
2025-01-20 08:00:00,18.1,87,214.0,0.8,0.0,0
2025-01-20 09:00:00,20.0,76,365.0,1.32,0.0,0
2025-01-20 10:00:00,21.5,68,486.0,1.52,0.0,0
2025-01-20 11:00:00,22.7,62,553.0,1.3,0.0,0
2025-01-20 12:00:00,23.5,58,554.0,1.45,0.0,0
2025-01-20 13:00:00,24.1,56,504.0,1.63,0.0,0
2025-01-20 14:00:00,24.4,54,393.0,1.42,0.0,0
2025-01-20 15:00:00,24.1,55,241.0,1.17,0.0,3
2025-01-20 16:00:00,22.3,67,88.0,0.6,0.0,4
2025-01-20 17:00:00,20.7,70,5.0,0.47,0.0,3
2025-01-20 18:00:00,20.1,76,0.0,0.86,0.0,2
2025-01-20 19:00:00,19.2,81,0.0,1.17,0.0,5
2025-01-20 20:00:00,18.5,85,0.0,1.59,0.0,4
2025-01-20 21:00:00,18.5,86,0.0,2.11,0.0,8
2025-01-20 22:00:00,18.1,89,0.0,2.02,0.0,12
2025-01-20 23:00:00,17.5,91,0.0,1.63,0.0,5
2025-01-21 00:00:00,16.9,92,0.0,1.49,0.0,19
2025-01-21 01:00:00,17.0,91,0.0,1.31,0.0,29
2025-01-21 02:00:00,17.1,91,0.0,1.27,0.0,30
2025-01-21 03:00:00,17.3,91,0.0,1.03,0.0,29
2025-01-21 04:00:00,17.2,93,0.0,1.0,0.0,46
2025-01-21 05:00:00,16.7,95,0.0,0.96,0.0,44
2025-01-21 06:00:00,17.1,95,2.0,0.78,0.0,20
2025-01-21 07:00:00,18.3,89,61.0,1.34,0.0,49
2025-01-21 08:00:00,19.3,81,176.0,1.52,0.0,15
2025-01-21 09:00:00,20.7,75,330.0,1.25,0.0,4
2025-01-21 10:00:00,22.2,69,473.0,1.35,0.0,3
2025-01-21 11:00:00,23.4,65,545.0,1.26,0.0,24
2025-01-21 12:00:00,24.0,62,552.0,2.13,0.0,26
2025-01-21 13:00:00,24.2,60,474.0,2.55,0.0,28
2025-01-21 14:00:00,24.4,58,337.0,2.17,0.0,13
2025-01-21 15:00:00,24.1,58,232.0,1.91,0.0,18
2025-01-21 16:00:00,22.0,70,83.0,1.27,0.0,20
2025-01-21 17:00:00,20.5,73,5.0,0.81,0.0,13
2025-01-21 18:00:00,20.2,80,0.0,0.99,0.0,16
2025-01-21 19:00:00,19.5,83,0.0,1.59,0.0,25
2025-01-21 20:00:00,19.1,85,0.0,2.15,0.0,38
2025-01-21 21:00:00,18.6,88,0.0,1.97,0.0,23
2025-01-21 22:00:00,18.2,90,0.0,1.68,0.0,24
2025-01-21 23:00:00,17.8,91,0.0,1.42,0.0,37
2025-01-22 00:00:00,17.9,91,0.0,1.28,0.0,61
2025-01-22 01:00:00,17.8,91,0.0,1.11,0.0,69
2025-01-22 02:00:00,18.0,91,0.0,0.74,0.0,83
2025-01-22 03:00:00,18.2,91,0.0,0.64,0.0,100
2025-01-22 04:00:00,18.4,90,0.0,0.56,0.0,96
2025-01-22 05:00:00,18.2,91,0.0,0.35,0.0,34
2025-01-22 06:00:00,18.2,92,1.0,0.54,0.0,76
2025-01-22 07:00:00,19.1,88,35.0,1.61,0.0,88
2025-01-22 08:00:00,20.1,80,161.0,1.99,0.1,36
2025-01-22 09:00:00,21.2,73,328.0,2.0,0.0,19
2025-01-22 10:00:00,22.2,68,444.0,1.88,0.0,6
2025-01-22 11:00:00,23.3,64,520.0,1.72,0.0,19
2025-01-22 12:00:00,24.1,61,547.0,1.88,0.0,19
2025-01-22 13:00:00,24.6,59,458.0,1.63,0.0,9
2025-01-22 14:00:00,24.6,58,365.0,1.91,0.0,2
2025-01-22 15:00:00,24.3,58,237.0,2.0,0.0,8
2025-01-22 16:00:00,22.3,72,89.0,1.0,0.0,6
2025-01-22 17:00:00,20.8,73,6.0,0.57,0.0,3
2025-01-22 18:00:00,19.4,86,0.0,1.39,0.0,20
2025-01-22 19:00:00,19.1,85,0.0,1.54,0.0,32
2025-01-22 20:00:00,19.0,86,0.0,1.82,0.0,13
2025-01-22 21:00:00,18.7,88,0.0,1.93,0.0,15
2025-01-22 22:00:00,18.1,91,0.0,1.84,0.0,15
2025-01-22 23:00:00,17.7,92,0.0,1.7,0.0,12
2025-01-23 00:00:00,17.3,91,0.0,1.57,0.0,14
2025-01-23 01:00:00,17.2,92,0.0,1.55,0.0,37
2025-01-23 02:00:00,17.0,94,0.0,1.32,0.0,37
2025-01-23 03:00:00,17.4,94,0.0,1.11,0.0,65
2025-01-23 04:00:00,17.7,94,0.0,1.0,0.0,45
2025-01-23 05:00:00,17.3,92,0.0,0.85,0.0,50
2025-01-23 06:00:00,16.1,97,2.0,1.21,0.0,53
2025-01-23 07:00:00,17.8,89,63.0,1.76,0.0,81
2025-01-23 08:00:00,18.8,85,172.0,1.59,0.0,60
2025-01-23 09:00:00,20.3,77,293.0,1.87,0.0,51
2025-01-23 10:00:00,21.4,71,367.0,1.97,0.0,9
2025-01-23 11:00:00,22.7,65,489.0,1.81,0.0,13
2025-01-23 12:00:00,23.8,61,547.0,1.75,0.0,16
2025-01-23 13:00:00,24.5,59,493.0,2.14,0.0,66
2025-01-23 14:00:00,24.6,58,403.0,2.44,0.0,29
2025-01-23 15:00:00,24.3,59,251.0,1.81,0.0,2
2025-01-23 16:00:00,22.1,71,92.0,1.37,0.0,10
2025-01-23 17:00:00,19.7,78,6.0,1.47,0.0,8
2025-01-23 18:00:00,19.7,79,0.0,2.34,0.0,26
2025-01-23 19:00:00,19.2,82,0.0,2.3,0.0,34
2025-01-23 20:00:00,18.9,84,0.0,2.35,0.0,26
2025-01-23 21:00:00,18.3,86,0.0,2.45,0.0,17
2025-01-23 22:00:00,18.4,84,0.0,2.63,0.0,4
2025-01-23 23:00:00,17.4,89,0.0,2.65,0.0,2
2025-01-24 00:00:00,16.9,92,0.0,2.41,0.0,7
2025-01-24 01:00:00,16.6,92,0.0,2.13,0.0,3
2025-01-24 02:00:00,16.2,93,0.0,1.7,0.0,2
2025-01-24 03:00:00,15.4,95,0.0,1.35,0.0,2
2025-01-24 04:00:00,15.1,98,0.0,0.89,0.0,2
2025-01-24 05:00:00,14.9,98,0.0,0.65,0.0,0
2025-01-24 06:00:00,15.4,99,2.0,1.46,0.0,20
2025-01-24 07:00:00,16.2,93,57.0,1.77,0.0,40
2025-01-24 08:00:00,17.4,85,173.0,1.71,0.0,7
2025-01-24 09:00:00,18.9,75,329.0,1.71,0.0,3
2025-01-24 10:00:00,20.3,68,484.0,1.84,0.0,4
2025-01-24 11:00:00,21.8,61,572.0,1.55,0.0,1
2025-01-24 12:00:00,22.7,56,591.0,1.87,0.0,0
2025-01-24 13:00:00,23.0,51,532.0,2.56,0.0,0
2025-01-24 14:00:00,22.6,53,413.0,2.36,0.0,0
2025-01-24 15:00:00,22.1,56,257.0,1.75,0.0,0
2025-01-24 16:00:00,20.1,69,98.0,1.1,0.0,0
2025-01-24 17:00:00,18.7,72,7.0,1.82,0.0,0
2025-01-24 18:00:00,18.3,74,0.0,3.45,0.0,29
2025-01-24 19:00:00,18.1,75,0.0,3.35,0.0,78
2025-01-24 20:00:00,18.0,75,0.0,2.83,0.0,9
2025-01-24 21:00:00,16.9,84,0.0,1.9,0.0,0
2025-01-24 22:00:00,15.7,92,0.0,1.49,0.0,1
2025-01-24 23:00:00,15.2,94,0.0,1.32,0.0,3
2025-01-25 00:00:00,14.7,96,0.0,1.14,0.0,3
2025-01-25 01:00:00,14.4,98,0.0,0.59,0.0,6
2025-01-25 02:00:00,14.2,99,0.0,0.15,0.0,5
2025-01-25 03:00:00,13.7,100,0.0,0.35,0.0,96
2025-01-25 04:00:00,13.2,100,0.0,0.49,0.0,95
2025-01-25 05:00:00,13.1,100,0.0,0.56,0.0,95
2025-01-25 06:00:00,14.0,100,2.0,0.3,0.0,100
2025-01-25 07:00:00,14.8,97,56.0,0.6,0.0,100
2025-01-25 08:00:00,16.1,90,156.0,0.05,0.0,60
2025-01-25 09:00:00,17.8,81,283.0,0.43,0.0,42
2025-01-25 10:00:00,19.4,71,443.0,1.18,0.0,27
2025-01-25 11:00:00,20.5,63,504.0,1.49,0.0,12
2025-01-25 12:00:00,21.5,55,553.0,1.85,0.0,6
2025-01-25 13:00:00,21.9,54,507.0,2.11,0.0,5
2025-01-25 14:00:00,21.9,54,401.0,2.26,0.0,3
2025-01-25 15:00:00,21.5,56,255.0,1.98,0.0,3
2025-01-25 16:00:00,19.9,67,99.0,1.43,0.0,0
2025-01-25 17:00:00,17.5,80,7.0,1.49,0.0,1
2025-01-25 18:00:00,18.4,74,0.0,2.56,0.0,54
2025-01-25 19:00:00,18.1,77,0.0,2.42,0.0,100
2025-01-25 20:00:00,17.2,82,0.0,2.09,0.0,92
2025-01-25 21:00:00,17.0,81,0.0,1.62,0.0,48
2025-01-25 22:00:00,17.0,81,0.0,0.98,0.0,40
2025-01-25 23:00:00,16.8,83,0.0,0.25,0.0,21
2025-01-26 00:00:00,16.3,87,0.0,0.47,0.0,27
2025-01-26 01:00:00,15.7,90,0.0,0.18,0.0,17
2025-01-26 02:00:00,15.3,92,0.0,0.07,0.0,5
2025-01-26 03:00:00,15.0,93,0.0,0.07,0.0,4
2025-01-26 04:00:00,15.0,92,0.0,0.05,0.0,2
2025-01-26 05:00:00,15.0,91,0.0,0.11,0.0,3
2025-01-26 06:00:00,13.4,100,2.0,0.86,0.0,0
2025-01-26 07:00:00,15.4,96,75.0,1.57,0.0,0
2025-01-26 08:00:00,18.0,78,226.0,1.25,0.0,0
2025-01-26 09:00:00,20.1,65,381.0,1.31,0.0,0
2025-01-26 10:00:00,21.8,60,505.0,1.94,0.0,0
2025-01-26 11:00:00,22.8,57,577.0,2.06,0.0,0
2025-01-26 12:00:00,23.7,53,584.0,2.02,0.0,0
2025-01-26 13:00:00,24.3,52,528.0,2.55,0.0,0
2025-01-26 14:00:00,24.1,53,414.0,3.11,0.0,0
2025-01-26 15:00:00,23.3,56,260.0,2.84,0.0,1
2025-01-26 16:00:00,21.2,65,101.0,1.72,0.0,1
2025-01-26 17:00:00,19.0,75,8.0,1.24,0.0,0
2025-01-26 18:00:00,18.9,78,0.0,0.34,0.0,0
2025-01-26 19:00:00,18.1,82,0.0,0.38,0.0,0
2025-01-26 20:00:00,17.0,90,0.0,0.58,0.0,0
2025-01-26 21:00:00,16.2,94,0.0,0.42,0.0,0
2025-01-26 22:00:00,16.0,95,0.0,0.28,0.0,0
2025-01-26 23:00:00,15.4,96,0.0,0.47,0.0,0
2025-01-27 00:00:00,15.2,97,0.0,0.21,0.0,0
2025-01-27 01:00:00,15.2,96,0.0,0.11,0.0,1
2025-01-27 02:00:00,15.0,98,0.0,0.15,0.0,4
2025-01-27 03:00:00,14.8,100,0.0,0.25,0.0,11
2025-01-27 04:00:00,14.7,100,0.0,0.2,0.0,20
2025-01-27 05:00:00,14.3,100,0.0,0.4,0.0,96
2025-01-27 06:00:00,14.1,100,2.0,0.32,0.0,19
2025-01-27 07:00:00,15.5,97,71.0,0.62,0.0,14
2025-01-27 08:00:00,17.6,89,193.0,0.72,0.0,15
2025-01-27 09:00:00,19.7,78,367.0,1.1,0.0,5
2025-01-27 10:00:00,21.5,68,499.0,1.43,0.0,0
2025-01-27 11:00:00,22.8,61,574.0,1.64,0.0,0
2025-01-27 12:00:00,23.7,55,582.0,1.82,0.0,0
2025-01-27 13:00:00,24.4,49,528.0,2.06,0.0,0
2025-01-27 14:00:00,24.7,48,414.0,1.31,0.0,1
2025-01-27 15:00:00,24.3,51,259.0,1.45,0.0,3
2025-01-27 16:00:00,21.8,67,101.0,1.32,0.0,3
2025-01-27 17:00:00,20.0,72,8.0,1.2,0.0,7
2025-01-27 18:00:00,19.4,78,0.0,1.52,0.0,1
2025-01-27 19:00:00,18.6,81,0.0,1.41,0.0,0
2025-01-27 20:00:00,18.2,82,0.0,0.93,0.0,5
2025-01-27 21:00:00,17.5,85,0.0,1.03,0.0,8
2025-01-27 22:00:00,16.7,89,0.0,1.38,0.0,1
2025-01-27 23:00:00,16.5,90,0.0,1.61,0.0,5
2025-01-28 00:00:00,16.6,89,0.0,1.11,0.0,4
2025-01-28 01:00:00,16.5,90,0.0,0.51,0.0,14
2025-01-28 02:00:00,16.7,88,0.0,0.47,0.0,53
2025-01-28 03:00:00,16.9,87,0.0,0.65,0.0,99
2025-01-28 04:00:00,17.1,86,0.0,1.64,0.0,94
2025-01-28 05:00:00,16.8,88,0.0,0.76,0.0,89
2025-01-28 06:00:00,16.0,94,2.0,1.01,0.1,66
2025-01-28 07:00:00,17.3,91,42.0,0.85,0.0,65
2025-01-28 08:00:00,18.8,82,177.0,0.68,0.0,59
2025-01-28 09:00:00,19.5,76,261.0,1.38,0.0,91
2025-01-28 10:00:00,20.9,69,390.0,0.78,0.0,58
2025-01-28 11:00:00,21.9,65,428.0,1.6,0.0,32
2025-01-28 12:00:00,22.7,62,518.0,1.41,0.0,21
2025-01-28 13:00:00,23.2,58,494.0,1.01,0.0,13
2025-01-28 14:00:00,23.4,56,360.0,1.06,0.0,47
2025-01-28 15:00:00,23.0,58,157.0,1.28,0.0,35
2025-01-28 16:00:00,21.5,70,80.0,1.3,0.0,51
2025-01-28 17:00:00,19.6,81,7.0,1.03,0.0,47
2025-01-28 18:00:00,19.7,79,0.0,2.01,0.0,49
2025-01-28 19:00:00,18.5,85,0.0,1.39,0.0,40
2025-01-28 20:00:00,18.4,86,0.0,1.66,0.0,28
2025-01-28 21:00:00,17.3,91,0.0,1.51,0.0,18
2025-01-28 22:00:00,17.0,90,0.0,1.19,0.0,40
2025-01-28 23:00:00,16.9,91,0.0,1.4,0.0,56
2025-01-29 00:00:00,17.2,88,0.0,1.12,0.0,21
2025-01-29 01:00:00,16.9,89,0.0,0.82,0.0,67
2025-01-29 02:00:00,17.0,91,0.0,0.72,0.0,83
2025-01-29 03:00:00,16.8,94,0.0,1.0,0.0,100
2025-01-29 04:00:00,16.6,94,0.0,0.76,0.0,100
2025-01-29 05:00:00,16.6,95,0.0,0.67,0.1,98
2025-01-29 06:00:00,16.6,93,2.0,1.1,0.0,72
2025-01-29 07:00:00,17.2,90,40.0,1.17,0.0,100
2025-01-29 08:00:00,18.6,84,148.0,0.63,0.3,84
2025-01-29 09:00:00,20.4,75,303.0,1.1,0.0,86
2025-01-29 10:00:00,21.2,72,356.0,1.66,0.0,56
2025-01-29 11:00:00,22.1,68,418.0,1.87,0.0,56
2025-01-29 12:00:00,22.5,65,419.0,2.26,0.0,75
2025-01-29 13:00:00,23.0,62,415.0,2.47,0.0,13
2025-01-29 14:00:00,23.1,61,365.0,2.27,0.0,10
2025-01-29 15:00:00,22.7,61,248.0,2.67,0.0,8
2025-01-29 16:00:00,21.5,67,98.0,1.91,0.0,32
2025-01-29 17:00:00,19.6,78,8.0,1.32,0.0,41
2025-01-29 18:00:00,19.0,89,0.0,0.61,0.3,41
2025-01-29 19:00:00,18.3,94,0.0,0.87,0.2,54
2025-01-29 20:00:00,18.0,95,0.0,1.35,0.0,46
2025-01-29 21:00:00,17.7,94,0.0,0.4,0.0,60
2025-01-29 22:00:00,17.7,92,0.0,0.21,0.0,56
2025-01-29 23:00:00,17.0,93,0.0,0.43,0.0,4
2025-01-30 00:00:00,16.2,96,0.0,0.89,0.0,9
2025-01-30 01:00:00,15.9,97,0.0,0.61,0.0,10
2025-01-30 02:00:00,15.5,97,0.0,0.95,0.0,11
2025-01-30 03:00:00,15.7,97,0.0,1.07,0.0,9
2025-01-30 04:00:00,15.0,99,0.0,1.03,0.0,8
2025-01-30 05:00:00,14.4,100,0.0,0.88,0.0,93
2025-01-30 06:00:00,14.6,100,2.0,1.04,0.0,95
2025-01-30 07:00:00,15.0,97,59.0,0.67,0.0,98
2025-01-30 08:00:00,16.6,92,178.0,0.68,0.0,100
2025-01-30 09:00:00,18.5,84,310.0,0.5,0.0,62
2025-01-30 10:00:00,20.7,70,501.0,0.86,0.0,76
2025-01-30 11:00:00,22.4,58,590.0,1.52,0.0,83
2025-01-30 12:00:00,23.0,55,512.0,2.85,0.0,96
2025-01-30 13:00:00,22.9,56,439.0,2.77,0.0,83
2025-01-30 14:00:00,23.3,55,389.0,2.73,0.0,84
2025-01-30 15:00:00,23.2,56,256.0,2.47,0.0,69
2025-01-30 16:00:00,21.4,66,106.0,1.43,0.0,88
2025-01-30 17:00:00,19.6,76,9.0,1.81,0.0,90
2025-01-30 18:00:00,19.1,82,0.0,1.45,0.0,100
2025-01-30 19:00:00,18.7,82,0.0,1.08,0.1,90
2025-01-30 20:00:00,17.9,85,0.0,0.1,0.0,92
2025-01-30 21:00:00,17.1,87,0.0,0.4,0.0,94
2025-01-30 22:00:00,17.0,88,0.0,0.56,0.0,86
2025-01-30 23:00:00,16.2,91,0.0,0.65,0.0,88
2025-01-31 00:00:00,15.8,94,0.0,0.71,0.0,85
2025-01-31 01:00:00,15.7,96,0.0,0.99,0.0,80
2025-01-31 02:00:00,15.4,97,0.0,1.38,0.0,82
2025-01-31 03:00:00,14.8,98,0.0,1.44,0.0,96
2025-01-31 04:00:00,15.3,95,0.0,1.9,0.0,100
2025-01-31 05:00:00,15.2,95,0.0,1.88,0.0,95
2025-01-31 06:00:00,15.8,99,3.0,1.96,0.0,100
2025-01-31 07:00:00,16.3,96,59.0,2.78,0.0,100
2025-01-31 08:00:00,17.5,90,142.0,2.84,0.1,85
2025-01-31 09:00:00,19.5,78,310.0,2.51,0.0,67
2025-01-31 10:00:00,21.3,70,452.0,1.46,0.0,73
2025-01-31 11:00:00,22.8,62,568.0,0.94,0.0,58
2025-01-31 12:00:00,23.8,58,574.0,1.81,0.0,40
2025-01-31 13:00:00,23.9,58,525.0,2.27,0.0,56
2025-01-31 14:00:00,23.6,60,408.0,2.09,0.0,16
2025-01-31 15:00:00,23.0,62,254.0,1.25,0.0,5
2025-01-31 16:00:00,21.6,75,110.0,0.7,0.0,11
2025-01-31 17:00:00,20.0,78,10.0,0.11,0.0,35
2025-01-31 18:00:00,19.1,87,0.0,0.2,0.4,63
2025-01-31 19:00:00,18.4,93,0.0,1.66,0.0,54
2025-01-31 20:00:00,18.0,94,0.0,1.57,0.2,54
2025-01-31 21:00:00,17.4,94,0.0,1.72,0.1,51
2025-01-31 22:00:00,16.7,97,0.0,1.25,0.1,64
2025-01-31 23:00:00,16.8,98,0.0,1.41,0.0,47
2025-02-01 00:00:00,16.5,99,0.0,1.1,0.0,26
2025-02-01 01:00:00,16.3,100,0.0,1.52,0.0,96
2025-02-01 02:00:00,16.1,100,0.0,1.97,0.0,95
2025-02-01 03:00:00,15.7,100,0.0,2.03,0.0,63
2025-02-01 04:00:00,15.5,100,0.0,2.52,0.0,100
2025-02-01 05:00:00,15.4,100,0.0,2.71,0.0,100
2025-02-01 06:00:00,15.6,100,2.0,2.69,0.0,100
2025-02-01 07:00:00,15.8,98,49.0,2.58,0.0,100
2025-02-01 08:00:00,17.0,91,127.0,2.38,0.0,99
2025-02-01 09:00:00,18.8,81,295.0,2.45,0.0,70
2025-02-01 10:00:00,20.7,72,450.0,2.32,0.0,16
2025-02-01 11:00:00,22.4,67,579.0,2.14,0.0,25
2025-02-01 12:00:00,23.6,60,602.0,2.15,0.0,42
2025-02-01 13:00:00,24.0,56,548.0,1.87,0.0,64
2025-02-01 14:00:00,23.9,55,425.0,1.17,0.0,46
2025-02-01 15:00:00,23.4,56,250.0,1.17,0.0,33
2025-02-01 16:00:00,22.0,70,107.0,0.69,0.0,23
2025-02-01 17:00:00,19.9,74,11.0,0.63,0.0,20
2025-02-01 18:00:00,19.4,82,0.0,0.72,0.0,51
2025-02-01 19:00:00,18.9,86,0.0,0.21,0.0,47
2025-02-01 20:00:00,18.0,92,0.0,0.96,0.1,48
2025-02-01 21:00:00,17.9,94,0.0,1.3,0.2,65
2025-02-01 22:00:00,17.7,95,0.0,1.29,0.0,28
2025-02-01 23:00:00,16.9,96,0.0,1.43,0.0,5
2025-02-02 00:00:00,16.4,96,0.0,1.52,0.0,21
2025-02-02 01:00:00,16.1,96,0.0,1.47,0.0,22
2025-02-02 02:00:00,16.2,96,0.0,1.4,0.0,24
2025-02-02 03:00:00,15.7,98,0.0,1.15,0.0,29
2025-02-02 04:00:00,15.5,98,0.0,1.56,0.0,22
2025-02-02 05:00:00,15.4,98,0.0,1.87,0.0,29
2025-02-02 06:00:00,14.7,100,3.0,1.36,0.0,97
2025-02-02 07:00:00,15.7,96,66.0,1.3,0.0,62
2025-02-02 08:00:00,17.8,87,188.0,1.05,0.0,31
2025-02-02 09:00:00,20.3,71,353.0,1.54,0.0,25
2025-02-02 10:00:00,22.0,61,465.0,1.42,0.0,25
2025-02-02 11:00:00,23.3,56,576.0,1.36,0.0,79
2025-02-02 12:00:00,23.9,53,558.0,1.53,0.0,85
2025-02-02 13:00:00,24.1,51,510.0,1.67,0.0,91
2025-02-02 14:00:00,23.9,51,413.0,2.06,0.0,85
2025-02-02 15:00:00,23.9,51,262.0,1.62,0.0,93
2025-02-02 16:00:00,22.2,67,111.0,0.92,0.0,92
2025-02-02 17:00:00,19.8,72,11.0,1.08,0.0,89
2025-02-02 18:00:00,19.8,75,0.0,0.51,0.0,96
2025-02-02 19:00:00,19.6,77,0.0,0.65,0.0,95
2025-02-02 20:00:00,18.6,84,0.0,0.63,0.0,96
2025-02-02 21:00:00,18.3,86,0.0,0.63,0.0,99
2025-02-02 22:00:00,18.2,86,0.0,1.19,0.0,71
2025-02-02 23:00:00,17.6,88,0.0,0.81,0.0,68
2025-02-03 00:00:00,17.0,93,0.0,0.74,0.0,50
2025-02-03 01:00:00,16.8,95,0.0,1.61,0.0,52
2025-02-03 02:00:00,16.9,92,0.0,2.26,0.0,97
2025-02-03 03:00:00,16.8,94,0.0,1.9,0.0,75
2025-02-03 04:00:00,16.8,95,0.0,2.2,0.0,92
2025-02-03 05:00:00,16.5,95,0.0,2.01,0.0,88
2025-02-03 06:00:00,16.8,100,2.0,0.61,0.3,100
2025-02-03 07:00:00,16.9,99,26.0,0.57,0.2,100
2025-02-03 08:00:00,17.5,97,65.0,0.67,0.1,100
2025-02-03 09:00:00,18.6,89,136.0,0.51,0.0,100
2025-02-03 10:00:00,19.8,81,202.0,0.68,0.0,100
2025-02-03 11:00:00,20.8,76,250.0,1.61,0.0,98
2025-02-03 12:00:00,21.3,72,250.0,2.11,0.0,67
2025-02-03 13:00:00,22.6,60,399.0,1.88,0.0,60
2025-02-03 14:00:00,23.0,55,349.0,1.62,0.0,12
2025-02-03 15:00:00,22.6,56,252.0,1.88,0.0,25
2025-02-03 16:00:00,20.9,72,108.0,0.72,0.0,29
2025-02-03 17:00:00,19.2,74,11.0,0.5,0.0,42
2025-02-03 18:00:00,20.1,73,0.0,0.07,0.0,8
2025-02-03 19:00:00,19.1,77,0.0,0.42,0.0,24
2025-02-03 20:00:00,18.2,86,0.0,0.64,0.0,10
2025-02-03 21:00:00,17.8,89,0.0,0.22,0.0,0
2025-02-03 22:00:00,17.5,89,0.0,0.25,0.0,0
2025-02-03 23:00:00,17.0,91,0.0,0.45,0.0,0
2025-02-04 00:00:00,16.4,94,0.0,0.61,0.0,0
2025-02-04 01:00:00,16.3,95,0.0,0.21,0.0,0
2025-02-04 02:00:00,15.9,97,0.0,0.0,0.0,0
2025-02-04 03:00:00,15.4,99,0.0,0.1,0.0,1
2025-02-04 04:00:00,14.9,99,0.0,0.16,0.0,6
2025-02-04 05:00:00,14.6,99,0.0,0.16,0.0,6
2025-02-04 06:00:00,14.6,100,4.0,0.89,0.0,93
2025-02-04 07:00:00,15.9,99,75.0,0.7,0.0,98
2025-02-04 08:00:00,18.9,82,213.0,0.45,0.0,0
2025-02-04 09:00:00,21.6,66,391.0,0.85,0.0,0
2025-02-04 10:00:00,23.2,59,527.0,1.48,0.0,4
2025-02-04 11:00:00,24.5,55,602.0,1.62,0.0,0
2025-02-04 12:00:00,25.4,51,611.0,2.13,0.0,15
2025-02-04 13:00:00,25.8,47,557.0,2.43,0.0,16
2025-02-04 14:00:00,26.0,45,441.0,1.93,0.0,25
2025-02-04 15:00:00,25.5,47,282.0,1.98,0.0,34
2025-02-04 16:00:00,23.0,63,117.0,1.32,0.0,83
2025-02-04 17:00:00,21.2,63,13.0,0.38,0.0,47
2025-02-04 18:00:00,21.0,68,0.0,0.43,0.0,100
2025-02-04 19:00:00,20.5,70,0.0,0.65,0.0,100
2025-02-04 20:00:00,20.2,74,0.0,0.96,0.0,100
2025-02-04 21:00:00,20.3,72,0.0,0.71,0.0,95
2025-02-04 22:00:00,20.0,72,0.0,0.49,0.0,8
2025-02-04 23:00:00,19.3,74,0.0,0.47,0.0,15
2025-02-05 00:00:00,18.4,81,0.0,0.4,0.0,56
2025-02-05 01:00:00,18.3,84,0.0,0.21,0.0,79
2025-02-05 02:00:00,18.0,86,0.0,0.21,0.0,72
2025-02-05 03:00:00,17.9,87,0.0,0.46,0.0,61
2025-02-05 04:00:00,17.7,88,0.0,0.54,0.0,47
2025-02-05 05:00:00,17.4,89,0.0,0.29,0.0,16
2025-02-05 06:00:00,16.6,98,4.0,0.32,0.0,44
2025-02-05 07:00:00,18.3,91,78.0,1.03,0.0,48
2025-02-05 08:00:00,20.0,80,190.0,0.6,0.0,48
2025-02-05 09:00:00,21.6,71,306.0,1.23,0.0,44
2025-02-05 10:00:00,23.2,62,474.0,1.75,0.0,16
2025-02-05 11:00:00,24.4,55,561.0,2.17,0.0,15
2025-02-05 12:00:00,25.3,51,595.0,2.1,0.0,7
2025-02-05 13:00:00,25.6,49,540.0,2.51,0.0,2
2025-02-05 14:00:00,25.6,48,435.0,2.33,0.0,2
2025-02-05 15:00:00,25.1,49,276.0,1.71,0.0,6
2025-02-05 16:00:00,23.5,58,116.0,1.74,0.0,12
2025-02-05 17:00:00,21.0,70,13.0,1.48,0.0,37
2025-02-05 18:00:00,21.0,73,0.0,1.26,0.0,99
2025-02-05 19:00:00,21.2,73,0.0,1.31,0.0,48
2025-02-05 20:00:00,21.0,72,0.0,1.21,0.0,57
2025-02-05 21:00:00,20.4,78,0.0,0.96,0.0,69
2025-02-05 22:00:00,19.8,83,0.0,0.85,0.0,47
2025-02-05 23:00:00,19.1,89,0.0,0.32,0.0,62
2025-02-06 00:00:00,18.9,92,0.0,0.92,0.0,79
2025-02-06 01:00:00,19.1,91,0.0,0.92,0.0,93
2025-02-06 02:00:00,19.0,92,0.0,0.85,0.1,50
2025-02-06 03:00:00,18.5,95,0.0,1.01,0.1,41
2025-02-06 04:00:00,17.6,98,0.0,1.11,0.1,59
2025-02-06 05:00:00,17.7,96,0.0,1.52,0.0,94
2025-02-06 06:00:00,17.3,100,4.0,1.22,0.0,97
2025-02-06 07:00:00,18.0,98,66.0,1.42,0.0,97
2025-02-06 08:00:00,19.8,87,200.0,1.81,0.0,26
2025-02-06 09:00:00,21.8,73,372.0,2.09,0.0,36
2025-02-06 10:00:00,23.0,67,472.0,1.62,0.0,44
2025-02-06 11:00:00,24.0,63,547.0,1.78,0.0,18
2025-02-06 12:00:00,24.8,59,564.0,1.81,0.0,6
2025-02-06 13:00:00,25.2,58,536.0,1.8,0.0,13
2025-02-06 14:00:00,25.2,59,428.0,1.53,0.0,13
2025-02-06 15:00:00,24.7,61,275.0,1.35,0.0,18
2025-02-06 16:00:00,23.4,74,112.0,0.35,0.0,19
2025-02-06 17:00:00,21.5,77,13.0,0.63,0.0,45
2025-02-06 18:00:00,20.7,84,0.0,1.1,0.0,41
2025-02-06 19:00:00,19.8,91,0.0,1.76,0.1,63
2025-02-06 20:00:00,19.1,95,0.0,1.0,0.1,24
2025-02-06 21:00:00,18.7,95,0.0,0.47,0.2,24
2025-02-06 22:00:00,18.9,95,0.0,1.04,0.2,20
2025-02-06 23:00:00,18.8,93,0.0,1.03,0.1,20
2025-02-07 00:00:00,18.6,92,0.0,0.27,0.2,24
2025-02-07 01:00:00,17.9,95,0.0,0.29,0.0,6
2025-02-07 02:00:00,17.3,98,0.0,0.28,0.0,0
2025-02-07 03:00:00,16.5,100,0.0,0.51,0.0,94
2025-02-07 04:00:00,16.8,100,0.0,0.67,0.0,42
2025-02-07 05:00:00,16.8,99,0.0,0.99,0.0,26
2025-02-07 06:00:00,16.7,99,4.0,2.41,0.0,7
2025-02-07 07:00:00,17.3,93,87.0,2.26,0.0,5
2025-02-07 08:00:00,18.8,82,247.0,1.87,0.0,1
2025-02-07 09:00:00,20.3,71,414.0,1.75,0.0,2
2025-02-07 10:00:00,21.7,65,549.0,1.72,0.0,2
2025-02-07 11:00:00,23.0,60,621.0,2.1,0.0,2
2025-02-07 12:00:00,23.9,54,637.0,2.65,0.0,0
2025-02-07 13:00:00,24.0,51,561.0,2.62,0.0,0
2025-02-07 14:00:00,23.9,51,454.0,2.67,0.0,0
2025-02-07 15:00:00,23.5,53,293.0,2.33,0.0,0
2025-02-07 16:00:00,22.1,63,126.0,1.6,0.0,0
2025-02-07 17:00:00,20.2,72,15.0,2.36,0.0,0
2025-02-07 18:00:00,19.6,75,0.0,2.4,0.0,21
2025-02-07 19:00:00,18.8,77,0.0,1.7,0.0,25
2025-02-07 20:00:00,18.6,77,0.0,1.68,0.0,7
2025-02-07 21:00:00,18.4,77,0.0,1.59,0.0,1
2025-02-07 22:00:00,17.8,81,0.0,1.0,0.0,10
2025-02-07 23:00:00,17.3,85,0.0,0.58,0.0,22
2025-02-08 00:00:00,16.5,88,0.0,0.8,0.0,24
2025-02-08 01:00:00,16.0,91,0.0,0.56,0.0,18
2025-02-08 02:00:00,15.3,96,0.0,1.18,0.0,30
2025-02-08 03:00:00,15.6,98,0.0,1.66,0.0,61
2025-02-08 04:00:00,15.0,98,0.0,1.48,0.0,6
2025-02-08 05:00:00,14.7,96,0.0,1.52,0.0,3
2025-02-08 06:00:00,14.8,100,5.0,0.21,0.0,100
2025-02-08 07:00:00,16.4,98,74.0,0.75,0.0,97
2025-02-08 08:00:00,18.4,83,214.0,0.5,0.0,8
2025-02-08 09:00:00,20.5,72,395.0,1.24,0.0,10
2025-02-08 10:00:00,22.2,66,525.0,1.77,0.0,15
2025-02-08 11:00:00,23.5,61,604.0,2.34,0.0,4
2025-02-08 12:00:00,24.4,56,631.0,2.62,0.0,1
2025-02-08 13:00:00,25.1,51,579.0,2.59,0.0,0
2025-02-08 14:00:00,25.1,49,460.0,2.55,0.0,0
2025-02-08 15:00:00,24.7,49,298.0,2.22,0.0,1
2025-02-08 16:00:00,22.6,64,128.0,1.24,0.0,1
2025-02-08 17:00:00,20.2,73,16.0,1.29,0.0,1
2025-02-08 18:00:00,19.8,75,0.0,1.11,0.0,11
2025-02-08 19:00:00,19.8,77,0.0,0.35,0.0,12
2025-02-08 20:00:00,19.1,79,0.0,0.1,0.0,12
2025-02-08 21:00:00,17.9,87,0.0,0.46,0.0,4
2025-02-08 22:00:00,17.7,88,0.0,0.11,0.0,0
2025-02-08 23:00:00,17.2,90,0.0,0.2,0.0,0
2025-02-09 00:00:00,16.3,92,0.0,1.16,0.0,0
2025-02-09 01:00:00,15.8,93,0.0,1.42,0.0,0
2025-02-09 02:00:00,15.6,93,0.0,0.96,0.0,0
2025-02-09 03:00:00,15.5,92,0.0,0.42,0.0,0
2025-02-09 04:00:00,15.1,92,0.0,0.85,0.0,0
2025-02-09 05:00:00,15.2,90,0.0,0.5,0.0,0
2025-02-09 06:00:00,15.3,92,5.0,1.05,0.0,0
2025-02-09 07:00:00,17.0,88,90.0,1.33,0.0,0
2025-02-09 08:00:00,18.7,79,250.0,1.15,0.0,0
2025-02-09 09:00:00,20.7,70,416.0,1.22,0.0,0
2025-02-09 10:00:00,22.4,63,548.0,1.42,0.0,0
2025-02-09 11:00:00,23.8,57,624.0,1.43,0.0,0
2025-02-09 12:00:00,24.8,52,635.0,1.63,0.0,0
2025-02-09 13:00:00,25.5,48,579.0,1.63,0.0,1
2025-02-09 14:00:00,25.6,46,455.0,1.55,0.0,0
2025-02-09 15:00:00,25.3,47,297.0,2.03,0.0,2
2025-02-09 16:00:00,23.3,60,127.0,1.46,0.0,5
2025-02-09 17:00:00,20.8,69,16.0,0.95,0.0,0
2025-02-09 18:00:00,20.0,74,0.0,1.25,0.0,0
2025-02-09 19:00:00,19.5,76,0.0,2.0,0.0,3
2025-02-09 20:00:00,19.1,77,0.0,2.1,0.0,7
2025-02-09 21:00:00,18.9,78,0.0,2.54,0.0,9
2025-02-09 22:00:00,18.4,79,0.0,2.06,0.0,8
2025-02-09 23:00:00,17.6,83,0.0,1.81,0.0,17
2025-02-10 00:00:00,17.1,84,0.0,1.66,0.0,18
2025-02-10 01:00:00,17.2,83,0.0,1.06,0.0,18
2025-02-10 02:00:00,17.1,86,0.0,0.39,0.0,28
2025-02-10 03:00:00,16.7,86,0.0,0.63,0.0,18
2025-02-10 04:00:00,16.4,87,0.0,0.51,0.0,17
2025-02-10 05:00:00,16.3,88,0.0,0.35,0.0,11
2025-02-10 06:00:00,15.8,92,5.0,0.6,0.0,1
2025-02-10 07:00:00,17.5,85,91.0,1.21,0.0,2
2025-02-10 08:00:00,19.3,75,250.0,1.22,0.0,0
2025-02-10 09:00:00,21.3,66,413.0,1.61,0.0,0
2025-02-10 10:00:00,23.0,59,543.0,2.38,0.0,0
2025-02-10 11:00:00,24.4,54,618.0,2.98,0.0,0
2025-02-10 12:00:00,25.5,48,629.0,3.06,0.0,0
2025-02-10 13:00:00,25.8,45,554.0,3.43,0.0,0
2025-02-10 14:00:00,25.6,44,455.0,3.45,0.0,4
2025-02-10 15:00:00,25.1,46,293.0,2.86,0.0,4
2025-02-10 16:00:00,23.1,58,128.0,1.53,0.0,6
2025-02-10 17:00:00,20.8,67,16.0,1.64,0.0,18
2025-02-10 18:00:00,20.0,74,0.0,1.65,0.0,32
2025-02-10 19:00:00,20.7,65,0.0,3.75,0.0,32
2025-02-10 20:00:00,19.9,67,0.0,2.22,0.0,28
2025-02-10 21:00:00,17.9,82,0.0,1.31,0.0,2
2025-02-10 22:00:00,17.3,87,0.0,0.46,0.0,17
2025-02-10 23:00:00,17.6,86,0.0,0.22,0.0,24
2025-02-11 00:00:00,17.0,90,0.0,0.21,0.0,7
2025-02-11 01:00:00,15.8,97,0.0,0.11,0.0,11
2025-02-11 02:00:00,15.1,100,0.0,0.57,0.0,100
2025-02-11 03:00:00,15.2,100,0.0,1.28,0.0,98
2025-02-11 04:00:00,15.2,97,0.0,1.79,0.0,23
2025-02-11 05:00:00,15.0,97,0.0,2.29,0.0,17
2025-02-11 06:00:00,15.8,93,6.0,1.77,0.0,4
2025-02-11 07:00:00,17.2,87,91.0,2.47,0.0,2
2025-02-11 08:00:00,18.7,82,251.0,2.62,0.0,2
2025-02-11 09:00:00,20.5,74,420.0,2.56,0.0,1
2025-02-11 10:00:00,22.1,65,553.0,2.26,0.0,0
2025-02-11 11:00:00,23.3,59,634.0,2.48,0.0,2
2025-02-11 12:00:00,23.9,57,641.0,2.14,0.0,1
2025-02-11 13:00:00,24.0,56,567.0,2.15,0.0,6
2025-02-11 14:00:00,23.9,56,439.0,2.05,0.0,14
2025-02-11 15:00:00,23.6,57,282.0,1.76,0.0,9
2025-02-11 16:00:00,22.3,71,128.0,0.86,0.0,14
2025-02-11 17:00:00,20.1,76,17.0,1.43,0.0,23
2025-02-11 18:00:00,19.0,86,0.0,1.56,0.0,28
2025-02-11 19:00:00,19.3,82,0.0,2.26,0.0,36
2025-02-11 20:00:00,18.3,86,0.0,1.55,0.0,28
2025-02-11 21:00:00,17.9,86,0.0,3.02,0.0,21
2025-02-11 22:00:00,17.0,91,0.0,2.56,0.0,16
2025-02-11 23:00:00,16.1,97,0.0,2.91,0.0,9
2025-02-12 00:00:00,15.8,97,0.0,2.65,0.0,2
2025-02-12 01:00:00,15.5,97,0.0,2.85,0.0,9
2025-02-12 02:00:00,15.3,97,0.0,3.25,0.0,79
2025-02-12 03:00:00,15.2,98,0.0,3.11,0.0,60
2025-02-12 04:00:00,15.2,97,0.0,2.85,0.0,99
2025-02-12 05:00:00,15.3,94,0.0,3.1,0.0,100
2025-02-12 06:00:00,16.4,90,4.0,3.2,0.0,100
2025-02-12 07:00:00,16.8,87,65.0,3.45,0.0,62
2025-02-12 08:00:00,18.0,81,215.0,3.0,0.0,19
2025-02-12 09:00:00,19.5,74,385.0,2.4,0.0,12
2025-02-12 10:00:00,21.2,68,519.0,2.48,0.0,14
2025-02-12 11:00:00,22.8,61,606.0,2.15,0.0,6
2025-02-12 12:00:00,23.9,56,639.0,1.35,0.0,5
2025-02-12 13:00:00,24.3,55,576.0,1.52,0.0,3
2025-02-12 14:00:00,24.3,55,452.0,2.06,0.0,12
2025-02-12 15:00:00,23.9,55,283.0,1.9,0.0,17
2025-02-12 16:00:00,22.5,67,123.0,0.85,0.0,15
2025-02-12 17:00:00,20.2,73,17.0,1.75,0.0,32
2025-02-12 18:00:00,19.3,81,0.0,1.57,0.1,27
2025-02-12 19:00:00,19.1,82,0.0,2.7,0.1,15
2025-02-12 20:00:00,18.4,84,0.0,2.19,0.0,2
2025-02-12 21:00:00,17.6,90,0.0,1.56,0.0,1
2025-02-12 22:00:00,17.2,87,0.0,2.74,0.0,2
2025-02-12 23:00:00,16.1,93,0.0,2.04,0.0,1
2025-02-13 00:00:00,15.9,96,0.0,2.24,0.0,2
2025-02-13 01:00:00,15.2,98,0.0,1.53,0.0,4
2025-02-13 02:00:00,15.0,95,0.0,2.02,0.0,5
2025-02-13 03:00:00,14.7,95,0.0,2.02,0.0,2
2025-02-13 04:00:00,14.6,97,0.0,2.62,0.0,1
2025-02-13 05:00:00,14.2,98,0.0,2.08,0.0,1
2025-02-13 06:00:00,15.6,96,7.0,2.35,0.0,1
2025-02-13 07:00:00,16.7,89,98.0,3.3,0.0,5
2025-02-13 08:00:00,18.2,82,258.0,3.2,0.0,10
2025-02-13 09:00:00,20.1,71,415.0,3.44,0.0,15
2025-02-13 10:00:00,21.6,62,535.0,3.85,0.0,2
2025-02-13 11:00:00,22.8,56,628.0,2.85,0.0,20
2025-02-13 12:00:00,23.8,53,616.0,1.96,0.0,29
2025-02-13 13:00:00,23.9,53,543.0,1.78,0.0,33
2025-02-13 14:00:00,23.7,53,404.0,1.55,0.0,14
2025-02-13 15:00:00,23.4,54,287.0,0.64,0.0,24
2025-02-13 16:00:00,22.3,67,126.0,0.43,0.0,9
2025-02-13 17:00:00,20.3,71,17.0,0.36,0.0,33
2025-02-13 18:00:00,19.9,78,0.0,2.19,0.2,49
2025-02-13 19:00:00,18.6,85,0.0,1.19,0.0,42
2025-02-13 20:00:00,18.4,85,0.0,1.08,0.3,46
2025-02-13 21:00:00,17.9,89,0.0,1.81,0.1,10
2025-02-13 22:00:00,17.0,94,0.0,1.88,0.0,40
2025-02-13 23:00:00,16.7,94,0.0,2.17,0.0,55
2025-02-14 00:00:00,16.3,93,0.0,2.67,0.0,16
2025-02-14 01:00:00,15.5,96,0.0,2.64,0.0,17
2025-02-14 02:00:00,15.1,98,0.0,2.33,0.0,10
2025-02-14 03:00:00,14.7,98,0.0,1.96,0.0,90
2025-02-14 04:00:00,14.5,98,0.0,1.63,0.0,100
2025-02-14 05:00:00,14.3,98,0.0,1.86,0.0,38
2025-02-14 06:00:00,15.8,97,6.0,0.98,0.0,100
2025-02-14 07:00:00,16.4,95,64.0,0.95,0.0,100
2025-02-14 08:00:00,17.4,89,174.0,0.9,0.0,100
2025-02-14 09:00:00,19.4,76,372.0,0.05,0.0,27
2025-02-14 10:00:00,21.3,66,540.0,1.0,0.0,3
2025-02-14 11:00:00,22.8,57,632.0,2.33,0.0,2
2025-02-14 12:00:00,23.8,46,642.0,3.86,0.0,5
2025-02-14 13:00:00,24.1,45,586.0,4.19,0.0,9
2025-02-14 14:00:00,23.9,45,470.0,3.53,0.0,10
2025-02-14 15:00:00,23.7,46,304.0,2.84,0.0,10
2025-02-14 16:00:00,22.1,57,137.0,1.3,0.0,19
2025-02-14 17:00:00,19.8,66,19.0,1.0,0.0,22
2025-02-14 18:00:00,18.2,78,0.0,1.41,0.0,4
2025-02-14 19:00:00,17.8,82,0.0,0.51,0.0,11
2025-02-14 20:00:00,17.4,86,0.0,0.67,0.0,11
2025-02-14 21:00:00,16.8,89,0.0,0.71,0.0,15
2025-02-14 22:00:00,16.4,90,0.0,0.97,0.0,24
2025-02-14 23:00:00,15.8,95,0.0,1.63,0.0,26
2025-02-15 00:00:00,16.0,87,0.0,3.04,0.0,31
2025-02-15 01:00:00,15.4,92,0.0,2.75,0.0,30
2025-02-15 02:00:00,15.0,95,0.0,2.52,0.0,5
2025-02-15 03:00:00,14.5,97,0.0,2.6,0.0,0
2025-02-15 04:00:00,14.3,99,0.0,3.0,0.0,0
2025-02-15 05:00:00,14.2,99,0.0,2.76,0.0,0
2025-02-15 06:00:00,14.9,96,7.0,2.61,0.0,41
2025-02-15 07:00:00,16.1,91,98.0,2.5,0.0,29
2025-02-15 08:00:00,17.9,83,262.0,2.71,0.0,8
2025-02-15 09:00:00,19.9,74,421.0,2.76,0.0,2
2025-02-15 10:00:00,21.6,65,557.0,3.09,0.0,9
2025-02-15 11:00:00,22.9,58,626.0,2.83,0.0,20
2025-02-15 12:00:00,23.5,53,580.0,2.69,0.1,36
2025-02-15 13:00:00,23.7,50,514.0,2.03,0.2,25
2025-02-15 14:00:00,23.8,49,435.0,2.98,0.0,11
2025-02-15 15:00:00,23.2,50,286.0,2.99,0.0,8
2025-02-15 16:00:00,21.8,58,133.0,1.88,0.0,5
2025-02-15 17:00:00,19.7,67,20.0,0.82,0.0,36
2025-02-15 18:00:00,19.1,73,0.0,0.7,0.0,36
2025-02-15 19:00:00,18.3,80,0.0,1.03,0.0,35
2025-02-15 20:00:00,17.6,85,0.0,1.06,0.0,50
2025-02-15 21:00:00,17.4,87,0.0,0.34,0.0,68
2025-02-15 22:00:00,16.8,91,0.0,1.11,0.0,13
2025-02-15 23:00:00,16.2,91,0.0,1.41,0.0,20
2025-02-16 00:00:00,15.4,93,0.0,1.3,0.0,17
2025-02-16 01:00:00,15.3,94,0.0,1.59,0.0,24
2025-02-16 02:00:00,15.2,93,0.0,1.61,0.0,14
2025-02-16 03:00:00,14.9,94,0.0,1.55,0.0,8
2025-02-16 04:00:00,14.3,96,0.0,1.51,0.0,11
2025-02-16 05:00:00,14.1,96,0.0,1.45,0.0,2
2025-02-16 06:00:00,14.6,100,7.0,0.87,0.0,97
2025-02-16 07:00:00,16.3,89,99.0,1.17,0.0,15
2025-02-16 08:00:00,18.1,75,252.0,2.59,0.0,37
2025-02-16 09:00:00,19.7,67,408.0,3.34,0.0,11
2025-02-16 10:00:00,21.1,61,523.0,2.95,0.0,1
2025-02-16 11:00:00,22.7,55,630.0,2.46,0.0,1
2025-02-16 12:00:00,23.8,51,642.0,1.78,0.0,2
2025-02-16 13:00:00,24.3,49,581.0,1.63,0.0,7
2025-02-16 14:00:00,24.3,47,455.0,2.48,0.0,8
2025-02-16 15:00:00,23.8,49,293.0,2.65,0.0,13
2025-02-16 16:00:00,22.4,56,130.0,2.1,0.0,4
2025-02-16 17:00:00,20.0,67,20.0,2.17,0.0,25
2025-02-16 18:00:00,19.8,69,0.0,2.08,0.0,34
2025-02-16 19:00:00,18.5,76,0.0,1.68,0.1,54
2025-02-16 20:00:00,18.3,77,0.0,2.13,0.0,44
2025-02-16 21:00:00,17.9,78,0.0,2.3,0.0,47
2025-02-16 22:00:00,17.4,82,0.0,2.35,0.0,51
2025-02-16 23:00:00,17.2,83,0.0,2.75,0.0,48
2025-02-17 00:00:00,16.9,84,0.0,2.6,0.0,31
2025-02-17 01:00:00,16.8,84,0.0,2.82,0.0,23
2025-02-17 02:00:00,16.1,86,0.0,2.66,0.0,0
2025-02-17 03:00:00,15.7,87,0.0,2.53,0.0,0
2025-02-17 04:00:00,15.3,88,0.0,2.18,0.0,0
2025-02-17 05:00:00,15.0,90,0.0,2.1,0.0,0
2025-02-17 06:00:00,15.1,93,8.0,2.3,0.0,0
2025-02-17 07:00:00,16.9,83,101.0,2.57,0.0,0
2025-02-17 08:00:00,18.6,74,263.0,2.7,0.0,0
2025-02-17 09:00:00,20.7,66,429.0,2.59,0.0,0
2025-02-17 10:00:00,22.9,58,561.0,2.96,0.0,0
2025-02-17 11:00:00,24.7,50,638.0,3.51,0.0,0
2025-02-17 12:00:00,25.6,45,648.0,3.49,0.0,0
2025-02-17 13:00:00,26.1,43,590.0,3.09,0.0,0
2025-02-17 14:00:00,26.1,43,472.0,2.95,0.0,3
2025-02-17 15:00:00,25.4,45,307.0,2.71,0.0,7
2025-02-17 16:00:00,23.5,55,135.0,1.86,0.0,8
2025-02-17 17:00:00,21.2,62,20.0,2.25,0.0,2
2025-02-17 18:00:00,20.7,65,0.0,2.66,0.0,11
2025-02-17 19:00:00,19.8,68,0.0,3.04,0.0,34
2025-02-17 20:00:00,19.3,69,0.0,3.62,0.0,30
2025-02-17 21:00:00,18.7,72,0.0,2.87,0.0,59
2025-02-17 22:00:00,18.1,75,0.0,2.13,0.0,11
2025-02-17 23:00:00,17.2,81,0.0,2.01,0.0,1
2025-02-18 00:00:00,16.9,81,0.0,2.87,0.0,0
2025-02-18 01:00:00,16.4,84,0.0,2.76,0.0,0
2025-02-18 02:00:00,16.1,85,0.0,2.75,0.0,0
2025-02-18 03:00:00,15.7,86,0.0,2.45,0.0,0
2025-02-18 04:00:00,15.4,88,0.0,2.4,0.0,0
2025-02-18 05:00:00,15.1,90,0.0,2.36,0.0,0
2025-02-18 06:00:00,16.3,87,8.0,2.0,0.0,15
2025-02-18 07:00:00,17.6,79,93.0,2.46,0.0,3
2025-02-18 08:00:00,19.2,71,253.0,2.95,0.0,1
2025-02-18 09:00:00,21.1,62,424.0,3.59,0.0,0
2025-02-18 10:00:00,23.0,54,557.0,3.92,0.0,0
2025-02-18 11:00:00,24.4,50,635.0,3.92,0.0,0
2025-02-18 12:00:00,25.4,47,644.0,3.65,0.0,59
2025-02-18 13:00:00,25.7,46,546.0,3.29,0.0,68
2025-02-18 14:00:00,25.5,46,437.0,3.1,0.0,90
2025-02-18 15:00:00,25.0,48,266.0,2.9,0.0,79
2025-02-18 16:00:00,23.4,56,112.0,1.9,0.0,73
2025-02-18 17:00:00,21.9,60,16.0,2.59,0.0,70
2025-02-18 18:00:00,20.8,68,0.0,2.36,0.0,18
2025-02-18 19:00:00,19.9,72,0.0,2.25,0.0,9
2025-02-18 20:00:00,19.1,76,0.0,2.1,0.0,12
2025-02-18 21:00:00,18.3,80,0.0,1.87,0.0,2
2025-02-18 22:00:00,17.2,85,0.0,1.63,0.0,2
2025-02-18 23:00:00,17.1,86,0.0,2.05,0.0,5
2025-02-19 00:00:00,16.2,92,0.0,1.68,0.0,81
2025-02-19 01:00:00,16.4,89,0.0,2.47,0.0,94
2025-02-19 02:00:00,15.7,93,0.0,1.77,0.0,1
2025-02-19 03:00:00,15.3,95,0.0,1.9,0.0,1
2025-02-19 04:00:00,14.9,97,0.0,1.64,0.0,4
2025-02-19 05:00:00,14.7,97,0.0,1.46,0.0,5
2025-02-19 06:00:00,15.1,98,9.0,1.72,0.0,3
2025-02-19 07:00:00,16.9,90,92.0,2.19,0.0,49
2025-02-19 08:00:00,18.4,84,232.0,2.6,0.0,8
2025-02-19 09:00:00,20.5,74,415.0,2.53,0.0,0
2025-02-19 10:00:00,22.3,66,550.0,2.56,0.0,0
2025-02-19 11:00:00,23.6,59,627.0,3.05,0.0,0
2025-02-19 12:00:00,24.5,55,638.0,2.3,0.0,1
2025-02-19 13:00:00,25.1,53,582.0,1.93,0.0,2
2025-02-19 14:00:00,25.2,52,464.0,1.93,0.0,7
2025-02-19 15:00:00,24.9,53,293.0,1.92,0.0,18
2025-02-19 16:00:00,23.3,67,131.0,0.99,0.0,13
2025-02-19 17:00:00,20.8,71,20.0,1.75,0.0,10
2025-02-19 18:00:00,20.8,74,0.0,2.4,0.0,14
2025-02-19 19:00:00,20.0,78,0.0,2.16,0.0,31
2025-02-19 20:00:00,19.7,79,0.0,3.06,0.0,22
2025-02-19 21:00:00,19.1,80,0.0,3.07,0.0,2
2025-02-19 22:00:00,18.5,82,0.0,2.83,0.0,4
2025-02-19 23:00:00,17.8,84,0.0,2.23,0.0,20
2025-02-20 00:00:00,17.5,82,0.0,3.76,0.0,40
2025-02-20 01:00:00,17.4,79,0.0,3.55,0.0,79
2025-02-20 02:00:00,16.9,82,0.0,2.62,0.0,78
2025-02-20 03:00:00,16.3,85,0.0,2.11,0.0,38
2025-02-20 04:00:00,16.0,87,0.0,2.25,0.0,8
2025-02-20 05:00:00,15.7,89,0.0,1.69,0.0,6
2025-02-20 06:00:00,16.1,92,9.0,1.36,0.1,27
2025-02-20 07:00:00,17.5,85,87.0,2.01,0.0,24
2025-02-20 08:00:00,19.2,78,214.0,2.12,0.0,23
2025-02-20 09:00:00,20.9,69,372.0,3.3,0.0,15
2025-02-20 10:00:00,23.0,61,511.0,3.26,0.0,2
2025-02-20 11:00:00,24.6,56,610.0,3.72,0.0,0
2025-02-20 12:00:00,25.6,52,632.0,3.76,0.0,0
2025-02-20 13:00:00,26.0,49,579.0,3.73,0.0,0
2025-02-20 14:00:00,26.1,48,465.0,3.37,0.0,0
2025-02-20 15:00:00,25.7,49,307.0,2.92,0.0,0
2025-02-20 16:00:00,23.9,57,140.0,1.91,0.0,1
2025-02-20 17:00:00,21.5,65,22.0,2.31,0.0,5
2025-02-20 18:00:00,20.2,71,0.0,1.9,0.0,2
2025-02-20 19:00:00,19.2,78,0.0,1.71,0.0,3
2025-02-20 20:00:00,19.2,78,0.0,2.06,0.0,3
2025-02-20 21:00:00,18.9,77,0.0,2.04,0.0,7
2025-02-20 22:00:00,18.4,80,0.0,1.99,0.0,3
2025-02-20 23:00:00,17.8,84,0.0,2.11,0.0,1
2025-02-21 00:00:00,17.3,86,0.0,2.13,0.0,24
2025-02-21 01:00:00,16.7,89,0.0,1.97,0.0,24
2025-02-21 02:00:00,16.0,92,0.0,1.71,0.0,8
2025-02-21 03:00:00,15.6,94,0.0,1.81,0.0,20
2025-02-21 04:00:00,15.1,95,0.0,1.56,0.0,9
2025-02-21 05:00:00,14.4,98,0.0,1.25,0.0,21
2025-02-21 06:00:00,15.1,100,9.0,1.91,0.0,95
2025-02-21 07:00:00,17.0,89,96.0,1.95,0.0,27
2025-02-21 08:00:00,19.6,75,255.0,1.82,0.0,2
2025-02-21 09:00:00,21.9,65,419.0,1.96,0.0,1
2025-02-21 10:00:00,23.9,57,548.0,1.94,0.0,0
2025-02-21 11:00:00,25.3,52,623.0,1.79,0.0,0
2025-02-21 12:00:00,26.7,47,631.0,1.07,0.0,0
2025-02-21 13:00:00,27.3,45,573.0,0.97,0.0,1
2025-02-21 14:00:00,27.4,42,458.0,1.48,0.0,12
2025-02-21 15:00:00,26.8,44,277.0,2.06,0.0,6
2025-02-21 16:00:00,24.7,62,132.0,1.05,0.0,12
2025-02-21 17:00:00,23.3,61,21.0,0.21,0.0,9
2025-02-21 18:00:00,20.8,75,0.0,2.26,0.2,32
2025-02-21 19:00:00,19.8,79,0.0,1.68,0.0,47
2025-02-21 20:00:00,19.1,84,0.0,1.32,0.0,37
2025-02-21 21:00:00,18.5,92,0.0,0.45,0.0,33
2025-02-21 22:00:00,18.4,90,0.0,3.44,0.0,16
2025-02-21 23:00:00,17.8,81,0.0,1.45,0.0,32
2025-02-22 00:00:00,17.2,90,0.0,0.64,0.0,8
2025-02-22 01:00:00,16.4,94,0.0,1.56,0.5,44
2025-02-22 02:00:00,16.8,91,0.0,3.38,0.0,8
2025-02-22 03:00:00,16.0,94,0.0,2.82,0.0,68
2025-02-22 04:00:00,16.0,92,0.0,2.31,0.1,91
2025-02-22 05:00:00,16.0,92,0.0,2.54,0.8,43
2025-02-22 06:00:00,17.7,91,6.0,1.98,0.4,41
2025-02-22 07:00:00,18.7,88,87.0,2.56,0.0,15
2025-02-22 08:00:00,20.2,83,245.0,2.95,0.0,16
2025-02-22 09:00:00,21.7,74,374.0,3.18,0.0,20
2025-02-22 10:00:00,23.3,67,517.0,3.36,0.0,1
2025-02-22 11:00:00,24.6,59,612.0,3.4,0.0,0
2025-02-22 12:00:00,25.4,55,623.0,3.22,0.0,0
2025-02-22 13:00:00,25.7,53,567.0,3.2,0.0,4
2025-02-22 14:00:00,25.7,53,445.0,3.16,0.0,6
2025-02-22 15:00:00,25.2,55,290.0,3.12,0.0,6
2025-02-22 16:00:00,23.9,61,131.0,2.39,0.0,8
2025-02-22 17:00:00,21.6,69,21.0,1.88,0.0,18
2025-02-22 18:00:00,20.2,76,0.0,1.41,1.9,49
2025-02-22 19:00:00,19.6,79,0.0,3.42,0.0,12
2025-02-22 20:00:00,18.5,85,0.0,3.66,0.0,9
2025-02-22 21:00:00,17.9,87,0.0,2.84,0.0,8
2025-02-22 22:00:00,17.5,88,0.0,2.2,0.0,6
2025-02-22 23:00:00,17.1,91,0.0,2.2,0.0,7
2025-02-23 00:00:00,16.9,92,0.0,2.11,0.0,0
2025-02-23 01:00:00,16.6,93,0.0,1.95,0.0,3
2025-02-23 02:00:00,16.3,94,0.0,1.79,0.0,11
2025-02-23 03:00:00,16.4,93,0.0,2.3,0.0,0
2025-02-23 04:00:00,15.9,95,0.0,1.85,0.0,1
2025-02-23 05:00:00,15.7,97,0.0,2.23,0.0,0
2025-02-23 06:00:00,16.6,96,10.0,2.8,0.0,43
2025-02-23 07:00:00,18.0,87,97.0,3.04,0.0,70
2025-02-23 08:00:00,19.6,79,244.0,3.03,0.0,25
2025-02-23 09:00:00,21.5,71,379.0,3.02,0.0,98
2025-02-23 10:00:00,21.9,68,325.0,2.28,0.1,76
2025-02-23 11:00:00,21.2,74,254.0,1.38,1.6,28
2025-02-23 12:00:00,23.0,67,449.0,1.3,0.0,92
2025-02-23 13:00:00,23.6,64,392.0,1.02,0.0,64
2025-02-23 14:00:00,24.0,62,360.0,1.17,0.0,33
2025-02-23 15:00:00,24.2,61,264.0,0.45,0.0,21
2025-02-23 16:00:00,23.0,72,126.0,0.92,0.0,46
2025-02-23 17:00:00,21.3,75,21.0,0.43,0.0,60
2025-02-23 18:00:00,17.9,96,0.0,0.86,0.0,21
2025-02-23 19:00:00,17.4,99,0.0,0.56,0.0,20
2025-02-23 20:00:00,17.1,99,0.0,0.66,0.0,33
2025-02-23 21:00:00,17.3,98,0.0,2.06,0.0,12
2025-02-23 22:00:00,17.0,97,0.0,2.15,0.0,1
2025-02-23 23:00:00,15.9,99,0.0,1.3,0.0,0
2025-02-24 00:00:00,15.3,100,0.0,1.25,0.0,96
2025-02-24 01:00:00,15.1,100,0.0,1.25,0.0,96
2025-02-24 02:00:00,15.5,100,0.0,1.2,0.0,100
2025-02-24 03:00:00,15.4,100,0.0,1.45,0.0,100
2025-02-24 04:00:00,15.1,100,0.0,1.53,0.0,96
2025-02-24 05:00:00,15.0,98,0.0,1.61,0.0,23
2025-02-24 06:00:00,15.2,100,11.0,1.65,0.0,95
2025-02-24 07:00:00,16.2,96,76.0,2.32,0.0,78
2025-02-24 08:00:00,18.0,91,168.0,3.23,0.0,100
2025-02-24 09:00:00,19.5,83,249.0,3.21,0.0,39
2025-02-24 10:00:00,21.9,71,479.0,2.4,0.0,10
2025-02-24 11:00:00,23.6,63,552.0,2.12,0.0,3
2025-02-24 12:00:00,25.1,57,601.0,1.94,0.0,0
2025-02-24 13:00:00,25.9,54,554.0,1.56,0.0,5
2025-02-24 14:00:00,26.0,52,441.0,1.14,0.0,9
2025-02-24 15:00:00,25.7,52,288.0,0.65,0.0,14
2025-02-24 16:00:00,24.0,70,126.0,0.57,0.0,14
2025-02-24 17:00:00,21.5,72,22.0,0.85,0.0,12
2025-02-24 18:00:00,20.2,78,0.0,1.44,0.0,24
2025-02-24 19:00:00,20.4,74,0.0,0.96,0.0,18
2025-02-24 20:00:00,19.8,73,0.0,0.43,1.4,46
2025-02-24 21:00:00,17.9,88,0.0,3.2,2.2,47
2025-02-24 22:00:00,17.1,92,0.0,3.38,0.0,20
2025-02-24 23:00:00,16.7,92,0.0,1.7,0.0,27
2025-02-25 00:00:00,16.2,97,0.0,1.6,0.0,45
2025-02-25 01:00:00,16.1,97,0.0,2.36,0.0,6
2025-02-25 02:00:00,15.5,97,0.0,1.56,0.0,21
2025-02-25 03:00:00,15.6,97,0.0,1.98,0.0,0
2025-02-25 04:00:00,14.8,98,0.0,1.37,0.0,12
2025-02-25 05:00:00,15.4,97,0.0,2.46,0.0,14
2025-02-25 06:00:00,16.4,93,11.0,2.46,0.0,14
2025-02-25 07:00:00,17.6,87,96.0,2.03,0.0,8
2025-02-25 08:00:00,19.1,79,237.0,3.15,0.0,15
2025-02-25 09:00:00,20.2,71,347.0,3.17,0.2,29
2025-02-25 10:00:00,21.9,62,441.0,2.86,0.0,18
2025-02-25 11:00:00,23.6,55,543.0,2.49,0.0,21
2025-02-25 12:00:00,24.4,52,549.0,2.62,0.0,7
2025-02-25 13:00:00,25.2,49,553.0,1.47,0.0,2
2025-02-25 14:00:00,25.0,50,443.0,1.91,0.0,32
2025-02-25 15:00:00,24.4,53,285.0,2.27,0.0,9
2025-02-25 16:00:00,22.8,66,131.0,1.13,0.0,4
2025-02-25 17:00:00,20.5,72,23.0,1.09,0.0,5
2025-02-25 18:00:00,19.8,81,0.0,1.74,0.1,34
2025-02-25 19:00:00,19.3,80,0.0,1.54,0.4,24
2025-02-25 20:00:00,17.6,92,0.0,1.1,0.0,16
2025-02-25 21:00:00,17.1,96,0.0,1.53,0.0,3
2025-02-25 22:00:00,16.2,98,0.0,1.1,0.0,3
2025-02-25 23:00:00,16.1,98,0.0,1.4,0.0,0
2025-02-26 00:00:00,16.2,97,0.0,1.72,0.0,0
2025-02-26 01:00:00,16.3,95,0.0,2.3,0.0,0
2025-02-26 02:00:00,16.0,95,0.0,2.3,0.0,0
2025-02-26 03:00:00,15.5,98,0.0,2.1,0.0,6
2025-02-26 04:00:00,15.2,99,0.0,2.38,0.0,51
2025-02-26 05:00:00,15.0,99,0.0,2.33,0.0,96
2025-02-26 06:00:00,15.5,98,11.0,2.65,0.0,100
2025-02-26 07:00:00,16.7,92,79.0,3.23,0.0,88
2025-02-26 08:00:00,18.1,85,204.0,3.12,0.0,22
2025-02-26 09:00:00,20.3,75,395.0,3.12,0.0,5
2025-02-26 10:00:00,23.1,64,526.0,3.37,0.0,0
2025-02-26 11:00:00,25.0,54,602.0,3.49,0.0,0
2025-02-26 12:00:00,26.1,48,614.0,3.4,0.0,0
2025-02-26 13:00:00,26.7,46,561.0,3.22,0.0,2
2025-02-26 14:00:00,26.7,46,447.0,2.89,0.0,8
2025-02-26 15:00:00,26.0,48,292.0,3.15,0.0,13
2025-02-26 16:00:00,23.8,58,134.0,1.5,0.0,3
2025-02-26 17:00:00,21.3,65,24.0,1.65,0.0,5
2025-02-26 18:00:00,20.5,72,0.0,1.56,0.0,8
2025-02-26 19:00:00,20.2,76,0.0,1.61,0.0,100
2025-02-26 20:00:00,18.9,85,0.0,1.47,0.0,100
2025-02-26 21:00:00,18.0,91,0.0,0.92,0.0,100
2025-02-26 22:00:00,17.7,92,0.0,0.43,0.0,100
2025-02-26 23:00:00,16.9,96,0.0,0.92,0.0,100
2025-02-27 00:00:00,16.8,97,0.0,1.25,0.0,100
2025-02-27 01:00:00,16.4,97,0.0,1.25,0.0,100
2025-02-27 02:00:00,16.6,97,0.0,1.4,0.0,100
2025-02-27 03:00:00,16.7,94,0.0,1.7,0.0,100
2025-02-27 04:00:00,16.3,94,0.0,1.3,0.0,34
2025-02-27 05:00:00,15.7,96,0.0,1.5,0.0,1
2025-02-27 06:00:00,16.2,97,13.0,1.68,0.0,0
2025-02-27 07:00:00,17.9,89,104.0,1.41,0.0,0
2025-02-27 08:00:00,20.2,77,253.0,1.46,0.0,0
2025-02-27 09:00:00,22.4,67,407.0,1.91,0.0,0
2025-02-27 10:00:00,24.3,59,531.0,2.12,0.0,0
2025-02-27 11:00:00,25.9,54,604.0,2.41,0.0,0
2025-02-27 12:00:00,27.2,48,614.0,2.46,0.0,0
2025-02-27 13:00:00,27.9,44,557.0,2.86,0.0,0
2025-02-27 14:00:00,27.9,42,441.0,2.64,0.0,1
2025-02-27 15:00:00,26.9,45,288.0,2.23,0.0,3
2025-02-27 16:00:00,24.8,60,127.0,0.94,0.0,12
2025-02-27 17:00:00,22.1,61,24.0,1.55,0.0,91
2025-02-27 18:00:00,22.2,63,0.0,0.45,0.0,46
2025-02-27 19:00:00,21.5,67,0.0,1.25,0.0,45
2025-02-27 20:00:00,21.1,66,0.0,1.84,0.0,58
2025-02-27 21:00:00,21.3,67,0.0,1.77,0.0,37
2025-02-27 22:00:00,20.2,73,0.0,1.8,0.0,18
2025-02-27 23:00:00,19.3,79,0.0,1.77,0.0,29
2025-02-28 00:00:00,18.9,79,0.0,1.2,0.0,29
2025-02-28 01:00:00,18.9,79,0.0,0.47,0.0,21
2025-02-28 02:00:00,18.3,82,0.0,0.5,0.0,8
2025-02-28 03:00:00,17.9,85,0.0,0.11,0.0,3
2025-02-28 04:00:00,17.1,90,0.0,0.22,0.0,6
2025-02-28 05:00:00,16.5,96,0.0,1.1,0.0,6
2025-02-28 06:00:00,17.2,97,13.0,0.81,0.0,24
2025-02-28 07:00:00,19.2,87,101.0,0.54,0.0,15
2025-02-28 08:00:00,21.7,73,245.0,0.55,0.0,28
2025-02-28 09:00:00,24.3,61,392.0,0.55,0.0,19
2025-02-28 10:00:00,26.0,54,503.0,1.01,0.0,0
2025-02-28 11:00:00,27.4,49,595.0,1.72,0.0,7
2025-02-28 12:00:00,28.1,46,573.0,1.64,0.0,87
2025-02-28 13:00:00,28.0,45,425.0,1.81,0.1,79
2025-02-28 14:00:00,28.1,45,373.0,1.67,0.0,49
2025-02-28 15:00:00,27.6,47,249.0,1.12,0.0,92
2025-02-28 16:00:00,26.2,63,120.0,0.25,0.0,94
2025-02-28 17:00:00,24.5,62,21.0,0.18,0.0,25
2025-02-28 18:00:00,23.2,65,0.0,0.82,0.0,45
2025-02-28 19:00:00,22.6,67,0.0,0.4,0.1,58
2025-02-28 20:00:00,21.3,75,0.0,1.77,0.0,26
2025-02-28 21:00:00,20.2,80,0.0,1.51,0.0,17
2025-02-28 22:00:00,20.0,80,0.0,1.56,0.0,9
2025-02-28 23:00:00,19.8,79,0.0,0.7,0.0,6
2025-03-01 00:00:00,19.5,80,0.0,0.35,0.0,6
2025-03-01 01:00:00,19.0,84,0.0,0.63,0.0,8
2025-03-01 02:00:00,18.9,84,0.0,0.35,0.0,5
2025-03-01 03:00:00,18.5,87,0.0,0.25,0.0,0
2025-03-01 04:00:00,17.6,92,0.0,0.85,0.0,4
2025-03-01 05:00:00,17.6,93,0.0,1.6,0.0,18
2025-03-01 06:00:00,19.1,87,12.0,0.14,0.0,32
2025-03-01 07:00:00,20.3,82,86.0,0.21,0.1,43
2025-03-01 08:00:00,21.3,76,180.0,0.55,0.1,68
2025-03-01 09:00:00,21.9,73,282.0,1.57,0.7,46
2025-03-01 10:00:00,22.8,68,364.0,0.74,0.2,3
2025-03-01 11:00:00,24.7,62,582.0,0.85,0.0,6
2025-03-01 12:00:00,25.7,60,571.0,1.46,0.0,15
2025-03-01 13:00:00,26.3,59,505.0,1.28,0.0,18
2025-03-01 14:00:00,26.4,58,398.0,1.96,0.0,21
2025-03-01 15:00:00,25.8,61,243.0,2.12,0.2,42
2025-03-01 16:00:00,23.8,73,106.0,3.4,0.0,60
2025-03-01 17:00:00,22.0,77,17.0,2.57,0.0,85
2025-03-01 18:00:00,21.7,75,0.0,4.21,0.0,56
2025-03-01 19:00:00,19.8,86,0.0,3.85,0.2,61
2025-03-01 20:00:00,19.1,91,0.0,3.11,0.1,81
2025-03-01 21:00:00,18.7,94,0.0,2.66,0.2,11
2025-03-01 22:00:00,18.0,97,0.0,3.13,0.0,1
2025-03-01 23:00:00,17.5,95,0.0,2.87,2.4,73
2025-03-02 00:00:00,17.6,98,0.0,3.2,0.0,55
2025-03-02 01:00:00,17.4,96,0.0,3.16,0.0,61
2025-03-02 02:00:00,17.1,94,0.0,2.31,0.2,19
2025-03-02 03:00:00,16.9,96,0.0,2.64,0.0,4
2025-03-02 04:00:00,16.6,97,0.0,2.42,0.0,1
2025-03-02 05:00:00,16.2,97,0.0,2.11,0.0,2
2025-03-02 06:00:00,17.5,97,13.0,1.96,0.0,24
2025-03-02 07:00:00,18.8,91,100.0,1.15,0.0,16
2025-03-02 08:00:00,20.7,83,245.0,0.9,0.0,11
2025-03-02 09:00:00,22.7,74,384.0,1.23,0.0,10
2025-03-02 10:00:00,24.2,69,495.0,1.96,0.0,5
2025-03-02 11:00:00,25.7,62,591.0,1.78,0.0,1
2025-03-02 12:00:00,27.4,59,608.0,1.92,0.0,3
2025-03-02 13:00:00,30.9,29,557.0,4.4,0.0,1
2025-03-02 14:00:00,30.6,26,454.0,6.46,0.0,10
2025-03-02 15:00:00,29.2,30,306.0,5.46,0.0,6
2025-03-02 16:00:00,27.1,38,142.0,4.21,0.0,2
2025-03-02 17:00:00,24.6,47,27.0,2.62,0.0,2
2025-03-02 18:00:00,21.6,77,0.0,2.06,0.0,19
2025-03-02 19:00:00,21.9,74,0.0,2.23,0.0,25
2025-03-02 20:00:00,21.2,75,0.0,1.14,0.0,48
2025-03-02 21:00:00,20.7,74,0.0,0.81,0.0,19
2025-03-02 22:00:00,20.4,70,0.0,0.2,0.0,3
2025-03-02 23:00:00,19.1,90,0.0,3.88,0.0,18
2025-03-03 00:00:00,18.7,90,0.0,2.67,0.0,3
2025-03-03 01:00:00,18.0,94,0.0,2.21,0.0,0
2025-03-03 02:00:00,17.7,96,0.0,2.03,0.0,1
2025-03-03 03:00:00,17.3,97,0.0,2.27,0.0,16
2025-03-03 04:00:00,16.8,100,0.0,2.47,0.0,50
2025-03-03 05:00:00,16.5,100,0.0,2.63,0.0,100
2025-03-03 06:00:00,17.6,100,11.0,2.23,0.0,100
2025-03-03 07:00:00,18.2,97,72.0,3.03,0.0,100
2025-03-03 08:00:00,19.6,89,176.0,2.58,0.0,39
2025-03-03 09:00:00,21.9,79,376.0,1.95,0.0,27
2025-03-03 10:00:00,24.3,68,520.0,1.95,0.0,2
2025-03-03 11:00:00,25.9,61,603.0,1.99,0.0,0
2025-03-03 12:00:00,27.0,55,612.0,1.7,0.0,3
2025-03-03 13:00:00,27.5,53,545.0,1.66,0.0,2
2025-03-03 14:00:00,27.5,52,436.0,1.03,0.0,2
2025-03-03 15:00:00,26.8,54,287.0,0.78,0.0,0
2025-03-03 16:00:00,25.2,63,133.0,1.22,0.0,0
2025-03-03 17:00:00,22.9,70,26.0,0.74,0.0,0
2025-03-03 18:00:00,23.1,58,0.0,1.05,0.0,6
2025-03-03 19:00:00,22.7,59,0.0,0.6,0.0,12
2025-03-03 20:00:00,21.3,60,0.0,1.27,0.0,0
2025-03-03 21:00:00,20.5,62,0.0,0.81,0.0,1
2025-03-03 22:00:00,19.1,72,0.0,0.39,0.0,0
2025-03-03 23:00:00,17.9,91,0.0,2.01,0.0,0
2025-03-04 00:00:00,17.4,95,0.0,1.95,0.0,0
2025-03-04 01:00:00,17.0,96,0.0,2.21,0.0,0
2025-03-04 02:00:00,16.6,97,0.0,2.11,0.0,0
2025-03-04 03:00:00,15.9,100,0.0,1.61,0.0,100
2025-03-04 04:00:00,15.7,100,0.0,1.8,0.0,100
2025-03-04 05:00:00,15.6,100,0.0,2.05,0.0,100
2025-03-04 06:00:00,16.2,100,14.0,1.87,0.0,100
2025-03-04 07:00:00,17.5,95,92.0,1.91,0.0,47
2025-03-04 08:00:00,19.5,87,247.0,1.53,0.0,12
2025-03-04 09:00:00,21.9,75,408.0,1.84,0.0,0
2025-03-04 10:00:00,24.1,62,536.0,1.85,0.0,0
2025-03-04 11:00:00,25.9,54,609.0,2.15,0.0,0
2025-03-04 12:00:00,27.1,49,619.0,2.2,0.0,0
2025-03-04 13:00:00,27.5,46,557.0,1.92,0.0,0
2025-03-04 14:00:00,27.3,45,438.0,1.97,0.0,31
2025-03-04 15:00:00,26.8,45,286.0,1.65,0.0,29
2025-03-04 16:00:00,25.3,60,134.0,0.11,0.0,0
2025-03-04 17:00:00,23.2,57,26.0,0.21,0.0,5
2025-03-04 18:00:00,22.5,59,0.0,0.11,0.0,16
2025-03-04 19:00:00,21.0,66,0.0,0.69,0.0,1
2025-03-04 20:00:00,19.1,79,0.0,0.7,0.0,0
2025-03-04 21:00:00,18.2,87,0.0,0.63,0.0,2
2025-03-04 22:00:00,17.6,93,0.0,0.74,0.0,17
2025-03-04 23:00:00,17.6,95,0.0,1.08,0.0,36
2025-03-05 00:00:00,17.8,96,0.0,1.21,0.0,100
2025-03-05 01:00:00,18.5,90,0.0,2.26,0.0,100
2025-03-05 02:00:00,18.5,88,0.0,2.7,0.2,100
2025-03-05 03:00:00,18.4,90,0.0,2.16,0.0,33
2025-03-05 04:00:00,17.6,93,0.0,2.33,0.0,5
2025-03-05 05:00:00,16.8,95,0.0,1.6,0.0,8
2025-03-05 06:00:00,17.7,95,16.0,2.45,0.0,16
2025-03-05 07:00:00,19.0,88,105.0,2.0,0.0,18
2025-03-05 08:00:00,21.0,77,234.0,1.59,0.0,0
2025-03-05 09:00:00,23.0,67,404.0,1.52,0.0,0
2025-03-05 10:00:00,24.9,58,531.0,1.58,0.0,0
2025-03-05 11:00:00,25.9,51,606.0,3.61,0.0,5
2025-03-05 12:00:00,26.3,50,586.0,3.28,0.0,5
2025-03-05 13:00:00,26.8,48,531.0,2.94,0.0,4
2025-03-05 14:00:00,27.9,34,415.0,1.94,0.0,0
2025-03-05 15:00:00,27.2,29,296.0,4.5,0.0,0
2025-03-05 16:00:00,25.1,35,140.0,3.09,0.0,0
2025-03-05 17:00:00,21.5,59,28.0,1.03,0.0,0
2025-03-05 18:00:00,21.6,67,0.0,0.4,0.0,88
2025-03-05 19:00:00,21.7,65,0.0,0.59,0.0,53
2025-03-05 20:00:00,20.7,66,0.0,1.73,0.0,10
2025-03-05 21:00:00,20.1,59,0.0,1.66,0.0,3
2025-03-05 22:00:00,19.1,65,0.0,1.2,0.0,0
2025-03-05 23:00:00,18.3,71,0.0,0.16,0.0,0
2025-03-06 00:00:00,16.8,88,0.0,2.08,0.0,0
2025-03-06 01:00:00,16.6,94,0.0,3.0,0.0,0
2025-03-06 02:00:00,16.1,93,0.0,2.18,0.0,0
2025-03-06 03:00:00,15.6,98,0.0,2.56,0.0,0
2025-03-06 04:00:00,15.6,99,0.0,3.0,0.0,0
2025-03-06 05:00:00,15.2,100,0.0,2.41,0.0,94
2025-03-06 06:00:00,16.0,99,17.0,2.56,0.0,26
2025-03-06 07:00:00,17.8,89,106.0,3.67,0.0,1
2025-03-06 08:00:00,19.4,82,249.0,3.42,0.0,5
2025-03-06 09:00:00,21.2,75,397.0,3.25,0.0,0
2025-03-06 10:00:00,23.1,66,522.0,3.51,0.0,0
2025-03-06 11:00:00,25.0,58,596.0,3.66,0.0,0
2025-03-06 12:00:00,26.3,52,607.0,3.86,0.0,0
2025-03-06 13:00:00,27.0,48,546.0,4.02,0.0,0
2025-03-06 14:00:00,27.1,46,429.0,4.08,0.0,1
2025-03-06 15:00:00,26.4,47,279.0,3.43,0.0,7
2025-03-06 16:00:00,24.7,54,129.0,2.07,0.0,9
2025-03-06 17:00:00,22.1,63,26.0,1.84,0.0,7
2025-03-06 18:00:00,21.2,68,0.0,1.76,0.0,67
2025-03-06 19:00:00,21.5,68,0.0,1.66,0.0,43
2025-03-06 20:00:00,21.6,67,0.0,1.82,0.0,64
2025-03-06 21:00:00,20.8,69,0.0,1.78,0.0,50
2025-03-06 22:00:00,19.5,77,0.0,1.32,0.0,34
2025-03-06 23:00:00,18.1,86,0.0,1.53,0.0,6
2025-03-07 00:00:00,17.4,89,0.0,1.9,0.0,1
2025-03-07 01:00:00,16.8,91,0.0,1.72,0.0,1
2025-03-07 02:00:00,16.1,93,0.0,1.61,0.0,0
2025-03-07 03:00:00,15.9,93,0.0,1.7,0.0,0
2025-03-07 04:00:00,15.4,94,0.0,1.55,0.0,0
2025-03-07 05:00:00,14.6,98,0.0,1.33,0.0,0
2025-03-07 06:00:00,16.2,94,17.0,1.48,0.0,0
2025-03-07 07:00:00,17.8,84,109.0,1.98,0.0,0
2025-03-07 08:00:00,19.7,73,253.0,2.16,0.0,0
2025-03-07 09:00:00,21.9,63,405.0,1.72,0.0,0
2025-03-07 10:00:00,24.2,54,526.0,1.75,0.0,0
2025-03-07 11:00:00,26.0,51,597.0,2.16,0.0,3
2025-03-07 12:00:00,27.5,41,602.0,1.41,0.0,4
2025-03-07 13:00:00,28.8,34,512.0,0.57,0.0,4
2025-03-07 14:00:00,28.8,34,425.0,1.95,0.0,2
2025-03-07 15:00:00,28.0,40,279.0,1.22,0.0,5
2025-03-07 16:00:00,26.0,55,131.0,0.22,0.0,18
2025-03-07 17:00:00,23.0,59,27.0,1.1,0.0,11
2025-03-07 18:00:00,22.8,58,0.0,1.01,0.0,23
2025-03-07 19:00:00,22.4,60,0.0,0.36,0.0,31
2025-03-07 20:00:00,21.6,61,0.0,0.67,0.0,34
2025-03-07 21:00:00,21.6,63,0.0,0.28,0.0,65
2025-03-07 22:00:00,20.1,70,0.0,1.75,0.0,53
2025-03-07 23:00:00,19.7,73,0.0,0.94,0.0,67
2025-03-08 00:00:00,19.1,74,0.0,0.65,0.0,23
2025-03-08 01:00:00,17.8,86,0.0,0.99,0.0,28
2025-03-08 02:00:00,17.1,91,0.0,1.05,0.0,11
2025-03-08 03:00:00,16.7,92,0.0,0.75,0.0,5
2025-03-08 04:00:00,16.2,93,0.0,0.67,0.0,9
2025-03-08 05:00:00,15.8,94,0.0,0.87,0.0,11
2025-03-08 06:00:00,17.6,85,17.0,0.95,0.0,13
2025-03-08 07:00:00,19.5,82,106.0,1.15,0.0,9
2025-03-08 08:00:00,21.8,64,239.0,1.71,0.0,7
2025-03-08 09:00:00,23.8,55,387.0,2.17,0.0,0
2025-03-08 10:00:00,25.0,52,508.0,2.57,0.0,8
2025-03-08 11:00:00,25.7,49,544.0,2.94,0.0,12
2025-03-08 12:00:00,26.3,47,538.0,2.59,0.0,19
2025-03-08 13:00:00,26.8,43,467.0,1.65,0.0,13
2025-03-08 14:00:00,26.8,44,399.0,2.3,0.0,12
2025-03-08 15:00:00,25.8,49,253.0,2.91,0.0,16
2025-03-08 16:00:00,24.0,58,115.0,1.49,0.0,20
2025-03-08 17:00:00,22.3,65,24.0,0.66,0.0,13
2025-03-08 18:00:00,21.1,70,0.0,0.99,0.0,31
2025-03-08 19:00:00,20.2,78,0.0,1.57,0.0,3
2025-03-08 20:00:00,19.3,83,0.0,1.59,0.0,2
2025-03-08 21:00:00,18.7,86,0.0,1.59,0.0,3
2025-03-08 22:00:00,17.8,92,0.0,1.41,0.0,2
2025-03-08 23:00:00,17.3,93,0.0,1.23,0.0,1
2025-03-09 00:00:00,17.4,92,0.0,2.53,0.0,1
2025-03-09 01:00:00,17.5,89,0.0,2.45,0.0,0
2025-03-09 02:00:00,17.1,91,0.0,2.5,0.0,0
2025-03-09 03:00:00,16.7,93,0.0,2.6,0.0,2
2025-03-09 04:00:00,16.4,94,0.0,3.15,0.0,4
2025-03-09 05:00:00,16.2,93,0.0,3.0,0.0,0
2025-03-09 06:00:00,17.4,90,18.0,3.0,0.0,2
2025-03-09 07:00:00,18.7,82,107.0,2.75,0.0,0
2025-03-09 08:00:00,20.6,75,246.0,2.58,0.0,0
2025-03-09 09:00:00,23.0,65,392.0,2.93,0.0,0
2025-03-09 10:00:00,25.3,54,509.0,3.68,0.0,0
2025-03-09 11:00:00,26.9,47,574.0,3.94,0.0,1
2025-03-09 12:00:00,27.8,45,580.0,4.1,0.0,4
2025-03-09 13:00:00,28.1,44,520.0,4.04,0.0,3
2025-03-09 14:00:00,28.1,43,412.0,2.93,0.0,11
2025-03-09 15:00:00,27.5,46,255.0,2.8,0.0,12
2025-03-09 16:00:00,25.8,61,121.0,0.93,0.0,16
2025-03-09 17:00:00,23.8,61,24.0,0.92,0.0,14
2025-03-09 18:00:00,21.9,71,0.0,1.65,0.0,5
2025-03-09 19:00:00,21.3,75,0.0,1.46,0.0,0
2025-03-09 20:00:00,20.7,79,0.0,1.6,0.0,0
2025-03-09 21:00:00,20.0,82,0.0,1.82,0.0,0
2025-03-09 22:00:00,19.0,85,0.0,1.65,0.0,0
2025-03-09 23:00:00,18.3,90,0.0,1.65,0.0,0
2025-03-10 00:00:00,17.8,91,0.0,1.66,0.0,0
2025-03-10 01:00:00,17.3,93,0.0,1.56,0.0,0
2025-03-10 02:00:00,17.3,92,0.0,2.02,0.0,1
2025-03-10 03:00:00,17.4,92,0.0,2.16,0.0,0
2025-03-10 04:00:00,17.3,92,0.0,2.15,0.0,0
2025-03-10 05:00:00,16.9,94,0.0,1.88,0.0,0
2025-03-10 06:00:00,17.7,91,19.0,1.21,0.0,0
2025-03-10 07:00:00,19.7,83,109.0,0.89,0.0,0
2025-03-10 08:00:00,21.9,71,247.0,1.5,0.0,0
2025-03-10 09:00:00,24.1,62,391.0,1.86,0.0,0
2025-03-10 10:00:00,25.9,56,509.0,2.16,0.0,0
2025-03-10 11:00:00,27.4,51,575.0,2.32,0.0,0
2025-03-10 12:00:00,28.6,47,582.0,2.58,0.0,0
2025-03-10 13:00:00,29.4,42,527.0,2.73,0.0,0
2025-03-10 14:00:00,29.6,42,419.0,3.04,0.0,1
2025-03-10 15:00:00,28.8,48,272.0,1.99,0.0,0
2025-03-10 16:00:00,27.0,60,125.0,0.7,0.0,0
2025-03-10 17:00:00,24.7,61,26.0,0.52,0.0,0
2025-03-10 18:00:00,23.5,66,0.0,0.4,0.0,0
2025-03-10 19:00:00,22.8,68,0.0,0.47,0.0,0
2025-03-10 20:00:00,20.9,79,0.0,1.27,0.0,0
2025-03-10 21:00:00,20.1,83,0.0,0.9,0.0,0
2025-03-10 22:00:00,19.5,85,0.0,0.74,0.0,0
2025-03-10 23:00:00,19.0,86,0.0,0.64,0.0,0
2025-03-11 00:00:00,18.5,87,0.0,0.61,0.0,0
2025-03-11 01:00:00,17.7,91,0.0,0.96,0.0,0
2025-03-11 02:00:00,17.6,91,0.0,1.25,0.0,0
2025-03-11 03:00:00,17.2,90,0.0,1.13,0.0,0
2025-03-11 04:00:00,16.6,93,0.0,1.35,0.0,0
2025-03-11 05:00:00,16.7,93,0.0,1.71,0.0,0
2025-03-11 06:00:00,18.0,95,19.0,0.3,0.0,0
2025-03-11 07:00:00,19.8,86,109.0,1.0,0.0,13
2025-03-11 08:00:00,22.4,72,231.0,1.01,0.0,98
2025-03-11 09:00:00,23.1,68,167.0,1.29,0.0,100
2025-03-11 10:00:00,24.2,62,248.0,1.97,0.0,100
2025-03-11 11:00:00,24.2,60,164.0,2.29,0.0,100
2025-03-11 12:00:00,24.3,58,112.0,2.12,0.0,100
2025-03-11 13:00:00,24.4,58,89.0,1.62,0.0,83
2025-03-11 14:00:00,26.2,53,250.0,1.92,0.0,88
2025-03-11 15:00:00,26.1,55,169.0,1.53,0.0,90
2025-03-11 16:00:00,24.8,62,65.0,0.56,0.0,51
2025-03-11 17:00:00,22.8,64,18.0,1.12,0.0,39
2025-03-11 18:00:00,22.9,65,0.0,2.81,0.1,92
2025-03-11 19:00:00,21.8,73,0.0,0.65,0.7,91
2025-03-11 20:00:00,21.0,77,0.0,0.89,0.0,70
2025-03-11 21:00:00,20.3,82,0.0,3.21,0.0,55
2025-03-11 22:00:00,19.6,88,0.0,3.2,0.0,62
2025-03-11 23:00:00,18.9,93,0.0,1.08,0.0,52
2025-03-12 00:00:00,18.9,94,0.0,0.45,8.0,52
2025-03-12 01:00:00,18.2,98,0.0,3.01,10.0,98
2025-03-12 02:00:00,18.3,98,0.0,3.34,7.6,65
2025-03-12 03:00:00,18.1,98,0.0,4.26,2.7,82
2025-03-12 04:00:00,18.1,95,0.0,1.94,0.0,45
2025-03-12 05:00:00,18.0,94,0.0,1.82,0.0,50
2025-03-12 06:00:00,20.3,84,15.0,2.8,0.0,45
2025-03-12 07:00:00,20.7,86,82.0,1.64,0.7,100
2025-03-12 08:00:00,20.6,87,67.0,3.45,0.1,96
2025-03-12 09:00:00,21.3,84,119.0,2.82,0.0,100
2025-03-12 10:00:00,22.0,80,136.0,2.6,0.0,100
2025-03-12 11:00:00,22.6,76,131.0,2.6,0.1,100
2025-03-12 12:00:00,24.1,66,243.0,2.86,0.0,5
2025-03-12 13:00:00,25.8,55,460.0,3.45,0.0,17
2025-03-12 14:00:00,26.1,54,390.0,3.52,0.0,24
2025-03-12 15:00:00,25.6,57,252.0,3.38,0.0,16
2025-03-12 16:00:00,24.3,63,124.0,2.31,0.0,41
2025-03-12 17:00:00,22.7,71,25.0,2.49,0.0,96
2025-03-12 18:00:00,21.3,73,0.0,3.72,0.0,100
2025-03-12 19:00:00,20.4,80,0.0,2.61,0.3,83
2025-03-12 20:00:00,19.3,89,0.0,3.02,0.3,58
2025-03-12 21:00:00,18.9,93,0.0,3.21,0.1,79
2025-03-12 22:00:00,18.7,94,0.0,3.05,0.0,100
2025-03-12 23:00:00,18.4,94,0.0,3.42,0.0,92
2025-03-13 00:00:00,17.9,96,0.0,3.05,0.0,91
2025-03-13 01:00:00,17.8,96,0.0,3.15,0.0,100
2025-03-13 02:00:00,17.6,97,0.0,2.92,0.4,100
2025-03-13 03:00:00,17.6,98,0.0,2.7,0.2,100
2025-03-13 04:00:00,17.7,98,0.0,4.01,0.4,87
2025-03-13 05:00:00,17.8,98,0.0,3.24,0.3,45
2025-03-13 06:00:00,18.4,94,11.0,4.02,0.7,68
2025-03-13 07:00:00,18.6,93,65.0,4.15,0.9,78
2025-03-13 08:00:00,19.1,93,132.0,3.12,4.6,67
2025-03-13 09:00:00,20.1,84,174.0,3.72,0.3,94
2025-03-13 10:00:00,21.8,78,263.0,3.83,0.0,96
2025-03-13 11:00:00,22.7,72,268.0,3.06,0.0,59
2025-03-13 12:00:00,23.6,67,318.0,2.76,0.0,49
2025-03-13 13:00:00,24.4,62,395.0,2.92,0.0,5
2025-03-13 14:00:00,24.8,59,379.0,3.06,0.0,8
2025-03-13 15:00:00,24.4,61,248.0,3.48,0.0,23
2025-03-13 16:00:00,23.3,65,117.0,3.33,0.0,23
2025-03-13 17:00:00,21.7,71,25.0,3.02,0.0,26
2025-03-13 18:00:00,20.3,84,0.0,2.85,0.2,63
2025-03-13 19:00:00,19.6,89,0.0,3.84,0.2,91
2025-03-13 20:00:00,19.1,91,0.0,3.81,2.1,96
2025-03-13 21:00:00,18.6,93,0.0,3.05,5.7,99
2025-03-13 22:00:00,18.3,95,0.0,4.18,2.0,89
2025-03-13 23:00:00,17.8,97,0.0,1.77,0.9,100
2025-03-14 00:00:00,17.9,96,0.0,2.29,0.0,86
2025-03-14 01:00:00,17.6,95,0.0,3.16,0.0,23
2025-03-14 02:00:00,17.3,96,0.0,2.96,0.0,47
2025-03-14 03:00:00,17.3,95,0.0,3.04,0.0,13
2025-03-14 04:00:00,17.1,95,0.0,3.01,0.0,9
2025-03-14 05:00:00,17.0,96,0.0,2.79,0.0,10
2025-03-14 06:00:00,18.3,94,20.0,3.04,0.5,74
2025-03-14 07:00:00,18.7,93,71.0,2.98,0.1,54
2025-03-14 08:00:00,19.7,86,148.0,3.55,0.9,77
2025-03-14 09:00:00,21.1,79,249.0,3.69,0.0,67
2025-03-14 10:00:00,22.9,75,375.0,2.88,0.0,25
2025-03-14 11:00:00,24.5,68,454.0,2.93,0.0,16
2025-03-14 12:00:00,25.7,63,493.0,2.71,0.0,16
2025-03-14 13:00:00,26.2,61,449.0,2.82,0.0,17
2025-03-14 14:00:00,26.5,59,362.0,2.85,0.0,4
2025-03-14 15:00:00,25.9,61,257.0,2.84,0.0,30
2025-03-14 16:00:00,24.5,66,104.0,2.4,0.0,29
2025-03-14 17:00:00,22.8,72,22.0,2.06,0.0,30
2025-03-14 18:00:00,21.7,80,0.0,2.25,0.0,41
2025-03-14 19:00:00,21.3,80,0.0,3.45,0.0,67
2025-03-14 20:00:00,20.9,81,0.0,2.62,0.1,24
2025-03-14 21:00:00,19.9,88,0.0,3.01,0.1,17
2025-03-14 22:00:00,19.2,94,0.0,2.9,0.8,39
2025-03-14 23:00:00,18.9,94,0.0,2.85,0.0,56
2025-03-15 00:00:00,18.9,94,0.0,2.4,0.0,36
2025-03-15 01:00:00,18.5,96,0.0,2.76,0.0,26
2025-03-15 02:00:00,18.2,97,0.0,2.88,0.0,22
2025-03-15 03:00:00,18.0,98,0.0,2.8,0.0,27
2025-03-15 04:00:00,18.0,98,0.0,2.85,0.0,30
2025-03-15 05:00:00,17.9,98,0.0,2.66,0.0,29
2025-03-15 06:00:00,18.9,97,19.0,3.9,0.0,97
2025-03-15 07:00:00,19.8,93,78.0,3.61,0.3,83
2025-03-15 08:00:00,21.1,85,190.0,3.92,0.4,61
2025-03-15 09:00:00,22.2,79,259.0,3.6,0.0,27
2025-03-15 10:00:00,23.5,74,338.0,2.98,0.0,22
2025-03-15 11:00:00,25.5,68,492.0,2.9,0.0,21
2025-03-15 12:00:00,26.8,63,539.0,2.84,0.0,1
2025-03-15 13:00:00,27.4,60,495.0,2.87,0.0,0
2025-03-15 14:00:00,27.4,58,394.0,2.72,0.0,1
2025-03-15 15:00:00,27.1,60,256.0,2.57,0.0,3
2025-03-15 16:00:00,25.7,67,119.0,1.44,0.0,15
2025-03-15 17:00:00,23.6,76,25.0,1.25,0.0,22
2025-03-15 18:00:00,21.9,85,0.0,2.42,1.1,49
2025-03-15 19:00:00,21.4,89,0.0,2.7,0.0,48
2025-03-15 20:00:00,21.1,90,0.0,2.11,0.0,76
2025-03-15 21:00:00,20.6,94,0.0,2.17,0.8,73
2025-03-15 22:00:00,20.2,95,0.0,1.25,0.2,92
2025-03-15 23:00:00,20.0,95,0.0,2.44,0.2,33
2025-03-16 00:00:00,19.4,96,0.0,2.38,0.0,54
2025-03-16 01:00:00,19.3,96,0.0,2.25,0.2,63
2025-03-16 02:00:00,18.9,98,0.0,2.25,0.0,67
2025-03-16 03:00:00,18.7,99,0.0,2.11,0.0,40
2025-03-16 04:00:00,18.7,99,0.0,2.28,0.1,52
2025-03-16 05:00:00,18.5,100,0.0,2.42,0.0,100
2025-03-16 06:00:00,19.7,99,11.0,2.8,2.0,100
2025-03-16 07:00:00,20.3,96,73.0,3.1,0.0,71
2025-03-16 08:00:00,21.8,87,187.0,2.91,0.0,62
2025-03-16 09:00:00,22.9,82,245.0,2.57,0.0,31
2025-03-16 10:00:00,24.3,76,360.0,2.58,0.0,34
2025-03-16 11:00:00,25.6,71,432.0,2.73,0.0,10
2025-03-16 12:00:00,26.8,65,522.0,2.72,0.0,3
2025-03-16 13:00:00,27.4,62,491.0,2.89,0.0,7
2025-03-16 14:00:00,27.2,62,370.0,2.3,0.0,7
2025-03-16 15:00:00,26.5,64,238.0,2.42,0.0,5
2025-03-16 16:00:00,25.5,69,116.0,2.09,0.0,2
2025-03-16 17:00:00,23.6,78,27.0,1.61,0.0,0
2025-03-16 18:00:00,22.1,87,0.0,2.55,0.0,89
2025-03-16 19:00:00,21.7,90,0.0,2.66,0.0,12
2025-03-16 20:00:00,21.5,88,0.0,3.34,0.0,0
2025-03-16 21:00:00,20.9,91,0.0,1.95,0.0,0
2025-03-16 22:00:00,20.1,95,0.0,1.75,0.0,0
2025-03-16 23:00:00,20.0,95,0.0,2.13,0.0,0
2025-03-17 00:00:00,19.5,95,0.0,1.92,0.0,0
2025-03-17 01:00:00,18.3,99,0.0,1.11,0.0,10
2025-03-17 02:00:00,17.9,100,0.0,0.27,0.0,99
2025-03-17 03:00:00,17.9,100,0.0,0.21,0.0,100
2025-03-17 04:00:00,17.8,100,0.0,0.32,0.0,100
2025-03-17 05:00:00,17.7,100,0.0,0.4,0.0,100
2025-03-17 06:00:00,18.9,99,16.0,1.33,0.0,100
2025-03-17 07:00:00,20.0,94,74.0,1.11,0.0,100
2025-03-17 08:00:00,22.0,87,192.0,0.59,0.0,9
2025-03-17 09:00:00,24.7,69,379.0,1.26,0.0,16
2025-03-17 10:00:00,26.3,61,500.0,1.7,0.0,10
2025-03-17 11:00:00,28.1,55,565.0,1.67,0.0,49
2025-03-17 12:00:00,30.6,50,570.0,3.61,0.0,2
2025-03-17 13:00:00,31.5,45,512.0,4.14,0.0,1
2025-03-17 14:00:00,32.6,40,409.0,4.75,0.0,33
2025-03-17 15:00:00,32.0,36,233.0,6.32,0.0,29
2025-03-17 16:00:00,30.7,38,118.0,4.95,0.0,24
2025-03-17 17:00:00,28.7,39,30.0,4.07,0.0,2
2025-03-17 18:00:00,26.8,47,0.0,4.1,0.0,20
2025-03-17 19:00:00,27.0,46,0.0,4.35,0.0,8
2025-03-17 20:00:00,26.7,54,0.0,4.84,0.0,10
2025-03-17 21:00:00,26.8,54,0.0,5.09,0.0,0
2025-03-17 22:00:00,26.4,54,0.0,5.21,0.0,0
2025-03-17 23:00:00,26.2,53,0.0,5.45,0.0,14
2025-03-18 00:00:00,25.7,53,0.0,4.73,0.0,1
2025-03-18 01:00:00,24.6,58,0.0,4.15,0.0,0
2025-03-18 02:00:00,23.7,63,0.0,3.61,0.0,0
2025-03-18 03:00:00,22.8,68,0.0,3.07,0.0,0
2025-03-18 04:00:00,22.4,70,0.0,2.83,0.0,0
2025-03-18 05:00:00,22.3,70,0.0,2.86,0.0,0
2025-03-18 06:00:00,23.7,68,25.0,3.2,0.0,38
2025-03-18 07:00:00,25.8,56,98.0,5.01,0.0,12
2025-03-18 08:00:00,27.5,47,257.0,5.27,0.0,37
2025-03-18 09:00:00,28.9,41,394.0,5.97,0.0,21
2025-03-18 10:00:00,29.8,36,526.0,6.1,0.0,46
2025-03-18 11:00:00,30.9,31,595.0,6.58,0.0,18
2025-03-18 12:00:00,31.5,25,611.0,7.6,0.0,23
2025-03-18 13:00:00,31.6,23,559.0,7.8,0.0,78
2025-03-18 14:00:00,31.2,22,445.0,7.76,0.0,58
2025-03-18 15:00:00,30.0,24,298.0,7.04,0.0,44
2025-03-18 16:00:00,28.3,29,144.0,6.52,0.0,18
2025-03-18 17:00:00,27.0,31,33.0,5.8,0.0,6
2025-03-18 18:00:00,26.2,31,0.0,5.92,0.0,0
2025-03-18 19:00:00,24.9,36,0.0,4.66,0.0,0
2025-03-18 20:00:00,22.6,43,0.0,2.7,0.0,0
2025-03-18 21:00:00,21.3,50,0.0,2.49,0.0,0
2025-03-18 22:00:00,20.7,54,0.0,2.32,0.0,0
2025-03-18 23:00:00,20.2,56,0.0,2.15,0.0,0
2025-03-19 00:00:00,19.4,63,0.0,1.8,0.0,0
2025-03-19 01:00:00,18.8,69,0.0,1.6,0.0,0
2025-03-19 02:00:00,19.0,70,0.0,0.61,0.0,0
2025-03-19 03:00:00,18.6,70,0.0,0.5,0.0,0
2025-03-19 04:00:00,18.4,71,0.0,0.0,0.0,0
2025-03-19 05:00:00,18.0,73,0.0,0.14,0.0,0
2025-03-19 06:00:00,19.9,70,28.0,1.82,0.0,0
2025-03-19 07:00:00,20.7,70,126.0,2.41,0.0,0
2025-03-19 08:00:00,23.0,62,268.0,1.76,0.0,0
2025-03-19 09:00:00,25.2,52,412.0,1.56,0.0,0
2025-03-19 10:00:00,26.9,47,527.0,1.57,0.0,0
2025-03-19 11:00:00,28.2,42,593.0,2.5,0.0,0
2025-03-19 12:00:00,29.0,41,600.0,2.86,0.0,0
2025-03-19 13:00:00,29.1,41,539.0,2.05,0.0,0
2025-03-19 14:00:00,28.9,43,424.0,0.85,0.0,0
2025-03-19 15:00:00,28.4,46,275.0,0.81,0.0,0
2025-03-19 16:00:00,26.2,64,131.0,0.89,0.0,0
2025-03-19 17:00:00,24.3,60,31.0,0.55,0.0,0
2025-03-19 18:00:00,23.2,66,0.0,1.34,0.0,9
2025-03-19 19:00:00,22.4,69,0.0,1.26,0.0,12
2025-03-19 20:00:00,21.9,73,0.0,1.26,0.0,6
2025-03-19 21:00:00,20.7,79,0.0,0.89,0.0,0
2025-03-19 22:00:00,19.9,83,0.0,0.45,0.0,0
2025-03-19 23:00:00,18.7,90,0.0,1.21,0.0,0
2025-03-20 00:00:00,18.2,92,0.0,1.16,0.0,0
2025-03-20 01:00:00,18.0,94,0.0,1.36,0.0,0
2025-03-20 02:00:00,17.6,95,0.0,1.5,0.0,0
2025-03-20 03:00:00,17.4,95,0.0,1.92,0.0,0
2025-03-20 04:00:00,16.8,94,0.0,1.76,0.0,0
2025-03-20 05:00:00,16.2,95,0.0,1.43,0.0,0
2025-03-20 06:00:00,18.2,95,27.0,1.77,0.0,35
2025-03-20 07:00:00,20.6,80,110.0,1.53,0.0,30
2025-03-20 08:00:00,22.8,69,240.0,1.44,0.0,14
2025-03-20 09:00:00,24.9,64,377.0,1.69,0.0,8
2025-03-20 10:00:00,26.8,59,500.0,2.08,0.0,1
2025-03-20 11:00:00,28.3,53,580.0,2.07,0.0,1
2025-03-20 12:00:00,29.2,48,590.0,2.11,0.0,1
2025-03-20 13:00:00,29.6,45,532.0,2.15,0.0,30
2025-03-20 14:00:00,29.5,46,412.0,0.92,0.0,1
2025-03-20 15:00:00,29.4,46,274.0,0.25,0.0,3
2025-03-20 16:00:00,27.3,64,131.0,0.53,0.0,0
2025-03-20 17:00:00,25.7,62,31.0,0.07,0.0,1
2025-03-20 18:00:00,24.0,70,0.0,2.42,0.0,4
2025-03-20 19:00:00,22.5,76,0.0,1.5,0.0,27
2025-03-20 20:00:00,21.6,81,0.0,1.9,0.0,1
2025-03-20 21:00:00,21.4,78,0.0,2.7,0.0,0
2025-03-20 22:00:00,21.0,73,0.0,2.94,0.0,0
2025-03-20 23:00:00,20.2,76,0.0,2.03,0.0,7
2025-03-21 00:00:00,19.6,80,0.0,1.86,0.0,8
2025-03-21 01:00:00,18.8,88,0.0,1.66,0.0,7
2025-03-21 02:00:00,18.1,96,0.0,1.37,0.0,31
2025-03-21 03:00:00,17.6,98,0.0,1.15,0.0,65
2025-03-21 04:00:00,17.7,97,0.0,1.23,0.0,100
2025-03-21 05:00:00,18.1,96,0.0,1.05,0.0,100
2025-03-21 06:00:00,19.8,89,22.0,0.96,0.0,100
2025-03-21 07:00:00,21.7,78,100.0,1.32,0.0,99
2025-03-21 08:00:00,23.5,67,203.0,1.71,0.0,100
2025-03-21 09:00:00,24.3,60,288.0,2.66,0.0,100
2025-03-21 10:00:00,25.0,59,324.0,2.31,0.0,100
2025-03-21 11:00:00,25.5,59,360.0,2.69,0.0,100
2025-03-21 12:00:00,25.2,61,273.0,2.32,0.0,100
2025-03-21 13:00:00,25.7,60,242.0,1.52,0.0,100
2025-03-21 14:00:00,25.3,61,286.0,2.65,0.0,100
2025-03-21 15:00:00,23.9,67,176.0,1.78,0.0,100
2025-03-21 16:00:00,22.9,73,49.0,0.25,0.0,100
2025-03-21 17:00:00,21.7,82,7.0,1.42,0.2,100
2025-03-21 18:00:00,19.6,92,0.0,3.22,0.2,57
2025-03-21 19:00:00,18.8,96,0.0,0.56,0.1,100
2025-03-21 20:00:00,18.8,97,0.0,0.6,0.0,100
2025-03-21 21:00:00,19.1,98,0.0,0.72,0.0,100
2025-03-21 22:00:00,19.0,99,0.0,0.71,0.0,100
2025-03-21 23:00:00,19.1,99,0.0,2.28,0.1,100
2025-03-22 00:00:00,18.9,98,0.0,2.46,0.0,100
2025-03-22 01:00:00,18.3,98,0.0,0.86,0.0,100
2025-03-22 02:00:00,18.4,98,0.0,1.05,0.0,100
2025-03-22 03:00:00,18.3,98,0.0,0.52,0.0,100
2025-03-22 04:00:00,18.7,97,0.0,0.7,0.0,87
2025-03-22 05:00:00,18.6,97,0.0,0.79,0.0,100
2025-03-22 06:00:00,19.5,98,23.0,1.1,0.0,100
2025-03-22 07:00:00,19.2,99,97.0,3.6,1.3,100
2025-03-22 08:00:00,19.5,94,47.0,0.75,0.5,100
2025-03-22 09:00:00,21.0,88,211.0,2.02,0.6,100
2025-03-22 10:00:00,21.5,84,155.0,1.84,0.3,100
2025-03-22 11:00:00,22.0,81,158.0,1.13,0.0,100
2025-03-22 12:00:00,23.3,75,265.0,1.42,0.0,100
2025-03-22 13:00:00,23.3,74,180.0,1.61,0.0,100
2025-03-22 14:00:00,23.8,72,231.0,1.65,0.0,100
2025-03-22 15:00:00,23.8,71,170.0,0.9,0.0,100
2025-03-22 16:00:00,23.2,79,84.0,0.5,0.0,100
2025-03-22 17:00:00,21.8,83,24.0,1.32,0.0,98
2025-03-22 18:00:00,19.8,94,0.0,4.2,0.6,48
2025-03-22 19:00:00,19.1,96,0.0,1.71,0.0,97
2025-03-22 20:00:00,18.6,97,0.0,0.54,0.0,100
2025-03-22 21:00:00,18.2,98,0.0,0.71,0.0,97
2025-03-22 22:00:00,18.1,98,0.0,1.01,0.0,99
2025-03-22 23:00:00,17.9,100,0.0,0.94,0.0,100
2025-03-23 00:00:00,17.9,100,0.0,0.25,0.0,100
2025-03-23 01:00:00,17.6,100,0.0,0.38,0.0,100
2025-03-23 02:00:00,17.7,100,0.0,0.22,0.0,100
2025-03-23 03:00:00,17.3,100,0.0,0.67,0.0,99
2025-03-23 04:00:00,17.2,100,0.0,1.16,0.0,99
2025-03-23 05:00:00,17.3,100,0.0,1.92,0.0,100
2025-03-23 06:00:00,18.7,98,25.0,2.26,0.0,100
2025-03-23 07:00:00,20.0,92,104.0,2.3,0.0,59
2025-03-23 08:00:00,21.8,83,239.0,2.67,0.0,16
2025-03-23 09:00:00,23.5,75,409.0,2.51,0.0,7
2025-03-23 10:00:00,25.2,69,519.0,2.95,0.0,23
2025-03-23 11:00:00,26.7,62,558.0,3.16,0.0,23
2025-03-23 12:00:00,26.5,62,576.0,1.89,0.0,57
2025-03-23 13:00:00,26.4,62,389.0,1.72,0.0,78
2025-03-23 14:00:00,26.9,59,318.0,1.19,0.0,92
2025-03-23 15:00:00,26.4,61,225.0,1.85,0.0,84
2025-03-23 16:00:00,25.1,70,111.0,1.4,0.0,69
2025-03-23 17:00:00,22.8,82,31.0,0.98,0.0,46
2025-03-23 18:00:00,19.7,89,0.0,1.6,0.0,31
2025-03-23 19:00:00,19.4,88,0.0,0.73,0.0,17
2025-03-23 20:00:00,19.2,92,0.0,1.9,0.0,2
2025-03-23 21:00:00,19.0,92,0.0,1.79,0.0,0
2025-03-23 22:00:00,18.9,92,0.0,2.01,0.0,0
2025-03-23 23:00:00,18.4,93,0.0,1.68,0.0,0
2025-03-24 00:00:00,17.8,94,0.0,1.18,0.0,0
2025-03-24 01:00:00,17.2,98,0.0,0.94,0.0,0
2025-03-24 02:00:00,16.9,99,0.0,0.9,0.0,0
2025-03-24 03:00:00,16.5,100,0.0,0.63,0.0,95
2025-03-24 04:00:00,16.4,100,0.0,0.38,0.0,95
2025-03-24 05:00:00,16.6,100,0.0,1.37,0.0,95
2025-03-24 06:00:00,18.7,90,35.0,2.2,0.0,0
2025-03-24 07:00:00,20.7,80,139.0,1.88,0.0,0
2025-03-24 08:00:00,22.7,74,284.0,2.17,0.0,0
2025-03-24 09:00:00,24.7,68,432.0,2.51,0.0,0
2025-03-24 10:00:00,26.5,62,551.0,2.8,0.0,0
2025-03-24 11:00:00,28.0,55,618.0,3.04,0.0,0
2025-03-24 12:00:00,29.0,51,619.0,3.05,0.0,0
2025-03-24 13:00:00,29.6,49,561.0,2.93,0.0,0
2025-03-24 14:00:00,29.6,49,447.0,2.78,0.0,0
2025-03-24 15:00:00,29.2,52,299.0,2.23,0.0,0
2025-03-24 16:00:00,27.1,69,146.0,1.13,0.0,0
2025-03-24 17:00:00,25.0,70,36.0,0.3,0.0,0
2025-03-24 18:00:00,24.1,74,0.0,0.25,0.0,2
2025-03-24 19:00:00,23.4,76,0.0,0.45,0.0,1
2025-03-24 20:00:00,22.3,80,0.0,0.94,0.0,0
2025-03-24 21:00:00,20.9,86,0.0,1.44,0.0,0
2025-03-24 22:00:00,20.4,86,0.0,0.76,0.0,0
2025-03-24 23:00:00,20.2,86,0.0,0.47,0.0,0
2025-03-25 00:00:00,19.6,88,0.0,0.5,0.0,0
2025-03-25 01:00:00,19.2,88,0.0,0.52,0.0,0
2025-03-25 02:00:00,19.3,87,0.0,0.2,0.0,0
2025-03-25 03:00:00,18.8,89,0.0,0.16,0.0,0
2025-03-25 04:00:00,17.8,94,0.0,0.72,0.0,0
2025-03-25 05:00:00,17.9,96,0.0,1.71,0.0,0
2025-03-25 06:00:00,19.4,85,37.0,1.88,0.0,0
2025-03-25 07:00:00,21.8,74,148.0,1.97,0.0,0
2025-03-25 08:00:00,24.3,65,300.0,1.42,0.0,0
2025-03-25 09:00:00,26.6,59,451.0,1.44,0.0,0
2025-03-25 10:00:00,28.2,57,569.0,1.79,0.0,0
2025-03-25 11:00:00,29.3,53,634.0,2.23,0.0,0
2025-03-25 12:00:00,30.1,48,638.0,2.4,0.0,0
2025-03-25 13:00:00,30.6,44,581.0,2.45,0.0,1
2025-03-25 14:00:00,30.4,43,468.0,2.29,0.0,1
2025-03-25 15:00:00,29.9,46,312.0,1.95,0.0,0
2025-03-25 16:00:00,28.3,65,152.0,0.94,0.0,0
2025-03-25 17:00:00,26.4,63,38.0,0.58,0.0,0
2025-03-25 18:00:00,25.5,65,0.0,0.29,0.0,0
2025-03-25 19:00:00,24.3,70,0.0,1.19,0.0,0
2025-03-25 20:00:00,23.1,75,0.0,1.56,0.0,0
2025-03-25 21:00:00,22.4,78,0.0,1.77,0.0,0
2025-03-25 22:00:00,22.1,76,0.0,1.99,0.0,0
2025-03-25 23:00:00,22.1,69,0.0,1.7,0.0,0
2025-03-26 00:00:00,21.5,69,0.0,1.9,0.0,0
2025-03-26 01:00:00,20.9,72,0.0,1.95,0.0,0
2025-03-26 02:00:00,20.4,74,0.0,1.85,0.0,0
2025-03-26 03:00:00,20.1,76,0.0,1.59,0.0,0
2025-03-26 04:00:00,20.1,77,0.0,0.4,0.0,0
2025-03-26 05:00:00,18.6,87,0.0,0.78,0.0,0
2025-03-26 06:00:00,20.4,85,40.0,1.45,0.0,0
2025-03-26 07:00:00,22.6,76,154.0,1.21,0.0,0
2025-03-26 08:00:00,25.2,64,310.0,0.87,0.0,0
2025-03-26 09:00:00,27.5,54,462.0,0.78,0.0,0
2025-03-26 10:00:00,29.3,47,579.0,1.1,0.0,0
2025-03-26 11:00:00,30.5,45,644.0,1.96,0.0,0
2025-03-26 12:00:00,31.2,45,649.0,2.55,0.0,0
2025-03-26 13:00:00,31.4,45,587.0,2.97,0.0,0
2025-03-26 14:00:00,31.6,46,469.0,2.91,0.0,0
2025-03-26 15:00:00,31.1,50,314.0,2.38,0.0,2
2025-03-26 16:00:00,29.4,68,152.0,0.71,0.0,3
2025-03-26 17:00:00,27.6,65,38.0,0.05,0.0,2
2025-03-26 18:00:00,26.0,71,0.0,0.35,0.0,4
2025-03-26 19:00:00,25.3,73,0.0,0.72,0.0,1
2025-03-26 20:00:00,24.1,72,0.0,1.67,0.0,2
2025-03-26 21:00:00,23.8,69,0.0,1.39,0.0,0
2025-03-26 22:00:00,23.9,66,0.0,2.22,0.0,0
2025-03-26 23:00:00,23.3,66,0.0,1.64,0.0,0
2025-03-27 00:00:00,23.1,65,0.0,1.01,0.0,0
2025-03-27 01:00:00,22.4,68,0.0,0.6,0.0,0
2025-03-27 02:00:00,21.6,73,0.0,0.18,0.0,0
2025-03-27 03:00:00,20.3,84,0.0,0.65,0.0,0
2025-03-27 04:00:00,19.7,88,0.0,0.91,0.0,0
2025-03-27 05:00:00,19.4,90,0.0,1.19,0.0,0
2025-03-27 06:00:00,21.2,84,42.0,1.75,0.0,2
2025-03-27 07:00:00,23.7,71,144.0,1.86,0.0,51
2025-03-27 08:00:00,26.0,61,229.0,1.36,0.0,95
2025-03-27 09:00:00,28.6,52,420.0,1.28,0.0,19
2025-03-27 10:00:00,30.3,48,567.0,1.75,0.0,12
2025-03-27 11:00:00,31.3,45,628.0,2.55,0.0,18
2025-03-27 12:00:00,31.4,44,534.0,3.0,0.0,18
2025-03-27 13:00:00,32.2,40,552.0,2.72,0.0,2
2025-03-27 14:00:00,32.4,41,457.0,2.44,0.0,1
2025-03-27 15:00:00,31.7,45,311.0,2.37,0.0,24
2025-03-27 16:00:00,29.8,58,148.0,1.28,0.0,9
2025-03-27 17:00:00,27.6,64,38.0,1.53,0.0,35
2025-03-27 18:00:00,26.4,64,0.0,1.24,0.0,66
2025-03-27 19:00:00,26.5,63,0.0,1.25,0.0,77
2025-03-27 20:00:00,26.2,62,0.0,1.69,0.0,54
2025-03-27 21:00:00,25.7,63,0.0,1.43,0.0,57
2025-03-27 22:00:00,25.1,68,0.0,1.06,0.0,40
2025-03-27 23:00:00,24.1,73,0.0,1.1,0.0,24
2025-03-28 00:00:00,23.4,77,0.0,1.28,0.0,27
2025-03-28 01:00:00,22.6,83,0.0,0.92,0.0,24
2025-03-28 02:00:00,22.4,84,0.0,0.21,0.0,34
2025-03-28 03:00:00,22.2,87,0.0,0.89,0.0,30
2025-03-28 04:00:00,21.9,87,0.0,0.81,0.0,26
2025-03-28 05:00:00,21.6,89,0.0,1.3,0.0,12
2025-03-28 06:00:00,24.4,75,42.0,1.74,0.0,44
2025-03-28 07:00:00,26.2,67,134.0,1.4,0.0,33
2025-03-28 08:00:00,27.7,64,243.0,2.23,0.0,32
2025-03-28 09:00:00,29.0,61,370.0,2.83,0.0,15
2025-03-28 10:00:00,30.7,55,552.0,2.98,0.0,12
2025-03-28 11:00:00,31.9,50,607.0,3.26,0.0,4
2025-03-28 12:00:00,32.5,47,632.0,2.91,0.0,9
2025-03-28 13:00:00,32.7,44,566.0,3.29,0.0,5
2025-03-28 14:00:00,32.7,44,456.0,3.76,0.0,5
2025-03-28 15:00:00,31.4,51,301.0,4.15,0.0,11
2025-03-28 16:00:00,30.0,58,151.0,3.02,0.0,13
2025-03-28 17:00:00,27.9,66,37.0,1.69,0.0,17
2025-03-28 18:00:00,27.1,71,0.0,1.62,0.0,19
2025-03-28 19:00:00,26.6,72,0.0,2.0,0.0,32
2025-03-28 20:00:00,26.2,72,0.0,2.79,0.0,49
2025-03-28 21:00:00,25.4,75,0.0,2.62,0.0,6
2025-03-28 22:00:00,24.4,79,0.0,2.75,0.0,15
2025-03-28 23:00:00,23.7,83,0.0,2.3,0.0,2
2025-03-29 00:00:00,22.9,88,0.0,2.16,0.0,0
2025-03-29 01:00:00,22.3,91,0.0,2.72,0.0,4
2025-03-29 02:00:00,21.8,93,0.0,2.91,0.0,0
2025-03-29 03:00:00,21.5,93,0.0,3.09,0.0,7
2025-03-29 04:00:00,21.4,93,0.0,3.06,0.0,11
2025-03-29 05:00:00,21.4,91,0.0,3.16,0.0,11
2025-03-29 06:00:00,23.6,85,39.0,2.71,0.1,40
2025-03-29 07:00:00,24.6,79,134.0,3.15,0.0,36
2025-03-29 08:00:00,25.8,73,266.0,3.45,0.0,27
2025-03-29 09:00:00,27.1,68,408.0,3.86,0.0,22
2025-03-29 10:00:00,28.6,62,546.0,3.65,0.0,5
2025-03-29 11:00:00,28.9,62,619.0,3.57,0.0,1
2025-03-29 12:00:00,29.4,61,653.0,3.62,0.0,17
2025-03-29 13:00:00,29.7,61,596.0,3.49,0.0,33
2025-03-29 14:00:00,29.7,60,472.0,3.35,0.0,4
2025-03-29 15:00:00,29.4,61,309.0,3.27,0.0,1
2025-03-29 16:00:00,28.3,66,159.0,2.82,0.0,0
2025-03-29 17:00:00,26.7,73,41.0,1.9,0.0,0
2025-03-29 18:00:00,26.1,77,0.0,1.65,0.0,1
2025-03-29 19:00:00,25.3,82,0.0,1.66,0.0,2
2025-03-29 20:00:00,25.1,83,0.0,1.66,0.0,4
2025-03-29 21:00:00,24.1,89,0.0,1.27,0.0,0
2025-03-29 22:00:00,24.1,88,0.0,0.16,0.0,0
2025-03-29 23:00:00,22.7,95,0.0,2.74,0.0,0
2025-03-30 00:00:00,21.8,94,0.0,2.59,0.0,0
2025-03-30 01:00:00,21.3,95,0.0,2.62,0.0,0
2025-03-30 02:00:00,20.8,96,0.0,2.81,0.0,0
2025-03-30 03:00:00,20.5,98,0.0,2.8,0.0,0
2025-03-30 04:00:00,20.3,98,0.0,2.8,0.0,0
2025-03-30 05:00:00,20.2,97,1.0,2.91,0.0,31
2025-03-30 06:00:00,21.8,91,47.0,2.55,0.0,9
2025-03-30 07:00:00,23.4,84,168.0,2.19,0.0,19
2025-03-30 08:00:00,25.5,75,330.0,2.17,0.0,13
2025-03-30 09:00:00,27.8,67,489.0,2.15,0.0,0
2025-03-30 10:00:00,29.7,60,613.0,2.06,0.0,0
2025-03-30 11:00:00,31.2,54,684.0,2.4,0.0,0
2025-03-30 12:00:00,31.9,51,678.0,2.7,0.0,3
2025-03-30 13:00:00,32.1,47,605.0,2.45,0.0,10
2025-03-30 14:00:00,32.0,45,462.0,2.37,0.0,5
2025-03-30 15:00:00,31.4,46,325.0,2.38,0.0,4
2025-03-30 16:00:00,29.9,59,164.0,1.12,0.0,63
2025-03-30 17:00:00,28.4,59,43.0,0.38,0.0,15
2025-03-30 18:00:00,27.1,66,0.0,0.63,0.0,55
2025-03-30 19:00:00,26.1,71,0.0,0.32,0.0,57
2025-03-30 20:00:00,25.0,75,0.0,0.38,0.0,62
2025-03-30 21:00:00,23.7,81,0.0,1.03,0.0,75
2025-03-30 22:00:00,23.1,83,0.0,0.36,0.0,61
2025-03-30 23:00:00,22.1,87,0.0,0.98,0.0,81
2025-03-31 00:00:00,20.8,95,0.0,1.38,0.0,84
2025-03-31 01:00:00,20.5,97,0.0,1.25,0.0,65
2025-03-31 02:00:00,20.0,96,0.0,1.14,0.0,57
2025-03-31 03:00:00,19.4,100,0.0,1.26,0.0,21
2025-03-31 04:00:00,19.4,100,0.0,1.35,0.0,13
2025-03-31 05:00:00,18.8,100,1.0,1.01,0.0,99
2025-03-31 06:00:00,20.8,92,51.0,1.21,0.0,66
2025-03-31 07:00:00,23.6,74,180.0,0.57,0.0,51
2025-03-31 08:00:00,26.3,60,346.0,0.67,0.0,47
2025-03-31 09:00:00,28.5,49,506.0,0.49,0.0,7
2025-03-31 10:00:00,30.5,38,626.0,1.07,0.0,8
2025-03-31 11:00:00,32.0,33,687.0,2.65,0.0,0
2025-03-31 12:00:00,32.4,39,687.0,4.21,0.0,1
2025-03-31 13:00:00,32.3,44,614.0,3.89,0.0,1
2025-03-31 14:00:00,31.8,40,488.0,3.6,0.0,1
2025-03-31 15:00:00,31.5,38,333.0,2.84,0.0,1
2025-03-31 16:00:00,29.6,53,169.0,1.25,0.0,7
2025-03-31 17:00:00,27.5,57,44.0,1.0,0.0,90
2025-03-31 18:00:00,27.6,59,0.0,0.65,0.0,49
2025-03-31 19:00:00,26.0,65,0.0,1.26,0.0,50
2025-03-31 20:00:00,25.2,70,0.0,1.42,0.0,51
2025-03-31 21:00:00,24.3,75,0.0,1.11,0.0,44
2025-03-31 22:00:00,23.4,75,0.0,1.5,0.0,50
2025-03-31 23:00:00,23.2,72,0.0,1.46,0.0,39
2025-04-01 00:00:00,23.1,72,0.0,1.03,0.0,54
2025-04-01 01:00:00,22.4,75,0.0,1.3,0.0,63
2025-04-01 02:00:00,21.0,86,0.0,0.93,0.0,51
2025-04-01 03:00:00,20.8,91,0.0,2.01,0.0,79
2025-04-01 04:00:00,20.7,91,0.0,1.43,0.0,81
2025-04-01 05:00:00,20.9,88,1.0,1.55,0.0,68
2025-04-01 06:00:00,23.4,77,49.0,1.9,0.0,59
2025-04-01 07:00:00,25.1,70,177.0,1.96,0.0,27
2025-04-01 08:00:00,26.4,66,322.0,3.09,0.0,37
2025-04-01 09:00:00,28.0,58,451.0,3.0,0.0,22
2025-04-01 10:00:00,29.6,51,577.0,2.6,0.0,9
2025-04-01 11:00:00,30.7,47,658.0,3.08,0.0,7
2025-04-01 12:00:00,31.2,46,664.0,2.47,0.0,2
2025-04-01 13:00:00,31.5,47,601.0,2.34,0.0,4
2025-04-01 14:00:00,31.3,48,484.0,2.47,0.0,8
2025-04-01 15:00:00,30.9,50,325.0,1.88,0.0,2
2025-04-01 16:00:00,30.1,65,169.0,0.5,0.0,11
2025-04-01 17:00:00,28.3,65,43.0,0.71,0.0,5
2025-04-01 18:00:00,27.4,69,0.0,2.06,0.0,30
2025-04-01 19:00:00,26.7,70,0.0,0.4,0.0,27
2025-04-01 20:00:00,26.2,72,0.0,0.81,0.0,21
2025-04-01 21:00:00,25.4,77,0.0,1.2,0.0,43
2025-04-01 22:00:00,24.5,83,0.0,0.78,0.0,50
2025-04-01 23:00:00,24.0,84,0.0,0.98,0.0,1
2025-04-02 00:00:00,23.3,85,0.0,0.62,0.0,33
2025-04-02 01:00:00,22.5,89,0.0,0.49,0.0,51
2025-04-02 02:00:00,22.1,93,0.0,0.3,0.0,74
2025-04-02 03:00:00,21.6,97,0.0,0.47,0.0,21
2025-04-02 04:00:00,21.3,99,0.0,0.94,0.0,20
2025-04-02 05:00:00,21.5,97,1.0,1.62,0.0,4
2025-04-02 06:00:00,24.0,84,51.0,2.51,0.0,30
2025-04-02 07:00:00,25.3,76,153.0,2.48,0.0,48
2025-04-02 08:00:00,26.0,72,283.0,3.04,0.3,46
2025-04-02 09:00:00,27.2,65,373.0,2.84,0.0,22
2025-04-02 10:00:00,29.3,56,576.0,2.19,0.0,12
2025-04-02 11:00:00,30.6,51,663.0,1.82,0.0,21
2025-04-02 12:00:00,31.4,51,632.0,1.98,0.0,48
2025-04-02 13:00:00,31.9,52,607.0,2.62,0.0,83
2025-04-02 14:00:00,31.7,53,444.0,2.48,0.0,100
2025-04-02 15:00:00,31.3,54,292.0,2.01,0.0,98
2025-04-02 16:00:00,30.2,61,148.0,0.96,0.0,92
2025-04-02 17:00:00,28.8,71,44.0,0.05,0.0,73
2025-04-02 18:00:00,27.5,78,0.0,0.45,0.0,35
2025-04-02 19:00:00,26.7,80,0.0,0.96,0.0,23
2025-04-02 20:00:00,25.9,83,0.0,2.07,0.0,51
2025-04-02 21:00:00,25.0,85,0.0,1.56,0.0,25
2025-04-02 22:00:00,24.3,88,0.0,1.59,0.0,21
2025-04-02 23:00:00,23.3,93,0.0,0.6,0.0,4
2025-04-03 00:00:00,22.9,96,0.0,1.32,0.0,7
2025-04-03 01:00:00,22.7,97,0.0,1.71,0.0,9
2025-04-03 02:00:00,22.3,97,0.0,1.62,0.0,40
2025-04-03 03:00:00,21.7,98,0.0,1.31,0.0,24
2025-04-03 04:00:00,21.1,99,0.0,1.01,0.0,19
2025-04-03 05:00:00,21.0,100,1.0,0.92,0.0,12
2025-04-03 06:00:00,23.5,85,55.0,1.48,0.0,11
2025-04-03 07:00:00,25.1,79,177.0,1.4,0.0,14
2025-04-03 08:00:00,27.3,70,345.0,1.42,0.0,78
2025-04-03 09:00:00,29.3,61,504.0,1.52,0.0,82
2025-04-03 10:00:00,30.8,55,615.0,1.78,0.0,70
2025-04-03 11:00:00,31.7,52,667.0,2.21,0.0,68
2025-04-03 12:00:00,32.4,49,667.0,2.45,0.0,49
2025-04-03 13:00:00,32.7,48,608.0,2.86,0.0,47
2025-04-03 14:00:00,32.6,46,490.0,2.58,0.0,51
2025-04-03 15:00:00,32.6,40,338.0,2.09,0.0,0
2025-04-03 16:00:00,31.3,48,181.0,1.19,0.0,0
2025-04-03 17:00:00,29.6,36,50.0,3.67,0.0,0
2025-04-03 18:00:00,28.5,55,0.0,0.2,0.0,0
2025-04-03 19:00:00,27.4,57,0.0,0.65,0.0,13
2025-04-03 20:00:00,26.7,63,0.0,1.46,0.0,0
2025-04-03 21:00:00,25.7,61,0.0,1.8,0.0,0
2025-04-03 22:00:00,24.4,66,0.0,1.84,0.0,1
2025-04-03 23:00:00,23.3,76,0.0,1.2,0.0,12
2025-04-04 00:00:00,22.9,81,0.0,0.57,0.0,58
2025-04-04 01:00:00,22.5,82,0.0,0.43,0.0,38
2025-04-04 02:00:00,22.0,83,0.0,0.45,0.0,43
2025-04-04 03:00:00,21.0,90,0.0,0.9,0.0,14
2025-04-04 04:00:00,20.5,92,0.0,1.1,0.0,77
2025-04-04 05:00:00,20.5,93,2.0,1.59,0.0,65
2025-04-04 06:00:00,22.7,83,58.0,1.73,0.0,75
2025-04-04 07:00:00,24.5,73,185.0,1.19,0.0,53
2025-04-04 08:00:00,26.8,56,361.0,1.55,0.0,44
2025-04-04 09:00:00,28.8,48,523.0,1.13,0.0,40
2025-04-04 10:00:00,30.7,43,646.0,1.0,0.0,29
2025-04-04 11:00:00,31.8,41,678.0,1.9,0.0,63
2025-04-04 12:00:00,32.2,42,646.0,2.28,0.0,88
2025-04-04 13:00:00,32.5,43,581.0,2.34,0.0,100
2025-04-04 14:00:00,31.9,46,382.0,2.16,0.0,100
2025-04-04 15:00:00,30.6,54,131.0,1.99,0.0,100
2025-04-04 16:00:00,29.2,64,65.0,0.87,0.0,100
2025-04-04 17:00:00,28.9,55,30.0,0.07,0.0,100
2025-04-04 18:00:00,26.8,68,0.0,0.18,0.0,78
2025-04-04 19:00:00,26.8,68,0.0,0.35,0.0,95
2025-04-04 20:00:00,26.3,69,0.0,0.68,0.0,99
2025-04-04 21:00:00,25.7,70,0.0,0.98,0.0,82
2025-04-04 22:00:00,24.7,70,0.0,1.68,0.0,0
2025-04-04 23:00:00,23.6,73,0.0,1.72,0.0,0
2025-04-05 00:00:00,22.7,79,0.0,1.71,0.0,0
2025-04-05 01:00:00,22.6,80,0.0,0.92,0.0,1
2025-04-05 02:00:00,22.3,83,0.0,1.12,0.0,1
2025-04-05 03:00:00,22.0,84,0.0,0.43,0.0,0
2025-04-05 04:00:00,21.2,88,0.0,1.58,0.0,4
2025-04-05 05:00:00,21.0,86,2.0,1.2,0.0,3
2025-04-05 06:00:00,22.8,74,59.0,2.21,0.1,18
2025-04-05 07:00:00,24.4,67,193.0,1.5,0.0,0
2025-04-05 08:00:00,26.3,59,371.0,0.21,0.0,0
2025-04-05 09:00:00,28.4,53,533.0,1.86,0.0,0
2025-04-05 10:00:00,29.3,52,653.0,3.14,0.0,0
2025-04-05 11:00:00,30.4,49,713.0,3.09,0.0,0
2025-04-05 12:00:00,31.3,47,707.0,2.23,0.0,10
2025-04-05 13:00:00,31.9,45,618.0,2.31,0.0,9
2025-04-05 14:00:00,32.1,45,511.0,2.15,0.0,14
2025-04-05 15:00:00,31.6,48,349.0,1.78,0.0,18
2025-04-05 16:00:00,30.3,56,172.0,1.52,0.0,18
2025-04-05 17:00:00,28.3,65,48.0,0.5,0.0,67
2025-04-05 18:00:00,27.4,63,0.0,1.65,0.0,11
2025-04-05 19:00:00,26.3,68,0.0,1.59,0.0,0
2025-04-05 20:00:00,25.3,70,0.0,1.72,0.0,0
2025-04-05 21:00:00,23.8,74,0.0,1.53,0.0,0
2025-04-05 22:00:00,23.1,79,0.0,2.28,0.0,0
2025-04-05 23:00:00,23.4,80,0.0,3.81,0.0,0
2025-04-06 00:00:00,22.9,81,0.0,3.08,0.0,0
2025-04-06 01:00:00,22.4,81,0.0,3.17,0.0,1
2025-04-06 02:00:00,22.1,76,0.0,3.01,0.0,1
2025-04-06 03:00:00,21.6,77,0.0,2.5,0.0,0
2025-04-06 04:00:00,20.8,81,0.0,2.15,0.0,13
2025-04-06 05:00:00,20.8,80,2.0,2.53,0.0,35
2025-04-06 06:00:00,22.2,76,56.0,3.69,0.1,20
2025-04-06 07:00:00,23.5,69,168.0,4.47,0.0,89
2025-04-06 08:00:00,24.6,64,297.0,4.6,0.0,13
2025-04-06 09:00:00,26.6,57,504.0,3.73,0.0,32
2025-04-06 10:00:00,28.3,53,613.0,4.15,0.0,4
2025-04-06 11:00:00,29.5,51,695.0,3.72,0.0,32
2025-04-06 12:00:00,30.2,50,668.0,4.26,0.0,25
2025-04-06 13:00:00,30.5,49,558.0,3.94,0.0,33
2025-04-06 14:00:00,31.0,48,452.0,3.97,0.0,57
2025-04-06 15:00:00,29.3,54,292.0,3.96,0.3,95
2025-04-06 16:00:00,25.7,73,66.0,3.44,1.4,100
2025-04-06 17:00:00,25.7,70,14.0,3.99,0.0,100
2025-04-06 18:00:00,23.5,82,0.0,2.16,0.0,92
2025-04-06 19:00:00,23.2,86,0.0,2.47,0.0,38
2025-04-06 20:00:00,22.6,88,0.0,2.57,0.1,12
2025-04-06 21:00:00,21.9,86,0.0,2.98,0.0,4
2025-04-06 22:00:00,21.1,89,0.0,1.31,0.0,98
2025-04-06 23:00:00,21.4,92,0.0,1.77,0.0,100
2025-04-07 00:00:00,21.3,93,0.0,1.91,0.0,55
2025-04-07 01:00:00,20.7,93,0.0,1.65,0.0,0
2025-04-07 02:00:00,20.4,92,0.0,1.55,0.0,3
2025-04-07 03:00:00,20.2,95,0.0,1.65,0.0,10
2025-04-07 04:00:00,20.1,96,0.0,1.81,0.0,45
2025-04-07 05:00:00,20.4,97,3.0,2.28,0.0,84
2025-04-07 06:00:00,22.1,86,64.0,2.7,0.0,61
2025-04-07 07:00:00,24.0,76,197.0,2.42,0.0,3
2025-04-07 08:00:00,26.5,65,377.0,2.4,0.0,0
2025-04-07 09:00:00,28.7,56,539.0,2.64,0.0,0
2025-04-07 10:00:00,30.5,49,660.0,3.06,0.0,0
2025-04-07 11:00:00,31.9,43,723.0,3.48,0.0,0
2025-04-07 12:00:00,32.8,39,719.0,3.19,0.0,44
2025-04-07 13:00:00,33.0,38,638.0,3.08,0.0,67
2025-04-07 14:00:00,32.7,39,503.0,3.47,0.0,16
2025-04-07 15:00:00,32.0,43,355.0,3.22,0.0,31
2025-04-07 16:00:00,30.8,51,182.0,2.69,0.0,27
2025-04-07 17:00:00,28.6,60,53.0,1.79,0.0,96
2025-04-07 18:00:00,26.9,68,1.0,1.55,0.0,45
2025-04-07 19:00:00,26.0,72,0.0,1.63,0.0,16
2025-04-07 20:00:00,25.9,71,0.0,1.0,0.0,1
2025-04-07 21:00:00,25.5,72,0.0,0.85,0.0,0
2025-04-07 22:00:00,24.4,79,0.0,1.41,0.0,0
2025-04-07 23:00:00,23.6,83,0.0,1.55,0.0,0
2025-04-08 00:00:00,23.0,87,0.0,1.61,0.0,0
2025-04-08 01:00:00,22.8,89,0.0,1.68,0.0,0
2025-04-08 02:00:00,22.2,92,0.0,1.44,0.0,0
2025-04-08 03:00:00,21.7,95,0.0,1.22,0.0,0
2025-04-08 04:00:00,21.2,98,0.0,1.18,0.0,0
2025-04-08 05:00:00,21.3,98,3.0,1.1,0.0,0
2025-04-08 06:00:00,23.4,84,69.0,2.0,0.0,0
2025-04-08 07:00:00,25.8,69,212.0,1.8,0.0,0
2025-04-08 08:00:00,27.7,62,385.0,2.3,0.0,0
2025-04-08 09:00:00,29.3,57,545.0,2.2,0.0,1
2025-04-08 10:00:00,31.0,52,662.0,1.81,0.0,5
2025-04-08 11:00:00,32.4,48,717.0,2.0,0.0,14
2025-04-08 12:00:00,33.4,44,702.0,2.22,0.0,24
2025-04-08 13:00:00,33.1,44,589.0,3.31,0.0,56
2025-04-08 14:00:00,32.5,44,456.0,3.0,0.4,57
2025-04-08 15:00:00,32.0,45,241.0,2.11,0.0,36
2025-04-08 16:00:00,31.1,52,171.0,1.37,0.0,42
2025-04-08 17:00:00,29.1,63,50.0,0.66,0.0,47
2025-04-08 18:00:00,27.7,57,1.0,1.81,0.0,47
2025-04-08 19:00:00,26.8,62,0.0,1.57,0.0,19
2025-04-08 20:00:00,26.3,62,0.0,1.6,0.0,1
2025-04-08 21:00:00,25.6,66,0.0,1.83,0.0,1
2025-04-08 22:00:00,25.0,72,0.0,1.36,0.0,1
2025-04-08 23:00:00,24.9,73,0.0,1.14,0.0,1
2025-04-09 00:00:00,24.3,75,0.0,1.6,0.0,12
2025-04-09 01:00:00,24.1,76,0.0,1.49,0.0,2
2025-04-09 02:00:00,23.8,77,0.0,1.98,0.0,80
2025-04-09 03:00:00,23.9,77,0.0,1.79,0.0,97
2025-04-09 04:00:00,24.3,73,0.0,3.07,0.0,98
2025-04-09 05:00:00,23.7,77,3.0,2.11,0.0,97
2025-04-09 06:00:00,22.9,83,17.0,1.81,0.2,97
2025-04-09 07:00:00,22.6,88,106.0,3.82,6.0,100
2025-04-09 08:00:00,23.3,85,154.0,0.92,2.8,99
2025-04-09 09:00:00,24.4,81,198.0,0.5,0.0,100
2025-04-09 10:00:00,25.4,77,299.0,0.51,0.0,100
2025-04-09 11:00:00,28.2,66,607.0,1.49,0.0,89
2025-04-09 12:00:00,29.5,61,653.0,1.68,0.0,96
2025-04-09 13:00:00,30.2,59,625.0,2.26,0.0,26
2025-04-09 14:00:00,30.5,58,527.0,2.57,0.0,41
2025-04-09 15:00:00,30.0,62,355.0,2.42,0.0,69
2025-04-09 16:00:00,29.2,65,185.0,2.08,0.0,48
2025-04-09 17:00:00,27.4,75,55.0,1.21,0.0,50
2025-04-09 18:00:00,26.9,77,1.0,1.33,0.0,100
2025-04-09 19:00:00,26.2,80,0.0,1.37,0.0,97
2025-04-09 20:00:00,25.5,84,0.0,1.12,0.0,100
2025-04-09 21:00:00,25.1,83,0.0,1.56,0.0,100
2025-04-09 22:00:00,24.8,81,0.0,2.09,0.0,99
2025-04-09 23:00:00,24.3,83,0.0,1.73,0.0,2
2025-04-10 00:00:00,23.5,86,0.0,1.3,0.0,14
2025-04-10 01:00:00,22.9,93,0.0,1.45,0.0,3
2025-04-10 02:00:00,22.2,96,0.0,1.25,0.0,3
2025-04-10 03:00:00,21.8,95,0.0,0.81,0.0,0
2025-04-10 04:00:00,22.3,95,0.0,3.0,0.0,7
2025-04-10 05:00:00,22.0,92,3.0,4.45,0.0,18
2025-04-10 06:00:00,23.1,95,53.0,2.23,0.0,84
2025-04-10 07:00:00,23.4,93,109.0,1.08,1.4,100
2025-04-10 08:00:00,25.1,84,260.0,2.23,0.0,10
2025-04-10 09:00:00,27.5,70,523.0,2.26,0.0,6
2025-04-10 10:00:00,29.7,60,673.0,2.31,0.0,53
2025-04-10 11:00:00,30.2,57,595.0,2.33,0.7,89
2025-04-10 12:00:00,26.9,73,376.0,3.09,1.9,100
2025-04-10 13:00:00,26.9,72,246.0,1.12,0.0,99
2025-04-10 14:00:00,28.1,66,343.0,1.53,0.0,100
2025-04-10 15:00:00,28.0,66,174.0,2.17,0.0,100
2025-04-10 16:00:00,27.7,67,135.0,2.86,0.0,100
2025-04-10 17:00:00,26.2,74,42.0,1.94,0.0,100
2025-04-10 18:00:00,23.0,92,1.0,1.3,0.0,57
2025-04-10 19:00:00,22.8,93,0.0,1.42,0.0,96
2025-04-10 20:00:00,22.6,93,0.0,0.81,0.0,100
2025-04-10 21:00:00,22.4,94,0.0,0.35,0.0,98
2025-04-10 22:00:00,21.8,97,0.0,0.6,0.0,67
2025-04-10 23:00:00,21.7,98,0.0,1.14,0.0,76
2025-04-11 00:00:00,21.5,98,0.0,1.26,0.0,100
2025-04-11 01:00:00,21.1,99,0.0,1.03,0.0,100
2025-04-11 02:00:00,21.4,98,0.0,1.26,0.0,100
2025-04-11 03:00:00,21.2,98,0.0,1.0,0.0,100
2025-04-11 04:00:00,21.3,98,0.0,0.36,0.0,98
2025-04-11 05:00:00,21.4,97,3.0,0.94,0.1,85
2025-04-11 06:00:00,21.5,96,36.0,1.36,3.5,100
2025-04-11 07:00:00,21.9,94,75.0,1.42,0.3,100
2025-04-11 08:00:00,23.9,83,280.0,1.49,0.1,54
2025-04-11 09:00:00,26.0,73,499.0,1.05,0.1,100
2025-04-11 10:00:00,26.7,69,385.0,0.36,0.0,100
2025-04-11 11:00:00,28.5,61,501.0,0.72,0.0,24
2025-04-11 12:00:00,29.7,56,689.0,1.61,0.0,20
2025-04-11 13:00:00,29.9,57,641.0,2.01,0.0,35
2025-04-11 14:00:00,30.2,56,480.0,2.28,0.0,37
2025-04-11 15:00:00,29.5,59,333.0,1.31,0.5,40
2025-04-11 16:00:00,29.0,63,177.0,1.04,0.0,24
2025-04-11 17:00:00,27.0,71,40.0,2.57,0.0,38
2025-04-11 18:00:00,23.8,96,1.0,0.74,0.1,87
2025-04-11 19:00:00,23.4,97,0.0,1.07,0.0,99
2025-04-11 20:00:00,22.7,95,0.0,0.4,0.1,100
2025-04-11 21:00:00,22.7,96,0.0,1.05,0.0,100
2025-04-11 22:00:00,22.7,96,0.0,1.23,0.0,100
2025-04-11 23:00:00,22.3,95,0.0,1.22,0.0,99
2025-04-12 00:00:00,21.9,98,0.0,2.12,0.9,71
2025-04-12 01:00:00,21.5,99,0.0,1.22,0.1,79
2025-04-12 02:00:00,21.2,99,0.0,1.5,0.2,99
2025-04-12 03:00:00,20.8,100,0.0,1.51,0.2,100
2025-04-12 04:00:00,20.9,98,0.0,0.25,0.0,50
2025-04-12 05:00:00,20.9,97,4.0,0.81,0.0,61
2025-04-12 06:00:00,22.1,92,63.0,1.77,0.0,15
2025-04-12 07:00:00,23.6,87,208.0,1.65,0.0,31
2025-04-12 08:00:00,25.5,76,375.0,1.5,0.0,13
2025-04-12 09:00:00,27.3,69,543.0,1.88,0.0,1
2025-04-12 10:00:00,28.5,65,682.0,2.21,0.0,20
2025-04-12 11:00:00,29.5,60,751.0,2.01,0.0,100
2025-04-12 12:00:00,30.1,58,670.0,1.71,0.0,98
2025-04-12 13:00:00,30.4,56,590.0,1.47,0.0,95
2025-04-12 14:00:00,30.3,56,424.0,1.71,0.0,14
2025-04-12 15:00:00,30.2,56,370.0,1.84,0.0,32
2025-04-12 16:00:00,29.0,63,177.0,1.63,0.0,26
2025-04-12 17:00:00,27.6,73,57.0,0.36,0.0,100
2025-04-12 18:00:00,24.3,86,1.0,1.5,0.0,92
2025-04-12 19:00:00,22.1,96,0.0,1.63,2.1,18
2025-04-12 20:00:00,22.0,98,0.0,0.92,0.0,31
2025-04-12 21:00:00,22.0,100,0.0,0.83,0.0,13
2025-04-12 22:00:00,21.8,99,0.0,2.82,0.0,72
2025-04-12 23:00:00,21.6,98,0.0,2.43,0.0,15
2025-04-13 00:00:00,21.5,96,0.0,1.92,0.0,15
2025-04-13 01:00:00,21.4,97,0.0,2.47,0.0,77
2025-04-13 02:00:00,21.3,97,0.0,2.53,0.0,100
2025-04-13 03:00:00,21.0,97,0.0,0.57,0.0,99
2025-04-13 04:00:00,21.5,96,0.0,1.03,0.5,78
2025-04-13 05:00:00,21.5,95,4.0,1.43,0.2,31
2025-04-13 06:00:00,22.4,92,72.0,0.72,0.0,100
2025-04-13 07:00:00,22.8,92,166.0,3.89,0.2,100
2025-04-13 08:00:00,22.4,93,155.0,0.32,0.7,100
2025-04-13 09:00:00,23.0,88,217.0,2.98,0.3,100
2025-04-13 10:00:00,23.7,85,220.0,1.44,0.4,43
2025-04-13 11:00:00,26.3,72,712.0,0.57,0.1,30
2025-04-13 12:00:00,28.0,64,696.0,1.08,0.0,9
2025-04-13 13:00:00,29.1,61,667.0,1.75,0.0,68
2025-04-13 14:00:00,29.1,62,477.0,1.63,0.0,90
2025-04-13 15:00:00,29.2,62,348.0,1.39,0.0,33
2025-04-13 16:00:00,28.7,66,194.0,1.23,0.0,34
2025-04-13 17:00:00,27.0,78,61.0,0.86,0.0,32
2025-04-13 18:00:00,25.4,85,1.0,0.68,0.0,11
2025-04-13 19:00:00,24.8,89,0.0,0.56,0.0,28
2025-04-13 20:00:00,24.2,93,0.0,0.68,0.0,52
2025-04-13 21:00:00,23.6,96,0.0,0.75,0.0,43
2025-04-13 22:00:00,23.2,97,0.0,1.07,0.0,4
2025-04-13 23:00:00,23.2,96,0.0,1.06,0.0,2
2025-04-14 00:00:00,22.9,97,0.0,0.72,0.0,4
2025-04-14 01:00:00,22.4,100,0.0,0.67,0.0,0
2025-04-14 02:00:00,22.2,100,0.0,0.71,0.0,96
2025-04-14 03:00:00,22.4,100,0.0,1.24,0.0,95
2025-04-14 04:00:00,22.2,98,0.0,1.51,0.0,0
2025-04-14 05:00:00,22.0,99,5.0,2.02,0.0,71
2025-04-14 06:00:00,23.6,91,72.0,1.86,0.0,95
2025-04-14 07:00:00,25.6,79,188.0,1.8,0.0,100
2025-04-14 08:00:00,26.9,74,272.0,2.42,0.0,100
2025-04-14 09:00:00,28.1,69,424.0,2.36,0.0,100
2025-04-14 10:00:00,28.9,66,462.0,2.33,0.0,98
2025-04-14 11:00:00,30.7,61,647.0,2.65,0.0,91
2025-04-14 12:00:00,31.3,59,651.0,2.24,0.0,94
2025-04-14 13:00:00,31.6,59,539.0,2.36,0.0,94
2025-04-14 14:00:00,32.3,56,424.0,1.82,0.0,86
2025-04-14 15:00:00,32.4,51,306.0,1.23,0.0,52
2025-04-14 16:00:00,31.1,61,190.0,1.72,0.0,91
2025-04-14 17:00:00,28.9,71,56.0,2.41,0.0,100
2025-04-14 18:00:00,27.4,77,1.0,0.51,0.0,100
2025-04-14 19:00:00,26.4,83,0.0,0.87,0.0,100
2025-04-14 20:00:00,25.5,91,0.0,1.35,0.0,100
2025-04-14 21:00:00,25.5,89,0.0,1.44,0.0,100
2025-04-14 22:00:00,25.2,91,0.0,1.51,0.0,100
2025-04-14 23:00:00,24.9,93,0.0,1.65,0.0,100
2025-04-15 00:00:00,25.0,84,0.0,2.57,0.0,56
2025-04-15 01:00:00,24.3,79,0.0,2.18,0.0,23
2025-04-15 02:00:00,23.5,81,0.0,1.78,0.0,36
2025-04-15 03:00:00,22.9,87,0.0,1.72,0.0,73
2025-04-15 04:00:00,22.8,90,0.0,1.6,0.0,72
2025-04-15 05:00:00,23.0,91,6.0,2.01,0.0,95
2025-04-15 06:00:00,25.2,79,63.0,1.44,0.0,23
2025-04-15 07:00:00,25.1,79,243.0,3.22,0.0,4
2025-04-15 08:00:00,27.4,69,424.0,2.64,0.0,33
2025-04-15 09:00:00,28.9,66,551.0,2.63,0.0,55
2025-04-15 10:00:00,30.1,63,636.0,2.61,0.0,77
2025-04-15 11:00:00,30.1,65,548.0,2.8,0.0,25
2025-04-15 12:00:00,31.3,61,725.0,3.15,0.0,75
2025-04-15 13:00:00,31.6,59,492.0,0.54,0.0,78
2025-04-15 14:00:00,30.7,63,308.0,0.61,0.0,55
2025-04-15 15:00:00,30.8,62,344.0,0.96,0.8,42
2025-04-15 16:00:00,29.5,68,199.0,0.98,1.4,43
2025-04-15 17:00:00,28.1,76,63.0,1.96,0.0,35
2025-04-15 18:00:00,25.7,87,1.0,0.6,0.0,8
2025-04-15 19:00:00,25.0,94,0.0,1.69,0.0,19
2025-04-15 20:00:00,24.7,89,0.0,2.3,0.0,2
2025-04-15 21:00:00,23.9,94,0.0,1.4,0.0,3
2025-04-15 22:00:00,23.7,95,0.0,1.45,0.0,2
2025-04-15 23:00:00,23.2,95,0.0,1.17,0.0,0
2025-04-16 00:00:00,22.8,94,0.0,1.25,0.0,4
2025-04-16 01:00:00,22.4,96,0.0,1.01,0.0,7
2025-04-16 02:00:00,22.3,98,0.0,0.46,0.0,0
2025-04-16 03:00:00,22.2,99,0.0,0.47,0.0,4
2025-04-16 04:00:00,22.3,97,0.0,0.32,0.0,65
2025-04-16 05:00:00,22.7,96,7.0,0.11,0.0,57
2025-04-16 06:00:00,25.2,79,87.0,1.68,0.0,7
2025-04-16 07:00:00,27.0,67,254.0,0.28,0.0,95
2025-04-16 08:00:00,28.1,64,412.0,1.7,0.0,99
2025-04-16 09:00:00,28.6,61,523.0,0.83,0.0,99
2025-04-16 10:00:00,26.2,75,545.0,2.9,5.9,90
2025-04-16 11:00:00,27.2,70,471.0,1.48,0.1,34
2025-04-16 12:00:00,29.3,63,733.0,1.28,0.0,37
2025-04-16 13:00:00,29.5,60,658.0,1.7,0.1,99
2025-04-16 14:00:00,27.5,69,322.0,0.79,0.0,97
2025-04-16 15:00:00,26.7,73,242.0,2.21,0.0,88
2025-04-16 16:00:00,26.7,75,192.0,0.9,0.0,10
2025-04-16 17:00:00,25.8,83,65.0,0.18,0.0,30
2025-04-16 18:00:00,24.8,87,1.0,1.8,0.0,58
2025-04-16 19:00:00,24.8,89,0.0,0.47,0.0,61
2025-04-16 20:00:00,23.4,90,0.0,1.56,0.3,100
2025-04-16 21:00:00,23.2,94,0.0,2.11,0.0,98
2025-04-16 22:00:00,23.0,97,0.0,1.3,0.0,75
2025-04-16 23:00:00,21.8,95,0.0,3.32,3.3,100
2025-04-17 00:00:00,21.9,95,0.0,0.15,0.4,99
2025-04-17 01:00:00,21.8,95,0.0,0.68,1.0,100
2025-04-17 02:00:00,21.7,95,0.0,1.08,0.5,99
2025-04-17 03:00:00,21.8,94,0.0,0.25,0.1,82
2025-04-17 04:00:00,21.7,95,0.0,0.4,0.1,100
2025-04-17 05:00:00,21.8,91,6.0,0.57,0.0,100
2025-04-17 06:00:00,22.3,91,51.0,1.34,0.7,86
2025-04-17 07:00:00,23.2,87,194.0,2.41,0.0,99
2025-04-17 08:00:00,24.4,79,282.0,2.06,0.0,100
2025-04-17 09:00:00,25.4,77,331.0,1.61,0.0,100
2025-04-17 10:00:00,25.0,79,547.0,2.63,2.5,100
2025-04-17 11:00:00,25.4,78,321.0,1.03,0.0,78
2025-04-17 12:00:00,27.0,71,583.0,0.9,0.0,100
2025-04-17 13:00:00,28.2,67,615.0,1.59,0.0,100
2025-04-17 14:00:00,28.3,67,456.0,1.9,0.0,94
2025-04-17 15:00:00,28.2,65,382.0,1.8,0.0,100
2025-04-17 16:00:00,27.5,67,177.0,1.82,0.0,100
2025-04-17 17:00:00,27.0,74,58.0,0.46,0.0,99
2025-04-17 18:00:00,23.5,88,1.0,1.75,0.1,100
2025-04-17 19:00:00,23.0,90,0.0,1.42,0.0,91
2025-04-17 20:00:00,22.5,92,0.0,1.2,0.0,89
2025-04-17 21:00:00,22.2,95,0.0,0.3,0.0,11
2025-04-17 22:00:00,22.0,99,0.0,0.6,0.0,7
2025-04-17 23:00:00,21.9,98,0.0,0.81,0.0,17
2025-04-18 00:00:00,22.0,96,0.0,0.4,0.0,18
2025-04-18 01:00:00,21.9,100,0.0,0.05,0.0,99
2025-04-18 02:00:00,21.7,100,0.0,0.34,0.0,96
2025-04-18 03:00:00,21.6,100,0.0,0.46,0.0,96
2025-04-18 04:00:00,21.5,100,0.0,2.1,0.0,100
2025-04-18 05:00:00,21.3,98,6.0,1.67,0.0,97
2025-04-18 06:00:00,21.7,95,31.0,2.43,5.8,99
2025-04-18 07:00:00,22.3,91,84.0,0.92,0.2,51
2025-04-18 08:00:00,24.2,83,371.0,1.2,0.1,89
2025-04-18 09:00:00,25.7,77,441.0,1.66,0.0,35
2025-04-18 10:00:00,27.7,69,691.0,2.31,0.1,43
2025-04-18 11:00:00,28.5,65,717.0,2.5,0.0,23
2025-04-18 12:00:00,27.8,67,732.0,1.67,1.0,73
2025-04-18 13:00:00,28.6,64,636.0,1.9,0.0,100
2025-04-18 14:00:00,27.5,69,374.0,2.16,0.7,100
2025-04-18 15:00:00,26.9,74,154.0,1.35,0.0,100
2025-04-18 16:00:00,26.8,75,141.0,1.53,0.0,100
2025-04-18 17:00:00,25.9,82,53.0,0.75,0.0,99
2025-04-18 18:00:00,24.2,90,2.0,1.84,0.0,100
2025-04-18 19:00:00,23.7,93,0.0,1.61,0.0,100
2025-04-18 20:00:00,23.4,96,0.0,0.81,0.0,100
2025-04-18 21:00:00,23.3,98,0.0,0.49,0.0,100
2025-04-18 22:00:00,23.2,98,0.0,0.61,0.0,100
2025-04-18 23:00:00,23.2,97,0.0,1.18,0.0,100
2025-04-19 00:00:00,22.8,98,0.0,0.65,0.0,100
2025-04-19 01:00:00,22.7,98,0.0,0.96,0.0,99
2025-04-19 02:00:00,22.7,96,0.0,0.97,0.0,48
2025-04-19 03:00:00,22.5,94,0.0,0.65,0.0,16
2025-04-19 04:00:00,22.4,94,0.0,0.14,0.0,24
2025-04-19 05:00:00,22.3,97,8.0,0.38,0.0,17
2025-04-19 06:00:00,23.7,90,83.0,1.6,0.1,31
2025-04-19 07:00:00,25.0,81,241.0,1.3,0.1,7
2025-04-19 08:00:00,27.0,70,432.0,1.3,0.0,5
2025-04-19 09:00:00,28.9,64,609.0,0.6,0.0,6
2025-04-19 10:00:00,30.0,60,727.0,1.32,0.0,14
2025-04-19 11:00:00,30.8,58,764.0,1.97,0.0,11
2025-04-19 12:00:00,31.4,55,753.0,2.22,0.0,6
2025-04-19 13:00:00,31.6,54,701.0,2.56,0.0,10
2025-04-19 14:00:00,31.3,54,576.0,2.1,0.0,6
2025-04-19 15:00:00,31.2,54,404.0,1.26,0.0,9
2025-04-19 16:00:00,31.0,57,215.0,0.57,0.1,45
2025-04-19 17:00:00,28.8,69,62.0,1.03,0.0,27
2025-04-19 18:00:00,26.8,74,2.0,2.64,0.0,35
2025-04-19 19:00:00,25.7,82,0.0,1.06,0.0,36
2025-04-19 20:00:00,25.3,87,0.0,0.56,0.0,29
2025-04-19 21:00:00,24.8,93,0.0,0.96,0.0,18
2025-04-19 22:00:00,24.2,95,0.0,0.83,0.0,13
2025-04-19 23:00:00,24.1,92,0.0,3.34,0.6,83
2025-04-20 00:00:00,23.6,90,0.0,2.15,0.1,23
2025-04-20 01:00:00,22.7,93,0.0,1.57,0.0,42
2025-04-20 02:00:00,22.1,97,0.0,2.78,4.4,100
2025-04-20 03:00:00,21.5,99,0.0,3.88,0.9,80
2025-04-20 04:00:00,21.5,98,0.0,2.41,0.2,72
2025-04-20 05:00:00,21.6,95,6.0,1.0,0.2,81
2025-04-20 06:00:00,22.5,94,49.0,0.75,0.3,49
2025-04-20 07:00:00,23.9,89,255.0,1.3,0.2,5
2025-04-20 08:00:00,25.7,77,447.0,1.33,0.1,25
2025-04-20 09:00:00,27.8,67,562.0,0.81,0.0,11
2025-04-20 10:00:00,29.2,65,723.0,1.6,0.0,4
2025-04-20 11:00:00,29.7,63,784.0,1.0,0.0,4
2025-04-20 12:00:00,30.7,59,771.0,1.5,0.0,12
2025-04-20 13:00:00,31.1,59,679.0,1.27,0.1,19
2025-04-20 14:00:00,28.7,68,492.0,1.06,0.8,63
2025-04-20 15:00:00,27.1,74,291.0,1.52,0.2,80
2025-04-20 16:00:00,27.0,75,176.0,0.25,0.1,23
2025-04-20 17:00:00,26.2,86,63.0,0.65,0.0,37
2025-04-20 18:00:00,25.1,90,2.0,0.93,0.1,50
2025-04-20 19:00:00,24.7,91,0.0,1.22,0.1,15
2025-04-20 20:00:00,24.8,92,0.0,1.99,0.0,36
2025-04-20 21:00:00,24.6,88,0.0,3.23,0.0,51
2025-04-20 22:00:00,23.8,92,0.0,2.95,0.0,83
2025-04-20 23:00:00,23.3,96,0.0,1.23,1.9,53
2025-04-21 00:00:00,23.0,99,0.0,2.61,0.3,28
2025-04-21 01:00:00,22.6,99,0.0,2.15,0.0,48
2025-04-21 02:00:00,22.6,100,0.0,0.61,0.0,76
2025-04-21 03:00:00,22.5,97,0.0,1.91,1.8,32
2025-04-21 04:00:00,22.4,97,0.0,1.0,0.1,47
2025-04-21 05:00:00,22.5,97,6.0,1.12,0.1,96
2025-04-21 06:00:00,24.1,93,97.0,2.56,0.0,50
2025-04-21 07:00:00,25.5,87,238.0,2.32,0.0,38
2025-04-21 08:00:00,27.0,79,361.0,1.95,0.0,42
2025-04-21 09:00:00,28.3,74,480.0,0.79,0.1,42
2025-04-21 10:00:00,29.1,71,536.0,0.96,0.2,87
2025-04-21 11:00:00,29.0,69,466.0,1.9,1.4,75
2025-04-21 12:00:00,27.9,80,545.0,2.74,0.4,34
2025-04-21 13:00:00,28.9,72,570.0,2.28,0.1,56
2025-04-21 14:00:00,27.5,74,410.0,2.78,0.4,38
2025-04-21 15:00:00,27.9,73,335.0,1.48,0.2,22
2025-04-21 16:00:00,27.6,74,183.0,1.51,0.0,37
2025-04-21 17:00:00,26.3,80,54.0,2.09,0.1,65
2025-04-21 18:00:00,25.0,91,1.0,1.4,0.9,39
2025-04-21 19:00:00,24.4,96,0.0,2.23,0.1,49
2025-04-21 20:00:00,24.2,95,0.0,1.35,0.1,91
2025-04-21 21:00:00,23.9,96,0.0,0.65,0.8,95
2025-04-21 22:00:00,22.8,97,0.0,2.34,3.5,99
2025-04-21 23:00:00,22.3,98,0.0,1.13,1.0,95
2025-04-22 00:00:00,22.3,96,0.0,1.12,15.3,100
2025-04-22 01:00:00,22.1,97,0.0,1.0,19.0,100
2025-04-22 02:00:00,22.1,99,0.0,2.37,3.6,100
2025-04-22 03:00:00,22.1,100,0.0,3.99,3.9,100
2025-04-22 04:00:00,22.2,100,0.0,1.89,18.9,100
2025-04-22 05:00:00,22.4,100,2.0,1.2,11.8,100
2025-04-22 06:00:00,23.4,98,16.0,2.03,1.2,98
2025-04-22 07:00:00,24.3,95,125.0,0.98,0.2,97
2025-04-22 08:00:00,25.1,91,283.0,0.3,1.0,100
2025-04-22 09:00:00,24.9,90,131.0,0.1,1.0,95
2025-04-22 10:00:00,25.5,88,336.0,0.65,1.1,100
2025-04-22 11:00:00,25.3,91,199.0,1.27,1.7,100
2025-04-22 12:00:00,26.0,86,315.0,1.39,0.7,98
2025-04-22 13:00:00,26.1,83,337.0,0.75,0.5,92
2025-04-22 14:00:00,25.5,86,294.0,0.64,1.1,77
2025-04-22 15:00:00,25.4,86,209.0,1.06,0.2,53
2025-04-22 16:00:00,25.6,84,179.0,0.67,0.0,34
2025-04-22 17:00:00,25.4,88,57.0,0.46,0.0,58
2025-04-22 18:00:00,23.9,97,2.0,1.41,1.0,100
2025-04-22 19:00:00,23.3,98,0.0,1.03,0.8,34
2025-04-22 20:00:00,23.2,98,0.0,0.35,0.0,100
2025-04-22 21:00:00,23.2,98,0.0,1.14,0.0,100
2025-04-22 22:00:00,22.9,97,0.0,1.59,0.1,100
2025-04-22 23:00:00,22.2,99,0.0,1.32,0.0,100
2025-04-23 00:00:00,21.8,98,0.0,0.63,0.0,100
2025-04-23 01:00:00,21.9,97,0.0,1.36,0.0,100
2025-04-23 02:00:00,21.7,99,0.0,1.62,0.3,100
2025-04-23 03:00:00,21.5,100,0.0,3.18,0.8,100
2025-04-23 04:00:00,21.3,100,0.0,2.42,5.8,100
2025-04-23 05:00:00,21.4,98,3.0,1.43,1.3,98
2025-04-23 06:00:00,23.9,92,88.0,2.2,0.0,97
2025-04-23 07:00:00,23.5,93,92.0,2.14,0.0,92
2025-04-23 08:00:00,24.3,88,325.0,3.93,0.0,97
2025-04-23 09:00:00,24.4,85,399.0,4.25,0.0,100
2025-04-23 10:00:00,24.9,83,433.0,3.31,0.0,100
2025-04-23 11:00:00,26.6,78,620.0,3.49,0.0,100
2025-04-23 12:00:00,27.4,77,533.0,3.64,0.0,49
2025-04-23 13:00:00,29.6,69,642.0,3.4,0.0,25
2025-04-23 14:00:00,28.4,75,577.0,3.92,0.0,29
2025-04-23 15:00:00,26.8,81,312.0,3.5,0.0,41
2025-04-23 16:00:00,26.6,82,215.0,1.96,0.0,9
2025-04-23 17:00:00,25.9,87,75.0,2.18,0.0,23
2025-04-23 18:00:00,26.6,91,3.0,2.0,0.0,6
2025-04-23 19:00:00,26.3,86,0.0,0.72,0.0,10
2025-04-23 20:00:00,25.4,90,0.0,0.66,0.0,7
2025-04-23 21:00:00,24.6,96,0.0,1.1,0.0,4
2025-04-23 22:00:00,24.0,97,0.0,1.02,0.0,1
2025-04-23 23:00:00,23.9,97,0.0,1.15,0.0,2
2025-04-24 00:00:00,23.7,98,0.0,0.38,0.0,2
2025-04-24 01:00:00,23.4,100,0.0,0.14,0.0,37
2025-04-24 02:00:00,22.8,100,0.0,0.36,0.0,99
2025-04-24 03:00:00,22.8,100,0.0,0.46,0.0,99
2025-04-24 04:00:00,22.8,100,0.0,0.4,0.0,98
2025-04-24 05:00:00,23.3,100,11.0,0.36,0.0,99
2025-04-24 06:00:00,25.8,88,108.0,0.46,0.0,20
2025-04-24 07:00:00,27.0,82,269.0,1.01,0.0,11
2025-04-24 08:00:00,28.4,77,441.0,1.42,0.0,8
2025-04-24 09:00:00,29.6,71,628.0,1.76,0.0,26
2025-04-24 10:00:00,30.4,68,706.0,2.44,0.0,15
2025-04-24 11:00:00,31.2,65,748.0,2.4,0.0,19
2025-04-24 12:00:00,32.0,65,731.0,2.14,0.0,20
2025-04-24 13:00:00,32.8,60,618.0,2.93,0.0,38
2025-04-24 14:00:00,34.2,45,505.0,3.15,0.0,26
2025-04-24 15:00:00,33.4,49,363.0,4.0,0.0,54
2025-04-24 16:00:00,31.0,65,190.0,3.62,0.0,38
2025-04-24 17:00:00,29.0,77,65.0,1.21,0.0,34
2025-04-24 18:00:00,27.6,81,2.0,1.35,0.0,52
2025-04-24 19:00:00,27.5,84,0.0,1.96,0.0,18
2025-04-24 20:00:00,26.9,86,0.0,1.46,0.0,16
2025-04-24 21:00:00,26.2,90,0.0,2.12,0.0,7
2025-04-24 22:00:00,25.2,81,0.0,3.0,0.0,27
2025-04-24 23:00:00,24.2,87,0.0,2.72,0.0,15
2025-04-25 00:00:00,23.8,88,0.0,2.98,0.0,27
2025-04-25 01:00:00,23.4,86,0.0,3.64,0.0,87
2025-04-25 02:00:00,23.2,85,0.0,3.11,0.1,46
2025-04-25 03:00:00,23.0,87,0.0,2.5,0.0,22
2025-04-25 04:00:00,22.6,90,0.0,2.07,0.0,64
2025-04-25 05:00:00,22.6,91,7.0,1.52,0.0,74
2025-04-25 06:00:00,23.0,90,85.0,2.59,0.0,42
2025-04-25 07:00:00,24.0,85,212.0,2.29,0.0,92
2025-04-25 08:00:00,24.0,85,233.0,2.86,0.0,45
2025-04-25 09:00:00,26.3,74,495.0,2.1,0.0,61
2025-04-25 10:00:00,27.9,68,709.0,2.44,0.0,66
2025-04-25 11:00:00,28.6,68,775.0,1.75,0.0,10
2025-04-25 12:00:00,29.2,67,743.0,1.37,0.0,25
2025-04-25 13:00:00,29.7,67,735.0,1.23,0.0,1
2025-04-25 14:00:00,29.9,68,599.0,2.1,0.0,8
2025-04-25 15:00:00,29.2,72,409.0,1.53,0.0,3
2025-04-25 16:00:00,28.7,75,236.0,0.64,0.0,4
2025-04-25 17:00:00,27.8,84,79.0,0.67,0.0,0
2025-04-25 18:00:00,27.4,88,3.0,1.3,0.0,0
2025-04-25 19:00:00,26.6,91,0.0,1.41,0.0,4
2025-04-25 20:00:00,26.6,90,0.0,0.58,0.0,17
2025-04-25 21:00:00,26.3,90,0.0,0.45,0.0,30
2025-04-25 22:00:00,25.7,93,0.0,0.74,0.0,1
2025-04-25 23:00:00,25.3,92,0.0,1.95,0.0,32
2025-04-26 00:00:00,24.6,83,0.0,2.4,0.0,3
2025-04-26 01:00:00,22.9,86,0.0,0.89,0.0,16
2025-04-26 02:00:00,22.9,88,0.0,0.46,0.0,61
2025-04-26 03:00:00,22.4,87,0.0,2.12,0.0,54
2025-04-26 04:00:00,21.7,90,0.0,0.95,0.0,61
2025-04-26 05:00:00,21.9,91,11.0,1.67,0.0,58
2025-04-26 06:00:00,24.3,85,114.0,1.45,0.0,8
2025-04-26 07:00:00,25.2,81,286.0,2.58,0.0,20
2025-04-26 08:00:00,26.4,75,462.0,3.36,0.0,15
2025-04-26 09:00:00,27.3,72,607.0,1.88,0.0,6
2025-04-26 10:00:00,28.2,69,761.0,1.43,0.0,17
2025-04-26 11:00:00,29.2,66,784.0,0.94,0.0,7
2025-04-26 12:00:00,29.8,66,813.0,1.57,0.0,17
2025-04-26 13:00:00,29.6,70,720.0,1.97,0.0,7
2025-04-26 14:00:00,29.7,69,589.0,1.3,0.0,39
2025-04-26 15:00:00,30.5,66,421.0,1.82,0.0,54
2025-04-26 16:00:00,30.0,70,180.0,1.61,0.0,99
2025-04-26 17:00:00,27.3,83,39.0,2.21,0.0,20
2025-04-26 18:00:00,27.8,85,3.0,2.37,0.0,40
2025-04-26 19:00:00,27.7,80,0.0,2.76,0.0,14
2025-04-26 20:00:00,26.6,79,0.0,1.92,0.0,73
2025-04-26 21:00:00,25.5,82,0.0,1.91,0.0,84
2025-04-26 22:00:00,25.0,78,0.0,2.3,0.0,26
2025-04-26 23:00:00,22.7,82,0.0,1.92,0.0,54
2025-04-27 00:00:00,22.2,88,0.0,1.35,0.0,100
2025-04-27 01:00:00,21.7,94,0.0,3.01,0.1,81
2025-04-27 02:00:00,21.6,95,0.0,1.4,0.4,100
2025-04-27 03:00:00,21.9,93,0.0,1.44,0.1,97
2025-04-27 04:00:00,22.0,95,0.0,0.25,0.0,100
2025-04-27 05:00:00,22.3,93,3.0,1.21,0.1,100
2025-04-27 06:00:00,23.0,90,62.0,2.04,0.0,100
2025-04-27 07:00:00,23.9,87,132.0,2.43,0.0,38
2025-04-27 08:00:00,26.5,74,429.0,3.53,0.0,62
2025-04-27 09:00:00,27.7,70,557.0,3.54,0.0,20
2025-04-27 10:00:00,28.7,68,729.0,3.56,0.0,26
2025-04-27 11:00:00,30.8,59,773.0,2.99,0.0,40
2025-04-27 12:00:00,32.4,52,787.0,1.03,0.0,84
2025-04-27 13:00:00,32.1,53,617.0,1.28,0.0,76
2025-04-27 14:00:00,30.6,59,448.0,1.9,0.1,94
2025-04-27 15:00:00,30.1,62,256.0,1.97,0.0,94
2025-04-27 16:00:00,29.4,69,168.0,1.68,0.0,100
2025-04-27 17:00:00,28.0,75,65.0,1.63,0.0,100
2025-04-27 18:00:00,26.5,80,3.0,1.37,0.0,95
2025-04-27 19:00:00,25.3,87,0.0,2.52,2.6,100
2025-04-27 20:00:00,24.7,91,0.0,1.17,0.0,99
2025-04-27 21:00:00,24.6,92,0.0,1.83,0.0,70
2025-04-27 22:00:00,24.2,93,0.0,2.45,0.0,91
2025-04-27 23:00:00,23.9,91,0.0,2.94,0.0,100
2025-04-28 00:00:00,23.3,91,0.0,2.4,0.0,100
2025-04-28 01:00:00,23.0,91,0.0,2.97,0.0,100
2025-04-28 02:00:00,23.0,90,0.0,2.66,0.1,100
2025-04-28 03:00:00,22.5,95,0.0,2.62,0.9,100
2025-04-28 04:00:00,22.2,96,0.0,1.26,1.7,100
2025-04-28 05:00:00,22.1,98,3.0,3.46,2.6,100
2025-04-28 06:00:00,23.2,93,79.0,3.5,0.7,40
2025-04-28 07:00:00,24.4,85,281.0,0.92,0.0,96
2025-04-28 08:00:00,24.3,86,101.0,3.0,0.0,48
2025-04-28 09:00:00,25.6,81,371.0,3.15,0.6,86
2025-04-28 10:00:00,26.1,80,532.0,3.69,0.4,71
2025-04-28 11:00:00,27.4,73,658.0,3.75,0.1,46
2025-04-28 12:00:00,29.0,65,778.0,2.8,0.0,30
2025-04-28 13:00:00,29.5,65,702.0,3.49,0.0,29
2025-04-28 14:00:00,29.2,64,567.0,3.85,0.0,87
2025-04-28 15:00:00,28.9,65,321.0,2.7,0.0,100
2025-04-28 16:00:00,28.6,67,187.0,2.19,0.0,100
2025-04-28 17:00:00,27.3,72,61.0,1.63,0.0,100
2025-04-28 18:00:00,23.8,90,3.0,4.07,0.0,67
2025-04-28 19:00:00,23.3,91,0.0,3.8,0.0,16
2025-04-28 20:00:00,23.0,92,0.0,2.97,0.0,72
2025-04-28 21:00:00,23.1,91,0.0,3.37,0.0,69
2025-04-28 22:00:00,22.7,94,0.0,3.34,0.0,60
2025-04-28 23:00:00,22.3,94,0.0,3.72,0.0,100
2025-04-29 00:00:00,22.0,94,0.0,3.2,0.0,99
2025-04-29 01:00:00,21.7,94,0.0,2.81,0.0,100
2025-04-29 02:00:00,21.4,96,0.0,2.15,0.0,97
2025-04-29 03:00:00,21.1,96,0.0,1.57,0.0,97
2025-04-29 04:00:00,21.0,96,0.0,1.64,0.0,91
2025-04-29 05:00:00,21.3,95,14.0,1.98,0.0,82
2025-04-29 06:00:00,22.2,90,59.0,2.43,0.0,100
2025-04-29 07:00:00,23.0,87,162.0,3.97,0.0,100
2025-04-29 08:00:00,22.7,88,221.0,4.17,0.5,100
2025-04-29 09:00:00,22.3,91,121.0,4.6,0.4,99
2025-04-29 10:00:00,24.2,80,394.0,4.03,0.3,88
2025-04-29 11:00:00,24.8,75,528.0,4.44,0.3,91
2025-04-29 12:00:00,24.7,75,389.0,3.96,0.2,77
2025-04-29 13:00:00,24.7,75,406.0,3.6,0.5,89
2025-04-29 14:00:00,25.0,75,412.0,3.92,0.2,63
2025-04-29 15:00:00,25.3,72,359.0,3.57,0.0,63
2025-04-29 16:00:00,24.8,75,215.0,2.98,0.0,70
2025-04-29 17:00:00,24.0,80,77.0,2.06,0.0,52
2025-04-29 18:00:00,23.8,82,4.0,2.28,0.0,26
2025-04-29 19:00:00,23.5,84,0.0,2.6,0.0,11
2025-04-29 20:00:00,23.1,86,0.0,2.93,0.0,32
2025-04-29 21:00:00,22.9,86,0.0,2.67,0.0,5
2025-04-29 22:00:00,22.2,91,0.0,2.2,0.0,7
2025-04-29 23:00:00,21.7,95,0.0,2.04,0.0,18
2025-04-30 00:00:00,21.7,94,0.0,2.55,0.0,2
2025-04-30 01:00:00,21.3,95,0.0,2.28,0.0,5
2025-04-30 02:00:00,21.1,97,0.0,2.2,0.0,1
2025-04-30 03:00:00,20.9,98,0.0,1.77,0.0,5
2025-04-30 04:00:00,20.7,98,0.0,1.84,0.0,5
2025-04-30 05:00:00,20.9,97,17.0,2.23,0.0,9
2025-04-30 06:00:00,23.0,89,114.0,2.72,0.0,97
2025-04-30 07:00:00,24.7,82,279.0,2.9,0.0,100
2025-04-30 08:00:00,26.7,71,443.0,3.92,0.0,47
2025-04-30 09:00:00,28.3,63,658.0,4.37,0.0,45
2025-04-30 10:00:00,29.4,58,767.0,4.81,0.0,43
2025-04-30 11:00:00,30.4,53,795.0,4.84,0.0,43
2025-04-30 12:00:00,30.9,51,755.0,4.83,0.0,44
2025-04-30 13:00:00,30.9,51,639.0,4.43,0.0,25
2025-04-30 14:00:00,31.2,51,567.0,3.58,0.0,56
2025-04-30 15:00:00,29.4,59,331.0,1.12,0.9,72
2025-04-30 16:00:00,27.9,71,128.0,1.95,0.0,44
2025-04-30 17:00:00,25.9,78,72.0,2.2,0.0,16
2025-04-30 18:00:00,23.7,84,3.0,1.48,0.0,100
2025-04-30 19:00:00,23.0,92,0.0,0.67,0.0,100
2025-04-30 20:00:00,22.8,97,0.0,0.65,0.0,100
2025-04-30 21:00:00,22.6,99,0.0,0.46,0.0,100
2025-04-30 22:00:00,22.5,100,0.0,0.6,0.0,100
2025-04-30 23:00:00,22.5,100,0.0,0.79,0.0,100
2025-05-01 00:00:00,22.8,97,0.0,0.9,0.0,100
2025-05-01 01:00:00,22.7,98,0.0,0.38,0.0,100
2025-05-01 02:00:00,22.5,99,0.0,0.25,0.0,100
2025-05-01 03:00:00,22.3,100,0.0,0.4,0.0,100
2025-05-01 04:00:00,22.3,100,0.0,0.87,0.1,96
2025-05-01 05:00:00,22.4,96,17.0,1.66,0.1,15
2025-05-01 06:00:00,22.2,94,44.0,2.12,0.1,78
2025-05-01 07:00:00,23.5,83,224.0,1.41,0.0,98
2025-05-01 08:00:00,25.2,76,305.0,1.79,0.0,98
2025-05-01 09:00:00,24.6,74,175.0,0.67,0.5,100
2025-05-01 10:00:00,25.5,71,243.0,1.47,0.0,67
2025-05-01 11:00:00,27.9,64,691.0,1.98,0.0,39
2025-05-01 12:00:00,29.6,60,786.0,3.07,0.0,51
2025-05-01 13:00:00,29.2,63,654.0,3.2,0.0,79
2025-05-01 14:00:00,29.7,60,495.0,2.2,0.0,53
2025-05-01 15:00:00,29.9,61,396.0,2.18,0.0,80
2025-05-01 16:00:00,28.9,69,221.0,2.05,0.0,45
2025-05-01 17:00:00,27.2,76,79.0,2.01,0.0,28
2025-05-01 18:00:00,26.1,79,3.0,3.02,0.0,90
2025-05-01 19:00:00,25.6,81,0.0,2.82,0.0,18
2025-05-01 20:00:00,24.9,85,0.0,2.83,0.0,4
2025-05-01 21:00:00,24.4,86,0.0,2.99,0.0,8
2025-05-01 22:00:00,23.6,89,0.0,2.73,0.0,3
2025-05-01 23:00:00,23.0,92,0.0,2.45,0.0,0
2025-05-02 00:00:00,22.5,94,0.0,1.96,0.0,0
2025-05-02 01:00:00,22.1,96,0.0,1.76,0.0,0
2025-05-02 02:00:00,21.9,97,0.0,1.98,0.0,0
2025-05-02 03:00:00,21.6,98,0.0,1.88,0.0,1
2025-05-02 04:00:00,21.4,99,0.0,1.83,0.0,1
2025-05-02 05:00:00,21.7,96,18.0,2.3,0.0,10
2025-05-02 06:00:00,23.4,90,132.0,2.66,0.0,12
2025-05-02 07:00:00,25.0,84,314.0,2.51,0.0,13
2025-05-02 08:00:00,26.6,78,499.0,3.12,0.0,40
2025-05-02 09:00:00,28.4,68,666.0,3.83,0.0,60
2025-05-02 10:00:00,29.6,62,771.0,3.88,0.0,27
2025-05-02 11:00:00,30.4,58,807.0,2.96,0.0,45
2025-05-02 12:00:00,30.8,56,751.0,2.67,0.0,61
2025-05-02 13:00:00,30.8,57,689.0,2.69,0.0,65
2025-05-02 14:00:00,30.3,58,549.0,2.04,0.1,72
2025-05-02 15:00:00,27.2,76,289.0,2.25,1.2,96
2025-05-02 16:00:00,26.3,77,107.0,1.41,0.0,92
2025-05-02 17:00:00,25.8,86,42.0,0.58,0.0,96
2025-05-02 18:00:00,25.0,87,4.0,1.31,0.0,4
2025-05-02 19:00:00,24.1,91,0.0,1.33,0.0,14
2025-05-02 20:00:00,23.9,89,0.0,1.42,0.0,55
2025-05-02 21:00:00,23.4,87,0.0,1.03,0.0,19
2025-05-02 22:00:00,22.8,91,0.0,0.68,0.0,1
2025-05-02 23:00:00,22.2,94,0.0,1.07,0.0,1
2025-05-03 00:00:00,21.9,95,0.0,1.2,0.0,0
2025-05-03 01:00:00,21.6,97,0.0,1.55,0.0,0
2025-05-03 02:00:00,21.4,96,0.0,1.39,0.0,0
2025-05-03 03:00:00,21.1,98,0.0,0.7,0.0,0
2025-05-03 04:00:00,21.2,100,0.0,0.18,0.0,100
2025-05-03 05:00:00,21.8,99,19.0,1.27,0.0,89
2025-05-03 06:00:00,22.9,84,131.0,4.21,1.2,99
2025-05-03 07:00:00,23.4,87,267.0,2.55,0.9,99
2025-05-03 08:00:00,23.5,87,212.0,2.6,0.5,35
2025-05-03 09:00:00,26.3,78,680.0,1.68,0.2,6
2025-05-03 10:00:00,28.0,71,757.0,0.82,0.0,8
2025-05-03 11:00:00,29.5,62,837.0,1.39,0.0,11
2025-05-03 12:00:00,29.8,60,807.0,1.73,0.0,4
2025-05-03 13:00:00,30.4,58,743.0,2.0,0.0,5
2025-05-03 14:00:00,30.7,55,627.0,1.75,0.0,13
2025-05-03 15:00:00,30.3,54,426.0,1.81,0.0,16
2025-05-03 16:00:00,28.7,66,208.0,2.47,0.1,11
2025-05-03 17:00:00,27.2,76,86.0,1.32,0.0,8
2025-05-03 18:00:00,26.8,76,4.0,1.2,0.0,12
2025-05-03 19:00:00,26.5,76,0.0,0.32,0.0,14
2025-05-03 20:00:00,25.9,82,0.0,0.57,0.0,11
2025-05-03 21:00:00,24.8,89,0.0,1.07,0.0,7
2025-05-03 22:00:00,23.9,94,0.0,0.96,0.0,60
2025-05-03 23:00:00,23.3,96,0.0,1.39,0.0,71
2025-05-04 00:00:00,23.0,98,0.0,1.74,0.3,91
2025-05-04 01:00:00,23.3,95,0.0,2.6,0.0,38
2025-05-04 02:00:00,23.1,89,0.0,2.31,0.0,51
2025-05-04 03:00:00,22.4,95,0.0,1.56,0.0,80
2025-05-04 04:00:00,21.6,97,0.0,4.35,2.1,100
2025-05-04 05:00:00,21.6,96,9.0,1.19,2.7,73
2025-05-04 06:00:00,24.0,88,100.0,1.07,0.0,61
2025-05-04 07:00:00,25.4,81,295.0,1.64,0.0,98
2025-05-04 08:00:00,26.7,75,461.0,1.49,0.0,81
2025-05-04 09:00:00,28.2,69,645.0,0.65,0.0,13
2025-05-04 10:00:00,29.8,62,798.0,0.99,0.0,32
2025-05-04 11:00:00,30.7,59,848.0,1.7,0.0,5
2025-05-04 12:00:00,31.0,57,830.0,2.16,0.0,3
2025-05-04 13:00:00,31.6,54,760.0,2.49,0.0,4
2025-05-04 14:00:00,31.6,52,619.0,2.62,0.1,28
2025-05-04 15:00:00,30.9,56,426.0,1.9,0.1,53
2025-05-04 16:00:00,29.7,66,206.0,2.09,0.3,20
2025-05-04 17:00:00,28.4,75,87.0,1.19,0.0,2
2025-05-04 18:00:00,26.1,78,5.0,1.25,0.0,3
2025-05-04 19:00:00,25.6,82,0.0,0.74,0.0,5
2025-05-04 20:00:00,25.6,84,0.0,0.4,0.0,24
2025-05-04 21:00:00,24.7,93,0.0,1.0,0.0,64
2025-05-04 22:00:00,24.1,90,0.0,2.31,0.0,69
2025-05-04 23:00:00,23.5,92,0.0,0.35,0.0,72
2025-05-05 00:00:00,23.2,94,0.0,0.71,0.0,55
2025-05-05 01:00:00,23.1,94,0.0,0.87,0.0,100
2025-05-05 02:00:00,22.9,94,0.0,0.81,0.0,100
2025-05-05 03:00:00,23.1,94,0.0,0.11,0.0,94
2025-05-05 04:00:00,22.7,98,0.0,1.35,0.0,97
2025-05-05 05:00:00,23.2,96,16.0,1.48,0.0,92
2025-05-05 06:00:00,25.1,87,123.0,2.06,0.0,24
2025-05-05 07:00:00,26.1,81,296.0,1.97,0.0,18
2025-05-05 08:00:00,27.5,74,490.0,0.4,0.0,12
2025-05-05 09:00:00,29.2,67,655.0,1.35,0.0,14
2025-05-05 10:00:00,30.4,65,761.0,2.09,0.0,38
2025-05-05 11:00:00,30.7,63,713.0,2.72,0.0,49
2025-05-05 12:00:00,30.9,60,749.0,3.08,0.0,92
2025-05-05 13:00:00,31.2,56,601.0,2.44,0.0,53
2025-05-05 14:00:00,31.2,54,570.0,3.11,0.2,88
2025-05-05 15:00:00,26.7,76,258.0,3.82,0.1,11
2025-05-05 16:00:00,27.9,73,259.0,2.44,0.1,7
2025-05-05 17:00:00,27.1,78,90.0,0.96,0.0,13
2025-05-05 18:00:00,27.1,77,5.0,1.85,0.0,23
2025-05-05 19:00:00,25.9,83,0.0,1.82,0.0,22
2025-05-05 20:00:00,24.9,89,0.0,0.86,0.0,63
2025-05-05 21:00:00,24.6,89,0.0,0.83,0.4,12
2025-05-05 22:00:00,23.3,93,0.0,2.76,1.0,77
2025-05-05 23:00:00,22.9,96,0.0,1.59,0.1,4
2025-05-06 00:00:00,22.6,98,0.0,1.07,0.0,3
2025-05-06 01:00:00,22.6,99,0.0,0.81,0.0,2
2025-05-06 02:00:00,22.4,100,0.0,0.85,0.0,95
2025-05-06 03:00:00,22.5,98,0.0,2.07,0.1,47
2025-05-06 04:00:00,22.7,97,0.0,2.3,0.1,60
2025-05-06 05:00:00,22.9,95,19.0,2.21,0.0,79
2025-05-06 06:00:00,23.7,90,85.0,0.36,0.1,100
2025-05-06 07:00:00,25.1,84,260.0,1.98,0.1,100
2025-05-06 08:00:00,26.6,77,328.0,1.46,0.0,100
2025-05-06 09:00:00,28.5,68,476.0,2.15,0.0,100
2025-05-06 10:00:00,26.7,76,453.0,2.26,1.8,100
2025-05-06 11:00:00,28.0,70,411.0,1.56,0.0,89
2025-05-06 12:00:00,29.9,63,677.0,2.06,0.0,33
2025-05-06 13:00:00,30.5,62,736.0,2.45,0.0,25
2025-05-06 14:00:00,30.3,62,582.0,2.48,0.0,24
2025-05-06 15:00:00,30.2,63,441.0,2.01,0.0,21
2025-05-06 16:00:00,30.0,64,254.0,1.79,0.0,41
2025-05-06 17:00:00,28.6,74,90.0,1.13,0.0,57
2025-05-06 18:00:00,25.3,84,5.0,1.5,0.0,60
2025-05-06 19:00:00,24.9,88,0.0,0.81,0.0,15
2025-05-06 20:00:00,24.7,90,0.0,0.55,0.0,57
2025-05-06 21:00:00,24.4,93,0.0,0.66,0.0,4
2025-05-06 22:00:00,24.2,94,0.0,0.63,0.0,2
2025-05-06 23:00:00,24.1,94,0.0,0.53,0.0,6
2025-05-07 00:00:00,24.0,94,0.0,0.14,0.0,9
2025-05-07 01:00:00,23.9,95,0.0,0.0,0.0,12
2025-05-07 02:00:00,23.0,99,0.0,0.8,0.4,53
2025-05-07 03:00:00,22.8,99,0.0,0.3,1.8,98
2025-05-07 04:00:00,22.8,98,0.0,0.8,0.2,58
2025-05-07 05:00:00,23.1,95,20.0,1.98,0.1,50
2025-05-07 06:00:00,24.8,85,124.0,1.66,0.7,80
2025-05-07 07:00:00,24.4,87,239.0,2.12,1.4,18
2025-05-07 08:00:00,26.5,77,499.0,1.97,0.0,30
2025-05-07 09:00:00,28.5,69,644.0,2.71,0.0,7
2025-05-07 10:00:00,29.8,63,789.0,3.45,0.0,11
2025-05-07 11:00:00,30.3,62,791.0,3.65,0.1,11
2025-05-07 12:00:00,31.6,55,795.0,4.11,0.0,40
2025-05-07 13:00:00,32.0,54,764.0,4.38,0.0,8
2025-05-07 14:00:00,32.0,53,642.0,4.6,0.0,12
2025-05-07 15:00:00,31.4,56,447.0,4.52,0.0,12
2025-05-07 16:00:00,30.8,59,258.0,3.5,0.0,8
2025-05-07 17:00:00,29.4,65,95.0,2.59,0.0,10
2025-05-07 18:00:00,28.4,71,6.0,3.1,0.0,66
2025-05-07 19:00:00,27.4,74,0.0,2.79,0.0,50
2025-05-07 20:00:00,26.4,79,0.0,1.23,0.0,25
2025-05-07 21:00:00,26.0,82,0.0,1.54,0.0,34
2025-05-07 22:00:00,25.2,88,0.0,0.97,0.0,22
2025-05-07 23:00:00,25.2,88,0.0,2.12,0.1,42
2025-05-08 00:00:00,24.7,87,0.0,1.9,0.2,67
2025-05-08 01:00:00,23.7,90,0.0,1.2,0.2,65
2025-05-08 02:00:00,22.8,96,0.0,0.89,2.3,51
2025-05-08 03:00:00,22.5,97,0.0,0.78,0.1,83
2025-05-08 04:00:00,22.5,94,0.0,0.5,0.2,26
2025-05-08 05:00:00,22.4,94,19.0,1.96,0.1,38
2025-05-08 06:00:00,23.3,97,83.0,2.47,2.5,48
2025-05-08 07:00:00,24.8,87,281.0,2.64,0.2,40
2025-05-08 08:00:00,25.9,82,469.0,2.15,1.7,86
2025-05-08 09:00:00,26.2,82,429.0,1.59,7.0,63
2025-05-08 10:00:00,27.9,74,560.0,1.86,0.4,53
2025-05-08 11:00:00,29.7,67,717.0,1.59,0.0,50
2025-05-08 12:00:00,30.6,63,709.0,1.54,0.0,24
2025-05-08 13:00:00,30.9,64,727.0,2.39,0.0,20
2025-05-08 14:00:00,30.8,65,601.0,1.97,0.0,9
2025-05-08 15:00:00,30.4,66,434.0,2.0,0.0,5
2025-05-08 16:00:00,30.0,69,262.0,1.93,0.0,7
2025-05-08 17:00:00,28.8,78,96.0,1.16,0.0,8
2025-05-08 18:00:00,27.6,83,6.0,1.46,0.0,7
2025-05-08 19:00:00,26.1,92,0.0,0.63,2.6,69
2025-05-08 20:00:00,25.9,91,0.0,1.85,0.1,20
2025-05-08 21:00:00,25.3,94,0.0,1.46,0.0,13
2025-05-08 22:00:00,25.1,96,0.0,1.35,0.0,11
2025-05-08 23:00:00,24.9,96,0.0,1.9,0.0,18
2025-05-09 00:00:00,24.6,96,0.0,1.4,0.0,79
2025-05-09 01:00:00,24.5,95,0.0,1.06,0.5,85
2025-05-09 02:00:00,24.6,95,0.0,2.41,0.3,77
2025-05-09 03:00:00,24.3,94,0.0,2.32,0.1,89
2025-05-09 04:00:00,23.8,97,0.0,2.49,1.9,88
2025-05-09 05:00:00,23.6,96,14.0,0.66,1.5,35
2025-05-09 06:00:00,24.8,92,120.0,0.36,0.8,94
2025-05-09 07:00:00,25.8,87,206.0,0.9,0.2,96
2025-05-09 08:00:00,28.3,76,459.0,1.6,0.0,22
2025-05-09 09:00:00,30.1,67,690.0,1.58,0.0,77
2025-05-09 10:00:00,31.2,64,804.0,1.99,0.0,60
2025-05-09 11:00:00,32.0,63,849.0,2.3,0.0,52
2025-05-09 12:00:00,32.5,62,832.0,2.16,0.0,98
2025-05-09 13:00:00,32.9,60,739.0,1.75,0.0,63
2025-05-09 14:00:00,33.2,59,623.0,1.55,0.0,89
2025-05-09 15:00:00,32.8,59,449.0,0.74,0.2,24
2025-05-09 16:00:00,30.8,71,225.0,2.34,0.3,24
2025-05-09 17:00:00,29.4,79,90.0,1.52,0.0,33
2025-05-09 18:00:00,27.5,90,6.0,1.03,0.0,14
2025-05-09 19:00:00,27.3,92,0.0,0.25,0.0,10
2025-05-09 20:00:00,26.8,91,0.0,1.83,0.0,15
2025-05-09 21:00:00,25.9,92,0.0,0.93,0.0,0
2025-05-09 22:00:00,25.4,95,0.0,0.81,0.0,0
2025-05-09 23:00:00,25.2,100,0.0,1.04,0.0,41
2025-05-10 00:00:00,25.1,100,0.0,1.41,0.0,33
2025-05-10 01:00:00,24.9,99,0.0,1.36,0.0,13
2025-05-10 02:00:00,24.6,98,0.0,1.14,0.0,21
2025-05-10 03:00:00,24.5,98,0.0,0.87,0.0,51
2025-05-10 04:00:00,23.9,94,0.0,1.94,0.8,30
2025-05-10 05:00:00,23.8,99,22.0,2.09,1.1,47
2025-05-10 06:00:00,26.0,90,111.0,1.88,0.8,97
2025-05-10 07:00:00,27.6,82,223.0,1.53,0.0,40
2025-05-10 08:00:00,29.7,72,506.0,2.12,0.0,12
2025-05-10 09:00:00,31.3,69,672.0,2.75,0.0,6
2025-05-10 10:00:00,32.5,65,796.0,2.55,0.0,11
2025-05-10 11:00:00,33.3,61,826.0,1.8,0.0,24
2025-05-10 12:00:00,33.3,58,789.0,2.29,0.0,23
2025-05-10 13:00:00,33.6,58,747.0,3.15,0.0,14
2025-05-10 14:00:00,33.7,57,605.0,2.12,0.5,43
2025-05-10 15:00:00,32.9,61,406.0,2.35,0.0,45
2025-05-10 16:00:00,32.2,65,240.0,2.06,0.0,42
2025-05-10 17:00:00,30.8,73,96.0,1.32,0.0,78
2025-05-10 18:00:00,29.1,81,7.0,1.3,0.0,57
2025-05-10 19:00:00,28.8,84,0.0,1.27,0.0,75
2025-05-10 20:00:00,28.4,87,0.0,1.47,0.0,93
2025-05-10 21:00:00,28.2,88,0.0,1.6,0.0,97
2025-05-10 22:00:00,27.6,89,0.0,1.42,0.0,44
2025-05-10 23:00:00,27.1,93,0.0,1.14,0.0,18
2025-05-11 00:00:00,26.6,97,0.0,1.41,0.0,46
2025-05-11 01:00:00,25.8,100,0.0,0.92,0.0,97
2025-05-11 02:00:00,25.6,100,0.0,1.14,0.0,27
2025-05-11 03:00:00,25.3,100,0.0,0.92,0.0,23
2025-05-11 04:00:00,25.3,96,0.0,5.14,0.1,62
2025-05-11 05:00:00,24.1,91,18.0,4.25,0.0,17
2025-05-11 06:00:00,25.6,87,118.0,3.49,0.0,73
2025-05-11 07:00:00,26.8,82,282.0,2.91,0.0,41
2025-05-11 08:00:00,28.3,75,428.0,3.49,0.0,14
2025-05-11 09:00:00,29.7,70,667.0,2.83,0.0,19
2025-05-11 10:00:00,31.1,65,804.0,2.49,0.0,28
2025-05-11 11:00:00,32.2,61,850.0,2.58,0.0,51
2025-05-11 12:00:00,32.3,62,807.0,3.22,0.0,47
2025-05-11 13:00:00,32.3,61,724.0,3.02,0.0,38
2025-05-11 14:00:00,32.3,61,571.0,2.97,0.0,43
2025-05-11 15:00:00,32.4,61,369.0,1.52,0.0,41
2025-05-11 16:00:00,31.6,64,237.0,1.36,0.0,50
2025-05-11 17:00:00,30.1,75,95.0,1.25,0.0,38
2025-05-11 18:00:00,28.0,78,7.0,2.12,0.0,12
2025-05-11 19:00:00,27.3,82,0.0,2.07,0.0,2
2025-05-11 20:00:00,27.0,83,0.0,2.14,0.0,7
2025-05-11 21:00:00,26.7,85,0.0,2.16,0.0,2
2025-05-11 22:00:00,26.2,88,0.0,2.17,0.0,2
2025-05-11 23:00:00,25.8,90,0.0,2.27,0.0,10
2025-05-12 00:00:00,25.2,93,0.0,0.93,0.0,91
2025-05-12 01:00:00,24.6,96,0.0,2.31,0.7,100
2025-05-12 02:00:00,24.3,97,0.0,1.81,1.3,100
2025-05-12 03:00:00,23.9,99,0.0,1.93,0.3,98
2025-05-12 04:00:00,23.5,97,0.0,2.21,3.1,100
2025-05-12 05:00:00,23.6,96,9.0,1.41,0.4,98
2025-05-12 06:00:00,23.4,97,24.0,0.95,3.1,100
2025-05-12 07:00:00,23.4,96,17.0,0.11,5.9,100
2025-05-12 08:00:00,23.7,96,58.0,1.15,6.4,100
2025-05-12 09:00:00,24.0,96,136.0,0.86,2.6,99
2025-05-12 10:00:00,25.1,90,316.0,0.55,1.2,84
2025-05-12 11:00:00,27.9,75,804.0,1.15,0.2,54
2025-05-12 12:00:00,29.2,68,696.0,1.48,0.1,66
2025-05-12 13:00:00,29.7,67,595.0,1.17,0.1,54
2025-05-12 14:00:00,30.2,66,606.0,1.96,0.0,98
2025-05-12 15:00:00,29.5,69,287.0,1.63,0.0,42
2025-05-12 16:00:00,29.2,71,261.0,1.18,0.0,22
2025-05-12 17:00:00,28.3,81,97.0,0.56,0.0,42
2025-05-12 18:00:00,26.8,84,7.0,0.79,0.0,24
2025-05-12 19:00:00,26.6,87,0.0,0.25,0.0,21
2025-05-12 20:00:00,24.7,91,0.0,2.29,3.0,96
2025-05-12 21:00:00,25.0,90,0.0,0.78,4.2,21
2025-05-12 22:00:00,24.5,92,0.0,0.57,0.0,80
2025-05-12 23:00:00,24.3,95,0.0,1.55,1.1,95
2025-05-13 00:00:00,24.1,98,0.0,2.1,0.2,70
2025-05-13 01:00:00,23.9,99,0.0,0.55,0.3,100
2025-05-13 02:00:00,23.6,98,0.0,0.45,0.2,99
2025-05-13 03:00:00,23.7,97,0.0,0.68,0.2,99
2025-05-13 04:00:00,23.5,97,0.0,1.01,0.1,100
2025-05-13 05:00:00,23.7,95,16.0,1.84,0.0,100
2025-05-13 06:00:00,25.6,91,130.0,0.81,0.0,84
2025-05-13 07:00:00,26.4,86,258.0,1.33,0.2,92
2025-05-13 08:00:00,27.4,82,368.0,1.8,0.2,62
2025-05-13 09:00:00,28.7,76,666.0,2.57,0.1,99
2025-05-13 10:00:00,27.1,81,349.0,2.62,0.9,100
2025-05-13 11:00:00,25.6,87,327.0,2.93,0.3,100
2025-05-13 12:00:00,26.1,84,457.0,3.27,0.1,96
2025-05-13 13:00:00,27.5,76,524.0,1.37,0.0,90
2025-05-13 14:00:00,28.5,74,544.0,1.49,0.0,100
2025-05-13 15:00:00,28.2,75,351.0,0.85,0.0,94
2025-05-13 16:00:00,28.1,76,263.0,0.74,0.0,11
2025-05-13 17:00:00,27.2,80,98.0,1.21,0.0,8
2025-05-13 18:00:00,26.3,88,7.0,0.9,0.0,26
2025-05-13 19:00:00,25.8,90,0.0,2.47,0.0,27
2025-05-13 20:00:00,25.0,93,0.0,1.77,0.0,8
2025-05-13 21:00:00,24.7,94,0.0,2.41,0.0,21
2025-05-13 22:00:00,24.2,94,0.0,2.48,0.0,36
2025-05-13 23:00:00,23.8,94,0.0,1.94,0.0,100
2025-05-14 00:00:00,23.6,94,0.0,2.15,0.0,100
2025-05-14 01:00:00,23.6,94,0.0,1.99,0.0,96
2025-05-14 02:00:00,23.5,93,0.0,1.45,0.2,94
2025-05-14 03:00:00,23.3,94,0.0,2.28,0.1,79
2025-05-14 04:00:00,23.2,94,0.0,2.3,0.0,80
2025-05-14 05:00:00,23.6,92,24.0,3.21,0.2,100
2025-05-14 06:00:00,23.6,96,34.0,1.58,1.4,98
2025-05-14 07:00:00,24.7,91,233.0,1.01,0.5,47
2025-05-14 08:00:00,26.3,80,428.0,1.79,0.1,77
2025-05-14 09:00:00,27.2,76,410.0,2.27,0.1,100
2025-05-14 10:00:00,28.9,71,626.0,1.84,0.0,98
2025-05-14 11:00:00,29.2,71,514.0,1.28,0.0,99
2025-05-14 12:00:00,30.1,69,542.0,0.28,0.1,50
2025-05-14 13:00:00,30.4,68,721.0,1.28,0.2,57
2025-05-14 14:00:00,29.2,74,500.0,2.51,0.6,33
2025-05-14 15:00:00,28.8,76,425.0,1.99,0.0,13
2025-05-14 16:00:00,28.5,76,268.0,2.8,0.0,55
2025-05-14 17:00:00,26.9,82,89.0,2.26,0.0,13
2025-05-14 18:00:00,25.2,92,6.0,2.06,0.8,100
2025-05-14 19:00:00,24.3,94,0.0,1.62,0.3,62
2025-05-14 20:00:00,24.0,96,0.0,0.05,0.0,56
2025-05-14 21:00:00,24.0,94,0.0,1.2,0.0,98
2025-05-14 22:00:00,23.6,96,0.0,3.44,0.1,40
2025-05-14 23:00:00,23.1,98,0.0,1.17,0.0,100
2025-05-15 00:00:00,23.0,96,0.0,2.25,0.2,99
2025-05-15 01:00:00,23.0,98,0.0,2.36,0.8,100
2025-05-15 02:00:00,23.3,97,0.0,3.5,1.8,100
2025-05-15 03:00:00,23.3,97,0.0,1.15,2.3,100
2025-05-15 04:00:00,23.0,98,0.0,1.77,2.3,100
2025-05-15 05:00:00,23.0,98,5.0,1.21,2.0,100
2025-05-15 06:00:00,23.2,98,8.0,1.6,3.9,100
2025-05-15 07:00:00,23.6,95,71.0,0.72,2.1,100
2025-05-15 08:00:00,24.0,94,106.0,2.41,1.9,100
2025-05-15 09:00:00,24.1,95,143.0,3.0,0.7,100
2025-05-15 10:00:00,24.5,91,236.0,3.73,1.1,100
2025-05-15 11:00:00,26.6,83,532.0,2.89,0.1,78
2025-05-15 12:00:00,28.8,72,775.0,1.79,0.0,100
2025-05-15 13:00:00,29.3,71,539.0,1.91,0.0,99
2025-05-15 14:00:00,29.4,72,553.0,2.26,0.0,61
2025-05-15 15:00:00,28.9,74,338.0,2.29,0.0,40
2025-05-15 16:00:00,28.4,75,213.0,2.84,0.0,25
2025-05-15 17:00:00,27.4,81,99.0,1.75,0.0,18
2025-05-15 18:00:00,24.8,95,6.0,0.54,1.3,89
2025-05-15 19:00:00,24.5,95,0.0,2.7,0.2,100
2025-05-15 20:00:00,24.2,96,0.0,3.17,0.0,89
2025-05-15 21:00:00,23.7,98,0.0,2.49,0.4,98
2025-05-15 22:00:00,23.5,98,0.0,2.93,0.7,80
2025-05-15 23:00:00,23.2,98,0.0,1.01,1.0,100
2025-05-16 00:00:00,23.1,96,0.0,2.27,0.1,62
2025-05-16 01:00:00,22.9,96,0.0,3.15,0.0,98
2025-05-16 02:00:00,22.8,97,0.0,3.26,0.0,97
2025-05-16 03:00:00,22.6,99,0.0,2.94,1.0,100
2025-05-16 04:00:00,22.6,98,0.0,2.15,1.4,100
2025-05-16 05:00:00,22.6,98,6.0,1.99,1.3,100
2025-05-16 06:00:00,24.2,89,74.0,3.6,0.1,66
2025-05-16 07:00:00,25.1,86,232.0,3.21,0.4,100
2025-05-16 08:00:00,24.4,92,112.0,3.03,0.8,43
2025-05-16 09:00:00,27.3,77,580.0,2.62,0.0,68
2025-05-16 10:00:00,28.5,71,527.0,1.78,0.1,71
2025-05-16 11:00:00,29.3,70,676.0,1.35,0.0,60
2025-05-16 12:00:00,29.7,68,594.0,1.93,0.0,100
2025-05-16 13:00:00,28.7,71,589.0,0.71,0.3,98
2025-05-16 14:00:00,27.7,77,211.0,1.4,0.2,6
2025-05-16 15:00:00,29.3,73,493.0,0.72,0.0,20
2025-05-16 16:00:00,29.3,73,278.0,0.25,0.0,20
2025-05-16 17:00:00,28.3,82,103.0,0.85,0.0,29
2025-05-16 18:00:00,25.7,88,8.0,2.04,0.0,14
2025-05-16 19:00:00,25.1,89,0.0,3.02,0.0,23
2025-05-16 20:00:00,23.9,91,0.0,3.58,0.0,50
2025-05-16 21:00:00,23.8,90,0.0,3.29,0.0,83
2025-05-16 22:00:00,23.7,91,0.0,2.89,0.0,100
2025-05-16 23:00:00,23.8,91,0.0,2.07,0.0,100
2025-05-17 00:00:00,23.6,89,0.0,2.58,0.0,100
2025-05-17 01:00:00,23.4,91,0.0,3.36,0.0,93
2025-05-17 02:00:00,23.2,93,0.0,1.88,0.0,100
2025-05-17 03:00:00,22.8,96,0.0,2.6,0.9,100
2025-05-17 04:00:00,22.7,97,0.0,2.16,0.6,100
2025-05-17 05:00:00,22.7,96,8.0,2.28,1.5,100
2025-05-17 06:00:00,23.9,91,101.0,3.82,0.4,98
2025-05-17 07:00:00,25.0,85,245.0,4.62,0.1,100
2025-05-17 08:00:00,25.5,83,187.0,4.32,0.0,96
2025-05-17 09:00:00,26.7,78,359.0,4.14,0.1,98
2025-05-17 10:00:00,27.8,73,519.0,3.97,0.1,99
2025-05-17 11:00:00,28.8,70,565.0,2.52,0.0,100
2025-05-17 12:00:00,29.1,69,574.0,2.41,0.0,80
2025-05-17 13:00:00,29.4,68,602.0,2.48,0.0,58
2025-05-17 14:00:00,28.8,71,450.0,2.46,0.4,53
2025-05-17 15:00:00,28.8,71,349.0,2.43,0.0,39
2025-05-17 16:00:00,28.8,71,241.0,1.86,0.0,56
2025-05-17 17:00:00,27.9,78,92.0,1.11,0.0,25
2025-05-17 18:00:00,25.7,88,8.0,1.5,0.0,45
2025-05-17 19:00:00,25.1,90,0.0,2.72,0.1,100
2025-05-17 20:00:00,23.8,96,0.0,2.24,3.1,98
2025-05-17 21:00:00,23.4,94,0.0,1.4,0.5,100
2025-05-17 22:00:00,23.2,96,0.0,0.72,2.2,100
2025-05-17 23:00:00,23.0,96,0.0,1.31,14.4,100
2025-05-18 00:00:00,22.9,96,0.0,2.23,0.8,100
2025-05-18 01:00:00,22.6,98,0.0,1.56,3.4,100
2025-05-18 02:00:00,22.6,98,0.0,3.0,6.7,99
2025-05-18 03:00:00,22.6,98,0.0,1.38,3.4,100
2025-05-18 04:00:00,22.6,97,0.0,2.15,0.5,88
2025-05-18 05:00:00,22.6,98,24.0,1.62,1.4,100
2025-05-18 06:00:00,23.6,94,55.0,0.87,0.1,37
2025-05-18 07:00:00,25.0,89,336.0,0.49,0.0,85
2025-05-18 08:00:00,26.8,78,463.0,1.06,0.1,32
2025-05-18 09:00:00,28.2,73,649.0,1.52,0.0,62
2025-05-18 10:00:00,28.8,70,736.0,1.27,0.1,35
2025-05-18 11:00:00,29.8,66,821.0,1.05,0.1,21
2025-05-18 12:00:00,30.5,66,815.0,1.38,0.0,19
2025-05-18 13:00:00,30.4,65,745.0,1.88,0.0,54
2025-05-18 14:00:00,29.5,69,548.0,0.11,1.7,59
2025-05-18 15:00:00,29.4,71,413.0,1.7,0.3,47
2025-05-18 16:00:00,28.5,73,250.0,1.36,1.2,86
2025-05-18 17:00:00,24.2,94,62.0,1.42,10.8,100
2025-05-18 18:00:00,24.0,98,9.0,2.46,9.3,91
2025-05-18 19:00:00,23.8,93,0.0,3.0,1.0,86
2025-05-18 20:00:00,23.3,94,0.0,1.83,1.4,99
2025-05-18 21:00:00,23.2,97,0.0,1.3,0.4,73
2025-05-18 22:00:00,23.0,98,0.0,0.72,0.4,84
2025-05-18 23:00:00,23.1,98,0.0,1.64,0.2,99
2025-05-19 00:00:00,23.1,98,0.0,2.29,0.2,100
2025-05-19 01:00:00,22.9,98,0.0,1.99,0.0,100
2025-05-19 02:00:00,22.8,98,0.0,1.8,0.0,100
2025-05-19 03:00:00,22.6,98,0.0,2.14,0.1,99
2025-05-19 04:00:00,22.4,99,0.0,2.53,0.1,95
2025-05-19 05:00:00,22.5,96,22.0,2.3,0.0,99
2025-05-19 06:00:00,23.8,91,109.0,2.87,0.0,100
2025-05-19 07:00:00,24.6,87,162.0,2.02,0.0,100
2025-05-19 08:00:00,23.8,94,86.0,2.85,0.9,100
2025-05-19 09:00:00,25.1,86,243.0,2.1,0.3,100
2025-05-19 10:00:00,26.4,80,504.0,2.4,0.4,100
2025-05-19 11:00:00,25.9,84,267.0,2.19,0.4,100
2025-05-19 12:00:00,26.7,80,404.0,1.3,0.5,100
2025-05-19 13:00:00,27.2,78,375.0,1.25,0.4,100
2025-05-19 14:00:00,28.0,75,523.0,1.28,0.1,22
2025-05-19 15:00:00,27.9,73,436.0,1.08,0.4,45
2025-05-19 16:00:00,27.8,73,260.0,0.2,0.0,59
2025-05-19 17:00:00,27.0,81,109.0,0.45,0.0,89
2025-05-19 18:00:00,25.4,91,9.0,0.85,0.0,24
2025-05-19 19:00:00,24.8,96,0.0,0.99,0.0,10
2025-05-19 20:00:00,24.6,96,0.0,1.27,0.0,14
2025-05-19 21:00:00,24.4,95,0.0,1.21,0.0,16
2025-05-19 22:00:00,24.3,95,0.0,0.61,0.0,15
2025-05-19 23:00:00,23.8,99,0.0,1.03,0.0,96
2025-05-20 00:00:00,23.9,98,0.0,1.19,0.0,48
2025-05-20 01:00:00,23.6,98,0.0,1.19,0.0,79
2025-05-20 02:00:00,23.5,98,0.0,1.24,0.1,100
2025-05-20 03:00:00,23.4,97,0.0,0.67,0.2,86
2025-05-20 04:00:00,23.1,98,0.0,0.71,0.1,100
2025-05-20 05:00:00,23.5,97,9.0,1.17,0.9,100
2025-05-20 06:00:00,24.3,96,19.0,2.35,3.7,100
2025-05-20 07:00:00,24.3,97,21.0,2.72,4.5,100
2025-05-20 08:00:00,24.4,96,37.0,3.92,9.1,100
2025-05-20 09:00:00,24.3,98,30.0,4.1,9.7,100
2025-05-20 10:00:00,23.7,98,22.0,5.85,6.8,100
2025-05-20 11:00:00,23.6,97,34.0,4.99,5.7,71
2025-05-20 12:00:00,26.1,89,438.0,3.1,1.1,100
2025-05-20 13:00:00,26.1,89,311.0,2.69,0.2,29
2025-05-20 14:00:00,27.7,78,527.0,2.94,0.0,60
2025-05-20 15:00:00,27.8,78,362.0,2.33,0.0,16
2025-05-20 16:00:00,27.6,79,279.0,1.6,0.0,20
2025-05-20 17:00:00,26.8,84,105.0,1.86,0.0,34
2025-05-20 18:00:00,24.4,92,10.0,1.87,0.0,10
2025-05-20 19:00:00,24.0,94,0.0,1.21,0.0,28
2025-05-20 20:00:00,23.8,96,0.0,1.12,0.2,78
2025-05-20 21:00:00,23.8,96,0.0,0.81,0.4,94
2025-05-20 22:00:00,23.7,98,0.0,1.11,1.0,99
2025-05-20 23:00:00,23.4,99,0.0,0.56,3.4,100
2025-05-21 00:00:00,23.2,99,0.0,1.36,6.2,100
2025-05-21 01:00:00,23.2,98,0.0,0.8,17.1,100
2025-05-21 02:00:00,23.2,97,0.0,0.66,9.5,100
2025-05-21 03:00:00,23.1,98,0.0,0.78,4.9,100
2025-05-21 04:00:00,23.1,98,0.0,0.63,5.1,100
2025-05-21 05:00:00,23.3,96,13.0,1.12,0.8,100
2025-05-21 06:00:00,24.2,96,55.0,0.68,0.7,100
2025-05-21 07:00:00,24.7,93,118.0,0.91,1.2,99
2025-05-21 08:00:00,25.7,88,267.0,1.35,0.4,95
2025-05-21 09:00:00,26.0,86,292.0,0.41,0.3,69
2025-05-21 10:00:00,27.2,80,536.0,0.76,0.2,69
2025-05-21 11:00:00,28.3,76,635.0,0.97,0.0,12
2025-05-21 12:00:00,29.3,71,833.0,0.28,0.0,26
2025-05-21 13:00:00,29.9,67,759.0,1.05,0.1,50
2025-05-21 14:00:00,29.9,68,556.0,1.15,0.3,68
2025-05-21 15:00:00,29.4,71,303.0,2.07,1.3,84
2025-05-21 16:00:00,26.6,87,179.0,1.84,1.3,53
2025-05-21 17:00:00,26.4,87,106.0,0.85,0.0,23
2025-05-21 18:00:00,26.3,89,10.0,1.15,0.0,25
2025-05-21 19:00:00,25.9,91,0.0,1.86,0.0,35
2025-05-21 20:00:00,25.5,93,0.0,1.8,0.0,100
2025-05-21 21:00:00,25.0,95,0.0,0.67,0.0,100
2025-05-21 22:00:00,25.0,96,0.0,0.81,0.0,100
2025-05-21 23:00:00,24.8,97,0.0,0.49,0.0,100
2025-05-22 00:00:00,24.7,98,0.0,1.95,0.5,100
2025-05-22 01:00:00,24.3,99,0.0,0.76,0.1,100
2025-05-22 02:00:00,24.4,93,0.0,0.29,0.3,100
2025-05-22 03:00:00,24.4,96,0.0,0.4,0.3,100
2025-05-22 04:00:00,24.4,96,0.0,0.11,0.6,100
2025-05-22 05:00:00,24.3,97,10.0,1.48,0.6,100
2025-05-22 06:00:00,23.7,99,28.0,2.37,1.1,100
2025-05-22 07:00:00,23.9,99,82.0,0.81,0.9,100
2025-05-22 08:00:00,25.6,93,382.0,2.51,0.3,100
2025-05-22 09:00:00,25.9,88,396.0,2.45,0.2,100
2025-05-22 10:00:00,26.7,82,408.0,2.17,0.2,99
2025-05-22 11:00:00,29.1,74,806.0,2.15,0.0,80
2025-05-22 12:00:00,29.6,74,731.0,1.47,0.0,17
2025-05-22 13:00:00,30.4,70,788.0,1.17,0.0,20
2025-05-22 14:00:00,30.7,68,669.0,0.92,0.0,57
2025-05-22 15:00:00,30.8,67,476.0,0.8,0.0,98
2025-05-22 16:00:00,30.4,69,281.0,1.46,0.0,96
2025-05-22 17:00:00,29.2,82,113.0,0.72,0.0,74
2025-05-22 18:00:00,28.2,78,11.0,0.07,0.3,99
2025-05-22 19:00:00,26.8,89,0.0,0.88,0.0,97
2025-05-22 20:00:00,26.2,93,0.0,0.58,0.0,100
2025-05-22 21:00:00,25.8,96,0.0,0.25,0.0,100
2025-05-22 22:00:00,25.7,99,0.0,0.14,0.0,96
2025-05-22 23:00:00,25.2,99,0.0,0.76,0.0,92
2025-05-23 00:00:00,24.9,97,0.0,0.11,0.0,41
2025-05-23 01:00:00,24.5,99,0.0,0.49,0.0,100
2025-05-23 02:00:00,24.4,100,0.0,0.83,0.0,100
2025-05-23 03:00:00,24.3,98,0.0,0.25,0.0,100
2025-05-23 04:00:00,24.4,97,0.0,0.96,0.0,54
2025-05-23 05:00:00,25.0,89,31.0,0.1,0.0,91
2025-05-23 06:00:00,26.8,79,176.0,0.85,0.0,17
2025-05-23 07:00:00,28.1,73,350.0,1.55,0.0,18
2025-05-23 08:00:00,29.0,76,523.0,1.62,0.0,56
2025-05-23 09:00:00,30.0,75,664.0,1.7,0.0,55
2025-05-23 10:00:00,30.9,69,714.0,1.15,0.0,48
2025-05-23 11:00:00,31.5,66,736.0,1.61,0.0,77
2025-05-23 12:00:00,31.2,66,639.0,2.23,0.1,94
2025-05-23 13:00:00,30.9,65,683.0,1.93,1.0,92
2025-05-23 14:00:00,31.4,62,553.0,1.31,0.0,42
2025-05-23 15:00:00,31.3,63,396.0,1.77,0.0,67
2025-05-23 16:00:00,30.2,69,231.0,2.06,0.0,81
2025-05-23 17:00:00,28.9,80,96.0,1.18,0.0,62
2025-05-23 18:00:00,26.8,90,6.0,1.6,0.0,100
2025-05-23 19:00:00,26.1,94,0.0,0.98,0.0,98
2025-05-23 20:00:00,26.1,95,0.0,0.87,0.1,75
2025-05-23 21:00:00,26.0,95,0.0,0.11,0.6,82
2025-05-23 22:00:00,25.7,95,0.0,0.69,0.0,88
2025-05-23 23:00:00,25.4,97,0.0,0.51,0.0,100
2025-05-24 00:00:00,25.4,100,0.0,0.41,0.0,100
2025-05-24 01:00:00,25.5,99,0.0,1.11,0.1,100
2025-05-24 02:00:00,25.3,99,0.0,1.95,0.0,100
2025-05-24 03:00:00,25.1,99,0.0,1.83,0.0,100
2025-05-24 04:00:00,25.1,97,0.0,1.46,0.0,100
2025-05-24 05:00:00,25.5,96,14.0,1.97,0.0,100
2025-05-24 06:00:00,27.2,93,113.0,0.79,0.0,61
2025-05-24 07:00:00,28.2,88,257.0,1.36,0.0,28
2025-05-24 08:00:00,29.9,77,514.0,2.14,0.2,46
2025-05-24 09:00:00,30.5,76,632.0,2.36,0.2,27
2025-05-24 10:00:00,31.3,73,760.0,2.45,0.2,30
2025-05-24 11:00:00,32.7,66,828.0,1.93,0.1,58
2025-05-24 12:00:00,32.6,67,810.0,2.42,0.1,54
2025-05-24 13:00:00,32.6,64,684.0,1.52,0.1,99
2025-05-24 14:00:00,30.6,74,233.0,1.92,0.1,95
2025-05-24 15:00:00,30.0,78,255.0,1.19,0.0,99
2025-05-24 16:00:00,30.0,78,237.0,0.11,0.0,98
2025-05-24 17:00:00,29.5,83,112.0,0.55,0.0,100
2025-05-24 18:00:00,28.7,83,8.0,1.61,0.0,100
2025-05-24 19:00:00,27.9,86,0.0,0.83,0.0,100
2025-05-24 20:00:00,27.3,87,0.0,1.02,0.0,95
2025-05-24 21:00:00,27.0,88,0.0,1.6,0.0,100
2025-05-24 22:00:00,26.7,87,0.0,1.48,0.0,100
2025-05-24 23:00:00,26.4,90,0.0,0.95,0.0,100
2025-05-25 00:00:00,25.8,96,0.0,0.34,3.0,100
2025-05-25 01:00:00,25.5,98,0.0,1.9,2.7,100
2025-05-25 02:00:00,25.4,98,0.0,0.46,0.8,100
2025-05-25 03:00:00,25.2,98,0.0,0.92,3.2,100
2025-05-25 04:00:00,24.9,99,0.0,0.74,3.0,100
2025-05-25 05:00:00,25.0,100,3.0,0.69,0.9,100
2025-05-25 06:00:00,27.1,90,137.0,0.86,0.0,55
2025-05-25 07:00:00,28.1,84,304.0,1.19,0.0,24
2025-05-25 08:00:00,29.5,79,529.0,1.3,0.0,47
2025-05-25 09:00:00,30.9,72,667.0,2.22,0.0,100
2025-05-25 10:00:00,31.7,69,682.0,2.42,0.0,100
2025-05-25 11:00:00,32.2,67,670.0,2.88,0.0,100
2025-05-25 12:00:00,33.2,63,841.0,3.31,0.0,100
2025-05-25 13:00:00,32.8,64,660.0,3.27,0.0,95
2025-05-25 14:00:00,33.1,63,608.0,2.86,0.0,97
2025-05-25 15:00:00,32.9,63,428.0,1.8,0.0,100
2025-05-25 16:00:00,31.4,75,133.0,0.85,0.1,100
2025-05-25 17:00:00,30.0,83,80.0,1.46,0.0,90
2025-05-25 18:00:00,28.0,87,10.0,0.45,0.0,100
2025-05-25 19:00:00,27.7,90,0.0,1.35,0.1,96
2025-05-25 20:00:00,26.4,97,0.0,4.09,0.2,100
2025-05-25 21:00:00,25.6,96,0.0,1.66,0.3,96
2025-05-25 22:00:00,25.7,95,0.0,0.97,0.1,70
2025-05-25 23:00:00,25.4,96,0.0,0.8,0.3,100
2025-05-26 00:00:00,25.5,98,0.0,2.52,0.9,99
2025-05-26 01:00:00,24.8,99,0.0,2.66,4.9,100
2025-05-26 02:00:00,24.7,99,0.0,2.77,2.9,100
2025-05-26 03:00:00,24.5,99,0.0,2.2,2.2,100
2025-05-26 04:00:00,24.4,99,0.0,2.1,2.3,100
2025-05-26 05:00:00,24.5,99,6.0,2.75,2.2,100
2025-05-26 06:00:00,25.6,95,54.0,2.95,1.8,100
2025-05-26 07:00:00,25.7,95,43.0,2.5,2.3,100
2025-05-26 08:00:00,26.0,95,88.0,2.58,1.1,100
2025-05-26 09:00:00,26.2,94,88.0,2.63,1.0,100
2025-05-26 10:00:00,26.8,91,198.0,3.18,0.5,100
2025-05-26 11:00:00,27.6,87,290.0,2.83,0.1,100
2025-05-26 12:00:00,28.7,80,430.0,2.44,0.0,98
2025-05-26 13:00:00,28.7,79,238.0,1.96,0.0,99
2025-05-26 14:00:00,29.2,76,382.0,2.49,0.0,77
2025-05-26 15:00:00,29.5,74,374.0,2.62,0.0,44
2025-05-26 16:00:00,29.4,73,269.0,3.16,0.0,73
2025-05-26 17:00:00,28.4,80,111.0,2.92,0.0,98
2025-05-26 18:00:00,26.5,92,11.0,1.98,0.0,36
2025-05-26 19:00:00,26.1,95,0.0,1.48,0.1,82
2025-05-26 20:00:00,25.8,96,0.0,2.31,1.3,81
2025-05-26 21:00:00,25.3,98,0.0,1.94,5.0,100
2025-05-26 22:00:00,25.0,97,0.0,3.88,9.9,92
2025-05-26 23:00:00,24.6,98,0.0,3.76,7.4,96
2025-05-27 00:00:00,24.5,98,0.0,3.8,5.9,98
2025-05-27 01:00:00,24.3,99,0.0,3.26,4.0,62
2025-05-27 02:00:00,24.2,100,0.0,2.45,2.5,100
2025-05-27 03:00:00,24.4,98,0.0,2.14,0.9,54
2025-05-27 04:00:00,24.3,99,0.0,2.29,0.8,70
2025-05-27 05:00:00,24.7,95,26.0,3.24,0.1,72
2025-05-27 06:00:00,26.0,91,131.0,2.69,0.0,97
2025-05-27 07:00:00,26.8,86,172.0,2.89,0.0,100
2025-05-27 08:00:00,26.8,88,174.0,2.35,0.5,100
2025-05-27 09:00:00,27.2,88,261.0,3.15,0.7,100
2025-05-27 10:00:00,27.6,88,265.0,3.15,0.4,84
2025-05-27 11:00:00,29.9,76,727.0,3.76,0.1,1
2025-05-27 12:00:00,31.4,71,867.0,3.56,0.0,6
2025-05-27 13:00:00,32.3,68,795.0,3.56,0.0,4
2025-05-27 14:00:00,31.9,68,657.0,3.33,0.0,30
2025-05-27 15:00:00,31.5,70,417.0,3.27,0.5,55
2025-05-27 16:00:00,29.9,78,234.0,1.98,0.8,73
2025-05-27 17:00:00,27.3,94,80.0,2.12,4.9,82
2025-05-27 18:00:00,27.7,93,10.0,1.76,0.1,61
2025-05-27 19:00:00,27.7,89,0.0,2.8,0.0,54
2025-05-27 20:00:00,27.5,86,0.0,2.28,0.0,55
2025-05-27 21:00:00,27.2,87,0.0,2.1,0.0,14
2025-05-27 22:00:00,27.0,88,0.0,2.17,0.0,10
2025-05-27 23:00:00,26.7,91,0.0,2.06,0.0,16
2025-05-28 00:00:00,26.4,93,0.0,2.35,0.0,4
2025-05-28 01:00:00,26.0,94,0.0,2.75,0.0,1
2025-05-28 02:00:00,25.7,96,0.0,2.66,0.0,4
2025-05-28 03:00:00,25.5,97,0.0,2.4,0.0,3
2025-05-28 04:00:00,25.4,97,0.0,2.2,0.0,7
2025-05-28 05:00:00,25.9,97,36.0,2.8,0.0,2
2025-05-28 06:00:00,27.8,87,181.0,2.68,0.0,8
2025-05-28 07:00:00,29.3,82,370.0,3.29,0.0,6
2025-05-28 08:00:00,31.0,75,562.0,3.85,0.0,0
2025-05-28 09:00:00,32.3,68,724.0,4.31,0.0,8
2025-05-28 10:00:00,33.3,62,807.0,4.65,0.0,14
2025-05-28 11:00:00,33.9,60,879.0,4.41,0.0,10
2025-05-28 12:00:00,34.0,61,850.0,4.51,0.0,10
2025-05-28 13:00:00,34.3,59,791.0,4.29,0.0,12
2025-05-28 14:00:00,34.5,59,659.0,3.64,0.0,20
2025-05-28 15:00:00,34.0,61,479.0,3.82,0.0,99
2025-05-28 16:00:00,31.2,73,192.0,1.9,1.1,100
2025-05-28 17:00:00,28.6,91,49.0,2.53,0.7,100
2025-05-28 18:00:00,28.6,92,11.0,0.27,5.5,88
2025-05-28 19:00:00,27.8,91,0.0,2.11,2.0,100
2025-05-28 20:00:00,27.8,90,0.0,1.14,0.0,100
2025-05-28 21:00:00,27.6,93,0.0,0.78,0.0,100
2025-05-28 22:00:00,27.5,93,0.0,0.65,0.0,100
2025-05-28 23:00:00,27.1,95,0.0,0.65,0.0,100
2025-05-29 00:00:00,26.8,95,0.0,1.27,0.0,100
2025-05-29 01:00:00,26.4,96,0.0,2.07,0.6,100
2025-05-29 02:00:00,25.5,95,0.0,3.46,1.2,100
2025-05-29 03:00:00,25.3,97,0.0,2.66,1.2,100
2025-05-29 04:00:00,25.4,99,0.0,3.11,0.4,100
2025-05-29 05:00:00,25.6,96,16.0,3.15,0.2,100
2025-05-29 06:00:00,26.7,97,46.0,3.37,0.9,100
2025-05-29 07:00:00,26.7,97,46.0,3.47,0.6,100
2025-05-29 08:00:00,27.0,96,102.0,3.68,1.1,100
2025-05-29 09:00:00,28.1,88,304.0,5.08,0.3,100
2025-05-29 10:00:00,27.5,90,141.0,4.54,0.3,100
2025-05-29 11:00:00,27.9,86,261.0,5.29,0.3,100
2025-05-29 12:00:00,27.1,94,209.0,4.88,1.1,100
2025-05-29 13:00:00,26.6,96,137.0,5.03,1.5,100
2025-05-29 14:00:00,26.7,96,198.0,5.2,2.0,100
2025-05-29 15:00:00,26.3,97,80.0,4.9,3.9,100
2025-05-29 16:00:00,26.0,97,41.0,5.22,4.7,100
2025-05-29 17:00:00,25.7,97,15.0,4.6,2.1,100
2025-05-29 18:00:00,25.5,96,1.0,5.05,2.6,100
2025-05-29 19:00:00,25.4,95,0.0,5.32,1.5,100
2025-05-29 20:00:00,25.1,95,0.0,5.56,1.7,100
2025-05-29 21:00:00,24.8,95,0.0,6.12,2.3,100
2025-05-29 22:00:00,24.8,94,0.0,6.06,1.2,100
2025-05-29 23:00:00,24.6,95,0.0,6.09,2.4,100
2025-05-30 00:00:00,24.5,95,0.0,6.73,2.5,100
2025-05-30 01:00:00,24.6,92,0.0,7.88,0.2,100
2025-05-30 02:00:00,24.4,94,0.0,7.37,3.4,100
2025-05-30 03:00:00,24.4,94,0.0,6.72,3.7,100
2025-05-30 04:00:00,24.3,95,0.0,6.5,3.1,100
2025-05-30 05:00:00,24.3,94,4.0,8.13,5.1,100
2025-05-30 06:00:00,24.9,94,20.0,8.1,2.4,100
2025-05-30 07:00:00,24.8,94,25.0,8.18,6.4,100
2025-05-30 08:00:00,24.8,94,43.0,8.35,2.1,100
2025-05-30 09:00:00,25.1,93,178.0,8.68,2.7,100
2025-05-30 10:00:00,24.8,94,84.0,8.66,4.5,100
2025-05-30 11:00:00,24.7,93,39.0,9.29,8.3,100
2025-05-30 12:00:00,24.5,93,55.0,6.83,11.7,100
2025-05-30 13:00:00,24.6,94,56.0,6.77,13.5,100
2025-05-30 14:00:00,24.8,93,116.0,6.26,11.7,100
2025-05-30 15:00:00,24.6,94,48.0,7.01,15.0,100
2025-05-30 16:00:00,24.5,94,26.0,6.34,14.8,100
2025-05-30 17:00:00,24.3,95,14.0,5.11,9.9,100
2025-05-30 18:00:00,24.3,94,2.0,5.81,2.0,100
2025-05-30 19:00:00,24.2,96,0.0,3.15,2.4,100
2025-05-30 20:00:00,24.1,96,0.0,0.99,5.0,100
2025-05-30 21:00:00,23.9,98,0.0,1.03,2.0,100
2025-05-30 22:00:00,24.0,98,0.0,1.15,0.3,100
2025-05-30 23:00:00,23.9,98,0.0,3.33,0.0,100
2025-05-31 00:00:00,23.9,97,0.0,2.21,0.0,99
2025-05-31 01:00:00,23.5,98,0.0,1.19,0.0,100
2025-05-31 02:00:00,23.8,98,0.0,0.96,0.0,100
2025-05-31 03:00:00,23.3,99,0.0,0.56,0.0,99
2025-05-31 04:00:00,23.2,100,0.0,0.87,0.0,96
2025-05-31 05:00:00,24.1,97,37.0,1.01,0.0,85
2025-05-31 06:00:00,25.5,93,156.0,1.19,0.0,89
2025-05-31 07:00:00,26.9,85,342.0,2.73,0.0,77
2025-05-31 08:00:00,28.0,82,446.0,2.77,0.0,100
2025-05-31 09:00:00,29.2,78,556.0,3.29,0.0,93
2025-05-31 10:00:00,30.5,74,663.0,4.41,0.0,100
2025-05-31 11:00:00,29.8,77,513.0,4.35,0.1,97
2025-05-31 12:00:00,30.9,75,648.0,3.3,0.0,100
2025-05-31 13:00:00,31.2,75,637.0,3.6,0.0,100
2025-05-31 14:00:00,30.7,79,409.0,2.31,0.0,100
2025-05-31 15:00:00,30.9,77,335.0,2.67,0.3,75
2025-05-31 16:00:00,29.8,83,191.0,2.97,0.0,53
2025-05-31 17:00:00,28.8,87,117.0,1.66,0.0,99
2025-05-31 18:00:00,27.5,93,8.0,1.81,0.3,100
2025-05-31 19:00:00,26.9,96,0.0,1.31,0.1,100
2025-05-31 20:00:00,26.6,97,0.0,2.16,0.1,100
2025-05-31 21:00:00,25.6,96,0.0,2.38,1.3,100
2025-05-31 22:00:00,24.9,97,0.0,1.17,1.1,100
2025-05-31 23:00:00,24.4,99,0.0,1.0,1.8,100
2025-06-01 00:00:00,24.2,98,0.0,0.29,0.0,100
2025-06-01 01:00:00,24.2,99,0.0,0.74,0.0,100
2025-06-01 02:00:00,24.2,99,0.0,1.91,0.0,100
2025-06-01 03:00:00,24.2,97,0.0,1.76,0.0,100
2025-06-01 04:00:00,24.1,96,0.0,1.52,0.0,100
2025-06-01 05:00:00,24.7,96,28.0,1.52,0.0,99
2025-06-01 06:00:00,25.6,96,36.0,1.42,1.3,100
2025-06-01 07:00:00,25.9,95,85.0,1.77,1.7,100
2025-06-01 08:00:00,26.5,92,105.0,1.63,0.2,100
2025-06-01 09:00:00,28.5,83,455.0,0.96,0.0,100
2025-06-01 10:00:00,30.2,74,594.0,0.78,0.0,100
2025-06-01 11:00:00,30.9,72,541.0,0.56,0.0,100
2025-06-01 12:00:00,30.8,72,453.0,1.01,0.0,100
2025-06-01 13:00:00,30.7,74,540.0,0.11,0.0,99
2025-06-01 14:00:00,31.4,72,626.0,1.16,0.0,100
2025-06-01 15:00:00,30.7,76,372.0,1.59,0.0,100
2025-06-01 16:00:00,30.2,79,221.0,0.92,0.1,100
2025-06-01 17:00:00,29.7,82,107.0,0.74,0.0,100
2025-06-01 18:00:00,28.3,87,14.0,1.74,0.0,72
2025-06-01 19:00:00,26.9,90,0.0,3.1,0.0,93
2025-06-01 20:00:00,26.0,90,0.0,1.49,0.0,100
2025-06-01 21:00:00,25.7,91,0.0,1.15,0.1,100
2025-06-01 22:00:00,25.7,88,0.0,1.38,0.1,100
2025-06-01 23:00:00,25.4,90,0.0,0.75,0.0,100
2025-06-02 00:00:00,25.0,92,0.0,1.48,0.0,100
2025-06-02 01:00:00,24.6,94,0.0,1.0,0.0,100
2025-06-02 02:00:00,24.4,94,0.0,0.81,0.1,100
2025-06-02 03:00:00,24.4,93,0.0,1.07,0.0,100
2025-06-02 04:00:00,24.2,95,0.0,0.92,0.0,100
2025-06-02 05:00:00,24.3,94,15.0,1.22,0.0,100
2025-06-02 06:00:00,25.2,91,39.0,2.99,0.2,100
2025-06-02 07:00:00,24.9,93,47.0,1.33,0.1,100
2025-06-02 08:00:00,26.1,87,221.0,0.65,0.0,100
2025-06-02 09:00:00,26.7,84,244.0,1.46,0.0,100
2025-06-02 10:00:00,26.7,84,162.0,1.85,0.1,100
2025-06-02 11:00:00,27.6,80,214.0,1.36,0.1,100
2025-06-02 12:00:00,28.1,79,264.0,1.54,0.0,86
2025-06-02 13:00:00,29.8,73,621.0,2.66,0.0,73
2025-06-02 14:00:00,30.4,70,573.0,3.16,0.0,98
2025-06-02 15:00:00,31.1,67,419.0,3.03,0.0,100
2025-06-02 16:00:00,29.7,78,199.0,2.9,0.1,100
2025-06-02 17:00:00,29.1,81,109.0,1.75,0.0,100
2025-06-02 18:00:00,27.7,84,16.0,0.32,0.0,100
2025-06-02 19:00:00,26.9,90,0.0,0.73,0.0,57
2025-06-02 20:00:00,26.9,93,0.0,0.45,0.0,12
2025-06-02 21:00:00,26.9,89,0.0,0.11,0.0,12
2025-06-02 22:00:00,26.0,93,0.0,0.9,0.0,26
2025-06-02 23:00:00,26.0,90,0.0,1.45,0.1,99
2025-06-03 00:00:00,25.0,91,0.0,3.41,0.6,99
2025-06-03 01:00:00,23.8,97,0.0,2.45,0.7,100
2025-06-03 02:00:00,23.3,97,0.0,0.96,0.1,100
2025-06-03 03:00:00,23.2,96,0.0,0.86,0.0,100
2025-06-03 04:00:00,23.1,95,0.0,1.1,0.0,82
2025-06-03 05:00:00,23.2,98,21.0,0.58,0.0,100
2025-06-03 06:00:00,24.5,90,64.0,2.51,0.0,100
2025-06-03 07:00:00,25.4,88,186.0,1.58,0.0,100
2025-06-03 08:00:00,25.5,87,138.0,0.81,0.0,99
2025-06-03 09:00:00,26.0,85,184.0,0.29,0.0,100
2025-06-03 10:00:00,27.3,80,373.0,0.51,0.0,100
2025-06-03 11:00:00,27.9,78,437.0,0.45,0.0,88
2025-06-03 12:00:00,28.8,75,600.0,0.65,0.0,11
2025-06-03 13:00:00,29.5,73,646.0,1.06,0.0,21
2025-06-03 14:00:00,30.0,72,643.0,0.81,0.0,35
2025-06-03 15:00:00,30.3,71,458.0,1.12,0.0,22
2025-06-03 16:00:00,30.2,73,310.0,0.68,0.0,11
2025-06-03 17:00:00,28.5,81,132.0,1.71,0.2,30
2025-06-03 18:00:00,28.2,81,16.0,2.05,0.0,7
2025-06-03 19:00:00,27.2,85,0.0,2.16,0.0,1
2025-06-03 20:00:00,26.7,89,0.0,1.39,0.0,14
2025-06-03 21:00:00,26.4,93,0.0,1.11,0.0,1
2025-06-03 22:00:00,25.9,97,0.0,0.71,0.0,3
2025-06-03 23:00:00,25.6,98,0.0,1.64,0.0,11
2025-06-04 00:00:00,25.1,96,0.0,1.84,0.0,17
2025-06-04 01:00:00,24.6,97,0.0,0.64,0.0,20
2025-06-04 02:00:00,24.6,98,0.0,0.58,0.0,26
2025-06-04 03:00:00,24.9,96,0.0,0.82,0.1,75
2025-06-04 04:00:00,24.7,96,0.0,1.1,0.1,100
2025-06-04 05:00:00,24.8,93,31.0,2.2,0.2,99
2025-06-04 06:00:00,24.9,91,113.0,1.56,0.0,59
2025-06-04 07:00:00,26.7,84,367.0,2.19,0.0,60
2025-06-04 08:00:00,28.2,74,540.0,2.69,0.0,100
2025-06-04 09:00:00,27.9,77,299.0,2.59,0.0,100
2025-06-04 10:00:00,26.1,91,100.0,2.72,1.8,100
2025-06-04 11:00:00,27.1,85,349.0,1.95,0.5,100
2025-06-04 12:00:00,27.0,87,263.0,1.5,0.7,98
2025-06-04 13:00:00,27.5,85,507.0,0.85,0.6,100
2025-06-04 14:00:00,27.0,88,162.0,1.01,0.7,99
2025-06-04 15:00:00,28.0,82,378.0,0.87,0.2,100
2025-06-04 16:00:00,27.7,83,167.0,0.63,0.1,100
2025-06-04 17:00:00,26.9,89,61.0,0.54,0.3,99
2025-06-04 18:00:00,25.8,94,9.0,1.49,0.0,100
2025-06-04 19:00:00,25.5,94,0.0,1.23,0.0,100
2025-06-04 20:00:00,25.3,95,0.0,0.85,0.0,99
2025-06-04 21:00:00,25.1,97,0.0,1.61,0.2,99
2025-06-04 22:00:00,24.0,99,0.0,2.41,4.2,100
2025-06-04 23:00:00,23.8,98,0.0,0.91,3.6,99
2025-06-05 00:00:00,23.8,99,0.0,2.23,3.9,99
2025-06-05 01:00:00,23.7,100,0.0,1.21,1.3,100
2025-06-05 02:00:00,23.6,100,0.0,0.8,2.2,100
2025-06-05 03:00:00,23.3,100,0.0,0.65,4.8,100
2025-06-05 04:00:00,23.2,98,0.0,2.32,8.2,55
2025-06-05 05:00:00,23.4,96,20.0,1.21,0.1,16
2025-06-05 06:00:00,25.7,91,148.0,1.61,0.0,39
2025-06-05 07:00:00,26.7,88,344.0,1.34,0.1,72
2025-06-05 08:00:00,27.8,82,490.0,1.3,0.1,13
2025-06-05 09:00:00,29.0,77,699.0,1.44,0.1,28
2025-06-05 10:00:00,29.6,74,681.0,1.14,0.1,100
2025-06-05 11:00:00,30.5,70,715.0,1.0,0.0,34
2025-06-05 12:00:00,31.1,67,798.0,0.78,0.0,24
2025-06-05 13:00:00,31.2,67,760.0,0.74,0.3,38
2025-06-05 14:00:00,31.3,67,606.0,1.12,0.0,46
2025-06-05 15:00:00,31.0,69,462.0,1.43,0.0,61
2025-06-05 16:00:00,28.9,77,236.0,3.28,2.8,100
2025-06-05 17:00:00,27.0,86,88.0,1.5,3.4,78
2025-06-05 18:00:00,27.4,85,17.0,0.05,0.0,87
2025-06-05 19:00:00,27.1,86,0.0,0.07,0.0,26
2025-06-05 20:00:00,26.4,90,0.0,0.7,0.0,61
2025-06-05 21:00:00,26.2,92,0.0,0.36,0.0,6
2025-06-05 22:00:00,25.9,97,0.0,0.1,0.0,7
2025-06-05 23:00:00,25.4,100,0.0,0.21,0.0,99
2025-06-06 00:00:00,25.1,100,0.0,0.15,0.0,36
2025-06-06 01:00:00,25.0,99,0.0,0.32,0.0,37
2025-06-06 02:00:00,24.8,100,0.0,0.07,0.1,46
2025-06-06 03:00:00,24.7,100,0.0,0.11,0.0,100
2025-06-06 04:00:00,24.4,100,0.0,1.84,0.2,99
2025-06-06 05:00:00,23.6,99,24.0,2.7,7.3,99
2025-06-06 06:00:00,27.1,93,172.0,0.96,0.0,29
2025-06-06 07:00:00,28.4,86,370.0,0.36,0.1,12
2025-06-06 08:00:00,29.3,81,536.0,0.85,0.1,26
2025-06-06 09:00:00,30.0,74,640.0,1.5,0.1,55
2025-06-06 10:00:00,30.2,74,665.0,2.04,0.2,20
2025-06-06 11:00:00,30.9,72,728.0,2.1,0.0,15
2025-06-06 12:00:00,31.4,69,789.0,2.47,0.0,30
2025-06-06 13:00:00,31.8,66,686.0,2.33,0.1,16
2025-06-06 14:00:00,32.3,62,605.0,2.75,0.0,27
2025-06-06 15:00:00,31.9,62,466.0,3.14,0.0,15
2025-06-06 16:00:00,31.4,67,298.0,2.56,0.0,20
2025-06-06 17:00:00,30.3,74,125.0,1.6,0.0,12
2025-06-06 18:00:00,28.1,87,16.0,1.24,0.0,19
2025-06-06 19:00:00,27.5,89,0.0,1.32,0.0,4
2025-06-06 20:00:00,27.1,90,0.0,1.23,0.0,12
2025-06-06 21:00:00,26.8,91,0.0,1.29,0.0,1
2025-06-06 22:00:00,26.4,92,0.0,1.21,0.0,0
2025-06-06 23:00:00,26.1,93,0.0,0.98,0.0,5
2025-06-07 00:00:00,26.1,91,0.0,0.74,0.0,28
2025-06-07 01:00:00,26.1,90,0.0,0.5,0.0,8
2025-06-07 02:00:00,25.9,91,0.0,0.34,0.0,3
2025-06-07 03:00:00,25.8,91,0.0,0.29,0.0,9
2025-06-07 04:00:00,25.5,93,0.0,0.32,0.0,5
2025-06-07 05:00:00,26.2,93,40.0,0.84,0.0,5
2025-06-07 06:00:00,27.7,84,186.0,1.58,0.0,17
2025-06-07 07:00:00,28.8,80,376.0,0.86,0.0,74
2025-06-07 08:00:00,29.7,76,564.0,1.87,0.0,78
2025-06-07 09:00:00,29.8,75,505.0,1.88,0.2,99
2025-06-07 10:00:00,30.6,71,507.0,2.25,0.1,77
2025-06-07 11:00:00,31.1,69,603.0,2.5,0.0,100
2025-06-07 12:00:00,30.5,71,402.0,2.37,0.0,88
2025-06-07 13:00:00,30.5,72,391.0,2.11,0.0,94
2025-06-07 14:00:00,30.6,71,377.0,2.06,0.0,60
2025-06-07 15:00:00,31.2,69,403.0,2.04,0.0,10
2025-06-07 16:00:00,31.2,69,332.0,2.12,0.0,6
2025-06-07 17:00:00,30.2,76,142.0,1.24,0.0,8
2025-06-07 18:00:00,28.6,76,17.0,2.43,0.0,11
2025-06-07 19:00:00,27.4,84,0.0,1.3,0.0,27
2025-06-07 20:00:00,27.2,87,0.0,1.09,0.0,100
2025-06-07 21:00:00,27.6,87,0.0,0.97,0.0,52
2025-06-07 22:00:00,27.3,89,0.0,1.12,0.0,38
2025-06-07 23:00:00,26.9,92,0.0,1.23,0.0,92
2025-06-08 00:00:00,26.7,93,0.0,0.96,0.0,100
2025-06-08 01:00:00,26.6,95,0.0,0.21,0.0,54
2025-06-08 02:00:00,26.1,99,0.0,0.76,0.0,30
2025-06-08 03:00:00,25.8,99,0.0,0.81,0.0,19
2025-06-08 04:00:00,25.6,99,0.0,0.25,0.0,1
2025-06-08 05:00:00,26.4,96,39.0,0.54,0.0,16
2025-06-08 06:00:00,28.3,87,185.0,1.2,0.0,5
2025-06-08 07:00:00,29.7,79,376.0,1.07,0.0,4
2025-06-08 08:00:00,30.8,73,560.0,0.85,0.1,15
2025-06-08 09:00:00,31.5,69,693.0,0.55,0.0,14
2025-06-08 10:00:00,32.5,64,783.0,0.83,0.0,11
2025-06-08 11:00:00,33.2,61,842.0,1.36,0.0,22
2025-06-08 12:00:00,33.3,60,808.0,1.45,0.1,26
2025-06-08 13:00:00,33.3,61,732.0,2.0,0.0,36
2025-06-08 14:00:00,32.9,63,588.0,2.38,0.0,10
2025-06-08 15:00:00,32.8,62,497.0,2.27,0.0,9
2025-06-08 16:00:00,32.5,65,313.0,2.3,0.0,12
2025-06-08 17:00:00,31.1,72,135.0,2.02,0.0,12
2025-06-08 18:00:00,29.2,81,16.0,1.1,0.0,13
2025-06-08 19:00:00,28.6,83,0.0,1.14,0.0,3
2025-06-08 20:00:00,28.2,84,0.0,1.23,0.0,3
2025-06-08 21:00:00,27.8,85,0.0,1.14,0.0,2
2025-06-08 22:00:00,27.6,85,0.0,1.11,0.0,1
2025-06-08 23:00:00,27.8,84,0.0,0.91,0.0,2
2025-06-09 00:00:00,27.6,84,0.0,0.91,0.0,1
2025-06-09 01:00:00,27.3,85,0.0,1.07,0.0,1
2025-06-09 02:00:00,27.0,87,0.0,1.11,0.0,0
2025-06-09 03:00:00,26.7,89,0.0,1.08,0.0,0
2025-06-09 04:00:00,26.4,90,0.0,1.01,0.0,0
2025-06-09 05:00:00,27.4,89,41.0,1.31,0.0,0
2025-06-09 06:00:00,29.8,80,192.0,0.47,0.0,0
2025-06-09 07:00:00,31.2,72,388.0,0.83,0.0,0
2025-06-09 08:00:00,32.2,66,579.0,1.15,0.0,15
2025-06-09 09:00:00,33.1,60,712.0,1.55,0.0,9
2025-06-09 10:00:00,33.7,57,823.0,1.59,0.0,5
2025-06-09 11:00:00,34.1,56,878.0,1.87,0.0,3
2025-06-09 12:00:00,34.3,55,890.0,2.34,0.0,3
2025-06-09 13:00:00,34.6,53,823.0,2.42,0.0,2
2025-06-09 14:00:00,34.6,56,688.0,2.52,0.0,3
2025-06-09 15:00:00,34.1,58,524.0,2.56,0.0,3
2025-06-09 16:00:00,33.5,63,326.0,2.07,0.0,3
2025-06-09 17:00:00,32.1,71,146.0,1.9,0.0,3
2025-06-09 18:00:00,30.4,75,19.0,1.57,0.0,5
2025-06-09 19:00:00,29.9,75,0.0,1.93,0.0,4
2025-06-09 20:00:00,29.4,78,0.0,1.64,0.0,6
2025-06-09 21:00:00,29.2,79,0.0,1.57,0.0,3
2025-06-09 22:00:00,29.0,79,0.0,1.59,0.0,7
2025-06-09 23:00:00,28.6,80,0.0,1.52,0.0,2
2025-06-10 00:00:00,28.3,83,0.0,1.18,0.0,2
2025-06-10 01:00:00,28.0,85,0.0,1.01,0.0,1
2025-06-10 02:00:00,27.4,89,0.0,1.06,0.0,1
2025-06-10 03:00:00,27.2,89,0.0,0.96,0.0,12
2025-06-10 04:00:00,27.1,89,0.0,0.21,0.0,31
2025-06-10 05:00:00,27.7,92,40.0,1.0,0.0,50
2025-06-10 06:00:00,29.7,84,193.0,1.74,0.0,1
2025-06-10 07:00:00,31.1,78,388.0,1.55,0.0,0
2025-06-10 08:00:00,32.4,71,568.0,1.06,0.0,3
2025-06-10 09:00:00,33.2,65,707.0,0.43,0.0,2
2025-06-10 10:00:00,34.0,61,825.0,0.51,0.0,2
2025-06-10 11:00:00,34.8,57,899.0,0.75,0.0,2
2025-06-10 12:00:00,35.3,56,897.0,1.59,0.0,2
2025-06-10 13:00:00,35.1,57,815.0,1.86,0.0,8
2025-06-10 14:00:00,34.8,59,686.0,1.81,0.0,13
2025-06-10 15:00:00,35.0,57,517.0,1.91,0.0,14
2025-06-10 16:00:00,34.2,64,320.0,1.99,0.0,30
2025-06-10 17:00:00,32.8,73,144.0,1.57,0.0,41
2025-06-10 18:00:00,31.2,72,19.0,1.66,0.0,25
2025-06-10 19:00:00,30.3,81,0.0,1.21,0.0,26
2025-06-10 20:00:00,29.8,84,0.0,1.31,0.0,25
2025-06-10 21:00:00,29.2,89,0.0,1.08,0.0,20
2025-06-10 22:00:00,29.0,89,0.0,1.31,0.0,0
2025-06-10 23:00:00,28.9,74,0.0,2.23,0.0,22
2025-06-11 00:00:00,27.6,81,0.0,1.56,0.0,14
2025-06-11 01:00:00,27.0,90,0.0,1.04,0.0,4
2025-06-11 02:00:00,26.8,96,0.0,0.82,0.0,9
2025-06-11 03:00:00,27.0,97,0.0,0.79,0.0,30
2025-06-11 04:00:00,25.5,95,0.0,2.81,3.5,76
2025-06-11 05:00:00,25.8,95,23.0,2.26,0.1,58
2025-06-11 06:00:00,30.9,79,191.0,1.19,0.0,4
2025-06-11 07:00:00,32.3,71,385.0,0.7,0.0,10
2025-06-11 08:00:00,31.9,70,569.0,2.42,0.0,49
2025-06-11 09:00:00,31.7,72,509.0,2.19,0.0,65
2025-06-11 10:00:00,32.8,69,649.0,1.46,0.0,47
2025-06-11 11:00:00,34.2,63,827.0,1.42,0.0,27
2025-06-11 12:00:00,34.9,60,813.0,1.36,0.0,18
2025-06-11 13:00:00,35.2,58,757.0,1.42,0.0,26
2025-06-11 14:00:00,34.8,59,655.0,1.79,0.3,47
2025-06-11 15:00:00,34.5,62,453.0,1.71,0.2,79
2025-06-11 16:00:00,32.2,72,250.0,2.72,0.8,69
2025-06-11 17:00:00,30.8,79,111.0,3.13,0.0,42
2025-06-11 18:00:00,30.9,74,19.0,4.67,0.1,65
2025-06-11 19:00:00,30.2,75,0.0,3.23,0.0,45
2025-06-11 20:00:00,29.5,76,0.0,2.01,0.0,11
2025-06-11 21:00:00,29.2,75,0.0,1.67,0.0,13
2025-06-11 22:00:00,28.8,78,0.0,1.17,0.0,5
2025-06-11 23:00:00,28.7,80,0.0,0.57,0.0,7
2025-06-12 00:00:00,28.5,86,0.0,0.1,0.0,6
2025-06-12 01:00:00,27.8,90,0.0,0.89,0.0,7
2025-06-12 02:00:00,27.7,89,0.0,0.86,0.0,5
2025-06-12 03:00:00,27.4,92,0.0,0.82,0.0,5
2025-06-12 04:00:00,27.3,93,0.0,0.25,0.0,15
2025-06-12 05:00:00,27.9,91,39.0,2.26,0.0,22
2025-06-12 06:00:00,30.0,78,190.0,1.34,0.0,0
2025-06-12 07:00:00,31.8,69,385.0,0.81,0.0,0
2025-06-12 08:00:00,33.2,64,574.0,0.16,0.0,0
2025-06-12 09:00:00,34.1,62,735.0,0.67,0.0,9
2025-06-12 10:00:00,35.1,58,828.0,1.35,0.0,12
2025-06-12 11:00:00,35.9,54,852.0,1.8,0.0,18
2025-06-12 12:00:00,36.6,52,849.0,2.08,0.0,20
2025-06-12 13:00:00,36.5,52,790.0,2.07,0.0,50
2025-06-12 14:00:00,35.5,55,682.0,2.13,0.5,63
2025-06-12 15:00:00,34.5,62,409.0,2.5,0.2,59
2025-06-12 16:00:00,34.2,64,305.0,2.39,0.0,57
2025-06-12 17:00:00,33.2,70,135.0,2.57,0.0,76
2025-06-12 18:00:00,32.4,71,18.0,3.54,0.0,62
2025-06-12 19:00:00,31.5,72,0.0,2.95,0.0,66
2025-06-12 20:00:00,31.1,73,0.0,2.63,0.0,33
2025-06-12 21:00:00,30.5,75,0.0,1.8,0.0,9
2025-06-12 22:00:00,29.9,80,0.0,1.13,0.0,6
2025-06-12 23:00:00,29.9,81,0.0,0.67,0.0,24
2025-06-13 00:00:00,29.8,81,0.0,0.63,0.0,5
2025-06-13 01:00:00,29.5,82,0.0,0.61,0.0,1
2025-06-13 02:00:00,29.0,85,0.0,1.07,0.0,5
2025-06-13 03:00:00,28.7,89,0.0,1.19,0.0,6
2025-06-13 04:00:00,28.4,89,0.0,1.18,0.0,6
2025-06-13 05:00:00,29.4,84,40.0,1.74,0.0,5
2025-06-13 06:00:00,31.2,77,189.0,1.31,0.0,1
2025-06-13 07:00:00,32.4,72,384.0,1.57,0.0,0
2025-06-13 08:00:00,33.6,66,574.0,1.61,0.0,2
2025-06-13 09:00:00,34.5,62,725.0,1.68,0.0,6
2025-06-13 10:00:00,35.3,59,838.0,1.69,0.0,14
2025-06-13 11:00:00,35.9,58,889.0,1.81,0.0,30
2025-06-13 12:00:00,36.5,56,869.0,2.06,0.0,37
2025-06-13 13:00:00,36.3,56,758.0,2.5,0.0,33
2025-06-13 14:00:00,34.7,62,655.0,3.1,0.1,37
2025-06-13 15:00:00,34.6,63,401.0,3.32,0.1,9
2025-06-13 16:00:00,34.4,63,302.0,2.91,0.0,24
2025-06-13 17:00:00,33.3,67,140.0,3.2,0.0,52
2025-06-13 18:00:00,32.6,68,21.0,2.23,0.0,46
2025-06-13 19:00:00,31.9,72,0.0,2.27,0.0,17
2025-06-13 20:00:00,31.3,74,0.0,2.23,0.0,9
2025-06-13 21:00:00,30.8,74,0.0,1.84,0.0,8
2025-06-13 22:00:00,30.4,75,0.0,1.57,0.0,6
2025-06-13 23:00:00,30.0,77,0.0,1.34,0.0,7
2025-06-14 00:00:00,29.7,81,0.0,1.15,0.0,18
2025-06-14 01:00:00,29.3,85,0.0,1.01,0.0,10
2025-06-14 02:00:00,29.0,87,0.0,0.97,0.0,26
2025-06-14 03:00:00,28.7,86,0.0,1.14,0.0,5
2025-06-14 04:00:00,28.5,87,0.0,1.2,0.0,92
2025-06-14 05:00:00,29.6,83,39.0,1.1,0.0,62
2025-06-14 06:00:00,31.6,74,191.0,1.61,0.0,1
2025-06-14 07:00:00,33.1,67,385.0,1.23,0.0,15
2025-06-14 08:00:00,33.1,66,567.0,2.44,2.2,82
2025-06-14 09:00:00,31.1,77,544.0,2.31,1.4,100
2025-06-14 10:00:00,30.4,77,390.0,2.01,0.5,100
2025-06-14 11:00:00,32.0,71,445.0,2.02,0.1,100
2025-06-14 12:00:00,33.1,67,612.0,1.27,0.5,100
2025-06-14 13:00:00,32.4,70,595.0,0.97,0.3,100
2025-06-14 14:00:00,29.3,83,341.0,2.59,5.7,100
2025-06-14 15:00:00,28.9,86,165.0,1.97,0.0,100
2025-06-14 16:00:00,29.4,84,167.0,1.01,0.0,100
2025-06-14 17:00:00,29.4,85,91.0,1.36,0.0,100
2025-06-14 18:00:00,28.1,89,12.0,0.76,0.0,100
2025-06-14 19:00:00,28.1,91,0.0,0.25,0.0,100
2025-06-14 20:00:00,28.1,90,0.0,0.96,0.0,100
2025-06-14 21:00:00,27.9,92,0.0,0.64,0.0,100
2025-06-14 22:00:00,27.8,92,0.0,0.34,0.0,100
2025-06-14 23:00:00,27.5,95,0.0,0.89,0.0,100
2025-06-15 00:00:00,27.2,98,0.0,1.6,0.0,100
2025-06-15 01:00:00,27.1,97,0.0,1.46,0.0,99
2025-06-15 02:00:00,26.9,98,0.0,0.39,0.1,94
2025-06-15 03:00:00,26.8,96,0.0,0.25,0.2,81
2025-06-15 04:00:00,26.9,92,0.0,0.05,2.5,100
2025-06-15 05:00:00,26.8,92,22.0,0.43,3.0,100
2025-06-15 06:00:00,29.1,83,161.0,0.65,0.0,76
2025-06-15 07:00:00,29.4,82,163.0,0.8,0.0,100
2025-06-15 08:00:00,30.2,78,300.0,0.92,0.1,100
2025-06-15 09:00:00,30.9,77,550.0,1.1,0.1,100
2025-06-15 10:00:00,31.7,74,606.0,0.83,0.1,100
2025-06-15 11:00:00,32.7,70,730.0,0.89,0.1,100
2025-06-15 12:00:00,33.3,68,803.0,0.56,0.0,100
2025-06-15 13:00:00,33.9,66,718.0,1.03,0.0,100
2025-06-15 14:00:00,31.7,74,568.0,2.39,1.7,98
2025-06-15 15:00:00,31.4,77,403.0,1.23,0.5,100
2025-06-15 16:00:00,31.6,76,265.0,1.95,0.0,98
2025-06-15 17:00:00,31.2,77,104.0,2.01,0.0,100
2025-06-15 18:00:00,29.2,88,19.0,1.02,0.0,100
2025-06-15 19:00:00,29.1,91,0.0,1.17,0.0,100
2025-06-15 20:00:00,28.9,93,0.0,0.74,0.0,100
2025-06-15 21:00:00,28.7,95,0.0,1.59,0.0,100
2025-06-15 22:00:00,28.5,94,0.0,1.4,0.0,100
2025-06-15 23:00:00,28.0,95,0.0,1.3,2.0,100
2025-06-16 00:00:00,27.7,97,0.0,2.04,1.7,100
2025-06-16 01:00:00,26.8,96,0.0,2.26,0.4,100
2025-06-16 02:00:00,26.8,95,0.0,2.25,0.2,100
2025-06-16 03:00:00,26.4,97,0.0,0.82,2.4,100
2025-06-16 04:00:00,26.4,95,0.0,0.46,2.7,100
2025-06-16 05:00:00,26.2,95,8.0,0.85,1.9,100
2025-06-16 06:00:00,26.8,95,25.0,1.35,0.5,100
2025-06-16 07:00:00,27.1,93,78.0,0.75,1.2,100
2025-06-16 08:00:00,27.4,92,124.0,1.22,1.5,100
2025-06-16 09:00:00,27.7,86,230.0,1.74,0.9,100
2025-06-16 10:00:00,28.2,88,246.0,2.05,0.4,100
2025-06-16 11:00:00,29.7,83,575.0,2.11,0.3,97
2025-06-16 12:00:00,30.6,80,682.0,1.76,0.2,99
2025-06-16 13:00:00,31.1,77,649.0,2.32,0.1,100
2025-06-16 14:00:00,31.7,73,616.0,2.05,0.0,100
2025-06-16 15:00:00,30.8,77,436.0,1.68,2.0,100
2025-06-16 16:00:00,30.1,82,217.0,0.67,0.1,100
2025-06-16 17:00:00,29.7,84,76.0,0.79,0.0,100
2025-06-16 18:00:00,28.1,91,14.0,0.85,0.0,100
2025-06-16 19:00:00,27.8,94,0.0,1.16,0.0,100
2025-06-16 20:00:00,27.7,95,0.0,1.51,0.0,100
2025-06-16 21:00:00,27.4,96,0.0,1.46,0.0,100
2025-06-16 22:00:00,27.2,96,0.0,1.4,0.0,100
2025-06-16 23:00:00,26.9,97,0.0,0.95,0.0,100
2025-06-17 00:00:00,26.7,97,0.0,1.0,0.1,72
2025-06-17 01:00:00,26.7,95,0.0,1.9,0.3,100
2025-06-17 02:00:00,26.5,96,0.0,0.85,0.0,97
2025-06-17 03:00:00,26.2,97,0.0,1.21,0.1,95
2025-06-17 04:00:00,26.0,97,0.0,2.11,0.1,100
2025-06-17 05:00:00,26.4,94,22.0,2.4,0.0,100
2025-06-17 06:00:00,27.8,93,117.0,3.14,0.1,100
2025-06-17 07:00:00,28.8,85,289.0,3.52,1.1,96
2025-06-17 08:00:00,29.8,80,375.0,2.79,0.0,100
2025-06-17 09:00:00,30.7,77,524.0,2.58,0.2,99
2025-06-17 10:00:00,30.8,79,457.0,2.66,0.5,100
2025-06-17 11:00:00,32.1,73,771.0,3.25,0.4,99
2025-06-17 12:00:00,30.6,77,509.0,1.91,4.9,100
2025-06-17 13:00:00,31.1,78,286.0,1.58,0.1,99
2025-06-17 14:00:00,32.1,74,463.0,1.46,0.1,97
2025-06-17 15:00:00,32.7,72,443.0,1.25,0.1,100
2025-06-17 16:00:00,28.8,90,268.0,2.75,8.1,100
2025-06-17 17:00:00,28.4,89,82.0,0.96,0.1,100
2025-06-17 18:00:00,29.1,90,19.0,0.11,0.0,100
2025-06-17 19:00:00,28.5,94,0.0,0.42,0.3,100
2025-06-17 20:00:00,28.2,97,0.0,0.63,2.1,100
2025-06-17 21:00:00,27.0,93,0.0,1.63,9.3,100
2025-06-17 22:00:00,26.0,96,0.0,2.41,7.4,100
2025-06-17 23:00:00,26.2,97,0.0,1.86,0.0,100
2025-06-18 00:00:00,26.1,97,0.0,1.09,0.1,100
2025-06-18 01:00:00,25.9,97,0.0,3.11,0.7,100
2025-06-18 02:00:00,25.7,97,0.0,1.9,2.8,100
2025-06-18 03:00:00,25.7,96,0.0,3.03,0.6,100
2025-06-18 04:00:00,25.7,95,0.0,3.12,0.1,100
2025-06-18 05:00:00,25.9,93,22.0,3.92,0.1,100
2025-06-18 06:00:00,26.8,97,53.0,2.87,1.1,67
2025-06-18 07:00:00,28.6,85,286.0,3.78,0.2,97
2025-06-18 08:00:00,29.9,79,437.0,3.67,0.1,98
2025-06-18 09:00:00,30.8,75,530.0,2.04,0.3,79
2025-06-18 10:00:00,31.6,71,557.0,2.37,0.1,97
2025-06-18 11:00:00,32.1,71,721.0,2.16,0.2,100
2025-06-18 12:00:00,31.6,71,279.0,1.04,0.1,100
2025-06-18 13:00:00,31.9,67,288.0,0.96,0.0,99
2025-06-18 14:00:00,32.8,62,540.0,1.48,0.0,100
2025-06-18 15:00:00,31.9,68,216.0,1.52,0.0,100
2025-06-18 16:00:00,29.8,78,204.0,2.8,0.1,100
2025-06-18 17:00:00,27.8,94,21.0,1.58,2.9,100
2025-06-18 18:00:00,28.0,89,8.0,2.56,0.0,99
2025-06-18 19:00:00,27.7,92,0.0,2.7,0.0,99
2025-06-18 20:00:00,27.4,95,0.0,2.55,0.2,98
2025-06-18 21:00:00,27.3,95,0.0,2.77,0.2,100
2025-06-18 22:00:00,27.0,97,0.0,2.55,0.6,100
2025-06-18 23:00:00,26.7,97,0.0,2.42,0.1,100
2025-06-19 00:00:00,26.5,97,0.0,2.98,0.2,100
2025-06-19 01:00:00,26.4,97,0.0,1.83,0.2,100
2025-06-19 02:00:00,26.2,97,0.0,1.35,10.1,100
2025-06-19 03:00:00,26.2,98,0.0,1.83,2.3,100
2025-06-19 04:00:00,26.1,98,0.0,2.15,0.2,100
2025-06-19 05:00:00,26.1,97,12.0,2.5,0.1,100
2025-06-19 06:00:00,26.5,96,25.0,2.34,1.0,100
2025-06-19 07:00:00,27.1,91,195.0,3.74,0.2,100
2025-06-19 08:00:00,27.4,89,156.0,3.57,0.3,100
2025-06-19 09:00:00,28.2,85,238.0,2.65,0.2,100
2025-06-19 10:00:00,28.4,86,269.0,3.22,0.1,99
2025-06-19 11:00:00,30.5,78,714.0,2.44,0.0,99
2025-06-19 12:00:00,31.2,77,747.0,1.91,0.1,99
2025-06-19 13:00:00,31.6,75,657.0,0.89,0.2,100
2025-06-19 14:00:00,31.6,75,526.0,0.76,0.2,100
2025-06-19 15:00:00,28.6,85,354.0,3.0,14.3,100
2025-06-19 16:00:00,27.5,92,55.0,1.75,0.4,100
2025-06-19 17:00:00,27.9,92,67.0,0.94,0.0,100
2025-06-19 18:00:00,28.0,93,19.0,1.03,0.0,100
2025-06-19 19:00:00,28.1,93,0.0,0.95,2.0,100
2025-06-19 20:00:00,27.7,95,0.0,0.8,1.9,100
2025-06-19 21:00:00,27.3,97,0.0,1.71,0.1,100
2025-06-19 22:00:00,26.8,99,0.0,0.8,0.0,100
2025-06-19 23:00:00,26.6,99,0.0,0.93,0.0,100
2025-06-20 00:00:00,26.4,99,0.0,0.75,0.0,100
2025-06-20 01:00:00,26.4,99,0.0,0.78,0.0,100
2025-06-20 02:00:00,26.1,98,0.0,0.81,0.0,100
2025-06-20 03:00:00,26.1,98,0.0,0.92,0.0,100
2025-06-20 04:00:00,26.0,98,0.0,0.96,0.0,100
2025-06-20 05:00:00,26.3,97,34.0,1.05,0.1,100
2025-06-20 06:00:00,26.8,95,71.0,1.57,0.5,98
2025-06-20 07:00:00,27.6,90,212.0,1.91,0.3,99
2025-06-20 08:00:00,28.1,87,274.0,1.3,0.2,74
2025-06-20 09:00:00,29.6,81,523.0,0.07,0.1,68
2025-06-20 10:00:00,30.4,79,631.0,0.4,0.1,42
2025-06-20 11:00:00,31.2,78,816.0,0.3,0.1,72
2025-06-20 12:00:00,32.4,72,818.0,0.25,0.1,56
2025-06-20 13:00:00,29.7,80,700.0,4.4,5.2,100
2025-06-20 14:00:00,27.3,93,153.0,1.31,7.0,100
2025-06-20 15:00:00,27.3,92,68.0,1.09,0.6,100
2025-06-20 16:00:00,28.0,90,134.0,0.41,0.2,98
2025-06-20 17:00:00,28.1,91,102.0,0.63,0.0,99
2025-06-20 18:00:00,27.4,94,19.0,0.05,0.0,96
2025-06-20 19:00:00,27.2,95,0.0,0.29,0.0,100
2025-06-20 20:00:00,27.2,95,0.0,0.07,0.1,98
2025-06-20 21:00:00,27.2,97,0.0,0.07,0.1,94
2025-06-20 22:00:00,27.1,97,0.0,0.28,0.0,76
2025-06-20 23:00:00,27.0,96,0.0,1.23,0.2,97
2025-06-21 00:00:00,26.3,96,0.0,1.38,5.2,100
2025-06-21 01:00:00,26.5,94,0.0,0.75,3.8,99
2025-06-21 02:00:00,26.2,97,0.0,0.63,0.4,100
2025-06-21 03:00:00,26.3,96,0.0,0.28,0.0,100
2025-06-21 04:00:00,26.1,97,0.0,0.5,0.1,100
2025-06-21 05:00:00,26.3,95,26.0,1.0,0.0,70
2025-06-21 06:00:00,27.3,92,83.0,0.63,0.0,100
2025-06-21 07:00:00,27.9,88,171.0,0.61,0.0,97
2025-06-21 08:00:00,28.7,86,346.0,1.45,0.2,97
2025-06-21 09:00:00,29.2,83,426.0,2.48,0.4,100
2025-06-21 10:00:00,29.9,82,477.0,1.81,0.1,100
2025-06-21 11:00:00,30.4,79,531.0,2.11,0.5,97
2025-06-21 12:00:00,30.3,79,398.0,1.58,0.1,100
2025-06-21 13:00:00,30.4,79,388.0,1.77,0.3,100
2025-06-21 14:00:00,29.9,82,265.0,1.25,0.9,100
2025-06-21 15:00:00,30.7,78,302.0,0.53,0.1,100
2025-06-21 16:00:00,30.3,79,213.0,0.57,0.3,100
2025-06-21 17:00:00,29.6,83,110.0,0.68,0.8,100
2025-06-21 18:00:00,27.6,96,12.0,2.36,4.3,99
2025-06-21 19:00:00,26.8,96,0.0,0.82,5.4,100
2025-06-21 20:00:00,26.3,98,0.0,1.88,3.4,100
2025-06-21 21:00:00,26.3,98,0.0,1.95,2.2,100
2025-06-21 22:00:00,26.5,96,0.0,0.4,5.9,100
2025-06-21 23:00:00,26.2,97,0.0,1.74,0.3,100
2025-06-22 00:00:00,26.0,97,0.0,1.2,0.4,100
2025-06-22 01:00:00,25.5,99,0.0,1.91,2.7,100
2025-06-22 02:00:00,25.6,96,0.0,0.58,2.8,100
2025-06-22 03:00:00,25.4,98,0.0,0.85,1.7,100
2025-06-22 04:00:00,25.6,97,0.0,1.0,0.6,100
2025-06-22 05:00:00,25.6,96,16.0,1.77,0.3,100
2025-06-22 06:00:00,27.1,93,145.0,1.46,0.4,100
2025-06-22 07:00:00,28.0,88,228.0,0.67,0.7,100
2025-06-22 08:00:00,29.5,81,477.0,1.15,0.1,100
2025-06-22 09:00:00,30.7,78,641.0,0.81,0.2,99
2025-06-22 10:00:00,31.6,75,712.0,1.43,0.3,100
2025-06-22 11:00:00,31.1,75,452.0,2.09,0.3,100
2025-06-22 12:00:00,30.1,80,520.0,1.39,3.8,82
2025-06-22 13:00:00,31.7,74,745.0,0.7,0.1,90
2025-06-22 14:00:00,30.9,73,404.0,1.84,0.6,100
2025-06-22 15:00:00,30.2,80,268.0,1.15,0.1,99
2025-06-22 16:00:00,30.4,79,248.0,0.96,0.0,100
2025-06-22 17:00:00,30.2,82,129.0,1.05,0.0,100
2025-06-22 18:00:00,28.8,89,20.0,1.55,0.0,60
2025-06-22 19:00:00,28.1,94,0.0,2.39,0.0,36
2025-06-22 20:00:00,27.9,95,0.0,2.41,0.0,13
2025-06-22 21:00:00,27.5,95,0.0,1.6,0.3,77
2025-06-22 22:00:00,26.9,93,0.0,2.28,1.7,99
2025-06-22 23:00:00,26.3,97,0.0,1.5,0.5,75
2025-06-23 00:00:00,25.9,98,0.0,2.87,0.1,78
2025-06-23 01:00:00,25.6,97,0.0,0.86,0.6,65
2025-06-23 02:00:00,25.3,100,0.0,1.87,3.6,100
2025-06-23 03:00:00,25.1,100,0.0,2.5,11.4,100
2025-06-23 04:00:00,25.2,99,0.0,1.77,0.6,100
2025-06-23 05:00:00,25.2,97,15.0,1.97,8.2,100
2025-06-23 06:00:00,27.3,89,125.0,1.92,0.1,93
2025-06-23 07:00:00,28.0,87,278.0,1.46,0.0,99
2025-06-23 08:00:00,28.8,82,416.0,2.18,0.2,93
2025-06-23 09:00:00,29.3,81,481.0,2.18,0.1,100
2025-06-23 10:00:00,29.8,80,533.0,2.0,0.2,99
2025-06-23 11:00:00,30.6,77,537.0,1.66,0.3,87
2025-06-23 12:00:00,31.5,74,716.0,1.25,0.2,83
2025-06-23 13:00:00,32.3,71,657.0,0.39,0.2,100
2025-06-23 14:00:00,29.5,83,285.0,2.21,7.8,100
2025-06-23 15:00:00,28.0,88,143.0,0.67,3.5,99
2025-06-23 16:00:00,27.8,90,163.0,1.7,0.1,100
2025-06-23 17:00:00,27.8,89,110.0,1.33,0.0,92
2025-06-23 18:00:00,27.4,91,19.0,0.65,0.3,78
2025-06-23 19:00:00,27.0,93,0.0,0.74,0.1,97
2025-06-23 20:00:00,27.2,94,0.0,0.07,0.0,100
2025-06-23 21:00:00,26.7,93,0.0,0.76,2.7,98
2025-06-23 22:00:00,26.9,92,0.0,0.07,0.1,94
2025-06-23 23:00:00,26.4,95,0.0,1.03,0.2,87
2025-06-24 00:00:00,26.2,97,0.0,1.25,0.1,100
2025-06-24 01:00:00,25.9,97,0.0,1.35,1.4,100
2025-06-24 02:00:00,25.7,95,0.0,1.26,0.8,100
2025-06-24 03:00:00,25.8,95,0.0,0.49,0.6,100
2025-06-24 04:00:00,25.7,95,0.0,1.31,0.7,100
2025-06-24 05:00:00,25.8,95,11.0,0.99,0.4,100
2025-06-24 06:00:00,26.1,93,77.0,1.19,0.2,100
2025-06-24 07:00:00,26.4,92,94.0,0.6,0.1,100
2025-06-24 08:00:00,27.3,88,264.0,0.4,0.4,100
2025-06-24 09:00:00,28.6,82,390.0,0.85,0.2,100
2025-06-24 10:00:00,28.8,84,412.0,1.16,0.3,100
2025-06-24 11:00:00,29.3,80,429.0,1.7,0.3,88
2025-06-24 12:00:00,30.4,76,677.0,1.55,0.1,83
2025-06-24 13:00:00,30.7,76,600.0,0.64,0.1,100
2025-06-24 14:00:00,31.3,75,596.0,0.4,0.1,31
2025-06-24 15:00:00,31.1,76,396.0,0.54,0.1,45
2025-06-24 16:00:00,30.6,73,242.0,0.64,2.0,76
2025-06-24 17:00:00,28.9,85,113.0,2.21,3.0,91
2025-06-24 18:00:00,28.3,91,16.0,2.15,0.0,100
2025-06-24 19:00:00,28.2,92,0.0,2.0,0.0,80
2025-06-24 20:00:00,27.9,93,0.0,1.9,0.1,79
2025-06-24 21:00:00,27.4,95,0.0,2.16,2.1,100
2025-06-24 22:00:00,26.7,96,0.0,2.22,0.3,100
2025-06-24 23:00:00,26.5,95,0.0,2.55,0.1,99
2025-06-25 00:00:00,26.3,97,0.0,1.81,0.1,92
2025-06-25 01:00:00,26.0,98,0.0,2.99,0.1,94
2025-06-25 02:00:00,25.6,99,0.0,2.49,0.1,99
2025-06-25 03:00:00,25.3,98,0.0,3.81,2.4,100
2025-06-25 04:00:00,25.2,98,0.0,1.92,2.1,100
2025-06-25 05:00:00,25.3,99,6.0,3.07,3.5,100
2025-06-25 06:00:00,27.0,88,150.0,4.62,0.0,100
2025-06-25 07:00:00,26.8,90,64.0,4.51,0.0,100
2025-06-25 08:00:00,28.2,84,368.0,5.04,0.0,63
2025-06-25 09:00:00,29.2,79,499.0,4.41,0.0,99
2025-06-25 10:00:00,29.9,75,593.0,4.58,0.0,10
2025-06-25 11:00:00,31.7,69,896.0,4.3,0.0,21
2025-06-25 12:00:00,32.2,68,878.0,4.03,0.0,46
2025-06-25 13:00:00,32.5,66,820.0,3.97,0.0,26
2025-06-25 14:00:00,32.7,64,678.0,3.58,0.3,44
2025-06-25 15:00:00,32.6,64,507.0,3.26,0.2,38
2025-06-25 16:00:00,32.5,66,332.0,2.29,0.0,25
2025-06-25 17:00:00,31.2,74,151.0,1.89,0.0,35
2025-06-25 18:00:00,29.1,85,24.0,1.15,0.0,16
2025-06-25 19:00:00,28.2,91,0.0,1.16,0.0,14
2025-06-25 20:00:00,27.5,95,0.0,1.28,0.0,54
2025-06-25 21:00:00,26.6,97,0.0,1.83,1.7,94
2025-06-25 22:00:00,26.9,97,0.0,0.96,0.3,60
2025-06-25 23:00:00,26.7,96,0.0,0.15,0.0,8
2025-06-26 00:00:00,26.5,99,0.0,1.16,0.0,39
2025-06-26 01:00:00,26.5,100,0.0,0.11,0.0,37
2025-06-26 02:00:00,26.3,99,0.0,1.07,0.5,54
2025-06-26 03:00:00,26.1,99,0.0,0.71,0.0,30
2025-06-26 04:00:00,26.0,98,0.0,0.36,0.0,42
2025-06-26 05:00:00,26.2,98,33.0,0.76,0.0,54
2025-06-26 06:00:00,28.3,90,167.0,0.51,0.0,20
2025-06-26 07:00:00,29.2,85,337.0,0.66,0.2,59
2025-06-26 08:00:00,29.4,84,437.0,1.69,0.3,100
2025-06-26 09:00:00,30.1,80,518.0,1.36,0.1,14
2025-06-26 10:00:00,31.7,75,808.0,0.46,0.1,97
2025-06-26 11:00:00,32.7,71,865.0,0.25,0.0,13
2025-06-26 12:00:00,33.3,69,832.0,1.1,0.0,25
2025-06-26 13:00:00,32.6,72,735.0,1.48,0.1,51
2025-06-26 14:00:00,30.8,77,568.0,1.96,2.4,82
2025-06-26 15:00:00,31.1,76,341.0,0.85,0.3,57
2025-06-26 16:00:00,31.2,77,256.0,0.92,0.0,38
2025-06-26 17:00:00,30.7,78,151.0,1.16,0.4,64
2025-06-26 18:00:00,29.1,89,24.0,1.19,0.0,59
2025-06-26 19:00:00,28.6,90,0.0,1.26,0.0,45
2025-06-26 20:00:00,28.4,91,0.0,1.14,0.0,57
2025-06-26 21:00:00,28.3,92,0.0,1.12,0.0,51
2025-06-26 22:00:00,28.2,93,0.0,1.4,0.0,48
2025-06-26 23:00:00,28.0,92,0.0,1.22,0.0,42
2025-06-27 00:00:00,27.7,93,0.0,1.1,0.0,37
2025-06-27 01:00:00,27.5,94,0.0,0.72,0.0,23
2025-06-27 02:00:00,27.3,94,0.0,0.73,0.0,27
2025-06-27 03:00:00,26.9,96,0.0,0.56,0.0,54
2025-06-27 04:00:00,26.5,97,0.0,0.18,0.1,76
2025-06-27 05:00:00,26.9,96,31.0,1.31,0.0,57
2025-06-27 06:00:00,28.3,89,161.0,0.78,0.0,54
2025-06-27 07:00:00,29.8,80,369.0,0.95,0.0,71
2025-06-27 08:00:00,30.4,78,495.0,1.39,0.0,73
2025-06-27 09:00:00,31.3,75,690.0,1.4,0.1,55
2025-06-27 10:00:00,32.0,72,745.0,1.03,0.0,36
2025-06-27 11:00:00,32.8,70,803.0,0.6,0.0,29
2025-06-27 12:00:00,32.9,69,587.0,0.74,0.1,46
2025-06-27 13:00:00,32.1,73,441.0,0.65,0.1,79
2025-06-27 14:00:00,31.4,78,509.0,2.2,0.1,59
2025-06-27 15:00:00,31.6,78,496.0,1.84,0.1,86
2025-06-27 16:00:00,31.5,73,294.0,1.25,0.8,99
2025-06-27 17:00:00,30.8,79,151.0,1.31,0.0,100
2025-06-27 18:00:00,30.3,81,24.0,2.61,0.0,100
2025-06-27 19:00:00,29.6,82,0.0,1.39,0.0,100
2025-06-27 20:00:00,28.9,88,0.0,0.82,0.0,100
2025-06-27 21:00:00,28.1,92,0.0,1.01,1.7,97
2025-06-27 22:00:00,27.9,92,0.0,0.05,0.8,100
2025-06-27 23:00:00,27.5,94,0.0,0.4,4.8,80
2025-06-28 00:00:00,27.0,97,0.0,0.45,3.0,94
2025-06-28 01:00:00,26.9,97,0.0,0.55,0.2,100
2025-06-28 02:00:00,26.7,97,0.0,1.22,0.2,94
2025-06-28 03:00:00,26.5,97,0.0,1.17,0.1,71
2025-06-28 04:00:00,26.4,97,0.0,0.79,0.0,58
2025-06-28 05:00:00,26.9,92,35.0,1.35,0.0,16
2025-06-28 06:00:00,28.2,89,168.0,1.31,0.0,91
2025-06-28 07:00:00,29.4,83,335.0,0.25,0.0,86
2025-06-28 08:00:00,30.5,77,525.0,1.23,0.1,66
2025-06-28 09:00:00,31.2,73,592.0,1.53,0.0,30
2025-06-28 10:00:00,32.4,71,810.0,1.43,0.0,17
2025-06-28 11:00:00,32.8,71,829.0,1.27,0.1,24
2025-06-28 12:00:00,32.1,75,806.0,1.84,4.2,92
2025-06-28 13:00:00,32.0,75,671.0,1.32,0.9,75
2025-06-28 14:00:00,31.9,74,530.0,0.43,0.2,100
2025-06-28 15:00:00,30.7,77,348.0,1.49,2.1,96
2025-06-28 16:00:00,30.8,77,258.0,1.52,0.0,100
2025-06-28 17:00:00,30.4,79,152.0,1.39,0.0,96
2025-06-28 18:00:00,29.4,86,23.0,0.54,0.0,78
2025-06-28 19:00:00,29.0,88,0.0,0.4,0.0,98
2025-06-28 20:00:00,28.6,90,0.0,0.75,0.0,92
2025-06-28 21:00:00,27.8,98,0.0,0.85,0.0,82
2025-06-28 22:00:00,27.5,100,0.0,0.49,0.0,97
2025-06-28 23:00:00,27.5,100,0.0,0.79,0.0,97
2025-06-29 00:00:00,27.4,100,0.0,0.95,0.0,99
2025-06-29 01:00:00,27.1,98,0.0,1.26,0.0,97
2025-06-29 02:00:00,26.4,99,0.0,2.46,2.0,94
2025-06-29 03:00:00,26.3,95,0.0,1.67,0.6,99
2025-06-29 04:00:00,26.2,95,0.0,1.61,0.0,99
2025-06-29 05:00:00,26.3,95,27.0,2.35,0.0,95
2025-06-29 06:00:00,28.4,90,164.0,2.63,0.1,70
2025-06-29 07:00:00,29.4,85,329.0,2.4,0.1,33
2025-06-29 08:00:00,30.3,81,511.0,2.05,0.3,22
2025-06-29 09:00:00,31.5,75,683.0,1.61,0.3,15
2025-06-29 10:00:00,32.3,73,765.0,0.81,0.3,42
2025-06-29 11:00:00,32.1,76,785.0,0.82,0.3,95
2025-06-29 12:00:00,31.5,76,598.0,1.59,3.4,66
2025-06-29 13:00:00,32.6,70,625.0,1.13,2.2,57
2025-06-29 14:00:00,31.7,74,543.0,0.15,0.2,62
2025-06-29 15:00:00,31.3,76,430.0,0.87,0.5,64
2025-06-29 16:00:00,30.9,78,237.0,0.68,0.5,81
2025-06-29 17:00:00,30.1,83,113.0,0.75,0.0,100
2025-06-29 18:00:00,29.5,89,22.0,0.38,0.0,83
2025-06-29 19:00:00,29.2,91,0.0,0.3,0.0,83
2025-06-29 20:00:00,28.9,92,0.0,0.22,0.0,55
2025-06-29 21:00:00,28.6,94,0.0,0.18,0.0,87
2025-06-29 22:00:00,28.2,96,0.0,0.18,0.0,93
2025-06-29 23:00:00,28.0,97,0.0,0.11,0.0,100
2025-06-30 00:00:00,27.0,100,0.0,1.61,5.0,100
2025-06-30 01:00:00,26.4,100,0.0,1.56,3.2,100
2025-06-30 02:00:00,26.3,99,0.0,1.12,0.3,99
2025-06-30 03:00:00,25.6,100,0.0,1.44,5.9,100
2025-06-30 04:00:00,25.5,97,0.0,0.81,6.5,100
2025-06-30 05:00:00,25.7,94,13.0,1.73,2.6,100
2025-06-30 06:00:00,26.5,94,104.0,1.07,0.3,100
2025-06-30 07:00:00,28.1,88,282.0,1.01,0.0,100
2025-06-30 08:00:00,29.8,80,448.0,1.38,0.0,99
2025-06-30 09:00:00,31.4,74,670.0,1.74,0.0,99
2025-06-30 10:00:00,32.0,74,745.0,1.6,0.1,100
2025-06-30 11:00:00,32.8,72,730.0,0.95,0.3,100
2025-06-30 12:00:00,32.9,72,822.0,0.79,2.0,99
2025-06-30 13:00:00,29.4,84,699.0,2.21,10.9,100
2025-06-30 14:00:00,30.6,79,516.0,0.61,0.1,96
2025-06-30 15:00:00,31.0,79,361.0,1.77,0.0,98
2025-06-30 16:00:00,31.1,79,326.0,1.77,0.0,99
2025-06-30 17:00:00,30.5,82,136.0,2.12,0.0,97
2025-06-30 18:00:00,29.3,89,24.0,0.46,0.0,100
2025-06-30 19:00:00,28.9,91,0.0,0.82,0.0,100
2025-06-30 20:00:00,27.7,94,0.0,2.9,7.8,100
2025-06-30 21:00:00,27.1,96,0.0,0.9,6.9,100
2025-06-30 22:00:00,27.3,97,0.0,0.71,0.6,100
2025-06-30 23:00:00,27.3,96,0.0,0.32,0.2,100
2025-07-01 00:00:00,27.0,98,0.0,1.75,0.0,100
2025-07-01 01:00:00,26.4,97,0.0,1.46,0.6,100
2025-07-01 02:00:00,26.5,97,0.0,0.61,0.2,100
2025-07-01 03:00:00,26.3,99,0.0,1.12,0.4,100
2025-07-01 04:00:00,26.2,96,0.0,0.81,0.8,100
2025-07-01 05:00:00,26.4,96,10.0,0.82,0.2,100
2025-07-01 06:00:00,28.0,94,101.0,1.15,0.0,100
2025-07-01 07:00:00,28.6,89,170.0,1.7,0.6,100
2025-07-01 08:00:00,28.9,85,224.0,2.68,1.5,100
2025-07-01 09:00:00,29.8,82,433.0,2.77,0.2,100
2025-07-01 10:00:00,30.5,79,529.0,2.4,0.2,100
2025-07-01 11:00:00,31.2,76,647.0,1.9,0.1,100
2025-07-01 12:00:00,32.0,75,678.0,1.74,0.0,100
2025-07-01 13:00:00,32.4,74,676.0,1.66,0.0,100
2025-07-01 14:00:00,32.4,75,610.0,1.03,0.1,100
2025-07-01 15:00:00,29.6,83,353.0,2.5,5.5,100
2025-07-01 16:00:00,28.5,89,219.0,1.91,0.3,100
2025-07-01 17:00:00,28.6,88,122.0,0.84,0.0,99
2025-07-01 18:00:00,28.6,92,20.0,0.91,0.0,99
2025-07-01 19:00:00,28.5,93,0.0,0.11,0.0,98
2025-07-01 20:00:00,28.3,93,0.0,0.34,0.0,100
2025-07-01 21:00:00,28.3,93,0.0,0.11,0.0,100
2025-07-01 22:00:00,27.9,95,0.0,0.6,0.0,100
2025-07-01 23:00:00,27.8,95,0.0,0.64,0.0,99
2025-07-02 00:00:00,27.3,95,0.0,1.61,6.8,100
2025-07-02 01:00:00,26.7,97,0.0,0.97,3.2,100
2025-07-02 02:00:00,26.4,99,0.0,2.21,4.1,100
2025-07-02 03:00:00,26.3,97,0.0,0.45,7.3,100
2025-07-02 04:00:00,26.0,98,0.0,1.42,1.0,100
2025-07-02 05:00:00,25.7,98,6.0,1.92,8.5,100
2025-07-02 06:00:00,26.5,96,35.0,1.41,0.9,100
2025-07-02 07:00:00,26.9,94,124.0,2.46,0.6,100
2025-07-02 08:00:00,27.4,92,191.0,2.22,0.5,100
2025-07-02 09:00:00,28.7,87,359.0,2.1,0.3,100
2025-07-02 10:00:00,30.8,77,647.0,2.15,0.2,99
2025-07-02 11:00:00,30.9,77,661.0,2.66,0.1,99
2025-07-02 12:00:00,31.4,77,754.0,1.61,0.1,78
2025-07-02 13:00:00,32.4,73,749.0,0.7,0.1,100
2025-07-02 14:00:00,31.6,77,611.0,0.38,0.4,100
2025-07-02 15:00:00,28.6,88,260.0,2.79,14.0,100
2025-07-02 16:00:00,27.7,92,169.0,0.95,10.6,100
2025-07-02 17:00:00,27.5,95,56.0,0.61,0.2,94
2025-07-02 18:00:00,29.0,89,20.0,0.8,0.0,100
2025-07-02 19:00:00,28.3,94,0.0,0.96,0.0,100
2025-07-02 20:00:00,28.1,96,0.0,1.24,0.0,100
2025-07-02 21:00:00,27.7,97,0.0,1.47,0.3,100
2025-07-02 22:00:00,26.8,97,0.0,1.73,10.9,100
2025-07-02 23:00:00,26.8,98,0.0,1.2,2.8,100
2025-07-03 00:00:00,26.5,100,0.0,0.9,1.7,100
2025-07-03 01:00:00,26.2,100,0.0,0.95,3.5,100
2025-07-03 02:00:00,26.0,98,0.0,0.94,4.9,100
2025-07-03 03:00:00,26.1,97,0.0,0.61,1.5,100
2025-07-03 04:00:00,26.0,97,0.0,0.35,0.5,100
2025-07-03 05:00:00,26.2,95,12.0,1.26,0.5,100
2025-07-03 06:00:00,27.2,92,80.0,1.33,0.1,100
2025-07-03 07:00:00,28.1,88,200.0,1.66,0.1,100
2025-07-03 08:00:00,29.1,84,361.0,0.84,0.2,100
2025-07-03 09:00:00,29.7,83,443.0,0.96,0.2,100
2025-07-03 10:00:00,30.3,83,596.0,0.64,0.3,100
2025-07-03 11:00:00,30.9,81,664.0,0.25,0.3,99
2025-07-03 12:00:00,31.1,80,580.0,1.25,0.8,95
2025-07-03 13:00:00,30.4,79,448.0,2.08,7.6,91
2025-07-03 14:00:00,29.9,81,473.0,1.55,5.1,87
2025-07-03 15:00:00,29.7,82,208.0,1.34,0.3,100
2025-07-03 16:00:00,29.4,85,141.0,0.95,0.0,100
2025-07-03 17:00:00,29.2,87,104.0,0.16,0.0,100
2025-07-03 18:00:00,28.3,93,24.0,0.87,0.0,98
2025-07-03 19:00:00,28.1,94,0.0,0.47,0.0,100
2025-07-03 20:00:00,27.9,97,0.0,1.57,2.0,100
2025-07-03 21:00:00,27.2,99,0.0,2.21,1.7,100
2025-07-03 22:00:00,27.1,99,0.0,1.17,1.6,100
2025-07-03 23:00:00,26.9,99,0.0,1.06,0.3,100
2025-07-04 00:00:00,26.6,98,0.0,1.04,5.9,100
2025-07-04 01:00:00,26.2,98,0.0,1.83,1.3,100
2025-07-04 02:00:00,26.0,98,0.0,1.82,5.3,100
2025-07-04 03:00:00,25.9,98,0.0,1.6,5.2,100
2025-07-04 04:00:00,25.9,97,0.0,1.04,1.0,100
2025-07-04 05:00:00,25.9,96,7.0,0.95,0.4,100
2025-07-04 06:00:00,27.4,91,105.0,2.55,0.2,100
2025-07-04 07:00:00,28.2,89,232.0,1.78,0.0,100
2025-07-04 08:00:00,29.0,84,349.0,2.58,0.1,100
2025-07-04 09:00:00,30.0,83,579.0,2.48,0.3,100
2025-07-04 10:00:00,30.4,82,533.0,2.36,0.3,100
2025-07-04 11:00:00,30.7,80,430.0,1.88,0.3,100
2025-07-04 12:00:00,31.3,77,454.0,1.54,0.2,100
2025-07-04 13:00:00,32.1,74,569.0,1.32,0.3,100
2025-07-04 14:00:00,29.9,80,328.0,3.06,5.5,100
2025-07-04 15:00:00,27.4,90,114.0,0.98,6.7,100
2025-07-04 16:00:00,27.7,92,122.0,0.56,0.1,100
2025-07-04 17:00:00,28.0,90,120.0,1.01,0.1,100
2025-07-04 18:00:00,26.5,97,8.0,1.09,9.6,100
2025-07-04 19:00:00,26.2,98,0.0,1.57,2.9,100
2025-07-04 20:00:00,26.3,99,0.0,0.72,4.1,100
2025-07-04 21:00:00,25.9,99,0.0,2.04,11.7,100
2025-07-04 22:00:00,25.5,99,0.0,1.11,9.8,100
2025-07-04 23:00:00,25.5,99,0.0,1.08,3.2,100
2025-07-05 00:00:00,25.7,99,0.0,0.74,0.5,100
2025-07-05 01:00:00,25.8,98,0.0,0.85,0.5,100
2025-07-05 02:00:00,25.8,97,0.0,0.67,0.4,100
2025-07-05 03:00:00,25.5,98,0.0,1.05,2.4,100
2025-07-05 04:00:00,25.5,99,0.0,0.96,3.3,100
2025-07-05 05:00:00,25.7,97,7.0,1.01,0.9,100
2025-07-05 06:00:00,26.6,94,57.0,2.44,0.6,100
2025-07-05 07:00:00,27.2,93,196.0,2.1,0.6,100
2025-07-05 08:00:00,27.5,91,202.0,2.6,1.3,100
2025-07-05 09:00:00,29.0,82,426.0,2.96,0.2,99
2025-07-05 10:00:00,30.3,78,627.0,2.64,0.2,100
2025-07-05 11:00:00,31.2,76,722.0,2.58,0.3,100
2025-07-05 12:00:00,31.1,77,505.0,2.29,0.5,100
2025-07-05 13:00:00,28.4,86,203.0,2.39,11.7,100
2025-07-05 14:00:00,27.9,90,96.0,1.99,2.6,100
2025-07-05 15:00:00,28.0,92,113.0,1.25,0.3,100
2025-07-05 16:00:00,28.1,93,116.0,1.06,0.2,100
2025-07-05 17:00:00,28.1,93,61.0,0.94,0.1,100
2025-07-05 18:00:00,27.1,96,8.0,2.27,0.5,100
2025-07-05 19:00:00,27.1,95,0.0,1.57,0.3,100
2025-07-05 20:00:00,26.9,97,0.0,1.78,0.1,100
2025-07-05 21:00:00,26.8,98,0.0,1.65,2.1,100
2025-07-05 22:00:00,26.9,99,0.0,2.32,0.6,100
2025-07-05 23:00:00,26.6,99,0.0,1.84,1.5,100
2025-07-06 00:00:00,26.3,99,0.0,1.1,0.7,100
2025-07-06 01:00:00,26.2,100,0.0,0.73,1.9,100
2025-07-06 02:00:00,26.2,99,0.0,0.96,1.9,100
2025-07-06 03:00:00,26.1,97,0.0,1.06,0.8,100
2025-07-06 04:00:00,26.0,97,0.0,1.77,1.0,100
2025-07-06 05:00:00,25.9,97,4.0,2.49,3.1,100
2025-07-06 06:00:00,26.7,95,96.0,4.16,0.1,100
2025-07-06 07:00:00,27.5,89,261.0,5.64,0.0,99
2025-07-06 08:00:00,29.1,81,506.0,5.07,0.0,100
2025-07-06 09:00:00,30.6,74,707.0,4.92,0.0,100
2025-07-06 10:00:00,31.6,68,780.0,4.77,0.0,100
2025-07-06 11:00:00,31.8,69,646.0,4.49,0.0,100
2025-07-06 12:00:00,32.5,66,693.0,4.07,0.0,100
2025-07-06 13:00:00,32.8,64,665.0,4.06,0.0,100
2025-07-06 14:00:00,32.4,65,605.0,3.69,0.0,100
2025-07-06 15:00:00,32.3,67,502.0,3.43,0.0,98
2025-07-06 16:00:00,31.7,71,248.0,2.57,0.5,99
2025-07-06 17:00:00,30.4,79,117.0,3.01,0.0,100
2025-07-06 18:00:00,29.1,80,25.0,3.19,0.0,86
2025-07-06 19:00:00,28.4,84,0.0,2.8,0.0,55
2025-07-06 20:00:00,28.1,85,0.0,3.29,0.0,97
2025-07-06 21:00:00,27.9,85,0.0,3.54,0.0,98
2025-07-06 22:00:00,27.6,87,0.0,3.5,0.0,87
2025-07-06 23:00:00,27.2,90,0.0,2.36,0.0,100
2025-07-07 00:00:00,27.1,90,0.0,2.15,0.0,100
2025-07-07 01:00:00,26.5,94,0.0,0.95,0.0,100
2025-07-07 02:00:00,26.3,95,0.0,0.81,0.0,100
2025-07-07 03:00:00,26.3,94,0.0,0.86,0.0,100
2025-07-07 04:00:00,26.2,94,0.0,0.7,0.0,100
2025-07-07 05:00:00,26.7,91,15.0,1.37,0.0,100
2025-07-07 06:00:00,27.4,89,73.0,3.21,0.0,100
2025-07-07 07:00:00,28.3,86,218.0,2.91,0.0,80
2025-07-07 08:00:00,30.3,76,516.0,3.85,0.0,75
2025-07-07 09:00:00,31.3,70,557.0,4.29,0.0,100
2025-07-07 10:00:00,31.9,69,498.0,3.83,0.0,100
2025-07-07 11:00:00,32.5,66,576.0,3.53,0.0,100
2025-07-07 12:00:00,32.2,68,427.0,3.37,0.0,100
2025-07-07 13:00:00,32.1,70,293.0,2.66,0.0,100
2025-07-07 14:00:00,32.1,69,270.0,1.73,0.1,100
2025-07-07 15:00:00,31.7,71,237.0,1.27,0.2,100
2025-07-07 16:00:00,30.7,79,152.0,1.52,0.0,100
2025-07-07 17:00:00,29.9,85,95.0,1.6,0.2,100
2025-07-07 18:00:00,28.0,90,15.0,2.31,0.0,100
2025-07-07 19:00:00,27.1,95,0.0,2.77,0.3,100
2025-07-07 20:00:00,26.8,92,0.0,3.34,0.0,100
2025-07-07 21:00:00,25.7,90,0.0,2.55,0.0,99
2025-07-07 22:00:00,26.0,89,0.0,1.84,0.0,100
2025-07-07 23:00:00,25.8,94,0.0,1.35,0.0,100
2025-07-08 00:00:00,25.7,95,0.0,1.77,0.0,100
2025-07-08 01:00:00,25.6,96,0.0,0.98,0.0,95
2025-07-08 02:00:00,25.7,97,0.0,0.11,0.0,100
2025-07-08 03:00:00,25.7,96,0.0,0.65,0.0,95
2025-07-08 04:00:00,25.9,95,0.0,0.57,0.0,87
2025-07-08 05:00:00,26.3,93,23.0,0.7,0.0,96
2025-07-08 06:00:00,28.4,88,158.0,1.19,0.0,18
2025-07-08 07:00:00,29.6,80,369.0,2.05,0.0,37
2025-07-08 08:00:00,31.1,71,541.0,2.29,0.0,63
2025-07-08 09:00:00,32.3,65,633.0,2.9,0.0,53
2025-07-08 10:00:00,33.1,63,779.0,3.71,0.0,94
2025-07-08 11:00:00,32.5,69,797.0,4.1,0.0,94
2025-07-08 12:00:00,32.5,68,730.0,4.9,0.0,78
2025-07-08 13:00:00,33.3,65,783.0,4.79,0.0,38
2025-07-08 14:00:00,33.3,65,601.0,3.69,0.1,79
2025-07-08 15:00:00,32.3,69,388.0,1.78,0.1,98
2025-07-08 16:00:00,31.1,79,233.0,1.46,0.1,76
2025-07-08 17:00:00,28.6,90,125.0,3.53,2.6,100
2025-07-08 18:00:00,28.8,92,16.0,0.05,0.0,100
2025-07-08 19:00:00,28.1,93,0.0,1.2,0.0,100
2025-07-08 20:00:00,27.5,95,0.0,0.71,0.0,100
2025-07-08 21:00:00,27.1,98,0.0,0.27,0.0,100
2025-07-08 22:00:00,26.9,98,0.0,1.21,0.0,98
2025-07-08 23:00:00,26.7,97,0.0,1.16,0.0,96
2025-07-09 00:00:00,26.3,98,0.0,0.98,0.0,98
2025-07-09 01:00:00,26.1,97,0.0,0.5,0.0,100
2025-07-09 02:00:00,25.9,98,0.0,0.53,0.0,100
2025-07-09 03:00:00,25.9,99,0.0,1.08,0.0,82
2025-07-09 04:00:00,26.2,90,0.0,2.99,0.0,94
2025-07-09 05:00:00,25.6,94,17.0,3.16,3.2,100
2025-07-09 06:00:00,25.2,93,39.0,5.72,2.8,100
2025-07-09 07:00:00,25.7,94,109.0,4.9,2.1,100
2025-07-09 08:00:00,26.1,93,121.0,4.02,0.9,99
2025-07-09 09:00:00,27.8,86,338.0,3.69,0.1,100
2025-07-09 10:00:00,29.1,78,417.0,4.04,0.0,100
2025-07-09 11:00:00,29.9,76,335.0,3.37,0.0,29
2025-07-09 12:00:00,31.9,69,742.0,3.42,0.3,67
2025-07-09 13:00:00,31.9,65,638.0,2.55,0.3,44
2025-07-09 14:00:00,32.3,62,694.0,1.92,0.0,40
2025-07-09 15:00:00,32.2,61,540.0,1.12,0.0,42
2025-07-09 16:00:00,32.0,63,338.0,0.75,0.0,61
2025-07-09 17:00:00,31.1,76,163.0,0.58,0.0,75
2025-07-09 18:00:00,26.9,94,11.0,3.35,0.0,94
2025-07-09 19:00:00,26.3,93,0.0,2.8,0.0,99
2025-07-09 20:00:00,26.3,92,0.0,2.57,0.0,99
2025-07-09 21:00:00,26.0,94,0.0,1.48,0.0,98
2025-07-09 22:00:00,25.7,96,0.0,2.01,0.0,100
2025-07-09 23:00:00,25.8,95,0.0,1.79,0.0,100
2025-07-10 00:00:00,25.6,96,0.0,1.79,1.7,100
2025-07-10 01:00:00,25.5,96,0.0,1.32,1.0,100
2025-07-10 02:00:00,25.5,97,0.0,0.96,1.2,100
2025-07-10 03:00:00,25.5,97,0.0,1.12,0.9,100
2025-07-10 04:00:00,25.3,94,0.0,0.9,1.0,100
2025-07-10 05:00:00,25.4,96,10.0,0.97,0.5,100
2025-07-10 06:00:00,26.5,94,39.0,0.96,1.3,100
2025-07-10 07:00:00,26.5,93,58.0,0.76,1.1,100
2025-07-10 08:00:00,27.8,87,307.0,0.72,0.1,96
2025-07-10 09:00:00,28.8,82,378.0,1.19,0.0,74
2025-07-10 10:00:00,30.3,77,677.0,1.26,0.1,32
2025-07-10 11:00:00,31.2,75,769.0,0.56,0.1,23
2025-07-10 12:00:00,32.0,72,850.0,0.84,0.1,29
2025-07-10 13:00:00,32.3,72,773.0,1.23,0.2,38
2025-07-10 14:00:00,32.3,69,656.0,1.63,0.6,61
2025-07-10 15:00:00,31.8,68,467.0,2.8,0.6,55
2025-07-10 16:00:00,30.2,78,228.0,2.63,0.0,53
2025-07-10 17:00:00,29.7,81,152.0,1.71,0.0,16
2025-07-10 18:00:00,28.2,89,26.0,1.42,0.0,21
2025-07-10 19:00:00,27.8,90,0.0,1.52,0.0,48
2025-07-10 20:00:00,27.5,92,0.0,1.69,0.0,6
2025-07-10 21:00:00,27.2,91,0.0,1.35,0.0,13
2025-07-10 22:00:00,26.8,92,0.0,0.96,0.0,29
2025-07-10 23:00:00,26.7,94,0.0,0.21,0.0,62
2025-07-11 00:00:00,26.4,97,0.0,1.3,0.0,63
2025-07-11 01:00:00,25.9,97,0.0,0.85,0.0,78
2025-07-11 02:00:00,25.6,95,0.0,0.35,0.0,94
2025-07-11 03:00:00,25.5,95,0.0,0.21,0.0,31
2025-07-11 04:00:00,25.2,96,0.0,0.21,0.0,34
2025-07-11 05:00:00,25.8,94,29.0,0.53,0.0,16
2025-07-11 06:00:00,28.2,81,177.0,0.89,0.0,12
2025-07-11 07:00:00,29.3,77,373.0,0.68,0.0,1
2025-07-11 08:00:00,30.5,73,570.0,1.1,0.0,2
2025-07-11 09:00:00,31.6,70,713.0,1.2,0.0,7
2025-07-11 10:00:00,32.7,66,837.0,0.93,0.0,8
2025-07-11 11:00:00,33.3,63,883.0,0.29,0.0,10
2025-07-11 12:00:00,33.9,60,876.0,1.08,0.0,8
2025-07-11 13:00:00,34.1,60,826.0,1.86,0.0,18
2025-07-11 14:00:00,33.9,60,717.0,2.64,0.0,26
2025-07-11 15:00:00,33.5,63,533.0,2.84,0.0,26
2025-07-11 16:00:00,32.5,67,354.0,3.26,0.0,33
2025-07-11 17:00:00,31.1,77,164.0,2.51,0.0,20
2025-07-11 18:00:00,30.0,80,26.0,1.92,0.0,16
2025-07-11 19:00:00,29.4,83,0.0,1.74,0.0,7
2025-07-11 20:00:00,28.8,87,0.0,1.23,0.0,3
2025-07-11 21:00:00,28.6,89,0.0,1.19,0.0,9
2025-07-11 22:00:00,28.5,89,0.0,1.12,0.0,6
2025-07-11 23:00:00,28.3,88,0.0,1.39,0.0,3
2025-07-12 00:00:00,28.2,86,0.0,1.62,0.0,3
2025-07-12 01:00:00,27.8,87,0.0,1.32,0.0,4
2025-07-12 02:00:00,27.9,86,0.0,0.57,0.0,6
2025-07-12 03:00:00,27.9,86,0.0,0.16,0.0,2
2025-07-12 04:00:00,27.5,88,0.0,0.39,0.0,4
2025-07-12 05:00:00,27.9,90,29.0,1.06,0.0,2
2025-07-12 06:00:00,30.4,79,170.0,0.79,0.0,6
2025-07-12 07:00:00,31.7,72,375.0,0.35,0.0,13
2025-07-12 08:00:00,32.4,70,564.0,0.7,0.1,99
2025-07-12 09:00:00,32.7,69,681.0,1.48,0.1,94
2025-07-12 10:00:00,33.1,69,777.0,1.42,0.2,58
2025-07-12 11:00:00,33.3,69,749.0,1.42,0.1,83
2025-07-12 12:00:00,34.2,66,853.0,1.31,0.0,100
2025-07-12 13:00:00,33.5,66,683.0,1.22,0.7,100
2025-07-12 14:00:00,33.8,67,478.0,0.86,0.0,30
2025-07-12 15:00:00,34.0,66,484.0,1.27,0.0,43
2025-07-12 16:00:00,31.5,76,325.0,2.95,0.2,75
2025-07-12 17:00:00,31.2,78,141.0,1.3,0.0,38
2025-07-12 18:00:00,30.9,81,23.0,1.38,0.0,100
2025-07-12 19:00:00,30.5,85,0.0,1.06,0.0,98
2025-07-12 20:00:00,30.2,86,0.0,1.32,0.0,98
2025-07-12 21:00:00,30.0,86,0.0,1.6,0.0,84
2025-07-12 22:00:00,29.8,86,0.0,1.5,0.0,96
2025-07-12 23:00:00,29.6,87,0.0,1.5,0.0,92
2025-07-13 00:00:00,29.0,91,0.0,2.04,0.0,100
2025-07-13 01:00:00,28.8,92,0.0,1.55,0.0,100
2025-07-13 02:00:00,28.5,95,0.0,0.9,0.0,100
2025-07-13 03:00:00,28.5,96,0.0,1.0,0.1,72
2025-07-13 04:00:00,28.1,99,0.0,1.55,0.0,9
2025-07-13 05:00:00,28.4,95,29.0,1.73,0.0,18
2025-07-13 06:00:00,29.6,91,177.0,2.07,0.0,1
2025-07-13 07:00:00,31.3,80,377.0,2.16,0.0,0
2025-07-13 08:00:00,32.7,73,571.0,2.7,0.0,0
2025-07-13 09:00:00,33.8,68,738.0,3.41,0.0,0
2025-07-13 10:00:00,34.7,65,857.0,3.72,0.0,1
2025-07-13 11:00:00,35.1,63,914.0,3.91,0.0,1
2025-07-13 12:00:00,36.0,60,914.0,4.03,0.0,12
2025-07-13 13:00:00,36.2,60,852.0,3.63,0.0,7
2025-07-13 14:00:00,36.0,61,730.0,3.24,0.0,14
2025-07-13 15:00:00,35.8,61,544.0,3.18,0.0,37
2025-07-13 16:00:00,35.8,65,345.0,1.3,0.0,48
2025-07-13 17:00:00,33.5,74,150.0,3.77,0.6,59
2025-07-13 18:00:00,31.0,88,25.0,1.49,0.0,37
2025-07-13 19:00:00,30.2,89,0.0,1.84,0.3,57
2025-07-13 20:00:00,28.1,93,0.0,3.04,6.8,87
2025-07-13 21:00:00,27.7,94,0.0,1.15,0.1,97
2025-07-13 22:00:00,27.4,97,0.0,4.1,0.6,100
2025-07-13 23:00:00,26.8,97,0.0,3.04,0.0,100
2025-07-14 00:00:00,26.6,97,0.0,1.86,1.5,100
2025-07-14 01:00:00,26.0,99,0.0,1.01,11.3,100
2025-07-14 02:00:00,26.3,96,0.0,0.68,0.2,100
2025-07-14 03:00:00,26.0,95,0.0,1.3,3.2,100
2025-07-14 04:00:00,25.9,96,0.0,0.95,0.5,100
2025-07-14 05:00:00,25.8,97,16.0,0.3,4.6,100
2025-07-14 06:00:00,27.9,92,110.0,1.87,0.0,100
2025-07-14 07:00:00,28.5,90,214.0,1.1,0.0,100
2025-07-14 08:00:00,29.3,85,312.0,1.5,0.0,100
2025-07-14 09:00:00,30.5,79,538.0,1.63,0.0,100
2025-07-14 10:00:00,31.4,75,598.0,1.73,0.0,100
2025-07-14 11:00:00,32.2,72,687.0,1.83,0.0,100
2025-07-14 12:00:00,32.6,71,663.0,2.28,0.0,100
2025-07-14 13:00:00,32.3,71,669.0,2.45,3.4,100
2025-07-14 14:00:00,29.4,84,187.0,2.13,0.3,100
2025-07-14 15:00:00,29.4,86,188.0,1.52,0.5,100
2025-07-14 16:00:00,29.9,83,243.0,2.19,0.1,100
2025-07-14 17:00:00,29.5,84,83.0,1.63,0.0,100
2025-07-14 18:00:00,28.7,92,13.0,0.16,0.0,100
2025-07-14 19:00:00,28.6,93,0.0,0.07,0.0,100
2025-07-14 20:00:00,28.4,94,0.0,0.29,0.0,100
2025-07-14 21:00:00,28.4,95,0.0,1.35,0.1,100
2025-07-14 22:00:00,28.1,96,0.0,1.77,0.1,100
2025-07-14 23:00:00,27.8,96,0.0,2.82,0.0,99
2025-07-15 00:00:00,27.4,93,0.0,2.74,0.0,100
2025-07-15 01:00:00,27.2,93,0.0,2.01,0.1,100
2025-07-15 02:00:00,26.8,95,0.0,2.4,0.7,100
2025-07-15 03:00:00,25.9,97,0.0,1.66,4.2,100
2025-07-15 04:00:00,25.6,98,0.0,1.05,2.1,100
2025-07-15 05:00:00,25.8,96,20.0,0.79,2.3,100
2025-07-15 06:00:00,26.2,95,33.0,1.52,0.2,100
2025-07-15 07:00:00,26.6,92,120.0,0.82,1.1,100
2025-07-15 08:00:00,27.0,91,213.0,2.07,1.4,100
2025-07-15 09:00:00,27.2,90,213.0,1.94,0.3,100
2025-07-15 10:00:00,28.4,85,485.0,1.99,0.3,100
2025-07-15 11:00:00,28.7,85,464.0,2.29,0.3,100
2025-07-15 12:00:00,28.6,86,377.0,1.91,0.1,100
2025-07-15 13:00:00,30.3,77,660.0,1.61,0.0,100
2025-07-15 14:00:00,30.8,73,558.0,2.23,0.0,100
2025-07-15 15:00:00,30.9,73,398.0,2.13,0.0,100
2025-07-15 16:00:00,30.6,74,256.0,2.07,0.0,100
2025-07-15 17:00:00,29.8,80,127.0,1.6,0.0,100
2025-07-15 18:00:00,28.8,85,23.0,2.06,0.0,100
2025-07-15 19:00:00,27.8,91,0.0,1.11,0.0,99
2025-07-15 20:00:00,27.5,93,0.0,0.98,0.0,100
2025-07-15 21:00:00,27.5,92,0.0,1.2,0.0,100
2025-07-15 22:00:00,27.3,91,0.0,1.11,0.0,100
2025-07-15 23:00:00,27.5,90,0.0,0.76,0.0,100
2025-07-16 00:00:00,27.4,91,0.0,1.15,0.0,100
2025-07-16 01:00:00,27.3,92,0.0,1.41,0.0,100
2025-07-16 02:00:00,27.1,94,0.0,0.7,0.0,100
2025-07-16 03:00:00,27.0,91,0.0,0.32,0.0,100
2025-07-16 04:00:00,26.8,93,0.0,0.38,0.0,100
2025-07-16 05:00:00,27.3,92,24.0,0.54,0.0,98
2025-07-16 06:00:00,27.6,90,37.0,0.96,0.1,100
2025-07-16 07:00:00,28.6,86,215.0,1.1,0.0,100
2025-07-16 08:00:00,29.4,80,322.0,1.41,0.0,100
2025-07-16 09:00:00,30.1,76,475.0,1.25,0.0,100
2025-07-16 10:00:00,31.1,71,649.0,0.47,0.1,100
2025-07-16 11:00:00,31.6,71,723.0,0.57,0.1,99
2025-07-16 12:00:00,31.9,69,680.0,1.82,0.1,99
2025-07-16 13:00:00,32.3,67,737.0,2.85,0.0,99
2025-07-16 14:00:00,32.1,67,611.0,3.46,0.4,100
2025-07-16 15:00:00,32.0,69,502.0,3.26,0.1,99
2025-07-16 16:00:00,31.8,70,307.0,3.3,0.0,96
2025-07-16 17:00:00,31.0,75,144.0,2.44,0.0,96
2025-07-16 18:00:00,28.9,84,23.0,1.58,0.0,98
2025-07-16 19:00:00,28.3,88,0.0,1.43,0.0,100
2025-07-16 20:00:00,28.6,86,0.0,2.09,0.0,100
2025-07-16 21:00:00,28.2,89,0.0,1.99,0.0,100
2025-07-16 22:00:00,27.8,91,0.0,1.5,0.0,97
2025-07-16 23:00:00,27.5,92,0.0,1.74,0.0,100
2025-07-17 00:00:00,27.2,94,0.0,1.72,0.0,100
2025-07-17 01:00:00,27.1,94,0.0,1.84,0.0,100
2025-07-17 02:00:00,27.1,92,0.0,1.44,0.0,100
2025-07-17 03:00:00,26.9,93,0.0,0.83,0.0,97
2025-07-17 04:00:00,26.5,93,0.0,1.12,0.5,85
2025-07-17 05:00:00,27.1,92,22.0,1.53,0.0,36
2025-07-17 06:00:00,28.0,88,158.0,1.87,2.1,93
2025-07-17 07:00:00,27.9,89,193.0,2.08,0.2,80
2025-07-17 08:00:00,29.2,83,431.0,1.23,0.2,53
2025-07-17 09:00:00,30.4,79,621.0,2.04,0.2,45
2025-07-17 10:00:00,31.5,76,769.0,2.94,0.2,32
2025-07-17 11:00:00,32.4,70,866.0,3.53,0.1,29
2025-07-17 12:00:00,32.7,68,855.0,3.72,0.0,40
2025-07-17 13:00:00,32.9,66,823.0,4.32,0.0,34
2025-07-17 14:00:00,33.2,64,701.0,4.04,0.0,23
2025-07-17 15:00:00,33.1,63,549.0,4.01,0.0,30
2025-07-17 16:00:00,32.4,67,357.0,3.38,0.0,22
2025-07-17 17:00:00,31.5,72,158.0,2.65,0.0,21
2025-07-17 18:00:00,29.8,80,23.0,2.26,0.0,38
2025-07-17 19:00:00,29.2,83,0.0,2.06,0.0,66
2025-07-17 20:00:00,28.9,83,0.0,2.29,0.0,83
2025-07-17 21:00:00,28.6,84,0.0,2.48,0.0,50
2025-07-17 22:00:00,28.1,86,0.0,2.21,0.0,33
2025-07-17 23:00:00,27.7,86,0.0,2.02,0.0,42
2025-07-18 00:00:00,27.3,87,0.0,1.62,0.0,81
2025-07-18 01:00:00,27.0,89,0.0,1.24,0.0,69
2025-07-18 02:00:00,26.8,91,0.0,1.12,0.0,83
2025-07-18 03:00:00,26.7,92,0.0,0.92,0.0,64
2025-07-18 04:00:00,26.4,93,0.0,0.84,0.0,66
2025-07-18 05:00:00,27.1,92,25.0,1.3,0.0,49
2025-07-18 06:00:00,28.8,86,169.0,1.55,0.0,41
2025-07-18 07:00:00,29.7,82,350.0,2.01,0.0,23
2025-07-18 08:00:00,30.5,79,537.0,2.55,0.1,34
2025-07-18 09:00:00,31.7,71,707.0,3.26,0.1,25
2025-07-18 10:00:00,32.3,68,795.0,4.03,0.0,22
2025-07-18 11:00:00,32.6,68,780.0,4.45,0.2,18
2025-07-18 12:00:00,33.2,67,862.0,4.4,0.0,15
2025-07-18 13:00:00,33.5,67,794.0,4.61,0.1,21
2025-07-18 14:00:00,32.9,70,670.0,5.21,0.1,31
2025-07-18 15:00:00,32.1,73,457.0,4.97,0.8,39
2025-07-18 16:00:00,32.0,72,310.0,4.41,0.0,58
2025-07-18 17:00:00,31.1,76,157.0,3.15,0.0,73
2025-07-18 18:00:00,29.5,86,22.0,1.3,0.0,97
2025-07-18 19:00:00,29.1,87,0.0,1.31,0.0,90
2025-07-18 20:00:00,28.8,88,0.0,1.21,0.0,92
2025-07-18 21:00:00,28.6,89,0.0,1.17,0.0,100
2025-07-18 22:00:00,28.3,91,0.0,1.1,0.0,97
2025-07-18 23:00:00,27.8,94,0.0,0.9,0.0,97
2025-07-19 00:00:00,27.6,95,0.0,1.03,0.0,100
2025-07-19 01:00:00,27.5,94,0.0,1.04,0.0,100
2025-07-19 02:00:00,27.3,94,0.0,1.65,0.0,100
2025-07-19 03:00:00,27.1,94,0.0,1.7,0.0,100
2025-07-19 04:00:00,26.7,95,0.0,2.1,0.0,100
2025-07-19 05:00:00,26.9,93,21.0,1.6,0.0,100
2025-07-19 06:00:00,28.7,88,150.0,1.95,0.0,82
2025-07-19 07:00:00,29.7,84,338.0,2.6,0.0,100
2025-07-19 08:00:00,30.6,81,504.0,2.3,0.0,100
2025-07-19 09:00:00,31.5,77,661.0,2.1,0.0,100
2025-07-19 10:00:00,32.3,75,643.0,2.7,0.0,97
2025-07-19 11:00:00,33.1,73,761.0,3.06,0.0,100
2025-07-19 12:00:00,33.2,72,760.0,3.35,0.0,100
2025-07-19 13:00:00,33.2,72,690.0,2.9,0.0,100
2025-07-19 14:00:00,32.0,73,571.0,3.68,0.1,99
2025-07-19 15:00:00,31.9,75,438.0,1.41,0.1,100
2025-07-19 16:00:00,32.0,74,300.0,0.68,0.0,100
2025-07-19 17:00:00,31.0,77,92.0,0.4,0.3,100
2025-07-19 18:00:00,28.8,92,18.0,1.33,0.0,100
2025-07-19 19:00:00,28.7,95,0.0,1.35,0.0,100
2025-07-19 20:00:00,28.6,96,0.0,1.23,0.0,100
2025-07-19 21:00:00,28.5,96,0.0,1.86,0.0,100
2025-07-19 22:00:00,28.2,96,0.0,1.9,0.0,99
2025-07-19 23:00:00,28.0,97,0.0,1.81,0.0,100
2025-07-20 00:00:00,26.9,96,0.0,1.91,2.6,100
2025-07-20 01:00:00,26.9,94,0.0,1.24,1.3,100
2025-07-20 02:00:00,26.5,96,0.0,1.24,1.2,100
2025-07-20 03:00:00,26.5,96,0.0,0.59,1.4,100
2025-07-20 04:00:00,26.2,97,0.0,1.53,2.2,100
2025-07-20 05:00:00,26.3,96,3.0,1.1,1.2,100
2025-07-20 06:00:00,27.4,93,34.0,1.7,0.6,100
2025-07-20 07:00:00,27.8,93,173.0,1.91,1.5,100
2025-07-20 08:00:00,27.8,94,179.0,1.21,1.9,100
2025-07-20 09:00:00,28.2,93,186.0,0.9,1.2,100
2025-07-20 10:00:00,29.7,90,576.0,1.2,0.6,100
2025-07-20 11:00:00,29.8,86,573.0,1.77,7.4,100
2025-07-20 12:00:00,29.6,89,528.0,2.2,0.6,98
2025-07-20 13:00:00,30.0,87,501.0,1.98,0.3,96
2025-07-20 14:00:00,30.3,84,393.0,2.04,0.2,100
2025-07-20 15:00:00,30.5,82,369.0,1.63,0.1,98
2025-07-20 16:00:00,30.6,79,290.0,1.6,0.1,100
2025-07-20 17:00:00,30.2,81,110.0,0.91,0.0,100
2025-07-20 18:00:00,29.0,86,23.0,0.89,0.0,99
2025-07-20 19:00:00,28.7,91,0.0,0.85,0.0,100
2025-07-20 20:00:00,28.6,92,0.0,0.25,0.0,99
2025-07-20 21:00:00,28.0,95,0.0,0.76,0.0,99
2025-07-20 22:00:00,28.1,96,0.0,1.64,0.0,99
2025-07-20 23:00:00,27.7,97,0.0,1.79,0.0,99
2025-07-21 00:00:00,27.6,97,0.0,1.9,0.0,99
2025-07-21 01:00:00,27.2,95,0.0,2.45,0.2,98
2025-07-21 02:00:00,27.0,92,0.0,2.4,0.0,100
2025-07-21 03:00:00,26.9,92,0.0,2.16,0.0,100
2025-07-21 04:00:00,26.8,94,0.0,1.77,0.0,100
2025-07-21 05:00:00,27.1,94,23.0,1.58,0.0,100
2025-07-21 06:00:00,28.8,87,151.0,0.89,0.0,100
2025-07-21 07:00:00,30.0,80,335.0,0.86,0.0,100
2025-07-21 08:00:00,30.9,75,468.0,1.12,0.1,100
2025-07-21 09:00:00,31.6,72,632.0,1.49,0.1,100
2025-07-21 10:00:00,32.4,72,772.0,1.63,0.0,100
2025-07-21 11:00:00,32.8,70,810.0,2.36,0.1,100
2025-07-21 12:00:00,32.7,72,794.0,2.07,0.0,100
2025-07-21 13:00:00,33.1,68,623.0,2.06,0.0,100
2025-07-21 14:00:00,32.6,72,529.0,1.95,0.1,100
2025-07-21 15:00:00,32.8,71,434.0,1.78,0.0,100
2025-07-21 16:00:00,32.4,70,317.0,2.35,0.1,100
2025-07-21 17:00:00,31.2,79,153.0,2.32,0.0,100
2025-07-21 18:00:00,30.0,86,15.0,1.19,0.0,100
2025-07-21 19:00:00,29.4,91,0.0,0.7,0.0,100
2025-07-21 20:00:00,29.1,93,0.0,0.78,0.0,100
2025-07-21 21:00:00,28.6,97,0.0,0.16,0.0,100
2025-07-21 22:00:00,27.9,98,0.0,0.91,6.0,100
2025-07-21 23:00:00,27.6,100,0.0,1.24,2.1,100
2025-07-22 00:00:00,27.3,99,0.0,1.59,5.0,100
2025-07-22 01:00:00,27.3,97,0.0,0.35,1.4,100
2025-07-22 02:00:00,27.1,93,0.0,1.06,4.6,100
2025-07-22 03:00:00,26.5,96,0.0,1.32,4.7,100
2025-07-22 04:00:00,26.6,95,0.0,0.3,3.3,100
2025-07-22 05:00:00,26.5,96,7.0,0.35,2.1,99
2025-07-22 06:00:00,27.3,92,85.0,1.17,0.2,93
2025-07-22 07:00:00,28.3,89,252.0,0.52,0.0,82
2025-07-22 08:00:00,29.5,82,466.0,1.5,0.0,90
2025-07-22 09:00:00,30.8,75,542.0,1.73,0.0,96
2025-07-22 10:00:00,31.8,73,729.0,1.96,0.2,73
2025-07-22 11:00:00,32.4,71,783.0,2.01,0.1,41
2025-07-22 12:00:00,33.0,69,835.0,2.63,0.1,32
2025-07-22 13:00:00,33.4,67,783.0,2.93,0.1,50
2025-07-22 14:00:00,33.2,68,648.0,3.06,0.0,40
2025-07-22 15:00:00,33.5,66,558.0,3.1,0.0,16
2025-07-22 16:00:00,32.8,69,341.0,3.12,0.0,39
2025-07-22 17:00:00,31.9,75,158.0,2.04,0.0,82
2025-07-22 18:00:00,30.1,80,21.0,2.34,0.0,97
2025-07-22 19:00:00,29.7,81,0.0,2.02,0.0,100
2025-07-22 20:00:00,29.4,82,0.0,1.73,0.0,100
2025-07-22 21:00:00,29.2,84,0.0,1.64,0.0,89
2025-07-22 22:00:00,28.7,88,0.0,1.36,0.0,54
2025-07-22 23:00:00,28.5,90,0.0,1.63,0.0,96
2025-07-23 00:00:00,28.3,89,0.0,2.72,0.1,100
2025-07-23 01:00:00,27.8,90,0.0,2.42,0.2,78
2025-07-23 02:00:00,27.8,89,0.0,2.42,0.0,100
2025-07-23 03:00:00,27.6,89,0.0,2.1,0.0,99
2025-07-23 04:00:00,27.4,91,0.0,1.25,0.0,100
2025-07-23 05:00:00,28.2,88,22.0,0.78,0.0,100
2025-07-23 06:00:00,30.0,84,159.0,1.01,0.0,100
2025-07-23 07:00:00,31.1,78,322.0,1.16,0.0,100
2025-07-23 08:00:00,31.7,75,532.0,2.03,0.2,100
2025-07-23 09:00:00,32.0,74,562.0,2.06,0.1,100
2025-07-23 10:00:00,33.1,70,759.0,1.9,0.0,99
2025-07-23 11:00:00,34.0,66,838.0,1.86,0.0,100
2025-07-23 12:00:00,34.5,64,827.0,2.31,0.0,100
2025-07-23 13:00:00,34.7,64,835.0,2.51,0.0,88
2025-07-23 14:00:00,34.6,65,724.0,2.42,0.0,77
2025-07-23 15:00:00,34.5,65,527.0,2.27,0.0,16
2025-07-23 16:00:00,34.3,66,355.0,2.16,0.0,41
2025-07-23 17:00:00,33.4,75,161.0,1.23,0.0,32
2025-07-23 18:00:00,32.1,79,22.0,1.53,0.0,100
2025-07-23 19:00:00,31.0,80,0.0,2.71,0.0,100
2025-07-23 20:00:00,30.2,82,0.0,1.62,0.0,100
2025-07-23 21:00:00,29.8,88,0.0,1.1,0.0,95
2025-07-23 22:00:00,29.7,91,0.0,0.14,0.0,100
2025-07-23 23:00:00,29.1,95,0.0,0.73,0.0,100
2025-07-24 00:00:00,29.0,96,0.0,1.14,0.0,100
2025-07-24 01:00:00,29.1,92,0.0,1.7,0.0,99
2025-07-24 02:00:00,28.9,90,0.0,1.11,0.0,96
2025-07-24 03:00:00,29.0,88,0.0,1.6,0.0,91
2025-07-24 04:00:00,28.6,89,0.0,1.08,0.0,77
2025-07-24 05:00:00,29.3,86,22.0,0.71,0.0,95
2025-07-24 06:00:00,31.9,77,150.0,0.67,0.0,29
2025-07-24 07:00:00,33.2,71,360.0,0.86,0.0,89
2025-07-24 08:00:00,33.3,70,314.0,0.57,0.0,9
2025-07-24 09:00:00,34.6,68,709.0,1.86,0.0,17
2025-07-24 10:00:00,35.4,63,820.0,2.2,0.0,11
2025-07-24 11:00:00,36.1,59,883.0,2.55,0.0,17
2025-07-24 12:00:00,36.2,58,846.0,2.36,0.0,52
2025-07-24 13:00:00,36.7,56,810.0,2.73,0.0,18
2025-07-24 14:00:00,36.6,57,707.0,3.34,0.0,55
2025-07-24 15:00:00,35.8,60,534.0,3.77,0.0,99
2025-07-24 16:00:00,35.2,66,329.0,2.34,0.0,99
2025-07-24 17:00:00,34.1,73,149.0,1.72,0.0,68
2025-07-24 18:00:00,32.6,79,20.0,2.54,0.0,97
2025-07-24 19:00:00,31.9,79,0.0,1.97,0.0,100
2025-07-24 20:00:00,31.1,84,0.0,0.21,0.0,100
2025-07-24 21:00:00,30.2,90,0.0,0.87,0.0,99
2025-07-24 22:00:00,29.9,95,0.0,1.71,0.0,100
2025-07-24 23:00:00,29.8,94,0.0,0.76,0.0,100
2025-07-25 00:00:00,28.5,96,0.0,2.91,10.1,100
2025-07-25 01:00:00,27.5,99,0.0,3.36,6.2,100
2025-07-25 02:00:00,27.8,93,0.0,2.47,0.2,100
2025-07-25 03:00:00,27.6,94,0.0,1.03,0.0,100
2025-07-25 04:00:00,27.4,97,0.0,2.33,0.0,100
2025-07-25 05:00:00,27.2,97,5.0,3.16,0.2,100
2025-07-25 06:00:00,28.3,92,96.0,3.87,0.0,100
2025-07-25 07:00:00,28.4,91,73.0,3.75,0.0,100
2025-07-25 08:00:00,29.3,88,218.0,3.29,0.0,100
2025-07-25 09:00:00,30.8,81,519.0,3.8,0.0,100
2025-07-25 10:00:00,32.7,71,786.0,4.18,0.0,99
2025-07-25 11:00:00,33.9,68,824.0,4.14,0.0,100
2025-07-25 12:00:00,34.1,67,821.0,3.94,0.0,100
2025-07-25 13:00:00,34.6,65,805.0,3.92,0.0,100
2025-07-25 14:00:00,34.9,63,695.0,4.35,0.0,100
2025-07-25 15:00:00,34.5,64,479.0,4.51,0.0,91
2025-07-25 16:00:00,34.0,69,348.0,4.18,0.0,86
2025-07-25 17:00:00,33.4,72,158.0,4.53,0.0,97
2025-07-25 18:00:00,32.2,70,20.0,6.03,0.0,97
2025-07-25 19:00:00,31.8,72,0.0,3.36,0.0,97
2025-07-25 20:00:00,30.2,83,0.0,1.31,0.0,99
2025-07-25 21:00:00,28.8,94,0.0,2.38,0.0,100
2025-07-25 22:00:00,27.9,97,0.0,3.01,0.0,100
2025-07-25 23:00:00,27.4,96,0.0,3.54,0.0,100
2025-07-26 00:00:00,27.6,94,0.0,1.93,0.0,100
2025-07-26 01:00:00,27.4,94,0.0,1.93,0.1,100
2025-07-26 02:00:00,27.2,94,0.0,1.43,0.1,100
2025-07-26 03:00:00,27.2,94,0.0,1.13,0.0,100
2025-07-26 04:00:00,27.0,95,0.0,0.47,0.0,100
2025-07-26 05:00:00,27.1,94,10.0,0.22,0.1,100
2025-07-26 06:00:00,27.2,91,62.0,1.86,2.5,100
2025-07-26 07:00:00,27.3,90,118.0,1.0,2.0,100
2025-07-26 08:00:00,28.8,87,323.0,0.34,0.1,100
2025-07-26 09:00:00,30.2,84,566.0,0.29,0.2,100
2025-07-26 10:00:00,31.2,81,639.0,0.3,0.2,100
2025-07-26 11:00:00,32.3,78,818.0,0.55,0.3,100
2025-07-26 12:00:00,32.8,76,753.0,1.03,2.6,100
2025-07-26 13:00:00,32.5,77,569.0,1.5,2.8,100
2025-07-26 14:00:00,31.4,78,511.0,1.7,3.7,100
2025-07-26 15:00:00,31.4,79,257.0,0.67,0.9,100
2025-07-26 16:00:00,30.8,79,151.0,0.57,1.5,100
2025-07-26 17:00:00,30.7,82,137.0,1.06,0.0,100
2025-07-26 18:00:00,29.7,88,19.0,1.17,0.0,100
2025-07-26 19:00:00,29.2,93,0.0,2.36,0.0,100
2025-07-26 20:00:00,28.7,93,0.0,1.38,0.0,100
2025-07-26 21:00:00,28.3,92,0.0,1.5,0.0,100
2025-07-26 22:00:00,28.1,95,0.0,0.2,0.3,100
2025-07-26 23:00:00,27.9,95,0.0,0.34,0.7,100
2025-07-27 00:00:00,27.3,97,0.0,0.86,2.3,100
2025-07-27 01:00:00,26.8,96,0.0,1.11,9.0,100
2025-07-27 02:00:00,27.0,92,0.0,0.21,0.9,100
2025-07-27 03:00:00,26.8,96,0.0,0.2,0.3,100
2025-07-27 04:00:00,27.0,93,0.0,0.05,0.3,100
2025-07-27 05:00:00,27.0,92,10.0,0.57,0.1,100
2025-07-27 06:00:00,27.8,87,41.0,1.83,0.9,100
2025-07-27 07:00:00,27.9,90,94.0,1.29,0.9,100
2025-07-27 08:00:00,28.2,90,242.0,1.82,2.1,100
2025-07-27 09:00:00,28.8,88,295.0,1.35,0.8,100
2025-07-27 10:00:00,29.6,86,419.0,0.89,0.6,100
2025-07-27 11:00:00,30.3,85,474.0,1.03,0.5,100
2025-07-27 12:00:00,30.1,83,415.0,1.29,5.3,99
2025-07-27 13:00:00,30.7,79,485.0,0.65,0.9,100
2025-07-27 14:00:00,30.7,80,384.0,1.1,0.2,100
2025-07-27 15:00:00,30.6,81,384.0,1.32,0.6,100
2025-07-27 16:00:00,28.7,87,194.0,1.05,8.0,100
2025-07-27 17:00:00,28.6,90,63.0,1.61,0.4,100
2025-07-27 18:00:00,27.3,96,14.0,0.25,10.7,100
2025-07-27 19:00:00,27.1,96,0.0,0.65,4.2,100
2025-07-27 20:00:00,27.1,95,0.0,0.11,2.4,100
2025-07-27 21:00:00,26.9,97,0.0,0.35,1.8,100
2025-07-27 22:00:00,26.9,97,0.0,0.81,2.0,100
2025-07-27 23:00:00,26.8,97,0.0,0.99,1.6,100
2025-07-28 00:00:00,26.5,95,0.0,2.95,0.9,100
2025-07-28 01:00:00,26.0,100,0.0,3.27,3.8,100
2025-07-28 02:00:00,25.9,99,0.0,2.45,1.4,100
2025-07-28 03:00:00,25.8,98,0.0,1.46,2.7,100
2025-07-28 04:00:00,25.8,99,0.0,1.56,5.2,100
2025-07-28 05:00:00,26.0,100,3.0,1.45,5.1,100
2025-07-28 06:00:00,27.2,93,40.0,1.46,3.3,100
2025-07-28 07:00:00,27.2,93,55.0,2.23,4.3,100
2025-07-28 08:00:00,27.6,93,252.0,2.49,2.5,100
2025-07-28 09:00:00,27.5,92,123.0,1.15,5.3,100
2025-07-28 10:00:00,27.9,90,179.0,0.97,0.7,100
2025-07-28 11:00:00,29.0,85,377.0,0.4,0.1,100
2025-07-28 12:00:00,30.0,83,471.0,0.54,0.3,96
2025-07-28 13:00:00,31.4,79,742.0,0.78,0.2,100
2025-07-28 14:00:00,31.6,78,549.0,0.21,0.2,100
2025-07-28 15:00:00,29.5,82,283.0,0.53,8.1,100
2025-07-28 16:00:00,28.6,88,208.0,0.81,1.7,99
2025-07-28 17:00:00,28.6,88,113.0,0.28,0.2,95
2025-07-28 18:00:00,28.4,90,13.0,1.23,0.0,74
2025-07-28 19:00:00,27.9,93,0.0,1.35,0.0,73
2025-07-28 20:00:00,27.5,96,0.0,1.31,0.0,56
2025-07-28 21:00:00,27.3,97,0.0,1.17,0.0,77
2025-07-28 22:00:00,27.0,97,0.0,0.81,0.8,68
2025-07-28 23:00:00,26.9,96,0.0,0.71,3.6,73
2025-07-29 00:00:00,26.7,96,0.0,0.57,4.6,35
2025-07-29 01:00:00,26.4,97,0.0,0.25,2.0,58
2025-07-29 02:00:00,26.0,97,0.0,0.0,3.7,63
2025-07-29 03:00:00,26.3,95,0.0,0.14,0.5,47
2025-07-29 04:00:00,26.2,95,0.0,0.36,1.0,39
2025-07-29 05:00:00,26.4,93,14.0,0.45,0.0,35
2025-07-29 06:00:00,26.9,91,128.0,2.21,0.1,60
2025-07-29 07:00:00,28.1,84,281.0,0.76,0.0,56
2025-07-29 08:00:00,29.6,79,476.0,0.86,0.0,71
2025-07-29 09:00:00,30.8,76,635.0,1.1,0.0,73
2025-07-29 10:00:00,31.6,75,693.0,1.0,0.1,54
2025-07-29 11:00:00,32.3,75,778.0,1.25,0.1,100
2025-07-29 12:00:00,32.7,75,753.0,1.45,0.2,100
2025-07-29 13:00:00,31.4,78,600.0,1.23,5.5,100
2025-07-29 14:00:00,27.7,90,176.0,1.93,7.5,96
2025-07-29 15:00:00,27.6,91,227.0,0.05,4.7,99
2025-07-29 16:00:00,28.3,88,191.0,0.95,0.7,75
2025-07-29 17:00:00,28.4,91,125.0,1.2,0.0,68
2025-07-29 18:00:00,29.4,84,18.0,1.67,0.0,15
2025-07-29 19:00:00,28.8,88,0.0,1.32,0.0,12
2025-07-29 20:00:00,28.3,89,0.0,1.63,0.6,33
2025-07-29 21:00:00,27.1,94,0.0,3.04,5.6,39
2025-07-29 22:00:00,26.7,96,0.0,0.8,1.6,76
2025-07-29 23:00:00,26.5,100,0.0,1.63,1.6,99
2025-07-30 00:00:00,26.3,98,0.0,2.17,2.9,100
2025-07-30 01:00:00,26.3,99,0.0,1.55,0.3,95
2025-07-30 02:00:00,26.2,99,0.0,1.18,0.0,97
2025-07-30 03:00:00,25.9,99,0.0,0.76,0.8,87
2025-07-30 04:00:00,25.8,96,0.0,1.13,1.1,100
2025-07-30 05:00:00,26.1,95,11.0,1.75,0.1,99
2025-07-30 06:00:00,27.8,91,120.0,1.08,0.7,100
2025-07-30 07:00:00,27.8,91,122.0,1.87,0.7,99
2025-07-30 08:00:00,28.0,88,331.0,1.89,3.0,99
2025-07-30 09:00:00,28.8,86,405.0,0.74,0.3,85
2025-07-30 10:00:00,30.3,83,782.0,0.61,0.3,73
2025-07-30 11:00:00,31.4,78,802.0,1.63,0.2,100
2025-07-30 12:00:00,30.0,78,595.0,2.69,13.9,93
2025-07-30 13:00:00,29.8,84,422.0,1.02,0.9,38
2025-07-30 14:00:00,31.1,78,615.0,0.82,0.2,59
2025-07-30 15:00:00,31.9,73,459.0,1.25,0.1,45
2025-07-30 16:00:00,31.5,73,300.0,2.12,0.1,26
2025-07-30 17:00:00,30.4,81,144.0,1.88,0.0,28
2025-07-30 18:00:00,28.8,91,17.0,1.1,0.0,34
2025-07-30 19:00:00,28.3,94,0.0,0.87,0.0,73
2025-07-30 20:00:00,28.1,96,0.0,1.25,0.2,50
2025-07-30 21:00:00,27.7,97,0.0,0.88,0.0,42
2025-07-30 22:00:00,27.4,97,0.0,0.85,0.0,74
2025-07-30 23:00:00,27.2,99,0.0,0.85,0.0,41
2025-07-31 00:00:00,27.1,98,0.0,0.8,0.0,43
2025-07-31 01:00:00,26.8,95,0.0,0.85,0.0,65
2025-07-31 02:00:00,26.4,96,0.0,0.66,0.0,41
2025-07-31 03:00:00,26.1,99,0.0,0.47,0.0,46
2025-07-31 04:00:00,25.8,99,0.0,0.53,0.0,26
2025-07-31 05:00:00,26.4,98,17.0,0.9,0.0,37
2025-07-31 06:00:00,28.6,87,142.0,0.81,0.0,28
2025-07-31 07:00:00,28.8,87,301.0,0.36,0.3,54
2025-07-31 08:00:00,29.0,85,346.0,0.89,0.1,16
2025-07-31 09:00:00,30.8,78,650.0,0.47,0.0,9
2025-07-31 10:00:00,32.2,71,813.0,0.71,0.0,12
2025-07-31 11:00:00,32.8,69,861.0,1.12,0.0,17
2025-07-31 12:00:00,33.0,70,837.0,0.87,0.0,34
2025-07-31 13:00:00,33.2,71,791.0,0.71,0.1,70
2025-07-31 14:00:00,33.4,70,685.0,0.78,0.1,91
2025-07-31 15:00:00,32.3,72,491.0,2.02,4.3,98
2025-07-31 16:00:00,31.2,76,187.0,1.97,2.9,92
2025-07-31 17:00:00,30.5,80,115.0,0.34,0.0,94
2025-07-31 18:00:00,30.1,85,16.0,2.3,0.4,88
2025-07-31 19:00:00,27.1,96,0.0,4.61,4.7,99
2025-07-31 20:00:00,26.2,97,0.0,2.51,7.7,100
2025-07-31 21:00:00,26.2,98,0.0,1.12,1.4,100
2025-07-31 22:00:00,26.6,99,0.0,1.15,0.2,100
2025-07-31 23:00:00,26.8,97,0.0,0.74,0.1,100
2025-08-01 00:00:00,26.9,93,0.0,0.4,0.1,100
2025-08-01 01:00:00,26.5,95,0.0,0.51,0.1,100
2025-08-01 02:00:00,26.5,95,0.0,0.66,0.1,100
2025-08-01 03:00:00,26.7,95,0.0,0.18,0.1,100
2025-08-01 04:00:00,26.7,96,0.0,0.68,0.1,100
2025-08-01 05:00:00,26.9,95,13.0,1.12,0.1,100
2025-08-01 06:00:00,28.1,92,106.0,1.81,0.1,100
2025-08-01 07:00:00,28.6,86,189.0,1.17,0.8,100
2025-08-01 08:00:00,29.3,86,279.0,1.25,0.2,100
2025-08-01 09:00:00,30.1,83,454.0,1.12,0.2,100
2025-08-01 10:00:00,31.0,80,685.0,1.54,0.3,100
2025-08-01 11:00:00,31.7,78,589.0,0.69,0.4,100
2025-08-01 12:00:00,32.0,78,650.0,0.49,0.4,100
2025-08-01 13:00:00,32.0,79,534.0,0.91,0.6,100
2025-08-01 14:00:00,32.0,76,521.0,0.85,3.2,75
2025-08-01 15:00:00,31.5,75,380.0,0.78,1.2,95
2025-08-01 16:00:00,29.7,82,258.0,1.72,0.5,100
2025-08-01 17:00:00,29.0,87,89.0,1.66,0.0,100
2025-08-01 18:00:00,29.2,92,15.0,0.15,0.0,100
2025-08-01 19:00:00,29.2,92,0.0,0.0,0.0,100
2025-08-01 20:00:00,28.7,94,0.0,0.96,0.0,100
2025-08-01 21:00:00,28.8,93,0.0,0.16,0.1,100
2025-08-01 22:00:00,28.3,91,0.0,0.3,0.8,100
2025-08-01 23:00:00,27.4,94,0.0,1.61,7.0,100
2025-08-02 00:00:00,27.2,97,0.0,0.81,0.1,100
2025-08-02 01:00:00,27.0,98,0.0,1.77,0.1,100
2025-08-02 02:00:00,26.5,98,0.0,1.84,6.3,100
2025-08-02 03:00:00,26.5,97,0.0,0.86,3.7,100
2025-08-02 04:00:00,26.5,97,0.0,0.43,1.2,100
2025-08-02 05:00:00,26.5,95,4.0,0.87,1.1,100
2025-08-02 06:00:00,27.2,93,72.0,2.2,2.8,100
2025-08-02 07:00:00,27.5,91,128.0,2.4,4.3,100
2025-08-02 08:00:00,28.0,88,224.0,1.57,0.9,100
2025-08-02 09:00:00,27.8,90,163.0,0.16,1.5,100
2025-08-02 10:00:00,28.4,88,226.0,0.74,0.5,100
2025-08-02 11:00:00,29.8,82,544.0,0.54,0.2,100
2025-08-02 12:00:00,30.2,80,543.0,0.42,0.1,100
2025-08-02 13:00:00,30.1,79,444.0,1.04,0.5,100
2025-08-02 14:00:00,29.9,80,230.0,1.4,0.0,100
2025-08-02 15:00:00,29.5,83,189.0,1.98,0.0,100
2025-08-02 16:00:00,29.5,83,176.0,1.48,0.0,99
2025-08-02 17:00:00,29.3,84,114.0,0.83,0.0,100
2025-08-02 18:00:00,28.1,94,8.0,0.79,0.0,100
2025-08-02 19:00:00,28.0,94,0.0,1.14,0.0,100
2025-08-02 20:00:00,28.1,94,0.0,1.31,0.1,100
2025-08-02 21:00:00,27.4,98,0.0,2.23,0.2,91
2025-08-02 22:00:00,26.9,98,0.0,1.12,0.2,95
2025-08-02 23:00:00,26.9,98,0.0,0.11,1.0,61
2025-08-03 00:00:00,26.4,94,0.0,0.75,5.5,100
2025-08-03 01:00:00,26.0,97,0.0,1.1,6.6,100
2025-08-03 02:00:00,26.1,96,0.0,0.6,1.1,72
2025-08-03 03:00:00,25.7,98,0.0,1.74,2.9,93
2025-08-03 04:00:00,25.6,97,0.0,0.75,0.4,52
2025-08-03 05:00:00,25.7,97,13.0,1.05,0.1,74
2025-08-03 06:00:00,27.6,90,118.0,0.88,0.1,66
2025-08-03 07:00:00,28.6,86,310.0,0.21,0.1,74
2025-08-03 08:00:00,29.4,82,416.0,0.59,0.1,69
2025-08-03 09:00:00,30.4,78,513.0,0.85,0.1,52
2025-08-03 10:00:00,31.0,76,598.0,1.19,0.2,57
2025-08-03 11:00:00,32.0,72,744.0,2.65,0.2,96
2025-08-03 12:00:00,29.4,85,750.0,3.36,4.8,100
2025-08-03 13:00:00,29.1,86,293.0,3.3,0.4,100
2025-08-03 14:00:00,28.4,90,170.0,4.04,0.3,100
2025-08-03 15:00:00,28.5,88,260.0,3.36,0.1,100
2025-08-03 16:00:00,29.0,87,220.0,2.75,0.0,100
2025-08-03 17:00:00,28.9,87,94.0,2.62,0.0,99
2025-08-03 18:00:00,27.9,97,8.0,1.57,0.2,97
2025-08-03 19:00:00,27.6,97,0.0,0.96,0.2,45
2025-08-03 20:00:00,27.3,97,0.0,1.35,0.1,78
2025-08-03 21:00:00,27.2,95,0.0,0.9,0.0,98
2025-08-03 22:00:00,26.8,96,0.0,1.06,0.0,84
2025-08-03 23:00:00,26.5,98,0.0,0.96,0.0,44
2025-08-04 00:00:00,26.2,96,0.0,1.21,0.0,66
2025-08-04 01:00:00,25.8,96,0.0,1.07,0.1,75
2025-08-04 02:00:00,25.5,98,0.0,1.06,0.0,47
2025-08-04 03:00:00,25.4,95,0.0,1.06,0.0,38
2025-08-04 04:00:00,25.2,96,0.0,0.65,0.0,60
2025-08-04 05:00:00,25.4,96,14.0,0.85,0.0,46
2025-08-04 06:00:00,26.7,93,69.0,1.22,0.0,91
2025-08-04 07:00:00,28.0,86,309.0,1.92,0.0,68
2025-08-04 08:00:00,29.4,79,477.0,1.6,0.0,98
2025-08-04 09:00:00,30.6,76,593.0,1.22,0.0,67
2025-08-04 10:00:00,30.5,78,702.0,3.46,2.9,99
2025-08-04 11:00:00,29.6,83,608.0,3.56,6.7,89
2025-08-04 12:00:00,30.5,77,482.0,3.99,0.1,72
2025-08-04 13:00:00,30.9,75,638.0,4.25,0.7,60
2025-08-04 14:00:00,31.0,74,596.0,4.67,0.1,63
2025-08-04 15:00:00,30.9,73,416.0,4.21,0.2,67
2025-08-04 16:00:00,30.3,77,274.0,3.75,0.3,72
2025-08-04 17:00:00,29.6,80,112.0,3.46,0.0,73
2025-08-04 18:00:00,28.1,89,12.0,1.44,0.1,80
2025-08-04 19:00:00,27.8,87,0.0,2.39,0.0,33
2025-08-04 20:00:00,27.1,90,0.0,2.53,0.0,34
2025-08-04 21:00:00,26.6,93,0.0,2.35,0.0,66
2025-08-04 22:00:00,26.2,94,0.0,1.65,0.0,76
2025-08-04 23:00:00,25.9,95,0.0,1.98,0.0,83
2025-08-05 00:00:00,25.4,97,0.0,1.03,0.0,75
2025-08-05 01:00:00,25.2,98,0.0,0.25,0.0,65
2025-08-05 02:00:00,25.1,97,0.0,0.45,0.0,77
2025-08-05 03:00:00,25.2,98,0.0,0.38,0.0,78
2025-08-05 04:00:00,25.1,98,0.0,0.76,0.0,60
2025-08-05 05:00:00,25.5,96,13.0,0.99,0.0,66
2025-08-05 06:00:00,25.7,95,49.0,1.32,0.3,94
2025-08-05 07:00:00,26.8,91,227.0,0.82,0.4,98
2025-08-05 08:00:00,27.7,88,329.0,1.23,0.2,99
2025-08-05 09:00:00,28.7,82,367.0,1.17,0.2,89
2025-08-05 10:00:00,29.8,77,535.0,0.8,0.0,100
2025-08-05 11:00:00,30.5,73,641.0,2.3,0.1,77
2025-08-05 12:00:00,29.6,77,532.0,3.1,0.4,95
2025-08-05 13:00:00,29.2,82,397.0,3.42,0.3,100
2025-08-05 14:00:00,28.3,86,205.0,2.27,0.1,99
2025-08-05 15:00:00,28.3,86,221.0,2.75,0.1,61
2025-08-05 16:00:00,28.4,87,222.0,2.3,0.0,35
2025-08-05 17:00:00,28.1,88,123.0,1.47,0.0,42
2025-08-05 18:00:00,28.3,88,13.0,1.0,0.0,68
2025-08-05 19:00:00,27.7,90,0.0,0.96,0.0,66
2025-08-05 20:00:00,27.4,92,0.0,0.94,0.0,96
2025-08-05 21:00:00,27.2,91,0.0,1.08,0.0,80
2025-08-05 22:00:00,26.9,92,0.0,1.17,0.0,59
2025-08-05 23:00:00,26.7,92,0.0,1.3,0.0,94
2025-08-06 00:00:00,26.3,93,0.0,0.98,0.0,90
2025-08-06 01:00:00,26.0,94,0.0,1.05,0.0,99
2025-08-06 02:00:00,25.6,96,0.0,0.76,0.0,99
2025-08-06 03:00:00,25.5,96,0.0,0.73,0.0,100
2025-08-06 04:00:00,25.6,96,0.0,1.2,0.0,99
2025-08-06 05:00:00,25.9,94,13.0,0.93,0.0,100
2025-08-06 06:00:00,27.2,87,112.0,1.64,0.1,95
2025-08-06 07:00:00,27.9,85,263.0,0.55,0.0,100
2025-08-06 08:00:00,28.8,82,386.0,0.36,0.0,100
2025-08-06 09:00:00,29.6,81,474.0,0.87,0.0,87
2025-08-06 10:00:00,30.5,77,589.0,1.19,0.0,76
2025-08-06 11:00:00,31.8,73,863.0,2.29,0.1,94
2025-08-06 12:00:00,32.3,69,865.0,3.17,0.1,99
2025-08-06 13:00:00,32.2,70,702.0,4.04,0.1,98
2025-08-06 14:00:00,32.0,70,607.0,4.78,0.1,78
2025-08-06 15:00:00,32.1,69,485.0,4.59,0.0,74
2025-08-06 16:00:00,31.2,73,290.0,3.49,0.2,99
2025-08-06 17:00:00,30.4,77,94.0,3.03,0.0,100
2025-08-06 18:00:00,29.3,82,10.0,2.69,0.0,100
2025-08-06 19:00:00,28.8,84,0.0,2.36,0.0,100
2025-08-06 20:00:00,28.4,86,0.0,1.66,0.0,100
2025-08-06 21:00:00,27.9,89,0.0,1.2,0.0,100
2025-08-06 22:00:00,27.8,91,0.0,0.85,0.0,100
2025-08-06 23:00:00,27.7,90,0.0,1.02,0.0,100
2025-08-07 00:00:00,27.4,90,0.0,1.45,0.0,100
2025-08-07 01:00:00,27.1,90,0.0,1.4,0.0,100
2025-08-07 02:00:00,27.0,91,0.0,1.55,0.0,100
2025-08-07 03:00:00,26.8,91,0.0,1.5,0.0,100
2025-08-07 04:00:00,26.6,92,0.0,1.17,0.0,100
2025-08-07 05:00:00,26.8,91,9.0,1.2,0.0,100
2025-08-07 06:00:00,27.9,88,76.0,1.12,0.2,100
2025-08-07 07:00:00,28.4,87,159.0,1.12,0.2,100
2025-08-07 08:00:00,28.8,85,219.0,1.77,0.1,100
2025-08-07 09:00:00,29.9,81,490.0,2.31,0.3,100
2025-08-07 10:00:00,30.5,78,490.0,1.87,0.2,100
2025-08-07 11:00:00,30.7,77,461.0,0.87,0.2,100
2025-08-07 12:00:00,31.2,76,549.0,1.54,0.1,100
2025-08-07 13:00:00,30.2,79,385.0,1.63,1.5,100
2025-08-07 14:00:00,29.5,82,272.0,0.3,0.4,99
2025-08-07 15:00:00,30.5,79,474.0,0.6,0.1,100
2025-08-07 16:00:00,29.4,82,259.0,1.46,1.7,100
2025-08-07 17:00:00,28.8,87,82.0,1.36,0.1,100
2025-08-07 18:00:00,26.6,100,7.0,2.15,0.5,100
2025-08-07 19:00:00,26.7,98,0.0,1.0,0.1,100
2025-08-07 20:00:00,26.0,97,0.0,1.74,1.1,100
2025-08-07 21:00:00,26.1,98,0.0,0.78,0.4,100
2025-08-07 22:00:00,26.0,98,0.0,0.78,0.2,100
2025-08-07 23:00:00,25.9,97,0.0,0.95,4.6,100
2025-08-08 00:00:00,26.1,99,0.0,1.39,0.5,100
2025-08-08 01:00:00,26.0,97,0.0,0.96,0.2,100
2025-08-08 02:00:00,25.8,98,0.0,0.51,0.2,100
2025-08-08 03:00:00,25.7,98,0.0,0.51,0.1,100
2025-08-08 04:00:00,25.6,98,0.0,0.9,0.2,100
2025-08-08 05:00:00,25.4,98,7.0,1.82,1.6,100
2025-08-08 06:00:00,26.9,93,113.0,1.48,0.0,100
2025-08-08 07:00:00,28.2,87,311.0,1.14,0.0,100
2025-08-08 08:00:00,28.9,83,341.0,1.06,0.0,100
2025-08-08 09:00:00,29.5,82,382.0,1.25,0.0,100
2025-08-08 10:00:00,30.3,81,459.0,1.17,0.2,100
2025-08-08 11:00:00,31.1,79,589.0,1.14,0.3,100
2025-08-08 12:00:00,30.6,80,484.0,1.37,3.4,100
2025-08-08 13:00:00,29.0,84,305.0,1.27,8.3,99
2025-08-08 14:00:00,29.9,81,386.0,1.46,0.2,100
2025-08-08 15:00:00,29.1,85,155.0,2.29,0.9,100
2025-08-08 16:00:00,29.0,87,151.0,1.54,0.1,100
2025-08-08 17:00:00,28.7,88,67.0,0.86,0.1,100
2025-08-08 18:00:00,27.0,96,4.0,0.72,0.4,100
2025-08-08 19:00:00,25.9,98,0.0,2.71,4.3,100
2025-08-08 20:00:00,26.2,97,0.0,1.07,3.9,100
2025-08-08 21:00:00,26.2,97,0.0,0.74,8.4,100
2025-08-08 22:00:00,26.3,96,0.0,0.6,1.7,100
2025-08-08 23:00:00,26.3,96,0.0,0.41,2.5,100
2025-08-09 00:00:00,26.0,97,0.0,1.56,3.2,100
2025-08-09 01:00:00,25.6,99,0.0,1.19,3.7,100
2025-08-09 02:00:00,25.5,100,0.0,0.76,2.2,100
2025-08-09 03:00:00,25.5,99,0.0,0.25,1.1,100
2025-08-09 04:00:00,25.6,98,0.0,0.46,0.7,100
2025-08-09 05:00:00,25.6,98,3.0,0.91,0.4,100
2025-08-09 06:00:00,26.9,89,94.0,2.34,0.0,70
2025-08-09 07:00:00,28.2,81,271.0,2.75,0.0,41
2025-08-09 08:00:00,29.0,75,434.0,3.28,0.0,100
2025-08-09 09:00:00,28.7,79,343.0,3.21,0.0,98
2025-08-09 10:00:00,30.2,76,763.0,3.57,0.0,100
2025-08-09 11:00:00,30.9,75,822.0,3.95,0.1,100
2025-08-09 12:00:00,31.5,72,834.0,4.46,0.0,100
2025-08-09 13:00:00,31.3,69,760.0,4.75,0.0,97
2025-08-09 14:00:00,31.7,66,598.0,4.95,0.0,97
2025-08-09 15:00:00,31.2,67,470.0,4.87,0.0,99
2025-08-09 16:00:00,30.4,72,295.0,4.41,0.0,100
2025-08-09 17:00:00,29.1,79,119.0,2.99,0.0,100
2025-08-09 18:00:00,27.9,91,11.0,0.74,0.0,100
2025-08-09 19:00:00,27.9,90,0.0,0.18,0.0,100
2025-08-09 20:00:00,27.9,90,0.0,0.21,0.0,98
2025-08-09 21:00:00,27.8,89,0.0,0.25,0.0,100
2025-08-09 22:00:00,27.3,90,0.0,0.84,0.0,100
2025-08-09 23:00:00,26.8,90,0.0,1.07,0.0,100
2025-08-10 00:00:00,26.7,90,0.0,1.43,0.0,100
2025-08-10 01:00:00,26.3,92,0.0,1.81,0.0,99
2025-08-10 02:00:00,25.8,95,0.0,0.76,0.0,100
2025-08-10 03:00:00,25.6,95,0.0,0.14,0.0,99
2025-08-10 04:00:00,25.2,96,0.0,0.14,0.0,99
2025-08-10 05:00:00,25.5,94,7.0,0.81,0.0,100
2025-08-10 06:00:00,27.0,90,98.0,0.45,0.0,98
2025-08-10 07:00:00,28.2,85,285.0,0.6,0.0,99
2025-08-10 08:00:00,29.2,81,420.0,0.5,0.0,100
2025-08-10 09:00:00,30.2,75,514.0,0.67,0.0,100
2025-08-10 10:00:00,30.3,76,415.0,1.39,0.9,100
2025-08-10 11:00:00,30.4,75,375.0,2.2,0.0,100
2025-08-10 12:00:00,30.6,75,438.0,2.51,0.1,100
2025-08-10 13:00:00,31.1,72,563.0,2.25,0.1,100
2025-08-10 14:00:00,30.7,73,502.0,2.78,0.1,100
2025-08-10 15:00:00,29.6,82,343.0,1.94,0.2,100
2025-08-10 16:00:00,29.6,82,239.0,0.47,0.0,99
2025-08-10 17:00:00,29.3,83,109.0,0.6,0.0,100
2025-08-10 18:00:00,27.9,91,9.0,0.16,0.0,100
2025-08-10 19:00:00,27.5,94,0.0,0.39,0.0,100
2025-08-10 20:00:00,27.4,94,0.0,0.57,0.0,100
2025-08-10 21:00:00,27.5,95,0.0,0.73,0.0,100
2025-08-10 22:00:00,27.3,97,0.0,0.21,0.0,100
2025-08-10 23:00:00,26.9,97,0.0,2.01,2.6,100
2025-08-11 00:00:00,26.2,98,0.0,1.89,1.4,100
2025-08-11 01:00:00,25.6,99,0.0,1.77,0.3,100
2025-08-11 02:00:00,25.4,96,0.0,1.38,0.1,100
2025-08-11 03:00:00,25.3,98,0.0,0.56,0.0,100
2025-08-11 04:00:00,25.3,97,0.0,0.96,0.0,100
2025-08-11 05:00:00,25.3,97,9.0,0.07,0.0,100
2025-08-11 06:00:00,26.0,96,20.0,1.04,2.7,100
2025-08-11 07:00:00,26.4,96,66.0,0.52,1.9,100
2025-08-11 08:00:00,26.6,95,71.0,1.35,1.4,100
2025-08-11 09:00:00,27.1,94,158.0,0.96,1.1,100
2025-08-11 10:00:00,27.9,90,230.0,0.65,0.7,100
2025-08-11 11:00:00,29.0,84,480.0,1.77,0.2,100
2025-08-11 12:00:00,29.3,82,382.0,2.02,0.0,100
2025-08-11 13:00:00,29.7,81,470.0,2.48,0.0,100
2025-08-11 14:00:00,30.7,78,618.0,2.71,0.0,98
2025-08-11 15:00:00,30.7,77,503.0,2.59,0.0,100
2025-08-11 16:00:00,30.5,77,306.0,1.45,0.0,96
2025-08-11 17:00:00,29.7,82,124.0,1.17,0.0,100
2025-08-11 18:00:00,29.1,86,9.0,0.36,0.1,100
2025-08-11 19:00:00,28.5,90,0.0,1.07,0.0,100
2025-08-11 20:00:00,28.1,92,0.0,0.65,0.0,100
2025-08-11 21:00:00,27.8,95,0.0,0.63,1.0,100
2025-08-11 22:00:00,27.5,97,0.0,0.73,0.0,100
2025-08-11 23:00:00,27.4,96,0.0,0.25,0.0,100
2025-08-12 00:00:00,27.3,95,0.0,0.1,0.2,100
2025-08-12 01:00:00,27.0,95,0.0,0.8,0.1,100
2025-08-12 02:00:00,27.0,94,0.0,1.79,0.3,99
2025-08-12 03:00:00,26.5,93,0.0,1.7,0.7,100
2025-08-12 04:00:00,26.1,95,0.0,0.72,2.0,99
2025-08-12 05:00:00,26.1,95,5.0,0.38,1.0,100
2025-08-12 06:00:00,26.7,97,28.0,1.65,2.4,100
2025-08-12 07:00:00,26.8,94,61.0,1.35,0.6,86
2025-08-12 08:00:00,28.6,87,422.0,0.71,0.1,77
2025-08-12 09:00:00,30.0,81,562.0,0.61,0.1,94
2025-08-12 10:00:00,30.9,77,573.0,1.05,0.1,100
2025-08-12 11:00:00,28.8,88,90.0,0.0,1.2,100
2025-08-12 12:00:00,27.9,91,76.0,0.72,2.5,100
2025-08-12 13:00:00,27.7,92,155.0,1.06,2.3,100
2025-08-12 14:00:00,27.9,92,246.0,1.39,1.3,99
2025-08-12 15:00:00,29.0,88,355.0,1.18,0.2,100
2025-08-12 16:00:00,29.3,86,262.0,0.96,0.0,100
2025-08-12 17:00:00,28.9,88,93.0,1.07,0.0,100
2025-08-12 18:00:00,27.7,96,5.0,1.27,0.6,100
2025-08-12 19:00:00,26.9,100,0.0,1.03,5.2,100
2025-08-12 20:00:00,26.7,99,0.0,1.89,0.3,100
2025-08-12 21:00:00,26.7,100,0.0,2.45,0.8,100
2025-08-12 22:00:00,26.4,99,0.0,2.86,0.6,100
2025-08-12 23:00:00,26.2,99,0.0,2.69,2.6,100
2025-08-13 00:00:00,26.0,99,0.0,2.45,0.5,100
2025-08-13 01:00:00,26.0,99,0.0,1.81,1.0,100
2025-08-13 02:00:00,26.0,99,0.0,2.02,1.9,100
2025-08-13 03:00:00,26.0,99,0.0,1.79,2.8,100
2025-08-13 04:00:00,25.9,98,0.0,1.37,3.3,100
2025-08-13 05:00:00,25.9,98,1.0,1.49,6.7,100
2025-08-13 06:00:00,26.3,96,30.0,1.82,1.8,100
2025-08-13 07:00:00,26.1,94,55.0,1.9,2.6,100
2025-08-13 08:00:00,26.1,96,52.0,2.16,2.8,100
2025-08-13 09:00:00,26.2,93,98.0,2.84,3.4,100
2025-08-13 10:00:00,26.3,94,119.0,2.84,2.8,100
2025-08-13 11:00:00,26.6,92,225.0,2.92,2.1,100
2025-08-13 12:00:00,26.6,95,230.0,2.76,1.9,100
2025-08-13 13:00:00,26.6,94,244.0,3.01,0.9,100
2025-08-13 14:00:00,27.3,94,278.0,2.64,0.4,100
2025-08-13 15:00:00,27.9,84,295.0,2.86,0.4,100
2025-08-13 16:00:00,26.8,94,93.0,2.3,1.4,100
2025-08-13 17:00:00,26.4,96,38.0,1.89,1.6,100
2025-08-13 18:00:00,26.2,95,8.0,2.21,0.0,100
2025-08-13 19:00:00,26.2,95,0.0,2.0,0.0,100
2025-08-13 20:00:00,25.9,95,0.0,2.46,0.0,100
2025-08-13 21:00:00,25.6,94,0.0,2.6,0.0,100
2025-08-13 22:00:00,25.4,96,0.0,2.3,0.0,100
2025-08-13 23:00:00,25.2,98,0.0,1.81,0.0,100
2025-08-14 00:00:00,25.2,98,0.0,1.45,0.0,100
2025-08-14 01:00:00,25.2,97,0.0,1.4,0.0,100
2025-08-14 02:00:00,25.1,97,0.0,0.9,0.0,100
2025-08-14 03:00:00,24.8,98,0.0,0.85,0.0,100
2025-08-14 04:00:00,24.9,97,0.0,1.06,0.0,100
2025-08-14 05:00:00,25.1,96,6.0,1.11,0.0,100
2025-08-14 06:00:00,26.5,90,80.0,1.52,0.0,100
2025-08-14 07:00:00,26.7,89,108.0,1.11,0.0,100
2025-08-14 08:00:00,27.6,84,224.0,1.31,0.0,100
2025-08-14 09:00:00,29.0,79,435.0,1.7,0.0,97
2025-08-14 10:00:00,30.5,72,753.0,1.27,0.0,100
2025-08-14 11:00:00,31.4,68,782.0,0.54,0.0,100
2025-08-14 12:00:00,32.0,65,827.0,1.17,0.0,98
2025-08-14 13:00:00,32.4,64,780.0,1.2,0.0,100
2025-08-14 14:00:00,32.1,65,608.0,0.93,0.0,100
2025-08-14 15:00:00,32.1,66,462.0,0.96,0.0,44
2025-08-14 16:00:00,31.8,68,299.0,1.39,0.1,41
2025-08-14 17:00:00,30.6,75,113.0,1.19,0.1,81
2025-08-14 18:00:00,28.8,85,8.0,1.16,0.0,68
2025-08-14 19:00:00,28.2,88,0.0,1.35,0.0,43
2025-08-14 20:00:00,27.7,89,0.0,1.44,0.0,25
2025-08-14 21:00:00,27.3,92,0.0,1.17,0.0,18
2025-08-14 22:00:00,27.0,93,0.0,1.11,0.0,2
2025-08-14 23:00:00,26.7,95,0.0,0.89,0.0,6
2025-08-15 00:00:00,26.4,96,0.0,0.99,0.0,9
2025-08-15 01:00:00,26.2,98,0.0,1.01,0.0,20
2025-08-15 02:00:00,26.1,98,0.0,0.81,0.0,33
2025-08-15 03:00:00,26.0,98,0.0,0.64,0.1,54
2025-08-15 04:00:00,26.0,97,0.0,0.18,0.1,38
2025-08-15 05:00:00,26.4,95,10.0,0.56,0.0,19
2025-08-15 06:00:00,28.3,87,127.0,0.71,0.0,26
2025-08-15 07:00:00,29.1,75,303.0,1.41,1.6,63
2025-08-15 08:00:00,29.4,79,490.0,1.12,1.5,30
2025-08-15 09:00:00,30.4,76,643.0,0.91,0.1,21
2025-08-15 10:00:00,31.1,74,784.0,0.8,0.0,22
2025-08-15 11:00:00,32.0,69,847.0,0.7,0.0,17
2025-08-15 12:00:00,32.9,64,862.0,1.3,0.0,21
2025-08-15 13:00:00,33.1,64,791.0,2.17,0.0,40
2025-08-15 14:00:00,32.8,65,693.0,2.49,0.0,51
2025-08-15 15:00:00,32.1,68,475.0,2.09,0.0,51
2025-08-15 16:00:00,31.1,73,276.0,3.3,0.0,41
2025-08-15 17:00:00,29.9,80,108.0,2.19,0.0,42
2025-08-15 18:00:00,29.1,84,8.0,1.98,0.0,63
2025-08-15 19:00:00,28.4,88,0.0,1.72,0.0,64
2025-08-15 20:00:00,27.9,92,0.0,1.05,0.0,68
2025-08-15 21:00:00,27.6,94,0.0,0.99,0.0,51
2025-08-15 22:00:00,27.4,94,0.0,0.83,0.0,41
2025-08-15 23:00:00,27.5,93,0.0,0.46,0.0,18
2025-08-16 00:00:00,27.4,93,0.0,0.5,0.0,15
2025-08-16 01:00:00,27.1,95,0.0,0.96,0.0,6
2025-08-16 02:00:00,26.8,97,0.0,0.99,0.0,10
2025-08-16 03:00:00,26.7,95,0.0,1.05,0.0,4
2025-08-16 04:00:00,26.6,93,0.0,0.91,0.0,18
2025-08-16 05:00:00,27.1,90,11.0,0.68,0.0,11
2025-08-16 06:00:00,29.1,84,135.0,0.67,0.0,3
2025-08-16 07:00:00,30.4,77,333.0,0.45,0.0,9
2025-08-16 08:00:00,31.4,72,533.0,0.07,0.0,5
2025-08-16 09:00:00,32.2,68,677.0,0.4,0.0,14
2025-08-16 10:00:00,32.9,65,811.0,0.96,0.0,8
2025-08-16 11:00:00,33.6,63,870.0,1.12,0.0,8
2025-08-16 12:00:00,34.2,60,867.0,1.25,0.0,12
2025-08-16 13:00:00,34.4,61,813.0,1.36,0.0,15
2025-08-16 14:00:00,34.2,62,681.0,1.6,0.3,47
2025-08-16 15:00:00,33.7,64,489.0,0.89,0.2,71
2025-08-16 16:00:00,32.6,72,256.0,1.66,0.0,54
2025-08-16 17:00:00,31.3,78,111.0,1.98,0.0,56
2025-08-16 18:00:00,30.6,81,7.0,2.43,0.0,66
2025-08-16 19:00:00,29.9,84,0.0,1.39,0.0,61
2025-08-16 20:00:00,29.5,87,0.0,0.79,0.0,48
2025-08-16 21:00:00,29.2,91,0.0,0.25,0.0,24
2025-08-16 22:00:00,28.5,96,0.0,1.01,0.0,51
2025-08-16 23:00:00,28.4,91,0.0,1.82,0.0,17
2025-08-17 00:00:00,28.0,89,0.0,0.58,0.0,61
2025-08-17 01:00:00,27.6,89,0.0,1.0,0.0,51
2025-08-17 02:00:00,27.4,92,0.0,0.91,0.6,26
2025-08-17 03:00:00,27.1,95,0.0,1.33,0.1,2
2025-08-17 04:00:00,26.8,97,0.0,1.35,0.0,22
2025-08-17 05:00:00,27.0,97,10.0,2.05,0.0,3
2025-08-17 06:00:00,28.2,89,124.0,1.9,0.0,48
2025-08-17 07:00:00,29.0,83,252.0,2.78,0.0,89
2025-08-17 08:00:00,29.7,78,376.0,3.0,0.2,99
2025-08-17 09:00:00,30.3,75,499.0,2.78,0.2,100
2025-08-17 10:00:00,31.8,71,788.0,2.71,0.1,20
2025-08-17 11:00:00,32.8,68,873.0,3.0,0.0,26
2025-08-17 12:00:00,33.4,67,863.0,3.7,0.0,98
2025-08-17 13:00:00,33.9,64,689.0,3.65,0.0,72
2025-08-17 14:00:00,33.9,65,644.0,3.56,0.0,63
2025-08-17 15:00:00,33.7,67,469.0,3.24,0.0,65
2025-08-17 16:00:00,33.1,72,304.0,2.48,0.0,53
2025-08-17 17:00:00,31.9,79,115.0,1.54,0.0,58
2025-08-17 18:00:00,30.7,83,7.0,0.4,0.0,68
2025-08-17 19:00:00,30.2,87,0.0,0.39,0.0,51
2025-08-17 20:00:00,29.6,90,0.0,0.91,0.0,21
2025-08-17 21:00:00,29.1,92,0.0,0.96,0.0,88
2025-08-17 22:00:00,28.8,94,0.0,0.75,0.0,24
2025-08-17 23:00:00,28.3,95,0.0,0.79,0.0,61
2025-08-18 00:00:00,28.0,95,0.0,1.1,0.0,51
2025-08-18 01:00:00,27.6,97,0.0,0.5,0.0,9
2025-08-18 02:00:00,27.3,99,0.0,0.3,0.0,65
2025-08-18 03:00:00,27.3,99,0.0,0.18,0.0,92
2025-08-18 04:00:00,27.1,99,0.0,0.07,0.0,100
2025-08-18 05:00:00,27.4,99,10.0,0.25,0.0,100
2025-08-18 06:00:00,29.5,91,124.0,1.03,0.0,100
2025-08-18 07:00:00,29.9,88,124.0,1.05,0.0,100
2025-08-18 08:00:00,30.7,84,339.0,0.61,0.0,100
2025-08-18 09:00:00,32.2,77,586.0,1.82,0.0,98
2025-08-18 10:00:00,33.0,72,656.0,2.26,0.1,88
2025-08-18 11:00:00,33.7,70,814.0,1.9,0.0,46
2025-08-18 12:00:00,34.0,67,800.0,1.22,0.2,89
2025-08-18 13:00:00,33.5,71,691.0,0.96,1.2,74
2025-08-18 14:00:00,31.6,80,580.0,2.23,3.8,89
2025-08-18 15:00:00,31.2,77,404.0,2.15,0.4,76
2025-08-18 16:00:00,30.8,80,199.0,1.9,0.0,69
2025-08-18 17:00:00,30.3,83,105.0,2.74,0.0,56
2025-08-18 18:00:00,29.5,85,6.0,1.71,0.0,76
2025-08-18 19:00:00,28.9,91,0.0,0.96,0.0,71
2025-08-18 20:00:00,28.7,92,0.0,0.85,0.0,45
2025-08-18 21:00:00,28.6,91,0.0,2.53,0.0,94
2025-08-18 22:00:00,27.7,89,0.0,3.24,0.4,100
2025-08-18 23:00:00,27.9,89,0.0,1.71,0.1,100
2025-08-19 00:00:00,27.8,88,0.0,2.41,0.0,100
2025-08-19 01:00:00,27.0,93,0.0,2.18,0.0,100
2025-08-19 02:00:00,26.6,95,0.0,1.1,0.1,100
2025-08-19 03:00:00,26.4,93,0.0,1.48,0.0,100
2025-08-19 04:00:00,26.2,95,0.0,0.5,0.1,100
2025-08-19 05:00:00,26.4,93,5.0,0.45,0.1,100
2025-08-19 06:00:00,27.5,90,71.0,0.32,0.0,100
2025-08-19 07:00:00,28.2,88,203.0,0.5,0.0,100
2025-08-19 08:00:00,28.8,84,290.0,1.19,0.0,100
2025-08-19 09:00:00,29.5,81,354.0,1.66,0.0,100
2025-08-19 10:00:00,30.5,76,498.0,2.07,0.1,100
2025-08-19 11:00:00,31.0,72,489.0,1.62,0.0,100
2025-08-19 12:00:00,31.6,70,581.0,0.82,0.0,100
2025-08-19 13:00:00,32.0,69,573.0,0.35,0.0,100
2025-08-19 14:00:00,32.1,69,477.0,0.18,0.0,100
2025-08-19 15:00:00,31.3,70,249.0,0.99,0.2,100
2025-08-19 16:00:00,31.0,73,195.0,0.71,0.0,100
2025-08-19 17:00:00,30.0,79,70.0,1.94,0.1,100
2025-08-19 18:00:00,29.1,86,5.0,0.2,0.0,44
2025-08-19 19:00:00,28.2,91,0.0,2.07,0.0,77
2025-08-19 20:00:00,26.7,91,0.0,2.26,0.5,69
2025-08-19 21:00:00,26.3,96,0.0,2.78,0.9,100
2025-08-19 22:00:00,26.4,97,0.0,2.58,0.4,100
2025-08-19 23:00:00,26.2,97,0.0,1.74,0.6,100
2025-08-20 00:00:00,25.8,95,0.0,1.37,2.1,100
2025-08-20 01:00:00,25.8,95,0.0,1.24,0.6,100
2025-08-20 02:00:00,25.6,94,0.0,1.6,0.8,100
2025-08-20 03:00:00,25.5,96,0.0,0.9,0.3,100
2025-08-20 04:00:00,25.4,95,0.0,0.92,0.1,100
2025-08-20 05:00:00,25.7,94,6.0,0.84,0.0,100
2025-08-20 06:00:00,27.3,91,91.0,1.23,0.0,100
2025-08-20 07:00:00,28.3,84,254.0,0.49,0.0,100
2025-08-20 08:00:00,29.1,82,453.0,0.87,0.1,100
2025-08-20 09:00:00,29.9,81,567.0,0.67,0.2,100
2025-08-20 10:00:00,30.3,81,675.0,0.72,0.2,100
2025-08-20 11:00:00,30.1,82,685.0,1.53,0.4,100
2025-08-20 12:00:00,30.9,79,621.0,0.86,0.3,100
2025-08-20 13:00:00,28.4,84,378.0,2.77,6.7,100
2025-08-20 14:00:00,28.1,88,232.0,1.08,5.8,99
2025-08-20 15:00:00,28.7,85,291.0,0.55,0.1,86
2025-08-20 16:00:00,29.3,82,281.0,0.4,0.0,98
2025-08-20 17:00:00,28.6,85,92.0,0.86,0.0,100
2025-08-20 18:00:00,27.8,93,4.0,0.15,0.0,99
2025-08-20 19:00:00,27.6,95,0.0,0.25,0.0,98
2025-08-20 20:00:00,27.5,95,0.0,0.11,0.0,96
2025-08-20 21:00:00,27.2,96,0.0,0.45,0.0,78
2025-08-20 22:00:00,27.2,96,0.0,0.21,0.0,95
2025-08-20 23:00:00,26.9,99,0.0,0.25,0.0,100
2025-08-21 00:00:00,26.8,92,0.0,0.3,1.1,100
2025-08-21 01:00:00,26.3,93,0.0,0.5,0.9,100
2025-08-21 02:00:00,26.2,93,0.0,0.87,1.1,100
2025-08-21 03:00:00,25.9,95,0.0,0.79,0.3,100
2025-08-21 04:00:00,25.6,96,0.0,1.37,0.2,100
2025-08-21 05:00:00,25.3,97,6.0,1.63,0.1,100
2025-08-21 06:00:00,26.8,93,103.0,1.66,0.0,100
2025-08-21 07:00:00,28.0,85,280.0,1.32,0.0,100
2025-08-21 08:00:00,28.8,80,392.0,1.68,0.0,100
2025-08-21 09:00:00,29.8,75,598.0,1.74,0.0,100
2025-08-21 10:00:00,30.9,72,700.0,1.12,0.0,62
2025-08-21 11:00:00,31.2,73,714.0,0.9,0.1,77
2025-08-21 12:00:00,31.6,73,632.0,0.82,0.2,91
2025-08-21 13:00:00,30.7,76,553.0,1.15,2.2,100
2025-08-21 14:00:00,29.8,79,427.0,0.92,2.2,100
2025-08-21 15:00:00,30.2,77,397.0,1.71,0.2,100
2025-08-21 16:00:00,28.2,87,193.0,0.22,5.2,100
2025-08-21 17:00:00,27.2,92,48.0,0.51,5.6,100
2025-08-21 18:00:00,26.5,97,2.0,0.73,0.2,100
2025-08-21 19:00:00,26.5,97,0.0,0.76,0.1,99
2025-08-21 20:00:00,26.5,95,0.0,1.27,0.2,100
2025-08-21 21:00:00,26.2,99,0.0,0.82,1.2,100
2025-08-21 22:00:00,26.0,97,0.0,0.71,0.6,100
2025-08-21 23:00:00,25.7,98,0.0,1.2,0.3,100
2025-08-22 00:00:00,25.8,96,0.0,0.05,0.2,100
2025-08-22 01:00:00,25.8,94,0.0,0.51,0.1,98
2025-08-22 02:00:00,25.8,93,0.0,0.97,0.0,99
2025-08-22 03:00:00,25.4,96,0.0,0.27,0.0,99
2025-08-22 04:00:00,25.1,97,0.0,1.18,0.0,99
2025-08-22 05:00:00,25.3,96,8.0,1.74,0.0,99
2025-08-22 06:00:00,26.6,94,118.0,3.16,0.0,96
2025-08-22 07:00:00,27.5,89,194.0,2.03,0.0,83
2025-08-22 08:00:00,29.2,80,462.0,2.48,0.1,100
2025-08-22 09:00:00,30.3,75,579.0,2.68,0.2,100
2025-08-22 10:00:00,31.0,73,547.0,2.69,0.1,94
2025-08-22 11:00:00,31.8,72,713.0,2.02,0.1,98
2025-08-22 12:00:00,32.4,70,749.0,0.64,0.1,35
2025-08-22 13:00:00,32.3,72,756.0,1.1,0.2,100
2025-08-22 14:00:00,28.9,87,370.0,3.49,3.8,96
2025-08-22 15:00:00,28.9,88,370.0,0.86,0.1,89
2025-08-22 16:00:00,29.4,84,282.0,1.88,0.0,89
2025-08-22 17:00:00,29.0,86,97.0,0.85,0.0,96
2025-08-22 18:00:00,27.5,96,4.0,0.81,0.0,100
2025-08-22 19:00:00,27.5,96,0.0,0.71,0.0,98
2025-08-22 20:00:00,27.4,97,0.0,1.0,0.0,99
2025-08-22 21:00:00,26.8,97,0.0,1.77,6.4,99
2025-08-22 22:00:00,26.0,98,0.0,2.65,6.7,100
2025-08-22 23:00:00,26.0,98,0.0,1.15,0.9,100
2025-08-23 00:00:00,26.0,98,0.0,1.21,1.8,99
2025-08-23 01:00:00,25.9,98,0.0,1.73,1.3,99
2025-08-23 02:00:00,25.9,98,0.0,0.51,0.1,100
2025-08-23 03:00:00,25.9,97,0.0,1.24,0.1,100
2025-08-23 04:00:00,25.6,98,0.0,0.72,0.0,92
2025-08-23 05:00:00,25.9,97,6.0,1.37,0.1,99
2025-08-23 06:00:00,27.2,92,104.0,1.71,0.4,99
2025-08-23 07:00:00,27.8,92,215.0,2.15,0.3,95
2025-08-23 08:00:00,28.4,90,327.0,0.87,0.4,65
2025-08-23 09:00:00,29.6,87,630.0,0.69,0.5,52
2025-08-23 10:00:00,30.7,82,774.0,1.04,0.5,79
2025-08-23 11:00:00,31.1,81,748.0,0.22,0.6,53
2025-08-23 12:00:00,31.7,78,780.0,0.78,0.5,43
2025-08-23 13:00:00,31.7,77,569.0,1.19,0.4,71
2025-08-23 14:00:00,30.0,82,489.0,0.61,7.8,91
2025-08-23 15:00:00,30.7,79,347.0,0.79,0.0,94
2025-08-23 16:00:00,30.1,83,244.0,0.45,0.0,99
2025-08-23 17:00:00,29.4,87,89.0,2.29,0.0,93
2025-08-23 18:00:00,29.3,85,4.0,1.19,0.0,98
2025-08-23 19:00:00,29.1,85,0.0,0.64,0.0,97
2025-08-23 20:00:00,28.8,87,0.0,0.47,0.0,81
2025-08-23 21:00:00,27.9,94,0.0,1.06,0.0,75
2025-08-23 22:00:00,27.7,98,0.0,1.6,0.0,100
2025-08-23 23:00:00,27.1,98,0.0,1.65,0.0,98
2025-08-24 00:00:00,26.6,99,0.0,2.15,0.0,99
2025-08-24 01:00:00,26.2,99,0.0,1.78,0.3,100
2025-08-24 02:00:00,25.8,99,0.0,3.13,0.2,100
2025-08-24 03:00:00,25.9,96,0.0,1.81,0.4,100
2025-08-24 04:00:00,25.9,97,0.0,0.83,0.6,100
2025-08-24 05:00:00,25.8,97,2.0,1.22,2.2,100
2025-08-24 06:00:00,26.7,93,62.0,1.46,4.1,100
2025-08-24 07:00:00,27.2,93,119.0,0.92,1.0,100
2025-08-24 08:00:00,27.3,94,142.0,1.59,4.5,100
2025-08-24 09:00:00,27.1,95,145.0,2.07,2.8,95
2025-08-24 10:00:00,27.6,92,281.0,1.77,0.3,84
2025-08-24 11:00:00,30.1,81,762.0,1.32,0.0,89
2025-08-24 12:00:00,30.8,79,588.0,1.62,0.2,99
2025-08-24 13:00:00,30.1,82,480.0,0.55,0.5,100
2025-08-24 14:00:00,29.2,84,246.0,1.43,3.2,100
2025-08-24 15:00:00,28.0,87,177.0,1.17,4.1,99
2025-08-24 16:00:00,28.5,88,160.0,1.07,0.3,100
2025-08-24 17:00:00,28.2,93,50.0,0.05,0.0,100
2025-08-24 18:00:00,27.1,97,3.0,0.87,0.0,100
2025-08-24 19:00:00,27.1,98,0.0,1.56,0.0,99
2025-08-24 20:00:00,26.9,97,0.0,1.17,0.0,100
2025-08-24 21:00:00,26.8,95,0.0,0.9,0.0,99
2025-08-24 22:00:00,26.8,95,0.0,0.11,0.0,100
2025-08-24 23:00:00,25.6,99,0.0,2.63,6.9,100
2025-08-25 00:00:00,25.6,98,0.0,0.4,3.9,100
2025-08-25 01:00:00,25.4,99,0.0,1.31,6.0,100
2025-08-25 02:00:00,25.5,98,0.0,0.67,0.2,100
2025-08-25 03:00:00,25.4,98,0.0,0.95,0.2,100
2025-08-25 04:00:00,25.4,98,0.0,1.24,0.0,100
2025-08-25 05:00:00,25.5,97,5.0,1.48,0.1,100
2025-08-25 06:00:00,26.4,95,81.0,1.0,0.1,100
2025-08-25 07:00:00,27.7,89,280.0,0.53,0.1,100
2025-08-25 08:00:00,28.2,87,346.0,1.03,0.1,100
2025-08-25 09:00:00,29.0,86,461.0,0.87,0.2,100
2025-08-25 10:00:00,30.6,79,625.0,0.79,0.1,100
2025-08-25 11:00:00,31.7,73,751.0,0.74,0.1,100
2025-08-25 12:00:00,31.4,75,482.0,0.49,0.0,100
2025-08-25 13:00:00,31.6,75,610.0,0.47,0.0,100
2025-08-25 14:00:00,31.1,77,414.0,1.1,0.1,100
2025-08-25 15:00:00,31.4,75,403.0,0.99,0.0,100
2025-08-25 16:00:00,29.6,85,233.0,0.6,0.2,99
2025-08-25 17:00:00,27.9,89,61.0,0.35,2.8,99
2025-08-25 18:00:00,27.1,95,3.0,0.87,0.0,98
2025-08-25 19:00:00,27.0,96,0.0,0.69,0.0,99
2025-08-25 20:00:00,26.9,97,0.0,1.17,0.0,98
2025-08-25 21:00:00,26.7,99,0.0,0.68,0.0,98
2025-08-25 22:00:00,26.5,100,0.0,0.61,0.0,100
2025-08-25 23:00:00,26.5,98,0.0,0.69,0.0,100
2025-08-26 00:00:00,26.3,98,0.0,0.25,0.0,99
2025-08-26 01:00:00,26.1,99,0.0,0.52,0.0,99
2025-08-26 02:00:00,26.1,99,0.0,0.35,0.0,100
2025-08-26 03:00:00,26.1,98,0.0,0.27,0.0,100
2025-08-26 04:00:00,26.1,99,0.0,0.14,0.0,99
2025-08-26 05:00:00,26.3,99,7.0,0.51,0.0,100
2025-08-26 06:00:00,27.9,93,73.0,1.9,0.0,100
2025-08-26 07:00:00,29.4,82,307.0,1.7,0.0,100
2025-08-26 08:00:00,30.6,77,518.0,1.81,0.0,100
2025-08-26 09:00:00,31.5,72,653.0,2.43,0.0,100
2025-08-26 10:00:00,32.4,67,761.0,2.39,0.0,100
2025-08-26 11:00:00,33.4,63,850.0,2.44,0.0,100
2025-08-26 12:00:00,34.1,61,870.0,1.88,0.0,100
2025-08-26 13:00:00,34.0,61,773.0,1.74,0.0,100
2025-08-26 14:00:00,34.0,61,651.0,1.45,0.0,92
2025-08-26 15:00:00,32.5,65,472.0,2.45,0.2,98
2025-08-26 16:00:00,30.4,80,257.0,2.87,0.1,100
2025-08-26 17:00:00,29.6,84,83.0,1.87,0.0,99
2025-08-26 18:00:00,28.7,89,2.0,1.77,0.0,100
2025-08-26 19:00:00,28.3,93,0.0,1.95,0.0,100
2025-08-26 20:00:00,28.0,96,0.0,1.49,0.0,96
2025-08-26 21:00:00,27.8,96,0.0,1.46,0.0,100
2025-08-26 22:00:00,27.7,96,0.0,1.42,0.0,100
2025-08-26 23:00:00,27.6,97,0.0,1.26,0.0,100
2025-08-27 00:00:00,27.4,97,0.0,1.35,0.0,100
2025-08-27 01:00:00,26.7,96,0.0,1.19,4.9,100
2025-08-27 02:00:00,26.7,97,0.0,1.51,0.6,100
2025-08-27 03:00:00,26.5,97,0.0,0.79,0.6,100
2025-08-27 04:00:00,26.6,98,0.0,1.1,0.3,100
2025-08-27 05:00:00,26.7,98,7.0,1.95,0.3,100
2025-08-27 06:00:00,27.2,94,108.0,1.4,0.0,95
2025-08-27 07:00:00,28.3,88,299.0,1.1,0.0,100
2025-08-27 08:00:00,29.4,84,467.0,1.13,0.1,100
2025-08-27 09:00:00,30.0,83,548.0,0.83,0.2,100
2025-08-27 10:00:00,30.7,79,625.0,1.0,0.2,100
2025-08-27 11:00:00,31.3,78,675.0,1.49,0.3,100
2025-08-27 12:00:00,31.7,78,733.0,1.84,0.2,97
2025-08-27 13:00:00,31.2,79,476.0,2.03,0.2,99
2025-08-27 14:00:00,29.1,85,352.0,3.18,3.6,100
2025-08-27 15:00:00,30.0,79,350.0,2.28,0.4,100
2025-08-27 16:00:00,29.4,80,212.0,3.06,0.5,100
2025-08-27 17:00:00,28.5,86,61.0,1.93,0.1,94
2025-08-27 18:00:00,26.9,96,2.0,0.61,4.2,98
2025-08-27 19:00:00,27.3,95,0.0,1.25,0.1,99
2025-08-27 20:00:00,27.3,96,0.0,1.43,0.0,100
2025-08-27 21:00:00,27.2,97,0.0,1.86,0.0,99
2025-08-27 22:00:00,27.0,97,0.0,1.72,0.0,100
2025-08-27 23:00:00,26.8,98,0.0,1.79,0.0,100
2025-08-28 00:00:00,26.7,95,0.0,0.86,0.1,100
2025-08-28 01:00:00,26.3,95,0.0,0.97,0.0,100
2025-08-28 02:00:00,26.1,97,0.0,1.38,0.0,100
2025-08-28 03:00:00,25.9,96,0.0,1.0,0.1,100
2025-08-28 04:00:00,25.8,96,0.0,0.61,0.1,100
2025-08-28 05:00:00,25.7,96,4.0,0.9,0.1,100
2025-08-28 06:00:00,26.9,94,44.0,1.08,0.1,100
2025-08-28 07:00:00,27.6,90,167.0,0.58,0.2,100
2025-08-28 08:00:00,28.4,89,381.0,0.11,0.3,100
2025-08-28 09:00:00,29.6,84,529.0,0.16,0.6,99
2025-08-28 10:00:00,30.4,81,667.0,0.34,3.1,100
2025-08-28 11:00:00,29.4,81,605.0,1.77,10.6,99
2025-08-28 12:00:00,27.7,88,252.0,1.23,4.3,100
2025-08-28 13:00:00,27.7,87,301.0,1.87,0.5,100
2025-08-28 14:00:00,29.1,83,505.0,1.45,0.3,76
2025-08-28 15:00:00,29.3,82,393.0,1.39,0.6,72
2025-08-28 16:00:00,29.2,80,250.0,0.99,0.2,99
2025-08-28 17:00:00,28.4,87,83.0,0.68,0.0,100
2025-08-28 18:00:00,26.9,97,1.0,0.45,0.0,100
2025-08-28 19:00:00,26.9,98,0.0,0.43,0.0,100
2025-08-28 20:00:00,26.9,95,0.0,0.4,0.0,99
2025-08-28 21:00:00,26.8,96,0.0,0.98,0.0,100
2025-08-28 22:00:00,26.7,98,0.0,1.6,0.0,100
2025-08-28 23:00:00,26.5,98,0.0,0.36,0.0,99
2025-08-29 00:00:00,25.8,98,0.0,0.63,2.7,100
2025-08-29 01:00:00,25.8,99,0.0,1.02,0.5,100
2025-08-29 02:00:00,25.6,97,0.0,1.14,0.3,100
2025-08-29 03:00:00,25.4,97,0.0,1.32,0.4,100
2025-08-29 04:00:00,25.2,98,0.0,1.72,0.3,100
2025-08-29 05:00:00,25.4,95,3.0,1.05,0.1,100
2025-08-29 06:00:00,26.6,93,92.0,1.03,0.0,99
2025-08-29 07:00:00,27.6,89,277.0,0.32,0.1,100
2025-08-29 08:00:00,28.5,87,410.0,0.72,0.3,98
2025-08-29 09:00:00,29.4,82,454.0,1.17,0.2,100
2025-08-29 10:00:00,29.8,80,421.0,1.21,0.2,100
2025-08-29 11:00:00,29.6,81,536.0,2.72,1.6,99
2025-08-29 12:00:00,28.5,82,540.0,1.59,1.7,97
2025-08-29 13:00:00,29.6,79,401.0,0.91,0.1,100
2025-08-29 14:00:00,29.4,81,305.0,2.05,0.2,100
2025-08-29 15:00:00,29.1,84,231.0,1.67,0.0,100
2025-08-29 16:00:00,28.9,85,142.0,0.79,0.0,100
2025-08-29 17:00:00,28.5,88,64.0,0.56,0.3,100
2025-08-29 18:00:00,27.6,94,1.0,1.1,0.0,100
2025-08-29 19:00:00,27.2,96,0.0,0.86,0.0,100
2025-08-29 20:00:00,26.9,97,0.0,0.6,0.4,100
2025-08-29 21:00:00,26.7,97,0.0,1.57,0.5,100
2025-08-29 22:00:00,26.3,96,0.0,2.49,0.1,100
2025-08-29 23:00:00,26.0,97,0.0,0.79,0.2,100
2025-08-30 00:00:00,25.9,95,0.0,0.75,0.0,100
2025-08-30 01:00:00,25.4,96,0.0,0.88,0.9,100
2025-08-30 02:00:00,25.2,97,0.0,2.15,0.0,100
2025-08-30 03:00:00,25.0,95,0.0,1.41,0.0,100
2025-08-30 04:00:00,24.9,96,0.0,0.66,0.0,100
2025-08-30 05:00:00,25.0,99,4.0,0.74,0.0,100
2025-08-30 06:00:00,26.6,94,60.0,0.88,0.0,99
2025-08-30 07:00:00,27.8,88,245.0,0.05,0.0,100
2025-08-30 08:00:00,28.9,84,466.0,1.02,0.1,99
2025-08-30 09:00:00,29.8,83,612.0,0.91,0.2,100
2025-08-30 10:00:00,30.4,80,650.0,1.33,0.3,100
2025-08-30 11:00:00,30.0,79,518.0,1.62,6.5,97
2025-08-30 12:00:00,29.6,82,388.0,0.57,3.1,100
2025-08-30 13:00:00,28.1,85,344.0,2.58,1.0,100
2025-08-30 14:00:00,28.0,86,211.0,1.36,0.5,100
2025-08-30 15:00:00,28.2,85,168.0,2.29,0.0,100
2025-08-30 16:00:00,28.4,84,151.0,1.79,0.0,100
2025-08-30 17:00:00,27.6,90,60.0,1.49,0.0,100
2025-08-30 18:00:00,27.4,91,1.0,1.97,0.0,100
2025-08-30 19:00:00,26.8,95,0.0,1.92,0.0,100
2025-08-30 20:00:00,26.4,97,0.0,1.73,0.0,100
2025-08-30 21:00:00,26.2,97,0.0,1.01,0.0,100
2025-08-30 22:00:00,26.0,98,0.0,0.87,0.0,100
2025-08-30 23:00:00,25.7,99,0.0,0.63,0.0,100
2025-08-31 00:00:00,25.7,98,0.0,0.25,0.0,99
2025-08-31 01:00:00,25.7,98,0.0,0.29,0.0,97
2025-08-31 02:00:00,25.5,98,0.0,0.58,0.0,99
2025-08-31 03:00:00,25.4,99,0.0,0.81,0.0,100
2025-08-31 04:00:00,25.6,99,0.0,1.33,0.0,100
2025-08-31 05:00:00,25.6,98,6.0,1.64,0.0,95
2025-08-31 06:00:00,27.1,93,54.0,2.22,0.3,100
2025-08-31 07:00:00,27.8,91,198.0,1.92,0.4,100
2025-08-31 08:00:00,28.3,89,252.0,2.2,0.3,89
2025-08-31 09:00:00,29.9,78,581.0,2.67,0.1,29
2025-08-31 10:00:00,31.4,70,754.0,2.97,0.0,16
2025-08-31 11:00:00,32.2,67,845.0,3.12,0.1,17
2025-08-31 12:00:00,32.4,67,811.0,2.94,0.1,18
2025-08-31 13:00:00,32.5,66,669.0,2.16,0.0,20
2025-08-31 14:00:00,32.7,64,621.0,1.45,0.0,26
2025-08-31 15:00:00,32.0,66,452.0,0.05,0.3,45
2025-08-31 16:00:00,30.6,77,211.0,2.15,0.0,46
2025-08-31 17:00:00,29.3,85,67.0,1.91,0.0,40
2025-08-31 18:00:00,28.3,89,1.0,1.54,0.0,46
2025-08-31 19:00:00,27.8,93,0.0,0.97,0.0,70
2025-08-31 20:00:00,27.5,96,0.0,1.11,0.0,56
2025-08-31 21:00:00,27.3,97,0.0,0.18,0.0,81
2025-08-31 22:00:00,27.3,99,0.0,0.16,0.0,100
2025-08-31 23:00:00,27.1,99,0.0,0.4,0.0,100
2025-09-01 00:00:00,27.4,98,0.0,0.6,0.0,100
2025-09-01 01:00:00,27.3,96,0.0,0.7,0.5,92
2025-09-01 02:00:00,27.1,97,0.0,0.9,0.0,93
2025-09-01 03:00:00,26.8,99,0.0,0.74,0.0,90
2025-09-01 04:00:00,26.9,100,0.0,0.98,0.0,99
2025-09-01 05:00:00,26.7,100,6.0,1.68,0.0,98
2025-09-01 06:00:00,28.8,89,119.0,1.77,0.0,31
2025-09-01 07:00:00,30.0,83,309.0,1.81,0.0,16
2025-09-01 08:00:00,31.3,77,525.0,2.45,0.0,0
2025-09-01 09:00:00,32.5,71,699.0,3.29,0.0,3
2025-09-01 10:00:00,33.5,66,814.0,3.79,0.0,12
2025-09-01 11:00:00,34.1,62,870.0,3.99,0.0,6
2025-09-01 12:00:00,34.7,60,872.0,3.82,0.0,2
2025-09-01 13:00:00,34.6,62,797.0,3.88,0.0,56
2025-09-01 14:00:00,34.3,64,646.0,3.64,0.0,97
2025-09-01 15:00:00,34.1,66,459.0,3.15,0.0,84
2025-09-01 16:00:00,33.3,72,270.0,2.36,0.0,89
2025-09-01 17:00:00,31.8,78,81.0,1.89,0.0,90
2025-09-01 18:00:00,31.2,82,1.0,2.09,0.0,82
2025-09-01 19:00:00,30.6,85,0.0,1.96,0.0,100
2025-09-01 20:00:00,30.1,88,0.0,1.95,0.0,57
2025-09-01 21:00:00,29.6,91,0.0,1.8,0.0,100
2025-09-01 22:00:00,29.1,93,0.0,2.07,0.0,98
2025-09-01 23:00:00,28.6,94,0.0,1.85,0.0,99
2025-09-02 00:00:00,28.1,98,0.0,1.51,0.0,43
2025-09-02 01:00:00,27.8,100,0.0,1.64,0.0,77
2025-09-02 02:00:00,27.7,100,0.0,2.39,0.0,99
2025-09-02 03:00:00,27.4,98,0.0,2.05,1.3,100
2025-09-02 04:00:00,27.3,99,0.0,1.17,0.1,99
2025-09-02 05:00:00,27.3,99,5.0,1.38,0.0,100
2025-09-02 06:00:00,27.6,94,105.0,1.66,0.0,58
2025-09-02 07:00:00,29.1,86,296.0,0.64,0.0,73
2025-09-02 08:00:00,30.1,82,476.0,0.72,0.1,70
2025-09-02 09:00:00,31.2,79,664.0,0.25,0.2,100
2025-09-02 10:00:00,31.8,79,734.0,0.07,0.2,100
2025-09-02 11:00:00,32.5,76,807.0,0.34,1.0,95
2025-09-02 12:00:00,32.7,75,655.0,0.76,1.5,75
2025-09-02 13:00:00,32.8,74,644.0,0.74,0.1,91
2025-09-02 14:00:00,33.3,71,616.0,0.11,0.0,88
2025-09-02 15:00:00,31.0,78,417.0,2.01,0.6,93
2025-09-02 16:00:00,30.8,78,200.0,0.93,0.0,97
2025-09-02 17:00:00,30.2,86,73.0,0.62,0.0,99
2025-09-02 18:00:00,29.2,93,1.0,0.67,0.0,96
2025-09-02 19:00:00,29.1,92,0.0,0.45,0.0,97
2025-09-02 20:00:00,28.7,92,0.0,0.96,0.0,81
2025-09-02 21:00:00,28.4,95,0.0,0.92,0.0,80
2025-09-02 22:00:00,28.2,96,0.0,1.25,0.0,84
2025-09-02 23:00:00,28.1,97,0.0,1.85,0.0,98
2025-09-03 00:00:00,27.7,94,0.0,1.84,0.0,73
2025-09-03 01:00:00,27.3,94,0.0,1.43,0.0,69
2025-09-03 02:00:00,27.2,93,0.0,0.11,0.0,16
2025-09-03 03:00:00,27.1,95,0.0,0.0,0.0,20
2025-09-03 04:00:00,26.9,97,0.0,0.15,0.0,7
2025-09-03 05:00:00,27.1,96,6.0,0.07,0.0,64
2025-09-03 06:00:00,28.0,86,116.0,1.15,0.0,32
2025-09-03 07:00:00,29.4,82,301.0,0.6,0.0,26
2025-09-03 08:00:00,30.8,77,502.0,1.2,0.0,32
2025-09-03 09:00:00,31.9,74,664.0,1.83,0.0,61
2025-09-03 10:00:00,33.0,69,768.0,2.31,0.0,26
2025-09-03 11:00:00,33.9,65,800.0,2.58,0.0,22
2025-09-03 12:00:00,34.2,63,827.0,2.09,0.0,16
2025-09-03 13:00:00,34.7,61,764.0,2.09,0.0,24
2025-09-03 14:00:00,34.2,62,639.0,1.66,0.4,37
2025-09-03 15:00:00,33.9,63,332.0,0.64,0.2,68
2025-09-03 16:00:00,31.4,79,202.0,3.52,0.7,73
2025-09-03 17:00:00,29.8,84,58.0,3.82,0.0,62
2025-09-03 18:00:00,28.3,91,1.0,2.02,0.0,80
2025-09-03 19:00:00,28.2,93,0.0,1.94,0.0,72
2025-09-03 20:00:00,27.9,96,0.0,2.17,0.1,100
2025-09-03 21:00:00,27.7,95,0.0,2.72,0.2,100
2025-09-03 22:00:00,27.5,93,0.0,2.99,0.0,99
2025-09-03 23:00:00,27.2,93,0.0,2.42,0.8,100
2025-09-04 00:00:00,27.1,92,0.0,2.17,0.1,100
2025-09-04 01:00:00,26.6,96,0.0,2.47,0.6,100
2025-09-04 02:00:00,26.9,96,0.0,2.47,0.1,100
2025-09-04 03:00:00,26.7,96,0.0,0.98,0.0,97
2025-09-04 04:00:00,26.6,95,0.0,0.91,0.0,100
2025-09-04 05:00:00,26.9,93,4.0,0.84,0.0,98
2025-09-04 06:00:00,28.8,87,93.0,0.56,0.0,95
2025-09-04 07:00:00,28.4,87,271.0,2.29,2.1,94
2025-09-04 08:00:00,29.3,84,463.0,1.2,0.1,63
2025-09-04 09:00:00,30.2,80,616.0,1.23,0.2,92
2025-09-04 10:00:00,31.3,74,759.0,0.81,0.1,65
2025-09-04 11:00:00,32.4,67,838.0,1.03,0.0,14
2025-09-04 12:00:00,32.7,66,798.0,1.3,0.0,15
2025-09-04 13:00:00,33.0,65,742.0,1.35,0.0,13
2025-09-04 14:00:00,32.8,65,572.0,2.0,0.1,42
2025-09-04 15:00:00,32.5,67,424.0,1.52,0.0,38
2025-09-04 16:00:00,30.0,77,194.0,3.31,0.4,89
2025-09-04 17:00:00,28.8,86,47.0,0.64,0.1,57
2025-09-04 18:00:00,29.4,89,0.0,1.23,0.0,65
2025-09-04 19:00:00,29.1,87,0.0,1.39,0.0,60
2025-09-04 20:00:00,28.7,88,0.0,1.47,0.0,65
2025-09-04 21:00:00,28.7,85,0.0,1.77,0.0,81
2025-09-04 22:00:00,28.4,85,0.0,1.84,0.0,63
2025-09-04 23:00:00,27.8,88,0.0,1.34,0.0,100
2025-09-05 00:00:00,27.7,88,0.0,1.42,0.0,100
2025-09-05 01:00:00,27.7,88,0.0,1.5,0.0,100
2025-09-05 02:00:00,27.6,89,0.0,1.6,0.0,99
2025-09-05 03:00:00,27.2,91,0.0,1.27,0.0,99
2025-09-05 04:00:00,27.3,88,0.0,0.51,0.0,20
2025-09-05 05:00:00,27.2,91,5.0,0.87,0.0,59
2025-09-05 06:00:00,28.7,87,81.0,0.5,0.0,76
2025-09-05 07:00:00,29.4,81,296.0,1.58,0.9,55
2025-09-05 08:00:00,29.8,82,448.0,1.24,0.5,90
2025-09-05 09:00:00,30.6,80,541.0,1.15,0.2,93
2025-09-05 10:00:00,30.3,81,542.0,0.4,0.3,100
2025-09-05 11:00:00,31.5,77,680.0,0.18,0.2,100
2025-09-05 12:00:00,31.0,79,526.0,1.3,0.5,100
2025-09-05 13:00:00,29.9,81,319.0,1.21,2.9,94
2025-09-05 14:00:00,30.8,78,474.0,0.4,0.0,83
2025-09-05 15:00:00,31.4,75,426.0,0.92,0.0,100
2025-09-05 16:00:00,28.9,83,138.0,1.86,0.9,99
2025-09-05 17:00:00,28.3,88,49.0,0.58,0.1,66
2025-09-05 18:00:00,28.8,89,0.0,0.93,0.0,99
2025-09-05 19:00:00,28.6,90,0.0,1.94,0.0,98
2025-09-05 20:00:00,28.3,87,0.0,1.55,0.0,98
2025-09-05 21:00:00,28.1,90,0.0,1.27,0.0,99
2025-09-05 22:00:00,27.9,91,0.0,0.79,0.0,97
2025-09-05 23:00:00,27.9,91,0.0,0.45,0.0,96
2025-09-06 00:00:00,27.5,93,0.0,0.92,0.2,97
2025-09-06 01:00:00,27.5,91,0.0,0.5,0.1,96
2025-09-06 02:00:00,27.3,91,0.0,0.36,0.0,98
2025-09-06 03:00:00,27.2,94,0.0,0.21,0.0,99
2025-09-06 04:00:00,26.6,98,0.0,1.08,0.0,100
2025-09-06 05:00:00,26.3,99,4.0,1.92,0.0,100
2025-09-06 06:00:00,27.9,92,85.0,0.68,0.0,100
2025-09-06 07:00:00,28.9,88,267.0,0.65,0.1,99
2025-09-06 08:00:00,29.7,85,435.0,0.34,0.2,99
2025-09-06 09:00:00,30.7,80,630.0,0.4,0.1,99
2025-09-06 10:00:00,31.9,75,727.0,0.46,0.1,100
2025-09-06 11:00:00,32.2,75,740.0,1.2,0.2,100
2025-09-06 12:00:00,30.4,85,587.0,1.41,0.4,100
2025-09-06 13:00:00,31.8,76,582.0,1.26,0.2,99
2025-09-06 14:00:00,28.9,85,294.0,2.83,3.5,98
2025-09-06 15:00:00,28.9,87,280.0,2.55,0.3,76
2025-09-06 16:00:00,29.3,85,238.0,1.3,0.0,89
2025-09-06 17:00:00,28.9,87,61.0,0.9,0.0,95
2025-09-06 18:00:00,28.5,91,0.0,0.57,0.3,98
2025-09-06 19:00:00,28.2,93,0.0,1.5,0.0,100
2025-09-06 20:00:00,28.0,93,0.0,2.43,0.0,100
2025-09-06 21:00:00,27.6,95,0.0,1.54,0.0,100
2025-09-06 22:00:00,27.5,95,0.0,1.14,0.0,100
2025-09-06 23:00:00,27.4,94,0.0,0.79,0.1,99
2025-09-07 00:00:00,26.3,98,0.0,2.11,6.8,100
2025-09-07 01:00:00,25.9,97,0.0,1.9,1.1,100
2025-09-07 02:00:00,25.4,97,0.0,1.31,4.1,99
2025-09-07 03:00:00,25.4,97,0.0,0.69,2.7,100
2025-09-07 04:00:00,25.4,97,0.0,0.51,0.9,98
2025-09-07 05:00:00,25.3,97,2.0,0.41,2.3,100
2025-09-07 06:00:00,28.1,92,95.0,1.1,0.0,100
2025-09-07 07:00:00,28.6,80,270.0,3.11,1.3,99
2025-09-07 08:00:00,28.2,84,383.0,3.11,0.2,100
2025-09-07 09:00:00,29.1,80,513.0,1.54,0.0,99
2025-09-07 10:00:00,30.4,78,625.0,1.72,0.0,99
2025-09-07 11:00:00,30.9,76,733.0,1.86,0.1,100
2025-09-07 12:00:00,31.3,75,686.0,2.33,0.1,100
2025-09-07 13:00:00,31.2,76,544.0,2.92,0.2,100
2025-09-07 14:00:00,28.1,89,304.0,3.59,1.5,100
2025-09-07 15:00:00,29.0,86,283.0,2.3,0.0,97
2025-09-07 16:00:00,29.1,83,204.0,2.61,0.0,100
2025-09-07 17:00:00,28.4,86,64.0,1.64,0.0,100
2025-09-07 18:00:00,27.4,94,0.0,1.5,0.0,99
2025-09-07 19:00:00,27.2,93,0.0,1.37,0.0,99
2025-09-07 20:00:00,27.1,94,0.0,1.26,0.0,99
2025-09-07 21:00:00,26.9,94,0.0,0.85,0.0,100
2025-09-07 22:00:00,26.8,95,0.0,0.85,0.0,100
2025-09-07 23:00:00,26.6,96,0.0,0.74,0.0,100
2025-09-08 00:00:00,26.4,96,0.0,0.67,0.0,100
2025-09-08 01:00:00,26.5,95,0.0,0.28,0.0,100
2025-09-08 02:00:00,26.4,95,0.0,0.32,0.0,100
2025-09-08 03:00:00,26.2,95,0.0,0.85,0.1,100
2025-09-08 04:00:00,26.2,96,0.0,0.91,0.0,100
2025-09-08 05:00:00,26.2,96,4.0,2.35,0.0,100
2025-09-08 06:00:00,27.3,91,88.0,1.52,0.0,100
2025-09-08 07:00:00,28.3,88,269.0,1.31,0.0,77
2025-09-08 08:00:00,29.0,86,400.0,1.51,0.2,61
2025-09-08 09:00:00,30.0,81,611.0,1.37,0.2,91
2025-09-08 10:00:00,31.1,77,777.0,1.87,0.1,88
2025-09-08 11:00:00,31.7,73,782.0,2.35,0.0,100
2025-09-08 12:00:00,32.1,70,744.0,2.72,0.0,100
2025-09-08 13:00:00,30.9,75,537.0,2.67,0.3,90
2025-09-08 14:00:00,31.5,72,538.0,3.17,0.2,99
2025-09-08 15:00:00,30.5,76,354.0,2.99,0.2,97
2025-09-08 16:00:00,30.2,78,219.0,2.1,0.0,100
2025-09-08 17:00:00,29.3,85,54.0,0.87,0.0,100
2025-09-08 18:00:00,28.9,90,0.0,0.5,0.0,99
2025-09-08 19:00:00,28.4,93,0.0,0.92,0.0,100
2025-09-08 20:00:00,28.0,94,0.0,1.09,0.0,100
2025-09-08 21:00:00,28.0,92,0.0,1.48,0.0,100
2025-09-08 22:00:00,27.6,88,0.0,1.3,0.0,100
2025-09-08 23:00:00,26.8,91,0.0,1.25,3.0,100
2025-09-09 00:00:00,26.0,97,0.0,0.82,2.6,100
2025-09-09 01:00:00,25.9,98,0.0,0.25,0.0,100
2025-09-09 02:00:00,25.8,98,0.0,0.3,0.6,100
2025-09-09 03:00:00,25.8,97,0.0,0.75,0.1,100
2025-09-09 04:00:00,25.8,96,0.0,0.54,0.0,100
2025-09-09 05:00:00,26.0,94,3.0,1.01,0.0,96
2025-09-09 06:00:00,27.6,91,88.0,1.14,0.0,98
2025-09-09 07:00:00,28.6,87,238.0,0.56,0.0,99
2025-09-09 08:00:00,29.5,82,422.0,0.6,0.1,96
2025-09-09 09:00:00,30.3,79,566.0,0.91,0.1,99
2025-09-09 10:00:00,31.0,77,646.0,1.2,0.1,99
2025-09-09 11:00:00,31.9,73,816.0,1.54,0.0,99
2025-09-09 12:00:00,31.9,73,678.0,2.28,0.0,100
2025-09-09 13:00:00,32.1,72,678.0,2.52,0.0,97
2025-09-09 14:00:00,32.2,71,596.0,2.95,0.0,13
2025-09-09 15:00:00,31.9,70,414.0,2.92,0.1,82
2025-09-09 16:00:00,31.4,72,222.0,2.84,0.0,97
2025-09-09 17:00:00,29.5,82,50.0,1.99,0.0,100
2025-09-09 18:00:00,28.2,92,0.0,0.4,0.0,100
2025-09-09 19:00:00,27.8,91,0.0,0.59,0.4,100
2025-09-09 20:00:00,27.5,92,0.0,0.54,0.3,100
2025-09-09 21:00:00,27.1,94,0.0,0.76,0.0,100
2025-09-09 22:00:00,26.8,98,0.0,0.36,0.0,100
2025-09-09 23:00:00,26.6,98,0.0,2.17,1.3,100
2025-09-10 00:00:00,26.0,99,0.0,1.7,0.6,100
2025-09-10 01:00:00,25.8,99,0.0,0.79,0.1,100
2025-09-10 02:00:00,25.7,99,0.0,1.05,0.0,100
2025-09-10 03:00:00,25.3,100,0.0,1.77,0.1,100
2025-09-10 04:00:00,24.9,99,0.0,1.92,1.1,100
2025-09-10 05:00:00,25.2,95,3.0,1.55,0.1,100
2025-09-10 06:00:00,27.3,92,59.0,0.52,0.5,100
2025-09-10 07:00:00,28.2,83,231.0,1.32,0.9,97
2025-09-10 08:00:00,28.8,86,397.0,1.24,0.1,100
2025-09-10 09:00:00,29.9,83,571.0,1.54,0.1,99
2025-09-10 10:00:00,30.9,79,699.0,1.8,0.1,97
2025-09-10 11:00:00,30.5,80,681.0,2.73,0.1,100
2025-09-10 12:00:00,28.9,86,354.0,2.23,1.2,100
2025-09-10 13:00:00,29.8,81,505.0,2.44,0.3,100
2025-09-10 14:00:00,30.6,75,480.0,2.57,0.0,100
2025-09-10 15:00:00,30.7,74,368.0,2.67,0.0,100
2025-09-10 16:00:00,30.4,76,210.0,2.18,0.0,100
2025-09-10 17:00:00,29.3,84,54.0,1.0,0.0,100
2025-09-10 18:00:00,28.4,90,0.0,0.0,0.0,100
2025-09-10 19:00:00,27.9,94,0.0,0.54,0.0,100
2025-09-10 20:00:00,27.1,96,0.0,0.56,0.5,100
2025-09-10 21:00:00,26.1,95,0.0,0.52,7.4,100
2025-09-10 22:00:00,26.1,97,0.0,0.55,0.2,100
2025-09-10 23:00:00,26.1,96,0.0,0.52,0.1,100
2025-09-11 00:00:00,25.8,98,0.0,0.75,0.0,100
2025-09-11 01:00:00,25.9,99,0.0,1.15,0.3,100
2025-09-11 02:00:00,25.2,99,0.0,1.03,2.7,100
2025-09-11 03:00:00,25.2,99,0.0,1.03,0.8,100
2025-09-11 04:00:00,25.4,95,0.0,0.38,0.2,100
2025-09-11 05:00:00,25.4,96,2.0,0.46,0.0,100
2025-09-11 06:00:00,26.9,94,69.0,0.91,0.1,100
2025-09-11 07:00:00,27.8,93,238.0,0.47,0.1,100
2025-09-11 08:00:00,28.9,88,401.0,0.32,0.1,100
2025-09-11 09:00:00,30.2,82,604.0,0.99,0.1,100
2025-09-11 10:00:00,31.1,77,705.0,1.19,0.1,94
2025-09-11 11:00:00,31.6,74,792.0,1.91,0.0,80
2025-09-11 12:00:00,31.8,72,640.0,1.85,0.0,100
2025-09-11 13:00:00,31.8,72,520.0,1.52,0.0,100
2025-09-11 14:00:00,30.4,76,384.0,2.51,0.4,99
2025-09-11 15:00:00,30.2,79,281.0,2.73,0.2,96
2025-09-11 16:00:00,29.4,79,179.0,2.11,0.2,100
2025-09-11 17:00:00,29.0,85,42.0,0.0,0.1,100
2025-09-11 18:00:00,27.9,93,0.0,0.6,0.0,100
2025-09-11 19:00:00,27.9,93,0.0,0.39,0.0,100
2025-09-11 20:00:00,27.8,93,0.0,0.07,0.0,100
2025-09-11 21:00:00,27.4,96,0.0,0.25,0.0,100
2025-09-11 22:00:00,27.2,97,0.0,0.22,0.0,100
2025-09-11 23:00:00,26.8,94,0.0,0.07,1.2,100
2025-09-12 00:00:00,26.0,98,0.0,1.96,0.0,100
2025-09-12 01:00:00,25.7,100,0.0,0.21,0.1,100
2025-09-12 02:00:00,25.7,99,0.0,1.68,0.1,100
2025-09-12 03:00:00,25.5,100,0.0,2.41,0.2,100
2025-09-12 04:00:00,25.1,100,0.0,2.64,0.6,100
2025-09-12 05:00:00,24.8,99,1.0,1.56,2.2,100
2025-09-12 06:00:00,26.7,96,59.0,0.41,0.2,100
2025-09-12 07:00:00,27.6,93,170.0,0.1,0.2,100
2025-09-12 08:00:00,27.9,93,222.0,0.49,0.8,100
2025-09-12 09:00:00,28.3,91,329.0,0.35,0.8,100
2025-09-12 10:00:00,29.3,89,459.0,0.45,0.3,100
2025-09-12 11:00:00,30.1,83,511.0,0.62,0.3,100
2025-09-12 12:00:00,30.7,79,530.0,0.91,0.0,100
2025-09-12 13:00:00,30.9,77,579.0,1.65,0.2,100
2025-09-12 14:00:00,30.3,79,411.0,2.12,0.4,98
2025-09-12 15:00:00,30.3,79,333.0,2.05,0.2,97
2025-09-12 16:00:00,30.1,79,197.0,2.21,0.0,96
2025-09-12 17:00:00,28.9,86,51.0,1.23,0.0,98
2025-09-12 18:00:00,27.8,94,0.0,1.17,0.0,100
2025-09-12 19:00:00,27.4,97,0.0,1.02,0.0,100
2025-09-12 20:00:00,27.2,97,0.0,0.81,0.0,100
2025-09-12 21:00:00,26.9,97,0.0,0.75,0.0,100
2025-09-12 22:00:00,26.6,95,0.0,1.71,3.0,100
2025-09-12 23:00:00,26.0,98,0.0,1.2,2.0,100
2025-09-13 00:00:00,25.9,98,0.0,0.92,0.7,100
2025-09-13 01:00:00,25.8,97,0.0,0.7,0.7,100
2025-09-13 02:00:00,25.6,96,0.0,2.2,0.1,100
2025-09-13 03:00:00,25.4,98,0.0,2.26,0.1,100
2025-09-13 04:00:00,25.4,97,0.0,1.7,0.0,100
2025-09-13 05:00:00,25.4,96,2.0,1.57,0.0,100
2025-09-13 06:00:00,26.4,96,42.0,2.02,1.7,100
2025-09-13 07:00:00,26.3,93,75.0,2.56,3.7,100
2025-09-13 08:00:00,27.4,89,159.0,1.66,0.0,99
2025-09-13 09:00:00,28.7,84,350.0,2.08,0.1,98
2025-09-13 10:00:00,30.6,76,671.0,2.89,0.2,100
2025-09-13 11:00:00,31.2,74,751.0,3.5,0.4,98
2025-09-13 12:00:00,31.8,74,742.0,3.05,0.2,100
2025-09-13 13:00:00,28.8,83,534.0,4.67,3.7,93
2025-09-13 14:00:00,29.2,83,344.0,1.8,0.4,91
2025-09-13 15:00:00,29.6,80,385.0,3.05,0.1,99
2025-09-13 16:00:00,29.4,81,163.0,1.53,0.0,100
2025-09-13 17:00:00,28.6,87,39.0,0.47,0.0,100
2025-09-13 18:00:00,27.2,92,0.0,1.74,6.7,99
2025-09-13 19:00:00,26.8,97,0.0,2.29,0.0,100
2025-09-13 20:00:00,26.6,98,0.0,2.73,0.0,100
2025-09-13 21:00:00,26.4,98,0.0,1.15,0.1,100
2025-09-13 22:00:00,26.3,98,0.0,0.75,0.1,100
2025-09-13 23:00:00,26.3,99,0.0,0.39,0.2,100
2025-09-14 00:00:00,26.3,90,0.0,0.16,0.9,100
2025-09-14 01:00:00,26.0,94,0.0,0.25,0.9,100
2025-09-14 02:00:00,25.7,95,0.0,0.55,2.0,100
2025-09-14 03:00:00,25.6,94,0.0,0.74,1.1,100
2025-09-14 04:00:00,25.4,96,0.0,1.04,0.4,100
2025-09-14 05:00:00,25.4,98,1.0,1.2,0.1,100
2025-09-14 06:00:00,26.0,96,22.0,0.36,1.0,100
2025-09-14 07:00:00,26.0,95,51.0,1.2,1.0,100
2025-09-14 08:00:00,26.3,94,140.0,1.21,1.1,100
2025-09-14 09:00:00,26.6,90,136.0,0.46,0.6,100
2025-09-14 10:00:00,27.2,88,238.0,0.21,0.6,100
2025-09-14 11:00:00,28.0,85,346.0,1.1,0.2,100
2025-09-14 12:00:00,27.6,88,237.0,1.91,0.4,100
2025-09-14 13:00:00,27.5,89,265.0,2.15,0.3,100
2025-09-14 14:00:00,27.8,87,222.0,1.61,0.1,99
2025-09-14 15:00:00,28.4,84,320.0,1.79,0.0,99
2025-09-14 16:00:00,28.2,84,131.0,1.89,0.0,99
2025-09-14 17:00:00,27.3,89,32.0,1.12,0.0,100
2025-09-14 18:00:00,26.9,92,0.0,1.88,0.1,100
2025-09-14 19:00:00,26.6,93,0.0,1.86,0.0,100
2025-09-14 20:00:00,26.3,93,0.0,1.03,0.0,100
2025-09-14 21:00:00,26.5,93,0.0,0.74,0.0,100
2025-09-14 22:00:00,26.3,94,0.0,0.86,0.0,100
2025-09-14 23:00:00,25.9,96,0.0,0.79,0.0,100
2025-09-15 00:00:00,25.7,96,0.0,1.19,0.0,100
2025-09-15 01:00:00,25.5,94,0.0,0.64,0.4,100
2025-09-15 02:00:00,25.3,96,0.0,0.47,0.1,100
2025-09-15 03:00:00,25.2,94,0.0,0.53,0.3,91
2025-09-15 04:00:00,25.2,95,0.0,0.68,0.0,99
2025-09-15 05:00:00,25.3,93,3.0,0.65,0.1,100
2025-09-15 06:00:00,26.5,94,75.0,0.78,1.0,92
2025-09-15 07:00:00,26.8,91,103.0,0.85,0.4,95
2025-09-15 08:00:00,27.5,84,225.0,1.26,1.3,98
2025-09-15 09:00:00,28.2,85,374.0,1.64,0.2,100
2025-09-15 10:00:00,28.4,86,390.0,1.77,0.3,100
2025-09-15 11:00:00,29.0,81,620.0,2.28,2.0,88
2025-09-15 12:00:00,29.0,80,401.0,1.66,1.0,100
2025-09-15 13:00:00,27.5,85,329.0,2.3,5.7,100
2025-09-15 14:00:00,27.7,86,218.0,0.74,0.2,100
2025-09-15 15:00:00,28.0,84,273.0,0.32,0.3,100
2025-09-15 16:00:00,27.7,85,174.0,0.57,0.1,100
2025-09-15 17:00:00,27.0,90,34.0,0.27,0.1,100
2025-09-15 18:00:00,26.7,93,0.0,0.6,0.0,100
2025-09-15 19:00:00,26.4,96,0.0,0.82,0.2,100
2025-09-15 20:00:00,26.4,96,0.0,0.82,0.2,100
2025-09-15 21:00:00,26.0,94,0.0,0.81,3.3,98
2025-09-15 22:00:00,25.8,95,0.0,0.93,0.5,100
2025-09-15 23:00:00,25.4,96,0.0,1.41,1.8,100
2025-09-16 00:00:00,25.3,96,0.0,0.96,0.6,100
2025-09-16 01:00:00,25.1,97,0.0,1.12,1.2,100
2025-09-16 02:00:00,25.1,97,0.0,1.17,0.1,99
2025-09-16 03:00:00,25.0,97,0.0,0.62,0.3,100
2025-09-16 04:00:00,24.9,96,0.0,0.85,0.0,99
2025-09-16 05:00:00,24.8,97,2.0,1.13,0.0,93
2025-09-16 06:00:00,26.0,95,50.0,0.28,0.1,98
2025-09-16 07:00:00,26.8,91,177.0,0.27,0.6,100
2025-09-16 08:00:00,26.5,93,171.0,1.47,7.9,99
2025-09-16 09:00:00,26.6,91,182.0,1.81,3.9,100
2025-09-16 10:00:00,26.9,92,237.0,1.3,1.6,100
2025-09-16 11:00:00,26.3,95,153.0,2.02,1.5,100
2025-09-16 12:00:00,26.3,95,115.0,1.52,1.9,100
2025-09-16 13:00:00,27.0,91,190.0,1.11,0.9,100
2025-09-16 14:00:00,27.7,88,278.0,0.72,0.4,100
2025-09-16 15:00:00,27.8,85,212.0,0.52,0.1,100
2025-09-16 16:00:00,27.7,84,170.0,0.45,0.2,100
2025-09-16 17:00:00,26.7,90,38.0,0.3,0.0,100
2025-09-16 18:00:00,26.2,96,0.0,0.65,0.0,96
2025-09-16 19:00:00,26.0,97,0.0,0.74,0.0,95
2025-09-16 20:00:00,26.1,99,0.0,1.42,0.0,100
2025-09-16 21:00:00,26.0,97,0.0,1.03,0.6,100
2025-09-16 22:00:00,25.4,98,0.0,1.96,2.2,100
2025-09-16 23:00:00,25.4,98,0.0,1.08,2.3,100
2025-09-17 00:00:00,25.2,98,0.0,0.34,0.0,100
2025-09-17 01:00:00,25.1,99,0.0,1.12,0.1,100
2025-09-17 02:00:00,24.7,97,0.0,1.06,0.0,99
2025-09-17 03:00:00,24.6,96,0.0,1.24,0.0,99
2025-09-17 04:00:00,24.5,95,0.0,0.68,0.0,100
2025-09-17 05:00:00,24.5,96,1.0,0.36,0.0,100
2025-09-17 06:00:00,25.8,94,25.0,0.82,0.6,100
2025-09-17 07:00:00,25.9,94,56.0,0.15,5.5,100
2025-09-17 08:00:00,26.0,95,97.0,0.07,1.9,100
2025-09-17 09:00:00,27.3,87,339.0,0.21,0.3,100
2025-09-17 10:00:00,29.0,80,662.0,0.29,0.1,96
2025-09-17 11:00:00,30.1,74,727.0,0.8,0.1,90
2025-09-17 12:00:00,29.9,74,720.0,1.9,0.3,75
2025-09-17 13:00:00,30.2,72,595.0,1.69,0.2,96
2025-09-17 14:00:00,30.5,70,517.0,2.32,0.1,98
2025-09-17 15:00:00,30.1,72,396.0,2.93,0.2,95
2025-09-17 16:00:00,29.0,81,171.0,1.79,0.4,98
2025-09-17 17:00:00,27.6,87,42.0,0.42,0.7,98
2025-09-17 18:00:00,26.6,92,0.0,1.44,0.0,76
2025-09-17 19:00:00,26.1,90,0.0,2.18,0.0,100
2025-09-17 20:00:00,25.6,95,0.0,0.82,0.0,100
2025-09-17 21:00:00,25.5,96,0.0,1.32,0.0,100
2025-09-17 22:00:00,25.6,95,0.0,1.35,0.0,100
2025-09-17 23:00:00,25.4,96,0.0,1.07,0.0,99
2025-09-18 00:00:00,25.3,96,0.0,0.9,0.0,100
2025-09-18 01:00:00,25.4,95,0.0,0.71,0.0,100
2025-09-18 02:00:00,25.4,94,0.0,0.22,0.0,100
2025-09-18 03:00:00,25.2,96,0.0,0.25,0.0,100
2025-09-18 04:00:00,25.1,97,0.0,0.11,0.0,99
2025-09-18 05:00:00,25.2,99,3.0,0.16,0.0,100
2025-09-18 06:00:00,26.7,90,75.0,1.84,0.2,93
2025-09-18 07:00:00,27.5,88,216.0,0.68,0.0,86
2025-09-18 08:00:00,28.9,83,440.0,1.31,0.1,92
2025-09-18 09:00:00,29.9,80,590.0,0.96,0.2,98
2025-09-18 10:00:00,30.7,76,732.0,1.55,0.2,97
2025-09-18 11:00:00,31.0,75,674.0,1.74,0.2,94
2025-09-18 12:00:00,28.8,81,659.0,4.22,2.7,98
2025-09-18 13:00:00,28.3,86,353.0,1.9,0.3,100
2025-09-18 14:00:00,29.1,81,319.0,1.11,0.2,100
2025-09-18 15:00:00,29.2,80,275.0,0.25,0.0,100
2025-09-18 16:00:00,29.0,82,136.0,0.49,0.0,100
2025-09-18 17:00:00,28.3,85,29.0,0.4,0.1,100
2025-09-18 18:00:00,27.3,94,0.0,0.35,0.0,100
2025-09-18 19:00:00,27.1,94,0.0,0.18,0.0,99
2025-09-18 20:00:00,26.9,95,0.0,0.4,0.0,100
2025-09-18 21:00:00,26.7,98,0.0,1.31,0.0,100
2025-09-18 22:00:00,26.3,95,0.0,2.15,0.3,100
2025-09-18 23:00:00,25.7,97,0.0,1.74,2.5,100
2025-09-19 00:00:00,25.6,95,0.0,1.96,0.5,100
2025-09-19 01:00:00,25.2,97,0.0,1.44,0.2,100
2025-09-19 02:00:00,25.3,97,0.0,0.91,0.3,100
2025-09-19 03:00:00,25.1,98,0.0,1.15,0.0,100
2025-09-19 04:00:00,25.1,98,0.0,0.35,0.1,100
2025-09-19 05:00:00,25.2,98,2.0,1.12,0.1,100
2025-09-19 06:00:00,26.4,94,89.0,0.66,0.0,93
2025-09-19 07:00:00,27.4,87,225.0,0.67,0.0,93
2025-09-19 08:00:00,28.4,83,402.0,1.45,0.3,95
2025-09-19 09:00:00,29.5,82,629.0,1.64,0.1,94
2025-09-19 10:00:00,30.6,76,688.0,1.66,0.1,94
2025-09-19 11:00:00,31.4,71,782.0,0.75,0.1,95
2025-09-19 12:00:00,31.6,71,685.0,0.86,0.0,90
2025-09-19 13:00:00,31.4,73,717.0,1.4,0.1,94
2025-09-19 14:00:00,27.5,90,296.0,3.25,1.7,98
2025-09-19 15:00:00,27.8,89,214.0,1.08,0.2,98
2025-09-19 16:00:00,28.0,87,156.0,0.76,0.0,100
2025-09-19 17:00:00,27.3,90,29.0,0.21,0.0,100
2025-09-19 18:00:00,27.0,96,0.0,0.87,0.0,100
2025-09-19 19:00:00,27.0,96,0.0,0.85,0.0,100
2025-09-19 20:00:00,26.7,95,0.0,0.51,0.0,100
2025-09-19 21:00:00,26.7,96,0.0,0.25,0.0,100
2025-09-19 22:00:00,26.4,98,0.0,0.4,0.0,100
2025-09-19 23:00:00,26.3,99,0.0,0.81,0.0,100
2025-09-20 00:00:00,26.0,100,0.0,0.96,0.0,100
2025-09-20 01:00:00,25.6,100,0.0,0.89,0.0,100
2025-09-20 02:00:00,25.4,100,0.0,0.75,0.0,100
2025-09-20 03:00:00,25.5,100,0.0,0.92,0.0,100
2025-09-20 04:00:00,25.1,100,0.0,0.65,0.0,100
2025-09-20 05:00:00,25.4,99,2.0,1.36,0.0,100
2025-09-20 06:00:00,26.9,97,73.0,0.76,0.0,72
2025-09-20 07:00:00,27.6,94,236.0,0.98,0.1,29
2025-09-20 08:00:00,28.8,85,422.0,1.27,0.0,26
2025-09-20 09:00:00,30.1,79,640.0,1.76,0.1,13
2025-09-20 10:00:00,31.3,73,764.0,2.09,0.0,18
2025-09-20 11:00:00,31.9,69,822.0,1.9,0.0,13
2025-09-20 12:00:00,32.6,66,805.0,1.49,0.0,18
2025-09-20 13:00:00,32.5,66,695.0,1.41,0.1,47
2025-09-20 14:00:00,31.1,76,497.0,1.63,3.0,75
2025-09-20 15:00:00,30.6,77,362.0,0.54,0.7,56
2025-09-20 16:00:00,30.0,81,123.0,1.01,0.0,99
2025-09-20 17:00:00,28.8,89,34.0,0.97,0.0,88
2025-09-20 18:00:00,27.6,96,0.0,0.34,0.0,100
2025-09-20 19:00:00,27.6,95,0.0,0.07,0.0,100
2025-09-20 20:00:00,27.4,96,0.0,0.21,0.0,100
2025-09-20 21:00:00,27.3,96,0.0,0.16,0.0,100
2025-09-20 22:00:00,27.1,97,0.0,0.29,0.0,99
2025-09-20 23:00:00,27.0,96,0.0,0.14,0.0,99
2025-09-21 00:00:00,26.6,99,0.0,0.68,0.0,99
2025-09-21 01:00:00,26.4,100,0.0,0.6,0.0,98
2025-09-21 02:00:00,26.4,100,0.0,0.94,0.0,100
2025-09-21 03:00:00,26.0,100,0.0,0.76,0.0,100
2025-09-21 04:00:00,26.0,100,0.0,0.9,0.0,100
2025-09-21 05:00:00,26.0,100,2.0,1.66,0.0,99
2025-09-21 06:00:00,27.4,98,87.0,1.07,0.0,82
2025-09-21 07:00:00,28.8,89,268.0,1.2,0.0,41
2025-09-21 08:00:00,30.2,79,496.0,1.82,0.1,20
2025-09-21 09:00:00,31.3,73,655.0,2.65,0.1,15
2025-09-21 10:00:00,32.2,70,760.0,2.69,0.1,19
2025-09-21 11:00:00,32.9,68,796.0,2.41,0.0,10
2025-09-21 12:00:00,33.5,65,795.0,2.11,0.0,23
2025-09-21 13:00:00,33.1,66,692.0,1.98,0.0,38
2025-09-21 14:00:00,32.7,68,412.0,1.74,0.0,50
2025-09-21 15:00:00,32.0,69,362.0,1.27,0.0,46
2025-09-21 16:00:00,30.6,76,170.0,1.98,0.0,28
2025-09-21 17:00:00,29.5,85,29.0,0.65,0.0,25
2025-09-21 18:00:00,28.7,93,0.0,1.17,0.0,86
2025-09-21 19:00:00,28.2,95,0.0,0.7,0.0,90
2025-09-21 20:00:00,27.8,99,0.0,0.75,0.0,84
2025-09-21 21:00:00,27.8,99,0.0,1.31,0.0,70
2025-09-21 22:00:00,27.5,100,0.0,0.78,0.0,34
2025-09-21 23:00:00,27.3,100,0.0,0.75,0.0,95
2025-09-22 00:00:00,27.4,100,0.0,0.76,0.0,97
2025-09-22 01:00:00,27.2,100,0.0,0.78,0.0,100
2025-09-22 02:00:00,27.0,100,0.0,1.1,0.0,100
2025-09-22 03:00:00,27.0,99,0.0,1.38,0.0,99
2025-09-22 04:00:00,26.8,100,0.0,1.38,0.0,80
2025-09-22 05:00:00,26.6,100,2.0,1.15,0.0,99
2025-09-22 06:00:00,27.9,95,73.0,0.14,0.9,89
2025-09-22 07:00:00,28.6,92,154.0,0.61,0.0,91
2025-09-22 08:00:00,30.0,88,309.0,1.5,0.0,94
2025-09-22 09:00:00,31.7,77,539.0,2.47,0.1,63
2025-09-22 10:00:00,32.6,70,714.0,3.07,0.1,31
2025-09-22 11:00:00,33.2,66,737.0,3.26,0.0,24
2025-09-22 12:00:00,33.7,65,752.0,3.08,0.0,23
2025-09-22 13:00:00,34.2,62,697.0,2.26,0.0,19
2025-09-22 14:00:00,34.2,62,547.0,0.49,0.0,19
2025-09-22 15:00:00,30.2,82,345.0,4.04,1.4,89
2025-09-22 16:00:00,29.1,86,130.0,3.33,0.2,90
2025-09-22 17:00:00,28.5,86,22.0,1.76,0.0,75
2025-09-22 18:00:00,27.8,96,0.0,0.69,0.0,71
2025-09-22 19:00:00,27.7,95,0.0,0.4,0.0,96
2025-09-22 20:00:00,27.7,95,0.0,1.01,0.0,95
2025-09-22 21:00:00,27.7,96,0.0,3.06,0.0,97
2025-09-22 22:00:00,26.9,96,0.0,2.62,0.0,87
2025-09-22 23:00:00,26.5,94,0.0,2.23,0.0,91
2025-09-23 00:00:00,25.6,93,0.0,2.71,2.0,87
2025-09-23 01:00:00,25.8,92,0.0,1.3,0.1,98
2025-09-23 02:00:00,25.1,95,0.0,1.63,2.2,98
2025-09-23 03:00:00,25.4,94,0.0,1.11,0.1,98
2025-09-23 04:00:00,25.3,97,0.0,0.36,0.1,91
2025-09-23 05:00:00,25.1,96,2.0,0.8,0.0,100
2025-09-23 06:00:00,26.9,92,71.0,1.38,2.0,74
2025-09-23 07:00:00,27.8,86,236.0,1.63,0.2,72
2025-09-23 08:00:00,28.9,80,363.0,1.17,0.0,41
2025-09-23 09:00:00,30.3,74,583.0,0.63,0.0,3
2025-09-23 10:00:00,31.5,70,768.0,0.69,0.0,3
2025-09-23 11:00:00,32.5,67,829.0,1.2,0.0,37
2025-09-23 12:00:00,32.7,68,792.0,1.3,0.0,66
2025-09-23 13:00:00,33.1,67,734.0,1.35,0.0,39
2025-09-23 14:00:00,32.9,68,584.0,1.54,0.0,10
2025-09-23 15:00:00,32.5,70,373.0,1.15,0.0,5
2025-09-23 16:00:00,31.9,74,187.0,1.19,0.0,8
2025-09-23 17:00:00,30.2,81,31.0,1.81,0.0,13
2025-09-23 18:00:00,28.2,87,0.0,2.67,0.0,29
2025-09-23 19:00:00,27.9,89,0.0,0.6,0.0,21
2025-09-23 20:00:00,27.5,93,0.0,2.16,0.0,21
2025-09-23 21:00:00,27.5,91,0.0,1.26,0.0,31
2025-09-23 22:00:00,27.7,89,0.0,2.06,0.0,16
2025-09-23 23:00:00,27.2,89,0.0,1.74,0.0,32
2025-09-24 00:00:00,26.8,90,0.0,2.15,0.0,53
2025-09-24 01:00:00,26.5,91,0.0,1.3,0.0,52
2025-09-24 02:00:00,26.2,96,0.0,0.99,0.0,50
2025-09-24 03:00:00,25.4,99,0.0,3.27,1.6,66
2025-09-24 04:00:00,25.2,95,0.0,2.52,0.7,77
2025-09-24 05:00:00,25.1,98,1.0,3.59,0.7,75
2025-09-24 06:00:00,27.2,92,87.0,2.85,0.0,78
2025-09-24 07:00:00,28.0,87,227.0,2.85,0.0,73
2025-09-24 08:00:00,29.5,80,436.0,2.35,0.0,52
2025-09-24 09:00:00,30.7,76,634.0,2.71,0.0,53
2025-09-24 10:00:00,31.6,74,726.0,2.66,0.1,31
2025-09-24 11:00:00,32.1,73,740.0,2.89,0.1,11
2025-09-24 12:00:00,32.5,71,768.0,2.79,0.0,21
2025-09-24 13:00:00,32.9,68,699.0,1.81,0.0,21
2025-09-24 14:00:00,32.9,67,561.0,2.3,0.0,37
2025-09-24 15:00:00,32.1,69,353.0,2.55,0.0,84
2025-09-24 16:00:00,31.3,77,148.0,0.81,0.0,83
2025-09-24 17:00:00,29.9,89,27.0,0.51,0.0,27
2025-09-24 18:00:00,27.5,95,0.0,2.07,3.3,85
2025-09-24 19:00:00,27.2,98,0.0,0.65,0.0,88
2025-09-24 20:00:00,27.2,98,0.0,0.51,0.0,89
2025-09-24 21:00:00,27.2,99,0.0,1.61,0.0,87
2025-09-24 22:00:00,26.8,98,0.0,0.98,0.0,94
2025-09-24 23:00:00,26.5,97,0.0,0.66,0.0,81
2025-09-25 00:00:00,26.5,97,0.0,0.21,0.0,35
2025-09-25 01:00:00,26.4,98,0.0,0.18,0.0,17
2025-09-25 02:00:00,26.2,98,0.0,0.83,0.0,10
2025-09-25 03:00:00,26.3,98,0.0,1.05,0.0,25
2025-09-25 04:00:00,26.4,96,0.0,1.41,0.0,38
2025-09-25 05:00:00,26.4,97,2.0,1.4,0.0,30
2025-09-25 06:00:00,27.9,95,91.0,1.68,0.0,30
2025-09-25 07:00:00,29.3,86,259.0,2.58,0.0,59
2025-09-25 08:00:00,30.5,82,410.0,2.89,0.0,47
2025-09-25 09:00:00,31.7,75,633.0,3.24,0.0,93
2025-09-25 10:00:00,32.7,70,750.0,3.43,0.0,46
2025-09-25 11:00:00,33.4,68,800.0,3.37,0.0,19
2025-09-25 12:00:00,34.1,64,808.0,3.35,0.0,88
2025-09-25 13:00:00,34.3,64,726.0,3.16,0.0,15
2025-09-25 14:00:00,34.1,65,582.0,2.79,0.0,59
2025-09-25 15:00:00,33.5,68,397.0,2.72,0.0,56
2025-09-25 16:00:00,32.4,77,182.0,1.81,0.0,3
2025-09-25 17:00:00,31.2,82,28.0,0.71,0.0,66
2025-09-25 18:00:00,30.3,88,0.0,0.91,0.0,99
2025-09-25 19:00:00,29.0,91,0.0,2.55,0.0,100
2025-09-25 20:00:00,28.5,91,0.0,1.61,0.0,99
2025-09-25 21:00:00,28.3,92,0.0,1.36,0.0,100
2025-09-25 22:00:00,27.8,95,0.0,0.61,0.0,100
2025-09-25 23:00:00,27.7,98,0.0,0.05,0.0,100
2025-09-26 00:00:00,27.4,99,0.0,0.36,0.0,100
2025-09-26 01:00:00,27.4,99,0.0,0.72,0.0,98
2025-09-26 02:00:00,27.4,100,0.0,1.1,0.0,100
2025-09-26 03:00:00,27.4,100,0.0,1.49,0.0,100
2025-09-26 04:00:00,27.1,100,0.0,1.86,0.0,100
2025-09-26 05:00:00,27.0,99,2.0,1.82,0.0,91
2025-09-26 06:00:00,29.3,89,94.0,1.94,0.0,93
2025-09-26 07:00:00,30.8,83,286.0,2.26,0.0,62
2025-09-26 08:00:00,32.3,77,490.0,2.47,0.0,0
2025-09-26 09:00:00,33.5,70,659.0,2.93,0.0,0
2025-09-26 10:00:00,34.4,66,777.0,3.18,0.0,0
2025-09-26 11:00:00,35.1,63,830.0,3.3,0.0,0
2025-09-26 12:00:00,35.6,61,813.0,3.51,0.0,1
2025-09-26 13:00:00,35.6,60,729.0,3.65,0.0,1
2025-09-26 14:00:00,35.5,60,586.0,3.22,0.0,1
2025-09-26 15:00:00,34.9,66,394.0,2.19,0.0,0
2025-09-26 16:00:00,34.2,73,188.0,0.67,0.0,3
2025-09-26 17:00:00,31.8,84,27.0,0.78,0.0,23
2025-09-26 18:00:00,31.7,83,0.0,0.15,0.0,1
2025-09-26 19:00:00,30.7,88,0.0,2.91,0.0,0
2025-09-26 20:00:00,29.9,81,0.0,2.66,0.0,0
2025-09-26 21:00:00,29.6,80,0.0,2.62,0.0,1
2025-09-26 22:00:00,28.8,84,0.0,1.52,0.0,0
2025-09-26 23:00:00,28.3,88,0.0,1.2,0.0,1
2025-09-27 00:00:00,28.5,87,0.0,0.36,0.0,0
2025-09-27 01:00:00,28.2,89,0.0,0.63,0.0,8
2025-09-27 02:00:00,27.6,93,0.0,1.17,0.0,8
2025-09-27 03:00:00,27.3,93,0.0,2.11,0.0,2
2025-09-27 04:00:00,26.8,94,0.0,1.17,0.0,10
2025-09-27 05:00:00,26.7,94,2.0,0.4,0.0,30
2025-09-27 06:00:00,28.1,88,95.0,1.68,0.0,33
2025-09-27 07:00:00,27.6,84,228.0,1.96,1.4,49
2025-09-27 08:00:00,29.4,77,456.0,2.35,0.0,45
2025-09-27 09:00:00,30.9,73,614.0,2.18,0.0,58
2025-09-27 10:00:00,30.9,75,653.0,2.24,0.0,60
2025-09-27 11:00:00,31.0,75,639.0,2.06,0.6,76
2025-09-27 12:00:00,30.9,76,668.0,1.8,1.2,53
2025-09-27 13:00:00,31.3,73,632.0,1.54,0.0,18
2025-09-27 14:00:00,31.5,72,531.0,0.93,0.0,19
2025-09-27 15:00:00,31.7,70,368.0,0.45,0.0,20
2025-09-27 16:00:00,31.4,72,157.0,0.47,0.1,43
2025-09-27 17:00:00,29.9,85,20.0,0.18,0.7,55
2025-09-27 18:00:00,27.6,91,0.0,1.6,1.1,89
2025-09-27 19:00:00,27.3,92,0.0,0.54,0.1,88
2025-09-27 20:00:00,27.1,94,0.0,0.65,0.0,90
2025-09-27 21:00:00,27.1,95,0.0,0.75,0.0,99
2025-09-27 22:00:00,27.1,97,0.0,0.85,0.0,100
2025-09-27 23:00:00,26.9,99,0.0,0.9,0.0,100
2025-09-28 00:00:00,26.8,99,0.0,1.2,0.0,100
2025-09-28 01:00:00,26.8,98,0.0,1.43,0.0,100
2025-09-28 02:00:00,26.7,98,0.0,1.42,0.0,100
2025-09-28 03:00:00,26.6,98,0.0,1.01,0.0,100
2025-09-28 04:00:00,26.4,98,0.0,0.9,0.0,17
2025-09-28 05:00:00,26.5,96,1.0,1.02,0.0,12
2025-09-28 06:00:00,27.5,95,85.0,1.26,0.0,18
2025-09-28 07:00:00,28.8,87,272.0,1.27,0.0,8
2025-09-28 08:00:00,30.1,79,469.0,1.2,0.1,7
2025-09-28 09:00:00,31.0,75,624.0,1.68,0.1,13
2025-09-28 10:00:00,31.9,72,738.0,1.88,0.1,18
2025-09-28 11:00:00,32.2,73,775.0,1.8,0.1,28
2025-09-28 12:00:00,32.3,73,706.0,1.46,0.2,30
2025-09-28 13:00:00,32.5,71,609.0,1.1,0.1,32
2025-09-28 14:00:00,32.3,71,498.0,1.12,1.3,48
2025-09-28 15:00:00,30.7,78,338.0,0.64,2.0,71
2025-09-28 16:00:00,29.8,83,137.0,1.14,0.1,28
2025-09-28 17:00:00,28.7,92,21.0,0.74,0.0,22
2025-09-28 18:00:00,28.4,90,0.0,1.11,0.0,29
2025-09-28 19:00:00,28.0,93,0.0,0.97,0.0,28
2025-09-28 20:00:00,27.8,94,0.0,0.93,0.0,29
2025-09-28 21:00:00,27.4,97,0.0,0.46,0.0,9
2025-09-28 22:00:00,27.3,99,0.0,0.64,0.0,6
2025-09-28 23:00:00,26.9,100,0.0,0.25,0.0,1
2025-09-29 00:00:00,26.8,100,0.0,0.11,0.0,1
2025-09-29 01:00:00,26.6,100,0.0,0.21,0.0,9
2025-09-29 02:00:00,26.7,99,0.0,0.27,0.0,5
2025-09-29 03:00:00,26.6,98,0.0,0.43,0.0,4
2025-09-29 04:00:00,26.6,98,0.0,0.16,0.0,24
2025-09-29 05:00:00,26.5,99,1.0,0.1,0.0,31
2025-09-29 06:00:00,28.2,91,77.0,2.0,0.0,35
2025-09-29 07:00:00,29.6,79,260.0,1.11,0.0,17
2025-09-29 08:00:00,30.9,72,475.0,0.18,0.0,20
2025-09-29 09:00:00,31.7,71,639.0,0.45,0.2,43
2025-09-29 10:00:00,32.3,69,743.0,0.65,0.1,69
2025-09-29 11:00:00,33.1,66,773.0,1.08,0.0,52
2025-09-29 12:00:00,33.3,65,715.0,0.76,0.0,51
2025-09-29 13:00:00,33.5,65,677.0,0.8,0.0,38
2025-09-29 14:00:00,32.9,67,544.0,1.77,0.4,61
2025-09-29 15:00:00,31.5,70,319.0,2.16,0.3,69
2025-09-29 16:00:00,30.6,76,159.0,1.53,0.0,60
2025-09-29 17:00:00,29.6,84,20.0,0.98,0.0,57
2025-09-29 18:00:00,29.6,87,0.0,1.08,0.0,79
2025-09-29 19:00:00,29.2,89,0.0,0.6,0.0,81
2025-09-29 20:00:00,28.7,91,0.0,0.47,0.0,98
2025-09-29 21:00:00,28.5,92,0.0,0.21,0.0,98
2025-09-29 22:00:00,28.1,93,0.0,0.68,0.0,72
2025-09-29 23:00:00,28.0,92,0.0,0.79,0.0,7
2025-09-30 00:00:00,28.1,88,0.0,0.47,0.0,8
2025-09-30 01:00:00,27.8,88,0.0,0.85,0.0,17
2025-09-30 02:00:00,27.5,86,0.0,1.21,0.0,5
2025-09-30 03:00:00,27.2,86,0.0,1.16,0.0,1
2025-09-30 04:00:00,26.9,88,0.0,1.0,0.0,0
2025-09-30 05:00:00,26.8,92,1.0,0.76,0.0,0
2025-09-30 06:00:00,29.1,90,90.0,1.1,0.0,9
2025-09-30 07:00:00,30.9,75,284.0,0.83,0.0,1
2025-09-30 08:00:00,32.3,66,483.0,0.61,0.0,15
2025-09-30 09:00:00,33.5,58,649.0,0.64,0.0,26
2025-09-30 10:00:00,34.2,56,762.0,1.0,0.0,20
2025-09-30 11:00:00,34.8,55,809.0,1.31,0.0,32
2025-09-30 12:00:00,34.9,55,790.0,0.95,0.0,47
2025-09-30 13:00:00,34.8,57,637.0,1.33,0.0,93
2025-09-30 14:00:00,34.1,58,500.0,1.95,0.0,95
2025-09-30 15:00:00,33.3,62,256.0,1.82,0.0,98
2025-09-30 16:00:00,31.5,73,108.0,1.24,0.7,95
2025-09-30 17:00:00,30.5,79,15.0,1.75,0.0,97
2025-09-30 18:00:00,29.7,81,0.0,1.59,0.0,100
2025-09-30 19:00:00,29.1,85,0.0,1.23,0.0,98
2025-09-30 20:00:00,29.0,85,0.0,1.67,0.0,98
2025-09-30 21:00:00,28.8,83,0.0,1.6,0.0,91
2025-09-30 22:00:00,28.3,86,0.0,1.6,0.0,77
2025-09-30 23:00:00,27.8,90,0.0,1.21,0.0,59
2025-10-01 00:00:00,27.6,90,0.0,1.25,0.0,28
2025-10-01 01:00:00,27.4,94,0.0,1.24,0.0,71
2025-10-01 02:00:00,27.2,93,0.0,1.28,0.0,100
2025-10-01 03:00:00,26.9,91,0.0,1.0,0.0,100
2025-10-01 04:00:00,26.9,88,0.0,0.99,0.1,100
2025-10-01 05:00:00,27.0,92,1.0,1.9,0.1,80
2025-10-01 06:00:00,26.8,93,85.0,3.08,3.0,90
2025-10-01 07:00:00,27.0,93,209.0,3.82,0.0,100
2025-10-01 08:00:00,26.3,92,301.0,4.35,7.1,100
2025-10-01 09:00:00,26.3,90,184.0,2.29,0.0,100
2025-10-01 10:00:00,27.0,85,309.0,2.35,0.2,100
2025-10-01 11:00:00,27.3,83,150.0,3.09,0.5,100
2025-10-01 12:00:00,27.7,81,347.0,2.32,0.1,100
2025-10-01 13:00:00,27.8,80,246.0,2.19,0.1,100
2025-10-01 14:00:00,27.5,82,202.0,2.44,0.1,100
2025-10-01 15:00:00,27.4,82,175.0,2.45,0.0,100
2025-10-01 16:00:00,27.3,83,131.0,1.96,0.0,100
2025-10-01 17:00:00,27.0,85,15.0,2.31,0.0,100
2025-10-01 18:00:00,26.6,88,0.0,1.45,0.0,100
2025-10-01 19:00:00,26.5,89,0.0,1.66,0.0,100
2025-10-01 20:00:00,26.2,93,0.0,2.12,0.0,100
2025-10-01 21:00:00,26.0,94,0.0,0.78,0.6,100
2025-10-01 22:00:00,26.0,90,0.0,0.11,3.2,100
2025-10-01 23:00:00,25.3,95,0.0,0.7,0.6,100
2025-10-02 00:00:00,25.3,94,0.0,1.2,0.0,100
2025-10-02 01:00:00,25.1,95,0.0,0.56,0.0,100
2025-10-02 02:00:00,24.8,96,0.0,1.19,0.0,100
2025-10-02 03:00:00,24.9,95,0.0,1.72,0.0,100
2025-10-02 04:00:00,24.9,94,0.0,2.18,0.0,100
2025-10-02 05:00:00,25.1,97,1.0,2.03,0.0,100
2025-10-02 06:00:00,25.9,94,54.0,1.55,0.0,71
2025-10-02 07:00:00,27.1,88,246.0,2.68,0.0,41
2025-10-02 08:00:00,28.2,82,425.0,2.44,0.0,23
2025-10-02 09:00:00,29.3,75,535.0,1.7,0.1,99
2025-10-02 10:00:00,28.9,77,301.0,1.48,0.6,100
2025-10-02 11:00:00,28.7,82,318.0,1.87,0.3,98
2025-10-02 12:00:00,29.7,73,509.0,1.98,0.0,94
2025-10-02 13:00:00,29.9,74,485.0,2.53,0.0,66
2025-10-02 14:00:00,30.4,67,460.0,2.69,0.7,88
2025-10-02 15:00:00,29.2,76,245.0,1.78,0.0,94
2025-10-02 16:00:00,27.8,82,82.0,2.53,0.4,98
2025-10-02 17:00:00,27.1,89,11.0,1.75,0.9,100
2025-10-02 18:00:00,26.7,91,0.0,0.91,0.1,100
2025-10-02 19:00:00,26.5,88,0.0,1.11,0.9,100
2025-10-02 20:00:00,26.3,92,0.0,0.91,0.0,100
2025-10-02 21:00:00,25.9,94,0.0,0.81,0.5,100
2025-10-02 22:00:00,25.8,95,0.0,0.98,0.2,100
2025-10-02 23:00:00,25.9,97,0.0,2.05,0.0,100
2025-10-03 00:00:00,25.8,98,0.0,0.85,0.2,100
2025-10-03 01:00:00,25.8,96,0.0,0.65,0.2,100
2025-10-03 02:00:00,25.4,95,0.0,1.25,0.8,100
2025-10-03 03:00:00,25.3,98,0.0,0.42,0.1,100
2025-10-03 04:00:00,25.3,96,0.0,0.52,0.4,100
2025-10-03 05:00:00,25.6,96,1.0,1.8,0.0,100
2025-10-03 06:00:00,26.2,96,59.0,0.85,0.0,100
2025-10-03 07:00:00,26.4,93,71.0,0.65,0.1,100
2025-10-03 08:00:00,26.9,91,183.0,0.51,0.1,98
2025-10-03 09:00:00,28.3,84,459.0,0.0,0.1,100
2025-10-03 10:00:00,28.7,81,379.0,1.25,0.3,100
2025-10-03 11:00:00,30.4,72,245.0,2.64,1.2,91
2025-10-03 12:00:00,31.0,71,746.0,2.67,0.0,100
2025-10-03 13:00:00,31.2,69,638.0,2.98,0.0,98
2025-10-03 14:00:00,31.1,67,457.0,4.16,0.4,100
2025-10-03 15:00:00,29.0,80,284.0,3.97,0.4,100
2025-10-03 16:00:00,28.6,82,133.0,2.39,0.0,100
2025-10-03 17:00:00,27.5,90,16.0,1.48,0.0,98
2025-10-03 18:00:00,27.1,93,0.0,0.67,0.0,99
2025-10-03 19:00:00,26.8,93,0.0,1.2,0.0,100
2025-10-03 20:00:00,26.5,93,0.0,1.46,0.0,99
2025-10-03 21:00:00,26.3,93,0.0,1.77,0.0,100
2025-10-03 22:00:00,26.0,96,0.0,1.59,0.0,100
2025-10-03 23:00:00,26.6,94,0.0,3.0,0.0,100
2025-10-04 00:00:00,26.2,95,0.0,1.2,0.0,99
2025-10-04 01:00:00,25.9,97,0.0,1.66,0.0,66
2025-10-04 02:00:00,25.8,98,0.0,1.7,0.0,100
2025-10-04 03:00:00,25.7,98,0.0,1.7,0.0,100
2025-10-04 04:00:00,25.5,98,0.0,2.06,0.0,99
2025-10-04 05:00:00,25.9,96,1.0,2.66,0.0,99
2025-10-04 06:00:00,26.9,90,76.0,2.24,0.0,100
2025-10-04 07:00:00,27.7,86,229.0,3.17,0.0,99
2025-10-04 08:00:00,28.9,79,420.0,3.68,0.0,99
2025-10-04 09:00:00,29.9,76,627.0,3.38,0.0,100
2025-10-04 10:00:00,30.8,71,733.0,3.71,0.0,100
2025-10-04 11:00:00,31.8,63,752.0,4.7,0.0,91
2025-10-04 12:00:00,32.5,61,766.0,4.58,0.0,24
2025-10-04 13:00:00,32.1,63,667.0,5.0,0.0,30
2025-10-04 14:00:00,31.4,64,454.0,5.43,0.0,80
2025-10-04 15:00:00,30.5,71,338.0,5.06,0.0,94
2025-10-04 16:00:00,29.1,78,142.0,3.6,0.0,100
2025-10-04 17:00:00,27.5,86,15.0,2.04,0.0,100
2025-10-04 18:00:00,27.0,89,0.0,0.98,0.0,100
2025-10-04 19:00:00,26.6,92,0.0,0.85,0.0,100
2025-10-04 20:00:00,26.8,90,0.0,1.82,0.0,100
2025-10-04 21:00:00,26.6,91,0.0,1.71,0.0,100
2025-10-04 22:00:00,26.1,94,0.0,1.23,0.0,100
2025-10-04 23:00:00,26.0,96,0.0,1.37,0.0,100
2025-10-05 00:00:00,25.9,95,0.0,1.27,0.0,100
2025-10-05 01:00:00,25.8,95,0.0,0.81,0.0,98
2025-10-05 02:00:00,25.6,97,0.0,1.05,0.0,81
2025-10-05 03:00:00,25.5,98,0.0,1.29,0.0,99
2025-10-05 04:00:00,25.3,96,0.0,2.08,0.0,100
2025-10-05 05:00:00,25.5,90,1.0,0.6,0.0,100
2025-10-05 06:00:00,26.1,88,56.0,1.45,0.0,100
2025-10-05 07:00:00,27.2,84,183.0,1.92,0.0,100
2025-10-05 08:00:00,27.9,81,286.0,1.63,0.0,100
2025-10-05 09:00:00,29.5,75,552.0,1.01,0.0,100
2025-10-05 10:00:00,29.5,76,549.0,1.55,0.1,100
2025-10-05 11:00:00,28.2,77,660.0,2.0,0.1,100
2025-10-05 12:00:00,28.5,77,433.0,2.87,0.8,100
2025-10-05 13:00:00,27.8,80,326.0,2.1,3.7,100
2025-10-05 14:00:00,27.9,81,297.0,2.17,0.1,99
2025-10-05 15:00:00,27.7,80,251.0,1.74,0.0,99
2025-10-05 16:00:00,27.1,82,101.0,1.2,0.0,95
2025-10-05 17:00:00,26.1,90,13.0,3.05,0.0,100
2025-10-05 18:00:00,25.4,93,0.0,2.08,0.0,100
2025-10-05 19:00:00,25.4,94,0.0,1.77,0.0,100
2025-10-05 20:00:00,25.3,93,0.0,1.17,0.7,100
2025-10-05 21:00:00,25.1,93,0.0,0.53,0.0,100
2025-10-05 22:00:00,25.0,94,0.0,0.91,0.1,100
2025-10-05 23:00:00,25.3,92,0.0,1.7,0.0,100
2025-10-06 00:00:00,24.8,95,0.0,1.12,0.0,84
2025-10-06 01:00:00,24.7,96,0.0,0.96,0.0,91
2025-10-06 02:00:00,24.9,93,0.0,0.2,0.1,70
2025-10-06 03:00:00,24.7,95,0.0,0.11,0.1,87
2025-10-06 04:00:00,24.3,99,0.0,0.57,0.1,99
2025-10-06 05:00:00,24.8,99,1.0,1.1,0.0,80
2025-10-06 06:00:00,25.4,99,75.0,0.74,0.1,95
2025-10-06 07:00:00,26.2,95,218.0,0.75,0.2,100
2025-10-06 08:00:00,27.1,89,389.0,1.38,0.2,94
2025-10-06 09:00:00,28.3,80,534.0,1.55,0.1,100
2025-10-06 10:00:00,28.9,76,535.0,1.76,0.0,100
2025-10-06 11:00:00,29.0,74,710.0,1.5,0.0,64
2025-10-06 12:00:00,29.7,71,621.0,1.59,0.0,98
2025-10-06 13:00:00,29.3,71,426.0,2.42,0.0,99
2025-10-06 14:00:00,29.0,72,343.0,2.18,0.0,96
2025-10-06 15:00:00,28.9,74,315.0,2.17,0.0,98
2025-10-06 16:00:00,28.3,78,129.0,1.67,0.0,97
2025-10-06 17:00:00,27.0,87,13.0,0.99,0.0,95
2025-10-06 18:00:00,26.7,89,0.0,0.6,0.0,28
2025-10-06 19:00:00,26.4,91,0.0,0.65,0.0,49
2025-10-06 20:00:00,26.2,92,0.0,0.35,0.0,50
2025-10-06 21:00:00,25.9,94,0.0,0.4,0.0,95
2025-10-06 22:00:00,25.6,96,0.0,0.47,0.0,100
2025-10-06 23:00:00,25.5,98,0.0,1.17,0.0,23
2025-10-07 00:00:00,24.8,99,0.0,0.86,0.0,5
2025-10-07 01:00:00,24.7,100,0.0,0.25,0.0,98
2025-10-07 02:00:00,24.8,100,0.0,1.27,0.1,73
2025-10-07 03:00:00,24.6,98,0.0,1.07,0.4,69
2025-10-07 04:00:00,24.4,99,0.0,1.17,0.1,66
2025-10-07 05:00:00,24.7,99,0.0,0.95,0.0,56
2025-10-07 06:00:00,25.2,97,56.0,0.39,0.0,52
2025-10-07 07:00:00,25.9,92,174.0,1.01,0.1,99
2025-10-07 08:00:00,27.2,86,409.0,1.55,0.0,31
2025-10-07 09:00:00,28.1,82,548.0,1.63,0.0,16
2025-10-07 10:00:00,29.1,76,672.0,1.49,0.0,13
2025-10-07 11:00:00,30.3,68,736.0,2.35,0.0,99
2025-10-07 12:00:00,30.7,67,508.0,2.73,0.0,84
2025-10-07 13:00:00,31.4,64,659.0,2.48,0.0,88
2025-10-07 14:00:00,31.1,64,527.0,3.01,0.0,54
2025-10-07 15:00:00,30.5,67,336.0,3.07,0.0,66
2025-10-07 16:00:00,29.3,72,125.0,2.48,0.1,97
2025-10-07 17:00:00,27.9,83,11.0,1.56,0.0,100
2025-10-07 18:00:00,27.3,86,0.0,2.17,0.0,97
2025-10-07 19:00:00,26.9,85,0.0,1.61,0.0,91
2025-10-07 20:00:00,26.4,86,0.0,1.36,0.0,55
2025-10-07 21:00:00,26.1,88,0.0,1.23,0.0,8
2025-10-07 22:00:00,25.8,89,0.0,1.21,0.0,8
2025-10-07 23:00:00,26.5,87,0.0,1.49,0.0,38
2025-10-08 00:00:00,26.2,89,0.0,0.65,0.0,26
2025-10-08 01:00:00,25.7,92,0.0,0.87,0.0,99
2025-10-08 02:00:00,25.3,94,0.0,0.69,0.0,100
2025-10-08 03:00:00,24.7,96,0.0,1.17,0.1,100
2025-10-08 04:00:00,24.7,95,0.0,0.62,0.1,100
2025-10-08 05:00:00,25.2,97,0.0,0.56,0.0,100
2025-10-08 06:00:00,26.4,89,77.0,1.31,0.0,99
2025-10-08 07:00:00,27.1,86,238.0,1.19,0.0,100
2025-10-08 08:00:00,27.7,82,291.0,0.68,0.0,100
2025-10-08 09:00:00,28.8,76,463.0,0.6,0.0,100
2025-10-08 10:00:00,29.7,72,616.0,0.25,0.1,79
2025-10-08 11:00:00,30.5,69,646.0,1.06,0.1,21
2025-10-08 12:00:00,31.0,68,742.0,1.66,0.1,59
2025-10-08 13:00:00,30.7,68,555.0,2.42,0.2,98
2025-10-08 14:00:00,30.7,66,398.0,1.85,0.1,99
2025-10-08 15:00:00,30.3,68,253.0,1.84,0.0,100
2025-10-08 16:00:00,29.3,78,110.0,0.78,0.0,100
2025-10-08 17:00:00,27.7,89,10.0,0.97,0.1,49
2025-10-08 18:00:00,27.1,93,0.0,0.97,0.0,43
2025-10-08 19:00:00,26.6,96,0.0,0.64,0.0,21
2025-10-08 20:00:00,26.6,94,0.0,0.89,0.0,52
2025-10-08 21:00:00,24.8,90,0.0,2.95,7.5,98
2025-10-08 22:00:00,24.6,94,0.0,0.75,0.9,70
2025-10-08 23:00:00,24.5,96,0.0,1.12,0.2,48
2025-10-09 00:00:00,24.4,98,0.0,0.47,0.0,77
2025-10-09 01:00:00,24.7,98,0.0,0.32,0.0,96
2025-10-09 02:00:00,24.6,97,0.0,0.3,0.0,100
2025-10-09 03:00:00,24.5,97,0.0,0.89,0.0,99
2025-10-09 04:00:00,24.4,99,0.0,1.44,0.0,100
2025-10-09 05:00:00,25.2,97,0.0,0.74,0.0,16
2025-10-09 06:00:00,25.7,89,65.0,1.95,0.1,55
2025-10-09 07:00:00,26.5,86,246.0,1.8,0.0,46
2025-10-09 08:00:00,27.1,81,332.0,1.45,0.0,38
2025-10-09 09:00:00,28.2,78,534.0,1.08,0.0,45
2025-10-09 10:00:00,29.2,74,653.0,0.5,0.1,31
2025-10-09 11:00:00,29.7,68,688.0,0.43,0.0,31
2025-10-09 12:00:00,30.5,65,721.0,0.5,0.0,52
2025-10-09 13:00:00,30.9,62,571.0,0.71,0.0,26
2025-10-09 14:00:00,30.6,62,428.0,0.5,0.0,73
2025-10-09 15:00:00,30.4,63,251.0,0.25,0.0,88
2025-10-09 16:00:00,29.4,77,115.0,0.05,0.0,63
2025-10-09 17:00:00,28.1,82,9.0,0.75,0.0,90
2025-10-09 18:00:00,27.5,87,0.0,0.22,0.0,97
2025-10-09 19:00:00,26.8,92,0.0,0.64,0.0,96
2025-10-09 20:00:00,26.0,99,0.0,0.5,0.0,91
2025-10-09 21:00:00,26.2,98,0.0,1.57,0.0,74
2025-10-09 22:00:00,25.7,98,0.0,0.96,0.0,94
2025-10-09 23:00:00,25.9,94,0.0,1.56,0.0,100
2025-10-10 00:00:00,25.3,99,0.0,0.43,0.0,100
2025-10-10 01:00:00,25.3,100,0.0,0.49,0.0,100
2025-10-10 02:00:00,25.0,100,0.0,2.12,0.0,100
2025-10-10 03:00:00,24.7,100,0.0,1.35,0.0,88
2025-10-10 04:00:00,24.4,96,0.0,1.29,0.4,62
2025-10-10 05:00:00,25.6,94,0.0,1.08,0.0,82
2025-10-10 06:00:00,26.3,92,65.0,1.32,0.0,45
2025-10-10 07:00:00,27.3,84,239.0,1.65,0.1,77
2025-10-10 08:00:00,28.3,79,415.0,1.85,0.1,52
2025-10-10 09:00:00,29.3,77,594.0,1.78,0.1,9
2025-10-10 10:00:00,30.3,71,702.0,1.64,0.1,9
2025-10-10 11:00:00,30.4,70,759.0,1.14,0.1,59
2025-10-10 12:00:00,31.0,68,646.0,0.96,0.0,36
2025-10-10 13:00:00,31.2,65,559.0,0.78,0.0,77
2025-10-10 14:00:00,30.8,65,402.0,0.55,0.0,80
2025-10-10 15:00:00,30.0,68,199.0,0.64,0.0,84
2025-10-10 16:00:00,29.3,73,96.0,0.56,0.0,80
2025-10-10 17:00:00,27.4,91,7.0,0.75,0.0,82
2025-10-10 18:00:00,27.2,89,0.0,1.16,0.0,77
2025-10-10 19:00:00,26.7,89,0.0,1.59,1.0,69
2025-10-10 20:00:00,25.5,92,0.0,1.45,1.9,100
2025-10-10 21:00:00,25.2,94,0.0,0.05,0.0,100
2025-10-10 22:00:00,24.7,98,0.0,1.01,0.0,100
2025-10-10 23:00:00,24.8,94,0.0,1.07,0.5,69
2025-10-11 00:00:00,24.6,97,0.0,0.29,0.1,84
2025-10-11 01:00:00,24.4,96,0.0,1.03,0.0,97
2025-10-11 02:00:00,24.1,97,0.0,0.86,0.0,99
2025-10-11 03:00:00,24.1,96,0.0,0.25,0.1,100
2025-10-11 04:00:00,24.3,96,0.0,1.06,0.1,100
2025-10-11 05:00:00,25.3,94,0.0,0.49,0.8,100
2025-10-11 06:00:00,25.2,96,11.0,0.82,1.9,100
2025-10-11 07:00:00,25.3,96,37.0,0.92,2.4,100
2025-10-11 08:00:00,25.2,94,55.0,0.74,2.6,100
2025-10-11 09:00:00,25.2,94,51.0,0.6,1.8,100
2025-10-11 10:00:00,26.1,90,226.0,0.0,0.3,69
2025-10-11 11:00:00,26.2,87,471.0,1.66,0.1,87
2025-10-11 12:00:00,27.7,80,473.0,1.73,0.1,37
2025-10-11 13:00:00,28.9,73,628.0,1.63,0.1,30
2025-10-11 14:00:00,29.1,71,482.0,1.56,0.1,30
2025-10-11 15:00:00,29.0,72,317.0,1.17,0.0,20
2025-10-11 16:00:00,28.1,80,124.0,0.76,0.0,24
2025-10-11 17:00:00,26.7,89,8.0,0.72,0.6,13
2025-10-11 18:00:00,25.9,93,0.0,0.68,0.0,7
2025-10-11 19:00:00,25.7,94,0.0,1.84,0.1,63
2025-10-11 20:00:00,25.0,93,0.0,2.47,0.1,27
2025-10-11 21:00:00,23.5,97,0.0,2.82,1.8,100
2025-10-11 22:00:00,23.2,96,0.0,1.23,1.9,20
2025-10-11 23:00:00,23.8,95,0.0,1.81,0.0,45
2025-10-12 00:00:00,23.4,97,0.0,2.04,0.2,100
2025-10-12 01:00:00,23.2,96,0.0,0.97,0.0,38
2025-10-12 02:00:00,22.8,98,0.0,0.92,0.0,44
2025-10-12 03:00:00,22.9,99,0.0,0.82,0.0,30
2025-10-12 04:00:00,23.0,98,0.0,1.21,0.0,35
2025-10-12 05:00:00,24.2,100,0.0,0.74,0.0,16
2025-10-12 06:00:00,24.9,94,63.0,1.59,0.0,9
2025-10-12 07:00:00,25.6,89,220.0,1.2,0.1,25
2025-10-12 08:00:00,26.8,81,409.0,1.1,0.1,48
2025-10-12 09:00:00,28.2,74,569.0,1.2,0.1,24
2025-10-12 10:00:00,29.0,70,688.0,1.61,0.1,27
2025-10-12 11:00:00,29.0,69,725.0,1.9,0.1,20
2025-10-12 12:00:00,29.8,66,701.0,0.97,0.1,28
2025-10-12 13:00:00,30.2,64,595.0,0.71,0.0,16
2025-10-12 14:00:00,30.1,64,491.0,0.95,0.0,16
2025-10-12 15:00:00,29.7,66,303.0,1.18,0.0,6
2025-10-12 16:00:00,28.5,78,120.0,0.97,0.0,9
2025-10-12 17:00:00,27.0,83,8.0,1.43,0.0,3
2025-10-12 18:00:00,26.4,87,0.0,1.41,0.0,3
2025-10-12 19:00:00,25.6,94,0.0,1.56,0.0,7
2025-10-12 20:00:00,25.5,92,0.0,1.69,0.0,6
2025-10-12 21:00:00,25.1,93,0.0,2.03,0.0,8
2025-10-12 22:00:00,24.9,95,0.0,1.72,0.0,7
2025-10-12 23:00:00,25.1,94,0.0,2.34,0.0,32
2025-10-13 00:00:00,25.0,93,0.0,2.07,0.0,23
2025-10-13 01:00:00,24.5,96,0.0,1.8,0.0,34
2025-10-13 02:00:00,24.4,96,0.0,1.95,0.1,94
2025-10-13 03:00:00,24.2,92,0.0,0.86,1.3,55
2025-10-13 04:00:00,24.0,92,0.0,2.35,0.4,32
2025-10-13 05:00:00,24.2,92,0.0,1.7,0.0,45
2025-10-13 06:00:00,25.0,89,60.0,1.25,0.0,23
2025-10-13 07:00:00,26.3,85,237.0,1.36,0.0,15
2025-10-13 08:00:00,27.7,78,425.0,1.25,0.0,5
2025-10-13 09:00:00,28.9,73,601.0,1.3,0.0,5
2025-10-13 10:00:00,29.8,70,707.0,1.41,0.0,6
2025-10-13 11:00:00,30.2,65,744.0,0.98,0.0,5
2025-10-13 12:00:00,31.2,61,734.0,0.82,0.0,2
2025-10-13 13:00:00,31.4,60,642.0,1.46,0.0,7
2025-10-13 14:00:00,30.9,62,504.0,1.77,0.2,43
2025-10-13 15:00:00,30.3,66,277.0,1.65,0.0,30
2025-10-13 16:00:00,29.3,73,111.0,0.65,0.0,28
2025-10-13 17:00:00,26.6,85,6.0,1.87,0.0,7
2025-10-13 18:00:00,26.4,90,0.0,1.44,0.0,7
2025-10-13 19:00:00,26.2,93,0.0,1.41,0.0,5
2025-10-13 20:00:00,25.8,92,0.0,1.5,0.0,3
2025-10-13 21:00:00,25.4,94,0.0,1.54,0.0,5
2025-10-13 22:00:00,24.9,98,0.0,1.84,0.0,7
2025-10-13 23:00:00,23.5,94,0.0,1.74,0.2,68
2025-10-14 00:00:00,23.7,97,0.0,0.83,0.0,36
2025-10-14 01:00:00,23.5,97,0.0,0.3,0.0,67
2025-10-14 02:00:00,23.7,95,0.0,0.27,0.0,24
2025-10-14 03:00:00,23.5,95,0.0,0.87,0.0,52
2025-10-14 04:00:00,23.3,95,0.0,0.21,0.0,19
2025-10-14 05:00:00,24.2,100,0.0,1.2,0.0,100
2025-10-14 06:00:00,25.0,99,67.0,2.04,0.0,53
2025-10-14 07:00:00,26.5,89,225.0,1.96,0.0,13
2025-10-14 08:00:00,28.2,79,433.0,2.11,0.0,3
2025-10-14 09:00:00,29.7,70,610.0,2.4,0.0,5
2025-10-14 10:00:00,30.9,66,726.0,2.55,0.0,2
2025-10-14 11:00:00,31.2,63,766.0,2.71,0.0,7
2025-10-14 12:00:00,32.1,59,710.0,2.39,0.0,8
2025-10-14 13:00:00,32.5,57,633.0,2.17,0.0,5
2025-10-14 14:00:00,32.4,56,501.0,1.84,0.0,13
2025-10-14 15:00:00,31.5,61,313.0,2.12,0.0,5
2025-10-14 16:00:00,29.9,70,124.0,1.86,0.0,14
2025-10-14 17:00:00,28.5,81,6.0,1.2,0.0,8
2025-10-14 18:00:00,28.1,83,0.0,0.11,0.0,13
2025-10-14 19:00:00,27.3,88,0.0,1.47,0.0,17
2025-10-14 20:00:00,26.9,84,0.0,1.3,0.0,35
2025-10-14 21:00:00,26.4,87,0.0,1.07,0.0,39
2025-10-14 22:00:00,25.9,92,0.0,0.43,0.0,31
2025-10-14 23:00:00,25.8,98,0.0,0.21,0.0,9
2025-10-15 00:00:00,25.6,99,0.0,0.07,0.0,2
2025-10-15 01:00:00,25.3,100,0.0,0.3,0.0,98
2025-10-15 02:00:00,24.9,96,0.0,1.89,0.4,91
2025-10-15 03:00:00,24.6,95,0.0,0.95,0.0,19
2025-10-15 04:00:00,24.4,95,0.0,0.75,0.0,9
2025-10-15 05:00:00,24.7,99,0.0,0.61,0.0,0
2025-10-15 06:00:00,26.3,92,72.0,0.81,0.0,0
2025-10-15 07:00:00,28.2,78,259.0,0.94,0.0,1
2025-10-15 08:00:00,29.6,74,455.0,1.47,0.0,4
2025-10-15 09:00:00,30.9,67,602.0,1.97,0.0,9
2025-10-15 10:00:00,31.9,61,711.0,1.88,0.0,6
2025-10-15 11:00:00,32.5,57,773.0,1.91,0.0,8
2025-10-15 12:00:00,33.0,56,723.0,1.88,0.0,9
2025-10-15 13:00:00,32.9,56,646.0,1.85,0.0,9
2025-10-15 14:00:00,32.6,57,494.0,1.9,0.0,7
2025-10-15 15:00:00,31.8,59,316.0,1.79,0.0,6
2025-10-15 16:00:00,29.9,73,122.0,1.03,0.0,4
2025-10-15 17:00:00,28.9,77,6.0,0.21,0.0,1
2025-10-15 18:00:00,28.2,81,0.0,0.72,0.0,2
2025-10-15 19:00:00,27.7,84,0.0,1.44,0.0,0
2025-10-15 20:00:00,27.3,87,0.0,1.12,0.0,2
2025-10-15 21:00:00,27.1,90,0.0,0.14,0.0,5
2025-10-15 22:00:00,26.3,94,0.0,0.71,0.0,1
2025-10-15 23:00:00,26.5,94,0.0,1.08,0.0,7
2025-10-16 00:00:00,26.3,93,0.0,0.18,0.0,5
2025-10-16 01:00:00,25.9,95,0.0,0.07,0.0,11
2025-10-16 02:00:00,25.4,98,0.0,0.41,0.0,4
2025-10-16 03:00:00,24.7,100,0.0,0.47,0.0,97
2025-10-16 04:00:00,24.5,100,0.0,0.32,0.0,98
2025-10-16 05:00:00,24.5,100,0.0,1.64,0.0,93
2025-10-16 06:00:00,26.3,87,68.0,1.55,0.0,1
2025-10-16 07:00:00,28.5,75,254.0,1.54,0.0,2
2025-10-16 08:00:00,30.0,70,455.0,1.75,0.0,0
2025-10-16 09:00:00,31.3,61,621.0,2.13,0.0,1
2025-10-16 10:00:00,32.3,54,733.0,2.12,0.0,4
2025-10-16 11:00:00,32.6,50,776.0,1.95,0.0,2
2025-10-16 12:00:00,33.2,48,752.0,1.6,0.0,3
2025-10-16 13:00:00,33.4,46,658.0,1.41,0.0,4
2025-10-16 14:00:00,33.0,48,507.0,1.61,0.0,4
2025-10-16 15:00:00,32.1,53,316.0,1.68,0.0,5
2025-10-16 16:00:00,30.0,65,120.0,1.57,0.0,4
2025-10-16 17:00:00,29.3,68,6.0,0.36,0.0,1
2025-10-16 18:00:00,28.2,75,0.0,0.88,0.0,2
2025-10-16 19:00:00,27.4,82,0.0,0.71,0.0,2
2025-10-16 20:00:00,26.8,89,0.0,0.96,0.0,4
2025-10-16 21:00:00,26.4,91,0.0,0.21,0.0,0
2025-10-16 22:00:00,25.9,93,0.0,0.18,0.0,0
2025-10-16 23:00:00,25.7,96,0.0,0.65,0.0,0
2025-10-17 00:00:00,25.2,95,0.0,0.5,0.0,0
2025-10-17 01:00:00,25.0,96,0.0,0.22,0.0,0
2025-10-17 02:00:00,24.5,98,0.0,0.5,0.0,1
2025-10-17 03:00:00,24.1,99,0.0,0.42,0.0,3
2025-10-17 04:00:00,23.8,100,0.0,0.72,0.0,95
2025-10-17 05:00:00,23.9,100,0.0,0.61,0.0,100
2025-10-17 06:00:00,25.6,93,69.0,1.41,0.0,0
2025-10-17 07:00:00,28.0,72,252.0,1.5,0.0,0
2025-10-17 08:00:00,29.7,65,456.0,1.4,0.0,0
2025-10-17 09:00:00,31.1,59,622.0,1.66,0.0,0
2025-10-17 10:00:00,32.2,53,734.0,1.72,0.0,0
2025-10-17 11:00:00,32.6,53,780.0,1.5,0.0,0
2025-10-17 12:00:00,33.3,49,753.0,1.57,0.0,2
2025-10-17 13:00:00,33.3,48,659.0,2.05,0.0,2
2025-10-17 14:00:00,33.0,47,510.0,2.12,0.0,2
2025-10-17 15:00:00,32.0,52,319.0,2.07,0.0,3
2025-10-17 16:00:00,29.8,67,119.0,1.22,0.0,3
2025-10-17 17:00:00,29.0,71,5.0,0.69,0.0,8
2025-10-17 18:00:00,28.6,73,0.0,0.14,0.0,5
2025-10-17 19:00:00,27.4,81,0.0,0.85,0.0,2
2025-10-17 20:00:00,26.4,88,0.0,0.76,0.0,1
2025-10-17 21:00:00,25.9,90,0.0,0.21,0.0,1
2025-10-17 22:00:00,25.3,92,0.0,0.25,0.0,1
2025-10-17 23:00:00,25.6,95,0.0,0.75,0.0,0
2025-10-18 00:00:00,25.1,98,0.0,0.76,0.0,3
2025-10-18 01:00:00,24.8,99,0.0,0.61,0.0,2
2025-10-18 02:00:00,24.3,99,0.0,0.25,0.0,1
2025-10-18 03:00:00,23.9,100,0.0,0.49,0.0,14
2025-10-18 04:00:00,23.7,100,0.0,0.43,0.0,9
2025-10-18 05:00:00,23.5,100,0.0,1.49,0.0,94
2025-10-18 06:00:00,24.8,88,58.0,1.12,0.0,0
2025-10-18 07:00:00,27.5,75,232.0,1.19,0.0,0
2025-10-18 08:00:00,29.6,66,451.0,1.57,0.0,0
2025-10-18 09:00:00,31.1,59,616.0,1.91,0.0,3
2025-10-18 10:00:00,32.0,54,718.0,1.77,0.0,4
2025-10-18 11:00:00,32.0,55,746.0,1.18,0.0,5
2025-10-18 12:00:00,32.9,50,705.0,1.6,0.0,5
2025-10-18 13:00:00,33.0,49,627.0,2.34,0.0,5
2025-10-18 14:00:00,32.5,49,477.0,2.84,0.0,5
2025-10-18 15:00:00,31.6,53,302.0,1.8,0.0,6
2025-10-18 16:00:00,30.2,67,113.0,0.38,0.0,5
2025-10-18 17:00:00,28.7,72,5.0,0.88,0.0,2
2025-10-18 18:00:00,28.4,75,0.0,0.21,0.0,3
2025-10-18 19:00:00,27.9,78,0.0,0.51,0.0,3
2025-10-18 20:00:00,27.3,82,0.0,0.53,0.0,2
2025-10-18 21:00:00,26.6,86,0.0,0.6,0.0,0
2025-10-18 22:00:00,25.7,90,0.0,0.78,0.0,0
2025-10-18 23:00:00,25.8,93,0.0,0.46,0.0,0
2025-10-19 00:00:00,25.3,94,0.0,0.76,0.0,9
2025-10-19 01:00:00,25.1,95,0.0,0.86,0.0,10
2025-10-19 02:00:00,24.5,97,0.0,0.79,0.0,12
2025-10-19 03:00:00,24.3,99,0.0,0.95,0.0,10
2025-10-19 04:00:00,23.8,100,0.0,1.55,0.0,6
2025-10-19 05:00:00,23.6,99,0.0,1.66,0.0,0
2025-10-19 06:00:00,25.4,83,64.0,1.15,0.0,0
2025-10-19 07:00:00,27.9,70,247.0,1.26,0.0,0
2025-10-19 08:00:00,29.7,65,446.0,1.75,0.0,0
2025-10-19 09:00:00,31.3,57,610.0,2.12,0.0,0
2025-10-19 10:00:00,32.4,50,719.0,2.15,0.0,11
2025-10-19 11:00:00,32.6,48,708.0,1.8,0.0,10
2025-10-19 12:00:00,33.2,46,699.0,2.1,0.0,2
2025-10-19 13:00:00,33.1,46,618.0,2.3,0.0,4
2025-10-19 14:00:00,32.5,47,487.0,2.79,0.0,5
2025-10-19 15:00:00,31.4,52,308.0,2.24,0.0,7
2025-10-19 16:00:00,29.2,65,112.0,1.17,0.0,8
2025-10-19 17:00:00,28.8,67,4.0,0.21,0.0,4
2025-10-19 18:00:00,28.4,67,0.0,0.11,0.0,3
2025-10-19 19:00:00,27.8,72,0.0,0.39,0.0,2
2025-10-19 20:00:00,27.1,76,0.0,0.5,0.0,0
2025-10-19 21:00:00,26.2,83,0.0,0.57,0.0,0
2025-10-19 22:00:00,25.5,87,0.0,0.5,0.0,0
2025-10-19 23:00:00,25.3,95,0.0,0.62,0.0,0
2025-10-20 00:00:00,24.8,96,0.0,0.57,0.0,2
2025-10-20 01:00:00,24.8,96,0.0,1.19,0.0,1
2025-10-20 02:00:00,24.5,96,0.0,1.22,0.0,5
2025-10-20 03:00:00,24.2,94,0.0,1.4,0.0,11
2025-10-20 04:00:00,23.6,99,0.0,1.71,0.0,1
2025-10-20 05:00:00,23.3,100,0.0,1.55,0.0,96
2025-10-20 06:00:00,24.8,92,56.0,1.14,0.0,8
2025-10-20 07:00:00,27.1,77,236.0,1.2,0.0,0
2025-10-20 08:00:00,29.2,67,445.0,1.53,0.0,0
2025-10-20 09:00:00,31.0,54,612.0,1.92,0.0,0
2025-10-20 10:00:00,32.3,45,724.0,2.08,0.0,0
2025-10-20 11:00:00,32.7,44,771.0,2.2,0.0,0
2025-10-20 12:00:00,33.5,40,739.0,2.38,0.0,1
2025-10-20 13:00:00,33.8,36,647.0,2.19,0.0,0
2025-10-20 14:00:00,33.4,38,498.0,2.12,0.0,0
2025-10-20 15:00:00,32.3,46,308.0,1.68,0.0,1
2025-10-20 16:00:00,29.8,60,110.0,1.66,0.0,0
2025-10-20 17:00:00,28.0,72,4.0,1.49,0.0,0
2025-10-20 18:00:00,27.5,72,0.0,0.89,0.0,0
2025-10-20 19:00:00,27.1,76,0.0,0.96,0.0,0
2025-10-20 20:00:00,26.2,82,0.0,1.3,0.0,0
2025-10-20 21:00:00,25.7,85,0.0,1.15,0.0,0
2025-10-20 22:00:00,25.0,88,0.0,0.74,0.0,0
2025-10-20 23:00:00,24.6,95,0.0,0.39,0.0,0
2025-10-21 00:00:00,24.0,99,0.0,0.49,0.0,0
2025-10-21 01:00:00,24.0,99,0.0,0.5,0.0,0
2025-10-21 02:00:00,23.8,100,0.0,0.57,0.0,96
2025-10-21 03:00:00,23.5,100,0.0,0.5,0.0,97
2025-10-21 04:00:00,23.2,98,0.0,1.05,0.0,19
2025-10-21 05:00:00,22.8,94,0.0,1.74,0.0,0
2025-10-21 06:00:00,24.5,81,57.0,2.09,0.0,0
2025-10-21 07:00:00,26.6,71,244.0,1.72,0.0,0
2025-10-21 08:00:00,28.4,67,444.0,2.17,0.0,0
2025-10-21 09:00:00,30.2,63,607.0,2.52,0.0,0
2025-10-21 10:00:00,31.6,56,717.0,2.72,0.0,0
2025-10-21 11:00:00,32.4,50,761.0,2.57,0.0,0
2025-10-21 12:00:00,33.4,44,738.0,2.21,0.0,0
2025-10-21 13:00:00,33.4,43,642.0,2.66,0.0,0
2025-10-21 14:00:00,32.9,46,492.0,2.92,0.0,0
2025-10-21 15:00:00,31.8,52,302.0,2.23,0.0,2
2025-10-21 16:00:00,29.7,62,105.0,1.45,0.0,2
2025-10-21 17:00:00,28.5,73,3.0,1.3,0.0,0
2025-10-21 18:00:00,27.6,77,0.0,1.32,0.0,0
2025-10-21 19:00:00,27.0,79,0.0,1.31,0.0,0
2025-10-21 20:00:00,26.7,81,0.0,1.15,0.0,0
2025-10-21 21:00:00,26.6,81,0.0,0.75,0.0,0
2025-10-21 22:00:00,26.1,85,0.0,0.5,0.0,0
2025-10-21 23:00:00,25.7,89,0.0,0.27,0.0,0
2025-10-22 00:00:00,25.0,94,0.0,0.4,0.0,0
2025-10-22 01:00:00,24.6,96,0.0,0.75,0.0,0
2025-10-22 02:00:00,24.3,96,0.0,0.95,0.0,0
2025-10-22 03:00:00,24.1,97,0.0,1.1,0.0,0
2025-10-22 04:00:00,24.1,98,0.0,1.55,0.0,0
2025-10-22 05:00:00,23.9,93,0.0,1.9,0.0,0
2025-10-22 06:00:00,25.0,88,61.0,1.97,0.0,0
2025-10-22 07:00:00,26.5,82,241.0,1.9,0.0,0
2025-10-22 08:00:00,28.3,75,434.0,1.82,0.0,0
2025-10-22 09:00:00,30.2,67,597.0,2.0,0.0,0
2025-10-22 10:00:00,31.6,59,708.0,2.2,0.0,0
2025-10-22 11:00:00,32.2,54,753.0,2.22,0.0,0
2025-10-22 12:00:00,33.3,48,726.0,2.14,0.0,0
2025-10-22 13:00:00,33.4,48,633.0,1.98,0.0,0
2025-10-22 14:00:00,33.2,48,479.0,2.13,0.0,11
2025-10-22 15:00:00,32.2,54,267.0,1.76,0.0,13
2025-10-22 16:00:00,30.3,63,95.0,1.64,0.0,4
2025-10-22 17:00:00,29.0,66,3.0,2.07,0.0,11
2025-10-22 18:00:00,28.3,67,0.0,1.81,0.0,9
2025-10-22 19:00:00,27.6,72,0.0,1.41,0.0,16
2025-10-22 20:00:00,27.5,74,0.0,0.91,0.0,30
2025-10-22 21:00:00,27.1,80,0.0,0.94,0.0,44
2025-10-22 22:00:00,26.5,85,0.0,1.21,0.0,30
2025-10-22 23:00:00,26.5,84,0.0,1.13,0.0,25
2025-10-23 00:00:00,25.9,89,0.0,1.17,0.0,13
2025-10-23 01:00:00,25.3,93,0.0,0.55,0.0,5
2025-10-23 02:00:00,24.8,94,0.0,0.85,0.0,6
2025-10-23 03:00:00,24.4,96,0.0,0.95,0.0,1
2025-10-23 04:00:00,24.3,99,0.0,1.45,0.0,1
2025-10-23 05:00:00,24.6,94,0.0,1.8,0.0,9
2025-10-23 06:00:00,25.7,89,52.0,2.1,0.0,39
2025-10-23 07:00:00,27.2,81,196.0,2.08,0.0,34
2025-10-23 08:00:00,28.7,74,393.0,2.34,0.0,24
2025-10-23 09:00:00,30.4,67,562.0,2.62,0.0,18
2025-10-23 10:00:00,31.8,59,684.0,2.71,0.0,8
2025-10-23 11:00:00,32.6,55,722.0,2.51,0.0,32
2025-10-23 12:00:00,32.0,53,541.0,1.03,0.1,92
2025-10-23 13:00:00,32.3,52,416.0,1.62,0.0,93
2025-10-23 14:00:00,30.9,60,368.0,2.84,0.0,70
2025-10-23 15:00:00,30.1,63,221.0,2.02,0.0,98
2025-10-23 16:00:00,29.2,74,70.0,0.46,0.0,44
2025-10-23 17:00:00,28.4,78,2.0,0.96,0.0,58
2025-10-23 18:00:00,27.8,80,0.0,1.32,0.0,45
2025-10-23 19:00:00,27.1,82,0.0,1.13,0.0,37
2025-10-23 20:00:00,26.4,86,0.0,0.54,0.0,70
2025-10-23 21:00:00,26.1,86,0.0,0.22,0.0,88
2025-10-23 22:00:00,26.1,88,0.0,0.07,0.0,66
2025-10-23 23:00:00,25.8,88,0.0,1.27,0.0,52
2025-10-24 00:00:00,25.2,91,0.0,0.9,0.0,30
2025-10-24 01:00:00,25.0,90,0.0,1.01,0.0,51
2025-10-24 02:00:00,25.1,88,0.0,0.45,0.0,31
2025-10-24 03:00:00,24.8,91,0.0,0.11,0.0,35
2025-10-24 04:00:00,24.5,94,0.0,0.1,0.0,8
2025-10-24 05:00:00,24.3,100,0.0,0.2,0.0,99
2025-10-24 06:00:00,25.2,98,54.0,0.57,0.0,62
2025-10-24 07:00:00,27.2,84,220.0,0.98,0.0,13
2025-10-24 08:00:00,28.8,71,406.0,2.35,0.0,3
2025-10-24 09:00:00,30.5,61,570.0,1.7,0.0,0
2025-10-24 10:00:00,30.4,57,670.0,3.04,0.9,64
2025-10-24 11:00:00,30.6,57,556.0,2.44,0.1,53
2025-10-24 12:00:00,31.4,54,475.0,1.48,0.0,54
2025-10-24 13:00:00,31.0,54,533.0,1.12,0.7,41
2025-10-24 14:00:00,30.7,57,404.0,0.9,0.1,14
2025-10-24 15:00:00,30.5,58,248.0,0.6,0.0,17
2025-10-24 16:00:00,29.0,72,84.0,0.65,0.0,12
2025-10-24 17:00:00,27.6,81,2.0,0.5,0.0,8
2025-10-24 18:00:00,26.7,78,0.0,2.74,0.0,27
2025-10-24 19:00:00,23.7,83,0.0,5.9,0.0,77
2025-10-24 20:00:00,22.8,91,0.0,2.62,0.2,70
2025-10-24 21:00:00,22.8,89,0.0,2.36,0.2,23
2025-10-24 22:00:00,22.6,94,0.0,2.48,0.0,19
2025-10-24 23:00:00,22.4,95,0.0,2.24,0.0,18
2025-10-25 00:00:00,22.3,93,0.0,1.04,0.0,25
2025-10-25 01:00:00,22.4,94,0.0,2.23,0.4,20
2025-10-25 02:00:00,22.3,96,0.0,2.01,0.0,2
2025-10-25 03:00:00,22.3,92,0.0,2.04,0.0,20
2025-10-25 04:00:00,22.2,93,0.0,1.5,0.0,13
2025-10-25 05:00:00,23.7,99,0.0,1.96,0.0,27
2025-10-25 06:00:00,24.3,94,52.0,2.07,0.0,38
2025-10-25 07:00:00,25.5,87,206.0,2.21,0.0,62
2025-10-25 08:00:00,26.7,79,336.0,2.42,0.0,33
2025-10-25 09:00:00,28.0,73,530.0,2.37,0.0,15
2025-10-25 10:00:00,29.3,66,667.0,1.94,0.0,5
2025-10-25 11:00:00,29.6,62,706.0,1.34,0.0,7
2025-10-25 12:00:00,30.6,58,669.0,1.1,0.0,12
2025-10-25 13:00:00,30.8,57,581.0,1.32,0.0,13
2025-10-25 14:00:00,30.7,56,455.0,1.48,0.0,9
2025-10-25 15:00:00,30.1,58,271.0,1.71,0.0,6
2025-10-25 16:00:00,28.3,71,90.0,1.18,0.0,12
2025-10-25 17:00:00,27.1,75,2.0,2.59,0.0,85
2025-10-25 18:00:00,26.8,76,0.0,2.14,0.0,31
2025-10-25 19:00:00,26.2,78,0.0,3.16,0.0,19
2025-10-25 20:00:00,25.5,82,0.0,2.77,0.0,39
2025-10-25 21:00:00,24.8,85,0.0,2.28,0.0,67
2025-10-25 22:00:00,24.2,88,0.0,1.9,0.0,100
2025-10-25 23:00:00,24.8,88,0.0,1.75,0.0,98
2025-10-26 00:00:00,24.3,93,0.0,1.77,0.9,89
2025-10-26 01:00:00,23.6,95,0.0,0.76,0.1,29
2025-10-26 02:00:00,23.0,97,0.0,1.03,0.0,98
2025-10-26 03:00:00,22.6,98,0.0,0.57,0.0,45
2025-10-26 04:00:00,22.3,98,0.0,0.7,0.0,30
2025-10-26 05:00:00,22.3,97,0.0,0.84,0.0,78
2025-10-26 06:00:00,23.7,91,47.0,1.47,0.0,44
2025-10-26 07:00:00,25.1,84,212.0,1.43,0.0,51
2025-10-26 08:00:00,26.5,77,357.0,1.4,0.0,49
2025-10-26 09:00:00,27.8,71,470.0,1.58,0.0,55
2025-10-26 10:00:00,29.0,66,556.0,1.5,0.0,5
2025-10-26 11:00:00,30.1,61,710.0,1.36,0.0,2
2025-10-26 12:00:00,30.9,57,690.0,1.12,0.0,9
2025-10-26 13:00:00,31.0,56,603.0,1.36,0.0,4
2025-10-26 14:00:00,30.7,58,457.0,1.85,0.0,9
2025-10-26 15:00:00,30.0,61,273.0,1.87,0.0,15
2025-10-26 16:00:00,28.1,73,87.0,1.25,0.0,5
2025-10-26 17:00:00,27.4,73,2.0,2.71,0.0,59
2025-10-26 18:00:00,26.1,80,0.0,1.54,0.3,64
2025-10-26 19:00:00,24.0,90,0.0,2.8,3.3,4
2025-10-26 20:00:00,23.9,91,0.0,1.95,0.0,23
2025-10-26 21:00:00,23.7,92,0.0,1.59,0.0,5
2025-10-26 22:00:00,23.3,95,0.0,1.75,0.0,4
2025-10-26 23:00:00,23.3,97,0.0,2.21,0.0,43
2025-10-27 00:00:00,23.2,98,0.0,2.01,0.0,63
2025-10-27 01:00:00,23.1,98,0.0,1.85,0.0,79
2025-10-27 02:00:00,23.2,98,0.0,2.0,0.0,95
2025-10-27 03:00:00,23.2,95,0.0,2.4,0.0,81
2025-10-27 04:00:00,23.1,95,0.0,2.62,0.0,17
2025-10-27 05:00:00,22.8,97,0.0,2.5,0.0,20
2025-10-27 06:00:00,23.3,94,44.0,2.9,0.0,98
2025-10-27 07:00:00,24.2,89,149.0,2.86,0.0,99
2025-10-27 08:00:00,24.8,87,163.0,2.65,0.0,9
2025-10-27 09:00:00,27.8,75,568.0,3.14,0.0,58
2025-10-27 10:00:00,29.6,63,662.0,3.52,0.0,99
2025-10-27 11:00:00,30.8,56,688.0,3.86,0.0,95
2025-10-27 12:00:00,31.3,52,473.0,3.65,0.0,73
2025-10-27 13:00:00,31.6,51,460.0,2.97,0.0,14
2025-10-27 14:00:00,31.4,52,417.0,2.64,0.0,27
2025-10-27 15:00:00,30.6,56,251.0,2.11,0.0,7
2025-10-27 16:00:00,28.9,64,83.0,1.63,0.0,5
2025-10-27 17:00:00,27.2,74,1.0,1.62,0.0,73
2025-10-27 18:00:00,27.1,74,0.0,1.68,0.0,95
2025-10-27 19:00:00,26.7,77,0.0,1.58,0.0,2
2025-10-27 20:00:00,26.0,82,0.0,1.55,0.0,0
2025-10-27 21:00:00,25.4,85,0.0,1.41,0.0,2
2025-10-27 22:00:00,25.1,87,0.0,1.46,0.0,9
2025-10-27 23:00:00,25.0,92,0.0,1.22,0.0,6
2025-10-28 00:00:00,24.5,94,0.0,1.32,0.0,9
2025-10-28 01:00:00,24.4,94,0.0,1.55,0.0,0
2025-10-28 02:00:00,24.1,95,0.0,1.4,0.0,16
2025-10-28 03:00:00,23.9,96,0.0,1.65,0.0,13
2025-10-28 04:00:00,23.7,96,0.0,1.56,0.0,41
2025-10-28 05:00:00,23.8,100,0.0,1.45,0.0,99
2025-10-28 06:00:00,24.8,92,39.0,1.44,0.0,72
2025-10-28 07:00:00,26.2,84,201.0,1.76,0.0,79
2025-10-28 08:00:00,28.0,75,389.0,2.16,0.0,9
2025-10-28 09:00:00,29.7,67,561.0,2.53,0.0,11
2025-10-28 10:00:00,31.0,60,661.0,2.62,0.0,13
2025-10-28 11:00:00,31.5,55,660.0,1.99,0.0,34
2025-10-28 12:00:00,32.0,52,648.0,1.69,0.0,14
2025-10-28 13:00:00,31.9,52,536.0,1.24,0.1,41
2025-10-28 14:00:00,31.7,51,419.0,0.71,0.0,43
2025-10-28 15:00:00,31.1,55,244.0,0.85,0.0,14
2025-10-28 16:00:00,29.6,67,80.0,0.29,0.0,5
2025-10-28 17:00:00,28.7,66,1.0,0.2,0.0,18
2025-10-28 18:00:00,27.7,71,0.0,0.45,0.0,4
2025-10-28 19:00:00,26.9,78,0.0,0.41,0.0,5
2025-10-28 20:00:00,26.0,85,0.0,0.64,0.0,14
2025-10-28 21:00:00,25.5,89,0.0,0.4,0.0,27
2025-10-28 22:00:00,25.0,92,0.0,0.2,0.0,27
2025-10-28 23:00:00,25.0,95,0.0,0.88,0.0,48
2025-10-29 00:00:00,24.8,94,0.0,0.43,0.0,88
2025-10-29 01:00:00,24.5,94,0.0,0.47,0.0,14
2025-10-29 02:00:00,24.4,92,0.0,0.46,0.0,24
2025-10-29 03:00:00,24.3,93,0.0,0.2,0.0,97
2025-10-29 04:00:00,24.1,94,0.0,0.41,0.0,97
2025-10-29 05:00:00,24.2,95,0.0,0.85,0.0,40
2025-10-29 06:00:00,25.2,88,42.0,0.96,0.0,100
2025-10-29 07:00:00,25.8,85,62.0,0.78,0.0,100
2025-10-29 08:00:00,26.7,78,118.0,0.7,0.0,100
2025-10-29 09:00:00,27.5,74,195.0,0.75,0.0,97
2025-10-29 10:00:00,29.0,67,391.0,0.36,0.0,33
2025-10-29 11:00:00,29.4,65,615.0,1.4,0.0,73
2025-10-29 12:00:00,30.3,58,515.0,0.92,0.0,100
2025-10-29 13:00:00,29.7,61,199.0,1.72,0.0,100
2025-10-29 14:00:00,29.3,64,166.0,1.76,0.0,85
2025-10-29 15:00:00,28.9,67,150.0,1.44,0.0,13
2025-10-29 16:00:00,27.6,77,79.0,0.94,0.0,61
2025-10-29 17:00:00,27.3,78,1.0,1.18,0.0,98
2025-10-29 18:00:00,27.3,77,0.0,1.48,0.0,97
2025-10-29 19:00:00,26.9,79,0.0,2.26,0.0,71
2025-10-29 20:00:00,26.3,81,0.0,2.15,0.0,97
2025-10-29 21:00:00,26.0,82,0.0,1.83,0.0,100
2025-10-29 22:00:00,25.8,83,0.0,1.97,0.0,93
2025-10-29 23:00:00,25.8,84,0.0,1.48,0.0,100
2025-10-30 00:00:00,25.4,85,0.0,1.67,0.3,100
2025-10-30 01:00:00,24.5,91,0.0,2.05,0.8,100
2025-10-30 02:00:00,23.8,94,0.0,2.1,0.6,100
2025-10-30 03:00:00,23.5,95,0.0,2.04,0.4,100
2025-10-30 04:00:00,23.6,93,0.0,2.4,0.3,100
2025-10-30 05:00:00,24.0,93,0.0,2.5,0.0,100
2025-10-30 06:00:00,23.9,94,10.0,1.89,0.3,97
2025-10-30 07:00:00,24.4,92,76.0,2.02,0.0,37
2025-10-30 08:00:00,26.3,83,335.0,2.42,0.0,99
2025-10-30 09:00:00,27.0,80,273.0,2.55,0.0,100
2025-10-30 10:00:00,27.4,76,211.0,2.29,0.0,100
2025-10-30 11:00:00,27.6,73,215.0,3.43,0.0,100
2025-10-30 12:00:00,27.6,72,277.0,3.11,0.2,100
2025-10-30 13:00:00,27.1,75,226.0,2.7,0.4,100
2025-10-30 14:00:00,26.6,77,132.0,2.44,0.2,98
2025-10-30 15:00:00,27.0,73,242.0,2.4,0.0,72
2025-10-30 16:00:00,26.1,78,73.0,1.84,0.0,95
2025-10-30 17:00:00,25.7,79,1.0,2.15,0.0,50
2025-10-30 18:00:00,25.2,82,0.0,2.0,0.0,83
2025-10-30 19:00:00,24.9,81,0.0,2.55,0.0,99
2025-10-30 20:00:00,24.7,81,0.0,2.08,0.0,99
2025-10-30 21:00:00,24.4,84,0.0,1.75,0.0,100
2025-10-30 22:00:00,24.0,85,0.0,2.02,0.0,100
2025-10-30 23:00:00,23.7,87,0.0,3.18,0.0,100
2025-10-31 00:00:00,23.2,89,0.0,2.55,0.0,100
2025-10-31 01:00:00,22.8,90,0.0,2.8,0.0,100
2025-10-31 02:00:00,22.7,92,0.0,2.66,0.0,100
2025-10-31 03:00:00,22.6,92,0.0,3.15,0.3,100
2025-10-31 04:00:00,22.3,92,0.0,2.62,0.3,100
2025-10-31 05:00:00,23.0,96,0.0,2.31,0.4,100
2025-10-31 06:00:00,22.8,95,8.0,2.21,2.9,100
2025-10-31 07:00:00,22.9,93,46.0,2.14,2.2,100
2025-10-31 08:00:00,23.6,89,174.0,2.72,0.1,97
2025-10-31 09:00:00,24.5,83,310.0,2.73,0.0,97
2025-10-31 10:00:00,25.3,80,465.0,3.66,0.6,99
2025-10-31 11:00:00,25.9,77,387.0,3.47,0.0,100
2025-10-31 12:00:00,26.0,76,314.0,3.06,0.1,97
2025-10-31 13:00:00,26.6,74,429.0,3.4,0.1,100
2025-10-31 14:00:00,26.4,74,299.0,3.36,0.0,99
2025-10-31 15:00:00,26.0,77,186.0,2.96,0.0,100
2025-10-31 16:00:00,25.2,81,60.0,2.61,0.0,100
2025-10-31 17:00:00,24.7,82,1.0,2.83,0.0,95
2025-10-31 18:00:00,24.1,85,0.0,2.85,0.0,83
2025-10-31 19:00:00,23.6,88,0.0,2.88,0.0,99
2025-10-31 20:00:00,23.2,89,0.0,2.86,0.0,94
2025-10-31 21:00:00,22.9,91,0.0,2.67,0.0,100
2025-10-31 22:00:00,22.7,92,0.0,2.27,0.0,100
2025-10-31 23:00:00,23.0,92,0.0,2.85,0.2,100
2025-11-01 00:00:00,22.6,96,0.0,2.56,1.2,100
2025-11-01 01:00:00,22.5,97,0.0,2.29,0.3,100
2025-11-01 02:00:00,22.4,97,0.0,2.5,0.4,100
2025-11-01 03:00:00,22.4,97,0.0,2.66,0.3,100
2025-11-01 04:00:00,22.3,98,0.0,2.51,0.3,100
2025-11-01 05:00:00,22.5,96,0.0,2.02,0.8,100
2025-11-01 06:00:00,22.5,96,4.0,2.89,1.0,100
2025-11-01 07:00:00,22.7,96,36.0,2.8,2.0,100
2025-11-01 08:00:00,23.0,95,68.0,2.72,1.6,100
2025-11-01 09:00:00,24.1,88,194.0,3.1,0.5,100
2025-11-01 10:00:00,24.7,84,241.0,2.85,0.1,100
2025-11-01 11:00:00,26.4,76,208.0,3.12,0.0,100
2025-11-01 12:00:00,26.8,74,295.0,2.54,0.0,100
2025-11-01 13:00:00,26.2,79,120.0,1.77,0.5,100
2025-11-01 14:00:00,26.0,83,146.0,1.85,0.3,100
2025-11-01 15:00:00,25.6,87,102.0,1.6,0.2,100
2025-11-01 16:00:00,24.8,92,25.0,1.35,0.9,100
2025-11-01 17:00:00,23.5,94,0.0,2.45,4.3,100
2025-11-01 18:00:00,23.2,96,0.0,2.0,7.9,100
2025-11-01 19:00:00,23.1,97,0.0,2.87,6.2,99
2025-11-01 20:00:00,23.1,98,0.0,2.95,0.2,100
2025-11-01 21:00:00,23.0,97,0.0,2.86,3.8,99
2025-11-01 22:00:00,22.9,97,0.0,2.79,8.3,100
2025-11-01 23:00:00,23.1,96,0.0,1.99,3.6,100
2025-11-02 00:00:00,22.9,98,0.0,2.55,0.7,100
2025-11-02 01:00:00,22.9,97,0.0,2.29,0.1,100
2025-11-02 02:00:00,22.9,97,0.0,2.56,0.0,100
2025-11-02 03:00:00,23.0,97,0.0,2.86,0.0,98
2025-11-02 04:00:00,22.8,97,0.0,2.92,0.0,32
2025-11-02 05:00:00,22.6,98,0.0,3.02,0.0,32
2025-11-02 06:00:00,23.0,95,37.0,3.49,0.0,96
2025-11-02 07:00:00,23.7,90,117.0,4.16,0.0,70
2025-11-02 08:00:00,25.2,82,311.0,3.93,0.0,46
2025-11-02 09:00:00,26.8,74,500.0,3.91,0.0,65
2025-11-02 10:00:00,27.6,71,507.0,3.27,0.0,75
2025-11-02 11:00:00,27.6,72,554.0,2.98,0.0,60
2025-11-02 12:00:00,27.5,72,433.0,2.53,0.0,37
2025-11-02 13:00:00,27.5,71,418.0,2.43,0.3,70
2025-11-02 14:00:00,27.2,72,311.0,2.06,0.8,55
2025-11-02 15:00:00,26.8,75,181.0,1.7,0.1,36
2025-11-02 16:00:00,25.5,84,59.0,1.05,0.0,38
2025-11-02 17:00:00,24.2,90,0.0,1.72,0.4,26
2025-11-02 18:00:00,23.9,90,0.0,1.63,0.0,39
2025-11-02 19:00:00,23.5,91,0.0,1.5,0.0,37
2025-11-02 20:00:00,23.3,92,0.0,1.64,0.0,54
2025-11-02 21:00:00,22.9,94,0.0,1.4,0.0,68
2025-11-02 22:00:00,22.6,94,0.0,1.67,0.0,25
2025-11-02 23:00:00,23.0,96,0.0,1.39,0.0,52
2025-11-03 00:00:00,22.6,96,0.0,1.08,0.0,45
2025-11-03 01:00:00,22.3,97,0.0,1.27,0.0,45
2025-11-03 02:00:00,22.2,98,0.0,1.3,0.0,31
2025-11-03 03:00:00,22.2,98,0.0,1.17,0.0,29
2025-11-03 04:00:00,22.1,97,0.0,1.0,0.0,39
2025-11-03 05:00:00,22.3,95,0.0,1.36,0.0,30
2025-11-03 06:00:00,22.9,92,34.0,1.73,0.1,76
2025-11-03 07:00:00,23.5,92,138.0,1.88,0.2,74
2025-11-03 08:00:00,24.3,89,228.0,1.86,0.0,100
2025-11-03 09:00:00,25.7,84,389.0,2.12,0.0,95
2025-11-03 10:00:00,26.9,79,520.0,2.22,0.0,70
2025-11-03 11:00:00,27.7,74,509.0,1.95,0.0,38
2025-11-03 12:00:00,28.3,71,624.0,2.06,0.1,8
2025-11-03 13:00:00,28.7,68,550.0,1.26,0.0,12
2025-11-03 14:00:00,28.8,67,396.0,0.74,0.0,16
2025-11-03 15:00:00,28.2,69,213.0,0.62,0.2,48
2025-11-03 16:00:00,26.5,81,65.0,0.29,0.1,16
2025-11-03 17:00:00,23.9,92,0.0,0.86,0.0,0
2025-11-03 18:00:00,23.8,95,0.0,0.49,0.0,0
2025-11-03 19:00:00,23.7,96,0.0,0.21,0.0,0
2025-11-03 20:00:00,23.6,97,0.0,0.11,0.0,0
2025-11-03 21:00:00,23.3,98,0.0,0.1,0.0,0
2025-11-03 22:00:00,23.1,98,0.0,0.29,0.0,0
2025-11-03 23:00:00,23.2,100,0.0,0.25,0.0,0
2025-11-04 00:00:00,22.7,100,0.0,0.79,0.0,99
2025-11-04 01:00:00,22.7,100,0.0,1.33,0.0,92
2025-11-04 02:00:00,22.5,100,0.0,1.61,0.0,89
2025-11-04 03:00:00,22.3,99,0.0,1.95,0.0,87
2025-11-04 04:00:00,22.1,100,0.0,2.14,0.0,85
2025-11-04 05:00:00,22.3,99,0.0,2.93,0.0,97
2025-11-04 06:00:00,22.9,95,28.0,2.78,0.0,49
2025-11-04 07:00:00,24.2,91,169.0,2.4,0.0,16
2025-11-04 08:00:00,25.9,85,355.0,2.14,0.0,7
2025-11-04 09:00:00,27.6,78,540.0,2.48,0.0,1
2025-11-04 10:00:00,29.0,70,648.0,2.91,0.0,61
2025-11-04 11:00:00,29.6,66,692.0,3.37,0.0,78
2025-11-04 12:00:00,30.3,63,661.0,3.43,0.0,67
2025-11-04 13:00:00,30.3,63,516.0,3.4,0.0,93
2025-11-04 14:00:00,29.9,64,414.0,3.22,0.0,95
2025-11-04 15:00:00,29.1,71,226.0,1.92,0.0,98
2025-11-04 16:00:00,27.3,79,68.0,1.72,0.0,98
2025-11-04 17:00:00,26.4,84,0.0,2.16,0.0,98
2025-11-04 18:00:00,26.2,84,0.0,2.46,0.0,95
2025-11-04 19:00:00,25.5,87,0.0,2.18,0.0,100
2025-11-04 20:00:00,25.3,88,0.0,1.97,0.0,100
2025-11-04 21:00:00,24.9,91,0.0,1.97,0.0,100
2025-11-04 22:00:00,24.4,92,0.0,1.71,0.0,99
2025-11-04 23:00:00,24.6,93,0.0,1.39,0.0,100
2025-11-05 00:00:00,24.2,93,0.0,0.75,0.0,100
2025-11-05 01:00:00,23.4,97,0.0,0.93,0.0,100
2025-11-05 02:00:00,23.3,99,0.0,1.1,0.0,100
2025-11-05 03:00:00,23.1,99,0.0,1.35,0.0,98
2025-11-05 04:00:00,22.8,98,0.0,1.08,0.0,100
2025-11-05 05:00:00,22.4,100,0.0,1.6,0.0,100
2025-11-05 06:00:00,23.4,97,29.0,2.1,0.0,100
2025-11-05 07:00:00,24.9,91,157.0,2.16,0.0,100
2025-11-05 08:00:00,26.6,84,329.0,2.11,0.0,100
2025-11-05 09:00:00,28.1,77,468.0,2.48,0.0,77
2025-11-05 10:00:00,29.5,70,596.0,2.58,0.0,80
2025-11-05 11:00:00,30.2,64,640.0,1.97,0.0,36
2025-11-05 12:00:00,31.1,59,639.0,2.18,0.0,33
2025-11-05 13:00:00,30.9,58,503.0,2.07,0.0,100
2025-11-05 14:00:00,30.5,60,379.0,2.07,0.0,65
2025-11-05 15:00:00,29.6,69,223.0,1.49,0.0,44
2025-11-05 16:00:00,27.9,78,64.0,1.19,0.0,11
2025-11-05 17:00:00,26.6,85,0.0,0.36,0.0,30
2025-11-05 18:00:00,25.3,92,0.0,0.92,0.5,63
2025-11-05 19:00:00,25.3,90,0.0,1.18,0.0,63
2025-11-05 20:00:00,24.5,89,0.0,2.98,0.1,33
2025-11-05 21:00:00,23.9,90,0.0,0.83,0.0,25
2025-11-05 22:00:00,23.7,92,0.0,0.32,0.0,31
2025-11-05 23:00:00,24.1,95,0.0,1.19,0.0,29
2025-11-06 00:00:00,23.5,97,0.0,1.45,0.0,26
2025-11-06 01:00:00,23.0,98,0.0,0.91,0.0,20
2025-11-06 02:00:00,22.7,99,0.0,0.65,0.0,36
2025-11-06 03:00:00,22.6,98,0.0,0.1,0.0,47
2025-11-06 04:00:00,22.4,98,0.0,0.54,0.1,55
2025-11-06 05:00:00,23.3,96,0.0,1.72,0.1,14
2025-11-06 06:00:00,23.5,96,36.0,0.49,0.0,8
2025-11-06 07:00:00,24.7,90,184.0,0.88,0.0,5
2025-11-06 08:00:00,25.8,83,357.0,1.7,0.0,11
2025-11-06 09:00:00,27.2,77,494.0,1.03,0.0,14
2025-11-06 10:00:00,28.1,71,586.0,1.17,0.0,14
2025-11-06 11:00:00,28.6,68,637.0,1.08,0.0,8
2025-11-06 12:00:00,29.5,64,621.0,1.11,0.0,5
2025-11-06 13:00:00,29.7,63,551.0,1.26,0.0,2
2025-11-06 14:00:00,29.5,64,408.0,1.32,0.0,5
2025-11-06 15:00:00,28.9,68,231.0,1.02,0.0,12
2025-11-06 16:00:00,27.3,79,63.0,0.5,0.0,9
2025-11-06 17:00:00,26.5,85,0.0,0.85,0.0,11
2025-11-06 18:00:00,25.4,89,0.0,1.17,0.1,46
2025-11-06 19:00:00,24.9,89,0.0,0.11,0.6,54
2025-11-06 20:00:00,24.3,93,0.0,1.41,0.0,16
2025-11-06 21:00:00,23.7,95,0.0,0.46,0.0,11
2025-11-06 22:00:00,23.5,97,0.0,0.25,0.0,34
2025-11-06 23:00:00,23.5,100,0.0,0.72,0.0,99
2025-11-07 00:00:00,23.2,99,0.0,0.89,0.0,57
2025-11-07 01:00:00,22.8,99,0.0,0.68,0.0,21
2025-11-07 02:00:00,22.6,100,0.0,1.06,0.1,92
2025-11-07 03:00:00,22.8,99,0.0,0.65,0.5,100
2025-11-07 04:00:00,23.0,95,0.0,1.48,0.2,84
2025-11-07 05:00:00,22.8,100,0.0,0.72,0.0,52
2025-11-07 06:00:00,23.4,97,32.0,1.39,0.0,26
2025-11-07 07:00:00,24.4,90,158.0,1.23,0.0,41
2025-11-07 08:00:00,25.8,85,341.0,1.34,0.0,9
2025-11-07 09:00:00,27.2,78,514.0,1.88,0.0,9
2025-11-07 10:00:00,28.3,71,607.0,1.93,0.0,2
2025-11-07 11:00:00,29.0,64,637.0,1.87,0.0,15
2025-11-07 12:00:00,29.6,61,609.0,1.83,0.0,5
2025-11-07 13:00:00,29.8,57,538.0,1.69,0.0,1
2025-11-07 14:00:00,29.5,58,410.0,1.88,0.0,2
2025-11-07 15:00:00,28.7,67,231.0,0.92,0.0,2
2025-11-07 16:00:00,27.2,74,65.0,0.45,0.0,3
2025-11-07 17:00:00,25.9,86,0.0,0.91,0.0,0
2025-11-07 18:00:00,25.4,88,0.0,0.81,0.0,24
2025-11-07 19:00:00,25.1,88,0.0,0.95,0.0,23
2025-11-07 20:00:00,24.8,90,0.0,1.34,0.0,1
2025-11-07 21:00:00,23.8,93,0.0,1.23,0.0,1
2025-11-07 22:00:00,23.2,96,0.0,0.47,0.0,1
2025-11-07 23:00:00,23.3,98,0.0,1.19,0.0,2
2025-11-08 00:00:00,22.9,98,0.0,0.07,0.0,2
2025-11-08 01:00:00,22.7,99,0.0,0.27,0.0,17
2025-11-08 02:00:00,22.5,99,0.0,0.38,0.0,29
2025-11-08 03:00:00,22.3,97,0.0,0.71,0.0,41
2025-11-08 04:00:00,22.0,96,0.0,0.61,0.0,14
2025-11-08 05:00:00,22.3,97,0.0,0.73,0.0,2
2025-11-08 06:00:00,22.9,95,36.0,1.12,0.0,0
2025-11-08 07:00:00,24.9,85,191.0,0.18,0.0,1
2025-11-08 08:00:00,26.5,77,372.0,0.69,0.0,0
2025-11-08 09:00:00,27.8,71,528.0,1.57,0.0,6
2025-11-08 10:00:00,28.7,65,616.0,1.99,0.0,11
2025-11-08 11:00:00,29.0,61,654.0,2.0,0.0,9
2025-11-08 12:00:00,29.7,57,629.0,1.92,0.0,5
2025-11-08 13:00:00,30.0,53,559.0,2.06,0.0,2
2025-11-08 14:00:00,29.8,54,415.0,2.15,0.0,2
2025-11-08 15:00:00,28.7,63,238.0,2.12,0.0,1
2025-11-08 16:00:00,26.4,71,65.0,1.71,0.0,0
2025-11-08 17:00:00,25.8,78,0.0,0.51,0.0,0
2025-11-08 18:00:00,25.2,82,0.0,0.2,0.0,0
2025-11-08 19:00:00,24.3,89,0.0,0.66,0.0,0
2025-11-08 20:00:00,23.4,93,0.0,0.96,0.0,0
2025-11-08 21:00:00,23.3,93,0.0,1.72,0.0,1
2025-11-08 22:00:00,22.8,93,0.0,0.78,0.0,4
2025-11-08 23:00:00,22.9,99,0.0,1.1,0.0,3
2025-11-09 00:00:00,22.4,98,0.0,0.4,0.0,2
2025-11-09 01:00:00,22.0,99,0.0,0.4,0.0,1
2025-11-09 02:00:00,21.8,100,0.0,0.47,0.0,1
2025-11-09 03:00:00,21.5,99,0.0,0.49,0.0,1
2025-11-09 04:00:00,21.2,99,0.0,0.54,0.0,0
2025-11-09 05:00:00,21.4,100,0.0,0.99,0.0,0
2025-11-09 06:00:00,22.5,95,35.0,1.72,0.0,1
2025-11-09 07:00:00,24.4,80,190.0,1.17,0.0,0
2025-11-09 08:00:00,25.9,75,372.0,1.1,0.0,0
2025-11-09 09:00:00,27.2,72,530.0,1.2,0.0,1
2025-11-09 10:00:00,28.3,66,621.0,1.6,0.0,9
2025-11-09 11:00:00,29.1,59,659.0,1.55,0.0,4
2025-11-09 12:00:00,30.1,52,641.0,1.48,0.0,2
2025-11-09 13:00:00,30.3,50,559.0,1.81,0.0,1
2025-11-09 14:00:00,29.9,51,419.0,1.66,0.0,5
2025-11-09 15:00:00,28.7,65,233.0,1.01,0.0,7
2025-11-09 16:00:00,25.9,77,62.0,1.25,0.0,5
2025-11-09 17:00:00,25.6,79,0.0,0.67,0.0,5
2025-11-09 18:00:00,25.2,80,0.0,0.05,0.0,6
2025-11-09 19:00:00,24.2,90,0.0,0.75,0.0,4
2025-11-09 20:00:00,23.7,91,0.0,0.56,0.0,2
2025-11-09 21:00:00,23.2,92,0.0,0.55,0.0,1
2025-11-09 22:00:00,22.7,92,0.0,0.65,0.0,3
2025-11-09 23:00:00,22.6,95,0.0,1.7,0.0,9
2025-11-10 00:00:00,21.9,96,0.0,0.8,0.0,9
2025-11-10 01:00:00,21.9,97,0.0,0.28,0.0,9
2025-11-10 02:00:00,21.9,97,0.0,0.32,0.0,7
2025-11-10 03:00:00,21.9,96,0.0,0.07,0.0,5
2025-11-10 04:00:00,21.2,97,0.0,0.58,0.0,2
2025-11-10 05:00:00,21.7,97,0.0,0.55,0.0,2
2025-11-10 06:00:00,22.1,100,33.0,0.62,0.0,2
2025-11-10 07:00:00,24.0,87,185.0,0.64,0.0,0
2025-11-10 08:00:00,25.8,75,367.0,0.45,0.0,0
2025-11-10 09:00:00,27.1,69,521.0,0.62,0.0,1
2025-11-10 10:00:00,28.0,62,612.0,1.14,0.0,7
2025-11-10 11:00:00,28.5,55,660.0,0.89,0.0,18
2025-11-10 12:00:00,28.9,52,586.0,0.76,0.0,10
2025-11-10 13:00:00,28.9,50,519.0,0.3,0.0,10
2025-11-10 14:00:00,28.9,47,403.0,0.36,0.0,6
2025-11-10 15:00:00,28.1,59,228.0,0.14,0.0,4
2025-11-10 16:00:00,25.8,69,61.0,0.61,0.0,3
2025-11-10 17:00:00,25.2,78,0.0,0.58,0.0,5
2025-11-10 18:00:00,24.5,82,0.0,0.61,0.0,8
2025-11-10 19:00:00,24.1,84,0.0,0.79,0.0,5
2025-11-10 20:00:00,23.3,88,0.0,1.3,0.0,9
2025-11-10 21:00:00,22.9,88,0.0,1.49,0.0,14
2025-11-10 22:00:00,22.5,88,0.0,1.56,0.0,34
2025-11-10 23:00:00,22.8,88,0.0,1.74,0.0,23
2025-11-11 00:00:00,22.1,91,0.0,1.33,0.0,14
2025-11-11 01:00:00,22.1,90,0.0,1.01,0.0,10
2025-11-11 02:00:00,22.0,92,0.0,0.36,0.0,7
2025-11-11 03:00:00,21.8,94,0.0,0.32,0.0,24
2025-11-11 04:00:00,21.6,94,0.0,0.14,0.0,29
2025-11-11 05:00:00,21.5,97,0.0,0.93,0.0,0
2025-11-11 06:00:00,22.2,95,32.0,0.92,0.0,1
2025-11-11 07:00:00,23.6,86,179.0,0.62,0.0,2
2025-11-11 08:00:00,24.9,79,357.0,1.1,0.0,2
2025-11-11 09:00:00,26.1,75,509.0,1.58,0.0,2
2025-11-11 10:00:00,27.0,70,592.0,1.35,0.0,10
2025-11-11 11:00:00,27.2,68,608.0,0.78,0.1,18
2025-11-11 12:00:00,28.1,63,573.0,0.54,0.1,19
2025-11-11 13:00:00,28.4,59,501.0,1.13,0.0,23
2025-11-11 14:00:00,28.2,57,372.0,1.69,0.0,26
2025-11-11 15:00:00,27.3,64,189.0,1.68,0.0,15
2025-11-11 16:00:00,25.3,75,55.0,1.27,0.0,10
2025-11-11 17:00:00,24.6,83,0.0,1.23,0.0,3
2025-11-11 18:00:00,24.2,86,0.0,0.65,0.0,8
2025-11-11 19:00:00,23.7,86,0.0,2.44,0.1,23
2025-11-11 20:00:00,23.3,84,0.0,2.44,0.1,30
2025-11-11 21:00:00,22.8,87,0.0,2.12,0.0,18
2025-11-11 22:00:00,22.2,90,0.0,1.63,0.0,13
2025-11-11 23:00:00,22.6,91,0.0,1.41,0.0,11
2025-11-12 00:00:00,21.5,95,0.0,1.1,0.0,7
2025-11-12 01:00:00,21.3,93,0.0,1.25,0.0,15
2025-11-12 02:00:00,21.1,92,0.0,0.67,0.0,53
2025-11-12 03:00:00,20.7,98,0.0,0.4,0.0,19
2025-11-12 04:00:00,20.5,96,0.0,0.38,0.0,2
2025-11-12 05:00:00,20.4,99,0.0,0.78,0.0,4
2025-11-12 06:00:00,21.1,98,31.0,0.67,0.0,5
2025-11-12 07:00:00,22.5,86,178.0,1.03,0.0,1
2025-11-12 08:00:00,23.9,75,356.0,0.94,0.0,0
2025-11-12 09:00:00,25.2,66,505.0,0.64,0.0,0
2025-11-12 10:00:00,26.4,60,618.0,0.58,0.0,0
2025-11-12 11:00:00,27.2,56,639.0,0.92,0.0,2
2025-11-12 12:00:00,27.8,55,615.0,1.53,0.0,3
2025-11-12 13:00:00,27.9,56,537.0,1.75,0.0,3
2025-11-12 14:00:00,27.7,56,403.0,1.77,0.0,1
2025-11-12 15:00:00,26.8,63,225.0,1.41,0.0,0
2025-11-12 16:00:00,24.6,75,59.0,0.74,0.0,0
2025-11-12 17:00:00,24.1,80,0.0,1.43,0.0,9
2025-11-12 18:00:00,23.7,83,0.0,1.17,0.0,13
2025-11-12 19:00:00,23.5,85,0.0,0.45,0.0,58
2025-11-12 20:00:00,23.0,89,0.0,0.39,0.0,20
2025-11-12 21:00:00,22.5,92,0.0,0.43,0.0,6
2025-11-12 22:00:00,22.1,94,0.0,0.35,0.0,5
2025-11-12 23:00:00,22.0,97,0.0,1.03,0.0,5
2025-11-13 00:00:00,21.3,98,0.0,1.28,0.0,13
2025-11-13 01:00:00,20.9,97,0.0,0.86,0.0,15
2025-11-13 02:00:00,21.1,94,0.0,0.41,0.0,9
2025-11-13 03:00:00,20.9,95,0.0,0.43,0.0,7
2025-11-13 04:00:00,20.8,95,0.0,0.32,0.0,5
2025-11-13 05:00:00,20.8,96,0.0,0.99,0.0,19
2025-11-13 06:00:00,21.3,95,27.0,0.95,0.0,16
2025-11-13 07:00:00,22.8,82,164.0,0.74,0.0,14
2025-11-13 08:00:00,24.2,75,337.0,0.55,0.0,9
2025-11-13 09:00:00,25.3,71,488.0,0.54,0.0,4
2025-11-13 10:00:00,26.4,65,596.0,1.08,0.0,16
2025-11-13 11:00:00,27.2,59,618.0,1.37,0.0,6
2025-11-13 12:00:00,28.1,55,618.0,1.33,0.0,2
2025-11-13 13:00:00,28.3,54,528.0,1.57,0.0,5
2025-11-13 14:00:00,27.9,55,371.0,1.97,0.0,7
2025-11-13 15:00:00,27.1,63,214.0,1.35,0.0,7
2025-11-13 16:00:00,24.8,73,56.0,1.05,0.0,7
2025-11-13 17:00:00,24.4,78,0.0,0.86,0.0,9
2025-11-13 18:00:00,23.9,81,0.0,0.18,0.0,16
2025-11-13 19:00:00,23.3,87,0.0,0.14,0.0,24
2025-11-13 20:00:00,22.6,93,0.0,0.3,0.0,15
2025-11-13 21:00:00,22.3,92,0.0,0.78,0.0,13
2025-11-13 22:00:00,22.5,90,0.0,0.54,0.0,7
2025-11-13 23:00:00,22.2,96,0.0,0.34,0.0,12
2025-11-14 00:00:00,21.6,97,0.0,0.59,0.0,15
2025-11-14 01:00:00,21.4,97,0.0,0.57,0.0,16
2025-11-14 02:00:00,21.0,99,0.0,0.61,0.0,13
2025-11-14 03:00:00,20.9,100,0.0,0.14,0.0,2
2025-11-14 04:00:00,20.5,100,0.0,0.0,0.0,19
2025-11-14 05:00:00,20.3,98,0.0,0.9,0.0,5
2025-11-14 06:00:00,20.7,98,28.0,0.79,0.0,14
2025-11-14 07:00:00,22.7,86,167.0,0.11,0.0,0
2025-11-14 08:00:00,24.1,79,349.0,0.65,0.0,4
2025-11-14 09:00:00,25.2,74,498.0,1.25,0.0,3
2025-11-14 10:00:00,26.2,68,605.0,1.17,0.0,9
2025-11-14 11:00:00,26.9,59,608.0,1.31,0.0,7
2025-11-14 12:00:00,27.7,53,559.0,1.45,0.0,16
2025-11-14 13:00:00,28.0,50,517.0,1.56,0.0,6
2025-11-14 14:00:00,27.7,49,388.0,1.85,0.0,5
2025-11-14 15:00:00,26.7,63,218.0,0.79,0.0,3
2025-11-14 16:00:00,25.2,64,56.0,0.2,0.0,3
2025-11-14 17:00:00,24.1,77,0.0,1.03,0.0,11
2025-11-14 18:00:00,23.7,81,0.0,0.15,0.0,10
2025-11-14 19:00:00,22.9,87,0.0,0.15,0.0,27
2025-11-14 20:00:00,22.1,92,0.0,0.35,0.0,21
2025-11-14 21:00:00,21.5,94,0.0,0.4,0.0,23
2025-11-14 22:00:00,21.5,91,0.0,0.52,0.0,13
2025-11-14 23:00:00,21.9,95,0.0,0.36,0.0,11
2025-11-15 00:00:00,20.6,98,0.0,0.86,0.0,24
2025-11-15 01:00:00,20.4,98,0.0,0.81,0.0,12
2025-11-15 02:00:00,20.2,95,0.0,0.66,0.0,8
2025-11-15 03:00:00,19.8,98,0.0,0.15,0.0,3
2025-11-15 04:00:00,19.4,100,0.0,0.14,0.0,4
2025-11-15 05:00:00,19.3,100,0.0,0.21,0.0,98
2025-11-15 06:00:00,20.0,100,28.0,1.12,0.0,96
2025-11-15 07:00:00,22.2,85,169.0,0.85,0.0,1
2025-11-15 08:00:00,23.9,74,347.0,1.19,0.0,0
2025-11-15 09:00:00,25.3,67,506.0,1.53,0.0,0
2025-11-15 10:00:00,26.7,61,613.0,1.94,0.0,0
2025-11-15 11:00:00,27.5,53,657.0,2.24,0.0,0
2025-11-15 12:00:00,28.3,47,633.0,2.38,0.0,0
2025-11-15 13:00:00,28.4,44,546.0,2.43,0.0,0
2025-11-15 14:00:00,28.1,46,401.0,2.42,0.0,0
2025-11-15 15:00:00,26.7,56,223.0,1.92,0.0,0
2025-11-15 16:00:00,24.0,65,56.0,1.79,0.0,0
2025-11-15 17:00:00,23.5,70,0.0,1.86,0.0,0
2025-11-15 18:00:00,22.7,75,0.0,1.65,0.0,0
2025-11-15 19:00:00,21.7,81,0.0,1.44,0.0,0
2025-11-15 20:00:00,20.7,88,0.0,1.27,0.0,0
2025-11-15 21:00:00,20.1,93,0.0,1.34,0.0,0
2025-11-15 22:00:00,19.7,95,0.0,1.39,0.0,0
2025-11-15 23:00:00,19.5,100,0.0,0.68,0.0,0
2025-11-16 00:00:00,19.1,100,0.0,1.52,0.0,95
2025-11-16 01:00:00,18.9,100,0.0,1.14,0.0,96
2025-11-16 02:00:00,18.7,100,0.0,1.16,0.0,96
2025-11-16 03:00:00,18.5,100,0.0,1.49,0.0,95
2025-11-16 04:00:00,18.4,98,0.0,1.73,0.0,33
2025-11-16 05:00:00,18.2,100,0.0,1.56,0.0,95
2025-11-16 06:00:00,19.0,96,26.0,1.71,0.0,0
2025-11-16 07:00:00,21.0,80,170.0,1.33,0.0,0
2025-11-16 08:00:00,22.9,74,353.0,1.81,0.0,0
2025-11-16 09:00:00,24.8,68,510.0,2.17,0.0,0
2025-11-16 10:00:00,26.6,60,615.0,2.68,0.0,0
2025-11-16 11:00:00,27.3,54,657.0,3.02,0.0,0
2025-11-16 12:00:00,28.2,48,633.0,2.91,0.0,0
2025-11-16 13:00:00,28.4,43,547.0,2.67,0.0,0
2025-11-16 14:00:00,28.0,45,404.0,2.53,0.0,0
2025-11-16 15:00:00,26.6,58,224.0,1.38,0.0,0
2025-11-16 16:00:00,23.7,67,56.0,1.87,0.0,0
2025-11-16 17:00:00,23.2,72,0.0,1.97,0.0,0
2025-11-16 18:00:00,22.3,75,0.0,1.81,0.0,0
2025-11-16 19:00:00,21.1,83,0.0,1.49,0.0,0
2025-11-16 20:00:00,20.3,88,0.0,1.45,0.0,0
2025-11-16 21:00:00,20.0,89,0.0,1.79,0.0,0
2025-11-16 22:00:00,19.5,92,0.0,1.7,0.0,0
2025-11-16 23:00:00,19.7,92,0.0,1.71,0.0,0
2025-11-17 00:00:00,19.3,90,0.0,1.63,0.0,0
2025-11-17 01:00:00,18.6,94,0.0,1.49,0.0,0
2025-11-17 02:00:00,18.6,95,0.0,1.81,0.0,0
2025-11-17 03:00:00,18.4,96,0.0,1.93,0.0,0
2025-11-17 04:00:00,17.9,96,0.0,1.64,0.0,0
2025-11-17 05:00:00,18.1,93,0.0,1.88,0.0,0
2025-11-17 06:00:00,18.8,89,26.0,2.51,0.0,0
2025-11-17 07:00:00,20.5,83,171.0,2.17,0.0,0
2025-11-17 08:00:00,22.3,78,348.0,2.36,0.0,0
2025-11-17 09:00:00,24.3,70,504.0,2.82,0.0,0
2025-11-17 10:00:00,26.1,60,610.0,3.23,0.0,0
2025-11-17 11:00:00,26.8,56,656.0,3.22,0.0,0
2025-11-17 12:00:00,27.7,50,633.0,3.07,0.0,0
2025-11-17 13:00:00,28.0,47,546.0,3.04,0.0,0
2025-11-17 14:00:00,27.8,48,402.0,2.84,0.0,0
2025-11-17 15:00:00,26.3,57,222.0,1.77,0.0,0
2025-11-17 16:00:00,23.4,65,55.0,1.99,0.0,0
2025-11-17 17:00:00,22.5,75,0.0,1.73,0.0,0
2025-11-17 18:00:00,21.7,80,0.0,1.29,0.0,0
2025-11-17 19:00:00,21.1,84,0.0,1.18,0.0,0
2025-11-17 20:00:00,20.3,86,0.0,1.21,0.0,0
2025-11-17 21:00:00,19.9,88,0.0,1.8,0.0,0
2025-11-17 22:00:00,19.3,88,0.0,2.04,0.0,0
2025-11-17 23:00:00,19.0,92,0.0,2.41,0.0,0
2025-11-18 00:00:00,18.4,94,0.0,1.85,0.0,0
2025-11-18 01:00:00,18.2,94,0.0,1.81,0.0,0
2025-11-18 02:00:00,18.1,94,0.0,1.76,0.0,0
2025-11-18 03:00:00,18.0,94,0.0,1.62,0.0,0
2025-11-18 04:00:00,17.7,95,0.0,1.66,0.0,0
2025-11-18 05:00:00,17.5,97,0.0,1.81,0.0,0
2025-11-18 06:00:00,18.3,93,25.0,2.01,0.0,0
2025-11-18 07:00:00,20.2,81,167.0,1.88,0.0,1
2025-11-18 08:00:00,21.8,77,346.0,2.03,0.0,0
2025-11-18 09:00:00,23.9,70,502.0,2.39,0.0,0
2025-11-18 10:00:00,26.0,61,608.0,3.06,0.0,0
2025-11-18 11:00:00,26.9,57,651.0,2.97,0.0,0
2025-11-18 12:00:00,28.0,51,626.0,2.84,0.0,0
2025-11-18 13:00:00,28.3,47,538.0,2.72,0.0,0
2025-11-18 14:00:00,28.1,47,395.0,2.52,0.0,0
2025-11-18 15:00:00,26.5,58,218.0,1.41,0.0,0
2025-11-18 16:00:00,23.4,65,53.0,1.86,0.0,1
2025-11-18 17:00:00,22.6,73,0.0,1.95,0.0,2
2025-11-18 18:00:00,21.8,79,0.0,1.72,0.0,2
2025-11-18 19:00:00,21.0,85,0.0,1.62,0.0,2
2025-11-18 20:00:00,20.4,86,0.0,1.66,0.0,1
2025-11-18 21:00:00,19.8,88,0.0,1.73,0.0,0
2025-11-18 22:00:00,19.0,92,0.0,1.61,0.0,0
2025-11-18 23:00:00,19.0,94,0.0,1.57,0.0,0
2025-11-19 00:00:00,18.5,92,0.0,1.57,0.0,0
2025-11-19 01:00:00,18.1,94,0.0,1.56,0.0,0
2025-11-19 02:00:00,17.8,95,0.0,1.6,0.0,0
2025-11-19 03:00:00,17.7,96,0.0,1.65,0.0,0
2025-11-19 04:00:00,17.5,98,0.0,1.75,0.0,1
2025-11-19 05:00:00,17.4,99,0.0,1.9,0.0,1
2025-11-19 06:00:00,18.0,94,23.0,2.02,0.0,6
2025-11-19 07:00:00,19.9,84,158.0,1.5,0.0,9
2025-11-19 08:00:00,22.1,76,335.0,1.39,0.0,1
2025-11-19 09:00:00,24.1,71,489.0,1.57,0.0,0
2025-11-19 10:00:00,25.8,67,594.0,1.91,0.0,0
2025-11-19 11:00:00,27.1,60,639.0,2.53,0.0,0
2025-11-19 12:00:00,28.4,53,617.0,2.51,0.0,0
2025-11-19 13:00:00,28.8,47,532.0,2.48,0.0,0
2025-11-19 14:00:00,28.6,48,391.0,2.33,0.0,0
2025-11-19 15:00:00,27.2,66,215.0,0.92,0.0,0
2025-11-19 16:00:00,24.4,66,52.0,0.51,0.0,0
2025-11-19 17:00:00,23.4,72,0.0,0.97,0.0,6
2025-11-19 18:00:00,22.4,77,0.0,0.86,0.0,8
2025-11-19 19:00:00,21.7,83,0.0,1.11,0.0,9
2025-11-19 20:00:00,21.5,83,0.0,0.94,0.0,4
2025-11-19 21:00:00,20.9,86,0.0,0.9,0.0,1
2025-11-19 22:00:00,20.2,89,0.0,0.81,0.0,0
2025-11-19 23:00:00,20.0,92,0.0,0.5,0.0,0
2025-11-20 00:00:00,19.0,97,0.0,0.51,0.0,0
2025-11-20 01:00:00,18.7,99,0.0,0.45,0.0,0
2025-11-20 02:00:00,18.5,100,0.0,0.65,0.0,97
2025-11-20 03:00:00,18.7,100,0.0,0.75,0.0,97
2025-11-20 04:00:00,18.6,100,0.0,1.0,0.0,0
2025-11-20 05:00:00,18.5,100,0.0,0.5,0.0,98
2025-11-20 06:00:00,18.7,100,19.0,0.82,0.0,98
2025-11-20 07:00:00,20.0,93,116.0,1.1,0.0,41
2025-11-20 08:00:00,22.4,78,316.0,1.3,0.0,2
2025-11-20 09:00:00,24.4,69,481.0,1.39,0.0,0
2025-11-20 10:00:00,26.0,64,592.0,1.64,0.0,0
2025-11-20 11:00:00,27.2,60,637.0,1.63,0.0,2
2025-11-20 12:00:00,28.6,52,610.0,1.9,0.0,7
2025-11-20 13:00:00,28.9,48,516.0,1.92,0.0,10
2025-11-20 14:00:00,28.6,48,344.0,1.46,0.0,7
2025-11-20 15:00:00,27.4,66,200.0,0.6,0.0,3
2025-11-20 16:00:00,25.1,67,49.0,0.47,0.0,4
2025-11-20 17:00:00,23.5,76,0.0,0.47,0.0,7
2025-11-20 18:00:00,22.8,79,0.0,0.32,0.0,2
2025-11-20 19:00:00,22.5,80,0.0,0.42,0.0,2
2025-11-20 20:00:00,22.1,81,0.0,0.57,0.0,2
2025-11-20 21:00:00,21.9,79,0.0,0.27,0.0,3
2025-11-20 22:00:00,21.4,81,0.0,0.15,0.0,2
2025-11-20 23:00:00,20.3,93,0.0,0.63,0.0,1
2025-11-21 00:00:00,19.2,95,0.0,0.66,0.0,0
2025-11-21 01:00:00,19.0,96,0.0,0.21,0.0,0
2025-11-21 02:00:00,18.9,97,0.0,0.22,0.0,0
2025-11-21 03:00:00,18.5,97,0.0,0.51,0.0,0
2025-11-21 04:00:00,18.1,97,0.0,0.65,0.0,0
2025-11-21 05:00:00,18.4,96,0.0,1.01,0.0,0
2025-11-21 06:00:00,18.7,97,21.0,0.35,0.0,0
2025-11-21 07:00:00,20.8,87,152.0,0.69,0.0,0
2025-11-21 08:00:00,22.6,77,325.0,0.72,0.0,0
2025-11-21 09:00:00,24.3,70,468.0,0.75,0.0,3
2025-11-21 10:00:00,25.9,63,567.0,0.76,0.0,0
2025-11-21 11:00:00,26.8,59,619.0,1.16,0.0,10
2025-11-21 12:00:00,27.5,55,501.0,2.33,0.2,15
2025-11-21 13:00:00,27.7,51,468.0,2.27,0.2,53
2025-11-21 14:00:00,27.3,52,284.0,1.19,0.0,41
2025-11-21 15:00:00,26.2,60,183.0,0.43,0.3,18
2025-11-21 16:00:00,23.4,75,46.0,1.32,0.0,23
2025-11-21 17:00:00,22.3,76,0.0,1.28,0.0,13
2025-11-21 18:00:00,22.7,73,0.0,3.06,0.2,70
2025-11-21 19:00:00,22.7,71,0.0,0.5,0.0,41
2025-11-21 20:00:00,21.8,78,0.0,2.06,0.1,52
2025-11-21 21:00:00,21.1,81,0.0,1.42,0.0,45
2025-11-21 22:00:00,20.9,84,0.0,0.8,0.0,43
2025-11-21 23:00:00,20.8,85,0.0,1.53,0.0,66
2025-11-22 00:00:00,19.6,95,0.0,0.52,0.6,55
2025-11-22 01:00:00,20.0,92,0.0,1.07,0.0,26
2025-11-22 02:00:00,19.3,95,0.0,0.9,0.0,20
2025-11-22 03:00:00,19.1,95,0.0,1.52,0.0,38
2025-11-22 04:00:00,18.6,97,0.0,0.86,0.0,41
2025-11-22 05:00:00,19.8,95,0.0,0.9,0.0,71
2025-11-22 06:00:00,19.7,93,14.0,2.45,0.0,38
2025-11-22 07:00:00,20.4,88,125.0,2.45,0.0,29
2025-11-22 08:00:00,21.6,80,250.0,2.14,0.0,27
2025-11-22 09:00:00,23.1,73,394.0,1.02,0.0,16
2025-11-22 10:00:00,24.3,67,528.0,0.5,0.0,14
2025-11-22 11:00:00,25.2,61,600.0,0.89,0.0,20
2025-11-22 12:00:00,26.1,58,579.0,1.53,0.0,9
2025-11-22 13:00:00,26.2,56,489.0,1.69,0.0,12
2025-11-22 14:00:00,25.6,58,341.0,1.49,0.0,43
2025-11-22 15:00:00,24.4,65,133.0,1.44,0.0,24
2025-11-22 16:00:00,22.8,76,46.0,0.51,0.0,23
2025-11-22 17:00:00,22.6,81,0.0,0.18,0.0,29
2025-11-22 18:00:00,21.7,87,0.0,0.22,0.0,59
2025-11-22 19:00:00,21.2,88,0.0,0.67,0.3,82
2025-11-22 20:00:00,21.1,91,0.0,1.35,0.0,46
2025-11-22 21:00:00,20.3,94,0.0,0.35,0.0,45
2025-11-22 22:00:00,19.9,95,0.0,0.57,0.0,22
2025-11-22 23:00:00,20.1,97,0.0,1.77,0.0,12
2025-11-23 00:00:00,19.4,98,0.0,0.72,0.0,40
2025-11-23 01:00:00,19.3,96,0.0,0.68,0.0,27
2025-11-23 02:00:00,19.1,95,0.0,0.94,0.0,53
2025-11-23 03:00:00,19.5,92,0.0,0.55,0.3,69
2025-11-23 04:00:00,19.1,95,0.0,0.8,0.0,33
2025-11-23 05:00:00,18.4,100,0.0,1.39,0.0,99
2025-11-23 06:00:00,18.9,97,13.0,1.27,0.0,92
2025-11-23 07:00:00,19.2,93,86.0,0.4,0.1,63
2025-11-23 08:00:00,20.2,86,227.0,0.55,0.0,54
2025-11-23 09:00:00,21.9,76,405.0,0.45,0.1,66
2025-11-23 10:00:00,22.9,73,447.0,0.65,0.1,36
2025-11-23 11:00:00,24.0,67,543.0,0.84,0.1,19
2025-11-23 12:00:00,25.1,62,570.0,1.03,0.1,20
2025-11-23 13:00:00,25.0,62,451.0,1.39,0.0,28
2025-11-23 14:00:00,24.9,61,337.0,1.05,0.0,25
2025-11-23 15:00:00,24.4,64,186.0,0.86,0.0,21
2025-11-23 16:00:00,22.0,78,45.0,1.15,0.0,17
2025-11-23 17:00:00,21.4,85,0.0,1.18,0.6,59
2025-11-23 18:00:00,20.2,92,0.0,1.0,0.3,93
2025-11-23 19:00:00,20.0,94,0.0,1.28,0.3,20
2025-11-23 20:00:00,19.9,94,0.0,0.61,0.0,25
2025-11-23 21:00:00,19.9,91,0.0,0.07,0.0,27
2025-11-23 22:00:00,19.7,93,0.0,0.3,0.0,38
2025-11-23 23:00:00,19.3,97,0.0,1.78,0.0,91
2025-11-24 00:00:00,19.1,96,0.0,1.22,0.5,42
2025-11-24 01:00:00,18.9,98,0.0,1.39,0.1,20
2025-11-24 02:00:00,18.6,97,0.0,1.0,0.0,9
2025-11-24 03:00:00,18.5,98,0.0,1.17,0.0,13
2025-11-24 04:00:00,18.3,99,0.0,1.23,0.0,23
2025-11-24 05:00:00,18.5,100,0.0,1.76,0.0,100
2025-11-24 06:00:00,18.7,98,11.0,2.09,0.0,100
2025-11-24 07:00:00,19.4,95,73.0,2.5,0.0,100
2025-11-24 08:00:00,20.6,87,160.0,2.61,0.0,100
2025-11-24 09:00:00,22.0,79,308.0,2.49,0.0,45
2025-11-24 10:00:00,23.5,71,468.0,2.69,0.0,13
2025-11-24 11:00:00,24.4,67,600.0,3.3,0.0,7
2025-11-24 12:00:00,25.3,62,574.0,3.07,0.0,3
2025-11-24 13:00:00,25.8,58,506.0,2.96,0.0,1
2025-11-24 14:00:00,25.9,56,371.0,3.18,0.0,1
2025-11-24 15:00:00,25.0,60,202.0,2.62,0.0,1
2025-11-24 16:00:00,22.6,70,48.0,1.91,0.0,2
2025-11-24 17:00:00,21.5,80,0.0,1.66,0.0,1
2025-11-24 18:00:00,20.9,84,0.0,1.49,0.0,1
2025-11-24 19:00:00,20.5,87,0.0,1.61,0.0,0
2025-11-24 20:00:00,20.1,87,0.0,1.63,0.0,0
2025-11-24 21:00:00,19.6,88,0.0,1.57,0.0,0
2025-11-24 22:00:00,19.0,90,0.0,1.47,0.0,0
2025-11-24 23:00:00,19.2,92,0.0,1.2,0.0,0
2025-11-25 00:00:00,18.5,95,0.0,1.47,0.0,0
2025-11-25 01:00:00,18.2,97,0.0,1.55,0.0,1
2025-11-25 02:00:00,18.1,97,0.0,1.76,0.0,9
2025-11-25 03:00:00,17.9,98,0.0,1.85,0.0,1
2025-11-25 04:00:00,17.5,99,0.0,1.71,0.0,7
2025-11-25 05:00:00,17.0,100,0.0,0.9,0.0,100
2025-11-25 06:00:00,17.4,100,17.0,1.71,0.0,9
2025-11-25 07:00:00,19.1,87,126.0,1.45,0.0,48
2025-11-25 08:00:00,20.7,81,290.0,1.3,0.0,55
2025-11-25 09:00:00,22.8,73,462.0,1.53,0.0,53
2025-11-25 10:00:00,24.6,66,571.0,2.38,0.0,50
2025-11-25 11:00:00,25.7,63,617.0,2.33,0.0,74
2025-11-25 12:00:00,26.9,56,596.0,2.63,0.0,45
2025-11-25 13:00:00,27.4,50,514.0,2.96,0.0,2
2025-11-25 14:00:00,27.1,49,371.0,3.16,0.0,1
2025-11-25 15:00:00,25.8,55,204.0,2.45,0.0,3
2025-11-25 16:00:00,22.9,68,48.0,1.83,0.0,2
2025-11-25 17:00:00,22.1,75,0.0,1.88,0.0,5
2025-11-25 18:00:00,21.3,80,0.0,1.66,0.0,14
2025-11-25 19:00:00,20.7,84,0.0,1.17,0.0,7
2025-11-25 20:00:00,19.9,88,0.0,1.03,0.0,9
2025-11-25 21:00:00,19.3,91,0.0,0.74,0.0,20
2025-11-25 22:00:00,18.8,94,0.0,0.29,0.0,10
2025-11-25 23:00:00,19.3,93,0.0,0.35,0.0,6
2025-11-26 00:00:00,18.4,97,0.0,1.25,0.0,4
2025-11-26 01:00:00,18.3,96,0.0,1.38,0.0,10
2025-11-26 02:00:00,18.0,96,0.0,1.35,0.0,13
2025-11-26 03:00:00,17.9,97,0.0,1.35,0.0,10
2025-11-26 04:00:00,17.5,99,0.0,1.36,0.0,5
2025-11-26 05:00:00,17.3,100,0.0,1.62,0.0,100
2025-11-26 06:00:00,17.9,100,15.0,2.0,0.0,96
2025-11-26 07:00:00,19.5,89,125.0,1.91,0.0,45
2025-11-26 08:00:00,21.4,80,294.0,1.87,0.0,16
2025-11-26 09:00:00,23.4,73,457.0,1.96,0.0,0
2025-11-26 10:00:00,25.5,60,571.0,2.6,0.0,0
2025-11-26 11:00:00,26.4,53,617.0,3.08,0.0,0
2025-11-26 12:00:00,27.5,47,597.0,3.41,0.0,1
2025-11-26 13:00:00,27.9,44,511.0,3.4,0.0,0
2025-11-26 14:00:00,27.6,44,372.0,3.24,0.0,0
2025-11-26 15:00:00,26.0,51,202.0,2.01,0.0,1
2025-11-26 16:00:00,23.1,60,48.0,2.03,0.0,2
2025-11-26 17:00:00,22.0,68,0.0,2.09,0.0,0
2025-11-26 18:00:00,21.1,74,0.0,1.71,0.0,0
2025-11-26 19:00:00,20.6,78,0.0,1.07,0.0,0
2025-11-26 20:00:00,19.4,84,0.0,1.19,0.0,0
2025-11-26 21:00:00,18.4,90,0.0,1.1,0.0,0
2025-11-26 22:00:00,18.0,94,0.0,1.18,0.0,0
2025-11-26 23:00:00,18.0,91,0.0,2.02,0.0,0
2025-11-27 00:00:00,17.4,94,0.0,1.58,0.0,0
2025-11-27 01:00:00,17.1,93,0.0,1.74,0.0,0
2025-11-27 02:00:00,16.9,92,0.0,1.6,0.0,0
2025-11-27 03:00:00,17.0,92,0.0,1.99,0.0,0
2025-11-27 04:00:00,16.9,94,0.0,2.31,0.0,0
2025-11-27 05:00:00,17.3,93,0.0,2.5,0.0,0
2025-11-27 06:00:00,17.6,93,16.0,2.75,0.0,0
2025-11-27 07:00:00,19.1,86,138.0,2.8,0.0,0
2025-11-27 08:00:00,21.2,77,309.0,2.8,0.0,0
2025-11-27 09:00:00,23.3,69,461.0,2.85,0.0,0
2025-11-27 10:00:00,25.2,61,567.0,3.32,0.0,0
2025-11-27 11:00:00,26.1,57,614.0,3.54,0.0,0
2025-11-27 12:00:00,27.1,52,593.0,3.84,0.0,0
2025-11-27 13:00:00,27.5,50,510.0,3.92,0.0,0
2025-11-27 14:00:00,27.3,50,373.0,3.99,0.0,5
2025-11-27 15:00:00,26.1,55,203.0,2.93,0.0,0
2025-11-27 16:00:00,23.6,66,47.0,2.39,0.0,0
2025-11-27 17:00:00,22.1,76,0.0,2.1,0.0,0
2025-11-27 18:00:00,21.3,81,0.0,1.6,0.0,0
2025-11-27 19:00:00,20.5,85,0.0,1.38,0.0,0
2025-11-27 20:00:00,19.7,89,0.0,1.52,0.0,0
2025-11-27 21:00:00,18.9,91,0.0,1.51,0.0,1
2025-11-27 22:00:00,18.0,96,0.0,1.13,0.0,0
2025-11-27 23:00:00,18.1,96,0.0,0.85,0.0,4
2025-11-28 00:00:00,17.4,98,0.0,0.67,0.0,2
2025-11-28 01:00:00,17.1,99,0.0,0.68,0.0,1
2025-11-28 02:00:00,16.9,97,0.0,0.85,0.0,1
2025-11-28 03:00:00,16.8,97,0.0,1.06,0.0,6
2025-11-28 04:00:00,16.7,94,0.0,1.39,0.0,0
2025-11-28 05:00:00,15.9,100,0.0,1.55,0.0,94
2025-11-28 06:00:00,16.4,98,13.0,1.81,0.0,0
2025-11-28 07:00:00,19.0,81,120.0,1.26,0.0,0
2025-11-28 08:00:00,21.8,69,300.0,0.87,0.0,0
2025-11-28 09:00:00,23.7,64,453.0,0.78,0.0,0
2025-11-28 10:00:00,25.3,61,562.0,1.06,0.0,0
2025-11-28 11:00:00,26.4,58,609.0,1.3,0.0,0
2025-11-28 12:00:00,27.6,53,592.0,1.42,0.0,0
2025-11-28 13:00:00,27.9,51,510.0,1.9,0.0,0
2025-11-28 14:00:00,27.6,51,373.0,2.17,0.0,0
2025-11-28 15:00:00,26.2,62,203.0,1.26,0.0,0
2025-11-28 16:00:00,23.5,67,47.0,1.21,0.0,0
2025-11-28 17:00:00,22.3,76,0.0,1.45,0.0,0
2025-11-28 18:00:00,21.6,78,0.0,1.49,0.0,0
2025-11-28 19:00:00,21.2,79,0.0,1.23,0.0,0
2025-11-28 20:00:00,20.1,86,0.0,1.35,0.0,0
2025-11-28 21:00:00,19.4,89,0.0,1.07,0.0,0
2025-11-28 22:00:00,19.0,90,0.0,0.78,0.0,0
2025-11-28 23:00:00,18.9,92,0.0,1.58,0.0,0
2025-11-29 00:00:00,18.4,88,0.0,1.25,0.0,0
2025-11-29 01:00:00,18.6,86,0.0,1.08,0.0,0
2025-11-29 02:00:00,18.6,85,0.0,0.85,0.0,0
2025-11-29 03:00:00,18.3,86,0.0,0.72,0.0,0
2025-11-29 04:00:00,17.9,89,0.0,0.55,0.0,2
2025-11-29 05:00:00,17.3,93,0.0,0.8,0.0,0
2025-11-29 06:00:00,17.3,95,14.0,0.11,0.0,0
2025-11-29 07:00:00,19.4,87,134.0,0.42,0.0,3
2025-11-29 08:00:00,21.5,78,303.0,0.75,0.0,7
2025-11-29 09:00:00,23.2,71,454.0,0.94,0.0,5
2025-11-29 10:00:00,24.6,65,559.0,1.37,0.0,1
2025-11-29 11:00:00,25.6,58,605.0,1.37,0.0,8
2025-11-29 12:00:00,26.6,52,588.0,1.3,0.0,5
2025-11-29 13:00:00,27.0,49,498.0,1.38,0.0,6
2025-11-29 14:00:00,26.8,50,359.0,1.77,0.0,7
2025-11-29 15:00:00,25.4,60,191.0,1.45,0.0,9
2025-11-29 16:00:00,23.1,68,45.0,0.94,0.0,42
2025-11-29 17:00:00,22.2,73,0.0,1.03,0.0,20
2025-11-29 18:00:00,21.7,75,0.0,1.24,0.0,5
2025-11-29 19:00:00,20.9,80,0.0,1.39,0.0,19
2025-11-29 20:00:00,19.8,87,0.0,1.38,0.0,8
2025-11-29 21:00:00,19.0,92,0.0,1.36,0.0,4
2025-11-29 22:00:00,18.6,92,0.0,1.23,0.0,3
2025-11-29 23:00:00,19.0,92,0.0,1.58,0.0,29
2025-11-30 00:00:00,18.2,92,0.0,1.38,0.0,25
2025-11-30 01:00:00,18.6,88,0.0,0.63,0.0,63
2025-11-30 02:00:00,18.6,88,0.0,0.3,0.0,25
2025-11-30 03:00:00,18.4,89,0.0,0.35,0.0,52
2025-11-30 04:00:00,18.1,90,0.0,0.36,0.0,41
2025-11-30 05:00:00,17.1,100,0.0,0.59,0.0,100
2025-11-30 06:00:00,17.5,100,12.0,1.51,0.0,100
2025-11-30 07:00:00,19.1,88,104.0,1.38,0.0,100
2025-11-30 08:00:00,21.2,77,251.0,0.85,0.0,100
2025-11-30 09:00:00,23.1,69,396.0,0.72,0.0,100
2025-11-30 10:00:00,24.5,64,540.0,0.65,0.0,99
2025-11-30 11:00:00,24.9,62,514.0,0.59,0.0,100
2025-11-30 12:00:00,25.9,57,555.0,0.78,0.0,99
2025-11-30 13:00:00,25.9,56,439.0,0.92,0.0,92
2025-11-30 14:00:00,25.8,55,334.0,1.36,0.0,35
2025-11-30 15:00:00,24.8,62,179.0,1.06,0.0,30
2025-11-30 16:00:00,22.8,67,43.0,0.61,0.0,57
2025-11-30 17:00:00,22.4,74,0.0,0.05,0.0,80
2025-11-30 18:00:00,21.8,76,0.0,0.29,0.0,11
2025-11-30 19:00:00,21.0,82,0.0,0.57,0.0,5
2025-11-30 20:00:00,20.0,89,0.0,0.67,0.0,5
2025-11-30 21:00:00,19.5,91,0.0,0.43,0.0,13
2025-11-30 22:00:00,18.9,93,0.0,0.51,0.0,10
2025-11-30 23:00:00,18.6,98,0.0,1.18,0.0,2
2025-12-01 00:00:00,17.8,100,0.0,0.07,0.0,1
2025-12-01 01:00:00,17.8,100,0.0,0.27,0.0,2
2025-12-01 02:00:00,17.9,98,0.0,0.51,0.0,2
2025-12-01 03:00:00,17.9,97,0.0,0.51,0.0,2
2025-12-01 04:00:00,17.6,98,0.0,0.35,0.0,22
2025-12-01 05:00:00,17.3,99,0.0,0.5,0.0,56
2025-12-01 06:00:00,17.6,99,12.0,1.3,0.0,98
2025-12-01 07:00:00,19.5,88,109.0,1.4,0.0,90
2025-12-01 08:00:00,21.3,80,237.0,1.24,0.0,19
2025-12-01 09:00:00,23.2,72,439.0,1.42,0.0,42
2025-12-01 10:00:00,24.4,66,544.0,1.48,0.0,25
2025-12-01 11:00:00,25.1,60,576.0,1.14,0.0,29
2025-12-01 12:00:00,25.9,57,546.0,0.81,0.0,15
2025-12-01 13:00:00,26.2,54,468.0,1.01,0.0,13
2025-12-01 14:00:00,26.1,53,339.0,1.35,0.0,13
2025-12-01 15:00:00,25.1,61,185.0,1.23,0.0,66
2025-12-01 16:00:00,23.0,68,42.0,0.71,0.0,99
2025-12-01 17:00:00,22.6,75,0.0,0.53,0.0,100
2025-12-01 18:00:00,22.4,75,0.0,0.21,0.0,100
2025-12-01 19:00:00,22.1,77,0.0,0.21,0.0,100
2025-12-01 20:00:00,21.4,80,0.0,0.15,0.0,100
2025-12-01 21:00:00,20.4,88,0.0,0.5,0.0,100
2025-12-01 22:00:00,20.0,91,0.0,0.3,0.0,100
2025-12-01 23:00:00,19.8,95,0.0,1.35,0.0,100
2025-12-02 00:00:00,19.1,95,0.0,1.21,0.0,98
2025-12-02 01:00:00,18.7,94,0.0,0.63,0.0,99
2025-12-02 02:00:00,18.3,97,0.0,0.51,0.0,83
2025-12-02 03:00:00,18.0,100,0.0,0.55,0.0,23
2025-12-02 04:00:00,18.0,100,0.0,0.35,0.0,100
2025-12-02 05:00:00,18.0,100,0.0,0.07,0.0,100
2025-12-02 06:00:00,18.1,100,9.0,0.4,0.0,100
2025-12-02 07:00:00,18.8,97,76.0,0.46,0.0,100
2025-12-02 08:00:00,20.4,91,184.0,0.36,0.0,100
2025-12-02 09:00:00,22.4,80,385.0,0.63,0.0,95
2025-12-02 10:00:00,23.8,70,515.0,1.06,0.0,100
2025-12-02 11:00:00,24.3,65,575.0,0.47,0.0,100
2025-12-02 12:00:00,25.5,60,527.0,0.22,0.0,100
2025-12-02 13:00:00,25.9,57,431.0,0.71,0.0,99
2025-12-02 14:00:00,26.0,54,350.0,1.26,0.0,60
2025-12-02 15:00:00,25.1,60,187.0,1.98,0.0,22
2025-12-02 16:00:00,22.6,70,44.0,1.67,0.0,13
2025-12-02 17:00:00,21.6,78,0.0,1.12,0.0,25
2025-12-02 18:00:00,21.3,81,0.0,0.88,0.0,39
2025-12-02 19:00:00,21.6,84,0.0,0.4,0.0,40
2025-12-02 20:00:00,20.8,89,0.0,0.53,0.0,10
2025-12-02 21:00:00,19.9,93,0.0,0.94,0.0,52
2025-12-02 22:00:00,19.6,92,0.0,0.4,0.0,96
2025-12-02 23:00:00,19.6,98,0.0,0.74,0.0,100
2025-12-03 00:00:00,19.0,98,0.0,0.43,0.0,98
2025-12-03 01:00:00,18.8,99,0.0,0.21,0.0,100
2025-12-03 02:00:00,18.6,100,0.0,0.21,0.0,100
2025-12-03 03:00:00,18.3,100,0.0,0.11,0.0,100
2025-12-03 04:00:00,17.8,100,0.0,0.11,0.0,98
2025-12-03 05:00:00,17.7,100,0.0,0.92,0.0,100
2025-12-03 06:00:00,17.9,100,9.0,0.42,0.0,100
2025-12-03 07:00:00,18.8,98,69.0,0.89,0.0,100
2025-12-03 08:00:00,20.4,88,178.0,0.96,0.0,97
2025-12-03 09:00:00,22.4,80,393.0,0.82,0.0,78
2025-12-03 10:00:00,24.2,69,532.0,1.11,0.0,76
2025-12-03 11:00:00,25.0,63,581.0,1.2,0.0,94
2025-12-03 12:00:00,26.1,58,562.0,1.84,0.0,98
2025-12-03 13:00:00,26.6,55,484.0,2.06,0.0,100
2025-12-03 14:00:00,26.4,54,342.0,2.0,0.0,9
2025-12-03 15:00:00,25.3,62,190.0,1.43,0.0,4
2025-12-03 16:00:00,22.6,72,45.0,1.58,0.0,2
2025-12-03 17:00:00,22.3,78,0.0,0.32,0.0,2
2025-12-03 18:00:00,21.5,82,0.0,0.32,0.0,8
2025-12-03 19:00:00,20.5,89,0.0,0.57,0.0,9
2025-12-03 20:00:00,19.6,95,0.0,0.47,0.0,7
2025-12-03 21:00:00,19.0,98,0.0,0.49,0.0,1
2025-12-03 22:00:00,18.9,98,0.0,0.49,0.0,3
2025-12-03 23:00:00,19.1,98,0.0,1.03,0.0,10
2025-12-04 00:00:00,18.6,98,0.0,0.41,0.0,10
2025-12-04 01:00:00,18.4,98,0.0,0.07,0.0,9
2025-12-04 02:00:00,17.9,100,0.0,0.25,0.0,97
2025-12-04 03:00:00,17.4,100,0.0,0.73,0.0,99
2025-12-04 04:00:00,17.5,100,0.0,0.83,0.0,95
2025-12-04 05:00:00,17.8,100,0.0,0.25,0.0,96
2025-12-04 06:00:00,17.8,100,10.0,1.35,0.0,96
2025-12-04 07:00:00,19.0,94,91.0,1.37,0.0,59
2025-12-04 08:00:00,21.1,81,241.0,1.01,0.0,0
2025-12-04 09:00:00,23.3,72,437.0,1.67,0.0,0
2025-12-04 10:00:00,24.6,65,551.0,2.21,0.0,0
2025-12-04 11:00:00,25.2,58,602.0,2.35,0.0,0
2025-12-04 12:00:00,26.1,53,586.0,2.42,0.0,0
2025-12-04 13:00:00,26.3,51,505.0,2.6,0.0,0
2025-12-04 14:00:00,26.0,52,369.0,2.62,0.0,0
2025-12-04 15:00:00,24.8,61,201.0,1.65,0.0,0
2025-12-04 16:00:00,22.0,71,47.0,1.66,0.0,0
2025-12-04 17:00:00,21.9,76,0.0,0.96,0.0,0
2025-12-04 18:00:00,21.1,80,0.0,0.75,0.0,0
2025-12-04 19:00:00,20.0,87,0.0,0.92,0.0,0
2025-12-04 20:00:00,18.9,93,0.0,0.85,0.0,0
2025-12-04 21:00:00,18.5,95,0.0,0.57,0.0,0
2025-12-04 22:00:00,17.8,97,0.0,0.78,0.0,2
2025-12-04 23:00:00,17.9,99,0.0,0.68,0.0,0
2025-12-05 00:00:00,17.6,100,0.0,1.23,0.0,94
2025-12-05 01:00:00,17.6,100,0.0,1.1,0.0,96
2025-12-05 02:00:00,17.4,97,0.0,1.2,0.0,5
2025-12-05 03:00:00,17.2,100,0.0,1.47,0.0,0
2025-12-05 04:00:00,16.8,99,0.0,1.63,0.0,9
2025-12-05 05:00:00,16.0,99,0.0,1.43,0.0,98
2025-12-05 06:00:00,16.3,98,7.0,1.76,0.0,97
2025-12-05 07:00:00,16.8,96,75.0,1.45,0.0,90
2025-12-05 08:00:00,18.4,87,199.0,1.2,0.0,16
2025-12-05 09:00:00,21.0,77,430.0,1.19,0.0,5
2025-12-05 10:00:00,23.3,68,558.0,1.64,0.0,0
2025-12-05 11:00:00,24.5,63,609.0,2.04,0.0,0
2025-12-05 12:00:00,25.7,57,592.0,2.15,0.0,2
2025-12-05 13:00:00,26.1,51,511.0,2.36,0.0,3
2025-12-05 14:00:00,25.9,49,374.0,2.16,0.0,0
2025-12-05 15:00:00,24.5,61,202.0,1.29,0.0,0
2025-12-05 16:00:00,21.5,69,47.0,1.57,0.0,0
2025-12-05 17:00:00,21.7,69,0.0,0.78,0.0,0
2025-12-05 18:00:00,20.5,75,0.0,1.1,0.0,0
2025-12-05 19:00:00,19.5,84,0.0,1.25,0.0,0
2025-12-05 20:00:00,18.8,89,0.0,0.89,0.0,0
2025-12-05 21:00:00,18.0,93,0.0,1.03,0.0,0
2025-12-05 22:00:00,17.5,95,0.0,0.89,0.0,0
2025-12-05 23:00:00,17.5,98,0.0,0.54,0.0,0
2025-12-06 00:00:00,17.0,100,0.0,1.12,0.0,94
2025-12-06 01:00:00,17.0,100,0.0,0.76,0.0,96
2025-12-06 02:00:00,16.7,100,0.0,0.52,0.0,96
2025-12-06 03:00:00,16.3,98,0.0,0.68,0.0,13
2025-12-06 04:00:00,16.2,100,0.0,0.65,0.0,87
2025-12-06 05:00:00,15.8,100,0.0,0.72,0.0,97
2025-12-06 06:00:00,15.9,100,8.0,0.67,0.0,99
2025-12-06 07:00:00,17.0,95,98.0,0.65,0.0,94
2025-12-06 08:00:00,19.4,83,263.0,0.85,0.0,12
2025-12-06 09:00:00,21.5,72,434.0,1.21,0.0,1
2025-12-06 10:00:00,23.1,68,550.0,1.53,0.0,0
2025-12-06 11:00:00,24.1,63,601.0,2.12,0.0,0
2025-12-06 12:00:00,25.2,56,585.0,2.41,0.0,0
2025-12-06 13:00:00,25.6,52,507.0,2.15,0.0,0
2025-12-06 14:00:00,25.4,50,372.0,1.77,0.0,3
2025-12-06 15:00:00,24.0,61,203.0,1.51,0.0,2
2025-12-06 16:00:00,21.1,69,48.0,1.76,0.0,2
2025-12-06 17:00:00,21.3,71,0.0,0.34,0.0,0
2025-12-06 18:00:00,20.4,75,0.0,0.29,0.0,0
2025-12-06 19:00:00,19.4,84,0.0,0.42,0.0,0
2025-12-06 20:00:00,18.6,90,0.0,0.36,0.0,0
2025-12-06 21:00:00,17.9,94,0.0,0.25,0.0,0
2025-12-06 22:00:00,17.4,96,0.0,0.35,0.0,98
2025-12-06 23:00:00,17.4,98,0.0,1.01,0.0,100
2025-12-07 00:00:00,16.5,96,0.0,0.52,0.0,7
2025-12-07 01:00:00,16.2,97,0.0,0.27,0.0,23
2025-12-07 02:00:00,15.7,99,0.0,0.49,0.0,8
2025-12-07 03:00:00,15.6,100,0.0,0.34,0.0,96
2025-12-07 04:00:00,15.9,100,0.0,0.76,0.0,89
2025-12-07 05:00:00,16.1,96,0.0,1.31,0.0,48
2025-12-07 06:00:00,16.0,94,7.0,0.58,0.0,31
2025-12-07 07:00:00,17.4,88,95.0,0.49,0.0,13
2025-12-07 08:00:00,19.1,79,252.0,0.78,0.0,49
2025-12-07 09:00:00,21.3,72,436.0,1.13,0.0,0
2025-12-07 10:00:00,23.0,64,549.0,1.81,0.0,2
2025-12-07 11:00:00,23.8,57,600.0,2.23,0.0,41
2025-12-07 12:00:00,24.9,51,584.0,2.33,0.0,43
2025-12-07 13:00:00,25.1,49,505.0,2.16,0.0,30
2025-12-07 14:00:00,24.9,50,369.0,2.17,0.0,4
2025-12-07 15:00:00,23.6,60,201.0,1.45,0.0,0
2025-12-07 16:00:00,20.9,70,47.0,1.27,0.0,1
2025-12-07 17:00:00,21.0,70,0.0,0.68,0.0,0
2025-12-07 18:00:00,20.7,71,0.0,0.47,0.0,2
2025-12-07 19:00:00,20.0,76,0.0,0.57,0.0,12
2025-12-07 20:00:00,18.8,86,0.0,0.75,0.0,2
2025-12-07 21:00:00,17.7,93,0.0,0.96,0.0,34
2025-12-07 22:00:00,17.4,94,0.0,1.26,0.0,12
2025-12-07 23:00:00,17.4,96,0.0,1.24,0.0,13
2025-12-08 00:00:00,16.5,96,0.0,1.25,0.0,21
2025-12-08 01:00:00,16.4,99,0.0,1.4,0.0,3
2025-12-08 02:00:00,16.1,100,0.0,1.56,0.0,3
2025-12-08 03:00:00,16.0,99,0.0,1.7,0.0,10
2025-12-08 04:00:00,15.9,99,0.0,1.7,0.0,27
2025-12-08 05:00:00,15.4,100,0.0,1.6,0.0,100
2025-12-08 06:00:00,15.4,99,7.0,1.92,0.0,100
2025-12-08 07:00:00,16.0,97,71.0,2.11,0.0,100
2025-12-08 08:00:00,17.6,89,189.0,2.01,0.0,93
2025-12-08 09:00:00,19.9,79,405.0,1.82,0.0,99
2025-12-08 10:00:00,22.0,71,522.0,1.9,0.0,91
2025-12-08 11:00:00,23.6,66,577.0,1.83,0.0,90
2025-12-08 12:00:00,25.0,57,568.0,2.26,0.0,45
2025-12-08 13:00:00,25.4,51,496.0,2.59,0.0,59
2025-12-08 14:00:00,25.2,50,363.0,2.34,0.0,41
2025-12-08 15:00:00,23.9,61,197.0,1.21,0.0,14
2025-12-08 16:00:00,21.1,69,47.0,1.3,0.0,8
2025-12-08 17:00:00,20.7,72,0.0,0.72,0.0,100
2025-12-08 18:00:00,19.8,77,0.0,0.67,0.0,100
2025-12-08 19:00:00,18.9,85,0.0,0.92,0.0,48
2025-12-08 20:00:00,18.4,88,0.0,0.57,0.0,20
2025-12-08 21:00:00,17.9,90,0.0,0.32,0.0,0
2025-12-08 22:00:00,17.6,92,0.0,0.35,0.0,27
2025-12-08 23:00:00,17.7,92,0.0,0.56,0.0,100
2025-12-09 00:00:00,16.3,97,0.0,0.7,0.0,100
2025-12-09 01:00:00,15.9,100,0.0,0.76,0.0,100
2025-12-09 02:00:00,15.8,100,0.0,0.6,0.0,100
2025-12-09 03:00:00,15.7,100,0.0,0.54,0.0,100
2025-12-09 04:00:00,15.3,100,0.0,0.47,0.0,100
2025-12-09 05:00:00,16.0,98,0.0,0.67,0.0,91
2025-12-09 06:00:00,15.5,100,7.0,1.15,0.0,98
2025-12-09 07:00:00,16.6,93,96.0,1.17,0.0,9
2025-12-09 08:00:00,18.7,83,263.0,1.39,0.0,54
2025-12-09 09:00:00,20.7,75,416.0,1.32,0.0,95
2025-12-09 10:00:00,22.3,68,522.0,1.31,0.0,44
2025-12-09 11:00:00,23.2,63,586.0,0.99,0.0,73
2025-12-09 12:00:00,24.6,58,571.0,1.32,0.0,65
2025-12-09 13:00:00,25.2,54,495.0,1.72,0.0,34
2025-12-09 14:00:00,25.1,52,363.0,1.95,0.0,49
2025-12-09 15:00:00,24.0,62,197.0,1.1,0.0,98
2025-12-09 16:00:00,21.2,71,46.0,1.51,0.0,0
2025-12-09 17:00:00,20.8,74,0.0,0.96,0.0,7
2025-12-09 18:00:00,20.0,78,0.0,0.81,0.0,10
2025-12-09 19:00:00,19.2,83,0.0,0.46,0.0,77
2025-12-09 20:00:00,18.3,89,0.0,0.21,0.0,49
2025-12-09 21:00:00,17.5,94,0.0,0.21,0.0,2
2025-12-09 22:00:00,17.2,95,0.0,0.07,0.0,89
2025-12-09 23:00:00,17.0,96,0.0,0.93,0.0,5
2025-12-10 00:00:00,16.0,97,0.0,1.17,0.0,0
2025-12-10 01:00:00,15.3,99,0.0,0.72,0.0,25
2025-12-10 02:00:00,15.5,100,0.0,0.05,0.0,99
2025-12-10 03:00:00,15.7,99,0.0,0.61,0.0,99
2025-12-10 04:00:00,15.6,97,0.0,1.07,0.0,45
2025-12-10 05:00:00,15.4,99,0.0,1.03,0.0,100
2025-12-10 06:00:00,15.3,98,6.0,1.12,0.0,30
2025-12-10 07:00:00,16.5,92,94.0,1.28,0.0,23
2025-12-10 08:00:00,19.2,75,280.0,0.81,0.0,28
2025-12-10 09:00:00,21.2,67,434.0,1.3,0.0,4
2025-12-10 10:00:00,22.7,60,545.0,1.84,0.0,0
2025-12-10 11:00:00,23.8,55,596.0,1.99,0.0,26
2025-12-10 12:00:00,24.9,50,582.0,2.07,0.0,10
2025-12-10 13:00:00,25.2,47,504.0,2.05,0.0,52
2025-12-10 14:00:00,25.0,47,369.0,1.88,0.0,87
2025-12-10 15:00:00,23.6,59,201.0,1.25,0.0,8
2025-12-10 16:00:00,20.7,67,49.0,1.2,0.0,16
2025-12-10 17:00:00,20.9,68,0.0,0.43,0.0,32
2025-12-10 18:00:00,20.1,70,0.0,0.78,0.0,11
2025-12-10 19:00:00,18.9,81,0.0,1.2,0.0,0
2025-12-10 20:00:00,17.8,89,0.0,1.14,0.0,0
2025-12-10 21:00:00,17.2,92,0.0,0.51,0.0,0
2025-12-10 22:00:00,16.7,94,0.0,0.18,0.0,0
2025-12-10 23:00:00,16.5,98,0.0,0.28,0.0,0
2025-12-11 00:00:00,15.8,97,0.0,0.85,0.0,0
2025-12-11 01:00:00,15.7,98,0.0,0.47,0.0,0
2025-12-11 02:00:00,15.4,100,0.0,0.56,0.0,96
2025-12-11 03:00:00,15.6,100,0.0,0.82,0.0,0
2025-12-11 04:00:00,15.6,99,0.0,0.81,0.0,1
2025-12-11 05:00:00,14.9,100,0.0,1.73,0.0,94
2025-12-11 06:00:00,14.8,100,6.0,1.03,0.0,98
2025-12-11 07:00:00,16.1,97,87.0,1.19,0.0,86
2025-12-11 08:00:00,18.3,86,254.0,1.14,0.0,2
2025-12-11 09:00:00,20.6,76,428.0,1.74,0.0,0
2025-12-11 10:00:00,22.4,68,540.0,2.23,0.0,0
2025-12-11 11:00:00,23.6,63,594.0,2.52,0.0,0
2025-12-11 12:00:00,24.9,56,581.0,2.89,0.0,0
2025-12-11 13:00:00,25.2,53,503.0,3.15,0.0,0
2025-12-11 14:00:00,24.9,53,370.0,3.08,0.0,0
2025-12-11 15:00:00,23.7,60,203.0,1.84,0.0,0
2025-12-11 16:00:00,20.5,72,49.0,1.72,0.0,0
2025-12-11 17:00:00,20.0,76,0.0,1.73,0.0,1
2025-12-11 18:00:00,19.5,79,0.0,1.7,0.0,2
2025-12-11 19:00:00,19.0,84,0.0,1.76,0.0,1
2025-12-11 20:00:00,18.3,87,0.0,1.72,0.0,0
2025-12-11 21:00:00,17.6,88,0.0,1.73,0.0,0
2025-12-11 22:00:00,17.1,88,0.0,1.64,0.0,0
2025-12-11 23:00:00,16.8,93,0.0,1.48,0.0,0
2025-12-12 00:00:00,15.8,94,0.0,1.55,0.0,0
2025-12-12 01:00:00,15.3,96,0.0,1.61,0.0,0
2025-12-12 02:00:00,15.3,96,0.0,1.87,0.0,0
2025-12-12 03:00:00,15.1,97,0.0,1.85,0.0,4
2025-12-12 04:00:00,14.8,99,0.0,1.86,0.0,55
2025-12-12 05:00:00,14.5,98,0.0,1.6,0.0,79
2025-12-12 06:00:00,14.8,96,5.0,1.93,0.0,91
2025-12-12 07:00:00,15.8,87,66.0,2.1,0.0,74
2025-12-12 08:00:00,17.1,81,200.0,2.07,0.0,83
2025-12-12 09:00:00,19.1,76,413.0,1.95,0.0,7
2025-12-12 10:00:00,21.4,68,543.0,2.26,0.0,0
2025-12-12 11:00:00,22.9,63,596.0,2.65,0.0,0
2025-12-12 12:00:00,24.5,57,584.0,3.02,0.0,0
2025-12-12 13:00:00,25.0,51,506.0,2.95,0.0,0
2025-12-12 14:00:00,24.9,50,374.0,2.91,0.0,0
2025-12-12 15:00:00,23.5,58,205.0,1.91,0.0,0
2025-12-12 16:00:00,20.4,69,50.0,1.92,0.0,0
2025-12-12 17:00:00,19.7,76,0.0,1.95,0.0,0
2025-12-12 18:00:00,19.2,80,0.0,1.96,0.0,0
2025-12-12 19:00:00,18.7,82,0.0,1.99,0.0,0
2025-12-12 20:00:00,17.9,85,0.0,1.93,0.0,0
2025-12-12 21:00:00,17.1,87,0.0,1.85,0.0,0
2025-12-12 22:00:00,16.4,89,0.0,1.76,0.0,0
2025-12-12 23:00:00,16.3,92,0.0,1.19,0.0,0
2025-12-13 00:00:00,15.3,93,0.0,0.95,0.0,0
2025-12-13 01:00:00,14.7,95,0.0,1.32,0.0,0
2025-12-13 02:00:00,14.7,95,0.0,1.59,0.0,0
2025-12-13 03:00:00,14.3,96,0.0,1.64,0.0,1
2025-12-13 04:00:00,14.1,96,0.0,1.72,0.0,10
2025-12-13 05:00:00,13.7,99,0.0,1.88,0.0,93
2025-12-13 06:00:00,13.4,100,5.0,1.93,0.0,95
2025-12-13 07:00:00,14.7,93,73.0,2.26,0.0,51
2025-12-13 08:00:00,16.3,86,187.0,2.26,0.0,59
2025-12-13 09:00:00,18.5,79,365.0,2.12,0.0,27
2025-12-13 10:00:00,20.8,73,535.0,2.19,0.0,2
2025-12-13 11:00:00,22.5,67,594.0,2.92,0.0,0
2025-12-13 12:00:00,24.2,58,584.0,3.14,0.0,0
2025-12-13 13:00:00,24.8,55,507.0,3.08,0.0,0
2025-12-13 14:00:00,24.5,53,374.0,3.15,0.0,0
2025-12-13 15:00:00,23.1,60,206.0,2.02,0.0,1
2025-12-13 16:00:00,19.8,72,50.0,1.67,0.0,0
2025-12-13 17:00:00,19.6,74,0.0,1.57,0.0,0
2025-12-13 18:00:00,18.7,79,0.0,1.56,0.0,0
2025-12-13 19:00:00,18.2,82,0.0,1.73,0.0,0
2025-12-13 20:00:00,17.9,84,0.0,1.81,0.0,0
2025-12-13 21:00:00,17.1,87,0.0,1.74,0.0,0
2025-12-13 22:00:00,16.5,89,0.0,1.66,0.0,0
2025-12-13 23:00:00,16.2,94,0.0,1.46,0.0,0
2025-12-14 00:00:00,15.1,96,0.0,1.5,0.0,0
2025-12-14 01:00:00,14.8,97,0.0,1.72,0.0,0
2025-12-14 02:00:00,15.0,97,0.0,1.97,0.0,0
2025-12-14 03:00:00,14.6,98,0.0,1.96,0.0,15
2025-12-14 04:00:00,14.5,100,0.0,2.25,0.0,75
2025-12-14 05:00:00,14.2,99,0.0,2.0,0.0,99
2025-12-14 06:00:00,14.4,99,4.0,2.29,0.0,100
2025-12-14 07:00:00,15.1,96,61.0,2.63,0.0,100
2025-12-14 08:00:00,16.6,89,169.0,2.96,0.0,73
2025-12-14 09:00:00,19.0,81,379.0,2.53,0.0,15
2025-12-14 10:00:00,21.2,73,525.0,2.26,0.0,3
2025-12-14 11:00:00,22.8,67,586.0,2.33,0.0,0
2025-12-14 12:00:00,24.5,59,576.0,2.18,0.0,2
2025-12-14 13:00:00,25.1,53,500.0,2.4,0.0,14
2025-12-14 14:00:00,24.9,50,369.0,2.45,0.0,23
2025-12-14 15:00:00,23.5,59,203.0,1.63,0.0,2
2025-12-14 16:00:00,20.2,70,50.0,1.7,0.0,0
2025-12-14 17:00:00,19.4,73,0.0,1.79,0.0,0
2025-12-14 18:00:00,18.9,77,0.0,1.64,0.0,0
2025-12-14 19:00:00,18.3,84,0.0,1.66,0.0,0
2025-12-14 20:00:00,17.7,88,0.0,1.79,0.0,0
2025-12-14 21:00:00,17.3,89,0.0,1.77,0.0,0
2025-12-14 22:00:00,16.7,91,0.0,1.59,0.0,0
2025-12-14 23:00:00,16.3,95,0.0,1.19,0.0,0
2025-12-15 00:00:00,15.4,97,0.0,1.15,0.0,0
2025-12-15 01:00:00,15.2,97,0.0,1.35,0.0,0
2025-12-15 02:00:00,15.0,96,0.0,1.35,0.0,0
2025-12-15 03:00:00,14.9,97,0.0,1.6,0.0,0
2025-12-15 04:00:00,15.1,95,0.0,1.91,0.0,2
2025-12-15 05:00:00,14.4,100,0.0,1.77,0.0,44
2025-12-15 06:00:00,14.4,99,5.0,1.46,0.0,39
2025-12-15 07:00:00,15.9,95,85.0,1.54,0.0,50
2025-12-15 08:00:00,17.6,87,223.0,1.77,0.0,54
2025-12-15 09:00:00,19.8,79,406.0,1.95,0.0,5
2025-12-15 10:00:00,21.9,71,523.0,1.91,0.0,0
2025-12-15 11:00:00,23.1,66,579.0,1.91,0.0,0
2025-12-15 12:00:00,24.5,59,567.0,1.84,0.0,0
2025-12-15 13:00:00,25.1,55,492.0,1.77,0.0,0
2025-12-15 14:00:00,25.1,52,363.0,1.95,0.0,0
2025-12-15 15:00:00,23.9,57,200.0,1.74,0.0,1
2025-12-15 16:00:00,20.8,65,50.0,1.57,0.0,1
2025-12-15 17:00:00,20.5,66,0.0,0.66,0.0,0
2025-12-15 18:00:00,19.2,76,0.0,1.37,0.0,0
2025-12-15 19:00:00,18.0,89,0.0,1.21,0.0,0
2025-12-15 20:00:00,17.2,94,0.0,0.67,0.0,0
2025-12-15 21:00:00,17.0,95,0.0,0.38,0.0,0
2025-12-15 22:00:00,16.7,96,0.0,0.38,0.0,0
2025-12-15 23:00:00,16.3,99,0.0,0.78,0.0,0
2025-12-16 00:00:00,15.6,99,0.0,1.1,0.0,0
2025-12-16 01:00:00,15.4,100,0.0,1.31,0.0,0
2025-12-16 02:00:00,15.4,100,0.0,1.2,0.0,95
2025-12-16 03:00:00,15.4,100,0.0,1.08,0.0,95
2025-12-16 04:00:00,15.4,100,0.0,0.72,0.0,96
2025-12-16 05:00:00,15.0,100,0.0,1.26,0.0,95
2025-12-16 06:00:00,14.6,100,5.0,0.4,0.0,98
2025-12-16 07:00:00,16.2,96,90.0,0.96,0.0,43
2025-12-16 08:00:00,18.4,83,249.0,1.36,0.0,1
2025-12-16 09:00:00,20.4,74,409.0,1.77,0.0,0
2025-12-16 10:00:00,22.3,65,522.0,1.8,0.0,0
2025-12-16 11:00:00,23.1,60,576.0,1.49,0.0,0
2025-12-16 12:00:00,24.3,56,565.0,1.64,0.0,0
2025-12-16 13:00:00,24.7,55,491.0,1.99,0.0,0
2025-12-16 14:00:00,24.5,55,363.0,2.3,0.0,10
2025-12-16 15:00:00,23.5,60,200.0,2.26,0.0,8
2025-12-16 16:00:00,20.6,71,50.0,1.5,0.0,4
2025-12-16 17:00:00,20.3,73,0.0,0.98,0.0,11
2025-12-16 18:00:00,20.1,73,0.0,0.25,0.0,28
2025-12-16 19:00:00,18.7,84,0.0,0.78,0.0,2
2025-12-16 20:00:00,17.8,91,0.0,0.35,0.0,4
2025-12-16 21:00:00,17.0,96,0.0,0.18,0.0,6
2025-12-16 22:00:00,16.5,98,0.0,0.3,0.0,7
2025-12-16 23:00:00,16.7,97,0.0,0.63,0.0,9
2025-12-17 00:00:00,16.1,97,0.0,0.4,0.0,20
2025-12-17 01:00:00,15.9,97,0.0,0.64,0.0,2
2025-12-17 02:00:00,15.8,98,0.0,0.52,0.0,7
2025-12-17 03:00:00,15.2,98,0.0,1.16,0.0,7
2025-12-17 04:00:00,15.6,96,0.0,1.61,0.0,0
2025-12-17 05:00:00,15.6,96,0.0,2.07,0.0,0
2025-12-17 06:00:00,15.2,96,5.0,1.31,0.0,0
2025-12-17 07:00:00,17.1,88,98.0,1.76,0.0,0
2025-12-17 08:00:00,19.3,80,259.0,1.79,0.0,0
2025-12-17 09:00:00,21.3,72,411.0,2.15,0.0,0
2025-12-17 10:00:00,23.0,65,523.0,2.66,0.0,0
2025-12-17 11:00:00,24.1,60,575.0,3.18,0.0,0
2025-12-17 12:00:00,25.2,54,564.0,3.57,0.0,1
2025-12-17 13:00:00,25.5,52,490.0,3.73,0.0,2
2025-12-17 14:00:00,25.2,52,361.0,3.3,0.0,1
2025-12-17 15:00:00,24.1,57,198.0,2.3,0.0,0
2025-12-17 16:00:00,21.2,67,50.0,1.84,0.0,0
2025-12-17 17:00:00,20.2,73,0.0,1.63,0.0,0
2025-12-17 18:00:00,19.9,74,0.0,0.61,0.0,0
2025-12-17 19:00:00,19.1,79,0.0,0.51,0.0,0
2025-12-17 20:00:00,17.9,87,0.0,0.78,0.0,0
2025-12-17 21:00:00,17.0,92,0.0,0.6,0.0,0
2025-12-17 22:00:00,16.5,95,0.0,1.27,0.0,0
2025-12-17 23:00:00,16.4,96,0.0,1.55,0.0,0
2025-12-18 00:00:00,15.2,99,0.0,1.23,0.0,2
2025-12-18 01:00:00,15.2,99,0.0,1.61,0.0,7
2025-12-18 02:00:00,15.3,97,0.0,1.96,0.0,5
2025-12-18 03:00:00,15.2,97,0.0,2.5,0.0,6
2025-12-18 04:00:00,15.0,96,0.0,2.58,0.0,23
2025-12-18 05:00:00,15.0,91,0.0,1.39,0.0,0
2025-12-18 06:00:00,14.7,95,5.0,2.04,0.0,1
2025-12-18 07:00:00,16.1,90,97.0,2.33,0.0,15
2025-12-18 08:00:00,17.9,84,243.0,1.95,0.0,23
2025-12-18 09:00:00,20.1,76,409.0,2.0,0.0,3
2025-12-18 10:00:00,22.5,67,527.0,1.91,0.0,0
2025-12-18 11:00:00,24.0,60,583.0,2.34,0.0,0
2025-12-18 12:00:00,25.4,53,574.0,2.71,0.0,0
2025-12-18 13:00:00,25.8,51,498.0,2.69,0.0,0
2025-12-18 14:00:00,25.5,51,368.0,2.47,0.0,0
2025-12-18 15:00:00,24.1,58,204.0,1.88,0.0,0
2025-12-18 16:00:00,21.1,67,52.0,1.6,0.0,0
2025-12-18 17:00:00,20.9,67,0.0,0.69,0.0,0
2025-12-18 18:00:00,20.0,72,0.0,0.74,0.0,0
2025-12-18 19:00:00,19.1,79,0.0,0.94,0.0,0
2025-12-18 20:00:00,18.5,82,0.0,0.85,0.0,0
2025-12-18 21:00:00,17.3,88,0.0,0.89,0.0,0
2025-12-18 22:00:00,16.4,93,0.0,1.08,0.0,0
2025-12-18 23:00:00,16.1,97,0.0,1.63,0.0,1
2025-12-19 00:00:00,15.1,95,0.0,1.43,0.0,0
2025-12-19 01:00:00,14.8,95,0.0,1.33,0.0,0
2025-12-19 02:00:00,14.5,98,0.0,1.25,0.0,0
2025-12-19 03:00:00,14.1,100,0.0,1.26,0.0,0
2025-12-19 04:00:00,13.8,100,0.0,1.2,0.0,100
2025-12-19 05:00:00,14.1,99,0.0,1.63,0.0,95
2025-12-19 06:00:00,14.2,100,4.0,1.4,0.0,100
2025-12-19 07:00:00,15.2,97,72.0,1.16,0.0,43
2025-12-19 08:00:00,16.9,90,176.0,1.49,0.0,44
2025-12-19 09:00:00,19.3,81,379.0,1.45,0.0,26
2025-12-19 10:00:00,21.8,71,511.0,1.69,0.0,5
2025-12-19 11:00:00,23.1,65,572.0,1.56,0.0,0
2025-12-19 12:00:00,24.7,57,564.0,1.64,0.0,0
2025-12-19 13:00:00,25.1,54,491.0,1.94,0.0,0
2025-12-19 14:00:00,24.9,53,363.0,1.71,0.0,0
2025-12-19 15:00:00,23.8,60,202.0,1.2,0.0,0
2025-12-19 16:00:00,21.2,67,52.0,0.79,0.0,1
2025-12-19 17:00:00,20.1,74,0.0,0.93,0.0,0
2025-12-19 18:00:00,19.4,78,0.0,0.78,0.0,1
2025-12-19 19:00:00,18.8,81,0.0,0.63,0.0,1
2025-12-19 20:00:00,17.9,86,0.0,1.06,0.0,1
2025-12-19 21:00:00,17.6,87,0.0,0.74,0.0,2
2025-12-19 22:00:00,17.5,87,0.0,0.35,0.0,2
2025-12-19 23:00:00,16.8,94,0.0,1.3,0.0,2
2025-12-20 00:00:00,15.9,95,0.0,1.26,0.0,1
2025-12-20 01:00:00,16.1,94,0.0,0.85,0.0,0
2025-12-20 02:00:00,16.1,94,0.0,0.3,0.0,0
2025-12-20 03:00:00,15.6,97,0.0,0.07,0.0,0
2025-12-20 04:00:00,15.1,99,0.0,0.16,0.0,0
2025-12-20 05:00:00,15.0,100,0.0,0.71,0.0,96
2025-12-20 06:00:00,15.1,100,3.0,0.85,0.0,98
2025-12-20 07:00:00,16.1,95,59.0,0.43,0.0,100
2025-12-20 08:00:00,17.3,91,166.0,0.4,0.0,48
2025-12-20 09:00:00,19.9,78,366.0,0.42,0.0,0
2025-12-20 10:00:00,21.8,70,498.0,0.99,0.0,0
2025-12-20 11:00:00,22.7,64,561.0,0.98,0.0,0
2025-12-20 12:00:00,23.9,58,550.0,1.28,0.0,2
2025-12-20 13:00:00,24.3,55,481.0,1.59,0.0,2
2025-12-20 14:00:00,24.0,55,355.0,1.92,0.0,5
2025-12-20 15:00:00,23.3,60,193.0,1.5,0.0,2
2025-12-20 16:00:00,21.1,69,52.0,0.72,0.0,2
2025-12-20 17:00:00,20.2,72,0.0,0.72,0.0,2
2025-12-20 18:00:00,19.6,77,0.0,0.67,0.0,16
2025-12-20 19:00:00,18.8,82,0.0,0.76,0.0,5
2025-12-20 20:00:00,18.1,87,0.0,0.86,0.0,0
2025-12-20 21:00:00,17.7,89,0.0,0.55,0.0,5
2025-12-20 22:00:00,17.6,89,0.0,0.22,0.0,22
2025-12-20 23:00:00,17.0,95,0.0,0.82,0.0,13
2025-12-21 00:00:00,16.4,95,0.0,0.45,0.0,16
2025-12-21 01:00:00,16.4,94,0.0,0.32,0.0,9
2025-12-21 02:00:00,16.3,93,0.0,0.25,0.0,3
2025-12-21 03:00:00,16.0,94,0.0,0.2,0.0,1
2025-12-21 04:00:00,15.4,98,0.0,0.15,0.0,0
2025-12-21 05:00:00,15.2,100,0.0,0.81,0.0,96
2025-12-21 06:00:00,15.2,100,3.0,0.56,0.0,100
2025-12-21 07:00:00,15.9,97,55.0,0.85,0.0,99
2025-12-21 08:00:00,17.1,89,139.0,1.14,0.0,9
2025-12-21 09:00:00,19.5,77,317.0,0.88,0.0,0
2025-12-21 10:00:00,21.7,69,498.0,0.67,0.0,0
2025-12-21 11:00:00,23.1,64,563.0,1.53,0.0,24
2025-12-21 12:00:00,24.4,58,557.0,2.35,0.0,20
2025-12-21 13:00:00,24.8,54,484.0,2.97,0.0,41
2025-12-21 14:00:00,24.6,53,359.0,3.0,0.0,4
2025-12-21 15:00:00,23.6,58,201.0,1.67,0.0,0
2025-12-21 16:00:00,21.2,67,53.0,0.85,0.0,0
2025-12-21 17:00:00,20.7,72,0.0,0.22,0.0,0
2025-12-21 18:00:00,19.8,75,0.0,0.11,0.0,0
2025-12-21 19:00:00,19.1,79,0.0,0.22,0.0,0
2025-12-21 20:00:00,18.1,86,0.0,0.74,0.0,2
2025-12-21 21:00:00,17.8,90,0.0,0.6,0.0,4
2025-12-21 22:00:00,17.6,91,0.0,0.35,0.0,98
2025-12-21 23:00:00,17.1,95,0.0,0.94,0.0,64
2025-12-22 00:00:00,15.9,99,0.0,0.15,0.0,67
2025-12-22 01:00:00,15.6,100,0.0,0.07,0.0,98
2025-12-22 02:00:00,14.9,100,0.0,0.51,0.0,83
2025-12-22 03:00:00,14.6,100,0.0,0.65,0.0,55
2025-12-22 04:00:00,14.2,100,0.0,0.39,0.0,98
2025-12-22 05:00:00,14.1,100,0.0,1.25,0.0,95
2025-12-22 06:00:00,14.2,100,3.0,0.22,0.0,98
2025-12-22 07:00:00,15.3,99,59.0,0.11,0.0,99
2025-12-22 08:00:00,17.1,92,173.0,0.2,0.0,26
2025-12-22 09:00:00,19.0,84,269.0,0.43,0.0,24
2025-12-22 10:00:00,21.5,72,492.0,0.8,0.0,0
2025-12-22 11:00:00,22.9,66,562.0,0.67,0.0,0
2025-12-22 12:00:00,24.3,61,555.0,0.75,0.0,0
2025-12-22 13:00:00,25.0,58,482.0,1.06,0.0,0
2025-12-22 14:00:00,25.0,58,356.0,1.59,0.0,34
2025-12-22 15:00:00,24.0,64,197.0,1.66,0.0,40
2025-12-22 16:00:00,21.2,74,53.0,1.03,0.0,39
2025-12-22 17:00:00,20.2,78,0.0,0.46,0.0,5
2025-12-22 18:00:00,19.7,79,0.0,0.11,0.0,13
2025-12-22 19:00:00,18.7,84,0.0,0.8,0.0,2
2025-12-22 20:00:00,18.6,83,0.0,1.05,0.0,11
2025-12-22 21:00:00,18.4,82,0.0,0.87,0.0,11
2025-12-22 22:00:00,17.9,83,0.0,0.7,0.0,8
2025-12-22 23:00:00,17.8,85,0.0,1.07,0.0,4
2025-12-23 00:00:00,17.4,86,0.0,0.4,0.0,5
2025-12-23 01:00:00,17.1,87,0.0,0.36,0.0,5
2025-12-23 02:00:00,16.7,90,0.0,0.32,0.0,5
2025-12-23 03:00:00,16.4,91,0.0,0.41,0.0,4
2025-12-23 04:00:00,16.1,93,0.0,0.29,0.0,3
2025-12-23 05:00:00,15.1,100,0.0,0.32,0.0,98
2025-12-23 06:00:00,14.9,100,3.0,0.52,0.0,98
2025-12-23 07:00:00,16.1,97,69.0,0.61,0.0,95
2025-12-23 08:00:00,17.6,88,184.0,0.3,0.0,17
2025-12-23 09:00:00,20.1,78,384.0,0.49,0.0,3
2025-12-23 10:00:00,21.9,70,499.0,0.71,0.0,1
2025-12-23 11:00:00,22.9,66,556.0,1.38,0.0,3
2025-12-23 12:00:00,24.0,59,539.0,1.96,0.1,19
2025-12-23 13:00:00,24.0,58,464.0,2.41,0.0,23
2025-12-23 14:00:00,23.7,56,308.0,1.86,0.0,47
2025-12-23 15:00:00,23.2,60,164.0,1.24,0.0,39
2025-12-23 16:00:00,21.3,70,44.0,0.86,0.0,49
2025-12-23 17:00:00,20.5,73,0.0,0.21,0.0,89
2025-12-23 18:00:00,19.7,78,0.0,1.24,0.0,92
2025-12-23 19:00:00,20.1,82,0.0,2.07,0.0,91
2025-12-23 20:00:00,19.1,87,0.0,2.75,0.2,98
2025-12-23 21:00:00,18.8,91,0.0,1.53,0.3,94
2025-12-23 22:00:00,18.7,91,0.0,2.16,0.1,100
2025-12-23 23:00:00,18.2,90,0.0,0.97,0.1,100
2025-12-24 00:00:00,17.6,96,0.0,0.83,1.1,100
2025-12-24 01:00:00,17.8,95,0.0,0.7,0.2,100
2025-12-24 02:00:00,18.1,93,0.0,0.18,0.2,86
2025-12-24 03:00:00,17.8,94,0.0,0.14,0.0,91
2025-12-24 04:00:00,17.9,92,0.0,0.4,0.1,98
2025-12-24 05:00:00,17.8,94,0.0,1.64,0.0,90
2025-12-24 06:00:00,17.7,94,2.0,1.38,0.1,98
2025-12-24 07:00:00,18.1,92,35.0,0.9,0.0,100
2025-12-24 08:00:00,18.5,90,86.0,1.2,0.0,97
2025-12-24 09:00:00,19.3,85,154.0,1.5,0.1,88
2025-12-24 10:00:00,20.3,80,261.0,1.8,0.0,91
2025-12-24 11:00:00,21.2,74,319.0,1.63,0.0,63
2025-12-24 12:00:00,22.3,69,473.0,1.88,0.0,19
2025-12-24 13:00:00,22.6,64,407.0,2.27,0.0,19
2025-12-24 14:00:00,22.5,64,302.0,2.04,0.0,30
2025-12-24 15:00:00,22.0,66,169.0,1.9,0.0,11
2025-12-24 16:00:00,20.0,78,50.0,1.22,0.0,16
2025-12-24 17:00:00,19.6,85,0.0,0.75,0.0,59
2025-12-24 18:00:00,18.6,91,0.0,1.24,0.0,89
2025-12-24 19:00:00,18.7,92,0.0,1.3,0.0,73
2025-12-24 20:00:00,18.6,91,0.0,1.25,0.0,72
2025-12-24 21:00:00,18.1,94,0.0,1.82,0.0,64
2025-12-24 22:00:00,17.4,96,0.0,1.15,0.0,98
2025-12-24 23:00:00,18.1,95,0.0,0.5,0.0,72
2025-12-25 00:00:00,17.4,97,0.0,0.72,0.2,85
2025-12-25 01:00:00,17.4,96,0.0,0.21,0.6,100
2025-12-25 02:00:00,17.5,84,0.0,0.46,1.9,100
2025-12-25 03:00:00,17.4,84,0.0,0.34,1.0,100
2025-12-25 04:00:00,17.4,86,0.0,0.35,0.0,100
2025-12-25 05:00:00,16.9,96,0.0,0.35,0.0,98
2025-12-25 06:00:00,17.1,98,2.0,0.78,0.1,86
2025-12-25 07:00:00,17.6,95,49.0,0.43,0.0,50
2025-12-25 08:00:00,18.8,90,189.0,0.5,0.0,27
2025-12-25 09:00:00,20.4,78,315.0,0.99,0.0,59
2025-12-25 10:00:00,21.6,72,403.0,1.1,0.0,34
2025-12-25 11:00:00,21.9,72,475.0,1.15,0.1,32
2025-12-25 12:00:00,22.8,69,495.0,1.1,0.0,35
2025-12-25 13:00:00,23.3,66,454.0,1.36,0.0,34
2025-12-25 14:00:00,23.4,63,338.0,2.28,0.0,13
2025-12-25 15:00:00,22.8,64,188.0,1.6,0.0,11
2025-12-25 16:00:00,20.4,76,52.0,1.48,0.0,27
2025-12-25 17:00:00,19.5,86,0.0,1.3,0.0,39
2025-12-25 18:00:00,18.6,91,0.0,1.51,0.0,47
2025-12-25 19:00:00,18.8,90,0.0,2.06,0.1,60
2025-12-25 20:00:00,18.5,92,0.0,1.78,0.0,57
2025-12-25 21:00:00,17.9,94,0.0,1.38,0.0,31
2025-12-25 22:00:00,17.4,94,0.0,1.34,0.0,23
2025-12-25 23:00:00,17.6,95,0.0,2.08,0.0,13
2025-12-26 00:00:00,16.3,97,0.0,1.38,0.0,18
2025-12-26 01:00:00,16.3,96,0.0,1.29,0.1,31
2025-12-26 02:00:00,16.3,95,0.0,1.01,0.0,22
2025-12-26 03:00:00,16.3,95,0.0,0.63,0.0,8
2025-12-26 04:00:00,16.0,97,0.0,0.15,0.0,21
2025-12-26 05:00:00,15.9,99,0.0,0.78,0.0,23
2025-12-26 06:00:00,15.5,100,3.0,0.15,0.0,98
2025-12-26 07:00:00,16.6,99,69.0,0.16,0.0,100
2025-12-26 08:00:00,18.3,90,195.0,0.46,0.0,89
2025-12-26 09:00:00,20.3,80,372.0,0.6,0.0,4
2025-12-26 10:00:00,21.6,74,486.0,1.16,0.0,0
2025-12-26 11:00:00,22.0,71,548.0,1.16,0.0,9
2025-12-26 12:00:00,23.1,66,539.0,1.54,0.0,15
2025-12-26 13:00:00,23.4,63,469.0,2.02,0.0,17
2025-12-26 14:00:00,23.1,63,340.0,2.18,0.0,13
2025-12-26 15:00:00,22.4,66,192.0,2.2,0.0,6
2025-12-26 16:00:00,20.1,79,54.0,1.25,0.0,3
2025-12-26 17:00:00,19.3,86,0.0,1.41,0.0,4
2025-12-26 18:00:00,18.6,88,0.0,1.52,0.0,4
2025-12-26 19:00:00,18.2,90,0.0,1.24,0.0,5
2025-12-26 20:00:00,17.8,91,0.0,1.28,0.0,9
2025-12-26 21:00:00,17.4,91,0.0,1.5,0.0,1
2025-12-26 22:00:00,17.2,90,0.0,1.07,0.0,0
2025-12-26 23:00:00,16.9,97,0.0,1.13,0.0,0
2025-12-27 00:00:00,16.0,96,0.0,0.92,0.0,1
2025-12-27 01:00:00,15.8,98,0.0,0.76,0.0,5
2025-12-27 02:00:00,15.6,100,0.0,0.55,0.0,100
2025-12-27 03:00:00,15.5,100,0.0,0.21,0.0,100
2025-12-27 04:00:00,15.5,100,0.0,0.16,0.0,100
2025-12-27 05:00:00,15.3,100,0.0,1.06,0.0,96
2025-12-27 06:00:00,15.2,100,2.0,0.71,0.0,97
2025-12-27 07:00:00,16.0,100,59.0,0.29,0.0,98
2025-12-27 08:00:00,17.9,92,201.0,0.67,0.0,38
2025-12-27 09:00:00,19.7,81,347.0,0.82,0.0,55
2025-12-27 10:00:00,21.0,76,454.0,1.06,0.0,42
2025-12-27 11:00:00,21.8,71,499.0,0.95,0.1,27
2025-12-27 12:00:00,23.0,64,514.0,0.85,0.0,23
2025-12-27 13:00:00,23.5,62,454.0,1.2,0.0,11
2025-12-27 14:00:00,23.6,60,350.0,1.28,0.0,17
2025-12-27 15:00:00,22.8,64,189.0,2.09,0.0,16
2025-12-27 16:00:00,20.6,74,53.0,2.27,0.0,2
2025-12-27 17:00:00,19.3,85,0.0,1.21,0.0,11
2025-12-27 18:00:00,18.9,87,0.0,0.42,0.0,32
2025-12-27 19:00:00,18.2,90,0.0,0.96,0.0,38
2025-12-27 20:00:00,17.7,91,0.0,1.27,0.0,26
2025-12-27 21:00:00,17.6,89,0.0,1.28,0.0,17
2025-12-27 22:00:00,17.3,90,0.0,1.3,0.0,8
2025-12-27 23:00:00,17.4,94,0.0,1.21,0.0,12
2025-12-28 00:00:00,16.4,97,0.0,1.44,0.0,19
2025-12-28 01:00:00,16.1,99,0.0,1.31,0.0,14
2025-12-28 02:00:00,15.7,98,0.0,1.17,0.0,12
2025-12-28 03:00:00,15.6,97,0.0,0.81,0.0,13
2025-12-28 04:00:00,15.6,96,0.0,0.61,0.0,8
2025-12-28 05:00:00,15.8,99,0.0,1.47,0.0,10
2025-12-28 06:00:00,15.2,99,2.0,0.65,0.0,23
2025-12-28 07:00:00,16.6,97,61.0,0.92,0.0,71
2025-12-28 08:00:00,17.6,93,149.0,0.91,0.0,100
2025-12-28 09:00:00,19.0,87,245.0,1.05,0.0,100
2025-12-28 10:00:00,20.9,78,413.0,1.13,0.0,42
2025-12-28 11:00:00,21.2,75,500.0,1.42,0.1,23
2025-12-28 12:00:00,22.5,68,490.0,1.38,0.2,25
2025-12-28 13:00:00,23.1,65,434.0,1.86,0.1,24
2025-12-28 14:00:00,23.0,63,337.0,2.11,0.1,38
2025-12-28 15:00:00,22.1,68,185.0,2.59,0.0,19
2025-12-28 16:00:00,20.2,76,54.0,1.87,0.0,10
2025-12-28 17:00:00,19.4,85,0.0,0.55,0.0,39
2025-12-28 18:00:00,18.5,91,0.0,1.24,0.1,36
2025-12-28 19:00:00,17.7,94,0.0,1.32,0.0,48
2025-12-28 20:00:00,17.5,95,0.0,1.54,0.0,38
2025-12-28 21:00:00,17.4,95,0.0,1.88,0.0,27
2025-12-28 22:00:00,17.1,96,0.0,1.88,0.0,20
2025-12-28 23:00:00,17.1,96,0.0,2.05,0.0,29
2025-12-29 00:00:00,16.5,97,0.0,1.68,0.0,29
2025-12-29 01:00:00,16.6,96,0.0,1.9,0.0,27
2025-12-29 02:00:00,16.4,96,0.0,1.86,0.0,18
2025-12-29 03:00:00,16.2,97,0.0,1.61,0.0,19
2025-12-29 04:00:00,15.7,98,0.0,1.26,0.0,15
2025-12-29 05:00:00,15.9,100,0.0,1.92,0.0,21
2025-12-29 06:00:00,15.6,99,2.0,1.06,0.0,96
2025-12-29 07:00:00,16.2,98,64.0,1.43,0.0,100
2025-12-29 08:00:00,17.1,93,128.0,1.57,0.0,100
2025-12-29 09:00:00,17.8,89,159.0,1.61,0.0,97
2025-12-29 10:00:00,19.2,80,309.0,1.64,0.0,55
2025-12-29 11:00:00,19.5,77,460.0,1.55,0.0,55
2025-12-29 12:00:00,21.3,68,465.0,1.51,0.0,30
2025-12-29 13:00:00,22.1,63,419.0,1.82,0.0,95
2025-12-29 14:00:00,22.0,63,297.0,2.07,0.0,92
2025-12-29 15:00:00,21.3,66,158.0,2.51,0.0,10
2025-12-29 16:00:00,19.4,77,56.0,2.4,0.0,30
2025-12-29 17:00:00,18.4,85,0.0,2.31,0.0,23
2025-12-29 18:00:00,17.6,91,0.0,1.86,0.0,39
2025-12-29 19:00:00,17.2,93,0.0,1.9,0.0,75
2025-12-29 20:00:00,17.2,93,0.0,1.96,0.0,95
2025-12-29 21:00:00,17.4,92,0.0,2.48,0.0,89
2025-12-29 22:00:00,17.1,91,0.0,2.52,0.0,55
2025-12-29 23:00:00,16.5,94,0.0,2.55,0.0,64
2025-12-30 00:00:00,16.1,95,0.0,2.14,0.0,97
2025-12-30 01:00:00,16.2,93,0.0,2.51,0.0,98
2025-12-30 02:00:00,16.1,93,0.0,2.4,0.0,100
2025-12-30 03:00:00,16.0,92,0.0,2.26,0.0,100
2025-12-30 04:00:00,15.8,93,0.0,2.08,0.0,100
2025-12-30 05:00:00,15.5,93,0.0,2.01,0.0,53
2025-12-30 06:00:00,15.5,94,2.0,1.65,0.0,50
2025-12-30 07:00:00,16.3,90,67.0,2.4,0.0,44
2025-12-30 08:00:00,17.4,82,191.0,2.47,0.0,100
2025-12-30 09:00:00,18.1,78,251.0,2.22,0.1,100
2025-12-30 10:00:00,18.8,75,284.0,1.76,0.0,100
2025-12-30 11:00:00,18.6,74,343.0,1.87,0.1,100
2025-12-30 12:00:00,19.7,69,347.0,1.66,0.0,73
2025-12-30 13:00:00,20.3,66,397.0,1.74,0.0,49
2025-12-30 14:00:00,20.2,65,277.0,1.36,0.0,38
2025-12-30 15:00:00,19.8,65,158.0,1.91,0.0,43
2025-12-30 16:00:00,18.3,75,50.0,1.59,0.0,42
2025-12-30 17:00:00,18.3,77,0.0,1.05,0.0,23
2025-12-30 18:00:00,16.9,86,0.0,1.1,0.0,41
2025-12-30 19:00:00,16.8,89,0.0,1.19,0.0,67
2025-12-30 20:00:00,16.6,91,0.0,1.0,0.0,77
2025-12-30 21:00:00,16.3,92,0.0,1.04,0.0,85
2025-12-30 22:00:00,16.7,89,0.0,1.41,0.0,100
2025-12-30 23:00:00,16.6,90,0.0,1.85,0.0,100
2025-12-31 00:00:00,16.3,87,0.0,1.48,0.0,93
2025-12-31 01:00:00,15.9,90,0.0,1.71,0.0,29
2025-12-31 02:00:00,15.3,94,0.0,1.12,0.0,80
2025-12-31 03:00:00,15.1,95,0.0,1.05,0.0,100
2025-12-31 04:00:00,15.6,91,0.0,1.36,0.0,100
2025-12-31 05:00:00,14.9,96,0.0,0.7,0.0,48
2025-12-31 06:00:00,14.7,97,2.0,0.46,0.0,72
2025-12-31 07:00:00,15.9,91,59.0,0.71,0.0,71
2025-12-31 08:00:00,17.1,83,189.0,0.21,0.0,40
2025-12-31 09:00:00,18.8,75,335.0,0.68,0.0,51
2025-12-31 10:00:00,20.2,68,442.0,1.69,0.0,48
2025-12-31 11:00:00,20.2,66,460.0,1.89,0.0,5
2025-12-31 12:00:00,21.5,59,479.0,2.04,0.0,22
2025-12-31 13:00:00,22.1,56,433.0,1.96,0.0,2
2025-12-31 14:00:00,21.9,56,348.0,1.88,0.0,0
2025-12-31 15:00:00,21.1,60,209.0,2.01,0.0,0
2025-12-31 16:00:00,18.7,74,62.0,1.14,0.0,0
2025-12-31 17:00:00,17.7,86,1.0,1.37,0.0,0
2025-12-31 18:00:00,16.8,90,0.0,1.37,0.0,0
2025-12-31 19:00:00,16.8,89,0.0,0.51,0.0,1
2025-12-31 20:00:00,16.3,92,0.0,0.39,0.0,3
2025-12-31 21:00:00,15.6,95,0.0,0.46,0.0,0
2025-12-31 22:00:00,15.4,96,0.0,0.22,0.0,0
2025-12-31 23:00:00,15.3,98,0.0,0.29,0.0,2
