time,T_out,RH_out,I_solar,wind,rain,cloud
2026-01-01 00:00:00,14.3,100,0.0,0.75,0.0,96
2026-01-01 01:00:00,14.3,100,0.0,0.94,0.0,98
2026-01-01 02:00:00,14.3,100,0.0,0.58,0.0,99
2026-01-01 03:00:00,14.4,97,0.0,0.61,0.0,98
2026-01-01 04:00:00,14.3,96,0.0,0.71,0.0,92
2026-01-01 05:00:00,13.5,97,0.0,1.47,0.0,86
2026-01-01 06:00:00,13.5,96,2.0,1.38,0.0,68
2026-01-01 07:00:00,14.1,93,55.0,1.43,0.0,70
2026-01-01 08:00:00,16.2,84,209.0,1.54,0.0,0
2026-01-01 09:00:00,18.5,77,379.0,1.89,0.0,1
2026-01-01 10:00:00,20.3,72,492.0,2.09,0.0,0
2026-01-01 11:00:00,21.0,70,556.0,2.23,0.0,1
2026-01-01 12:00:00,22.2,66,550.0,1.79,0.0,0
2026-01-01 13:00:00,22.6,64,482.0,1.49,0.0,5
2026-01-01 14:00:00,22.6,64,357.0,1.65,0.0,16
2026-01-01 15:00:00,21.7,67,193.0,2.15,0.0,23
2026-01-01 16:00:00,19.5,76,59.0,1.74,0.0,4
2026-01-01 17:00:00,18.3,85,1.0,1.14,0.0,0
2026-01-01 18:00:00,17.5,87,0.0,0.55,0.0,5
2026-01-01 19:00:00,17.1,91,0.0,0.72,0.0,5
2026-01-01 20:00:00,16.8,92,0.0,0.78,0.0,5
2026-01-01 21:00:00,16.6,92,0.0,0.53,0.0,2
2026-01-01 22:00:00,16.2,93,0.0,0.45,0.0,6
2026-01-01 23:00:00,15.8,97,0.0,0.22,0.0,19
2026-01-02 00:00:00,14.7,99,0.0,1.02,0.0,15
2026-01-02 01:00:00,14.6,100,0.0,1.04,0.0,9
2026-01-02 02:00:00,14.4,100,0.0,0.91,0.0,96
2026-01-02 03:00:00,14.8,100,0.0,1.1,0.0,5
2026-01-02 04:00:00,14.5,100,0.0,1.01,0.0,10
2026-01-02 05:00:00,14.3,100,0.0,0.97,0.0,21
2026-01-02 06:00:00,14.4,99,1.0,1.05,0.0,45
2026-01-02 07:00:00,15.3,94,41.0,1.15,0.0,91
2026-01-02 08:00:00,16.4,89,117.0,1.09,0.0,69
2026-01-02 09:00:00,17.8,83,223.0,0.9,0.0,46
2026-01-02 10:00:00,19.3,78,345.0,1.29,0.0,11
2026-01-02 11:00:00,20.7,72,526.0,1.27,0.0,43
2026-01-02 12:00:00,22.1,67,490.0,0.87,0.0,4
2026-01-02 13:00:00,22.7,65,473.0,0.71,0.0,5
2026-01-02 14:00:00,22.9,63,360.0,0.47,0.0,13
2026-01-02 15:00:00,22.6,64,192.0,0.39,0.0,26
2026-01-02 16:00:00,20.3,76,56.0,0.18,0.0,31
2026-01-02 17:00:00,18.7,86,1.0,0.4,0.0,19
2026-01-02 18:00:00,17.9,90,0.0,0.64,0.0,12
2026-01-02 19:00:00,17.8,88,0.0,2.46,0.0,31
2026-01-02 20:00:00,17.5,86,0.0,1.53,0.0,43
2026-01-02 21:00:00,16.6,93,0.0,0.86,0.0,55
2026-01-02 22:00:00,15.9,96,0.0,1.05,0.0,29
2026-01-02 23:00:00,16.1,96,0.0,1.32,0.1,50
2026-01-03 00:00:00,15.2,99,0.0,1.92,0.5,62
2026-01-03 01:00:00,15.3,96,0.0,0.81,0.0,45
2026-01-03 02:00:00,15.4,94,0.0,2.07,2.7,66
2026-01-03 03:00:00,15.7,91,0.0,0.16,0.1,43
2026-01-03 04:00:00,15.6,93,0.0,0.1,0.1,65
2026-01-03 05:00:00,15.7,91,0.0,1.39,0.0,52
2026-01-03 06:00:00,15.1,95,2.0,1.12,0.0,53
2026-01-03 07:00:00,16.2,91,55.0,0.8,0.2,50
2026-01-03 08:00:00,17.1,88,167.0,0.67,0.1,52
2026-01-03 09:00:00,18.5,81,299.0,0.72,0.0,40
2026-01-03 10:00:00,19.8,73,410.0,1.06,0.0,30
2026-01-03 11:00:00,20.4,70,488.0,1.3,0.0,55
2026-01-03 12:00:00,21.5,65,507.0,1.47,0.0,21
2026-01-03 13:00:00,22.1,61,451.0,1.86,0.0,20
2026-01-03 14:00:00,22.1,59,327.0,1.99,0.0,18
2026-01-03 15:00:00,21.6,61,191.0,2.26,0.0,13
2026-01-03 16:00:00,19.6,72,58.0,2.18,0.0,14
2026-01-03 17:00:00,18.1,81,1.0,1.52,0.0,22
2026-01-03 18:00:00,17.4,85,0.0,2.07,0.0,56
2026-01-03 19:00:00,17.8,83,0.0,3.08,0.0,30
2026-01-03 20:00:00,17.2,86,0.0,2.44,0.0,33
2026-01-03 21:00:00,16.7,87,0.0,2.39,0.0,17
2026-01-03 22:00:00,16.2,89,0.0,1.98,0.0,24
2026-01-03 23:00:00,16.3,91,0.0,1.98,0.0,31
2026-01-04 00:00:00,15.5,93,0.0,1.25,0.0,20
2026-01-04 01:00:00,15.5,92,0.0,0.92,0.0,13
2026-01-04 02:00:00,15.4,92,0.0,0.9,0.0,18
2026-01-04 03:00:00,14.9,94,0.0,1.17,0.0,19
2026-01-04 04:00:00,14.4,96,0.0,1.31,0.0,18
2026-01-04 05:00:00,14.1,100,0.0,1.14,0.0,99
2026-01-04 06:00:00,14.0,100,2.0,0.74,0.0,98
2026-01-04 07:00:00,15.1,97,58.0,1.14,0.0,100
2026-01-04 08:00:00,16.0,93,154.0,1.21,0.0,82
2026-01-04 09:00:00,17.8,82,302.0,1.27,0.0,34
2026-01-04 10:00:00,19.1,76,452.0,1.66,0.0,17
2026-01-04 11:00:00,19.7,71,537.0,2.08,0.0,13
2026-01-04 12:00:00,20.8,66,527.0,1.86,0.0,5
2026-01-04 13:00:00,21.4,61,480.0,1.63,0.0,3
2026-01-04 14:00:00,21.5,58,365.0,1.45,0.0,5
2026-01-04 15:00:00,21.0,61,210.0,1.8,0.0,5
2026-01-04 16:00:00,18.6,76,64.0,1.35,0.0,4
2026-01-04 17:00:00,17.8,84,1.0,2.05,0.0,19
2026-01-04 18:00:00,17.5,86,0.0,2.41,0.0,21
2026-01-04 19:00:00,16.9,91,0.0,2.18,0.0,21
2026-01-04 20:00:00,16.4,92,0.0,2.3,0.0,25
2026-01-04 21:00:00,16.0,92,0.0,2.48,0.0,9
2026-01-04 22:00:00,15.6,93,0.0,2.27,0.0,5
2026-01-04 23:00:00,15.4,95,0.0,2.03,0.0,12
2026-01-05 00:00:00,14.9,96,0.0,1.66,0.0,14
2026-01-05 01:00:00,14.1,98,0.0,1.31,0.0,12
2026-01-05 02:00:00,13.8,99,0.0,0.93,0.0,5
2026-01-05 03:00:00,13.3,100,0.0,0.98,0.0,16
2026-01-05 04:00:00,13.1,100,0.0,1.12,0.0,100
2026-01-05 05:00:00,14.1,100,0.0,1.45,0.0,100
2026-01-05 06:00:00,14.3,99,1.0,1.3,0.0,100
2026-01-05 07:00:00,14.6,98,34.0,1.48,0.0,100
2026-01-05 08:00:00,15.2,94,95.0,1.25,0.0,100
2026-01-05 09:00:00,16.1,89,183.0,1.1,0.0,100
2026-01-05 10:00:00,17.0,84,244.0,0.9,0.0,100
2026-01-05 11:00:00,17.3,79,352.0,0.86,0.0,100
2026-01-05 12:00:00,18.8,72,323.0,0.53,0.0,100
2026-01-05 13:00:00,19.8,67,374.0,0.9,0.0,99
2026-01-05 14:00:00,19.9,66,289.0,1.35,0.0,59
2026-01-05 15:00:00,19.4,67,188.0,1.42,0.0,23
2026-01-05 16:00:00,17.7,77,58.0,0.76,0.0,8
2026-01-05 17:00:00,17.3,88,1.0,1.55,0.0,38
2026-01-05 18:00:00,16.3,93,0.0,1.75,0.0,43
2026-01-05 19:00:00,16.0,94,0.0,1.58,0.0,30
2026-01-05 20:00:00,15.7,96,0.0,1.62,0.0,36
2026-01-05 21:00:00,15.6,95,0.0,1.94,0.0,16
2026-01-05 22:00:00,15.2,95,0.0,1.77,0.0,27
2026-01-05 23:00:00,15.3,98,0.0,2.69,0.0,47
2026-01-06 00:00:00,14.9,100,0.0,2.02,0.0,96
2026-01-06 01:00:00,15.0,98,0.0,2.0,0.0,99
2026-01-06 02:00:00,15.1,96,0.0,1.87,0.0,74
2026-01-06 03:00:00,14.6,97,0.0,1.17,0.0,21
2026-01-06 04:00:00,14.0,97,0.0,0.95,0.0,5
2026-01-06 05:00:00,13.9,100,0.0,1.5,0.0,69
2026-01-06 06:00:00,13.5,100,2.0,0.84,0.0,100
2026-01-06 07:00:00,14.4,98,34.0,0.75,0.0,100
2026-01-06 08:00:00,15.2,95,102.0,0.36,0.0,100
2026-01-06 09:00:00,16.5,87,213.0,0.38,0.0,100
2026-01-06 10:00:00,17.9,80,294.0,0.75,0.0,100
2026-01-06 11:00:00,18.5,75,355.0,1.03,0.0,98
2026-01-06 12:00:00,20.0,68,403.0,2.03,0.0,48
2026-01-06 13:00:00,20.7,64,441.0,2.09,0.0,27
2026-01-06 14:00:00,20.6,64,336.0,2.62,0.0,21
2026-01-06 15:00:00,19.8,66,199.0,2.26,0.0,15
2026-01-06 16:00:00,17.5,79,65.0,1.13,0.0,20
2026-01-06 17:00:00,17.1,85,1.0,1.52,0.0,9
2026-01-06 18:00:00,16.1,91,0.0,1.36,0.0,32
2026-01-06 19:00:00,15.9,92,0.0,1.45,0.0,38
2026-01-06 20:00:00,15.5,93,0.0,1.35,0.0,20
2026-01-06 21:00:00,15.3,93,0.0,1.39,0.0,34
2026-01-06 22:00:00,15.1,93,0.0,0.92,0.0,27
2026-01-06 23:00:00,14.8,100,0.0,1.43,0.0,21
2026-01-07 00:00:00,13.9,100,0.0,0.74,0.0,98
2026-01-07 01:00:00,14.1,100,0.0,0.3,0.0,99
2026-01-07 02:00:00,14.0,100,0.0,0.35,0.0,93
2026-01-07 03:00:00,14.2,99,0.0,0.21,0.0,85
2026-01-07 04:00:00,13.6,100,0.0,0.25,0.0,97
2026-01-07 05:00:00,13.7,100,0.0,1.1,0.0,99
2026-01-07 06:00:00,13.5,100,1.0,0.82,0.0,100
2026-01-07 07:00:00,13.8,100,43.0,0.47,0.0,100
2026-01-07 08:00:00,15.1,94,135.0,0.25,0.0,100
2026-01-07 09:00:00,16.8,85,251.0,0.32,0.0,41
2026-01-07 10:00:00,18.9,76,425.0,0.98,0.0,1
2026-01-07 11:00:00,19.9,72,544.0,1.52,0.0,2
2026-01-07 12:00:00,21.2,67,552.0,1.98,0.0,1
2026-01-07 13:00:00,21.8,64,488.0,2.13,0.0,2
2026-01-07 14:00:00,21.9,61,369.0,2.64,0.0,7
2026-01-07 15:00:00,21.1,62,214.0,2.55,0.0,3
2026-01-07 16:00:00,18.9,71,69.0,0.68,0.0,9
2026-01-07 17:00:00,17.6,81,1.0,1.07,0.0,13
2026-01-07 18:00:00,17.2,83,0.0,0.3,0.0,18
2026-01-07 19:00:00,16.2,89,0.0,1.42,0.0,41
2026-01-07 20:00:00,16.2,89,0.0,1.13,0.0,76
2026-01-07 21:00:00,16.7,86,0.0,0.3,0.0,36
2026-01-07 22:00:00,16.2,87,0.0,0.16,0.0,64
2026-01-07 23:00:00,15.4,94,0.0,0.8,0.0,14
2026-01-08 00:00:00,14.6,96,0.0,0.18,0.0,7
2026-01-08 01:00:00,14.1,100,0.0,0.25,0.0,4
2026-01-08 02:00:00,13.5,100,0.0,0.43,0.0,0
2026-01-08 03:00:00,13.2,99,0.0,1.01,0.0,0
2026-01-08 04:00:00,12.5,100,0.0,0.86,0.0,94
2026-01-08 05:00:00,13.0,100,0.0,0.63,0.0,100
2026-01-08 06:00:00,12.9,100,1.0,0.35,0.0,98
2026-01-08 07:00:00,13.9,98,50.0,0.5,0.0,98
2026-01-08 08:00:00,16.1,84,150.0,0.49,0.0,12
2026-01-08 09:00:00,18.0,72,302.0,0.35,0.0,2
2026-01-08 10:00:00,19.9,67,487.0,1.1,0.0,1
2026-01-08 11:00:00,21.0,66,553.0,2.16,0.0,0
2026-01-08 12:00:00,22.4,61,556.0,2.55,0.0,0
2026-01-08 13:00:00,22.9,59,494.0,3.05,0.0,0
2026-01-08 14:00:00,22.8,56,378.0,3.5,0.0,0
2026-01-08 15:00:00,22.0,58,223.0,2.64,0.0,3
2026-01-08 16:00:00,19.1,71,71.0,1.4,0.0,12
2026-01-08 17:00:00,18.0,77,2.0,0.73,0.0,7
2026-01-08 18:00:00,17.3,79,0.0,0.05,0.0,18
2026-01-08 19:00:00,16.8,82,0.0,0.21,0.0,2
2026-01-08 20:00:00,16.1,87,0.0,0.27,0.0,0
2026-01-08 21:00:00,15.6,90,0.0,0.61,0.0,0
2026-01-08 22:00:00,15.0,92,0.0,1.18,0.0,0
2026-01-08 23:00:00,15.7,92,0.0,1.35,0.0,0
2026-01-09 00:00:00,14.6,94,0.0,0.34,0.0,0
2026-01-09 01:00:00,13.7,99,0.0,0.81,0.0,0
2026-01-09 02:00:00,13.3,100,0.0,0.83,0.0,94
2026-01-09 03:00:00,13.4,100,0.0,0.92,0.0,93
2026-01-09 04:00:00,13.2,100,0.0,1.49,0.0,93
2026-01-09 05:00:00,12.9,100,0.0,0.62,0.0,96
2026-01-09 06:00:00,12.9,100,1.0,1.45,0.0,95
2026-01-09 07:00:00,14.2,89,52.0,1.61,0.0,1
2026-01-09 08:00:00,16.0,81,180.0,1.0,0.0,0
2026-01-09 09:00:00,18.3,71,352.0,0.98,0.0,8
2026-01-09 10:00:00,20.3,64,486.0,1.1,0.0,0
2026-01-09 11:00:00,21.5,62,551.0,0.73,0.0,2
2026-01-09 12:00:00,22.8,59,552.0,0.87,0.0,19
2026-01-09 13:00:00,23.5,56,487.0,1.07,0.0,16
2026-01-09 14:00:00,23.5,55,372.0,1.76,0.0,9
2026-01-09 15:00:00,22.7,57,219.0,1.87,0.0,63
2026-01-09 16:00:00,20.2,70,69.0,1.13,0.0,80
2026-01-09 17:00:00,18.8,80,2.0,1.7,0.0,80
2026-01-09 18:00:00,18.2,82,0.0,1.49,0.0,32
2026-01-09 19:00:00,18.0,82,0.0,1.49,0.0,30
2026-01-09 20:00:00,17.6,84,0.0,1.32,0.0,34
2026-01-09 21:00:00,17.0,85,0.0,1.39,0.0,83
2026-01-09 22:00:00,16.4,87,0.0,1.35,0.0,32
2026-01-09 23:00:00,17.0,85,0.0,2.24,0.0,73
2026-01-10 00:00:00,16.5,88,0.0,1.17,0.0,23
2026-01-10 01:00:00,16.5,87,0.0,0.2,0.0,34
2026-01-10 02:00:00,16.1,89,0.0,0.16,0.0,23
2026-01-10 03:00:00,14.9,93,0.0,0.84,0.0,28
2026-01-10 04:00:00,14.3,95,0.0,0.72,0.0,29
2026-01-10 05:00:00,13.6,100,0.0,0.79,0.0,27
2026-01-10 06:00:00,12.8,100,2.0,0.72,0.0,96
2026-01-10 07:00:00,14.4,97,59.0,1.37,0.0,91
2026-01-10 08:00:00,16.9,81,163.0,0.66,0.0,14
2026-01-10 09:00:00,19.3,72,302.0,0.71,0.0,1
2026-01-10 10:00:00,21.6,63,463.0,1.6,0.0,2
2026-01-10 11:00:00,22.7,53,542.0,2.2,0.0,7
2026-01-10 12:00:00,24.0,48,552.0,2.34,0.0,5
2026-01-10 13:00:00,24.3,47,482.0,2.9,0.0,5
2026-01-10 14:00:00,24.0,47,366.0,2.57,0.0,16
2026-01-10 15:00:00,22.9,53,209.0,2.3,0.0,14
2026-01-10 16:00:00,20.4,61,70.0,1.59,0.0,32
2026-01-10 17:00:00,19.9,66,2.0,0.3,0.0,100
2026-01-10 18:00:00,20.2,67,0.0,0.43,0.0,100
2026-01-10 19:00:00,19.9,71,0.0,0.98,0.0,80
2026-01-10 20:00:00,18.5,79,0.0,1.16,0.0,100
2026-01-10 21:00:00,18.0,81,0.0,0.8,0.0,96
2026-01-10 22:00:00,17.6,82,0.0,0.27,0.0,95
2026-01-10 23:00:00,17.8,88,0.0,1.16,0.0,84
2026-01-11 00:00:00,17.4,91,0.0,0.89,0.0,70
2026-01-11 01:00:00,17.0,93,0.0,1.11,0.0,23
2026-01-11 02:00:00,16.1,95,0.0,1.04,0.0,21
2026-01-11 03:00:00,15.1,97,0.0,1.12,0.0,5
2026-01-11 04:00:00,14.5,100,0.0,0.36,0.0,7
2026-01-11 05:00:00,14.6,98,0.0,0.92,0.0,15
2026-01-11 06:00:00,13.7,98,2.0,0.6,0.0,9
2026-01-11 07:00:00,14.8,98,61.0,1.5,0.0,98
2026-01-11 08:00:00,17.4,84,182.0,0.9,0.0,17
2026-01-11 09:00:00,19.8,72,324.0,1.12,0.0,4
2026-01-11 10:00:00,21.8,62,478.0,1.68,0.0,3
2026-01-11 11:00:00,22.8,55,544.0,1.99,0.0,2
2026-01-11 12:00:00,24.2,50,549.0,1.95,0.0,3
2026-01-11 13:00:00,24.8,48,479.0,2.48,0.0,13
2026-01-11 14:00:00,24.5,48,354.0,2.62,0.0,26
2026-01-11 15:00:00,23.3,54,195.0,2.58,0.0,21
2026-01-11 16:00:00,21.1,61,64.0,1.57,0.0,63
2026-01-11 17:00:00,19.9,68,2.0,1.41,0.0,88
2026-01-11 18:00:00,19.9,70,0.0,1.18,0.0,80
2026-01-11 19:00:00,19.1,77,0.0,0.86,0.0,65
2026-01-11 20:00:00,18.4,83,0.0,0.91,0.0,70
2026-01-11 21:00:00,17.6,88,0.0,1.01,0.0,25
2026-01-11 22:00:00,17.5,87,0.0,0.22,0.0,28
2026-01-11 23:00:00,17.0,90,0.0,1.07,0.0,21
2026-01-12 00:00:00,16.4,92,0.0,0.46,0.0,12
2026-01-12 01:00:00,16.3,93,0.0,0.22,0.0,6
2026-01-12 02:00:00,15.6,97,0.0,0.15,0.0,4
2026-01-12 03:00:00,14.8,100,0.0,0.49,0.0,97
2026-01-12 04:00:00,14.5,100,0.0,0.35,0.0,98
2026-01-12 05:00:00,14.3,100,0.0,1.33,0.0,94
2026-01-12 06:00:00,14.3,100,1.0,1.87,0.0,92
2026-01-12 07:00:00,15.8,94,59.0,1.5,0.0,14
2026-01-12 08:00:00,18.3,81,194.0,1.25,0.0,5
2026-01-12 09:00:00,20.9,70,363.0,1.26,0.0,0
2026-01-12 10:00:00,22.7,63,485.0,1.56,0.0,0
2026-01-12 11:00:00,23.5,59,552.0,2.3,0.0,0
2026-01-12 12:00:00,24.7,53,555.0,2.2,0.0,0
2026-01-12 13:00:00,25.1,50,497.0,2.13,0.0,0
2026-01-12 14:00:00,24.8,49,382.0,2.19,0.0,0
2026-01-12 15:00:00,24.0,54,229.0,1.88,0.0,0
2026-01-12 16:00:00,21.0,67,78.0,1.61,0.0,0
2026-01-12 17:00:00,19.8,75,3.0,1.23,0.0,0
2026-01-12 18:00:00,19.3,77,0.0,0.65,0.0,0
2026-01-12 19:00:00,18.6,80,0.0,0.65,0.0,0
2026-01-12 20:00:00,17.7,85,0.0,0.46,0.0,0
2026-01-12 21:00:00,16.9,89,0.0,0.43,0.0,0
2026-01-12 22:00:00,16.3,91,0.0,0.43,0.0,0
2026-01-12 23:00:00,16.3,94,0.0,1.16,0.0,0
2026-01-13 00:00:00,15.1,97,0.0,0.71,0.0,0
2026-01-13 01:00:00,14.8,97,0.0,0.39,0.0,0
2026-01-13 02:00:00,14.4,100,0.0,0.78,0.0,95
2026-01-13 03:00:00,14.6,100,0.0,0.87,0.0,95
2026-01-13 04:00:00,14.6,100,0.0,1.42,0.0,93
2026-01-13 05:00:00,14.0,100,0.0,2.05,0.0,91
2026-01-13 06:00:00,13.8,96,2.0,1.36,0.0,0
2026-01-13 07:00:00,15.0,93,64.0,1.17,0.0,0
2026-01-13 08:00:00,17.3,81,213.0,1.2,0.0,0
2026-01-13 09:00:00,19.5,72,373.0,1.61,0.0,0
2026-01-13 10:00:00,21.3,65,494.0,1.7,0.0,0
2026-01-13 11:00:00,22.7,60,561.0,1.84,0.0,0
2026-01-13 12:00:00,24.2,53,564.0,2.05,0.0,0
2026-01-13 13:00:00,24.7,51,504.0,2.33,0.0,0
2026-01-13 14:00:00,24.5,50,386.0,2.27,0.0,0
2026-01-13 15:00:00,23.5,54,231.0,2.37,0.0,0
2026-01-13 16:00:00,20.5,65,79.0,1.56,0.0,0
2026-01-13 17:00:00,19.8,68,3.0,0.38,0.0,0
2026-01-13 18:00:00,19.1,70,0.0,0.32,0.0,0
2026-01-13 19:00:00,18.1,80,0.0,0.67,0.0,3
2026-01-13 20:00:00,17.6,83,0.0,0.22,0.0,0
2026-01-13 21:00:00,17.2,85,0.0,0.18,0.0,0
2026-01-13 22:00:00,16.5,88,0.0,0.54,0.0,0
2026-01-13 23:00:00,16.0,92,0.0,1.18,0.0,0
2026-01-14 00:00:00,15.3,93,0.0,0.32,0.0,0
2026-01-14 01:00:00,15.1,94,0.0,0.18,0.0,0
2026-01-14 02:00:00,14.8,95,0.0,0.11,0.0,0
2026-01-14 03:00:00,14.6,96,0.0,0.25,0.0,0
2026-01-14 04:00:00,14.2,97,0.0,0.18,0.0,0
2026-01-14 05:00:00,13.9,100,0.0,1.03,0.0,3
2026-01-14 06:00:00,13.3,100,2.0,0.93,0.0,0
2026-01-14 07:00:00,15.3,97,71.0,1.17,0.0,0
2026-01-14 08:00:00,17.8,81,216.0,0.97,0.0,0
2026-01-14 09:00:00,19.9,72,369.0,1.04,0.0,0
2026-01-14 10:00:00,21.7,65,491.0,1.16,0.0,0
2026-01-14 11:00:00,22.9,60,558.0,1.52,0.0,0
2026-01-14 12:00:00,24.3,52,562.0,1.55,0.0,0
2026-01-14 13:00:00,24.8,48,502.0,1.7,0.0,0
2026-01-14 14:00:00,24.7,45,384.0,2.23,0.0,1
2026-01-14 15:00:00,23.7,49,230.0,2.06,0.0,2
2026-01-14 16:00:00,20.9,60,78.0,1.46,0.0,7
2026-01-14 17:00:00,19.7,66,3.0,0.51,0.0,16
2026-01-14 18:00:00,19.0,73,0.0,0.84,0.0,52
2026-01-14 19:00:00,18.7,78,0.0,0.7,0.0,68
2026-01-14 20:00:00,18.5,80,0.0,0.6,0.0,58
2026-01-14 21:00:00,18.3,82,0.0,1.01,0.0,52
2026-01-14 22:00:00,18.0,83,0.0,1.48,0.0,4
2026-01-14 23:00:00,17.3,87,0.0,2.21,0.0,6
2026-01-15 00:00:00,16.5,91,0.0,1.38,0.0,10
2026-01-15 01:00:00,16.5,91,0.0,0.38,0.0,10
2026-01-15 02:00:00,15.8,94,0.0,0.4,0.0,10
2026-01-15 03:00:00,15.1,98,0.0,0.87,0.0,8
2026-01-15 04:00:00,14.7,98,0.0,0.85,0.0,5
2026-01-15 05:00:00,14.5,100,0.0,0.83,0.0,0
2026-01-15 06:00:00,13.8,100,2.0,0.65,0.0,96
2026-01-15 07:00:00,15.3,99,62.0,1.05,0.0,97
2026-01-15 08:00:00,17.1,88,179.0,0.85,0.0,0
2026-01-15 09:00:00,19.5,75,350.0,1.15,0.0,0
2026-01-15 10:00:00,21.5,65,491.0,1.35,0.0,0
2026-01-15 11:00:00,22.7,60,559.0,1.64,0.0,0
2026-01-15 12:00:00,24.2,51,560.0,1.85,0.0,2
2026-01-15 13:00:00,24.8,45,499.0,2.51,0.0,6
2026-01-15 14:00:00,24.6,46,376.0,2.62,0.0,7
2026-01-15 15:00:00,23.8,52,229.0,1.54,0.0,6
2026-01-15 16:00:00,21.2,65,78.0,1.26,0.0,16
2026-01-15 17:00:00,20.5,64,3.0,0.43,0.0,35
2026-01-15 18:00:00,19.9,68,0.0,0.67,0.0,24
2026-01-15 19:00:00,19.8,76,0.0,1.16,0.0,38
2026-01-15 20:00:00,18.8,84,0.0,0.89,0.0,7
2026-01-15 21:00:00,18.6,84,0.0,0.25,0.0,14
2026-01-15 22:00:00,17.9,85,0.0,0.49,0.0,3
2026-01-15 23:00:00,17.3,90,0.0,0.53,0.0,5
2026-01-16 00:00:00,16.8,91,0.0,0.07,0.0,0
2026-01-16 01:00:00,16.2,93,0.0,0.25,0.0,1
2026-01-16 02:00:00,15.1,97,0.0,1.36,0.0,1
2026-01-16 03:00:00,14.5,99,0.0,0.9,0.0,1
2026-01-16 04:00:00,14.2,100,0.0,0.32,0.0,96
2026-01-16 05:00:00,14.0,100,0.0,1.67,0.0,94
2026-01-16 06:00:00,14.1,100,1.0,0.86,0.0,96
2026-01-16 07:00:00,15.2,95,54.0,0.36,0.0,36
2026-01-16 08:00:00,16.8,87,164.0,0.61,0.0,27
2026-01-16 09:00:00,19.3,74,322.0,0.72,0.0,0
2026-01-16 10:00:00,21.6,64,475.0,1.07,0.0,0
2026-01-16 11:00:00,23.1,60,555.0,1.48,0.0,0
2026-01-16 12:00:00,24.5,53,561.0,1.83,0.0,0
2026-01-16 13:00:00,24.8,49,502.0,2.0,0.0,0
2026-01-16 14:00:00,24.8,46,388.0,1.98,0.0,0
2026-01-16 15:00:00,24.2,49,235.0,1.36,0.0,2
2026-01-16 16:00:00,21.8,62,82.0,0.67,0.0,0
2026-01-16 17:00:00,20.3,71,4.0,0.96,0.0,10
2026-01-16 18:00:00,20.0,72,0.0,0.64,0.0,31
2026-01-16 19:00:00,19.2,78,0.0,0.96,0.0,1
2026-01-16 20:00:00,18.2,84,0.0,0.79,0.0,0
2026-01-16 21:00:00,17.5,88,0.0,0.57,0.0,0
2026-01-16 22:00:00,16.9,91,0.0,0.41,0.0,1
2026-01-16 23:00:00,16.8,94,0.0,0.78,0.0,0
2026-01-17 00:00:00,16.7,94,0.0,0.16,0.0,1
2026-01-17 01:00:00,16.4,95,0.0,0.21,0.0,2
2026-01-17 02:00:00,15.9,97,0.0,0.36,0.0,5
2026-01-17 03:00:00,15.4,97,0.0,0.65,0.0,16
2026-01-17 04:00:00,15.3,97,0.0,0.45,0.0,23
2026-01-17 05:00:00,14.8,100,0.0,0.47,0.0,98
2026-01-17 06:00:00,14.3,100,2.0,0.93,0.0,98
2026-01-17 07:00:00,15.3,96,53.0,1.08,0.0,99
2026-01-17 08:00:00,16.8,91,167.0,1.26,0.0,39
2026-01-17 09:00:00,19.7,76,358.0,1.84,0.0,0
2026-01-17 10:00:00,22.0,63,489.0,2.16,0.0,0
2026-01-17 11:00:00,23.1,57,558.0,2.07,0.0,52
2026-01-17 12:00:00,24.5,52,563.0,1.95,0.0,60
2026-01-17 13:00:00,25.0,50,504.0,2.04,0.0,86
2026-01-17 14:00:00,25.0,49,386.0,2.42,0.0,71
2026-01-17 15:00:00,24.1,52,234.0,2.5,0.0,16
2026-01-17 16:00:00,21.6,62,83.0,1.53,0.0,11
2026-01-17 17:00:00,20.4,67,4.0,0.92,0.0,11
2026-01-17 18:00:00,20.3,67,0.0,0.64,0.0,69
2026-01-17 19:00:00,19.6,74,0.0,0.53,0.0,70
2026-01-17 20:00:00,18.7,80,0.0,0.18,0.0,73
2026-01-17 21:00:00,18.6,84,0.0,0.29,0.0,18
2026-01-17 22:00:00,18.8,86,0.0,0.38,0.0,51
2026-01-17 23:00:00,18.6,89,0.0,0.25,0.0,38
2026-01-18 00:00:00,18.1,91,0.0,0.25,0.0,29
2026-01-18 01:00:00,18.1,91,0.0,0.43,0.0,10
2026-01-18 02:00:00,18.0,90,0.0,0.05,0.0,46
2026-01-18 03:00:00,17.2,92,0.0,0.25,0.0,1
2026-01-18 04:00:00,16.4,96,0.0,0.14,0.0,1
2026-01-18 05:00:00,16.1,97,0.0,0.81,0.0,5
2026-01-18 06:00:00,15.3,100,2.0,0.45,0.0,97
2026-01-18 07:00:00,16.4,98,57.0,1.51,0.0,87
2026-01-18 08:00:00,17.9,88,174.0,1.43,0.0,6
2026-01-18 09:00:00,20.4,72,361.0,1.78,0.0,2
2026-01-18 10:00:00,22.3,62,483.0,1.7,0.0,1
2026-01-18 11:00:00,23.5,57,554.0,1.6,0.0,0
2026-01-18 12:00:00,24.7,52,562.0,1.86,0.0,0
2026-01-18 13:00:00,24.9,49,504.0,2.29,0.0,0
2026-01-18 14:00:00,24.8,49,390.0,2.24,0.0,1
2026-01-18 15:00:00,24.4,50,238.0,1.42,0.0,0
2026-01-18 16:00:00,22.2,63,85.0,0.65,0.0,4
2026-01-18 17:00:00,21.0,69,4.0,0.18,0.0,17
2026-01-18 18:00:00,20.2,70,0.0,0.35,0.0,38
2026-01-18 19:00:00,20.0,75,0.0,0.62,0.0,77
2026-01-18 20:00:00,19.1,80,0.0,0.6,0.0,40
2026-01-18 21:00:00,18.7,84,0.0,0.63,0.0,44
2026-01-18 22:00:00,18.4,85,0.0,0.72,0.0,98
2026-01-18 23:00:00,18.3,90,0.0,1.71,0.0,57
2026-01-19 00:00:00,18.2,90,0.0,0.95,0.0,88
2026-01-19 01:00:00,17.8,91,0.0,1.0,0.0,74
2026-01-19 02:00:00,17.3,91,0.0,0.39,0.0,19
2026-01-19 03:00:00,16.7,94,0.0,0.51,0.0,10
2026-01-19 04:00:00,16.0,97,0.0,0.29,0.0,19
2026-01-19 05:00:00,15.4,100,0.0,0.42,0.0,97
2026-01-19 06:00:00,15.0,100,2.0,0.81,0.0,95
2026-01-19 07:00:00,16.6,99,55.0,0.9,0.0,98
2026-01-19 08:00:00,18.6,86,165.0,0.72,0.0,47
2026-01-19 09:00:00,21.0,74,321.0,1.07,0.0,10
2026-01-19 10:00:00,23.0,64,475.0,1.14,0.0,3
2026-01-19 11:00:00,23.9,57,552.0,1.27,0.0,1
2026-01-19 12:00:00,25.1,50,560.0,1.46,0.0,9
2026-01-19 13:00:00,25.3,47,499.0,2.1,0.0,1
2026-01-19 14:00:00,25.3,46,389.0,1.9,0.0,3
2026-01-19 15:00:00,24.7,49,230.0,1.81,0.0,10
2026-01-19 16:00:00,22.9,62,81.0,0.49,0.0,9
2026-01-19 17:00:00,20.8,70,5.0,0.59,0.0,21
2026-01-19 18:00:00,20.2,75,0.0,0.39,0.0,36
2026-01-19 19:00:00,19.7,78,0.0,0.76,0.0,37
2026-01-19 20:00:00,19.0,82,0.0,1.81,0.0,29
2026-01-19 21:00:00,19.1,80,0.0,2.39,0.0,3
2026-01-19 22:00:00,18.1,86,0.0,1.74,0.0,9
2026-01-19 23:00:00,18.0,88,0.0,1.48,0.0,23
2026-01-20 00:00:00,17.4,91,0.0,0.91,0.0,17
2026-01-20 01:00:00,16.8,94,0.0,0.6,0.0,13
2026-01-20 02:00:00,16.0,98,0.0,1.14,0.0,32
2026-01-20 03:00:00,16.5,96,0.0,2.02,0.2,55
2026-01-20 04:00:00,16.3,96,0.0,2.25,0.0,41
2026-01-20 05:00:00,16.4,94,0.0,0.18,0.0,74
2026-01-20 06:00:00,16.3,94,1.0,1.01,0.2,60
2026-01-20 07:00:00,17.0,92,54.0,0.81,0.0,76
2026-01-20 08:00:00,18.7,86,174.0,0.85,0.0,31
2026-01-20 09:00:00,20.6,74,307.0,0.34,0.0,32
2026-01-20 10:00:00,22.1,67,434.0,0.73,0.0,25
2026-01-20 11:00:00,23.0,61,521.0,0.81,0.0,0
2026-01-20 12:00:00,24.3,55,562.0,0.73,0.0,5
2026-01-20 13:00:00,24.8,52,498.0,1.36,0.0,8
2026-01-20 14:00:00,24.9,50,383.0,1.48,0.0,4
2026-01-20 15:00:00,24.2,52,233.0,1.57,0.0,10
2026-01-20 16:00:00,22.1,67,86.0,0.76,0.0,8
2026-01-20 17:00:00,21.2,70,5.0,0.11,0.0,13
2026-01-20 18:00:00,19.9,78,0.0,1.13,0.0,23
2026-01-20 19:00:00,19.6,81,0.0,0.65,0.0,52
2026-01-20 20:00:00,19.1,84,0.0,0.78,0.0,39
2026-01-20 21:00:00,18.4,87,0.0,1.05,0.0,27
2026-01-20 22:00:00,18.1,88,0.0,1.19,0.0,32
2026-01-20 23:00:00,17.7,92,0.0,2.02,0.0,20
2026-01-21 00:00:00,16.6,93,0.0,1.32,0.0,16
2026-01-21 01:00:00,16.5,93,0.0,0.29,0.0,16
2026-01-21 02:00:00,16.1,97,0.0,0.18,0.0,16
2026-01-21 03:00:00,15.8,96,0.0,0.4,0.0,18
2026-01-21 04:00:00,15.2,97,0.0,0.61,0.0,15
2026-01-21 05:00:00,15.2,100,0.0,1.09,0.0,98
2026-01-21 06:00:00,14.6,100,2.0,0.85,0.0,97
2026-01-21 07:00:00,16.0,99,60.0,0.61,0.0,98
2026-01-21 08:00:00,18.0,92,155.0,0.46,0.0,60
2026-01-21 09:00:00,20.7,74,319.0,0.61,0.0,28
2026-01-21 10:00:00,22.9,62,476.0,0.9,0.0,5
2026-01-21 11:00:00,23.7,58,556.0,1.47,0.1,12
2026-01-21 12:00:00,24.6,52,539.0,1.66,0.0,8
2026-01-21 13:00:00,24.9,50,494.0,1.93,0.0,9
2026-01-21 14:00:00,24.7,48,377.0,2.06,0.0,7
2026-01-21 15:00:00,24.3,49,237.0,1.41,0.0,5
2026-01-21 16:00:00,22.5,61,89.0,0.25,0.0,3
2026-01-21 17:00:00,21.1,68,5.0,0.21,0.0,7
2026-01-21 18:00:00,20.2,71,0.0,0.28,0.0,6
2026-01-21 19:00:00,19.1,80,0.0,0.89,0.0,13
2026-01-21 20:00:00,18.4,88,0.0,0.55,0.0,23
2026-01-21 21:00:00,17.6,91,0.0,1.0,0.0,27
2026-01-21 22:00:00,17.5,90,0.0,1.43,0.0,31
2026-01-21 23:00:00,17.8,88,0.0,1.8,0.0,8
2026-01-22 00:00:00,16.6,91,0.0,1.39,0.0,10
2026-01-22 01:00:00,16.5,90,0.0,0.82,0.0,13
2026-01-22 02:00:00,16.3,93,0.0,0.18,0.0,20
2026-01-22 03:00:00,15.8,94,0.0,0.18,0.0,20
2026-01-22 04:00:00,15.2,97,0.0,0.54,0.0,5
2026-01-22 05:00:00,15.1,100,0.0,0.96,0.0,2
2026-01-22 06:00:00,14.9,100,2.0,0.11,0.0,3
2026-01-22 07:00:00,16.5,97,69.0,1.21,0.0,10
2026-01-22 08:00:00,18.9,82,213.0,0.63,0.0,0
2026-01-22 09:00:00,21.3,66,367.0,0.51,0.0,1
2026-01-22 10:00:00,23.1,59,490.0,0.84,0.0,0
2026-01-22 11:00:00,23.9,57,560.0,1.35,0.0,0
2026-01-22 12:00:00,25.2,51,569.0,1.64,0.0,1
2026-01-22 13:00:00,25.4,48,500.0,1.78,0.0,0
2026-01-22 14:00:00,25.4,48,396.0,1.88,0.0,1
2026-01-22 15:00:00,24.9,50,247.0,2.13,0.0,0
2026-01-22 16:00:00,22.7,64,93.0,0.85,0.0,4
2026-01-22 17:00:00,21.0,69,6.0,0.91,0.0,12
2026-01-22 18:00:00,20.7,70,0.0,0.4,0.0,3
2026-01-22 19:00:00,20.2,71,0.0,0.16,0.0,0
2026-01-22 20:00:00,19.0,79,0.0,0.6,0.0,0
2026-01-22 21:00:00,17.9,88,0.0,1.0,0.0,0
2026-01-22 22:00:00,17.5,89,0.0,0.45,0.0,0
2026-01-22 23:00:00,16.9,96,0.0,1.12,0.0,0
2026-01-23 00:00:00,16.0,98,0.0,0.97,0.0,0
2026-01-23 01:00:00,15.6,100,0.0,0.11,0.0,98
2026-01-23 02:00:00,15.4,100,0.0,0.14,0.0,88
2026-01-23 03:00:00,15.0,100,0.0,0.64,0.0,93
2026-01-23 04:00:00,14.9,100,0.0,0.79,0.0,93
2026-01-23 05:00:00,15.1,99,0.0,0.57,0.0,0
2026-01-23 06:00:00,14.5,100,2.0,1.03,0.0,5
2026-01-23 07:00:00,16.2,96,68.0,1.82,0.0,0
2026-01-23 08:00:00,18.5,79,210.0,1.48,0.0,0
2026-01-23 09:00:00,20.7,70,377.0,1.66,0.0,0
2026-01-23 10:00:00,22.6,62,502.0,1.84,0.0,0
2026-01-23 11:00:00,23.9,57,574.0,2.34,0.0,0
2026-01-23 12:00:00,25.5,50,583.0,2.97,0.0,0
2026-01-23 13:00:00,25.9,47,527.0,3.18,0.0,0
2026-01-23 14:00:00,25.8,47,414.0,2.8,0.0,0
2026-01-23 15:00:00,25.2,51,256.0,1.82,0.0,0
2026-01-23 16:00:00,22.9,64,96.0,0.32,0.0,1
2026-01-23 17:00:00,21.2,68,6.0,0.53,0.0,1
2026-01-23 18:00:00,20.5,70,0.0,0.62,0.0,0
2026-01-23 19:00:00,19.9,75,0.0,0.6,0.0,0
2026-01-23 20:00:00,19.3,78,0.0,0.28,0.0,0
2026-01-23 21:00:00,18.3,82,0.0,0.39,0.0,0
2026-01-23 22:00:00,17.1,89,0.0,1.06,0.0,0
2026-01-23 23:00:00,17.1,93,0.0,0.36,0.0,0
2026-01-24 00:00:00,15.8,97,0.0,1.12,0.0,1
2026-01-24 01:00:00,15.1,99,0.0,1.1,0.0,0
2026-01-24 02:00:00,14.6,100,0.0,0.43,0.0,95
2026-01-24 03:00:00,14.9,100,0.0,0.14,0.0,98
2026-01-24 04:00:00,14.8,100,0.0,0.22,0.0,95
2026-01-24 05:00:00,14.8,100,0.0,1.27,0.0,65
2026-01-24 06:00:00,14.4,100,2.0,0.18,0.0,97
2026-01-24 07:00:00,15.5,99,61.0,0.1,0.0,99
2026-01-24 08:00:00,17.2,90,175.0,0.27,0.0,50
2026-01-24 09:00:00,19.0,78,316.0,0.29,0.0,28
2026-01-24 10:00:00,21.4,66,497.0,0.56,0.0,4
2026-01-24 11:00:00,22.8,61,583.0,0.85,0.0,0
2026-01-24 12:00:00,24.4,56,593.0,1.25,0.0,0
2026-01-24 13:00:00,25.1,54,534.0,1.36,0.0,0
2026-01-24 14:00:00,25.3,53,416.0,1.6,0.0,0
2026-01-24 15:00:00,24.7,55,256.0,1.81,0.0,2
2026-01-24 16:00:00,22.3,69,97.0,0.83,0.0,0
2026-01-24 17:00:00,20.5,77,7.0,0.82,0.0,4
2026-01-24 18:00:00,19.4,80,0.0,1.31,0.0,1
2026-01-24 19:00:00,18.7,81,0.0,1.67,0.0,2
2026-01-24 20:00:00,18.4,80,0.0,1.97,0.0,0
2026-01-24 21:00:00,17.7,84,0.0,1.79,0.0,2
2026-01-24 22:00:00,17.5,84,0.0,1.25,0.0,5
2026-01-24 23:00:00,17.5,89,0.0,1.56,0.0,2
2026-01-25 00:00:00,17.1,88,0.0,0.65,0.0,12
2026-01-25 01:00:00,16.8,90,0.0,0.51,0.0,27
2026-01-25 02:00:00,16.4,93,0.0,0.43,0.0,91
2026-01-25 03:00:00,15.8,94,0.0,0.51,0.0,93
2026-01-25 04:00:00,15.0,97,0.0,0.32,0.0,88
2026-01-25 05:00:00,15.6,98,0.0,0.2,0.0,96
2026-01-25 06:00:00,14.9,100,2.0,0.78,0.0,100
2026-01-25 07:00:00,16.3,92,58.0,1.25,0.0,31
2026-01-25 08:00:00,18.7,75,189.0,0.41,0.0,25
2026-01-25 09:00:00,21.2,62,357.0,0.46,0.0,21
2026-01-25 10:00:00,22.8,59,486.0,1.04,0.0,99
2026-01-25 11:00:00,23.1,60,533.0,1.08,0.0,84
2026-01-25 12:00:00,24.3,54,482.0,1.11,0.0,51
2026-01-25 13:00:00,24.9,50,485.0,1.53,0.0,50
2026-01-25 14:00:00,24.9,50,403.0,2.26,0.0,8
2026-01-25 15:00:00,24.2,53,254.0,2.76,0.0,0
2026-01-25 16:00:00,21.9,65,98.0,1.42,0.0,2
2026-01-25 17:00:00,20.9,71,7.0,0.74,0.0,4
2026-01-25 18:00:00,20.5,72,0.0,0.28,0.0,18
2026-01-25 19:00:00,19.9,75,0.0,0.62,0.0,5
2026-01-25 20:00:00,19.0,80,0.0,0.35,0.0,4
2026-01-25 21:00:00,18.0,85,0.0,0.7,0.0,3
2026-01-25 22:00:00,17.2,88,0.0,1.38,0.0,3
2026-01-25 23:00:00,17.2,88,0.0,1.61,0.0,2
2026-01-26 00:00:00,16.5,89,0.0,0.95,0.0,2
2026-01-26 01:00:00,16.3,90,0.0,0.73,0.0,1
2026-01-26 02:00:00,15.6,93,0.0,1.03,0.0,0
2026-01-26 03:00:00,15.2,94,0.0,1.03,0.0,0
2026-01-26 04:00:00,15.5,89,0.0,0.28,0.0,1
2026-01-26 05:00:00,15.1,100,0.0,0.61,0.0,0
2026-01-26 06:00:00,14.9,99,2.0,0.36,0.0,0
2026-01-26 07:00:00,16.6,91,70.0,1.56,0.0,1
2026-01-26 08:00:00,19.4,74,223.0,1.28,0.0,0
2026-01-26 09:00:00,22.0,61,383.0,0.61,0.0,2
2026-01-26 10:00:00,23.4,56,508.0,0.65,0.0,0
2026-01-26 11:00:00,23.6,54,581.0,0.5,0.0,8
2026-01-26 12:00:00,24.7,49,584.0,0.72,0.0,4
2026-01-26 13:00:00,25.1,45,525.0,1.41,0.0,3
2026-01-26 14:00:00,25.2,44,415.0,1.6,0.0,2
2026-01-26 15:00:00,24.5,48,257.0,1.71,0.0,2
2026-01-26 16:00:00,22.2,64,99.0,1.32,0.0,2
2026-01-26 17:00:00,21.3,67,8.0,0.6,0.0,17
2026-01-26 18:00:00,21.0,69,0.0,0.05,0.0,12
2026-01-26 19:00:00,20.0,73,0.0,0.29,0.0,5
2026-01-26 20:00:00,19.3,79,0.0,0.25,0.0,0
2026-01-26 21:00:00,18.6,82,0.0,0.1,0.0,1
2026-01-26 22:00:00,17.3,88,0.0,0.75,0.0,1
2026-01-26 23:00:00,17.0,94,0.0,1.0,0.0,0
2026-01-27 00:00:00,16.1,96,0.0,0.35,0.0,0
2026-01-27 01:00:00,16.5,94,0.0,0.07,0.0,0
2026-01-27 02:00:00,16.3,96,0.0,0.07,0.0,0
2026-01-27 03:00:00,15.8,99,0.0,0.11,0.0,0
2026-01-27 04:00:00,15.4,98,0.0,0.3,0.0,0
2026-01-27 05:00:00,15.1,100,0.0,2.07,0.0,91
2026-01-27 06:00:00,14.7,100,2.0,1.43,0.0,93
2026-01-27 07:00:00,16.0,98,67.0,1.25,0.0,95
2026-01-27 08:00:00,18.6,82,200.0,1.04,0.0,4
2026-01-27 09:00:00,21.1,68,382.0,1.42,0.0,0
2026-01-27 10:00:00,22.9,59,511.0,1.7,0.0,0
2026-01-27 11:00:00,24.1,55,584.0,2.23,0.0,0
2026-01-27 12:00:00,25.5,48,593.0,2.3,0.0,0
2026-01-27 13:00:00,26.1,45,536.0,2.21,0.0,0
2026-01-27 14:00:00,26.0,45,420.0,2.42,0.0,0
2026-01-27 15:00:00,25.2,49,262.0,2.36,0.0,0
2026-01-27 16:00:00,22.8,59,102.0,1.62,0.0,1
2026-01-27 17:00:00,21.2,65,8.0,0.85,0.0,2
2026-01-27 18:00:00,20.8,69,0.0,1.06,0.0,2
2026-01-27 19:00:00,19.7,77,0.0,0.72,0.0,2
2026-01-27 20:00:00,18.4,86,0.0,0.68,0.0,5
2026-01-27 21:00:00,17.5,92,0.0,0.57,0.0,5
2026-01-27 22:00:00,17.3,93,0.0,0.21,0.0,5
2026-01-27 23:00:00,17.5,92,0.0,0.51,0.0,0
2026-01-28 00:00:00,16.6,94,0.0,0.6,0.0,0
2026-01-28 01:00:00,16.1,96,0.0,0.81,0.0,0
2026-01-28 02:00:00,15.4,99,0.0,0.87,0.0,0
2026-01-28 03:00:00,15.2,100,0.0,1.23,0.0,0
2026-01-28 04:00:00,14.9,99,0.0,1.22,0.0,0
2026-01-28 05:00:00,15.1,100,0.0,1.75,0.0,95
2026-01-28 06:00:00,15.2,99,2.0,1.55,0.0,19
2026-01-28 07:00:00,16.5,94,67.0,1.86,0.0,2
2026-01-28 08:00:00,18.6,81,223.0,1.78,0.0,1
2026-01-28 09:00:00,20.8,70,383.0,1.59,0.0,1
2026-01-28 10:00:00,22.9,61,509.0,1.52,0.0,0
2026-01-28 11:00:00,24.1,55,581.0,1.66,0.0,0
2026-01-28 12:00:00,25.6,49,588.0,1.49,0.0,0
2026-01-28 13:00:00,26.2,46,530.0,1.55,0.0,8
2026-01-28 14:00:00,26.1,46,416.0,1.84,0.0,31
2026-01-28 15:00:00,25.3,48,259.0,2.3,0.0,91
2026-01-28 16:00:00,22.8,63,103.0,1.34,0.0,42
2026-01-28 17:00:00,21.2,67,9.0,0.32,0.0,12
2026-01-28 18:00:00,20.2,73,0.0,1.13,0.0,2
2026-01-28 19:00:00,19.3,79,0.0,1.54,0.0,1
2026-01-28 20:00:00,18.7,82,0.0,1.72,0.0,1
2026-01-28 21:00:00,18.2,84,0.0,1.33,0.0,0
2026-01-28 22:00:00,17.8,84,0.0,1.37,0.0,0
2026-01-28 23:00:00,17.7,86,0.0,1.45,0.0,2
2026-01-29 00:00:00,17.4,87,0.0,0.74,0.0,9
2026-01-29 01:00:00,17.4,87,0.0,0.45,0.0,10
2026-01-29 02:00:00,17.0,91,0.0,0.51,0.0,10
2026-01-29 03:00:00,16.6,93,0.0,0.54,0.0,21
2026-01-29 04:00:00,16.4,93,0.0,0.51,0.0,6
2026-01-29 05:00:00,16.4,91,0.0,0.8,0.0,1
2026-01-29 06:00:00,15.5,95,3.0,1.03,0.0,0
2026-01-29 07:00:00,17.2,90,75.0,1.08,0.0,1
2026-01-29 08:00:00,19.9,74,224.0,0.97,0.0,0
2026-01-29 09:00:00,22.5,61,384.0,0.46,0.0,0
2026-01-29 10:00:00,24.1,56,510.0,1.12,0.0,0
2026-01-29 11:00:00,24.5,57,580.0,1.67,0.0,10
2026-01-29 12:00:00,25.5,53,585.0,1.78,0.0,16
2026-01-29 13:00:00,26.0,50,528.0,1.85,0.0,10
2026-01-29 14:00:00,25.9,50,393.0,2.35,0.0,10
2026-01-29 15:00:00,25.3,51,252.0,2.16,0.0,9
2026-01-29 16:00:00,23.2,64,101.0,1.27,0.0,5
2026-01-29 17:00:00,21.3,71,9.0,1.1,0.0,5
2026-01-29 18:00:00,20.7,73,0.0,0.6,0.0,2
2026-01-29 19:00:00,20.4,75,0.0,0.45,0.0,30
2026-01-29 20:00:00,19.8,78,0.0,2.25,0.0,67
2026-01-29 21:00:00,19.3,80,0.0,1.31,0.0,21
2026-01-29 22:00:00,17.9,90,0.0,0.7,0.0,48
2026-01-29 23:00:00,17.7,91,0.0,1.57,0.2,38
2026-01-30 00:00:00,18.0,89,0.0,1.98,0.1,30
2026-01-30 01:00:00,17.9,88,0.0,2.06,0.0,13
2026-01-30 02:00:00,16.9,91,0.0,1.7,0.0,1
2026-01-30 03:00:00,16.7,92,0.0,2.11,0.0,0
2026-01-30 04:00:00,16.3,91,0.0,2.21,0.0,0
2026-01-30 05:00:00,16.7,89,0.0,2.37,0.0,2
2026-01-30 06:00:00,15.8,92,3.0,1.42,0.0,2
2026-01-30 07:00:00,17.9,86,78.0,1.3,0.0,1
2026-01-30 08:00:00,19.2,80,229.0,1.85,0.0,1
2026-01-30 09:00:00,20.4,73,381.0,1.0,0.0,3
2026-01-30 10:00:00,22.2,64,507.0,1.41,0.0,21
2026-01-30 11:00:00,22.9,60,564.0,1.95,0.0,15
2026-01-30 12:00:00,24.1,53,589.0,1.59,0.0,11
2026-01-30 13:00:00,24.4,51,532.0,1.74,0.0,2
2026-01-30 14:00:00,24.3,50,423.0,2.02,0.0,5
2026-01-30 15:00:00,23.7,53,255.0,2.3,0.0,8
2026-01-30 16:00:00,22.0,64,104.0,1.97,0.0,8
2026-01-30 17:00:00,20.8,70,9.0,0.54,0.0,23
2026-01-30 18:00:00,20.7,68,0.0,0.27,0.0,21
2026-01-30 19:00:00,20.2,71,0.0,0.11,0.0,37
2026-01-30 20:00:00,19.7,72,0.0,0.35,0.0,63
2026-01-30 21:00:00,19.6,76,0.0,0.46,0.0,71
2026-01-30 22:00:00,18.5,83,0.0,0.5,0.0,25
2026-01-30 23:00:00,18.6,84,0.0,0.45,0.0,48
2026-01-31 00:00:00,17.2,91,0.0,0.97,0.0,9
2026-01-31 01:00:00,16.8,94,0.0,0.61,0.0,2
2026-01-31 02:00:00,16.4,97,0.0,0.46,0.0,0
2026-01-31 03:00:00,15.8,100,0.0,0.86,0.0,0
2026-01-31 04:00:00,15.3,100,0.0,1.2,0.0,100
2026-01-31 05:00:00,15.7,100,0.0,0.21,0.0,99
2026-01-31 06:00:00,15.6,100,2.0,1.4,0.0,99
2026-01-31 07:00:00,16.3,96,45.0,1.65,0.0,99
2026-01-31 08:00:00,17.8,86,148.0,1.45,0.0,33
2026-01-31 09:00:00,19.8,77,345.0,1.22,0.0,63
2026-01-31 10:00:00,21.8,69,492.0,1.22,0.0,99
2026-01-31 11:00:00,23.0,64,559.0,1.84,0.0,100
2026-01-31 12:00:00,24.6,56,559.0,2.28,0.0,100
2026-01-31 13:00:00,25.3,52,501.0,2.66,0.0,100
2026-01-31 14:00:00,25.4,49,401.0,2.7,0.0,100
2026-01-31 15:00:00,24.9,51,262.0,2.34,0.0,100
2026-01-31 16:00:00,22.8,64,108.0,1.23,0.0,63
2026-01-31 17:00:00,21.4,68,10.0,0.76,0.0,90
2026-01-31 18:00:00,21.5,70,0.0,0.18,0.0,66
2026-01-31 19:00:00,20.7,73,0.0,0.28,0.0,94
2026-01-31 20:00:00,19.9,79,0.0,0.92,0.0,99
2026-01-31 21:00:00,19.2,85,0.0,1.05,0.0,100
2026-01-31 22:00:00,19.0,86,0.0,0.6,0.0,94
2026-01-31 23:00:00,18.5,92,0.0,1.08,0.0,100
2026-02-01 00:00:00,17.4,94,0.0,0.66,0.0,100
2026-02-01 01:00:00,17.1,95,0.0,0.21,0.0,99
2026-02-01 02:00:00,16.9,96,0.0,0.21,0.0,100
2026-02-01 03:00:00,16.6,97,0.0,0.2,0.0,100
2026-02-01 04:00:00,16.4,97,0.0,0.15,0.0,100
2026-02-01 05:00:00,16.1,100,0.0,1.01,0.0,100
2026-02-01 06:00:00,15.8,99,3.0,1.1,0.0,100
2026-02-01 07:00:00,16.8,93,59.0,1.06,0.0,100
2026-02-01 08:00:00,19.0,81,176.0,0.56,0.0,100
2026-02-01 09:00:00,21.4,68,328.0,0.61,0.0,99
2026-02-01 10:00:00,23.4,59,485.0,1.45,0.0,60
2026-02-01 11:00:00,23.9,57,569.0,1.9,0.0,42
2026-02-01 12:00:00,25.3,52,593.0,2.15,0.0,92
2026-02-01 13:00:00,25.7,50,524.0,2.4,0.0,100
2026-02-01 14:00:00,25.6,51,392.0,1.95,0.0,100
2026-02-01 15:00:00,25.1,52,243.0,1.55,0.0,100
2026-02-01 16:00:00,23.1,63,104.0,1.25,0.0,100
2026-02-01 17:00:00,21.7,68,11.0,0.74,0.0,100
2026-02-01 18:00:00,20.7,74,0.0,0.76,0.0,100
2026-02-01 19:00:00,20.2,77,0.0,0.36,0.0,100
2026-02-01 20:00:00,19.6,80,0.0,0.35,0.0,100
2026-02-01 21:00:00,18.9,86,0.0,1.34,0.0,100
2026-02-01 22:00:00,18.5,86,0.0,1.35,0.0,93
2026-02-01 23:00:00,18.3,90,0.0,2.05,0.0,96
2026-02-02 00:00:00,17.2,94,0.0,1.5,0.0,61
2026-02-02 01:00:00,17.2,92,0.0,0.69,0.0,100
2026-02-02 02:00:00,17.0,93,0.0,0.3,0.0,100
2026-02-02 03:00:00,16.8,94,0.0,0.18,0.0,100
2026-02-02 04:00:00,16.6,93,0.0,0.21,0.0,100
2026-02-02 05:00:00,16.7,95,0.0,1.39,0.0,100
2026-02-02 06:00:00,16.2,94,3.0,0.38,0.0,97
2026-02-02 07:00:00,17.8,93,78.0,0.75,0.0,100
2026-02-02 08:00:00,20.2,77,220.0,0.72,0.0,100
2026-02-02 09:00:00,22.2,67,369.0,0.87,0.0,98
2026-02-02 10:00:00,23.9,61,501.0,1.11,0.0,98
2026-02-02 11:00:00,24.7,58,585.0,1.27,0.0,100
2026-02-02 12:00:00,26.0,51,573.0,1.61,0.0,100
2026-02-02 13:00:00,26.4,47,504.0,1.99,0.0,100
2026-02-02 14:00:00,26.3,45,401.0,2.05,0.0,84
2026-02-02 15:00:00,25.8,46,273.0,2.02,0.0,71
2026-02-02 16:00:00,23.5,59,113.0,1.45,0.0,96
2026-02-02 17:00:00,22.1,62,11.0,0.55,0.0,100
2026-02-02 18:00:00,21.6,65,0.0,0.11,0.0,98
2026-02-02 19:00:00,21.0,65,0.0,0.07,0.0,100
2026-02-02 20:00:00,20.1,71,0.0,0.36,0.0,100
2026-02-02 21:00:00,19.1,80,0.0,0.5,0.0,97
2026-02-02 22:00:00,18.7,82,0.0,0.58,0.0,100
2026-02-02 23:00:00,17.9,91,0.0,1.23,0.0,99
2026-02-03 00:00:00,17.1,93,0.0,0.25,0.0,100
2026-02-03 01:00:00,16.8,95,0.0,0.29,0.0,99
2026-02-03 02:00:00,16.4,97,0.0,0.43,0.0,99
2026-02-03 03:00:00,16.0,98,0.0,0.27,0.0,98
2026-02-03 04:00:00,15.9,100,0.0,0.2,0.0,94
2026-02-03 05:00:00,15.7,100,0.0,0.65,0.0,100
2026-02-03 06:00:00,15.7,100,3.0,1.66,0.0,100
2026-02-03 07:00:00,17.3,91,68.0,1.93,0.0,100
2026-02-03 08:00:00,19.9,75,214.0,1.4,0.0,100
2026-02-03 09:00:00,22.4,65,392.0,1.92,0.0,94
2026-02-03 10:00:00,24.3,59,522.0,2.35,0.0,93
2026-02-03 11:00:00,25.5,53,598.0,2.44,0.0,94
2026-02-03 12:00:00,27.0,45,609.0,2.83,0.0,94
2026-02-03 13:00:00,27.4,41,557.0,3.34,0.0,60
2026-02-03 14:00:00,27.3,40,442.0,2.8,0.0,0
2026-02-03 15:00:00,26.5,44,281.0,2.3,0.0,0
2026-02-03 16:00:00,24.0,56,116.0,1.7,0.0,2
2026-02-03 17:00:00,21.7,67,12.0,1.15,0.0,1
2026-02-03 18:00:00,20.9,70,0.0,0.63,0.0,0
2026-02-03 19:00:00,19.1,83,0.0,1.17,0.0,0
2026-02-03 20:00:00,17.9,89,0.0,1.19,0.0,0
2026-02-03 21:00:00,17.5,88,0.0,1.48,0.0,0
2026-02-03 22:00:00,17.6,85,0.0,1.22,0.0,0
2026-02-03 23:00:00,18.0,85,0.0,1.84,0.0,0
2026-02-04 00:00:00,17.3,84,0.0,1.34,0.0,0
2026-02-04 01:00:00,17.7,81,0.0,0.43,0.0,0
2026-02-04 02:00:00,17.4,83,0.0,0.16,0.0,0
2026-02-04 03:00:00,16.9,86,0.0,0.0,0.0,0
2026-02-04 04:00:00,16.5,89,0.0,0.11,0.0,0
2026-02-04 05:00:00,15.9,95,0.0,1.74,0.0,0
2026-02-04 06:00:00,15.1,95,4.0,1.32,0.0,0
2026-02-04 07:00:00,17.0,91,84.0,1.14,0.0,0
2026-02-04 08:00:00,19.5,78,242.0,0.81,0.0,0
2026-02-04 09:00:00,21.9,65,406.0,0.45,0.0,0
2026-02-04 10:00:00,24.0,56,535.0,0.49,0.0,0
2026-02-04 11:00:00,25.0,52,610.0,0.59,0.0,0
2026-02-04 12:00:00,26.7,44,620.0,0.81,0.0,0
2026-02-04 13:00:00,27.5,40,563.0,1.19,0.0,0
2026-02-04 14:00:00,27.4,41,445.0,1.56,0.0,0
2026-02-04 15:00:00,26.3,44,286.0,2.47,0.0,4
2026-02-04 16:00:00,23.7,60,119.0,1.24,0.0,1
2026-02-04 17:00:00,22.2,64,13.0,0.43,0.0,5
2026-02-04 18:00:00,21.2,68,0.0,0.76,0.0,3
2026-02-04 19:00:00,19.8,78,0.0,1.51,0.0,12
2026-02-04 20:00:00,19.4,79,0.0,1.81,0.0,13
2026-02-04 21:00:00,19.3,78,0.0,2.02,0.0,6
2026-02-04 22:00:00,19.2,79,0.0,2.09,0.0,16
2026-02-04 23:00:00,19.6,78,0.0,2.52,0.0,20
2026-02-05 00:00:00,18.9,79,0.0,2.27,0.0,20
2026-02-05 01:00:00,18.7,78,0.0,2.02,0.0,26
2026-02-05 02:00:00,18.4,78,0.0,2.2,0.0,15
2026-02-05 03:00:00,17.8,80,0.0,2.04,0.0,5
2026-02-05 04:00:00,16.9,83,0.0,1.74,0.0,2
2026-02-05 05:00:00,17.2,86,0.0,2.09,0.0,0
2026-02-05 06:00:00,16.4,91,4.0,1.19,0.0,0
2026-02-05 07:00:00,18.3,84,85.0,1.54,0.0,0
2026-02-05 08:00:00,19.7,77,241.0,1.65,0.0,0
2026-02-05 09:00:00,21.4,70,405.0,2.45,0.0,0
2026-02-05 10:00:00,22.7,64,535.0,2.38,0.0,0
2026-02-05 11:00:00,23.5,59,611.0,2.13,0.0,0
2026-02-05 12:00:00,24.9,50,626.0,2.15,0.0,0
2026-02-05 13:00:00,25.8,41,573.0,2.31,0.0,0
2026-02-05 14:00:00,26.0,38,458.0,2.52,0.0,0
2026-02-05 15:00:00,25.5,40,297.0,2.24,0.0,0
2026-02-05 16:00:00,23.3,57,125.0,1.09,0.0,0
2026-02-05 17:00:00,20.8,65,14.0,1.75,0.0,0
2026-02-05 18:00:00,19.7,70,0.0,1.71,0.0,0
2026-02-05 19:00:00,19.5,68,0.0,2.15,0.0,0
2026-02-05 20:00:00,18.3,74,0.0,1.64,0.0,4
2026-02-05 21:00:00,18.0,77,0.0,0.76,0.0,2
2026-02-05 22:00:00,17.4,83,0.0,0.63,0.0,0
2026-02-05 23:00:00,17.2,88,0.0,1.31,0.0,4
2026-02-06 00:00:00,16.7,87,0.0,0.34,0.0,7
2026-02-06 01:00:00,16.4,91,0.0,0.21,0.0,1
2026-02-06 02:00:00,16.0,93,0.0,0.38,0.0,8
2026-02-06 03:00:00,16.0,92,0.0,0.36,0.0,23
2026-02-06 04:00:00,15.5,92,0.0,0.85,0.0,2
2026-02-06 05:00:00,15.4,97,0.0,1.04,0.0,0
2026-02-06 06:00:00,15.3,95,4.0,0.36,0.0,0
2026-02-06 07:00:00,17.0,90,83.0,0.67,0.0,1
2026-02-06 08:00:00,19.2,78,237.0,0.79,0.0,0
2026-02-06 09:00:00,21.3,65,404.0,1.12,0.0,0
2026-02-06 10:00:00,22.9,59,534.0,1.28,0.0,0
2026-02-06 11:00:00,23.8,55,608.0,1.41,0.0,0
2026-02-06 12:00:00,25.0,51,620.0,1.97,0.0,0
2026-02-06 13:00:00,25.4,49,564.0,1.8,0.0,0
2026-02-06 14:00:00,25.3,49,447.0,1.68,0.0,0
2026-02-06 15:00:00,25.0,49,284.0,1.63,0.0,5
2026-02-06 16:00:00,23.2,60,122.0,1.2,0.0,1
2026-02-06 17:00:00,21.4,67,14.0,0.87,0.0,2
2026-02-06 18:00:00,20.8,69,0.0,0.67,0.0,8
2026-02-06 19:00:00,19.6,77,0.0,1.27,0.0,20
2026-02-06 20:00:00,18.8,82,0.0,1.53,0.0,16
2026-02-06 21:00:00,18.5,83,0.0,1.9,0.0,15
2026-02-06 22:00:00,17.9,83,0.0,1.99,0.0,13
2026-02-06 23:00:00,18.0,81,0.0,2.15,0.0,6
2026-02-07 00:00:00,16.7,87,0.0,1.4,0.0,9
2026-02-07 01:00:00,17.3,86,0.0,1.37,0.0,10
2026-02-07 02:00:00,16.8,85,0.0,1.08,0.0,14
2026-02-07 03:00:00,16.7,87,0.0,1.03,0.0,12
2026-02-07 04:00:00,16.5,88,0.0,0.97,0.0,18
2026-02-07 05:00:00,16.1,93,0.0,1.34,0.0,21
2026-02-07 06:00:00,15.5,96,4.0,1.21,0.0,6
2026-02-07 07:00:00,17.3,87,85.0,1.2,0.0,5
2026-02-07 08:00:00,19.4,73,241.0,0.78,0.0,1
2026-02-07 09:00:00,21.3,62,402.0,1.21,0.0,0
2026-02-07 10:00:00,22.7,57,531.0,1.23,0.0,0
2026-02-07 11:00:00,23.6,55,609.0,1.5,0.0,0
2026-02-07 12:00:00,25.0,51,613.0,1.5,0.0,13
2026-02-07 13:00:00,25.7,47,552.0,1.62,0.0,6
2026-02-07 14:00:00,25.6,48,435.0,2.35,0.0,86
2026-02-07 15:00:00,24.9,51,285.0,2.41,0.0,100
2026-02-07 16:00:00,23.2,60,110.0,1.05,0.0,59
2026-02-07 17:00:00,21.5,63,14.0,0.35,0.0,70
2026-02-07 18:00:00,21.1,66,0.0,0.32,0.0,63
2026-02-07 19:00:00,20.8,67,0.0,0.21,0.0,43
2026-02-07 20:00:00,19.8,73,0.0,0.43,0.0,27
2026-02-07 21:00:00,18.8,82,0.0,1.1,0.0,16
2026-02-07 22:00:00,18.5,84,0.0,1.12,0.0,27
2026-02-07 23:00:00,18.6,85,0.0,2.24,0.0,34
2026-02-08 00:00:00,18.1,86,0.0,2.14,0.0,37
2026-02-08 01:00:00,17.5,87,0.0,1.63,0.0,39
2026-02-08 02:00:00,17.2,87,0.0,1.73,0.0,43
2026-02-08 03:00:00,17.3,87,0.0,2.02,0.0,50
2026-02-08 04:00:00,16.7,91,0.0,1.63,0.0,94
2026-02-08 05:00:00,17.0,87,0.0,1.84,0.0,34
2026-02-08 06:00:00,16.6,90,4.0,0.38,0.0,28
2026-02-08 07:00:00,18.0,83,83.0,0.52,0.0,31
2026-02-08 08:00:00,19.5,74,234.0,0.75,0.0,20
2026-02-08 09:00:00,21.5,64,393.0,0.59,0.0,11
2026-02-08 10:00:00,23.2,57,536.0,0.64,0.0,2
2026-02-08 11:00:00,23.8,54,614.0,0.65,0.0,9
2026-02-08 12:00:00,25.1,49,588.0,0.46,0.0,4
2026-02-08 13:00:00,25.7,46,550.0,1.58,0.0,2
2026-02-08 14:00:00,25.9,44,449.0,2.38,0.0,0
2026-02-08 15:00:00,25.2,45,296.0,2.26,0.0,2
2026-02-08 16:00:00,23.4,56,126.0,1.76,0.0,16
2026-02-08 17:00:00,21.5,67,15.0,0.54,0.0,13
2026-02-08 18:00:00,21.3,67,0.0,0.2,0.0,9
2026-02-08 19:00:00,20.7,70,0.0,0.43,0.0,16
2026-02-08 20:00:00,19.7,76,0.0,0.56,0.0,23
2026-02-08 21:00:00,18.6,86,0.0,0.3,0.0,36
2026-02-08 22:00:00,17.7,93,0.0,0.86,0.0,22
2026-02-08 23:00:00,17.8,96,0.0,0.4,0.0,4
2026-02-09 00:00:00,17.0,98,0.0,0.14,0.0,20
2026-02-09 01:00:00,17.1,97,0.0,0.21,0.0,0
2026-02-09 02:00:00,17.1,96,0.0,0.25,0.0,0
2026-02-09 03:00:00,16.8,97,0.0,0.11,0.0,1
2026-02-09 04:00:00,16.2,99,0.0,0.29,0.0,0
2026-02-09 05:00:00,15.7,100,0.0,0.22,0.0,99
2026-02-09 06:00:00,15.9,100,4.0,1.29,0.0,99
2026-02-09 07:00:00,17.0,96,74.0,1.12,0.0,80
2026-02-09 08:00:00,19.4,79,211.0,0.66,0.0,0
2026-02-09 09:00:00,22.0,66,409.0,0.89,0.0,0
2026-02-09 10:00:00,24.2,56,550.0,1.66,0.0,0
2026-02-09 11:00:00,25.5,49,630.0,2.75,0.0,0
2026-02-09 12:00:00,27.0,41,640.0,3.14,0.0,0
2026-02-09 13:00:00,27.6,36,583.0,3.28,0.0,6
2026-02-09 14:00:00,27.7,35,455.0,2.79,0.0,11
2026-02-09 15:00:00,27.2,37,290.0,2.5,0.0,5
2026-02-09 16:00:00,24.6,54,128.0,1.28,0.0,3
2026-02-09 17:00:00,22.8,56,16.0,0.87,0.0,8
2026-02-09 18:00:00,21.7,60,0.0,0.43,0.0,5
2026-02-09 19:00:00,21.2,62,0.0,0.16,0.0,3
2026-02-09 20:00:00,20.4,64,0.0,0.18,0.0,1
2026-02-09 21:00:00,19.5,71,0.0,0.14,0.0,2
2026-02-09 22:00:00,18.5,77,0.0,0.25,0.0,1
2026-02-09 23:00:00,17.7,86,0.0,1.94,0.0,0
2026-02-10 00:00:00,16.7,90,0.0,1.8,0.0,0
2026-02-10 01:00:00,16.7,89,0.0,1.89,0.0,0
2026-02-10 02:00:00,16.6,87,0.0,1.68,0.0,0
2026-02-10 03:00:00,16.8,84,0.0,0.72,0.0,0
2026-02-10 04:00:00,16.4,87,0.0,1.03,0.0,0
2026-02-10 05:00:00,16.0,94,0.0,1.22,0.0,0
2026-02-10 06:00:00,15.4,96,6.0,0.56,0.0,0
2026-02-10 07:00:00,17.2,93,95.0,1.19,0.0,1
2026-02-10 08:00:00,19.4,77,260.0,0.72,0.0,1
2026-02-10 09:00:00,21.5,66,428.0,1.1,0.0,0
2026-02-10 10:00:00,23.2,59,560.0,1.35,0.0,0
2026-02-10 11:00:00,24.2,53,638.0,1.35,0.0,0
2026-02-10 12:00:00,25.7,46,649.0,1.52,0.0,0
2026-02-10 13:00:00,26.3,41,594.0,1.67,0.0,0
2026-02-10 14:00:00,26.4,38,475.0,1.94,0.0,0
2026-02-10 15:00:00,25.9,38,312.0,1.91,0.0,1
2026-02-10 16:00:00,23.5,56,136.0,1.14,0.0,2
2026-02-10 17:00:00,21.5,64,17.0,0.86,0.0,0
2026-02-10 18:00:00,20.7,65,0.0,0.7,0.0,0
2026-02-10 19:00:00,19.8,68,0.0,1.3,0.0,1
2026-02-10 20:00:00,19.0,70,0.0,1.2,0.0,1
2026-02-10 21:00:00,17.9,75,0.0,1.27,0.0,1
2026-02-10 22:00:00,17.5,77,0.0,0.97,0.0,0
2026-02-10 23:00:00,17.1,83,0.0,1.95,0.0,0
2026-02-11 00:00:00,16.2,86,0.0,1.39,0.0,0
2026-02-11 01:00:00,16.8,82,0.0,0.67,0.0,0
2026-02-11 02:00:00,16.8,81,0.0,0.62,0.0,0
2026-02-11 03:00:00,16.5,82,0.0,0.85,0.0,0
2026-02-11 04:00:00,16.1,84,0.0,0.87,0.0,0
2026-02-11 05:00:00,16.0,88,0.0,1.44,0.0,0
2026-02-11 06:00:00,15.4,90,6.0,1.11,0.0,0
2026-02-11 07:00:00,17.8,80,94.0,1.33,0.0,0
2026-02-11 08:00:00,20.2,70,256.0,0.65,0.0,0
2026-02-11 09:00:00,22.4,61,422.0,0.92,0.0,0
2026-02-11 10:00:00,24.3,55,553.0,1.54,0.0,0
2026-02-11 11:00:00,25.3,48,630.0,1.36,0.0,0
2026-02-11 12:00:00,26.8,42,641.0,1.41,0.0,0
2026-02-11 13:00:00,27.4,40,585.0,1.55,0.0,0
2026-02-11 14:00:00,27.4,40,467.0,1.8,0.0,2
2026-02-11 15:00:00,26.7,42,303.0,2.12,0.0,9
2026-02-11 16:00:00,24.6,52,127.0,1.48,0.0,4
2026-02-11 17:00:00,22.3,57,17.0,1.02,0.0,5
2026-02-11 18:00:00,22.0,56,0.0,0.61,0.0,5
2026-02-11 19:00:00,21.5,57,0.0,0.45,0.0,6
2026-02-11 20:00:00,20.6,61,0.0,0.76,0.0,7
2026-02-11 21:00:00,19.6,70,0.0,0.95,0.0,0
2026-02-11 22:00:00,18.5,79,0.0,1.07,0.0,0
2026-02-11 23:00:00,18.4,82,0.0,2.09,0.0,1
2026-02-12 00:00:00,17.6,85,0.0,1.28,0.0,2
2026-02-12 01:00:00,18.0,83,0.0,0.27,0.0,4
2026-02-12 02:00:00,17.6,86,0.0,0.18,0.0,3
2026-02-12 03:00:00,16.4,91,0.0,0.89,0.0,1
2026-02-12 04:00:00,16.0,92,0.0,1.1,0.0,0
2026-02-12 05:00:00,16.5,91,0.0,1.53,0.0,0
2026-02-12 06:00:00,16.4,90,6.0,1.24,0.0,0
2026-02-12 07:00:00,18.7,82,95.0,1.15,0.0,0
2026-02-12 08:00:00,21.1,69,257.0,0.51,0.0,0
2026-02-12 09:00:00,23.2,62,423.0,1.01,0.0,0
2026-02-12 10:00:00,24.8,57,554.0,1.44,0.0,0
2026-02-12 11:00:00,25.6,53,630.0,1.42,0.0,4
2026-02-12 12:00:00,27.0,47,612.0,1.47,0.0,13
2026-02-12 13:00:00,27.6,43,557.0,1.49,0.0,13
2026-02-12 14:00:00,27.6,42,451.0,2.19,0.0,13
2026-02-12 15:00:00,26.9,44,293.0,2.12,0.0,15
2026-02-12 16:00:00,25.1,52,126.0,2.24,0.0,13
2026-02-12 17:00:00,22.7,59,17.0,1.48,0.0,8
2026-02-12 18:00:00,22.6,56,0.0,0.46,0.0,27
2026-02-12 19:00:00,22.2,56,0.0,0.32,0.0,9
2026-02-12 20:00:00,20.4,66,0.0,1.36,0.0,5
2026-02-12 21:00:00,19.8,72,0.0,2.16,0.0,4
2026-02-12 22:00:00,19.5,74,0.0,2.25,0.0,5
2026-02-12 23:00:00,18.9,78,0.0,2.09,0.0,2
2026-02-13 00:00:00,18.0,81,0.0,1.7,0.0,0
2026-02-13 01:00:00,18.4,79,0.0,0.63,0.0,0
2026-02-13 02:00:00,18.1,81,0.0,0.47,0.0,0
2026-02-13 03:00:00,17.2,85,0.0,1.06,0.0,0
2026-02-13 04:00:00,17.1,85,0.0,0.36,0.0,0
2026-02-13 05:00:00,16.8,90,0.0,1.42,0.0,2
2026-02-13 06:00:00,16.6,90,7.0,0.11,0.0,4
2026-02-13 07:00:00,18.6,83,98.0,0.72,0.0,1
2026-02-13 08:00:00,20.8,70,261.0,0.6,0.0,0
2026-02-13 09:00:00,23.1,57,426.0,0.63,0.0,1
2026-02-13 10:00:00,24.9,51,558.0,1.86,0.0,0
2026-02-13 11:00:00,25.4,51,633.0,2.68,0.0,0
2026-02-13 12:00:00,26.7,47,641.0,2.8,0.0,0
2026-02-13 13:00:00,27.2,43,588.0,2.31,0.0,4
2026-02-13 14:00:00,27.5,40,470.0,1.86,0.0,4
2026-02-13 15:00:00,27.0,43,306.0,1.67,0.0,3
2026-02-13 16:00:00,25.0,56,134.0,1.19,0.0,2
2026-02-13 17:00:00,23.2,60,18.0,1.0,0.0,11
2026-02-13 18:00:00,22.1,66,0.0,1.31,0.0,8
2026-02-13 19:00:00,21.1,71,0.0,1.45,0.0,3
2026-02-13 20:00:00,20.6,72,0.0,0.79,0.0,42
2026-02-13 21:00:00,19.9,75,0.0,1.12,0.0,37
2026-02-13 22:00:00,19.5,75,0.0,1.18,0.0,16
2026-02-13 23:00:00,19.0,82,0.0,1.58,0.0,19
2026-02-14 00:00:00,18.7,83,0.0,1.03,0.0,15
2026-02-14 01:00:00,18.3,84,0.0,1.25,0.0,17
2026-02-14 02:00:00,17.8,87,0.0,1.01,0.0,9
2026-02-14 03:00:00,17.8,88,0.0,0.21,0.0,15
2026-02-14 04:00:00,17.0,93,0.0,0.87,0.0,20
2026-02-14 05:00:00,17.7,91,0.0,0.47,0.0,16
2026-02-14 06:00:00,17.6,93,7.0,0.27,0.0,16
2026-02-14 07:00:00,19.1,87,95.0,0.34,0.0,14
2026-02-14 08:00:00,21.4,72,255.0,0.75,0.0,5
2026-02-14 09:00:00,23.6,58,422.0,1.13,0.0,3
2026-02-14 10:00:00,25.3,51,555.0,1.39,0.0,7
2026-02-14 11:00:00,26.0,49,632.0,1.12,0.0,0
2026-02-14 12:00:00,27.5,44,645.0,1.27,0.0,0
2026-02-14 13:00:00,28.2,42,587.0,1.91,0.0,5
2026-02-14 14:00:00,28.0,42,455.0,2.21,0.0,2
2026-02-14 15:00:00,27.4,43,295.0,2.18,0.0,9
2026-02-14 16:00:00,25.6,60,132.0,0.97,0.0,28
2026-02-14 17:00:00,23.2,63,19.0,1.15,0.0,24
2026-02-14 18:00:00,22.2,67,0.0,1.81,0.0,57
2026-02-14 19:00:00,22.4,63,0.0,1.94,0.0,21
2026-02-14 20:00:00,21.4,70,0.0,0.25,0.0,24
2026-02-14 21:00:00,20.7,71,0.0,0.29,0.0,15
2026-02-14 22:00:00,19.3,82,0.0,1.6,0.0,2
2026-02-14 23:00:00,19.4,81,0.0,2.21,0.0,2
2026-02-15 00:00:00,18.5,84,0.0,1.53,0.0,0
2026-02-15 01:00:00,18.8,82,0.0,0.83,0.0,3
2026-02-15 02:00:00,18.6,84,0.0,0.56,0.0,2
2026-02-15 03:00:00,17.9,87,0.0,0.82,0.0,4
2026-02-15 04:00:00,17.8,88,0.0,0.52,0.0,2
2026-02-15 05:00:00,17.5,93,0.0,1.13,0.0,18
2026-02-15 06:00:00,17.5,93,7.0,0.5,0.0,15
2026-02-15 07:00:00,19.1,85,95.0,0.35,0.0,20
2026-02-15 08:00:00,20.9,72,249.0,0.4,0.0,5
2026-02-15 09:00:00,22.9,61,401.0,0.5,0.0,4
2026-02-15 10:00:00,24.5,55,521.0,1.28,0.0,5
2026-02-15 11:00:00,25.1,55,614.0,1.57,0.0,16
2026-02-15 12:00:00,26.2,49,609.0,1.5,0.0,25
2026-02-15 13:00:00,26.7,48,549.0,2.06,0.0,9
2026-02-15 14:00:00,26.7,48,462.0,1.99,0.0,4
2026-02-15 15:00:00,26.3,49,300.0,1.96,0.0,8
2026-02-15 16:00:00,24.8,57,135.0,1.52,0.0,7
2026-02-15 17:00:00,22.8,67,19.0,1.66,0.0,18
2026-02-15 18:00:00,21.9,72,0.0,1.27,0.0,9
2026-02-15 19:00:00,21.5,76,0.0,0.89,0.0,17
2026-02-15 20:00:00,21.2,77,0.0,0.18,0.0,28
2026-02-15 21:00:00,20.2,82,0.0,0.11,0.1,27
2026-02-15 22:00:00,19.5,87,0.0,2.05,0.0,31
2026-02-15 23:00:00,19.6,89,0.0,0.21,0.0,16
2026-02-16 00:00:00,18.1,94,0.0,2.66,0.1,27
2026-02-16 01:00:00,17.5,94,0.0,1.29,0.0,13
2026-02-16 02:00:00,17.1,96,0.0,0.96,0.0,22
2026-02-16 03:00:00,17.0,98,0.0,1.39,0.0,22
2026-02-16 04:00:00,17.1,97,0.0,1.71,0.0,11
2026-02-16 05:00:00,17.4,92,0.0,0.46,0.0,9
2026-02-16 06:00:00,17.3,94,7.0,1.17,0.0,1
2026-02-16 07:00:00,19.0,84,101.0,2.25,0.0,1
2026-02-16 08:00:00,21.3,70,262.0,2.59,0.0,2
2026-02-16 09:00:00,23.5,56,430.0,3.26,0.0,0
2026-02-16 10:00:00,25.3,47,566.0,3.6,0.0,0
2026-02-16 11:00:00,25.9,46,642.0,3.73,0.0,0
2026-02-16 12:00:00,27.2,43,651.0,3.35,0.0,0
2026-02-16 13:00:00,27.6,41,599.0,3.44,0.0,0
2026-02-16 14:00:00,27.7,38,482.0,3.8,0.0,1
2026-02-16 15:00:00,27.1,38,319.0,3.55,0.0,1
2026-02-16 16:00:00,24.9,47,145.0,1.73,0.0,3
2026-02-16 17:00:00,22.7,58,21.0,1.68,0.0,13
2026-02-16 18:00:00,22.0,65,0.0,1.25,0.0,30
2026-02-16 19:00:00,21.1,72,0.0,1.33,0.0,1
2026-02-16 20:00:00,20.3,77,0.0,1.52,0.0,0
2026-02-16 21:00:00,19.5,80,0.0,1.7,0.0,0
2026-02-16 22:00:00,18.5,85,0.0,1.63,0.0,0
2026-02-16 23:00:00,18.3,86,0.0,1.34,0.0,0
2026-02-17 00:00:00,17.4,91,0.0,1.25,0.0,0
2026-02-17 01:00:00,16.8,93,0.0,1.35,0.0,0
2026-02-17 02:00:00,16.3,94,0.0,1.49,0.0,0
2026-02-17 03:00:00,15.9,96,0.0,1.59,0.0,0
2026-02-17 04:00:00,15.7,96,0.0,1.73,0.0,0
2026-02-17 05:00:00,15.6,94,0.0,2.46,0.0,0
2026-02-17 06:00:00,15.7,95,8.0,1.7,0.0,0
2026-02-17 07:00:00,18.2,82,104.0,2.1,0.0,0
2026-02-17 08:00:00,21.3,63,270.0,1.36,0.0,0
2026-02-17 09:00:00,23.9,53,440.0,1.57,0.0,0
2026-02-17 10:00:00,26.1,48,573.0,2.36,0.0,0
2026-02-17 11:00:00,27.1,45,652.0,2.88,0.0,0
2026-02-17 12:00:00,28.8,38,664.0,3.23,0.0,0
2026-02-17 13:00:00,29.3,35,606.0,3.31,0.0,0
2026-02-17 14:00:00,29.2,35,488.0,3.19,0.0,0
2026-02-17 15:00:00,28.5,39,322.0,2.62,0.0,0
2026-02-17 16:00:00,26.1,49,144.0,2.24,0.0,0
2026-02-17 17:00:00,23.1,61,22.0,1.88,0.0,0
2026-02-17 18:00:00,22.7,63,0.0,0.78,0.0,0
2026-02-17 19:00:00,21.5,69,0.0,0.71,0.0,0
2026-02-17 20:00:00,19.8,79,0.0,0.62,0.0,0
2026-02-17 21:00:00,18.7,86,0.0,0.59,0.0,0
2026-02-17 22:00:00,18.3,87,0.0,0.59,0.0,0
2026-02-17 23:00:00,18.4,87,0.0,0.91,0.0,0
2026-02-18 00:00:00,18.0,88,0.0,0.39,0.0,0
2026-02-18 01:00:00,17.5,90,0.0,0.36,0.0,0
2026-02-18 02:00:00,16.8,93,0.0,0.57,0.0,0
2026-02-18 03:00:00,16.1,96,0.0,0.88,0.0,0
2026-02-18 04:00:00,15.9,97,0.0,1.23,0.0,0
2026-02-18 05:00:00,16.1,96,0.0,2.19,0.0,0
2026-02-18 06:00:00,15.9,98,9.0,1.0,0.0,0
2026-02-18 07:00:00,18.3,88,101.0,1.7,0.0,0
2026-02-18 08:00:00,21.6,70,267.0,1.72,0.0,0
2026-02-18 09:00:00,24.1,59,436.0,2.4,0.0,0
2026-02-18 10:00:00,26.2,51,568.0,2.62,0.0,0
2026-02-18 11:00:00,27.7,46,647.0,2.49,0.0,0
2026-02-18 12:00:00,29.5,42,658.0,2.59,0.0,0
2026-02-18 13:00:00,30.1,40,600.0,2.85,0.0,0
2026-02-18 14:00:00,30.2,40,479.0,2.15,0.0,0
2026-02-18 15:00:00,29.6,41,311.0,2.28,0.0,0
2026-02-18 16:00:00,27.3,51,139.0,2.37,0.0,0
2026-02-18 17:00:00,24.1,63,22.0,1.3,0.0,0
2026-02-18 18:00:00,23.7,64,0.0,0.75,0.0,0
2026-02-18 19:00:00,22.3,74,0.0,1.44,0.0,0
2026-02-18 20:00:00,20.7,82,0.0,1.11,0.0,0
2026-02-18 21:00:00,20.3,82,0.0,0.65,0.0,0
2026-02-18 22:00:00,19.8,81,0.0,0.9,0.0,0
2026-02-18 23:00:00,19.6,80,0.0,1.27,0.0,0
2026-02-19 00:00:00,18.7,83,0.0,0.95,0.0,0
2026-02-19 01:00:00,18.3,85,0.0,0.51,0.0,0
2026-02-19 02:00:00,17.9,86,0.0,0.51,0.0,0
2026-02-19 03:00:00,18.0,86,0.0,0.4,0.0,0
2026-02-19 04:00:00,17.4,94,0.0,1.56,0.0,0
2026-02-19 05:00:00,17.0,97,0.0,1.94,0.0,0
2026-02-19 06:00:00,17.0,95,9.0,1.64,0.0,0
2026-02-19 07:00:00,19.8,82,103.0,1.76,0.0,0
2026-02-19 08:00:00,23.2,64,265.0,1.56,0.0,0
2026-02-19 09:00:00,25.5,56,430.0,2.05,0.0,0
2026-02-19 10:00:00,27.3,46,561.0,2.31,0.0,0
2026-02-19 11:00:00,28.3,42,636.0,2.23,0.0,0
2026-02-19 12:00:00,30.0,38,649.0,2.27,0.0,0
2026-02-19 13:00:00,30.8,35,593.0,2.53,0.0,0
2026-02-19 14:00:00,30.7,35,476.0,2.96,0.0,0
2026-02-19 15:00:00,30.0,37,310.0,2.17,0.0,0
2026-02-19 16:00:00,27.7,48,138.0,1.64,0.0,1
2026-02-19 17:00:00,25.0,58,21.0,1.57,0.0,0
2026-02-19 18:00:00,24.6,60,0.0,0.3,0.0,1
2026-02-19 19:00:00,22.9,66,0.0,1.41,0.0,1
2026-02-19 20:00:00,21.7,73,0.0,1.58,0.0,0
2026-02-19 21:00:00,21.5,72,0.0,0.71,0.0,0
2026-02-19 22:00:00,21.2,72,0.0,0.56,0.0,0
2026-02-19 23:00:00,20.9,74,0.0,1.63,0.0,0
2026-02-20 00:00:00,20.0,78,0.0,1.41,0.0,0
2026-02-20 01:00:00,19.9,78,0.0,0.68,0.0,0
2026-02-20 02:00:00,19.8,78,0.0,0.25,0.0,0
2026-02-20 03:00:00,19.0,84,0.0,0.56,0.0,0
2026-02-20 04:00:00,18.4,88,0.0,0.45,0.0,0
2026-02-20 05:00:00,18.1,91,0.0,1.04,0.0,9
2026-02-20 06:00:00,17.6,92,9.0,0.86,0.0,3
2026-02-20 07:00:00,20.1,84,101.0,0.1,0.0,1
2026-02-20 08:00:00,22.9,67,258.0,0.71,0.0,0
2026-02-20 09:00:00,24.7,60,418.0,1.39,0.0,33
2026-02-20 10:00:00,26.4,54,550.0,1.13,0.0,18
2026-02-20 11:00:00,27.3,49,618.0,0.5,0.0,13
2026-02-20 12:00:00,29.3,44,634.0,0.9,0.0,0
2026-02-20 13:00:00,30.0,41,578.0,1.46,0.0,0
2026-02-20 14:00:00,30.1,40,462.0,2.2,0.0,0
2026-02-20 15:00:00,29.2,43,305.0,2.78,0.0,0
2026-02-20 16:00:00,27.3,54,138.0,1.46,0.0,0
2026-02-20 17:00:00,24.8,65,22.0,1.19,0.0,0
2026-02-20 18:00:00,23.6,70,0.0,0.62,0.0,0
2026-02-20 19:00:00,22.3,76,0.0,1.73,0.0,0
2026-02-20 20:00:00,22.1,73,0.0,1.84,0.0,0
2026-02-20 21:00:00,21.8,73,0.0,1.98,0.0,0
2026-02-20 22:00:00,21.4,74,0.0,2.02,0.0,0
2026-02-20 23:00:00,21.1,75,0.0,1.96,0.0,0
2026-02-21 00:00:00,20.1,79,0.0,1.87,0.0,2
2026-02-21 01:00:00,20.0,79,0.0,1.41,0.0,92
2026-02-21 02:00:00,20.3,79,0.0,0.91,0.0,98
2026-02-21 03:00:00,20.4,78,0.0,0.6,0.0,99
2026-02-21 04:00:00,19.8,80,0.0,1.22,0.0,100
2026-02-21 05:00:00,19.8,83,0.0,1.03,0.0,100
2026-02-21 06:00:00,19.9,85,8.0,0.28,0.0,52
2026-02-21 07:00:00,21.2,77,100.0,0.49,0.0,100
2026-02-21 08:00:00,23.3,64,208.0,0.35,0.0,55
2026-02-21 09:00:00,25.9,54,416.0,0.4,0.0,100
2026-02-21 10:00:00,26.8,53,434.0,2.33,0.0,100
2026-02-21 11:00:00,26.7,53,364.0,2.89,0.0,99
2026-02-21 12:00:00,28.3,50,522.0,2.37,0.0,95
2026-02-21 13:00:00,29.0,49,525.0,2.28,0.0,10
2026-02-21 14:00:00,29.0,48,439.0,2.51,0.0,29
2026-02-21 15:00:00,28.7,48,288.0,2.1,0.0,95
2026-02-21 16:00:00,27.3,57,96.0,1.96,0.0,100
2026-02-21 17:00:00,25.0,67,21.0,2.86,0.0,97
2026-02-21 18:00:00,23.9,63,0.0,1.03,0.0,91
2026-02-21 19:00:00,23.1,67,0.0,0.21,0.0,88
2026-02-21 20:00:00,22.5,71,0.0,0.74,0.0,27
2026-02-21 21:00:00,21.4,83,0.0,1.07,0.0,0
2026-02-21 22:00:00,21.0,86,0.0,0.53,0.0,0
2026-02-21 23:00:00,20.6,91,0.0,1.21,0.0,0
2026-02-22 00:00:00,19.8,93,0.0,1.53,0.0,0
2026-02-22 01:00:00,20.0,92,0.0,2.6,0.0,13
2026-02-22 02:00:00,19.3,91,0.0,2.05,0.0,0
2026-02-22 03:00:00,18.5,86,0.0,1.78,0.0,0
2026-02-22 04:00:00,18.7,82,0.0,2.09,0.0,0
2026-02-22 05:00:00,18.7,79,0.0,1.98,0.0,0
2026-02-22 06:00:00,18.8,80,10.0,1.52,0.0,0
2026-02-22 07:00:00,21.6,67,104.0,1.63,0.0,0
2026-02-22 08:00:00,23.9,58,264.0,1.31,0.0,0
2026-02-22 09:00:00,25.6,52,425.0,1.77,0.0,0
2026-02-22 10:00:00,27.0,46,550.0,2.16,0.0,0
2026-02-22 11:00:00,27.5,39,619.0,2.23,0.0,2
2026-02-22 12:00:00,28.6,36,626.0,2.92,0.0,17
2026-02-22 13:00:00,28.8,33,530.0,3.83,0.0,11
2026-02-22 14:00:00,28.8,32,430.0,4.16,0.0,2
2026-02-22 15:00:00,28.6,33,303.0,3.55,0.0,0
2026-02-22 16:00:00,26.5,42,141.0,2.52,0.0,0
2026-02-22 17:00:00,23.3,56,24.0,1.99,0.0,3
2026-02-22 18:00:00,22.3,55,0.0,1.89,0.0,3
2026-02-22 19:00:00,21.0,63,0.0,1.46,0.0,2
2026-02-22 20:00:00,20.7,67,0.0,2.0,0.0,4
2026-02-22 21:00:00,20.2,66,0.0,1.86,0.0,7
2026-02-22 22:00:00,20.3,65,0.0,1.89,0.0,5
2026-02-22 23:00:00,20.3,67,0.0,1.89,0.0,19
2026-02-23 00:00:00,19.7,68,0.0,1.74,0.0,29
2026-02-23 01:00:00,19.5,72,0.0,0.56,0.2,51
2026-02-23 02:00:00,18.7,79,0.0,0.99,0.4,36
2026-02-23 03:00:00,18.1,83,0.0,0.88,0.0,53
2026-02-23 04:00:00,18.1,80,0.0,2.11,0.0,19
2026-02-23 05:00:00,17.7,86,0.0,2.17,0.0,4
2026-02-23 06:00:00,17.5,92,10.0,1.45,0.0,5
2026-02-23 07:00:00,19.3,78,101.0,1.14,0.0,0
2026-02-23 08:00:00,21.6,65,257.0,2.1,0.0,0
2026-02-23 09:00:00,23.4,57,418.0,2.62,0.0,0
2026-02-23 10:00:00,25.1,52,546.0,2.66,0.0,0
2026-02-23 11:00:00,25.9,50,620.0,3.09,0.0,0
2026-02-23 12:00:00,27.4,45,626.0,3.02,0.0,1
2026-02-23 13:00:00,27.9,42,565.0,2.55,0.0,5
2026-02-23 14:00:00,28.0,40,430.0,2.39,0.0,13
2026-02-23 15:00:00,27.6,41,276.0,2.14,0.0,11
2026-02-23 16:00:00,26.0,57,131.0,0.79,0.0,12
2026-02-23 17:00:00,24.2,56,22.0,0.81,0.0,20
2026-02-23 18:00:00,23.3,60,0.0,1.01,0.0,12
2026-02-23 19:00:00,22.7,63,0.0,0.8,0.0,19
2026-02-23 20:00:00,22.3,64,0.0,0.18,0.0,38
2026-02-23 21:00:00,21.5,71,0.0,0.6,0.0,31
2026-02-23 22:00:00,20.7,76,0.0,0.27,0.0,23
2026-02-23 23:00:00,20.0,85,0.0,0.43,0.0,40
2026-02-24 00:00:00,19.0,92,0.0,0.63,0.0,23
2026-02-24 01:00:00,18.5,94,0.0,1.06,0.0,34
2026-02-24 02:00:00,18.6,91,0.0,1.32,0.0,47
2026-02-24 03:00:00,18.5,90,0.0,1.53,0.0,100
2026-02-24 04:00:00,18.6,88,0.0,1.73,0.0,99
2026-02-24 05:00:00,18.6,85,0.0,1.95,0.0,90
2026-02-24 06:00:00,18.4,87,10.0,2.36,0.0,45
2026-02-24 07:00:00,19.7,80,99.0,2.3,0.0,89
2026-02-24 08:00:00,21.4,72,249.0,1.74,0.0,100
2026-02-24 09:00:00,23.1,65,349.0,1.49,0.0,100
2026-02-24 10:00:00,25.0,58,478.0,2.05,0.0,100
2026-02-24 11:00:00,26.5,52,546.0,2.95,0.0,100
2026-02-24 12:00:00,27.7,45,534.0,3.56,0.0,99
2026-02-24 13:00:00,27.8,43,381.0,3.55,0.0,98
2026-02-24 14:00:00,28.3,41,410.0,2.9,0.0,70
2026-02-24 15:00:00,27.9,42,282.0,2.43,0.0,29
2026-02-24 16:00:00,26.3,51,122.0,1.33,0.0,99
2026-02-24 17:00:00,24.0,63,22.0,1.21,0.0,86
2026-02-24 18:00:00,23.4,66,0.0,0.73,0.0,5
2026-02-24 19:00:00,22.3,71,0.0,0.45,0.0,12
2026-02-24 20:00:00,21.3,76,0.0,1.68,0.0,21
2026-02-24 21:00:00,20.7,77,0.0,1.51,0.0,12
2026-02-24 22:00:00,20.5,78,0.0,2.6,0.0,9
2026-02-24 23:00:00,19.8,78,0.0,2.58,0.0,46
2026-02-25 00:00:00,18.7,86,0.0,1.36,0.0,13
2026-02-25 01:00:00,18.0,91,0.0,2.32,1.8,43
2026-02-25 02:00:00,17.0,91,0.0,1.89,1.6,97
2026-02-25 03:00:00,17.0,91,0.0,1.63,0.0,91
2026-02-25 04:00:00,17.2,90,0.0,1.88,0.0,18
2026-02-25 05:00:00,17.9,86,0.0,1.47,0.0,61
2026-02-25 06:00:00,18.0,90,10.0,1.35,0.0,34
2026-02-25 07:00:00,19.9,81,95.0,0.27,0.0,38
2026-02-25 08:00:00,22.2,71,235.0,0.58,0.0,19
2026-02-25 09:00:00,24.6,57,386.0,1.3,0.0,7
2026-02-25 10:00:00,25.9,52,516.0,1.62,0.0,37
2026-02-25 11:00:00,26.3,52,528.0,2.08,0.0,9
2026-02-25 12:00:00,27.7,48,600.0,2.53,0.1,42
2026-02-25 13:00:00,27.2,48,456.0,3.65,0.0,21
2026-02-25 14:00:00,27.5,45,420.0,3.36,0.0,13
2026-02-25 15:00:00,27.1,46,272.0,3.35,0.0,12
2026-02-25 16:00:00,25.9,54,118.0,1.81,0.0,15
2026-02-25 17:00:00,23.2,66,21.0,1.54,0.0,6
2026-02-25 18:00:00,22.3,72,0.0,1.35,0.0,10
2026-02-25 19:00:00,21.4,77,0.0,1.45,0.0,13
2026-02-25 20:00:00,20.7,80,0.0,1.4,0.0,9
2026-02-25 21:00:00,20.2,81,0.0,1.49,0.0,5
2026-02-25 22:00:00,20.1,77,0.0,1.79,0.0,3
2026-02-25 23:00:00,20.5,77,0.0,1.94,0.0,2
2026-02-26 00:00:00,19.8,77,0.0,1.44,0.0,2
2026-02-26 01:00:00,19.7,77,0.0,0.27,0.0,1
2026-02-26 02:00:00,19.3,80,0.0,0.07,0.0,0
2026-02-26 03:00:00,18.4,87,0.0,0.43,0.0,0
2026-02-26 04:00:00,17.9,91,0.0,0.5,0.0,0
2026-02-26 05:00:00,18.1,92,0.0,0.66,0.0,0
2026-02-26 06:00:00,18.3,90,12.0,2.35,0.0,20
2026-02-26 07:00:00,19.8,79,92.0,1.92,0.0,8
2026-02-26 08:00:00,21.9,68,234.0,1.9,0.0,1
2026-02-26 09:00:00,24.0,58,392.0,1.75,0.0,5
2026-02-26 10:00:00,25.7,51,510.0,1.43,0.0,9
2026-02-26 11:00:00,26.6,47,597.0,1.1,0.0,2
2026-02-26 12:00:00,28.0,42,606.0,1.49,0.0,9
2026-02-26 13:00:00,28.5,37,530.0,2.21,0.0,12
2026-02-26 14:00:00,28.1,37,423.0,2.85,0.0,18
2026-02-26 15:00:00,27.4,38,261.0,2.44,0.0,21
2026-02-26 16:00:00,25.7,53,120.0,1.16,0.0,13
2026-02-26 17:00:00,23.3,61,22.0,1.56,0.0,16
2026-02-26 18:00:00,22.7,58,0.0,0.94,0.3,84
2026-02-26 19:00:00,22.4,62,0.0,0.71,0.1,64
2026-02-26 20:00:00,21.4,69,0.0,1.27,0.0,46
2026-02-26 21:00:00,20.0,79,0.0,1.25,0.0,32
2026-02-26 22:00:00,19.0,86,0.0,0.82,0.0,27
2026-02-26 23:00:00,19.5,78,0.0,1.49,0.0,41
2026-02-27 00:00:00,19.4,79,0.0,1.05,0.0,99
2026-02-27 01:00:00,19.7,77,0.0,0.85,0.0,41
2026-02-27 02:00:00,19.9,75,0.0,0.45,0.0,3
2026-02-27 03:00:00,18.9,84,0.0,0.4,0.0,5
2026-02-27 04:00:00,18.0,90,0.0,1.72,0.0,5
2026-02-27 05:00:00,18.8,89,0.0,2.1,0.0,1
2026-02-27 06:00:00,18.3,91,12.0,1.17,0.0,22
2026-02-27 07:00:00,19.9,81,89.0,2.0,0.0,37
2026-02-27 08:00:00,22.1,69,204.0,1.14,0.0,16
2026-02-27 09:00:00,24.0,59,377.0,1.85,0.0,27
2026-02-27 10:00:00,25.5,53,514.0,1.73,0.0,23
2026-02-27 11:00:00,26.3,47,575.0,1.54,0.0,11
2026-02-27 12:00:00,27.1,38,570.0,3.3,0.4,99
2026-02-27 13:00:00,26.5,41,336.0,2.5,0.0,48
2026-02-27 14:00:00,27.1,41,385.0,1.35,0.0,7
2026-02-27 15:00:00,27.1,37,278.0,2.5,0.2,98
2026-02-27 16:00:00,25.3,54,70.0,0.84,0.0,54
2026-02-27 17:00:00,23.6,56,20.0,1.34,0.0,59
2026-02-27 18:00:00,22.9,59,0.0,0.64,0.0,30
2026-02-27 19:00:00,21.4,66,0.0,3.47,0.0,55
2026-02-27 20:00:00,20.5,72,0.0,2.37,0.0,60
2026-02-27 21:00:00,20.0,74,0.0,2.09,0.0,39
2026-02-27 22:00:00,18.7,86,0.0,1.27,0.0,12
2026-02-27 23:00:00,19.4,84,0.0,2.21,0.0,20
2026-02-28 00:00:00,18.7,92,0.0,1.6,0.0,15
2026-02-28 01:00:00,18.4,96,0.0,2.55,0.0,11
2026-02-28 02:00:00,17.9,98,0.0,2.88,0.0,51
2026-02-28 03:00:00,17.5,100,0.0,3.15,0.0,70
2026-02-28 04:00:00,17.1,100,0.0,2.75,0.0,87
2026-02-28 05:00:00,17.5,99,0.0,0.82,0.0,100
2026-02-28 06:00:00,18.1,95,6.0,2.51,0.0,100
2026-02-28 07:00:00,18.8,92,43.0,2.6,0.0,98
2026-02-28 08:00:00,20.1,84,148.0,3.22,0.0,89
2026-02-28 09:00:00,22.3,72,328.0,3.11,0.0,24
2026-02-28 10:00:00,23.9,64,466.0,2.87,0.0,13
2026-02-28 11:00:00,24.7,59,557.0,2.55,0.0,8
2026-02-28 12:00:00,26.4,52,593.0,2.98,0.0,2
2026-02-28 13:00:00,26.5,45,541.0,1.19,1.0,60
2026-02-28 14:00:00,25.3,49,264.0,0.9,0.1,8
2026-02-28 15:00:00,25.4,49,272.0,0.68,0.0,12
2026-02-28 16:00:00,24.6,56,123.0,0.67,0.0,20
2026-02-28 17:00:00,22.7,66,22.0,1.98,0.0,21
2026-02-28 18:00:00,22.3,68,0.0,3.56,0.0,71
2026-02-28 19:00:00,21.4,73,0.0,0.49,0.0,31
2026-02-28 20:00:00,20.5,80,0.0,1.78,0.0,44
2026-02-28 21:00:00,19.8,84,0.0,1.96,0.0,38
2026-02-28 22:00:00,19.0,87,0.0,3.19,0.0,23
2026-02-28 23:00:00,19.5,86,0.0,3.21,0.0,100
2026-03-01 00:00:00,19.4,84,0.0,3.2,0.0,96
2026-03-01 01:00:00,19.0,85,0.0,3.43,0.0,71
2026-03-01 02:00:00,18.3,88,0.0,2.47,0.0,86
2026-03-01 03:00:00,18.0,91,0.0,2.65,0.0,90
2026-03-01 04:00:00,18.0,90,0.0,3.35,0.0,98
2026-03-01 05:00:00,18.6,92,0.0,3.29,0.0,99
2026-03-01 06:00:00,18.9,89,8.0,3.75,0.0,95
2026-03-01 07:00:00,19.4,85,70.0,4.53,0.0,100
2026-03-01 08:00:00,20.2,79,144.0,5.11,0.0,80
2026-03-01 09:00:00,21.7,70,290.0,5.29,0.0,21
2026-03-01 10:00:00,23.5,62,486.0,5.18,0.0,9
2026-03-01 11:00:00,23.9,60,581.0,4.86,0.0,10
2026-03-01 12:00:00,25.1,56,585.0,4.68,0.0,2
2026-03-01 13:00:00,25.4,55,545.0,4.6,0.0,1
2026-03-01 14:00:00,25.3,55,431.0,4.58,0.0,1
2026-03-01 15:00:00,24.7,55,283.0,4.57,0.0,5
2026-03-01 16:00:00,23.4,60,130.0,3.97,0.0,10
2026-03-01 17:00:00,22.2,67,24.0,3.52,0.0,21
2026-03-01 18:00:00,21.4,68,0.0,3.5,0.0,39
2026-03-01 19:00:00,20.9,69,0.0,3.22,0.0,72
2026-03-01 20:00:00,20.1,69,0.0,3.87,0.5,91
2026-03-01 21:00:00,19.1,78,0.0,3.8,0.0,71
2026-03-01 22:00:00,18.4,81,0.0,3.54,0.0,98
2026-03-01 23:00:00,18.6,84,0.0,2.4,0.0,99
2026-03-02 00:00:00,18.2,87,0.0,4.05,0.0,69
2026-03-02 01:00:00,17.9,89,0.0,3.89,0.1,99
2026-03-02 02:00:00,17.9,87,0.0,3.67,0.0,98
2026-03-02 03:00:00,17.7,89,0.0,3.77,0.1,100
2026-03-02 04:00:00,17.5,91,0.0,3.22,0.0,6
2026-03-02 05:00:00,17.4,97,0.0,1.49,0.0,23
2026-03-02 06:00:00,17.9,95,12.0,2.6,0.0,63
2026-03-02 07:00:00,18.8,89,88.0,3.67,0.0,49
2026-03-02 08:00:00,20.6,78,217.0,3.62,0.0,30
2026-03-02 09:00:00,22.5,70,388.0,3.51,0.0,9
2026-03-02 10:00:00,24.4,62,504.0,3.7,0.0,8
2026-03-02 11:00:00,25.9,56,590.0,3.41,0.0,9
2026-03-02 12:00:00,27.1,52,600.0,3.23,0.0,4
2026-03-02 13:00:00,27.5,51,534.0,3.05,0.0,2
2026-03-02 14:00:00,27.3,52,426.0,2.91,0.0,5
2026-03-02 15:00:00,26.7,54,279.0,2.97,0.0,7
2026-03-02 16:00:00,25.3,58,127.0,2.73,0.0,7
2026-03-02 17:00:00,22.8,67,24.0,2.09,0.0,14
2026-03-02 18:00:00,21.9,71,0.0,2.4,0.0,15
2026-03-02 19:00:00,21.2,74,0.0,2.47,0.0,5
2026-03-02 20:00:00,20.6,78,0.0,2.25,0.0,35
2026-03-02 21:00:00,20.2,78,0.0,2.21,0.0,37
2026-03-02 22:00:00,19.7,82,0.0,1.7,0.0,27
2026-03-02 23:00:00,19.4,86,0.0,2.55,0.0,19
2026-03-03 00:00:00,19.1,87,0.0,2.52,0.0,14
2026-03-03 01:00:00,18.6,88,0.0,2.81,0.0,7
2026-03-03 02:00:00,18.3,89,0.0,2.97,0.0,1
2026-03-03 03:00:00,17.9,92,0.0,2.76,0.0,0
2026-03-03 04:00:00,17.4,94,0.0,2.56,0.0,0
2026-03-03 05:00:00,17.4,96,0.0,2.26,0.0,6
2026-03-03 06:00:00,17.7,95,14.0,1.99,0.0,25
2026-03-03 07:00:00,19.0,87,98.0,2.26,0.0,16
2026-03-03 08:00:00,20.9,79,239.0,2.4,0.0,4
2026-03-03 09:00:00,23.2,68,397.0,2.43,0.0,1
2026-03-03 10:00:00,25.6,58,521.0,2.42,0.0,0
2026-03-03 11:00:00,27.2,49,591.0,2.28,0.0,2
2026-03-03 12:00:00,29.0,39,586.0,1.78,0.0,5
2026-03-03 13:00:00,29.5,33,529.0,2.25,0.0,13
2026-03-03 14:00:00,29.5,33,436.0,1.96,0.0,9
2026-03-03 15:00:00,28.8,34,279.0,2.41,0.0,13
2026-03-03 16:00:00,27.1,44,126.0,1.33,0.0,18
2026-03-03 17:00:00,25.0,53,24.0,0.32,0.0,1
2026-03-03 18:00:00,24.3,56,0.0,0.22,0.0,2
2026-03-03 19:00:00,23.2,59,0.0,0.4,0.0,2
2026-03-03 20:00:00,21.6,66,0.0,1.2,0.0,0
2026-03-03 21:00:00,21.5,66,0.0,0.87,0.0,0
2026-03-03 22:00:00,21.3,65,0.0,0.45,0.0,0
2026-03-03 23:00:00,20.2,77,0.0,1.83,0.0,0
2026-03-04 00:00:00,20.1,77,0.0,0.61,0.0,13
2026-03-04 01:00:00,20.0,78,0.0,0.34,0.0,3
2026-03-04 02:00:00,19.5,80,0.0,0.18,0.0,0
2026-03-04 03:00:00,18.8,85,0.0,0.43,0.0,5
2026-03-04 04:00:00,18.0,91,0.0,0.92,0.0,17
2026-03-04 05:00:00,17.4,95,0.0,1.1,0.0,0
2026-03-04 06:00:00,18.2,91,15.0,1.94,0.0,0
2026-03-04 07:00:00,20.4,76,104.0,1.91,0.0,0
2026-03-04 08:00:00,22.8,65,248.0,1.97,0.0,0
2026-03-04 09:00:00,25.1,58,399.0,2.17,0.0,0
2026-03-04 10:00:00,27.3,50,521.0,2.34,0.0,0
2026-03-04 11:00:00,27.9,46,592.0,2.74,0.0,0
2026-03-04 12:00:00,29.6,40,597.0,2.87,0.0,0
2026-03-04 13:00:00,30.1,39,543.0,2.94,0.0,6
2026-03-04 14:00:00,30.3,38,433.0,3.2,0.0,7
2026-03-04 15:00:00,29.5,40,286.0,2.78,0.0,2
2026-03-04 16:00:00,27.4,49,132.0,1.74,0.0,3
2026-03-04 17:00:00,24.7,60,26.0,1.57,0.0,0
2026-03-04 18:00:00,24.2,62,0.0,0.81,0.0,2
2026-03-04 19:00:00,23.8,64,0.0,0.25,0.0,1
2026-03-04 20:00:00,22.6,68,0.0,0.8,0.0,0
2026-03-04 21:00:00,21.3,76,0.0,1.19,0.0,0
2026-03-04 22:00:00,21.1,74,0.0,0.38,0.0,0
2026-03-04 23:00:00,20.1,84,0.0,1.1,0.0,0
2026-03-05 00:00:00,19.6,87,0.0,0.36,0.0,0
2026-03-05 01:00:00,19.8,84,0.0,0.42,0.0,0
2026-03-05 02:00:00,19.8,83,0.0,0.14,0.0,0
2026-03-05 03:00:00,19.4,86,0.0,0.32,0.0,0
2026-03-05 04:00:00,18.5,90,0.0,0.22,0.0,0
2026-03-05 05:00:00,18.1,92,0.0,0.85,0.0,0
2026-03-05 06:00:00,18.7,91,16.0,0.46,0.0,0
2026-03-05 07:00:00,20.9,83,107.0,1.15,0.0,0
2026-03-05 08:00:00,23.9,63,251.0,1.0,0.0,0
2026-03-05 09:00:00,26.4,52,401.0,1.25,0.0,0
2026-03-05 10:00:00,28.4,47,521.0,1.59,0.0,0
2026-03-05 11:00:00,29.4,44,590.0,2.08,0.0,0
2026-03-05 12:00:00,30.9,41,600.0,2.68,0.0,4
2026-03-05 13:00:00,31.4,38,543.0,3.59,0.0,10
2026-03-05 14:00:00,31.2,34,429.0,3.99,0.0,38
2026-03-05 15:00:00,30.4,39,267.0,3.09,0.0,20
2026-03-05 16:00:00,28.5,49,130.0,2.26,0.0,56
2026-03-05 17:00:00,26.4,58,25.0,0.32,0.0,100
2026-03-05 18:00:00,25.4,63,0.0,0.5,0.0,56
2026-03-05 19:00:00,24.7,66,0.0,0.5,0.0,12
2026-03-05 20:00:00,23.8,68,0.0,1.48,0.0,13
2026-03-05 21:00:00,23.1,69,0.0,1.1,0.0,9
2026-03-05 22:00:00,22.7,67,0.0,0.55,0.0,5
2026-03-05 23:00:00,22.2,72,0.0,0.72,0.0,5
2026-03-06 00:00:00,21.8,72,0.0,0.32,0.0,0
2026-03-06 01:00:00,21.6,73,0.0,0.32,0.0,0
2026-03-06 02:00:00,20.9,76,0.0,0.46,0.0,2
2026-03-06 03:00:00,19.7,85,0.0,0.67,0.0,2
2026-03-06 04:00:00,18.8,92,0.0,0.85,0.0,0
2026-03-06 05:00:00,18.9,92,0.0,0.78,0.0,0
2026-03-06 06:00:00,19.6,91,16.0,1.39,0.0,0
2026-03-06 07:00:00,21.7,78,106.0,1.88,0.0,0
2026-03-06 08:00:00,24.6,63,249.0,2.04,0.0,0
2026-03-06 09:00:00,27.3,54,397.0,2.25,0.0,0
2026-03-06 10:00:00,29.5,47,516.0,2.13,0.0,0
2026-03-06 11:00:00,30.1,44,584.0,2.32,0.0,0
2026-03-06 12:00:00,31.9,37,578.0,3.44,0.0,7
2026-03-06 13:00:00,32.4,34,509.0,1.44,0.0,9
2026-03-06 14:00:00,32.3,35,382.0,1.1,0.0,20
2026-03-06 15:00:00,31.8,37,269.0,1.03,0.0,16
2026-03-06 16:00:00,29.9,54,120.0,0.7,0.0,52
2026-03-06 17:00:00,27.8,56,20.0,1.08,0.0,18
2026-03-06 18:00:00,26.6,56,0.0,2.77,0.0,77
2026-03-06 19:00:00,27.2,52,0.0,3.98,0.0,48
2026-03-06 20:00:00,26.3,55,0.0,2.3,0.0,23
2026-03-06 21:00:00,25.0,58,0.0,1.77,0.0,6
2026-03-06 22:00:00,24.7,58,0.0,2.59,0.0,0
2026-03-06 23:00:00,23.0,68,0.0,1.23,0.0,0
2026-03-07 00:00:00,22.0,77,0.0,1.27,0.0,0
2026-03-07 01:00:00,21.6,79,0.0,0.72,0.0,0
2026-03-07 02:00:00,21.0,82,0.0,0.58,0.0,2
2026-03-07 03:00:00,20.3,85,0.0,0.76,0.0,4
2026-03-07 04:00:00,19.9,86,0.0,0.9,0.0,2
2026-03-07 05:00:00,21.0,78,0.0,1.28,0.0,1
2026-03-07 06:00:00,21.5,79,17.0,0.54,0.0,1
2026-03-07 07:00:00,22.9,73,106.0,2.22,0.0,0
2026-03-07 08:00:00,25.3,62,246.0,1.03,0.0,0
2026-03-07 09:00:00,27.8,53,393.0,0.76,0.0,0
2026-03-07 10:00:00,29.7,47,506.0,1.5,0.0,6
2026-03-07 11:00:00,30.0,45,541.0,1.51,0.0,18
2026-03-07 12:00:00,31.4,41,527.0,0.53,0.0,34
2026-03-07 13:00:00,32.6,32,433.0,0.55,0.0,8
2026-03-07 14:00:00,32.8,32,379.0,1.68,0.0,48
2026-03-07 15:00:00,31.9,35,194.0,1.6,0.0,27
2026-03-07 16:00:00,29.9,44,112.0,1.59,0.0,21
2026-03-07 17:00:00,27.8,52,25.0,0.81,0.0,49
2026-03-07 18:00:00,26.7,52,0.0,2.01,0.0,63
2026-03-07 19:00:00,25.8,56,0.0,1.63,0.0,19
2026-03-07 20:00:00,25.5,58,0.0,1.97,0.0,21
2026-03-07 21:00:00,24.5,62,0.0,1.59,0.0,14
2026-03-07 22:00:00,23.3,68,0.0,1.63,0.0,19
2026-03-07 23:00:00,23.4,68,0.0,1.95,0.0,37
2026-03-08 00:00:00,23.3,69,0.0,1.3,0.0,41
2026-03-08 01:00:00,23.2,70,0.0,1.23,0.0,37
2026-03-08 02:00:00,22.4,75,0.0,1.42,0.0,31
2026-03-08 03:00:00,21.9,78,0.0,1.41,0.0,26
2026-03-08 04:00:00,21.6,79,0.0,1.13,0.0,20
2026-03-08 05:00:00,21.6,79,0.0,1.2,0.0,53
2026-03-08 06:00:00,22.5,79,15.0,0.21,0.0,37
2026-03-08 07:00:00,23.9,69,86.0,0.65,0.0,30
2026-03-08 08:00:00,26.0,58,196.0,0.46,0.0,17
2026-03-08 09:00:00,28.0,50,327.0,1.21,0.0,22
2026-03-08 10:00:00,29.4,46,448.0,1.97,0.0,13
2026-03-08 11:00:00,30.2,44,527.0,1.86,0.0,23
2026-03-08 12:00:00,31.1,41,485.0,2.45,0.0,25
2026-03-08 13:00:00,31.2,40,365.0,2.86,0.0,20
2026-03-08 14:00:00,31.3,38,345.0,3.21,0.0,35
2026-03-08 15:00:00,30.9,39,232.0,3.0,0.0,17
2026-03-08 16:00:00,29.5,46,113.0,2.1,0.0,20
2026-03-08 17:00:00,27.6,56,23.0,2.78,0.0,90
2026-03-08 18:00:00,25.6,62,0.0,4.13,0.0,100
2026-03-08 19:00:00,23.8,76,0.0,4.72,0.0,100
2026-03-08 20:00:00,23.4,79,0.0,2.65,0.0,98
2026-03-08 21:00:00,23.1,83,0.0,2.11,0.0,98
2026-03-08 22:00:00,23.0,84,0.0,1.81,0.0,97
2026-03-08 23:00:00,23.7,80,0.0,1.98,0.0,58
2026-03-09 00:00:00,23.5,78,0.0,1.27,0.0,14
2026-03-09 01:00:00,22.8,81,0.0,0.16,0.0,10
2026-03-09 02:00:00,22.3,88,0.0,2.04,0.0,4
2026-03-09 03:00:00,21.1,88,0.0,3.09,2.0,91
2026-03-09 04:00:00,20.3,94,0.0,2.71,1.8,29
2026-03-09 05:00:00,21.1,90,0.0,2.96,4.7,21
2026-03-09 06:00:00,21.7,87,17.0,1.57,0.0,30
2026-03-09 07:00:00,22.2,79,89.0,3.87,0.0,49
2026-03-09 08:00:00,22.6,73,151.0,2.33,0.0,75
2026-03-09 09:00:00,24.4,67,190.0,1.92,0.0,75
2026-03-09 10:00:00,26.0,62,379.0,2.03,0.1,100
2026-03-09 11:00:00,27.6,54,472.0,2.45,0.0,52
2026-03-09 12:00:00,28.0,54,459.0,2.26,0.0,39
2026-03-09 13:00:00,29.6,50,487.0,1.79,0.0,21
2026-03-09 14:00:00,29.6,51,387.0,2.04,0.0,38
2026-03-09 15:00:00,29.2,53,247.0,2.09,0.0,33
2026-03-09 16:00:00,28.2,59,107.0,2.21,0.0,21
2026-03-09 17:00:00,25.3,76,22.0,1.32,0.0,28
2026-03-09 18:00:00,25.3,77,0.0,1.84,0.5,46
2026-03-09 19:00:00,24.1,79,0.0,1.67,0.8,95
2026-03-09 20:00:00,21.7,93,0.0,1.61,6.1,92
2026-03-09 21:00:00,20.8,92,0.0,1.0,1.6,99
2026-03-09 22:00:00,21.0,95,0.0,1.79,1.2,99
2026-03-09 23:00:00,21.7,95,0.0,1.45,0.2,55
2026-03-10 00:00:00,21.1,98,0.0,0.82,0.0,27
2026-03-10 01:00:00,20.9,98,0.0,0.45,0.0,58
2026-03-10 02:00:00,20.5,98,0.0,0.67,0.0,39
2026-03-10 03:00:00,20.4,99,0.0,0.81,0.0,55
2026-03-10 04:00:00,20.1,100,0.0,0.46,0.0,99
2026-03-10 05:00:00,21.4,84,0.0,0.54,0.0,1
2026-03-10 06:00:00,22.2,81,18.0,0.89,0.0,0
2026-03-10 07:00:00,23.7,74,103.0,0.61,0.0,0
2026-03-10 08:00:00,26.1,59,235.0,0.3,0.0,0
2026-03-10 09:00:00,28.0,55,374.0,0.63,0.0,0
2026-03-10 10:00:00,29.4,52,485.0,1.15,0.0,0
2026-03-10 11:00:00,29.8,51,549.0,1.5,0.0,0
2026-03-10 12:00:00,31.1,48,557.0,1.22,0.0,9
2026-03-10 13:00:00,31.7,44,491.0,1.32,0.0,9
2026-03-10 14:00:00,31.5,43,379.0,1.91,0.0,23
2026-03-10 15:00:00,30.7,48,230.0,2.36,0.0,54
2026-03-10 16:00:00,28.7,57,107.0,1.19,0.0,73
2026-03-10 17:00:00,26.7,63,23.0,1.79,0.0,62
2026-03-10 18:00:00,25.4,67,0.0,2.66,0.0,50
2026-03-10 19:00:00,24.9,68,0.0,2.79,0.0,2
2026-03-10 20:00:00,24.6,69,0.0,1.83,0.0,9
2026-03-10 21:00:00,24.1,71,0.0,1.51,0.0,9
2026-03-10 22:00:00,23.6,73,0.0,1.35,0.0,0
2026-03-10 23:00:00,24.3,72,0.0,1.85,0.0,1
2026-03-11 00:00:00,23.7,75,0.0,1.03,0.0,2
2026-03-11 01:00:00,23.5,77,0.0,0.47,0.0,4
2026-03-11 02:00:00,22.7,82,0.0,1.15,0.0,2
2026-03-11 03:00:00,22.3,84,0.0,1.18,0.0,3
2026-03-11 04:00:00,22.3,82,0.0,0.76,0.0,1
2026-03-11 05:00:00,21.9,85,0.0,0.86,0.0,4
2026-03-11 06:00:00,22.9,80,19.0,0.89,0.0,1
2026-03-11 07:00:00,24.8,69,104.0,0.96,0.0,2
2026-03-11 08:00:00,26.9,60,236.0,0.81,0.0,0
2026-03-11 09:00:00,28.4,56,378.0,1.24,0.0,5
2026-03-11 10:00:00,29.8,53,481.0,1.75,0.0,10
2026-03-11 11:00:00,30.2,53,554.0,2.26,0.0,5
2026-03-11 12:00:00,32.1,45,546.0,2.47,0.0,33
2026-03-11 13:00:00,32.0,43,462.0,3.25,0.1,81
2026-03-11 14:00:00,30.5,49,239.0,2.99,0.0,59
2026-03-11 15:00:00,30.4,49,188.0,2.45,0.0,79
2026-03-11 16:00:00,28.0,57,70.0,4.1,0.0,70
2026-03-11 17:00:00,25.0,76,25.0,2.34,0.0,98
2026-03-11 18:00:00,25.3,73,0.0,0.45,0.0,99
2026-03-11 19:00:00,24.6,76,0.0,1.12,0.0,11
2026-03-11 20:00:00,24.1,81,0.0,1.68,0.5,41
2026-03-11 21:00:00,23.4,81,0.0,4.06,1.4,88
2026-03-11 22:00:00,22.8,81,0.0,3.02,0.0,70
2026-03-11 23:00:00,23.8,82,0.0,2.38,0.0,89
2026-03-12 00:00:00,23.3,82,0.0,1.22,0.0,13
2026-03-12 01:00:00,23.0,84,0.0,1.46,0.0,73
2026-03-12 02:00:00,22.4,88,0.0,0.87,0.0,42
2026-03-12 03:00:00,21.9,90,0.0,1.08,0.0,27
2026-03-12 04:00:00,21.5,92,0.0,1.15,0.0,1
2026-03-12 05:00:00,22.8,83,0.0,0.45,0.0,98
2026-03-12 06:00:00,22.3,84,16.0,2.33,1.6,99
2026-03-12 07:00:00,22.1,86,65.0,2.47,0.1,100
2026-03-12 08:00:00,20.5,98,173.0,5.41,6.0,100
2026-03-12 09:00:00,20.8,95,4.0,1.5,2.7,100
2026-03-12 10:00:00,21.3,96,43.0,1.58,1.7,100
2026-03-12 11:00:00,22.3,92,131.0,3.65,0.6,100
2026-03-12 12:00:00,23.6,83,227.0,3.05,0.1,100
2026-03-12 13:00:00,24.8,77,250.0,2.62,0.0,100
2026-03-12 14:00:00,25.7,72,272.0,2.29,0.0,96
2026-03-12 15:00:00,25.7,73,232.0,2.17,0.0,47
2026-03-12 16:00:00,24.8,76,115.0,2.12,0.0,55
2026-03-12 17:00:00,22.5,98,20.0,0.6,1.5,100
2026-03-12 18:00:00,22.6,97,0.0,1.9,0.1,98
2026-03-12 19:00:00,22.4,93,0.0,2.11,0.0,81
2026-03-12 20:00:00,21.9,95,0.0,2.04,0.0,98
2026-03-12 21:00:00,21.7,94,0.0,2.11,0.0,99
2026-03-12 22:00:00,21.3,93,0.0,2.34,0.0,77
2026-03-12 23:00:00,22.0,95,0.0,2.98,0.0,100
2026-03-13 00:00:00,21.8,95,0.0,0.6,0.0,99
2026-03-13 01:00:00,21.5,97,0.0,1.32,0.0,100
2026-03-13 02:00:00,21.4,98,0.0,1.8,0.0,100
2026-03-13 03:00:00,20.6,100,0.0,3.51,0.4,100
2026-03-13 04:00:00,20.7,93,0.0,2.9,3.2,100
2026-03-13 05:00:00,21.6,94,0.0,2.53,0.3,100
2026-03-13 06:00:00,21.7,91,4.0,2.47,1.1,100
2026-03-13 07:00:00,21.3,95,20.0,2.02,3.1,100
2026-03-13 08:00:00,21.3,97,42.0,2.77,1.6,100
2026-03-13 09:00:00,21.7,96,100.0,2.48,2.4,100
2026-03-13 10:00:00,21.9,93,145.0,3.24,0.7,100
2026-03-13 11:00:00,22.7,84,375.0,3.56,0.1,100
2026-03-13 12:00:00,22.6,83,139.0,2.5,0.1,100
2026-03-13 13:00:00,23.3,78,172.0,2.09,0.1,97
2026-03-13 14:00:00,22.9,80,218.0,0.96,1.8,99
2026-03-13 15:00:00,21.5,93,105.0,2.45,0.6,99
2026-03-13 16:00:00,21.3,91,52.0,2.09,0.7,100
2026-03-13 17:00:00,21.9,90,11.0,1.73,0.0,93
2026-03-13 18:00:00,21.1,95,0.0,2.06,0.0,67
2026-03-13 19:00:00,20.4,98,0.0,2.58,0.0,99
2026-03-13 20:00:00,20.3,94,0.0,1.92,0.0,100
2026-03-13 21:00:00,19.8,93,0.0,2.28,0.0,100
2026-03-13 22:00:00,19.4,96,0.0,0.8,0.4,100
2026-03-13 23:00:00,20.1,98,0.0,1.03,0.0,100
2026-03-14 00:00:00,19.8,99,0.0,1.56,0.1,100
2026-03-14 01:00:00,19.7,98,0.0,1.84,0.1,100
2026-03-14 02:00:00,19.6,97,0.0,1.61,0.0,78
2026-03-14 03:00:00,19.5,97,0.0,1.86,0.1,100
2026-03-14 04:00:00,19.5,98,0.0,1.75,0.2,100
2026-03-14 05:00:00,20.0,97,0.0,2.88,3.6,100
2026-03-14 06:00:00,19.8,98,4.0,3.51,0.7,100
2026-03-14 07:00:00,19.8,95,45.0,3.13,0.1,100
2026-03-14 08:00:00,20.4,89,89.0,3.18,0.1,100
2026-03-14 09:00:00,21.2,84,149.0,3.47,0.0,99
2026-03-14 10:00:00,21.6,82,163.0,3.56,0.0,100
2026-03-14 11:00:00,24.0,72,157.0,2.45,0.0,100
2026-03-14 12:00:00,23.4,73,202.0,2.19,0.1,99
2026-03-14 13:00:00,23.4,74,227.0,2.5,0.0,100
2026-03-14 14:00:00,23.0,73,231.0,3.4,0.0,99
2026-03-14 15:00:00,22.9,74,103.0,0.83,0.0,51
2026-03-14 16:00:00,22.8,76,107.0,1.41,0.0,36
2026-03-14 17:00:00,22.0,83,23.0,1.99,0.0,36
2026-03-14 18:00:00,21.0,89,0.0,2.14,0.0,27
2026-03-14 19:00:00,20.7,90,0.0,2.67,0.0,30
2026-03-14 20:00:00,20.6,91,0.0,3.5,0.0,28
2026-03-14 21:00:00,20.2,94,0.0,3.31,0.0,7
2026-03-14 22:00:00,19.7,96,0.0,3.05,0.0,58
2026-03-14 23:00:00,19.8,95,0.0,3.4,0.0,100
2026-03-15 00:00:00,19.6,96,0.0,2.38,4.2,100
2026-03-15 01:00:00,19.3,94,0.0,3.24,0.8,100
2026-03-15 02:00:00,18.9,99,0.0,3.25,0.1,100
2026-03-15 03:00:00,18.4,98,0.0,1.86,1.5,100
2026-03-15 04:00:00,18.4,98,0.0,2.1,1.4,99
2026-03-15 05:00:00,18.6,98,0.0,1.86,0.6,72
2026-03-15 06:00:00,18.5,98,17.0,2.23,0.1,84
2026-03-15 07:00:00,18.7,96,56.0,2.02,9.1,88
2026-03-15 08:00:00,19.1,93,121.0,1.89,0.6,72
2026-03-15 09:00:00,20.2,86,232.0,0.96,0.2,41
2026-03-15 10:00:00,21.8,77,377.0,1.35,0.0,40
2026-03-15 11:00:00,22.6,72,481.0,1.36,0.1,27
2026-03-15 12:00:00,23.9,67,424.0,2.43,0.0,84
2026-03-15 13:00:00,24.6,66,279.0,1.99,0.0,38
2026-03-15 14:00:00,23.9,71,313.0,3.95,0.0,80
2026-03-15 15:00:00,22.7,72,204.0,2.41,0.0,40
2026-03-15 16:00:00,22.8,72,106.0,1.35,0.0,29
2026-03-15 17:00:00,21.9,84,18.0,0.74,0.0,96
2026-03-15 18:00:00,21.2,89,0.0,1.48,0.0,100
2026-03-15 19:00:00,21.3,85,0.0,2.23,0.0,100
2026-03-15 20:00:00,20.3,89,0.0,1.27,0.0,100
2026-03-15 21:00:00,19.7,89,0.0,2.29,0.0,98
2026-03-15 22:00:00,19.1,91,0.0,4.47,0.0,96
2026-03-15 23:00:00,19.9,98,0.0,3.11,0.0,100
2026-03-16 00:00:00,19.0,98,0.0,3.47,2.0,99
2026-03-16 01:00:00,18.9,97,0.0,1.23,0.0,100
2026-03-16 02:00:00,19.3,97,0.0,0.94,0.3,42
2026-03-16 03:00:00,18.9,98,0.0,0.32,0.1,100
2026-03-16 04:00:00,19.1,98,0.0,1.7,1.6,100
2026-03-16 05:00:00,18.1,93,0.0,2.09,1.4,96
2026-03-16 06:00:00,18.0,91,10.0,3.51,4.1,100
2026-03-16 07:00:00,18.2,93,11.0,0.51,0.3,100
2026-03-16 08:00:00,18.9,90,94.0,0.63,0.0,46
2026-03-16 09:00:00,21.1,77,301.0,2.2,0.0,70
2026-03-16 10:00:00,22.8,71,374.0,1.69,0.0,34
2026-03-16 11:00:00,22.8,71,445.0,2.08,0.0,52
2026-03-16 12:00:00,23.2,69,391.0,1.1,0.0,12
2026-03-16 13:00:00,24.4,65,475.0,0.74,0.0,23
2026-03-16 14:00:00,24.6,65,365.0,1.75,0.0,13
2026-03-16 15:00:00,24.3,67,240.0,2.14,0.0,24
2026-03-16 16:00:00,23.5,71,116.0,0.25,0.0,8
2026-03-16 17:00:00,23.5,81,26.0,0.74,0.0,87
2026-03-16 18:00:00,21.5,84,0.0,1.05,2.2,100
2026-03-16 19:00:00,20.7,92,0.0,0.21,0.7,1
2026-03-16 20:00:00,19.5,97,0.0,1.25,0.0,5
2026-03-16 21:00:00,19.1,98,0.0,1.8,0.0,5
2026-03-16 22:00:00,18.8,97,0.0,1.54,0.0,55
2026-03-16 23:00:00,19.8,96,0.0,2.02,0.0,99
2026-03-17 00:00:00,19.6,95,0.0,2.48,0.1,100
2026-03-17 01:00:00,18.3,92,0.0,1.76,0.2,100
2026-03-17 02:00:00,17.9,93,0.0,1.21,0.0,100
2026-03-17 03:00:00,17.5,95,0.0,1.6,0.0,100
2026-03-17 04:00:00,17.2,97,0.0,2.11,0.0,100
2026-03-17 05:00:00,17.4,98,0.0,0.96,0.0,100
2026-03-17 06:00:00,17.8,94,16.0,3.07,2.9,100
2026-03-17 07:00:00,18.4,92,82.0,2.67,0.0,98
2026-03-17 08:00:00,20.0,85,196.0,1.35,0.0,12
2026-03-17 09:00:00,22.7,73,380.0,2.17,0.0,2
2026-03-17 10:00:00,24.2,67,490.0,2.2,0.0,1
2026-03-17 11:00:00,23.9,68,551.0,0.32,0.0,41
2026-03-17 12:00:00,25.1,63,513.0,0.79,0.0,21
2026-03-17 13:00:00,25.7,60,464.0,1.47,0.0,12
2026-03-17 14:00:00,26.2,60,385.0,2.44,0.0,51
2026-03-17 15:00:00,25.5,65,185.0,2.75,0.0,46
2026-03-17 16:00:00,25.0,69,100.0,1.67,0.0,60
2026-03-17 17:00:00,22.7,76,23.0,0.15,0.0,41
2026-03-17 18:00:00,21.3,78,0.0,0.43,2.8,55
2026-03-17 19:00:00,20.6,85,0.0,0.16,0.4,100
2026-03-17 20:00:00,18.6,93,0.0,2.84,5.8,33
2026-03-17 21:00:00,17.9,96,0.0,1.12,0.0,66
2026-03-17 22:00:00,18.5,95,0.0,0.72,0.0,0
2026-03-17 23:00:00,18.4,90,0.0,3.76,0.0,75
2026-03-18 00:00:00,18.0,94,0.0,2.33,0.0,16
2026-03-18 01:00:00,17.8,96,0.0,1.36,0.0,35
2026-03-18 02:00:00,17.5,97,0.0,0.98,0.0,13
2026-03-18 03:00:00,17.6,96,0.0,1.39,0.0,30
2026-03-18 04:00:00,17.8,97,0.0,1.53,0.0,1
2026-03-18 05:00:00,18.9,94,0.0,2.88,0.0,45
2026-03-18 06:00:00,19.1,92,17.0,1.87,0.0,38
2026-03-18 07:00:00,20.2,86,97.0,2.06,0.0,66
2026-03-18 08:00:00,21.4,79,176.0,1.23,0.0,70
2026-03-18 09:00:00,23.4,68,333.0,1.87,0.0,39
2026-03-18 10:00:00,24.8,64,436.0,1.86,0.0,30
2026-03-18 11:00:00,24.8,65,500.0,2.55,0.0,92
2026-03-18 12:00:00,25.8,61,368.0,1.32,0.0,84
2026-03-18 13:00:00,26.2,58,450.0,0.83,0.0,99
2026-03-18 14:00:00,26.7,57,400.0,1.81,0.0,71
2026-03-18 15:00:00,26.7,59,264.0,2.23,0.0,56
2026-03-18 16:00:00,25.6,65,124.0,2.23,0.0,91
2026-03-18 17:00:00,23.9,77,26.0,1.81,0.0,45
2026-03-18 18:00:00,23.3,79,0.0,2.65,0.0,99
2026-03-18 19:00:00,21.3,79,0.0,5.52,0.0,91
2026-03-18 20:00:00,20.1,83,0.0,3.53,0.0,48
2026-03-18 21:00:00,19.6,85,0.0,3.23,0.0,22
2026-03-18 22:00:00,19.1,86,0.0,3.25,0.0,88
2026-03-18 23:00:00,19.8,83,0.0,4.16,0.0,100
2026-03-19 00:00:00,19.6,84,0.0,4.35,0.0,100
2026-03-19 01:00:00,19.2,88,0.0,2.41,0.0,100
2026-03-19 02:00:00,19.1,91,0.0,2.87,0.3,100
2026-03-19 03:00:00,18.7,95,0.0,2.66,0.1,100
2026-03-19 04:00:00,18.5,96,0.0,2.52,0.0,98
2026-03-19 05:00:00,18.1,97,0.0,1.17,0.0,40
2026-03-19 06:00:00,18.8,91,24.0,2.77,0.0,98
2026-03-19 07:00:00,19.8,86,107.0,3.9,0.0,98
2026-03-19 08:00:00,21.1,79,208.0,3.42,0.0,77
2026-03-19 09:00:00,22.5,74,368.0,2.73,0.0,23
2026-03-19 10:00:00,24.1,69,488.0,2.75,0.0,92
2026-03-19 11:00:00,25.1,64,554.0,2.81,0.0,99
2026-03-19 12:00:00,26.6,60,558.0,2.64,0.0,59
2026-03-19 13:00:00,27.1,58,510.0,2.48,0.0,16
2026-03-19 14:00:00,27.2,58,402.0,2.65,0.0,28
2026-03-19 15:00:00,26.6,61,262.0,3.02,0.0,48
2026-03-19 16:00:00,25.3,66,117.0,2.3,0.0,79
2026-03-19 17:00:00,23.2,75,25.0,1.56,0.0,44
2026-03-19 18:00:00,22.3,79,0.0,1.52,0.0,95
2026-03-19 19:00:00,22.3,78,0.0,1.8,0.0,77
2026-03-19 20:00:00,21.9,80,0.0,1.6,0.0,42
2026-03-19 21:00:00,21.2,82,0.0,2.24,0.0,40
2026-03-19 22:00:00,20.7,83,0.0,2.67,0.0,27
2026-03-19 23:00:00,20.5,85,0.0,3.17,0.0,43
2026-03-20 00:00:00,19.3,92,0.0,2.41,0.7,97
2026-03-20 01:00:00,19.0,92,0.0,2.13,0.0,100
2026-03-20 02:00:00,18.8,95,0.0,1.25,0.3,99
2026-03-20 03:00:00,18.4,98,0.0,2.53,0.0,79
2026-03-20 04:00:00,18.3,97,0.0,2.0,0.0,62
2026-03-20 05:00:00,19.3,100,0.0,2.62,0.0,86
2026-03-20 06:00:00,19.6,98,17.0,2.44,0.0,98
2026-03-20 07:00:00,20.2,94,79.0,3.13,0.0,100
2026-03-20 08:00:00,20.7,90,144.0,2.93,0.0,100
2026-03-20 09:00:00,21.6,84,202.0,3.17,0.0,100
2026-03-20 10:00:00,22.5,79,208.0,2.06,0.1,100
2026-03-20 11:00:00,20.7,90,256.0,2.1,0.1,100
2026-03-20 12:00:00,22.4,79,294.0,3.74,0.1,100
2026-03-20 13:00:00,23.1,74,312.0,3.56,0.0,100
2026-03-20 14:00:00,23.7,72,279.0,3.58,0.0,99
2026-03-20 15:00:00,24.0,71,197.0,3.52,0.0,100
2026-03-20 16:00:00,23.3,75,103.0,2.4,0.0,99
2026-03-20 17:00:00,22.0,83,30.0,2.93,0.0,100
2026-03-20 18:00:00,21.9,85,0.0,3.87,0.0,100
2026-03-20 19:00:00,21.4,85,0.0,2.5,0.0,100
2026-03-20 20:00:00,20.9,84,0.0,1.95,0.0,100
2026-03-20 21:00:00,20.4,83,0.0,1.7,0.6,100
2026-03-20 22:00:00,20.1,87,0.0,1.74,0.0,100
2026-03-20 23:00:00,19.8,94,0.0,1.92,0.0,100
2026-03-21 00:00:00,19.5,97,0.0,2.47,0.3,100
2026-03-21 01:00:00,19.2,98,0.0,3.47,0.1,100
2026-03-21 02:00:00,19.1,95,0.0,2.86,0.0,99
2026-03-21 03:00:00,18.5,98,0.0,1.44,1.2,100
2026-03-21 04:00:00,18.8,96,0.0,1.42,2.7,100
2026-03-21 05:00:00,19.2,97,0.0,1.41,0.6,100
2026-03-21 06:00:00,19.1,98,3.0,0.81,1.6,100
2026-03-21 07:00:00,19.8,92,55.0,1.63,0.1,99
2026-03-21 08:00:00,20.6,88,111.0,2.26,0.0,100
2026-03-21 09:00:00,21.2,83,158.0,3.29,0.0,100
2026-03-21 10:00:00,22.5,75,249.0,2.51,0.0,100
2026-03-21 11:00:00,24.1,69,133.0,2.51,0.0,100
2026-03-21 12:00:00,23.8,72,195.0,1.74,0.2,100
2026-03-21 13:00:00,25.2,69,376.0,2.71,0.2,100
2026-03-21 14:00:00,24.3,72,122.0,2.23,0.0,100
2026-03-21 15:00:00,23.7,77,84.0,2.69,0.0,100
2026-03-21 16:00:00,22.2,81,87.0,2.76,0.0,100
2026-03-21 17:00:00,20.0,89,17.0,0.47,0.0,100
2026-03-21 18:00:00,20.3,93,0.0,2.41,0.0,100
2026-03-21 19:00:00,20.0,95,0.0,3.03,0.3,100
2026-03-21 20:00:00,19.0,95,0.0,3.64,0.7,100
2026-03-21 21:00:00,18.6,95,0.0,1.7,2.2,100
2026-03-21 22:00:00,18.2,97,0.0,1.52,3.1,100
2026-03-21 23:00:00,18.8,97,0.0,1.74,3.0,100
2026-03-22 00:00:00,18.8,97,0.0,3.18,0.7,100
2026-03-22 01:00:00,18.5,96,0.0,2.49,0.3,100
2026-03-22 02:00:00,18.7,95,0.0,1.57,0.2,54
2026-03-22 03:00:00,18.4,98,0.0,1.05,0.0,37
2026-03-22 04:00:00,18.1,99,0.0,1.06,0.0,67
2026-03-22 05:00:00,17.7,95,0.0,4.38,0.0,100
2026-03-22 06:00:00,18.4,94,9.0,0.64,0.7,44
2026-03-22 07:00:00,19.4,90,121.0,0.52,0.3,22
2026-03-22 08:00:00,20.8,83,247.0,1.57,0.0,27
2026-03-22 09:00:00,22.6,74,385.0,1.83,0.0,19
2026-03-22 10:00:00,24.1,67,525.0,1.74,0.0,2
2026-03-22 11:00:00,24.6,66,584.0,1.38,0.0,17
2026-03-22 12:00:00,25.5,64,502.0,2.55,0.1,48
2026-03-22 13:00:00,25.6,63,440.0,2.41,0.1,13
2026-03-22 14:00:00,24.9,64,302.0,3.4,0.0,51
2026-03-22 15:00:00,24.9,65,232.0,1.9,0.0,38
2026-03-22 16:00:00,22.6,75,127.0,4.36,1.4,99
2026-03-22 17:00:00,21.5,79,14.0,3.52,0.9,100
2026-03-22 18:00:00,20.8,83,0.0,2.1,0.0,100
2026-03-22 19:00:00,20.6,86,0.0,2.62,0.4,100
2026-03-22 20:00:00,20.5,88,0.0,1.04,0.1,100
2026-03-22 21:00:00,20.2,90,0.0,2.0,0.2,70
2026-03-22 22:00:00,19.7,91,0.0,1.06,0.1,97
2026-03-22 23:00:00,19.8,94,0.0,1.77,0.1,99
2026-03-23 00:00:00,19.4,95,0.0,0.85,0.9,67
2026-03-23 01:00:00,18.7,96,0.0,1.89,1.2,100
2026-03-23 02:00:00,18.5,94,0.0,1.19,0.3,95
2026-03-23 03:00:00,18.4,96,0.0,0.41,0.1,74
2026-03-23 04:00:00,18.3,96,0.0,0.51,0.1,85
2026-03-23 05:00:00,19.0,90,0.0,0.51,0.3,95
2026-03-23 06:00:00,18.9,93,20.0,1.38,0.6,65
2026-03-23 07:00:00,19.4,95,93.0,0.38,0.1,22
2026-03-23 08:00:00,20.9,83,230.0,0.61,0.0,35
2026-03-23 09:00:00,22.3,75,315.0,1.43,0.0,18
2026-03-23 10:00:00,23.8,69,484.0,1.74,0.0,3
2026-03-23 11:00:00,24.5,64,584.0,2.0,0.0,9
2026-03-23 12:00:00,26.0,57,580.0,2.47,0.0,18
2026-03-23 13:00:00,26.3,56,494.0,2.65,0.1,24
2026-03-23 14:00:00,26.5,56,395.0,2.25,0.0,9
2026-03-23 15:00:00,26.6,56,250.0,1.76,0.0,12
2026-03-23 16:00:00,25.1,69,124.0,0.93,0.0,16
2026-03-23 17:00:00,22.9,73,27.0,1.1,0.0,23
2026-03-23 18:00:00,21.5,80,0.0,0.75,0.0,48
2026-03-23 19:00:00,21.0,86,0.0,1.02,0.1,70
2026-03-23 20:00:00,20.9,88,0.0,0.79,0.0,97
2026-03-23 21:00:00,20.5,89,0.0,0.99,0.0,63
2026-03-23 22:00:00,20.0,93,0.0,1.47,0.0,59
2026-03-23 23:00:00,21.1,80,0.0,0.91,0.0,93
2026-03-24 00:00:00,20.7,87,0.0,0.87,0.0,98
2026-03-24 01:00:00,20.2,94,0.0,1.5,0.0,70
2026-03-24 02:00:00,19.7,97,0.0,1.81,0.1,98
2026-03-24 03:00:00,19.2,98,0.0,1.7,0.0,91
2026-03-24 04:00:00,18.9,99,0.0,2.51,0.0,91
2026-03-24 05:00:00,19.2,98,0.0,1.78,0.0,100
2026-03-24 06:00:00,19.7,95,28.0,2.04,0.0,61
2026-03-24 07:00:00,20.8,90,121.0,2.39,0.0,33
2026-03-24 08:00:00,22.3,82,259.0,1.98,0.0,15
2026-03-24 09:00:00,24.0,75,400.0,1.8,0.0,7
2026-03-24 10:00:00,25.5,67,513.0,1.87,0.0,23
2026-03-24 11:00:00,25.9,63,579.0,0.67,0.0,37
2026-03-24 12:00:00,27.3,54,573.0,1.22,0.0,48
2026-03-24 13:00:00,27.8,51,488.0,1.82,0.0,95
2026-03-24 14:00:00,20.3,92,197.0,4.42,6.9,72
2026-03-24 15:00:00,21.4,87,192.0,0.8,0.1,14
2026-03-24 16:00:00,21.3,87,134.0,2.57,0.0,7
2026-03-24 17:00:00,21.4,86,34.0,2.31,0.0,39
2026-03-24 18:00:00,20.8,91,0.0,0.16,0.1,10
2026-03-24 19:00:00,20.0,95,0.0,0.62,0.0,80
2026-03-24 20:00:00,20.0,97,0.0,2.64,0.2,80
2026-03-24 21:00:00,19.6,91,0.0,1.35,0.2,98
2026-03-24 22:00:00,18.7,98,0.0,1.9,6.6,91
2026-03-24 23:00:00,18.9,94,0.0,1.92,2.5,98
2026-03-25 00:00:00,18.6,96,0.0,1.34,4.2,100
2026-03-25 01:00:00,18.6,91,0.0,1.46,2.4,65
2026-03-25 02:00:00,17.8,91,0.0,0.65,0.1,16
2026-03-25 03:00:00,17.5,93,0.0,1.12,0.0,37
2026-03-25 04:00:00,17.6,93,0.0,1.61,0.0,18
2026-03-25 05:00:00,19.0,98,0.0,1.75,0.0,36
2026-03-25 06:00:00,19.4,96,27.0,2.71,0.0,49
2026-03-25 07:00:00,19.9,91,112.0,2.55,0.0,36
2026-03-25 08:00:00,20.9,82,231.0,2.66,0.0,57
2026-03-25 09:00:00,22.3,74,357.0,2.52,0.0,52
2026-03-25 10:00:00,23.1,71,467.0,2.07,0.0,11
2026-03-25 11:00:00,24.5,65,599.0,1.1,0.0,8
2026-03-25 12:00:00,25.7,62,620.0,2.07,0.0,27
2026-03-25 13:00:00,25.8,61,556.0,2.6,0.0,76
2026-03-25 14:00:00,25.4,62,386.0,2.29,0.0,37
2026-03-25 15:00:00,25.2,63,266.0,1.81,0.0,12
2026-03-25 16:00:00,24.5,69,139.0,1.34,0.0,32
2026-03-25 17:00:00,22.9,78,32.0,1.91,0.0,22
2026-03-25 18:00:00,22.2,82,0.0,2.62,0.0,70
2026-03-25 19:00:00,22.2,80,0.0,2.02,0.1,85
2026-03-25 20:00:00,22.0,81,0.0,2.91,0.1,70
2026-03-25 21:00:00,20.2,96,0.0,1.41,2.8,98
2026-03-25 22:00:00,20.1,97,0.0,1.0,0.5,13
2026-03-25 23:00:00,20.2,98,0.0,1.77,0.0,8
2026-03-26 00:00:00,19.8,98,0.0,2.57,0.0,2
2026-03-26 01:00:00,19.2,98,0.0,2.6,0.0,1
2026-03-26 02:00:00,18.9,98,0.0,2.57,0.0,1
2026-03-26 03:00:00,18.7,98,0.0,2.69,0.0,5
2026-03-26 04:00:00,18.5,99,0.0,2.33,0.0,6
2026-03-26 05:00:00,19.0,99,0.0,2.55,0.0,97
2026-03-26 06:00:00,19.5,97,32.0,3.2,0.0,100
2026-03-26 07:00:00,20.6,91,107.0,3.75,0.0,100
2026-03-26 08:00:00,21.5,87,149.0,3.5,0.0,100
2026-03-26 09:00:00,23.5,77,324.0,3.01,0.0,72
2026-03-26 10:00:00,25.3,71,498.0,2.8,0.0,9
2026-03-26 11:00:00,26.2,67,594.0,2.93,0.0,21
2026-03-26 12:00:00,27.4,61,561.0,2.87,0.0,5
2026-03-26 13:00:00,27.9,59,533.0,2.37,0.0,4
2026-03-26 14:00:00,28.1,57,428.0,2.12,0.0,6
2026-03-26 15:00:00,27.5,57,283.0,2.24,0.0,5
2026-03-26 16:00:00,26.3,65,142.0,1.36,0.0,7
2026-03-26 17:00:00,24.9,72,35.0,0.72,0.0,14
2026-03-26 18:00:00,23.7,78,0.0,0.98,0.0,63
2026-03-26 19:00:00,22.8,80,0.0,0.34,0.3,27
2026-03-26 20:00:00,21.4,83,0.0,3.91,1.0,63
2026-03-26 21:00:00,20.7,91,0.0,0.96,0.0,5
2026-03-26 22:00:00,20.1,95,0.0,1.71,0.0,0
2026-03-26 23:00:00,20.8,90,0.0,1.53,0.0,0
2026-03-27 00:00:00,19.6,97,0.0,1.21,0.0,1
2026-03-27 01:00:00,19.5,99,0.0,1.49,0.0,0
2026-03-27 02:00:00,19.3,98,0.0,1.55,0.0,4
2026-03-27 03:00:00,19.2,97,0.0,1.9,0.0,8
2026-03-27 04:00:00,18.8,98,0.0,1.88,0.0,5
2026-03-27 05:00:00,19.4,94,0.0,1.97,0.0,5
2026-03-27 06:00:00,20.4,90,39.0,2.15,0.0,13
2026-03-27 07:00:00,22.3,82,151.0,1.48,0.0,27
2026-03-27 08:00:00,24.4,72,297.0,1.74,0.0,31
2026-03-27 09:00:00,25.7,67,427.0,2.33,0.0,27
2026-03-27 10:00:00,27.2,63,542.0,2.55,0.0,73
2026-03-27 11:00:00,27.5,62,632.0,3.36,0.0,90
2026-03-27 12:00:00,28.8,58,570.0,2.82,0.0,20
2026-03-27 13:00:00,28.7,59,514.0,3.02,0.0,7
2026-03-27 14:00:00,28.2,61,435.0,2.57,0.0,37
2026-03-27 15:00:00,27.9,62,260.0,2.15,0.0,100
2026-03-27 16:00:00,26.9,69,115.0,1.68,0.0,100
2026-03-27 17:00:00,24.5,75,34.0,1.66,3.5,62
2026-03-27 18:00:00,24.0,78,0.0,3.25,0.0,52
2026-03-27 19:00:00,23.0,82,0.0,2.99,0.0,76
2026-03-27 20:00:00,22.5,83,0.0,1.88,0.1,99
2026-03-27 21:00:00,22.2,83,0.0,1.96,0.0,100
2026-03-27 22:00:00,21.7,87,0.0,2.01,0.0,100
2026-03-27 23:00:00,22.0,85,0.0,3.25,0.0,23
2026-03-28 00:00:00,21.2,89,0.0,1.63,0.0,100
2026-03-28 01:00:00,21.1,91,0.0,2.82,0.0,100
2026-03-28 02:00:00,21.0,91,0.0,3.15,0.0,100
2026-03-28 03:00:00,20.8,90,0.0,2.9,0.0,100
2026-03-28 04:00:00,20.4,91,0.0,2.01,1.2,100
2026-03-28 05:00:00,19.8,95,0.0,1.76,5.1,100
2026-03-28 06:00:00,19.9,96,11.0,0.57,0.8,100
2026-03-28 07:00:00,20.2,95,21.0,1.06,1.5,100
2026-03-28 08:00:00,20.1,96,23.0,1.35,2.4,100
2026-03-28 09:00:00,20.1,96,42.0,2.45,5.0,100
2026-03-28 10:00:00,20.3,95,81.0,2.66,1.1,100
2026-03-28 11:00:00,20.4,86,190.0,3.53,0.7,100
2026-03-28 12:00:00,21.7,80,272.0,4.5,0.2,73
2026-03-28 13:00:00,23.8,70,484.0,4.43,0.0,99
2026-03-28 14:00:00,23.8,70,341.0,4.29,0.0,100
2026-03-28 15:00:00,23.4,72,202.0,2.35,0.0,100
2026-03-28 16:00:00,22.9,76,108.0,2.48,0.0,100
2026-03-28 17:00:00,21.2,88,16.0,1.3,0.0,98
2026-03-28 18:00:00,20.3,93,0.0,1.8,0.0,48
2026-03-28 19:00:00,19.8,95,0.0,1.6,0.0,29
2026-03-28 20:00:00,19.6,95,0.0,1.45,0.0,55
2026-03-28 21:00:00,18.9,94,0.0,1.53,0.2,30
2026-03-28 22:00:00,18.0,98,0.0,0.79,0.1,53
2026-03-28 23:00:00,19.2,96,0.0,2.28,0.1,62
2026-03-29 00:00:00,19.2,95,0.0,0.18,1.3,84
2026-03-29 01:00:00,18.8,98,0.0,1.42,1.9,100
2026-03-29 02:00:00,18.7,97,0.0,0.85,1.4,100
2026-03-29 03:00:00,18.5,98,0.0,1.24,1.7,100
2026-03-29 04:00:00,18.4,95,0.0,0.76,1.3,100
2026-03-29 05:00:00,19.1,96,0.0,1.15,1.8,96
2026-03-29 06:00:00,19.4,95,24.0,1.63,0.3,80
2026-03-29 07:00:00,19.7,95,81.0,1.49,1.5,100
2026-03-29 08:00:00,20.0,93,104.0,1.02,1.3,100
2026-03-29 09:00:00,20.2,93,120.0,0.81,0.8,88
2026-03-29 10:00:00,21.7,86,309.0,0.39,0.3,68
2026-03-29 11:00:00,20.9,84,470.0,0.62,0.0,100
2026-03-29 12:00:00,21.5,80,192.0,0.51,0.0,100
2026-03-29 13:00:00,21.6,79,124.0,1.11,0.1,100
2026-03-29 14:00:00,22.0,78,151.0,0.99,0.0,100
2026-03-29 15:00:00,22.5,76,158.0,1.03,0.0,61
2026-03-29 16:00:00,22.3,79,124.0,1.09,0.0,22
2026-03-29 17:00:00,20.7,95,38.0,2.1,0.0,45
2026-03-29 18:00:00,20.1,97,0.0,1.75,0.0,56
2026-03-29 19:00:00,19.8,96,0.0,2.56,0.0,38
2026-03-29 20:00:00,19.4,96,0.0,2.0,0.0,30
2026-03-29 21:00:00,19.3,96,0.0,2.41,0.0,72
2026-03-29 22:00:00,19.0,97,0.0,2.11,0.0,91
2026-03-29 23:00:00,19.9,97,0.0,2.19,0.0,88
2026-03-30 00:00:00,19.5,99,0.0,2.58,0.0,48
2026-03-30 01:00:00,19.4,98,0.0,2.29,0.0,71
2026-03-30 02:00:00,19.2,98,0.0,3.13,0.0,97
2026-03-30 03:00:00,19.1,98,0.0,2.95,0.0,48
2026-03-30 04:00:00,18.9,98,0.0,2.46,0.0,84
2026-03-30 05:00:00,19.1,98,0.0,1.21,0.0,80
2026-03-30 06:00:00,20.0,94,36.0,2.78,0.0,80
2026-03-30 07:00:00,21.0,87,113.0,2.79,0.0,73
2026-03-30 08:00:00,21.8,82,134.0,2.4,0.0,98
2026-03-30 09:00:00,22.8,76,225.0,2.7,0.0,100
2026-03-30 10:00:00,23.7,72,258.0,2.59,0.0,63
2026-03-30 11:00:00,24.7,70,476.0,2.6,0.0,67
2026-03-30 12:00:00,26.2,65,541.0,2.38,0.0,95
2026-03-30 13:00:00,26.1,64,450.0,1.85,0.2,99
2026-03-30 14:00:00,24.7,75,129.0,1.64,0.4,37
2026-03-30 15:00:00,25.3,69,239.0,1.39,0.0,51
2026-03-30 16:00:00,24.7,75,117.0,0.52,0.0,55
2026-03-30 17:00:00,22.2,85,27.0,1.19,0.0,47
2026-03-30 18:00:00,21.6,90,0.0,1.17,0.1,42
2026-03-30 19:00:00,21.3,91,0.0,1.57,0.1,54
2026-03-30 20:00:00,21.1,92,0.0,1.45,0.0,78
2026-03-30 21:00:00,20.7,95,0.0,1.6,0.1,20
2026-03-30 22:00:00,20.6,96,0.0,1.9,0.2,98
2026-03-30 23:00:00,21.1,97,0.0,1.46,0.0,15
2026-03-31 00:00:00,20.7,98,0.0,2.09,0.0,31
2026-03-31 01:00:00,20.2,98,0.0,2.08,0.0,10
2026-03-31 02:00:00,19.8,98,0.0,1.91,0.0,34
2026-03-31 03:00:00,19.8,99,0.0,2.75,0.0,75
2026-03-31 04:00:00,19.8,99,0.0,1.81,0.0,76
2026-03-31 05:00:00,20.0,98,0.0,2.36,0.1,94
2026-03-31 06:00:00,20.4,98,38.0,2.26,0.2,98
2026-03-31 07:00:00,21.1,94,85.0,3.16,0.4,83
2026-03-31 08:00:00,22.9,85,223.0,3.35,0.0,100
2026-03-31 09:00:00,24.0,82,245.0,1.31,0.5,100
2026-03-31 10:00:00,24.8,80,283.0,2.16,0.4,100
2026-03-31 11:00:00,26.1,70,450.0,0.35,0.0,100
2026-03-31 12:00:00,26.4,70,321.0,1.21,0.0,100
2026-03-31 13:00:00,27.0,69,336.0,1.16,0.0,39
2026-03-31 14:00:00,27.0,68,326.0,1.61,0.0,98
2026-03-31 15:00:00,26.9,67,270.0,1.24,0.0,45
2026-03-31 16:00:00,26.2,72,150.0,0.68,0.0,30
2026-03-31 17:00:00,24.5,79,38.0,1.01,0.0,91
2026-03-31 18:00:00,21.6,91,0.0,3.7,0.4,56
2026-03-31 19:00:00,21.5,95,0.0,0.87,0.1,89
2026-03-31 20:00:00,21.4,97,0.0,1.76,0.1,98
2026-03-31 21:00:00,21.4,97,0.0,0.68,0.3,99
2026-03-31 22:00:00,20.9,98,0.0,1.1,0.6,99
2026-03-31 23:00:00,21.5,98,0.0,2.37,0.1,95
2026-04-01 00:00:00,21.0,97,0.0,0.21,0.0,95
2026-04-01 01:00:00,20.6,97,0.0,0.21,0.0,91
2026-04-01 02:00:00,20.7,98,0.0,1.91,1.2,100
2026-04-01 03:00:00,20.2,98,0.0,1.18,2.0,98
2026-04-01 04:00:00,19.6,100,0.0,1.71,7.1,99
2026-04-01 05:00:00,20.8,99,1.0,1.66,2.9,100
2026-04-01 06:00:00,21.0,97,26.0,0.85,0.0,99
2026-04-01 07:00:00,21.7,93,122.0,1.65,0.0,100
2026-04-01 08:00:00,22.7,87,206.0,0.74,0.0,59
2026-04-01 09:00:00,24.4,79,374.0,0.85,0.0,51
2026-04-01 10:00:00,25.2,75,424.0,1.78,0.0,41
2026-04-01 11:00:00,24.2,79,539.0,1.69,0.0,68
2026-04-01 12:00:00,25.6,75,577.0,2.57,0.0,66
2026-04-01 13:00:00,25.3,76,459.0,2.59,0.0,41
2026-04-01 14:00:00,25.2,76,407.0,4.01,0.0,48
2026-04-01 15:00:00,24.0,80,294.0,2.55,0.0,54
2026-04-01 16:00:00,23.3,83,132.0,1.74,0.0,100
2026-04-01 17:00:00,23.8,89,23.0,1.41,0.2,91
2026-04-01 18:00:00,22.7,92,0.0,5.22,0.3,100
2026-04-01 19:00:00,22.0,95,0.0,0.18,0.0,9
2026-04-01 20:00:00,21.3,95,0.0,1.03,0.0,46
2026-04-01 21:00:00,21.4,95,0.0,0.49,0.0,97
2026-04-01 22:00:00,21.6,97,0.0,1.78,0.6,48
2026-04-01 23:00:00,22.1,95,0.0,2.99,0.0,33
2026-04-02 00:00:00,21.5,96,0.0,1.5,0.0,55
2026-04-02 01:00:00,21.3,95,0.0,0.85,0.2,18
2026-04-02 02:00:00,21.3,95,0.0,0.21,0.1,88
2026-04-02 03:00:00,21.1,95,0.0,1.12,0.4,70
2026-04-02 04:00:00,21.1,93,0.0,1.52,0.1,50
2026-04-02 05:00:00,21.0,97,1.0,0.86,0.1,26
2026-04-02 06:00:00,21.7,95,42.0,1.3,0.0,34
2026-04-02 07:00:00,22.6,90,159.0,0.97,0.0,32
2026-04-02 08:00:00,24.0,80,300.0,1.58,0.0,29
2026-04-02 09:00:00,25.7,75,458.0,1.49,0.0,24
2026-04-02 10:00:00,27.0,72,563.0,1.05,0.0,5
2026-04-02 11:00:00,27.0,72,669.0,1.81,0.0,21
2026-04-02 12:00:00,29.3,65,551.0,2.06,0.7,26
2026-04-02 13:00:00,30.8,61,510.0,4.38,0.0,20
2026-04-02 14:00:00,31.2,52,429.0,5.5,0.0,20
2026-04-02 15:00:00,31.0,52,308.0,5.21,0.0,41
2026-04-02 16:00:00,29.7,56,154.0,3.19,0.0,68
2026-04-02 17:00:00,26.5,84,42.0,2.2,0.0,98
2026-04-02 18:00:00,25.7,87,0.0,1.63,0.0,86
2026-04-02 19:00:00,24.9,89,0.0,2.05,0.0,46
2026-04-02 20:00:00,24.9,90,0.0,2.55,0.0,2
2026-04-02 21:00:00,23.8,93,0.0,2.53,0.0,54
2026-04-02 22:00:00,23.4,92,0.0,2.83,0.0,59
2026-04-02 23:00:00,22.8,96,0.0,2.86,0.1,46
2026-04-03 00:00:00,22.4,96,0.0,2.15,0.3,40
2026-04-03 01:00:00,21.8,95,0.0,3.34,0.2,80
2026-04-03 02:00:00,21.2,97,0.0,2.52,0.0,16
2026-04-03 03:00:00,20.8,99,0.0,2.4,0.0,18
2026-04-03 04:00:00,20.7,99,0.0,2.37,0.0,44
2026-04-03 05:00:00,21.4,97,1.0,3.4,0.0,75
2026-04-03 06:00:00,22.0,93,48.0,3.3,0.0,34
2026-04-03 07:00:00,23.0,88,168.0,3.62,0.0,42
2026-04-03 08:00:00,24.6,80,317.0,3.83,0.0,51
2026-04-03 09:00:00,26.0,74,448.0,3.49,0.0,24
2026-04-03 10:00:00,27.6,68,571.0,3.69,0.0,36
2026-04-03 11:00:00,28.1,65,587.0,3.11,0.0,11
2026-04-03 12:00:00,29.0,62,647.0,3.61,0.0,9
2026-04-03 13:00:00,29.3,60,590.0,3.23,0.0,13
2026-04-03 14:00:00,29.4,60,447.0,2.18,0.0,20
2026-04-03 15:00:00,29.0,61,305.0,2.55,0.0,10
2026-04-03 16:00:00,28.1,68,158.0,2.02,0.0,7
2026-04-03 17:00:00,26.2,76,44.0,1.72,0.0,59
2026-04-03 18:00:00,25.0,86,0.0,1.55,1.4,82
2026-04-03 19:00:00,24.4,88,0.0,0.87,3.3,63
2026-04-03 20:00:00,23.2,93,0.0,3.95,2.5,20
2026-04-03 21:00:00,23.0,91,0.0,3.4,0.0,63
2026-04-03 22:00:00,22.7,91,0.0,2.21,0.0,81
2026-04-03 23:00:00,22.8,91,0.0,3.13,0.0,100
2026-04-04 00:00:00,22.3,93,0.0,3.28,0.1,77
2026-04-04 01:00:00,21.8,95,0.0,3.65,0.0,99
2026-04-04 02:00:00,21.8,95,0.0,2.51,0.0,100
2026-04-04 03:00:00,21.4,97,0.0,2.5,0.0,98
2026-04-04 04:00:00,21.2,97,0.0,2.66,0.0,100
2026-04-04 05:00:00,22.0,98,2.0,2.3,0.0,97
2026-04-04 06:00:00,22.5,94,44.0,2.91,0.1,100
2026-04-04 07:00:00,23.3,90,149.0,2.88,0.4,100
2026-04-04 08:00:00,24.5,82,261.0,3.28,0.0,98
2026-04-04 09:00:00,25.9,75,333.0,2.95,0.0,91
2026-04-04 10:00:00,27.6,68,523.0,2.39,0.0,97
2026-04-04 11:00:00,28.1,65,557.0,2.37,0.0,100
2026-04-04 12:00:00,29.3,61,632.0,2.04,0.0,100
2026-04-04 13:00:00,29.1,62,508.0,2.96,0.0,99
2026-04-04 14:00:00,29.2,63,488.0,2.93,0.0,100
2026-04-04 15:00:00,28.3,66,305.0,2.53,0.0,100
2026-04-04 16:00:00,27.5,72,147.0,1.57,0.0,99
2026-04-04 17:00:00,26.6,78,41.0,1.3,0.0,100
2026-04-04 18:00:00,24.2,87,0.0,3.13,0.2,96
2026-04-04 19:00:00,24.0,88,0.0,1.95,0.2,93
2026-04-04 20:00:00,23.6,91,0.0,1.52,0.1,99
2026-04-04 21:00:00,23.2,92,0.0,2.82,0.0,98
2026-04-04 22:00:00,22.8,94,0.0,2.66,0.0,85
2026-04-04 23:00:00,22.9,95,0.0,3.43,0.0,100
2026-04-05 00:00:00,22.4,97,0.0,2.04,0.0,99
2026-04-05 01:00:00,22.1,100,0.0,2.6,0.0,99
2026-04-05 02:00:00,22.0,100,0.0,2.76,0.0,98
2026-04-05 03:00:00,21.6,99,0.0,3.51,0.0,99
2026-04-05 04:00:00,21.3,99,0.0,2.9,0.0,100
2026-04-05 05:00:00,21.9,96,2.0,2.64,0.0,99
2026-04-05 06:00:00,22.8,92,58.0,2.41,0.0,100
2026-04-05 07:00:00,24.2,87,182.0,1.8,0.0,99
2026-04-05 08:00:00,25.8,81,334.0,1.88,0.0,100
2026-04-05 09:00:00,27.7,72,505.0,1.48,0.0,91
2026-04-05 10:00:00,28.8,66,587.0,2.03,0.0,98
2026-04-05 11:00:00,29.4,65,609.0,1.69,0.0,73
2026-04-05 12:00:00,30.4,63,612.0,3.61,0.0,40
2026-04-05 13:00:00,30.2,66,605.0,3.49,0.0,52
2026-04-05 14:00:00,31.4,45,476.0,7.38,0.0,97
2026-04-05 15:00:00,30.4,45,343.0,7.41,0.0,100
2026-04-05 16:00:00,29.2,49,175.0,5.84,0.0,94
2026-04-05 17:00:00,27.6,58,51.0,4.22,0.0,97
2026-04-05 18:00:00,26.6,61,1.0,3.75,0.0,17
2026-04-05 19:00:00,25.5,65,0.0,3.18,0.0,29
2026-04-05 20:00:00,24.2,73,0.0,1.95,0.0,3
2026-04-05 21:00:00,23.3,75,0.0,1.7,0.0,59
2026-04-05 22:00:00,23.2,78,0.0,3.52,0.0,2
2026-04-05 23:00:00,22.8,85,0.0,2.19,0.0,0
2026-04-06 00:00:00,21.8,89,0.0,1.13,0.0,0
2026-04-06 01:00:00,21.5,89,0.0,0.46,0.0,0
2026-04-06 02:00:00,21.4,91,0.0,0.18,0.0,0
2026-04-06 03:00:00,21.3,91,0.0,0.27,0.0,0
2026-04-06 04:00:00,21.0,92,0.0,0.57,0.0,1
2026-04-06 05:00:00,21.1,93,2.0,0.97,0.0,3
2026-04-06 06:00:00,22.5,89,64.0,2.01,0.0,5
2026-04-06 07:00:00,24.0,81,203.0,1.21,0.0,3
2026-04-06 08:00:00,25.6,74,374.0,1.21,0.0,84
2026-04-06 09:00:00,27.0,68,505.0,1.57,0.0,23
2026-04-06 10:00:00,28.2,64,599.0,1.69,0.0,69
2026-04-06 11:00:00,28.7,63,502.0,2.8,0.0,96
2026-04-06 12:00:00,29.8,57,579.0,4.62,0.0,64
2026-04-06 13:00:00,30.4,53,469.0,4.28,0.0,29
2026-04-06 14:00:00,31.0,46,476.0,4.76,0.0,33
2026-04-06 15:00:00,30.0,50,311.0,4.8,0.0,37
2026-04-06 16:00:00,28.9,52,168.0,3.87,0.0,27
2026-04-06 17:00:00,27.0,64,49.0,3.45,0.0,98
2026-04-06 18:00:00,26.1,64,1.0,3.3,0.0,82
2026-04-06 19:00:00,24.6,70,0.0,1.9,0.0,100
2026-04-06 20:00:00,23.7,76,0.0,1.76,0.0,100
2026-04-06 21:00:00,23.3,80,0.0,1.55,0.0,98
2026-04-06 22:00:00,23.0,82,0.0,1.22,0.0,100
2026-04-06 23:00:00,23.2,84,0.0,1.7,0.0,100
2026-04-07 00:00:00,23.6,76,0.0,2.36,0.0,100
2026-04-07 01:00:00,23.3,80,0.0,2.71,0.6,100
2026-04-07 02:00:00,22.7,86,0.0,3.36,0.2,100
2026-04-07 03:00:00,22.0,83,0.0,1.94,0.0,100
2026-04-07 04:00:00,21.8,86,0.0,0.11,0.0,100
2026-04-07 05:00:00,20.8,90,2.0,4.58,0.0,100
2026-04-07 06:00:00,20.7,95,15.0,1.57,2.2,29
2026-04-07 07:00:00,21.2,91,109.0,3.33,0.1,16
2026-04-07 08:00:00,22.8,81,320.0,3.83,0.0,55
2026-04-07 09:00:00,24.7,71,524.0,3.77,0.0,5
2026-04-07 10:00:00,26.2,65,645.0,3.49,0.0,63
2026-04-07 11:00:00,27.2,63,592.0,1.66,0.0,91
2026-04-07 12:00:00,27.4,60,658.0,2.16,0.0,70
2026-04-07 13:00:00,23.4,73,409.0,2.57,0.1,40
2026-04-07 14:00:00,25.5,68,524.0,2.86,0.0,39
2026-04-07 15:00:00,25.4,70,357.0,2.87,0.0,59
2026-04-07 16:00:00,24.9,74,187.0,1.95,0.0,15
2026-04-07 17:00:00,21.9,89,49.0,2.66,0.0,87
2026-04-07 18:00:00,20.9,94,0.0,2.36,9.2,100
2026-04-07 19:00:00,20.3,94,0.0,2.93,4.2,100
2026-04-07 20:00:00,19.9,94,0.0,2.53,3.5,28
2026-04-07 21:00:00,19.6,93,0.0,4.27,4.0,100
2026-04-07 22:00:00,19.8,96,0.0,3.44,0.4,100
2026-04-07 23:00:00,21.2,95,0.0,2.33,0.2,100
2026-04-08 00:00:00,20.5,96,0.0,4.33,0.0,100
2026-04-08 01:00:00,20.1,92,0.0,4.44,0.0,100
2026-04-08 02:00:00,19.9,92,0.0,3.62,0.0,100
2026-04-08 03:00:00,19.6,91,0.0,2.87,0.1,98
2026-04-08 04:00:00,19.3,93,0.0,1.9,0.3,100
2026-04-08 05:00:00,19.5,98,2.0,1.19,1.1,22
2026-04-08 06:00:00,20.3,94,51.0,1.07,0.0,17
2026-04-08 07:00:00,21.5,84,186.0,2.49,0.0,53
2026-04-08 08:00:00,22.8,77,300.0,2.79,0.0,98
2026-04-08 09:00:00,23.9,72,354.0,2.53,0.0,99
2026-04-08 10:00:00,25.6,64,542.0,2.24,0.0,56
2026-04-08 11:00:00,26.1,60,693.0,1.25,0.0,23
2026-04-08 12:00:00,27.1,57,637.0,1.1,0.0,9
2026-04-08 13:00:00,27.7,56,642.0,1.14,0.0,2
2026-04-08 14:00:00,27.8,55,522.0,1.7,0.0,2
2026-04-08 15:00:00,27.2,57,344.0,1.54,0.0,19
2026-04-08 16:00:00,26.5,64,175.0,1.1,0.0,6
2026-04-08 17:00:00,24.3,75,51.0,2.3,0.0,15
2026-04-08 18:00:00,22.9,81,1.0,1.64,0.0,14
2026-04-08 19:00:00,21.8,91,0.0,1.17,0.0,96
2026-04-08 20:00:00,22.2,89,0.0,1.78,0.0,100
2026-04-08 21:00:00,21.9,91,0.0,1.66,0.0,100
2026-04-08 22:00:00,22.0,90,0.0,2.09,0.0,100
2026-04-08 23:00:00,19.4,95,0.0,2.94,0.0,100
2026-04-09 00:00:00,19.7,95,0.0,2.95,0.0,100
2026-04-09 01:00:00,19.5,93,0.0,2.06,2.2,100
2026-04-09 02:00:00,19.4,97,0.0,1.02,2.0,100
2026-04-09 03:00:00,19.4,94,0.0,3.54,0.7,49
2026-04-09 04:00:00,19.0,96,0.0,0.95,0.0,66
2026-04-09 05:00:00,20.3,96,2.0,2.41,1.3,81
2026-04-09 06:00:00,20.6,91,47.0,2.41,0.6,41
2026-04-09 07:00:00,21.2,86,173.0,3.22,0.1,98
2026-04-09 08:00:00,22.4,82,213.0,2.41,0.0,100
2026-04-09 09:00:00,23.2,79,216.0,2.82,0.0,77
2026-04-09 10:00:00,25.3,69,577.0,3.32,0.0,33
2026-04-09 11:00:00,24.6,71,709.0,3.25,0.0,44
2026-04-09 12:00:00,25.8,66,628.0,2.88,0.0,44
2026-04-09 13:00:00,26.6,62,529.0,2.37,0.0,99
2026-04-09 14:00:00,25.8,65,235.0,1.53,0.1,41
2026-04-09 15:00:00,25.4,66,255.0,2.01,0.0,33
2026-04-09 16:00:00,24.1,72,158.0,1.55,0.0,16
2026-04-09 17:00:00,22.8,84,51.0,0.63,0.0,23
2026-04-09 18:00:00,21.3,91,1.0,1.29,0.0,74
2026-04-09 19:00:00,20.8,94,0.0,1.19,1.8,100
2026-04-09 20:00:00,20.7,95,0.0,0.51,0.2,100
2026-04-09 21:00:00,20.0,97,0.0,2.85,0.5,100
2026-04-09 22:00:00,19.5,96,0.0,2.24,0.4,100
2026-04-09 23:00:00,19.5,95,0.0,2.73,1.0,70
2026-04-10 00:00:00,19.3,94,0.0,1.63,5.1,100
2026-04-10 01:00:00,18.9,97,0.0,0.27,0.7,100
2026-04-10 02:00:00,19.1,97,0.0,0.69,0.1,100
2026-04-10 03:00:00,19.1,96,0.0,0.42,0.6,100
2026-04-10 04:00:00,19.0,95,0.0,0.59,0.3,88
2026-04-10 05:00:00,19.4,95,2.0,0.93,0.3,100
2026-04-10 06:00:00,19.8,92,45.0,2.3,0.3,100
2026-04-10 07:00:00,20.6,87,124.0,1.6,0.0,71
2026-04-10 08:00:00,21.4,83,210.0,1.6,0.0,66
2026-04-10 09:00:00,22.5,79,344.0,1.31,0.1,47
2026-04-10 10:00:00,23.7,74,503.0,0.27,0.1,41
2026-04-10 11:00:00,23.5,72,429.0,1.04,0.0,16
2026-04-10 12:00:00,25.4,69,666.0,1.72,0.0,24
2026-04-10 13:00:00,25.6,68,603.0,1.75,0.0,49
2026-04-10 14:00:00,22.2,76,409.0,3.67,0.7,84
2026-04-10 15:00:00,22.0,77,202.0,1.39,0.0,30
2026-04-10 16:00:00,22.2,79,153.0,0.52,0.1,51
2026-04-10 17:00:00,21.0,84,45.0,1.43,0.0,60
2026-04-10 18:00:00,20.2,94,1.0,1.15,0.0,30
2026-04-10 19:00:00,19.8,96,0.0,3.78,0.4,100
2026-04-10 20:00:00,19.1,94,0.0,0.95,2.9,100
2026-04-10 21:00:00,19.1,94,0.0,0.3,0.2,100
2026-04-10 22:00:00,19.0,98,0.0,1.37,0.0,55
2026-04-10 23:00:00,19.6,98,0.0,3.26,0.0,27
2026-04-11 00:00:00,18.8,99,0.0,3.07,0.0,46
2026-04-11 01:00:00,18.8,99,0.0,3.16,0.0,73
2026-04-11 02:00:00,18.7,97,0.0,3.3,0.0,99
2026-04-11 03:00:00,18.8,96,0.0,3.16,0.0,100
2026-04-11 04:00:00,18.8,95,0.0,2.78,0.0,100
2026-04-11 05:00:00,19.4,95,3.0,2.5,0.0,100
2026-04-11 06:00:00,20.1,90,44.0,3.15,0.0,100
2026-04-11 07:00:00,21.1,85,141.0,3.08,0.0,100
2026-04-11 08:00:00,22.4,79,290.0,2.58,0.0,70
2026-04-11 09:00:00,24.2,70,513.0,2.29,0.0,19
2026-04-11 10:00:00,25.7,65,672.0,2.48,0.0,4
2026-04-11 11:00:00,26.2,61,754.0,2.02,0.0,5
2026-04-11 12:00:00,27.1,59,739.0,1.86,0.0,1
2026-04-11 13:00:00,27.6,57,677.0,1.91,0.0,10
2026-04-11 14:00:00,27.7,56,527.0,1.73,0.0,16
2026-04-11 15:00:00,27.3,58,359.0,1.35,0.0,11
2026-04-11 16:00:00,26.6,69,192.0,0.46,0.0,50
2026-04-11 17:00:00,24.7,74,50.0,1.09,0.0,56
2026-04-11 18:00:00,23.2,81,1.0,2.39,0.0,32
2026-04-11 19:00:00,22.5,80,0.0,1.64,0.0,91
2026-04-11 20:00:00,22.3,80,0.0,2.06,0.1,48
2026-04-11 21:00:00,21.5,86,0.0,1.36,0.0,21
2026-04-11 22:00:00,21.2,87,0.0,2.59,0.0,7
2026-04-11 23:00:00,21.1,88,0.0,2.31,0.0,13
2026-04-12 00:00:00,20.8,90,0.0,2.14,0.0,14
2026-04-12 01:00:00,20.7,88,0.0,2.85,0.0,19
2026-04-12 02:00:00,20.4,87,0.0,2.73,0.0,3
2026-04-12 03:00:00,20.0,89,0.0,2.4,0.0,9
2026-04-12 04:00:00,19.7,92,0.0,2.78,0.0,20
2026-04-12 05:00:00,20.0,95,4.0,2.47,0.0,1
2026-04-12 06:00:00,21.1,88,80.0,3.23,0.0,2
2026-04-12 07:00:00,22.3,82,228.0,2.44,0.0,36
2026-04-12 08:00:00,23.6,75,335.0,3.07,0.0,63
2026-04-12 09:00:00,25.0,69,496.0,2.72,0.0,11
2026-04-12 10:00:00,25.8,67,624.0,3.32,0.0,28
2026-04-12 11:00:00,26.3,63,678.0,2.46,0.0,18
2026-04-12 12:00:00,27.6,58,682.0,2.39,0.0,8
2026-04-12 13:00:00,27.8,57,661.0,2.06,0.0,17
2026-04-12 14:00:00,27.9,56,526.0,1.9,0.0,7
2026-04-12 15:00:00,27.9,57,374.0,1.97,0.0,9
2026-04-12 16:00:00,25.8,67,193.0,3.25,0.0,53
2026-04-12 17:00:00,24.2,77,28.0,1.55,0.2,40
2026-04-12 18:00:00,23.5,80,1.0,1.72,0.0,64
2026-04-12 19:00:00,22.6,80,0.0,4.07,0.0,100
2026-04-12 20:00:00,22.0,84,0.0,4.53,0.0,75
2026-04-12 21:00:00,21.6,86,0.0,4.59,0.1,100
2026-04-12 22:00:00,20.8,90,0.0,2.78,0.6,87
2026-04-12 23:00:00,20.8,95,0.0,3.22,0.6,80
2026-04-13 00:00:00,20.6,94,0.0,3.19,0.1,34
2026-04-13 01:00:00,20.0,96,0.0,3.04,0.0,45
2026-04-13 02:00:00,19.7,96,0.0,3.31,0.0,20
2026-04-13 03:00:00,19.2,98,0.0,3.31,0.0,69
2026-04-13 04:00:00,19.1,96,0.0,2.98,0.1,11
2026-04-13 05:00:00,19.5,98,5.0,3.45,0.0,38
2026-04-13 06:00:00,20.4,91,76.0,3.58,0.3,99
2026-04-13 07:00:00,20.7,91,71.0,2.95,0.0,8
2026-04-13 08:00:00,23.0,81,392.0,3.34,0.0,33
2026-04-13 09:00:00,24.5,73,537.0,3.56,0.0,22
2026-04-13 10:00:00,25.8,66,655.0,3.36,0.0,18
2026-04-13 11:00:00,26.5,61,742.0,3.85,0.0,15
2026-04-13 12:00:00,27.5,58,735.0,3.64,0.0,19
2026-04-13 13:00:00,27.7,59,653.0,3.53,0.0,9
2026-04-13 14:00:00,27.7,60,539.0,3.39,0.0,5
2026-04-13 15:00:00,27.5,61,385.0,2.98,0.0,3
2026-04-13 16:00:00,26.5,67,206.0,2.33,0.0,11
2026-04-13 17:00:00,25.1,75,60.0,1.55,0.0,10
2026-04-13 18:00:00,23.9,82,1.0,1.59,0.0,15
2026-04-13 19:00:00,23.5,84,0.0,2.8,0.0,4
2026-04-13 20:00:00,22.9,83,0.0,3.92,0.0,30
2026-04-13 21:00:00,22.1,82,0.0,4.06,0.0,18
2026-04-13 22:00:00,21.4,85,0.0,3.85,0.0,39
2026-04-13 23:00:00,21.4,86,0.0,3.81,0.0,13
2026-04-14 00:00:00,21.3,85,0.0,3.64,0.0,27
2026-04-14 01:00:00,21.0,87,0.0,3.44,0.0,62
2026-04-14 02:00:00,20.9,88,0.0,3.35,0.0,72
2026-04-14 03:00:00,20.6,91,0.0,3.96,0.0,5
2026-04-14 04:00:00,20.3,93,0.0,3.26,0.0,7
2026-04-14 05:00:00,20.5,95,5.0,3.61,0.0,10
2026-04-14 06:00:00,21.7,88,83.0,4.41,0.0,21
2026-04-14 07:00:00,23.1,80,231.0,4.07,0.0,48
2026-04-14 08:00:00,24.8,73,413.0,3.66,0.0,22
2026-04-14 09:00:00,26.3,69,585.0,3.08,0.0,13
2026-04-14 10:00:00,27.8,65,717.0,2.52,0.0,25
2026-04-14 11:00:00,28.3,60,676.0,1.7,0.0,35
2026-04-14 12:00:00,29.6,57,661.0,1.72,0.1,34
2026-04-14 13:00:00,29.3,58,539.0,2.37,0.2,27
2026-04-14 14:00:00,29.1,59,511.0,2.3,0.0,23
2026-04-14 15:00:00,28.4,62,342.0,1.51,0.0,48
2026-04-14 16:00:00,28.1,64,181.0,0.14,0.0,28
2026-04-14 17:00:00,25.7,77,54.0,1.46,0.0,58
2026-04-14 18:00:00,22.7,87,1.0,4.6,0.1,47
2026-04-14 19:00:00,22.0,93,0.0,0.07,0.0,68
2026-04-14 20:00:00,22.1,93,0.0,1.33,0.1,70
2026-04-14 21:00:00,21.7,96,0.0,0.67,0.1,47
2026-04-14 22:00:00,21.5,98,0.0,1.74,0.6,16
2026-04-14 23:00:00,21.9,98,0.0,0.66,0.8,13
2026-04-15 00:00:00,21.8,99,0.0,2.4,0.0,17
2026-04-15 01:00:00,21.6,97,0.0,2.15,0.0,27
2026-04-15 02:00:00,21.4,96,0.0,2.92,0.0,10
2026-04-15 03:00:00,21.1,97,0.0,2.21,0.0,30
2026-04-15 04:00:00,21.0,99,0.0,2.55,0.0,37
2026-04-15 05:00:00,21.2,95,5.0,4.35,0.0,79
2026-04-15 06:00:00,21.2,91,57.0,2.16,2.0,71
2026-04-15 07:00:00,22.5,87,202.0,4.36,0.1,65
2026-04-15 08:00:00,24.2,78,391.0,4.4,0.0,79
2026-04-15 09:00:00,25.3,73,428.0,3.68,0.0,70
2026-04-15 10:00:00,26.9,67,516.0,2.39,0.0,57
2026-04-15 11:00:00,27.4,66,606.0,3.08,0.0,23
2026-04-15 12:00:00,28.9,62,699.0,2.16,0.0,34
2026-04-15 13:00:00,29.0,62,595.0,1.71,0.0,34
2026-04-15 14:00:00,26.9,69,496.0,1.9,0.0,59
2026-04-15 15:00:00,27.5,64,295.0,2.38,0.0,55
2026-04-15 16:00:00,27.1,67,154.0,2.37,0.0,93
2026-04-15 17:00:00,25.0,78,43.0,1.8,0.8,55
2026-04-15 18:00:00,23.3,86,1.0,3.14,0.4,45
2026-04-15 19:00:00,22.4,90,0.0,3.39,0.0,60
2026-04-15 20:00:00,22.0,90,0.0,3.85,0.0,27
2026-04-15 21:00:00,21.4,93,0.0,2.7,0.0,67
2026-04-15 22:00:00,20.9,95,0.0,1.9,2.8,98
2026-04-15 23:00:00,21.2,96,0.0,3.42,0.1,25
2026-04-16 00:00:00,20.9,98,0.0,3.64,0.0,53
2026-04-16 01:00:00,20.7,98,0.0,2.44,0.0,62
2026-04-16 02:00:00,20.7,96,0.0,2.81,0.1,12
2026-04-16 03:00:00,20.4,97,0.0,2.15,0.0,37
2026-04-16 04:00:00,20.4,97,0.0,2.56,0.0,73
2026-04-16 05:00:00,20.8,96,6.0,2.54,0.0,57
2026-04-16 06:00:00,21.7,92,76.0,3.54,0.0,38
2026-04-16 07:00:00,22.9,84,206.0,3.94,0.0,65
2026-04-16 08:00:00,24.3,79,336.0,2.83,0.1,46
2026-04-16 09:00:00,26.0,70,527.0,2.55,0.0,45
2026-04-16 10:00:00,27.4,66,625.0,1.97,0.0,18
2026-04-16 11:00:00,27.9,64,730.0,2.17,0.0,23
2026-04-16 12:00:00,28.5,63,703.0,2.75,0.0,7
2026-04-16 13:00:00,29.1,59,675.0,2.87,0.0,38
2026-04-16 14:00:00,29.4,58,485.0,2.08,0.0,45
2026-04-16 15:00:00,29.0,60,354.0,1.78,0.0,43
2026-04-16 16:00:00,28.2,67,174.0,1.44,0.0,38
2026-04-16 17:00:00,25.7,78,56.0,1.35,0.0,27
2026-04-16 18:00:00,24.4,85,1.0,1.58,0.0,42
2026-04-16 19:00:00,23.8,86,0.0,1.04,0.0,43
2026-04-16 20:00:00,22.9,91,0.0,1.36,0.0,74
2026-04-16 21:00:00,22.2,87,0.0,1.47,0.6,87
2026-04-16 22:00:00,21.5,95,0.0,0.6,0.0,60
2026-04-16 23:00:00,22.7,91,0.0,1.95,0.0,10
2026-04-17 00:00:00,22.0,96,0.0,0.76,0.0,26
2026-04-17 01:00:00,21.9,97,0.0,1.32,0.0,59
2026-04-17 02:00:00,21.7,97,0.0,0.25,0.0,64
2026-04-17 03:00:00,21.8,98,0.0,0.85,0.0,14
2026-04-17 04:00:00,21.2,100,0.0,1.05,0.0,24
2026-04-17 05:00:00,22.2,98,7.0,1.55,0.0,80
2026-04-17 06:00:00,23.4,93,68.0,2.04,0.0,11
2026-04-17 07:00:00,24.9,87,246.0,2.0,0.0,18
2026-04-17 08:00:00,26.8,76,429.0,2.18,0.0,14
2026-04-17 09:00:00,28.5,67,586.0,2.52,0.0,10
2026-04-17 10:00:00,29.8,60,714.0,2.73,0.0,5
2026-04-17 11:00:00,30.4,59,781.0,2.3,0.0,2
2026-04-17 12:00:00,31.3,57,763.0,1.42,0.0,10
2026-04-17 13:00:00,31.8,55,693.0,0.59,0.0,20
2026-04-17 14:00:00,31.9,53,545.0,0.39,0.0,20
2026-04-17 15:00:00,31.7,52,365.0,1.03,0.0,45
2026-04-17 16:00:00,30.0,72,180.0,0.47,0.0,50
2026-04-17 17:00:00,28.3,76,59.0,0.35,0.0,34
2026-04-17 18:00:00,27.1,79,2.0,0.4,0.0,28
2026-04-17 19:00:00,25.7,83,0.0,1.21,0.0,27
2026-04-17 20:00:00,25.1,84,0.0,1.45,0.0,5
2026-04-17 21:00:00,24.6,86,0.0,0.57,0.0,8
2026-04-17 22:00:00,24.0,91,0.0,0.32,0.0,4
2026-04-17 23:00:00,24.7,87,0.0,1.67,0.0,52
2026-04-18 00:00:00,24.8,85,0.0,2.19,0.0,62
2026-04-18 01:00:00,24.2,88,0.0,2.06,0.0,89
2026-04-18 02:00:00,23.6,87,0.0,2.78,0.0,100
2026-04-18 03:00:00,23.2,86,0.0,2.08,0.0,98
2026-04-18 04:00:00,22.9,88,0.0,2.03,0.0,33
2026-04-18 05:00:00,23.2,88,7.0,2.74,0.0,99
2026-04-18 06:00:00,24.1,88,47.0,1.55,0.0,100
2026-04-18 07:00:00,23.4,91,101.0,6.28,5.8,98
2026-04-18 08:00:00,23.2,94,157.0,2.08,1.5,100
2026-04-18 09:00:00,24.8,85,283.0,1.51,0.0,31
2026-04-18 10:00:00,27.5,76,667.0,1.49,0.0,42
2026-04-18 11:00:00,28.6,72,699.0,1.29,0.0,98
2026-04-18 12:00:00,28.6,67,348.0,2.26,0.9,64
2026-04-18 13:00:00,29.2,68,520.0,2.61,0.3,73
2026-04-18 14:00:00,29.2,66,461.0,3.3,0.3,55
2026-04-18 15:00:00,28.9,70,331.0,2.44,0.0,47
2026-04-18 16:00:00,27.4,78,176.0,2.67,0.9,57
2026-04-18 17:00:00,27.1,83,54.0,0.36,0.0,91
2026-04-18 18:00:00,25.7,88,2.0,0.56,0.0,99
2026-04-18 19:00:00,25.0,94,0.0,0.81,0.0,99
2026-04-18 20:00:00,24.0,94,0.0,2.82,0.2,99
2026-04-18 21:00:00,23.6,93,0.0,1.5,0.0,100
2026-04-18 22:00:00,22.6,97,0.0,5.15,3.2,100
2026-04-18 23:00:00,22.8,96,0.0,1.63,0.3,100
2026-04-19 00:00:00,22.7,97,0.0,1.98,0.0,100
2026-04-19 01:00:00,22.6,98,0.0,0.79,0.0,100
2026-04-19 02:00:00,22.4,98,0.0,0.16,0.0,100
2026-04-19 03:00:00,22.5,98,0.0,1.09,0.1,100
2026-04-19 04:00:00,22.6,98,0.0,1.71,0.1,100
2026-04-19 05:00:00,22.8,98,5.0,1.86,0.1,100
2026-04-19 06:00:00,23.4,96,31.0,2.0,0.1,91
2026-04-19 07:00:00,24.4,92,153.0,1.0,0.0,84
2026-04-19 08:00:00,25.8,83,312.0,1.84,0.0,84
2026-04-19 09:00:00,26.9,78,356.0,1.57,0.0,54
2026-04-19 10:00:00,28.7,69,543.0,1.84,0.1,49
2026-04-19 11:00:00,29.0,66,579.0,1.29,0.0,36
2026-04-19 12:00:00,28.8,67,671.0,2.27,0.4,82
2026-04-19 13:00:00,27.1,78,447.0,1.9,0.9,71
2026-04-19 14:00:00,27.2,75,407.0,2.47,0.3,91
2026-04-19 15:00:00,26.5,79,171.0,2.34,0.1,84
2026-04-19 16:00:00,26.1,79,135.0,2.25,0.1,67
2026-04-19 17:00:00,25.8,91,46.0,1.05,0.0,15
2026-04-19 18:00:00,24.5,93,2.0,0.71,0.0,38
2026-04-19 19:00:00,24.6,92,0.0,0.45,0.0,25
2026-04-19 20:00:00,23.6,96,0.0,1.2,0.0,76
2026-04-19 21:00:00,23.1,94,0.0,1.77,0.1,19
2026-04-19 22:00:00,22.2,95,0.0,1.31,0.2,100
2026-04-19 23:00:00,22.9,100,0.0,1.23,0.1,50
2026-04-20 00:00:00,22.4,100,0.0,0.49,0.1,100
2026-04-20 01:00:00,22.0,97,0.0,0.93,4.7,100
2026-04-20 02:00:00,21.7,97,0.0,1.86,2.7,69
2026-04-20 03:00:00,21.4,99,0.0,0.95,0.2,95
2026-04-20 04:00:00,21.5,98,0.0,1.84,0.4,100
2026-04-20 05:00:00,23.2,98,2.0,0.36,0.2,98
2026-04-20 06:00:00,24.0,95,68.0,1.53,0.0,99
2026-04-20 07:00:00,25.0,88,203.0,2.2,0.0,87
2026-04-20 08:00:00,26.7,80,344.0,0.5,0.1,91
2026-04-20 09:00:00,27.3,77,352.0,0.14,0.1,72
2026-04-20 10:00:00,28.7,71,542.0,0.43,0.0,68
2026-04-20 11:00:00,29.0,67,480.0,1.06,0.0,38
2026-04-20 12:00:00,30.3,63,695.0,2.52,0.0,78
2026-04-20 13:00:00,30.0,65,555.0,1.67,0.0,38
2026-04-20 14:00:00,29.3,69,438.0,2.21,0.0,90
2026-04-20 15:00:00,27.6,76,196.0,2.65,0.7,94
2026-04-20 16:00:00,25.5,87,143.0,2.62,1.5,49
2026-04-20 17:00:00,26.6,87,58.0,1.55,0.0,48
2026-04-20 18:00:00,24.8,94,1.0,2.11,0.4,100
2026-04-20 19:00:00,24.2,95,0.0,1.65,0.1,100
2026-04-20 20:00:00,23.3,99,0.0,3.46,0.8,100
2026-04-20 21:00:00,22.5,98,0.0,2.16,0.2,74
2026-04-20 22:00:00,22.3,98,0.0,0.45,0.0,100
2026-04-20 23:00:00,23.8,99,0.0,1.49,0.9,93
2026-04-21 00:00:00,23.3,98,0.0,2.23,0.0,81
2026-04-21 01:00:00,22.7,98,0.0,2.57,0.0,100
2026-04-21 02:00:00,21.9,98,0.0,2.28,0.1,100
2026-04-21 03:00:00,21.0,99,0.0,1.75,0.0,100
2026-04-21 04:00:00,20.6,99,0.0,0.96,0.0,100
2026-04-21 05:00:00,21.9,98,5.0,2.11,0.0,100
2026-04-21 06:00:00,22.3,96,39.0,0.96,0.2,100
2026-04-21 07:00:00,23.4,92,139.0,1.61,0.0,66
2026-04-21 08:00:00,25.1,80,393.0,1.86,0.0,51
2026-04-21 09:00:00,26.0,75,506.0,2.43,0.0,75
2026-04-21 10:00:00,27.4,69,592.0,1.87,0.0,12
2026-04-21 11:00:00,28.6,65,739.0,1.1,0.0,3
2026-04-21 12:00:00,29.2,66,787.0,1.97,0.0,3
2026-04-21 13:00:00,29.0,67,729.0,2.02,0.0,4
2026-04-21 14:00:00,30.2,65,590.0,2.64,0.0,20
2026-04-21 15:00:00,29.3,70,386.0,3.81,0.0,22
2026-04-21 16:00:00,27.5,77,192.0,2.66,0.0,48
2026-04-21 17:00:00,27.6,84,58.0,0.81,0.0,38
2026-04-21 18:00:00,26.6,85,2.0,0.63,0.0,58
2026-04-21 19:00:00,26.1,87,0.0,0.18,0.0,73
2026-04-21 20:00:00,25.7,83,0.0,4.8,0.0,100
2026-04-21 21:00:00,23.2,87,0.0,5.52,0.1,100
2026-04-21 22:00:00,22.6,92,0.0,1.64,0.1,38
2026-04-21 23:00:00,22.6,90,0.0,4.27,0.0,92
2026-04-22 00:00:00,22.4,89,0.0,2.45,0.0,17
2026-04-22 01:00:00,22.0,91,0.0,1.88,0.0,100
2026-04-22 02:00:00,22.3,88,0.0,2.0,0.0,30
2026-04-22 03:00:00,21.4,93,0.0,0.7,0.0,51
2026-04-22 04:00:00,21.6,95,0.0,0.4,0.0,26
2026-04-22 05:00:00,23.2,88,10.0,0.16,0.0,45
2026-04-22 06:00:00,23.5,82,99.0,1.84,0.0,5
2026-04-22 07:00:00,24.8,76,280.0,2.87,0.0,11
2026-04-22 08:00:00,26.5,73,463.0,3.2,0.0,22
2026-04-22 09:00:00,28.2,68,567.0,2.72,0.0,7
2026-04-22 10:00:00,29.7,64,769.0,1.61,0.0,0
2026-04-22 11:00:00,29.6,63,741.0,2.39,0.0,63
2026-04-22 12:00:00,30.3,61,726.0,2.82,0.0,35
2026-04-22 13:00:00,30.2,63,657.0,3.63,0.0,9
2026-04-22 14:00:00,30.2,63,568.0,2.94,0.0,23
2026-04-22 15:00:00,29.1,66,384.0,3.36,0.0,84
2026-04-22 16:00:00,28.3,72,127.0,1.95,0.0,50
2026-04-22 17:00:00,27.0,77,59.0,1.66,0.0,77
2026-04-22 18:00:00,25.9,84,2.0,1.44,0.0,66
2026-04-22 19:00:00,25.7,84,0.0,2.39,0.0,2
2026-04-22 20:00:00,25.0,87,0.0,2.52,0.1,4
2026-04-22 21:00:00,24.5,88,0.0,3.11,0.0,27
2026-04-22 22:00:00,23.8,89,0.0,2.86,0.0,10
2026-04-22 23:00:00,23.6,91,0.0,2.66,0.0,61
2026-04-23 00:00:00,23.0,92,0.0,3.4,1.8,85
2026-04-23 01:00:00,22.8,96,0.0,1.93,0.0,64
2026-04-23 02:00:00,22.6,98,0.0,2.38,0.0,37
2026-04-23 03:00:00,22.5,96,0.0,1.94,0.0,37
2026-04-23 04:00:00,22.4,96,0.0,1.85,0.0,38
2026-04-23 05:00:00,22.5,97,9.0,2.57,0.0,99
2026-04-23 06:00:00,23.3,92,84.0,3.3,0.0,100
2026-04-23 07:00:00,24.7,85,219.0,3.47,0.0,52
2026-04-23 08:00:00,26.4,77,380.0,3.36,0.0,60
2026-04-23 09:00:00,28.1,71,554.0,2.86,0.0,23
2026-04-23 10:00:00,29.3,67,687.0,2.28,0.0,30
2026-04-23 11:00:00,29.7,63,796.0,1.17,0.0,45
2026-04-23 12:00:00,31.1,59,778.0,1.55,0.0,20
2026-04-23 13:00:00,31.4,58,735.0,2.06,0.0,10
2026-04-23 14:00:00,31.5,58,577.0,1.63,0.0,38
2026-04-23 15:00:00,31.1,60,402.0,1.69,0.0,53
2026-04-23 16:00:00,30.3,65,227.0,1.46,0.0,99
2026-04-23 17:00:00,28.4,79,73.0,0.96,0.0,43
2026-04-23 18:00:00,27.0,82,3.0,0.89,0.0,3
2026-04-23 19:00:00,26.4,86,0.0,0.6,0.0,4
2026-04-23 20:00:00,25.7,91,0.0,0.71,0.0,8
2026-04-23 21:00:00,25.3,93,0.0,0.6,0.0,15
2026-04-23 22:00:00,25.0,95,0.0,0.72,0.0,9
2026-04-23 23:00:00,25.4,94,0.0,0.7,0.0,2
2026-04-24 00:00:00,24.9,95,0.0,1.07,0.0,5
2026-04-24 01:00:00,24.9,94,0.0,1.44,0.0,16
2026-04-24 02:00:00,24.4,94,0.0,2.8,0.0,76
2026-04-24 03:00:00,24.2,93,0.0,2.95,0.1,59
2026-04-24 04:00:00,23.9,95,0.0,2.5,0.7,45
2026-04-24 05:00:00,24.1,93,9.0,2.84,0.1,19
2026-04-24 06:00:00,25.5,89,106.0,2.35,0.0,57
2026-04-24 07:00:00,25.0,93,199.0,2.15,1.8,96
2026-04-24 08:00:00,26.2,83,339.0,2.08,0.5,50
2026-04-24 09:00:00,28.3,75,481.0,1.17,0.1,72
2026-04-24 10:00:00,30.3,67,716.0,1.21,0.0,88
2026-04-24 11:00:00,30.7,66,717.0,0.86,0.0,66
2026-04-24 12:00:00,32.0,62,755.0,1.06,0.0,43
2026-04-24 13:00:00,32.6,60,713.0,1.83,0.0,13
2026-04-24 14:00:00,32.6,60,571.0,2.26,0.0,16
2026-04-24 15:00:00,31.6,63,396.0,2.77,1.4,71
2026-04-24 16:00:00,30.3,71,157.0,1.15,0.0,48
2026-04-24 17:00:00,28.7,83,62.0,0.76,0.0,79
2026-04-24 18:00:00,27.8,84,2.0,1.36,0.0,95
2026-04-24 19:00:00,26.9,87,0.0,0.95,0.0,76
2026-04-24 20:00:00,25.2,90,0.0,2.83,0.1,84
2026-04-24 21:00:00,24.4,93,0.0,2.42,0.0,85
2026-04-24 22:00:00,24.4,96,0.0,1.71,0.0,93
2026-04-24 23:00:00,24.9,95,0.0,0.32,0.0,99
2026-04-25 00:00:00,24.6,99,0.0,2.27,0.0,92
2026-04-25 01:00:00,24.2,97,0.0,2.48,0.0,99
2026-04-25 02:00:00,23.5,95,0.0,1.1,0.0,83
2026-04-25 03:00:00,22.4,94,0.0,4.88,2.7,100
2026-04-25 04:00:00,22.0,92,0.0,1.9,7.0,100
2026-04-25 05:00:00,23.3,96,5.0,1.24,0.1,100
2026-04-25 06:00:00,23.9,90,70.0,2.56,0.0,100
2026-04-25 07:00:00,24.7,85,130.0,1.19,0.0,100
2026-04-25 08:00:00,26.3,78,273.0,1.52,0.0,95
2026-04-25 09:00:00,27.8,73,481.0,1.35,0.0,2
2026-04-25 10:00:00,29.9,66,738.0,1.67,0.0,2
2026-04-25 11:00:00,30.2,64,815.0,1.24,0.0,97
2026-04-25 12:00:00,29.2,71,573.0,2.9,0.5,98
2026-04-25 13:00:00,30.1,69,606.0,1.71,0.0,98
2026-04-25 14:00:00,30.3,68,502.0,2.41,0.0,98
2026-04-25 15:00:00,30.1,69,344.0,2.93,0.0,75
2026-04-25 16:00:00,29.4,72,231.0,3.05,0.0,22
2026-04-25 17:00:00,27.1,77,77.0,3.8,0.0,79
2026-04-25 18:00:00,26.1,83,3.0,3.63,0.0,97
2026-04-25 19:00:00,25.6,85,0.0,3.35,0.0,90
2026-04-25 20:00:00,25.1,85,0.0,3.92,0.0,12
2026-04-25 21:00:00,24.4,86,0.0,2.78,0.0,9
2026-04-25 22:00:00,24.0,88,0.0,2.71,0.0,64
2026-04-25 23:00:00,23.3,91,0.0,3.61,0.0,100
2026-04-26 00:00:00,22.6,93,0.0,4.05,0.0,81
2026-04-26 01:00:00,22.4,95,0.0,2.35,0.0,98
2026-04-26 02:00:00,22.3,95,0.0,3.0,0.0,100
2026-04-26 03:00:00,22.2,96,0.0,4.25,0.0,85
2026-04-26 04:00:00,21.9,96,0.0,4.01,0.1,100
2026-04-26 05:00:00,22.7,88,8.0,1.84,0.0,100
2026-04-26 06:00:00,22.9,88,51.0,2.45,0.1,100
2026-04-26 07:00:00,23.2,85,89.0,3.42,0.0,100
2026-04-26 08:00:00,24.2,80,198.0,4.61,0.0,100
2026-04-26 09:00:00,25.3,75,361.0,5.38,0.0,100
2026-04-26 10:00:00,26.3,72,358.0,4.94,0.0,100
2026-04-26 11:00:00,25.2,72,454.0,2.65,0.0,100
2026-04-26 12:00:00,24.5,84,157.0,1.68,1.3,100
2026-04-26 13:00:00,24.5,84,203.0,2.17,1.0,100
2026-04-26 14:00:00,24.1,86,136.0,1.35,0.2,100
2026-04-26 15:00:00,24.1,85,138.0,0.45,0.2,100
2026-04-26 16:00:00,23.9,86,62.0,0.11,0.1,100
2026-04-26 17:00:00,24.1,81,25.0,0.96,0.3,100
2026-04-26 18:00:00,23.6,84,2.0,1.66,0.0,100
2026-04-26 19:00:00,22.9,91,0.0,1.39,0.0,100
2026-04-26 20:00:00,23.2,90,0.0,1.35,0.0,100
2026-04-26 21:00:00,23.0,91,0.0,1.33,0.0,100
2026-04-26 22:00:00,22.9,92,0.0,1.99,0.0,100
2026-04-26 23:00:00,23.1,92,0.0,1.36,0.0,94
2026-04-27 00:00:00,22.1,94,0.0,0.29,0.1,70
2026-04-27 01:00:00,22.0,96,0.0,1.33,0.2,100
2026-04-27 02:00:00,22.0,93,0.0,1.38,0.4,91
2026-04-27 03:00:00,21.6,96,0.0,1.96,0.6,99
2026-04-27 04:00:00,21.3,94,0.0,3.08,1.0,100
2026-04-27 05:00:00,21.4,95,4.0,2.64,4.5,100
2026-04-27 06:00:00,21.9,92,61.0,2.58,1.8,100
2026-04-27 07:00:00,21.7,96,57.0,2.8,1.0,100
2026-04-27 08:00:00,21.9,98,87.0,2.16,10.6,100
2026-04-27 09:00:00,21.5,99,58.0,2.19,3.1,100
2026-04-27 10:00:00,22.0,93,232.0,1.98,2.5,100
2026-04-27 11:00:00,21.9,88,386.0,0.69,0.6,100
2026-04-27 12:00:00,23.3,79,354.0,0.82,0.1,100
2026-04-27 13:00:00,24.7,74,418.0,0.82,0.0,95
2026-04-27 14:00:00,26.4,69,530.0,0.32,0.0,100
2026-04-27 15:00:00,25.2,74,137.0,1.46,0.0,99
2026-04-27 16:00:00,24.5,80,148.0,1.68,0.7,100
2026-04-27 17:00:00,23.3,82,41.0,1.58,0.1,93
2026-04-27 18:00:00,22.4,90,2.0,0.57,0.4,100
2026-04-27 19:00:00,22.5,91,0.0,0.78,2.2,100
2026-04-27 20:00:00,22.5,89,0.0,0.11,1.5,85
2026-04-27 21:00:00,22.3,90,0.0,1.88,0.1,40
2026-04-27 22:00:00,21.6,96,0.0,1.57,0.0,42
2026-04-27 23:00:00,22.6,96,0.0,1.11,0.0,71
2026-04-28 00:00:00,22.4,97,0.0,0.86,0.0,18
2026-04-28 01:00:00,22.1,98,0.0,1.09,0.0,38
2026-04-28 02:00:00,22.2,98,0.0,1.77,0.0,100
2026-04-28 03:00:00,22.2,99,0.0,2.17,0.0,100
2026-04-28 04:00:00,22.1,98,0.0,2.46,0.0,100
2026-04-28 05:00:00,22.4,98,7.0,3.34,0.0,100
2026-04-28 06:00:00,23.1,94,53.0,3.72,0.0,100
2026-04-28 07:00:00,24.4,86,239.0,4.19,0.0,99
2026-04-28 08:00:00,25.0,82,229.0,3.76,0.0,48
2026-04-28 09:00:00,26.9,74,516.0,2.91,0.0,43
2026-04-28 10:00:00,28.2,68,615.0,3.26,0.0,63
2026-04-28 11:00:00,27.9,66,778.0,3.0,0.0,21
2026-04-28 12:00:00,29.4,60,772.0,3.04,0.0,87
2026-04-28 13:00:00,29.7,59,600.0,2.27,0.0,95
2026-04-28 14:00:00,29.9,58,512.0,2.33,0.0,24
2026-04-28 15:00:00,27.5,72,380.0,2.99,0.3,31
2026-04-28 16:00:00,26.6,79,198.0,1.96,0.0,41
2026-04-28 17:00:00,27.1,79,57.0,0.29,0.0,30
2026-04-28 18:00:00,25.2,86,3.0,0.81,0.0,33
2026-04-28 19:00:00,24.4,90,0.0,2.66,1.1,98
2026-04-28 20:00:00,23.8,92,0.0,2.85,0.0,77
2026-04-28 21:00:00,22.9,97,0.0,1.66,0.1,83
2026-04-28 22:00:00,22.5,98,0.0,1.38,0.1,100
2026-04-28 23:00:00,22.9,98,0.0,3.0,0.6,100
2026-04-29 00:00:00,22.6,100,0.0,2.15,5.3,100
2026-04-29 01:00:00,22.2,98,0.0,1.19,2.4,100
2026-04-29 02:00:00,22.1,99,0.0,1.77,0.5,100
2026-04-29 03:00:00,22.0,99,0.0,1.37,1.0,100
2026-04-29 04:00:00,21.9,97,0.0,1.85,4.1,100
2026-04-29 05:00:00,22.4,97,3.0,2.74,10.6,100
2026-04-29 06:00:00,22.7,94,24.0,2.28,0.1,100
2026-04-29 07:00:00,22.5,97,23.0,1.68,2.3,100
2026-04-29 08:00:00,22.4,98,42.0,1.47,2.8,100
2026-04-29 09:00:00,22.9,95,100.0,3.33,3.3,100
2026-04-29 10:00:00,23.4,94,247.0,4.93,1.7,100
2026-04-29 11:00:00,23.8,87,192.0,3.37,0.7,100
2026-04-29 12:00:00,24.4,83,238.0,3.39,0.3,100
2026-04-29 13:00:00,24.5,82,182.0,1.72,0.2,100
2026-04-29 14:00:00,25.6,78,335.0,0.43,0.1,100
2026-04-29 15:00:00,25.8,75,285.0,0.46,0.0,100
2026-04-29 16:00:00,25.4,79,106.0,0.82,0.0,100
2026-04-29 17:00:00,23.5,90,41.0,1.95,0.0,100
2026-04-29 18:00:00,22.7,95,3.0,1.81,0.0,100
2026-04-29 19:00:00,22.3,96,0.0,1.58,0.0,100
2026-04-29 20:00:00,22.0,98,0.0,1.0,0.0,100
2026-04-29 21:00:00,22.1,96,0.0,1.06,0.0,55
2026-04-29 22:00:00,21.9,97,0.0,0.72,0.0,100
2026-04-29 23:00:00,22.5,96,0.0,0.86,0.0,100
2026-04-30 00:00:00,21.8,98,0.0,0.96,0.0,100
2026-04-30 01:00:00,21.7,99,0.0,2.52,0.1,100
2026-04-30 02:00:00,21.4,97,0.0,1.1,0.3,100
2026-04-30 03:00:00,21.3,97,0.0,0.57,0.4,100
2026-04-30 04:00:00,21.3,98,0.0,2.28,0.8,100
2026-04-30 05:00:00,21.8,95,11.0,2.35,0.3,100
2026-04-30 06:00:00,22.2,93,65.0,3.1,0.1,100
2026-04-30 07:00:00,23.1,88,162.0,1.53,0.0,100
2026-04-30 08:00:00,23.6,86,142.0,2.65,0.2,100
2026-04-30 09:00:00,25.2,80,470.0,1.75,0.1,100
2026-04-30 10:00:00,26.0,75,373.0,2.4,0.1,100
2026-04-30 11:00:00,26.0,73,490.0,2.65,0.1,100
2026-04-30 12:00:00,24.8,75,229.0,2.84,0.4,100
2026-04-30 13:00:00,24.5,79,155.0,2.55,0.0,99
2026-04-30 14:00:00,26.0,74,442.0,1.84,0.1,68
2026-04-30 15:00:00,25.6,75,343.0,1.57,0.1,77
2026-04-30 16:00:00,25.6,74,183.0,0.5,0.1,52
2026-04-30 17:00:00,24.3,82,63.0,2.16,0.3,77
2026-04-30 18:00:00,22.6,92,3.0,1.48,1.0,12
2026-04-30 19:00:00,21.8,97,0.0,1.12,0.0,23
2026-04-30 20:00:00,21.5,97,0.0,0.71,0.0,39
2026-04-30 21:00:00,21.9,96,0.0,0.81,0.0,94
2026-04-30 22:00:00,21.6,97,0.0,0.67,0.1,98
2026-04-30 23:00:00,21.6,98,0.0,1.98,0.1,99
2026-05-01 00:00:00,21.5,96,0.0,0.25,0.3,100
2026-05-01 01:00:00,21.4,97,0.0,0.54,0.1,100
2026-05-01 02:00:00,20.9,97,0.0,0.87,0.0,100
2026-05-01 03:00:00,21.2,95,0.0,0.45,0.0,100
2026-05-01 04:00:00,20.6,95,0.0,0.57,0.0,100
2026-05-01 05:00:00,21.6,98,11.0,2.33,0.0,100
2026-05-01 06:00:00,22.3,93,69.0,2.36,0.0,100
2026-05-01 07:00:00,23.1,89,144.0,1.83,0.0,100
2026-05-01 08:00:00,23.9,86,235.0,3.0,0.0,100
2026-05-01 09:00:00,25.1,79,320.0,3.26,0.0,99
2026-05-01 10:00:00,26.1,75,458.0,3.27,0.0,100
2026-05-01 11:00:00,27.9,67,703.0,2.66,0.0,100
2026-05-01 12:00:00,25.5,75,458.0,4.25,0.2,100
2026-05-01 13:00:00,23.4,84,168.0,2.52,1.4,100
2026-05-01 14:00:00,22.8,92,114.0,2.18,0.9,98
2026-05-01 15:00:00,23.2,89,165.0,1.28,0.4,87
2026-05-01 16:00:00,23.5,88,184.0,1.36,0.0,72
2026-05-01 17:00:00,22.8,94,67.0,1.3,0.0,100
2026-05-01 18:00:00,22.4,97,2.0,1.46,0.4,100
2026-05-01 19:00:00,22.1,96,0.0,2.2,0.1,100
2026-05-01 20:00:00,21.7,98,0.0,1.03,0.0,100
2026-05-01 21:00:00,21.8,96,0.0,0.52,0.1,100
2026-05-01 22:00:00,20.7,98,0.0,2.6,2.7,100
2026-05-01 23:00:00,21.0,99,0.0,1.9,0.7,98
2026-05-02 00:00:00,20.7,99,0.0,1.35,1.3,100
2026-05-02 01:00:00,20.4,99,0.0,1.51,2.6,100
2026-05-02 02:00:00,20.3,95,0.0,0.76,3.6,100
2026-05-02 03:00:00,20.4,97,0.0,0.32,0.8,100
2026-05-02 04:00:00,20.2,97,0.0,1.64,1.2,100
2026-05-02 05:00:00,20.9,96,5.0,1.17,0.4,100
2026-05-02 06:00:00,21.5,93,43.0,1.61,0.1,100
2026-05-02 07:00:00,22.4,90,144.0,1.9,0.0,100
2026-05-02 08:00:00,23.3,86,188.0,2.68,0.0,100
2026-05-02 09:00:00,24.5,81,251.0,2.52,0.1,100
2026-05-02 10:00:00,25.5,75,305.0,2.33,0.0,100
2026-05-02 11:00:00,22.9,85,456.0,3.13,0.1,100
2026-05-02 12:00:00,21.6,95,67.0,1.77,4.1,100
2026-05-02 13:00:00,22.0,96,153.0,1.36,1.8,100
2026-05-02 14:00:00,21.9,96,77.0,1.57,1.5,100
2026-05-02 15:00:00,21.9,98,54.0,0.85,1.2,100
2026-05-02 16:00:00,21.1,100,42.0,3.05,0.7,100
2026-05-02 17:00:00,22.5,95,18.0,2.8,0.2,66
2026-05-02 18:00:00,21.9,98,3.0,1.25,0.1,69
2026-05-02 19:00:00,21.8,98,0.0,1.59,0.0,89
2026-05-02 20:00:00,21.7,97,0.0,1.38,0.0,86
2026-05-02 21:00:00,21.7,97,0.0,1.78,0.1,100
2026-05-02 22:00:00,21.4,97,0.0,2.57,0.1,100
2026-05-02 23:00:00,21.7,98,0.0,2.17,0.0,100
2026-05-03 00:00:00,21.4,98,0.0,0.85,0.1,95
2026-05-03 01:00:00,21.4,97,0.0,1.17,0.2,100
2026-05-03 02:00:00,20.9,98,0.0,2.55,4.4,100
2026-05-03 03:00:00,20.6,98,0.0,2.36,1.7,94
2026-05-03 04:00:00,20.4,99,0.0,1.37,0.3,81
2026-05-03 05:00:00,21.3,95,13.0,1.1,0.1,30
2026-05-03 06:00:00,22.1,91,98.0,1.3,0.1,56
2026-05-03 07:00:00,22.9,90,226.0,1.24,0.1,56
2026-05-03 08:00:00,24.0,84,330.0,1.95,0.1,58
2026-05-03 09:00:00,25.6,77,489.0,2.8,0.1,58
2026-05-03 10:00:00,26.7,71,567.0,2.62,0.1,100
2026-05-03 11:00:00,26.1,72,468.0,2.24,0.1,40
2026-05-03 12:00:00,27.8,64,727.0,2.02,0.1,32
2026-05-03 13:00:00,28.3,61,657.0,2.05,0.0,26
2026-05-03 14:00:00,28.5,60,570.0,2.04,0.0,13
2026-05-03 15:00:00,28.5,60,438.0,1.75,0.0,10
2026-05-03 16:00:00,27.7,66,251.0,2.22,0.0,16
2026-05-03 17:00:00,25.8,80,86.0,1.2,1.1,19
2026-05-03 18:00:00,24.5,83,4.0,1.46,0.0,21
2026-05-03 19:00:00,23.6,89,0.0,1.16,0.0,55
2026-05-03 20:00:00,23.1,94,0.0,1.18,0.0,55
2026-05-03 21:00:00,22.8,94,0.0,1.36,0.0,93
2026-05-03 22:00:00,22.9,94,0.0,1.97,0.0,90
2026-05-03 23:00:00,21.8,92,0.0,1.36,0.0,87
2026-05-04 00:00:00,21.5,99,0.0,0.75,0.0,27
2026-05-04 01:00:00,21.3,100,0.0,0.45,0.0,99
2026-05-04 02:00:00,21.3,99,0.0,0.41,0.0,33
2026-05-04 03:00:00,20.9,98,0.0,0.69,0.0,25
2026-05-04 04:00:00,21.3,98,0.0,1.76,0.0,15
2026-05-04 05:00:00,22.3,94,18.0,2.56,0.0,4
2026-05-04 06:00:00,23.8,87,138.0,2.32,0.0,66
2026-05-04 07:00:00,25.0,83,204.0,1.7,0.0,69
2026-05-04 08:00:00,26.3,78,298.0,1.88,0.0,82
2026-05-04 09:00:00,27.6,71,416.0,2.88,0.0,57
2026-05-04 10:00:00,28.8,65,635.0,3.51,0.0,46
2026-05-04 11:00:00,29.0,63,712.0,3.32,0.0,11
2026-05-04 12:00:00,29.8,60,808.0,2.36,0.0,13
2026-05-04 13:00:00,30.5,59,733.0,1.84,0.0,34
2026-05-04 14:00:00,25.8,82,565.0,4.55,2.0,59
2026-05-04 15:00:00,25.5,81,248.0,2.44,0.0,22
2026-05-04 16:00:00,26.0,77,236.0,1.61,0.0,10
2026-05-04 17:00:00,26.5,76,89.0,1.68,0.0,24
2026-05-04 18:00:00,25.2,86,5.0,1.33,0.0,19
2026-05-04 19:00:00,24.5,92,0.0,1.45,0.0,19
2026-05-04 20:00:00,23.9,93,0.0,0.99,0.0,23
2026-05-04 21:00:00,23.8,93,0.0,0.4,0.0,88
2026-05-04 22:00:00,23.5,95,0.0,0.9,0.0,89
2026-05-04 23:00:00,22.8,92,0.0,3.98,0.4,85
2026-05-05 00:00:00,22.6,93,0.0,0.76,0.2,100
2026-05-05 01:00:00,22.2,96,0.0,1.01,0.0,100
2026-05-05 02:00:00,22.0,98,0.0,3.74,0.4,100
2026-05-05 03:00:00,21.6,99,0.0,2.02,0.9,100
2026-05-05 04:00:00,21.6,97,0.0,1.12,0.3,100
2026-05-05 05:00:00,22.6,97,12.0,1.8,0.4,100
2026-05-05 06:00:00,23.3,92,74.0,0.78,0.2,100
2026-05-05 07:00:00,24.1,88,152.0,0.32,0.1,100
2026-05-05 08:00:00,25.3,81,296.0,1.12,0.0,100
2026-05-05 09:00:00,26.0,77,293.0,0.88,0.0,89
2026-05-05 10:00:00,27.1,73,509.0,1.48,0.1,27
2026-05-05 11:00:00,28.2,70,740.0,1.66,0.0,15
2026-05-05 12:00:00,29.6,61,811.0,2.35,0.0,11
2026-05-05 13:00:00,29.8,58,723.0,3.07,0.0,20
2026-05-05 14:00:00,29.9,58,582.0,3.3,0.0,68
2026-05-05 15:00:00,29.2,61,374.0,3.27,0.0,100
2026-05-05 16:00:00,28.2,68,141.0,2.3,0.0,99
2026-05-05 17:00:00,25.5,79,68.0,2.98,0.0,97
2026-05-05 18:00:00,24.5,84,5.0,2.06,0.0,100
2026-05-05 19:00:00,24.3,85,0.0,1.49,0.0,12
2026-05-05 20:00:00,23.7,89,0.0,1.19,0.0,16
2026-05-05 21:00:00,23.6,89,0.0,1.22,0.0,17
2026-05-05 22:00:00,23.5,89,0.0,1.42,0.0,14
2026-05-05 23:00:00,23.6,92,0.0,3.17,0.0,87
2026-05-06 00:00:00,23.6,88,0.0,1.49,0.1,17
2026-05-06 01:00:00,22.9,93,0.0,1.05,0.0,49
2026-05-06 02:00:00,22.8,95,0.0,1.79,0.1,95
2026-05-06 03:00:00,22.3,92,0.0,1.4,0.1,24
2026-05-06 04:00:00,22.0,95,0.0,1.66,0.0,43
2026-05-06 05:00:00,23.1,93,19.0,2.05,0.0,66
2026-05-06 06:00:00,24.3,88,119.0,0.99,0.2,54
2026-05-06 07:00:00,26.1,80,304.0,1.3,0.0,41
2026-05-06 08:00:00,27.9,72,514.0,1.03,0.0,56
2026-05-06 09:00:00,29.1,67,673.0,1.9,0.0,100
2026-05-06 10:00:00,30.0,63,694.0,2.75,0.0,86
2026-05-06 11:00:00,28.9,64,634.0,3.56,0.5,51
2026-05-06 12:00:00,29.2,66,614.0,2.95,0.2,49
2026-05-06 13:00:00,29.0,65,619.0,2.94,0.1,79
2026-05-06 14:00:00,28.4,68,445.0,3.41,0.0,98
2026-05-06 15:00:00,25.6,81,142.0,4.29,0.6,99
2026-05-06 16:00:00,24.0,93,92.0,2.42,1.5,71
2026-05-06 17:00:00,24.2,92,84.0,2.6,0.1,100
2026-05-06 18:00:00,24.2,93,1.0,1.25,0.5,100
2026-05-06 19:00:00,24.7,91,0.0,0.3,0.8,100
2026-05-06 20:00:00,24.3,91,0.0,0.81,0.2,100
2026-05-06 21:00:00,23.8,96,0.0,0.86,0.0,100
2026-05-06 22:00:00,23.6,97,0.0,1.15,0.0,100
2026-05-06 23:00:00,23.8,98,0.0,1.24,0.0,47
2026-05-07 00:00:00,23.2,98,0.0,2.06,0.0,19
2026-05-07 01:00:00,22.9,98,0.0,1.88,0.0,45
2026-05-07 02:00:00,22.5,98,0.0,0.74,0.0,82
2026-05-07 03:00:00,22.4,99,0.0,0.56,0.0,48
2026-05-07 04:00:00,22.2,100,0.0,0.07,0.0,99
2026-05-07 05:00:00,22.9,100,20.0,3.11,0.0,55
2026-05-07 06:00:00,23.6,88,116.0,0.6,0.0,6
2026-05-07 07:00:00,24.9,84,334.0,0.66,0.0,0
2026-05-07 08:00:00,26.5,74,532.0,0.4,0.0,1
2026-05-07 09:00:00,27.9,68,686.0,0.27,0.0,1
2026-05-07 10:00:00,29.3,61,803.0,0.9,0.0,7
2026-05-07 11:00:00,29.7,57,829.0,2.11,0.0,54
2026-05-07 12:00:00,30.2,54,810.0,2.3,0.1,43
2026-05-07 13:00:00,30.5,56,738.0,2.27,0.1,34
2026-05-07 14:00:00,28.4,64,571.0,1.46,0.2,76
2026-05-07 15:00:00,27.6,68,338.0,3.01,0.1,23
2026-05-07 16:00:00,26.1,76,202.0,3.15,0.1,23
2026-05-07 17:00:00,27.3,69,81.0,4.37,0.0,30
2026-05-07 18:00:00,25.8,80,5.0,0.76,0.0,38
2026-05-07 19:00:00,24.7,87,0.0,1.45,0.0,99
2026-05-07 20:00:00,23.9,93,0.0,0.88,0.0,100
2026-05-07 21:00:00,23.6,96,0.0,1.08,0.0,100
2026-05-07 22:00:00,23.3,94,0.0,1.11,0.0,96
2026-05-07 23:00:00,24.7,92,0.0,0.45,0.0,100
2026-05-08 00:00:00,24.4,93,0.0,0.87,0.0,100
2026-05-08 01:00:00,24.4,91,0.0,1.61,0.0,100
2026-05-08 02:00:00,22.6,94,0.0,1.77,1.7,89
2026-05-08 03:00:00,22.0,95,0.0,2.03,0.2,48
2026-05-08 04:00:00,21.5,96,0.0,0.6,0.1,31
2026-05-08 05:00:00,22.9,100,21.0,1.52,0.0,95
2026-05-08 06:00:00,24.3,93,143.0,1.79,0.0,11
2026-05-08 07:00:00,26.4,82,336.0,1.87,0.0,0
2026-05-08 08:00:00,28.1,73,536.0,1.66,0.0,2
2026-05-08 09:00:00,29.2,67,692.0,1.87,0.0,20
2026-05-08 10:00:00,30.0,62,779.0,1.95,0.0,91
2026-05-08 11:00:00,29.9,65,807.0,1.39,0.0,100
2026-05-08 12:00:00,30.2,61,613.0,0.4,0.0,100
2026-05-08 13:00:00,30.5,56,568.0,1.7,0.1,100
2026-05-08 14:00:00,29.9,56,410.0,2.5,0.0,97
2026-05-08 15:00:00,29.8,59,387.0,2.21,0.0,69
2026-05-08 16:00:00,29.0,68,222.0,2.21,0.0,16
2026-05-08 17:00:00,28.0,77,95.0,0.52,0.0,88
2026-05-08 18:00:00,27.0,77,4.0,0.92,0.0,33
2026-05-08 19:00:00,25.9,81,0.0,1.59,0.0,22
2026-05-08 20:00:00,25.0,87,0.0,1.15,0.0,1
2026-05-08 21:00:00,24.3,90,0.0,0.64,0.0,85
2026-05-08 22:00:00,23.9,95,0.0,0.71,0.0,100
2026-05-08 23:00:00,24.2,91,0.0,1.25,0.0,97
2026-05-09 00:00:00,24.0,93,0.0,1.22,0.0,98
2026-05-09 01:00:00,23.7,95,0.0,0.96,0.0,98
2026-05-09 02:00:00,23.2,97,0.0,0.65,0.0,95
2026-05-09 03:00:00,23.2,99,0.0,0.86,0.0,99
2026-05-09 04:00:00,23.3,98,0.0,0.98,0.0,100
2026-05-09 05:00:00,24.0,89,20.0,1.57,0.0,100
2026-05-09 06:00:00,25.5,83,123.0,0.7,0.0,19
2026-05-09 07:00:00,27.3,72,323.0,0.95,0.0,96
2026-05-09 08:00:00,28.6,68,442.0,1.48,0.0,89
2026-05-09 09:00:00,30.1,62,668.0,2.58,0.0,89
2026-05-09 10:00:00,30.6,59,737.0,3.15,0.0,42
2026-05-09 11:00:00,30.1,60,814.0,1.72,0.0,68
2026-05-09 12:00:00,31.1,57,814.0,2.49,0.0,17
2026-05-09 13:00:00,31.3,54,722.0,1.82,0.0,34
2026-05-09 14:00:00,31.3,54,569.0,1.92,0.0,62
2026-05-09 15:00:00,30.9,56,396.0,2.11,0.0,32
2026-05-09 16:00:00,30.0,62,248.0,2.25,0.0,26
2026-05-09 17:00:00,26.5,76,96.0,2.03,0.0,12
2026-05-09 18:00:00,25.3,84,7.0,1.71,0.0,2
2026-05-09 19:00:00,24.4,92,0.0,0.89,0.0,2
2026-05-09 20:00:00,24.0,98,0.0,0.75,0.0,5
2026-05-09 21:00:00,23.9,99,0.0,0.65,0.0,30
2026-05-09 22:00:00,23.8,97,0.0,0.11,0.0,47
2026-05-09 23:00:00,24.5,100,0.0,0.15,0.0,100
2026-05-10 00:00:00,24.7,97,0.0,0.05,0.0,86
2026-05-10 01:00:00,22.9,97,0.0,1.39,1.9,98
2026-05-10 02:00:00,23.2,93,0.0,3.3,0.0,100
2026-05-10 03:00:00,22.9,93,0.0,1.87,0.0,100
2026-05-10 04:00:00,22.5,92,0.0,0.54,0.0,100
2026-05-10 05:00:00,24.4,84,16.0,1.76,0.0,98
2026-05-10 06:00:00,25.5,83,122.0,0.21,0.0,98
2026-05-10 07:00:00,27.7,73,330.0,0.28,0.0,57
2026-05-10 08:00:00,29.6,65,528.0,0.8,0.0,98
2026-05-10 09:00:00,30.8,58,618.0,0.25,0.0,39
2026-05-10 10:00:00,31.9,54,779.0,0.43,0.0,16
2026-05-10 11:00:00,32.3,52,830.0,0.9,0.0,39
2026-05-10 12:00:00,31.3,58,775.0,1.75,0.4,54
2026-05-10 13:00:00,30.1,65,547.0,1.78,0.8,91
2026-05-10 14:00:00,28.7,66,200.0,2.76,0.0,98
2026-05-10 15:00:00,28.9,64,287.0,1.36,0.0,98
2026-05-10 16:00:00,27.2,73,53.0,1.68,0.0,100
2026-05-10 17:00:00,26.6,80,29.0,0.6,0.1,36
2026-05-10 18:00:00,25.3,89,6.0,2.52,0.0,100
2026-05-10 19:00:00,24.7,91,0.0,1.82,0.0,100
2026-05-10 20:00:00,24.7,92,0.0,0.7,0.0,100
2026-05-10 21:00:00,24.4,94,0.0,0.85,0.0,100
2026-05-10 22:00:00,24.1,98,0.0,0.25,0.0,100
2026-05-10 23:00:00,25.0,93,0.0,1.43,0.0,100
2026-05-11 00:00:00,24.6,95,0.0,2.8,0.0,35
2026-05-11 01:00:00,23.7,94,0.0,2.36,0.0,5
2026-05-11 02:00:00,21.9,90,0.0,3.75,0.0,89
2026-05-11 03:00:00,21.3,93,0.0,2.56,0.1,89
2026-05-11 04:00:00,21.4,92,0.0,0.18,0.2,90
2026-05-11 05:00:00,22.2,93,19.0,3.0,0.0,13
2026-05-11 06:00:00,23.2,89,156.0,1.47,0.0,7
2026-05-11 07:00:00,25.2,82,341.0,2.79,0.0,13
2026-05-11 08:00:00,26.2,75,494.0,3.92,0.0,4
2026-05-11 09:00:00,26.8,73,691.0,3.29,0.5,45
2026-05-11 10:00:00,27.5,69,673.0,3.31,0.1,30
2026-05-11 11:00:00,26.7,76,827.0,2.82,0.0,35
2026-05-11 12:00:00,28.0,69,741.0,2.04,0.1,20
2026-05-11 13:00:00,29.1,62,763.0,2.56,0.1,52
2026-05-11 14:00:00,29.0,61,523.0,2.66,0.0,37
2026-05-11 15:00:00,28.7,60,431.0,3.29,0.0,16
2026-05-11 16:00:00,27.2,67,257.0,3.01,0.2,61
2026-05-11 17:00:00,26.8,78,82.0,1.06,0.0,96
2026-05-11 18:00:00,25.6,83,6.0,0.99,0.0,34
2026-05-11 19:00:00,25.3,78,0.0,2.95,0.0,5
2026-05-11 20:00:00,24.2,85,0.0,2.35,0.0,21
2026-05-11 21:00:00,23.7,89,0.0,2.45,0.0,2
2026-05-11 22:00:00,23.2,91,0.0,1.45,0.0,8
2026-05-11 23:00:00,23.9,91,0.0,0.62,0.0,24
2026-05-12 00:00:00,23.1,94,0.0,0.92,0.0,30
2026-05-12 01:00:00,22.9,94,0.0,1.09,0.0,55
2026-05-12 02:00:00,22.6,94,0.0,0.51,0.0,64
2026-05-12 03:00:00,22.7,96,0.0,1.35,0.0,43
2026-05-12 04:00:00,22.3,95,0.0,0.76,0.0,6
2026-05-12 05:00:00,23.1,94,26.0,2.61,0.0,45
2026-05-12 06:00:00,24.2,87,152.0,2.28,0.0,80
2026-05-12 07:00:00,25.4,81,284.0,1.36,0.0,66
2026-05-12 08:00:00,26.8,75,508.0,1.44,0.0,36
2026-05-12 09:00:00,28.0,68,600.0,1.49,0.0,7
2026-05-12 10:00:00,29.3,61,781.0,1.37,0.0,10
2026-05-12 11:00:00,28.3,64,837.0,1.06,0.0,41
2026-05-12 12:00:00,29.3,59,837.0,1.22,0.0,56
2026-05-12 13:00:00,29.7,57,769.0,1.1,0.0,65
2026-05-12 14:00:00,29.7,57,602.0,1.77,0.2,47
2026-05-12 15:00:00,29.1,60,407.0,1.97,0.1,41
2026-05-12 16:00:00,28.5,64,252.0,1.91,0.0,21
2026-05-12 17:00:00,27.1,72,98.0,2.19,0.0,25
2026-05-12 18:00:00,26.0,80,7.0,1.73,0.0,8
2026-05-12 19:00:00,25.5,87,0.0,0.87,0.0,13
2026-05-12 20:00:00,25.3,90,0.0,0.76,0.0,9
2026-05-12 21:00:00,25.1,93,0.0,0.7,0.0,5
2026-05-12 22:00:00,24.7,96,0.0,0.58,0.0,7
2026-05-12 23:00:00,25.2,96,0.0,0.96,0.0,31
2026-05-13 00:00:00,24.5,99,0.0,0.43,0.0,31
2026-05-13 01:00:00,24.3,100,0.0,0.43,0.0,98
2026-05-13 02:00:00,24.0,100,0.0,1.52,0.0,99
2026-05-13 03:00:00,23.9,98,0.0,1.8,0.0,94
2026-05-13 04:00:00,23.7,98,0.0,0.78,0.3,80
2026-05-13 05:00:00,24.5,96,16.0,2.42,2.8,97
2026-05-13 06:00:00,24.8,93,89.0,1.62,0.5,100
2026-05-13 07:00:00,24.9,91,118.0,0.14,0.9,100
2026-05-13 08:00:00,24.8,87,179.0,2.32,0.3,100
2026-05-13 09:00:00,24.5,90,148.0,1.1,1.3,99
2026-05-13 10:00:00,25.0,88,271.0,1.79,0.3,73
2026-05-13 11:00:00,24.3,88,690.0,0.87,0.2,100
2026-05-13 12:00:00,24.9,86,234.0,0.76,0.1,100
2026-05-13 13:00:00,24.9,85,213.0,0.82,0.6,100
2026-05-13 14:00:00,24.6,89,146.0,1.06,0.5,100
2026-05-13 15:00:00,24.9,87,188.0,1.03,0.4,100
2026-05-13 16:00:00,25.1,86,180.0,0.97,0.3,34
2026-05-13 17:00:00,25.4,85,102.0,1.22,0.0,27
2026-05-13 18:00:00,24.3,91,7.0,1.24,0.0,71
2026-05-13 19:00:00,24.2,91,0.0,1.03,0.0,38
2026-05-13 20:00:00,24.2,92,0.0,1.11,0.1,57
2026-05-13 21:00:00,24.4,89,0.0,0.18,0.0,50
2026-05-13 22:00:00,24.1,93,0.0,0.73,0.0,19
2026-05-13 23:00:00,24.6,94,0.0,1.11,0.0,66
2026-05-14 00:00:00,21.7,99,0.0,3.61,3.2,100
2026-05-14 01:00:00,21.8,95,0.0,1.43,1.6,20
2026-05-14 02:00:00,21.9,95,0.0,0.42,0.0,35
2026-05-14 03:00:00,22.0,95,0.0,0.74,0.0,19
2026-05-14 04:00:00,22.0,96,0.0,1.03,0.0,84
2026-05-14 05:00:00,22.5,98,20.0,3.15,0.0,99
2026-05-14 06:00:00,22.0,98,75.0,2.25,11.2,98
2026-05-14 07:00:00,21.9,98,94.0,1.32,4.8,43
2026-05-14 08:00:00,24.6,90,499.0,0.96,0.6,88
2026-05-14 09:00:00,25.5,87,359.0,1.32,0.5,4
2026-05-14 10:00:00,28.4,72,792.0,1.8,0.0,6
2026-05-14 11:00:00,29.7,65,875.0,1.46,0.0,20
2026-05-14 12:00:00,30.1,65,827.0,1.07,0.0,31
2026-05-14 13:00:00,30.3,65,700.0,1.03,0.0,37
2026-05-14 14:00:00,30.2,65,579.0,1.14,0.0,38
2026-05-14 15:00:00,30.2,64,431.0,1.36,0.0,45
2026-05-14 16:00:00,27.9,83,242.0,1.19,1.1,21
2026-05-14 17:00:00,27.6,85,94.0,0.96,0.0,87
2026-05-14 18:00:00,26.6,91,7.0,1.35,0.0,66
2026-05-14 19:00:00,25.6,95,0.0,1.29,0.4,52
2026-05-14 20:00:00,23.2,97,0.0,4.04,2.3,99
2026-05-14 21:00:00,23.2,96,0.0,2.21,0.8,67
2026-05-14 22:00:00,23.1,96,0.0,1.01,0.2,100
2026-05-14 23:00:00,23.9,96,0.0,1.2,0.1,87
2026-05-15 00:00:00,23.2,98,0.0,2.02,0.4,91
2026-05-15 01:00:00,22.5,98,0.0,2.4,0.1,100
2026-05-15 02:00:00,22.1,99,0.0,2.45,1.4,100
2026-05-15 03:00:00,22.0,98,0.0,0.93,11.2,97
2026-05-15 04:00:00,22.1,97,0.0,0.72,0.5,100
2026-05-15 05:00:00,23.5,96,10.0,2.57,5.7,73
2026-05-15 06:00:00,24.2,94,114.0,0.95,0.5,87
2026-05-15 07:00:00,25.3,89,244.0,0.61,0.1,100
2026-05-15 08:00:00,26.7,81,366.0,0.56,0.1,98
2026-05-15 09:00:00,27.4,80,411.0,0.47,0.0,34
2026-05-15 10:00:00,29.0,74,750.0,0.39,0.0,47
2026-05-15 11:00:00,29.1,70,797.0,0.81,0.2,41
2026-05-15 12:00:00,29.6,68,699.0,0.89,0.1,62
2026-05-15 13:00:00,30.0,67,618.0,0.43,0.1,12
2026-05-15 14:00:00,30.1,67,624.0,0.6,0.2,41
2026-05-15 15:00:00,28.5,72,434.0,1.66,0.2,64
2026-05-15 16:00:00,28.2,78,268.0,2.05,0.4,32
2026-05-15 17:00:00,27.8,85,89.0,0.83,0.2,8
2026-05-15 18:00:00,26.7,89,8.0,1.43,0.0,15
2026-05-15 19:00:00,25.8,91,0.0,3.29,0.0,63
2026-05-15 20:00:00,24.6,92,0.0,3.16,0.4,62
2026-05-15 21:00:00,23.9,96,0.0,1.91,0.8,86
2026-05-15 22:00:00,23.3,96,0.0,2.47,3.8,99
2026-05-15 23:00:00,24.9,96,0.0,2.3,5.2,91
2026-05-16 00:00:00,24.2,97,0.0,1.84,0.9,71
2026-05-16 01:00:00,23.8,98,0.0,2.97,1.6,96
2026-05-16 02:00:00,23.6,97,0.0,3.14,0.3,100
2026-05-16 03:00:00,23.7,96,0.0,2.78,0.4,100
2026-05-16 04:00:00,23.6,97,0.0,2.01,6.3,99
2026-05-16 05:00:00,23.9,97,13.0,1.73,1.8,100
2026-05-16 06:00:00,23.4,96,111.0,2.36,3.6,100
2026-05-16 07:00:00,23.3,97,133.0,2.56,17.1,100
2026-05-16 08:00:00,24.4,95,235.0,1.95,3.3,95
2026-05-16 09:00:00,26.0,86,467.0,3.3,0.3,23
2026-05-16 10:00:00,27.4,79,592.0,2.51,0.0,95
2026-05-16 11:00:00,28.6,74,810.0,1.74,0.0,8
2026-05-16 12:00:00,29.3,72,840.0,0.47,0.0,26
2026-05-16 13:00:00,29.7,70,706.0,1.33,0.1,13
2026-05-16 14:00:00,29.9,69,584.0,1.42,0.2,12
2026-05-16 15:00:00,29.4,71,445.0,1.64,0.0,3
2026-05-16 16:00:00,29.4,70,281.0,1.07,0.0,11
2026-05-16 17:00:00,27.3,83,107.0,1.03,0.4,12
2026-05-16 18:00:00,25.5,90,8.0,1.07,0.5,99
2026-05-16 19:00:00,24.1,96,0.0,2.44,2.3,63
2026-05-16 20:00:00,23.4,99,0.0,0.84,2.1,66
2026-05-16 21:00:00,23.7,96,0.0,0.4,0.7,98
2026-05-16 22:00:00,23.8,92,0.0,0.25,0.9,70
2026-05-16 23:00:00,25.4,95,0.0,0.82,0.4,55
2026-05-17 00:00:00,24.6,97,0.0,0.85,0.2,73
2026-05-17 01:00:00,23.6,98,0.0,3.07,0.3,98
2026-05-17 02:00:00,23.3,95,0.0,1.17,0.3,73
2026-05-17 03:00:00,22.9,97,0.0,1.58,1.5,91
2026-05-17 04:00:00,22.9,96,0.0,0.71,1.4,30
2026-05-17 05:00:00,23.4,97,27.0,1.31,0.5,32
2026-05-17 06:00:00,24.4,90,163.0,0.63,0.0,65
2026-05-17 07:00:00,25.3,85,284.0,1.58,0.0,91
2026-05-17 08:00:00,26.6,79,380.0,0.82,0.0,100
2026-05-17 09:00:00,26.9,78,283.0,0.99,0.1,41
2026-05-17 10:00:00,29.0,71,793.0,1.07,0.1,48
2026-05-17 11:00:00,28.9,69,741.0,1.06,0.0,63
2026-05-17 12:00:00,29.7,69,805.0,0.58,0.0,27
2026-05-17 13:00:00,30.2,68,746.0,0.74,0.0,11
2026-05-17 14:00:00,30.5,67,586.0,1.04,0.0,18
2026-05-17 15:00:00,27.1,81,444.0,1.68,0.3,59
2026-05-17 16:00:00,25.2,93,228.0,2.55,3.5,36
2026-05-17 17:00:00,27.2,83,69.0,0.74,0.6,58
2026-05-17 18:00:00,24.9,94,7.0,1.52,1.6,100
2026-05-17 19:00:00,24.1,96,0.0,1.3,1.5,99
2026-05-17 20:00:00,23.8,98,0.0,0.51,1.8,97
2026-05-17 21:00:00,23.9,97,0.0,1.63,0.3,74
2026-05-17 22:00:00,23.8,96,0.0,1.3,1.0,100
2026-05-17 23:00:00,23.9,96,0.0,1.46,1.2,96
2026-05-18 00:00:00,23.8,97,0.0,0.9,3.3,91
2026-05-18 01:00:00,23.4,97,0.0,1.11,2.1,100
2026-05-18 02:00:00,23.4,96,0.0,1.82,3.3,100
2026-05-18 03:00:00,23.2,96,0.0,0.92,6.6,100
2026-05-18 04:00:00,23.2,96,0.0,1.07,2.6,100
2026-05-18 05:00:00,24.2,96,6.0,1.27,1.1,98
2026-05-18 06:00:00,24.1,99,46.0,1.63,0.1,96
2026-05-18 07:00:00,24.7,93,199.0,1.86,0.2,80
2026-05-18 08:00:00,26.4,85,450.0,1.22,0.4,75
2026-05-18 09:00:00,26.6,85,440.0,1.89,0.2,99
2026-05-18 10:00:00,27.4,80,514.0,2.21,0.1,60
2026-05-18 11:00:00,27.3,77,732.0,1.88,0.2,98
2026-05-18 12:00:00,27.6,74,326.0,1.46,0.0,96
2026-05-18 13:00:00,28.2,72,385.0,1.98,0.0,73
2026-05-18 14:00:00,28.8,69,434.0,1.77,0.0,53
2026-05-18 15:00:00,28.7,71,374.0,2.09,0.2,67
2026-05-18 16:00:00,27.1,81,212.0,2.52,0.3,48
2026-05-18 17:00:00,25.6,89,89.0,1.94,0.0,100
2026-05-18 18:00:00,24.4,96,3.0,3.09,5.0,93
2026-05-18 19:00:00,24.2,96,0.0,2.51,0.6,55
2026-05-18 20:00:00,24.1,97,0.0,1.62,0.2,63
2026-05-18 21:00:00,23.9,98,0.0,2.42,0.4,50
2026-05-18 22:00:00,23.8,99,0.0,1.15,0.7,83
2026-05-18 23:00:00,23.9,100,0.0,3.23,1.4,95
2026-05-19 00:00:00,23.7,99,0.0,1.08,0.9,94
2026-05-19 01:00:00,23.7,98,0.0,1.23,0.3,84
2026-05-19 02:00:00,23.6,98,0.0,1.76,0.2,100
2026-05-19 03:00:00,23.5,98,0.0,1.8,0.1,47
2026-05-19 04:00:00,23.5,98,0.0,1.05,0.0,98
2026-05-19 05:00:00,23.8,99,15.0,1.76,0.0,100
2026-05-19 06:00:00,24.3,95,91.0,2.08,0.1,68
2026-05-19 07:00:00,25.7,87,247.0,1.19,0.1,100
2026-05-19 08:00:00,27.1,80,372.0,1.45,0.0,48
2026-05-19 09:00:00,28.5,74,591.0,0.85,0.0,38
2026-05-19 10:00:00,29.5,70,697.0,0.8,0.0,23
2026-05-19 11:00:00,30.5,64,731.0,0.45,0.0,13
2026-05-19 12:00:00,31.0,63,832.0,0.65,0.0,6
2026-05-19 13:00:00,31.4,62,792.0,0.85,0.0,5
2026-05-19 14:00:00,31.7,62,661.0,0.9,0.0,8
2026-05-19 15:00:00,31.5,63,477.0,1.04,0.0,9
2026-05-19 16:00:00,31.0,66,278.0,1.32,0.0,11
2026-05-19 17:00:00,29.5,75,112.0,1.59,0.0,6
2026-05-19 18:00:00,28.3,79,10.0,1.25,0.0,7
2026-05-19 19:00:00,27.9,82,0.0,1.12,0.0,18
2026-05-19 20:00:00,27.7,83,0.0,0.83,0.0,32
2026-05-19 21:00:00,27.5,85,0.0,0.81,0.0,7
2026-05-19 22:00:00,27.1,87,0.0,0.97,0.0,12
2026-05-19 23:00:00,27.6,88,0.0,0.32,0.0,54
2026-05-20 00:00:00,27.0,92,0.0,0.91,0.0,34
2026-05-20 01:00:00,26.5,93,0.0,0.25,0.2,78
2026-05-20 02:00:00,26.2,94,0.0,1.29,0.4,16
2026-05-20 03:00:00,25.9,95,0.0,1.35,0.1,41
2026-05-20 04:00:00,25.7,96,0.0,1.74,0.0,15
2026-05-20 05:00:00,26.4,96,31.0,1.05,0.0,51
2026-05-20 06:00:00,27.3,93,126.0,1.42,0.1,33
2026-05-20 07:00:00,28.2,80,311.0,1.98,0.1,53
2026-05-20 08:00:00,29.0,78,420.0,2.23,0.3,23
2026-05-20 09:00:00,30.5,72,667.0,2.01,0.1,11
2026-05-20 10:00:00,31.7,67,799.0,1.54,0.0,24
2026-05-20 11:00:00,31.9,64,850.0,0.62,0.1,16
2026-05-20 12:00:00,32.5,65,857.0,0.49,0.0,8
2026-05-20 13:00:00,32.6,63,778.0,1.35,0.1,13
2026-05-20 14:00:00,32.3,65,637.0,2.17,0.4,19
2026-05-20 15:00:00,32.1,64,468.0,2.13,0.0,34
2026-05-20 16:00:00,31.7,68,246.0,1.56,0.0,52
2026-05-20 17:00:00,30.6,80,100.0,0.64,0.0,9
2026-05-20 18:00:00,29.8,84,9.0,0.36,0.0,16
2026-05-20 19:00:00,29.3,88,0.0,0.72,0.0,16
2026-05-20 20:00:00,28.9,91,0.0,0.94,0.0,15
2026-05-20 21:00:00,28.4,91,0.0,1.98,0.0,34
2026-05-20 22:00:00,27.5,91,0.0,2.86,0.3,19
2026-05-20 23:00:00,28.2,92,0.0,1.37,0.0,21
2026-05-21 00:00:00,27.6,95,0.0,0.85,0.0,34
2026-05-21 01:00:00,26.7,93,0.0,1.29,0.5,89
2026-05-21 02:00:00,25.3,98,0.0,1.61,2.7,33
2026-05-21 03:00:00,25.5,98,0.0,1.4,1.0,38
2026-05-21 04:00:00,25.8,97,0.0,0.85,0.2,35
2026-05-21 05:00:00,27.3,93,29.0,2.01,0.1,83
2026-05-21 06:00:00,28.3,88,141.0,1.4,0.0,90
2026-05-21 07:00:00,27.6,89,216.0,0.86,1.0,98
2026-05-21 08:00:00,29.0,84,374.0,0.87,0.1,97
2026-05-21 09:00:00,30.3,79,491.0,1.71,0.0,99
2026-05-21 10:00:00,30.6,79,494.0,1.16,0.2,99
2026-05-21 11:00:00,28.2,82,347.0,0.41,5.9,100
2026-05-21 12:00:00,28.5,84,394.0,1.45,1.2,99
2026-05-21 13:00:00,29.8,76,546.0,1.56,0.2,98
2026-05-21 14:00:00,30.1,74,453.0,1.7,0.5,95
2026-05-21 15:00:00,29.5,81,404.0,2.02,1.1,93
2026-05-21 16:00:00,28.9,86,164.0,2.45,0.2,95
2026-05-21 17:00:00,28.1,90,93.0,1.73,0.0,47
2026-05-21 18:00:00,27.6,92,10.0,0.96,0.1,29
2026-05-21 19:00:00,27.3,94,0.0,1.1,0.0,14
2026-05-21 20:00:00,27.3,96,0.0,0.85,0.0,12
2026-05-21 21:00:00,27.2,97,0.0,0.74,0.0,11
2026-05-21 22:00:00,27.1,97,0.0,0.8,0.0,8
2026-05-21 23:00:00,27.8,98,0.0,1.09,0.0,66
2026-05-22 00:00:00,27.0,100,0.0,0.87,0.0,34
2026-05-22 01:00:00,26.8,100,0.0,0.9,0.0,100
2026-05-22 02:00:00,26.6,100,0.0,0.45,0.0,100
2026-05-22 03:00:00,26.6,99,0.0,0.38,0.0,62
2026-05-22 04:00:00,26.6,100,0.0,0.25,0.0,99
2026-05-22 05:00:00,26.9,98,28.0,1.01,0.0,99
2026-05-22 06:00:00,28.2,92,153.0,0.99,0.1,74
2026-05-22 07:00:00,29.1,86,299.0,0.45,0.0,39
2026-05-22 08:00:00,30.2,80,495.0,0.27,0.1,52
2026-05-22 09:00:00,31.3,73,599.0,0.18,0.1,67
2026-05-22 10:00:00,31.8,69,713.0,1.18,0.1,32
2026-05-22 11:00:00,31.6,73,778.0,0.74,0.1,96
2026-05-22 12:00:00,28.8,87,377.0,2.26,2.1,99
2026-05-22 13:00:00,28.4,89,299.0,1.61,0.7,97
2026-05-22 14:00:00,29.9,82,469.0,1.5,0.2,87
2026-05-22 15:00:00,29.6,82,376.0,1.31,0.6,51
2026-05-22 16:00:00,29.5,80,238.0,1.45,0.1,55
2026-05-22 17:00:00,28.9,83,94.0,1.32,0.4,35
2026-05-22 18:00:00,28.3,87,10.0,0.05,0.2,36
2026-05-22 19:00:00,28.3,87,0.0,0.1,0.3,58
2026-05-22 20:00:00,26.2,91,0.0,2.49,1.6,100
2026-05-22 21:00:00,25.7,97,0.0,2.05,0.5,38
2026-05-22 22:00:00,24.9,98,0.0,1.95,2.8,86
2026-05-22 23:00:00,25.7,99,0.0,1.82,0.8,81
2026-05-23 00:00:00,25.5,99,0.0,0.93,0.6,69
2026-05-23 01:00:00,25.5,96,0.0,1.5,0.7,100
2026-05-23 02:00:00,24.8,97,0.0,2.94,0.5,100
2026-05-23 03:00:00,24.2,99,0.0,3.11,2.7,100
2026-05-23 04:00:00,23.8,96,0.0,2.67,2.1,84
2026-05-23 05:00:00,25.0,97,20.0,1.26,5.1,95
2026-05-23 06:00:00,25.5,94,80.0,2.7,0.0,100
2026-05-23 07:00:00,25.1,97,91.0,1.72,0.9,94
2026-05-23 08:00:00,25.8,91,240.0,0.74,1.5,100
2026-05-23 09:00:00,26.2,90,244.0,1.76,0.2,100
2026-05-23 10:00:00,28.5,80,742.0,0.66,0.1,100
2026-05-23 11:00:00,27.3,83,630.0,1.82,0.0,100
2026-05-23 12:00:00,27.1,83,242.0,1.87,0.0,100
2026-05-23 13:00:00,27.3,81,206.0,1.22,0.0,100
2026-05-23 14:00:00,28.2,78,331.0,0.2,0.0,100
2026-05-23 15:00:00,28.8,76,403.0,1.03,0.0,45
2026-05-23 16:00:00,28.4,79,273.0,1.41,0.0,26
2026-05-23 17:00:00,28.5,82,102.0,1.27,0.0,99
2026-05-23 18:00:00,27.5,88,9.0,1.7,0.1,63
2026-05-23 19:00:00,26.6,94,0.0,2.06,0.5,100
2026-05-23 20:00:00,25.3,95,0.0,1.3,0.6,77
2026-05-23 21:00:00,24.3,98,0.0,2.12,1.1,89
2026-05-23 22:00:00,23.8,99,0.0,1.45,0.7,100
2026-05-23 23:00:00,24.5,95,0.0,0.1,0.1,100
2026-05-24 00:00:00,24.0,99,0.0,1.6,2.0,84
2026-05-24 01:00:00,23.9,98,0.0,1.82,1.4,100
2026-05-24 02:00:00,24.1,96,0.0,0.38,0.8,96
2026-05-24 03:00:00,23.9,96,0.0,1.04,0.6,100
2026-05-24 04:00:00,23.8,97,0.0,1.45,0.7,97
2026-05-24 05:00:00,24.2,95,18.0,2.2,0.8,99
2026-05-24 06:00:00,24.0,95,63.0,2.56,3.2,83
2026-05-24 07:00:00,24.4,95,155.0,1.76,1.0,98
2026-05-24 08:00:00,24.8,90,173.0,1.88,0.0,88
2026-05-24 09:00:00,27.0,79,591.0,1.72,0.0,78
2026-05-24 10:00:00,28.4,72,590.0,0.49,0.0,33
2026-05-24 11:00:00,28.9,71,755.0,2.12,0.0,19
2026-05-24 12:00:00,29.6,70,787.0,1.63,0.0,22
2026-05-24 13:00:00,29.7,71,795.0,1.32,0.0,5
2026-05-24 14:00:00,30.0,70,669.0,1.42,0.0,9
2026-05-24 15:00:00,30.0,72,486.0,0.81,0.0,8
2026-05-24 16:00:00,29.5,74,292.0,0.4,0.0,20
2026-05-24 17:00:00,28.1,80,115.0,0.67,0.0,9
2026-05-24 18:00:00,27.3,86,11.0,0.73,0.1,24
2026-05-24 19:00:00,26.7,90,0.0,1.0,0.0,30
2026-05-24 20:00:00,26.0,97,0.0,0.61,0.1,55
2026-05-24 21:00:00,24.4,98,0.0,3.22,0.3,76
2026-05-24 22:00:00,23.7,97,0.0,1.92,0.0,24
2026-05-24 23:00:00,24.3,97,0.0,1.36,0.0,98
2026-05-25 00:00:00,24.1,97,0.0,0.9,0.0,95
2026-05-25 01:00:00,23.9,97,0.0,0.98,0.1,100
2026-05-25 02:00:00,24.0,96,0.0,0.71,0.4,100
2026-05-25 03:00:00,24.0,96,0.0,1.06,0.4,100
2026-05-25 04:00:00,23.8,97,0.0,2.04,0.3,100
2026-05-25 05:00:00,23.8,96,16.0,1.72,0.2,34
2026-05-25 06:00:00,24.6,91,154.0,1.52,0.1,87
2026-05-25 07:00:00,25.3,87,222.0,1.87,0.1,100
2026-05-25 08:00:00,24.7,92,95.0,1.43,2.7,100
2026-05-25 09:00:00,24.5,93,57.0,2.1,3.0,100
2026-05-25 10:00:00,24.7,94,87.0,1.13,7.2,100
2026-05-25 11:00:00,24.7,91,35.0,0.99,6.2,100
2026-05-25 12:00:00,24.6,94,217.0,2.88,1.3,100
2026-05-25 13:00:00,24.6,95,110.0,2.24,1.2,91
2026-05-25 14:00:00,26.2,85,461.0,2.84,0.1,42
2026-05-25 15:00:00,27.1,81,516.0,3.13,0.0,3
2026-05-25 16:00:00,27.1,80,312.0,2.26,0.0,2
2026-05-25 17:00:00,26.8,83,123.0,2.67,0.0,31
2026-05-25 18:00:00,25.7,91,12.0,1.9,0.6,42
2026-05-25 19:00:00,25.0,96,0.0,1.08,0.4,88
2026-05-25 20:00:00,25.1,96,0.0,2.33,0.3,59
2026-05-25 21:00:00,24.3,98,0.0,2.47,0.1,23
2026-05-25 22:00:00,23.8,97,0.0,1.15,0.5,84
2026-05-25 23:00:00,24.7,95,0.0,1.68,0.8,61
2026-05-26 00:00:00,23.5,99,0.0,2.48,0.3,42
2026-05-26 01:00:00,23.2,97,0.0,0.93,0.4,100
2026-05-26 02:00:00,23.3,97,0.0,1.32,3.6,93
2026-05-26 03:00:00,23.0,98,0.0,1.6,9.0,100
2026-05-26 04:00:00,23.1,96,0.0,0.85,6.2,100
2026-05-26 05:00:00,23.3,98,12.0,1.8,3.7,100
2026-05-26 06:00:00,23.3,96,28.0,1.99,1.6,98
2026-05-26 07:00:00,24.3,93,157.0,2.03,0.1,100
2026-05-26 08:00:00,24.9,88,160.0,2.97,0.0,92
2026-05-26 09:00:00,27.1,77,543.0,2.14,0.0,71
2026-05-26 10:00:00,27.7,75,544.0,1.06,0.0,61
2026-05-26 11:00:00,28.6,74,763.0,3.0,0.0,36
2026-05-26 12:00:00,29.2,71,651.0,1.92,0.0,19
2026-05-26 13:00:00,29.7,69,736.0,1.63,0.0,80
2026-05-26 14:00:00,29.5,70,466.0,2.59,0.0,26
2026-05-26 15:00:00,29.5,72,466.0,1.85,0.0,9
2026-05-26 16:00:00,29.4,72,290.0,1.36,0.0,10
2026-05-26 17:00:00,28.9,77,122.0,1.43,0.0,17
2026-05-26 18:00:00,27.4,84,13.0,1.6,0.0,46
2026-05-26 19:00:00,26.2,87,0.0,0.25,0.4,80
2026-05-26 20:00:00,25.2,95,0.0,0.86,0.3,95
2026-05-26 21:00:00,24.7,93,0.0,1.48,0.9,89
2026-05-26 22:00:00,24.6,93,0.0,0.15,0.1,84
2026-05-26 23:00:00,24.6,95,0.0,2.11,0.1,55
2026-05-27 00:00:00,24.2,97,0.0,0.87,0.0,60
2026-05-27 01:00:00,22.4,100,0.0,2.9,4.1,100
2026-05-27 02:00:00,22.4,96,0.0,1.13,1.7,97
2026-05-27 03:00:00,22.8,94,0.0,0.35,0.3,96
2026-05-27 04:00:00,22.4,95,0.0,1.55,2.1,95
2026-05-27 05:00:00,23.9,97,16.0,0.75,0.6,100
2026-05-27 06:00:00,24.1,94,68.0,0.78,0.0,100
2026-05-27 07:00:00,24.3,93,79.0,1.14,0.0,100
2026-05-27 08:00:00,24.3,94,108.0,1.78,0.7,100
2026-05-27 09:00:00,24.8,91,196.0,1.2,0.3,100
2026-05-27 10:00:00,25.3,88,201.0,1.69,0.0,100
2026-05-27 11:00:00,27.0,82,515.0,1.51,0.0,100
2026-05-27 12:00:00,26.6,83,225.0,2.58,0.4,100
2026-05-27 13:00:00,26.2,89,194.0,2.95,0.7,100
2026-05-27 14:00:00,26.6,87,167.0,1.68,0.1,98
2026-05-27 15:00:00,27.1,84,238.0,1.49,0.0,70
2026-05-27 16:00:00,27.1,83,224.0,1.01,0.0,42
2026-05-27 17:00:00,27.7,83,103.0,0.87,0.0,11
2026-05-27 18:00:00,26.4,88,13.0,0.96,0.0,20
2026-05-27 19:00:00,26.1,90,0.0,1.41,0.1,10
2026-05-27 20:00:00,25.4,90,0.0,0.3,0.2,5
2026-05-27 21:00:00,24.3,95,0.0,1.77,0.0,5
2026-05-27 22:00:00,23.8,96,0.0,0.68,0.0,10
2026-05-27 23:00:00,23.5,95,0.0,0.27,0.0,35
2026-05-28 00:00:00,22.7,99,0.0,4.06,0.3,98
2026-05-28 01:00:00,22.6,98,0.0,2.23,1.9,61
2026-05-28 02:00:00,23.0,96,0.0,2.02,0.8,81
2026-05-28 03:00:00,23.2,96,0.0,0.47,0.0,96
2026-05-28 04:00:00,23.0,98,0.0,1.5,0.0,68
2026-05-28 05:00:00,24.3,97,34.0,1.17,0.0,98
2026-05-28 06:00:00,25.2,92,132.0,1.04,0.0,84
2026-05-28 07:00:00,26.9,83,303.0,0.96,0.0,22
2026-05-28 08:00:00,28.4,76,546.0,1.02,0.0,35
2026-05-28 09:00:00,29.6,71,669.0,1.36,0.0,50
2026-05-28 10:00:00,30.5,67,726.0,1.91,0.0,70
2026-05-28 11:00:00,29.3,68,632.0,3.03,0.0,98
2026-05-28 12:00:00,26.5,84,311.0,2.71,0.9,98
2026-05-28 13:00:00,27.2,82,317.0,1.83,0.2,80
2026-05-28 14:00:00,28.2,77,417.0,2.34,0.0,100
2026-05-28 15:00:00,28.0,77,186.0,2.4,0.0,100
2026-05-28 16:00:00,27.8,80,88.0,1.86,0.0,94
2026-05-28 17:00:00,28.1,77,72.0,3.31,0.0,17
2026-05-28 18:00:00,26.9,81,14.0,2.2,0.0,4
2026-05-28 19:00:00,26.2,86,0.0,2.11,0.0,9
2026-05-28 20:00:00,25.8,88,0.0,1.86,0.0,19
2026-05-28 21:00:00,25.4,90,0.0,1.5,0.0,3
2026-05-28 22:00:00,25.0,91,0.0,1.71,0.0,1
2026-05-28 23:00:00,25.5,86,0.0,2.1,0.0,0
2026-05-29 00:00:00,24.9,87,0.0,2.01,0.0,0
2026-05-29 01:00:00,24.4,89,0.0,1.58,0.0,0
2026-05-29 02:00:00,24.0,93,0.0,1.6,0.0,0
2026-05-29 03:00:00,23.8,95,0.0,1.75,0.0,0
2026-05-29 04:00:00,23.6,96,0.0,1.57,0.0,4
2026-05-29 05:00:00,24.4,96,39.0,1.71,0.0,0
2026-05-29 06:00:00,25.7,88,187.0,1.65,0.0,0
2026-05-29 07:00:00,27.1,83,384.0,1.91,0.0,0
2026-05-29 08:00:00,28.7,75,579.0,2.38,0.0,0
2026-05-29 09:00:00,30.2,68,744.0,3.08,0.0,20
2026-05-29 10:00:00,31.2,63,861.0,3.11,0.0,52
2026-05-29 11:00:00,31.5,63,916.0,3.13,0.0,34
2026-05-29 12:00:00,31.7,61,825.0,2.93,0.0,16
2026-05-29 13:00:00,32.2,59,778.0,2.17,0.0,15
2026-05-29 14:00:00,32.0,60,661.0,1.49,0.0,25
2026-05-29 15:00:00,31.9,61,469.0,1.35,0.0,15
2026-05-29 16:00:00,31.5,64,316.0,1.19,0.0,4
2026-05-29 17:00:00,30.5,77,134.0,0.32,0.0,2
2026-05-29 18:00:00,29.3,78,15.0,0.57,0.0,5
2026-05-29 19:00:00,28.3,84,0.0,1.01,0.0,1
2026-05-29 20:00:00,27.6,87,0.0,1.3,0.0,1
2026-05-29 21:00:00,27.2,88,0.0,1.46,0.0,2
2026-05-29 22:00:00,26.7,90,0.0,1.32,0.0,5
2026-05-29 23:00:00,27.5,83,0.0,2.09,0.0,6
2026-05-30 00:00:00,26.9,86,0.0,1.55,0.0,2
2026-05-30 01:00:00,26.6,88,0.0,1.68,0.0,2
2026-05-30 02:00:00,26.1,91,0.0,1.51,0.0,1
2026-05-30 03:00:00,25.7,94,0.0,1.17,0.0,39
2026-05-30 04:00:00,25.2,97,0.0,0.71,0.0,6
2026-05-30 05:00:00,26.1,95,39.0,1.38,0.0,0
2026-05-30 06:00:00,27.6,85,183.0,1.44,0.0,0
2026-05-30 07:00:00,29.0,78,380.0,1.49,0.0,0
2026-05-30 08:00:00,30.4,72,575.0,1.45,0.0,0
2026-05-30 09:00:00,31.6,67,738.0,1.79,0.0,5
2026-05-30 10:00:00,32.7,62,861.0,2.22,0.0,36
2026-05-30 11:00:00,33.1,61,861.0,2.21,0.0,37
2026-05-30 12:00:00,33.3,61,838.0,1.91,0.0,45
2026-05-30 13:00:00,32.9,62,771.0,1.46,0.2,45
2026-05-30 14:00:00,32.6,62,613.0,1.66,0.0,21
2026-05-30 15:00:00,32.1,65,469.0,2.21,0.0,19
2026-05-30 16:00:00,31.4,69,280.0,1.92,0.0,13
2026-05-30 17:00:00,31.0,76,120.0,0.83,0.0,21
2026-05-30 18:00:00,30.3,76,13.0,0.07,0.0,9
2026-05-30 19:00:00,28.9,84,0.0,0.6,0.0,10
2026-05-30 20:00:00,28.1,90,0.0,1.03,0.0,4
2026-05-30 21:00:00,27.4,93,0.0,1.35,0.0,16
2026-05-30 22:00:00,26.9,97,0.0,0.57,0.0,7
2026-05-30 23:00:00,27.4,97,0.0,1.36,0.0,62
2026-05-31 00:00:00,26.9,99,0.0,0.05,0.0,69
2026-05-31 01:00:00,26.5,90,0.0,4.17,0.0,92
2026-05-31 02:00:00,25.7,91,0.0,4.32,0.2,90
2026-05-31 03:00:00,24.4,94,0.0,2.47,0.1,97
2026-05-31 04:00:00,24.3,95,0.0,1.75,0.1,99
2026-05-31 05:00:00,27.1,93,32.0,0.41,0.0,99
2026-05-31 06:00:00,27.4,87,119.0,1.95,0.0,99
2026-05-31 07:00:00,28.2,82,252.0,0.92,0.0,98
2026-05-31 08:00:00,29.6,77,473.0,0.6,0.0,77
2026-05-31 09:00:00,30.7,73,651.0,0.9,0.0,60
2026-05-31 10:00:00,31.7,68,773.0,1.61,0.0,20
2026-05-31 11:00:00,32.1,64,866.0,2.4,0.0,5
2026-05-31 12:00:00,32.5,61,871.0,2.42,0.0,12
2026-05-31 13:00:00,32.8,59,794.0,2.44,0.0,6
2026-05-31 14:00:00,32.8,58,675.0,2.18,0.0,7
2026-05-31 15:00:00,32.8,59,500.0,1.99,0.0,33
2026-05-31 16:00:00,32.1,63,287.0,1.59,0.0,41
2026-05-31 17:00:00,31.6,73,125.0,0.87,0.0,26
2026-05-31 18:00:00,30.5,79,14.0,1.03,0.6,48
2026-05-31 19:00:00,29.8,85,0.0,0.57,0.0,69
2026-05-31 20:00:00,28.8,90,0.0,1.05,0.0,12
2026-05-31 21:00:00,28.5,91,0.0,1.12,0.0,27
2026-05-31 22:00:00,28.4,89,0.0,0.41,0.0,10
2026-05-31 23:00:00,28.0,91,0.0,1.6,0.0,13
2026-06-01 00:00:00,27.7,92,0.0,0.21,0.0,13
2026-06-01 01:00:00,25.8,96,0.0,2.57,0.1,66
2026-06-01 02:00:00,25.8,95,0.0,0.93,0.2,86
2026-06-01 03:00:00,25.9,95,0.0,0.57,0.0,21
2026-06-01 04:00:00,25.1,97,0.0,2.35,0.3,52
2026-06-01 05:00:00,26.1,96,29.0,0.25,0.4,4
2026-06-01 06:00:00,27.2,92,174.0,0.5,0.0,4
2026-06-01 07:00:00,28.8,85,367.0,0.56,0.0,5
2026-06-01 08:00:00,30.2,77,551.0,1.37,0.0,2
2026-06-01 09:00:00,31.4,69,714.0,1.24,0.0,2
2026-06-01 10:00:00,32.1,64,824.0,1.21,0.0,10
2026-06-01 11:00:00,32.7,60,878.0,0.81,0.0,2
2026-06-01 12:00:00,33.3,59,886.0,0.97,0.0,2
2026-06-01 13:00:00,33.6,57,806.0,1.23,0.0,9
2026-06-01 14:00:00,33.4,58,652.0,1.72,0.0,3
2026-06-01 15:00:00,33.2,59,504.0,1.81,0.0,9
2026-06-01 16:00:00,32.7,62,315.0,1.81,0.0,5
2026-06-01 17:00:00,32.5,69,133.0,1.51,0.0,5
2026-06-01 18:00:00,31.2,73,16.0,1.35,0.0,5
2026-06-01 19:00:00,30.9,75,0.0,0.96,0.0,8
2026-06-01 20:00:00,30.2,79,0.0,1.35,0.0,27
2026-06-01 21:00:00,29.7,82,0.0,2.12,0.0,8
2026-06-01 22:00:00,29.3,81,0.0,2.07,0.0,5
2026-06-01 23:00:00,28.5,83,0.0,2.11,0.0,6
2026-06-02 00:00:00,28.1,85,0.0,1.46,0.0,46
2026-06-02 01:00:00,27.9,87,0.0,1.1,0.0,41
2026-06-02 02:00:00,27.6,89,0.0,1.33,0.1,63
2026-06-02 03:00:00,27.5,90,0.0,1.43,0.0,14
2026-06-02 04:00:00,27.3,91,0.0,0.81,0.0,14
2026-06-02 05:00:00,28.7,84,36.0,2.48,0.1,18
2026-06-02 06:00:00,29.4,81,179.0,2.16,0.0,27
2026-06-02 07:00:00,30.1,79,343.0,2.39,0.0,26
2026-06-02 08:00:00,31.1,74,505.0,2.03,0.0,15
2026-06-02 09:00:00,32.3,67,689.0,3.35,0.0,49
2026-06-02 10:00:00,32.7,66,773.0,3.58,0.0,91
2026-06-02 11:00:00,33.6,57,802.0,5.13,0.1,6
2026-06-02 12:00:00,33.5,60,869.0,4.76,0.0,4
2026-06-02 13:00:00,33.3,60,783.0,4.57,0.6,41
2026-06-02 14:00:00,33.5,60,651.0,4.31,0.3,9
2026-06-02 15:00:00,33.4,59,485.0,4.16,0.0,5
2026-06-02 16:00:00,32.8,64,317.0,3.37,0.0,5
2026-06-02 17:00:00,32.0,71,136.0,1.66,0.0,4
2026-06-02 18:00:00,30.9,76,16.0,1.39,0.0,2
2026-06-02 19:00:00,30.5,78,0.0,1.79,0.0,6
2026-06-02 20:00:00,29.6,82,0.0,1.35,0.0,2
2026-06-02 21:00:00,29.2,83,0.0,1.37,0.0,6
2026-06-02 22:00:00,28.7,85,0.0,0.68,0.0,7
2026-06-02 23:00:00,28.9,87,0.0,0.99,0.0,16
2026-06-03 00:00:00,27.9,94,0.0,2.08,0.0,9
2026-06-03 01:00:00,26.4,92,0.0,1.55,0.0,9
2026-06-03 02:00:00,26.0,93,0.0,1.93,0.0,13
2026-06-03 03:00:00,25.6,92,0.0,1.88,0.0,15
2026-06-03 04:00:00,25.4,91,0.0,1.4,0.0,11
2026-06-03 05:00:00,26.5,87,36.0,2.22,0.0,38
2026-06-03 06:00:00,27.1,87,169.0,1.08,0.0,13
2026-06-03 07:00:00,28.4,81,372.0,1.74,0.0,27
2026-06-03 08:00:00,28.6,82,449.0,2.16,0.3,9
2026-06-03 09:00:00,30.3,75,692.0,1.33,0.0,3
2026-06-03 10:00:00,32.0,69,818.0,1.91,0.0,3
2026-06-03 11:00:00,33.0,63,864.0,4.25,0.0,19
2026-06-03 12:00:00,32.6,64,818.0,4.65,1.5,26
2026-06-03 13:00:00,33.7,59,756.0,4.86,0.2,20
2026-06-03 14:00:00,33.1,62,648.0,5.27,0.5,7
2026-06-03 15:00:00,33.3,60,482.0,4.66,0.0,9
2026-06-03 16:00:00,32.8,64,319.0,3.9,0.0,5
2026-06-03 17:00:00,32.3,65,137.0,3.01,0.0,39
2026-06-03 18:00:00,30.5,74,14.0,3.27,0.0,22
2026-06-03 19:00:00,29.5,82,0.0,1.88,0.1,15
2026-06-03 20:00:00,28.9,84,0.0,1.3,0.0,41
2026-06-03 21:00:00,28.4,85,0.0,0.72,0.0,19
2026-06-03 22:00:00,27.7,83,0.0,2.4,0.0,28
2026-06-03 23:00:00,26.8,90,0.0,2.7,0.0,94
2026-06-04 00:00:00,24.9,96,0.0,2.2,5.1,99
2026-06-04 01:00:00,25.2,94,0.0,1.36,1.0,77
2026-06-04 02:00:00,24.9,95,0.0,1.12,0.4,100
2026-06-04 03:00:00,24.7,95,0.0,1.46,0.1,61
2026-06-04 04:00:00,24.5,95,0.0,0.6,0.0,61
2026-06-04 05:00:00,25.9,95,32.0,2.07,0.0,78
2026-06-04 06:00:00,26.3,93,146.0,2.19,0.0,67
2026-06-04 07:00:00,27.5,87,299.0,2.18,0.0,97
2026-06-04 08:00:00,28.6,81,387.0,1.9,0.1,100
2026-06-04 09:00:00,29.1,79,488.0,2.14,0.1,99
2026-06-04 10:00:00,30.3,74,590.0,1.67,0.1,54
2026-06-04 11:00:00,31.1,71,612.0,2.69,0.0,14
2026-06-04 12:00:00,31.8,68,846.0,2.6,0.0,23
2026-06-04 13:00:00,32.1,67,753.0,2.21,0.1,7
2026-06-04 14:00:00,32.4,67,667.0,1.81,0.1,13
2026-06-04 15:00:00,32.0,68,508.0,2.76,0.5,35
2026-06-04 16:00:00,31.0,75,307.0,1.45,0.2,7
2026-06-04 17:00:00,31.0,78,135.0,2.01,0.0,16
2026-06-04 18:00:00,25.3,97,17.0,3.68,3.1,100
2026-06-04 19:00:00,25.8,96,0.0,2.12,5.7,2
2026-06-04 20:00:00,25.6,95,0.0,3.33,0.2,20
2026-06-04 21:00:00,25.0,96,0.0,2.2,0.9,43
2026-06-04 22:00:00,24.8,96,0.0,2.86,0.4,96
2026-06-04 23:00:00,25.9,95,0.0,2.19,0.1,98
2026-06-05 00:00:00,25.6,95,0.0,1.42,0.1,99
2026-06-05 01:00:00,25.3,96,0.0,1.42,0.3,98
2026-06-05 02:00:00,24.9,98,0.0,2.18,0.3,100
2026-06-05 03:00:00,24.8,97,0.0,2.28,0.7,98
2026-06-05 04:00:00,24.7,96,0.0,1.9,0.4,100
2026-06-05 05:00:00,25.6,95,22.0,1.87,0.3,100
2026-06-05 06:00:00,25.6,95,73.0,3.03,0.3,98
2026-06-05 07:00:00,26.8,88,295.0,2.86,0.1,98
2026-06-05 08:00:00,27.5,84,361.0,2.66,0.2,98
2026-06-05 09:00:00,28.0,81,305.0,2.85,0.1,66
2026-06-05 10:00:00,29.1,77,555.0,3.26,0.0,99
2026-06-05 11:00:00,30.0,74,717.0,3.48,0.0,100
2026-06-05 12:00:00,30.5,72,864.0,3.13,0.1,27
2026-06-05 13:00:00,30.9,69,758.0,2.59,0.3,7
2026-06-05 14:00:00,31.3,67,656.0,2.5,0.0,10
2026-06-05 15:00:00,31.4,67,517.0,2.06,0.0,5
2026-06-05 16:00:00,30.7,68,315.0,0.81,0.3,52
2026-06-05 17:00:00,29.9,74,116.0,0.6,0.3,44
2026-06-05 18:00:00,28.6,87,17.0,0.71,0.1,19
2026-06-05 19:00:00,28.0,90,0.0,1.08,0.0,9
2026-06-05 20:00:00,27.7,90,0.0,1.37,0.0,11
2026-06-05 21:00:00,27.5,92,0.0,0.97,0.0,64
2026-06-05 22:00:00,27.3,93,0.0,0.95,0.0,45
2026-06-05 23:00:00,27.9,92,0.0,1.21,0.0,20
2026-06-06 00:00:00,27.1,95,0.0,0.29,0.0,63
2026-06-06 01:00:00,26.6,97,0.0,1.21,0.1,30
2026-06-06 02:00:00,25.4,97,0.0,2.35,0.1,62
2026-06-06 03:00:00,24.9,96,0.0,2.11,0.4,54
2026-06-06 04:00:00,24.6,98,0.0,2.3,0.4,77
2026-06-06 05:00:00,25.6,96,35.0,1.12,0.5,53
2026-06-06 06:00:00,26.4,92,144.0,1.3,0.1,62
2026-06-06 07:00:00,27.8,87,334.0,0.57,0.0,23
2026-06-06 08:00:00,28.8,83,481.0,1.25,0.1,42
2026-06-06 09:00:00,30.1,78,703.0,1.6,0.1,17
2026-06-06 10:00:00,31.2,73,805.0,1.64,0.0,100
2026-06-06 11:00:00,30.6,75,809.0,2.55,0.0,98
2026-06-06 12:00:00,28.9,84,639.0,1.76,2.7,12
2026-06-06 13:00:00,30.9,71,690.0,1.19,0.2,18
2026-06-06 14:00:00,31.6,67,643.0,1.4,0.3,23
2026-06-06 15:00:00,31.3,69,440.0,1.41,0.2,19
2026-06-06 16:00:00,31.3,69,300.0,1.51,0.2,20
2026-06-06 17:00:00,29.5,81,135.0,0.65,0.1,16
2026-06-06 18:00:00,28.5,89,17.0,0.47,0.0,13
2026-06-06 19:00:00,28.1,93,0.0,0.1,0.0,10
2026-06-06 20:00:00,27.8,97,0.0,0.45,0.0,20
2026-06-06 21:00:00,27.7,97,0.0,1.07,0.0,67
2026-06-06 22:00:00,27.6,94,0.0,1.05,0.0,56
2026-06-06 23:00:00,27.8,90,0.0,1.79,0.0,49
2026-06-07 00:00:00,26.3,99,0.0,1.27,0.4,97
2026-06-07 01:00:00,25.7,97,0.0,1.23,3.2,95
2026-06-07 02:00:00,25.7,96,0.0,1.35,0.2,86
2026-06-07 03:00:00,25.6,97,0.0,1.15,0.3,85
2026-06-07 04:00:00,25.0,97,0.0,1.17,1.4,90
2026-06-07 05:00:00,27.0,94,33.0,2.91,0.6,52
2026-06-07 06:00:00,27.4,89,167.0,1.91,0.0,36
2026-06-07 07:00:00,28.0,88,323.0,1.25,0.0,26
2026-06-07 08:00:00,29.3,81,506.0,0.79,0.0,9
2026-06-07 09:00:00,30.5,73,700.0,0.85,0.0,28
2026-06-07 10:00:00,31.7,69,818.0,1.8,0.0,39
2026-06-07 11:00:00,31.9,67,799.0,3.72,0.0,2
2026-06-07 12:00:00,32.4,65,881.0,3.41,0.0,3
2026-06-07 13:00:00,32.7,63,807.0,3.61,0.0,5
2026-06-07 14:00:00,32.8,62,666.0,3.6,0.0,4
2026-06-07 15:00:00,32.8,61,521.0,3.31,0.0,2
2026-06-07 16:00:00,32.4,65,327.0,2.72,0.0,1
2026-06-07 17:00:00,31.8,73,145.0,1.35,0.0,8
2026-06-07 18:00:00,30.7,76,18.0,1.25,0.0,30
2026-06-07 19:00:00,30.2,76,0.0,1.84,0.0,35
2026-06-07 20:00:00,29.7,77,0.0,1.91,0.0,27
2026-06-07 21:00:00,28.9,78,0.0,3.43,0.0,12
2026-06-07 22:00:00,27.7,84,0.0,2.62,0.0,18
2026-06-07 23:00:00,27.4,88,0.0,2.09,0.0,74
2026-06-08 00:00:00,26.7,94,0.0,1.33,1.8,73
2026-06-08 01:00:00,26.1,95,0.0,2.85,1.6,45
2026-06-08 02:00:00,25.6,96,0.0,0.86,2.1,62
2026-06-08 03:00:00,25.6,96,0.0,0.81,0.3,41
2026-06-08 04:00:00,25.2,97,0.0,0.63,0.0,90
2026-06-08 05:00:00,26.1,95,33.0,1.44,0.0,87
2026-06-08 06:00:00,26.5,92,174.0,1.6,0.0,31
2026-06-08 07:00:00,27.7,85,360.0,1.25,0.0,14
2026-06-08 08:00:00,29.1,79,541.0,1.34,0.0,12
2026-06-08 09:00:00,30.0,76,671.0,1.48,0.0,9
2026-06-08 10:00:00,31.2,71,829.0,2.22,0.0,4
2026-06-08 11:00:00,31.9,67,884.0,3.73,0.0,3
2026-06-08 12:00:00,32.1,65,855.0,3.16,0.0,15
2026-06-08 13:00:00,32.2,65,777.0,2.8,0.0,27
2026-06-08 14:00:00,32.2,67,624.0,2.36,0.3,3
2026-06-08 15:00:00,32.5,66,481.0,1.94,0.0,11
2026-06-08 16:00:00,30.0,78,304.0,1.42,0.7,38
2026-06-08 17:00:00,31.2,73,123.0,0.93,0.1,51
2026-06-08 18:00:00,29.8,81,19.0,0.15,0.0,40
2026-06-08 19:00:00,29.0,87,0.0,0.96,0.0,47
2026-06-08 20:00:00,28.5,91,0.0,1.13,0.0,12
2026-06-08 21:00:00,26.9,95,0.0,1.68,0.2,80
2026-06-08 22:00:00,25.3,98,0.0,1.76,2.5,82
2026-06-08 23:00:00,26.4,95,0.0,1.62,0.1,42
2026-06-09 00:00:00,25.9,94,0.0,0.74,0.8,66
2026-06-09 01:00:00,25.6,94,0.0,0.76,0.2,79
2026-06-09 02:00:00,25.2,96,0.0,1.25,0.1,60
2026-06-09 03:00:00,25.1,96,0.0,1.28,0.0,37
2026-06-09 04:00:00,25.1,95,0.0,1.1,0.0,23
2026-06-09 05:00:00,25.0,96,38.0,4.27,0.0,100
2026-06-09 06:00:00,25.2,96,52.0,0.74,2.4,99
2026-06-09 07:00:00,25.9,93,181.0,0.93,0.1,34
2026-06-09 08:00:00,28.0,82,491.0,0.92,0.0,64
2026-06-09 09:00:00,29.5,78,570.0,1.49,0.1,59
2026-06-09 10:00:00,30.3,76,729.0,1.35,0.1,47
2026-06-09 11:00:00,30.4,74,806.0,2.05,0.1,63
2026-06-09 12:00:00,31.0,72,781.0,2.04,0.1,59
2026-06-09 13:00:00,27.5,87,519.0,3.62,2.0,87
2026-06-09 14:00:00,26.6,94,369.0,1.12,3.1,66
2026-06-09 15:00:00,27.4,93,339.0,2.16,1.1,46
2026-06-09 16:00:00,27.6,92,290.0,1.56,0.3,23
2026-06-09 17:00:00,26.3,93,131.0,1.11,0.0,27
2026-06-09 18:00:00,26.3,95,18.0,0.96,0.1,75
2026-06-09 19:00:00,25.8,96,0.0,1.31,1.2,96
2026-06-09 20:00:00,25.8,96,0.0,0.21,0.6,50
2026-06-09 21:00:00,25.8,96,0.0,1.99,0.0,30
2026-06-09 22:00:00,25.6,96,0.0,1.53,0.0,40
2026-06-09 23:00:00,26.6,95,0.0,1.46,0.0,12
2026-06-10 00:00:00,26.0,96,0.0,0.78,0.0,64
2026-06-10 01:00:00,25.9,96,0.0,0.36,0.0,16
2026-06-10 02:00:00,25.6,97,0.0,1.8,0.0,94
2026-06-10 03:00:00,24.8,98,0.0,2.01,0.0,50
2026-06-10 04:00:00,24.4,95,0.0,0.3,0.0,56
2026-06-10 05:00:00,25.8,94,32.0,2.24,0.0,56
2026-06-10 06:00:00,25.8,93,153.0,0.92,0.2,100
2026-06-10 07:00:00,26.4,90,290.0,0.92,0.1,93
2026-06-10 08:00:00,27.6,83,377.0,1.06,0.0,100
2026-06-10 09:00:00,28.8,77,409.0,1.01,0.0,100
2026-06-10 10:00:00,29.3,75,418.0,1.52,0.1,100
2026-06-10 11:00:00,28.5,79,456.0,2.4,0.0,95
2026-06-10 12:00:00,29.9,76,774.0,2.23,0.1,22
2026-06-10 13:00:00,30.7,72,758.0,1.91,0.0,17
2026-06-10 14:00:00,30.9,71,646.0,1.57,0.0,27
2026-06-10 15:00:00,30.7,72,479.0,1.06,0.0,13
2026-06-10 16:00:00,29.9,73,298.0,0.83,0.2,48
2026-06-10 17:00:00,29.8,78,117.0,1.16,0.9,4
2026-06-10 18:00:00,28.5,86,20.0,1.06,0.0,24
2026-06-10 19:00:00,28.1,89,0.0,0.86,0.0,55
2026-06-10 20:00:00,27.0,94,0.0,2.67,0.1,86
2026-06-10 21:00:00,26.6,95,0.0,0.64,0.5,98
2026-06-10 22:00:00,26.6,95,0.0,0.4,0.1,87
2026-06-10 23:00:00,25.9,93,0.0,0.85,1.6,80
2026-06-11 00:00:00,25.9,96,0.0,1.03,0.4,68
2026-06-11 01:00:00,24.6,97,0.0,3.42,2.0,100
2026-06-11 02:00:00,24.5,96,0.0,1.76,1.2,41
2026-06-11 03:00:00,24.5,95,0.0,1.45,0.2,45
2026-06-11 04:00:00,24.5,95,0.0,0.51,0.0,48
2026-06-11 05:00:00,25.7,96,35.0,2.48,0.0,77
2026-06-11 06:00:00,26.2,93,90.0,0.59,0.5,53
2026-06-11 07:00:00,27.2,90,352.0,0.96,0.1,91
2026-06-11 08:00:00,27.4,85,259.0,2.4,0.1,100
2026-06-11 09:00:00,27.2,86,210.0,2.39,0.1,99
2026-06-11 10:00:00,27.6,84,342.0,1.87,0.5,100
2026-06-11 11:00:00,28.4,79,466.0,2.42,0.0,100
2026-06-11 12:00:00,28.5,79,351.0,1.18,0.5,100
2026-06-11 13:00:00,27.7,83,297.0,1.66,0.8,100
2026-06-11 14:00:00,28.2,83,295.0,1.49,0.3,99
2026-06-11 15:00:00,27.8,85,211.0,2.06,0.0,99
2026-06-11 16:00:00,27.1,89,138.0,1.58,0.0,100
2026-06-11 17:00:00,29.4,76,80.0,0.6,0.0,39
2026-06-11 18:00:00,25.7,91,16.0,4.29,0.7,98
2026-06-11 19:00:00,25.6,96,0.0,1.32,2.8,100
2026-06-11 20:00:00,25.9,95,0.0,3.15,3.7,51
2026-06-11 21:00:00,25.9,97,0.0,2.8,0.2,88
2026-06-11 22:00:00,26.1,96,0.0,2.22,0.0,98
2026-06-11 23:00:00,26.7,95,0.0,2.8,0.0,100
2026-06-12 00:00:00,26.4,96,0.0,2.95,0.0,100
2026-06-12 01:00:00,26.2,97,0.0,2.32,0.0,97
2026-06-12 02:00:00,26.1,96,0.0,2.0,0.0,96
2026-06-12 03:00:00,26.1,95,0.0,1.92,0.1,99
2026-06-12 04:00:00,26.1,95,0.0,1.12,0.0,100
2026-06-12 05:00:00,26.8,93,7.0,2.06,0.2,67
2026-06-12 06:00:00,27.7,88,174.0,2.42,0.0,58
2026-06-12 07:00:00,28.5,85,292.0,1.69,0.0,84
2026-06-12 08:00:00,29.3,81,408.0,1.65,0.0,76
2026-06-12 09:00:00,30.4,73,588.0,1.71,0.1,86
2026-06-12 10:00:00,31.2,68,672.0,1.74,0.0,80
2026-06-12 11:00:00,31.3,66,729.0,1.36,0.0,76
2026-06-12 12:00:00,31.6,64,742.0,1.32,0.0,90
2026-06-12 13:00:00,31.7,64,613.0,0.92,0.0,84
2026-06-12 14:00:00,32.0,63,653.0,0.32,0.0,96
2026-06-12 15:00:00,31.5,64,407.0,0.38,0.0,71
2026-06-12 16:00:00,31.6,61,283.0,0.21,0.0,71
2026-06-12 17:00:00,30.5,74,117.0,0.94,0.0,34
2026-06-12 18:00:00,29.4,83,18.0,0.11,0.1,77
2026-06-12 19:00:00,28.8,90,0.0,0.1,0.1,75
2026-06-12 20:00:00,28.2,95,0.0,0.59,0.0,73
2026-06-12 21:00:00,27.8,98,0.0,0.76,0.0,63
2026-06-12 22:00:00,27.8,95,0.0,0.63,0.0,61
2026-06-12 23:00:00,27.8,99,0.0,0.78,0.0,84
2026-06-13 00:00:00,27.3,99,0.0,1.53,0.0,71
2026-06-13 01:00:00,26.7,86,0.0,2.69,0.4,98
2026-06-13 02:00:00,25.7,95,0.0,1.03,2.4,38
2026-06-13 03:00:00,25.5,96,0.0,1.05,0.4,66
2026-06-13 04:00:00,25.3,98,0.0,0.25,0.9,62
2026-06-13 05:00:00,26.6,97,33.0,0.57,0.7,52
2026-06-13 06:00:00,27.0,91,163.0,1.59,0.2,48
2026-06-13 07:00:00,27.3,88,332.0,1.54,0.1,43
2026-06-13 08:00:00,26.9,90,315.0,1.3,0.3,80
2026-06-13 09:00:00,27.8,86,413.0,0.71,0.3,63
2026-06-13 10:00:00,29.8,80,733.0,1.2,0.7,59
2026-06-13 11:00:00,29.6,77,643.0,2.5,1.3,27
2026-06-13 12:00:00,30.6,72,849.0,1.98,0.1,16
2026-06-13 13:00:00,31.3,69,801.0,1.61,0.0,19
2026-06-13 14:00:00,31.8,66,693.0,1.97,0.0,9
2026-06-13 15:00:00,31.5,66,514.0,2.38,0.0,13
2026-06-13 16:00:00,31.1,67,319.0,2.5,0.4,42
2026-06-13 17:00:00,28.4,91,142.0,2.27,0.1,41
2026-06-13 18:00:00,28.0,94,19.0,0.6,0.0,42
2026-06-13 19:00:00,27.9,94,0.0,0.72,0.0,25
2026-06-13 20:00:00,27.2,94,0.0,2.11,0.0,14
2026-06-13 21:00:00,26.1,93,0.0,1.72,0.8,100
2026-06-13 22:00:00,25.5,98,0.0,0.43,1.8,65
2026-06-13 23:00:00,26.5,93,0.0,0.76,1.3,80
2026-06-14 00:00:00,25.3,97,0.0,1.51,2.8,96
2026-06-14 01:00:00,25.2,96,0.0,0.74,0.9,97
2026-06-14 02:00:00,25.1,96,0.0,0.99,0.3,97
2026-06-14 03:00:00,24.9,97,0.0,0.75,0.1,92
2026-06-14 04:00:00,25.0,97,0.0,0.95,0.0,100
2026-06-14 05:00:00,25.9,97,28.0,1.95,0.1,96
2026-06-14 06:00:00,25.8,96,142.0,1.99,0.4,98
2026-06-14 07:00:00,27.0,88,319.0,1.33,0.1,97
2026-06-14 08:00:00,28.2,83,427.0,0.65,0.1,98
2026-06-14 09:00:00,29.3,78,546.0,0.71,0.3,95
2026-06-14 10:00:00,30.3,74,645.0,0.92,0.2,60
2026-06-14 11:00:00,30.2,74,827.0,1.78,0.3,97
2026-06-14 12:00:00,30.3,74,637.0,1.52,0.0,98
2026-06-14 13:00:00,31.0,71,696.0,1.17,0.0,52
2026-06-14 14:00:00,30.6,75,560.0,2.13,0.0,13
2026-06-14 15:00:00,30.4,76,498.0,1.14,0.2,2
2026-06-14 16:00:00,30.1,73,284.0,1.01,0.5,46
2026-06-14 17:00:00,28.7,89,138.0,1.98,2.1,88
2026-06-14 18:00:00,28.2,92,20.0,0.4,0.0,88
2026-06-14 19:00:00,27.9,95,0.0,0.93,0.0,95
2026-06-14 20:00:00,27.7,97,0.0,0.76,0.0,94
2026-06-14 21:00:00,27.7,97,0.0,0.32,0.0,82
2026-06-14 22:00:00,27.5,97,0.0,0.56,0.0,83
2026-06-14 23:00:00,28.0,89,0.0,1.15,0.1,88
2026-06-15 00:00:00,26.6,98,0.0,1.38,1.3,48
2026-06-15 01:00:00,25.9,100,0.0,1.04,1.2,98
2026-06-15 02:00:00,25.6,98,0.0,0.7,0.3,69
2026-06-15 03:00:00,25.4,97,0.0,1.15,0.2,94
2026-06-15 04:00:00,25.5,96,0.0,0.54,0.1,95
2026-06-15 05:00:00,26.5,98,32.0,1.55,0.2,11
2026-06-15 06:00:00,27.3,90,179.0,1.0,0.1,28
2026-06-15 07:00:00,28.4,85,372.0,0.38,0.0,6
2026-06-15 08:00:00,29.5,80,548.0,0.98,0.0,12
2026-06-15 09:00:00,30.7,75,717.0,1.06,0.1,16
2026-06-15 10:00:00,31.7,71,829.0,1.59,0.0,9
2026-06-15 11:00:00,30.5,73,860.0,1.46,0.1,90
2026-06-15 12:00:00,29.3,78,492.0,2.66,1.5,97
2026-06-15 13:00:00,27.9,88,467.0,1.57,1.6,77
2026-06-15 14:00:00,29.6,78,463.0,0.53,0.0,67
2026-06-15 15:00:00,30.2,76,463.0,0.59,0.0,43
2026-06-15 16:00:00,30.3,74,295.0,0.21,0.0,68
2026-06-15 17:00:00,30.0,81,115.0,0.41,0.0,47
2026-06-15 18:00:00,28.8,90,21.0,0.51,0.0,55
2026-06-15 19:00:00,28.2,95,0.0,1.3,0.0,47
2026-06-15 20:00:00,28.2,96,0.0,0.54,0.1,76
2026-06-15 21:00:00,28.1,95,0.0,0.74,0.0,67
2026-06-15 22:00:00,27.6,94,0.0,0.45,0.8,73
2026-06-15 23:00:00,26.7,92,0.0,1.66,3.2,94
2026-06-16 00:00:00,26.0,96,0.0,2.15,3.8,100
2026-06-16 01:00:00,25.3,98,0.0,2.04,5.0,100
2026-06-16 02:00:00,25.3,98,0.0,0.89,3.1,66
2026-06-16 03:00:00,24.9,97,0.0,0.46,1.5,100
2026-06-16 04:00:00,24.8,97,0.0,1.95,1.0,100
2026-06-16 05:00:00,26.4,96,12.0,1.75,0.7,40
2026-06-16 06:00:00,27.6,91,183.0,0.7,0.1,39
2026-06-16 07:00:00,28.4,84,309.0,1.35,0.0,55
2026-06-16 08:00:00,29.0,80,424.0,1.06,0.2,23
2026-06-16 09:00:00,30.2,76,645.0,0.99,0.0,37
2026-06-16 10:00:00,30.5,74,590.0,0.95,0.0,100
2026-06-16 11:00:00,30.7,75,593.0,0.99,0.2,46
2026-06-16 12:00:00,31.0,74,789.0,1.47,0.3,48
2026-06-16 13:00:00,31.2,76,757.0,1.86,0.7,47
2026-06-16 14:00:00,31.7,74,635.0,2.16,0.5,45
2026-06-16 15:00:00,31.6,73,498.0,2.46,0.1,48
2026-06-16 16:00:00,31.5,72,312.0,2.1,0.0,36
2026-06-16 17:00:00,30.9,76,144.0,1.35,0.0,57
2026-06-16 18:00:00,29.4,88,21.0,0.89,0.4,60
2026-06-16 19:00:00,29.0,91,0.0,1.25,0.0,41
2026-06-16 20:00:00,28.6,94,0.0,1.04,0.0,27
2026-06-16 21:00:00,28.4,95,0.0,0.79,0.0,16
2026-06-16 22:00:00,28.2,96,0.0,0.07,0.0,9
2026-06-16 23:00:00,28.6,94,0.0,0.79,0.0,23
2026-06-17 00:00:00,28.0,91,0.0,1.78,0.0,42
2026-06-17 01:00:00,27.0,94,0.0,1.52,0.0,51
2026-06-17 02:00:00,26.9,90,0.0,2.46,0.0,30
2026-06-17 03:00:00,26.3,90,0.0,1.92,0.0,31
2026-06-17 04:00:00,26.0,90,0.0,1.8,0.0,30
2026-06-17 05:00:00,27.0,93,38.0,3.18,0.0,42
2026-06-17 06:00:00,27.4,89,163.0,2.82,0.0,100
2026-06-17 07:00:00,28.2,85,251.0,2.66,0.0,100
2026-06-17 08:00:00,29.0,82,372.0,2.29,0.0,28
2026-06-17 09:00:00,30.3,79,647.0,2.05,0.0,6
2026-06-17 10:00:00,31.5,75,827.0,2.52,0.0,12
2026-06-17 11:00:00,28.2,89,890.0,2.95,0.1,100
2026-06-17 12:00:00,28.0,89,171.0,2.94,0.5,100
2026-06-17 13:00:00,28.3,85,230.0,2.72,0.3,100
2026-06-17 14:00:00,29.1,80,322.0,1.56,0.1,100
2026-06-17 15:00:00,29.5,78,313.0,0.81,0.0,99
2026-06-17 16:00:00,29.6,77,291.0,0.05,0.0,30
2026-06-17 17:00:00,30.3,73,142.0,0.88,0.0,88
2026-06-17 18:00:00,29.1,83,22.0,0.71,0.0,93
2026-06-17 19:00:00,28.5,87,0.0,1.4,0.0,24
2026-06-17 20:00:00,28.1,88,0.0,1.47,0.0,9
2026-06-17 21:00:00,27.7,91,0.0,1.05,0.0,5
2026-06-17 22:00:00,27.4,93,0.0,0.6,0.0,7
2026-06-17 23:00:00,28.0,92,0.0,2.3,0.0,15
2026-06-18 00:00:00,25.4,95,0.0,4.91,2.1,100
2026-06-18 01:00:00,25.4,97,0.0,1.56,4.7,65
2026-06-18 02:00:00,25.4,96,0.0,1.27,0.3,41
2026-06-18 03:00:00,25.5,96,0.0,1.07,0.0,36
2026-06-18 04:00:00,25.5,96,0.0,0.67,0.0,48
2026-06-18 05:00:00,26.7,89,36.0,0.46,0.0,49
2026-06-18 06:00:00,26.6,92,168.0,1.25,1.2,65
2026-06-18 07:00:00,27.3,91,307.0,0.15,0.3,34
2026-06-18 08:00:00,28.7,84,498.0,0.9,0.0,100
2026-06-18 09:00:00,29.7,79,504.0,0.45,0.0,98
2026-06-18 10:00:00,31.2,74,796.0,1.01,0.0,97
2026-06-18 11:00:00,30.7,71,843.0,2.4,0.0,10
2026-06-18 12:00:00,31.3,68,878.0,2.84,0.2,25
2026-06-18 13:00:00,31.5,69,788.0,3.51,0.3,18
2026-06-18 14:00:00,31.7,69,685.0,3.86,0.1,41
2026-06-18 15:00:00,31.1,72,496.0,3.95,0.2,35
2026-06-18 16:00:00,30.6,72,304.0,2.31,0.1,68
2026-06-18 17:00:00,30.6,75,128.0,1.89,0.5,75
2026-06-18 18:00:00,29.1,85,20.0,0.42,0.1,51
2026-06-18 19:00:00,28.1,88,0.0,2.02,0.1,49
2026-06-18 20:00:00,27.5,88,0.0,1.81,0.1,49
2026-06-18 21:00:00,27.3,91,0.0,0.74,0.0,32
2026-06-18 22:00:00,27.2,93,0.0,0.59,0.0,29
2026-06-18 23:00:00,27.9,88,0.0,1.35,0.0,89
2026-06-19 00:00:00,25.5,98,0.0,0.74,4.8,97
2026-06-19 01:00:00,25.6,98,0.0,1.86,1.3,92
2026-06-19 02:00:00,25.9,97,0.0,1.22,0.8,71
2026-06-19 03:00:00,26.0,95,0.0,1.43,0.2,91
2026-06-19 04:00:00,26.2,93,0.0,0.22,0.0,63
2026-06-19 05:00:00,26.9,93,29.0,1.24,0.0,85
2026-06-19 06:00:00,27.5,88,130.0,1.08,0.0,91
2026-06-19 07:00:00,28.2,84,278.0,1.86,0.0,85
2026-06-19 08:00:00,29.1,81,375.0,2.06,0.0,30
2026-06-19 09:00:00,30.6,76,689.0,2.15,0.0,23
2026-06-19 10:00:00,30.6,74,780.0,3.4,0.1,74
2026-06-19 11:00:00,30.8,72,650.0,3.3,1.0,34
2026-06-19 12:00:00,29.1,75,778.0,4.03,0.1,81
2026-06-19 13:00:00,30.3,75,576.0,3.63,1.7,47
2026-06-19 14:00:00,30.8,70,548.0,3.35,0.1,19
2026-06-19 15:00:00,30.4,70,512.0,3.91,0.4,64
2026-06-19 16:00:00,29.6,76,271.0,3.06,0.6,32
2026-06-19 17:00:00,29.4,76,126.0,3.1,0.1,18
2026-06-19 18:00:00,28.5,80,23.0,1.17,0.0,36
2026-06-19 19:00:00,28.2,83,0.0,0.86,0.0,76
2026-06-19 20:00:00,28.0,85,0.0,0.99,0.0,91
2026-06-19 21:00:00,28.0,82,0.0,0.92,0.0,87
2026-06-19 22:00:00,27.8,83,0.0,0.79,0.0,59
2026-06-19 23:00:00,28.2,84,0.0,1.41,0.0,63
2026-06-20 00:00:00,27.3,90,0.0,1.9,0.1,40
2026-06-20 01:00:00,26.7,91,0.0,1.97,0.1,45
2026-06-20 02:00:00,25.9,91,0.0,1.03,0.0,48
2026-06-20 03:00:00,25.6,91,0.0,0.47,0.0,67
2026-06-20 04:00:00,25.7,91,0.0,0.27,0.0,100
2026-06-20 05:00:00,26.6,90,25.0,1.58,0.0,80
2026-06-20 06:00:00,26.7,91,156.0,2.0,0.1,54
2026-06-20 07:00:00,27.3,88,294.0,2.5,0.1,34
2026-06-20 08:00:00,28.9,80,531.0,1.73,0.1,100
2026-06-20 09:00:00,30.0,77,602.0,1.41,0.0,53
2026-06-20 10:00:00,30.7,73,584.0,1.95,0.0,25
2026-06-20 11:00:00,31.3,68,853.0,2.4,0.0,23
2026-06-20 12:00:00,31.3,70,803.0,2.56,0.3,70
2026-06-20 13:00:00,28.9,85,658.0,2.91,2.4,66
2026-06-20 14:00:00,29.9,79,567.0,1.52,0.2,57
2026-06-20 15:00:00,30.3,76,474.0,1.3,0.0,69
2026-06-20 16:00:00,27.9,92,225.0,3.13,1.1,33
2026-06-20 17:00:00,29.2,81,133.0,2.17,0.2,97
2026-06-20 18:00:00,28.2,89,19.0,0.97,0.1,48
2026-06-20 19:00:00,27.8,93,0.0,1.06,0.0,76
2026-06-20 20:00:00,27.7,94,0.0,0.94,0.0,39
2026-06-20 21:00:00,27.7,95,0.0,0.75,0.0,82
2026-06-20 22:00:00,27.6,97,0.0,0.41,0.0,94
2026-06-20 23:00:00,27.2,95,0.0,2.48,0.0,99
2026-06-21 00:00:00,26.5,95,0.0,1.64,0.2,98
2026-06-21 01:00:00,25.6,98,0.0,1.76,0.7,98
2026-06-21 02:00:00,25.3,98,0.0,1.35,0.1,99
2026-06-21 03:00:00,25.3,97,0.0,0.79,0.5,100
2026-06-21 04:00:00,25.1,96,0.0,1.46,7.8,100
2026-06-21 05:00:00,25.3,93,14.0,2.4,3.0,100
2026-06-21 06:00:00,25.3,97,45.0,2.25,1.4,100
2026-06-21 07:00:00,25.9,95,130.0,1.41,0.7,100
2026-06-21 08:00:00,26.8,89,307.0,0.41,0.4,100
2026-06-21 09:00:00,27.2,87,345.0,1.5,0.2,100
2026-06-21 10:00:00,27.0,90,343.0,1.46,0.6,100
2026-06-21 11:00:00,26.8,88,448.0,2.25,0.2,100
2026-06-21 12:00:00,26.8,88,365.0,1.43,0.7,100
2026-06-21 13:00:00,27.6,83,411.0,1.27,0.3,100
2026-06-21 14:00:00,28.4,79,444.0,0.57,0.2,98
2026-06-21 15:00:00,29.0,78,386.0,0.32,0.0,80
2026-06-21 16:00:00,27.5,89,167.0,1.25,1.7,91
2026-06-21 17:00:00,27.5,87,97.0,0.68,0.8,100
2026-06-21 18:00:00,27.0,92,9.0,0.43,0.0,100
2026-06-21 19:00:00,26.7,93,0.0,0.79,0.1,100
2026-06-21 20:00:00,26.5,95,0.0,1.21,0.0,100
2026-06-21 21:00:00,26.3,96,0.0,0.72,0.0,100
2026-06-21 22:00:00,26.2,97,0.0,0.92,0.0,100
2026-06-21 23:00:00,26.4,89,0.0,1.08,0.0,100
2026-06-22 00:00:00,26.3,92,0.0,0.74,0.0,100
2026-06-22 01:00:00,25.3,96,0.0,1.28,1.3,100
2026-06-22 02:00:00,25.2,96,0.0,0.59,0.4,100
2026-06-22 03:00:00,25.2,97,0.0,0.36,0.0,100
2026-06-22 04:00:00,25.2,97,0.0,0.57,0.0,100
2026-06-22 05:00:00,25.6,95,26.0,1.69,0.1,99
2026-06-22 06:00:00,25.9,93,120.0,1.55,0.0,96
2026-06-22 07:00:00,26.4,89,181.0,1.92,0.0,94
2026-06-22 08:00:00,27.7,83,366.0,1.64,0.0,100
2026-06-22 09:00:00,28.6,78,386.0,1.41,0.0,100
2026-06-22 10:00:00,30.1,73,616.0,1.05,0.0,48
2026-06-22 11:00:00,30.6,71,750.0,1.76,0.1,35
2026-06-22 12:00:00,29.6,75,626.0,2.31,0.7,66
2026-06-22 13:00:00,29.6,78,554.0,1.42,0.4,24
2026-06-22 14:00:00,30.0,76,532.0,2.42,0.4,67
2026-06-22 15:00:00,27.6,92,365.0,2.23,2.6,55
2026-06-22 16:00:00,28.0,86,268.0,1.93,1.1,70
2026-06-22 17:00:00,28.5,82,111.0,1.92,0.2,29
2026-06-22 18:00:00,27.6,89,24.0,1.86,0.1,69
2026-06-22 19:00:00,27.1,94,0.0,1.51,0.1,94
2026-06-22 20:00:00,26.8,97,0.0,0.99,0.0,96
2026-06-22 21:00:00,26.6,98,0.0,0.83,0.0,99
2026-06-22 22:00:00,26.4,99,0.0,0.81,0.0,98
2026-06-22 23:00:00,27.1,94,0.0,2.42,0.0,98
2026-06-23 00:00:00,26.4,97,0.0,1.55,0.6,100
2026-06-23 01:00:00,26.3,97,0.0,1.28,0.4,95
2026-06-23 02:00:00,26.3,98,0.0,0.92,0.3,74
2026-06-23 03:00:00,26.0,99,0.0,0.28,0.6,94
2026-06-23 04:00:00,25.8,98,0.0,1.1,0.7,32
2026-06-23 05:00:00,25.7,99,32.0,2.83,0.3,66
2026-06-23 06:00:00,26.0,95,129.0,2.02,0.4,63
2026-06-23 07:00:00,26.7,91,305.0,1.95,0.4,28
2026-06-23 08:00:00,28.2,82,533.0,1.18,0.1,10
2026-06-23 09:00:00,30.2,74,641.0,1.0,0.0,57
2026-06-23 10:00:00,30.9,73,668.0,1.3,0.0,51
2026-06-23 11:00:00,30.5,75,796.0,2.11,0.0,29
2026-06-23 12:00:00,30.1,78,676.0,2.49,0.9,68
2026-06-23 13:00:00,29.2,84,595.0,2.8,1.5,84
2026-06-23 14:00:00,29.0,86,424.0,1.8,0.4,87
2026-06-23 15:00:00,29.7,79,445.0,1.74,0.2,82
2026-06-23 16:00:00,28.9,84,268.0,1.77,0.4,70
2026-06-23 17:00:00,28.4,88,95.0,1.56,0.6,63
2026-06-23 18:00:00,27.7,93,21.0,0.8,0.1,23
2026-06-23 19:00:00,27.5,94,0.0,0.21,0.0,30
2026-06-23 20:00:00,27.3,95,0.0,0.46,0.0,45
2026-06-23 21:00:00,27.1,96,0.0,0.34,0.0,45
2026-06-23 22:00:00,26.9,99,0.0,0.4,0.0,46
2026-06-23 23:00:00,27.0,98,0.0,1.55,0.1,54
2026-06-24 00:00:00,26.2,98,0.0,1.92,0.4,32
2026-06-24 01:00:00,25.0,99,0.0,3.4,1.5,98
2026-06-24 02:00:00,25.0,97,0.0,1.86,1.4,76
2026-06-24 03:00:00,24.8,97,0.0,0.21,0.2,75
2026-06-24 04:00:00,24.5,98,0.0,1.49,0.1,64
2026-06-24 05:00:00,25.6,96,31.0,1.56,0.2,93
2026-06-24 06:00:00,26.1,93,143.0,0.71,0.1,98
2026-06-24 07:00:00,27.1,86,271.0,0.28,0.0,70
2026-06-24 08:00:00,28.0,82,329.0,0.78,0.0,63
2026-06-24 09:00:00,29.3,77,577.0,0.74,0.1,32
2026-06-24 10:00:00,30.4,73,768.0,1.32,0.0,14
2026-06-24 11:00:00,30.9,71,883.0,1.75,0.0,91
2026-06-24 12:00:00,31.0,72,819.0,1.69,0.1,95
2026-06-24 13:00:00,31.2,70,671.0,0.9,0.0,47
2026-06-24 14:00:00,31.8,68,670.0,0.16,0.0,24
2026-06-24 15:00:00,32.0,68,529.0,0.71,0.0,26
2026-06-24 16:00:00,31.9,67,344.0,0.45,0.1,75
2026-06-24 17:00:00,30.2,81,130.0,1.1,0.4,29
2026-06-24 18:00:00,29.1,88,25.0,0.85,0.0,43
2026-06-24 19:00:00,28.7,89,0.0,1.35,0.0,22
2026-06-24 20:00:00,28.6,89,0.0,1.88,0.0,13
2026-06-24 21:00:00,28.4,89,0.0,2.15,0.0,18
2026-06-24 22:00:00,26.3,94,0.0,3.51,1.6,95
2026-06-24 23:00:00,25.9,97,0.0,1.71,1.3,98
2026-06-25 00:00:00,25.7,97,0.0,0.92,2.5,13
2026-06-25 01:00:00,25.4,98,0.0,0.52,0.4,30
2026-06-25 02:00:00,25.5,98,0.0,0.99,0.0,19
2026-06-25 03:00:00,25.2,98,0.0,1.13,0.8,97
2026-06-25 04:00:00,24.9,97,0.0,0.43,2.6,44
2026-06-25 05:00:00,27.1,97,34.0,0.51,0.4,33
2026-06-25 06:00:00,27.4,87,167.0,1.3,0.1,87
2026-06-25 07:00:00,27.8,87,241.0,1.35,0.2,85
2026-06-25 08:00:00,28.2,84,268.0,0.97,0.1,45
2026-06-25 09:00:00,29.9,78,623.0,1.03,0.1,29
2026-06-25 10:00:00,31.3,74,798.0,1.21,0.0,12
2026-06-25 11:00:00,31.7,69,874.0,0.2,0.0,16
2026-06-25 12:00:00,32.3,66,862.0,1.56,0.1,13
2026-06-25 13:00:00,32.6,65,795.0,2.07,0.0,25
2026-06-25 14:00:00,32.9,64,689.0,2.05,0.0,29
2026-06-25 15:00:00,32.7,65,512.0,2.07,0.0,19
2026-06-25 16:00:00,32.5,66,347.0,2.2,0.0,27
2026-06-25 17:00:00,32.2,69,152.0,0.61,0.2,30
2026-06-25 18:00:00,30.5,80,25.0,0.86,0.0,43
2026-06-25 19:00:00,29.5,80,0.0,2.62,0.1,46
2026-06-25 20:00:00,29.2,82,0.0,0.25,0.0,34
2026-06-25 21:00:00,29.0,83,0.0,0.69,0.0,39
2026-06-25 22:00:00,28.8,86,0.0,0.71,0.0,69
2026-06-25 23:00:00,28.5,87,0.0,1.38,0.1,86
2026-06-26 00:00:00,27.8,94,0.0,0.4,0.0,63
2026-06-26 01:00:00,27.6,96,0.0,0.74,0.1,79
2026-06-26 02:00:00,27.7,89,0.0,1.3,0.4,73
2026-06-26 03:00:00,27.3,88,0.0,1.6,0.0,59
2026-06-26 04:00:00,27.1,88,0.0,1.68,0.0,99
2026-06-26 05:00:00,27.9,87,28.0,1.54,0.0,91
2026-06-26 06:00:00,28.5,85,154.0,1.1,0.0,59
2026-06-26 07:00:00,29.3,82,352.0,2.36,0.0,52
2026-06-26 08:00:00,30.1,79,510.0,2.9,0.2,45
2026-06-26 09:00:00,30.8,77,639.0,2.32,0.2,35
2026-06-26 10:00:00,31.7,75,790.0,2.6,0.2,55
2026-06-26 11:00:00,32.1,68,835.0,4.14,0.2,17
2026-06-26 12:00:00,32.7,65,863.0,4.15,0.0,9
2026-06-26 13:00:00,33.0,63,816.0,4.0,0.0,10
2026-06-26 14:00:00,32.9,63,692.0,4.09,0.0,29
2026-06-26 15:00:00,32.6,65,505.0,4.08,0.0,41
2026-06-26 16:00:00,32.0,69,323.0,3.1,0.0,46
2026-06-26 17:00:00,31.4,73,153.0,2.02,0.0,27
2026-06-26 18:00:00,30.4,79,25.0,1.11,0.0,41
2026-06-26 19:00:00,29.8,83,0.0,1.16,0.0,66
2026-06-26 20:00:00,29.5,86,0.0,1.03,0.0,87
2026-06-26 21:00:00,29.5,87,0.0,0.57,0.0,95
2026-06-26 22:00:00,29.6,85,0.0,0.47,0.0,92
2026-06-26 23:00:00,29.4,86,0.0,1.55,0.0,88
2026-06-27 00:00:00,28.4,91,0.0,0.68,0.0,84
2026-06-27 01:00:00,27.9,88,0.0,1.2,0.2,75
2026-06-27 02:00:00,27.4,88,0.0,1.5,0.0,59
2026-06-27 03:00:00,27.0,90,0.0,1.53,0.0,49
2026-06-27 04:00:00,26.6,92,0.0,0.79,0.0,91
2026-06-27 05:00:00,27.7,90,33.0,2.77,0.0,98
2026-06-27 06:00:00,28.4,87,159.0,2.48,0.0,96
2026-06-27 07:00:00,28.9,85,308.0,3.3,0.0,91
2026-06-27 08:00:00,29.9,81,470.0,2.84,0.0,98
2026-06-27 09:00:00,30.6,78,609.0,3.23,0.2,100
2026-06-27 10:00:00,31.7,76,796.0,3.2,0.1,99
2026-06-27 11:00:00,31.6,73,871.0,4.5,0.2,84
2026-06-27 12:00:00,32.1,73,825.0,4.5,0.1,40
2026-06-27 13:00:00,32.5,68,776.0,4.5,0.1,55
2026-06-27 14:00:00,32.7,68,709.0,4.55,0.0,61
2026-06-27 15:00:00,32.6,69,505.0,4.17,0.0,45
2026-06-27 16:00:00,32.3,70,340.0,3.51,0.0,37
2026-06-27 17:00:00,30.4,80,159.0,1.21,0.0,99
2026-06-27 18:00:00,29.7,85,19.0,0.47,0.0,99
2026-06-27 19:00:00,29.3,89,0.0,1.17,0.0,100
2026-06-27 20:00:00,28.9,93,0.0,0.53,0.0,100
2026-06-27 21:00:00,29.1,88,0.0,0.93,0.0,100
2026-06-27 22:00:00,28.4,87,0.0,1.34,0.0,99
2026-06-27 23:00:00,28.9,93,0.0,0.38,0.0,99
2026-06-28 00:00:00,28.5,96,0.0,0.07,0.0,99
2026-06-28 01:00:00,28.0,97,0.0,1.17,0.0,99
2026-06-28 02:00:00,27.6,95,0.0,1.3,0.1,93
2026-06-28 03:00:00,27.4,94,0.0,0.95,0.0,95
2026-06-28 04:00:00,27.1,95,0.0,1.41,0.1,99
2026-06-28 05:00:00,26.3,97,25.0,2.88,0.9,100
2026-06-28 06:00:00,26.9,92,121.0,3.01,0.0,100
2026-06-28 07:00:00,27.5,89,203.0,3.85,0.0,99
2026-06-28 08:00:00,28.6,84,365.0,3.21,0.0,98
2026-06-28 09:00:00,30.2,79,572.0,3.57,0.0,100
2026-06-28 10:00:00,31.0,76,699.0,4.71,0.1,73
2026-06-28 11:00:00,32.3,69,824.0,5.35,0.1,94
2026-06-28 12:00:00,32.8,66,858.0,5.85,0.0,93
2026-06-28 13:00:00,33.2,63,823.0,6.12,0.0,98
2026-06-28 14:00:00,32.7,69,717.0,5.52,0.0,98
2026-06-28 15:00:00,31.7,75,521.0,5.2,0.0,98
2026-06-28 16:00:00,31.0,79,314.0,4.09,0.0,100
2026-06-28 17:00:00,30.4,82,139.0,1.97,0.0,100
2026-06-28 18:00:00,29.6,86,25.0,1.26,0.0,100
2026-06-28 19:00:00,29.0,89,0.0,1.14,0.0,99
2026-06-28 20:00:00,28.7,93,0.0,0.7,0.0,100
2026-06-28 21:00:00,28.7,91,0.0,0.72,0.0,100
2026-06-28 22:00:00,28.6,88,0.0,0.74,0.0,100
2026-06-28 23:00:00,28.8,88,0.0,1.75,0.0,98
2026-06-29 00:00:00,28.1,92,0.0,1.01,0.0,91
2026-06-29 01:00:00,28.0,94,0.0,0.6,0.0,77
2026-06-29 02:00:00,27.5,93,0.0,1.91,0.0,63
2026-06-29 03:00:00,26.9,92,0.0,2.18,0.0,100
2026-06-29 04:00:00,25.9,95,0.0,1.98,3.6,100
2026-06-29 05:00:00,25.5,98,16.0,1.74,3.7,100
2026-06-29 06:00:00,25.6,99,90.0,1.05,5.9,100
2026-06-29 07:00:00,26.3,94,196.0,0.46,0.4,100
2026-06-29 08:00:00,27.6,90,321.0,2.26,0.5,100
2026-06-29 09:00:00,29.0,80,487.0,2.8,0.0,100
2026-06-29 10:00:00,30.3,75,635.0,1.86,0.0,100
2026-06-29 11:00:00,29.8,78,529.0,1.45,0.0,100
2026-06-29 12:00:00,29.8,81,537.0,0.2,0.6,100
2026-06-29 13:00:00,29.7,81,535.0,0.47,1.0,100
2026-06-29 14:00:00,29.7,81,339.0,0.34,0.6,100
2026-06-29 15:00:00,27.9,88,231.0,1.74,1.5,100
2026-06-29 16:00:00,26.7,93,124.0,0.75,3.6,100
2026-06-29 17:00:00,28.7,82,87.0,1.55,0.4,99
2026-06-29 18:00:00,27.1,94,20.0,1.77,1.4,100
2026-06-29 19:00:00,26.6,97,0.0,1.46,0.5,100
2026-06-29 20:00:00,26.9,96,0.0,0.9,0.7,100
2026-06-29 21:00:00,26.7,91,0.0,0.53,3.2,100
2026-06-29 22:00:00,26.1,96,0.0,0.52,3.2,98
2026-06-29 23:00:00,26.8,92,0.0,0.76,2.9,100
2026-06-30 00:00:00,26.3,95,0.0,0.65,1.6,99
2026-06-30 01:00:00,26.1,97,0.0,0.62,1.1,96
2026-06-30 02:00:00,25.9,97,0.0,0.61,0.6,100
2026-06-30 03:00:00,26.0,97,0.0,0.47,0.3,63
2026-06-30 04:00:00,26.0,97,0.0,0.62,0.1,73
2026-06-30 05:00:00,26.7,96,29.0,1.21,0.0,49
2026-06-30 06:00:00,27.0,97,149.0,1.55,0.6,38
2026-06-30 07:00:00,27.8,91,325.0,1.83,0.3,57
2026-06-30 08:00:00,29.1,84,464.0,1.74,0.1,36
2026-06-30 09:00:00,30.6,77,717.0,1.85,0.1,46
2026-06-30 10:00:00,30.9,76,674.0,1.6,0.1,34
2026-06-30 11:00:00,31.1,74,704.0,1.77,0.1,100
2026-06-30 12:00:00,30.6,79,652.0,2.52,1.0,91
2026-06-30 13:00:00,30.5,82,719.0,1.79,3.6,74
2026-06-30 14:00:00,31.1,80,579.0,1.15,0.9,28
2026-06-30 15:00:00,31.6,76,463.0,0.96,0.3,25
2026-06-30 16:00:00,29.2,85,304.0,1.15,4.5,90
2026-06-30 17:00:00,29.1,91,106.0,0.52,1.0,48
2026-06-30 18:00:00,28.8,94,23.0,0.75,0.2,69
2026-06-30 19:00:00,27.9,99,0.0,1.06,0.2,82
2026-06-30 20:00:00,27.9,97,0.0,1.61,0.4,80
2026-06-30 21:00:00,27.2,97,0.0,1.45,0.2,99
2026-06-30 22:00:00,26.9,97,0.0,1.15,0.5,88
2026-06-30 23:00:00,27.4,95,0.0,1.36,3.9,98
2026-07-01 00:00:00,26.5,96,0.0,1.56,4.5,100
2026-07-01 01:00:00,26.7,95,0.0,0.65,1.5,100
2026-07-01 02:00:00,26.4,97,0.0,1.12,0.9,100
2026-07-01 03:00:00,26.3,97,0.0,1.59,0.8,99
2026-07-01 04:00:00,25.9,97,0.0,2.16,2.5,100
2026-07-01 05:00:00,27.4,94,7.0,0.4,1.2,66
2026-07-01 06:00:00,27.8,92,151.0,1.32,1.2,91
2026-07-01 07:00:00,28.4,92,256.0,1.59,0.4,48
2026-07-01 08:00:00,29.5,90,485.0,1.35,0.4,100
2026-07-01 09:00:00,30.5,86,644.0,1.68,0.7,95
2026-07-01 10:00:00,30.1,86,536.0,2.56,1.8,82
2026-07-01 11:00:00,31.5,79,578.0,3.0,0.8,100
2026-07-01 12:00:00,30.6,81,438.0,1.55,1.4,80
2026-07-01 13:00:00,29.7,84,564.0,1.14,1.9,100
2026-07-01 14:00:00,28.7,92,390.0,1.66,6.1,99
2026-07-01 15:00:00,29.2,88,261.0,1.42,0.6,97
2026-07-01 16:00:00,29.0,88,217.0,1.38,1.2,98
2026-07-01 17:00:00,28.1,90,110.0,0.87,0.3,99
2026-07-01 18:00:00,27.7,95,11.0,1.09,0.9,98
2026-07-01 19:00:00,27.6,96,0.0,1.03,0.2,89
2026-07-01 20:00:00,27.8,96,0.0,0.56,0.0,70
2026-07-01 21:00:00,27.7,96,0.0,0.81,0.0,91
2026-07-01 22:00:00,27.6,97,0.0,0.75,0.0,42
2026-07-01 23:00:00,28.5,96,0.0,1.07,0.0,70
2026-07-02 00:00:00,26.5,99,0.0,2.79,7.4,100
2026-07-02 01:00:00,26.2,97,0.0,1.56,5.7,100
2026-07-02 02:00:00,26.1,97,0.0,2.66,2.9,100
2026-07-02 03:00:00,26.0,97,0.0,1.25,1.2,95
2026-07-02 04:00:00,25.8,98,0.0,0.61,1.0,98
2026-07-02 05:00:00,26.8,95,19.0,1.82,0.6,91
2026-07-02 06:00:00,26.6,95,153.0,1.58,2.0,95
2026-07-02 07:00:00,27.3,93,280.0,0.75,0.8,89
2026-07-02 08:00:00,29.0,83,484.0,1.17,0.8,86
2026-07-02 09:00:00,30.7,76,641.0,1.25,0.1,77
2026-07-02 10:00:00,32.1,72,769.0,1.03,0.1,52
2026-07-02 11:00:00,32.6,71,863.0,1.05,0.1,55
2026-07-02 12:00:00,33.3,71,853.0,0.34,0.2,53
2026-07-02 13:00:00,32.6,74,690.0,1.2,0.2,84
2026-07-02 14:00:00,31.9,76,605.0,1.73,0.2,86
2026-07-02 15:00:00,30.7,84,433.0,0.11,1.4,70
2026-07-02 16:00:00,30.4,83,248.0,1.26,1.1,69
2026-07-02 17:00:00,30.5,83,146.0,2.27,0.1,45
2026-07-02 18:00:00,29.8,88,25.0,0.54,0.0,55
2026-07-02 19:00:00,29.7,89,0.0,0.79,0.0,54
2026-07-02 20:00:00,29.5,91,0.0,0.63,0.0,51
2026-07-02 21:00:00,29.2,93,0.0,0.81,0.0,66
2026-07-02 22:00:00,28.7,93,0.0,1.99,0.1,73
2026-07-02 23:00:00,29.8,93,0.0,1.14,0.7,29
2026-07-03 00:00:00,28.8,90,0.0,1.75,0.3,82
2026-07-03 01:00:00,28.5,91,0.0,1.31,0.0,48
2026-07-03 02:00:00,28.2,92,0.0,1.35,0.0,31
2026-07-03 03:00:00,28.0,94,0.0,0.96,0.0,16
2026-07-03 04:00:00,27.5,98,0.0,1.1,0.0,20
2026-07-03 05:00:00,29.0,94,31.0,1.73,7.2,23
2026-07-03 06:00:00,29.5,92,180.0,2.58,0.2,56
2026-07-03 07:00:00,28.8,88,305.0,2.91,0.8,45
2026-07-03 08:00:00,30.0,82,492.0,2.44,0.3,52
2026-07-03 09:00:00,31.1,75,638.0,2.71,0.2,59
2026-07-03 10:00:00,32.3,69,794.0,2.27,0.1,59
2026-07-03 11:00:00,32.5,72,815.0,2.56,0.1,69
2026-07-03 12:00:00,33.3,68,838.0,2.44,0.0,77
2026-07-03 13:00:00,33.8,65,770.0,1.75,0.0,85
2026-07-03 14:00:00,33.9,64,625.0,1.61,0.0,95
2026-07-03 15:00:00,34.0,62,524.0,1.63,0.1,93
2026-07-03 16:00:00,33.3,68,322.0,2.11,0.2,63
2026-07-03 17:00:00,32.5,72,165.0,2.37,0.3,59
2026-07-03 18:00:00,29.9,82,26.0,3.23,0.0,48
2026-07-03 19:00:00,29.5,87,0.0,0.51,0.0,45
2026-07-03 20:00:00,29.4,89,0.0,0.45,0.0,38
2026-07-03 21:00:00,29.4,90,0.0,0.45,0.0,27
2026-07-03 22:00:00,29.4,91,0.0,0.3,0.0,27
2026-07-03 23:00:00,30.3,89,0.0,0.4,0.0,13
2026-07-04 00:00:00,29.6,90,0.0,0.86,0.0,26
2026-07-04 01:00:00,29.1,94,0.0,0.36,0.1,18
2026-07-04 02:00:00,29.1,96,0.0,0.29,0.2,18
2026-07-04 03:00:00,28.9,95,0.0,0.46,0.0,21
2026-07-04 04:00:00,28.6,95,0.0,0.55,0.6,49
2026-07-04 05:00:00,29.3,97,32.0,0.69,0.3,98
2026-07-04 06:00:00,30.7,86,172.0,0.94,0.0,27
2026-07-04 07:00:00,31.8,79,347.0,0.82,0.0,9
2026-07-04 08:00:00,31.9,74,570.0,2.49,0.6,14
2026-07-04 09:00:00,33.0,69,687.0,3.42,0.0,27
2026-07-04 10:00:00,33.9,64,804.0,3.82,0.0,20
2026-07-04 11:00:00,34.6,63,881.0,4.2,0.0,23
2026-07-04 12:00:00,35.3,59,894.0,3.97,0.0,19
2026-07-04 13:00:00,35.2,60,799.0,3.92,0.0,19
2026-07-04 14:00:00,35.1,61,679.0,3.87,0.0,5
2026-07-04 15:00:00,34.9,62,561.0,3.43,0.0,3
2026-07-04 16:00:00,34.6,66,368.0,2.47,0.0,11
2026-07-04 17:00:00,32.4,77,168.0,2.61,0.1,11
2026-07-04 18:00:00,30.2,89,27.0,2.73,0.0,14
2026-07-04 19:00:00,29.6,93,0.0,0.93,0.0,11
2026-07-04 20:00:00,29.1,96,0.0,1.48,0.0,9
2026-07-04 21:00:00,28.8,99,0.0,0.52,0.0,11
2026-07-04 22:00:00,29.1,100,0.0,0.97,0.0,97
2026-07-04 23:00:00,29.2,97,0.0,3.36,0.0,75
2026-07-05 00:00:00,28.1,99,0.0,3.85,1.1,55
2026-07-05 01:00:00,27.7,97,0.0,3.3,0.2,67
2026-07-05 02:00:00,27.6,96,0.0,3.28,0.1,13
2026-07-05 03:00:00,27.5,97,0.0,3.51,0.0,34
2026-07-05 04:00:00,27.7,97,0.0,3.21,0.0,48
2026-07-05 05:00:00,27.6,96,30.0,2.56,0.0,85
2026-07-05 06:00:00,28.7,91,155.0,1.32,0.0,34
2026-07-05 07:00:00,29.9,87,337.0,1.95,0.1,34
2026-07-05 08:00:00,31.3,74,549.0,3.13,0.1,35
2026-07-05 09:00:00,32.1,69,593.0,3.45,0.0,97
2026-07-05 10:00:00,31.9,70,379.0,3.47,0.0,99
2026-07-05 11:00:00,33.3,65,552.0,4.2,0.0,100
2026-07-05 12:00:00,33.2,65,598.0,4.05,0.0,27
2026-07-05 13:00:00,34.0,64,835.0,4.66,0.0,30
2026-07-05 14:00:00,33.9,65,718.0,4.94,0.0,38
2026-07-05 15:00:00,34.0,64,547.0,4.47,0.0,26
2026-07-05 16:00:00,33.5,69,362.0,3.66,0.0,26
2026-07-05 17:00:00,32.8,74,169.0,0.88,0.0,91
2026-07-05 18:00:00,30.0,92,17.0,3.72,0.0,93
2026-07-05 19:00:00,28.6,93,0.0,3.39,0.0,84
2026-07-05 20:00:00,28.4,93,0.0,2.02,0.0,79
2026-07-05 21:00:00,28.5,91,0.0,1.96,0.0,84
2026-07-05 22:00:00,28.2,90,0.0,2.01,0.0,91
2026-07-05 23:00:00,29.2,89,0.0,1.21,0.0,47
2026-07-06 00:00:00,28.5,92,0.0,3.5,0.0,77
2026-07-06 01:00:00,27.5,95,0.0,2.4,0.2,100
2026-07-06 02:00:00,27.1,95,0.0,2.19,1.7,100
2026-07-06 03:00:00,26.7,96,0.0,0.74,0.4,100
2026-07-06 04:00:00,26.4,98,0.0,0.99,0.3,100
2026-07-06 05:00:00,27.9,96,20.0,2.1,0.7,91
2026-07-06 06:00:00,28.7,91,131.0,0.57,0.0,46
2026-07-06 07:00:00,29.8,84,332.0,2.89,0.0,65
2026-07-06 08:00:00,31.1,78,502.0,3.68,0.0,69
2026-07-06 09:00:00,32.4,69,691.0,3.83,0.0,75
2026-07-06 10:00:00,33.2,65,832.0,3.53,0.0,88
2026-07-06 11:00:00,33.6,64,860.0,3.03,0.0,60
2026-07-06 12:00:00,34.1,61,887.0,2.36,0.3,68
2026-07-06 13:00:00,34.2,63,835.0,1.39,0.3,38
2026-07-06 14:00:00,34.4,63,721.0,0.89,0.1,19
2026-07-06 15:00:00,33.5,67,538.0,1.38,0.1,20
2026-07-06 16:00:00,31.5,82,342.0,4.0,0.1,14
2026-07-06 17:00:00,29.8,90,173.0,3.44,0.1,78
2026-07-06 18:00:00,29.2,92,16.0,1.01,0.1,72
2026-07-06 19:00:00,28.8,92,0.0,1.1,0.3,88
2026-07-06 20:00:00,28.6,93,0.0,1.3,3.3,98
2026-07-06 21:00:00,27.9,95,0.0,2.23,3.7,98
2026-07-06 22:00:00,27.4,95,0.0,1.55,4.8,98
2026-07-06 23:00:00,27.4,97,0.0,2.71,6.2,100
2026-07-07 00:00:00,26.8,99,0.0,2.54,6.3,100
2026-07-07 01:00:00,26.7,99,0.0,1.66,16.7,100
2026-07-07 02:00:00,26.6,96,0.0,2.01,19.2,100
2026-07-07 03:00:00,26.6,97,0.0,1.27,11.3,100
2026-07-07 04:00:00,26.7,97,0.0,0.65,6.1,100
2026-07-07 05:00:00,27.6,96,6.0,1.49,1.5,100
2026-07-07 06:00:00,27.8,95,75.0,0.51,0.4,99
2026-07-07 07:00:00,28.5,92,249.0,0.4,0.2,95
2026-07-07 08:00:00,29.6,87,464.0,1.62,0.1,91
2026-07-07 09:00:00,30.1,84,495.0,1.46,0.2,80
2026-07-07 10:00:00,31.6,79,698.0,1.73,0.1,80
2026-07-07 11:00:00,30.4,80,601.0,2.09,0.3,100
2026-07-07 12:00:00,29.3,85,606.0,1.7,6.9,95
2026-07-07 13:00:00,29.6,87,538.0,0.96,1.3,91
2026-07-07 14:00:00,28.9,86,267.0,1.58,5.2,92
2026-07-07 15:00:00,29.4,85,317.0,0.32,1.6,94
2026-07-07 16:00:00,29.1,87,222.0,0.16,0.5,98
2026-07-07 17:00:00,29.2,92,100.0,1.6,0.6,98
2026-07-07 18:00:00,28.5,96,18.0,0.9,0.0,99
2026-07-07 19:00:00,28.3,97,0.0,0.59,0.0,99
2026-07-07 20:00:00,28.0,97,0.0,1.17,0.0,100
2026-07-07 21:00:00,25.9,100,0.0,2.36,3.0,100
2026-07-07 22:00:00,26.5,98,0.0,0.85,1.0,100
2026-07-07 23:00:00,27.6,92,0.0,0.67,0.1,100
2026-07-08 00:00:00,26.4,95,0.0,2.36,3.3,100
2026-07-08 01:00:00,26.3,95,0.0,1.68,2.9,100
2026-07-08 02:00:00,26.3,96,0.0,1.28,2.8,100
2026-07-08 03:00:00,26.2,97,0.0,1.4,0.8,100
2026-07-08 04:00:00,26.4,96,0.0,0.93,0.5,100
2026-07-08 05:00:00,26.8,95,8.0,1.44,0.3,99
2026-07-08 06:00:00,27.2,92,125.0,1.77,0.1,93
2026-07-08 07:00:00,28.3,88,327.0,1.8,0.0,98
2026-07-08 08:00:00,29.3,85,393.0,1.84,0.0,98
2026-07-08 09:00:00,30.5,77,571.0,1.61,0.0,100
2026-07-08 10:00:00,30.6,77,439.0,1.07,0.1,100
2026-07-08 11:00:00,31.0,74,602.0,0.96,0.0,98
2026-07-08 12:00:00,31.4,73,847.0,0.36,0.5,95
2026-07-08 13:00:00,31.9,72,707.0,0.78,0.1,100
2026-07-08 14:00:00,29.4,84,454.0,2.15,3.1,100
2026-07-08 15:00:00,28.5,90,222.0,1.2,2.0,100
2026-07-08 16:00:00,28.7,89,123.0,1.53,0.0,86
2026-07-08 17:00:00,29.8,84,119.0,1.42,0.1,95
2026-07-08 18:00:00,29.4,88,21.0,0.72,0.0,97
2026-07-08 19:00:00,28.9,91,0.0,0.5,0.0,100
2026-07-08 20:00:00,28.1,91,0.0,0.51,0.9,98
2026-07-08 21:00:00,26.7,96,0.0,1.28,9.4,100
2026-07-08 22:00:00,26.8,97,0.0,0.54,1.1,99
2026-07-08 23:00:00,27.7,95,0.0,1.13,1.6,99
2026-07-09 00:00:00,27.4,98,0.0,1.19,0.0,98
2026-07-09 01:00:00,27.1,87,0.0,0.52,4.6,100
2026-07-09 02:00:00,26.7,94,0.0,1.08,2.1,100
2026-07-09 03:00:00,26.6,96,0.0,0.66,2.1,100
2026-07-09 04:00:00,26.3,98,0.0,0.74,3.6,100
2026-07-09 05:00:00,27.0,97,5.0,1.84,2.1,100
2026-07-09 06:00:00,26.8,96,15.0,1.82,2.3,100
2026-07-09 07:00:00,26.8,94,77.0,2.06,1.6,100
2026-07-09 08:00:00,27.1,95,181.0,2.65,0.6,100
2026-07-09 09:00:00,27.9,91,350.0,2.14,0.6,95
2026-07-09 10:00:00,28.9,88,464.0,2.04,0.3,95
2026-07-09 11:00:00,30.1,83,643.0,1.33,0.2,100
2026-07-09 12:00:00,30.0,84,570.0,2.0,0.7,100
2026-07-09 13:00:00,30.3,83,565.0,2.2,0.5,100
2026-07-09 14:00:00,30.5,81,500.0,1.78,0.3,98
2026-07-09 15:00:00,30.8,79,469.0,1.5,0.1,99
2026-07-09 16:00:00,30.6,79,297.0,0.7,0.0,95
2026-07-09 17:00:00,30.2,79,125.0,1.37,6.4,98
2026-07-09 18:00:00,29.7,82,21.0,0.15,0.0,92
2026-07-09 19:00:00,27.9,94,0.0,2.49,0.5,100
2026-07-09 20:00:00,27.8,95,0.0,0.97,0.4,99
2026-07-09 21:00:00,27.5,94,0.0,0.29,2.3,100
2026-07-09 22:00:00,27.1,96,0.0,0.92,0.6,100
2026-07-09 23:00:00,27.8,92,0.0,0.74,0.2,100
2026-07-10 00:00:00,27.3,91,0.0,0.36,0.7,100
2026-07-10 01:00:00,27.0,95,0.0,0.35,0.6,100
2026-07-10 02:00:00,26.9,94,0.0,0.2,0.4,100
2026-07-10 03:00:00,26.7,96,0.0,0.72,0.0,100
2026-07-10 04:00:00,26.7,96,0.0,1.35,0.0,100
2026-07-10 05:00:00,26.8,97,14.0,1.25,0.0,100
2026-07-10 06:00:00,27.2,93,87.0,0.64,0.0,100
2026-07-10 07:00:00,27.6,90,115.0,0.8,0.0,100
2026-07-10 08:00:00,28.5,88,279.0,1.22,0.0,100
2026-07-10 09:00:00,29.3,85,353.0,1.39,0.0,100
2026-07-10 10:00:00,30.4,82,544.0,1.29,0.2,100
2026-07-10 11:00:00,30.6,79,757.0,1.76,0.2,100
2026-07-10 12:00:00,31.0,78,694.0,1.52,0.7,100
2026-07-10 13:00:00,31.5,76,628.0,1.23,0.2,100
2026-07-10 14:00:00,31.9,74,607.0,1.59,0.0,90
2026-07-10 15:00:00,31.4,75,412.0,1.7,0.0,78
2026-07-10 16:00:00,30.0,85,326.0,1.53,1.5,97
2026-07-10 17:00:00,28.7,89,117.0,2.07,0.3,73
2026-07-10 18:00:00,28.2,94,21.0,0.32,0.2,81
2026-07-10 19:00:00,28.1,95,0.0,0.55,0.2,84
2026-07-10 20:00:00,27.3,95,0.0,0.76,2.4,100
2026-07-10 21:00:00,27.1,97,0.0,1.21,5.2,99
2026-07-10 22:00:00,27.0,96,0.0,0.49,2.0,81
2026-07-10 23:00:00,28.1,90,0.0,0.8,1.0,94
2026-07-11 00:00:00,27.3,94,0.0,0.74,3.4,100
2026-07-11 01:00:00,27.1,94,0.0,1.56,0.6,100
2026-07-11 02:00:00,27.0,94,0.0,2.05,0.4,100
2026-07-11 03:00:00,26.4,97,0.0,2.16,1.1,100
2026-07-11 04:00:00,26.1,97,0.0,2.46,5.4,100
2026-07-11 05:00:00,26.5,97,13.0,0.75,4.9,100
2026-07-11 06:00:00,26.4,97,13.0,0.76,7.6,100
2026-07-11 07:00:00,26.5,97,37.0,0.87,6.1,100
2026-07-11 08:00:00,26.8,95,50.0,0.71,1.1,100
2026-07-11 09:00:00,27.5,93,190.0,0.6,0.1,100
2026-07-11 10:00:00,29.1,85,375.0,0.67,0.0,100
2026-07-11 11:00:00,29.8,80,585.0,1.12,0.0,100
2026-07-11 12:00:00,31.3,73,771.0,1.1,1.1,90
2026-07-11 13:00:00,32.0,70,768.0,0.84,0.3,93
2026-07-11 14:00:00,32.3,69,593.0,1.03,0.5,95
2026-07-11 15:00:00,28.5,92,328.0,3.48,1.8,99
2026-07-11 16:00:00,28.4,94,202.0,1.66,0.9,98
2026-07-11 17:00:00,30.1,79,90.0,0.43,0.3,93
2026-07-11 18:00:00,29.1,87,22.0,1.36,1.6,99
2026-07-11 19:00:00,28.1,96,0.0,1.92,2.0,98
2026-07-11 20:00:00,27.2,95,0.0,2.94,3.1,100
2026-07-11 21:00:00,26.8,98,0.0,1.87,3.9,98
2026-07-11 22:00:00,26.5,98,0.0,1.5,2.1,100
2026-07-11 23:00:00,27.4,97,0.0,1.35,3.0,100
2026-07-12 00:00:00,27.0,99,0.0,1.52,1.0,100
2026-07-12 01:00:00,26.9,99,0.0,0.57,0.6,100
2026-07-12 02:00:00,26.9,94,0.0,0.2,1.6,100
2026-07-12 03:00:00,26.8,94,0.0,0.18,0.7,100
2026-07-12 04:00:00,26.6,96,0.0,0.68,1.3,100
2026-07-12 05:00:00,26.9,95,9.0,0.65,2.3,100
2026-07-12 06:00:00,26.6,96,24.0,1.12,6.5,100
2026-07-12 07:00:00,26.7,95,45.0,1.17,4.9,100
2026-07-12 08:00:00,27.3,96,160.0,1.45,1.3,100
2026-07-12 09:00:00,28.1,92,267.0,1.51,0.3,100
2026-07-12 10:00:00,28.9,88,437.0,0.93,0.7,97
2026-07-12 11:00:00,31.9,76,595.0,1.08,0.7,83
2026-07-12 12:00:00,30.8,82,749.0,1.94,0.3,98
2026-07-12 13:00:00,30.0,87,464.0,2.09,1.9,95
2026-07-12 14:00:00,30.1,87,424.0,1.62,0.5,88
2026-07-12 15:00:00,30.6,83,473.0,1.3,0.3,96
2026-07-12 16:00:00,30.1,84,192.0,1.4,0.2,99
2026-07-12 17:00:00,29.0,89,66.0,0.54,3.8,100
2026-07-12 18:00:00,28.4,94,15.0,0.8,0.5,98
2026-07-12 19:00:00,28.1,97,0.0,1.55,0.7,99
2026-07-12 20:00:00,27.4,97,0.0,2.39,0.4,91
2026-07-12 21:00:00,26.9,98,0.0,1.87,1.3,96
2026-07-12 22:00:00,26.7,99,0.0,1.12,1.6,99
2026-07-12 23:00:00,27.3,96,0.0,1.56,2.1,99
2026-07-13 00:00:00,26.8,97,0.0,1.3,1.9,99
2026-07-13 01:00:00,26.5,98,0.0,1.11,3.5,100
2026-07-13 02:00:00,26.6,98,0.0,0.72,3.2,100
2026-07-13 03:00:00,26.7,98,0.0,2.23,3.3,100
2026-07-13 04:00:00,26.5,97,0.0,3.51,1.0,100
2026-07-13 05:00:00,27.1,97,8.0,2.31,1.4,100
2026-07-13 06:00:00,26.9,96,28.0,3.54,1.3,100
2026-07-13 07:00:00,27.0,97,40.0,3.04,1.7,100
2026-07-13 08:00:00,27.9,94,189.0,3.24,1.5,100
2026-07-13 09:00:00,29.0,89,277.0,2.56,0.8,100
2026-07-13 10:00:00,30.4,81,458.0,1.98,0.2,89
2026-07-13 11:00:00,31.6,73,564.0,3.18,0.1,100
2026-07-13 12:00:00,28.6,92,334.0,1.72,9.4,100
2026-07-13 13:00:00,29.5,90,330.0,0.72,1.7,83
2026-07-13 14:00:00,30.5,87,510.0,0.55,0.3,74
2026-07-13 15:00:00,29.1,88,395.0,1.8,3.7,89
2026-07-13 16:00:00,28.1,94,186.0,1.05,4.9,73
2026-07-13 17:00:00,31.0,81,85.0,1.13,0.4,37
2026-07-13 18:00:00,29.5,90,24.0,0.43,1.0,70
2026-07-13 19:00:00,29.0,94,0.0,0.57,0.1,39
2026-07-13 20:00:00,28.7,96,0.0,0.34,0.0,45
2026-07-13 21:00:00,28.1,97,0.0,2.07,0.1,67
2026-07-13 22:00:00,26.9,98,0.0,3.99,1.3,55
2026-07-13 23:00:00,26.7,98,0.0,2.15,0.0,82
2026-07-14 00:00:00,26.8,97,0.0,1.25,0.0,83
2026-07-14 01:00:00,26.6,98,0.0,1.71,0.0,98
2026-07-14 02:00:00,26.6,98,0.0,1.25,0.0,97
2026-07-14 03:00:00,26.5,98,0.0,1.01,0.0,97
2026-07-14 04:00:00,26.4,98,0.0,1.0,0.0,98
2026-07-14 05:00:00,27.2,97,22.0,0.72,0.0,84
2026-07-14 06:00:00,28.0,93,149.0,1.05,0.1,91
2026-07-14 07:00:00,28.9,88,316.0,0.87,0.1,80
2026-07-14 08:00:00,30.3,82,541.0,0.67,0.1,65
2026-07-14 09:00:00,31.3,78,680.0,1.15,0.1,45
2026-07-14 10:00:00,31.8,78,763.0,1.61,0.2,63
2026-07-14 11:00:00,33.1,71,875.0,1.14,0.2,100
2026-07-14 12:00:00,33.2,73,859.0,1.33,0.0,100
2026-07-14 13:00:00,32.4,79,584.0,1.8,1.3,100
2026-07-14 14:00:00,29.8,85,534.0,2.49,2.1,100
2026-07-14 15:00:00,28.0,94,334.0,3.11,2.5,85
2026-07-14 16:00:00,29.2,86,315.0,1.2,0.4,91
2026-07-14 17:00:00,28.9,93,142.0,3.24,0.8,56
2026-07-14 18:00:00,28.5,94,22.0,0.99,1.3,88
2026-07-14 19:00:00,28.3,95,0.0,1.47,1.2,95
2026-07-14 20:00:00,28.3,96,0.0,0.9,0.3,93
2026-07-14 21:00:00,28.0,95,0.0,1.43,2.0,96
2026-07-14 22:00:00,27.5,95,0.0,1.97,2.3,99
2026-07-14 23:00:00,27.3,94,0.0,3.34,0.8,100
2026-07-15 00:00:00,26.6,95,0.0,1.65,5.5,98
2026-07-15 01:00:00,26.6,97,0.0,1.57,1.4,98
2026-07-15 02:00:00,26.6,98,0.0,1.78,1.0,99
2026-07-15 03:00:00,26.6,99,0.0,1.15,0.7,99
2026-07-15 04:00:00,26.5,100,0.0,1.7,0.6,99
2026-07-15 05:00:00,27.3,94,13.0,2.07,1.2,99
2026-07-15 06:00:00,27.3,96,42.0,1.24,0.4,98
2026-07-15 07:00:00,28.4,86,258.0,2.02,0.4,100
2026-07-15 08:00:00,29.6,83,488.0,1.79,0.1,88
2026-07-15 09:00:00,30.8,78,650.0,1.47,0.1,73
2026-07-15 10:00:00,31.8,76,782.0,0.87,0.1,25
2026-07-15 11:00:00,32.1,74,886.0,1.5,0.1,100
2026-07-15 12:00:00,32.0,75,651.0,0.96,0.3,100
2026-07-15 13:00:00,28.4,89,404.0,3.38,6.7,100
2026-07-15 14:00:00,28.7,91,302.0,1.01,4.2,89
2026-07-15 15:00:00,29.0,87,378.0,2.12,2.5,91
2026-07-15 16:00:00,28.7,91,169.0,1.92,0.8,84
2026-07-15 17:00:00,29.0,87,111.0,1.35,0.5,84
2026-07-15 18:00:00,28.3,92,22.0,1.17,0.3,81
2026-07-15 19:00:00,27.9,97,0.0,1.77,0.1,97
2026-07-15 20:00:00,27.7,97,0.0,1.91,0.0,96
2026-07-15 21:00:00,27.7,97,0.0,1.68,0.0,99
2026-07-15 22:00:00,27.1,95,0.0,1.81,0.2,99
2026-07-15 23:00:00,27.2,92,0.0,3.47,0.5,99
2026-07-16 00:00:00,26.3,97,0.0,2.09,1.0,100
2026-07-16 01:00:00,26.7,97,0.0,1.21,0.8,100
2026-07-16 02:00:00,26.7,97,0.0,0.3,0.4,100
2026-07-16 03:00:00,26.6,97,0.0,0.5,0.2,96
2026-07-16 04:00:00,26.5,98,0.0,0.74,0.1,97
2026-07-16 05:00:00,28.2,91,20.0,1.55,0.0,67
2026-07-16 06:00:00,28.8,87,157.0,0.25,0.0,66
2026-07-16 07:00:00,29.3,85,355.0,0.85,0.1,80
2026-07-16 08:00:00,30.1,82,511.0,0.91,0.1,96
2026-07-16 09:00:00,30.9,79,642.0,0.79,0.1,84
2026-07-16 10:00:00,31.8,76,782.0,0.67,0.0,55
2026-07-16 11:00:00,31.4,74,811.0,1.87,0.1,100
2026-07-16 12:00:00,30.0,80,641.0,2.4,0.8,100
2026-07-16 13:00:00,30.5,77,409.0,0.05,0.1,100
2026-07-16 14:00:00,31.1,75,435.0,0.21,0.1,98
2026-07-16 15:00:00,31.1,75,337.0,0.53,0.0,87
2026-07-16 16:00:00,30.9,77,200.0,1.12,0.0,82
2026-07-16 17:00:00,32.2,69,107.0,0.63,0.0,50
2026-07-16 18:00:00,30.7,80,23.0,0.57,0.3,66
2026-07-16 19:00:00,29.8,88,0.0,0.87,0.0,24
2026-07-16 20:00:00,29.3,93,0.0,0.92,0.0,33
2026-07-16 21:00:00,29.1,95,0.0,1.32,0.0,49
2026-07-16 22:00:00,28.9,94,0.0,1.01,0.0,45
2026-07-16 23:00:00,29.9,85,0.0,1.15,0.0,50
2026-07-17 00:00:00,28.1,88,0.0,2.08,0.8,89
2026-07-17 01:00:00,27.5,96,0.0,1.12,0.5,86
2026-07-17 02:00:00,27.6,100,0.0,1.17,0.1,100
2026-07-17 03:00:00,27.6,100,0.0,0.64,0.2,100
2026-07-17 04:00:00,27.5,97,0.0,0.32,0.2,73
2026-07-17 05:00:00,26.7,96,21.0,2.6,0.5,96
2026-07-17 06:00:00,26.8,95,59.0,0.16,1.3,89
2026-07-17 07:00:00,27.4,91,270.0,0.85,0.5,94
2026-07-17 08:00:00,28.5,86,367.0,0.39,0.2,100
2026-07-17 09:00:00,29.5,80,480.0,0.6,0.1,93
2026-07-17 10:00:00,30.5,79,669.0,1.3,0.0,72
2026-07-17 11:00:00,30.3,78,714.0,1.1,0.1,71
2026-07-17 12:00:00,30.9,77,799.0,1.41,0.4,62
2026-07-17 13:00:00,31.8,74,734.0,1.01,0.2,91
2026-07-17 14:00:00,29.7,83,516.0,1.45,3.3,98
2026-07-17 15:00:00,28.7,88,439.0,2.05,3.2,95
2026-07-17 16:00:00,27.0,96,267.0,2.42,3.2,89
2026-07-17 17:00:00,27.3,95,99.0,1.38,1.6,92
2026-07-17 18:00:00,27.2,95,14.0,1.17,1.9,48
2026-07-17 19:00:00,27.4,95,0.0,1.25,0.4,96
2026-07-17 20:00:00,27.5,96,0.0,1.38,0.1,98
2026-07-17 21:00:00,27.5,93,0.0,1.62,0.0,94
2026-07-17 22:00:00,27.1,94,0.0,1.53,0.0,88
2026-07-17 23:00:00,26.7,97,0.0,2.87,0.3,100
2026-07-18 00:00:00,26.3,99,0.0,1.77,0.4,96
2026-07-18 01:00:00,26.1,98,0.0,2.39,0.2,100
2026-07-18 02:00:00,26.1,97,0.0,1.6,0.1,91
2026-07-18 03:00:00,26.1,97,0.0,2.1,0.1,95
2026-07-18 04:00:00,26.0,97,0.0,1.35,0.0,99
2026-07-18 05:00:00,26.4,96,18.0,0.92,0.0,100
2026-07-18 06:00:00,26.4,96,54.0,0.85,0.2,100
2026-07-18 07:00:00,27.5,89,171.0,1.17,0.1,100
2026-07-18 08:00:00,28.0,89,240.0,0.94,0.3,100
2026-07-18 09:00:00,28.5,88,345.0,1.22,0.8,100
2026-07-18 10:00:00,28.4,89,260.0,1.68,0.6,100
2026-07-18 11:00:00,28.2,90,264.0,2.28,0.6,100
2026-07-18 12:00:00,28.8,88,427.0,1.38,0.5,100
2026-07-18 13:00:00,28.9,87,383.0,0.36,0.1,100
2026-07-18 14:00:00,29.2,85,335.0,1.09,0.0,98
2026-07-18 15:00:00,29.1,85,274.0,1.98,0.0,98
2026-07-18 16:00:00,29.2,84,289.0,1.7,0.0,99
2026-07-18 17:00:00,29.0,86,94.0,0.94,0.0,99
2026-07-18 18:00:00,28.1,93,15.0,1.52,0.3,99
2026-07-18 19:00:00,27.2,97,0.0,2.7,0.2,99
2026-07-18 20:00:00,26.8,97,0.0,2.02,0.5,97
2026-07-18 21:00:00,26.8,97,0.0,1.21,0.2,96
2026-07-18 22:00:00,26.6,98,0.0,0.76,0.1,95
2026-07-18 23:00:00,26.7,98,0.0,2.51,0.4,96
2026-07-19 00:00:00,26.3,97,0.0,1.53,7.9,100
2026-07-19 01:00:00,26.3,97,0.0,1.65,1.6,99
2026-07-19 02:00:00,25.9,96,0.0,1.57,2.0,100
2026-07-19 03:00:00,25.8,96,0.0,1.42,0.9,100
2026-07-19 04:00:00,25.8,97,0.0,1.37,0.4,100
2026-07-19 05:00:00,26.6,97,6.0,1.46,0.8,100
2026-07-19 06:00:00,26.8,95,63.0,1.68,0.3,87
2026-07-19 07:00:00,27.4,95,205.0,1.82,0.2,100
2026-07-19 08:00:00,27.7,92,219.0,3.26,0.4,100
2026-07-19 09:00:00,28.2,89,276.0,3.59,0.2,100
2026-07-19 10:00:00,29.1,85,479.0,3.6,0.1,94
2026-07-19 11:00:00,28.4,87,536.0,2.75,0.0,100
2026-07-19 12:00:00,28.5,87,238.0,1.03,0.1,99
2026-07-19 13:00:00,28.6,86,292.0,1.62,0.0,99
2026-07-19 14:00:00,29.4,82,369.0,2.17,0.0,65
2026-07-19 15:00:00,29.7,80,385.0,1.83,0.0,78
2026-07-19 16:00:00,29.3,82,167.0,1.42,0.0,84
2026-07-19 17:00:00,28.5,89,78.0,2.08,0.8,100
2026-07-19 18:00:00,27.8,94,9.0,1.97,0.9,98
2026-07-19 19:00:00,27.4,96,0.0,1.52,1.2,93
2026-07-19 20:00:00,27.1,96,0.0,2.3,0.6,97
2026-07-19 21:00:00,26.7,97,0.0,2.33,0.1,97
2026-07-19 22:00:00,26.2,97,0.0,1.49,1.9,100
2026-07-19 23:00:00,26.8,95,0.0,1.77,3.3,94
2026-07-20 00:00:00,26.3,93,0.0,1.39,1.1,100
2026-07-20 01:00:00,25.8,95,0.0,1.93,2.8,100
2026-07-20 02:00:00,25.5,96,0.0,1.71,6.4,100
2026-07-20 03:00:00,25.4,97,0.0,1.57,3.4,100
2026-07-20 04:00:00,25.1,99,0.0,1.53,3.8,99
2026-07-20 05:00:00,25.6,96,14.0,2.63,2.3,100
2026-07-20 06:00:00,25.5,96,24.0,1.79,2.4,100
2026-07-20 07:00:00,25.8,95,141.0,1.3,4.7,100
2026-07-20 08:00:00,26.4,91,203.0,1.5,1.3,100
2026-07-20 09:00:00,26.4,94,176.0,2.15,0.9,98
2026-07-20 10:00:00,27.4,91,413.0,1.27,0.8,98
2026-07-20 11:00:00,26.6,93,370.0,1.51,0.4,99
2026-07-20 12:00:00,27.3,90,365.0,1.7,2.5,84
2026-07-20 13:00:00,28.8,79,646.0,2.22,0.1,91
2026-07-20 14:00:00,29.4,75,496.0,1.4,0.0,84
2026-07-20 15:00:00,29.7,72,436.0,1.25,0.0,95
2026-07-20 16:00:00,29.8,71,284.0,0.46,0.0,83
2026-07-20 17:00:00,28.7,84,118.0,1.57,0.0,98
2026-07-20 18:00:00,27.8,91,19.0,0.94,0.0,98
2026-07-20 19:00:00,26.9,94,0.0,1.82,0.3,99
2026-07-20 20:00:00,26.2,96,0.0,1.9,0.7,100
2026-07-20 21:00:00,26.0,95,0.0,1.39,1.5,100
2026-07-20 22:00:00,25.8,96,0.0,1.75,0.8,97
2026-07-20 23:00:00,26.1,98,0.0,2.3,0.1,77
2026-07-21 00:00:00,25.8,97,0.0,1.38,0.0,100
2026-07-21 01:00:00,25.8,97,0.0,0.8,0.0,98
2026-07-21 02:00:00,25.7,98,0.0,1.38,0.1,100
2026-07-21 03:00:00,25.6,98,0.0,1.3,0.2,100
2026-07-21 04:00:00,25.5,98,0.0,1.61,0.1,100
2026-07-21 05:00:00,26.4,95,8.0,0.49,0.0,84
2026-07-21 06:00:00,27.0,89,115.0,0.38,0.6,89
2026-07-21 07:00:00,27.7,87,282.0,0.18,0.3,100
2026-07-21 08:00:00,28.9,80,428.0,0.9,0.0,77
2026-07-21 09:00:00,30.1,77,620.0,1.18,0.1,41
2026-07-21 10:00:00,31.0,75,739.0,0.89,0.1,52
2026-07-21 11:00:00,31.9,70,819.0,1.01,0.1,38
2026-07-21 12:00:00,31.7,73,877.0,0.51,0.2,100
2026-07-21 13:00:00,32.0,73,811.0,0.46,0.2,45
2026-07-21 14:00:00,32.2,73,674.0,1.55,0.0,98
2026-07-21 15:00:00,29.8,83,510.0,1.97,1.9,74
2026-07-21 16:00:00,29.8,83,295.0,1.89,0.4,38
2026-07-21 17:00:00,29.9,87,153.0,2.04,0.4,53
2026-07-21 18:00:00,29.0,90,22.0,1.31,0.0,53
2026-07-21 19:00:00,28.7,91,0.0,1.57,0.0,58
2026-07-21 20:00:00,28.4,90,0.0,1.74,0.0,70
2026-07-21 21:00:00,28.2,89,0.0,1.4,0.0,75
2026-07-21 22:00:00,28.1,90,0.0,1.06,0.0,100
2026-07-21 23:00:00,28.9,86,0.0,1.72,1.5,41
2026-07-22 00:00:00,28.2,89,0.0,0.81,0.2,58
2026-07-22 01:00:00,27.2,95,0.0,1.05,0.7,96
2026-07-22 02:00:00,26.1,99,0.0,1.37,4.7,97
2026-07-22 03:00:00,26.0,97,0.0,1.91,1.9,91
2026-07-22 04:00:00,26.0,97,0.0,1.52,0.4,90
2026-07-22 05:00:00,26.3,98,15.0,3.13,0.4,100
2026-07-22 06:00:00,26.3,98,14.0,2.34,2.4,99
2026-07-22 07:00:00,26.4,97,55.0,2.71,1.0,100
2026-07-22 08:00:00,26.8,95,141.0,2.15,0.9,100
2026-07-22 09:00:00,27.1,92,172.0,2.15,0.6,99
2026-07-22 10:00:00,28.7,84,451.0,1.97,0.4,98
2026-07-22 11:00:00,29.6,77,685.0,1.9,0.1,97
2026-07-22 12:00:00,30.9,70,801.0,1.72,0.0,98
2026-07-22 13:00:00,31.7,67,751.0,1.98,0.0,98
2026-07-22 14:00:00,31.6,70,625.0,1.45,0.0,52
2026-07-22 15:00:00,31.3,72,507.0,0.58,0.1,74
2026-07-22 16:00:00,28.1,88,260.0,2.72,5.0,98
2026-07-22 17:00:00,28.5,94,75.0,2.3,2.0,66
2026-07-22 18:00:00,28.1,95,18.0,1.6,0.3,75
2026-07-22 19:00:00,28.1,95,0.0,1.07,0.3,60
2026-07-22 20:00:00,27.7,97,0.0,1.81,1.0,87
2026-07-22 21:00:00,27.4,97,0.0,1.83,0.5,68
2026-07-22 22:00:00,26.8,98,0.0,2.39,0.5,87
2026-07-22 23:00:00,27.6,98,0.0,1.66,1.1,54
2026-07-23 00:00:00,27.0,99,0.0,0.96,0.1,68
2026-07-23 01:00:00,26.2,95,0.0,0.73,3.2,96
2026-07-23 02:00:00,26.4,94,0.0,0.74,1.8,87
2026-07-23 03:00:00,26.2,95,0.0,0.89,0.8,95
2026-07-23 04:00:00,25.8,97,0.0,1.93,0.4,98
2026-07-23 05:00:00,26.9,96,15.0,1.11,0.2,98
2026-07-23 06:00:00,27.0,91,114.0,1.8,0.4,95
2026-07-23 07:00:00,26.8,93,177.0,2.74,0.2,92
2026-07-23 08:00:00,27.3,90,265.0,2.48,0.2,91
2026-07-23 09:00:00,28.6,83,490.0,2.44,0.2,91
2026-07-23 10:00:00,30.1,77,760.0,1.68,0.1,76
2026-07-23 11:00:00,30.6,75,861.0,1.08,0.1,86
2026-07-23 12:00:00,31.0,73,811.0,0.63,0.2,62
2026-07-23 13:00:00,31.5,73,774.0,1.12,0.1,100
2026-07-23 14:00:00,31.5,74,668.0,0.83,0.1,100
2026-07-23 15:00:00,30.9,77,451.0,1.14,0.3,100
2026-07-23 16:00:00,28.1,90,200.0,1.81,3.0,100
2026-07-23 17:00:00,28.7,91,79.0,1.19,3.2,95
2026-07-23 18:00:00,27.9,94,13.0,1.21,2.0,86
2026-07-23 19:00:00,27.7,97,0.0,1.45,0.2,75
2026-07-23 20:00:00,27.3,98,0.0,1.21,0.3,58
2026-07-23 21:00:00,27.2,97,0.0,1.59,0.3,71
2026-07-23 22:00:00,26.9,100,0.0,1.77,0.2,88
2026-07-23 23:00:00,27.8,92,0.0,1.37,0.3,84
2026-07-24 00:00:00,27.0,97,0.0,0.81,0.1,89
2026-07-24 01:00:00,27.1,93,0.0,0.3,0.8,95
2026-07-24 02:00:00,26.9,94,0.0,0.53,0.7,98
2026-07-24 03:00:00,26.6,97,0.0,1.22,0.2,97
2026-07-24 04:00:00,26.4,96,0.0,1.33,0.6,98
2026-07-24 05:00:00,26.3,99,14.0,2.36,0.1,94
2026-07-24 06:00:00,27.2,92,132.0,1.57,0.1,32
2026-07-24 07:00:00,28.3,86,279.0,1.58,0.1,30
2026-07-24 08:00:00,29.5,81,501.0,1.87,0.0,30
2026-07-24 09:00:00,30.7,77,691.0,1.25,0.0,47
2026-07-24 10:00:00,31.4,75,796.0,1.25,0.1,57
2026-07-24 11:00:00,31.6,70,856.0,1.43,0.2,52
2026-07-24 12:00:00,31.5,72,807.0,0.87,0.1,71
2026-07-24 13:00:00,30.6,76,604.0,1.62,0.2,67
2026-07-24 14:00:00,30.4,76,547.0,1.35,1.6,95
2026-07-24 15:00:00,30.2,79,381.0,1.03,0.7,88
2026-07-24 16:00:00,28.2,86,294.0,0.34,1.2,99
2026-07-24 17:00:00,28.7,91,107.0,1.87,1.1,95
2026-07-24 18:00:00,28.0,96,17.0,1.6,0.3,91
2026-07-24 19:00:00,27.8,97,0.0,1.55,0.0,98
2026-07-24 20:00:00,27.8,97,0.0,0.96,0.0,87
2026-07-24 21:00:00,27.8,96,0.0,0.54,0.0,94
2026-07-24 22:00:00,27.8,95,0.0,0.11,0.0,53
2026-07-24 23:00:00,28.5,94,0.0,0.41,0.0,13
2026-07-25 00:00:00,27.9,96,0.0,0.11,0.0,20
2026-07-25 01:00:00,27.3,97,0.0,0.1,0.0,63
2026-07-25 02:00:00,26.5,99,0.0,1.8,3.0,80
2026-07-25 03:00:00,26.4,95,0.0,1.1,0.6,34
2026-07-25 04:00:00,26.6,93,0.0,0.35,0.0,16
2026-07-25 05:00:00,27.4,98,22.0,0.66,0.0,22
2026-07-25 06:00:00,28.2,92,157.0,0.74,0.0,11
2026-07-25 07:00:00,29.5,82,366.0,0.75,0.0,20
2026-07-25 08:00:00,30.7,76,546.0,0.76,0.0,22
2026-07-25 09:00:00,31.8,71,691.0,1.41,0.1,17
2026-07-25 10:00:00,32.8,68,819.0,1.73,0.1,14
2026-07-25 11:00:00,32.3,71,903.0,1.25,0.0,5
2026-07-25 12:00:00,33.4,69,908.0,1.11,0.0,16
2026-07-25 13:00:00,33.6,69,840.0,1.54,0.1,17
2026-07-25 14:00:00,33.5,67,714.0,0.89,1.9,32
2026-07-25 15:00:00,33.7,64,507.0,1.12,0.1,20
2026-07-25 16:00:00,31.8,75,341.0,2.39,0.3,48
2026-07-25 17:00:00,31.0,78,145.0,3.22,0.1,13
2026-07-25 18:00:00,30.1,82,22.0,1.72,0.0,28
2026-07-25 19:00:00,29.8,83,0.0,1.55,0.0,53
2026-07-25 20:00:00,29.7,81,0.0,1.79,0.0,41
2026-07-25 21:00:00,29.6,79,0.0,1.77,0.0,47
2026-07-25 22:00:00,29.2,82,0.0,1.38,0.0,37
2026-07-25 23:00:00,30.1,79,0.0,1.75,0.0,25
2026-07-26 00:00:00,29.3,83,0.0,1.73,0.0,28
2026-07-26 01:00:00,28.6,86,0.0,1.5,0.2,40
2026-07-26 02:00:00,28.3,88,0.0,1.1,0.1,55
2026-07-26 03:00:00,28.1,88,0.0,0.65,0.0,48
2026-07-26 04:00:00,27.8,93,0.0,1.15,0.0,58
2026-07-26 05:00:00,29.4,83,18.0,0.25,0.1,51
2026-07-26 06:00:00,29.3,85,148.0,1.84,0.0,71
2026-07-26 07:00:00,28.9,85,282.0,2.83,0.4,99
2026-07-26 08:00:00,29.0,84,287.0,1.3,0.4,93
2026-07-26 09:00:00,30.7,76,636.0,0.65,0.0,51
2026-07-26 10:00:00,31.9,73,803.0,1.1,0.0,16
2026-07-26 11:00:00,31.9,70,893.0,0.73,0.0,15
2026-07-26 12:00:00,32.8,69,881.0,1.17,0.0,25
2026-07-26 13:00:00,32.9,68,825.0,1.17,0.0,20
2026-07-26 14:00:00,33.3,67,696.0,0.65,0.2,19
2026-07-26 15:00:00,31.2,74,519.0,1.18,0.4,57
2026-07-26 16:00:00,29.8,86,239.0,2.07,1.0,66
2026-07-26 17:00:00,30.9,80,112.0,2.31,0.4,16
2026-07-26 18:00:00,30.0,85,21.0,0.63,0.0,23
2026-07-26 19:00:00,29.8,87,0.0,0.57,0.0,20
2026-07-26 20:00:00,29.6,88,0.0,0.16,0.0,95
2026-07-26 21:00:00,29.3,91,0.0,0.11,0.0,96
2026-07-26 22:00:00,29.0,93,0.0,0.57,0.0,97
2026-07-26 23:00:00,29.6,93,0.0,1.12,0.0,94
2026-07-27 00:00:00,29.1,95,0.0,0.81,0.0,88
2026-07-27 01:00:00,29.0,94,0.0,1.07,0.0,77
2026-07-27 02:00:00,28.4,97,0.0,0.92,0.0,66
2026-07-27 03:00:00,27.1,97,0.0,2.59,0.6,59
2026-07-27 04:00:00,26.2,95,0.0,2.95,0.2,100
2026-07-27 05:00:00,27.6,93,16.0,0.61,0.7,78
2026-07-27 06:00:00,27.5,93,123.0,1.0,0.9,64
2026-07-27 07:00:00,28.5,88,334.0,0.68,0.1,85
2026-07-27 08:00:00,29.7,81,470.0,0.59,0.0,59
2026-07-27 09:00:00,31.1,75,664.0,0.89,0.1,34
2026-07-27 10:00:00,32.1,74,796.0,0.59,0.0,100
2026-07-27 11:00:00,32.1,68,876.0,0.45,0.0,74
2026-07-27 12:00:00,32.5,66,721.0,1.34,0.5,44
2026-07-27 13:00:00,31.9,73,629.0,2.4,0.2,70
2026-07-27 14:00:00,31.6,78,660.0,1.23,0.9,60
2026-07-27 15:00:00,31.8,77,488.0,1.46,0.1,59
2026-07-27 16:00:00,31.7,76,313.0,1.5,0.2,54
2026-07-27 17:00:00,30.8,82,136.0,1.98,0.0,57
2026-07-27 18:00:00,29.9,88,18.0,1.1,0.1,49
2026-07-27 19:00:00,29.7,90,0.0,0.95,0.0,63
2026-07-27 20:00:00,29.4,91,0.0,1.04,0.0,76
2026-07-27 21:00:00,28.1,91,0.0,3.08,0.2,98
2026-07-27 22:00:00,28.0,93,0.0,0.79,0.1,91
2026-07-27 23:00:00,28.7,91,0.0,0.82,0.1,96
2026-07-28 00:00:00,28.3,96,0.0,0.11,0.0,77
2026-07-28 01:00:00,28.0,100,0.0,0.32,0.0,79
2026-07-28 02:00:00,28.2,99,0.0,0.36,0.0,100
2026-07-28 03:00:00,28.0,100,0.0,0.35,0.1,100
2026-07-28 04:00:00,27.9,100,0.0,1.27,0.0,100
2026-07-28 05:00:00,28.6,91,13.0,1.74,0.0,99
2026-07-28 06:00:00,28.6,93,72.0,1.26,0.0,99
2026-07-28 07:00:00,30.2,82,264.0,1.07,0.0,98
2026-07-28 08:00:00,30.9,75,474.0,1.79,0.1,96
2026-07-28 09:00:00,30.5,78,554.0,3.11,0.4,84
2026-07-28 10:00:00,31.1,78,763.0,2.76,0.4,90
2026-07-28 11:00:00,30.5,79,826.0,2.36,0.1,97
2026-07-28 12:00:00,31.2,78,744.0,1.25,1.6,61
2026-07-28 13:00:00,31.9,75,686.0,1.03,0.2,80
2026-07-28 14:00:00,31.8,77,621.0,1.21,0.5,76
2026-07-28 15:00:00,31.0,79,515.0,1.31,3.5,82
2026-07-28 16:00:00,30.8,77,292.0,0.45,0.2,92
2026-07-28 17:00:00,30.2,86,138.0,1.26,0.9,57
2026-07-28 18:00:00,29.5,92,18.0,1.0,0.1,65
2026-07-28 19:00:00,28.9,94,0.0,0.96,0.0,80
2026-07-28 20:00:00,27.8,97,0.0,2.4,1.4,84
2026-07-28 21:00:00,27.2,97,0.0,1.16,2.6,52
2026-07-28 22:00:00,27.1,99,0.0,0.83,0.0,55
2026-07-28 23:00:00,28.2,96,0.0,1.95,0.6,52
2026-07-29 00:00:00,26.7,96,0.0,0.86,6.4,100
2026-07-29 01:00:00,26.6,97,0.0,0.98,7.5,95
2026-07-29 02:00:00,26.3,97,0.0,1.0,2.4,96
2026-07-29 03:00:00,26.2,97,0.0,0.82,1.3,100
2026-07-29 04:00:00,25.8,97,0.0,1.05,3.0,100
2026-07-29 05:00:00,26.6,96,6.0,1.61,7.9,100
2026-07-29 06:00:00,27.0,96,78.0,1.08,1.4,100
2026-07-29 07:00:00,27.2,95,138.0,1.6,1.9,100
2026-07-29 08:00:00,27.7,93,214.0,3.0,0.6,98
2026-07-29 09:00:00,28.9,86,496.0,3.76,0.2,99
2026-07-29 10:00:00,30.1,80,633.0,3.45,0.1,90
2026-07-29 11:00:00,30.8,75,773.0,3.3,0.1,88
2026-07-29 12:00:00,32.4,69,858.0,2.25,0.0,45
2026-07-29 13:00:00,33.0,67,824.0,2.66,0.1,41
2026-07-29 14:00:00,33.3,64,681.0,2.43,0.1,68
2026-07-29 15:00:00,32.5,66,514.0,2.01,0.5,74
2026-07-29 16:00:00,29.8,81,290.0,2.3,0.7,99
2026-07-29 17:00:00,29.3,92,92.0,1.21,2.3,61
2026-07-29 18:00:00,28.6,96,16.0,1.6,0.1,66
2026-07-29 19:00:00,28.3,97,0.0,0.85,0.6,35
2026-07-29 20:00:00,27.3,99,0.0,2.84,4.8,72
2026-07-29 21:00:00,26.5,98,0.0,1.91,9.9,88
2026-07-29 22:00:00,26.5,97,0.0,2.26,8.5,100
2026-07-29 23:00:00,28.2,93,0.0,0.71,2.9,62
2026-07-30 00:00:00,26.4,98,0.0,2.6,5.7,100
2026-07-30 01:00:00,26.4,97,0.0,0.89,1.4,90
2026-07-30 02:00:00,26.3,98,0.0,1.21,0.9,95
2026-07-30 03:00:00,26.3,97,0.0,1.12,0.7,93
2026-07-30 04:00:00,25.8,97,0.0,0.67,3.1,100
2026-07-30 05:00:00,26.3,93,13.0,0.67,1.4,100
2026-07-30 06:00:00,26.3,95,67.0,0.35,0.8,100
2026-07-30 07:00:00,26.4,95,98.0,0.65,1.3,100
2026-07-30 08:00:00,27.1,92,278.0,0.76,1.5,98
2026-07-30 09:00:00,28.1,87,423.0,0.3,1.1,99
2026-07-30 10:00:00,29.3,83,600.0,0.41,0.4,100
2026-07-30 11:00:00,29.5,85,684.0,1.0,0.3,100
2026-07-30 12:00:00,28.7,84,378.0,1.54,5.3,100
2026-07-30 13:00:00,29.3,84,343.0,1.25,1.3,98
2026-07-30 14:00:00,30.5,78,583.0,1.0,0.1,80
2026-07-30 15:00:00,30.7,77,425.0,1.03,0.1,89
2026-07-30 16:00:00,30.5,77,221.0,0.63,0.6,98
2026-07-30 17:00:00,27.8,92,89.0,2.25,0.1,94
2026-07-30 18:00:00,27.0,95,16.0,2.1,1.2,95
2026-07-30 19:00:00,26.4,98,0.0,1.79,1.8,98
2026-07-30 20:00:00,26.0,98,0.0,1.68,4.8,100
2026-07-30 21:00:00,26.2,95,0.0,0.42,4.8,99
2026-07-30 22:00:00,26.2,94,0.0,0.7,2.0,100
2026-07-30 23:00:00,27.2,93,0.0,1.03,2.1,100
2026-07-31 00:00:00,26.6,93,0.0,1.31,3.9,100
2026-07-31 01:00:00,26.2,93,0.0,1.44,4.0,100
2026-07-31 02:00:00,26.0,96,0.0,0.93,1.7,100
2026-07-31 03:00:00,25.7,96,0.0,0.47,1.4,100
2026-07-31 04:00:00,25.7,97,0.0,0.6,1.5,100
2026-07-31 05:00:00,26.3,93,5.0,1.27,0.8,94
2026-07-31 06:00:00,26.5,95,105.0,0.92,0.4,73
2026-07-31 07:00:00,26.9,94,220.0,1.25,0.5,100
2026-07-31 08:00:00,27.9,91,397.0,1.06,0.4,100
2026-07-31 09:00:00,29.1,84,466.0,1.08,0.1,77
2026-07-31 10:00:00,30.0,79,570.0,1.7,0.1,96
2026-07-31 11:00:00,30.3,78,643.0,2.31,0.1,98
2026-07-31 12:00:00,30.6,77,503.0,1.26,0.4,100
2026-07-31 13:00:00,30.3,78,461.0,2.44,0.4,100
2026-07-31 14:00:00,28.0,90,335.0,2.07,5.8,97
2026-07-31 15:00:00,28.7,91,383.0,1.83,0.6,98
2026-07-31 16:00:00,29.1,89,243.0,1.69,0.6,99
2026-07-31 17:00:00,30.0,85,128.0,1.61,0.3,98
2026-07-31 18:00:00,29.0,91,14.0,0.47,0.0,98
2026-07-31 19:00:00,28.7,93,0.0,1.09,0.0,98
2026-07-31 20:00:00,28.0,92,0.0,2.57,0.1,100
2026-07-31 21:00:00,27.5,93,0.0,1.18,0.1,98
2026-07-31 22:00:00,27.3,95,0.0,1.01,0.0,98
2026-07-31 23:00:00,27.2,95,0.0,3.56,0.0,99
2026-08-01 00:00:00,26.1,98,0.0,2.62,1.0,98
2026-08-01 01:00:00,25.7,99,0.0,1.66,2.4,100
2026-08-01 02:00:00,26.1,96,0.0,2.16,0.5,100
2026-08-01 03:00:00,25.8,97,0.0,2.3,0.5,99
2026-08-01 04:00:00,25.5,98,0.0,1.85,0.1,100
2026-08-01 05:00:00,26.6,93,11.0,2.63,0.0,99
2026-08-01 06:00:00,26.9,93,101.0,2.3,0.1,100
2026-08-01 07:00:00,27.7,90,228.0,2.65,0.0,100
2026-08-01 08:00:00,28.8,86,397.0,2.55,0.1,100
2026-08-01 09:00:00,29.7,82,529.0,2.55,0.0,99
2026-08-01 10:00:00,30.5,78,628.0,3.11,0.0,97
2026-08-01 11:00:00,30.4,76,740.0,4.72,0.0,100
2026-08-01 12:00:00,30.1,77,627.0,4.63,1.3,99
2026-08-01 13:00:00,29.6,79,449.0,3.27,0.6,100
2026-08-01 14:00:00,29.9,77,432.0,3.67,0.1,99
2026-08-01 15:00:00,30.0,76,328.0,2.95,0.0,98
2026-08-01 16:00:00,30.0,76,203.0,2.31,0.0,98
2026-08-01 17:00:00,30.1,82,93.0,2.07,0.0,92
2026-08-01 18:00:00,28.8,90,14.0,1.21,0.0,85
2026-08-01 19:00:00,28.5,93,0.0,0.4,0.0,92
2026-08-01 20:00:00,28.3,94,0.0,0.25,0.0,96
2026-08-01 21:00:00,28.1,94,0.0,0.18,0.0,98
2026-08-01 22:00:00,28.0,95,0.0,0.71,0.0,99
2026-08-01 23:00:00,27.9,97,0.0,2.25,0.0,98
