time,T_out,RH_out,I_solar,wind,rain,cloud
2024-01-01 00:00:00,17.9,88,0.0,2.05,0.0,3
2024-01-01 01:00:00,18.5,87,0.0,1.61,0.0,3
2024-01-01 02:00:00,17.9,89,0.0,1.61,0.0,2
2024-01-01 03:00:00,17.2,90,0.0,1.49,0.0,3
2024-01-01 04:00:00,17.7,89,0.0,1.21,0.0,2
2024-01-01 05:00:00,17.4,91,0.0,1.22,0.0,0
2024-01-01 06:00:00,15.5,100,2.0,1.36,0.0,99
2024-01-01 07:00:00,16.7,97,59.0,1.92,0.0,100
2024-01-01 08:00:00,17.8,92,161.0,1.68,0.0,46
2024-01-01 09:00:00,20.0,82,351.0,1.3,0.0,21
2024-01-01 10:00:00,21.8,72,480.0,1.49,0.0,0
2024-01-01 11:00:00,23.3,63,543.0,1.36,0.0,0
2024-01-01 12:00:00,24.3,58,541.0,0.86,0.0,0
2024-01-01 13:00:00,25.0,55,475.0,1.04,0.0,1
2024-01-01 14:00:00,25.0,53,357.0,1.39,0.0,1
2024-01-01 15:00:00,24.2,56,202.0,1.52,0.0,2
2024-01-01 16:00:00,21.3,68,60.0,2.09,0.0,11
2024-01-01 17:00:00,22.0,59,1.0,0.92,0.0,11
2024-01-01 18:00:00,19.5,76,0.0,1.7,0.0,8
2024-01-01 19:00:00,19.1,82,0.0,2.2,0.0,18
2024-01-01 20:00:00,19.1,81,0.0,2.36,0.0,12
2024-01-01 21:00:00,18.5,83,0.0,1.92,0.0,4
2024-01-01 22:00:00,17.2,91,0.0,1.72,0.0,10
2024-01-01 23:00:00,17.2,91,0.0,1.7,0.0,5
2024-01-02 00:00:00,18.7,85,0.0,1.14,0.0,4
2024-01-02 01:00:00,18.6,86,0.0,0.81,0.0,5
2024-01-02 02:00:00,18.2,90,0.0,1.12,0.0,3
2024-01-02 03:00:00,17.4,96,0.0,1.51,0.0,4
2024-01-02 04:00:00,16.6,100,0.0,1.6,0.0,96
2024-01-02 05:00:00,16.6,99,0.0,1.28,0.0,43
2024-01-02 06:00:00,14.9,100,2.0,1.98,0.0,7
2024-01-02 07:00:00,17.0,94,70.0,0.85,0.0,5
2024-01-02 08:00:00,18.8,85,214.0,0.76,0.0,4
2024-01-02 09:00:00,20.5,78,364.0,0.67,0.0,0
2024-01-02 10:00:00,22.0,72,480.0,1.2,0.0,0
2024-01-02 11:00:00,23.2,66,539.0,1.4,0.0,0
2024-01-02 12:00:00,24.2,60,537.0,1.58,0.0,8
2024-01-02 13:00:00,24.7,56,469.0,1.97,0.0,3
2024-01-02 14:00:00,24.8,55,353.0,2.2,0.0,2
2024-01-02 15:00:00,24.0,58,201.0,2.33,0.0,3
2024-01-02 16:00:00,21.1,69,61.0,1.88,0.0,9
2024-01-02 17:00:00,19.3,77,1.0,2.56,0.0,9
2024-01-02 18:00:00,21.3,68,0.0,0.45,0.0,3
2024-01-02 19:00:00,20.7,71,0.0,0.64,0.0,6
2024-01-02 20:00:00,19.2,81,0.0,1.43,0.0,13
2024-01-02 21:00:00,17.9,89,0.0,2.14,0.0,12
2024-01-02 22:00:00,16.9,92,0.0,2.56,0.0,21
2024-01-02 23:00:00,16.5,94,0.0,2.5,0.0,20
2024-01-03 00:00:00,16.2,94,0.0,2.46,0.0,18
2024-01-03 01:00:00,15.9,95,0.0,2.19,0.0,9
2024-01-03 02:00:00,15.4,96,0.0,2.28,0.0,2
2024-01-03 03:00:00,15.4,96,0.0,2.36,0.0,2
2024-01-03 04:00:00,17.3,91,0.0,1.72,0.0,0
2024-01-03 05:00:00,16.9,95,0.0,1.0,0.0,0
2024-01-03 06:00:00,14.9,100,2.0,0.76,0.0,100
2024-01-03 07:00:00,16.3,97,57.0,0.94,0.0,91
2024-01-03 08:00:00,17.7,87,160.0,0.72,0.0,57
2024-01-03 09:00:00,20.0,77,320.0,0.2,0.0,0
2024-01-03 10:00:00,22.0,70,479.0,1.1,0.0,0
2024-01-03 11:00:00,23.4,63,549.0,1.53,0.0,0
2024-01-03 12:00:00,24.3,58,547.0,1.66,0.0,0
2024-01-03 13:00:00,24.8,54,483.0,1.64,0.0,0
2024-01-03 14:00:00,24.9,52,365.0,2.06,0.0,1
2024-01-03 15:00:00,24.1,56,211.0,1.77,0.0,2
2024-01-03 16:00:00,20.8,70,64.0,1.92,0.0,1
2024-01-03 17:00:00,19.1,79,1.0,2.22,0.0,2
2024-01-03 18:00:00,21.0,70,0.0,0.76,0.0,3
2024-01-03 19:00:00,19.3,80,0.0,1.36,0.0,14
2024-01-03 20:00:00,18.5,87,0.0,1.84,0.0,21
2024-01-03 21:00:00,18.6,82,0.0,3.18,0.0,18
2024-01-03 22:00:00,17.0,92,0.0,1.77,0.0,18
2024-01-03 23:00:00,16.7,92,0.0,1.84,0.0,24
2024-01-04 00:00:00,17.0,90,0.0,2.0,0.0,33
2024-01-04 01:00:00,17.8,92,0.0,0.92,0.0,21
2024-01-04 02:00:00,17.5,95,0.0,0.22,0.0,12
2024-01-04 03:00:00,17.1,98,0.0,0.32,0.0,6
2024-01-04 04:00:00,16.8,100,0.0,0.41,0.0,98
2024-01-04 05:00:00,16.5,100,0.0,0.61,0.0,98
2024-01-04 06:00:00,16.4,98,2.0,0.67,0.0,5
2024-01-04 07:00:00,16.9,98,70.0,0.92,0.0,8
2024-01-04 08:00:00,18.9,88,211.0,0.82,0.0,7
2024-01-04 09:00:00,20.5,79,362.0,1.17,0.0,1
2024-01-04 10:00:00,22.0,72,478.0,1.25,0.0,0
2024-01-04 11:00:00,23.3,65,542.0,1.28,0.0,1
2024-01-04 12:00:00,24.1,59,529.0,1.04,0.0,7
2024-01-04 13:00:00,24.6,54,470.0,0.91,0.0,15
2024-01-04 14:00:00,24.6,51,350.0,1.32,0.0,5
2024-01-04 15:00:00,23.8,56,206.0,1.2,0.0,6
2024-01-04 16:00:00,20.8,68,64.0,1.8,0.0,6
2024-01-04 17:00:00,18.7,79,1.0,2.28,0.0,6
2024-01-04 18:00:00,20.2,72,0.0,1.68,0.0,4
2024-01-04 19:00:00,20.5,73,0.0,1.03,0.0,7
2024-01-04 20:00:00,18.1,85,0.0,1.92,0.0,26
2024-01-04 21:00:00,18.1,81,0.0,2.62,0.0,28
2024-01-04 22:00:00,17.7,81,0.0,3.05,0.0,21
2024-01-04 23:00:00,16.4,89,0.0,1.72,0.0,23
2024-01-05 00:00:00,16.2,91,0.0,1.68,0.0,28
2024-01-05 01:00:00,17.2,89,0.0,0.89,0.0,16
2024-01-05 02:00:00,16.7,94,0.0,0.92,0.0,13
2024-01-05 03:00:00,16.6,96,0.0,0.45,0.0,12
2024-01-05 04:00:00,16.3,99,0.0,0.14,0.0,4
2024-01-05 05:00:00,16.2,100,0.0,0.45,0.0,98
2024-01-05 06:00:00,14.8,100,2.0,0.51,0.0,100
2024-01-05 07:00:00,15.9,99,60.0,0.85,0.0,97
2024-01-05 08:00:00,17.9,88,166.0,0.4,0.0,2
2024-01-05 09:00:00,19.6,78,268.0,0.41,0.0,2
2024-01-05 10:00:00,21.5,70,465.0,0.98,0.0,0
2024-01-05 11:00:00,22.9,63,542.0,1.17,0.0,0
2024-01-05 12:00:00,23.9,57,543.0,1.22,0.0,1
2024-01-05 13:00:00,24.4,52,477.0,1.53,0.0,1
2024-01-05 14:00:00,24.4,48,352.0,2.44,0.0,2
2024-01-05 15:00:00,23.6,52,210.0,1.92,0.0,1
2024-01-05 16:00:00,20.5,65,66.0,1.91,0.0,1
2024-01-05 17:00:00,19.3,72,1.0,1.94,0.0,2
2024-01-05 18:00:00,18.1,83,0.0,2.52,0.0,1
2024-01-05 19:00:00,19.3,78,0.0,1.73,0.0,1
2024-01-05 20:00:00,18.7,82,0.0,1.8,0.0,1
2024-01-05 21:00:00,19.6,79,0.0,1.17,0.0,0
2024-01-05 22:00:00,18.2,86,0.0,1.58,0.0,0
2024-01-05 23:00:00,16.3,91,0.0,2.39,0.0,3
2024-01-06 00:00:00,17.3,86,0.0,1.81,0.0,6
2024-01-06 01:00:00,18.3,84,0.0,0.91,0.0,5
2024-01-06 02:00:00,17.6,90,0.0,0.95,0.0,4
2024-01-06 03:00:00,17.0,96,0.0,0.72,0.0,0
2024-01-06 04:00:00,16.3,99,0.0,0.22,0.0,0
2024-01-06 05:00:00,13.7,100,0.0,0.64,0.0,93
2024-01-06 06:00:00,14.2,100,2.0,1.21,0.0,98
2024-01-06 07:00:00,15.4,93,52.0,1.24,0.0,0
2024-01-06 08:00:00,17.5,80,170.0,1.2,0.0,0
2024-01-06 09:00:00,20.2,66,363.0,1.6,0.0,0
2024-01-06 10:00:00,21.9,62,489.0,0.95,0.0,13
2024-01-06 11:00:00,23.2,58,545.0,1.3,0.0,90
2024-01-06 12:00:00,24.1,53,542.0,1.53,0.0,18
2024-01-06 13:00:00,24.5,49,482.0,1.8,0.0,3
2024-01-06 14:00:00,24.5,46,372.0,1.92,0.0,3
2024-01-06 15:00:00,23.5,53,217.0,1.43,0.0,1
2024-01-06 16:00:00,21.5,58,68.0,1.89,0.0,43
2024-01-06 17:00:00,20.7,60,1.0,1.91,0.0,65
2024-01-06 18:00:00,21.7,57,0.0,0.41,0.0,5
2024-01-06 19:00:00,21.2,59,0.0,1.17,0.0,0
2024-01-06 20:00:00,18.1,75,0.0,2.08,0.0,0
2024-01-06 21:00:00,16.9,85,0.0,2.12,0.0,0
2024-01-06 22:00:00,16.0,88,0.0,2.64,0.0,0
2024-01-06 23:00:00,17.4,84,0.0,1.84,0.0,0
2024-01-07 00:00:00,16.1,89,0.0,1.93,0.0,0
2024-01-07 01:00:00,16.8,87,0.0,1.43,0.0,0
2024-01-07 02:00:00,16.9,88,0.0,0.91,0.0,0
2024-01-07 03:00:00,15.5,92,0.0,1.1,0.0,0
2024-01-07 04:00:00,16.6,89,0.0,1.17,0.0,0
2024-01-07 05:00:00,16.1,93,0.0,1.36,0.0,2
2024-01-07 06:00:00,14.7,100,2.0,1.14,0.0,99
2024-01-07 07:00:00,15.7,98,60.0,0.81,0.0,98
2024-01-07 08:00:00,17.5,87,183.0,0.86,0.0,62
2024-01-07 09:00:00,19.6,76,336.0,0.82,0.0,1
2024-01-07 10:00:00,21.5,67,485.0,1.12,0.0,0
2024-01-07 11:00:00,22.8,59,551.0,1.06,0.0,0
2024-01-07 12:00:00,23.9,51,554.0,0.85,0.0,0
2024-01-07 13:00:00,24.5,46,492.0,0.91,0.0,0
2024-01-07 14:00:00,24.5,44,374.0,1.14,0.0,0
2024-01-07 15:00:00,23.5,59,220.0,0.73,0.0,0
2024-01-07 16:00:00,23.0,49,70.0,1.08,0.0,0
2024-01-07 17:00:00,21.9,53,1.0,0.92,0.0,0
2024-01-07 18:00:00,21.0,58,0.0,1.13,0.0,0
2024-01-07 19:00:00,20.2,66,0.0,1.42,0.0,0
2024-01-07 20:00:00,16.7,84,0.0,2.14,0.0,0
2024-01-07 21:00:00,16.2,87,0.0,2.34,0.0,0
2024-01-07 22:00:00,15.7,89,0.0,2.64,0.0,0
2024-01-07 23:00:00,15.3,89,0.0,2.76,0.0,0
2024-01-08 00:00:00,14.6,91,0.0,2.9,0.0,0
2024-01-08 01:00:00,16.3,86,0.0,2.05,0.0,0
2024-01-08 02:00:00,16.8,87,0.0,1.63,0.0,0
2024-01-08 03:00:00,16.5,88,0.0,1.43,0.0,0
2024-01-08 04:00:00,16.1,90,0.0,1.22,0.0,0
2024-01-08 05:00:00,15.5,94,0.0,0.82,0.0,0
2024-01-08 06:00:00,15.0,100,2.0,0.95,0.0,71
2024-01-08 07:00:00,15.5,97,61.0,0.94,0.0,47
2024-01-08 08:00:00,17.1,89,189.0,0.5,0.0,26
2024-01-08 09:00:00,19.0,80,340.0,0.78,0.0,1
2024-01-08 10:00:00,20.8,71,476.0,1.14,0.0,0
2024-01-08 11:00:00,22.1,64,545.0,1.22,0.0,0
2024-01-08 12:00:00,23.0,60,547.0,0.78,0.0,1
2024-01-08 13:00:00,23.6,58,488.0,0.6,0.0,0
2024-01-08 14:00:00,23.7,57,371.0,1.04,0.0,1
2024-01-08 15:00:00,23.1,61,217.0,1.52,0.0,1
2024-01-08 16:00:00,19.9,78,70.0,2.26,0.0,1
2024-01-08 17:00:00,21.1,69,2.0,1.12,0.0,0
2024-01-08 18:00:00,18.1,83,0.0,1.8,0.0,0
2024-01-08 19:00:00,17.1,89,0.0,1.77,0.0,0
2024-01-08 20:00:00,16.5,91,0.0,1.98,0.0,0
2024-01-08 21:00:00,16.0,91,0.0,2.08,0.0,0
2024-01-08 22:00:00,15.2,93,0.0,2.44,0.0,0
2024-01-08 23:00:00,15.7,91,0.0,2.13,0.0,0
2024-01-09 00:00:00,16.1,89,0.0,2.12,0.0,0
2024-01-09 01:00:00,17.3,87,0.0,1.7,0.0,0
2024-01-09 02:00:00,16.8,90,0.0,1.22,0.0,0
2024-01-09 03:00:00,16.3,95,0.0,0.73,0.0,0
2024-01-09 04:00:00,15.6,99,0.0,0.14,0.0,0
2024-01-09 05:00:00,14.9,100,0.0,0.22,0.0,96
2024-01-09 06:00:00,13.8,100,2.0,0.78,0.0,100
2024-01-09 07:00:00,14.9,99,50.0,0.89,0.0,100
2024-01-09 08:00:00,15.8,96,151.0,0.91,0.0,100
2024-01-09 09:00:00,17.9,87,298.0,1.36,0.0,42
2024-01-09 10:00:00,19.7,78,443.0,1.48,0.0,27
2024-01-09 11:00:00,21.1,70,532.0,1.3,0.0,0
2024-01-09 12:00:00,22.2,62,549.0,1.0,0.0,0
2024-01-09 13:00:00,22.9,58,490.0,1.12,0.0,0
2024-01-09 14:00:00,23.0,56,374.0,1.32,0.0,0
2024-01-09 15:00:00,22.5,58,220.0,1.53,0.0,0
2024-01-09 16:00:00,20.5,67,72.0,1.7,0.0,0
2024-01-09 17:00:00,20.3,68,2.0,1.62,0.0,0
2024-01-09 18:00:00,17.7,92,0.0,1.81,0.0,0
2024-01-09 19:00:00,16.3,95,0.0,2.4,0.0,0
2024-01-09 20:00:00,16.1,96,0.0,2.09,0.0,0
2024-01-09 21:00:00,15.8,97,0.0,2.02,0.0,1
2024-01-09 22:00:00,15.8,97,0.0,1.84,0.0,1
2024-01-09 23:00:00,15.5,96,0.0,1.92,0.0,4
2024-01-10 00:00:00,15.1,97,0.0,2.2,0.0,2
2024-01-10 01:00:00,16.5,94,0.0,1.61,0.0,2
2024-01-10 02:00:00,16.3,96,0.0,1.72,0.0,4
2024-01-10 03:00:00,16.1,100,0.0,1.5,0.0,100
2024-01-10 04:00:00,14.6,100,0.0,1.3,0.0,100
2024-01-10 05:00:00,14.7,100,0.0,0.73,0.0,100
2024-01-10 06:00:00,14.8,100,1.0,0.81,0.0,100
2024-01-10 07:00:00,15.3,98,32.0,0.58,0.0,100
2024-01-10 08:00:00,16.2,95,115.0,0.81,0.0,100
2024-01-10 09:00:00,18.3,86,270.0,0.32,0.0,97
2024-01-10 10:00:00,20.3,75,435.0,1.32,0.0,51
2024-01-10 11:00:00,21.9,66,463.0,2.02,0.0,47
2024-01-10 12:00:00,22.9,60,446.0,2.22,0.0,20
2024-01-10 13:00:00,23.5,57,449.0,2.56,0.0,9
2024-01-10 14:00:00,23.2,59,369.0,2.8,0.0,2
2024-01-10 15:00:00,22.3,63,219.0,2.73,0.0,0
2024-01-10 16:00:00,20.1,70,73.0,1.94,0.0,2
2024-01-10 17:00:00,17.9,80,2.0,2.0,0.0,3
2024-01-10 18:00:00,19.2,76,0.0,0.82,0.0,31
2024-01-10 19:00:00,16.7,92,0.0,1.78,0.0,51
2024-01-10 20:00:00,17.0,91,0.0,2.11,0.0,19
2024-01-10 21:00:00,16.7,92,0.0,2.31,0.0,7
2024-01-10 22:00:00,16.1,94,0.0,1.73,0.0,20
2024-01-10 23:00:00,15.6,96,0.0,1.75,0.0,5
2024-01-11 00:00:00,15.6,95,0.0,1.77,0.0,12
2024-01-11 01:00:00,15.4,94,0.0,1.77,0.0,6
2024-01-11 02:00:00,14.7,95,0.0,1.77,0.0,4
2024-01-11 03:00:00,14.8,95,0.0,1.91,0.0,4
2024-01-11 04:00:00,16.1,95,0.0,1.04,0.0,2
2024-01-11 05:00:00,15.9,97,0.0,1.52,0.0,2
2024-01-11 06:00:00,13.6,100,2.0,1.28,0.0,90
2024-01-11 07:00:00,14.9,98,57.0,0.8,0.0,100
2024-01-11 08:00:00,16.4,90,170.0,1.08,0.0,34
2024-01-11 09:00:00,18.1,80,332.0,1.82,0.0,15
2024-01-11 10:00:00,19.4,74,459.0,1.51,0.0,11
2024-01-11 11:00:00,20.4,70,519.0,1.04,0.0,36
2024-01-11 12:00:00,21.3,66,508.0,0.64,0.0,28
2024-01-11 13:00:00,21.6,64,456.0,2.28,0.0,3
2024-01-11 14:00:00,21.7,61,358.0,2.0,0.0,16
2024-01-11 15:00:00,21.3,60,212.0,1.46,0.0,9
2024-01-11 16:00:00,20.8,62,71.0,0.36,0.0,9
2024-01-11 17:00:00,20.2,64,2.0,0.67,0.0,12
2024-01-11 18:00:00,16.6,90,0.0,1.8,0.0,1
2024-01-11 19:00:00,16.1,92,0.0,1.79,0.0,8
2024-01-11 20:00:00,16.1,92,0.0,1.97,0.0,0
2024-01-11 21:00:00,15.8,92,0.0,2.1,0.0,0
2024-01-11 22:00:00,15.3,94,0.0,2.02,0.0,5
2024-01-11 23:00:00,14.8,95,0.0,1.7,0.0,0
2024-01-12 00:00:00,14.2,97,0.0,1.5,0.0,0
2024-01-12 01:00:00,13.8,98,0.0,1.56,0.0,2
2024-01-12 02:00:00,13.7,98,0.0,1.49,0.0,2
2024-01-12 03:00:00,12.8,99,0.0,1.98,0.0,1
2024-01-12 04:00:00,13.6,99,0.0,1.34,0.0,0
2024-01-12 05:00:00,14.4,98,0.0,0.1,0.0,0
2024-01-12 06:00:00,13.3,99,2.0,1.12,0.0,92
2024-01-12 07:00:00,14.2,96,57.0,1.26,0.0,99
2024-01-12 08:00:00,15.5,91,168.0,0.81,0.0,99
2024-01-12 09:00:00,17.3,83,322.0,0.64,0.0,44
2024-01-12 10:00:00,19.1,74,454.0,0.67,0.0,35
2024-01-12 11:00:00,20.5,67,505.0,0.95,0.0,19
2024-01-12 12:00:00,21.3,63,525.0,1.39,0.0,7
2024-01-12 13:00:00,21.8,62,492.0,1.58,0.0,0
2024-01-12 14:00:00,21.9,61,376.0,1.53,0.0,2
2024-01-12 15:00:00,21.4,64,224.0,2.11,0.0,0
2024-01-12 16:00:00,19.0,78,75.0,1.57,0.0,0
2024-01-12 17:00:00,17.5,85,2.0,1.77,0.0,0
2024-01-12 18:00:00,15.7,93,0.0,1.9,0.0,23
2024-01-12 19:00:00,16.2,92,0.0,1.5,0.0,10
2024-01-12 20:00:00,14.8,96,0.0,2.18,0.0,5
2024-01-12 21:00:00,14.6,97,0.0,1.78,0.0,10
2024-01-12 22:00:00,14.3,97,0.0,1.86,0.0,7
2024-01-12 23:00:00,14.5,97,0.0,1.68,0.0,14
2024-01-13 00:00:00,15.0,97,0.0,1.2,0.0,7
2024-01-13 01:00:00,15.3,96,0.0,0.94,0.0,0
2024-01-13 02:00:00,14.0,100,0.0,0.91,0.0,95
2024-01-13 03:00:00,13.8,100,0.0,0.78,0.0,99
2024-01-13 04:00:00,13.6,100,0.0,1.03,0.0,100
2024-01-13 05:00:00,13.4,99,0.0,0.73,0.0,100
2024-01-13 06:00:00,13.5,99,1.0,0.61,0.0,100
2024-01-13 07:00:00,13.9,98,26.0,0.94,0.0,100
2024-01-13 08:00:00,14.5,97,77.0,1.14,0.0,100
2024-01-13 09:00:00,16.4,87,181.0,1.12,0.0,99
2024-01-13 10:00:00,18.2,79,312.0,1.36,0.0,97
2024-01-13 11:00:00,20.1,70,425.0,1.36,0.0,30
2024-01-13 12:00:00,21.2,66,540.0,1.66,0.0,17
2024-01-13 13:00:00,21.8,65,485.0,2.1,0.0,6
2024-01-13 14:00:00,21.9,64,378.0,2.24,0.0,4
2024-01-13 15:00:00,21.3,66,227.0,2.15,0.0,1
2024-01-13 16:00:00,18.7,80,77.0,1.53,0.0,0
2024-01-13 17:00:00,16.8,89,3.0,1.84,0.0,2
2024-01-13 18:00:00,18.5,82,0.0,1.21,0.0,1
2024-01-13 19:00:00,18.0,87,0.0,0.64,0.0,4
2024-01-13 20:00:00,17.4,92,0.0,0.45,0.0,0
2024-01-13 21:00:00,17.0,95,0.0,0.32,0.0,0
2024-01-13 22:00:00,16.5,100,0.0,0.72,0.0,0
2024-01-13 23:00:00,16.0,100,0.0,0.5,0.0,99
2024-01-14 00:00:00,14.2,100,0.0,1.2,0.0,97
2024-01-14 01:00:00,14.8,100,0.0,1.21,0.0,98
2024-01-14 02:00:00,14.7,100,0.0,0.89,0.0,100
2024-01-14 03:00:00,14.6,99,0.0,0.78,0.0,100
2024-01-14 04:00:00,14.5,99,0.0,0.22,0.0,100
2024-01-14 05:00:00,14.5,98,0.0,0.64,0.0,100
2024-01-14 06:00:00,15.2,99,1.0,1.12,0.0,100
2024-01-14 07:00:00,16.2,94,26.0,0.58,0.0,100
2024-01-14 08:00:00,17.3,89,88.0,0.22,0.0,100
2024-01-14 09:00:00,19.5,79,310.0,1.77,0.0,43
2024-01-14 10:00:00,21.2,69,423.0,2.68,0.0,41
2024-01-14 11:00:00,22.1,66,517.0,2.55,0.0,28
2024-01-14 12:00:00,22.7,64,543.0,2.66,0.0,7
2024-01-14 13:00:00,22.9,63,488.0,2.83,0.0,2
2024-01-14 14:00:00,22.8,63,379.0,2.42,0.0,0
2024-01-14 15:00:00,22.4,65,228.0,2.1,0.0,1
2024-01-14 16:00:00,20.0,78,78.0,1.48,0.0,3
2024-01-14 17:00:00,18.9,83,3.0,1.89,0.0,0
2024-01-14 18:00:00,18.5,82,0.0,1.44,0.0,0
2024-01-14 19:00:00,16.4,91,0.0,2.01,0.0,0
2024-01-14 20:00:00,16.1,92,0.0,2.38,0.0,0
2024-01-14 21:00:00,18.2,86,0.0,1.55,0.0,0
2024-01-14 22:00:00,15.2,96,0.0,2.06,0.0,0
2024-01-14 23:00:00,14.5,98,0.0,2.12,0.0,0
2024-01-15 00:00:00,14.3,100,0.0,2.04,0.0,23
2024-01-15 01:00:00,14.2,98,0.0,1.82,0.0,16
2024-01-15 02:00:00,13.9,99,0.0,1.8,0.0,4
2024-01-15 03:00:00,13.2,100,0.0,2.0,0.0,93
2024-01-15 04:00:00,13.0,100,0.0,1.8,0.0,95
2024-01-15 05:00:00,13.9,100,0.0,1.04,0.0,97
2024-01-15 06:00:00,15.0,100,1.0,1.57,0.0,100
2024-01-15 07:00:00,15.5,98,43.0,1.84,0.0,100
2024-01-15 08:00:00,16.0,97,127.0,1.73,0.0,100
2024-01-15 09:00:00,17.1,92,213.0,1.6,0.0,100
2024-01-15 10:00:00,18.8,84,333.0,1.03,0.0,52
2024-01-15 11:00:00,20.7,76,477.0,1.17,0.0,10
2024-01-15 12:00:00,22.2,71,531.0,1.43,0.0,7
2024-01-15 13:00:00,23.3,66,480.0,2.06,0.0,11
2024-01-15 14:00:00,23.6,62,359.0,2.22,0.0,9
2024-01-15 15:00:00,23.1,63,214.0,1.77,0.0,16
2024-01-15 16:00:00,20.5,82,71.0,1.8,0.0,14
2024-01-15 17:00:00,19.9,81,3.0,1.73,0.0,11
2024-01-15 18:00:00,18.2,87,0.0,2.22,0.0,19
2024-01-15 19:00:00,17.8,89,0.0,1.75,0.0,15
2024-01-15 20:00:00,17.4,87,0.0,2.51,0.0,29
2024-01-15 21:00:00,17.2,87,0.0,3.09,0.0,54
2024-01-15 22:00:00,16.9,91,0.0,2.02,0.0,19
2024-01-15 23:00:00,16.3,94,0.0,1.8,0.0,21
2024-01-16 00:00:00,15.6,97,0.0,1.56,0.0,15
2024-01-16 01:00:00,15.1,97,0.0,1.8,0.0,8
2024-01-16 02:00:00,15.0,97,0.0,2.06,0.0,14
2024-01-16 03:00:00,15.9,95,0.0,1.43,0.0,16
2024-01-16 04:00:00,16.1,96,0.0,1.28,0.0,8
2024-01-16 05:00:00,15.8,98,0.0,1.58,0.0,4
2024-01-16 06:00:00,13.8,99,2.0,1.84,0.0,2
2024-01-16 07:00:00,15.8,93,66.0,1.93,0.0,22
2024-01-16 08:00:00,17.3,85,203.0,2.28,0.0,22
2024-01-16 09:00:00,18.9,79,351.0,2.18,0.0,1
2024-01-16 10:00:00,20.4,73,478.0,2.6,0.0,6
2024-01-16 11:00:00,21.6,67,530.0,2.8,0.0,16
2024-01-16 12:00:00,22.6,64,511.0,2.61,0.0,2
2024-01-16 13:00:00,22.9,64,468.0,2.6,0.1,31
2024-01-16 14:00:00,22.8,62,305.0,2.6,0.0,19
2024-01-16 15:00:00,21.9,64,202.0,2.84,0.0,22
2024-01-16 16:00:00,20.4,73,69.0,1.5,0.0,21
2024-01-16 17:00:00,18.0,81,3.0,2.19,0.0,5
2024-01-16 18:00:00,16.5,91,0.0,2.82,1.9,100
2024-01-16 19:00:00,16.6,91,0.0,1.82,0.7,90
2024-01-16 20:00:00,16.3,92,0.0,2.64,0.3,100
2024-01-16 21:00:00,16.3,90,0.0,1.8,0.0,99
2024-01-16 22:00:00,15.8,93,0.0,1.49,0.0,97
2024-01-16 23:00:00,16.1,91,0.0,1.49,0.0,100
2024-01-17 00:00:00,15.9,92,0.0,1.61,0.0,20
2024-01-17 01:00:00,14.5,96,0.0,1.93,0.0,11
2024-01-17 02:00:00,15.1,94,0.0,1.79,0.0,6
2024-01-17 03:00:00,15.7,95,0.0,1.21,0.0,10
2024-01-17 04:00:00,15.4,98,0.0,1.3,0.0,14
2024-01-17 05:00:00,14.7,100,0.0,1.25,0.0,99
2024-01-17 06:00:00,13.3,100,1.0,1.3,0.0,100
2024-01-17 07:00:00,14.7,98,56.0,1.49,0.0,97
2024-01-17 08:00:00,15.5,93,158.0,1.87,0.0,100
2024-01-17 09:00:00,16.2,89,148.0,2.22,0.0,100
2024-01-17 10:00:00,17.0,85,214.0,2.41,0.1,100
2024-01-17 11:00:00,18.2,78,270.0,2.1,0.0,99
2024-01-17 12:00:00,19.6,71,385.0,1.9,0.0,97
2024-01-17 13:00:00,20.2,67,334.0,2.14,0.0,43
2024-01-17 14:00:00,20.8,63,303.0,2.32,0.0,20
2024-01-17 15:00:00,20.3,63,221.0,2.48,0.0,9
2024-01-17 16:00:00,18.0,74,82.0,1.52,0.0,3
2024-01-17 17:00:00,15.7,87,4.0,2.24,0.0,14
2024-01-17 18:00:00,15.6,90,0.0,1.17,0.0,5
2024-01-17 19:00:00,16.3,89,0.0,1.3,0.0,19
2024-01-17 20:00:00,16.1,91,0.0,1.63,0.0,24
2024-01-17 21:00:00,14.1,97,0.0,1.87,0.0,100
2024-01-17 22:00:00,14.4,97,0.0,1.39,0.0,92
2024-01-17 23:00:00,14.2,97,0.0,1.73,0.1,33
2024-01-18 00:00:00,14.9,97,0.0,1.35,0.0,34
2024-01-18 01:00:00,13.8,100,0.0,1.08,0.0,44
2024-01-18 02:00:00,12.9,100,0.0,1.04,0.1,96
2024-01-18 03:00:00,13.2,100,0.0,0.76,0.1,95
2024-01-18 04:00:00,13.1,100,0.0,1.13,0.0,100
2024-01-18 05:00:00,13.2,100,0.0,1.35,0.0,99
2024-01-18 06:00:00,12.4,100,1.0,0.81,0.0,100
2024-01-18 07:00:00,13.1,99,45.0,1.08,0.0,100
2024-01-18 08:00:00,14.7,94,137.0,1.06,0.0,95
2024-01-18 09:00:00,16.7,85,252.0,0.22,0.0,16
2024-01-18 10:00:00,18.8,76,477.0,1.1,0.0,0
2024-01-18 11:00:00,20.2,68,557.0,1.3,0.0,1
2024-01-18 12:00:00,21.0,62,560.0,1.2,0.0,6
2024-01-18 13:00:00,21.5,59,497.0,1.6,0.0,4
2024-01-18 14:00:00,21.5,58,389.0,2.12,0.0,3
2024-01-18 15:00:00,21.0,58,238.0,2.09,0.0,1
2024-01-18 16:00:00,18.2,77,85.0,1.92,0.0,3
2024-01-18 17:00:00,16.6,83,4.0,2.21,0.0,3
2024-01-18 18:00:00,18.1,77,0.0,0.61,0.0,10
2024-01-18 19:00:00,17.6,83,0.0,0.86,0.0,14
2024-01-18 20:00:00,16.6,87,0.0,0.91,0.0,11
2024-01-18 21:00:00,14.5,93,0.0,1.7,0.0,14
2024-01-18 22:00:00,14.5,92,0.0,1.75,0.0,16
2024-01-18 23:00:00,14.0,92,0.0,2.19,0.0,14
2024-01-19 00:00:00,14.4,92,0.0,1.92,0.0,8
2024-01-19 01:00:00,15.8,88,0.0,1.14,0.0,7
2024-01-19 02:00:00,15.5,89,0.0,0.22,0.0,6
2024-01-19 03:00:00,14.7,95,0.0,0.76,0.0,3
2024-01-19 04:00:00,13.1,100,0.0,0.92,0.0,4
2024-01-19 05:00:00,11.7,100,0.0,1.0,0.0,94
2024-01-19 06:00:00,12.0,100,2.0,1.24,0.0,36
2024-01-19 07:00:00,13.6,99,59.0,1.42,0.0,100
2024-01-19 08:00:00,15.3,93,159.0,1.21,0.0,92
2024-01-19 09:00:00,17.4,86,303.0,1.84,0.0,44
2024-01-19 10:00:00,19.0,80,444.0,1.44,0.0,32
2024-01-19 11:00:00,20.2,75,497.0,1.02,0.0,20
2024-01-19 12:00:00,21.5,68,547.0,1.0,0.0,3
2024-01-19 13:00:00,22.3,63,497.0,1.2,0.0,1
2024-01-19 14:00:00,22.4,58,391.0,1.96,0.0,4
2024-01-19 15:00:00,21.8,57,242.0,2.2,0.0,5
2024-01-19 16:00:00,19.7,66,88.0,1.72,0.0,3
2024-01-19 17:00:00,18.4,67,5.0,1.84,0.0,2
2024-01-19 18:00:00,16.7,81,0.0,2.51,0.0,6
2024-01-19 19:00:00,17.7,77,0.0,1.84,0.0,5
2024-01-19 20:00:00,17.2,80,0.0,1.61,0.0,5
2024-01-19 21:00:00,15.4,87,0.0,1.81,0.0,5
2024-01-19 22:00:00,14.6,90,0.0,2.01,0.0,4
2024-01-19 23:00:00,13.8,92,0.0,2.24,0.0,3
2024-01-20 00:00:00,13.6,91,0.0,2.55,0.0,4
2024-01-20 01:00:00,13.4,93,0.0,2.6,0.0,4
2024-01-20 02:00:00,14.1,92,0.0,2.01,0.0,1
2024-01-20 03:00:00,14.7,89,0.0,1.58,0.0,2
2024-01-20 04:00:00,15.2,87,0.0,1.14,0.0,1
2024-01-20 05:00:00,14.7,90,0.0,1.33,0.0,1
2024-01-20 06:00:00,11.5,99,2.0,1.77,0.0,4
2024-01-20 07:00:00,13.7,98,63.0,1.03,0.0,37
2024-01-20 08:00:00,15.7,86,191.0,0.89,0.0,12
2024-01-20 09:00:00,17.7,75,357.0,0.1,0.0,0
2024-01-20 10:00:00,19.5,71,492.0,0.58,0.0,0
2024-01-20 11:00:00,21.1,66,562.0,0.85,0.0,0
2024-01-20 12:00:00,22.3,57,571.0,1.0,0.0,0
2024-01-20 13:00:00,23.0,52,514.0,1.1,0.0,0
2024-01-20 14:00:00,23.0,51,399.0,1.73,0.0,0
2024-01-20 15:00:00,22.2,53,245.0,1.5,0.0,1
2024-01-20 16:00:00,19.3,71,89.0,2.06,0.0,4
2024-01-20 17:00:00,18.4,68,5.0,1.8,0.0,11
2024-01-20 18:00:00,18.5,74,0.0,1.43,0.0,36
2024-01-20 19:00:00,18.3,77,0.0,2.68,0.0,52
2024-01-20 20:00:00,18.2,74,0.0,3.76,0.0,57
2024-01-20 21:00:00,17.4,81,0.0,3.0,0.0,98
2024-01-20 22:00:00,17.1,82,0.0,3.04,0.0,89
2024-01-20 23:00:00,16.7,81,0.0,2.97,0.0,9
2024-01-21 00:00:00,16.6,82,0.0,2.58,0.0,3
2024-01-21 01:00:00,16.1,85,0.0,2.06,0.0,19
2024-01-21 02:00:00,15.5,90,0.0,1.65,0.0,27
2024-01-21 03:00:00,14.7,93,0.0,1.77,0.0,19
2024-01-21 04:00:00,13.9,93,0.0,1.68,0.0,4
2024-01-21 05:00:00,13.0,95,0.0,2.34,0.0,54
2024-01-21 06:00:00,14.8,90,1.0,0.5,0.0,78
2024-01-21 07:00:00,15.0,93,48.0,2.69,0.2,100
2024-01-21 08:00:00,16.1,88,104.0,2.06,0.5,100
2024-01-21 09:00:00,17.3,78,245.0,1.2,0.3,92
2024-01-21 10:00:00,18.3,77,310.0,1.36,0.1,33
2024-01-21 11:00:00,19.9,70,512.0,0.8,0.0,27
2024-01-21 12:00:00,21.0,64,519.0,1.12,0.0,13
2024-01-21 13:00:00,21.7,62,493.0,2.42,0.0,7
2024-01-21 14:00:00,21.5,60,384.0,2.53,0.0,20
2024-01-21 15:00:00,20.9,58,199.0,2.53,0.0,13
2024-01-21 16:00:00,18.9,72,78.0,1.5,0.0,27
2024-01-21 17:00:00,19.2,65,5.0,1.12,0.0,30
2024-01-21 18:00:00,16.1,87,0.0,1.71,0.1,52
2024-01-21 19:00:00,16.1,87,0.0,1.71,0.1,53
2024-01-21 20:00:00,15.4,90,0.0,1.5,0.0,41
2024-01-21 21:00:00,15.5,87,0.0,1.97,0.0,44
2024-01-21 22:00:00,14.5,92,0.0,1.72,0.0,51
2024-01-21 23:00:00,15.1,90,0.0,1.77,0.0,11
2024-01-22 00:00:00,15.6,87,0.0,1.51,0.0,9
2024-01-22 01:00:00,15.5,88,0.0,1.08,0.0,6
2024-01-22 02:00:00,12.8,97,0.0,1.08,0.0,4
2024-01-22 03:00:00,12.3,98,0.0,1.0,0.0,2
2024-01-22 04:00:00,12.4,99,0.0,0.81,0.0,4
2024-01-22 05:00:00,11.6,100,0.0,1.7,0.0,97
2024-01-22 06:00:00,13.6,96,2.0,1.1,0.0,3
2024-01-22 07:00:00,14.0,95,67.0,0.28,0.0,3
2024-01-22 08:00:00,15.7,88,204.0,0.41,0.0,30
2024-01-22 09:00:00,17.3,81,366.0,0.6,0.0,12
2024-01-22 10:00:00,18.8,74,490.0,0.78,0.0,72
2024-01-22 11:00:00,20.1,67,562.0,0.95,0.0,63
2024-01-22 12:00:00,21.3,61,569.0,1.2,0.0,5
2024-01-22 13:00:00,21.8,58,513.0,1.55,0.0,31
2024-01-22 14:00:00,21.9,56,398.0,2.12,0.0,84
2024-01-22 15:00:00,21.3,56,245.0,2.28,0.0,8
2024-01-22 16:00:00,19.9,65,92.0,1.61,0.0,0
2024-01-22 17:00:00,19.8,61,6.0,1.43,0.0,0
2024-01-22 18:00:00,15.8,89,0.0,2.5,0.0,0
2024-01-22 19:00:00,15.0,93,0.0,2.5,0.0,4
2024-01-22 20:00:00,14.4,95,0.0,2.25,0.0,4
2024-01-22 21:00:00,14.1,95,0.0,2.2,0.0,2
2024-01-22 22:00:00,14.1,95,0.0,2.25,0.0,0
2024-01-22 23:00:00,13.6,95,0.0,2.36,0.0,53
2024-01-23 00:00:00,13.1,95,0.0,2.36,0.0,62
2024-01-23 01:00:00,13.1,94,0.0,2.2,0.0,55
2024-01-23 02:00:00,14.9,90,0.0,1.7,0.0,100
2024-01-23 03:00:00,14.6,93,0.0,1.22,0.0,100
2024-01-23 04:00:00,13.9,99,0.0,0.61,0.0,81
2024-01-23 05:00:00,13.4,100,0.0,0.32,0.0,97
2024-01-23 06:00:00,12.7,100,2.0,0.41,0.0,100
2024-01-23 07:00:00,14.4,97,51.0,0.63,0.0,54
2024-01-23 08:00:00,16.0,89,156.0,0.58,0.0,30
2024-01-23 09:00:00,17.9,82,291.0,0.67,0.0,3
2024-01-23 10:00:00,19.7,75,478.0,1.35,0.0,3
2024-01-23 11:00:00,21.0,70,563.0,1.66,0.0,5
2024-01-23 12:00:00,22.0,66,561.0,1.65,0.0,12
2024-01-23 13:00:00,22.5,63,471.0,1.94,0.0,4
2024-01-23 14:00:00,22.5,62,365.0,2.3,0.0,11
2024-01-23 15:00:00,22.0,60,237.0,1.3,0.5,46
2024-01-23 16:00:00,20.4,71,66.0,1.75,0.0,34
2024-01-23 17:00:00,19.4,73,5.0,1.56,0.0,51
2024-01-23 18:00:00,16.7,89,0.0,1.75,0.0,59
2024-01-23 19:00:00,17.5,78,0.0,4.29,0.0,88
2024-01-23 20:00:00,17.1,81,0.0,2.4,0.0,53
2024-01-23 21:00:00,16.4,89,0.0,2.42,0.0,28
2024-01-23 22:00:00,15.5,93,0.0,1.63,0.0,18
2024-01-23 23:00:00,14.3,95,0.0,1.91,0.0,22
2024-01-24 00:00:00,14.3,94,0.0,1.98,0.0,23
2024-01-24 01:00:00,13.9,94,0.0,2.39,0.0,27
2024-01-24 02:00:00,14.3,93,0.0,1.73,0.0,50
2024-01-24 03:00:00,14.4,96,0.0,1.55,0.0,19
2024-01-24 04:00:00,13.3,97,0.0,1.8,0.0,18
2024-01-24 05:00:00,14.5,96,0.0,1.0,0.0,3
2024-01-24 06:00:00,14.2,95,2.0,0.81,0.0,22
2024-01-24 07:00:00,15.4,94,60.0,1.22,0.0,30
2024-01-24 08:00:00,16.2,87,199.0,3.36,0.1,99
2024-01-24 09:00:00,17.3,82,283.0,1.06,0.2,44
2024-01-24 10:00:00,19.0,77,445.0,0.22,0.0,9
2024-01-24 11:00:00,20.3,71,548.0,0.86,0.0,1
2024-01-24 12:00:00,21.4,65,552.0,0.76,0.0,2
2024-01-24 13:00:00,22.0,62,502.0,1.1,0.0,5
2024-01-24 14:00:00,22.0,61,385.0,1.7,0.0,12
2024-01-24 15:00:00,21.4,65,241.0,1.6,0.0,13
2024-01-24 16:00:00,19.7,76,91.0,1.3,0.0,10
2024-01-24 17:00:00,19.8,70,6.0,0.81,0.0,7
2024-01-24 18:00:00,16.3,89,0.0,0.82,1.3,88
2024-01-24 19:00:00,16.2,89,0.0,0.86,0.0,26
2024-01-24 20:00:00,15.1,92,0.0,1.5,0.0,47
2024-01-24 21:00:00,14.8,94,0.0,1.9,0.0,53
2024-01-24 22:00:00,16.4,87,0.0,0.73,0.0,33
2024-01-24 23:00:00,14.5,94,0.0,1.53,0.0,38
2024-01-25 00:00:00,13.7,96,0.0,1.55,0.0,31
2024-01-25 01:00:00,13.4,96,0.0,1.9,0.0,11
2024-01-25 02:00:00,13.2,97,0.0,1.91,0.0,7
2024-01-25 03:00:00,12.6,99,0.0,2.33,0.0,15
2024-01-25 04:00:00,13.2,98,0.0,2.26,0.0,14
2024-01-25 05:00:00,14.4,95,0.0,1.36,0.0,8
2024-01-25 06:00:00,13.3,99,2.0,1.41,0.0,55
2024-01-25 07:00:00,15.1,93,56.0,1.48,0.0,30
2024-01-25 08:00:00,16.4,88,192.0,0.99,0.0,16
2024-01-25 09:00:00,18.0,81,344.0,1.5,0.0,3
2024-01-25 10:00:00,19.7,71,495.0,1.7,0.0,0
2024-01-25 11:00:00,21.0,63,567.0,1.77,0.0,1
2024-01-25 12:00:00,21.9,58,574.0,1.68,0.0,1
2024-01-25 13:00:00,22.3,56,516.0,1.93,0.1,13
2024-01-25 14:00:00,22.2,57,384.0,2.44,0.0,11
2024-01-25 15:00:00,21.6,60,229.0,2.41,0.0,16
2024-01-25 16:00:00,19.5,77,88.0,1.72,0.0,19
2024-01-25 17:00:00,17.4,82,6.0,2.28,0.2,23
2024-01-25 18:00:00,17.0,87,0.0,3.93,0.0,51
2024-01-25 19:00:00,16.3,87,0.0,2.19,0.0,63
2024-01-25 20:00:00,16.1,89,0.0,2.14,0.0,56
2024-01-25 21:00:00,15.1,90,0.0,2.11,0.0,99
2024-01-25 22:00:00,16.7,84,0.0,1.5,0.0,95
2024-01-25 23:00:00,16.4,86,0.0,0.6,0.0,72
2024-01-26 00:00:00,15.7,88,0.0,1.5,0.0,28
2024-01-26 01:00:00,15.6,89,0.0,1.0,0.0,36
2024-01-26 02:00:00,13.3,96,0.0,1.5,0.0,15
2024-01-26 03:00:00,13.8,97,0.0,1.55,0.0,18
2024-01-26 04:00:00,12.2,100,0.0,1.68,0.0,5
2024-01-26 05:00:00,11.5,100,0.0,1.56,0.0,94
2024-01-26 06:00:00,12.0,100,2.0,1.84,0.0,100
2024-01-26 07:00:00,14.4,98,60.0,1.49,0.0,97
2024-01-26 08:00:00,15.6,93,155.0,1.71,0.0,100
2024-01-26 09:00:00,17.5,84,298.0,1.82,0.0,44
2024-01-26 10:00:00,19.2,74,458.0,1.6,0.0,24
2024-01-26 11:00:00,20.7,65,548.0,1.8,0.0,8
2024-01-26 12:00:00,21.8,59,571.0,1.97,0.0,6
2024-01-26 13:00:00,22.4,55,516.0,2.47,0.0,2
2024-01-26 14:00:00,22.4,52,401.0,2.35,0.6,62
2024-01-26 15:00:00,21.5,58,191.0,1.21,0.5,32
2024-01-26 16:00:00,19.1,78,86.0,1.77,0.0,14
2024-01-26 17:00:00,16.8,87,7.0,2.02,0.0,12
2024-01-26 18:00:00,16.9,86,0.0,1.65,0.0,24
2024-01-26 19:00:00,18.1,79,0.0,1.0,0.0,53
2024-01-26 20:00:00,16.0,92,0.0,1.88,0.1,51
2024-01-26 21:00:00,15.6,94,0.0,2.12,0.0,38
2024-01-26 22:00:00,14.3,97,0.0,1.55,0.0,19
2024-01-26 23:00:00,15.1,98,0.0,0.51,0.0,13
2024-01-27 00:00:00,14.9,100,0.0,1.0,0.0,97
2024-01-27 01:00:00,13.2,100,0.0,1.51,0.0,95
2024-01-27 02:00:00,13.6,100,0.0,1.2,0.1,95
2024-01-27 03:00:00,12.7,100,0.0,1.46,0.0,96
2024-01-27 04:00:00,12.7,100,0.0,0.98,0.0,99
2024-01-27 05:00:00,12.5,100,0.0,2.12,0.0,100
2024-01-27 06:00:00,13.9,99,2.0,1.0,0.0,42
2024-01-27 07:00:00,14.7,94,58.0,1.82,0.5,100
2024-01-27 08:00:00,15.6,90,129.0,2.06,0.2,69
2024-01-27 09:00:00,16.4,81,244.0,1.81,0.1,44
2024-01-27 10:00:00,17.9,74,433.0,2.5,0.0,64
2024-01-27 11:00:00,19.2,68,446.0,2.1,0.0,49
2024-01-27 12:00:00,20.1,65,421.0,1.84,0.0,58
2024-01-27 13:00:00,20.5,62,450.0,1.78,0.0,25
2024-01-27 14:00:00,20.8,61,392.0,1.84,0.0,5
2024-01-27 15:00:00,20.3,62,254.0,2.02,0.0,2
2024-01-27 16:00:00,18.3,78,100.0,1.34,0.0,3
2024-01-27 17:00:00,15.8,88,8.0,2.1,0.0,5
2024-01-27 18:00:00,16.8,84,0.0,2.01,0.0,40
2024-01-27 19:00:00,15.7,90,0.0,1.92,0.0,12
2024-01-27 20:00:00,16.5,87,0.0,0.92,0.0,28
2024-01-27 21:00:00,16.2,91,0.0,0.85,0.0,26
2024-01-27 22:00:00,15.8,95,0.0,1.14,0.0,17
2024-01-27 23:00:00,15.4,98,0.0,0.58,0.0,18
2024-01-28 00:00:00,15.1,100,0.0,0.5,0.0,98
2024-01-28 01:00:00,15.0,100,0.0,0.6,0.0,96
2024-01-28 02:00:00,14.5,100,0.0,0.7,0.0,96
2024-01-28 03:00:00,13.9,100,0.0,0.45,0.0,97
2024-01-28 04:00:00,13.4,100,0.0,0.22,0.0,98
2024-01-28 05:00:00,11.9,100,0.0,0.85,0.0,99
2024-01-28 06:00:00,13.8,100,2.0,3.18,0.0,100
2024-01-28 07:00:00,14.7,94,22.0,1.26,0.3,59
2024-01-28 08:00:00,15.9,89,191.0,1.61,0.1,30
2024-01-28 09:00:00,17.1,83,334.0,1.3,0.0,17
2024-01-28 10:00:00,19.0,71,464.0,2.26,0.0,48
2024-01-28 11:00:00,20.4,65,538.0,2.31,0.0,15
2024-01-28 12:00:00,21.4,62,571.0,2.16,0.0,7
2024-01-28 13:00:00,22.1,59,523.0,2.06,0.0,2
2024-01-28 14:00:00,22.1,58,411.0,2.5,0.0,1
2024-01-28 15:00:00,21.4,60,259.0,3.4,0.0,1
2024-01-28 16:00:00,19.1,76,102.0,1.63,0.0,1
2024-01-28 17:00:00,18.6,73,8.0,1.66,0.0,1
2024-01-28 18:00:00,19.1,71,0.0,1.26,0.0,8
2024-01-28 19:00:00,18.3,77,0.0,0.82,0.0,25
2024-01-28 20:00:00,15.7,90,0.0,2.01,0.0,60
2024-01-28 21:00:00,15.2,92,0.0,2.34,0.0,76
2024-01-28 22:00:00,15.4,90,0.0,1.96,0.0,16
2024-01-28 23:00:00,15.5,91,0.0,0.95,0.0,19
2024-01-29 00:00:00,15.6,91,0.0,0.54,0.0,15
2024-01-29 01:00:00,15.3,93,0.0,0.7,0.0,4
2024-01-29 02:00:00,14.8,98,0.0,1.36,0.0,5
2024-01-29 03:00:00,14.7,100,0.0,1.66,0.0,97
2024-01-29 04:00:00,14.9,99,0.0,0.85,0.0,3
2024-01-29 05:00:00,13.3,99,0.0,1.2,0.0,2
2024-01-29 06:00:00,12.1,100,2.0,0.22,0.0,100
2024-01-29 07:00:00,14.0,99,67.0,1.39,0.0,96
2024-01-29 08:00:00,16.3,81,182.0,1.17,0.0,2
2024-01-29 09:00:00,18.9,71,370.0,1.12,0.0,1
2024-01-29 10:00:00,20.8,63,507.0,1.57,0.0,0
2024-01-29 11:00:00,22.1,58,578.0,1.98,0.0,0
2024-01-29 12:00:00,23.1,54,590.0,1.98,0.0,2
2024-01-29 13:00:00,23.6,51,534.0,2.39,0.0,19
2024-01-29 14:00:00,23.4,51,411.0,2.73,0.0,8
2024-01-29 15:00:00,22.6,54,257.0,2.47,0.0,5
2024-01-29 16:00:00,20.3,66,101.0,1.55,0.0,7
2024-01-29 17:00:00,17.6,79,9.0,2.18,0.0,7
2024-01-29 18:00:00,17.7,72,0.0,1.71,0.0,38
2024-01-29 19:00:00,17.9,72,0.0,2.2,0.0,57
2024-01-29 20:00:00,17.8,73,0.0,2.4,0.0,51
2024-01-29 21:00:00,17.6,73,0.0,2.01,0.0,100
2024-01-29 22:00:00,17.3,76,0.0,1.72,0.0,73
2024-01-29 23:00:00,16.9,81,0.0,1.92,0.0,55
2024-01-30 00:00:00,18.1,72,0.0,1.12,0.0,30
2024-01-30 01:00:00,14.6,90,0.0,1.71,0.0,19
2024-01-30 02:00:00,14.1,93,0.0,1.84,0.0,6
2024-01-30 03:00:00,13.7,96,0.0,1.32,0.0,14
2024-01-30 04:00:00,13.4,96,0.0,1.66,0.0,16
2024-01-30 05:00:00,12.8,96,0.0,1.64,0.0,19
2024-01-30 06:00:00,14.2,95,2.0,1.08,0.0,44
2024-01-30 07:00:00,16.1,88,59.0,2.09,0.0,48
2024-01-30 08:00:00,18.3,77,170.0,1.58,0.0,48
2024-01-30 09:00:00,19.2,72,319.0,2.18,0.0,33
2024-01-30 10:00:00,20.5,63,456.0,1.75,0.0,28
2024-01-30 11:00:00,21.6,57,514.0,1.73,0.0,24
2024-01-30 12:00:00,22.4,54,524.0,1.73,0.0,13
2024-01-30 13:00:00,22.7,53,499.0,1.49,0.1,17
2024-01-30 14:00:00,22.8,52,377.0,1.58,0.0,12
2024-01-30 15:00:00,22.3,54,252.0,1.52,0.0,6
2024-01-30 16:00:00,20.2,68,103.0,1.3,0.0,11
2024-01-30 17:00:00,17.9,77,9.0,1.77,0.0,7
2024-01-30 18:00:00,17.6,80,0.0,1.86,0.0,4
2024-01-30 19:00:00,16.3,89,0.0,3.6,0.5,68
2024-01-30 20:00:00,15.8,89,0.0,1.4,0.1,8
2024-01-30 21:00:00,15.2,94,0.0,1.46,0.0,1
2024-01-30 22:00:00,14.2,97,0.0,1.43,0.0,5
2024-01-30 23:00:00,13.5,99,0.0,1.22,0.0,8
2024-01-31 00:00:00,14.5,97,0.0,0.58,0.0,7
2024-01-31 01:00:00,13.6,100,0.0,1.56,0.0,2
2024-01-31 02:00:00,13.8,97,0.0,1.8,0.0,0
2024-01-31 03:00:00,13.3,98,0.0,1.7,0.0,0
2024-01-31 04:00:00,13.5,97,0.0,1.9,0.0,5
2024-01-31 05:00:00,13.5,97,0.0,2.11,0.0,38
2024-01-31 06:00:00,14.5,96,2.0,2.12,0.5,62
2024-01-31 07:00:00,15.6,88,61.0,3.05,0.3,77
2024-01-31 08:00:00,16.8,83,130.0,0.61,0.2,49
2024-01-31 09:00:00,17.4,78,259.0,0.4,0.1,54
2024-01-31 10:00:00,18.6,73,376.0,0.5,0.0,49
2024-01-31 11:00:00,19.8,68,441.0,0.85,0.0,29
2024-01-31 12:00:00,20.9,63,506.0,1.5,0.0,18
2024-01-31 13:00:00,21.7,58,504.0,2.1,0.0,41
2024-01-31 14:00:00,21.6,58,327.0,1.82,0.0,10
2024-01-31 15:00:00,21.4,59,248.0,0.8,0.0,20
2024-01-31 16:00:00,20.7,62,100.0,0.57,0.0,34
2024-01-31 17:00:00,19.2,70,9.0,0.22,0.1,74
2024-01-31 18:00:00,16.7,89,0.0,1.39,0.2,97
2024-01-31 19:00:00,16.3,89,0.0,0.81,0.0,58
2024-01-31 20:00:00,16.0,91,0.0,0.89,0.0,99
2024-01-31 21:00:00,15.6,94,0.0,1.17,0.1,47
2024-01-31 22:00:00,15.3,95,0.0,1.65,0.1,53
2024-01-31 23:00:00,15.2,97,0.0,1.82,0.0,51
2024-02-01 00:00:00,15.1,99,0.0,2.3,0.0,25
2024-02-01 01:00:00,14.7,100,0.0,1.94,0.0,17
2024-02-01 02:00:00,14.4,100,0.0,2.68,0.0,21
2024-02-01 03:00:00,14.2,99,0.0,2.79,0.0,8
2024-02-01 04:00:00,13.9,100,0.0,2.47,0.0,59
2024-02-01 05:00:00,13.9,100,0.0,2.73,0.0,100
2024-02-01 06:00:00,14.8,100,2.0,2.62,0.0,100
2024-02-01 07:00:00,15.4,97,58.0,3.34,0.0,100
2024-02-01 08:00:00,16.0,93,115.0,3.2,0.0,100
2024-02-01 09:00:00,16.7,89,152.0,3.61,0.0,100
2024-02-01 10:00:00,17.9,82,262.0,3.51,0.0,95
2024-02-01 11:00:00,19.8,72,342.0,2.96,0.0,17
2024-02-01 12:00:00,21.8,64,581.0,2.62,0.0,1
2024-02-01 13:00:00,22.7,60,546.0,2.51,0.0,1
2024-02-01 14:00:00,22.9,58,431.0,2.44,0.0,1
2024-02-01 15:00:00,22.5,59,274.0,2.15,0.0,0
2024-02-01 16:00:00,20.5,68,112.0,1.86,0.0,1
2024-02-01 17:00:00,18.6,76,10.0,2.46,0.0,0
2024-02-01 18:00:00,16.6,89,0.0,2.21,0.0,7
2024-02-01 19:00:00,16.0,92,0.0,1.9,0.0,18
2024-02-01 20:00:00,15.5,94,0.0,1.5,0.0,17
2024-02-01 21:00:00,14.9,97,0.0,1.13,0.0,36
2024-02-01 22:00:00,14.7,97,0.0,1.1,1.2,22
2024-02-01 23:00:00,13.9,100,0.0,1.73,0.0,15
2024-02-02 00:00:00,14.1,100,0.0,1.36,0.0,96
2024-02-02 01:00:00,14.1,100,0.0,1.39,0.0,96
2024-02-02 02:00:00,13.8,100,0.0,1.1,0.0,97
2024-02-02 03:00:00,12.8,100,0.0,1.36,0.0,99
2024-02-02 04:00:00,13.5,100,0.0,1.25,0.0,98
2024-02-02 05:00:00,13.3,100,0.0,1.71,0.0,100
2024-02-02 06:00:00,13.7,100,3.0,1.4,0.0,98
2024-02-02 07:00:00,15.0,98,58.0,1.72,0.0,89
2024-02-02 08:00:00,16.6,90,201.0,1.84,0.0,20
2024-02-02 09:00:00,18.7,79,367.0,2.01,0.0,8
2024-02-02 10:00:00,20.5,71,497.0,1.33,0.0,4
2024-02-02 11:00:00,21.0,66,544.0,1.6,0.4,48
2024-02-02 12:00:00,21.6,66,473.0,1.5,0.0,13
2024-02-02 13:00:00,19.8,74,460.0,1.9,0.4,65
2024-02-02 14:00:00,20.3,72,357.0,1.25,0.0,21
2024-02-02 15:00:00,19.9,74,216.0,1.8,0.0,55
2024-02-02 16:00:00,19.0,80,80.0,0.92,0.0,32
2024-02-02 17:00:00,17.6,86,9.0,1.57,0.0,87
2024-02-02 18:00:00,18.0,85,0.0,2.4,0.0,18
2024-02-02 19:00:00,16.4,92,0.0,2.0,0.0,22
2024-02-02 20:00:00,15.7,95,0.0,3.01,0.0,25
2024-02-02 21:00:00,15.3,96,0.0,2.88,0.0,23
2024-02-02 22:00:00,14.7,97,0.0,2.33,0.0,30
2024-02-02 23:00:00,14.4,97,0.0,2.4,0.0,57
2024-02-03 00:00:00,14.5,96,0.0,1.5,0.0,60
2024-02-03 01:00:00,14.2,97,0.0,1.51,0.0,35
2024-02-03 02:00:00,13.6,98,0.0,1.44,0.2,10
2024-02-03 03:00:00,13.1,100,0.0,0.86,0.0,95
2024-02-03 04:00:00,12.7,100,0.0,1.06,0.0,97
2024-02-03 05:00:00,12.3,100,0.0,0.71,0.0,100
2024-02-03 06:00:00,14.4,100,3.0,0.91,0.0,99
2024-02-03 07:00:00,15.1,98,75.0,1.58,0.0,83
2024-02-03 08:00:00,16.7,91,202.0,1.12,0.0,11
2024-02-03 09:00:00,18.3,80,367.0,0.42,0.0,5
2024-02-03 10:00:00,19.9,67,527.0,1.32,0.0,2
2024-02-03 11:00:00,21.2,59,584.0,2.53,0.0,34
2024-02-03 12:00:00,22.1,53,530.0,2.73,0.0,1
2024-02-03 13:00:00,23.1,46,544.0,3.09,0.0,10
2024-02-03 14:00:00,23.3,43,389.0,2.59,0.0,23
2024-02-03 15:00:00,22.7,45,254.0,3.47,0.0,31
2024-02-03 16:00:00,20.6,55,106.0,3.41,0.0,22
2024-02-03 17:00:00,18.0,66,11.0,1.8,0.0,35
2024-02-03 18:00:00,17.2,65,0.0,1.6,0.0,47
2024-02-03 19:00:00,17.5,65,0.0,2.62,0.0,39
2024-02-03 20:00:00,16.7,73,0.0,1.96,0.0,59
2024-02-03 21:00:00,16.7,75,0.0,1.99,0.0,70
2024-02-03 22:00:00,16.0,81,0.0,1.61,0.0,26
2024-02-03 23:00:00,15.6,85,0.0,1.65,0.0,26
2024-02-04 00:00:00,14.8,90,0.0,1.4,0.0,15
2024-02-04 01:00:00,14.6,94,0.0,1.66,0.0,27
2024-02-04 02:00:00,14.2,96,0.0,1.9,0.0,15
2024-02-04 03:00:00,13.8,97,0.0,1.75,0.0,10
2024-02-04 04:00:00,13.2,100,0.0,1.55,0.0,7
2024-02-04 05:00:00,13.2,100,0.0,1.65,0.0,100
2024-02-04 06:00:00,14.0,100,3.0,2.6,0.0,100
2024-02-04 07:00:00,15.0,93,51.0,2.5,0.0,100
2024-02-04 08:00:00,16.1,88,156.0,2.2,0.0,62
2024-02-04 09:00:00,17.9,79,341.0,2.02,0.0,45
2024-02-04 10:00:00,20.0,69,512.0,1.94,0.0,7
2024-02-04 11:00:00,21.7,58,596.0,2.37,0.0,22
2024-02-04 12:00:00,22.7,51,577.0,2.28,0.0,12
2024-02-04 13:00:00,23.0,48,543.0,3.06,0.0,10
2024-02-04 14:00:00,22.7,44,431.0,3.64,0.0,15
2024-02-04 15:00:00,22.3,43,264.0,2.83,0.0,5
2024-02-04 16:00:00,20.5,56,114.0,1.64,0.0,20
2024-02-04 17:00:00,17.8,70,12.0,2.01,0.0,30
2024-02-04 18:00:00,18.7,66,0.0,1.66,0.0,100
2024-02-04 19:00:00,17.8,74,0.0,1.65,0.0,86
2024-02-04 20:00:00,18.0,74,0.0,1.6,0.0,99
2024-02-04 21:00:00,18.0,73,0.0,1.53,0.0,100
2024-02-04 22:00:00,17.9,73,0.0,1.22,0.0,98
2024-02-04 23:00:00,17.6,73,0.0,1.49,0.0,97
2024-02-05 00:00:00,17.2,73,0.0,1.6,0.0,89
2024-02-05 01:00:00,16.1,81,0.0,1.4,0.0,45
2024-02-05 02:00:00,14.7,89,0.0,2.02,0.0,59
2024-02-05 03:00:00,14.7,90,0.0,1.77,0.0,100
2024-02-05 04:00:00,14.2,92,0.0,1.87,0.0,88
2024-02-05 05:00:00,14.3,90,0.0,1.68,0.0,81
2024-02-05 06:00:00,15.6,88,3.0,1.27,0.0,82
2024-02-05 07:00:00,16.9,77,74.0,1.44,0.0,100
2024-02-05 08:00:00,18.0,73,170.0,1.41,0.0,100
2024-02-05 09:00:00,18.2,72,140.0,1.51,0.0,100
2024-02-05 10:00:00,19.7,66,322.0,1.88,0.0,100
2024-02-05 11:00:00,19.9,66,305.0,2.9,0.0,44
2024-02-05 12:00:00,21.0,60,462.0,3.18,0.0,100
2024-02-05 13:00:00,21.4,58,417.0,3.47,0.0,59
2024-02-05 14:00:00,21.3,58,332.0,3.02,0.0,52
2024-02-05 15:00:00,20.7,61,196.0,3.11,0.0,40
2024-02-05 16:00:00,19.7,66,96.0,2.69,0.0,40
2024-02-05 17:00:00,18.1,74,11.0,2.25,0.0,61
2024-02-05 18:00:00,17.5,80,0.0,2.52,0.3,47
2024-02-05 19:00:00,16.7,85,0.0,1.21,0.1,97
2024-02-05 20:00:00,16.7,87,0.0,1.63,0.3,76
2024-02-05 21:00:00,15.7,92,0.0,0.86,0.2,49
2024-02-05 22:00:00,15.4,94,0.0,0.61,0.2,49
2024-02-05 23:00:00,15.0,95,0.0,0.89,0.0,11
2024-02-06 00:00:00,14.4,97,0.0,1.53,0.0,45
2024-02-06 01:00:00,14.1,97,0.0,1.13,0.0,21
2024-02-06 02:00:00,13.6,99,0.0,0.92,0.0,24
2024-02-06 03:00:00,13.9,98,0.0,1.1,0.0,48
2024-02-06 04:00:00,13.9,98,0.0,1.63,0.0,62
2024-02-06 05:00:00,13.8,98,0.0,2.1,0.0,65
2024-02-06 06:00:00,15.3,96,2.0,1.6,0.2,97
2024-02-06 07:00:00,15.7,93,25.0,1.41,0.2,80
2024-02-06 08:00:00,16.4,89,112.0,2.0,0.4,55
2024-02-06 09:00:00,17.6,81,278.0,1.08,0.2,94
2024-02-06 10:00:00,18.7,75,332.0,0.58,0.0,25
2024-02-06 11:00:00,20.5,67,556.0,1.34,0.0,25
2024-02-06 12:00:00,21.4,65,580.0,1.71,0.0,35
2024-02-06 13:00:00,21.9,63,471.0,1.58,0.0,27
2024-02-06 14:00:00,22.2,62,386.0,2.41,0.0,55
2024-02-06 15:00:00,21.1,66,200.0,2.52,0.0,49
2024-02-06 16:00:00,19.7,75,90.0,2.12,0.1,35
2024-02-06 17:00:00,17.8,89,11.0,1.26,0.0,69
2024-02-06 18:00:00,17.5,90,0.0,0.64,0.2,19
2024-02-06 19:00:00,17.0,95,0.0,0.94,0.3,31
2024-02-06 20:00:00,16.9,95,0.0,1.39,0.3,12
2024-02-06 21:00:00,16.4,92,0.0,1.97,0.2,37
2024-02-06 22:00:00,16.4,92,0.0,1.63,0.2,77
2024-02-06 23:00:00,16.0,94,0.0,1.02,0.3,8
2024-02-07 00:00:00,15.8,95,0.0,2.01,0.0,47
2024-02-07 01:00:00,15.4,95,0.0,1.55,0.0,15
2024-02-07 02:00:00,15.2,95,0.0,1.66,0.0,7
2024-02-07 03:00:00,15.3,93,0.0,1.58,0.0,10
2024-02-07 04:00:00,14.5,95,0.0,1.71,0.0,2
2024-02-07 05:00:00,14.0,98,0.0,1.26,0.0,20
2024-02-07 06:00:00,15.2,95,4.0,0.99,0.0,25
2024-02-07 07:00:00,16.2,93,81.0,1.46,0.0,38
2024-02-07 08:00:00,17.0,91,213.0,0.22,0.0,17
2024-02-07 09:00:00,18.6,82,393.0,1.44,0.0,10
2024-02-07 10:00:00,20.0,68,524.0,1.72,0.0,16
2024-02-07 11:00:00,21.0,59,597.0,1.63,0.0,26
2024-02-07 12:00:00,21.8,54,548.0,1.75,0.0,3
2024-02-07 13:00:00,22.3,52,517.0,1.75,0.0,6
2024-02-07 14:00:00,22.5,50,425.0,2.26,0.0,0
2024-02-07 15:00:00,22.2,49,281.0,2.6,0.0,0
2024-02-07 16:00:00,20.5,58,118.0,1.63,0.0,9
2024-02-07 17:00:00,17.3,73,14.0,2.32,0.0,25
2024-02-07 18:00:00,16.1,85,0.0,2.15,0.0,52
2024-02-07 19:00:00,17.7,70,0.0,1.4,0.0,97
2024-02-07 20:00:00,17.1,67,0.0,1.66,0.0,27
2024-02-07 21:00:00,16.0,71,0.0,1.66,0.0,10
2024-02-07 22:00:00,15.0,78,0.0,1.84,0.0,2
2024-02-07 23:00:00,15.0,81,0.0,1.84,0.0,3
2024-02-08 00:00:00,14.0,87,0.0,2.33,0.0,3
2024-02-08 01:00:00,15.4,78,0.0,1.84,0.0,3
2024-02-08 02:00:00,15.6,79,0.0,0.89,0.0,7
2024-02-08 03:00:00,14.5,88,0.0,0.82,0.0,5
2024-02-08 04:00:00,12.6,99,0.0,1.5,0.0,13
2024-02-08 05:00:00,11.8,100,0.0,1.91,0.0,95
2024-02-08 06:00:00,12.2,100,5.0,1.97,0.0,95
2024-02-08 07:00:00,14.5,93,81.0,1.0,0.0,24
2024-02-08 08:00:00,16.7,78,237.0,0.2,0.0,77
2024-02-08 09:00:00,18.7,65,414.0,0.1,0.0,53
2024-02-08 10:00:00,19.9,58,535.0,0.61,0.0,13
2024-02-08 11:00:00,21.0,52,621.0,1.75,0.0,24
2024-02-08 12:00:00,21.8,47,636.0,2.42,0.0,46
2024-02-08 13:00:00,22.3,44,580.0,2.64,0.0,56
2024-02-08 14:00:00,22.1,45,459.0,3.13,0.0,86
2024-02-08 15:00:00,21.5,47,293.0,2.39,0.0,63
2024-02-08 16:00:00,20.3,59,126.0,0.92,0.0,100
2024-02-08 17:00:00,19.7,55,15.0,0.78,0.0,100
2024-02-08 18:00:00,16.7,77,0.0,1.7,0.0,100
2024-02-08 19:00:00,15.8,81,0.0,1.44,0.0,100
2024-02-08 20:00:00,15.3,86,0.0,1.71,0.0,96
2024-02-08 21:00:00,15.4,84,0.0,2.0,0.0,65
2024-02-08 22:00:00,15.7,81,0.0,2.25,0.0,97
2024-02-08 23:00:00,15.0,87,0.0,1.55,0.0,23
2024-02-09 00:00:00,14.0,93,0.0,1.43,0.0,19
2024-02-09 01:00:00,13.6,94,0.0,1.49,0.0,7
2024-02-09 02:00:00,13.2,95,0.0,1.43,0.0,0
2024-02-09 03:00:00,12.8,96,0.0,1.49,0.0,4
2024-02-09 04:00:00,12.7,96,0.0,1.71,0.0,14
2024-02-09 05:00:00,12.5,96,0.0,1.84,0.0,0
2024-02-09 06:00:00,13.8,99,5.0,2.01,0.0,48
2024-02-09 07:00:00,15.3,92,82.0,1.8,0.0,26
2024-02-09 08:00:00,17.3,79,240.0,1.6,0.0,10
2024-02-09 09:00:00,19.1,70,407.0,1.52,0.0,0
2024-02-09 10:00:00,20.6,64,542.0,1.7,0.0,0
2024-02-09 11:00:00,21.8,57,618.0,1.42,0.0,0
2024-02-09 12:00:00,22.6,53,626.0,1.56,0.0,0
2024-02-09 13:00:00,23.3,48,572.0,2.22,0.0,0
2024-02-09 14:00:00,23.4,46,458.0,2.56,0.0,0
2024-02-09 15:00:00,22.9,47,299.0,2.76,0.0,0
2024-02-09 16:00:00,21.0,58,131.0,1.92,0.0,0
2024-02-09 17:00:00,17.8,73,16.0,2.09,0.0,0
2024-02-09 18:00:00,17.0,76,0.0,2.14,0.0,0
2024-02-09 19:00:00,18.4,70,0.0,1.25,0.0,0
2024-02-09 20:00:00,14.9,87,0.0,1.86,0.0,0
2024-02-09 21:00:00,14.1,90,0.0,1.49,0.0,0
2024-02-09 22:00:00,14.0,94,0.0,1.35,0.0,0
2024-02-09 23:00:00,13.3,96,0.0,1.2,0.0,0
2024-02-10 00:00:00,12.7,97,0.0,1.27,0.0,0
2024-02-10 01:00:00,12.6,92,0.0,1.35,0.0,1
2024-02-10 02:00:00,11.9,97,0.0,1.36,0.0,2
2024-02-10 03:00:00,11.2,98,0.0,1.53,0.0,0
2024-02-10 04:00:00,11.8,100,0.0,1.2,0.0,94
2024-02-10 05:00:00,12.1,100,0.0,1.6,0.0,94
2024-02-10 06:00:00,13.1,98,5.0,2.52,0.0,1
2024-02-10 07:00:00,15.0,83,92.0,2.64,0.0,0
2024-02-10 08:00:00,17.5,70,258.0,1.9,0.0,0
2024-02-10 09:00:00,19.9,62,426.0,2.15,0.0,0
2024-02-10 10:00:00,22.2,56,560.0,2.55,0.0,0
2024-02-10 11:00:00,23.8,50,638.0,2.86,0.0,0
2024-02-10 12:00:00,24.8,44,652.0,3.19,0.0,0
2024-02-10 13:00:00,25.2,40,596.0,3.7,0.0,0
2024-02-10 14:00:00,25.0,41,477.0,3.75,0.0,0
2024-02-10 15:00:00,24.3,44,312.0,3.47,0.0,0
2024-02-10 16:00:00,22.1,55,136.0,2.22,0.0,0
2024-02-10 17:00:00,18.3,72,17.0,2.53,0.0,0
2024-02-10 18:00:00,19.6,65,0.0,1.75,0.0,0
2024-02-10 19:00:00,20.9,58,0.0,1.0,0.0,0
2024-02-10 20:00:00,20.2,60,0.0,0.95,0.0,0
2024-02-10 21:00:00,16.6,77,0.0,1.4,0.0,0
2024-02-10 22:00:00,16.2,80,0.0,1.82,0.0,0
2024-02-10 23:00:00,19.3,65,0.0,1.36,0.0,0
2024-02-11 00:00:00,18.8,66,0.0,0.8,0.0,0
2024-02-11 01:00:00,17.4,73,0.0,0.92,0.0,0
2024-02-11 02:00:00,16.5,81,0.0,1.53,0.0,0
2024-02-11 03:00:00,16.0,85,0.0,1.34,0.0,0
2024-02-11 04:00:00,15.0,89,0.0,1.2,0.0,0
2024-02-11 05:00:00,14.3,90,0.0,0.78,0.0,0
2024-02-11 06:00:00,12.7,99,6.0,1.17,0.0,0
2024-02-11 07:00:00,14.8,94,87.0,1.02,0.0,0
2024-02-11 08:00:00,18.2,76,235.0,0.8,0.0,0
2024-02-11 09:00:00,20.9,65,417.0,0.8,0.0,0
2024-02-11 10:00:00,23.2,55,559.0,0.81,0.0,0
2024-02-11 11:00:00,25.0,49,636.0,1.24,0.0,0
2024-02-11 12:00:00,26.1,43,647.0,1.84,0.0,0
2024-02-11 13:00:00,26.7,40,589.0,1.75,0.0,4
2024-02-11 14:00:00,26.8,38,470.0,2.1,0.0,0
2024-02-11 15:00:00,26.1,40,308.0,1.94,0.0,0
2024-02-11 16:00:00,23.0,57,135.0,1.82,0.0,0
2024-02-11 17:00:00,21.0,57,17.0,1.92,0.0,9
2024-02-11 18:00:00,19.8,60,0.0,2.92,0.0,69
2024-02-11 19:00:00,20.0,63,0.0,2.24,0.0,39
2024-02-11 20:00:00,18.4,67,0.0,2.41,0.0,43
2024-02-11 21:00:00,18.4,65,0.0,2.31,0.0,10
2024-02-11 22:00:00,17.3,72,0.0,2.37,0.0,61
2024-02-11 23:00:00,16.6,77,0.0,2.51,0.0,59
2024-02-12 00:00:00,15.8,81,0.0,2.69,0.0,1
2024-02-12 01:00:00,15.8,77,0.0,2.48,0.0,0
2024-02-12 02:00:00,15.1,80,0.0,3.14,0.0,8
2024-02-12 03:00:00,16.2,76,0.0,2.35,0.0,0
2024-02-12 04:00:00,17.3,76,0.0,1.63,0.0,0
2024-02-12 05:00:00,17.1,78,0.0,1.1,0.0,0
2024-02-12 06:00:00,16.4,83,6.0,1.56,0.0,0
2024-02-12 07:00:00,17.4,79,96.0,1.77,0.0,0
2024-02-12 08:00:00,19.9,66,259.0,1.43,0.0,0
2024-02-12 09:00:00,21.9,58,427.0,1.82,0.0,0
2024-02-12 10:00:00,23.6,53,558.0,2.09,0.0,0
2024-02-12 11:00:00,25.2,49,637.0,2.12,0.0,0
2024-02-12 12:00:00,26.2,45,648.0,2.33,0.0,0
2024-02-12 13:00:00,26.9,41,592.0,2.4,0.0,0
2024-02-12 14:00:00,27.0,39,476.0,2.22,0.0,0
2024-02-12 15:00:00,26.5,40,313.0,2.1,0.0,0
2024-02-12 16:00:00,23.9,53,139.0,1.6,0.0,0
2024-02-12 17:00:00,20.8,61,18.0,2.28,0.0,0
2024-02-12 18:00:00,19.7,61,0.0,2.39,0.0,0
2024-02-12 19:00:00,18.0,76,0.0,2.45,0.0,0
2024-02-12 20:00:00,18.0,74,0.0,1.89,0.0,1
2024-02-12 21:00:00,17.3,74,0.0,2.46,0.0,2
2024-02-12 22:00:00,17.3,73,0.0,2.11,0.0,0
2024-02-12 23:00:00,16.7,74,0.0,2.46,0.0,0
2024-02-13 00:00:00,16.5,73,0.0,2.38,0.0,2
2024-02-13 01:00:00,16.6,72,0.0,2.92,0.0,0
2024-02-13 02:00:00,18.3,66,0.0,1.63,0.0,0
2024-02-13 03:00:00,17.0,76,0.0,1.6,0.0,0
2024-02-13 04:00:00,16.7,80,0.0,0.9,0.0,0
2024-02-13 05:00:00,16.5,80,0.0,0.14,0.0,2
2024-02-13 06:00:00,15.5,85,6.0,0.89,0.0,2
2024-02-13 07:00:00,16.7,83,97.0,0.51,0.0,3
2024-02-13 08:00:00,19.4,68,261.0,0.7,0.0,0
2024-02-13 09:00:00,21.8,58,429.0,0.81,0.0,9
2024-02-13 10:00:00,23.9,48,562.0,0.73,0.0,10
2024-02-13 11:00:00,25.7,41,638.0,1.49,0.0,99
2024-02-13 12:00:00,26.6,38,635.0,2.2,0.0,100
2024-02-13 13:00:00,27.1,36,570.0,2.83,0.0,99
2024-02-13 14:00:00,26.9,37,433.0,2.73,0.0,9
2024-02-13 15:00:00,26.1,40,309.0,2.28,0.0,4
2024-02-13 16:00:00,24.3,52,137.0,1.39,0.0,6
2024-02-13 17:00:00,24.3,44,19.0,0.45,0.0,0
2024-02-13 18:00:00,20.0,61,0.0,2.15,0.0,0
2024-02-13 19:00:00,19.0,67,0.0,1.92,0.0,0
2024-02-13 20:00:00,18.3,67,0.0,2.0,0.0,17
2024-02-13 21:00:00,17.3,70,0.0,2.1,0.0,17
2024-02-13 22:00:00,16.2,73,0.0,2.64,0.0,20
2024-02-13 23:00:00,16.0,74,0.0,2.69,0.0,47
2024-02-14 00:00:00,18.1,62,0.0,2.12,0.0,11
2024-02-14 01:00:00,17.9,62,0.0,1.9,0.0,92
2024-02-14 02:00:00,18.5,61,0.0,0.5,0.0,99
2024-02-14 03:00:00,13.6,88,0.0,2.3,0.0,26
2024-02-14 04:00:00,14.1,89,0.0,1.24,0.0,23
2024-02-14 05:00:00,12.8,95,0.0,1.96,0.0,32
2024-02-14 06:00:00,14.9,89,6.0,1.6,0.0,98
2024-02-14 07:00:00,17.2,79,71.0,1.1,0.0,74
2024-02-14 08:00:00,19.6,65,200.0,0.71,0.0,70
2024-02-14 09:00:00,22.5,51,405.0,0.22,0.0,9
2024-02-14 10:00:00,24.4,45,540.0,0.95,0.0,12
2024-02-14 11:00:00,25.9,39,626.0,1.24,0.0,21
2024-02-14 12:00:00,26.9,33,637.0,1.24,0.0,40
2024-02-14 13:00:00,27.4,30,580.0,1.66,0.0,17
2024-02-14 14:00:00,27.3,29,460.0,1.49,0.0,81
2024-02-14 15:00:00,26.8,31,289.0,1.3,0.0,100
2024-02-14 16:00:00,24.5,58,112.0,1.56,0.0,100
2024-02-14 17:00:00,24.8,42,13.0,0.92,0.0,100
2024-02-14 18:00:00,21.4,51,0.0,2.1,0.0,40
2024-02-14 19:00:00,19.9,59,0.0,2.72,0.0,89
2024-02-14 20:00:00,20.2,62,0.0,1.91,0.0,42
2024-02-14 21:00:00,19.4,68,0.0,2.68,0.0,26
2024-02-14 22:00:00,19.1,70,0.0,2.61,0.0,81
2024-02-14 23:00:00,18.9,73,0.0,2.2,0.0,100
2024-02-15 00:00:00,19.0,74,0.0,2.72,0.0,91
2024-02-15 01:00:00,18.1,81,0.0,1.8,0.0,29
2024-02-15 02:00:00,17.0,90,0.0,2.01,0.0,31
2024-02-15 03:00:00,16.7,91,0.0,1.99,0.0,71
2024-02-15 04:00:00,17.5,89,0.0,1.94,0.0,63
2024-02-15 05:00:00,17.0,92,0.0,0.89,0.0,75
2024-02-15 06:00:00,17.6,90,6.0,1.7,0.0,49
2024-02-15 07:00:00,18.1,83,73.0,2.97,0.0,91
2024-02-15 08:00:00,19.3,75,177.0,0.0,0.1,47
2024-02-15 09:00:00,21.0,69,361.0,0.81,0.1,16
2024-02-15 10:00:00,23.0,60,530.0,1.28,0.0,6
2024-02-15 11:00:00,24.7,51,620.0,1.3,0.0,0
2024-02-15 12:00:00,25.8,46,633.0,1.53,0.0,0
2024-02-15 13:00:00,26.6,44,576.0,1.3,0.0,1
2024-02-15 14:00:00,26.6,44,459.0,1.27,0.0,1
2024-02-15 15:00:00,26.3,45,303.0,1.78,0.0,3
2024-02-15 16:00:00,24.5,54,133.0,2.69,0.0,7
2024-02-15 17:00:00,22.5,62,19.0,3.09,0.0,7
2024-02-15 18:00:00,21.3,62,0.0,2.7,0.0,59
2024-02-15 19:00:00,19.9,73,0.0,3.2,0.9,17
2024-02-15 20:00:00,18.5,83,0.0,1.33,0.0,27
2024-02-15 21:00:00,18.0,88,0.0,1.89,0.0,11
2024-02-15 22:00:00,17.0,93,0.0,1.0,0.0,47
2024-02-15 23:00:00,17.2,94,0.0,1.48,0.0,24
2024-02-16 00:00:00,16.7,94,0.0,1.5,0.0,16
2024-02-16 01:00:00,17.4,92,0.0,1.2,0.0,13
2024-02-16 02:00:00,15.6,97,0.0,1.43,0.0,9
2024-02-16 03:00:00,15.2,100,0.0,1.65,0.0,10
2024-02-16 04:00:00,15.2,100,0.0,1.33,0.0,100
2024-02-16 05:00:00,15.0,100,0.0,1.25,0.0,99
2024-02-16 06:00:00,16.4,100,6.0,2.15,0.0,99
2024-02-16 07:00:00,17.2,95,78.0,2.21,0.0,100
2024-02-16 08:00:00,18.5,88,187.0,2.31,0.0,99
2024-02-16 09:00:00,20.4,79,343.0,1.96,0.0,19
2024-02-16 10:00:00,22.6,70,524.0,1.9,0.0,1
2024-02-16 11:00:00,24.7,59,619.0,2.28,0.0,0
2024-02-16 12:00:00,26.0,52,632.0,2.42,0.0,0
2024-02-16 13:00:00,26.7,47,577.0,2.3,0.0,0
2024-02-16 14:00:00,26.9,46,462.0,2.13,0.0,0
2024-02-16 15:00:00,26.5,47,304.0,1.86,0.0,0
2024-02-16 16:00:00,24.5,64,136.0,1.35,0.0,0
2024-02-16 17:00:00,21.7,68,20.0,2.01,0.0,0
2024-02-16 18:00:00,21.1,72,0.0,2.33,0.0,23
2024-02-16 19:00:00,21.1,71,0.0,1.84,0.0,33
2024-02-16 20:00:00,20.6,72,0.0,1.6,0.0,22
2024-02-16 21:00:00,20.8,71,0.0,3.0,0.0,11
2024-02-16 22:00:00,18.8,82,0.0,2.82,0.0,4
2024-02-16 23:00:00,18.0,89,0.0,2.41,0.0,3
2024-02-17 00:00:00,17.7,89,0.0,2.77,0.0,7
2024-02-17 01:00:00,18.2,84,0.0,2.51,0.0,4
2024-02-17 02:00:00,17.2,87,0.0,2.31,0.0,0
2024-02-17 03:00:00,16.4,92,0.0,2.31,0.0,2
2024-02-17 04:00:00,17.0,92,0.0,1.84,0.0,10
2024-02-17 05:00:00,17.7,93,0.0,1.0,0.0,19
2024-02-17 06:00:00,18.3,86,7.0,1.12,0.0,36
2024-02-17 07:00:00,19.0,84,86.0,0.86,0.0,36
2024-02-17 08:00:00,20.0,78,213.0,1.63,0.0,36
2024-02-17 09:00:00,21.4,71,355.0,1.99,0.0,16
2024-02-17 10:00:00,23.3,62,527.0,1.91,0.0,13
2024-02-17 11:00:00,24.6,58,600.0,2.44,0.0,12
2024-02-17 12:00:00,25.5,54,606.0,2.78,0.0,18
2024-02-17 13:00:00,25.9,51,532.0,2.94,0.0,14
2024-02-17 14:00:00,26.1,48,425.0,2.94,0.0,18
2024-02-17 15:00:00,25.8,48,283.0,2.44,0.0,13
2024-02-17 16:00:00,23.9,65,128.0,1.5,0.0,9
2024-02-17 17:00:00,23.2,59,19.0,1.5,0.0,8
2024-02-17 18:00:00,22.7,58,0.0,1.6,0.0,4
2024-02-17 19:00:00,20.5,67,0.0,1.63,0.0,7
2024-02-17 20:00:00,19.2,74,0.0,1.8,0.0,21
2024-02-17 21:00:00,18.8,76,0.0,1.7,0.0,6
2024-02-17 22:00:00,18.7,73,0.0,1.98,0.0,5
2024-02-17 23:00:00,18.1,75,0.0,1.92,0.0,2
2024-02-18 00:00:00,16.7,83,0.0,2.33,0.0,3
2024-02-18 01:00:00,16.8,82,0.0,2.02,0.0,11
2024-02-18 02:00:00,16.5,83,0.0,2.15,0.0,6
2024-02-18 03:00:00,17.6,77,0.0,2.01,0.0,2
2024-02-18 04:00:00,17.6,81,0.0,1.61,0.0,2
2024-02-18 05:00:00,15.3,90,0.0,1.28,0.0,4
2024-02-18 06:00:00,17.9,81,8.0,1.22,0.0,12
2024-02-18 07:00:00,19.3,74,95.0,0.45,0.0,13
2024-02-18 08:00:00,21.3,61,238.0,0.4,0.0,18
2024-02-18 09:00:00,23.2,54,395.0,0.89,0.0,17
2024-02-18 10:00:00,24.8,50,517.0,1.84,0.0,3
2024-02-18 11:00:00,25.9,46,612.0,2.33,0.0,36
2024-02-18 12:00:00,26.3,41,571.0,2.86,0.0,91
2024-02-18 13:00:00,26.7,39,526.0,2.97,0.0,100
2024-02-18 14:00:00,26.8,37,419.0,3.08,0.0,35
2024-02-18 15:00:00,26.4,37,291.0,2.55,0.0,3
2024-02-18 16:00:00,24.3,52,134.0,1.41,0.0,1
2024-02-18 17:00:00,20.9,65,21.0,2.42,0.0,2
2024-02-18 18:00:00,21.1,63,0.0,1.97,0.0,100
2024-02-18 19:00:00,19.7,72,0.0,1.8,0.0,40
2024-02-18 20:00:00,19.3,77,0.0,2.0,0.0,32
2024-02-18 21:00:00,21.0,67,0.0,0.81,0.0,33
2024-02-18 22:00:00,18.7,80,0.0,1.46,0.0,19
2024-02-18 23:00:00,17.3,88,0.0,2.11,0.0,1
2024-02-19 00:00:00,16.5,91,0.0,2.09,0.0,5
2024-02-19 01:00:00,16.8,91,0.0,1.68,0.0,17
2024-02-19 02:00:00,15.9,94,0.0,1.66,0.0,2
2024-02-19 03:00:00,16.0,94,0.0,1.6,0.0,0
2024-02-19 04:00:00,15.8,96,0.0,1.8,0.0,0
2024-02-19 05:00:00,15.6,96,0.0,1.82,0.0,2
2024-02-19 06:00:00,16.4,98,8.0,1.21,0.0,37
2024-02-19 07:00:00,18.2,89,86.0,2.02,0.9,74
2024-02-19 08:00:00,19.5,84,178.0,0.92,0.1,64
2024-02-19 09:00:00,20.3,82,205.0,1.71,0.0,51
2024-02-19 10:00:00,22.4,70,445.0,0.81,0.0,27
2024-02-19 11:00:00,24.5,61,587.0,0.54,0.0,4
2024-02-19 12:00:00,26.0,51,615.0,0.67,0.0,8
2024-02-19 13:00:00,26.8,44,541.0,1.25,0.0,11
2024-02-19 14:00:00,26.8,44,418.0,2.22,0.0,6
2024-02-19 15:00:00,26.4,46,288.0,2.69,0.0,6
2024-02-19 16:00:00,24.8,55,132.0,1.56,0.0,1
2024-02-19 17:00:00,22.2,64,21.0,2.16,0.0,0
2024-02-19 18:00:00,21.8,58,0.0,1.91,0.0,1
2024-02-19 19:00:00,19.0,74,0.0,2.47,0.0,7
2024-02-19 20:00:00,19.0,71,0.0,2.19,0.0,1
2024-02-19 21:00:00,18.0,70,0.0,2.55,0.0,0
2024-02-19 22:00:00,17.1,75,0.0,2.55,0.0,0
2024-02-19 23:00:00,19.1,63,0.0,1.8,0.0,0
2024-02-20 00:00:00,17.9,70,0.0,1.63,0.0,0
2024-02-20 01:00:00,16.1,81,0.0,1.7,0.0,0
2024-02-20 02:00:00,17.7,76,0.0,0.41,0.0,0
2024-02-20 03:00:00,16.9,84,0.0,1.17,0.0,0
2024-02-20 04:00:00,16.7,87,0.0,0.91,0.0,0
2024-02-20 05:00:00,14.1,96,0.0,1.71,0.0,1
2024-02-20 06:00:00,16.0,91,9.0,0.85,0.0,36
2024-02-20 07:00:00,18.0,80,86.0,0.95,0.0,42
2024-02-20 08:00:00,19.8,69,200.0,0.8,0.0,13
2024-02-20 09:00:00,21.8,60,340.0,0.14,0.0,21
2024-02-20 10:00:00,23.8,52,472.0,1.39,0.0,40
2024-02-20 11:00:00,25.3,47,568.0,2.5,0.0,12
2024-02-20 12:00:00,26.1,46,589.0,2.42,0.0,4
2024-02-20 13:00:00,26.6,45,566.0,1.93,0.0,6
2024-02-20 14:00:00,26.8,44,439.0,1.63,0.0,2
2024-02-20 15:00:00,26.7,45,279.0,1.91,0.0,12
2024-02-20 16:00:00,25.0,53,123.0,2.13,0.0,31
2024-02-20 17:00:00,22.0,65,18.0,2.0,0.0,46
2024-02-20 18:00:00,19.9,91,0.0,2.64,0.0,74
2024-02-20 19:00:00,19.7,92,0.0,1.32,0.1,23
2024-02-20 20:00:00,18.8,97,0.0,2.15,0.1,80
2024-02-20 21:00:00,18.8,96,0.0,1.91,0.1,89
2024-02-20 22:00:00,18.6,96,0.0,2.19,0.3,99
2024-02-20 23:00:00,18.1,97,0.0,2.48,0.3,82
2024-02-21 00:00:00,17.8,96,0.0,2.94,0.5,84
2024-02-21 01:00:00,17.6,94,0.0,2.84,1.1,53
2024-02-21 02:00:00,17.3,97,0.0,2.86,0.5,47
2024-02-21 03:00:00,17.1,98,0.0,1.97,0.0,40
2024-02-21 04:00:00,17.1,99,0.0,1.8,0.0,30
2024-02-21 05:00:00,16.9,98,0.0,1.55,0.0,37
2024-02-21 06:00:00,16.9,97,9.0,2.44,0.0,60
2024-02-21 07:00:00,17.9,92,85.0,3.01,0.0,65
2024-02-21 08:00:00,19.0,86,199.0,3.33,0.0,96
2024-02-21 09:00:00,20.6,78,289.0,3.13,0.0,21
2024-02-21 10:00:00,22.4,72,519.0,2.51,0.0,8
2024-02-21 11:00:00,23.6,67,606.0,2.69,0.0,58
2024-02-21 12:00:00,24.7,62,607.0,2.46,0.0,74
2024-02-21 13:00:00,25.2,59,523.0,1.2,0.0,57
2024-02-21 14:00:00,25.5,58,401.0,1.0,0.0,58
2024-02-21 15:00:00,25.1,60,234.0,1.6,0.0,46
2024-02-21 16:00:00,24.0,67,103.0,1.98,0.0,24
2024-02-21 17:00:00,21.4,78,20.0,3.89,0.0,24
2024-02-21 18:00:00,19.5,87,0.0,0.7,0.0,18
2024-02-21 19:00:00,18.0,94,0.0,1.22,0.0,5
2024-02-21 20:00:00,19.1,94,0.0,0.61,0.0,0
2024-02-21 21:00:00,19.2,93,0.0,0.41,0.0,12
2024-02-21 22:00:00,17.9,94,0.0,0.63,0.0,3
2024-02-21 23:00:00,18.4,95,0.0,0.76,0.0,15
2024-02-22 00:00:00,16.8,98,0.0,0.92,0.0,26
2024-02-22 01:00:00,17.5,99,0.0,0.89,0.0,9
2024-02-22 02:00:00,17.2,100,0.0,0.94,0.0,99
2024-02-22 03:00:00,16.2,100,0.0,1.04,0.0,100
2024-02-22 04:00:00,16.5,100,0.0,0.98,0.0,100
2024-02-22 05:00:00,16.3,100,0.0,0.95,0.0,100
2024-02-22 06:00:00,18.0,96,6.0,1.49,0.2,33
2024-02-22 07:00:00,19.2,89,83.0,1.53,0.0,52
2024-02-22 08:00:00,20.3,81,176.0,1.77,0.0,74
2024-02-22 09:00:00,21.1,78,243.0,0.58,0.0,100
2024-02-22 10:00:00,21.8,75,220.0,0.61,0.0,28
2024-02-22 11:00:00,24.1,67,553.0,1.62,0.0,85
2024-02-22 12:00:00,22.9,72,366.0,3.69,1.8,99
2024-02-22 13:00:00,20.9,85,123.0,3.98,0.2,63
2024-02-22 14:00:00,22.0,74,260.0,2.64,0.0,61
2024-02-22 15:00:00,21.1,70,201.0,1.82,0.1,22
2024-02-22 16:00:00,20.4,73,121.0,1.72,0.0,14
2024-02-22 17:00:00,18.5,83,20.0,1.5,0.0,5
2024-02-22 18:00:00,17.7,88,0.0,1.7,0.0,2
2024-02-22 19:00:00,16.4,93,0.0,2.06,0.0,23
2024-02-22 20:00:00,15.9,95,0.0,2.28,0.0,10
2024-02-22 21:00:00,17.3,94,0.0,0.1,0.0,42
2024-02-22 22:00:00,17.4,96,0.0,0.76,0.0,100
2024-02-22 23:00:00,16.9,97,0.0,2.26,0.0,94
2024-02-23 00:00:00,15.9,97,0.0,1.14,0.0,100
2024-02-23 01:00:00,16.5,94,0.0,1.78,1.2,100
2024-02-23 02:00:00,16.5,95,0.0,0.81,2.1,100
2024-02-23 03:00:00,16.6,93,0.0,0.94,0.0,100
2024-02-23 04:00:00,16.2,95,0.0,1.27,0.0,100
2024-02-23 05:00:00,16.0,97,0.0,1.2,0.0,49
2024-02-23 06:00:00,17.4,94,5.0,0.98,0.0,84
2024-02-23 07:00:00,18.3,93,64.0,2.35,0.0,2
2024-02-23 08:00:00,19.3,86,246.0,1.94,0.0,6
2024-02-23 09:00:00,21.1,76,403.0,1.3,0.0,7
2024-02-23 10:00:00,22.6,68,504.0,1.75,0.0,26
2024-02-23 11:00:00,24.0,56,565.0,2.73,0.0,10
2024-02-23 12:00:00,24.7,52,592.0,3.62,0.0,17
2024-02-23 13:00:00,25.0,53,538.0,3.61,0.0,22
2024-02-23 14:00:00,25.3,52,430.0,4.04,0.0,19
2024-02-23 15:00:00,24.7,55,285.0,3.86,0.0,10
2024-02-23 16:00:00,23.4,61,128.0,2.75,0.0,7
2024-02-23 17:00:00,21.5,67,22.0,2.45,0.0,27
2024-02-23 18:00:00,19.7,72,0.0,1.8,0.0,10
2024-02-23 19:00:00,18.7,76,0.0,2.15,0.0,7
2024-02-23 20:00:00,19.1,68,0.0,2.31,0.0,6
2024-02-23 21:00:00,17.8,77,0.0,1.93,0.0,0
2024-02-23 22:00:00,18.1,80,0.0,1.55,0.0,0
2024-02-23 23:00:00,17.7,86,0.0,1.53,0.0,0
2024-02-24 00:00:00,17.6,87,0.0,1.48,0.0,12
2024-02-24 01:00:00,16.8,89,0.0,1.58,0.0,0
2024-02-24 02:00:00,16.6,96,0.0,1.52,0.0,0
2024-02-24 03:00:00,16.3,100,0.0,0.7,0.0,99
2024-02-24 04:00:00,16.3,100,0.0,0.57,0.0,99
2024-02-24 05:00:00,15.9,100,0.0,0.51,0.0,98
2024-02-24 06:00:00,15.6,95,10.0,1.49,0.0,0
2024-02-24 07:00:00,18.0,87,98.0,1.5,0.0,0
2024-02-24 08:00:00,20.1,77,248.0,0.9,0.0,0
2024-02-24 09:00:00,21.7,72,407.0,1.34,0.0,0
2024-02-24 10:00:00,23.5,65,535.0,1.71,0.0,14
2024-02-24 11:00:00,25.0,53,606.0,2.35,0.0,0
2024-02-24 12:00:00,26.0,44,617.0,2.82,0.0,2
2024-02-24 13:00:00,26.2,41,549.0,3.14,0.0,22
2024-02-24 14:00:00,25.9,40,392.0,3.13,0.0,15
2024-02-24 15:00:00,25.4,45,272.0,1.71,0.0,2
2024-02-24 16:00:00,23.0,63,134.0,2.06,0.0,2
2024-02-24 17:00:00,19.9,67,23.0,2.75,0.0,0
2024-02-24 18:00:00,20.9,54,0.0,2.56,0.0,1
2024-02-24 19:00:00,18.6,68,0.0,2.1,0.0,0
2024-02-24 20:00:00,17.5,75,0.0,2.28,0.0,2
2024-02-24 21:00:00,17.8,72,0.0,2.0,0.0,10
2024-02-24 22:00:00,17.8,69,0.0,2.33,0.0,13
2024-02-24 23:00:00,17.5,67,0.0,2.33,0.0,13
2024-02-25 00:00:00,16.5,71,0.0,2.33,0.0,15
2024-02-25 01:00:00,17.8,68,0.0,2.02,0.0,99
2024-02-25 02:00:00,16.3,83,0.0,1.65,0.0,99
2024-02-25 03:00:00,15.9,87,0.0,1.4,0.0,100
2024-02-25 04:00:00,16.8,85,0.0,0.5,0.0,100
2024-02-25 05:00:00,16.0,89,0.0,1.61,0.0,100
2024-02-25 06:00:00,16.7,83,10.0,2.36,0.0,100
2024-02-25 07:00:00,17.2,81,27.0,1.1,0.0,100
2024-02-25 08:00:00,17.4,83,43.0,2.11,0.0,100
2024-02-25 09:00:00,18.4,71,91.0,2.4,0.0,100
2024-02-25 10:00:00,19.5,65,184.0,2.21,0.0,95
2024-02-25 11:00:00,21.1,59,339.0,1.84,0.0,25
2024-02-25 12:00:00,22.8,53,565.0,1.73,0.0,1
2024-02-25 13:00:00,23.6,51,558.0,1.43,0.0,0
2024-02-25 14:00:00,23.9,50,443.0,0.73,0.0,0
2024-02-25 15:00:00,23.6,52,288.0,1.0,0.0,2
2024-02-25 16:00:00,21.6,71,131.0,1.55,0.0,6
2024-02-25 17:00:00,18.4,78,23.0,2.61,0.0,2
2024-02-25 18:00:00,17.0,84,0.0,1.99,0.0,15
2024-02-25 19:00:00,16.4,87,0.0,1.75,0.0,0
2024-02-25 20:00:00,16.6,87,0.0,2.24,0.0,0
2024-02-25 21:00:00,16.1,87,0.0,2.3,0.0,0
2024-02-25 22:00:00,15.5,89,0.0,2.52,0.0,0
2024-02-25 23:00:00,15.0,93,0.0,2.84,0.0,0
2024-02-26 00:00:00,14.6,94,0.0,2.52,0.0,0
2024-02-26 01:00:00,14.2,95,0.0,2.22,0.0,0
2024-02-26 02:00:00,13.9,96,0.0,2.16,0.0,0
2024-02-26 03:00:00,13.6,96,0.0,2.02,0.0,0
2024-02-26 04:00:00,13.3,97,0.0,2.1,0.0,0
2024-02-26 05:00:00,13.0,99,0.0,2.1,0.0,7
2024-02-26 06:00:00,14.3,98,9.0,2.62,0.0,100
2024-02-26 07:00:00,15.2,95,61.0,3.37,0.0,100
2024-02-26 08:00:00,16.7,86,171.0,2.94,0.0,50
2024-02-26 09:00:00,18.7,78,386.0,2.86,0.0,92
2024-02-26 10:00:00,20.3,72,400.0,3.18,0.0,100
2024-02-26 11:00:00,22.1,61,458.0,3.81,0.0,97
2024-02-26 12:00:00,23.3,54,491.0,3.83,0.0,95
2024-02-26 13:00:00,24.1,50,483.0,3.61,0.0,95
2024-02-26 14:00:00,24.2,50,418.0,3.58,0.0,84
2024-02-26 15:00:00,23.7,53,286.0,3.35,0.0,25
2024-02-26 16:00:00,21.8,61,131.0,2.15,0.0,21
2024-02-26 17:00:00,18.5,74,23.0,2.21,0.0,98
2024-02-26 18:00:00,19.9,65,0.0,1.8,0.0,100
2024-02-26 19:00:00,19.0,70,0.0,1.96,0.0,100
2024-02-26 20:00:00,17.6,80,0.0,1.92,0.0,98
2024-02-26 21:00:00,17.4,82,0.0,1.36,0.0,98
2024-02-26 22:00:00,15.4,93,0.0,1.52,0.0,98
2024-02-26 23:00:00,14.7,96,0.0,1.48,0.0,14
2024-02-27 00:00:00,14.3,96,0.0,1.39,0.0,84
2024-02-27 01:00:00,15.4,95,0.0,1.17,0.0,98
2024-02-27 02:00:00,15.2,99,0.0,0.1,0.0,100
2024-02-27 03:00:00,15.1,100,0.0,1.5,0.0,100
2024-02-27 04:00:00,15.2,100,0.0,0.81,0.0,100
2024-02-27 05:00:00,15.3,100,0.0,0.7,0.0,100
2024-02-27 06:00:00,14.1,100,11.0,0.41,0.0,100
2024-02-27 07:00:00,15.2,97,75.0,0.67,0.0,100
2024-02-27 08:00:00,16.6,91,164.0,0.61,0.0,100
2024-02-27 09:00:00,18.8,80,281.0,0.1,0.0,100
2024-02-27 10:00:00,21.5,69,482.0,0.9,0.0,95
2024-02-27 11:00:00,23.3,62,579.0,1.03,0.0,94
2024-02-27 12:00:00,24.7,58,593.0,1.02,0.0,1
2024-02-27 13:00:00,25.6,54,548.0,1.1,0.0,0
2024-02-27 14:00:00,26.1,50,436.0,1.2,0.0,0
2024-02-27 15:00:00,25.8,49,284.0,1.5,0.0,11
2024-02-27 16:00:00,23.3,68,131.0,1.63,0.0,10
2024-02-27 17:00:00,23.5,55,23.0,1.39,0.0,1
2024-02-27 18:00:00,21.4,65,0.0,1.53,0.0,47
2024-02-27 19:00:00,19.0,77,0.0,1.72,0.0,77
2024-02-27 20:00:00,19.4,71,0.0,2.62,0.0,71
2024-02-27 21:00:00,18.8,70,0.0,2.55,0.0,8
2024-02-27 22:00:00,17.8,72,0.0,2.05,0.0,100
2024-02-27 23:00:00,17.3,75,0.0,2.25,0.0,100
2024-02-28 00:00:00,17.7,74,0.0,2.02,0.0,100
2024-02-28 01:00:00,17.2,78,0.0,2.12,0.0,100
2024-02-28 02:00:00,16.4,82,0.0,2.22,0.0,99
2024-02-28 03:00:00,15.9,88,0.0,1.92,0.0,92
2024-02-28 04:00:00,15.2,92,0.0,1.96,0.0,0
2024-02-28 05:00:00,15.2,92,0.0,2.01,0.0,0
2024-02-28 06:00:00,15.6,92,12.0,1.51,0.0,0
2024-02-28 07:00:00,17.9,79,102.0,1.46,0.0,0
2024-02-28 08:00:00,19.9,66,248.0,1.51,0.0,0
2024-02-28 09:00:00,21.8,56,401.0,2.24,0.0,0
2024-02-28 10:00:00,23.7,48,527.0,3.03,0.0,0
2024-02-28 11:00:00,25.1,42,601.0,3.41,0.0,0
2024-02-28 12:00:00,26.2,37,614.0,3.8,0.0,0
2024-02-28 13:00:00,26.8,31,562.0,4.6,0.0,0
2024-02-28 14:00:00,26.6,32,449.0,4.93,0.0,0
2024-02-28 15:00:00,25.9,37,292.0,3.83,0.0,0
2024-02-28 16:00:00,23.8,43,133.0,2.36,0.0,0
2024-02-28 17:00:00,20.3,51,24.0,2.72,0.0,0
2024-02-28 18:00:00,22.1,41,0.0,3.04,0.0,0
2024-02-28 19:00:00,20.5,52,0.0,2.2,0.0,0
2024-02-28 20:00:00,19.6,59,0.0,2.24,0.0,0
2024-02-28 21:00:00,18.7,66,0.0,2.16,0.0,0
2024-02-28 22:00:00,19.9,61,0.0,1.12,0.0,0
2024-02-28 23:00:00,17.8,70,0.0,2.64,0.0,0
2024-02-29 00:00:00,16.3,77,0.0,2.0,0.0,0
2024-02-29 01:00:00,15.3,84,0.0,2.1,0.0,0
2024-02-29 02:00:00,14.7,90,0.0,2.26,0.0,0
2024-02-29 03:00:00,14.6,91,0.0,1.91,0.0,0
2024-02-29 04:00:00,14.6,91,0.0,1.5,0.0,0
2024-02-29 05:00:00,14.1,93,0.0,1.4,0.0,0
2024-02-29 06:00:00,15.9,89,13.0,2.22,0.0,0
2024-02-29 07:00:00,17.6,81,103.0,2.38,0.0,1
2024-02-29 08:00:00,19.7,73,246.0,2.31,0.0,0
2024-02-29 09:00:00,22.1,62,400.0,2.28,0.0,0
2024-02-29 10:00:00,24.2,54,523.0,2.28,0.0,0
2024-02-29 11:00:00,25.8,49,597.0,1.7,0.0,0
2024-02-29 12:00:00,26.8,44,604.0,1.77,0.0,0
2024-02-29 13:00:00,27.3,39,533.0,3.0,0.0,6
2024-02-29 14:00:00,27.1,39,408.0,3.49,0.0,17
2024-02-29 15:00:00,26.6,43,265.0,2.53,0.0,8
2024-02-29 16:00:00,24.3,62,127.0,1.99,0.0,9
2024-02-29 17:00:00,22.1,59,24.0,2.48,0.0,9
2024-02-29 18:00:00,20.6,69,0.0,2.4,0.0,29
2024-02-29 19:00:00,20.0,72,0.0,2.52,0.0,67
2024-02-29 20:00:00,20.1,71,0.0,1.9,0.0,29
2024-02-29 21:00:00,18.9,77,0.0,1.79,0.0,40
2024-02-29 22:00:00,18.1,85,0.0,2.16,0.0,16
2024-02-29 23:00:00,18.0,85,0.0,1.87,0.0,47
2024-03-01 00:00:00,18.5,80,0.0,4.22,0.0,22
2024-03-01 01:00:00,17.8,81,0.0,3.62,0.0,3
2024-03-01 02:00:00,17.0,84,0.0,3.28,0.0,0
2024-03-01 03:00:00,16.6,87,0.0,3.0,0.0,8
2024-03-01 04:00:00,16.3,89,0.0,2.9,0.0,7
2024-03-01 05:00:00,15.9,92,0.0,2.7,0.0,7
2024-03-01 06:00:00,17.2,91,13.0,2.84,0.0,8
2024-03-01 07:00:00,18.4,85,99.0,2.73,0.0,23
2024-03-01 08:00:00,20.1,77,229.0,2.42,0.0,25
2024-03-01 09:00:00,22.1,70,369.0,2.28,0.0,2
2024-03-01 10:00:00,24.1,63,507.0,2.42,0.0,0
2024-03-01 11:00:00,25.7,56,576.0,2.05,0.0,0
2024-03-01 12:00:00,26.8,49,588.0,1.41,0.0,25
2024-03-01 13:00:00,27.6,42,507.0,1.2,0.0,20
2024-03-01 14:00:00,27.7,39,399.0,2.4,0.0,9
2024-03-01 15:00:00,27.0,43,272.0,2.06,0.0,3
2024-03-01 16:00:00,24.8,58,128.0,1.49,0.0,3
2024-03-01 17:00:00,22.5,61,24.0,1.94,0.0,13
2024-03-01 18:00:00,22.1,55,0.0,2.21,0.0,6
2024-03-01 19:00:00,22.9,51,0.0,1.3,0.0,22
2024-03-01 20:00:00,19.9,65,0.0,1.9,0.0,22
2024-03-01 21:00:00,19.2,71,0.0,2.52,0.0,0
2024-03-01 22:00:00,18.9,73,0.0,2.44,0.0,0
2024-03-01 23:00:00,17.9,80,0.0,2.19,0.0,1
2024-03-02 00:00:00,17.6,80,0.0,2.62,0.0,8
2024-03-02 01:00:00,19.6,70,0.0,1.35,0.0,2
2024-03-02 02:00:00,19.3,73,0.0,1.63,0.0,1
2024-03-02 03:00:00,17.2,82,0.0,2.2,0.0,1
2024-03-02 04:00:00,17.7,78,0.0,1.97,0.0,1
2024-03-02 05:00:00,18.3,75,0.0,0.9,0.0,6
2024-03-02 06:00:00,17.9,84,13.0,0.98,0.0,35
2024-03-02 07:00:00,19.4,77,96.0,1.21,0.0,2
2024-03-02 08:00:00,21.7,64,241.0,1.14,0.0,4
2024-03-02 09:00:00,24.0,55,392.0,1.06,0.0,2
2024-03-02 10:00:00,25.9,49,514.0,0.5,0.0,3
2024-03-02 11:00:00,27.4,45,585.0,0.71,0.0,0
2024-03-02 12:00:00,28.5,42,596.0,0.8,0.0,0
2024-03-02 13:00:00,29.5,37,539.0,0.6,0.0,0
2024-03-02 14:00:00,29.9,34,431.0,1.24,0.0,0
2024-03-02 15:00:00,29.1,38,283.0,2.69,0.0,0
2024-03-02 16:00:00,26.6,49,130.0,1.8,0.0,9
2024-03-02 17:00:00,23.2,62,24.0,2.86,0.0,37
2024-03-02 18:00:00,23.5,57,0.0,2.08,0.0,95
2024-03-02 19:00:00,22.8,57,0.0,2.12,0.0,92
2024-03-02 20:00:00,22.7,58,0.0,1.2,0.0,93
2024-03-02 21:00:00,22.3,58,0.0,2.77,0.0,15
2024-03-02 22:00:00,21.1,59,0.0,2.33,0.0,0
2024-03-02 23:00:00,19.8,66,0.0,1.93,0.0,0
2024-03-03 00:00:00,19.6,69,0.0,1.92,0.0,0
2024-03-03 01:00:00,18.6,76,0.0,2.15,0.0,0
2024-03-03 02:00:00,19.2,74,0.0,2.19,0.0,0
2024-03-03 03:00:00,20.7,66,0.0,1.02,0.0,0
2024-03-03 04:00:00,20.4,66,0.0,0.4,0.0,0
2024-03-03 05:00:00,17.4,84,0.0,0.92,0.0,0
2024-03-03 06:00:00,18.4,85,14.0,0.78,0.0,0
2024-03-03 07:00:00,20.1,78,103.0,0.94,0.0,5
2024-03-03 08:00:00,22.4,65,240.0,0.76,0.0,1
2024-03-03 09:00:00,24.8,55,390.0,0.14,0.0,3
2024-03-03 10:00:00,26.6,49,506.0,1.35,0.0,2
2024-03-03 11:00:00,27.8,46,573.0,2.0,0.0,5
2024-03-03 12:00:00,28.6,44,554.0,2.47,0.0,5
2024-03-03 13:00:00,29.2,39,511.0,3.1,0.0,13
2024-03-03 14:00:00,29.2,39,401.0,2.53,0.0,8
2024-03-03 15:00:00,29.1,40,271.0,2.51,0.0,8
2024-03-03 16:00:00,27.2,49,122.0,1.72,0.0,8
2024-03-03 17:00:00,24.7,57,24.0,1.94,0.0,19
2024-03-03 18:00:00,25.5,52,0.0,5.7,0.0,79
2024-03-03 19:00:00,24.9,55,0.0,5.32,0.0,17
2024-03-03 20:00:00,24.1,58,0.0,4.48,0.0,18
2024-03-03 21:00:00,23.1,62,0.0,3.73,0.0,89
2024-03-03 22:00:00,22.6,65,0.0,3.0,0.0,95
2024-03-03 23:00:00,22.0,68,0.0,2.9,0.0,25
2024-03-04 00:00:00,21.0,71,0.0,2.96,0.0,7
2024-03-04 01:00:00,20.6,73,0.0,3.27,0.0,0
2024-03-04 02:00:00,20.1,75,0.0,2.92,0.0,14
2024-03-04 03:00:00,19.0,81,0.0,1.7,0.0,3
2024-03-04 04:00:00,17.8,89,0.0,2.09,0.0,2
2024-03-04 05:00:00,18.5,85,0.0,1.87,0.0,27
2024-03-04 06:00:00,20.4,78,10.0,2.6,0.0,99
2024-03-04 07:00:00,21.2,75,62.0,1.8,0.0,81
2024-03-04 08:00:00,22.4,70,185.0,2.52,0.0,96
2024-03-04 09:00:00,23.3,66,211.0,2.91,0.0,99
2024-03-04 10:00:00,24.9,59,378.0,3.7,0.0,32
2024-03-04 11:00:00,26.8,49,451.0,5.33,0.0,5
2024-03-04 12:00:00,27.7,48,563.0,5.73,0.0,1
2024-03-04 13:00:00,28.7,44,519.0,5.87,0.0,0
2024-03-04 14:00:00,28.9,43,415.0,6.56,0.0,5
2024-03-04 15:00:00,28.5,46,271.0,6.2,0.0,3
2024-03-04 16:00:00,27.5,49,127.0,4.96,0.0,1
2024-03-04 17:00:00,26.1,54,25.0,4.97,0.0,8
2024-03-04 18:00:00,23.7,58,0.0,3.38,0.0,41
2024-03-04 19:00:00,23.7,60,0.0,4.11,0.0,40
2024-03-04 20:00:00,23.2,63,0.0,3.98,0.0,33
2024-03-04 21:00:00,22.8,63,0.0,3.47,0.0,4
2024-03-04 22:00:00,22.7,61,0.0,3.56,0.0,1
2024-03-04 23:00:00,20.7,72,0.0,1.7,0.0,2
2024-03-05 00:00:00,18.9,88,0.0,3.23,0.0,11
2024-03-05 01:00:00,17.9,94,0.0,1.52,0.0,24
2024-03-05 02:00:00,17.8,96,0.0,0.54,0.0,67
2024-03-05 03:00:00,18.2,96,0.0,0.92,0.2,22
2024-03-05 04:00:00,17.2,98,0.0,0.94,0.0,15
2024-03-05 05:00:00,18.0,97,0.0,0.42,0.0,23
2024-03-05 06:00:00,19.9,85,15.0,2.22,0.0,0
2024-03-05 07:00:00,21.3,81,107.0,2.6,0.0,0
2024-03-05 08:00:00,23.0,74,251.0,3.3,0.0,0
2024-03-05 09:00:00,24.4,70,400.0,3.71,0.0,1
2024-03-05 10:00:00,26.0,57,516.0,5.42,0.0,19
2024-03-05 11:00:00,27.4,42,490.0,6.2,0.0,21
2024-03-05 12:00:00,28.5,35,542.0,6.34,0.0,0
2024-03-05 13:00:00,28.9,31,548.0,7.05,0.0,0
2024-03-05 14:00:00,29.2,29,439.0,6.31,0.0,0
2024-03-05 15:00:00,28.7,28,291.0,5.57,0.0,0
2024-03-05 16:00:00,26.7,34,138.0,4.18,0.0,0
2024-03-05 17:00:00,24.6,41,27.0,3.83,0.0,0
2024-03-05 18:00:00,23.6,46,0.0,4.59,0.0,0
2024-03-05 19:00:00,22.6,45,0.0,4.32,0.0,0
2024-03-05 20:00:00,21.1,48,0.0,3.28,0.0,0
2024-03-05 21:00:00,20.5,47,0.0,3.5,0.0,0
2024-03-05 22:00:00,21.4,41,0.0,3.84,0.0,0
2024-03-05 23:00:00,21.2,42,0.0,3.26,0.0,0
2024-03-06 00:00:00,20.3,46,0.0,2.8,0.0,0
2024-03-06 01:00:00,17.8,58,0.0,2.56,0.0,0
2024-03-06 02:00:00,17.5,66,0.0,2.0,0.0,0
2024-03-06 03:00:00,18.6,66,0.0,0.92,0.0,0
2024-03-06 04:00:00,15.5,84,0.0,1.14,0.0,0
2024-03-06 05:00:00,15.3,85,0.0,1.43,0.0,0
2024-03-06 06:00:00,16.7,80,17.0,0.85,0.0,0
2024-03-06 07:00:00,18.2,69,108.0,1.71,0.0,0
2024-03-06 08:00:00,20.7,52,250.0,1.2,0.0,0
2024-03-06 09:00:00,22.8,44,399.0,0.95,0.0,0
2024-03-06 10:00:00,24.2,44,521.0,0.54,0.0,0
2024-03-06 11:00:00,25.7,42,592.0,1.58,0.0,0
2024-03-06 12:00:00,27.1,38,603.0,2.2,0.0,0
2024-03-06 13:00:00,27.8,35,548.0,2.51,0.0,0
2024-03-06 14:00:00,27.7,36,432.0,2.83,0.0,0
2024-03-06 15:00:00,27.2,38,281.0,2.8,0.0,0
2024-03-06 16:00:00,24.9,58,130.0,1.71,0.0,0
2024-03-06 17:00:00,23.0,53,26.0,2.16,0.0,0
2024-03-06 18:00:00,21.7,56,0.0,1.92,0.0,0
2024-03-06 19:00:00,20.7,61,0.0,2.06,0.0,0
2024-03-06 20:00:00,21.1,58,0.0,2.94,0.0,0
2024-03-06 21:00:00,20.7,58,0.0,3.1,0.0,0
2024-03-06 22:00:00,19.6,62,0.0,2.4,0.0,0
2024-03-06 23:00:00,18.0,72,0.0,1.86,0.0,1
2024-03-07 00:00:00,18.3,76,0.0,1.58,0.0,1
2024-03-07 01:00:00,15.6,91,0.0,2.2,0.0,0
2024-03-07 02:00:00,16.8,83,0.0,1.2,0.0,0
2024-03-07 03:00:00,15.5,92,0.0,1.34,0.0,0
2024-03-07 04:00:00,14.7,94,0.0,1.62,0.0,0
2024-03-07 05:00:00,14.5,93,0.0,1.36,0.0,0
2024-03-07 06:00:00,16.7,89,17.0,0.3,0.0,0
2024-03-07 07:00:00,18.7,75,106.0,1.0,0.0,0
2024-03-07 08:00:00,21.1,58,247.0,1.0,0.0,0
2024-03-07 09:00:00,23.1,48,395.0,1.41,0.0,0
2024-03-07 10:00:00,24.7,43,514.0,1.53,0.0,1
2024-03-07 11:00:00,26.3,39,583.0,1.49,0.0,1
2024-03-07 12:00:00,27.6,33,593.0,1.36,0.0,0
2024-03-07 13:00:00,28.4,29,539.0,2.09,0.0,0
2024-03-07 14:00:00,28.5,29,428.0,2.96,0.0,0
2024-03-07 15:00:00,27.9,32,281.0,3.1,0.0,0
2024-03-07 16:00:00,25.9,40,131.0,2.01,0.0,0
2024-03-07 17:00:00,22.9,46,27.0,2.15,0.0,0
2024-03-07 18:00:00,22.0,48,0.0,1.98,0.0,0
2024-03-07 19:00:00,22.6,46,0.0,2.04,0.0,0
2024-03-07 20:00:00,19.5,59,0.0,2.13,0.0,0
2024-03-07 21:00:00,18.2,71,0.0,2.33,0.0,0
2024-03-07 22:00:00,18.8,69,0.0,2.0,0.0,0
2024-03-07 23:00:00,18.3,72,0.0,1.48,0.0,0
2024-03-08 00:00:00,17.5,77,0.0,1.24,0.0,0
2024-03-08 01:00:00,17.4,79,0.0,1.48,0.0,0
2024-03-08 02:00:00,17.6,79,0.0,1.66,0.0,0
2024-03-08 03:00:00,16.6,87,0.0,1.94,0.0,0
2024-03-08 04:00:00,16.8,90,0.0,1.04,0.0,0
2024-03-08 05:00:00,15.3,97,0.0,0.91,0.0,0
2024-03-08 06:00:00,16.2,88,18.0,1.24,0.0,0
2024-03-08 07:00:00,18.2,78,108.0,0.61,0.0,0
2024-03-08 08:00:00,20.4,65,248.0,0.22,0.0,0
2024-03-08 09:00:00,22.8,53,396.0,1.14,0.0,0
2024-03-08 10:00:00,24.8,45,517.0,1.84,0.0,0
2024-03-08 11:00:00,26.6,39,589.0,2.4,0.0,0
2024-03-08 12:00:00,28.1,33,596.0,2.84,0.0,0
2024-03-08 13:00:00,28.8,29,542.0,3.91,0.0,0
2024-03-08 14:00:00,28.8,29,433.0,4.53,0.0,0
2024-03-08 15:00:00,28.4,31,284.0,4.44,0.0,0
2024-03-08 16:00:00,26.5,35,133.0,2.82,0.0,0
2024-03-08 17:00:00,23.5,43,27.0,2.34,0.0,0
2024-03-08 18:00:00,24.2,38,0.0,3.93,0.0,14
2024-03-08 19:00:00,23.1,43,0.0,3.2,0.0,1
2024-03-08 20:00:00,21.8,49,0.0,3.18,0.0,0
2024-03-08 21:00:00,21.1,52,0.0,3.14,0.0,0
2024-03-08 22:00:00,20.0,57,0.0,2.27,0.0,0
2024-03-08 23:00:00,18.6,63,0.0,2.4,0.0,0
2024-03-09 00:00:00,17.5,70,0.0,2.32,0.0,0
2024-03-09 01:00:00,16.8,79,0.0,2.31,0.0,0
2024-03-09 02:00:00,18.4,72,0.0,2.16,0.0,0
2024-03-09 03:00:00,16.4,82,0.0,0.92,0.0,0
2024-03-09 04:00:00,15.1,90,0.0,2.02,0.0,0
2024-03-09 05:00:00,14.7,91,0.0,2.06,0.0,0
2024-03-09 06:00:00,16.8,83,19.0,1.12,0.0,10
2024-03-09 07:00:00,19.2,72,108.0,1.39,0.0,11
2024-03-09 08:00:00,21.9,54,243.0,0.76,0.0,13
2024-03-09 09:00:00,24.1,45,386.0,0.81,0.0,9
2024-03-09 10:00:00,26.1,38,506.0,1.02,0.0,0
2024-03-09 11:00:00,27.7,34,574.0,1.66,0.0,0
2024-03-09 12:00:00,28.9,28,583.0,2.5,0.0,0
2024-03-09 13:00:00,29.3,26,530.0,3.0,0.0,0
2024-03-09 14:00:00,29.2,27,422.0,2.82,0.0,0
2024-03-09 15:00:00,28.9,28,276.0,2.57,0.0,0
2024-03-09 16:00:00,26.5,35,129.0,2.06,0.0,0
2024-03-09 17:00:00,23.5,40,27.0,2.28,0.0,0
2024-03-09 18:00:00,22.1,46,0.0,2.05,0.0,10
2024-03-09 19:00:00,22.8,44,0.0,0.89,0.0,17
2024-03-09 20:00:00,20.1,55,0.0,1.92,0.0,1
2024-03-09 21:00:00,18.2,63,0.0,2.48,0.0,0
2024-03-09 22:00:00,17.4,69,0.0,2.12,0.0,0
2024-03-09 23:00:00,17.0,73,0.0,1.81,0.0,0
2024-03-10 00:00:00,16.8,72,0.0,1.9,0.0,0
2024-03-10 01:00:00,16.5,72,0.0,1.46,0.0,0
2024-03-10 02:00:00,18.6,65,0.0,1.21,0.0,0
2024-03-10 03:00:00,18.1,70,0.0,1.22,0.0,1
2024-03-10 04:00:00,15.1,86,0.0,1.25,0.0,2
2024-03-10 05:00:00,14.3,90,0.0,1.57,0.0,0
2024-03-10 06:00:00,16.4,82,19.0,1.22,0.0,0
2024-03-10 07:00:00,19.2,73,107.0,0.81,0.0,0
2024-03-10 08:00:00,22.3,52,243.0,0.95,0.0,0
2024-03-10 09:00:00,24.5,42,386.0,1.52,0.0,0
2024-03-10 10:00:00,26.1,38,502.0,2.06,0.0,0
2024-03-10 11:00:00,27.3,35,569.0,1.98,0.0,0
2024-03-10 12:00:00,28.5,32,576.0,1.75,0.0,0
2024-03-10 13:00:00,29.6,28,524.0,1.4,0.0,0
2024-03-10 14:00:00,30.3,25,416.0,1.87,0.0,0
2024-03-10 15:00:00,29.4,29,273.0,2.9,0.0,0
2024-03-10 16:00:00,25.9,54,128.0,2.21,0.0,0
2024-03-10 17:00:00,23.3,49,27.0,2.56,0.0,0
2024-03-10 18:00:00,22.2,53,0.0,2.39,0.0,0
2024-03-10 19:00:00,20.8,62,0.0,2.84,0.0,1
2024-03-10 20:00:00,20.2,63,0.0,2.02,0.0,2
2024-03-10 21:00:00,19.5,65,0.0,2.28,0.0,0
2024-03-10 22:00:00,19.1,64,0.0,2.48,0.0,0
2024-03-10 23:00:00,18.4,65,0.0,2.98,0.0,0
2024-03-11 00:00:00,18.1,66,0.0,2.97,0.0,0
2024-03-11 01:00:00,17.7,69,0.0,3.05,0.0,0
2024-03-11 02:00:00,18.6,65,0.0,2.46,0.0,0
2024-03-11 03:00:00,19.7,61,0.0,1.84,0.0,0
2024-03-11 04:00:00,19.0,66,0.0,1.08,0.0,0
2024-03-11 05:00:00,16.9,79,0.0,0.4,0.0,0
2024-03-11 06:00:00,18.1,73,19.0,1.02,0.0,0
2024-03-11 07:00:00,19.7,66,107.0,1.9,0.0,0
2024-03-11 08:00:00,22.3,52,243.0,1.0,0.0,0
2024-03-11 09:00:00,24.7,43,387.0,0.45,0.0,0
2024-03-11 10:00:00,26.6,39,502.0,0.95,0.0,0
2024-03-11 11:00:00,28.3,36,569.0,1.28,0.0,0
2024-03-11 12:00:00,29.5,33,575.0,1.89,0.0,0
2024-03-11 13:00:00,30.3,33,519.0,2.28,0.0,0
2024-03-11 14:00:00,30.7,33,411.0,2.33,0.0,0
2024-03-11 15:00:00,30.1,35,265.0,2.78,0.0,0
2024-03-11 16:00:00,28.0,41,124.0,2.16,0.0,0
2024-03-11 17:00:00,24.4,52,27.0,2.78,0.0,0
2024-03-11 18:00:00,24.1,48,0.0,2.56,0.0,2
2024-03-11 19:00:00,23.2,53,0.0,2.56,0.0,2
2024-03-11 20:00:00,23.6,52,0.0,2.84,0.0,0
2024-03-11 21:00:00,23.3,51,0.0,3.16,0.0,0
2024-03-11 22:00:00,21.9,56,0.0,2.12,0.0,0
2024-03-11 23:00:00,20.0,67,0.0,2.37,0.0,0
2024-03-12 00:00:00,19.3,71,0.0,2.51,0.0,0
2024-03-12 01:00:00,18.9,74,0.0,2.69,0.0,0
2024-03-12 02:00:00,18.7,76,0.0,2.56,0.0,0
2024-03-12 03:00:00,18.4,77,0.0,2.48,0.0,0
2024-03-12 04:00:00,19.9,67,0.0,2.08,0.0,0
2024-03-12 05:00:00,19.9,66,0.0,2.08,0.0,0
2024-03-12 06:00:00,20.0,69,20.0,1.52,0.0,0
2024-03-12 07:00:00,21.1,66,108.0,0.63,0.0,0
2024-03-12 08:00:00,23.0,58,243.0,0.36,0.0,0
2024-03-12 09:00:00,25.3,50,383.0,0.4,0.0,0
2024-03-12 10:00:00,27.3,44,498.0,0.94,0.0,0
2024-03-12 11:00:00,29.2,39,564.0,2.24,0.0,0
2024-03-12 12:00:00,30.7,33,571.0,3.94,0.0,1
2024-03-12 13:00:00,31.6,27,512.0,4.73,0.0,0
2024-03-12 14:00:00,31.9,27,412.0,4.66,0.0,0
2024-03-12 15:00:00,31.3,30,270.0,3.76,0.0,1
2024-03-12 16:00:00,29.0,37,126.0,3.08,0.0,11
2024-03-12 17:00:00,26.4,42,27.0,2.48,0.0,5
2024-03-12 18:00:00,23.4,57,0.0,2.69,0.0,32
2024-03-12 19:00:00,24.1,55,0.0,1.0,0.0,16
2024-03-12 20:00:00,21.7,65,0.0,2.24,0.0,25
2024-03-12 21:00:00,21.8,62,0.0,1.9,0.0,17
2024-03-12 22:00:00,21.0,63,0.0,1.92,0.0,20
2024-03-12 23:00:00,20.7,69,0.0,3.11,0.0,17
2024-03-13 00:00:00,20.2,74,0.0,3.16,0.0,11
2024-03-13 01:00:00,19.4,78,0.0,2.72,0.0,0
2024-03-13 02:00:00,18.9,81,0.0,2.92,0.0,0
2024-03-13 03:00:00,18.5,83,0.0,2.82,0.0,0
2024-03-13 04:00:00,18.1,86,0.0,2.82,0.0,0
2024-03-13 05:00:00,17.8,88,0.0,2.94,0.0,0
2024-03-13 06:00:00,18.4,90,21.0,2.31,0.0,2
2024-03-13 07:00:00,20.1,81,108.0,2.25,0.0,0
2024-03-13 08:00:00,22.1,72,240.0,2.47,0.0,0
2024-03-13 09:00:00,24.4,62,381.0,2.73,0.0,0
2024-03-13 10:00:00,26.5,53,494.0,2.78,0.0,0
2024-03-13 11:00:00,28.3,46,562.0,2.7,0.0,0
2024-03-13 12:00:00,29.9,41,572.0,2.34,0.0,0
2024-03-13 13:00:00,30.8,35,520.0,1.7,0.0,1
2024-03-13 14:00:00,30.9,31,404.0,1.68,0.0,23
2024-03-13 15:00:00,30.6,34,259.0,2.2,0.0,6
2024-03-13 16:00:00,28.1,45,115.0,1.46,0.0,4
2024-03-13 17:00:00,25.2,51,27.0,2.26,0.0,0
2024-03-13 18:00:00,25.8,47,0.0,2.41,0.0,35
2024-03-13 19:00:00,23.5,61,0.0,1.77,0.0,38
2024-03-13 20:00:00,22.2,65,0.0,1.65,0.0,37
2024-03-13 21:00:00,22.6,67,0.0,1.91,0.0,44
2024-03-13 22:00:00,21.6,72,0.0,1.81,0.0,7
2024-03-13 23:00:00,20.4,80,0.0,1.94,0.0,11
2024-03-14 00:00:00,19.9,83,0.0,2.32,0.0,11
2024-03-14 01:00:00,19.4,85,0.0,2.55,0.0,67
2024-03-14 02:00:00,18.8,88,0.0,2.5,0.0,11
2024-03-14 03:00:00,18.2,90,0.0,2.6,0.0,27
2024-03-14 04:00:00,18.0,90,0.0,2.4,0.0,30
2024-03-14 05:00:00,18.1,88,0.0,2.33,0.0,21
2024-03-14 06:00:00,19.6,87,20.0,1.73,0.0,16
2024-03-14 07:00:00,21.4,77,107.0,1.14,0.0,2
2024-03-14 08:00:00,23.8,60,242.0,0.82,0.0,0
2024-03-14 09:00:00,26.2,48,384.0,1.1,0.0,0
2024-03-14 10:00:00,28.0,42,494.0,1.68,0.0,0
2024-03-14 11:00:00,29.3,37,560.0,1.98,0.0,0
2024-03-14 12:00:00,30.5,35,561.0,2.47,0.0,0
2024-03-14 13:00:00,31.2,33,479.0,2.58,0.0,0
2024-03-14 14:00:00,32.0,29,379.0,3.44,0.0,14
2024-03-14 15:00:00,31.6,30,217.0,3.7,0.0,16
2024-03-14 16:00:00,29.1,40,119.0,1.75,0.0,0
2024-03-14 17:00:00,26.2,47,27.0,2.08,0.0,24
2024-03-14 18:00:00,23.5,56,0.0,1.33,0.0,21
2024-03-14 19:00:00,22.0,73,0.0,4.43,0.0,56
2024-03-14 20:00:00,21.6,75,0.0,3.13,0.0,43
2024-03-14 21:00:00,21.4,75,0.0,2.71,0.0,0
2024-03-14 22:00:00,19.7,85,0.0,0.42,0.0,0
2024-03-14 23:00:00,19.2,88,0.0,1.61,0.0,0
2024-03-15 00:00:00,18.6,93,0.0,1.63,0.0,0
2024-03-15 01:00:00,18.5,91,0.0,2.11,0.0,0
2024-03-15 02:00:00,18.3,89,0.0,2.01,0.0,0
2024-03-15 03:00:00,17.9,92,0.0,2.69,0.0,0
2024-03-15 04:00:00,17.6,92,0.0,2.45,0.0,0
2024-03-15 05:00:00,17.3,93,0.0,2.35,0.0,0
2024-03-15 06:00:00,19.5,81,22.0,2.8,0.0,0
2024-03-15 07:00:00,20.4,76,107.0,3.0,0.0,0
2024-03-15 08:00:00,21.8,71,236.0,3.49,0.0,0
2024-03-15 09:00:00,23.9,62,372.0,3.16,0.0,10
2024-03-15 10:00:00,26.0,54,458.0,2.87,0.0,8
2024-03-15 11:00:00,27.8,48,495.0,2.72,0.0,30
2024-03-15 12:00:00,29.3,44,508.0,2.28,0.0,10
2024-03-15 13:00:00,30.3,41,483.0,1.75,0.0,0
2024-03-15 14:00:00,30.5,40,399.0,0.82,0.0,11
2024-03-15 15:00:00,30.0,42,248.0,0.8,0.0,20
2024-03-15 16:00:00,28.0,63,107.0,1.1,0.0,26
2024-03-15 17:00:00,25.5,57,24.0,1.43,0.0,1
2024-03-15 18:00:00,24.8,40,0.0,2.91,0.0,24
2024-03-15 19:00:00,25.4,37,0.0,0.7,0.0,2
2024-03-15 20:00:00,21.8,53,0.0,1.41,0.0,0
2024-03-15 21:00:00,22.4,53,0.0,0.78,0.0,0
2024-03-15 22:00:00,21.0,60,0.0,1.41,0.0,0
2024-03-15 23:00:00,18.3,83,0.0,1.7,0.0,0
2024-03-16 00:00:00,18.4,88,0.0,3.07,0.0,0
2024-03-16 01:00:00,18.2,90,0.0,2.52,0.0,0
2024-03-16 02:00:00,18.1,91,0.0,2.32,0.0,0
2024-03-16 03:00:00,17.8,92,0.0,2.33,0.0,0
2024-03-16 04:00:00,17.3,94,0.0,1.8,0.0,0
2024-03-16 05:00:00,16.8,97,0.0,1.8,0.0,2
2024-03-16 06:00:00,19.1,95,21.0,2.1,0.0,8
2024-03-16 07:00:00,20.6,85,104.0,1.61,0.0,0
2024-03-16 08:00:00,22.9,73,230.0,1.71,0.0,0
2024-03-16 09:00:00,25.3,65,369.0,1.93,0.0,5
2024-03-16 10:00:00,27.0,58,477.0,2.41,0.0,14
2024-03-16 11:00:00,28.5,51,538.0,1.7,0.0,43
2024-03-16 12:00:00,29.4,48,491.0,0.71,0.0,100
2024-03-16 13:00:00,30.1,45,426.0,0.81,0.0,86
2024-03-16 14:00:00,30.7,42,375.0,1.84,0.0,28
2024-03-16 15:00:00,30.2,43,216.0,2.42,0.0,38
2024-03-16 16:00:00,28.4,48,108.0,1.7,0.0,12
2024-03-16 17:00:00,26.2,47,27.0,2.83,0.0,25
2024-03-16 18:00:00,27.3,46,0.0,1.4,0.0,100
2024-03-16 19:00:00,23.3,62,0.0,2.76,0.0,85
2024-03-16 20:00:00,23.5,58,0.0,2.33,0.0,63
2024-03-16 21:00:00,23.0,54,0.0,1.82,0.0,89
2024-03-16 22:00:00,24.8,45,0.0,0.99,0.0,0
2024-03-16 23:00:00,23.2,51,0.0,0.64,0.0,0
2024-03-17 00:00:00,21.7,61,0.0,1.41,0.0,3
2024-03-17 01:00:00,19.6,75,0.0,1.84,0.0,36
2024-03-17 02:00:00,19.5,76,0.0,2.01,0.0,4
2024-03-17 03:00:00,18.8,81,0.0,1.8,0.0,7
2024-03-17 04:00:00,17.8,85,0.0,2.42,0.0,3
2024-03-17 05:00:00,17.2,90,0.0,1.75,0.0,2
2024-03-17 06:00:00,21.2,68,22.0,0.81,0.0,99
2024-03-17 07:00:00,22.3,69,99.0,1.39,0.0,83
2024-03-17 08:00:00,24.3,59,233.0,0.63,0.0,4
2024-03-17 09:00:00,26.5,49,364.0,0.89,0.0,8
2024-03-17 10:00:00,28.2,44,459.0,1.06,0.0,28
2024-03-17 11:00:00,29.4,39,482.0,1.0,0.0,14
2024-03-17 12:00:00,30.4,37,503.0,0.2,0.0,11
2024-03-17 13:00:00,31.4,36,466.0,1.62,0.0,13
2024-03-17 14:00:00,31.4,36,364.0,3.35,0.0,16
2024-03-17 15:00:00,30.5,39,237.0,2.83,0.0,14
2024-03-17 16:00:00,28.6,43,121.0,2.1,0.0,5
2024-03-17 17:00:00,26.3,41,28.0,2.3,0.0,1
2024-03-17 18:00:00,27.6,42,0.0,1.7,0.0,2
2024-03-17 19:00:00,23.2,58,0.0,1.58,0.0,0
2024-03-17 20:00:00,22.8,60,0.0,1.98,0.0,0
2024-03-17 21:00:00,21.7,62,0.0,2.83,0.0,0
2024-03-17 22:00:00,20.5,66,0.0,2.31,0.0,0
2024-03-17 23:00:00,19.6,69,0.0,1.68,0.0,0
2024-03-18 00:00:00,18.9,72,0.0,1.92,0.0,0
2024-03-18 01:00:00,19.0,73,0.0,1.63,0.0,0
2024-03-18 02:00:00,17.4,86,0.0,2.08,0.0,40
2024-03-18 03:00:00,17.6,82,0.0,1.71,0.0,0
2024-03-18 04:00:00,17.5,78,0.0,1.7,0.0,0
2024-03-18 05:00:00,16.6,83,0.0,1.93,0.0,0
2024-03-18 06:00:00,19.4,79,25.0,0.28,0.0,9
2024-03-18 07:00:00,21.1,76,115.0,1.3,0.0,80
2024-03-18 08:00:00,23.8,61,246.0,2.01,0.0,87
2024-03-18 09:00:00,26.0,57,377.0,2.1,0.0,98
2024-03-18 10:00:00,27.9,51,483.0,1.98,0.0,91
2024-03-18 11:00:00,29.5,47,557.0,1.75,0.0,86
2024-03-18 12:00:00,30.5,42,534.0,1.4,0.0,60
2024-03-18 13:00:00,31.3,37,488.0,1.06,0.0,50
2024-03-18 14:00:00,31.8,30,385.0,1.9,0.0,69
2024-03-18 15:00:00,30.7,39,239.0,1.3,0.0,100
2024-03-18 16:00:00,29.5,44,103.0,1.65,0.0,88
2024-03-18 17:00:00,27.2,44,29.0,1.9,0.0,70
2024-03-18 18:00:00,25.3,51,0.0,2.81,0.0,13
2024-03-18 19:00:00,23.3,56,0.0,2.13,0.0,11
2024-03-18 20:00:00,25.0,49,0.0,0.1,0.0,27
2024-03-18 21:00:00,24.2,50,0.0,1.2,0.0,47
2024-03-18 22:00:00,22.7,54,0.0,0.76,0.0,32
2024-03-18 23:00:00,19.4,72,0.0,1.36,0.0,100
2024-03-19 00:00:00,19.4,72,0.0,2.5,0.0,91
2024-03-19 01:00:00,20.1,64,0.0,2.36,0.0,13
2024-03-19 02:00:00,19.3,72,0.0,2.31,0.0,7
2024-03-19 03:00:00,20.9,68,0.0,1.89,0.0,80
2024-03-19 04:00:00,18.7,81,0.0,0.89,0.0,26
2024-03-19 05:00:00,17.8,89,0.0,1.3,0.0,29
2024-03-19 06:00:00,20.4,75,26.0,1.2,0.0,96
2024-03-19 07:00:00,22.0,70,99.0,1.49,0.0,100
2024-03-19 08:00:00,23.6,62,184.0,2.24,0.0,100
2024-03-19 09:00:00,24.9,59,227.0,1.92,0.0,93
2024-03-19 10:00:00,27.5,50,434.0,1.7,0.0,100
2024-03-19 11:00:00,28.5,47,363.0,1.61,0.0,100
2024-03-19 12:00:00,29.3,44,358.0,1.53,0.0,100
2024-03-19 13:00:00,29.4,43,255.0,1.4,0.0,99
2024-03-19 14:00:00,30.1,41,303.0,1.1,0.0,100
2024-03-19 15:00:00,29.4,50,191.0,0.71,0.0,100
2024-03-19 16:00:00,27.5,65,95.0,1.5,0.0,100
2024-03-19 17:00:00,25.7,60,23.0,1.12,0.0,100
2024-03-19 18:00:00,24.2,55,0.0,1.92,0.0,100
2024-03-19 19:00:00,22.6,65,0.0,2.93,0.0,100
2024-03-19 20:00:00,22.8,63,0.0,1.8,0.0,100
2024-03-19 21:00:00,21.8,68,0.0,2.67,0.0,100
2024-03-19 22:00:00,21.4,67,0.0,2.28,0.0,100
2024-03-19 23:00:00,20.6,72,0.0,1.2,0.0,100
2024-03-20 00:00:00,20.1,79,0.0,1.46,0.0,100
2024-03-20 01:00:00,21.4,74,0.0,0.2,0.0,100
2024-03-20 02:00:00,19.4,87,0.0,0.9,0.0,100
2024-03-20 03:00:00,19.3,89,0.0,0.95,0.0,100
2024-03-20 04:00:00,19.1,85,0.0,1.08,0.0,100
2024-03-20 05:00:00,20.3,77,0.0,0.22,0.0,100
2024-03-20 06:00:00,21.6,73,14.0,2.21,0.0,100
2024-03-20 07:00:00,21.6,74,24.0,4.5,0.2,100
2024-03-20 08:00:00,20.4,88,36.0,2.72,1.2,100
2024-03-20 09:00:00,20.4,89,29.0,1.26,3.4,100
2024-03-20 10:00:00,20.2,90,37.0,1.2,2.4,100
2024-03-20 11:00:00,20.3,90,47.0,1.1,1.1,100
2024-03-20 12:00:00,20.3,90,62.0,0.45,1.5,100
2024-03-20 13:00:00,20.6,89,81.0,0.3,1.1,100
2024-03-20 14:00:00,20.7,91,73.0,1.04,1.0,100
2024-03-20 15:00:00,20.7,92,45.0,1.39,0.9,100
2024-03-20 16:00:00,20.4,95,25.0,2.41,0.9,100
2024-03-20 17:00:00,20.0,94,7.0,2.82,0.3,100
2024-03-20 18:00:00,19.5,97,0.0,1.36,0.4,100
2024-03-20 19:00:00,19.0,98,0.0,1.2,0.0,100
2024-03-20 20:00:00,19.0,98,0.0,1.73,0.0,100
2024-03-20 21:00:00,19.0,97,0.0,1.5,0.0,88
2024-03-20 22:00:00,18.8,97,0.0,2.2,0.0,75
2024-03-20 23:00:00,18.7,95,0.0,2.47,0.0,97
2024-03-21 00:00:00,18.2,96,0.0,2.28,0.0,99
2024-03-21 01:00:00,18.0,97,0.0,1.64,0.0,100
2024-03-21 02:00:00,18.0,97,0.0,1.84,0.0,100
2024-03-21 03:00:00,17.5,97,0.0,1.12,0.0,99
2024-03-21 04:00:00,17.7,97,0.0,1.26,0.0,86
2024-03-21 05:00:00,17.7,97,0.0,2.24,0.0,99
2024-03-21 06:00:00,19.2,97,9.0,2.75,0.6,100
2024-03-21 07:00:00,19.4,93,52.0,2.55,0.3,100
2024-03-21 08:00:00,19.6,94,49.0,2.63,0.8,100
2024-03-21 09:00:00,21.0,86,160.0,2.59,0.0,99
2024-03-21 10:00:00,22.2,82,286.0,0.81,0.0,93
2024-03-21 11:00:00,22.5,80,295.0,1.87,0.2,99
2024-03-21 12:00:00,22.1,83,196.0,2.33,0.7,100
2024-03-21 13:00:00,21.5,88,201.0,1.41,0.3,100
2024-03-21 14:00:00,20.7,93,125.0,2.11,2.1,99
2024-03-21 15:00:00,21.0,90,105.0,1.5,0.2,99
2024-03-21 16:00:00,20.6,90,48.0,2.4,0.2,100
2024-03-21 17:00:00,19.9,92,10.0,1.57,0.3,100
2024-03-21 18:00:00,19.0,93,0.0,1.12,0.9,100
2024-03-21 19:00:00,18.3,95,0.0,2.06,2.0,100
2024-03-21 20:00:00,18.4,93,0.0,1.34,0.3,100
2024-03-21 21:00:00,18.5,93,0.0,0.36,0.1,100
2024-03-21 22:00:00,18.2,95,0.0,0.92,0.8,100
2024-03-21 23:00:00,17.9,96,0.0,0.8,0.7,100
2024-03-22 00:00:00,17.9,98,0.0,0.6,0.4,100
2024-03-22 01:00:00,17.7,98,0.0,0.63,0.0,100
2024-03-22 02:00:00,17.6,98,0.0,0.92,0.0,100
2024-03-22 03:00:00,17.5,98,0.0,1.08,0.0,100
2024-03-22 04:00:00,17.0,96,0.0,0.99,0.0,100
2024-03-22 05:00:00,16.9,95,0.0,0.91,0.0,100
2024-03-22 06:00:00,18.0,94,20.0,1.53,0.2,87
2024-03-22 07:00:00,18.5,91,78.0,1.5,0.3,49
2024-03-22 08:00:00,19.5,87,198.0,1.1,0.0,34
2024-03-22 09:00:00,20.8,79,350.0,1.34,0.1,28
2024-03-22 10:00:00,22.3,74,442.0,2.47,0.0,2
2024-03-22 11:00:00,24.0,69,573.0,2.42,0.0,1
2024-03-22 12:00:00,25.0,66,576.0,2.66,0.1,10
2024-03-22 13:00:00,25.6,62,498.0,2.77,0.0,9
2024-03-22 14:00:00,25.8,59,405.0,3.13,0.0,9
2024-03-22 15:00:00,25.4,63,260.0,2.12,0.0,10
2024-03-22 16:00:00,24.1,77,127.0,1.26,0.0,9
2024-03-22 17:00:00,24.3,65,31.0,1.2,0.0,4
2024-03-22 18:00:00,21.0,85,0.0,1.4,0.0,38
2024-03-22 19:00:00,20.6,88,0.0,1.6,0.0,22
2024-03-22 20:00:00,19.5,95,0.0,1.3,0.0,22
2024-03-22 21:00:00,19.0,96,0.0,1.96,0.0,35
2024-03-22 22:00:00,18.6,97,0.0,1.25,0.0,34
2024-03-22 23:00:00,18.2,97,0.0,0.72,0.0,21
2024-03-23 00:00:00,19.6,90,0.0,1.08,0.0,6
2024-03-23 01:00:00,18.0,95,0.0,1.56,0.0,36
2024-03-23 02:00:00,17.8,94,0.0,1.39,0.0,100
2024-03-23 03:00:00,18.2,96,0.0,0.98,0.0,28
2024-03-23 04:00:00,17.5,99,0.0,1.6,0.0,75
2024-03-23 05:00:00,17.1,100,0.0,1.02,0.0,32
2024-03-23 06:00:00,19.8,88,28.0,0.92,0.0,60
2024-03-23 07:00:00,19.4,90,91.0,0.14,0.3,99
2024-03-23 08:00:00,20.0,88,138.0,1.12,0.0,34
2024-03-23 09:00:00,21.8,79,367.0,1.21,0.0,1
2024-03-23 10:00:00,23.7,71,521.0,1.03,0.0,8
2024-03-23 11:00:00,25.0,67,579.0,2.85,0.0,57
2024-03-23 12:00:00,24.7,67,517.0,1.58,0.2,87
2024-03-23 13:00:00,23.3,73,365.0,3.13,0.2,85
2024-03-23 14:00:00,22.9,75,252.0,1.06,0.2,7
2024-03-23 15:00:00,23.4,73,253.0,1.3,0.0,41
2024-03-23 16:00:00,22.7,78,104.0,1.36,0.0,43
2024-03-23 17:00:00,20.7,90,28.0,0.82,0.0,25
2024-03-23 18:00:00,19.7,91,0.0,0.98,2.8,37
2024-03-23 19:00:00,19.3,93,0.0,1.52,0.1,2
2024-03-23 20:00:00,18.1,97,0.0,1.53,0.0,6
2024-03-23 21:00:00,17.4,99,0.0,1.72,0.0,6
2024-03-23 22:00:00,17.9,99,0.0,1.5,0.0,24
2024-03-23 23:00:00,18.2,96,0.0,1.97,0.0,22
2024-03-24 00:00:00,17.4,97,0.0,1.68,0.0,39
2024-03-24 01:00:00,18.2,96,0.0,1.71,0.0,16
2024-03-24 02:00:00,17.9,96,0.0,1.2,0.0,28
2024-03-24 03:00:00,17.9,98,0.0,1.4,0.0,43
2024-03-24 04:00:00,17.8,97,0.0,2.11,0.0,100
2024-03-24 05:00:00,17.8,98,0.0,2.82,0.0,100
2024-03-24 06:00:00,19.7,95,23.0,3.01,0.1,100
2024-03-24 07:00:00,20.1,93,54.0,2.96,0.2,100
2024-03-24 08:00:00,20.6,90,91.0,3.13,0.1,100
2024-03-24 09:00:00,21.9,84,236.0,2.52,0.0,31
2024-03-24 10:00:00,23.8,76,417.0,1.84,0.0,93
2024-03-24 11:00:00,24.9,71,375.0,1.9,0.0,24
2024-03-24 12:00:00,26.5,65,556.0,1.42,0.0,44
2024-03-24 13:00:00,26.9,64,432.0,1.58,0.0,47
2024-03-24 14:00:00,27.3,63,372.0,1.57,0.0,10
2024-03-24 15:00:00,27.4,64,267.0,1.14,0.0,16
2024-03-24 16:00:00,26.1,79,132.0,0.85,0.0,2
2024-03-24 17:00:00,25.1,74,33.0,1.21,0.0,30
2024-03-24 18:00:00,21.4,89,0.0,2.0,0.1,64
2024-03-24 19:00:00,21.6,88,0.0,0.22,0.0,100
2024-03-24 20:00:00,20.5,95,0.0,2.3,0.0,100
2024-03-24 21:00:00,20.8,93,0.0,1.1,0.0,100
2024-03-24 22:00:00,19.2,98,0.0,1.44,0.0,100
2024-03-24 23:00:00,19.1,99,0.0,1.46,0.0,100
2024-03-25 00:00:00,19.5,99,0.0,1.2,0.0,98
2024-03-25 01:00:00,19.2,100,0.0,1.3,0.0,100
2024-03-25 02:00:00,19.6,99,0.0,1.5,0.0,100
2024-03-25 03:00:00,19.5,98,0.0,2.5,0.0,39
2024-03-25 04:00:00,19.1,98,0.0,2.26,0.0,55
2024-03-25 05:00:00,18.8,100,0.0,2.32,0.0,100
2024-03-25 06:00:00,21.1,89,28.0,2.57,0.8,22
2024-03-25 07:00:00,21.3,91,124.0,3.7,0.0,37
2024-03-25 08:00:00,22.1,88,237.0,2.97,0.0,55
2024-03-25 09:00:00,23.9,81,368.0,2.47,0.0,86
2024-03-25 10:00:00,25.7,74,517.0,1.52,0.0,73
2024-03-25 11:00:00,26.3,71,482.0,1.7,0.0,99
2024-03-25 12:00:00,26.6,70,446.0,1.3,0.0,42
2024-03-25 13:00:00,27.0,68,475.0,1.2,0.0,21
2024-03-25 14:00:00,27.4,66,407.0,1.34,0.0,21
2024-03-25 15:00:00,27.4,66,269.0,1.41,0.0,35
2024-03-25 16:00:00,26.1,74,123.0,1.61,0.0,94
2024-03-25 17:00:00,24.0,79,24.0,2.92,0.0,100
2024-03-25 18:00:00,22.1,82,0.0,2.7,0.2,89
2024-03-25 19:00:00,20.7,90,0.0,1.41,0.6,100
2024-03-25 20:00:00,19.6,96,0.0,1.5,0.0,100
2024-03-25 21:00:00,19.7,93,0.0,2.8,2.3,100
2024-03-25 22:00:00,19.5,95,0.0,1.14,0.9,13
2024-03-25 23:00:00,18.8,99,0.0,0.8,0.0,16
2024-03-26 00:00:00,18.6,99,0.0,0.5,0.0,100
2024-03-26 01:00:00,18.6,98,0.0,1.87,3.7,97
2024-03-26 02:00:00,18.6,98,0.0,1.0,0.3,86
2024-03-26 03:00:00,18.5,98,0.0,1.42,0.0,32
2024-03-26 04:00:00,18.4,98,0.0,2.33,0.0,5
2024-03-26 05:00:00,18.2,97,0.0,2.4,0.0,18
2024-03-26 06:00:00,20.7,95,17.0,1.82,0.2,100
2024-03-26 07:00:00,21.1,94,102.0,3.24,0.0,30
2024-03-26 08:00:00,21.9,89,196.0,1.5,0.0,26
2024-03-26 09:00:00,23.5,82,345.0,2.15,0.0,1
2024-03-26 10:00:00,25.0,74,498.0,2.33,0.0,4
2024-03-26 11:00:00,26.0,68,577.0,1.49,0.0,4
2024-03-26 12:00:00,27.4,63,599.0,1.6,0.0,1
2024-03-26 13:00:00,27.7,64,549.0,2.69,0.0,1
2024-03-26 14:00:00,25.5,71,419.0,1.12,4.6,61
2024-03-26 15:00:00,25.5,75,193.0,2.31,0.0,95
2024-03-26 16:00:00,22.6,86,98.0,2.9,0.8,71
2024-03-26 17:00:00,21.4,90,28.0,2.28,0.0,27
2024-03-26 18:00:00,20.4,93,0.0,2.36,0.0,13
2024-03-26 19:00:00,20.2,91,0.0,3.58,0.0,4
2024-03-26 20:00:00,19.7,91,0.0,3.24,0.0,1
2024-03-26 21:00:00,19.2,94,0.0,2.89,0.0,1
2024-03-26 22:00:00,18.9,94,0.0,3.1,0.0,5
2024-03-26 23:00:00,18.4,96,0.0,2.47,0.0,17
2024-03-27 00:00:00,18.1,98,0.0,2.75,0.0,56
2024-03-27 01:00:00,18.0,98,0.0,2.34,0.0,100
2024-03-27 02:00:00,18.3,94,0.0,2.53,0.0,96
2024-03-27 03:00:00,18.2,95,0.0,2.73,0.0,99
2024-03-27 04:00:00,18.1,96,0.0,3.1,0.0,100
2024-03-27 05:00:00,18.3,95,0.0,3.42,0.0,100
2024-03-27 06:00:00,19.5,96,11.0,4.19,0.2,97
2024-03-27 07:00:00,20.0,93,88.0,4.43,0.0,100
2024-03-27 08:00:00,21.3,88,218.0,3.73,0.0,100
2024-03-27 09:00:00,22.4,83,261.0,4.21,0.0,79
2024-03-27 10:00:00,24.1,76,479.0,3.89,0.0,87
2024-03-27 11:00:00,25.4,72,573.0,3.8,0.0,65
2024-03-27 12:00:00,26.3,69,583.0,3.55,0.0,76
2024-03-27 13:00:00,26.6,66,525.0,3.4,0.0,33
2024-03-27 14:00:00,26.7,66,407.0,3.24,0.0,20
2024-03-27 15:00:00,26.3,68,282.0,3.0,0.0,48
2024-03-27 16:00:00,25.2,73,111.0,2.92,0.0,32
2024-03-27 17:00:00,23.9,75,33.0,3.18,0.0,99
2024-03-27 18:00:00,22.0,81,0.0,1.6,0.0,80
2024-03-27 19:00:00,20.9,87,0.0,1.39,0.0,6
2024-03-27 20:00:00,20.4,90,0.0,1.73,0.0,5
2024-03-27 21:00:00,20.1,90,0.0,1.7,0.0,9
2024-03-27 22:00:00,19.8,91,0.0,1.91,0.0,2
2024-03-27 23:00:00,19.5,93,0.0,1.9,0.0,48
2024-03-28 00:00:00,19.2,94,0.0,2.15,0.0,14
2024-03-28 01:00:00,18.9,93,0.0,2.38,0.0,3
2024-03-28 02:00:00,18.5,95,0.0,1.61,0.0,28
2024-03-28 03:00:00,18.6,95,0.0,1.75,0.0,97
2024-03-28 04:00:00,19.0,93,0.0,2.5,0.0,55
2024-03-28 05:00:00,18.7,97,0.0,1.7,0.0,6
2024-03-28 06:00:00,20.3,93,33.0,1.5,0.3,100
2024-03-28 07:00:00,20.4,92,40.0,3.31,0.1,99
2024-03-28 08:00:00,21.8,88,232.0,3.44,0.0,19
2024-03-28 09:00:00,24.0,78,410.0,2.53,0.0,7
2024-03-28 10:00:00,25.6,73,548.0,2.12,0.0,6
2024-03-28 11:00:00,26.8,69,610.0,2.51,0.0,2
2024-03-28 12:00:00,27.7,65,617.0,2.83,0.0,6
2024-03-28 13:00:00,28.5,60,559.0,3.09,0.0,17
2024-03-28 14:00:00,28.7,60,433.0,3.11,0.0,13
2024-03-28 15:00:00,28.3,65,296.0,2.64,0.0,16
2024-03-28 16:00:00,27.1,71,146.0,2.15,0.0,17
2024-03-28 17:00:00,25.1,79,37.0,1.84,0.0,32
2024-03-28 18:00:00,23.9,77,0.0,2.06,0.4,100
2024-03-28 19:00:00,23.3,81,0.0,0.63,0.2,15
2024-03-28 20:00:00,21.2,94,0.0,1.36,0.0,73
2024-03-28 21:00:00,21.3,95,0.0,1.64,0.0,36
2024-03-28 22:00:00,21.0,94,0.0,1.55,0.0,52
2024-03-28 23:00:00,20.8,94,0.0,0.67,0.0,7
2024-03-29 00:00:00,19.6,99,0.0,0.85,0.0,25
2024-03-29 01:00:00,19.6,98,0.0,0.81,0.0,44
2024-03-29 02:00:00,19.0,100,0.0,1.77,0.0,10
2024-03-29 03:00:00,19.5,98,0.0,1.34,0.0,65
2024-03-29 04:00:00,19.6,98,0.0,1.81,0.0,99
2024-03-29 05:00:00,19.6,96,0.0,2.02,0.0,73
2024-03-29 06:00:00,21.3,89,25.0,1.91,0.0,94
2024-03-29 07:00:00,22.4,87,117.0,1.84,0.0,77
2024-03-29 08:00:00,24.0,82,258.0,1.6,0.0,64
2024-03-29 09:00:00,25.8,76,424.0,1.5,0.0,80
2024-03-29 10:00:00,27.6,70,572.0,1.42,0.0,38
2024-03-29 11:00:00,29.1,65,635.0,0.6,0.0,27
2024-03-29 12:00:00,30.0,62,633.0,0.85,0.0,26
2024-03-29 13:00:00,30.4,62,544.0,1.41,0.0,6
2024-03-29 14:00:00,30.1,59,450.0,2.32,0.0,41
2024-03-29 15:00:00,29.8,62,221.0,0.92,0.0,15
2024-03-29 16:00:00,28.5,76,138.0,1.39,0.0,57
2024-03-29 17:00:00,26.4,72,32.0,2.02,0.0,28
2024-03-29 18:00:00,25.5,71,0.0,3.01,0.0,57
2024-03-29 19:00:00,23.8,83,0.0,1.53,0.0,79
2024-03-29 20:00:00,23.4,82,0.0,2.78,0.0,20
2024-03-29 21:00:00,22.2,88,0.0,1.61,0.0,73
2024-03-29 22:00:00,22.3,88,0.0,2.48,0.0,44
2024-03-29 23:00:00,22.1,87,0.0,2.12,0.0,74
2024-03-30 00:00:00,21.7,91,0.0,2.4,0.0,29
2024-03-30 01:00:00,21.4,92,0.0,0.54,0.8,100
2024-03-30 02:00:00,21.2,95,0.0,2.47,1.6,100
2024-03-30 03:00:00,21.3,96,0.0,1.53,0.0,100
2024-03-30 04:00:00,21.7,93,0.0,0.5,0.0,98
2024-03-30 05:00:00,20.3,99,1.0,0.95,0.0,100
2024-03-30 06:00:00,23.4,84,33.0,1.1,0.0,100
2024-03-30 07:00:00,23.8,87,124.0,2.42,0.0,98
2024-03-30 08:00:00,25.5,79,293.0,1.26,0.0,100
2024-03-30 09:00:00,27.1,73,416.0,1.21,0.0,100
2024-03-30 10:00:00,27.5,72,355.0,0.45,0.0,100
2024-03-30 11:00:00,28.8,68,498.0,0.7,0.0,100
2024-03-30 12:00:00,29.8,65,570.0,0.7,0.0,100
2024-03-30 13:00:00,30.7,61,527.0,1.0,0.0,100
2024-03-30 14:00:00,30.7,58,413.0,1.6,0.0,68
2024-03-30 15:00:00,30.2,61,246.0,1.17,0.1,62
2024-03-30 16:00:00,29.0,70,147.0,1.41,0.0,100
2024-03-30 17:00:00,27.2,73,32.0,1.71,0.0,99
2024-03-30 18:00:00,25.2,77,0.0,2.04,0.0,89
2024-03-30 19:00:00,24.6,79,0.0,0.82,0.2,51
2024-03-30 20:00:00,25.1,78,0.0,0.81,0.1,48
2024-03-30 21:00:00,24.0,84,0.0,2.2,1.0,72
2024-03-30 22:00:00,23.2,85,0.0,3.1,0.9,100
2024-03-30 23:00:00,22.7,86,0.0,3.61,1.3,87
2024-03-31 00:00:00,22.1,91,0.0,3.24,0.9,85
2024-03-31 01:00:00,21.8,93,0.0,2.78,0.1,80
2024-03-31 02:00:00,21.5,95,0.0,2.48,0.2,31
2024-03-31 03:00:00,21.5,92,0.0,1.94,0.0,23
2024-03-31 04:00:00,21.6,93,0.0,3.12,0.1,51
2024-03-31 05:00:00,21.0,95,1.0,3.94,1.2,95
2024-03-31 06:00:00,22.1,89,13.0,2.69,0.3,100
2024-03-31 07:00:00,22.8,88,78.0,1.22,0.0,100
2024-03-31 08:00:00,22.9,86,156.0,1.33,0.0,100
2024-03-31 09:00:00,23.5,84,207.0,3.2,0.0,100
2024-03-31 10:00:00,22.8,87,250.0,2.79,2.5,100
2024-03-31 11:00:00,21.9,93,285.0,1.51,2.6,65
2024-03-31 12:00:00,24.9,80,530.0,0.91,0.0,4
2024-03-31 13:00:00,26.6,73,571.0,0.92,0.0,11
2024-03-31 14:00:00,26.7,74,400.0,1.42,0.0,19
2024-03-31 15:00:00,26.6,75,263.0,1.72,0.0,21
2024-03-31 16:00:00,25.9,79,138.0,1.81,0.0,50
2024-03-31 17:00:00,23.5,90,26.0,0.45,0.2,100
2024-03-31 18:00:00,21.9,94,0.0,2.9,0.1,99
2024-03-31 19:00:00,21.4,95,0.0,2.56,1.4,100
2024-03-31 20:00:00,21.5,92,0.0,1.58,0.1,100
2024-03-31 21:00:00,21.0,96,0.0,2.28,0.0,100
2024-03-31 22:00:00,20.9,93,0.0,3.91,0.0,100
2024-03-31 23:00:00,20.6,95,0.0,1.92,0.0,55
2024-04-01 00:00:00,20.4,98,0.0,2.0,0.0,100
2024-04-01 01:00:00,20.6,93,0.0,2.48,0.0,60
2024-04-01 02:00:00,20.6,91,0.0,2.22,0.0,36
2024-04-01 03:00:00,20.0,97,0.0,2.71,0.0,35
2024-04-01 04:00:00,19.7,95,0.0,2.4,0.0,14
2024-04-01 05:00:00,19.5,95,1.0,2.3,0.0,11
2024-04-01 06:00:00,20.9,89,13.0,0.98,0.0,8
2024-04-01 07:00:00,21.7,85,167.0,2.2,0.0,6
2024-04-01 08:00:00,23.3,79,323.0,1.71,0.0,8
2024-04-01 09:00:00,25.0,75,472.0,1.2,0.0,12
2024-04-01 10:00:00,26.5,72,596.0,1.53,0.0,10
2024-04-01 11:00:00,27.7,69,655.0,0.85,0.0,6
2024-04-01 12:00:00,28.5,69,652.0,1.64,0.0,36
2024-04-01 13:00:00,30.0,68,545.0,2.56,0.0,56
2024-04-01 14:00:00,30.3,69,388.0,2.5,0.0,44
2024-04-01 15:00:00,30.6,68,282.0,2.2,0.0,53
2024-04-01 16:00:00,28.8,73,132.0,1.8,0.0,5
2024-04-01 17:00:00,26.3,84,44.0,1.64,0.0,9
2024-04-01 18:00:00,24.5,86,0.0,1.2,0.0,10
2024-04-01 19:00:00,23.9,84,0.0,1.34,0.0,7
2024-04-01 20:00:00,23.1,86,0.0,2.1,0.0,7
2024-04-01 21:00:00,21.6,94,0.0,1.2,0.0,46
2024-04-01 22:00:00,21.8,98,0.0,3.54,0.0,10
2024-04-01 23:00:00,21.6,93,0.0,3.42,0.0,14
2024-04-02 00:00:00,20.7,97,0.0,3.64,0.0,1
2024-04-02 01:00:00,20.6,98,0.0,2.86,0.0,12
2024-04-02 02:00:00,20.3,98,0.0,2.02,0.0,70
2024-04-02 03:00:00,20.2,98,0.0,2.21,0.0,100
2024-04-02 04:00:00,20.3,99,0.0,3.16,0.0,100
2024-04-02 05:00:00,20.2,97,1.0,3.13,0.0,57
2024-04-02 06:00:00,21.3,99,53.0,2.84,0.0,100
2024-04-02 07:00:00,22.0,94,119.0,2.51,0.0,88
2024-04-02 08:00:00,23.6,89,288.0,1.77,0.0,31
2024-04-02 09:00:00,25.4,83,456.0,1.34,0.0,14
2024-04-02 10:00:00,27.6,72,607.0,1.26,0.0,4
2024-04-02 11:00:00,29.2,62,690.0,1.6,0.0,3
2024-04-02 12:00:00,30.0,60,684.0,1.24,0.0,10
2024-04-02 13:00:00,30.5,59,613.0,1.53,0.0,3
2024-04-02 14:00:00,30.6,59,488.0,1.51,0.0,9
2024-04-02 15:00:00,30.2,60,331.0,1.86,0.0,2
2024-04-02 16:00:00,28.9,68,168.0,2.21,0.0,5
2024-04-02 17:00:00,26.9,69,45.0,1.94,0.0,3
2024-04-02 18:00:00,24.6,76,0.0,2.61,0.0,2
2024-04-02 19:00:00,26.7,62,0.0,0.98,0.0,0
2024-04-02 20:00:00,26.6,61,0.0,1.21,0.0,1
2024-04-02 21:00:00,26.8,58,0.0,0.14,0.0,0
2024-04-02 22:00:00,24.7,69,0.0,0.45,0.0,0
2024-04-02 23:00:00,21.2,88,0.0,1.3,0.0,0
2024-04-03 00:00:00,20.3,95,0.0,1.68,0.0,8
2024-04-03 01:00:00,20.4,97,0.0,3.27,0.0,25
2024-04-03 02:00:00,20.0,99,0.0,2.92,0.0,33
2024-04-03 03:00:00,20.1,98,0.0,2.94,0.0,77
2024-04-03 04:00:00,20.0,98,0.0,3.1,0.0,64
2024-04-03 05:00:00,19.9,97,1.0,2.77,0.0,90
2024-04-03 06:00:00,21.2,93,52.0,3.35,0.0,8
2024-04-03 07:00:00,22.3,85,181.0,3.3,0.0,100
2024-04-03 08:00:00,24.0,78,331.0,3.32,0.0,89
2024-04-03 09:00:00,25.8,72,498.0,3.21,0.0,62
2024-04-03 10:00:00,27.3,67,621.0,3.13,0.0,17
2024-04-03 11:00:00,28.7,62,687.0,3.0,0.0,1
2024-04-03 12:00:00,29.7,57,679.0,2.7,0.0,1
2024-04-03 13:00:00,30.2,56,616.0,2.42,0.0,1
2024-04-03 14:00:00,30.2,56,490.0,2.48,0.0,8
2024-04-03 15:00:00,29.7,60,330.0,2.4,0.0,11
2024-04-03 16:00:00,28.5,69,170.0,1.5,0.0,6
2024-04-03 17:00:00,26.7,72,46.0,2.16,0.0,28
2024-04-03 18:00:00,25.5,72,0.0,2.06,0.1,13
2024-04-03 19:00:00,24.6,76,0.0,3.32,0.0,4
2024-04-03 20:00:00,23.9,78,0.0,3.2,0.0,3
2024-04-03 21:00:00,22.9,81,0.0,2.61,0.0,0
2024-04-03 22:00:00,22.1,85,0.0,2.47,0.0,0
2024-04-03 23:00:00,21.7,86,0.0,3.13,0.0,5
2024-04-04 00:00:00,21.3,88,0.0,2.96,0.0,1
2024-04-04 01:00:00,21.0,89,0.0,3.0,0.0,9
2024-04-04 02:00:00,20.6,91,0.0,2.6,0.0,0
2024-04-04 03:00:00,20.3,92,0.0,2.14,0.0,9
2024-04-04 04:00:00,20.0,93,0.0,2.21,0.0,61
2024-04-04 05:00:00,20.0,93,2.0,2.47,0.0,100
2024-04-04 06:00:00,21.6,88,58.0,3.5,0.0,60
2024-04-04 07:00:00,22.7,82,185.0,3.75,0.0,95
2024-04-04 08:00:00,24.1,76,341.0,3.63,0.0,96
2024-04-04 09:00:00,26.2,69,507.0,3.34,0.0,48
2024-04-04 10:00:00,28.1,65,631.0,3.23,0.0,6
2024-04-04 11:00:00,29.4,61,691.0,3.19,0.0,3
2024-04-04 12:00:00,30.3,57,691.0,3.31,0.0,51
2024-04-04 13:00:00,30.8,55,613.0,3.28,0.0,32
2024-04-04 14:00:00,30.9,55,500.0,3.28,0.0,91
2024-04-04 15:00:00,30.3,59,337.0,2.92,0.0,88
2024-04-04 16:00:00,29.0,64,167.0,3.36,0.0,100
2024-04-04 17:00:00,27.5,69,47.0,3.86,0.0,47
2024-04-04 18:00:00,25.8,75,0.0,4.32,0.0,53
2024-04-04 19:00:00,24.4,78,0.0,4.53,0.0,52
2024-04-04 20:00:00,23.2,83,0.0,4.6,0.0,49
2024-04-04 21:00:00,22.5,86,0.0,3.8,0.0,63
2024-04-04 22:00:00,22.0,89,0.0,2.92,0.0,32
2024-04-04 23:00:00,21.9,91,0.0,3.28,0.1,64
2024-04-05 00:00:00,21.9,91,0.0,3.32,0.1,33
2024-04-05 01:00:00,21.3,93,0.0,3.51,0.1,100
2024-04-05 02:00:00,21.2,92,0.0,3.28,0.1,100
2024-04-05 03:00:00,21.2,93,0.0,3.31,0.0,65
2024-04-05 04:00:00,21.0,95,0.0,2.94,0.0,100
2024-04-05 05:00:00,21.2,94,1.0,3.61,0.0,99
2024-04-05 06:00:00,21.7,94,46.0,1.84,0.7,100
2024-04-05 07:00:00,22.0,91,44.0,2.1,0.2,99
2024-04-05 08:00:00,22.8,88,141.0,2.47,0.0,91
2024-04-05 09:00:00,24.5,83,396.0,1.92,0.0,43
2024-04-05 10:00:00,26.0,76,464.0,1.82,0.0,54
2024-04-05 11:00:00,26.7,74,439.0,1.3,0.0,36
2024-04-05 12:00:00,28.2,69,611.0,1.75,0.0,4
2024-04-05 13:00:00,29.3,64,622.0,1.77,0.0,4
2024-04-05 14:00:00,29.7,61,499.0,1.93,0.0,6
2024-04-05 15:00:00,29.5,63,318.0,1.75,0.0,3
2024-04-05 16:00:00,28.6,72,174.0,1.03,0.0,17
2024-04-05 17:00:00,26.4,81,44.0,1.64,0.0,17
2024-04-05 18:00:00,25.5,77,0.0,4.38,0.0,93
2024-04-05 19:00:00,24.7,77,0.0,2.55,0.0,58
2024-04-05 20:00:00,24.1,81,0.0,2.62,0.0,87
2024-04-05 21:00:00,23.6,83,0.0,3.12,0.1,99
2024-04-05 22:00:00,23.0,87,0.0,3.29,0.0,40
2024-04-05 23:00:00,22.3,91,0.0,2.84,0.0,10
2024-04-06 00:00:00,21.6,95,0.0,3.18,0.0,3
2024-04-06 01:00:00,21.2,97,0.0,3.11,0.0,0
2024-04-06 02:00:00,21.0,98,0.0,3.0,0.0,0
2024-04-06 03:00:00,20.8,98,0.0,2.83,0.0,2
2024-04-06 04:00:00,20.6,98,0.0,2.93,0.0,39
2024-04-06 05:00:00,20.6,97,2.0,2.9,0.0,100
2024-04-06 06:00:00,22.6,94,52.0,1.3,0.0,17
2024-04-06 07:00:00,23.6,85,168.0,1.14,0.0,2
2024-04-06 08:00:00,24.8,84,361.0,0.64,0.0,5
2024-04-06 09:00:00,26.7,79,516.0,1.06,0.0,8
2024-04-06 10:00:00,28.4,72,639.0,2.73,0.0,10
2024-04-06 11:00:00,29.6,69,693.0,2.15,0.0,48
2024-04-06 12:00:00,30.5,64,628.0,0.45,0.0,88
2024-04-06 13:00:00,31.1,63,560.0,1.1,0.0,55
2024-04-06 14:00:00,31.8,62,498.0,1.04,0.0,72
2024-04-06 15:00:00,31.4,65,308.0,1.39,0.0,92
2024-04-06 16:00:00,30.2,73,168.0,1.77,0.0,32
2024-04-06 17:00:00,28.2,79,50.0,1.75,0.0,71
2024-04-06 18:00:00,25.7,86,1.0,1.41,0.0,29
2024-04-06 19:00:00,25.4,86,0.0,2.18,0.0,44
2024-04-06 20:00:00,27.3,76,0.0,0.22,0.0,46
2024-04-06 21:00:00,25.0,85,0.0,1.12,0.0,39
2024-04-06 22:00:00,24.0,89,0.0,1.41,0.0,29
2024-04-06 23:00:00,23.2,92,0.0,1.7,0.0,16
2024-04-07 00:00:00,23.8,89,0.0,1.84,0.0,28
2024-04-07 01:00:00,23.6,93,0.0,0.4,0.0,33
2024-04-07 02:00:00,21.9,99,0.0,1.12,0.0,26
2024-04-07 03:00:00,22.5,97,0.0,0.89,0.0,36
2024-04-07 04:00:00,22.0,99,0.0,0.71,0.0,70
2024-04-07 05:00:00,21.2,100,2.0,0.67,0.0,100
2024-04-07 06:00:00,24.1,82,67.0,2.2,0.0,24
2024-04-07 07:00:00,26.1,73,205.0,1.48,0.0,57
2024-04-07 08:00:00,28.1,65,375.0,1.84,0.0,90
2024-04-07 09:00:00,29.8,59,540.0,4.07,0.0,49
2024-04-07 10:00:00,31.9,51,642.0,4.51,0.0,100
2024-04-07 11:00:00,32.6,51,678.0,4.22,0.0,69
2024-04-07 12:00:00,33.2,52,719.0,4.54,0.0,13
2024-04-07 13:00:00,33.2,48,655.0,4.65,0.0,14
2024-04-07 14:00:00,33.9,46,520.0,3.98,0.0,37
2024-04-07 15:00:00,32.9,50,361.0,3.67,0.0,60
2024-04-07 16:00:00,31.7,40,175.0,5.19,0.0,88
2024-04-07 17:00:00,30.7,42,52.0,5.05,0.0,100
2024-04-07 18:00:00,29.4,43,0.0,3.32,0.0,100
2024-04-07 19:00:00,28.4,45,0.0,2.75,0.0,100
2024-04-07 20:00:00,28.3,47,0.0,3.16,0.0,100
2024-04-07 21:00:00,26.9,57,0.0,1.87,0.0,100
2024-04-07 22:00:00,25.7,64,0.0,1.7,0.0,99
2024-04-07 23:00:00,25.4,68,0.0,2.1,0.0,100
2024-04-08 00:00:00,26.3,64,0.0,2.2,0.0,100
2024-04-08 01:00:00,25.1,70,0.0,2.81,0.0,100
2024-04-08 02:00:00,24.9,72,0.0,1.58,0.0,100
2024-04-08 03:00:00,24.2,80,0.0,1.4,0.0,79
2024-04-08 04:00:00,22.7,90,0.0,1.49,0.0,20
2024-04-08 05:00:00,22.8,91,3.0,1.8,0.0,79
2024-04-08 06:00:00,24.9,80,59.0,1.81,0.0,99
2024-04-08 07:00:00,26.2,71,179.0,2.28,0.0,100
2024-04-08 08:00:00,27.4,64,295.0,1.92,0.0,87
2024-04-08 09:00:00,29.3,59,535.0,1.77,0.0,40
2024-04-08 10:00:00,30.6,56,663.0,1.41,0.0,99
2024-04-08 11:00:00,31.6,53,688.0,1.44,0.0,100
2024-04-08 12:00:00,31.6,52,430.0,2.21,0.0,100
2024-04-08 13:00:00,31.3,53,390.0,2.84,0.0,100
2024-04-08 14:00:00,30.8,59,235.0,1.9,0.0,100
2024-04-08 15:00:00,30.8,60,209.0,1.56,0.0,100
2024-04-08 16:00:00,29.5,64,105.0,1.5,0.0,100
2024-04-08 17:00:00,27.7,68,38.0,1.7,0.0,99
2024-04-08 18:00:00,26.9,67,1.0,2.42,0.0,84
2024-04-08 19:00:00,26.1,72,0.0,2.4,0.0,92
2024-04-08 20:00:00,25.7,74,0.0,2.18,0.0,58
2024-04-08 21:00:00,24.9,78,0.0,2.24,0.0,0
2024-04-08 22:00:00,24.4,82,0.0,2.28,0.0,0
2024-04-08 23:00:00,23.8,87,0.0,1.89,0.0,0
2024-04-09 00:00:00,23.1,91,0.0,1.53,0.0,0
2024-04-09 01:00:00,22.6,92,0.0,1.6,0.0,0
2024-04-09 02:00:00,21.3,94,0.0,1.25,0.0,0
2024-04-09 03:00:00,20.5,94,0.0,0.94,0.0,0
2024-04-09 04:00:00,20.8,96,0.0,2.08,0.0,1
2024-04-09 05:00:00,20.9,97,3.0,2.21,0.0,2
2024-04-09 06:00:00,23.2,88,69.0,2.19,0.0,100
2024-04-09 07:00:00,24.6,83,170.0,2.08,0.0,100
2024-04-09 08:00:00,26.4,77,307.0,1.5,0.0,96
2024-04-09 09:00:00,28.5,70,515.0,1.24,0.0,83
2024-04-09 10:00:00,30.0,65,648.0,0.42,0.0,42
2024-04-09 11:00:00,30.9,62,655.0,0.14,0.0,3
2024-04-09 12:00:00,32.1,56,707.0,0.86,0.0,39
2024-04-09 13:00:00,32.7,50,624.0,0.82,0.0,95
2024-04-09 14:00:00,33.1,46,517.0,1.8,0.0,65
2024-04-09 15:00:00,31.9,52,349.0,2.91,0.2,93
2024-04-09 16:00:00,29.9,66,157.0,1.02,0.0,100
2024-04-09 17:00:00,28.0,68,45.0,2.42,0.0,100
2024-04-09 18:00:00,26.1,64,1.0,2.92,0.0,99
2024-04-09 19:00:00,25.2,63,0.0,1.84,0.0,100
2024-04-09 20:00:00,24.6,62,0.0,2.62,0.0,95
2024-04-09 21:00:00,23.7,67,0.0,2.56,0.0,0
2024-04-09 22:00:00,22.5,70,0.0,1.75,0.0,77
2024-04-09 23:00:00,21.5,77,0.0,2.2,0.0,30
2024-04-10 00:00:00,20.7,86,0.0,1.63,0.0,54
2024-04-10 01:00:00,20.8,91,0.0,2.43,0.0,58
2024-04-10 02:00:00,20.8,86,0.0,2.83,0.0,65
2024-04-10 03:00:00,20.9,88,0.0,3.31,0.0,100
2024-04-10 04:00:00,21.0,89,0.0,3.21,0.0,100
2024-04-10 05:00:00,21.3,85,3.0,2.94,0.0,100
2024-04-10 06:00:00,22.4,74,44.0,1.0,0.0,100
2024-04-10 07:00:00,23.9,66,149.0,3.22,0.0,93
2024-04-10 08:00:00,25.8,59,329.0,3.45,0.0,100
2024-04-10 09:00:00,27.1,56,464.0,3.18,0.0,18
2024-04-10 10:00:00,28.8,53,696.0,3.31,0.0,71
2024-04-10 11:00:00,30.1,52,731.0,2.94,0.0,1
2024-04-10 12:00:00,31.4,49,751.0,2.48,0.0,27
2024-04-10 13:00:00,32.1,46,670.0,2.6,0.0,53
2024-04-10 14:00:00,32.2,44,503.0,2.1,0.0,100
2024-04-10 15:00:00,31.4,41,294.0,0.86,0.0,99
2024-04-10 16:00:00,30.1,51,153.0,0.92,0.0,94
2024-04-10 17:00:00,26.6,65,50.0,1.5,0.0,59
2024-04-10 18:00:00,26.2,60,1.0,2.51,0.0,92
2024-04-10 19:00:00,24.3,72,0.0,1.0,0.0,87
2024-04-10 20:00:00,22.9,88,0.0,1.56,0.0,83
2024-04-10 21:00:00,22.6,91,0.0,1.2,0.0,63
2024-04-10 22:00:00,21.8,93,0.0,1.14,0.0,6
2024-04-10 23:00:00,20.9,97,0.0,0.91,0.0,2
2024-04-11 00:00:00,21.0,95,0.0,1.68,0.0,0
2024-04-11 01:00:00,20.9,89,0.0,1.84,0.0,0
2024-04-11 02:00:00,20.9,87,0.0,2.0,0.0,0
2024-04-11 03:00:00,21.3,84,0.0,2.42,0.0,1
2024-04-11 04:00:00,21.0,84,0.0,2.41,0.0,41
2024-04-11 05:00:00,20.9,86,4.0,2.4,0.0,4
2024-04-11 06:00:00,22.9,81,77.0,2.91,0.0,96
2024-04-11 07:00:00,24.6,70,222.0,3.3,0.0,73
2024-04-11 08:00:00,26.0,60,379.0,3.6,0.0,100
2024-04-11 09:00:00,28.1,52,549.0,3.71,0.0,100
2024-04-11 10:00:00,30.0,46,622.0,4.47,0.0,100
2024-04-11 11:00:00,31.3,42,664.0,4.49,0.0,92
2024-04-11 12:00:00,32.2,42,692.0,3.76,0.0,99
2024-04-11 13:00:00,32.8,40,654.0,3.45,0.0,99
2024-04-11 14:00:00,32.4,40,460.0,3.55,0.0,100
2024-04-11 15:00:00,31.7,44,358.0,2.79,0.0,100
2024-04-11 16:00:00,30.0,52,183.0,1.8,0.0,100
2024-04-11 17:00:00,28.3,54,48.0,2.2,0.0,100
2024-04-11 18:00:00,25.0,85,0.0,2.0,0.2,100
2024-04-11 19:00:00,24.2,78,0.0,4.72,2.3,100
2024-04-11 20:00:00,23.0,87,0.0,3.32,2.9,100
2024-04-11 21:00:00,21.9,86,0.0,0.94,0.0,100
2024-04-11 22:00:00,21.9,86,0.0,1.32,0.0,100
2024-04-11 23:00:00,22.3,90,0.0,2.08,0.5,100
2024-04-12 00:00:00,22.4,94,0.0,0.1,0.4,100
2024-04-12 01:00:00,22.1,94,0.0,1.79,0.0,100
2024-04-12 02:00:00,21.9,95,0.0,1.82,0.0,100
2024-04-12 03:00:00,21.6,96,0.0,1.3,0.0,94
2024-04-12 04:00:00,21.7,96,0.0,2.42,0.0,7
2024-04-12 05:00:00,21.2,95,5.0,2.85,0.0,0
2024-04-12 06:00:00,23.4,84,81.0,3.32,0.0,1
2024-04-12 07:00:00,25.1,73,236.0,3.86,0.0,1
2024-04-12 08:00:00,26.5,67,416.0,3.04,0.0,1
2024-04-12 09:00:00,28.6,58,574.0,2.94,0.0,3
2024-04-12 10:00:00,30.0,54,689.0,2.82,0.0,2
2024-04-12 11:00:00,31.3,49,760.0,2.36,0.0,6
2024-04-12 12:00:00,32.1,47,740.0,2.42,0.0,22
2024-04-12 13:00:00,32.8,44,656.0,1.34,0.0,15
2024-04-12 14:00:00,33.0,40,536.0,2.55,0.0,10
2024-04-12 15:00:00,32.2,45,374.0,2.34,0.0,99
2024-04-12 16:00:00,30.3,56,200.0,1.87,0.0,96
2024-04-12 17:00:00,27.7,67,60.0,1.89,0.0,68
2024-04-12 18:00:00,26.7,66,1.0,1.75,0.0,100
2024-04-12 19:00:00,25.2,76,0.0,1.7,0.0,95
2024-04-12 20:00:00,24.2,85,0.0,1.5,0.0,69
2024-04-12 21:00:00,25.1,83,0.0,0.3,0.0,87
2024-04-12 22:00:00,22.9,94,0.0,1.36,0.0,15
2024-04-12 23:00:00,22.0,95,0.0,1.53,0.0,67
2024-04-13 00:00:00,21.6,96,0.0,1.5,0.0,97
2024-04-13 01:00:00,22.3,93,0.0,1.98,0.0,98
2024-04-13 02:00:00,22.6,88,0.0,2.22,0.0,70
2024-04-13 03:00:00,22.3,89,0.0,2.4,0.0,91
2024-04-13 04:00:00,22.0,91,0.0,2.5,0.0,99
2024-04-13 05:00:00,22.0,90,5.0,2.7,0.0,94
2024-04-13 06:00:00,23.7,83,83.0,2.47,0.0,22
2024-04-13 07:00:00,25.9,72,242.0,2.43,0.0,4
2024-04-13 08:00:00,28.3,59,424.0,2.75,0.0,4
2024-04-13 09:00:00,30.2,49,585.0,3.26,0.0,1
2024-04-13 10:00:00,31.7,44,711.0,2.57,0.0,20
2024-04-13 11:00:00,32.9,41,777.0,2.01,0.0,14
2024-04-13 12:00:00,33.7,35,774.0,1.1,0.0,0
2024-04-13 13:00:00,34.1,31,694.0,2.21,0.0,13
2024-04-13 14:00:00,34.0,32,539.0,2.26,0.0,45
2024-04-13 15:00:00,33.6,35,360.0,1.02,0.0,64
2024-04-13 16:00:00,32.1,47,199.0,1.26,0.0,42
2024-04-13 17:00:00,29.2,48,59.0,1.98,0.0,8
2024-04-13 18:00:00,28.3,52,1.0,2.26,0.0,43
2024-04-13 19:00:00,28.2,53,0.0,1.65,0.0,22
2024-04-13 20:00:00,25.0,70,0.0,1.75,0.0,18
2024-04-13 21:00:00,24.0,76,0.0,2.41,0.0,0
2024-04-13 22:00:00,23.6,77,0.0,2.62,0.0,1
2024-04-13 23:00:00,23.0,78,0.0,2.42,0.0,0
2024-04-14 00:00:00,22.6,81,0.0,2.33,0.0,0
2024-04-14 01:00:00,24.6,74,0.0,1.25,0.0,0
2024-04-14 02:00:00,24.6,75,0.0,0.54,0.0,0
2024-04-14 03:00:00,21.8,89,0.0,1.72,0.0,2
2024-04-14 04:00:00,22.1,88,0.0,1.71,0.0,25
2024-04-14 05:00:00,22.1,83,6.0,2.14,0.0,72
2024-04-14 06:00:00,24.3,75,87.0,2.73,0.0,98
2024-04-14 07:00:00,26.9,64,240.0,1.84,0.0,60
2024-04-14 08:00:00,29.3,57,414.0,2.06,0.0,12
2024-04-14 09:00:00,31.5,49,589.0,2.08,0.0,40
2024-04-14 10:00:00,33.0,44,702.0,1.64,0.0,32
2024-04-14 11:00:00,34.3,38,770.0,1.3,0.0,31
2024-04-14 12:00:00,34.6,37,710.0,2.21,0.0,36
2024-04-14 13:00:00,34.9,37,645.0,3.34,0.0,82
2024-04-14 14:00:00,33.4,38,363.0,3.7,0.0,100
2024-04-14 15:00:00,32.6,45,263.0,2.2,0.0,75
2024-04-14 16:00:00,31.7,52,196.0,1.53,0.0,25
2024-04-14 17:00:00,29.6,60,63.0,2.1,0.0,41
2024-04-14 18:00:00,27.2,66,1.0,3.93,0.0,94
2024-04-14 19:00:00,25.8,70,0.0,2.31,0.0,100
2024-04-14 20:00:00,25.2,75,0.0,1.8,0.0,22
2024-04-14 21:00:00,24.0,84,0.0,1.36,0.0,19
2024-04-14 22:00:00,23.4,91,0.0,1.21,0.0,88
2024-04-14 23:00:00,22.7,96,0.0,1.63,0.0,87
2024-04-15 00:00:00,22.6,94,0.0,2.08,0.0,27
2024-04-15 01:00:00,22.6,90,0.0,2.28,0.0,13
2024-04-15 02:00:00,23.0,85,0.0,2.25,0.0,1
2024-04-15 03:00:00,24.1,82,0.0,1.36,0.0,0
2024-04-15 04:00:00,21.9,96,0.0,1.7,0.0,0
2024-04-15 05:00:00,22.5,96,6.0,1.56,0.0,0
2024-04-15 06:00:00,24.5,82,90.0,2.42,0.0,0
2024-04-15 07:00:00,27.1,68,250.0,2.55,0.0,0
2024-04-15 08:00:00,29.4,57,432.0,2.53,0.0,1
2024-04-15 09:00:00,31.5,50,600.0,1.91,0.0,9
2024-04-15 10:00:00,33.1,46,702.0,1.0,0.0,26
2024-04-15 11:00:00,34.0,45,694.0,1.92,0.0,12
2024-04-15 12:00:00,34.5,42,663.0,1.64,0.0,35
2024-04-15 13:00:00,35.4,38,651.0,2.4,0.0,40
2024-04-15 14:00:00,34.4,38,473.0,3.91,0.1,72
2024-04-15 15:00:00,33.4,44,333.0,3.1,0.0,48
2024-04-15 16:00:00,32.5,53,165.0,1.03,0.0,48
2024-04-15 17:00:00,30.4,57,57.0,2.1,0.0,57
2024-04-15 18:00:00,28.2,67,1.0,1.5,0.0,43
2024-04-15 19:00:00,27.9,69,0.0,2.24,0.0,48
2024-04-15 20:00:00,29.5,58,0.0,0.92,0.0,39
2024-04-15 21:00:00,27.3,70,0.0,1.4,0.0,22
2024-04-15 22:00:00,26.5,77,0.0,1.5,0.0,49
2024-04-15 23:00:00,25.9,78,0.0,1.42,0.0,46
2024-04-16 00:00:00,24.9,86,0.0,1.14,0.0,13
2024-04-16 01:00:00,24.0,91,0.0,1.1,0.0,98
2024-04-16 02:00:00,23.8,93,0.0,1.4,0.0,96
2024-04-16 03:00:00,23.7,91,0.0,1.99,0.0,97
2024-04-16 04:00:00,23.7,87,0.0,1.75,0.0,83
2024-04-16 05:00:00,23.9,87,7.0,1.82,0.0,37
2024-04-16 06:00:00,25.3,86,66.0,1.53,0.1,97
2024-04-16 07:00:00,24.8,83,154.0,2.98,1.6,100
2024-04-16 08:00:00,25.1,83,141.0,1.33,0.2,87
2024-04-16 09:00:00,24.7,86,264.0,1.92,1.7,98
2024-04-16 10:00:00,26.3,78,441.0,1.41,0.1,97
2024-04-16 11:00:00,28.3,69,618.0,2.69,0.0,100
2024-04-16 12:00:00,28.8,67,439.0,3.09,0.0,99
2024-04-16 13:00:00,29.1,64,437.0,3.31,0.0,51
2024-04-16 14:00:00,29.9,60,543.0,2.06,0.0,68
2024-04-16 15:00:00,30.3,58,380.0,2.94,0.0,82
2024-04-16 16:00:00,29.8,61,209.0,3.2,0.0,57
2024-04-16 17:00:00,28.3,65,65.0,2.7,0.0,97
2024-04-16 18:00:00,26.7,69,1.0,3.31,0.0,100
2024-04-16 19:00:00,25.5,75,0.0,4.3,0.5,91
2024-04-16 20:00:00,23.8,85,0.0,3.28,3.2,100
2024-04-16 21:00:00,23.7,88,0.0,2.06,0.3,100
2024-04-16 22:00:00,23.3,90,0.0,3.28,0.0,59
2024-04-16 23:00:00,22.9,92,0.0,3.81,0.0,47
2024-04-17 00:00:00,22.5,94,0.0,3.64,0.0,73
2024-04-17 01:00:00,22.4,94,0.0,3.71,0.0,96
2024-04-17 02:00:00,22.1,95,0.0,3.89,0.1,100
2024-04-17 03:00:00,22.2,92,0.0,2.59,0.1,100
2024-04-17 04:00:00,21.8,92,0.0,2.24,0.0,97
2024-04-17 05:00:00,21.7,92,5.0,1.84,0.0,99
2024-04-17 06:00:00,23.4,88,80.0,2.7,0.0,45
2024-04-17 07:00:00,24.8,79,213.0,3.49,0.0,67
2024-04-17 08:00:00,26.4,70,391.0,4.03,0.0,65
2024-04-17 09:00:00,27.6,65,542.0,4.08,0.0,67
2024-04-17 10:00:00,29.0,61,661.0,3.73,0.0,54
2024-04-17 11:00:00,30.3,56,736.0,2.86,0.0,2
2024-04-17 12:00:00,31.6,52,789.0,1.12,0.0,9
2024-04-17 13:00:00,31.9,52,665.0,1.65,0.0,42
2024-04-17 14:00:00,32.2,51,458.0,2.15,0.0,24
2024-04-17 15:00:00,33.1,46,357.0,2.05,0.0,17
2024-04-17 16:00:00,32.7,48,206.0,1.64,0.0,17
2024-04-17 17:00:00,30.0,56,64.0,2.63,0.0,12
2024-04-17 18:00:00,27.5,69,2.0,1.57,0.0,8
2024-04-17 19:00:00,27.2,71,0.0,3.72,0.0,7
2024-04-17 20:00:00,24.9,81,0.0,5.66,0.0,21
2024-04-17 21:00:00,24.0,85,0.0,4.36,0.0,3
2024-04-17 22:00:00,23.5,83,0.0,3.67,0.0,21
2024-04-17 23:00:00,23.1,82,0.0,4.4,0.0,2
2024-04-18 00:00:00,22.6,84,0.0,3.49,0.0,2
2024-04-18 01:00:00,22.0,87,0.0,3.42,0.0,7
2024-04-18 02:00:00,21.7,88,0.0,3.63,0.0,10
2024-04-18 03:00:00,21.4,88,0.0,3.31,0.0,7
2024-04-18 04:00:00,21.3,87,0.0,3.59,0.0,1
2024-04-18 05:00:00,21.4,86,8.0,3.91,0.0,3
2024-04-18 06:00:00,22.7,82,98.0,4.56,0.0,1
2024-04-18 07:00:00,24.4,74,262.0,4.72,0.0,45
2024-04-18 08:00:00,26.6,66,448.0,4.4,0.0,73
2024-04-18 09:00:00,28.6,61,612.0,4.49,0.0,94
2024-04-18 10:00:00,30.1,56,721.0,4.43,0.0,98
2024-04-18 11:00:00,31.3,53,788.0,3.76,0.0,100
2024-04-18 12:00:00,32.2,51,779.0,3.11,0.0,100
2024-04-18 13:00:00,32.6,49,682.0,2.52,0.0,91
2024-04-18 14:00:00,32.7,49,550.0,2.44,0.0,100
2024-04-18 15:00:00,32.0,50,367.0,2.51,0.0,86
2024-04-18 16:00:00,31.0,54,198.0,2.0,0.0,50
2024-04-18 17:00:00,29.4,60,61.0,2.0,0.0,58
2024-04-18 18:00:00,26.5,70,2.0,1.39,0.0,17
2024-04-18 19:00:00,25.6,77,0.0,1.57,0.0,39
2024-04-18 20:00:00,25.1,82,0.0,1.3,0.0,18
2024-04-18 21:00:00,24.6,87,0.0,1.4,0.0,5
2024-04-18 22:00:00,23.9,90,0.0,1.63,0.0,3
2024-04-18 23:00:00,23.6,91,0.0,1.4,0.0,12
2024-04-19 00:00:00,23.3,92,0.0,1.6,0.0,4
2024-04-19 01:00:00,22.8,94,0.0,1.51,0.0,16
2024-04-19 02:00:00,22.5,96,0.0,1.51,0.0,7
2024-04-19 03:00:00,22.1,98,0.0,1.14,0.0,7
2024-04-19 04:00:00,21.4,99,0.0,1.24,0.0,4
2024-04-19 05:00:00,22.1,99,9.0,1.22,0.0,16
2024-04-19 06:00:00,24.4,85,86.0,2.12,0.0,92
2024-04-19 07:00:00,25.8,77,163.0,1.94,0.0,98
2024-04-19 08:00:00,26.7,69,243.0,1.7,0.0,94
2024-04-19 09:00:00,27.9,64,450.0,3.2,0.0,100
2024-04-19 10:00:00,28.7,59,391.0,1.92,0.0,4
2024-04-19 11:00:00,30.8,53,738.0,1.28,0.0,11
2024-04-19 12:00:00,32.2,49,766.0,1.3,0.0,12
2024-04-19 13:00:00,33.0,46,697.0,0.2,0.0,20
2024-04-19 14:00:00,33.1,45,513.0,2.26,0.0,26
2024-04-19 15:00:00,32.2,48,338.0,2.06,0.0,37
2024-04-19 16:00:00,31.8,51,168.0,0.71,0.0,28
2024-04-19 17:00:00,29.9,57,64.0,1.46,0.0,43
2024-04-19 18:00:00,27.3,72,1.0,4.49,4.5,57
2024-04-19 19:00:00,25.0,89,0.0,1.7,5.8,61
2024-04-19 20:00:00,24.3,88,0.0,4.34,2.0,60
2024-04-19 21:00:00,23.7,88,0.0,3.58,0.0,65
2024-04-19 22:00:00,22.8,90,0.0,3.96,0.2,65
2024-04-19 23:00:00,22.6,91,0.0,2.5,0.0,39
2024-04-20 00:00:00,22.4,91,0.0,1.71,0.0,54
2024-04-20 01:00:00,22.1,92,0.0,1.9,0.0,63
2024-04-20 02:00:00,22.1,91,0.0,2.14,0.0,47
2024-04-20 03:00:00,21.8,90,0.0,2.94,0.1,98
2024-04-20 04:00:00,21.9,90,0.0,2.7,0.1,58
2024-04-20 05:00:00,21.8,91,8.0,2.8,0.0,78
2024-04-20 06:00:00,22.9,87,63.0,4.97,0.0,97
2024-04-20 07:00:00,24.1,81,135.0,3.95,0.1,81
2024-04-20 08:00:00,25.4,76,219.0,3.35,0.0,100
2024-04-20 09:00:00,26.7,71,300.0,2.39,0.0,42
2024-04-20 10:00:00,28.5,63,608.0,2.91,0.0,24
2024-04-20 11:00:00,30.1,56,773.0,2.6,0.0,49
2024-04-20 12:00:00,30.4,55,712.0,3.58,0.0,46
2024-04-20 13:00:00,30.0,54,535.0,4.11,0.0,18
2024-04-20 14:00:00,29.8,56,529.0,5.25,0.0,17
2024-04-20 15:00:00,28.0,58,402.0,6.05,0.0,10
2024-04-20 16:00:00,27.0,59,226.0,5.69,0.0,21
2024-04-20 17:00:00,25.9,67,64.0,3.83,0.0,47
2024-04-20 18:00:00,25.5,74,2.0,4.62,0.0,93
2024-04-20 19:00:00,22.5,88,0.0,4.32,1.2,95
2024-04-20 20:00:00,22.9,88,0.0,1.48,1.9,100
2024-04-20 21:00:00,22.6,92,0.0,1.63,1.1,100
2024-04-20 22:00:00,22.8,89,0.0,2.89,0.1,40
2024-04-20 23:00:00,22.5,91,0.0,1.94,0.0,27
2024-04-21 00:00:00,22.2,92,0.0,2.41,0.0,92
2024-04-21 01:00:00,22.3,92,0.0,2.98,0.0,35
2024-04-21 02:00:00,22.2,93,0.0,3.2,0.0,52
2024-04-21 03:00:00,22.0,94,0.0,3.14,0.0,26
2024-04-21 04:00:00,21.6,96,0.0,3.3,0.0,17
2024-04-21 05:00:00,21.7,95,10.0,3.42,0.0,62
2024-04-21 06:00:00,23.7,90,85.0,4.59,0.0,100
2024-04-21 07:00:00,24.8,84,217.0,4.02,0.0,66
2024-04-21 08:00:00,27.0,74,409.0,4.74,0.0,63
2024-04-21 09:00:00,28.4,68,523.0,4.88,0.0,25
2024-04-21 10:00:00,30.3,62,711.0,4.31,0.0,16
2024-04-21 11:00:00,32.0,56,803.0,3.88,0.0,3
2024-04-21 12:00:00,32.8,53,813.0,1.92,0.0,10
2024-04-21 13:00:00,32.8,52,708.0,1.82,0.0,8
2024-04-21 14:00:00,33.0,52,556.0,2.48,0.0,26
2024-04-21 15:00:00,31.8,57,398.0,3.86,0.0,29
2024-04-21 16:00:00,30.4,61,232.0,4.38,0.0,63
2024-04-21 17:00:00,29.3,64,74.0,3.36,0.0,44
2024-04-21 18:00:00,26.6,78,2.0,2.15,0.2,11
2024-04-21 19:00:00,25.9,84,0.0,1.72,0.0,5
2024-04-21 20:00:00,25.8,86,0.0,1.61,0.0,72
2024-04-21 21:00:00,25.4,87,0.0,3.16,0.0,93
2024-04-21 22:00:00,24.8,87,0.0,3.77,0.0,66
2024-04-21 23:00:00,24.1,86,0.0,3.67,0.0,37
2024-04-22 00:00:00,23.5,89,0.0,3.57,0.0,7
2024-04-22 01:00:00,23.0,92,0.0,3.23,0.0,27
2024-04-22 02:00:00,22.6,94,0.0,3.33,0.0,31
2024-04-22 03:00:00,22.4,95,0.0,3.01,0.0,38
2024-04-22 04:00:00,22.4,95,0.0,2.91,0.0,56
2024-04-22 05:00:00,22.4,94,10.0,3.11,0.0,53
2024-04-22 06:00:00,25.6,84,110.0,2.19,0.0,63
2024-04-22 07:00:00,26.1,79,256.0,3.83,0.0,37
2024-04-22 08:00:00,28.6,66,467.0,3.19,0.0,91
2024-04-22 09:00:00,30.5,59,625.0,3.22,0.0,26
2024-04-22 10:00:00,32.1,53,758.0,3.48,0.0,60
2024-04-22 11:00:00,33.1,51,796.0,3.06,0.0,15
2024-04-22 12:00:00,33.6,50,797.0,2.34,0.0,21
2024-04-22 13:00:00,33.6,49,665.0,2.75,0.0,17
2024-04-22 14:00:00,33.6,49,547.0,2.98,0.0,37
2024-04-22 15:00:00,33.1,50,352.0,2.3,0.0,51
2024-04-22 16:00:00,32.6,53,211.0,1.62,0.0,100
2024-04-22 17:00:00,30.5,61,68.0,3.75,0.0,99
2024-04-22 18:00:00,27.7,74,3.0,1.9,0.2,100
2024-04-22 19:00:00,27.3,76,0.0,1.8,1.6,100
2024-04-22 20:00:00,26.9,81,0.0,2.51,0.1,100
2024-04-22 21:00:00,26.1,86,0.0,2.6,0.0,96
2024-04-22 22:00:00,25.2,87,0.0,2.73,0.0,100
2024-04-22 23:00:00,24.4,88,0.0,2.88,0.0,100
2024-04-23 00:00:00,23.6,89,0.0,3.22,0.0,52
2024-04-23 01:00:00,23.1,92,0.0,2.98,0.0,100
2024-04-23 02:00:00,22.9,92,0.0,3.11,0.0,100
2024-04-23 03:00:00,22.5,94,0.0,3.35,0.0,100
2024-04-23 04:00:00,22.4,94,0.0,3.16,0.0,100
2024-04-23 05:00:00,22.6,92,10.0,3.03,0.0,4
2024-04-23 06:00:00,25.2,87,116.0,1.56,0.0,100
2024-04-23 07:00:00,26.8,77,252.0,1.98,0.0,95
2024-04-23 08:00:00,28.7,66,428.0,2.48,0.0,94
2024-04-23 09:00:00,30.8,55,647.0,2.14,0.0,100
2024-04-23 10:00:00,32.0,51,705.0,1.71,0.0,100
2024-04-23 11:00:00,32.8,49,722.0,1.66,0.0,100
2024-04-23 12:00:00,33.7,48,693.0,1.53,0.0,93
2024-04-23 13:00:00,34.7,47,664.0,2.27,0.0,99
2024-04-23 14:00:00,34.5,47,449.0,3.0,0.0,100
2024-04-23 15:00:00,34.1,48,268.0,2.26,0.0,16
2024-04-23 16:00:00,33.2,53,236.0,2.42,0.0,25
2024-04-23 17:00:00,30.2,74,73.0,1.58,0.0,8
2024-04-23 18:00:00,28.0,71,2.0,4.24,0.0,15
2024-04-23 19:00:00,27.5,72,0.0,2.73,0.0,0
2024-04-23 20:00:00,26.2,79,0.0,1.66,0.0,0
2024-04-23 21:00:00,25.6,82,0.0,1.36,0.0,1
2024-04-23 22:00:00,25.0,89,0.0,1.08,0.0,0
2024-04-23 23:00:00,24.7,91,0.0,1.08,0.0,0
2024-04-24 00:00:00,24.0,95,0.0,1.77,0.0,9
2024-04-24 01:00:00,23.9,94,0.0,1.49,0.0,1
2024-04-24 02:00:00,23.6,95,0.0,1.4,0.0,1
2024-04-24 03:00:00,23.5,95,0.0,1.3,0.0,0
2024-04-24 04:00:00,23.4,96,0.0,2.42,0.0,1
2024-04-24 05:00:00,23.3,96,12.0,2.72,0.0,8
2024-04-24 06:00:00,27.4,67,114.0,2.48,0.0,3
2024-04-24 07:00:00,29.1,58,301.0,1.79,0.0,0
2024-04-24 08:00:00,31.1,54,496.0,1.63,0.0,0
2024-04-24 09:00:00,33.2,49,667.0,2.38,0.0,10
2024-04-24 10:00:00,35.1,44,768.0,3.04,0.0,4
2024-04-24 11:00:00,34.7,40,761.0,3.93,0.5,4
2024-04-24 12:00:00,37.1,33,712.0,3.44,0.0,24
2024-04-24 13:00:00,37.5,24,641.0,6.94,0.0,8
2024-04-24 14:00:00,38.6,18,597.0,7.3,0.0,16
2024-04-24 15:00:00,37.1,21,418.0,7.2,0.0,1
2024-04-24 16:00:00,35.8,25,251.0,5.14,0.0,34
2024-04-24 17:00:00,32.2,41,73.0,2.11,0.0,2
2024-04-24 18:00:00,32.4,30,3.0,3.58,0.0,27
2024-04-24 19:00:00,30.8,36,0.0,3.0,0.0,2
2024-04-24 20:00:00,29.0,40,0.0,2.32,0.0,0
2024-04-24 21:00:00,27.2,50,0.0,2.78,0.0,37
2024-04-24 22:00:00,26.9,52,0.0,3.02,0.0,32
2024-04-24 23:00:00,24.1,84,0.0,4.46,0.0,0
2024-04-25 00:00:00,23.6,86,0.0,3.32,0.0,0
2024-04-25 01:00:00,23.1,88,0.0,3.01,0.0,0
2024-04-25 02:00:00,22.5,89,0.0,2.9,0.0,1
2024-04-25 03:00:00,22.2,88,0.0,3.22,0.0,0
2024-04-25 04:00:00,21.7,89,0.0,3.2,0.0,0
2024-04-25 05:00:00,21.7,87,13.0,3.32,0.0,0
2024-04-25 06:00:00,24.1,74,122.0,4.81,0.0,0
2024-04-25 07:00:00,25.4,68,303.0,5.18,0.0,0
2024-04-25 08:00:00,27.2,62,499.0,4.46,0.0,0
2024-04-25 09:00:00,29.2,56,668.0,4.21,0.0,0
2024-04-25 10:00:00,31.0,50,791.0,3.94,0.0,0
2024-04-25 11:00:00,32.4,47,850.0,3.94,0.0,0
2024-04-25 12:00:00,33.1,45,841.0,3.89,0.0,0
2024-04-25 13:00:00,33.5,44,764.0,3.75,0.0,0
2024-04-25 14:00:00,33.6,44,623.0,3.61,0.0,12
2024-04-25 15:00:00,33.0,46,420.0,3.62,0.0,1
2024-04-25 16:00:00,32.0,49,242.0,4.0,0.0,0
2024-04-25 17:00:00,30.2,55,80.0,3.81,0.0,0
2024-04-25 18:00:00,29.3,58,3.0,1.84,0.0,3
2024-04-25 19:00:00,28.2,63,0.0,2.42,0.0,0
2024-04-25 20:00:00,27.2,69,0.0,2.57,0.0,0
2024-04-25 21:00:00,26.2,74,0.0,3.23,0.0,0
2024-04-25 22:00:00,25.3,76,0.0,3.2,0.0,0
2024-04-25 23:00:00,24.4,77,0.0,3.3,0.0,0
2024-04-26 00:00:00,23.8,80,0.0,3.51,0.0,0
2024-04-26 01:00:00,23.4,81,0.0,3.7,0.0,0
2024-04-26 02:00:00,23.0,82,0.0,3.2,0.0,0
2024-04-26 03:00:00,22.6,83,0.0,3.6,0.0,0
2024-04-26 04:00:00,22.2,84,0.0,3.42,0.0,0
2024-04-26 05:00:00,22.3,83,14.0,3.7,0.0,0
2024-04-26 06:00:00,24.4,77,123.0,3.4,0.0,0
2024-04-26 07:00:00,26.4,69,304.0,3.71,0.0,0
2024-04-26 08:00:00,28.8,59,497.0,4.32,0.0,1
2024-04-26 09:00:00,31.1,52,665.0,4.07,0.0,1
2024-04-26 10:00:00,32.9,47,785.0,3.94,0.0,0
2024-04-26 11:00:00,34.2,44,843.0,3.38,0.0,0
2024-04-26 12:00:00,34.8,42,831.0,2.78,0.0,14
2024-04-26 13:00:00,35.1,41,716.0,2.56,0.0,6
2024-04-26 14:00:00,34.3,43,583.0,2.75,0.0,19
2024-04-26 15:00:00,33.2,47,409.0,4.89,0.0,17
2024-04-26 16:00:00,33.0,48,237.0,4.89,0.0,4
2024-04-26 17:00:00,30.3,57,81.0,4.75,0.0,4
2024-04-26 18:00:00,29.9,58,3.0,3.14,0.0,6
2024-04-26 19:00:00,28.0,63,0.0,5.2,0.0,0
2024-04-26 20:00:00,27.0,66,0.0,3.81,0.0,3
2024-04-26 21:00:00,26.3,67,0.0,3.92,0.0,5
2024-04-26 22:00:00,25.4,70,0.0,4.0,0.0,0
2024-04-26 23:00:00,24.6,73,0.0,4.32,0.0,0
2024-04-27 00:00:00,23.8,79,0.0,3.83,0.0,0
2024-04-27 01:00:00,23.4,82,0.0,3.61,0.0,11
2024-04-27 02:00:00,23.1,82,0.0,3.93,0.0,14
2024-04-27 03:00:00,23.0,82,0.0,3.04,0.0,11
2024-04-27 04:00:00,22.9,82,0.0,2.51,0.0,6
2024-04-27 05:00:00,23.3,80,14.0,2.96,0.0,37
2024-04-27 06:00:00,24.7,76,122.0,3.67,0.0,17
2024-04-27 07:00:00,27.0,66,297.0,3.26,0.0,88
2024-04-27 08:00:00,28.9,59,420.0,3.0,0.0,62
2024-04-27 09:00:00,31.1,53,619.0,2.31,0.0,34
2024-04-27 10:00:00,33.1,48,757.0,1.94,0.0,24
2024-04-27 11:00:00,34.4,43,758.0,2.25,0.0,28
2024-04-27 12:00:00,34.7,42,715.0,2.26,0.0,27
2024-04-27 13:00:00,35.0,41,680.0,1.91,0.0,32
2024-04-27 14:00:00,34.7,41,561.0,1.7,0.0,54
2024-04-27 15:00:00,34.6,42,386.0,2.06,0.0,65
2024-04-27 16:00:00,33.9,44,228.0,1.75,0.0,43
2024-04-27 17:00:00,32.0,51,77.0,3.9,0.0,46
2024-04-27 18:00:00,29.2,63,2.0,4.75,0.3,90
2024-04-27 19:00:00,27.6,72,0.0,2.44,0.0,40
2024-04-27 20:00:00,26.3,78,0.0,2.91,0.1,94
2024-04-27 21:00:00,24.9,86,0.0,2.82,1.4,86
2024-04-27 22:00:00,24.4,88,0.0,1.42,0.7,98
2024-04-27 23:00:00,23.8,89,0.0,2.02,0.0,91
2024-04-28 00:00:00,23.5,90,0.0,3.03,0.5,88
2024-04-28 01:00:00,23.1,92,0.0,1.71,0.0,100
2024-04-28 02:00:00,23.3,90,0.0,2.51,0.0,98
2024-04-28 03:00:00,22.8,92,0.0,1.52,0.1,73
2024-04-28 04:00:00,22.6,96,0.0,1.58,0.0,66
2024-04-28 05:00:00,23.0,93,10.0,1.96,0.0,95
2024-04-28 06:00:00,24.7,80,87.0,7.18,0.0,100
2024-04-28 07:00:00,24.7,78,68.0,1.49,0.7,3
2024-04-28 08:00:00,27.7,65,467.0,2.19,0.0,2
2024-04-28 09:00:00,30.3,53,660.0,2.6,0.0,3
2024-04-28 10:00:00,31.9,50,777.0,3.01,0.0,5
2024-04-28 11:00:00,31.9,52,812.0,3.24,0.0,2
2024-04-28 12:00:00,32.7,51,828.0,3.01,0.0,9
2024-04-28 13:00:00,33.5,50,719.0,3.22,0.0,24
2024-04-28 14:00:00,33.0,53,574.0,3.61,0.0,11
2024-04-28 15:00:00,32.3,55,411.0,5.05,0.0,46
2024-04-28 16:00:00,30.0,62,242.0,4.63,0.0,17
2024-04-28 17:00:00,29.4,64,80.0,4.1,0.0,7
2024-04-28 18:00:00,29.3,69,4.0,3.24,0.0,51
2024-04-28 19:00:00,27.6,74,0.0,4.2,0.0,18
2024-04-28 20:00:00,25.1,80,0.0,6.76,0.0,24
2024-04-28 21:00:00,24.3,79,0.0,5.81,0.0,81
2024-04-28 22:00:00,23.5,80,0.0,5.51,0.0,82
2024-04-28 23:00:00,22.8,84,0.0,4.63,0.0,4
2024-04-29 00:00:00,22.9,85,0.0,3.65,0.0,0
2024-04-29 01:00:00,22.7,89,0.0,3.93,0.0,0
2024-04-29 02:00:00,22.5,89,0.0,3.34,0.0,11
2024-04-29 03:00:00,22.4,89,0.0,3.11,0.0,18
2024-04-29 04:00:00,22.3,89,0.0,3.11,0.0,11
2024-04-29 05:00:00,22.6,87,16.0,3.6,0.0,15
2024-04-29 06:00:00,24.5,81,109.0,2.98,0.0,37
2024-04-29 07:00:00,26.0,74,267.0,3.71,0.0,12
2024-04-29 08:00:00,28.1,65,487.0,3.13,0.0,6
2024-04-29 09:00:00,30.6,57,664.0,3.24,0.0,1
2024-04-29 10:00:00,32.4,53,794.0,3.34,0.0,0
2024-04-29 11:00:00,33.4,50,853.0,3.22,0.0,1
2024-04-29 12:00:00,33.8,49,843.0,1.71,0.0,32
2024-04-29 13:00:00,34.2,47,673.0,2.5,0.0,36
2024-04-29 14:00:00,33.3,50,552.0,2.79,0.2,36
2024-04-29 15:00:00,32.2,54,360.0,4.41,0.0,26
2024-04-29 16:00:00,32.4,54,240.0,3.23,0.0,5
2024-04-29 17:00:00,31.1,58,84.0,3.52,0.0,6
2024-04-29 18:00:00,29.6,62,4.0,4.75,0.0,3
2024-04-29 19:00:00,28.3,68,0.0,3.57,0.0,1
2024-04-29 20:00:00,27.1,74,0.0,3.83,0.0,1
2024-04-29 21:00:00,26.2,77,0.0,3.93,0.0,0
2024-04-29 22:00:00,25.5,79,0.0,4.16,0.0,0
2024-04-29 23:00:00,25.1,79,0.0,4.18,0.0,0
2024-04-30 00:00:00,24.6,80,0.0,3.81,0.0,0
2024-04-30 01:00:00,24.1,81,0.0,3.5,0.0,5
2024-04-30 02:00:00,23.5,83,0.0,3.45,0.0,2
2024-04-30 03:00:00,23.2,84,0.0,3.61,0.0,0
2024-04-30 04:00:00,22.9,84,0.0,3.6,0.0,1
2024-04-30 05:00:00,22.9,83,17.0,3.41,0.0,1
2024-04-30 06:00:00,24.9,76,126.0,3.88,0.0,5
2024-04-30 07:00:00,26.6,67,308.0,4.47,0.0,6
2024-04-30 08:00:00,28.6,61,499.0,5.1,0.0,5
2024-04-30 09:00:00,30.3,57,668.0,5.2,0.0,1
2024-04-30 10:00:00,32.1,51,793.0,4.0,0.0,2
2024-04-30 11:00:00,33.2,48,842.0,4.0,0.0,1
2024-04-30 12:00:00,33.8,46,846.0,3.04,0.0,7
2024-04-30 13:00:00,33.8,45,731.0,2.09,0.0,16
2024-04-30 14:00:00,33.6,45,528.0,2.73,0.0,35
2024-04-30 15:00:00,32.9,48,354.0,3.39,0.0,5
2024-04-30 16:00:00,32.3,50,253.0,4.03,0.0,7
2024-04-30 17:00:00,30.9,55,87.0,4.46,0.0,10
2024-04-30 18:00:00,28.9,61,4.0,4.3,0.0,19
2024-04-30 19:00:00,28.1,66,0.0,3.81,0.0,2
2024-04-30 20:00:00,26.9,72,0.0,3.21,0.0,1
2024-04-30 21:00:00,25.9,75,0.0,5.08,0.0,0
2024-04-30 22:00:00,25.2,76,0.0,4.95,0.0,0
2024-04-30 23:00:00,24.4,78,0.0,4.9,0.0,0
2024-05-01 00:00:00,23.7,82,0.0,4.31,0.0,0
2024-05-01 01:00:00,23.2,85,0.0,4.2,0.0,16
2024-05-01 02:00:00,22.9,87,0.0,3.8,0.0,25
2024-05-01 03:00:00,22.6,88,0.0,3.61,0.0,12
2024-05-01 04:00:00,22.5,86,0.0,3.61,0.0,24
2024-05-01 05:00:00,23.0,83,17.0,3.4,0.0,47
2024-05-01 06:00:00,24.5,82,93.0,3.88,0.0,55
2024-05-01 07:00:00,26.1,75,231.0,3.44,0.0,33
2024-05-01 08:00:00,28.0,69,399.0,3.71,0.0,31
2024-05-01 09:00:00,29.9,62,567.0,3.16,0.0,2
2024-05-01 10:00:00,32.2,55,787.0,2.83,0.0,10
2024-05-01 11:00:00,33.6,51,837.0,2.66,0.0,1
2024-05-01 12:00:00,34.7,47,851.0,1.77,0.0,0
2024-05-01 13:00:00,36.3,40,772.0,3.71,0.0,23
2024-05-01 14:00:00,37.5,32,580.0,3.88,0.0,22
2024-05-01 15:00:00,37.2,28,405.0,6.9,0.0,1
2024-05-01 16:00:00,33.0,56,266.0,4.28,0.0,0
2024-05-01 17:00:00,31.3,62,91.0,3.05,0.0,0
2024-05-01 18:00:00,29.8,66,4.0,2.52,0.0,0
2024-05-01 19:00:00,28.8,71,0.0,3.41,0.0,0
2024-05-01 20:00:00,28.0,75,0.0,1.9,0.0,0
2024-05-01 21:00:00,26.5,83,0.0,0.94,0.0,0
2024-05-01 22:00:00,27.1,77,0.0,1.22,0.0,0
2024-05-01 23:00:00,28.1,71,0.0,0.54,0.0,0
2024-05-02 00:00:00,26.7,78,0.0,1.2,0.0,1
2024-05-02 01:00:00,26.6,81,0.0,0.51,0.0,1
2024-05-02 02:00:00,25.0,91,0.0,1.33,0.0,8
2024-05-02 03:00:00,24.1,96,0.0,1.43,0.0,17
2024-05-02 04:00:00,24.2,94,0.0,1.2,0.0,7
2024-05-02 05:00:00,24.6,94,18.0,2.0,0.0,25
2024-05-02 06:00:00,28.8,68,134.0,3.08,0.0,1
2024-05-02 07:00:00,30.2,62,321.0,3.44,0.0,14
2024-05-02 08:00:00,32.3,50,509.0,2.45,0.0,5
2024-05-02 09:00:00,34.5,44,684.0,3.05,0.0,5
2024-05-02 10:00:00,35.6,40,788.0,3.16,0.0,22
2024-05-02 11:00:00,36.4,36,796.0,3.48,0.0,63
2024-05-02 12:00:00,38.7,15,671.0,7.61,0.0,35
2024-05-02 13:00:00,38.6,17,580.0,6.79,0.0,3
2024-05-02 14:00:00,39.9,11,625.0,8.41,0.0,38
2024-05-02 15:00:00,37.3,16,433.0,8.62,0.0,19
2024-05-02 16:00:00,35.6,21,252.0,6.36,0.0,8
2024-05-02 17:00:00,33.8,25,89.0,5.28,0.0,17
2024-05-02 18:00:00,32.1,27,4.0,2.82,0.0,72
2024-05-02 19:00:00,31.5,24,0.0,3.12,0.0,0
2024-05-02 20:00:00,29.5,28,0.0,2.21,0.0,0
2024-05-02 21:00:00,28.1,41,0.0,1.98,0.0,0
2024-05-02 22:00:00,26.1,54,0.0,2.3,0.0,0
2024-05-02 23:00:00,24.9,62,0.0,2.91,0.0,0
2024-05-03 00:00:00,24.9,63,0.0,1.78,0.0,0
2024-05-03 01:00:00,24.7,69,0.0,2.77,0.0,0
2024-05-03 02:00:00,23.6,68,0.0,4.02,0.0,0
2024-05-03 03:00:00,22.7,72,0.0,3.13,0.0,0
2024-05-03 04:00:00,21.9,82,0.0,3.06,0.0,0
2024-05-03 05:00:00,21.7,81,20.0,3.29,0.0,0
2024-05-03 06:00:00,25.4,66,147.0,4.62,0.0,0
2024-05-03 07:00:00,27.0,61,335.0,4.49,0.0,0
2024-05-03 08:00:00,29.1,55,530.0,3.76,0.0,0
2024-05-03 09:00:00,30.6,51,695.0,4.47,0.0,0
2024-05-03 10:00:00,31.8,48,815.0,4.41,0.0,1
2024-05-03 11:00:00,33.1,43,872.0,3.86,0.0,12
2024-05-03 12:00:00,34.0,40,852.0,3.54,0.0,11
2024-05-03 13:00:00,34.2,38,783.0,3.89,0.0,30
2024-05-03 14:00:00,34.2,37,619.0,3.82,0.0,33
2024-05-03 15:00:00,33.8,37,446.0,3.61,0.0,17
2024-05-03 16:00:00,32.4,41,243.0,3.61,0.0,10
2024-05-03 17:00:00,30.4,47,87.0,4.32,0.0,23
2024-05-03 18:00:00,28.6,52,5.0,3.76,0.0,11
2024-05-03 19:00:00,27.4,59,0.0,3.11,0.0,11
2024-05-03 20:00:00,26.5,64,0.0,2.0,0.0,3
2024-05-03 21:00:00,26.0,67,0.0,2.18,0.0,2
2024-05-03 22:00:00,25.3,71,0.0,2.18,0.0,3
2024-05-03 23:00:00,24.4,76,0.0,1.91,0.0,2
2024-05-04 00:00:00,23.8,81,0.0,2.36,0.0,0
2024-05-04 01:00:00,23.5,79,0.0,2.82,0.0,0
2024-05-04 02:00:00,22.9,81,0.0,2.34,0.0,0
2024-05-04 03:00:00,22.6,83,0.0,2.52,0.0,0
2024-05-04 04:00:00,22.3,85,0.0,2.45,0.0,22
2024-05-04 05:00:00,22.7,83,21.0,2.6,0.0,31
2024-05-04 06:00:00,25.4,69,146.0,2.92,0.0,33
2024-05-04 07:00:00,27.7,60,335.0,3.13,0.0,100
2024-05-04 08:00:00,30.1,52,512.0,2.93,0.0,89
2024-05-04 09:00:00,32.8,43,675.0,2.38,0.0,100
2024-05-04 10:00:00,34.8,34,759.0,1.8,0.0,99
2024-05-04 11:00:00,35.9,28,746.0,2.02,0.0,100
2024-05-04 12:00:00,36.7,24,800.0,2.92,0.0,85
2024-05-04 13:00:00,36.6,23,638.0,3.57,0.0,99
2024-05-04 14:00:00,36.8,23,566.0,3.86,0.0,96
2024-05-04 15:00:00,36.1,25,408.0,3.82,0.0,30
2024-05-04 16:00:00,35.6,26,251.0,3.31,0.0,49
2024-05-04 17:00:00,33.7,31,83.0,2.12,0.1,43
2024-05-04 18:00:00,33.1,30,5.0,4.28,0.0,33
2024-05-04 19:00:00,31.6,36,0.0,5.61,0.0,89
2024-05-04 20:00:00,29.1,50,0.0,3.93,0.0,98
2024-05-04 21:00:00,28.4,52,0.0,1.44,0.0,60
2024-05-04 22:00:00,27.6,55,0.0,1.86,0.0,88
2024-05-04 23:00:00,26.2,62,0.0,4.01,0.0,96
2024-05-05 00:00:00,22.8,89,0.0,1.97,1.8,89
2024-05-05 01:00:00,23.4,86,0.0,3.11,0.1,100
2024-05-05 02:00:00,23.5,85,0.0,1.8,0.0,19
2024-05-05 03:00:00,23.2,89,0.0,2.13,0.0,40
2024-05-05 04:00:00,22.8,92,0.0,2.22,0.0,24
2024-05-05 05:00:00,21.6,93,17.0,3.96,3.9,100
2024-05-05 06:00:00,25.3,86,132.0,3.7,0.0,89
2024-05-05 07:00:00,24.3,82,116.0,1.93,0.3,97
2024-05-05 08:00:00,25.4,76,238.0,2.59,0.5,48
2024-05-05 09:00:00,26.4,73,484.0,0.6,0.5,92
2024-05-05 10:00:00,27.9,65,513.0,2.02,0.1,88
2024-05-05 11:00:00,28.6,60,504.0,1.58,0.7,84
2024-05-05 12:00:00,27.2,71,385.0,1.36,2.0,80
2024-05-05 13:00:00,26.8,74,499.0,3.32,0.2,81
2024-05-05 14:00:00,27.3,71,357.0,2.02,0.0,56
2024-05-05 15:00:00,26.7,67,351.0,4.92,0.1,100
2024-05-05 16:00:00,24.9,79,61.0,4.02,1.1,98
2024-05-05 17:00:00,23.8,86,44.0,3.3,0.8,100
2024-05-05 18:00:00,24.3,75,3.0,3.73,0.3,100
2024-05-05 19:00:00,24.1,80,0.0,4.47,0.0,94
2024-05-05 20:00:00,22.8,89,0.0,5.22,0.2,38
2024-05-05 21:00:00,22.4,91,0.0,4.97,2.4,52
2024-05-05 22:00:00,22.2,92,0.0,5.01,1.8,43
2024-05-05 23:00:00,22.1,92,0.0,4.61,0.0,38
2024-05-06 00:00:00,22.0,90,0.0,4.36,0.0,8
2024-05-06 01:00:00,21.7,91,0.0,3.52,0.0,83
2024-05-06 02:00:00,21.5,91,0.0,1.51,0.0,99
2024-05-06 03:00:00,21.1,94,0.0,3.01,0.5,93
2024-05-06 04:00:00,20.9,97,0.0,2.63,9.0,100
2024-05-06 05:00:00,21.4,94,3.0,1.9,3.0,100
2024-05-06 06:00:00,21.3,95,53.0,4.11,5.6,100
2024-05-06 07:00:00,22.0,89,75.0,3.69,1.5,100
2024-05-06 08:00:00,22.9,87,216.0,4.62,0.5,100
2024-05-06 09:00:00,23.5,82,287.0,5.12,0.2,100
2024-05-06 10:00:00,24.0,77,280.0,4.92,0.0,100
2024-05-06 11:00:00,25.3,69,498.0,4.88,0.0,100
2024-05-06 12:00:00,26.3,69,589.0,5.33,0.0,90
2024-05-06 13:00:00,27.7,63,672.0,4.75,0.0,32
2024-05-06 14:00:00,27.6,62,577.0,5.19,0.0,39
2024-05-06 15:00:00,27.3,64,409.0,4.75,0.0,5
2024-05-06 16:00:00,27.1,65,256.0,4.18,0.0,6
2024-05-06 17:00:00,26.3,69,92.0,3.71,0.0,36
2024-05-06 18:00:00,23.3,87,4.0,3.22,0.1,100
2024-05-06 19:00:00,22.7,89,0.0,2.26,2.6,100
2024-05-06 20:00:00,22.7,90,0.0,3.89,0.1,100
2024-05-06 21:00:00,22.0,92,0.0,1.08,5.5,100
2024-05-06 22:00:00,22.2,90,0.0,3.55,1.7,100
2024-05-06 23:00:00,21.9,91,0.0,3.31,0.1,100
2024-05-07 00:00:00,21.4,95,0.0,2.3,3.5,100
2024-05-07 01:00:00,21.5,93,0.0,3.08,1.3,100
2024-05-07 02:00:00,21.4,93,0.0,2.38,0.1,47
2024-05-07 03:00:00,20.9,97,0.0,1.0,0.0,100
2024-05-07 04:00:00,21.3,95,0.0,2.05,0.2,100
2024-05-07 05:00:00,21.2,96,9.0,2.77,0.8,100
2024-05-07 06:00:00,21.5,96,65.0,3.47,3.6,100
2024-05-07 07:00:00,23.0,87,162.0,3.01,0.1,100
2024-05-07 08:00:00,23.6,86,279.0,3.47,0.1,98
2024-05-07 09:00:00,25.2,80,494.0,3.6,0.0,96
2024-05-07 10:00:00,27.0,70,678.0,3.42,0.0,72
2024-05-07 11:00:00,28.1,68,810.0,3.4,0.0,78
2024-05-07 12:00:00,29.1,63,831.0,3.14,0.0,55
2024-05-07 13:00:00,29.9,59,779.0,3.13,0.0,3
2024-05-07 14:00:00,30.4,58,640.0,2.79,0.0,4
2024-05-07 15:00:00,29.9,59,458.0,3.26,0.0,7
2024-05-07 16:00:00,29.2,64,264.0,2.75,0.0,14
2024-05-07 17:00:00,27.6,74,93.0,1.53,0.0,14
2024-05-07 18:00:00,24.1,82,5.0,1.35,0.0,53
2024-05-07 19:00:00,23.5,88,0.0,1.7,0.0,0
2024-05-07 20:00:00,22.9,91,0.0,1.87,0.0,1
2024-05-07 21:00:00,22.8,91,0.0,1.82,0.0,1
2024-05-07 22:00:00,23.8,88,0.0,1.06,0.0,0
2024-05-07 23:00:00,22.1,96,0.0,1.43,0.0,1
2024-05-08 00:00:00,21.7,98,0.0,1.4,0.0,2
2024-05-08 01:00:00,22.1,97,0.0,1.7,0.0,5
2024-05-08 02:00:00,22.1,97,0.0,2.53,0.0,0
2024-05-08 03:00:00,21.9,97,0.0,2.5,0.0,0
2024-05-08 04:00:00,21.8,97,0.0,2.65,0.0,0
2024-05-08 05:00:00,22.0,97,24.0,2.61,0.0,0
2024-05-08 06:00:00,23.6,90,135.0,2.3,0.0,95
2024-05-08 07:00:00,25.2,85,299.0,1.33,0.0,98
2024-05-08 08:00:00,27.0,79,509.0,1.36,0.0,95
2024-05-08 09:00:00,28.8,74,672.0,0.3,0.0,100
2024-05-08 10:00:00,29.7,70,753.0,0.89,0.1,100
2024-05-08 11:00:00,27.5,76,535.0,2.1,1.6,100
2024-05-08 12:00:00,28.5,73,577.0,2.28,0.0,100
2024-05-08 13:00:00,28.1,74,383.0,1.56,0.0,100
2024-05-08 14:00:00,28.4,72,344.0,2.02,0.0,100
2024-05-08 15:00:00,28.5,71,278.0,1.48,0.0,100
2024-05-08 16:00:00,28.1,74,151.0,1.8,0.0,100
2024-05-08 17:00:00,27.3,81,51.0,0.94,0.0,100
2024-05-08 18:00:00,25.6,84,6.0,1.65,0.0,100
2024-05-08 19:00:00,26.4,80,0.0,2.6,0.0,100
2024-05-08 20:00:00,26.0,81,0.0,2.4,0.0,100
2024-05-08 21:00:00,25.5,82,0.0,2.09,0.0,100
2024-05-08 22:00:00,25.1,82,0.0,2.57,0.0,83
2024-05-08 23:00:00,24.4,83,0.0,2.4,0.0,98
2024-05-09 00:00:00,24.2,85,0.0,1.63,0.0,92
2024-05-09 01:00:00,23.5,91,0.0,1.08,0.0,42
2024-05-09 02:00:00,23.0,95,0.0,1.22,0.0,78
2024-05-09 03:00:00,23.2,93,0.0,1.21,0.0,83
2024-05-09 04:00:00,24.0,86,0.0,0.28,0.0,100
2024-05-09 05:00:00,23.9,88,17.0,0.22,0.0,97
2024-05-09 06:00:00,24.5,83,116.0,1.65,0.1,40
2024-05-09 07:00:00,25.9,81,253.0,1.39,0.0,22
2024-05-09 08:00:00,27.4,72,465.0,0.45,0.0,40
2024-05-09 09:00:00,28.6,68,609.0,0.9,0.0,100
2024-05-09 10:00:00,29.0,66,536.0,0.0,0.0,51
2024-05-09 11:00:00,29.4,62,695.0,1.02,0.0,49
2024-05-09 12:00:00,29.1,58,749.0,1.89,0.7,84
2024-05-09 13:00:00,30.3,54,689.0,1.7,0.0,57
2024-05-09 14:00:00,29.9,56,570.0,1.84,0.0,58
2024-05-09 15:00:00,29.9,54,383.0,1.12,0.0,89
2024-05-09 16:00:00,29.3,59,222.0,1.7,0.0,88
2024-05-09 17:00:00,27.8,67,89.0,1.84,0.0,44
2024-05-09 18:00:00,25.2,80,4.0,1.84,0.8,100
2024-05-09 19:00:00,24.7,87,0.0,0.54,0.5,100
2024-05-09 20:00:00,24.0,94,0.0,1.3,0.2,100
2024-05-09 21:00:00,23.4,95,0.0,1.21,0.0,100
2024-05-09 22:00:00,23.2,96,0.0,1.7,0.0,100
2024-05-09 23:00:00,23.0,96,0.0,1.28,0.0,100
2024-05-10 00:00:00,23.1,95,0.0,1.84,0.0,99
2024-05-10 01:00:00,22.8,96,0.0,1.24,0.0,100
2024-05-10 02:00:00,22.6,97,0.0,1.12,0.0,100
2024-05-10 03:00:00,22.5,97,0.0,1.26,0.0,100
2024-05-10 04:00:00,22.4,98,0.0,1.71,0.0,100
2024-05-10 05:00:00,22.7,96,21.0,1.21,0.0,100
2024-05-10 06:00:00,25.0,88,157.0,1.98,0.0,82
2024-05-10 07:00:00,26.0,83,250.0,1.22,0.0,99
2024-05-10 08:00:00,26.6,76,271.0,2.42,0.0,48
2024-05-10 09:00:00,28.6,66,555.0,2.01,0.0,51
2024-05-10 10:00:00,29.4,66,582.0,3.05,0.0,32
2024-05-10 11:00:00,29.8,63,760.0,2.96,1.0,51
2024-05-10 12:00:00,30.4,59,755.0,3.23,0.0,37
2024-05-10 13:00:00,30.2,61,677.0,2.97,0.0,39
2024-05-10 14:00:00,30.2,61,539.0,2.48,0.0,48
2024-05-10 15:00:00,30.4,57,414.0,1.28,0.4,77
2024-05-10 16:00:00,30.1,59,237.0,0.91,0.2,96
2024-05-10 17:00:00,27.7,69,86.0,0.73,0.1,89
2024-05-10 18:00:00,24.8,88,5.0,1.28,0.0,64
2024-05-10 19:00:00,24.2,90,0.0,1.3,0.0,55
2024-05-10 20:00:00,23.8,92,0.0,1.0,0.1,50
2024-05-10 21:00:00,24.0,91,0.0,1.73,0.0,54
2024-05-10 22:00:00,23.4,95,0.0,0.51,0.0,85
2024-05-10 23:00:00,22.9,100,0.0,2.47,1.6,94
2024-05-11 00:00:00,22.6,94,0.0,1.3,2.2,100
2024-05-11 01:00:00,22.2,96,0.0,1.97,5.6,100
2024-05-11 02:00:00,22.2,98,0.0,1.3,0.3,100
2024-05-11 03:00:00,22.3,98,0.0,0.5,0.3,99
2024-05-11 04:00:00,22.2,98,0.0,0.32,0.2,97
2024-05-11 05:00:00,22.5,96,19.0,1.33,0.1,99
2024-05-11 06:00:00,24.7,91,153.0,1.51,0.0,3
2024-05-11 07:00:00,26.2,82,342.0,1.71,0.0,3
2024-05-11 08:00:00,27.7,74,534.0,1.88,0.0,7
2024-05-11 09:00:00,29.5,66,695.0,1.06,0.0,7
2024-05-11 10:00:00,30.4,56,791.0,2.15,0.0,43
2024-05-11 11:00:00,30.9,56,804.0,1.58,0.0,26
2024-05-11 12:00:00,31.2,54,813.0,1.2,0.2,10
2024-05-11 13:00:00,31.6,53,769.0,0.89,0.0,3
2024-05-11 14:00:00,31.7,53,640.0,0.71,0.0,5
2024-05-11 15:00:00,31.5,53,463.0,1.46,0.0,14
2024-05-11 16:00:00,30.4,62,264.0,1.58,0.0,25
2024-05-11 17:00:00,28.9,69,90.0,1.75,0.0,26
2024-05-11 18:00:00,27.8,71,7.0,2.04,0.0,11
2024-05-11 19:00:00,26.7,78,0.0,1.75,0.0,12
2024-05-11 20:00:00,25.8,87,0.0,1.7,0.0,16
2024-05-11 21:00:00,25.7,83,0.0,2.02,0.0,18
2024-05-11 22:00:00,24.8,89,0.0,1.63,0.0,3
2024-05-11 23:00:00,25.3,86,0.0,0.5,0.0,57
2024-05-12 00:00:00,24.0,93,0.0,1.06,0.0,39
2024-05-12 01:00:00,23.6,96,0.0,1.22,0.0,81
2024-05-12 02:00:00,24.4,95,0.0,0.51,0.0,92
2024-05-12 03:00:00,23.1,99,0.0,1.4,0.0,49
2024-05-12 04:00:00,23.2,99,0.0,1.17,0.0,37
2024-05-12 05:00:00,24.1,96,25.0,1.3,0.0,77
2024-05-12 06:00:00,26.3,86,157.0,1.77,0.0,36
2024-05-12 07:00:00,27.3,81,330.0,2.24,0.0,34
2024-05-12 08:00:00,28.7,76,528.0,2.24,0.0,14
2024-05-12 09:00:00,29.7,71,680.0,2.69,0.1,30
2024-05-12 10:00:00,30.6,66,746.0,2.53,0.1,39
2024-05-12 11:00:00,31.2,62,785.0,2.02,0.0,99
2024-05-12 12:00:00,31.7,59,725.0,1.43,0.0,100
2024-05-12 13:00:00,32.0,56,615.0,1.0,0.0,87
2024-05-12 14:00:00,32.2,55,600.0,1.0,0.0,38
2024-05-12 15:00:00,32.0,56,422.0,1.36,0.0,10
2024-05-12 16:00:00,31.2,60,280.0,1.24,0.0,5
2024-05-12 17:00:00,29.4,75,104.0,1.03,0.0,13
2024-05-12 18:00:00,28.3,79,7.0,1.93,0.0,12
2024-05-12 19:00:00,27.1,82,0.0,1.5,0.0,6
2024-05-12 20:00:00,27.0,77,0.0,2.36,0.0,4
2024-05-12 21:00:00,26.5,81,0.0,2.06,0.0,4
2024-05-12 22:00:00,26.1,85,0.0,2.05,0.0,7
2024-05-12 23:00:00,25.7,87,0.0,1.84,0.0,6
2024-05-13 00:00:00,25.3,89,0.0,1.39,0.0,2
2024-05-13 01:00:00,25.3,89,0.0,1.33,0.0,3
2024-05-13 02:00:00,25.9,88,0.0,0.41,0.0,3
2024-05-13 03:00:00,25.7,90,0.0,0.64,0.0,5
2024-05-13 04:00:00,25.9,89,0.0,0.54,0.0,88
2024-05-13 05:00:00,25.1,93,26.0,2.72,0.2,55
2024-05-13 06:00:00,24.4,89,116.0,3.14,22.8,74
2024-05-13 07:00:00,24.9,88,189.0,1.28,2.0,100
2024-05-13 08:00:00,26.4,80,401.0,1.7,0.8,94
2024-05-13 09:00:00,27.8,76,617.0,2.75,0.0,59
2024-05-13 10:00:00,28.6,73,689.0,1.98,0.0,30
2024-05-13 11:00:00,29.8,68,837.0,0.61,0.0,79
2024-05-13 12:00:00,30.7,64,846.0,0.5,0.0,61
2024-05-13 13:00:00,31.1,63,746.0,0.82,0.0,34
2024-05-13 14:00:00,31.3,61,648.0,1.35,0.0,93
2024-05-13 15:00:00,31.4,59,468.0,0.72,0.0,100
2024-05-13 16:00:00,31.1,60,237.0,0.32,0.0,100
2024-05-13 17:00:00,30.0,74,69.0,0.76,0.0,100
2024-05-13 18:00:00,29.5,73,8.0,0.67,0.0,4
2024-05-13 19:00:00,29.2,77,0.0,0.2,0.0,5
2024-05-13 20:00:00,27.1,90,0.0,0.86,0.0,5
2024-05-13 21:00:00,26.8,92,0.0,0.86,0.0,2
2024-05-13 22:00:00,26.0,96,0.0,0.64,0.0,3
2024-05-13 23:00:00,25.7,97,0.0,0.5,0.0,25
2024-05-14 00:00:00,25.4,97,0.0,0.36,0.0,62
2024-05-14 01:00:00,25.2,96,0.0,0.28,0.0,10
2024-05-14 02:00:00,24.9,97,0.0,0.9,0.0,7
2024-05-14 03:00:00,24.6,99,0.0,3.67,0.0,50
2024-05-14 04:00:00,24.5,87,0.0,1.5,0.0,42
2024-05-14 05:00:00,24.9,87,26.0,1.4,0.0,26
2024-05-14 06:00:00,27.2,81,159.0,2.2,0.0,24
2024-05-14 07:00:00,29.2,72,353.0,0.85,0.0,41
2024-05-14 08:00:00,30.7,68,543.0,1.33,0.0,55
2024-05-14 09:00:00,31.9,61,709.0,1.26,0.0,27
2024-05-14 10:00:00,33.0,56,815.0,1.06,0.0,27
2024-05-14 11:00:00,33.7,50,866.0,0.61,0.0,18
2024-05-14 12:00:00,34.2,47,851.0,1.0,0.0,24
2024-05-14 13:00:00,34.1,47,754.0,1.66,0.0,10
2024-05-14 14:00:00,34.1,48,613.0,1.64,0.0,9
2024-05-14 15:00:00,34.0,48,473.0,1.48,0.0,5
2024-05-14 16:00:00,33.4,55,285.0,1.0,0.0,5
2024-05-14 17:00:00,31.5,74,108.0,1.7,0.0,9
2024-05-14 18:00:00,31.3,57,8.0,1.43,0.0,49
2024-05-14 19:00:00,30.4,66,0.0,2.96,0.0,56
2024-05-14 20:00:00,29.5,74,0.0,1.96,0.0,62
2024-05-14 21:00:00,28.6,78,0.0,1.52,0.0,33
2024-05-14 22:00:00,28.2,78,0.0,1.5,0.0,6
2024-05-14 23:00:00,27.9,80,0.0,1.97,0.0,84
2024-05-15 00:00:00,27.6,83,0.0,1.8,0.0,31
2024-05-15 01:00:00,27.4,83,0.0,1.94,0.0,33
2024-05-15 02:00:00,27.1,82,0.0,1.92,0.0,74
2024-05-15 03:00:00,26.8,81,0.0,1.88,0.0,40
2024-05-15 04:00:00,26.3,84,0.0,1.39,0.0,73
2024-05-15 05:00:00,26.9,86,27.0,1.65,0.0,62
2024-05-15 06:00:00,28.0,81,163.0,1.34,0.0,23
2024-05-15 07:00:00,29.1,77,353.0,1.46,0.0,99
2024-05-15 08:00:00,30.3,71,481.0,1.58,0.0,28
2024-05-15 09:00:00,31.9,63,683.0,0.95,0.0,20
2024-05-15 10:00:00,33.4,57,802.0,0.81,0.0,57
2024-05-15 11:00:00,34.1,54,793.0,1.53,0.0,45
2024-05-15 12:00:00,34.7,52,808.0,2.53,0.0,43
2024-05-15 13:00:00,34.7,52,690.0,3.07,0.0,100
2024-05-15 14:00:00,34.8,51,627.0,3.44,0.0,74
2024-05-15 15:00:00,34.1,54,464.0,3.72,0.0,11
2024-05-15 16:00:00,33.4,60,277.0,2.8,0.0,4
2024-05-15 17:00:00,32.0,67,110.0,1.91,0.0,6
2024-05-15 18:00:00,29.9,66,9.0,3.2,0.0,92
2024-05-15 19:00:00,29.1,72,0.0,1.32,0.0,13
2024-05-15 20:00:00,29.7,69,0.0,1.0,0.0,6
2024-05-15 21:00:00,28.3,78,0.0,1.57,0.0,98
2024-05-15 22:00:00,28.1,78,0.0,1.75,0.0,6
2024-05-15 23:00:00,28.0,75,0.0,1.87,0.0,2
2024-05-16 00:00:00,27.3,80,0.0,1.75,0.0,0
2024-05-16 01:00:00,28.0,78,0.0,1.75,0.0,40
2024-05-16 02:00:00,27.0,86,0.0,0.85,0.0,45
2024-05-16 03:00:00,26.4,90,0.0,1.55,0.0,34
2024-05-16 04:00:00,25.3,95,0.0,3.11,0.1,64
2024-05-16 05:00:00,25.6,89,21.0,2.47,0.1,51
2024-05-16 06:00:00,29.9,75,169.0,1.34,0.0,19
2024-05-16 07:00:00,30.0,76,361.0,4.44,0.0,53
2024-05-16 08:00:00,31.4,66,480.0,3.31,0.0,29
2024-05-16 09:00:00,31.4,66,611.0,3.4,0.3,42
2024-05-16 10:00:00,32.1,66,682.0,0.89,0.2,48
2024-05-16 11:00:00,32.8,62,732.0,1.04,0.0,29
2024-05-16 12:00:00,33.7,58,831.0,1.71,0.0,21
2024-05-16 13:00:00,34.0,57,759.0,2.32,0.0,11
2024-05-16 14:00:00,34.3,56,615.0,2.4,0.0,6
2024-05-16 15:00:00,33.7,59,481.0,3.2,0.0,17
2024-05-16 16:00:00,33.2,62,246.0,2.11,0.0,5
2024-05-16 17:00:00,32.1,70,108.0,1.3,0.0,29
2024-05-16 18:00:00,26.8,94,6.0,2.75,10.3,75
2024-05-16 19:00:00,26.8,91,0.0,1.64,0.1,46
2024-05-16 20:00:00,26.7,96,0.0,3.22,0.0,32
2024-05-16 21:00:00,26.6,93,0.0,1.92,0.0,16
2024-05-16 22:00:00,26.5,96,0.0,1.75,0.0,38
2024-05-16 23:00:00,26.2,97,0.0,1.73,0.0,20
2024-05-17 00:00:00,26.0,97,0.0,1.7,0.0,73
2024-05-17 01:00:00,25.9,97,0.0,1.52,0.0,9
2024-05-17 02:00:00,25.6,98,0.0,1.0,0.0,22
2024-05-17 03:00:00,25.7,96,0.0,1.41,0.0,20
2024-05-17 04:00:00,25.5,95,0.0,1.77,0.0,40
2024-05-17 05:00:00,25.6,94,30.0,2.86,0.0,45
2024-05-17 06:00:00,27.8,90,107.0,1.6,0.0,99
2024-05-17 07:00:00,28.9,78,291.0,1.88,0.0,96
2024-05-17 08:00:00,30.3,70,512.0,1.6,0.0,97
2024-05-17 09:00:00,31.5,66,607.0,2.21,0.0,83
2024-05-17 10:00:00,33.1,60,813.0,3.04,0.0,98
2024-05-17 11:00:00,33.6,59,738.0,3.71,0.0,26
2024-05-17 12:00:00,34.4,57,861.0,4.69,0.1,31
2024-05-17 13:00:00,35.2,52,738.0,5.26,0.0,25
2024-05-17 14:00:00,34.9,54,631.0,5.04,0.0,61
2024-05-17 15:00:00,35.1,52,464.0,4.33,0.0,71
2024-05-17 16:00:00,34.6,56,298.0,3.41,0.0,16
2024-05-17 17:00:00,33.0,61,114.0,2.34,0.0,5
2024-05-17 18:00:00,29.2,73,4.0,6.41,0.2,43
2024-05-17 19:00:00,26.6,82,0.0,2.06,0.1,14
2024-05-17 20:00:00,26.5,85,0.0,2.5,0.0,11
2024-05-17 21:00:00,26.8,85,0.0,3.13,0.0,42
2024-05-17 22:00:00,25.9,89,0.0,3.9,0.2,65
2024-05-17 23:00:00,25.5,94,0.0,3.04,0.0,50
2024-05-18 00:00:00,25.1,95,0.0,3.02,0.1,52
2024-05-18 01:00:00,24.8,96,0.0,1.93,0.0,89
2024-05-18 02:00:00,24.8,94,0.0,2.26,0.0,75
2024-05-18 03:00:00,24.9,92,0.0,2.28,0.1,100
2024-05-18 04:00:00,24.5,94,0.0,0.86,3.8,100
2024-05-18 05:00:00,24.6,93,5.0,1.91,0.6,100
2024-05-18 06:00:00,25.7,93,31.0,2.38,1.1,97
2024-05-18 07:00:00,25.8,91,163.0,1.84,0.6,100
2024-05-18 08:00:00,26.5,86,206.0,3.05,0.4,91
2024-05-18 09:00:00,28.0,78,511.0,4.02,0.4,74
2024-05-18 10:00:00,29.0,73,614.0,4.49,0.3,99
2024-05-18 11:00:00,29.3,73,634.0,4.4,0.4,100
2024-05-18 12:00:00,30.6,67,580.0,3.77,0.0,75
2024-05-18 13:00:00,29.9,69,507.0,4.02,0.1,86
2024-05-18 14:00:00,30.2,69,515.0,3.18,0.0,84
2024-05-18 15:00:00,30.0,69,346.0,3.3,0.0,67
2024-05-18 16:00:00,29.1,72,252.0,3.48,0.0,99
2024-05-18 17:00:00,28.0,76,78.0,2.8,0.0,100
2024-05-18 18:00:00,25.9,91,6.0,2.84,9.5,33
2024-05-18 19:00:00,25.4,94,0.0,2.6,0.0,77
2024-05-18 20:00:00,25.1,91,0.0,0.76,0.0,64
2024-05-18 21:00:00,24.7,94,0.0,0.67,0.0,90
2024-05-18 22:00:00,24.7,95,0.0,2.18,0.0,86
2024-05-18 23:00:00,24.3,94,0.0,1.08,0.0,95
2024-05-19 00:00:00,24.1,94,0.0,1.08,0.0,95
2024-05-19 01:00:00,24.2,92,0.0,0.4,0.0,99
2024-05-19 02:00:00,23.8,96,0.0,0.72,0.0,100
2024-05-19 03:00:00,23.7,96,0.0,1.4,0.1,100
2024-05-19 04:00:00,23.3,98,0.0,2.63,2.9,100
2024-05-19 05:00:00,23.3,96,6.0,1.39,0.7,82
2024-05-19 06:00:00,25.0,92,142.0,2.21,3.8,88
2024-05-19 07:00:00,25.4,90,194.0,3.48,0.3,96
2024-05-19 08:00:00,26.2,86,342.0,1.87,0.2,94
2024-05-19 09:00:00,27.6,79,537.0,1.3,0.1,87
2024-05-19 10:00:00,29.1,71,712.0,0.85,0.0,83
2024-05-19 11:00:00,30.4,65,594.0,0.67,0.0,45
2024-05-19 12:00:00,31.9,61,791.0,0.5,0.0,49
2024-05-19 13:00:00,31.6,64,691.0,0.9,0.7,54
2024-05-19 14:00:00,31.6,64,514.0,1.55,0.0,46
2024-05-19 15:00:00,30.0,70,340.0,1.2,0.7,89
2024-05-19 16:00:00,28.3,78,167.0,1.33,1.0,64
2024-05-19 17:00:00,26.1,86,76.0,1.43,1.6,98
2024-05-19 18:00:00,25.5,92,7.0,0.73,2.2,95
2024-05-19 19:00:00,24.5,91,0.0,2.55,0.2,74
2024-05-19 20:00:00,24.5,91,0.0,2.28,0.1,54
2024-05-19 21:00:00,24.1,93,0.0,1.12,0.0,35
2024-05-19 22:00:00,23.7,95,0.0,1.22,0.0,100
2024-05-19 23:00:00,23.8,95,0.0,0.89,0.0,100
2024-05-20 00:00:00,23.9,95,0.0,1.42,0.0,58
2024-05-20 01:00:00,23.4,96,0.0,1.62,0.1,98
2024-05-20 02:00:00,23.7,93,0.0,2.21,0.0,96
2024-05-20 03:00:00,23.5,98,0.0,1.61,0.0,100
2024-05-20 04:00:00,23.5,98,0.0,2.75,1.5,100
2024-05-20 05:00:00,23.5,96,11.0,0.89,0.1,98
2024-05-20 06:00:00,24.7,89,54.0,1.7,0.0,100
2024-05-20 07:00:00,25.1,87,102.0,1.62,0.0,100
2024-05-20 08:00:00,26.3,82,331.0,0.71,0.0,99
2024-05-20 09:00:00,27.4,78,446.0,1.6,0.0,100
2024-05-20 10:00:00,29.1,73,637.0,1.68,0.0,100
2024-05-20 11:00:00,30.7,66,852.0,1.61,0.0,59
2024-05-20 12:00:00,31.7,61,881.0,0.95,0.0,23
2024-05-20 13:00:00,32.0,59,778.0,0.85,0.0,96
2024-05-20 14:00:00,32.3,59,604.0,1.2,0.0,99
2024-05-20 15:00:00,32.0,59,435.0,1.36,0.0,100
2024-05-20 16:00:00,31.3,64,259.0,1.64,0.0,96
2024-05-20 17:00:00,29.8,74,106.0,2.2,0.0,90
2024-05-20 18:00:00,25.1,91,6.0,1.2,1.8,72
2024-05-20 19:00:00,25.4,95,0.0,0.94,0.1,14
2024-05-20 20:00:00,24.9,99,0.0,1.04,0.0,94
2024-05-20 21:00:00,25.2,97,0.0,1.22,0.0,6
2024-05-20 22:00:00,24.7,99,0.0,1.17,0.0,16
2024-05-20 23:00:00,24.6,99,0.0,0.94,0.0,5
2024-05-21 00:00:00,24.3,99,0.0,0.99,0.0,3
2024-05-21 01:00:00,23.9,100,0.0,1.08,0.0,94
2024-05-21 02:00:00,24.4,100,0.0,1.7,0.0,94
2024-05-21 03:00:00,24.2,100,0.0,1.92,0.0,96
2024-05-21 04:00:00,24.3,99,0.0,1.75,0.0,14
2024-05-21 05:00:00,24.9,97,33.0,2.44,0.0,91
2024-05-21 06:00:00,27.6,81,140.0,4.05,0.2,55
2024-05-21 07:00:00,27.6,78,270.0,3.16,0.0,44
2024-05-21 08:00:00,29.3,73,535.0,1.97,0.0,21
2024-05-21 09:00:00,30.0,75,711.0,3.04,0.0,13
2024-05-21 10:00:00,29.7,75,809.0,3.22,0.7,18
2024-05-21 11:00:00,30.9,71,806.0,2.47,0.0,6
2024-05-21 12:00:00,32.5,64,871.0,1.82,0.0,6
2024-05-21 13:00:00,33.1,60,800.0,1.92,0.0,12
2024-05-21 14:00:00,33.7,57,667.0,2.06,0.0,14
2024-05-21 15:00:00,31.9,65,468.0,1.81,0.5,34
2024-05-21 16:00:00,31.3,69,254.0,2.15,0.0,32
2024-05-21 17:00:00,30.1,77,110.0,1.75,0.0,23
2024-05-21 18:00:00,29.7,78,7.0,1.77,0.0,7
2024-05-21 19:00:00,28.7,81,0.0,2.48,0.0,15
2024-05-21 20:00:00,28.4,82,0.0,2.28,0.0,11
2024-05-21 21:00:00,25.3,88,0.0,4.05,5.9,98
2024-05-21 22:00:00,26.2,81,0.0,2.48,0.3,46
2024-05-21 23:00:00,25.7,90,0.0,1.63,0.2,18
2024-05-22 00:00:00,25.3,93,0.0,1.7,0.0,41
2024-05-22 01:00:00,24.9,95,0.0,3.11,0.0,100
2024-05-22 02:00:00,24.9,94,0.0,2.5,0.0,98
2024-05-22 03:00:00,24.9,95,0.0,2.83,0.0,99
2024-05-22 04:00:00,24.7,95,0.0,1.22,0.0,93
2024-05-22 05:00:00,25.6,92,27.0,1.5,0.0,72
2024-05-22 06:00:00,26.9,83,177.0,2.42,0.1,2
2024-05-22 07:00:00,28.4,77,370.0,2.31,0.0,9
2024-05-22 08:00:00,30.0,72,552.0,2.5,0.0,1
2024-05-22 09:00:00,31.8,68,724.0,2.38,0.0,0
2024-05-22 10:00:00,33.0,63,838.0,2.51,0.0,0
2024-05-22 11:00:00,33.8,59,895.0,2.12,0.0,2
2024-05-22 12:00:00,34.6,54,881.0,0.4,0.0,24
2024-05-22 13:00:00,33.4,61,782.0,1.84,0.5,52
2024-05-22 14:00:00,32.6,66,579.0,2.14,0.0,16
2024-05-22 15:00:00,32.5,66,424.0,1.41,0.0,18
2024-05-22 16:00:00,32.3,66,276.0,0.86,0.0,36
2024-05-22 17:00:00,31.3,82,112.0,0.67,0.0,26
2024-05-22 18:00:00,29.6,76,10.0,1.92,0.0,80
2024-05-22 19:00:00,28.9,73,0.0,2.06,0.0,83
2024-05-22 20:00:00,28.0,77,0.0,1.63,0.0,91
2024-05-22 21:00:00,28.1,78,0.0,1.7,0.0,78
2024-05-22 22:00:00,27.9,80,0.0,1.56,0.0,91
2024-05-22 23:00:00,27.3,85,0.0,1.53,0.0,52
2024-05-23 00:00:00,26.9,88,0.0,1.72,0.0,87
2024-05-23 01:00:00,26.8,87,0.0,1.7,0.0,47
2024-05-23 02:00:00,27.2,83,0.0,1.39,0.0,39
2024-05-23 03:00:00,27.9,81,0.0,0.94,0.0,73
2024-05-23 04:00:00,27.5,84,0.0,0.42,0.0,33
2024-05-23 05:00:00,27.2,89,33.0,0.82,0.0,73
2024-05-23 06:00:00,29.1,80,179.0,1.1,0.0,0
2024-05-23 07:00:00,30.3,75,372.0,0.5,0.0,5
2024-05-23 08:00:00,31.7,72,566.0,0.5,0.0,0
2024-05-23 09:00:00,33.0,66,727.0,0.5,0.0,1
2024-05-23 10:00:00,34.0,60,837.0,0.81,0.0,4
2024-05-23 11:00:00,34.0,60,889.0,3.19,0.0,28
2024-05-23 12:00:00,34.3,58,823.0,1.9,0.0,29
2024-05-23 13:00:00,33.5,60,688.0,1.84,0.2,46
2024-05-23 14:00:00,33.5,61,507.0,1.32,0.0,34
2024-05-23 15:00:00,33.4,61,413.0,1.57,0.0,21
2024-05-23 16:00:00,33.1,64,293.0,1.25,0.0,35
2024-05-23 17:00:00,31.7,79,120.0,0.95,0.0,5
2024-05-23 18:00:00,30.4,72,12.0,2.64,0.0,25
2024-05-23 19:00:00,29.6,70,0.0,2.8,0.0,49
2024-05-23 20:00:00,29.1,73,0.0,2.82,0.0,24
2024-05-23 21:00:00,28.8,77,0.0,1.71,0.0,7
2024-05-23 22:00:00,28.7,77,0.0,1.91,0.0,12
2024-05-23 23:00:00,28.3,81,0.0,1.53,0.0,9
2024-05-24 00:00:00,28.0,84,0.0,2.02,0.0,4
2024-05-24 01:00:00,27.4,89,0.0,0.64,0.0,3
2024-05-24 02:00:00,27.1,95,0.0,0.92,0.0,6
2024-05-24 03:00:00,26.9,96,0.0,0.92,0.0,8
2024-05-24 04:00:00,26.9,94,0.0,1.7,0.0,7
2024-05-24 05:00:00,27.5,88,35.0,2.43,0.0,9
2024-05-24 06:00:00,27.7,81,179.0,3.67,4.0,100
2024-05-24 07:00:00,27.7,81,160.0,3.38,0.6,74
2024-05-24 08:00:00,29.2,73,406.0,3.3,0.0,4
2024-05-24 09:00:00,30.7,67,741.0,3.72,0.0,0
2024-05-24 10:00:00,32.5,64,843.0,3.44,0.0,0
2024-05-24 11:00:00,33.8,62,895.0,3.28,0.0,0
2024-05-24 12:00:00,34.7,60,886.0,3.13,0.0,3
2024-05-24 13:00:00,34.9,60,802.0,3.0,0.0,9
2024-05-24 14:00:00,35.3,57,660.0,2.62,0.0,12
2024-05-24 15:00:00,34.4,61,472.0,2.92,0.0,11
2024-05-24 16:00:00,33.7,66,289.0,1.84,0.0,9
2024-05-24 17:00:00,32.6,75,119.0,1.03,0.0,11
2024-05-24 18:00:00,28.9,78,7.0,1.1,1.1,58
2024-05-24 19:00:00,28.8,86,0.0,2.75,0.1,49
2024-05-24 20:00:00,28.5,89,0.0,1.22,0.0,46
2024-05-24 21:00:00,28.2,93,0.0,0.85,0.0,4
2024-05-24 22:00:00,27.7,99,0.0,1.43,0.0,17
2024-05-24 23:00:00,27.5,93,0.0,2.15,0.0,7
2024-05-25 00:00:00,27.2,95,0.0,1.68,0.0,0
2024-05-25 01:00:00,26.9,97,0.0,1.8,0.0,1
2024-05-25 02:00:00,26.8,99,0.0,1.2,0.0,2
2024-05-25 03:00:00,26.7,98,0.0,1.41,0.0,1
2024-05-25 04:00:00,26.7,98,0.0,1.6,0.0,3
2024-05-25 05:00:00,27.2,93,36.0,2.4,0.0,0
2024-05-25 06:00:00,29.7,83,177.0,2.61,0.0,3
2024-05-25 07:00:00,31.4,73,376.0,2.75,0.0,0
2024-05-25 08:00:00,32.8,65,569.0,2.91,0.0,0
2024-05-25 09:00:00,34.7,57,731.0,3.92,0.0,0
2024-05-25 10:00:00,35.6,52,846.0,4.4,0.0,0
2024-05-25 11:00:00,36.4,50,901.0,4.27,0.0,0
2024-05-25 12:00:00,36.6,49,893.0,4.27,0.0,0
2024-05-25 13:00:00,36.8,49,817.0,4.11,0.0,0
2024-05-25 14:00:00,36.7,49,688.0,3.98,0.0,0
2024-05-25 15:00:00,36.2,53,511.0,3.72,0.0,1
2024-05-25 16:00:00,35.3,59,312.0,2.62,0.0,2
2024-05-25 17:00:00,33.7,66,126.0,2.14,0.0,2
2024-05-25 18:00:00,32.6,65,11.0,1.57,0.0,66
2024-05-25 19:00:00,32.2,63,0.0,5.46,0.0,31
2024-05-25 20:00:00,30.2,74,0.0,1.36,0.0,18
2024-05-25 21:00:00,29.4,79,0.0,1.17,0.0,22
2024-05-25 22:00:00,30.2,77,0.0,1.25,0.0,18
2024-05-25 23:00:00,29.7,74,0.0,1.81,0.0,20
2024-05-26 00:00:00,29.6,74,0.0,2.02,0.0,13
2024-05-26 01:00:00,29.0,78,0.0,2.04,0.0,10
2024-05-26 02:00:00,28.5,84,0.0,2.28,0.0,7
2024-05-26 03:00:00,27.8,86,0.0,3.22,0.0,3
2024-05-26 04:00:00,27.3,88,0.0,2.55,0.0,4
2024-05-26 05:00:00,27.7,86,36.0,2.32,0.0,1
2024-05-26 06:00:00,30.5,76,143.0,0.22,0.0,53
2024-05-26 07:00:00,31.4,70,222.0,1.25,0.0,75
2024-05-26 08:00:00,31.9,68,278.0,1.08,0.0,84
2024-05-26 09:00:00,32.8,65,399.0,1.2,0.0,28
2024-05-26 10:00:00,34.5,61,742.0,1.35,0.0,8
2024-05-26 11:00:00,35.8,55,830.0,2.16,0.0,13
2024-05-26 12:00:00,35.9,53,773.0,2.97,0.0,13
2024-05-26 13:00:00,36.3,51,771.0,2.64,0.0,16
2024-05-26 14:00:00,36.6,49,632.0,2.4,0.0,22
2024-05-26 15:00:00,36.0,51,455.0,2.62,0.0,34
2024-05-26 16:00:00,35.3,56,281.0,2.25,0.0,49
2024-05-26 17:00:00,33.6,61,112.0,2.58,0.0,97
2024-05-26 18:00:00,32.9,67,8.0,1.49,0.0,100
2024-05-26 19:00:00,32.5,68,0.0,1.75,0.0,100
2024-05-26 20:00:00,31.7,70,0.0,2.2,0.0,90
2024-05-26 21:00:00,30.9,75,0.0,1.49,0.0,100
2024-05-26 22:00:00,30.6,80,0.0,1.36,0.0,100
2024-05-26 23:00:00,30.8,77,0.0,0.36,0.0,100
2024-05-27 00:00:00,29.0,85,0.0,4.6,0.2,100
2024-05-27 01:00:00,27.4,89,0.0,3.75,0.7,100
2024-05-27 02:00:00,27.2,93,0.0,4.0,0.4,100
2024-05-27 03:00:00,26.9,93,0.0,3.48,0.5,100
2024-05-27 04:00:00,26.1,93,0.0,3.9,6.3,100
2024-05-27 05:00:00,26.3,95,7.0,2.86,2.3,100
2024-05-27 06:00:00,27.2,92,32.0,4.64,1.2,100
2024-05-27 07:00:00,26.9,92,38.0,5.22,1.4,100
2024-05-27 08:00:00,27.1,91,88.0,5.39,0.4,100
2024-05-27 09:00:00,28.0,87,302.0,6.02,0.4,100
2024-05-27 10:00:00,28.2,86,243.0,6.04,0.4,100
2024-05-27 11:00:00,29.1,80,437.0,6.53,0.0,100
2024-05-27 12:00:00,29.4,77,367.0,6.49,0.2,100
2024-05-27 13:00:00,28.4,83,116.0,5.9,0.6,100
2024-05-27 14:00:00,28.6,85,189.0,5.41,0.3,100
2024-05-27 15:00:00,27.8,90,111.0,5.64,1.3,100
2024-05-27 16:00:00,27.3,92,43.0,5.2,1.9,100
2024-05-27 17:00:00,27.2,93,14.0,5.82,1.2,100
2024-05-27 18:00:00,26.1,91,1.0,6.7,3.0,100
2024-05-27 19:00:00,26.0,93,0.0,7.5,2.0,100
2024-05-27 20:00:00,26.2,90,0.0,7.54,0.7,100
2024-05-27 21:00:00,26.3,89,0.0,8.74,0.2,100
2024-05-27 22:00:00,25.8,92,0.0,8.76,3.1,100
2024-05-27 23:00:00,25.7,91,0.0,9.05,6.2,100
2024-05-28 00:00:00,25.8,91,0.0,9.99,3.2,100
2024-05-28 01:00:00,25.6,91,0.0,11.45,5.3,97
2024-05-28 02:00:00,25.5,91,0.0,9.54,1.6,100
2024-05-28 03:00:00,25.6,90,0.0,11.4,4.2,100
2024-05-28 04:00:00,25.6,90,0.0,10.26,4.7,100
2024-05-28 05:00:00,25.5,90,3.0,10.58,6.3,100
2024-05-28 06:00:00,26.2,84,89.0,10.04,0.4,100
2024-05-28 07:00:00,25.3,88,50.0,7.67,2.5,100
2024-05-28 08:00:00,25.7,89,81.0,6.62,1.4,100
2024-05-28 09:00:00,25.9,89,97.0,5.84,4.0,100
2024-05-28 10:00:00,25.8,89,94.0,7.62,4.4,100
2024-05-28 11:00:00,25.6,91,76.0,4.87,8.0,100
2024-05-28 12:00:00,26.3,88,104.0,1.0,5.8,100
2024-05-28 13:00:00,26.0,89,125.0,3.0,2.0,100
2024-05-28 14:00:00,25.1,91,61.0,4.65,3.0,100
2024-05-28 15:00:00,26.0,91,74.0,1.84,2.2,100
2024-05-28 16:00:00,26.5,91,103.0,2.42,0.0,100
2024-05-28 17:00:00,26.2,93,39.0,1.43,0.2,100
2024-05-28 18:00:00,26.8,90,12.0,2.34,0.1,65
2024-05-28 19:00:00,26.3,92,0.0,3.35,0.6,40
2024-05-28 20:00:00,26.0,93,0.0,2.75,0.1,21
2024-05-28 21:00:00,25.6,96,0.0,1.84,0.0,28
2024-05-28 22:00:00,25.1,98,0.0,1.3,0.0,35
2024-05-28 23:00:00,24.5,99,0.0,1.3,0.0,47
2024-05-29 00:00:00,24.5,99,0.0,1.02,0.0,51
2024-05-29 01:00:00,24.4,99,0.0,1.0,0.0,100
2024-05-29 02:00:00,24.5,97,0.0,2.25,0.0,59
2024-05-29 03:00:00,24.4,98,0.0,2.94,0.1,76
2024-05-29 04:00:00,24.4,98,0.0,3.21,0.2,28
2024-05-29 05:00:00,24.8,96,36.0,2.64,0.1,97
2024-05-29 06:00:00,26.8,89,149.0,0.0,0.0,82
2024-05-29 07:00:00,28.0,82,325.0,1.02,0.0,95
2024-05-29 08:00:00,28.9,79,503.0,0.94,0.1,77
2024-05-29 09:00:00,29.5,76,674.0,3.13,0.1,99
2024-05-29 10:00:00,29.0,77,519.0,3.42,0.3,99
2024-05-29 11:00:00,30.1,75,759.0,1.82,0.8,62
2024-05-29 12:00:00,30.5,74,803.0,1.5,0.0,100
2024-05-29 13:00:00,31.0,73,664.0,1.61,0.0,71
2024-05-29 14:00:00,30.9,73,542.0,1.08,0.0,46
2024-05-29 15:00:00,31.1,74,482.0,0.73,0.0,50
2024-05-29 16:00:00,30.8,75,271.0,0.81,0.0,71
2024-05-29 17:00:00,30.1,79,71.0,0.5,0.0,76
2024-05-29 18:00:00,28.1,85,14.0,1.36,1.1,99
2024-05-29 19:00:00,27.3,93,0.0,1.12,0.5,98
2024-05-29 20:00:00,27.0,93,0.0,1.98,0.1,98
2024-05-29 21:00:00,26.2,95,0.0,2.33,0.3,98
2024-05-29 22:00:00,26.1,95,0.0,1.75,0.0,100
2024-05-29 23:00:00,25.6,96,0.0,2.51,0.0,100
2024-05-30 00:00:00,25.0,95,0.0,1.92,1.6,100
2024-05-30 01:00:00,24.7,96,0.0,2.0,2.6,100
2024-05-30 02:00:00,24.5,96,0.0,1.52,1.0,100
2024-05-30 03:00:00,24.3,96,0.0,0.51,2.8,100
2024-05-30 04:00:00,24.4,96,0.0,2.78,3.0,100
2024-05-30 05:00:00,24.6,96,5.0,2.82,2.6,100
2024-05-30 06:00:00,26.1,92,128.0,2.97,0.1,100
2024-05-30 07:00:00,26.8,90,248.0,3.29,0.2,74
2024-05-30 08:00:00,28.5,83,532.0,3.03,0.0,100
2024-05-30 09:00:00,29.7,79,621.0,2.96,0.0,100
2024-05-30 10:00:00,30.7,73,532.0,1.68,0.0,100
2024-05-30 11:00:00,31.4,71,630.0,2.06,0.6,100
2024-05-30 12:00:00,30.8,74,479.0,1.35,1.2,100
2024-05-30 13:00:00,31.6,70,553.0,1.97,0.0,100
2024-05-30 14:00:00,31.2,71,431.0,2.31,0.0,100
2024-05-30 15:00:00,30.7,73,264.0,1.94,0.0,100
2024-05-30 16:00:00,29.5,79,164.0,1.81,0.0,100
2024-05-30 17:00:00,28.6,82,88.0,3.88,0.0,99
2024-05-30 18:00:00,27.0,89,11.0,2.5,0.6,86
2024-05-30 19:00:00,26.2,88,0.0,3.11,0.0,10
2024-05-30 20:00:00,25.3,93,0.0,1.13,0.0,20
2024-05-30 21:00:00,25.1,92,0.0,0.95,0.0,100
2024-05-30 22:00:00,25.4,90,0.0,1.22,0.0,100
2024-05-30 23:00:00,24.8,93,0.0,0.89,0.0,100
2024-05-31 00:00:00,25.0,93,0.0,0.51,0.8,100
2024-05-31 01:00:00,24.6,95,0.0,0.51,1.9,100
2024-05-31 02:00:00,24.5,96,0.0,0.89,3.7,100
2024-05-31 03:00:00,24.6,97,0.0,1.39,8.5,100
2024-05-31 04:00:00,24.7,97,0.0,1.7,2.0,100
2024-05-31 05:00:00,24.8,96,21.0,1.93,0.6,100
2024-05-31 06:00:00,25.9,90,149.0,1.5,0.2,92
2024-05-31 07:00:00,26.6,87,288.0,0.14,0.1,55
2024-05-31 08:00:00,27.2,85,441.0,0.82,0.8,80
2024-05-31 09:00:00,28.3,81,455.0,2.47,0.2,50
2024-05-31 10:00:00,29.7,74,721.0,3.22,0.0,98
2024-05-31 11:00:00,29.5,77,568.0,3.04,0.1,100
2024-05-31 12:00:00,29.9,75,432.0,2.95,0.0,99
2024-05-31 13:00:00,29.4,78,464.0,2.9,0.5,95
2024-05-31 14:00:00,29.5,78,446.0,1.56,0.1,31
2024-05-31 15:00:00,28.3,82,379.0,2.82,0.5,72
2024-05-31 16:00:00,28.3,82,237.0,0.57,0.1,27
2024-05-31 17:00:00,28.1,82,125.0,0.2,0.0,15
2024-05-31 18:00:00,27.2,88,15.0,1.89,0.5,38
2024-05-31 19:00:00,26.9,89,0.0,1.61,0.1,13
2024-05-31 20:00:00,26.4,90,0.0,2.84,0.1,100
2024-05-31 21:00:00,25.5,92,0.0,2.16,0.1,9
2024-05-31 22:00:00,25.0,96,0.0,1.17,0.0,35
2024-05-31 23:00:00,25.0,96,0.0,1.35,0.0,27
2024-06-01 00:00:00,24.9,96,0.0,1.44,0.0,88
2024-06-01 01:00:00,24.9,95,0.0,1.35,0.0,52
2024-06-01 02:00:00,24.6,96,0.0,0.72,0.0,100
2024-06-01 03:00:00,24.7,95,0.0,1.58,0.1,43
2024-06-01 04:00:00,24.4,97,0.0,1.36,0.0,94
2024-06-01 05:00:00,24.9,94,18.0,1.55,0.0,52
2024-06-01 06:00:00,26.9,91,149.0,2.46,0.0,9
2024-06-01 07:00:00,28.7,83,379.0,2.14,0.0,17
2024-06-01 08:00:00,30.3,76,532.0,2.45,0.0,56
2024-06-01 09:00:00,31.2,71,701.0,1.82,0.0,100
2024-06-01 10:00:00,30.1,71,494.0,2.78,1.1,100
2024-06-01 11:00:00,29.4,79,395.0,1.8,1.1,100
2024-06-01 12:00:00,30.8,73,743.0,2.53,0.0,100
2024-06-01 13:00:00,30.7,75,567.0,2.45,0.0,100
2024-06-01 14:00:00,30.9,74,618.0,2.04,0.1,100
2024-06-01 15:00:00,30.8,74,442.0,1.71,0.0,100
2024-06-01 16:00:00,30.6,75,263.0,2.02,0.0,100
2024-06-01 17:00:00,29.7,83,108.0,1.3,0.0,100
2024-06-01 18:00:00,26.9,93,16.0,0.42,0.6,36
2024-06-01 19:00:00,26.8,92,0.0,2.21,0.0,81
2024-06-01 20:00:00,26.3,94,0.0,1.33,0.0,55
2024-06-01 21:00:00,25.8,96,0.0,1.14,0.0,23
2024-06-01 22:00:00,25.6,96,0.0,1.58,0.0,22
2024-06-01 23:00:00,25.4,98,0.0,1.4,0.0,97
2024-06-02 00:00:00,25.5,96,0.0,1.78,0.0,100
2024-06-02 01:00:00,25.2,97,0.0,2.08,0.2,92
2024-06-02 02:00:00,24.3,94,0.0,2.22,3.5,100
2024-06-02 03:00:00,24.6,92,0.0,0.89,0.4,100
2024-06-02 04:00:00,23.8,96,0.0,2.15,0.2,100
2024-06-02 05:00:00,24.2,92,19.0,1.78,0.1,60
2024-06-02 06:00:00,24.0,96,22.0,2.61,6.9,100
2024-06-02 07:00:00,24.7,94,55.0,1.51,1.8,97
2024-06-02 08:00:00,26.5,85,345.0,2.5,0.0,43
2024-06-02 09:00:00,28.4,78,723.0,1.82,0.0,47
2024-06-02 10:00:00,30.0,73,816.0,1.21,0.0,81
2024-06-02 11:00:00,31.1,71,849.0,0.8,0.0,45
2024-06-02 12:00:00,31.6,70,813.0,0.45,0.0,37
2024-06-02 13:00:00,31.0,70,696.0,1.46,1.5,86
2024-06-02 14:00:00,31.0,70,504.0,1.65,0.2,67
2024-06-02 15:00:00,29.9,77,416.0,1.61,0.0,34
2024-06-02 16:00:00,29.6,79,301.0,1.24,0.0,47
2024-06-02 17:00:00,27.4,86,96.0,2.22,1.1,60
2024-06-02 18:00:00,27.1,88,13.0,3.19,0.4,16
2024-06-02 19:00:00,25.9,93,0.0,3.18,0.0,0
2024-06-02 20:00:00,25.4,96,0.0,2.51,0.0,2
2024-06-02 21:00:00,25.4,96,0.0,2.5,0.0,3
2024-06-02 22:00:00,25.2,96,0.0,2.6,0.0,1
2024-06-02 23:00:00,24.9,95,0.0,1.61,0.0,10
2024-06-03 00:00:00,24.7,98,0.0,2.02,0.0,27
2024-06-03 01:00:00,24.5,97,0.0,0.81,0.0,100
2024-06-03 02:00:00,24.8,96,0.0,1.26,0.2,100
2024-06-03 03:00:00,24.8,95,0.0,0.22,0.5,100
2024-06-03 04:00:00,24.8,96,0.0,1.17,0.3,100
2024-06-03 05:00:00,25.0,95,21.0,1.12,0.5,98
2024-06-03 06:00:00,25.4,96,16.0,3.11,4.7,100
2024-06-03 07:00:00,25.6,95,58.0,2.28,0.7,100
2024-06-03 08:00:00,26.5,87,216.0,1.63,0.0,100
2024-06-03 09:00:00,27.3,83,361.0,1.52,0.0,62
2024-06-03 10:00:00,29.5,73,744.0,1.33,0.0,74
2024-06-03 11:00:00,30.7,68,804.0,0.89,0.0,100
2024-06-03 12:00:00,31.8,64,818.0,0.95,0.0,100
2024-06-03 13:00:00,30.8,69,518.0,1.43,0.1,78
2024-06-03 14:00:00,31.2,69,637.0,1.75,0.0,69
2024-06-03 15:00:00,31.0,69,488.0,1.51,0.0,55
2024-06-03 16:00:00,30.9,70,280.0,1.36,0.0,48
2024-06-03 17:00:00,29.7,79,117.0,1.35,0.0,47
2024-06-03 18:00:00,25.2,95,10.0,2.8,7.2,99
2024-06-03 19:00:00,25.3,91,0.0,0.72,0.4,63
2024-06-03 20:00:00,25.3,94,0.0,1.86,0.0,91
2024-06-03 21:00:00,25.3,96,0.0,1.58,0.0,100
2024-06-03 22:00:00,25.6,92,0.0,1.56,0.0,100
2024-06-03 23:00:00,25.4,91,0.0,1.49,0.0,100
2024-06-04 00:00:00,25.0,89,0.0,1.58,0.0,100
2024-06-04 01:00:00,24.7,91,0.0,1.8,0.0,100
2024-06-04 02:00:00,24.7,93,0.0,2.16,0.0,100
2024-06-04 03:00:00,25.1,91,0.0,2.51,0.0,100
2024-06-04 04:00:00,25.0,92,0.0,2.12,0.1,100
2024-06-04 05:00:00,25.0,92,11.0,2.48,0.2,100
2024-06-04 06:00:00,24.6,94,41.0,1.02,3.6,100
2024-06-04 07:00:00,24.7,94,73.0,0.14,1.3,64
2024-06-04 08:00:00,26.3,90,292.0,1.42,0.1,27
2024-06-04 09:00:00,28.5,79,510.0,2.01,0.0,33
2024-06-04 10:00:00,29.6,75,717.0,2.13,0.1,51
2024-06-04 11:00:00,30.1,76,826.0,2.3,0.0,100
2024-06-04 12:00:00,30.0,75,719.0,1.75,0.4,69
2024-06-04 13:00:00,30.5,73,751.0,1.75,0.1,73
2024-06-04 14:00:00,30.8,71,531.0,1.98,0.0,99
2024-06-04 15:00:00,30.6,70,383.0,1.84,0.3,100
2024-06-04 16:00:00,29.9,73,176.0,0.85,0.0,87
2024-06-04 17:00:00,28.9,81,70.0,1.3,0.1,95
2024-06-04 18:00:00,25.8,95,0.0,1.44,11.7,98
2024-06-04 19:00:00,25.4,99,0.0,2.13,1.1,83
2024-06-04 20:00:00,24.2,98,0.0,3.28,5.2,100
2024-06-04 21:00:00,24.2,96,0.0,1.9,9.0,100
2024-06-04 22:00:00,24.2,97,0.0,1.43,2.1,81
2024-06-04 23:00:00,23.8,98,0.0,2.35,0.6,100
2024-06-05 00:00:00,23.7,98,0.0,1.36,1.4,95
2024-06-05 01:00:00,23.8,96,0.0,1.81,0.9,95
2024-06-05 02:00:00,23.9,95,0.0,0.64,0.9,46
2024-06-05 03:00:00,23.6,96,0.0,1.27,2.9,100
2024-06-05 04:00:00,23.9,94,0.0,0.82,0.9,99
2024-06-05 05:00:00,23.7,95,27.0,0.67,3.2,100
2024-06-05 06:00:00,27.2,90,133.0,1.14,0.0,97
2024-06-05 07:00:00,27.2,90,140.0,1.66,0.0,99
2024-06-05 08:00:00,28.1,84,309.0,1.56,0.0,64
2024-06-05 09:00:00,29.1,80,500.0,1.97,0.0,38
2024-06-05 10:00:00,30.1,76,624.0,1.28,0.0,81
2024-06-05 11:00:00,30.6,74,724.0,0.4,0.0,43
2024-06-05 12:00:00,31.3,72,827.0,1.17,0.1,53
2024-06-05 13:00:00,31.4,70,738.0,1.7,0.1,47
2024-06-05 14:00:00,31.6,69,629.0,1.73,0.0,25
2024-06-05 15:00:00,31.4,69,467.0,2.53,0.0,25
2024-06-05 16:00:00,30.8,73,292.0,2.09,0.0,8
2024-06-05 17:00:00,30.0,81,137.0,1.0,0.0,14
2024-06-05 18:00:00,28.5,81,17.0,1.5,0.0,23
2024-06-05 19:00:00,28.0,84,0.0,1.46,0.0,56
2024-06-05 20:00:00,27.5,87,0.0,1.17,0.0,62
2024-06-05 21:00:00,26.4,91,0.0,1.43,0.4,50
2024-06-05 22:00:00,26.4,90,0.0,1.2,0.1,32
2024-06-05 23:00:00,25.8,95,0.0,0.86,0.0,12
2024-06-06 00:00:00,25.0,95,0.0,3.79,0.1,71
2024-06-06 01:00:00,24.6,94,0.0,1.04,0.2,17
2024-06-06 02:00:00,24.6,97,0.0,1.43,0.0,8
2024-06-06 03:00:00,24.6,99,0.0,1.22,0.0,26
2024-06-06 04:00:00,24.7,99,0.0,1.51,0.0,97
2024-06-06 05:00:00,25.3,99,24.0,1.7,0.0,100
2024-06-06 06:00:00,26.4,88,125.0,4.56,3.5,100
2024-06-06 07:00:00,26.4,90,177.0,1.26,3.3,100
2024-06-06 08:00:00,26.8,90,216.0,1.91,1.1,100
2024-06-06 09:00:00,27.4,87,280.0,1.35,0.9,85
2024-06-06 10:00:00,28.8,81,493.0,0.98,0.4,45
2024-06-06 11:00:00,30.6,75,858.0,1.99,0.2,49
2024-06-06 12:00:00,31.6,70,857.0,0.91,0.0,59
2024-06-06 13:00:00,32.1,67,763.0,1.53,0.0,58
2024-06-06 14:00:00,32.1,68,609.0,1.7,0.0,65
2024-06-06 15:00:00,31.7,69,489.0,1.7,0.0,94
2024-06-06 16:00:00,31.5,70,298.0,1.14,0.0,46
2024-06-06 17:00:00,30.5,84,133.0,0.71,0.0,50
2024-06-06 18:00:00,29.0,82,18.0,1.8,0.0,93
2024-06-06 19:00:00,28.0,85,0.0,2.83,0.0,92
2024-06-06 20:00:00,27.1,82,0.0,1.6,0.0,33
2024-06-06 21:00:00,26.4,86,0.0,1.3,0.0,17
2024-06-06 22:00:00,27.1,84,0.0,0.92,0.0,14
2024-06-06 23:00:00,26.0,91,0.0,1.17,0.0,51
2024-06-07 00:00:00,25.8,96,0.0,1.2,0.0,31
2024-06-07 01:00:00,25.7,91,0.0,3.34,0.0,69
2024-06-07 02:00:00,25.5,91,0.0,1.5,0.0,63
2024-06-07 03:00:00,25.3,95,0.0,1.4,0.0,78
2024-06-07 04:00:00,25.3,97,0.0,0.81,0.0,49
2024-06-07 05:00:00,26.0,96,32.0,1.0,0.0,14
2024-06-07 06:00:00,27.6,88,184.0,1.08,0.0,11
2024-06-07 07:00:00,28.8,82,378.0,1.39,0.0,4
2024-06-07 08:00:00,29.9,77,566.0,2.1,0.0,1
2024-06-07 09:00:00,30.8,74,720.0,2.42,0.0,7
2024-06-07 10:00:00,31.9,69,812.0,2.43,0.0,6
2024-06-07 11:00:00,32.6,68,872.0,2.91,0.0,21
2024-06-07 12:00:00,32.7,66,801.0,3.2,0.0,18
2024-06-07 13:00:00,32.8,65,771.0,3.7,0.0,15
2024-06-07 14:00:00,32.9,63,650.0,3.71,0.0,14
2024-06-07 15:00:00,32.3,65,482.0,3.72,0.1,14
2024-06-07 16:00:00,31.7,70,306.0,3.03,0.0,14
2024-06-07 17:00:00,30.8,76,136.0,1.77,0.0,8
2024-06-07 18:00:00,29.2,83,19.0,1.7,0.0,3
2024-06-07 19:00:00,28.5,87,0.0,1.46,0.0,3
2024-06-07 20:00:00,27.7,92,0.0,1.41,0.0,5
2024-06-07 21:00:00,27.4,94,0.0,1.61,0.0,2
2024-06-07 22:00:00,27.9,91,0.0,0.73,0.0,11
2024-06-07 23:00:00,28.3,90,0.0,1.0,0.0,4
2024-06-08 00:00:00,26.7,89,0.0,3.5,0.2,27
2024-06-08 01:00:00,25.8,93,0.0,0.98,0.0,32
2024-06-08 02:00:00,26.1,93,0.0,0.1,0.0,21
2024-06-08 03:00:00,25.3,96,0.0,0.76,0.1,58
2024-06-08 04:00:00,25.1,93,0.0,2.28,0.3,100
2024-06-08 05:00:00,24.6,94,17.0,1.24,1.0,38
2024-06-08 06:00:00,25.4,94,108.0,1.75,2.2,99
2024-06-08 07:00:00,25.2,95,75.0,1.52,0.3,100
2024-06-08 08:00:00,26.8,86,334.0,1.49,0.1,31
2024-06-08 09:00:00,28.6,79,575.0,0.71,0.2,74
2024-06-08 10:00:00,29.2,77,657.0,2.12,0.2,69
2024-06-08 11:00:00,30.5,74,805.0,0.41,0.0,29
2024-06-08 12:00:00,31.4,72,899.0,1.36,0.0,26
2024-06-08 13:00:00,30.8,75,748.0,1.84,0.4,26
2024-06-08 14:00:00,31.2,72,564.0,1.2,0.1,49
2024-06-08 15:00:00,31.3,72,456.0,0.5,0.0,24
2024-06-08 16:00:00,29.6,77,305.0,2.88,1.5,78
2024-06-08 17:00:00,28.2,84,93.0,0.45,0.4,17
2024-06-08 18:00:00,29.0,83,16.0,0.91,0.0,84
2024-06-08 19:00:00,27.4,90,0.0,2.0,0.2,49
2024-06-08 20:00:00,26.9,92,0.0,1.43,0.0,29
2024-06-08 21:00:00,26.4,93,0.0,0.71,0.0,38
2024-06-08 22:00:00,26.7,91,0.0,0.3,0.0,35
2024-06-08 23:00:00,26.0,96,0.0,0.58,0.0,41
2024-06-09 00:00:00,25.9,96,0.0,0.81,0.0,100
2024-06-09 01:00:00,25.8,95,0.0,1.98,0.0,100
2024-06-09 02:00:00,25.4,96,0.0,1.77,0.1,97
2024-06-09 03:00:00,25.2,96,0.0,1.75,0.2,100
2024-06-09 04:00:00,25.1,95,0.0,1.75,0.1,100
2024-06-09 05:00:00,25.3,93,19.0,2.11,0.0,100
2024-06-09 06:00:00,26.0,97,49.0,2.0,0.9,100
2024-06-09 07:00:00,26.1,95,149.0,2.46,0.9,100
2024-06-09 08:00:00,27.2,86,256.0,2.77,0.1,100
2024-06-09 09:00:00,28.4,80,448.0,3.53,0.0,100
2024-06-09 10:00:00,29.2,77,446.0,3.35,0.0,100
2024-06-09 11:00:00,30.3,74,573.0,2.56,0.0,100
2024-06-09 12:00:00,31.3,72,622.0,1.75,0.0,100
2024-06-09 13:00:00,31.6,71,542.0,1.6,0.0,76
2024-06-09 14:00:00,32.1,70,556.0,0.95,0.2,99
2024-06-09 15:00:00,31.6,70,445.0,0.67,1.0,99
2024-06-09 16:00:00,29.1,83,110.0,3.47,0.1,100
2024-06-09 17:00:00,28.1,87,86.0,1.5,0.0,99
2024-06-09 18:00:00,27.1,90,12.0,0.72,0.0,99
2024-06-09 19:00:00,27.4,85,0.0,0.2,0.0,100
2024-06-09 20:00:00,27.0,89,0.0,0.63,0.0,80
2024-06-09 21:00:00,26.4,93,0.0,1.2,0.0,100
2024-06-09 22:00:00,25.8,97,0.0,1.0,0.0,100
2024-06-09 23:00:00,26.4,97,0.0,0.14,0.0,98
2024-06-10 00:00:00,25.9,98,0.0,0.98,0.0,100
2024-06-10 01:00:00,26.2,97,0.0,0.4,0.0,97
2024-06-10 02:00:00,25.3,100,0.0,0.78,0.0,100
2024-06-10 03:00:00,25.6,100,0.0,0.85,0.2,100
2024-06-10 04:00:00,25.5,98,0.0,0.51,0.1,100
2024-06-10 05:00:00,25.9,94,27.0,1.22,0.0,100
2024-06-10 06:00:00,27.8,91,156.0,0.41,0.1,100
2024-06-10 07:00:00,27.5,92,207.0,1.28,0.6,100
2024-06-10 08:00:00,28.3,88,239.0,1.08,0.1,100
2024-06-10 09:00:00,28.9,82,423.0,3.11,0.5,100
2024-06-10 10:00:00,29.0,84,339.0,2.72,0.2,100
2024-06-10 11:00:00,29.2,82,386.0,2.83,0.1,100
2024-06-10 12:00:00,29.4,82,348.0,1.3,0.3,100
2024-06-10 13:00:00,28.9,86,447.0,2.55,0.5,100
2024-06-10 14:00:00,29.7,83,455.0,1.5,0.1,100
2024-06-10 15:00:00,30.3,79,428.0,1.25,0.1,100
2024-06-10 16:00:00,30.4,78,272.0,0.94,0.0,95
2024-06-10 17:00:00,30.0,80,131.0,0.58,0.0,63
2024-06-10 18:00:00,28.0,91,18.0,1.17,0.0,100
2024-06-10 19:00:00,27.6,92,0.0,0.82,0.0,99
2024-06-10 20:00:00,27.3,95,0.0,0.85,0.0,100
2024-06-10 21:00:00,26.8,97,0.0,0.86,0.0,100
2024-06-10 22:00:00,27.5,95,0.0,0.5,0.0,96
2024-06-10 23:00:00,26.8,99,0.0,0.7,0.1,99
2024-06-11 00:00:00,26.7,93,0.0,1.4,0.3,100
2024-06-11 01:00:00,26.1,95,0.0,1.71,0.4,100
2024-06-11 02:00:00,25.6,96,0.0,2.02,0.2,100
2024-06-11 03:00:00,25.4,97,0.0,1.46,0.1,100
2024-06-11 04:00:00,25.3,96,0.0,0.78,0.0,100
2024-06-11 05:00:00,25.5,96,26.0,2.06,0.1,100
2024-06-11 06:00:00,26.0,95,91.0,0.82,0.7,99
2024-06-11 07:00:00,27.2,88,324.0,2.53,0.1,100
2024-06-11 08:00:00,28.7,83,411.0,2.08,0.1,100
2024-06-11 09:00:00,29.8,80,414.0,1.8,0.0,100
2024-06-11 10:00:00,31.5,72,597.0,1.39,0.0,100
2024-06-11 11:00:00,31.7,73,637.0,2.1,0.0,78
2024-06-11 12:00:00,32.4,72,823.0,1.65,0.0,16
2024-06-11 13:00:00,32.3,72,720.0,1.3,0.1,44
2024-06-11 14:00:00,32.5,72,609.0,1.4,0.0,44
2024-06-11 15:00:00,32.6,71,462.0,1.17,0.0,39
2024-06-11 16:00:00,32.4,71,305.0,1.1,0.0,62
2024-06-11 17:00:00,30.3,84,115.0,1.89,0.8,88
2024-06-11 18:00:00,28.1,89,20.0,1.24,0.0,97
2024-06-11 19:00:00,28.3,87,0.0,0.4,0.0,42
2024-06-11 20:00:00,27.2,95,0.0,1.12,0.0,15
2024-06-11 21:00:00,27.9,92,0.0,0.45,0.0,7
2024-06-11 22:00:00,26.6,97,0.0,0.67,0.0,14
2024-06-11 23:00:00,27.0,96,0.0,0.61,0.0,28
2024-06-12 00:00:00,26.4,99,0.0,1.08,0.1,69
2024-06-12 01:00:00,26.4,99,0.0,0.92,0.0,87
2024-06-12 02:00:00,26.4,98,0.0,0.86,2.2,89
2024-06-12 03:00:00,26.2,99,0.0,1.0,0.1,99
2024-06-12 04:00:00,25.8,95,0.0,2.46,0.3,100
2024-06-12 05:00:00,26.2,93,27.0,0.58,0.2,98
2024-06-12 06:00:00,26.1,94,49.0,1.77,3.5,99
2024-06-12 07:00:00,27.3,89,193.0,1.26,0.1,75
2024-06-12 08:00:00,29.4,82,525.0,1.21,0.1,97
2024-06-12 09:00:00,30.7,77,699.0,1.62,0.0,78
2024-06-12 10:00:00,31.7,74,824.0,1.72,0.0,100
2024-06-12 11:00:00,32.5,68,755.0,1.32,0.0,100
2024-06-12 12:00:00,32.8,67,767.0,0.2,0.0,100
2024-06-12 13:00:00,33.2,65,672.0,1.65,0.0,100
2024-06-12 14:00:00,32.7,69,601.0,2.33,0.5,100
2024-06-12 15:00:00,30.3,76,477.0,0.8,2.1,100
2024-06-12 16:00:00,30.2,78,269.0,1.08,0.4,100
2024-06-12 17:00:00,29.9,80,108.0,0.32,0.1,100
2024-06-12 18:00:00,28.2,89,16.0,0.76,0.0,100
2024-06-12 19:00:00,27.9,90,0.0,1.1,0.0,100
2024-06-12 20:00:00,27.4,93,0.0,0.89,0.0,100
2024-06-12 21:00:00,26.9,96,0.0,0.86,0.0,100
2024-06-12 22:00:00,26.8,97,0.0,0.89,0.0,100
2024-06-12 23:00:00,26.8,97,0.0,0.76,0.0,98
2024-06-13 00:00:00,26.5,98,0.0,0.81,0.0,86
2024-06-13 01:00:00,26.1,97,0.0,0.73,5.4,100
2024-06-13 02:00:00,25.7,97,0.0,1.84,1.2,100
2024-06-13 03:00:00,25.2,98,0.0,1.61,2.0,100
2024-06-13 04:00:00,25.1,96,0.0,1.08,1.7,100
2024-06-13 05:00:00,25.5,94,36.0,0.1,0.1,99
2024-06-13 06:00:00,26.2,93,52.0,2.68,0.2,100
2024-06-13 07:00:00,25.8,95,85.0,3.35,0.5,100
2024-06-13 08:00:00,25.9,94,64.0,0.36,0.7,100
2024-06-13 09:00:00,26.6,91,151.0,0.73,1.6,100
2024-06-13 10:00:00,27.9,86,381.0,0.92,0.9,100
2024-06-13 11:00:00,29.4,81,522.0,1.84,0.2,100
2024-06-13 12:00:00,30.1,78,501.0,1.4,0.1,98
2024-06-13 13:00:00,30.8,77,753.0,0.71,0.1,100
2024-06-13 14:00:00,30.6,76,502.0,1.28,0.1,100
2024-06-13 15:00:00,28.8,84,257.0,2.31,0.8,100
2024-06-13 16:00:00,28.7,86,160.0,2.38,0.1,100
2024-06-13 17:00:00,28.0,89,101.0,3.01,0.1,100
2024-06-13 18:00:00,27.4,90,21.0,0.76,0.0,99
2024-06-13 19:00:00,27.0,93,0.0,0.7,0.0,99
2024-06-13 20:00:00,26.9,95,0.0,0.89,0.0,100
2024-06-13 21:00:00,26.9,96,0.0,1.22,0.0,97
2024-06-13 22:00:00,26.8,97,0.0,1.36,0.0,14
2024-06-13 23:00:00,26.5,98,0.0,1.02,0.0,59
2024-06-14 00:00:00,26.6,97,0.0,0.36,0.0,100
2024-06-14 01:00:00,26.1,96,0.0,1.57,0.1,99
2024-06-14 02:00:00,25.7,96,0.0,2.06,0.1,100
2024-06-14 03:00:00,25.7,95,0.0,1.58,0.1,100
2024-06-14 04:00:00,25.7,94,0.0,1.84,0.1,100
2024-06-14 05:00:00,26.1,92,14.0,2.75,0.1,100
2024-06-14 06:00:00,26.3,94,73.0,2.08,0.3,100
2024-06-14 07:00:00,27.0,89,160.0,1.77,0.1,100
2024-06-14 08:00:00,27.8,85,257.0,1.4,0.1,100
2024-06-14 09:00:00,27.9,84,195.0,1.51,0.0,100
2024-06-14 10:00:00,28.8,79,416.0,2.0,0.0,100
2024-06-14 11:00:00,29.3,78,350.0,1.26,0.1,100
2024-06-14 12:00:00,30.3,76,458.0,1.33,0.1,100
2024-06-14 13:00:00,29.9,77,466.0,2.08,0.9,100
2024-06-14 14:00:00,29.7,78,388.0,1.94,0.2,100
2024-06-14 15:00:00,29.7,80,316.0,1.22,0.0,100
2024-06-14 16:00:00,29.5,81,282.0,1.52,0.0,98
2024-06-14 17:00:00,28.7,84,93.0,1.22,0.3,100
2024-06-14 18:00:00,28.0,85,10.0,0.82,0.0,100
2024-06-14 19:00:00,27.1,91,0.0,0.95,0.1,100
2024-06-14 20:00:00,26.7,94,0.0,1.4,0.0,100
2024-06-14 21:00:00,26.3,98,0.0,0.71,0.0,100
2024-06-14 22:00:00,26.2,97,0.0,2.73,0.6,100
2024-06-14 23:00:00,25.7,96,0.0,0.86,4.4,100
2024-06-15 00:00:00,25.6,96,0.0,1.22,0.7,100
2024-06-15 01:00:00,25.1,96,0.0,1.12,2.9,100
2024-06-15 02:00:00,25.1,96,0.0,0.36,2.5,100
2024-06-15 03:00:00,24.8,98,0.0,0.28,6.9,100
2024-06-15 04:00:00,24.8,99,0.0,0.89,0.7,97
2024-06-15 05:00:00,25.0,99,24.0,0.67,1.6,100
2024-06-15 06:00:00,25.8,93,56.0,0.63,3.0,100
2024-06-15 07:00:00,25.6,96,84.0,2.16,15.5,100
2024-06-15 08:00:00,25.5,98,31.0,1.21,23.7,100
2024-06-15 09:00:00,25.7,97,56.0,1.77,8.9,100
2024-06-15 10:00:00,25.9,94,34.0,2.15,4.8,100
2024-06-15 11:00:00,26.8,90,228.0,1.34,1.2,100
2024-06-15 12:00:00,26.9,89,206.0,1.04,0.6,100
2024-06-15 13:00:00,28.6,85,560.0,0.98,0.1,100
2024-06-15 14:00:00,29.5,81,529.0,1.57,0.0,100
2024-06-15 15:00:00,29.1,81,297.0,1.7,0.0,100
2024-06-15 16:00:00,28.7,82,188.0,1.84,0.1,100
2024-06-15 17:00:00,28.2,84,93.0,1.9,0.1,100
2024-06-15 18:00:00,27.1,91,14.0,0.8,0.1,100
2024-06-15 19:00:00,26.8,95,0.0,0.81,0.1,100
2024-06-15 20:00:00,26.4,96,0.0,0.92,0.2,100
2024-06-15 21:00:00,26.1,97,0.0,0.81,1.1,100
2024-06-15 22:00:00,26.0,97,0.0,1.63,3.4,97
2024-06-15 23:00:00,25.9,95,0.0,2.6,5.3,100
2024-06-16 00:00:00,25.7,96,0.0,2.5,1.4,100
2024-06-16 01:00:00,25.5,98,0.0,2.72,4.1,100
2024-06-16 02:00:00,25.4,99,0.0,1.46,5.0,100
2024-06-16 03:00:00,25.5,97,0.0,1.92,6.7,100
2024-06-16 04:00:00,25.5,98,0.0,1.53,2.7,100
2024-06-16 05:00:00,25.5,96,2.0,3.81,4.8,100
2024-06-16 06:00:00,25.5,95,9.0,1.49,4.3,100
2024-06-16 07:00:00,25.9,94,40.0,2.34,3.6,100
2024-06-16 08:00:00,26.0,95,37.0,3.01,3.2,100
2024-06-16 09:00:00,26.4,93,101.0,3.35,3.1,100
2024-06-16 10:00:00,26.6,92,119.0,3.08,3.2,100
2024-06-16 11:00:00,26.9,90,126.0,2.77,2.5,100
2024-06-16 12:00:00,27.5,88,148.0,0.72,2.0,100
2024-06-16 13:00:00,27.5,89,167.0,0.54,1.1,100
2024-06-16 14:00:00,28.0,87,214.0,0.22,0.4,100
2024-06-16 15:00:00,28.1,86,209.0,1.55,0.0,100
2024-06-16 16:00:00,28.1,86,176.0,1.84,0.0,100
2024-06-16 17:00:00,27.6,88,84.0,1.79,0.0,100
2024-06-16 18:00:00,27.8,85,16.0,0.14,0.0,100
2024-06-16 19:00:00,26.7,92,0.0,0.95,0.1,100
2024-06-16 20:00:00,26.7,94,0.0,1.08,0.9,100
2024-06-16 21:00:00,26.2,96,0.0,1.3,0.8,100
2024-06-16 22:00:00,25.9,97,0.0,0.98,0.3,100
2024-06-16 23:00:00,25.7,97,0.0,0.81,0.1,100
2024-06-17 00:00:00,25.6,97,0.0,1.0,0.1,100
2024-06-17 01:00:00,25.4,98,0.0,1.81,0.1,99
2024-06-17 02:00:00,25.3,99,0.0,1.82,0.8,100
2024-06-17 03:00:00,25.2,99,0.0,0.91,3.7,100
2024-06-17 04:00:00,25.2,98,0.0,0.51,3.4,100
2024-06-17 05:00:00,25.5,96,8.0,0.57,3.7,100
2024-06-17 06:00:00,25.9,95,27.0,1.84,7.5,100
2024-06-17 07:00:00,26.2,95,37.0,0.5,6.9,100
2024-06-17 08:00:00,26.1,95,64.0,0.99,2.1,100
2024-06-17 09:00:00,26.1,95,145.0,0.89,2.8,100
2024-06-17 10:00:00,25.8,97,111.0,2.11,11.2,100
2024-06-17 11:00:00,25.6,96,47.0,1.53,20.7,100
2024-06-17 12:00:00,25.7,96,44.0,1.3,6.5,100
2024-06-17 13:00:00,28.8,81,663.0,0.2,0.1,99
2024-06-17 14:00:00,29.5,79,556.0,0.92,0.2,100
2024-06-17 15:00:00,29.3,80,357.0,1.82,0.1,100
2024-06-17 16:00:00,28.1,86,158.0,2.6,0.4,100
2024-06-17 17:00:00,27.3,89,77.0,2.21,0.5,100
2024-06-17 18:00:00,26.3,96,15.0,1.04,0.2,100
2024-06-17 19:00:00,26.1,97,0.0,1.14,0.5,100
2024-06-17 20:00:00,25.7,98,0.0,1.02,0.1,95
2024-06-17 21:00:00,25.5,98,0.0,0.58,1.2,96
2024-06-17 22:00:00,25.5,97,0.0,0.3,2.8,100
2024-06-17 23:00:00,25.4,97,0.0,0.4,4.4,100
2024-06-18 00:00:00,25.2,97,0.0,0.67,3.0,100
2024-06-18 01:00:00,25.0,99,0.0,0.67,3.1,100
2024-06-18 02:00:00,24.8,99,0.0,1.58,1.2,100
2024-06-18 03:00:00,24.6,99,0.0,1.7,1.8,100
2024-06-18 04:00:00,24.7,98,0.0,3.01,0.3,100
2024-06-18 05:00:00,25.0,97,8.0,2.42,0.6,100
2024-06-18 06:00:00,24.9,94,10.0,2.2,7.8,100
2024-06-18 07:00:00,25.1,95,33.0,1.63,6.6,100
2024-06-18 08:00:00,25.5,94,83.0,2.06,2.2,100
2024-06-18 09:00:00,25.5,94,125.0,4.11,1.8,100
2024-06-18 10:00:00,25.7,94,103.0,0.5,4.9,100
2024-06-18 11:00:00,26.5,92,258.0,1.96,2.9,100
2024-06-18 12:00:00,26.9,88,217.0,1.22,5.2,100
2024-06-18 13:00:00,27.0,87,182.0,0.81,3.6,100
2024-06-18 14:00:00,27.1,87,176.0,1.13,0.4,100
2024-06-18 15:00:00,27.3,85,292.0,0.36,0.1,100
2024-06-18 16:00:00,27.6,83,328.0,1.7,0.0,100
2024-06-18 17:00:00,26.9,87,94.0,2.33,0.0,100
2024-06-18 18:00:00,24.7,95,8.0,2.36,2.5,100
2024-06-18 19:00:00,24.9,95,0.0,0.85,4.8,100
2024-06-18 20:00:00,24.9,94,0.0,1.3,2.8,100
2024-06-18 21:00:00,24.9,96,0.0,0.1,10.0,100
2024-06-18 22:00:00,24.8,96,0.0,0.95,16.1,100
2024-06-18 23:00:00,24.6,98,0.0,0.51,10.0,100
2024-06-19 00:00:00,24.6,99,0.0,0.22,4.9,100
2024-06-19 01:00:00,24.5,98,0.0,1.41,2.6,100
2024-06-19 02:00:00,24.4,98,0.0,2.59,3.5,100
2024-06-19 03:00:00,24.5,97,0.0,1.68,5.6,100
2024-06-19 04:00:00,24.4,96,0.0,3.08,4.6,100
2024-06-19 05:00:00,24.3,97,1.0,4.28,6.6,100
2024-06-19 06:00:00,24.1,96,12.0,4.75,8.2,100
2024-06-19 07:00:00,24.4,95,53.0,4.65,5.4,100
2024-06-19 08:00:00,24.9,94,117.0,4.02,1.6,100
2024-06-19 09:00:00,25.5,92,223.0,4.91,0.8,100
2024-06-19 10:00:00,26.8,86,427.0,3.4,0.7,100
2024-06-19 11:00:00,26.5,90,284.0,2.85,1.0,100
2024-06-19 12:00:00,26.3,92,199.0,2.75,1.6,100
2024-06-19 13:00:00,27.6,86,377.0,2.71,0.5,100
2024-06-19 14:00:00,27.4,86,191.0,1.91,0.0,100
2024-06-19 15:00:00,27.3,87,123.0,1.93,0.2,100
2024-06-19 16:00:00,27.5,86,138.0,2.11,0.0,100
2024-06-19 17:00:00,26.7,91,47.0,1.53,0.5,100
2024-06-19 18:00:00,25.7,92,12.0,1.75,0.1,100
2024-06-19 19:00:00,25.3,94,0.0,1.17,0.0,100
2024-06-19 20:00:00,25.2,95,0.0,1.91,0.0,100
2024-06-19 21:00:00,25.2,96,0.0,1.53,0.3,100
2024-06-19 22:00:00,25.2,97,0.0,0.61,1.9,100
2024-06-19 23:00:00,24.8,98,0.0,2.45,0.2,100
2024-06-20 00:00:00,24.7,98,0.0,1.13,0.2,100
2024-06-20 01:00:00,24.7,97,0.0,1.5,1.1,100
2024-06-20 02:00:00,24.7,97,0.0,0.4,2.5,100
2024-06-20 03:00:00,24.6,97,0.0,1.4,0.6,99
2024-06-20 04:00:00,24.6,98,0.0,1.41,2.4,100
2024-06-20 05:00:00,24.7,98,8.0,1.82,2.6,100
2024-06-20 06:00:00,25.0,96,37.0,1.96,5.0,100
2024-06-20 07:00:00,25.1,95,28.0,1.91,4.6,100
2024-06-20 08:00:00,25.8,92,141.0,2.2,1.8,100
2024-06-20 09:00:00,26.1,91,141.0,1.66,0.9,100
2024-06-20 10:00:00,26.4,89,140.0,2.51,0.4,98
2024-06-20 11:00:00,28.3,79,663.0,3.18,0.2,100
2024-06-20 12:00:00,28.9,78,640.0,2.86,0.1,98
2024-06-20 13:00:00,29.6,74,639.0,2.02,0.1,85
2024-06-20 14:00:00,30.2,69,527.0,1.39,0.0,100
2024-06-20 15:00:00,29.7,72,344.0,1.53,0.0,100
2024-06-20 16:00:00,28.6,79,219.0,2.66,0.0,52
2024-06-20 17:00:00,27.6,83,111.0,2.63,0.0,81
2024-06-20 18:00:00,26.9,84,21.0,2.25,0.0,32
2024-06-20 19:00:00,26.2,88,0.0,1.34,0.0,90
2024-06-20 20:00:00,25.9,91,0.0,0.51,0.4,100
2024-06-20 21:00:00,25.5,96,0.0,0.94,0.6,93
2024-06-20 22:00:00,25.3,96,0.0,0.95,1.3,100
2024-06-20 23:00:00,25.2,97,0.0,0.2,0.1,100
2024-06-21 00:00:00,24.9,98,0.0,0.91,0.1,100
2024-06-21 01:00:00,24.9,98,0.0,0.45,0.0,96
2024-06-21 02:00:00,24.7,98,0.0,0.67,0.1,93
2024-06-21 03:00:00,24.6,98,0.0,0.54,0.0,79
2024-06-21 04:00:00,24.4,99,0.0,0.64,0.0,94
2024-06-21 05:00:00,25.0,96,24.0,1.17,0.0,90
2024-06-21 06:00:00,26.2,91,161.0,1.12,0.0,63
2024-06-21 07:00:00,27.4,86,303.0,0.64,0.0,33
2024-06-21 08:00:00,28.6,79,511.0,0.81,0.1,77
2024-06-21 09:00:00,29.1,77,450.0,1.08,0.3,97
2024-06-21 10:00:00,29.6,78,504.0,1.39,0.3,58
2024-06-21 11:00:00,30.6,75,726.0,1.36,0.1,29
2024-06-21 12:00:00,31.5,72,825.0,1.56,0.0,32
2024-06-21 13:00:00,31.7,70,690.0,1.53,0.0,22
2024-06-21 14:00:00,32.1,69,670.0,1.22,0.0,13
2024-06-21 15:00:00,32.0,67,501.0,1.58,0.0,79
2024-06-21 16:00:00,31.5,70,293.0,1.33,0.0,68
2024-06-21 17:00:00,30.8,78,150.0,0.71,0.0,61
2024-06-21 18:00:00,29.2,83,22.0,1.5,0.0,26
2024-06-21 19:00:00,28.5,88,0.0,1.4,0.0,9
2024-06-21 20:00:00,27.8,92,0.0,1.6,0.0,25
2024-06-21 21:00:00,27.7,92,0.0,1.42,0.0,54
2024-06-21 22:00:00,27.5,90,0.0,1.89,0.0,45
2024-06-21 23:00:00,28.4,84,0.0,0.54,0.0,32
2024-06-22 00:00:00,26.7,95,0.0,1.02,0.0,28
2024-06-22 01:00:00,26.8,95,0.0,1.2,0.0,53
2024-06-22 02:00:00,26.2,98,0.0,0.67,0.5,54
2024-06-22 03:00:00,25.7,98,0.0,0.71,1.9,35
2024-06-22 04:00:00,25.8,95,0.0,0.71,0.1,59
2024-06-22 05:00:00,26.1,94,30.0,0.63,0.3,50
2024-06-22 06:00:00,27.8,90,158.0,1.02,0.0,42
2024-06-22 07:00:00,28.8,86,315.0,1.12,0.0,42
2024-06-22 08:00:00,30.0,81,486.0,0.76,0.1,34
2024-06-22 09:00:00,31.1,77,721.0,0.73,0.1,88
2024-06-22 10:00:00,31.8,76,825.0,0.36,0.2,90
2024-06-22 11:00:00,31.9,75,685.0,1.3,0.1,93
2024-06-22 12:00:00,32.7,73,833.0,2.24,0.0,100
2024-06-22 13:00:00,32.9,73,660.0,2.63,0.0,100
2024-06-22 14:00:00,32.0,73,449.0,2.62,1.0,100
2024-06-22 15:00:00,31.8,75,212.0,0.98,1.1,100
2024-06-22 16:00:00,29.5,83,170.0,1.9,1.3,100
2024-06-22 17:00:00,29.3,85,74.0,1.17,0.1,100
2024-06-22 18:00:00,30.2,81,22.0,0.61,0.0,100
2024-06-22 19:00:00,29.9,83,0.0,0.5,0.0,100
2024-06-22 20:00:00,28.8,90,0.0,1.12,0.0,100
2024-06-22 21:00:00,28.2,94,0.0,1.55,0.0,100
2024-06-22 22:00:00,28.0,95,0.0,1.26,0.0,100
2024-06-22 23:00:00,27.9,94,0.0,1.36,0.0,100
2024-06-23 00:00:00,27.7,94,0.0,1.7,0.0,100
2024-06-23 01:00:00,27.1,95,0.0,3.34,0.0,100
2024-06-23 02:00:00,26.4,96,0.0,1.65,7.8,100
2024-06-23 03:00:00,26.2,96,0.0,2.31,2.8,100
2024-06-23 04:00:00,26.1,97,0.0,1.5,0.3,100
2024-06-23 05:00:00,26.2,95,9.0,1.04,0.3,100
2024-06-23 06:00:00,28.1,86,137.0,2.39,0.0,100
2024-06-23 07:00:00,29.2,83,290.0,2.12,0.0,81
2024-06-23 08:00:00,30.4,77,524.0,2.82,0.0,100
2024-06-23 09:00:00,31.2,75,570.0,2.94,0.0,100
2024-06-23 10:00:00,32.4,70,779.0,2.7,0.0,85
2024-06-23 11:00:00,33.1,69,885.0,2.72,0.0,97
2024-06-23 12:00:00,33.3,70,865.0,2.77,0.0,99
2024-06-23 13:00:00,33.4,69,832.0,2.5,0.0,78
2024-06-23 14:00:00,33.6,69,673.0,2.7,0.0,89
2024-06-23 15:00:00,31.4,77,445.0,2.31,1.4,92
2024-06-23 16:00:00,31.3,78,299.0,2.7,0.0,98
2024-06-23 17:00:00,30.4,82,142.0,2.78,0.0,99
2024-06-23 18:00:00,29.3,88,23.0,1.58,0.0,99
2024-06-23 19:00:00,29.1,89,0.0,0.8,0.4,100
2024-06-23 20:00:00,28.5,93,0.0,1.71,0.0,100
2024-06-23 21:00:00,28.2,92,0.0,1.41,0.0,100
2024-06-23 22:00:00,27.4,96,0.0,1.08,0.0,100
2024-06-23 23:00:00,27.7,94,0.0,0.92,0.0,100
2024-06-24 00:00:00,26.7,99,0.0,0.61,0.2,100
2024-06-24 01:00:00,26.9,98,0.0,0.61,0.0,100
2024-06-24 02:00:00,26.7,99,0.0,0.72,0.0,100
2024-06-24 03:00:00,26.4,97,0.0,1.77,0.8,100
2024-06-24 04:00:00,26.3,95,0.0,2.08,0.6,100
2024-06-24 05:00:00,26.5,93,21.0,1.75,0.1,100
2024-06-24 06:00:00,27.8,89,151.0,3.55,0.0,100
2024-06-24 07:00:00,28.8,84,298.0,3.51,0.1,100
2024-06-24 08:00:00,29.1,83,256.0,3.11,0.0,100
2024-06-24 09:00:00,30.8,77,622.0,3.06,0.0,100
2024-06-24 10:00:00,32.2,71,622.0,3.47,0.0,100
2024-06-24 11:00:00,32.6,69,728.0,2.82,0.4,100
2024-06-24 12:00:00,32.7,69,774.0,3.0,2.3,100
2024-06-24 13:00:00,32.8,70,669.0,2.55,1.4,100
2024-06-24 14:00:00,30.6,78,439.0,1.84,1.5,100
2024-06-24 15:00:00,29.8,81,303.0,2.46,0.6,100
2024-06-24 16:00:00,29.7,84,199.0,1.63,0.1,100
2024-06-24 17:00:00,29.2,86,99.0,1.48,0.0,100
2024-06-24 18:00:00,27.9,93,18.0,1.2,0.0,100
2024-06-24 19:00:00,28.4,89,0.0,0.89,0.0,100
2024-06-24 20:00:00,27.6,94,0.0,1.26,0.0,100
2024-06-24 21:00:00,27.6,95,0.0,1.14,0.0,100
2024-06-24 22:00:00,27.5,95,0.0,1.0,0.0,100
2024-06-24 23:00:00,27.2,96,0.0,0.86,0.0,100
2024-06-25 00:00:00,27.1,98,0.0,0.85,0.0,100
2024-06-25 01:00:00,26.7,100,0.0,2.3,0.2,100
2024-06-25 02:00:00,26.4,99,0.0,1.91,0.3,100
2024-06-25 03:00:00,26.3,99,0.0,1.97,0.2,100
2024-06-25 04:00:00,26.2,98,0.0,1.14,0.1,100
2024-06-25 05:00:00,26.4,97,13.0,0.41,0.2,100
2024-06-25 06:00:00,27.3,92,71.0,1.36,0.1,100
2024-06-25 07:00:00,28.4,86,290.0,0.85,0.1,100
2024-06-25 08:00:00,30.0,78,475.0,0.92,0.1,100
2024-06-25 09:00:00,30.8,75,511.0,1.35,0.0,100
2024-06-25 10:00:00,31.3,75,644.0,1.39,0.1,100
2024-06-25 11:00:00,31.9,74,764.0,2.02,0.0,99
2024-06-25 12:00:00,32.1,73,809.0,1.9,0.0,99
2024-06-25 13:00:00,32.0,75,801.0,2.06,0.0,100
2024-06-25 14:00:00,30.6,80,503.0,3.31,0.7,100
2024-06-25 15:00:00,27.7,89,264.0,3.67,4.2,100
2024-06-25 16:00:00,28.8,84,231.0,1.33,0.1,100
2024-06-25 17:00:00,29.2,84,108.0,1.13,0.0,100
2024-06-25 18:00:00,28.0,91,15.0,1.0,0.0,100
2024-06-25 19:00:00,27.7,95,0.0,0.95,0.0,100
2024-06-25 20:00:00,27.6,97,0.0,1.36,0.0,100
2024-06-25 21:00:00,27.4,97,0.0,1.7,0.0,100
2024-06-25 22:00:00,27.3,97,0.0,1.57,0.0,100
2024-06-25 23:00:00,27.2,97,0.0,2.3,0.0,100
2024-06-26 00:00:00,27.0,98,0.0,2.02,0.0,100
2024-06-26 01:00:00,26.9,98,0.0,1.53,0.0,100
2024-06-26 02:00:00,26.8,97,0.0,2.53,0.0,91
2024-06-26 03:00:00,26.5,97,0.0,2.2,0.0,96
2024-06-26 04:00:00,25.8,97,0.0,3.77,3.6,100
2024-06-26 05:00:00,26.1,96,12.0,2.5,2.5,100
2024-06-26 06:00:00,26.5,94,39.0,3.22,1.6,100
2024-06-26 07:00:00,27.6,91,192.0,2.5,0.5,100
2024-06-26 08:00:00,28.8,86,386.0,3.64,0.3,100
2024-06-26 09:00:00,29.7,82,559.0,3.67,0.1,98
2024-06-26 10:00:00,30.0,80,547.0,3.81,0.0,73
2024-06-26 11:00:00,30.8,75,701.0,3.76,0.2,100
2024-06-26 12:00:00,31.1,79,745.0,3.26,0.1,100
2024-06-26 13:00:00,31.1,78,574.0,2.82,0.0,100
2024-06-26 14:00:00,32.1,75,701.0,2.96,0.0,99
2024-06-26 15:00:00,32.0,75,509.0,1.77,0.0,100
2024-06-26 16:00:00,31.8,76,345.0,1.22,0.0,100
2024-06-26 17:00:00,30.4,81,150.0,0.64,0.2,100
2024-06-26 18:00:00,28.7,89,8.0,1.58,0.1,100
2024-06-26 19:00:00,28.2,90,0.0,0.6,0.0,100
2024-06-26 20:00:00,28.0,91,0.0,0.63,0.0,99
2024-06-26 21:00:00,27.5,94,0.0,0.85,0.0,100
2024-06-26 22:00:00,27.6,96,0.0,1.36,0.0,100
2024-06-26 23:00:00,27.4,97,0.0,1.1,0.0,100
2024-06-27 00:00:00,27.8,94,0.0,1.0,0.0,100
2024-06-27 01:00:00,27.2,97,0.0,0.85,0.0,100
2024-06-27 02:00:00,26.9,99,0.0,1.32,0.0,100
2024-06-27 03:00:00,26.3,98,0.0,3.0,2.6,100
2024-06-27 04:00:00,26.0,99,0.0,2.48,3.0,100
2024-06-27 05:00:00,26.1,97,10.0,1.88,6.8,100
2024-06-27 06:00:00,27.1,90,136.0,2.82,0.1,100
2024-06-27 07:00:00,28.1,85,240.0,2.4,0.1,100
2024-06-27 08:00:00,29.2,80,356.0,1.7,0.0,100
2024-06-27 09:00:00,29.3,80,423.0,2.34,1.8,100
2024-06-27 10:00:00,29.9,79,446.0,1.43,0.2,99
2024-06-27 11:00:00,31.1,76,668.0,1.62,0.1,100
2024-06-27 12:00:00,31.4,75,676.0,2.2,0.2,100
2024-06-27 13:00:00,30.7,76,538.0,3.23,3.0,100
2024-06-27 14:00:00,30.7,77,443.0,1.9,0.7,100
2024-06-27 15:00:00,31.2,74,360.0,1.3,0.0,100
2024-06-27 16:00:00,30.8,75,171.0,1.52,0.2,100
2024-06-27 17:00:00,30.2,80,132.0,1.43,0.0,100
2024-06-27 18:00:00,28.4,87,25.0,1.41,0.0,84
2024-06-27 19:00:00,27.7,92,0.0,1.41,0.0,100
2024-06-27 20:00:00,27.5,93,0.0,1.25,0.0,100
2024-06-27 21:00:00,27.2,95,0.0,1.52,0.0,100
2024-06-27 22:00:00,27.4,94,0.0,1.17,0.0,100
2024-06-27 23:00:00,27.7,93,0.0,0.73,0.0,100
2024-06-28 00:00:00,26.9,97,0.0,0.89,0.1,100
2024-06-28 01:00:00,26.9,97,0.0,0.82,0.1,100
2024-06-28 02:00:00,26.6,91,0.0,1.86,2.4,100
2024-06-28 03:00:00,26.1,95,0.0,1.84,1.0,100
2024-06-28 04:00:00,26.0,94,0.0,1.33,2.8,100
2024-06-28 05:00:00,26.3,95,19.0,1.08,0.1,100
2024-06-28 06:00:00,27.3,90,82.0,2.21,0.0,100
2024-06-28 07:00:00,27.5,92,181.0,1.71,1.6,100
2024-06-28 08:00:00,27.6,93,151.0,1.58,1.8,100
2024-06-28 09:00:00,27.5,92,101.0,1.6,0.9,100
2024-06-28 10:00:00,28.0,89,228.0,2.35,0.5,100
2024-06-28 11:00:00,28.5,87,269.0,1.96,0.2,100
2024-06-28 12:00:00,29.3,82,304.0,1.94,0.1,100
2024-06-28 13:00:00,29.6,82,441.0,1.61,0.2,100
2024-06-28 14:00:00,29.4,82,246.0,1.73,0.4,100
2024-06-28 15:00:00,29.8,82,371.0,1.72,0.1,93
2024-06-28 16:00:00,29.3,84,233.0,1.7,0.0,86
2024-06-28 17:00:00,28.8,85,138.0,1.22,0.0,85
2024-06-28 18:00:00,28.7,85,22.0,0.32,0.0,100
2024-06-28 19:00:00,28.0,90,0.0,0.61,0.1,99
2024-06-28 20:00:00,27.3,94,0.0,2.02,0.3,77
2024-06-28 21:00:00,26.6,97,0.0,1.22,0.1,98
2024-06-28 22:00:00,26.5,98,0.0,0.6,0.2,100
2024-06-28 23:00:00,26.5,97,0.0,0.8,0.1,100
2024-06-29 00:00:00,26.4,95,0.0,0.85,0.0,100
2024-06-29 01:00:00,26.3,94,0.0,0.94,0.1,100
2024-06-29 02:00:00,26.2,94,0.0,1.94,0.2,100
2024-06-29 03:00:00,26.1,94,0.0,2.22,0.1,100
2024-06-29 04:00:00,25.9,97,0.0,1.9,0.3,100
2024-06-29 05:00:00,25.8,97,7.0,2.08,1.1,100
2024-06-29 06:00:00,26.3,94,9.0,1.58,9.2,100
2024-06-29 07:00:00,26.1,95,19.0,2.91,16.4,100
2024-06-29 08:00:00,26.6,93,89.0,1.22,2.1,100
2024-06-29 09:00:00,27.0,91,141.0,1.8,0.9,100
2024-06-29 10:00:00,28.0,86,211.0,1.79,1.6,100
2024-06-29 11:00:00,28.4,87,238.0,1.3,2.5,100
2024-06-29 12:00:00,28.7,86,343.0,1.55,1.9,100
2024-06-29 13:00:00,29.4,83,420.0,1.32,0.9,100
2024-06-29 14:00:00,29.0,85,189.0,0.54,1.3,100
2024-06-29 15:00:00,28.9,86,193.0,0.58,0.7,100
2024-06-29 16:00:00,28.5,86,184.0,1.7,0.9,100
2024-06-29 17:00:00,27.6,92,57.0,1.7,2.1,99
2024-06-29 18:00:00,27.6,93,15.0,0.71,0.2,100
2024-06-29 19:00:00,27.5,93,0.0,0.28,0.7,100
2024-06-29 20:00:00,27.3,92,0.0,0.73,0.4,100
2024-06-29 21:00:00,26.9,94,0.0,0.72,0.1,100
2024-06-29 22:00:00,26.5,97,0.0,0.72,0.2,100
2024-06-29 23:00:00,26.4,96,0.0,0.51,0.3,100
2024-06-30 00:00:00,26.3,97,0.0,0.71,0.7,100
2024-06-30 01:00:00,26.2,96,0.0,0.92,1.1,100
2024-06-30 02:00:00,26.2,96,0.0,0.72,1.7,100
2024-06-30 03:00:00,26.1,96,0.0,1.87,1.8,100
2024-06-30 04:00:00,26.0,97,0.0,1.61,1.8,100
2024-06-30 05:00:00,26.3,95,8.0,1.14,1.4,100
2024-06-30 06:00:00,27.3,91,129.0,1.97,0.2,100
2024-06-30 07:00:00,28.2,87,219.0,1.43,0.0,100
2024-06-30 08:00:00,29.1,83,354.0,1.12,0.1,100
2024-06-30 09:00:00,30.1,79,560.0,0.94,0.2,100
2024-06-30 10:00:00,30.3,78,407.0,0.63,0.4,100
2024-06-30 11:00:00,29.1,84,252.0,0.41,11.6,100
2024-06-30 12:00:00,28.5,88,236.0,2.36,3.5,100
2024-06-30 13:00:00,28.7,85,363.0,2.33,3.2,100
2024-06-30 14:00:00,28.6,87,242.0,1.22,0.1,100
2024-06-30 15:00:00,28.6,87,243.0,1.63,0.2,100
2024-06-30 16:00:00,27.7,90,106.0,1.51,3.2,100
2024-06-30 17:00:00,27.2,93,46.0,1.08,1.7,100
2024-06-30 18:00:00,26.9,95,9.0,1.36,0.1,100
2024-06-30 19:00:00,26.7,97,0.0,1.0,4.6,100
2024-06-30 20:00:00,26.7,96,0.0,1.57,9.7,100
2024-06-30 21:00:00,26.3,97,0.0,1.64,5.7,100
2024-06-30 22:00:00,26.2,96,0.0,1.13,1.7,100
2024-06-30 23:00:00,26.1,97,0.0,1.08,0.9,100
2024-07-01 00:00:00,25.9,97,0.0,1.3,1.3,100
2024-07-01 01:00:00,25.8,97,0.0,0.22,0.5,100
2024-07-01 02:00:00,25.9,98,0.0,0.14,0.4,100
2024-07-01 03:00:00,25.8,98,0.0,0.36,0.5,100
2024-07-01 04:00:00,25.9,98,0.0,0.58,0.7,100
2024-07-01 05:00:00,26.0,96,5.0,1.02,0.4,100
2024-07-01 06:00:00,26.1,95,13.0,2.33,5.9,100
2024-07-01 07:00:00,26.1,97,34.0,3.36,9.4,100
2024-07-01 08:00:00,26.2,97,27.0,3.41,6.4,100
2024-07-01 09:00:00,26.3,95,58.0,3.6,6.0,100
2024-07-01 10:00:00,26.5,93,101.0,3.31,3.4,100
2024-07-01 11:00:00,26.7,94,92.0,3.5,3.0,100
2024-07-01 12:00:00,26.9,93,89.0,2.79,4.2,100
2024-07-01 13:00:00,27.1,92,111.0,2.47,3.0,100
2024-07-01 14:00:00,27.0,93,115.0,2.8,1.7,100
2024-07-01 15:00:00,27.2,92,137.0,2.62,0.7,100
2024-07-01 16:00:00,27.2,93,153.0,2.81,0.3,100
2024-07-01 17:00:00,26.5,96,35.0,2.72,0.4,100
2024-07-01 18:00:00,26.3,95,6.0,2.91,0.3,100
2024-07-01 19:00:00,26.0,97,0.0,3.31,0.4,100
2024-07-01 20:00:00,26.0,96,0.0,3.61,0.7,100
2024-07-01 21:00:00,25.8,97,0.0,3.54,0.6,100
2024-07-01 22:00:00,25.6,97,0.0,2.77,1.7,100
2024-07-01 23:00:00,25.3,96,0.0,3.22,1.5,100
2024-07-02 00:00:00,25.1,97,0.0,3.58,1.2,100
2024-07-02 01:00:00,25.0,96,0.0,3.55,1.8,100
2024-07-02 02:00:00,25.0,96,0.0,3.32,0.7,100
2024-07-02 03:00:00,25.0,96,0.0,3.16,1.4,100
2024-07-02 04:00:00,24.9,96,0.0,2.77,1.5,100
2024-07-02 05:00:00,25.1,96,10.0,3.05,1.5,100
2024-07-02 06:00:00,25.7,94,58.0,2.47,0.6,100
2024-07-02 07:00:00,26.0,93,105.0,2.34,0.9,100
2024-07-02 08:00:00,26.3,92,186.0,2.55,1.2,100
2024-07-02 09:00:00,27.1,88,260.0,2.21,0.5,100
2024-07-02 10:00:00,27.3,88,224.0,2.25,0.2,92
2024-07-02 11:00:00,28.7,84,562.0,1.82,0.1,77
2024-07-02 12:00:00,29.2,83,515.0,1.82,0.1,74
2024-07-02 13:00:00,29.5,82,349.0,1.63,0.1,96
2024-07-02 14:00:00,29.7,81,357.0,1.58,0.1,48
2024-07-02 15:00:00,30.3,79,494.0,2.2,0.0,71
2024-07-02 16:00:00,29.4,79,283.0,2.24,1.1,51
2024-07-02 17:00:00,28.9,82,132.0,2.12,0.1,31
2024-07-02 18:00:00,26.3,91,14.0,2.8,0.7,100
2024-07-02 19:00:00,26.0,94,0.0,1.84,1.5,100
2024-07-02 20:00:00,26.1,93,0.0,1.91,0.3,98
2024-07-02 21:00:00,25.8,95,0.0,1.46,0.0,100
2024-07-02 22:00:00,25.7,95,0.0,1.39,0.0,100
2024-07-02 23:00:00,25.6,96,0.0,1.8,0.6,100
2024-07-03 00:00:00,25.4,96,0.0,1.71,0.5,100
2024-07-03 01:00:00,25.4,96,0.0,1.12,0.2,100
2024-07-03 02:00:00,25.4,96,0.0,1.34,0.1,100
2024-07-03 03:00:00,25.4,96,0.0,1.52,0.0,100
2024-07-03 04:00:00,25.4,96,0.0,1.48,0.2,100
2024-07-03 05:00:00,25.6,96,5.0,1.34,0.2,100
2024-07-03 06:00:00,26.9,91,109.0,3.3,0.1,99
2024-07-03 07:00:00,28.1,86,239.0,2.86,0.0,99
2024-07-03 08:00:00,29.3,81,304.0,2.55,0.0,98
2024-07-03 09:00:00,30.3,75,486.0,2.77,0.0,99
2024-07-03 10:00:00,30.7,75,504.0,2.37,0.1,94
2024-07-03 11:00:00,31.7,73,707.0,1.96,0.1,93
2024-07-03 12:00:00,32.4,71,772.0,1.5,0.2,100
2024-07-03 13:00:00,28.8,85,394.0,2.8,11.9,100
2024-07-03 14:00:00,28.5,87,268.0,2.35,0.5,99
2024-07-03 15:00:00,30.2,81,449.0,1.58,0.1,99
2024-07-03 16:00:00,29.0,85,151.0,1.1,6.1,100
2024-07-03 17:00:00,29.0,86,111.0,1.06,0.1,100
2024-07-03 18:00:00,28.1,92,21.0,1.58,1.2,100
2024-07-03 19:00:00,26.7,97,0.0,1.43,4.2,100
2024-07-03 20:00:00,26.4,97,0.0,2.53,9.0,100
2024-07-03 21:00:00,26.3,97,0.0,0.76,1.6,100
2024-07-03 22:00:00,26.0,98,0.0,1.25,3.8,100
2024-07-03 23:00:00,25.9,98,0.0,1.3,1.7,100
2024-07-04 00:00:00,25.8,97,0.0,0.81,1.6,100
2024-07-04 01:00:00,25.6,98,0.0,0.85,1.8,100
2024-07-04 02:00:00,25.7,96,0.0,0.61,0.1,100
2024-07-04 03:00:00,25.9,94,0.0,0.3,0.0,100
2024-07-04 04:00:00,25.4,96,0.0,0.58,0.0,100
2024-07-04 05:00:00,26.0,93,23.0,1.14,0.0,100
2024-07-04 06:00:00,26.8,96,121.0,0.78,1.6,100
2024-07-04 07:00:00,27.6,90,269.0,1.2,1.0,100
2024-07-04 08:00:00,28.5,87,380.0,0.7,0.6,100
2024-07-04 09:00:00,29.6,82,480.0,0.73,0.2,100
2024-07-04 10:00:00,30.1,81,554.0,0.36,0.2,100
2024-07-04 11:00:00,30.3,80,494.0,1.28,0.4,100
2024-07-04 12:00:00,30.4,79,376.0,0.51,0.3,100
2024-07-04 13:00:00,29.9,84,456.0,0.82,2.1,100
2024-07-04 14:00:00,29.7,84,309.0,1.84,0.3,100
2024-07-04 15:00:00,29.8,83,311.0,1.04,0.3,100
2024-07-04 16:00:00,29.5,86,188.0,1.49,0.0,100
2024-07-04 17:00:00,29.1,88,98.0,1.63,0.1,100
2024-07-04 18:00:00,27.6,90,19.0,1.84,0.0,100
2024-07-04 19:00:00,27.2,93,0.0,1.41,0.9,100
2024-07-04 20:00:00,26.7,96,0.0,1.73,4.9,100
2024-07-04 21:00:00,26.5,95,0.0,1.14,3.6,100
2024-07-04 22:00:00,26.0,97,0.0,0.7,4.7,100
2024-07-04 23:00:00,26.0,96,0.0,1.64,2.7,100
2024-07-05 00:00:00,25.9,97,0.0,1.3,1.4,100
2024-07-05 01:00:00,26.0,97,0.0,0.58,0.2,100
2024-07-05 02:00:00,26.0,96,0.0,0.99,0.0,100
2024-07-05 03:00:00,25.9,96,0.0,1.04,0.0,100
2024-07-05 04:00:00,26.0,95,0.0,1.2,0.0,100
2024-07-05 05:00:00,26.5,93,22.0,1.4,0.0,100
2024-07-05 06:00:00,26.6,93,39.0,1.87,0.8,100
2024-07-05 07:00:00,27.4,89,116.0,2.43,0.2,100
2024-07-05 08:00:00,27.4,90,176.0,1.92,0.9,100
2024-07-05 09:00:00,28.1,86,328.0,1.71,0.4,100
2024-07-05 10:00:00,29.1,83,509.0,2.3,0.1,98
2024-07-05 11:00:00,29.9,78,604.0,1.9,0.1,100
2024-07-05 12:00:00,30.6,76,665.0,1.97,0.1,100
2024-07-05 13:00:00,30.8,76,648.0,1.98,0.0,100
2024-07-05 14:00:00,30.3,77,530.0,1.35,0.1,100
2024-07-05 15:00:00,29.6,78,289.0,1.6,0.1,100
2024-07-05 16:00:00,29.2,79,201.0,1.39,0.2,100
2024-07-05 17:00:00,28.6,85,87.0,1.14,0.2,100
2024-07-05 18:00:00,27.6,90,13.0,0.71,0.1,100
2024-07-05 19:00:00,26.9,95,0.0,1.06,0.4,100
2024-07-05 20:00:00,26.6,96,0.0,0.92,0.0,100
2024-07-05 21:00:00,26.5,96,0.0,0.94,0.0,100
2024-07-05 22:00:00,26.6,96,0.0,1.4,0.2,100
2024-07-05 23:00:00,26.2,97,0.0,1.08,3.8,100
2024-07-06 00:00:00,26.3,97,0.0,0.14,1.8,100
2024-07-06 01:00:00,26.1,97,0.0,1.66,0.9,100
2024-07-06 02:00:00,25.8,98,0.0,2.22,0.3,100
2024-07-06 03:00:00,25.7,98,0.0,1.44,0.0,100
2024-07-06 04:00:00,25.7,97,0.0,1.08,0.0,100
2024-07-06 05:00:00,26.1,95,9.0,1.53,0.0,100
2024-07-06 06:00:00,26.1,93,102.0,1.3,0.1,100
2024-07-06 07:00:00,27.3,86,227.0,1.46,0.0,100
2024-07-06 08:00:00,27.9,85,260.0,1.04,0.1,100
2024-07-06 09:00:00,29.5,80,510.0,0.91,0.1,100
2024-07-06 10:00:00,30.0,78,558.0,1.32,0.1,100
2024-07-06 11:00:00,30.0,78,578.0,1.77,0.2,96
2024-07-06 12:00:00,31.0,74,701.0,2.15,0.0,93
2024-07-06 13:00:00,31.3,74,698.0,1.94,0.0,95
2024-07-06 14:00:00,31.9,72,606.0,1.0,0.0,96
2024-07-06 15:00:00,28.9,82,242.0,3.16,8.3,100
2024-07-06 16:00:00,27.3,92,112.0,2.0,4.4,100
2024-07-06 17:00:00,27.6,92,78.0,2.04,0.3,100
2024-07-06 18:00:00,27.8,92,19.0,1.9,0.1,96
2024-07-06 19:00:00,27.3,96,0.0,1.36,0.1,91
2024-07-06 20:00:00,27.2,97,0.0,0.92,0.1,83
2024-07-06 21:00:00,26.9,98,0.0,0.73,0.1,100
2024-07-06 22:00:00,26.6,98,0.0,0.8,0.0,100
2024-07-06 23:00:00,26.5,98,0.0,1.17,0.2,100
2024-07-07 00:00:00,26.0,99,0.0,1.84,2.8,100
2024-07-07 01:00:00,25.9,97,0.0,0.32,1.1,99
2024-07-07 02:00:00,25.7,98,0.0,0.1,0.2,100
2024-07-07 03:00:00,25.7,98,0.0,0.32,0.0,99
2024-07-07 04:00:00,25.6,97,0.0,0.51,0.0,100
2024-07-07 05:00:00,26.1,95,27.0,1.12,0.0,100
2024-07-07 06:00:00,26.9,93,88.0,1.0,1.3,100
2024-07-07 07:00:00,27.4,91,168.0,1.4,0.5,100
2024-07-07 08:00:00,28.1,90,350.0,0.63,0.1,98
2024-07-07 09:00:00,30.0,83,671.0,0.63,0.1,85
2024-07-07 10:00:00,30.8,79,633.0,1.51,0.1,100
2024-07-07 11:00:00,31.8,75,806.0,1.99,0.0,97
2024-07-07 12:00:00,31.9,74,706.0,1.79,0.1,100
2024-07-07 13:00:00,32.0,73,532.0,0.78,0.1,100
2024-07-07 14:00:00,29.5,82,354.0,3.83,5.2,100
2024-07-07 15:00:00,28.9,85,263.0,1.58,1.7,86
2024-07-07 16:00:00,29.7,83,267.0,1.22,0.2,94
2024-07-07 17:00:00,29.7,85,145.0,1.48,0.0,97
2024-07-07 18:00:00,28.2,91,24.0,1.17,0.0,50
2024-07-07 19:00:00,27.7,94,0.0,1.21,0.0,33
2024-07-07 20:00:00,27.7,96,0.0,1.3,0.0,79
2024-07-07 21:00:00,27.8,94,0.0,1.7,0.0,100
2024-07-07 22:00:00,27.4,92,0.0,1.51,0.0,99
2024-07-07 23:00:00,27.1,93,0.0,1.26,0.0,100
2024-07-08 00:00:00,27.2,91,0.0,1.43,0.0,100
2024-07-08 01:00:00,27.0,91,0.0,1.56,0.0,100
2024-07-08 02:00:00,27.0,91,0.0,1.78,0.0,98
2024-07-08 03:00:00,26.6,94,0.0,1.35,0.0,90
2024-07-08 04:00:00,26.4,95,0.0,1.39,0.0,95
2024-07-08 05:00:00,27.4,92,29.0,1.8,0.0,78
2024-07-08 06:00:00,28.9,83,165.0,1.22,0.0,98
2024-07-08 07:00:00,29.9,79,363.0,1.61,0.0,100
2024-07-08 08:00:00,30.9,76,539.0,1.73,0.0,87
2024-07-08 09:00:00,31.7,73,690.0,2.3,0.0,100
2024-07-08 10:00:00,31.6,74,814.0,2.19,2.1,100
2024-07-08 11:00:00,32.9,70,815.0,2.0,0.1,100
2024-07-08 12:00:00,28.2,90,485.0,3.57,3.0,98
2024-07-08 13:00:00,30.4,80,621.0,2.61,0.1,99
2024-07-08 14:00:00,30.1,76,526.0,4.32,0.9,100
2024-07-08 15:00:00,30.3,80,376.0,2.31,0.3,98
2024-07-08 16:00:00,30.0,80,224.0,3.14,1.2,96
2024-07-08 17:00:00,29.0,86,126.0,2.21,0.8,98
2024-07-08 18:00:00,28.4,89,24.0,1.32,0.0,91
2024-07-08 19:00:00,28.1,90,0.0,2.18,0.0,64
2024-07-08 20:00:00,27.6,90,0.0,1.46,0.0,100
2024-07-08 21:00:00,27.3,92,0.0,1.0,0.0,79
2024-07-08 22:00:00,27.2,93,0.0,1.0,0.0,98
2024-07-08 23:00:00,26.9,94,0.0,1.08,0.0,98
2024-07-09 00:00:00,26.8,94,0.0,1.04,0.1,97
2024-07-09 01:00:00,26.6,93,0.0,0.94,0.0,100
2024-07-09 02:00:00,26.5,93,0.0,0.85,0.0,100
2024-07-09 03:00:00,26.8,90,0.0,0.5,0.3,100
2024-07-09 04:00:00,26.8,89,0.0,0.0,0.0,100
2024-07-09 05:00:00,27.0,88,15.0,0.45,0.0,100
2024-07-09 06:00:00,27.9,87,140.0,0.81,0.0,100
2024-07-09 07:00:00,28.6,83,251.0,1.5,0.0,100
2024-07-09 08:00:00,28.9,80,269.0,2.2,0.0,100
2024-07-09 09:00:00,29.8,76,512.0,2.33,0.0,100
2024-07-09 10:00:00,30.4,74,604.0,3.77,0.0,100
2024-07-09 11:00:00,30.7,73,599.0,4.65,0.3,100
2024-07-09 12:00:00,29.8,78,401.0,4.32,0.3,100
2024-07-09 13:00:00,29.6,81,332.0,3.71,0.0,99
2024-07-09 14:00:00,29.7,81,332.0,3.8,0.1,92
2024-07-09 15:00:00,29.9,81,429.0,3.5,0.0,100
2024-07-09 16:00:00,29.9,78,308.0,3.34,0.1,100
2024-07-09 17:00:00,29.3,83,135.0,2.45,0.0,100
2024-07-09 18:00:00,28.4,89,14.0,1.17,0.0,99
2024-07-09 19:00:00,28.1,93,0.0,1.22,0.0,100
2024-07-09 20:00:00,28.1,91,0.0,1.99,2.6,87
2024-07-09 21:00:00,27.4,91,0.0,2.28,0.1,100
2024-07-09 22:00:00,26.6,92,0.0,2.66,0.1,100
2024-07-09 23:00:00,26.1,92,0.0,2.6,0.1,100
2024-07-10 00:00:00,26.0,93,0.0,2.3,0.0,100
2024-07-10 01:00:00,26.0,93,0.0,1.65,0.0,100
2024-07-10 02:00:00,25.8,95,0.0,1.22,0.0,100
2024-07-10 03:00:00,25.6,96,0.0,0.82,0.0,100
2024-07-10 04:00:00,25.5,97,0.0,1.02,0.0,100
2024-07-10 05:00:00,25.7,96,16.0,1.49,0.0,100
2024-07-10 06:00:00,26.3,94,45.0,1.3,0.1,98
2024-07-10 07:00:00,27.2,89,160.0,1.3,0.0,100
2024-07-10 08:00:00,28.1,86,270.0,1.08,0.2,99
2024-07-10 09:00:00,27.3,92,157.0,1.49,1.4,100
2024-07-10 10:00:00,27.7,88,221.0,1.7,1.1,92
2024-07-10 11:00:00,29.5,80,488.0,1.12,0.1,96
2024-07-10 12:00:00,30.0,78,475.0,1.7,0.1,100
2024-07-10 13:00:00,29.4,81,412.0,2.47,0.2,100
2024-07-10 14:00:00,29.3,84,216.0,2.06,0.0,100
2024-07-10 15:00:00,30.1,80,382.0,2.16,1.0,100
2024-07-10 16:00:00,29.9,80,243.0,2.52,0.3,100
2024-07-10 17:00:00,28.8,86,94.0,2.69,0.1,100
2024-07-10 18:00:00,27.9,88,20.0,1.41,0.0,100
2024-07-10 19:00:00,27.3,92,0.0,1.24,0.0,100
2024-07-10 20:00:00,27.3,92,0.0,1.39,0.0,100
2024-07-10 21:00:00,27.3,92,0.0,1.36,0.0,100
2024-07-10 22:00:00,26.9,96,0.0,1.42,0.0,99
2024-07-10 23:00:00,26.7,95,0.0,1.49,0.0,99
2024-07-11 00:00:00,26.4,91,0.0,1.75,0.0,100
2024-07-11 01:00:00,25.9,93,0.0,1.91,0.4,100
2024-07-11 02:00:00,25.6,95,0.0,1.3,0.6,100
2024-07-11 03:00:00,25.6,96,0.0,0.86,0.1,100
2024-07-11 04:00:00,25.5,96,0.0,1.73,0.2,100
2024-07-11 05:00:00,25.6,96,12.0,1.55,2.6,100
2024-07-11 06:00:00,26.8,91,91.0,1.9,0.1,100
2024-07-11 07:00:00,27.0,90,151.0,1.22,0.1,100
2024-07-11 08:00:00,27.7,88,307.0,1.2,0.0,99
2024-07-11 09:00:00,28.4,85,367.0,0.5,0.0,100
2024-07-11 10:00:00,29.8,79,559.0,0.81,0.0,100
2024-07-11 11:00:00,30.1,80,483.0,1.66,0.1,100
2024-07-11 12:00:00,30.1,82,551.0,2.18,0.3,100
2024-07-11 13:00:00,30.0,81,425.0,3.35,0.2,100
2024-07-11 14:00:00,29.8,81,339.0,3.57,0.1,100
2024-07-11 15:00:00,29.6,82,216.0,2.4,0.2,100
2024-07-11 16:00:00,29.7,83,231.0,1.68,0.0,100
2024-07-11 17:00:00,29.2,85,87.0,1.08,0.0,100
2024-07-11 18:00:00,28.1,87,15.0,0.64,0.1,99
2024-07-11 19:00:00,27.8,89,0.0,0.32,0.0,51
2024-07-11 20:00:00,26.9,95,0.0,0.9,0.0,31
2024-07-11 21:00:00,26.7,96,0.0,0.92,0.0,29
2024-07-11 22:00:00,26.8,96,0.0,1.44,0.0,51
2024-07-11 23:00:00,26.2,98,0.0,1.0,0.0,69
2024-07-12 00:00:00,26.3,97,0.0,0.73,1.3,100
2024-07-12 01:00:00,26.2,97,0.0,0.78,1.1,100
2024-07-12 02:00:00,26.0,97,0.0,0.36,0.5,100
2024-07-12 03:00:00,26.0,97,0.0,0.5,0.3,100
2024-07-12 04:00:00,25.9,97,0.0,0.45,0.1,100
2024-07-12 05:00:00,26.0,96,22.0,0.86,0.1,100
2024-07-12 06:00:00,26.5,94,13.0,0.5,3.1,100
2024-07-12 07:00:00,26.5,94,29.0,0.82,3.7,100
2024-07-12 08:00:00,26.6,95,77.0,1.22,0.6,100
2024-07-12 09:00:00,27.3,92,189.0,2.16,1.1,100
2024-07-12 10:00:00,27.8,90,206.0,1.08,0.0,100
2024-07-12 11:00:00,28.4,87,230.0,1.71,0.1,100
2024-07-12 12:00:00,29.9,80,541.0,1.36,0.3,100
2024-07-12 13:00:00,31.0,77,673.0,1.26,0.1,100
2024-07-12 14:00:00,30.9,78,479.0,1.7,0.0,100
2024-07-12 15:00:00,30.2,80,428.0,3.27,0.1,100
2024-07-12 16:00:00,29.9,82,224.0,2.19,0.3,100
2024-07-12 17:00:00,29.3,85,141.0,2.47,0.0,100
2024-07-12 18:00:00,27.9,88,20.0,1.49,0.2,100
2024-07-12 19:00:00,27.0,92,0.0,1.97,5.3,100
2024-07-12 20:00:00,27.1,93,0.0,0.9,0.7,100
2024-07-12 21:00:00,27.0,93,0.0,1.22,0.0,100
2024-07-12 22:00:00,26.9,93,0.0,0.71,0.0,100
2024-07-12 23:00:00,26.9,93,0.0,0.94,0.0,100
2024-07-13 00:00:00,26.8,93,0.0,0.71,0.1,100
2024-07-13 01:00:00,26.5,92,0.0,0.85,0.0,100
2024-07-13 02:00:00,26.2,92,0.0,1.03,0.0,98
2024-07-13 03:00:00,25.9,94,0.0,1.14,0.0,98
2024-07-13 04:00:00,26.6,90,0.0,0.64,0.0,98
2024-07-13 05:00:00,26.8,90,21.0,0.36,0.0,100
2024-07-13 06:00:00,27.5,86,139.0,1.88,0.0,100
2024-07-13 07:00:00,28.1,85,243.0,1.03,0.0,100
2024-07-13 08:00:00,29.4,78,453.0,1.44,0.0,100
2024-07-13 09:00:00,30.4,74,588.0,1.39,0.1,99
2024-07-13 10:00:00,31.8,69,762.0,1.92,0.1,65
2024-07-13 11:00:00,32.8,65,786.0,2.31,0.0,26
2024-07-13 12:00:00,33.2,64,848.0,2.77,0.0,53
2024-07-13 13:00:00,33.2,67,821.0,2.86,0.0,62
2024-07-13 14:00:00,33.3,66,693.0,2.45,0.0,23
2024-07-13 15:00:00,33.2,66,516.0,2.3,0.0,19
2024-07-13 16:00:00,32.5,68,324.0,2.31,0.3,79
2024-07-13 17:00:00,31.4,78,124.0,1.86,0.1,94
2024-07-13 18:00:00,29.3,86,23.0,1.2,0.0,89
2024-07-13 19:00:00,28.5,91,0.0,1.22,0.0,97
2024-07-13 20:00:00,28.0,93,0.0,1.5,0.0,99
2024-07-13 21:00:00,28.2,88,0.0,1.0,0.5,100
2024-07-13 22:00:00,27.6,92,0.0,0.61,1.5,100
2024-07-13 23:00:00,27.4,93,0.0,1.03,1.6,100
2024-07-14 00:00:00,27.4,95,0.0,0.95,0.7,100
2024-07-14 01:00:00,27.5,93,0.0,0.85,0.2,100
2024-07-14 02:00:00,27.3,94,0.0,0.5,0.2,100
2024-07-14 03:00:00,27.3,93,0.0,0.92,0.1,100
2024-07-14 04:00:00,27.1,95,0.0,1.03,0.2,93
2024-07-14 05:00:00,27.6,95,22.0,1.04,0.0,99
2024-07-14 06:00:00,29.1,84,166.0,1.12,0.0,59
2024-07-14 07:00:00,30.2,77,339.0,0.54,0.0,78
2024-07-14 08:00:00,30.9,75,521.0,0.73,0.1,100
2024-07-14 09:00:00,31.3,76,571.0,1.33,0.1,100
2024-07-14 10:00:00,32.0,75,777.0,1.52,0.0,100
2024-07-14 11:00:00,32.8,71,876.0,1.49,0.0,84
2024-07-14 12:00:00,33.7,66,902.0,1.0,0.0,99
2024-07-14 13:00:00,33.5,67,674.0,1.39,0.1,99
2024-07-14 14:00:00,33.2,70,653.0,1.27,0.1,99
2024-07-14 15:00:00,32.5,74,449.0,0.73,2.3,100
2024-07-14 16:00:00,29.8,84,188.0,2.79,5.5,100
2024-07-14 17:00:00,29.2,88,60.0,1.7,0.2,100
2024-07-14 18:00:00,30.1,88,21.0,1.0,0.0,100
2024-07-14 19:00:00,30.2,87,0.0,0.76,0.0,100
2024-07-14 20:00:00,29.1,93,0.0,1.08,0.0,100
2024-07-14 21:00:00,28.8,92,0.0,2.05,1.2,100
2024-07-14 22:00:00,28.1,93,0.0,0.95,4.3,100
2024-07-14 23:00:00,28.1,93,0.0,0.73,2.5,100
2024-07-15 00:00:00,27.7,97,0.0,1.8,3.5,100
2024-07-15 01:00:00,27.5,90,0.0,1.7,7.0,100
2024-07-15 02:00:00,27.1,93,0.0,1.51,0.8,100
2024-07-15 03:00:00,26.8,95,0.0,1.06,2.2,100
2024-07-15 04:00:00,26.5,97,0.0,1.41,2.6,100
2024-07-15 05:00:00,26.7,95,5.0,0.32,2.0,100
2024-07-15 06:00:00,27.7,93,39.0,1.35,0.2,100
2024-07-15 07:00:00,28.7,88,211.0,1.82,0.1,100
2024-07-15 08:00:00,29.4,84,236.0,2.04,0.1,100
2024-07-15 09:00:00,30.4,80,375.0,2.11,0.0,100
2024-07-15 10:00:00,31.3,76,437.0,2.2,0.0,100
2024-07-15 11:00:00,32.1,75,676.0,2.34,0.0,100
2024-07-15 12:00:00,32.3,74,764.0,1.9,0.1,100
2024-07-15 13:00:00,32.9,71,680.0,1.64,0.1,83
2024-07-15 14:00:00,33.0,73,642.0,1.7,0.1,95
2024-07-15 15:00:00,31.0,79,411.0,1.9,4.7,100
2024-07-15 16:00:00,29.3,87,162.0,0.41,7.4,100
2024-07-15 17:00:00,28.7,88,50.0,1.5,0.7,100
2024-07-15 18:00:00,27.8,93,10.0,1.12,12.4,100
2024-07-15 19:00:00,27.6,95,0.0,1.17,8.3,100
2024-07-15 20:00:00,27.5,96,0.0,1.27,5.6,100
2024-07-15 21:00:00,27.5,94,0.0,1.34,3.5,100
2024-07-15 22:00:00,27.3,95,0.0,0.95,1.1,100
2024-07-15 23:00:00,27.0,97,0.0,0.85,0.1,100
2024-07-16 00:00:00,27.0,97,0.0,0.2,0.0,100
2024-07-16 01:00:00,26.9,97,0.0,1.17,0.0,100
2024-07-16 02:00:00,26.8,97,0.0,1.41,0.1,100
2024-07-16 03:00:00,26.5,98,0.0,1.92,0.3,100
2024-07-16 04:00:00,26.5,98,0.0,1.22,0.3,100
2024-07-16 05:00:00,26.6,98,10.0,1.99,0.4,100
2024-07-16 06:00:00,26.8,93,33.0,0.58,0.8,100
2024-07-16 07:00:00,27.1,94,99.0,1.3,0.2,100
2024-07-16 08:00:00,27.5,93,136.0,0.54,0.5,100
2024-07-16 09:00:00,28.1,88,200.0,0.14,1.6,100
2024-07-16 10:00:00,28.6,88,287.0,0.3,2.0,100
2024-07-16 11:00:00,28.6,88,162.0,1.14,1.2,100
2024-07-16 12:00:00,28.7,89,281.0,2.01,0.4,100
2024-07-16 13:00:00,29.6,84,460.0,2.0,0.1,100
2024-07-16 14:00:00,30.8,77,632.0,2.47,0.0,100
2024-07-16 15:00:00,30.7,78,454.0,2.09,0.0,100
2024-07-16 16:00:00,30.5,79,302.0,1.93,0.0,95
2024-07-16 17:00:00,30.1,81,166.0,1.26,0.0,94
2024-07-16 18:00:00,29.5,82,22.0,0.72,0.0,100
2024-07-16 19:00:00,28.6,89,0.0,1.22,0.0,84
2024-07-16 20:00:00,28.1,91,0.0,1.02,0.0,98
2024-07-16 21:00:00,27.9,93,0.0,1.21,0.0,99
2024-07-16 22:00:00,27.6,97,0.0,1.34,0.0,100
2024-07-16 23:00:00,27.2,98,0.0,1.04,0.0,100
2024-07-17 00:00:00,27.0,98,0.0,0.94,0.0,100
2024-07-17 01:00:00,27.5,97,0.0,0.42,0.0,99
2024-07-17 02:00:00,27.4,99,0.0,0.1,0.0,99
2024-07-17 03:00:00,27.4,98,0.0,0.51,0.0,96
2024-07-17 04:00:00,27.2,99,0.0,0.45,0.0,96
2024-07-17 05:00:00,27.6,97,24.0,0.51,0.0,97
2024-07-17 06:00:00,29.0,85,172.0,0.41,0.0,81
2024-07-17 07:00:00,30.5,77,368.0,0.92,0.0,63
2024-07-17 08:00:00,31.6,71,549.0,0.14,0.0,97
2024-07-17 09:00:00,32.6,66,709.0,0.57,0.0,100
2024-07-17 10:00:00,33.3,64,783.0,0.85,0.0,100
2024-07-17 11:00:00,33.7,64,792.0,1.34,0.0,100
2024-07-17 12:00:00,34.1,63,865.0,1.0,0.0,96
2024-07-17 13:00:00,34.2,62,828.0,1.12,0.0,78
2024-07-17 14:00:00,34.0,64,673.0,1.34,0.0,73
2024-07-17 15:00:00,32.5,70,434.0,0.89,0.6,70
2024-07-17 16:00:00,32.0,72,261.0,1.17,0.1,84
2024-07-17 17:00:00,31.4,77,116.0,1.06,0.0,100
2024-07-17 18:00:00,30.2,84,23.0,0.95,0.0,100
2024-07-17 19:00:00,31.0,80,0.0,0.58,0.0,99
2024-07-17 20:00:00,29.6,90,0.0,1.02,0.0,99
2024-07-17 21:00:00,29.2,94,0.0,1.22,0.0,100
2024-07-17 22:00:00,27.9,97,0.0,4.08,0.0,99
2024-07-17 23:00:00,27.7,95,0.0,1.2,0.0,100
2024-07-18 00:00:00,27.5,95,0.0,1.12,0.1,100
2024-07-18 01:00:00,27.3,96,0.0,1.35,1.5,100
2024-07-18 02:00:00,27.1,96,0.0,0.99,0.0,100
2024-07-18 03:00:00,27.0,96,0.0,0.45,0.0,100
2024-07-18 04:00:00,26.8,97,0.0,0.6,0.1,100
2024-07-18 05:00:00,27.4,93,21.0,0.5,0.1,100
2024-07-18 06:00:00,27.3,92,30.0,1.35,1.8,100
2024-07-18 07:00:00,28.0,89,138.0,0.61,0.6,100
2024-07-18 08:00:00,28.7,87,250.0,1.43,0.3,100
2024-07-18 09:00:00,28.7,86,204.0,1.7,0.2,100
2024-07-18 10:00:00,29.3,85,366.0,1.84,0.1,100
2024-07-18 11:00:00,30.6,77,583.0,2.06,0.0,100
2024-07-18 12:00:00,32.1,70,808.0,1.75,0.0,100
2024-07-18 13:00:00,32.9,67,787.0,1.55,0.0,99
2024-07-18 14:00:00,33.4,64,643.0,1.5,0.0,100
2024-07-18 15:00:00,33.4,65,542.0,1.61,0.0,100
2024-07-18 16:00:00,33.1,66,339.0,1.9,0.0,100
2024-07-18 17:00:00,32.1,74,146.0,1.8,0.0,100
2024-07-18 18:00:00,30.3,81,24.0,1.93,0.0,87
2024-07-18 19:00:00,29.6,87,0.0,1.4,0.0,79
2024-07-18 20:00:00,29.0,93,0.0,1.49,0.0,96
2024-07-18 21:00:00,28.8,94,0.0,0.71,0.0,78
2024-07-18 22:00:00,28.5,94,0.0,0.71,0.3,98
2024-07-18 23:00:00,28.7,92,0.0,0.82,0.8,100
2024-07-19 00:00:00,28.4,94,0.0,1.2,0.2,93
2024-07-19 01:00:00,27.9,96,0.0,0.94,0.0,98
2024-07-19 02:00:00,27.3,99,0.0,0.81,0.0,93
2024-07-19 03:00:00,28.0,97,0.0,0.45,0.0,100
2024-07-19 04:00:00,28.0,98,0.0,0.41,0.0,92
2024-07-19 05:00:00,28.2,95,25.0,0.92,0.0,100
2024-07-19 06:00:00,29.4,88,153.0,1.12,0.0,100
2024-07-19 07:00:00,30.5,81,346.0,1.12,0.0,100
2024-07-19 08:00:00,31.6,78,526.0,2.15,0.0,100
2024-07-19 09:00:00,32.9,73,693.0,3.18,0.0,48
2024-07-19 10:00:00,33.8,68,792.0,3.35,0.0,97
2024-07-19 11:00:00,34.5,65,904.0,3.04,0.0,96
2024-07-19 12:00:00,35.1,64,863.0,2.47,0.0,91
2024-07-19 13:00:00,35.3,62,841.0,1.12,0.3,61
2024-07-19 14:00:00,32.6,78,608.0,2.09,1.5,99
2024-07-19 15:00:00,33.1,76,481.0,2.33,0.0,99
2024-07-19 16:00:00,32.8,76,327.0,3.33,0.0,93
2024-07-19 17:00:00,31.1,82,112.0,1.87,2.9,100
2024-07-19 18:00:00,30.3,83,21.0,2.11,0.0,100
2024-07-19 19:00:00,29.4,86,0.0,1.8,0.1,98
2024-07-19 20:00:00,28.9,90,0.0,1.58,0.0,90
2024-07-19 21:00:00,28.6,94,0.0,0.98,0.8,100
2024-07-19 22:00:00,28.3,95,0.0,0.81,4.8,100
2024-07-19 23:00:00,27.9,93,0.0,1.58,3.7,100
2024-07-20 00:00:00,27.3,93,0.0,2.05,3.4,100
2024-07-20 01:00:00,26.8,94,0.0,0.81,3.5,100
2024-07-20 02:00:00,27.1,94,0.0,0.51,0.1,100
2024-07-20 03:00:00,27.2,95,0.0,0.36,0.0,100
2024-07-20 04:00:00,26.9,96,0.0,1.21,0.2,100
2024-07-20 05:00:00,27.1,95,11.0,1.55,0.1,100
2024-07-20 06:00:00,28.1,89,57.0,1.0,0.8,100
2024-07-20 07:00:00,28.4,85,175.0,0.76,1.4,100
2024-07-20 08:00:00,28.6,87,232.0,0.81,0.9,100
2024-07-20 09:00:00,28.7,87,166.0,0.95,0.8,100
2024-07-20 10:00:00,29.0,87,207.0,0.94,0.3,100
2024-07-20 11:00:00,30.3,81,554.0,0.67,0.1,100
2024-07-20 12:00:00,31.5,74,732.0,0.92,0.1,98
2024-07-20 13:00:00,32.3,73,726.0,1.49,0.1,98
2024-07-20 14:00:00,32.4,74,637.0,1.58,0.0,99
2024-07-20 15:00:00,32.5,73,480.0,1.2,0.0,100
2024-07-20 16:00:00,31.8,73,185.0,0.7,1.3,98
2024-07-20 17:00:00,31.5,79,139.0,0.5,0.0,100
2024-07-20 18:00:00,28.8,90,14.0,0.78,1.2,97
2024-07-20 19:00:00,28.7,88,0.0,1.12,0.2,99
2024-07-20 20:00:00,28.1,92,0.0,0.81,0.0,99
2024-07-20 21:00:00,28.0,91,0.0,1.53,0.2,100
2024-07-20 22:00:00,27.7,91,0.0,0.91,0.4,100
2024-07-20 23:00:00,27.4,92,0.0,0.76,0.0,100
2024-07-21 00:00:00,27.1,93,0.0,0.63,0.1,100
2024-07-21 01:00:00,26.8,96,0.0,0.76,0.0,100
2024-07-21 02:00:00,27.5,91,0.0,0.36,0.0,100
2024-07-21 03:00:00,27.4,95,0.0,0.5,0.1,100
2024-07-21 04:00:00,27.4,92,0.0,0.41,0.5,100
2024-07-21 05:00:00,27.4,92,10.0,1.2,0.0,100
2024-07-21 06:00:00,28.2,90,121.0,1.72,0.0,100
2024-07-21 07:00:00,29.1,85,244.0,1.52,0.0,100
2024-07-21 08:00:00,29.6,82,326.0,0.51,0.0,100
2024-07-21 09:00:00,30.4,80,506.0,0.32,0.0,100
2024-07-21 10:00:00,31.0,79,608.0,0.28,0.1,100
2024-07-21 11:00:00,31.6,77,640.0,0.4,0.1,98
2024-07-21 12:00:00,32.3,76,788.0,0.28,0.1,90
2024-07-21 13:00:00,32.7,76,751.0,0.1,0.2,97
2024-07-21 14:00:00,32.4,78,519.0,0.51,0.2,100
2024-07-21 15:00:00,32.2,77,351.0,0.85,3.6,100
2024-07-21 16:00:00,30.1,82,125.0,1.53,8.2,100
2024-07-21 17:00:00,29.2,87,72.0,1.86,1.0,100
2024-07-21 18:00:00,29.0,92,20.0,1.0,0.2,97
2024-07-21 19:00:00,28.7,91,0.0,0.57,4.3,96
2024-07-21 20:00:00,28.2,94,0.0,1.2,0.7,99
2024-07-21 21:00:00,27.9,91,0.0,0.67,7.6,100
2024-07-21 22:00:00,27.3,92,0.0,0.51,1.9,100
2024-07-21 23:00:00,27.1,94,0.0,0.94,1.5,100
2024-07-22 00:00:00,27.1,93,0.0,0.36,1.1,100
2024-07-22 01:00:00,26.8,95,0.0,0.86,1.0,100
2024-07-22 02:00:00,26.6,93,0.0,0.64,2.9,100
2024-07-22 03:00:00,26.7,95,0.0,0.42,9.9,100
2024-07-22 04:00:00,26.6,95,0.0,0.81,23.7,100
2024-07-22 05:00:00,26.5,96,1.0,1.03,13.2,100
2024-07-22 06:00:00,27.0,90,29.0,0.1,0.9,100
2024-07-22 07:00:00,27.0,92,53.0,0.63,0.9,100
2024-07-22 08:00:00,27.2,93,122.0,0.72,1.1,100
2024-07-22 09:00:00,27.9,93,374.0,0.2,0.7,100
2024-07-22 10:00:00,28.5,91,359.0,1.0,0.5,100
2024-07-22 11:00:00,29.5,87,555.0,1.3,0.1,62
2024-07-22 12:00:00,30.8,80,800.0,1.32,0.1,52
2024-07-22 13:00:00,31.5,78,752.0,0.71,0.2,95
2024-07-22 14:00:00,32.1,77,665.0,0.28,0.4,100
2024-07-22 15:00:00,31.0,80,349.0,1.03,5.2,100
2024-07-22 16:00:00,29.0,85,166.0,1.17,17.0,100
2024-07-22 17:00:00,27.9,90,46.0,0.81,14.0,100
2024-07-22 18:00:00,27.9,87,19.0,1.94,0.0,100
2024-07-22 19:00:00,27.5,90,0.0,1.43,0.0,100
2024-07-22 20:00:00,27.2,93,0.0,1.0,0.8,100
2024-07-22 21:00:00,27.1,92,0.0,0.78,4.2,100
2024-07-22 22:00:00,26.8,92,0.0,0.72,4.4,100
2024-07-22 23:00:00,26.6,94,0.0,1.04,3.5,100
2024-07-23 00:00:00,26.8,94,0.0,0.63,0.6,100
2024-07-23 01:00:00,26.8,95,0.0,0.36,0.3,100
2024-07-23 02:00:00,26.7,94,0.0,1.08,0.4,100
2024-07-23 03:00:00,26.6,94,0.0,1.5,0.6,100
2024-07-23 04:00:00,26.2,97,0.0,1.02,1.2,100
2024-07-23 05:00:00,26.5,96,14.0,0.82,0.3,100
2024-07-23 06:00:00,26.9,94,52.0,0.64,1.4,100
2024-07-23 07:00:00,27.0,94,60.0,1.34,0.5,100
2024-07-23 08:00:00,27.5,91,141.0,1.32,0.3,100
2024-07-23 09:00:00,28.8,88,482.0,1.08,0.2,100
2024-07-23 10:00:00,29.2,85,399.0,0.92,0.2,100
2024-07-23 11:00:00,30.3,83,630.0,0.58,0.4,99
2024-07-23 12:00:00,31.3,80,794.0,0.45,0.5,100
2024-07-23 13:00:00,31.5,79,646.0,0.5,0.5,100
2024-07-23 14:00:00,31.3,79,359.0,0.95,0.2,99
2024-07-23 15:00:00,30.3,84,192.0,0.92,0.6,99
2024-07-23 16:00:00,29.6,86,189.0,1.97,1.2,100
2024-07-23 17:00:00,29.4,87,110.0,0.89,0.1,99
2024-07-23 18:00:00,28.5,90,19.0,0.64,0.0,98
2024-07-23 19:00:00,28.4,89,0.0,2.44,0.0,100
2024-07-23 20:00:00,27.8,93,0.0,0.92,0.8,100
2024-07-23 21:00:00,27.7,95,0.0,1.36,0.4,100
2024-07-23 22:00:00,27.5,97,0.0,0.5,0.1,100
2024-07-23 23:00:00,27.8,94,0.0,0.32,0.0,100
2024-07-24 00:00:00,27.7,96,0.0,0.36,0.0,100
2024-07-24 01:00:00,27.4,98,0.0,0.6,0.0,100
2024-07-24 02:00:00,27.3,98,0.0,0.82,0.2,100
2024-07-24 03:00:00,27.1,96,0.0,1.1,1.9,100
2024-07-24 04:00:00,26.8,95,0.0,2.37,0.7,100
2024-07-24 05:00:00,26.9,92,17.0,1.75,0.1,100
2024-07-24 06:00:00,27.8,92,107.0,1.17,0.1,100
2024-07-24 07:00:00,28.6,90,244.0,0.58,0.1,100
2024-07-24 08:00:00,29.2,90,356.0,0.64,0.2,92
2024-07-24 09:00:00,30.7,85,656.0,0.45,0.3,94
2024-07-24 10:00:00,31.4,83,707.0,0.0,0.2,100
2024-07-24 11:00:00,32.3,80,843.0,0.41,0.3,100
2024-07-24 12:00:00,32.5,78,536.0,0.9,0.2,100
2024-07-24 13:00:00,31.7,80,346.0,1.25,0.2,100
2024-07-24 14:00:00,30.5,84,270.0,1.8,2.8,100
2024-07-24 15:00:00,31.3,81,343.0,1.1,0.1,100
2024-07-24 16:00:00,31.5,81,231.0,0.85,0.0,100
2024-07-24 17:00:00,31.4,81,131.0,0.67,0.0,100
2024-07-24 18:00:00,32.1,71,16.0,0.5,0.0,98
2024-07-24 19:00:00,30.2,81,0.0,1.5,1.4,99
2024-07-24 20:00:00,28.3,93,0.0,0.89,4.6,100
2024-07-24 21:00:00,28.1,95,0.0,0.57,0.8,100
2024-07-24 22:00:00,27.8,95,0.0,1.2,3.2,100
2024-07-24 23:00:00,27.5,95,0.0,0.63,0.8,100
2024-07-25 00:00:00,27.0,96,0.0,1.8,1.9,100
2024-07-25 01:00:00,27.1,94,0.0,0.67,0.5,100
2024-07-25 02:00:00,26.7,97,0.0,1.32,0.4,100
2024-07-25 03:00:00,26.3,97,0.0,1.1,3.0,100
2024-07-25 04:00:00,26.3,96,0.0,1.02,0.3,100
2024-07-25 05:00:00,26.5,94,13.0,1.78,0.1,100
2024-07-25 06:00:00,27.5,94,63.0,1.48,0.4,100
2024-07-25 07:00:00,28.1,91,113.0,0.73,0.6,100
2024-07-25 08:00:00,28.8,88,154.0,1.65,0.2,100
2024-07-25 09:00:00,29.9,85,328.0,1.77,0.3,99
2024-07-25 10:00:00,31.2,82,646.0,2.02,0.5,100
2024-07-25 11:00:00,31.4,82,459.0,1.81,0.5,100
2024-07-25 12:00:00,31.7,82,497.0,1.72,0.5,100
2024-07-25 13:00:00,31.5,82,556.0,1.21,4.8,97
2024-07-25 14:00:00,31.7,81,461.0,0.67,0.4,99
2024-07-25 15:00:00,29.0,92,363.0,3.72,7.5,100
2024-07-25 16:00:00,29.4,87,116.0,0.28,0.5,100
2024-07-25 17:00:00,29.5,89,99.0,0.61,0.0,100
2024-07-25 18:00:00,28.4,91,7.0,1.43,2.4,98
2024-07-25 19:00:00,28.1,92,0.0,0.76,0.0,100
2024-07-25 20:00:00,28.1,92,0.0,0.63,0.0,100
2024-07-25 21:00:00,28.4,92,0.0,0.36,0.0,100
2024-07-25 22:00:00,27.7,96,0.0,0.64,0.0,100
2024-07-25 23:00:00,27.6,98,0.0,0.94,0.0,100
2024-07-26 00:00:00,27.6,99,0.0,1.41,0.0,100
2024-07-26 01:00:00,27.6,99,0.0,1.81,0.0,100
2024-07-26 02:00:00,27.6,98,0.0,1.9,0.0,100
2024-07-26 03:00:00,27.6,98,0.0,1.8,0.0,100
2024-07-26 04:00:00,27.6,97,0.0,2.38,0.0,100
2024-07-26 05:00:00,28.0,95,19.0,3.13,0.0,100
2024-07-26 06:00:00,29.0,91,127.0,4.08,0.1,100
2024-07-26 07:00:00,29.3,87,275.0,3.9,0.1,99
2024-07-26 08:00:00,30.9,82,493.0,3.51,0.0,100
2024-07-26 09:00:00,32.5,78,624.0,3.83,0.0,100
2024-07-26 10:00:00,34.0,73,787.0,4.05,0.0,100
2024-07-26 11:00:00,34.8,70,894.0,4.49,0.0,94
2024-07-26 12:00:00,35.5,66,895.0,4.24,0.0,95
2024-07-26 13:00:00,35.9,63,812.0,4.18,0.0,88
2024-07-26 14:00:00,36.0,62,680.0,4.14,0.0,96
2024-07-26 15:00:00,35.9,64,519.0,4.22,0.0,100
2024-07-26 16:00:00,35.2,69,323.0,2.96,0.0,100
2024-07-26 17:00:00,33.7,75,139.0,2.18,0.0,100
2024-07-26 18:00:00,32.9,70,20.0,3.88,0.0,99
2024-07-26 19:00:00,32.6,70,0.0,4.3,0.0,98
2024-07-26 20:00:00,32.1,72,0.0,3.91,0.0,100
2024-07-26 21:00:00,31.4,76,0.0,3.2,0.0,100
2024-07-26 22:00:00,30.9,77,0.0,2.44,0.0,99
2024-07-26 23:00:00,30.7,77,0.0,1.17,0.0,100
2024-07-27 00:00:00,29.2,89,0.0,2.83,0.0,100
2024-07-27 01:00:00,28.5,90,0.0,2.62,0.0,100
2024-07-27 02:00:00,28.0,91,0.0,1.43,0.0,100
2024-07-27 03:00:00,27.8,94,0.0,0.98,0.0,100
2024-07-27 04:00:00,27.9,93,0.0,1.17,0.0,100
2024-07-27 05:00:00,28.3,89,14.0,1.72,0.0,100
2024-07-27 06:00:00,30.3,82,158.0,0.32,0.0,49
2024-07-27 07:00:00,31.3,80,361.0,0.89,0.0,61
2024-07-27 08:00:00,32.5,79,556.0,2.0,0.0,82
2024-07-27 09:00:00,34.3,71,723.0,2.47,0.0,92
2024-07-27 10:00:00,35.6,64,843.0,3.13,0.0,66
2024-07-27 11:00:00,36.1,63,908.0,3.72,0.0,100
2024-07-27 12:00:00,36.8,60,888.0,3.14,0.0,97
2024-07-27 13:00:00,37.2,57,839.0,3.05,0.0,97
2024-07-27 14:00:00,37.1,57,698.0,3.28,0.0,94
2024-07-27 15:00:00,36.3,61,448.0,2.11,0.0,99
2024-07-27 16:00:00,33.5,77,273.0,3.58,0.1,99
2024-07-27 17:00:00,32.2,85,144.0,2.85,0.0,100
2024-07-27 18:00:00,32.3,85,19.0,1.61,0.0,97
2024-07-27 19:00:00,32.1,85,0.0,0.71,0.0,99
2024-07-27 20:00:00,30.6,88,0.0,4.84,0.0,91
2024-07-27 21:00:00,29.5,87,0.0,3.42,0.0,93
2024-07-27 22:00:00,29.3,88,0.0,2.82,0.0,94
2024-07-27 23:00:00,28.9,90,0.0,2.55,0.0,96
2024-07-28 00:00:00,28.5,87,0.0,2.88,0.0,95
2024-07-28 01:00:00,28.2,86,0.0,2.96,0.0,100
2024-07-28 02:00:00,27.4,90,0.0,3.44,0.2,100
2024-07-28 03:00:00,27.1,91,0.0,2.65,0.1,100
2024-07-28 04:00:00,27.2,90,0.0,0.3,0.0,100
2024-07-28 05:00:00,27.2,90,15.0,0.85,0.0,100
2024-07-28 06:00:00,27.4,91,90.0,2.19,0.1,100
2024-07-28 07:00:00,28.6,87,238.0,1.21,0.0,100
2024-07-28 08:00:00,29.7,83,428.0,1.3,0.0,100
2024-07-28 09:00:00,31.3,75,663.0,1.77,0.0,84
2024-07-28 10:00:00,32.0,74,657.0,1.3,0.1,100
2024-07-28 11:00:00,32.7,69,577.0,0.91,0.0,95
2024-07-28 12:00:00,34.0,64,754.0,1.08,0.0,62
2024-07-28 13:00:00,34.8,62,749.0,1.22,0.0,28
2024-07-28 14:00:00,34.7,63,663.0,1.46,0.0,44
2024-07-28 15:00:00,34.8,63,537.0,0.4,0.0,93
2024-07-28 16:00:00,34.7,62,330.0,0.54,0.1,99
2024-07-28 17:00:00,33.3,74,153.0,1.56,0.0,100
2024-07-28 18:00:00,31.8,80,18.0,1.48,0.0,100
2024-07-28 19:00:00,30.5,78,0.0,3.82,0.0,100
2024-07-28 20:00:00,29.5,82,0.0,2.02,0.0,100
2024-07-28 21:00:00,29.3,92,0.0,0.76,0.0,100
2024-07-28 22:00:00,29.2,89,0.0,0.63,0.0,100
2024-07-28 23:00:00,28.2,92,0.0,2.16,0.2,100
2024-07-29 00:00:00,27.9,91,0.0,2.48,0.1,94
2024-07-29 01:00:00,27.4,92,0.0,1.94,4.4,79
2024-07-29 02:00:00,27.3,93,0.0,1.81,0.2,97
2024-07-29 03:00:00,26.9,95,0.0,1.57,1.8,100
2024-07-29 04:00:00,26.9,96,0.0,1.46,0.3,100
2024-07-29 05:00:00,27.0,96,15.0,1.78,1.5,100
2024-07-29 06:00:00,28.9,88,119.0,0.41,0.0,100
2024-07-29 07:00:00,30.0,83,279.0,0.71,0.0,100
2024-07-29 08:00:00,30.9,79,395.0,0.63,0.0,100
2024-07-29 09:00:00,31.5,77,499.0,1.41,0.0,100
2024-07-29 10:00:00,32.3,75,650.0,2.24,0.1,100
2024-07-29 11:00:00,31.1,79,528.0,2.6,1.4,100
2024-07-29 12:00:00,31.5,78,467.0,1.32,0.1,100
2024-07-29 13:00:00,32.0,73,446.0,0.85,0.2,100
2024-07-29 14:00:00,30.9,77,314.0,0.22,1.2,100
2024-07-29 15:00:00,30.8,79,196.0,0.45,0.0,100
2024-07-29 16:00:00,31.1,79,191.0,0.22,0.0,100
2024-07-29 17:00:00,30.8,86,84.0,0.22,0.0,100
2024-07-29 18:00:00,29.4,84,13.0,1.08,0.0,100
2024-07-29 19:00:00,28.7,90,0.0,1.02,0.0,100
2024-07-29 20:00:00,28.6,91,0.0,0.61,0.0,100
2024-07-29 21:00:00,29.1,89,0.0,0.58,0.0,100
2024-07-29 22:00:00,28.5,92,0.0,0.86,0.2,100
2024-07-29 23:00:00,28.1,94,0.0,0.82,2.2,100
2024-07-30 00:00:00,28.1,97,0.0,0.1,0.4,100
2024-07-30 01:00:00,28.0,93,0.0,1.17,0.4,95
2024-07-30 02:00:00,27.4,93,0.0,1.61,1.7,100
2024-07-30 03:00:00,26.7,94,0.0,1.81,4.0,100
2024-07-30 04:00:00,26.6,94,0.0,1.27,2.6,100
2024-07-30 05:00:00,26.9,92,6.0,0.5,0.1,100
2024-07-30 06:00:00,27.8,90,79.0,0.28,0.1,100
2024-07-30 07:00:00,28.4,88,134.0,0.85,0.0,96
2024-07-30 08:00:00,29.2,85,258.0,1.17,0.0,89
2024-07-30 09:00:00,30.3,82,566.0,1.63,0.1,100
2024-07-30 10:00:00,31.1,80,604.0,1.92,0.1,100
2024-07-30 11:00:00,31.8,76,704.0,1.92,1.9,99
2024-07-30 12:00:00,32.3,71,621.0,1.75,0.5,97
2024-07-30 13:00:00,31.7,73,578.0,1.66,4.5,99
2024-07-30 14:00:00,31.3,76,306.0,0.67,3.3,93
2024-07-30 15:00:00,30.6,79,324.0,1.71,2.4,100
2024-07-30 16:00:00,29.7,85,145.0,1.3,0.1,100
2024-07-30 17:00:00,29.5,87,76.0,1.44,0.2,100
2024-07-30 18:00:00,29.2,88,14.0,0.81,0.0,89
2024-07-30 19:00:00,29.0,87,0.0,1.2,0.0,40
2024-07-30 20:00:00,28.4,94,0.0,1.4,0.0,24
2024-07-30 21:00:00,28.1,95,0.0,0.92,0.0,23
2024-07-30 22:00:00,27.9,95,0.0,1.03,0.3,52
2024-07-30 23:00:00,27.5,96,0.0,0.92,0.4,100
2024-07-31 00:00:00,26.8,92,0.0,0.81,7.0,100
2024-07-31 01:00:00,26.3,95,0.0,1.41,4.8,94
2024-07-31 02:00:00,26.2,95,0.0,1.68,0.1,98
2024-07-31 03:00:00,26.2,95,0.0,2.04,0.0,100
2024-07-31 04:00:00,26.4,93,0.0,2.09,0.1,30
2024-07-31 05:00:00,26.5,91,18.0,2.21,0.0,37
2024-07-31 06:00:00,28.3,91,133.0,0.95,0.1,47
2024-07-31 07:00:00,29.4,85,296.0,0.98,0.1,97
2024-07-31 08:00:00,29.5,78,271.0,0.51,2.6,96
2024-07-31 09:00:00,30.4,79,540.0,0.71,0.1,100
2024-07-31 10:00:00,30.9,79,646.0,0.64,0.1,11
2024-07-31 11:00:00,31.3,77,643.0,0.92,0.0,37
2024-07-31 12:00:00,32.4,73,802.0,0.82,0.0,31
2024-07-31 13:00:00,32.9,72,745.0,0.89,0.0,47
2024-07-31 14:00:00,32.7,73,648.0,1.32,0.0,49
2024-07-31 15:00:00,32.4,73,486.0,1.0,0.1,73
2024-07-31 16:00:00,31.6,74,229.0,1.14,1.3,77
2024-07-31 17:00:00,30.4,84,99.0,0.58,0.0,65
2024-07-31 18:00:00,30.0,85,15.0,3.11,0.7,48
2024-07-31 19:00:00,28.7,92,0.0,2.34,0.2,21
2024-07-31 20:00:00,28.4,95,0.0,1.66,0.0,15
2024-07-31 21:00:00,28.2,98,0.0,1.6,0.0,16
2024-07-31 22:00:00,28.0,97,0.0,1.4,0.0,28
2024-07-31 23:00:00,27.6,98,0.0,0.81,0.0,40
2024-08-01 00:00:00,27.5,96,0.0,2.73,0.0,66
2024-08-01 01:00:00,27.2,93,0.0,1.32,0.0,56
2024-08-01 02:00:00,26.8,95,0.0,0.86,0.0,97
2024-08-01 03:00:00,26.8,95,0.0,1.21,0.0,98
2024-08-01 04:00:00,26.4,97,0.0,0.61,0.0,74
2024-08-01 05:00:00,27.0,94,14.0,1.33,0.0,91
2024-08-01 06:00:00,28.3,90,138.0,3.69,0.0,91
2024-08-01 07:00:00,28.2,86,179.0,4.75,0.7,60
2024-08-01 08:00:00,28.2,86,364.0,5.7,0.0,62
2024-08-01 09:00:00,29.5,83,508.0,5.02,0.0,34
2024-08-01 10:00:00,31.0,77,741.0,5.89,0.0,52
2024-08-01 11:00:00,31.2,73,743.0,5.99,0.0,23
2024-08-01 12:00:00,32.2,69,888.0,5.77,0.0,55
2024-08-01 13:00:00,32.3,69,727.0,5.3,0.0,57
2024-08-01 14:00:00,32.4,71,643.0,4.31,0.0,87
2024-08-01 15:00:00,32.1,74,358.0,3.14,0.0,98
2024-08-01 16:00:00,31.9,76,216.0,2.68,0.0,100
2024-08-01 17:00:00,29.5,86,94.0,2.8,4.9,100
2024-08-01 18:00:00,31.1,61,3.0,4.03,0.0,100
2024-08-01 19:00:00,30.3,66,0.0,3.52,0.0,100
2024-08-01 20:00:00,29.5,72,0.0,1.94,0.0,100
2024-08-01 21:00:00,28.4,83,0.0,1.2,0.0,84
2024-08-01 22:00:00,28.1,85,0.0,0.71,0.0,100
2024-08-01 23:00:00,27.9,85,0.0,0.54,0.2,100
2024-08-02 00:00:00,27.6,91,0.0,0.22,0.6,100
2024-08-02 01:00:00,27.2,90,0.0,0.64,0.5,100
2024-08-02 02:00:00,27.0,93,0.0,0.22,0.5,100
2024-08-02 03:00:00,26.5,95,0.0,0.7,0.7,100
2024-08-02 04:00:00,26.3,95,0.0,0.63,1.1,100
2024-08-02 05:00:00,26.2,95,8.0,1.84,0.4,100
2024-08-02 06:00:00,26.3,93,21.0,1.64,1.6,100
2024-08-02 07:00:00,26.8,91,74.0,2.2,0.3,100
2024-08-02 08:00:00,27.5,88,187.0,2.45,0.4,100
2024-08-02 09:00:00,27.4,89,125.0,2.81,0.3,100
2024-08-02 10:00:00,27.8,88,193.0,1.6,0.2,99
2024-08-02 11:00:00,29.1,83,427.0,1.7,0.2,100
2024-08-02 12:00:00,29.6,82,342.0,1.94,0.5,100
2024-08-02 13:00:00,28.1,85,195.0,2.45,1.5,100
2024-08-02 14:00:00,28.0,88,182.0,0.36,1.4,100
2024-08-02 15:00:00,27.6,90,113.0,1.39,0.8,100
2024-08-02 16:00:00,27.5,92,94.0,0.94,1.3,100
2024-08-02 17:00:00,26.9,94,26.0,1.43,3.4,100
2024-08-02 18:00:00,27.7,92,3.0,0.63,0.3,100
2024-08-02 19:00:00,27.2,95,0.0,1.04,0.1,100
2024-08-02 20:00:00,26.9,98,0.0,0.81,0.2,100
2024-08-02 21:00:00,26.7,98,0.0,0.73,0.5,100
2024-08-02 22:00:00,26.6,97,0.0,0.41,0.2,100
2024-08-02 23:00:00,26.6,97,0.0,0.5,0.1,100
2024-08-03 00:00:00,26.6,97,0.0,0.5,1.1,100
2024-08-03 01:00:00,26.3,97,0.0,0.32,5.5,100
2024-08-03 02:00:00,26.2,97,0.0,0.41,5.3,100
2024-08-03 03:00:00,26.2,96,0.0,1.1,1.4,100
2024-08-03 04:00:00,26.0,97,0.0,1.9,0.3,100
2024-08-03 05:00:00,25.8,96,4.0,1.1,1.3,100
2024-08-03 06:00:00,26.1,96,15.0,2.59,12.2,100
2024-08-03 07:00:00,26.0,97,27.0,1.22,6.7,100
2024-08-03 08:00:00,26.0,95,53.0,2.34,2.3,100
2024-08-03 09:00:00,26.4,93,90.0,2.33,0.9,100
2024-08-03 10:00:00,27.1,87,157.0,2.43,0.5,100
2024-08-03 11:00:00,28.8,79,531.0,1.6,0.1,100
2024-08-03 12:00:00,29.4,77,508.0,1.08,0.2,100
2024-08-03 13:00:00,29.8,76,509.0,2.04,0.6,100
2024-08-03 14:00:00,29.7,78,446.0,2.72,0.1,100
2024-08-03 15:00:00,29.4,80,364.0,2.72,0.0,88
2024-08-03 16:00:00,28.8,81,268.0,2.4,0.0,48
2024-08-03 17:00:00,28.2,83,130.0,1.3,0.0,42
2024-08-03 18:00:00,26.3,93,15.0,1.1,0.0,35
2024-08-03 19:00:00,26.3,93,0.0,1.28,0.0,57
2024-08-03 20:00:00,26.2,94,0.0,1.25,0.0,68
2024-08-03 21:00:00,25.9,96,0.0,1.44,0.0,45
2024-08-03 22:00:00,26.8,92,0.0,0.71,0.0,40
2024-08-03 23:00:00,26.1,95,0.0,1.08,0.0,60
2024-08-04 00:00:00,26.1,95,0.0,1.03,0.0,99
2024-08-04 01:00:00,25.7,97,0.0,1.22,0.0,71
2024-08-04 02:00:00,26.0,95,0.0,0.92,0.0,31
2024-08-04 03:00:00,26.3,93,0.0,0.81,0.0,48
2024-08-04 04:00:00,26.2,91,0.0,0.4,0.0,94
2024-08-04 05:00:00,26.1,93,14.0,0.95,0.0,98
2024-08-04 06:00:00,26.0,94,69.0,1.42,0.4,100
2024-08-04 07:00:00,26.5,92,84.0,0.32,0.1,79
2024-08-04 08:00:00,28.4,83,499.0,0.14,0.0,65
2024-08-04 09:00:00,29.4,80,517.0,0.28,0.0,58
2024-08-04 10:00:00,30.7,75,789.0,0.54,0.1,19
2024-08-04 11:00:00,31.7,72,868.0,1.71,0.1,97
2024-08-04 12:00:00,32.2,71,797.0,2.31,0.1,100
2024-08-04 13:00:00,32.3,69,634.0,2.89,0.0,99
2024-08-04 14:00:00,31.2,72,594.0,2.95,1.2,97
2024-08-04 15:00:00,31.2,77,367.0,2.22,0.4,72
2024-08-04 16:00:00,30.9,77,298.0,2.34,0.8,83
2024-08-04 17:00:00,30.1,83,108.0,1.33,0.0,90
2024-08-04 18:00:00,28.5,88,12.0,1.36,0.0,96
2024-08-04 19:00:00,28.0,93,0.0,1.08,0.0,100
2024-08-04 20:00:00,27.8,95,0.0,1.3,0.0,100
2024-08-04 21:00:00,27.6,96,0.0,1.2,0.0,100
2024-08-04 22:00:00,27.5,94,0.0,1.36,0.0,100
2024-08-04 23:00:00,27.6,89,0.0,1.36,0.0,100
2024-08-05 00:00:00,27.3,89,0.0,2.02,0.0,100
2024-08-05 01:00:00,26.9,91,0.0,2.16,0.0,99
2024-08-05 02:00:00,26.6,91,0.0,2.01,0.0,100
2024-08-05 03:00:00,26.3,90,0.0,1.5,0.0,100
2024-08-05 04:00:00,26.1,91,0.0,1.51,0.0,100
2024-08-05 05:00:00,26.3,90,12.0,1.73,0.0,100
2024-08-05 06:00:00,27.1,88,104.0,0.45,0.0,100
2024-08-05 07:00:00,27.8,85,184.0,0.81,0.1,100
2024-08-05 08:00:00,28.2,85,225.0,0.54,0.2,98
2024-08-05 09:00:00,29.4,79,428.0,0.81,0.1,100
2024-08-05 10:00:00,30.2,77,517.0,1.08,0.0,100
2024-08-05 11:00:00,30.6,75,467.0,0.98,0.0,100
2024-08-05 12:00:00,30.0,76,504.0,1.4,3.9,100
2024-08-05 13:00:00,28.5,85,216.0,1.32,1.0,100
2024-08-05 14:00:00,28.9,84,254.0,1.28,0.5,100
2024-08-05 15:00:00,29.4,82,306.0,0.54,0.1,100
2024-08-05 16:00:00,29.0,84,123.0,0.98,0.1,100
2024-08-05 17:00:00,28.3,88,40.0,1.2,0.2,100
2024-08-05 18:00:00,27.5,92,2.0,1.48,7.8,100
2024-08-05 19:00:00,27.2,91,0.0,1.66,10.0,100
2024-08-05 20:00:00,26.8,93,0.0,1.08,9.9,100
2024-08-05 21:00:00,26.5,94,0.0,1.14,10.0,100
2024-08-05 22:00:00,26.3,96,0.0,1.03,8.3,100
2024-08-05 23:00:00,26.1,96,0.0,1.25,5.0,100
2024-08-06 00:00:00,26.1,96,0.0,0.8,4.3,100
2024-08-06 01:00:00,26.0,96,0.0,0.5,2.2,100
2024-08-06 02:00:00,26.0,94,0.0,0.78,2.6,100
2024-08-06 03:00:00,25.9,95,0.0,1.4,4.5,100
2024-08-06 04:00:00,25.9,95,0.0,1.53,8.9,100
2024-08-06 05:00:00,25.8,96,2.0,1.49,9.5,100
2024-08-06 06:00:00,26.0,95,23.0,0.81,0.3,100
2024-08-06 07:00:00,26.2,95,56.0,0.92,1.9,100
2024-08-06 08:00:00,26.2,94,39.0,1.08,3.4,100
2024-08-06 09:00:00,26.6,91,69.0,1.66,5.3,100
2024-08-06 10:00:00,26.5,93,54.0,1.56,6.2,100
2024-08-06 11:00:00,26.7,92,76.0,0.85,3.4,100
2024-08-06 12:00:00,27.0,91,128.0,0.81,2.6,100
2024-08-06 13:00:00,27.3,89,156.0,0.94,2.3,100
2024-08-06 14:00:00,27.6,88,185.0,0.99,1.3,100
2024-08-06 15:00:00,27.5,89,131.0,1.08,1.3,100
2024-08-06 16:00:00,27.2,91,62.0,1.08,1.4,100
2024-08-06 17:00:00,27.2,92,49.0,0.42,0.7,100
2024-08-06 18:00:00,26.9,92,11.0,1.03,0.0,100
2024-08-06 19:00:00,26.7,93,0.0,1.12,0.0,100
2024-08-06 20:00:00,26.5,94,0.0,1.1,0.0,98
2024-08-06 21:00:00,26.3,95,0.0,0.92,0.0,100
2024-08-06 22:00:00,26.9,93,0.0,0.5,0.0,100
2024-08-06 23:00:00,26.7,95,0.0,0.61,0.0,100
2024-08-07 00:00:00,26.6,95,0.0,0.61,0.0,91
2024-08-07 01:00:00,26.4,97,0.0,0.42,0.0,97
2024-08-07 02:00:00,25.7,98,0.0,1.14,0.0,100
2024-08-07 03:00:00,25.9,97,0.0,1.3,0.3,99
2024-08-07 04:00:00,25.6,96,0.0,0.89,0.1,89
2024-08-07 05:00:00,25.9,95,8.0,1.12,0.1,77
2024-08-07 06:00:00,27.2,91,136.0,1.7,0.0,97
2024-08-07 07:00:00,28.0,87,264.0,1.71,0.0,100
2024-08-07 08:00:00,28.7,84,352.0,1.5,0.0,100
2024-08-07 09:00:00,29.9,80,486.0,0.89,0.0,100
2024-08-07 10:00:00,30.9,75,666.0,0.98,0.0,100
2024-08-07 11:00:00,31.2,75,590.0,0.42,0.1,100
2024-08-07 12:00:00,31.5,73,591.0,1.14,0.0,100
2024-08-07 13:00:00,31.4,77,528.0,1.04,0.3,100
2024-08-07 14:00:00,30.4,82,374.0,0.6,0.4,100
2024-08-07 15:00:00,29.8,79,341.0,1.6,5.2,100
2024-08-07 16:00:00,27.8,88,102.0,0.1,3.9,100
2024-08-07 17:00:00,27.7,89,63.0,1.1,0.2,91
2024-08-07 18:00:00,27.1,93,8.0,0.95,0.0,98
2024-08-07 19:00:00,27.2,93,0.0,0.81,0.0,100
2024-08-07 20:00:00,27.1,96,0.0,0.22,2.4,88
2024-08-07 21:00:00,26.8,94,0.0,1.3,2.8,66
2024-08-07 22:00:00,25.9,95,0.0,2.64,12.1,81
2024-08-07 23:00:00,25.3,97,0.0,1.84,9.3,100
2024-08-08 00:00:00,25.3,98,0.0,1.7,2.5,100
2024-08-08 01:00:00,25.5,96,0.0,1.14,0.3,100
2024-08-08 02:00:00,25.5,96,0.0,0.6,0.9,100
2024-08-08 03:00:00,25.5,96,0.0,0.86,0.3,100
2024-08-08 04:00:00,25.6,95,0.0,0.71,0.2,100
2024-08-08 05:00:00,26.0,93,6.0,0.86,0.2,100
2024-08-08 06:00:00,26.7,91,40.0,1.1,2.0,100
2024-08-08 07:00:00,26.8,90,49.0,0.58,0.9,100
2024-08-08 08:00:00,27.7,88,230.0,1.53,0.4,100
2024-08-08 09:00:00,28.1,86,251.0,1.92,0.5,100
2024-08-08 10:00:00,29.0,83,441.0,1.0,0.5,100
2024-08-08 11:00:00,30.6,80,841.0,0.76,0.5,99
2024-08-08 12:00:00,31.1,76,742.0,1.03,0.5,100
2024-08-08 13:00:00,30.2,80,480.0,1.7,2.3,99
2024-08-08 14:00:00,29.0,82,357.0,1.75,12.7,100
2024-08-08 15:00:00,27.7,87,97.0,0.32,5.2,100
2024-08-08 16:00:00,27.6,88,64.0,0.5,0.7,100
2024-08-08 17:00:00,27.7,91,52.0,0.8,0.2,100
2024-08-08 18:00:00,27.1,94,5.0,1.0,0.1,100
2024-08-08 19:00:00,26.3,95,0.0,1.08,2.6,100
2024-08-08 20:00:00,26.3,95,0.0,0.45,2.1,100
2024-08-08 21:00:00,26.2,96,0.0,0.58,0.5,100
2024-08-08 22:00:00,26.2,97,0.0,0.7,1.3,99
2024-08-08 23:00:00,26.5,94,0.0,0.4,0.6,100
2024-08-09 00:00:00,26.2,96,0.0,0.71,0.4,100
2024-08-09 01:00:00,26.2,95,0.0,0.58,0.4,100
2024-08-09 02:00:00,26.2,95,0.0,0.51,0.4,99
2024-08-09 03:00:00,26.0,94,0.0,0.5,0.4,100
2024-08-09 04:00:00,25.9,94,0.0,0.42,0.4,100
2024-08-09 05:00:00,25.7,93,8.0,0.85,0.3,100
2024-08-09 06:00:00,26.7,93,95.0,0.4,0.4,100
2024-08-09 07:00:00,27.2,91,160.0,1.0,0.4,100
2024-08-09 08:00:00,27.2,91,173.0,1.36,0.4,99
2024-08-09 09:00:00,27.9,88,343.0,1.36,0.3,100
2024-08-09 10:00:00,28.3,88,389.0,2.06,0.5,100
2024-08-09 11:00:00,28.1,87,343.0,2.28,2.3,99
2024-08-09 12:00:00,29.4,80,579.0,2.65,0.1,94
2024-08-09 13:00:00,30.8,75,675.0,2.28,0.1,100
2024-08-09 14:00:00,30.7,77,424.0,2.06,0.1,99
2024-08-09 15:00:00,30.9,77,296.0,1.3,0.2,100
2024-08-09 16:00:00,28.0,90,199.0,2.83,6.9,100
2024-08-09 17:00:00,27.4,90,53.0,2.11,0.2,100
2024-08-09 18:00:00,27.3,91,10.0,2.01,0.0,67
2024-08-09 19:00:00,27.0,93,0.0,1.28,0.0,79
2024-08-09 20:00:00,26.8,96,0.0,1.14,0.0,30
2024-08-09 21:00:00,26.8,97,0.0,1.0,0.0,93
2024-08-09 22:00:00,26.4,96,0.0,1.2,0.0,75
2024-08-09 23:00:00,26.6,92,0.0,0.98,0.1,60
2024-08-10 00:00:00,26.1,92,0.0,0.94,0.0,63
2024-08-10 01:00:00,26.1,90,0.0,1.4,0.0,89
2024-08-10 02:00:00,26.0,91,0.0,1.33,0.0,100
2024-08-10 03:00:00,25.8,92,0.0,0.98,0.0,86
2024-08-10 04:00:00,25.7,93,0.0,0.89,0.0,88
2024-08-10 05:00:00,26.0,92,10.0,1.0,0.0,100
2024-08-10 06:00:00,26.8,88,111.0,1.49,0.0,42
2024-08-10 07:00:00,27.7,85,264.0,2.12,0.0,54
2024-08-10 08:00:00,29.1,77,441.0,1.6,0.0,100
2024-08-10 09:00:00,29.9,75,500.0,1.17,0.0,100
2024-08-10 10:00:00,30.7,73,544.0,1.52,0.1,92
2024-08-10 11:00:00,30.7,73,519.0,1.48,0.1,99
2024-08-10 12:00:00,30.3,75,399.0,1.06,0.8,93
2024-08-10 13:00:00,28.1,87,401.0,3.11,6.4,100
2024-08-10 14:00:00,28.5,86,296.0,1.48,0.6,100
2024-08-10 15:00:00,29.0,85,255.0,0.99,0.0,90
2024-08-10 16:00:00,29.5,81,278.0,0.82,0.0,100
2024-08-10 17:00:00,29.1,84,97.0,0.92,0.0,100
2024-08-10 18:00:00,27.9,89,10.0,0.78,0.0,100
2024-08-10 19:00:00,27.7,90,0.0,1.2,0.0,100
2024-08-10 20:00:00,27.5,93,0.0,1.04,0.0,100
2024-08-10 21:00:00,27.4,94,0.0,0.98,0.0,100
2024-08-10 22:00:00,27.1,93,0.0,2.04,1.3,100
2024-08-10 23:00:00,26.3,95,0.0,1.61,4.6,100
2024-08-11 00:00:00,26.5,95,0.0,0.99,0.2,100
2024-08-11 01:00:00,26.5,95,0.0,1.12,0.4,100
2024-08-11 02:00:00,26.3,95,0.0,0.76,0.2,100
2024-08-11 03:00:00,26.1,95,0.0,0.92,0.1,100
2024-08-11 04:00:00,26.1,94,0.0,0.28,0.2,100
2024-08-11 05:00:00,26.1,93,6.0,0.81,0.7,100
2024-08-11 06:00:00,27.2,91,96.0,0.81,0.0,100
2024-08-11 07:00:00,27.8,88,187.0,1.0,0.0,100
2024-08-11 08:00:00,28.5,86,272.0,1.42,0.1,100
2024-08-11 09:00:00,29.2,83,370.0,1.04,0.1,100
2024-08-11 10:00:00,29.5,82,394.0,1.08,0.3,100
2024-08-11 11:00:00,30.0,80,584.0,1.97,0.4,100
2024-08-11 12:00:00,29.7,81,289.0,2.2,0.6,100
2024-08-11 13:00:00,29.4,83,265.0,0.76,6.2,100
2024-08-11 14:00:00,27.4,91,157.0,1.97,11.4,100
2024-08-11 15:00:00,27.8,90,59.0,1.1,1.1,100
2024-08-11 16:00:00,27.5,92,56.0,1.2,0.9,100
2024-08-11 17:00:00,27.4,93,54.0,0.63,0.5,100
2024-08-11 18:00:00,27.5,92,6.0,0.91,0.1,100
2024-08-11 19:00:00,27.3,93,0.0,1.3,0.0,100
2024-08-11 20:00:00,26.8,96,0.0,1.08,0.0,100
2024-08-11 21:00:00,26.8,96,0.0,0.94,0.0,100
2024-08-11 22:00:00,27.2,94,0.0,0.64,0.0,100
2024-08-11 23:00:00,26.6,96,0.0,0.91,0.1,100
2024-08-12 00:00:00,26.4,97,0.0,0.71,0.0,100
2024-08-12 01:00:00,26.6,96,0.0,0.99,0.0,100
2024-08-12 02:00:00,26.9,91,0.0,0.5,3.1,100
2024-08-12 03:00:00,26.5,94,0.0,0.71,0.9,100
2024-08-12 04:00:00,26.4,95,0.0,0.71,0.1,100
2024-08-12 05:00:00,26.6,93,6.0,0.57,0.1,100
2024-08-12 06:00:00,26.8,92,71.0,1.3,0.1,100
2024-08-12 07:00:00,27.1,91,118.0,1.08,0.8,100
2024-08-12 08:00:00,27.8,84,191.0,1.03,1.9,100
2024-08-12 09:00:00,27.7,89,128.0,1.25,0.2,100
2024-08-12 10:00:00,29.2,85,560.0,0.3,0.1,100
2024-08-12 11:00:00,30.4,81,735.0,1.5,0.4,100
2024-08-12 12:00:00,30.9,77,700.0,1.84,0.3,100
2024-08-12 13:00:00,31.1,74,714.0,2.47,0.2,100
2024-08-12 14:00:00,30.3,75,379.0,2.9,0.7,100
2024-08-12 15:00:00,30.4,77,331.0,2.31,0.1,100
2024-08-12 16:00:00,29.5,82,267.0,2.7,4.2,100
2024-08-12 17:00:00,28.6,87,81.0,1.46,1.2,98
2024-08-12 18:00:00,28.1,92,8.0,1.75,0.1,100
2024-08-12 19:00:00,27.6,92,0.0,1.36,0.0,98
2024-08-12 20:00:00,27.2,95,0.0,0.85,0.0,100
2024-08-12 21:00:00,27.1,96,0.0,1.1,0.3,100
2024-08-12 22:00:00,26.9,98,0.0,0.81,0.1,99
2024-08-12 23:00:00,26.9,97,0.0,0.71,0.2,97
2024-08-13 00:00:00,26.8,95,0.0,0.71,0.3,86
2024-08-13 01:00:00,26.4,97,0.0,0.32,4.7,100
2024-08-13 02:00:00,26.4,97,0.0,0.61,1.1,100
2024-08-13 03:00:00,26.3,96,0.0,2.01,1.2,100
2024-08-13 04:00:00,26.2,96,0.0,0.89,2.0,100
2024-08-13 05:00:00,26.1,95,3.0,1.7,1.3,100
2024-08-13 06:00:00,27.9,89,78.0,1.27,0.1,100
2024-08-13 07:00:00,28.6,85,183.0,0.71,0.1,100
2024-08-13 08:00:00,29.2,83,408.0,1.17,0.2,98
2024-08-13 09:00:00,30.1,80,616.0,0.9,0.1,82
2024-08-13 10:00:00,31.0,76,735.0,0.92,0.0,79
2024-08-13 11:00:00,31.6,74,775.0,1.3,0.0,96
2024-08-13 12:00:00,32.1,71,684.0,1.84,0.0,68
2024-08-13 13:00:00,32.7,70,778.0,1.53,0.1,90
2024-08-13 14:00:00,32.9,70,654.0,1.63,0.0,97
2024-08-13 15:00:00,32.4,75,483.0,2.19,0.0,100
2024-08-13 16:00:00,31.1,78,274.0,1.92,0.4,98
2024-08-13 17:00:00,30.4,83,81.0,2.28,0.1,100
2024-08-13 18:00:00,28.7,89,7.0,0.92,0.0,100
2024-08-13 19:00:00,28.4,92,0.0,2.39,0.0,100
2024-08-13 20:00:00,28.2,92,0.0,1.22,0.0,100
2024-08-13 21:00:00,28.0,93,0.0,1.63,0.0,100
2024-08-13 22:00:00,27.6,95,0.0,1.26,0.0,100
2024-08-13 23:00:00,27.3,96,0.0,1.22,0.1,100
2024-08-14 00:00:00,27.4,95,0.0,1.5,0.0,100
2024-08-14 01:00:00,27.0,94,0.0,1.12,0.0,100
2024-08-14 02:00:00,26.8,94,0.0,0.86,0.0,100
2024-08-14 03:00:00,26.5,96,0.0,1.3,0.0,99
2024-08-14 04:00:00,27.5,90,0.0,0.2,0.0,78
2024-08-14 05:00:00,27.3,92,10.0,1.02,0.0,95
2024-08-14 06:00:00,28.9,88,95.0,0.4,0.0,10
2024-08-14 07:00:00,29.7,83,313.0,0.58,0.0,51
2024-08-14 08:00:00,30.9,76,518.0,1.04,0.0,72
2024-08-14 09:00:00,31.8,73,658.0,1.08,0.0,98
2024-08-14 10:00:00,32.7,72,770.0,0.95,0.0,99
2024-08-14 11:00:00,33.0,71,860.0,1.06,0.0,100
2024-08-14 12:00:00,33.2,70,820.0,1.25,0.0,99
2024-08-14 13:00:00,33.5,69,679.0,1.58,0.0,99
2024-08-14 14:00:00,33.3,68,554.0,2.15,0.1,100
2024-08-14 15:00:00,32.7,73,411.0,1.75,0.0,100
2024-08-14 16:00:00,32.4,74,269.0,1.65,0.0,100
2024-08-14 17:00:00,31.3,81,94.0,1.71,0.0,98
2024-08-14 18:00:00,29.0,84,5.0,2.24,0.0,100
2024-08-14 19:00:00,29.0,84,0.0,2.55,0.0,100
2024-08-14 20:00:00,28.6,84,0.0,1.5,0.0,100
2024-08-14 21:00:00,28.2,87,0.0,1.08,0.0,98
2024-08-14 22:00:00,27.9,90,0.0,1.33,0.0,87
2024-08-14 23:00:00,27.7,94,0.0,1.6,0.0,67
2024-08-15 00:00:00,27.6,94,0.0,2.64,0.0,8
2024-08-15 01:00:00,27.5,93,0.0,2.27,0.0,35
2024-08-15 02:00:00,27.3,93,0.0,1.89,0.0,97
2024-08-15 03:00:00,27.0,94,0.0,1.08,0.0,79
2024-08-15 04:00:00,26.7,97,0.0,0.92,0.0,93
2024-08-15 05:00:00,27.5,91,11.0,1.0,0.0,41
2024-08-15 06:00:00,28.1,89,100.0,1.9,0.0,72
2024-08-15 07:00:00,29.0,86,302.0,1.52,0.0,26
2024-08-15 08:00:00,30.2,82,494.0,1.17,0.9,91
2024-08-15 09:00:00,31.1,79,568.0,0.36,0.7,100
2024-08-15 10:00:00,31.2,80,658.0,1.1,4.5,90
2024-08-15 11:00:00,31.1,82,632.0,0.58,0.9,100
2024-08-15 12:00:00,28.4,87,287.0,1.61,9.7,100
2024-08-15 13:00:00,27.9,90,126.0,2.82,0.5,100
2024-08-15 14:00:00,27.8,90,112.0,1.53,1.4,100
2024-08-15 15:00:00,28.1,90,123.0,1.6,0.8,100
2024-08-15 16:00:00,28.5,87,136.0,1.3,0.2,100
2024-08-15 17:00:00,28.3,88,69.0,1.46,0.1,100
2024-08-15 18:00:00,27.2,92,5.0,2.19,0.0,99
2024-08-15 19:00:00,27.1,92,0.0,1.7,0.0,49
2024-08-15 20:00:00,27.0,93,0.0,1.14,0.0,18
2024-08-15 21:00:00,27.6,91,0.0,0.28,0.0,24
2024-08-15 22:00:00,26.5,98,0.0,0.92,0.0,28
2024-08-15 23:00:00,26.9,97,0.0,0.64,0.0,53
2024-08-16 00:00:00,26.0,99,0.0,0.92,0.0,72
2024-08-16 01:00:00,26.6,97,0.0,0.36,0.0,91
2024-08-16 02:00:00,26.6,97,0.0,0.36,0.2,76
2024-08-16 03:00:00,26.6,98,0.0,0.0,0.6,100
2024-08-16 04:00:00,26.1,99,0.0,0.51,0.4,99
2024-08-16 05:00:00,26.3,98,7.0,1.4,0.0,94
2024-08-16 06:00:00,27.8,91,136.0,1.43,0.0,41
2024-08-16 07:00:00,28.9,86,318.0,2.85,0.0,45
2024-08-16 08:00:00,30.3,79,458.0,2.6,0.0,8
2024-08-16 09:00:00,31.5,73,686.0,2.31,0.0,11
2024-08-16 10:00:00,32.5,70,791.0,1.84,0.0,6
2024-08-16 11:00:00,33.6,66,877.0,1.5,0.0,13
2024-08-16 12:00:00,33.5,66,842.0,1.43,0.0,20
2024-08-16 13:00:00,33.5,66,742.0,1.61,0.0,9
2024-08-16 14:00:00,33.8,65,686.0,1.12,0.0,6
2024-08-16 15:00:00,31.3,74,495.0,1.98,1.5,90
2024-08-16 16:00:00,29.7,83,206.0,2.57,0.5,79
2024-08-16 17:00:00,29.4,87,80.0,0.76,0.0,78
2024-08-16 18:00:00,26.7,89,4.0,2.6,0.1,87
2024-08-16 19:00:00,26.5,91,0.0,1.08,0.1,76
2024-08-16 20:00:00,26.3,94,0.0,0.82,0.0,46
2024-08-16 21:00:00,26.5,94,0.0,0.73,0.0,26
2024-08-16 22:00:00,26.9,92,0.0,0.14,0.0,10
2024-08-16 23:00:00,26.2,95,0.0,0.72,0.0,12
2024-08-17 00:00:00,25.9,97,0.0,0.78,0.0,22
2024-08-17 01:00:00,25.8,98,0.0,0.81,0.0,41
2024-08-17 02:00:00,25.6,97,0.0,0.95,0.0,66
2024-08-17 03:00:00,25.7,96,0.0,1.08,0.0,79
2024-08-17 04:00:00,25.9,95,0.0,1.21,0.0,31
2024-08-17 05:00:00,26.2,95,10.0,1.26,0.0,31
2024-08-17 06:00:00,26.4,92,107.0,1.17,2.8,100
2024-08-17 07:00:00,26.2,93,67.0,1.49,0.5,91
2024-08-17 08:00:00,27.6,87,354.0,1.04,0.1,92
2024-08-17 09:00:00,29.3,78,626.0,0.72,0.0,99
2024-08-17 10:00:00,30.7,74,623.0,1.39,0.0,100
2024-08-17 11:00:00,31.3,72,495.0,1.78,0.1,97
2024-08-17 12:00:00,32.6,70,788.0,2.3,0.1,97
2024-08-17 13:00:00,33.1,68,770.0,2.52,0.0,100
2024-08-17 14:00:00,33.0,70,648.0,1.88,0.0,99
2024-08-17 15:00:00,32.9,70,458.0,2.08,0.0,100
2024-08-17 16:00:00,31.6,75,245.0,2.14,0.9,100
2024-08-17 17:00:00,31.1,82,96.0,1.0,0.0,100
2024-08-17 18:00:00,29.5,87,5.0,3.45,0.1,99
2024-08-17 19:00:00,28.4,86,0.0,3.07,0.2,99
2024-08-17 20:00:00,26.8,92,0.0,3.44,3.5,100
2024-08-17 21:00:00,26.5,94,0.0,2.12,0.2,100
2024-08-17 22:00:00,25.3,96,0.0,1.17,2.1,100
2024-08-17 23:00:00,25.0,98,0.0,3.45,0.4,100
2024-08-18 00:00:00,25.3,94,0.0,2.32,0.2,100
2024-08-18 01:00:00,25.3,95,0.0,1.75,0.4,100
2024-08-18 02:00:00,25.3,95,0.0,1.88,0.2,100
2024-08-18 03:00:00,25.1,96,0.0,2.21,0.4,100
2024-08-18 04:00:00,25.4,93,0.0,2.59,0.1,100
2024-08-18 05:00:00,25.1,94,6.0,2.67,0.0,100
2024-08-18 06:00:00,27.3,89,124.0,0.85,0.0,74
2024-08-18 07:00:00,28.4,84,302.0,0.3,0.0,86
2024-08-18 08:00:00,29.7,78,417.0,1.72,0.0,100
2024-08-18 09:00:00,30.3,76,490.0,1.78,0.1,100
2024-08-18 10:00:00,29.9,79,577.0,3.11,1.0,98
2024-08-18 11:00:00,30.4,79,376.0,2.28,0.1,100
2024-08-18 12:00:00,30.7,79,528.0,2.04,0.1,100
2024-08-18 13:00:00,31.4,77,606.0,1.43,0.1,100
2024-08-18 14:00:00,30.9,78,454.0,2.02,2.9,100
2024-08-18 15:00:00,27.5,90,187.0,3.57,1.4,100
2024-08-18 16:00:00,27.8,88,59.0,0.92,0.1,100
2024-08-18 17:00:00,27.6,90,35.0,1.27,0.1,100
2024-08-18 18:00:00,26.6,95,0.0,0.71,5.1,100
2024-08-18 19:00:00,26.7,94,0.0,1.46,2.6,100
2024-08-18 20:00:00,26.7,94,0.0,1.02,1.5,100
2024-08-18 21:00:00,26.8,93,0.0,1.24,0.9,100
2024-08-18 22:00:00,26.6,95,0.0,1.24,0.9,100
2024-08-18 23:00:00,26.4,95,0.0,1.04,1.4,100
2024-08-19 00:00:00,26.2,97,0.0,1.42,1.6,100
2024-08-19 01:00:00,26.0,98,0.0,1.56,1.2,100
2024-08-19 02:00:00,25.8,97,0.0,1.8,1.5,100
2024-08-19 03:00:00,25.4,97,0.0,2.15,1.4,100
2024-08-19 04:00:00,25.3,96,0.0,1.33,1.7,100
2024-08-19 05:00:00,25.5,95,2.0,1.36,1.2,100
2024-08-19 06:00:00,26.0,95,33.0,2.9,2.6,100
2024-08-19 07:00:00,26.4,94,143.0,3.04,2.0,100
2024-08-19 08:00:00,26.9,92,197.0,2.12,0.9,100
2024-08-19 09:00:00,27.3,90,230.0,2.1,1.0,100
2024-08-19 10:00:00,27.4,89,186.0,2.43,0.7,100
2024-08-19 11:00:00,28.5,84,353.0,2.91,0.6,100
2024-08-19 12:00:00,28.1,86,201.0,3.1,0.5,100
2024-08-19 13:00:00,28.2,85,236.0,3.76,0.1,100
2024-08-19 14:00:00,29.2,79,226.0,3.2,0.0,99
2024-08-19 15:00:00,29.8,77,278.0,3.26,0.0,97
2024-08-19 16:00:00,29.5,79,264.0,3.42,0.1,100
2024-08-19 17:00:00,28.5,84,98.0,2.96,0.0,100
2024-08-19 18:00:00,26.5,89,4.0,4.73,0.1,100
2024-08-19 19:00:00,26.3,91,0.0,4.49,0.3,100
2024-08-19 20:00:00,26.1,92,0.0,5.03,0.1,100
2024-08-19 21:00:00,26.0,90,0.0,5.12,0.6,100
2024-08-19 22:00:00,25.7,91,0.0,4.46,2.5,100
2024-08-19 23:00:00,25.6,92,0.0,4.18,2.1,98
2024-08-20 00:00:00,25.3,94,0.0,4.18,3.3,100
2024-08-20 01:00:00,25.2,95,0.0,4.11,4.5,100
2024-08-20 02:00:00,25.2,94,0.0,4.32,5.4,100
2024-08-20 03:00:00,25.2,92,0.0,4.24,4.1,100
2024-08-20 04:00:00,25.1,92,0.0,4.85,7.2,100
2024-08-20 05:00:00,25.0,93,1.0,4.33,4.5,100
2024-08-20 06:00:00,24.7,94,10.0,5.04,6.0,100
2024-08-20 07:00:00,24.7,94,37.0,4.7,5.3,100
2024-08-20 08:00:00,25.0,93,79.0,5.15,4.9,100
2024-08-20 09:00:00,25.3,93,86.0,3.95,2.7,100
2024-08-20 10:00:00,26.2,91,307.0,4.33,1.9,100
2024-08-20 11:00:00,26.3,91,311.0,4.72,1.1,50
2024-08-20 12:00:00,27.9,81,583.0,5.54,0.4,78
2024-08-20 13:00:00,28.7,77,516.0,5.46,0.0,100
2024-08-20 14:00:00,28.9,74,437.0,5.39,0.0,93
2024-08-20 15:00:00,28.6,76,331.0,5.48,0.0,89
2024-08-20 16:00:00,28.2,80,255.0,5.32,0.0,100
2024-08-20 17:00:00,27.7,81,87.0,4.85,0.0,99
2024-08-20 18:00:00,26.2,88,1.0,4.95,0.2,95
2024-08-20 19:00:00,25.5,91,0.0,4.5,2.0,100
2024-08-20 20:00:00,25.2,93,0.0,4.3,5.7,100
2024-08-20 21:00:00,25.3,91,0.0,4.0,8.9,100
2024-08-20 22:00:00,25.1,91,0.0,3.45,4.1,100
2024-08-20 23:00:00,25.0,92,0.0,3.2,1.8,98
2024-08-21 00:00:00,24.9,93,0.0,2.38,0.9,87
2024-08-21 01:00:00,24.8,95,0.0,1.73,0.1,85
2024-08-21 02:00:00,24.6,96,0.0,2.3,0.1,100
2024-08-21 03:00:00,24.6,96,0.0,2.01,2.0,100
2024-08-21 04:00:00,24.8,96,0.0,1.7,11.6,100
2024-08-21 05:00:00,24.7,96,1.0,2.16,8.5,100
2024-08-21 06:00:00,25.3,94,17.0,4.47,5.4,100
2024-08-21 07:00:00,25.4,94,33.0,4.34,4.8,100
2024-08-21 08:00:00,25.7,93,63.0,4.0,2.0,100
2024-08-21 09:00:00,25.9,93,108.0,3.71,1.9,100
2024-08-21 10:00:00,26.7,87,309.0,4.63,0.9,100
2024-08-21 11:00:00,28.3,82,410.0,3.13,0.4,100
2024-08-21 12:00:00,29.1,80,315.0,1.53,0.1,100
2024-08-21 13:00:00,29.8,75,378.0,1.56,0.0,100
2024-08-21 14:00:00,29.6,79,359.0,2.55,0.0,100
2024-08-21 15:00:00,28.9,83,307.0,2.58,0.0,61
2024-08-21 16:00:00,28.6,86,254.0,2.15,0.0,100
2024-08-21 17:00:00,27.8,89,100.0,1.43,0.0,99
2024-08-21 18:00:00,27.4,89,3.0,1.22,0.0,100
2024-08-21 19:00:00,26.8,95,0.0,1.04,0.0,98
2024-08-21 20:00:00,26.3,97,0.0,1.14,0.0,100
2024-08-21 21:00:00,26.0,98,0.0,1.22,0.0,100
2024-08-21 22:00:00,26.1,97,0.0,0.81,0.0,96
2024-08-21 23:00:00,25.7,99,0.0,0.92,0.0,61
2024-08-22 00:00:00,25.7,98,0.0,0.71,0.0,100
2024-08-22 01:00:00,25.8,97,0.0,1.3,0.1,85
2024-08-22 02:00:00,25.6,98,0.0,1.12,0.1,82
2024-08-22 03:00:00,25.6,95,0.0,1.84,0.0,96
2024-08-22 04:00:00,25.2,96,0.0,1.02,0.0,100
2024-08-22 05:00:00,25.3,96,4.0,1.06,0.1,100
2024-08-22 06:00:00,26.9,88,72.0,0.4,0.6,100
2024-08-22 07:00:00,26.7,90,101.0,1.0,0.6,100
2024-08-22 08:00:00,27.3,88,159.0,0.82,0.8,100
2024-08-22 09:00:00,27.9,88,197.0,1.9,3.4,100
2024-08-22 10:00:00,28.5,87,227.0,1.7,0.1,100
2024-08-22 11:00:00,29.7,82,374.0,1.97,0.5,100
2024-08-22 12:00:00,30.5,79,482.0,2.42,1.8,99
2024-08-22 13:00:00,31.0,73,422.0,2.91,0.0,99
2024-08-22 14:00:00,31.1,70,331.0,2.38,0.0,99
2024-08-22 15:00:00,31.5,69,412.0,1.42,0.0,100
2024-08-22 16:00:00,29.9,80,166.0,2.46,0.1,100
2024-08-22 17:00:00,28.4,88,67.0,2.66,0.3,100
2024-08-22 18:00:00,28.7,77,4.0,2.15,0.0,68
2024-08-22 19:00:00,28.6,76,0.0,0.42,0.0,100
2024-08-22 20:00:00,27.5,87,0.0,1.3,0.0,99
2024-08-22 21:00:00,27.2,91,0.0,2.28,0.0,52
2024-08-22 22:00:00,26.7,91,0.0,1.92,0.0,44
2024-08-22 23:00:00,26.4,93,0.0,1.72,0.0,52
2024-08-23 00:00:00,26.2,92,0.0,2.06,0.0,45
2024-08-23 01:00:00,26.0,92,0.0,2.48,0.0,34
2024-08-23 02:00:00,25.9,92,0.0,2.14,0.0,63
2024-08-23 03:00:00,25.8,94,0.0,1.65,0.0,95
2024-08-23 04:00:00,25.7,96,0.0,1.41,0.0,100
2024-08-23 05:00:00,25.7,97,7.0,2.01,0.0,100
2024-08-23 06:00:00,26.7,92,95.0,2.27,0.0,60
2024-08-23 07:00:00,28.0,85,293.0,1.79,0.0,100
2024-08-23 08:00:00,29.3,79,440.0,0.98,0.0,100
2024-08-23 09:00:00,29.3,78,252.0,0.78,0.0,93
2024-08-23 10:00:00,30.2,76,425.0,0.42,0.0,92
2024-08-23 11:00:00,31.4,71,590.0,0.71,0.1,80
2024-08-23 12:00:00,32.0,69,747.0,1.34,0.0,48
2024-08-23 13:00:00,32.4,67,732.0,1.3,0.0,39
2024-08-23 14:00:00,32.7,65,655.0,1.6,0.0,30
2024-08-23 15:00:00,30.6,74,415.0,2.79,0.0,73
2024-08-23 16:00:00,29.1,83,177.0,3.3,0.0,67
2024-08-23 17:00:00,28.5,86,81.0,2.2,0.0,47
2024-08-23 18:00:00,27.9,88,3.0,2.4,0.0,14
2024-08-23 19:00:00,27.4,90,0.0,1.4,0.0,26
2024-08-23 20:00:00,27.1,92,0.0,1.58,0.0,12
2024-08-23 21:00:00,27.0,92,0.0,1.43,0.0,12
2024-08-23 22:00:00,27.3,90,0.0,1.84,0.0,12
2024-08-23 23:00:00,26.4,94,0.0,1.75,0.0,16
2024-08-24 00:00:00,26.1,93,0.0,2.42,8.1,66
2024-08-24 01:00:00,25.8,95,0.0,0.57,3.1,85
2024-08-24 02:00:00,25.3,97,0.0,2.39,2.5,100
2024-08-24 03:00:00,24.8,99,0.0,2.01,13.3,100
2024-08-24 04:00:00,25.0,95,0.0,1.88,1.9,100
2024-08-24 05:00:00,25.2,94,5.0,0.94,0.8,100
2024-08-24 06:00:00,27.1,86,94.0,1.56,0.0,93
2024-08-24 07:00:00,28.1,81,214.0,0.9,0.0,100
2024-08-24 08:00:00,29.2,77,429.0,1.5,0.0,100
2024-08-24 09:00:00,30.3,74,628.0,1.5,0.0,96
2024-08-24 10:00:00,31.2,70,747.0,1.14,0.0,100
2024-08-24 11:00:00,32.0,68,824.0,0.91,0.1,89
2024-08-24 12:00:00,32.4,68,767.0,0.42,0.1,100
2024-08-24 13:00:00,32.6,69,726.0,1.14,0.0,96
2024-08-24 14:00:00,32.7,70,663.0,1.62,0.0,90
2024-08-24 15:00:00,32.0,73,466.0,1.0,0.1,60
2024-08-24 16:00:00,31.4,75,277.0,0.72,0.1,82
2024-08-24 17:00:00,29.8,84,76.0,0.92,1.8,60
2024-08-24 18:00:00,28.4,89,3.0,1.26,0.5,39
2024-08-24 19:00:00,28.7,86,0.0,0.2,0.2,23
2024-08-24 20:00:00,27.4,96,0.0,1.36,0.0,20
2024-08-24 21:00:00,27.3,96,0.0,1.43,0.0,28
2024-08-24 22:00:00,26.6,97,0.0,1.04,0.0,13
2024-08-24 23:00:00,26.2,97,0.0,1.0,0.8,79
2024-08-25 00:00:00,25.6,97,0.0,2.11,3.4,73
2024-08-25 01:00:00,25.2,96,0.0,0.91,3.0,100
2024-08-25 02:00:00,25.4,94,0.0,1.04,0.2,100
2024-08-25 03:00:00,25.3,93,0.0,0.14,0.2,100
2024-08-25 04:00:00,25.2,95,0.0,0.5,0.0,100
2024-08-25 05:00:00,25.5,92,4.0,1.21,0.0,100
2024-08-25 06:00:00,25.8,88,76.0,1.33,0.1,100
2024-08-25 07:00:00,26.8,85,238.0,0.86,0.1,100
2024-08-25 08:00:00,27.7,83,262.0,1.71,0.1,100
2024-08-25 09:00:00,29.1,77,436.0,1.7,0.0,95
2024-08-25 10:00:00,30.8,71,683.0,1.2,0.0,94
2024-08-25 11:00:00,32.0,65,694.0,1.41,0.0,56
2024-08-25 12:00:00,32.5,64,648.0,1.24,0.0,29
2024-08-25 13:00:00,33.1,62,748.0,0.64,0.1,29
2024-08-25 14:00:00,33.0,64,634.0,0.9,0.0,25
2024-08-25 15:00:00,31.8,68,470.0,1.64,0.7,59
2024-08-25 16:00:00,30.6,76,185.0,2.08,0.0,87
2024-08-25 17:00:00,29.4,82,69.0,1.9,0.0,97
2024-08-25 18:00:00,29.0,85,3.0,1.44,0.0,42
2024-08-25 19:00:00,28.3,91,0.0,1.08,0.0,58
2024-08-25 20:00:00,27.8,95,0.0,0.94,0.0,53
2024-08-25 21:00:00,27.7,95,0.0,1.17,0.0,55
2024-08-25 22:00:00,27.2,97,0.0,1.1,0.0,69
2024-08-25 23:00:00,27.1,97,0.0,0.89,0.1,31
2024-08-26 00:00:00,26.9,98,0.0,1.75,0.0,68
2024-08-26 01:00:00,25.8,96,0.0,2.73,4.3,100
2024-08-26 02:00:00,25.7,96,0.0,1.71,1.2,99
2024-08-26 03:00:00,25.5,97,0.0,2.0,0.3,100
2024-08-26 04:00:00,25.2,98,0.0,0.91,4.3,100
2024-08-26 05:00:00,25.1,98,3.0,1.66,7.2,100
2024-08-26 06:00:00,26.6,92,78.0,3.16,0.3,43
2024-08-26 07:00:00,27.3,88,293.0,2.56,0.2,73
2024-08-26 08:00:00,28.7,79,481.0,3.14,0.1,71
2024-08-26 09:00:00,30.4,70,640.0,3.14,0.0,80
2024-08-26 10:00:00,31.8,65,672.0,3.42,0.0,69
2024-08-26 11:00:00,32.1,65,619.0,3.31,0.0,100
2024-08-26 12:00:00,31.7,68,538.0,2.56,0.0,100
2024-08-26 13:00:00,31.5,70,280.0,1.2,0.0,98
2024-08-26 14:00:00,31.9,70,394.0,1.12,0.1,81
2024-08-26 15:00:00,32.2,67,335.0,0.6,0.0,87
2024-08-26 16:00:00,31.4,71,192.0,0.95,0.0,95
2024-08-26 17:00:00,29.9,83,68.0,1.3,0.0,98
2024-08-26 18:00:00,28.5,90,2.0,1.89,0.0,37
2024-08-26 19:00:00,27.9,91,0.0,1.98,0.0,57
2024-08-26 20:00:00,27.7,90,0.0,1.91,0.0,28
2024-08-26 21:00:00,27.7,89,0.0,2.27,0.0,39
2024-08-26 22:00:00,27.4,89,0.0,1.35,0.0,17
2024-08-26 23:00:00,26.6,95,0.0,1.32,0.0,39
2024-08-27 00:00:00,26.5,96,0.0,1.1,0.0,15
2024-08-27 01:00:00,26.4,96,0.0,0.92,0.0,26
2024-08-27 02:00:00,26.2,95,0.0,1.2,0.0,30
2024-08-27 03:00:00,26.2,94,0.0,1.03,0.0,80
2024-08-27 04:00:00,26.0,95,0.0,1.34,0.0,94
2024-08-27 05:00:00,26.5,95,7.0,0.63,0.0,53
2024-08-27 06:00:00,27.4,88,118.0,1.0,0.0,18
2024-08-27 07:00:00,28.3,85,313.0,1.03,0.0,1
2024-08-27 08:00:00,29.3,81,524.0,1.44,0.0,13
2024-08-27 09:00:00,30.4,76,644.0,1.64,0.0,25
2024-08-27 10:00:00,31.5,71,744.0,2.25,0.1,38
2024-08-27 11:00:00,32.1,70,801.0,2.51,0.0,38
2024-08-27 12:00:00,32.0,72,792.0,2.86,0.0,74
2024-08-27 13:00:00,31.8,73,537.0,2.96,0.3,96
2024-08-27 14:00:00,31.8,73,518.0,2.72,0.0,100
2024-08-27 15:00:00,31.8,72,392.0,2.38,0.0,100
2024-08-27 16:00:00,31.2,74,219.0,2.06,0.0,100
2024-08-27 17:00:00,30.4,81,62.0,1.64,0.0,100
2024-08-27 18:00:00,28.8,86,2.0,1.91,0.0,100
2024-08-27 19:00:00,27.9,90,0.0,1.25,0.0,100
2024-08-27 20:00:00,27.6,91,0.0,1.5,0.0,100
2024-08-27 21:00:00,28.2,88,0.0,1.02,0.0,73
2024-08-27 22:00:00,28.5,88,0.0,0.78,0.0,90
2024-08-27 23:00:00,26.9,95,0.0,1.33,0.0,14
2024-08-28 00:00:00,27.1,96,0.0,1.34,0.0,11
2024-08-28 01:00:00,27.0,95,0.0,1.98,0.0,89
2024-08-28 02:00:00,26.9,92,0.0,2.0,0.0,13
2024-08-28 03:00:00,26.7,92,0.0,1.63,0.0,86
2024-08-28 04:00:00,26.4,92,0.0,1.42,0.0,98
2024-08-28 05:00:00,26.8,91,7.0,0.76,0.0,100
2024-08-28 06:00:00,27.3,87,35.0,1.7,0.0,100
2024-08-28 07:00:00,28.0,84,161.0,1.2,0.0,100
2024-08-28 08:00:00,29.6,79,427.0,1.87,0.0,100
2024-08-28 09:00:00,30.1,77,480.0,1.5,0.0,100
2024-08-28 10:00:00,31.3,72,716.0,1.9,0.0,100
2024-08-28 11:00:00,31.7,70,669.0,2.24,0.1,100
2024-08-28 12:00:00,32.2,68,681.0,2.41,0.0,100
2024-08-28 13:00:00,32.5,67,673.0,2.4,0.0,61
2024-08-28 14:00:00,32.6,68,635.0,2.1,0.0,29
2024-08-28 15:00:00,32.6,67,485.0,2.18,0.0,47
2024-08-28 16:00:00,32.0,70,261.0,1.48,0.0,48
2024-08-28 17:00:00,30.7,84,83.0,1.12,0.0,56
2024-08-28 18:00:00,29.2,85,2.0,1.75,0.0,57
2024-08-28 19:00:00,28.9,86,0.0,1.84,0.0,44
2024-08-28 20:00:00,28.1,91,0.0,1.58,0.0,60
2024-08-28 21:00:00,28.6,88,0.0,1.08,0.0,20
2024-08-28 22:00:00,28.6,89,0.0,0.92,0.0,8
2024-08-28 23:00:00,28.1,92,0.0,0.67,0.0,14
2024-08-29 00:00:00,28.3,91,0.0,0.61,0.0,12
2024-08-29 01:00:00,27.3,93,0.0,1.0,0.0,9
2024-08-29 02:00:00,28.2,85,0.0,0.81,0.1,42
2024-08-29 03:00:00,27.2,90,0.0,0.85,0.1,24
2024-08-29 04:00:00,27.4,89,0.0,0.6,0.0,19
2024-08-29 05:00:00,27.3,92,7.0,0.64,0.0,82
2024-08-29 06:00:00,27.6,90,69.0,0.1,0.5,99
2024-08-29 07:00:00,28.1,86,152.0,1.6,0.1,74
2024-08-29 08:00:00,28.9,82,413.0,1.3,0.4,70
2024-08-29 09:00:00,29.4,80,513.0,2.55,0.7,65
2024-08-29 10:00:00,30.4,78,678.0,1.06,0.2,68
2024-08-29 11:00:00,31.0,75,655.0,0.78,0.1,84
2024-08-29 12:00:00,31.6,73,635.0,1.0,0.0,83
2024-08-29 13:00:00,31.9,72,577.0,1.75,0.0,86
2024-08-29 14:00:00,31.8,73,536.0,1.75,0.0,65
2024-08-29 15:00:00,31.9,72,398.0,1.0,0.0,77
2024-08-29 16:00:00,31.5,74,176.0,1.0,0.0,85
2024-08-29 17:00:00,30.7,79,67.0,1.36,0.0,99
2024-08-29 18:00:00,30.2,82,2.0,1.84,0.0,27
2024-08-29 19:00:00,29.7,82,0.0,2.44,0.0,36
2024-08-29 20:00:00,29.2,84,0.0,2.34,0.0,14
2024-08-29 21:00:00,28.7,87,0.0,1.86,0.0,6
2024-08-29 22:00:00,28.4,88,0.0,1.75,0.0,14
2024-08-29 23:00:00,28.2,87,0.0,1.75,0.0,36
2024-08-30 00:00:00,28.0,89,0.0,1.43,0.0,2
2024-08-30 01:00:00,27.6,93,0.0,1.33,0.0,47
2024-08-30 02:00:00,27.5,93,0.0,1.03,0.0,90
2024-08-30 03:00:00,27.2,94,0.0,1.57,0.0,100
2024-08-30 04:00:00,27.1,93,0.0,1.2,0.0,99
2024-08-30 05:00:00,27.5,91,6.0,0.86,0.0,100
2024-08-30 06:00:00,29.0,86,107.0,0.94,0.0,95
2024-08-30 07:00:00,30.2,81,317.0,0.28,0.0,98
2024-08-30 08:00:00,31.3,77,515.0,0.85,0.0,93
2024-08-30 09:00:00,32.4,73,696.0,1.36,0.0,100
2024-08-30 10:00:00,33.0,70,791.0,1.72,0.0,99
2024-08-30 11:00:00,33.5,68,823.0,1.86,0.0,98
2024-08-30 12:00:00,33.9,66,848.0,1.49,0.0,92
2024-08-30 13:00:00,34.3,64,784.0,1.65,0.0,100
2024-08-30 14:00:00,34.4,63,644.0,2.2,0.0,95
2024-08-30 15:00:00,32.9,69,452.0,3.4,0.0,87
2024-08-30 16:00:00,31.6,78,247.0,3.36,0.0,79
2024-08-30 17:00:00,31.0,81,85.0,1.97,0.0,97
2024-08-30 18:00:00,30.8,79,1.0,3.11,0.0,91
2024-08-30 19:00:00,30.3,80,0.0,2.52,0.0,100
2024-08-30 20:00:00,30.1,80,0.0,2.4,0.1,100
2024-08-30 21:00:00,29.5,82,0.0,1.79,0.4,100
2024-08-30 22:00:00,28.8,87,0.0,0.57,1.9,100
2024-08-30 23:00:00,28.5,88,0.0,2.5,0.1,100
2024-08-31 00:00:00,28.1,90,0.0,1.06,0.0,100
2024-08-31 01:00:00,27.7,92,0.0,1.77,0.0,99
2024-08-31 02:00:00,26.4,94,0.0,1.66,7.1,100
2024-08-31 03:00:00,26.6,92,0.0,0.32,0.2,100
2024-08-31 04:00:00,26.3,94,0.0,2.4,0.2,100
2024-08-31 05:00:00,26.2,95,4.0,2.28,0.2,100
2024-08-31 06:00:00,27.7,89,70.0,2.42,0.0,100
2024-08-31 07:00:00,28.2,88,173.0,1.7,0.0,100
2024-08-31 08:00:00,29.2,85,331.0,1.43,0.0,100
2024-08-31 09:00:00,30.7,79,555.0,0.0,0.0,100
2024-08-31 10:00:00,31.8,74,705.0,1.04,0.0,100
2024-08-31 11:00:00,32.4,70,738.0,1.14,0.4,100
2024-08-31 12:00:00,32.8,71,732.0,0.85,0.1,100
2024-08-31 13:00:00,32.7,74,721.0,1.84,0.5,97
2024-08-31 14:00:00,30.3,79,370.0,2.33,8.0,100
2024-08-31 15:00:00,28.5,87,212.0,1.75,6.0,100
2024-08-31 16:00:00,28.3,85,102.0,2.62,0.2,100
2024-08-31 17:00:00,28.1,84,41.0,1.4,0.0,100
2024-08-31 18:00:00,27.2,94,1.0,1.22,0.2,100
2024-08-31 19:00:00,27.0,95,0.0,0.63,0.0,99
2024-08-31 20:00:00,27.0,95,0.0,0.85,0.0,100
2024-08-31 21:00:00,27.0,95,0.0,1.08,0.0,95
2024-08-31 22:00:00,27.6,92,0.0,0.58,0.0,100
2024-08-31 23:00:00,26.8,96,0.0,1.9,0.3,100
2024-09-01 00:00:00,26.1,97,0.0,1.5,0.7,100
2024-09-01 01:00:00,25.8,98,0.0,1.0,1.1,94
2024-09-01 02:00:00,25.8,96,0.0,0.58,0.1,97
2024-09-01 03:00:00,25.4,97,0.0,0.73,1.0,100
2024-09-01 04:00:00,24.8,99,0.0,1.04,4.2,100
2024-09-01 05:00:00,25.2,95,4.0,0.6,0.1,100
2024-09-01 06:00:00,26.1,91,63.0,0.5,1.8,100
2024-09-01 07:00:00,26.4,90,150.0,0.85,1.1,100
2024-09-01 08:00:00,26.7,90,216.0,0.98,1.6,100
2024-09-01 09:00:00,27.6,85,355.0,0.2,1.1,100
2024-09-01 10:00:00,28.0,83,387.0,0.63,0.8,100
2024-09-01 11:00:00,28.5,80,324.0,0.82,0.1,91
2024-09-01 12:00:00,30.0,74,607.0,1.7,0.0,88
2024-09-01 13:00:00,31.1,70,696.0,2.19,0.0,87
2024-09-01 14:00:00,31.2,71,579.0,2.15,0.0,98
2024-09-01 15:00:00,30.9,72,395.0,2.5,0.0,100
2024-09-01 16:00:00,30.3,76,208.0,2.09,0.0,100
2024-09-01 17:00:00,29.4,83,64.0,1.33,0.0,98
2024-09-01 18:00:00,28.3,86,1.0,1.34,0.0,99
2024-09-01 19:00:00,28.0,90,0.0,1.32,0.0,98
2024-09-01 20:00:00,27.5,95,0.0,1.0,0.0,45
2024-09-01 21:00:00,27.2,95,0.0,1.06,0.0,84
2024-09-01 22:00:00,27.5,92,0.0,0.73,0.0,38
2024-09-01 23:00:00,26.9,94,0.0,1.12,0.0,84
2024-09-02 00:00:00,26.7,94,0.0,1.22,0.0,86
2024-09-02 01:00:00,26.9,92,0.0,1.04,0.0,92
2024-09-02 02:00:00,26.4,95,0.0,1.17,0.0,88
2024-09-02 03:00:00,26.4,96,0.0,1.04,0.0,100
2024-09-02 04:00:00,26.3,95,0.0,0.98,0.0,99
2024-09-02 05:00:00,26.5,93,6.0,1.08,0.0,100
2024-09-02 06:00:00,27.7,90,114.0,1.55,0.0,24
2024-09-02 07:00:00,28.7,87,306.0,1.3,0.1,20
2024-09-02 08:00:00,29.6,83,488.0,1.17,0.0,38
2024-09-02 09:00:00,30.4,80,649.0,0.86,0.1,94
2024-09-02 10:00:00,31.4,74,773.0,0.73,0.1,84
2024-09-02 11:00:00,32.2,70,803.0,0.95,0.0,94
2024-09-02 12:00:00,32.9,67,789.0,0.63,0.0,30
2024-09-02 13:00:00,33.3,66,738.0,0.95,0.0,54
2024-09-02 14:00:00,32.1,68,569.0,0.73,0.5,87
2024-09-02 15:00:00,32.0,68,363.0,0.32,0.0,97
2024-09-02 16:00:00,31.4,72,215.0,1.49,0.0,100
2024-09-02 17:00:00,30.3,80,60.0,1.08,0.0,100
2024-09-02 18:00:00,29.1,85,1.0,3.22,0.1,100
2024-09-02 19:00:00,28.3,88,0.0,1.72,0.0,100
2024-09-02 20:00:00,27.8,92,0.0,1.2,0.0,100
2024-09-02 21:00:00,27.2,95,0.0,1.6,0.0,100
2024-09-02 22:00:00,27.1,96,0.0,1.41,0.0,96
2024-09-02 23:00:00,26.9,97,0.0,0.76,0.0,100
2024-09-03 00:00:00,26.9,97,0.0,0.78,0.0,100
2024-09-03 01:00:00,26.8,100,0.0,0.54,0.0,100
2024-09-03 02:00:00,26.9,100,0.0,1.1,0.0,100
2024-09-03 03:00:00,26.7,99,0.0,2.6,0.0,100
2024-09-03 04:00:00,26.4,95,0.0,3.18,0.0,100
2024-09-03 05:00:00,26.1,95,3.0,2.82,0.1,100
2024-09-03 06:00:00,27.8,89,86.0,2.47,0.2,100
2024-09-03 07:00:00,28.9,84,231.0,1.9,0.1,90
2024-09-03 08:00:00,30.1,81,412.0,2.41,0.0,100
2024-09-03 09:00:00,31.4,76,661.0,3.24,0.2,100
2024-09-03 10:00:00,31.3,75,732.0,3.11,0.2,95
2024-09-03 11:00:00,31.6,76,574.0,1.88,0.4,100
2024-09-03 12:00:00,31.0,80,610.0,0.91,0.4,100
2024-09-03 13:00:00,26.4,96,363.0,4.66,10.5,100
2024-09-03 14:00:00,25.9,94,105.0,1.91,6.5,100
2024-09-03 15:00:00,27.0,89,177.0,1.17,10.2,100
2024-09-03 16:00:00,27.4,89,90.0,1.86,0.2,100
2024-09-03 17:00:00,27.6,91,45.0,1.5,0.1,100
2024-09-03 18:00:00,27.4,92,0.0,1.4,0.2,100
2024-09-03 19:00:00,27.5,89,0.0,1.5,0.0,97
2024-09-03 20:00:00,27.2,90,0.0,1.36,0.0,99
2024-09-03 21:00:00,27.0,92,0.0,1.8,0.0,100
2024-09-03 22:00:00,26.9,93,0.0,1.98,0.0,100
2024-09-03 23:00:00,26.6,92,0.0,1.72,0.0,100
2024-09-04 00:00:00,26.3,93,0.0,1.43,0.0,77
2024-09-04 01:00:00,26.1,94,0.0,1.63,0.0,100
2024-09-04 02:00:00,25.8,95,0.0,1.17,0.0,100
2024-09-04 03:00:00,25.9,94,0.0,1.53,0.0,99
2024-09-04 04:00:00,25.6,94,0.0,1.14,0.0,100
2024-09-04 05:00:00,26.0,93,4.0,1.57,0.0,99
2024-09-04 06:00:00,27.2,89,104.0,1.72,0.1,40
2024-09-04 07:00:00,28.0,85,273.0,2.1,0.2,20
2024-09-04 08:00:00,28.8,82,464.0,1.71,0.1,85
2024-09-04 09:00:00,29.7,80,614.0,1.68,0.0,79
2024-09-04 10:00:00,30.9,75,787.0,1.73,0.0,98
2024-09-04 11:00:00,31.4,74,789.0,1.82,0.1,99
2024-09-04 12:00:00,31.2,75,737.0,1.9,1.4,100
2024-09-04 13:00:00,30.6,76,616.0,0.86,2.9,99
2024-09-04 14:00:00,28.8,83,405.0,3.22,2.5,100
2024-09-04 15:00:00,28.7,85,273.0,1.35,0.3,100
2024-09-04 16:00:00,28.6,83,153.0,1.8,0.1,100
2024-09-04 17:00:00,28.1,87,43.0,0.91,0.0,99
2024-09-04 18:00:00,28.5,86,0.0,1.27,0.0,81
2024-09-04 19:00:00,27.2,90,0.0,1.41,1.1,98
2024-09-04 20:00:00,27.1,89,0.0,1.2,0.1,93
2024-09-04 21:00:00,26.6,93,0.0,1.06,0.0,98
2024-09-04 22:00:00,26.5,95,0.0,1.0,0.0,100
2024-09-04 23:00:00,26.4,95,0.0,1.8,0.0,100
2024-09-05 00:00:00,25.9,95,0.0,1.12,0.3,100
2024-09-05 01:00:00,25.7,96,0.0,1.26,0.0,100
2024-09-05 02:00:00,25.4,95,0.0,0.61,0.1,100
2024-09-05 03:00:00,25.3,96,0.0,0.41,0.3,100
2024-09-05 04:00:00,25.1,95,0.0,1.0,3.2,100
2024-09-05 05:00:00,25.0,95,2.0,1.02,0.0,100
2024-09-05 06:00:00,26.7,90,83.0,1.12,0.0,100
2024-09-05 07:00:00,27.4,89,226.0,1.14,0.1,96
2024-09-05 08:00:00,28.4,85,428.0,1.72,0.1,99
2024-09-05 09:00:00,28.8,82,327.0,1.84,0.2,100
2024-09-05 10:00:00,29.2,81,364.0,2.05,0.1,100
2024-09-05 11:00:00,29.7,80,464.0,1.39,0.1,91
2024-09-05 12:00:00,30.0,77,474.0,0.9,0.1,92
2024-09-05 13:00:00,30.2,75,414.0,1.12,0.1,84
2024-09-05 14:00:00,30.8,74,575.0,1.55,0.2,92
2024-09-05 15:00:00,30.0,75,370.0,1.2,1.4,99
2024-09-05 16:00:00,27.9,86,163.0,1.7,0.8,100
2024-09-05 17:00:00,27.5,88,31.0,0.92,0.1,98
2024-09-05 18:00:00,28.3,86,0.0,0.76,0.1,100
2024-09-05 19:00:00,28.5,86,0.0,0.22,0.0,99
2024-09-05 20:00:00,27.2,94,0.0,0.89,0.0,100
2024-09-05 21:00:00,26.7,97,0.0,1.1,0.0,100
2024-09-05 22:00:00,26.6,98,0.0,0.95,0.0,56
2024-09-05 23:00:00,26.2,99,0.0,0.94,0.0,36
2024-09-06 00:00:00,26.8,100,0.0,0.45,0.1,53
2024-09-06 01:00:00,26.3,98,0.0,1.0,0.2,98
2024-09-06 02:00:00,26.2,100,0.0,0.57,0.4,87
2024-09-06 03:00:00,26.6,99,0.0,0.22,0.3,98
2024-09-06 04:00:00,26.2,100,0.0,0.5,0.1,100
2024-09-06 05:00:00,26.3,100,5.0,0.41,0.0,100
2024-09-06 06:00:00,27.7,88,108.0,1.41,0.0,100
2024-09-06 07:00:00,28.8,85,299.0,1.96,0.0,99
2024-09-06 08:00:00,30.1,80,505.0,2.3,0.0,99
2024-09-06 09:00:00,31.2,75,685.0,2.3,0.0,100
2024-09-06 10:00:00,31.9,72,772.0,2.64,0.0,97
2024-09-06 11:00:00,32.7,68,838.0,2.47,0.0,100
2024-09-06 12:00:00,33.3,66,857.0,2.28,0.0,100
2024-09-06 13:00:00,33.6,65,766.0,2.08,0.0,98
2024-09-06 14:00:00,33.5,65,637.0,2.48,0.0,96
2024-09-06 15:00:00,33.2,66,464.0,2.41,0.0,11
2024-09-06 16:00:00,32.5,73,258.0,1.72,0.0,1
2024-09-06 17:00:00,30.7,83,69.0,1.36,0.0,0
2024-09-06 18:00:00,29.3,89,0.0,1.66,0.0,0
2024-09-06 19:00:00,30.4,83,0.0,1.12,0.0,100
2024-09-06 20:00:00,29.8,88,0.0,0.58,0.0,94
2024-09-06 21:00:00,28.6,94,0.0,1.3,0.0,54
2024-09-06 22:00:00,28.7,94,0.0,0.71,0.0,27
2024-09-06 23:00:00,28.3,95,0.0,0.51,0.0,2
2024-09-07 00:00:00,28.5,96,0.0,0.22,0.0,27
2024-09-07 01:00:00,28.1,99,0.0,0.71,0.0,27
2024-09-07 02:00:00,27.4,97,0.0,0.89,0.0,77
2024-09-07 03:00:00,27.5,98,0.0,0.91,0.0,81
2024-09-07 04:00:00,27.3,100,0.0,0.9,0.0,69
2024-09-07 05:00:00,27.3,100,5.0,1.43,0.0,40
2024-09-07 06:00:00,28.3,89,98.0,1.39,0.0,9
2024-09-07 07:00:00,30.2,79,306.0,1.02,0.0,13
2024-09-07 08:00:00,31.5,75,519.0,0.76,0.0,100
2024-09-07 09:00:00,32.6,71,674.0,1.42,0.0,40
2024-09-07 10:00:00,33.4,68,782.0,2.16,0.0,25
2024-09-07 11:00:00,34.0,66,821.0,2.66,0.0,48
2024-09-07 12:00:00,34.2,66,794.0,2.92,0.0,69
2024-09-07 13:00:00,34.3,66,735.0,2.83,0.0,34
2024-09-07 14:00:00,34.0,67,623.0,2.77,0.0,90
2024-09-07 15:00:00,34.0,67,430.0,2.06,0.0,100
2024-09-07 16:00:00,33.1,72,198.0,0.78,0.0,72
2024-09-07 17:00:00,31.7,79,63.0,1.06,0.0,98
2024-09-07 18:00:00,29.6,88,0.0,4.44,0.0,43
2024-09-07 19:00:00,28.4,90,0.0,2.76,0.0,78
2024-09-07 20:00:00,28.4,92,0.0,2.06,0.0,10
2024-09-07 21:00:00,28.0,93,0.0,1.33,0.0,16
2024-09-07 22:00:00,27.6,96,0.0,0.82,0.0,16
2024-09-07 23:00:00,27.5,97,0.0,1.28,0.0,13
2024-09-08 00:00:00,28.1,93,0.0,0.81,0.5,24
2024-09-08 01:00:00,27.4,97,0.0,0.58,0.0,24
2024-09-08 02:00:00,27.3,99,0.0,1.0,0.0,62
2024-09-08 03:00:00,27.2,97,0.0,1.5,0.0,92
2024-09-08 04:00:00,26.8,98,0.0,1.28,0.0,93
2024-09-08 05:00:00,27.1,97,5.0,0.5,0.0,91
2024-09-08 06:00:00,28.5,92,113.0,0.71,0.0,2
2024-09-08 07:00:00,29.8,82,311.0,0.5,0.0,3
2024-09-08 08:00:00,31.1,76,514.0,0.7,0.0,4
2024-09-08 09:00:00,32.2,72,686.0,0.71,0.0,19
2024-09-08 10:00:00,33.0,70,784.0,0.58,0.0,12
2024-09-08 11:00:00,33.7,68,822.0,0.76,0.0,6
2024-09-08 12:00:00,34.1,67,825.0,1.48,0.0,13
2024-09-08 13:00:00,33.5,70,744.0,1.14,0.0,57
2024-09-08 14:00:00,33.4,70,576.0,2.69,0.1,60
2024-09-08 15:00:00,31.1,80,263.0,3.61,1.0,92
2024-09-08 16:00:00,30.7,82,193.0,2.52,0.0,93
2024-09-08 17:00:00,30.0,85,59.0,1.79,0.0,89
2024-09-08 18:00:00,29.1,90,0.0,1.36,0.0,97
2024-09-08 19:00:00,29.0,91,0.0,1.58,0.0,69
2024-09-08 20:00:00,28.8,90,0.0,1.39,0.0,75
2024-09-08 21:00:00,28.6,91,0.0,1.22,0.0,5
2024-09-08 22:00:00,28.4,91,0.0,1.36,0.0,14
2024-09-08 23:00:00,28.4,90,0.0,1.35,0.0,9
2024-09-09 00:00:00,28.0,92,0.0,1.42,0.0,66
2024-09-09 01:00:00,27.8,93,0.0,1.58,0.0,87
2024-09-09 02:00:00,27.7,92,0.0,1.58,0.0,23
2024-09-09 03:00:00,27.7,92,0.0,1.7,0.0,0
2024-09-09 04:00:00,27.4,93,0.0,1.41,0.0,5
2024-09-09 05:00:00,27.4,95,5.0,0.95,0.0,1
2024-09-09 06:00:00,28.3,87,108.0,1.91,0.0,17
2024-09-09 07:00:00,29.7,82,308.0,1.12,0.0,21
2024-09-09 08:00:00,31.1,75,499.0,0.54,0.1,30
2024-09-09 09:00:00,31.9,71,623.0,1.03,0.1,32
2024-09-09 10:00:00,32.6,69,706.0,1.3,0.1,13
2024-09-09 11:00:00,33.2,69,822.0,1.36,0.0,9
2024-09-09 12:00:00,33.3,70,828.0,1.78,0.0,4
2024-09-09 13:00:00,33.6,69,761.0,1.79,0.0,20
2024-09-09 14:00:00,33.0,70,578.0,1.88,0.0,58
2024-09-09 15:00:00,30.4,81,205.0,1.98,2.4,91
2024-09-09 16:00:00,30.6,77,155.0,1.78,0.3,84
2024-09-09 17:00:00,29.6,85,42.0,0.91,0.3,86
2024-09-09 18:00:00,28.9,84,0.0,1.94,0.0,99
2024-09-09 19:00:00,28.5,88,0.0,1.61,0.0,100
2024-09-09 20:00:00,28.5,87,0.0,2.1,0.0,100
2024-09-09 21:00:00,28.1,89,0.0,1.36,0.0,100
2024-09-09 22:00:00,27.7,92,0.0,1.26,0.0,100
2024-09-09 23:00:00,27.7,92,0.0,1.25,0.0,100
2024-09-10 00:00:00,27.8,90,0.0,1.57,0.0,100
2024-09-10 01:00:00,27.8,88,0.0,1.39,0.0,100
2024-09-10 02:00:00,28.1,86,0.0,1.36,0.0,100
2024-09-10 03:00:00,27.4,91,0.0,0.72,0.0,100
2024-09-10 04:00:00,27.2,94,0.0,1.1,0.0,100
2024-09-10 05:00:00,27.0,97,4.0,2.43,0.0,100
2024-09-10 06:00:00,28.3,87,109.0,0.95,0.0,97
2024-09-10 07:00:00,29.0,84,277.0,0.63,0.0,100
2024-09-10 08:00:00,30.3,78,471.0,0.91,0.0,87
2024-09-10 09:00:00,31.4,72,640.0,2.3,0.1,91
2024-09-10 10:00:00,32.4,68,801.0,2.32,0.0,15
2024-09-10 11:00:00,33.4,63,805.0,1.9,0.0,19
2024-09-10 12:00:00,33.4,65,784.0,1.92,0.1,59
2024-09-10 13:00:00,33.5,65,730.0,1.08,0.0,89
2024-09-10 14:00:00,33.2,65,564.0,1.0,0.0,54
2024-09-10 15:00:00,31.8,71,356.0,1.7,0.2,80
2024-09-10 16:00:00,31.4,74,223.0,2.2,0.0,100
2024-09-10 17:00:00,30.0,82,55.0,1.3,0.0,95
2024-09-10 18:00:00,29.1,85,0.0,1.24,0.0,98
2024-09-10 19:00:00,29.0,87,0.0,1.71,0.0,100
2024-09-10 20:00:00,28.8,87,0.0,1.36,0.0,100
2024-09-10 21:00:00,28.6,86,0.0,1.2,0.0,100
2024-09-10 22:00:00,28.2,89,0.0,1.12,0.0,100
2024-09-10 23:00:00,28.2,89,0.0,1.49,0.0,100
2024-09-11 00:00:00,27.7,91,0.0,1.13,0.0,100
2024-09-11 01:00:00,27.6,90,0.0,1.14,0.0,100
2024-09-11 02:00:00,27.1,94,0.0,1.17,0.0,99
2024-09-11 03:00:00,26.8,91,0.0,2.73,0.4,100
2024-09-11 04:00:00,26.5,91,0.0,1.62,0.9,99
2024-09-11 05:00:00,26.4,94,2.0,1.93,1.0,100
2024-09-11 06:00:00,28.7,83,105.0,1.57,0.0,44
2024-09-11 07:00:00,29.7,79,285.0,2.21,0.0,60
2024-09-11 08:00:00,30.5,74,451.0,2.6,0.1,79
2024-09-11 09:00:00,30.8,77,578.0,3.05,0.4,59
2024-09-11 10:00:00,30.8,78,611.0,3.55,1.8,54
2024-09-11 11:00:00,28.7,82,615.0,4.34,5.1,100
2024-09-11 12:00:00,28.6,87,242.0,2.79,0.3,100
2024-09-11 13:00:00,29.5,83,360.0,2.5,0.2,100
2024-09-11 14:00:00,30.2,78,375.0,2.55,0.1,100
2024-09-11 15:00:00,30.8,75,269.0,1.92,0.0,100
2024-09-11 16:00:00,30.7,77,169.0,1.52,0.0,100
2024-09-11 17:00:00,29.4,85,39.0,1.25,0.0,100
2024-09-11 18:00:00,27.8,91,0.0,0.92,0.0,100
2024-09-11 19:00:00,27.9,90,0.0,1.22,0.0,100
2024-09-11 20:00:00,27.9,92,0.0,1.41,0.0,100
2024-09-11 21:00:00,27.8,90,0.0,1.39,0.0,100
2024-09-11 22:00:00,27.8,91,0.0,1.8,0.0,100
2024-09-11 23:00:00,27.5,93,0.0,2.2,0.0,100
2024-09-12 00:00:00,27.4,92,0.0,1.61,0.0,100
2024-09-12 01:00:00,27.3,91,0.0,1.55,0.0,100
2024-09-12 02:00:00,27.3,91,0.0,1.8,0.0,100
2024-09-12 03:00:00,27.0,92,0.0,1.08,0.0,100
2024-09-12 04:00:00,27.0,95,0.0,1.12,0.0,100
2024-09-12 05:00:00,26.8,96,3.0,1.61,0.0,74
2024-09-12 06:00:00,27.7,90,111.0,2.38,0.0,49
2024-09-12 07:00:00,28.6,86,303.0,3.02,0.0,80
2024-09-12 08:00:00,30.0,81,490.0,3.66,0.0,45
2024-09-12 09:00:00,31.4,71,667.0,3.36,0.0,45
2024-09-12 10:00:00,32.4,66,782.0,3.22,0.0,13
2024-09-12 11:00:00,33.1,65,864.0,2.72,0.0,97
2024-09-12 12:00:00,33.5,64,850.0,2.26,0.0,66
2024-09-12 13:00:00,33.7,65,772.0,2.11,0.0,79
2024-09-12 14:00:00,34.0,65,628.0,1.98,0.0,82
2024-09-12 15:00:00,33.6,66,443.0,2.06,0.0,79
2024-09-12 16:00:00,32.9,72,234.0,1.56,0.0,93
2024-09-12 17:00:00,31.2,80,54.0,1.3,0.0,87
2024-09-12 18:00:00,30.2,87,0.0,1.3,0.0,100
2024-09-12 19:00:00,29.9,90,0.0,1.12,0.0,94
2024-09-12 20:00:00,29.2,94,0.0,1.26,0.0,77
2024-09-12 21:00:00,28.8,94,0.0,1.58,0.0,70
2024-09-12 22:00:00,28.4,92,0.0,1.61,0.0,16
2024-09-12 23:00:00,28.2,92,0.0,1.48,0.0,19
2024-09-13 00:00:00,28.0,93,0.0,1.51,0.0,100
2024-09-13 01:00:00,28.0,94,0.0,1.81,0.0,60
2024-09-13 02:00:00,27.9,95,0.0,1.92,0.0,100
2024-09-13 03:00:00,27.8,96,0.0,2.21,0.0,100
2024-09-13 04:00:00,27.5,98,0.0,2.5,0.0,94
2024-09-13 05:00:00,27.5,97,4.0,2.62,0.0,87
2024-09-13 06:00:00,28.3,90,102.0,1.86,0.0,84
2024-09-13 07:00:00,29.7,84,300.0,2.56,0.0,94
2024-09-13 08:00:00,31.1,76,471.0,2.64,0.0,97
2024-09-13 09:00:00,32.1,72,641.0,2.86,0.1,65
2024-09-13 10:00:00,32.5,72,742.0,3.34,0.1,69
2024-09-13 11:00:00,32.9,69,759.0,4.12,0.1,96
2024-09-13 12:00:00,33.6,66,802.0,4.27,0.0,94
2024-09-13 13:00:00,33.9,64,745.0,4.68,0.0,91
2024-09-13 14:00:00,34.1,61,587.0,5.1,0.0,95
2024-09-13 15:00:00,33.4,66,420.0,5.13,0.0,93
2024-09-13 16:00:00,32.5,71,219.0,4.75,0.0,99
2024-09-13 17:00:00,31.9,74,50.0,4.35,0.0,99
2024-09-13 18:00:00,31.1,69,0.0,3.61,0.0,100
2024-09-13 19:00:00,30.5,72,0.0,3.0,0.0,100
2024-09-13 20:00:00,30.0,75,0.0,2.6,0.0,99
2024-09-13 21:00:00,29.2,81,0.0,2.0,0.0,75
2024-09-13 22:00:00,28.8,84,0.0,2.04,0.0,56
2024-09-13 23:00:00,28.4,87,0.0,1.61,0.0,49
2024-09-14 00:00:00,28.1,87,0.0,1.5,0.0,27
2024-09-14 01:00:00,28.2,82,0.0,2.0,0.0,43
2024-09-14 02:00:00,28.1,84,0.0,2.92,0.0,10
2024-09-14 03:00:00,27.7,89,0.0,2.61,0.0,100
2024-09-14 04:00:00,27.8,89,0.0,2.91,0.0,100
2024-09-14 05:00:00,27.9,88,1.0,2.55,0.0,99
2024-09-14 06:00:00,28.7,83,64.0,2.36,0.0,71
2024-09-14 07:00:00,29.8,78,240.0,2.64,0.0,100
2024-09-14 08:00:00,30.1,79,245.0,2.62,0.0,100
2024-09-14 09:00:00,30.4,79,269.0,2.84,0.0,100
2024-09-14 10:00:00,31.3,76,320.0,3.4,0.0,83
2024-09-14 11:00:00,33.2,65,644.0,4.3,0.0,65
2024-09-14 12:00:00,33.8,59,709.0,4.1,0.0,35
2024-09-14 13:00:00,33.5,61,705.0,3.95,1.1,46
2024-09-14 14:00:00,33.0,65,546.0,4.32,0.0,48
2024-09-14 15:00:00,32.6,66,341.0,3.34,0.0,53
2024-09-14 16:00:00,31.8,72,163.0,1.92,0.0,100
2024-09-14 17:00:00,30.3,82,39.0,1.5,0.0,97
2024-09-14 18:00:00,30.3,75,0.0,3.41,0.0,97
2024-09-14 19:00:00,29.7,76,0.0,3.41,0.0,98
2024-09-14 20:00:00,29.6,75,0.0,3.54,0.0,91
2024-09-14 21:00:00,28.9,77,0.0,2.57,0.0,44
2024-09-14 22:00:00,28.5,79,0.0,1.96,0.0,78
2024-09-14 23:00:00,27.9,84,0.0,1.36,0.0,49
2024-09-15 00:00:00,27.9,86,0.0,0.41,0.0,17
2024-09-15 01:00:00,26.8,95,0.0,1.12,0.0,24
2024-09-15 02:00:00,26.7,97,0.0,1.17,0.0,21
2024-09-15 03:00:00,26.3,97,0.0,1.06,0.0,17
2024-09-15 04:00:00,26.3,98,0.0,0.72,0.0,62
2024-09-15 05:00:00,26.8,96,3.0,1.22,0.0,96
2024-09-15 06:00:00,27.4,88,72.0,1.08,0.1,100
2024-09-15 07:00:00,28.3,87,199.0,1.64,0.0,99
2024-09-15 08:00:00,29.0,85,243.0,1.91,0.0,100
2024-09-15 09:00:00,29.0,86,160.0,1.75,0.4,100
2024-09-15 10:00:00,29.0,85,156.0,1.24,0.5,100
2024-09-15 11:00:00,29.4,79,232.0,1.28,0.1,100
2024-09-15 12:00:00,29.5,77,228.0,0.72,0.1,100
2024-09-15 13:00:00,31.1,73,526.0,2.0,0.0,100
2024-09-15 14:00:00,31.1,69,472.0,3.2,1.1,100
2024-09-15 15:00:00,29.6,80,213.0,2.62,0.0,100
2024-09-15 16:00:00,28.9,80,83.0,2.01,0.1,100
2024-09-15 17:00:00,28.0,81,23.0,1.53,0.1,100
2024-09-15 18:00:00,28.1,84,0.0,1.04,0.0,100
2024-09-15 19:00:00,27.7,86,0.0,1.08,0.0,100
2024-09-15 20:00:00,27.4,90,0.0,1.08,0.0,100
2024-09-15 21:00:00,27.9,87,0.0,0.57,0.0,100
2024-09-15 22:00:00,27.1,96,0.0,0.63,0.0,100
2024-09-15 23:00:00,26.8,99,0.0,0.89,0.0,100
2024-09-16 00:00:00,26.9,98,0.0,1.48,0.0,100
2024-09-16 01:00:00,26.8,97,0.0,1.0,0.0,100
2024-09-16 02:00:00,26.5,99,0.0,0.63,0.0,87
2024-09-16 03:00:00,26.3,99,0.0,0.94,0.0,80
2024-09-16 04:00:00,25.8,99,0.0,0.85,0.0,58
2024-09-16 05:00:00,25.8,99,3.0,0.58,0.0,93
2024-09-16 06:00:00,27.4,90,91.0,1.25,0.0,100
2024-09-16 07:00:00,28.4,85,226.0,0.85,0.0,100
2024-09-16 08:00:00,29.7,79,437.0,0.89,0.0,100
2024-09-16 09:00:00,30.3,75,500.0,1.66,0.0,100
2024-09-16 10:00:00,30.7,72,495.0,1.25,0.0,100
2024-09-16 11:00:00,31.7,70,669.0,0.72,0.1,100
2024-09-16 12:00:00,31.9,70,669.0,0.89,0.2,100
2024-09-16 13:00:00,31.8,70,599.0,2.0,0.1,99
2024-09-16 14:00:00,30.1,77,457.0,2.2,1.3,99
2024-09-16 15:00:00,29.6,81,172.0,1.56,0.1,100
2024-09-16 16:00:00,29.7,82,150.0,1.0,0.0,99
2024-09-16 17:00:00,29.0,86,38.0,0.85,0.0,100
2024-09-16 18:00:00,27.6,92,0.0,1.0,0.0,100
2024-09-16 19:00:00,27.9,90,0.0,1.56,0.0,100
2024-09-16 20:00:00,27.8,89,0.0,1.52,0.0,100
2024-09-16 21:00:00,27.5,88,0.0,1.1,0.0,100
2024-09-16 22:00:00,27.0,92,0.0,1.4,0.0,100
2024-09-16 23:00:00,26.8,94,0.0,0.36,0.0,100
2024-09-17 00:00:00,26.5,96,0.0,0.5,0.0,95
2024-09-17 01:00:00,26.3,97,0.0,0.57,0.0,90
2024-09-17 02:00:00,26.2,98,0.0,0.64,0.0,45
2024-09-17 03:00:00,25.8,99,0.0,0.72,0.0,76
2024-09-17 04:00:00,26.2,99,0.0,0.32,0.0,100
2024-09-17 05:00:00,26.5,99,3.0,0.5,0.0,100
2024-09-17 06:00:00,28.2,83,104.0,0.81,0.0,0
2024-09-17 07:00:00,29.3,77,302.0,0.81,0.0,11
2024-09-17 08:00:00,30.5,73,506.0,1.0,0.0,46
2024-09-17 09:00:00,31.8,66,676.0,0.91,0.0,93
2024-09-17 10:00:00,32.7,63,796.0,1.12,0.0,77
2024-09-17 11:00:00,33.2,64,849.0,1.7,0.0,98
2024-09-17 12:00:00,33.1,66,834.0,1.8,0.0,94
2024-09-17 13:00:00,33.6,63,748.0,1.5,0.0,90
2024-09-17 14:00:00,33.3,63,562.0,1.72,0.0,69
2024-09-17 15:00:00,33.0,63,375.0,1.39,0.0,100
2024-09-17 16:00:00,32.0,71,175.0,1.28,0.0,100
2024-09-17 17:00:00,30.5,80,36.0,1.36,0.0,98
2024-09-17 18:00:00,30.1,81,0.0,1.33,0.0,100
2024-09-17 19:00:00,29.6,82,0.0,1.7,0.0,76
2024-09-17 20:00:00,29.0,84,0.0,1.3,0.0,56
2024-09-17 21:00:00,28.3,89,0.0,1.3,0.0,54
2024-09-17 22:00:00,27.8,94,0.0,0.85,0.0,83
2024-09-17 23:00:00,27.8,93,0.0,0.14,0.0,98
2024-09-18 00:00:00,28.0,91,0.0,0.14,0.0,90
2024-09-18 01:00:00,28.6,88,0.0,0.67,0.0,73
2024-09-18 02:00:00,27.5,94,0.0,1.3,0.0,8
2024-09-18 03:00:00,27.3,96,0.0,1.08,0.0,8
2024-09-18 04:00:00,27.2,96,0.0,1.06,0.0,4
2024-09-18 05:00:00,27.1,96,3.0,0.95,0.0,1
2024-09-18 06:00:00,29.2,81,102.0,1.25,0.0,1
2024-09-18 07:00:00,30.6,74,298.0,1.21,0.0,4
2024-09-18 08:00:00,31.8,70,497.0,0.54,0.0,9
2024-09-18 09:00:00,32.6,68,664.0,0.41,0.0,14
2024-09-18 10:00:00,33.3,65,763.0,0.7,0.0,20
2024-09-18 11:00:00,34.0,62,789.0,0.94,0.0,27
2024-09-18 12:00:00,34.3,61,772.0,0.81,0.1,35
2024-09-18 13:00:00,34.0,62,633.0,0.51,0.0,34
2024-09-18 14:00:00,34.3,61,561.0,1.57,0.0,60
2024-09-18 15:00:00,33.7,63,375.0,1.22,0.0,78
2024-09-18 16:00:00,32.8,71,156.0,1.39,0.0,73
2024-09-18 17:00:00,31.4,77,36.0,1.97,0.0,49
2024-09-18 18:00:00,30.2,78,0.0,2.0,0.0,56
2024-09-18 19:00:00,30.1,79,0.0,1.89,0.0,33
2024-09-18 20:00:00,29.9,80,0.0,1.84,0.0,36
2024-09-18 21:00:00,29.3,84,0.0,1.39,0.0,27
2024-09-18 22:00:00,28.9,88,0.0,1.49,0.0,23
2024-09-18 23:00:00,28.5,91,0.0,1.2,0.0,43
2024-09-19 00:00:00,28.3,93,0.0,0.63,0.0,84
2024-09-19 01:00:00,28.6,90,0.0,0.7,0.0,89
2024-09-19 02:00:00,28.4,92,0.0,1.03,0.0,99
2024-09-19 03:00:00,28.0,95,0.0,0.85,0.0,60
2024-09-19 04:00:00,28.2,94,0.0,0.22,0.0,0
2024-09-19 05:00:00,28.6,92,3.0,0.61,0.0,0
2024-09-19 06:00:00,29.3,85,103.0,0.81,0.0,0
2024-09-19 07:00:00,31.0,74,302.0,1.0,0.0,0
2024-09-19 08:00:00,32.2,69,505.0,0.92,0.0,0
2024-09-19 09:00:00,33.2,66,675.0,1.53,0.0,0
2024-09-19 10:00:00,34.2,62,795.0,1.42,0.0,0
2024-09-19 11:00:00,35.0,59,850.0,1.14,0.0,0
2024-09-19 12:00:00,35.6,57,835.0,1.55,0.0,0
2024-09-19 13:00:00,35.7,58,751.0,1.65,0.0,3
2024-09-19 14:00:00,35.4,58,603.0,1.72,0.0,5
2024-09-19 15:00:00,35.0,58,416.0,2.14,0.0,20
2024-09-19 16:00:00,34.0,66,209.0,1.53,0.0,24
2024-09-19 17:00:00,32.2,73,37.0,2.25,0.0,53
2024-09-19 18:00:00,31.6,77,0.0,1.84,0.0,65
2024-09-19 19:00:00,31.2,76,0.0,2.28,0.0,18
2024-09-19 20:00:00,30.8,77,0.0,1.99,0.0,25
2024-09-19 21:00:00,29.9,85,0.0,1.68,0.0,6
2024-09-19 22:00:00,29.7,87,0.0,1.57,0.0,19
2024-09-19 23:00:00,29.4,88,0.0,1.56,0.0,32
2024-09-20 00:00:00,29.0,88,0.0,1.5,0.0,96
2024-09-20 01:00:00,28.9,88,0.0,1.36,0.0,36
2024-09-20 02:00:00,28.8,88,0.0,1.41,0.0,85
2024-09-20 03:00:00,28.4,89,0.0,1.36,0.0,64
2024-09-20 04:00:00,28.0,90,0.0,1.33,0.0,9
2024-09-20 05:00:00,28.1,91,3.0,0.91,0.0,1
2024-09-20 06:00:00,29.7,81,102.0,0.71,0.0,0
2024-09-20 07:00:00,31.2,72,300.0,0.4,0.0,1
2024-09-20 08:00:00,32.4,68,504.0,0.54,0.0,16
2024-09-20 09:00:00,33.5,65,673.0,1.14,0.0,5
2024-09-20 10:00:00,34.4,63,790.0,1.34,0.0,0
2024-09-20 11:00:00,35.0,62,844.0,1.21,0.0,56
2024-09-20 12:00:00,35.6,59,823.0,1.36,0.0,59
2024-09-20 13:00:00,35.7,58,742.0,1.51,0.0,23
2024-09-20 14:00:00,35.9,58,595.0,1.66,0.0,37
2024-09-20 15:00:00,35.2,59,400.0,1.84,0.0,32
2024-09-20 16:00:00,34.0,66,203.0,1.51,0.0,95
2024-09-20 17:00:00,32.6,69,36.0,1.49,0.0,100
2024-09-20 18:00:00,33.2,67,0.0,0.51,0.0,23
2024-09-20 19:00:00,30.9,83,0.0,1.12,0.0,82
2024-09-20 20:00:00,30.3,87,0.0,1.26,0.0,86
2024-09-20 21:00:00,29.5,92,0.0,1.39,0.0,7
2024-09-20 22:00:00,30.5,88,0.0,0.61,0.0,6
2024-09-20 23:00:00,30.0,88,0.0,1.2,0.0,18
2024-09-21 00:00:00,28.9,93,0.0,1.49,0.0,42
2024-09-21 01:00:00,28.4,95,0.0,1.5,0.0,29
2024-09-21 02:00:00,28.1,96,0.0,1.61,0.0,8
2024-09-21 03:00:00,27.8,95,0.0,1.63,0.0,4
2024-09-21 04:00:00,27.5,95,0.0,1.32,0.0,3
2024-09-21 05:00:00,27.7,94,3.0,0.54,0.0,1
2024-09-21 06:00:00,29.6,85,102.0,0.67,0.0,3
2024-09-21 07:00:00,31.7,73,302.0,0.82,0.0,0
2024-09-21 08:00:00,33.2,67,505.0,0.76,0.0,7
2024-09-21 09:00:00,34.4,61,673.0,0.98,0.0,10
2024-09-21 10:00:00,35.3,57,788.0,0.85,0.0,0
2024-09-21 11:00:00,35.9,55,845.0,1.5,0.0,13
2024-09-21 12:00:00,36.3,55,826.0,2.04,0.0,50
2024-09-21 13:00:00,36.7,53,736.0,1.42,0.0,12
2024-09-21 14:00:00,36.6,52,595.0,1.25,0.0,75
2024-09-21 15:00:00,36.1,54,345.0,1.1,0.0,100
2024-09-21 16:00:00,34.8,64,153.0,1.14,0.0,86
2024-09-21 17:00:00,32.8,71,32.0,1.39,0.0,49
2024-09-21 18:00:00,32.2,72,0.0,1.79,0.0,100
2024-09-21 19:00:00,31.7,76,0.0,2.3,0.0,100
2024-09-21 20:00:00,31.1,79,0.0,2.05,0.0,100
2024-09-21 21:00:00,30.7,82,0.0,1.84,0.0,100
2024-09-21 22:00:00,30.2,85,0.0,1.36,0.0,100
2024-09-21 23:00:00,29.8,89,0.0,1.25,0.0,99
2024-09-22 00:00:00,29.4,92,0.0,1.3,0.0,100
2024-09-22 01:00:00,29.3,92,0.0,1.14,0.0,100
2024-09-22 02:00:00,29.0,93,0.0,1.2,0.0,35
2024-09-22 03:00:00,28.9,92,0.0,1.08,0.0,6
2024-09-22 04:00:00,28.6,92,0.0,1.12,0.0,1
2024-09-22 05:00:00,28.7,91,2.0,1.12,0.0,1
2024-09-22 06:00:00,29.6,80,97.0,2.14,0.0,59
2024-09-22 07:00:00,31.4,73,294.0,2.0,0.0,75
2024-09-22 08:00:00,32.9,68,495.0,2.1,0.0,95
2024-09-22 09:00:00,33.9,65,664.0,2.44,0.0,96
2024-09-22 10:00:00,34.9,61,774.0,2.38,0.0,97
2024-09-22 11:00:00,35.7,58,830.0,1.9,0.0,99
2024-09-22 12:00:00,36.3,57,809.0,1.84,0.0,99
2024-09-22 13:00:00,36.6,56,722.0,1.63,0.0,92
2024-09-22 14:00:00,36.7,56,588.0,1.56,0.0,98
2024-09-22 15:00:00,36.3,57,399.0,1.48,0.0,96
2024-09-22 16:00:00,35.2,65,192.0,1.17,0.0,99
2024-09-22 17:00:00,33.5,71,33.0,1.49,0.0,96
2024-09-22 18:00:00,34.1,69,0.0,0.71,0.0,100
2024-09-22 19:00:00,31.9,85,0.0,1.4,0.0,100
2024-09-22 20:00:00,31.5,87,0.0,1.49,0.0,100
2024-09-22 21:00:00,31.0,90,0.0,1.57,0.0,100
2024-09-22 22:00:00,31.7,87,0.0,0.14,0.0,98
2024-09-22 23:00:00,31.4,90,0.0,0.5,0.0,36
2024-09-23 00:00:00,30.2,95,0.0,1.14,0.0,2
2024-09-23 01:00:00,29.9,95,0.0,1.22,0.0,0
2024-09-23 02:00:00,30.1,93,0.0,0.92,0.0,0
2024-09-23 03:00:00,29.4,96,0.0,0.98,0.0,0
2024-09-23 04:00:00,29.5,98,0.0,0.95,0.0,0
2024-09-23 05:00:00,29.4,98,2.0,1.65,0.0,0
2024-09-23 06:00:00,30.6,87,98.0,1.73,0.0,100
2024-09-23 07:00:00,32.4,76,290.0,2.51,0.0,100
2024-09-23 08:00:00,34.4,67,494.0,3.01,0.0,93
2024-09-23 09:00:00,35.8,60,662.0,3.51,0.0,86
2024-09-23 10:00:00,36.8,57,779.0,3.61,0.0,20
2024-09-23 11:00:00,37.5,54,832.0,3.44,0.0,83
2024-09-23 12:00:00,37.6,54,814.0,3.18,0.0,97
2024-09-23 13:00:00,37.8,53,721.0,2.73,0.0,100
2024-09-23 14:00:00,37.4,54,584.0,3.11,0.0,79
2024-09-23 15:00:00,37.0,55,400.0,2.78,0.0,88
2024-09-23 16:00:00,35.8,65,194.0,1.41,0.0,96
2024-09-23 17:00:00,34.9,68,30.0,1.0,0.0,90
2024-09-23 18:00:00,32.4,75,0.0,3.69,0.0,100
2024-09-23 19:00:00,30.5,81,0.0,1.53,0.0,100
2024-09-23 20:00:00,30.3,84,0.0,1.77,0.0,100
2024-09-23 21:00:00,30.1,86,0.0,0.73,0.0,100
2024-09-23 22:00:00,30.1,87,0.0,1.27,0.0,97
2024-09-23 23:00:00,29.9,88,0.0,1.36,0.0,83
2024-09-24 00:00:00,30.4,84,0.0,1.06,0.0,99
2024-09-24 01:00:00,29.2,94,0.0,0.45,0.0,100
2024-09-24 02:00:00,29.8,92,0.0,0.41,0.0,90
2024-09-24 03:00:00,29.2,96,0.0,1.0,0.0,100
2024-09-24 04:00:00,28.6,98,0.0,0.92,0.0,100
2024-09-24 05:00:00,28.6,96,2.0,0.54,0.0,96
2024-09-24 06:00:00,28.5,89,25.0,1.84,0.6,100
2024-09-24 07:00:00,27.4,90,127.0,0.22,12.6,100
2024-09-24 08:00:00,27.6,93,116.0,3.14,0.5,100
2024-09-24 09:00:00,28.5,92,221.0,0.7,0.9,100
2024-09-24 10:00:00,30.0,86,442.0,2.56,0.8,100
2024-09-24 11:00:00,31.0,77,574.0,3.55,0.3,100
2024-09-24 12:00:00,31.7,73,593.0,3.44,0.0,99
2024-09-24 13:00:00,32.0,72,600.0,3.58,0.1,100
2024-09-24 14:00:00,31.2,75,287.0,1.84,0.5,100
2024-09-24 15:00:00,30.2,77,177.0,2.5,1.7,100
2024-09-24 16:00:00,29.0,83,69.0,1.43,1.0,100
2024-09-24 17:00:00,28.5,87,5.0,0.63,0.1,100
2024-09-24 18:00:00,26.6,92,0.0,0.14,2.0,100
2024-09-24 19:00:00,26.8,93,0.0,1.5,0.2,100
2024-09-24 20:00:00,26.7,93,0.0,1.4,0.6,100
2024-09-24 21:00:00,26.7,93,0.0,0.94,0.4,100
2024-09-24 22:00:00,26.8,93,0.0,0.36,0.1,100
2024-09-24 23:00:00,26.9,95,0.0,0.22,0.1,100
2024-09-25 00:00:00,27.1,92,0.0,1.04,0.0,100
2024-09-25 01:00:00,26.9,95,0.0,1.9,0.0,100
2024-09-25 02:00:00,26.2,96,0.0,2.5,0.9,100
2024-09-25 03:00:00,25.9,97,0.0,1.26,0.4,100
2024-09-25 04:00:00,25.8,97,0.0,0.98,0.2,100
2024-09-25 05:00:00,26.1,95,1.0,1.2,0.3,100
2024-09-25 06:00:00,26.8,89,44.0,2.08,0.1,100
2024-09-25 07:00:00,27.0,89,99.0,2.16,0.0,100
2024-09-25 08:00:00,27.8,87,194.0,1.46,0.0,100
2024-09-25 09:00:00,29.0,82,303.0,2.06,0.0,100
2024-09-25 10:00:00,29.8,76,325.0,1.71,0.0,100
2024-09-25 11:00:00,30.7,73,417.0,1.17,0.1,100
2024-09-25 12:00:00,31.2,72,582.0,0.47,0.3,100
2024-09-25 13:00:00,30.8,75,520.0,0.36,0.7,100
2024-09-25 14:00:00,28.4,86,263.0,2.01,15.5,100
2024-09-25 15:00:00,27.5,90,59.0,1.38,1.6,100
2024-09-25 16:00:00,27.7,89,65.0,1.05,1.2,100
2024-09-25 17:00:00,27.5,92,9.0,0.99,1.2,100
2024-09-25 18:00:00,27.1,92,0.0,0.4,0.5,100
2024-09-25 19:00:00,27.1,94,0.0,0.79,0.5,100
2024-09-25 20:00:00,27.1,93,0.0,0.35,0.5,100
2024-09-25 21:00:00,26.9,94,0.0,0.65,0.1,100
2024-09-25 22:00:00,26.6,95,0.0,1.12,0.2,100
2024-09-25 23:00:00,26.1,95,0.0,1.01,1.6,100
2024-09-26 00:00:00,26.0,97,0.0,0.89,4.3,100
2024-09-26 01:00:00,26.0,96,0.0,0.05,4.3,100
2024-09-26 02:00:00,26.0,95,0.0,0.45,2.1,100
2024-09-26 03:00:00,25.7,96,0.0,1.35,1.1,100
2024-09-26 04:00:00,25.6,94,0.0,0.8,1.1,100
2024-09-26 05:00:00,25.6,94,0.0,0.36,1.3,100
2024-09-26 06:00:00,25.8,90,46.0,2.77,0.1,100
2024-09-26 07:00:00,26.0,89,84.0,2.69,0.9,100
2024-09-26 08:00:00,25.9,91,78.0,2.12,0.6,100
2024-09-26 09:00:00,25.9,91,108.0,2.21,1.6,100
2024-09-26 10:00:00,26.0,90,103.0,2.2,1.7,100
2024-09-26 11:00:00,26.0,91,103.0,2.55,2.0,100
2024-09-26 12:00:00,26.2,90,195.0,2.79,1.5,100
2024-09-26 13:00:00,26.5,89,185.0,1.92,1.2,100
2024-09-26 14:00:00,27.1,84,249.0,1.57,0.5,100
2024-09-26 15:00:00,27.0,86,160.0,1.12,0.4,100
2024-09-26 16:00:00,26.7,88,54.0,0.6,0.5,100
2024-09-26 17:00:00,26.4,91,10.0,0.14,0.6,100
2024-09-26 18:00:00,25.4,93,0.0,0.63,0.2,100
2024-09-26 19:00:00,25.1,94,0.0,0.66,0.0,100
2024-09-26 20:00:00,25.1,94,0.0,0.76,0.0,100
2024-09-26 21:00:00,25.1,94,0.0,0.83,0.0,100
2024-09-26 22:00:00,25.1,95,0.0,0.63,0.1,100
2024-09-26 23:00:00,25.2,95,0.0,0.35,0.1,100
2024-09-27 00:00:00,25.3,92,0.0,0.1,0.5,100
2024-09-27 01:00:00,25.2,92,0.0,0.11,0.4,100
2024-09-27 02:00:00,25.0,95,0.0,0.27,0.2,100
2024-09-27 03:00:00,24.8,96,0.0,0.4,0.4,100
2024-09-27 04:00:00,24.8,96,0.0,0.47,0.4,100
2024-09-27 05:00:00,24.9,95,1.0,0.6,0.4,100
2024-09-27 06:00:00,25.6,90,63.0,0.5,0.1,77
2024-09-27 07:00:00,26.6,85,250.0,0.57,0.1,95
2024-09-27 08:00:00,27.8,79,368.0,1.12,0.0,100
2024-09-27 09:00:00,27.3,81,123.0,0.92,0.0,100
2024-09-27 10:00:00,28.1,79,302.0,1.31,0.0,97
2024-09-27 11:00:00,29.1,76,557.0,1.41,0.0,79
2024-09-27 12:00:00,29.9,75,710.0,1.23,0.0,51
2024-09-27 13:00:00,30.0,76,611.0,0.6,0.0,73
2024-09-27 14:00:00,29.0,79,527.0,2.46,1.0,100
2024-09-27 15:00:00,27.2,83,213.0,1.44,2.8,99
2024-09-27 16:00:00,27.7,84,146.0,1.29,0.3,100
2024-09-27 17:00:00,27.0,90,22.0,1.71,0.0,100
2024-09-27 18:00:00,26.4,91,0.0,1.41,0.0,88
2024-09-27 19:00:00,26.0,94,0.0,1.41,0.0,95
2024-09-27 20:00:00,25.7,96,0.0,0.92,0.0,100
2024-09-27 21:00:00,25.7,92,0.0,1.79,0.0,100
2024-09-27 22:00:00,25.4,88,0.0,1.71,0.0,99
2024-09-27 23:00:00,24.9,89,0.0,1.21,0.0,100
2024-09-28 00:00:00,24.6,91,0.0,1.05,0.0,100
2024-09-28 01:00:00,24.4,92,0.0,1.1,0.0,100
2024-09-28 02:00:00,24.2,93,0.0,0.8,0.0,100
2024-09-28 03:00:00,24.0,94,0.0,0.83,0.0,100
2024-09-28 04:00:00,23.9,95,0.0,0.92,0.0,100
2024-09-28 05:00:00,24.0,94,1.0,0.72,0.0,100
2024-09-28 06:00:00,25.2,90,72.0,2.03,0.0,97
2024-09-28 07:00:00,26.2,87,217.0,1.35,0.2,96
2024-09-28 08:00:00,27.4,81,410.0,1.55,0.2,87
2024-09-28 09:00:00,28.2,79,514.0,2.39,0.1,99
2024-09-28 10:00:00,28.8,77,571.0,3.03,0.0,94
2024-09-28 11:00:00,29.3,77,622.0,3.03,0.0,95
2024-09-28 12:00:00,30.0,78,764.0,3.85,0.0,100
2024-09-28 13:00:00,29.5,78,532.0,3.81,0.1,94
2024-09-28 14:00:00,30.1,75,482.0,4.1,0.1,100
2024-09-28 15:00:00,29.5,77,292.0,3.82,0.4,70
2024-09-28 16:00:00,28.8,80,150.0,2.82,0.0,33
2024-09-28 17:00:00,27.9,85,20.0,2.4,0.1,24
2024-09-28 18:00:00,26.3,93,0.0,1.0,0.0,100
2024-09-28 19:00:00,26.8,89,0.0,0.71,0.0,99
2024-09-28 20:00:00,26.0,93,0.0,0.96,0.0,100
2024-09-28 21:00:00,26.0,95,0.0,1.42,0.0,100
2024-09-28 22:00:00,25.7,97,0.0,1.31,0.0,100
2024-09-28 23:00:00,25.7,97,0.0,1.73,0.0,100
2024-09-29 00:00:00,25.5,96,0.0,2.16,0.0,100
2024-09-29 01:00:00,25.3,95,0.0,2.17,0.1,100
2024-09-29 02:00:00,25.2,94,0.0,1.66,0.1,100
2024-09-29 03:00:00,25.1,95,0.0,1.08,0.2,100
2024-09-29 04:00:00,25.0,96,0.0,1.19,0.2,100
2024-09-29 05:00:00,25.0,96,1.0,1.07,0.2,100
2024-09-29 06:00:00,25.9,93,50.0,1.9,0.1,100
2024-09-29 07:00:00,25.6,96,33.0,1.5,0.7,100
2024-09-29 08:00:00,26.0,95,100.0,1.54,0.5,100
2024-09-29 09:00:00,27.8,87,368.0,2.25,0.1,100
2024-09-29 10:00:00,29.5,78,582.0,3.47,0.1,100
2024-09-29 11:00:00,30.0,76,601.0,3.76,0.1,100
2024-09-29 12:00:00,29.8,76,438.0,3.85,0.3,100
2024-09-29 13:00:00,30.3,75,482.0,3.68,0.0,99
2024-09-29 14:00:00,30.4,74,499.0,3.72,0.0,75
2024-09-29 15:00:00,30.0,76,278.0,3.37,0.0,99
2024-09-29 16:00:00,29.4,80,150.0,2.32,0.0,100
2024-09-29 17:00:00,28.3,86,19.0,1.48,0.0,100
2024-09-29 18:00:00,27.1,91,0.0,0.9,0.2,100
2024-09-29 19:00:00,27.2,92,0.0,1.94,0.2,99
2024-09-29 20:00:00,26.9,92,0.0,2.1,0.2,81
2024-09-29 21:00:00,26.2,94,0.0,0.9,0.4,98
2024-09-29 22:00:00,25.8,95,0.0,1.42,0.8,100
2024-09-29 23:00:00,25.8,96,0.0,0.96,0.7,95
2024-09-30 00:00:00,25.6,97,0.0,1.39,0.6,100
2024-09-30 01:00:00,25.5,97,0.0,0.76,0.8,97
2024-09-30 02:00:00,25.2,98,0.0,1.05,0.5,100
2024-09-30 03:00:00,25.0,99,0.0,1.29,0.4,100
2024-09-30 04:00:00,25.1,99,0.0,1.13,0.4,100
2024-09-30 05:00:00,25.2,99,1.0,1.3,0.2,98
2024-09-30 06:00:00,25.6,97,70.0,1.62,0.6,100
2024-09-30 07:00:00,26.4,94,155.0,1.32,0.3,99
2024-09-30 08:00:00,27.3,92,273.0,1.38,0.1,100
2024-09-30 09:00:00,28.5,87,520.0,2.57,0.1,98
2024-09-30 10:00:00,29.6,81,655.0,2.77,0.1,89
2024-09-30 11:00:00,30.7,76,686.0,3.65,0.1,100
2024-09-30 12:00:00,31.0,74,654.0,4.26,0.1,34
2024-09-30 13:00:00,31.2,75,665.0,4.05,0.2,11
2024-09-30 14:00:00,31.2,75,519.0,3.62,0.1,9
2024-09-30 15:00:00,30.8,73,343.0,3.6,0.2,51
2024-09-30 16:00:00,29.7,81,137.0,2.57,0.1,61
2024-09-30 17:00:00,28.9,85,15.0,1.59,0.0,92
2024-09-30 18:00:00,28.1,92,0.0,1.78,0.0,98
2024-09-30 19:00:00,28.0,92,0.0,1.58,0.1,98
2024-09-30 20:00:00,28.5,87,0.0,1.17,0.0,98
2024-09-30 21:00:00,27.7,90,0.0,1.52,0.2,100
2024-09-30 22:00:00,28.0,86,0.0,1.09,0.1,100
2024-09-30 23:00:00,27.1,91,0.0,1.35,0.5,100
2024-10-01 00:00:00,26.4,94,0.0,0.94,0.5,100
2024-10-01 01:00:00,26.2,95,0.0,0.75,0.8,100
2024-10-01 02:00:00,25.8,96,0.0,1.24,0.9,100
2024-10-01 03:00:00,25.1,96,0.0,0.96,3.4,100
2024-10-01 04:00:00,24.6,97,0.0,1.33,3.4,100
2024-10-01 05:00:00,24.5,98,1.0,1.12,0.7,100
2024-10-01 06:00:00,26.2,95,57.0,0.46,0.1,100
2024-10-01 07:00:00,26.7,93,113.0,1.21,0.2,100
2024-10-01 08:00:00,26.8,91,141.0,1.85,0.5,100
2024-10-01 09:00:00,26.4,95,125.0,1.71,1.2,100
2024-10-01 10:00:00,27.1,90,257.0,2.98,1.2,100
2024-10-01 11:00:00,27.6,88,299.0,2.18,0.7,100
2024-10-01 12:00:00,27.6,88,324.0,0.46,0.1,100
2024-10-01 13:00:00,28.1,85,305.0,1.49,0.1,100
2024-10-01 14:00:00,28.9,80,313.0,0.75,0.0,100
2024-10-01 15:00:00,28.8,81,198.0,0.88,0.0,100
2024-10-01 16:00:00,28.4,84,95.0,0.88,0.0,100
2024-10-01 17:00:00,27.2,92,13.0,1.01,0.0,100
2024-10-01 18:00:00,27.5,91,0.0,1.26,0.0,100
2024-10-01 19:00:00,27.4,92,0.0,1.56,0.0,100
2024-10-01 20:00:00,26.9,95,0.0,1.15,0.0,100
2024-10-01 21:00:00,26.7,94,0.0,2.39,0.0,100
2024-10-01 22:00:00,26.4,92,0.0,2.44,0.0,100
2024-10-01 23:00:00,26.1,94,0.0,1.79,0.1,100
2024-10-02 00:00:00,25.9,96,0.0,1.4,0.1,100
2024-10-02 01:00:00,25.8,96,0.0,1.35,0.0,100
2024-10-02 02:00:00,25.7,97,0.0,1.85,0.0,100
2024-10-02 03:00:00,25.6,97,0.0,1.73,0.0,92
2024-10-02 04:00:00,25.5,98,0.0,2.57,0.0,98
2024-10-02 05:00:00,25.5,97,1.0,2.6,0.0,100
2024-10-02 06:00:00,25.7,97,22.0,2.17,1.5,100
2024-10-02 07:00:00,25.7,98,64.0,3.23,1.0,100
2024-10-02 08:00:00,25.8,96,103.0,3.7,2.1,100
2024-10-02 09:00:00,27.0,88,249.0,3.61,2.5,95
2024-10-02 10:00:00,29.0,80,563.0,3.25,0.1,100
2024-10-02 11:00:00,29.8,80,658.0,2.96,0.2,87
2024-10-02 12:00:00,30.5,79,688.0,2.83,0.3,97
2024-10-02 13:00:00,30.6,78,514.0,2.42,0.3,96
2024-10-02 14:00:00,30.4,77,437.0,3.16,0.2,100
2024-10-02 15:00:00,28.5,84,165.0,2.33,2.2,100
2024-10-02 16:00:00,27.9,87,58.0,0.7,0.1,100
2024-10-02 17:00:00,27.3,93,6.0,1.05,0.0,100
2024-10-02 18:00:00,27.6,90,0.0,2.71,0.0,100
2024-10-02 19:00:00,26.9,91,0.0,2.79,0.0,100
2024-10-02 20:00:00,26.5,91,0.0,2.89,0.0,100
2024-10-02 21:00:00,26.4,91,0.0,3.07,0.0,100
2024-10-02 22:00:00,26.5,91,0.0,3.63,0.0,100
2024-10-02 23:00:00,26.6,90,0.0,3.63,0.0,100
2024-10-03 00:00:00,26.5,91,0.0,3.91,0.0,100
2024-10-03 01:00:00,26.4,92,0.0,3.7,0.2,100
2024-10-03 02:00:00,26.1,94,0.0,4.09,0.1,100
2024-10-03 03:00:00,26.0,95,0.0,4.42,0.0,81
2024-10-03 04:00:00,25.9,93,0.0,4.65,0.4,100
2024-10-03 05:00:00,25.4,95,1.0,3.88,1.8,99
2024-10-03 06:00:00,26.4,87,51.0,4.81,0.0,92
2024-10-03 07:00:00,26.4,90,166.0,4.12,2.4,100
2024-10-03 08:00:00,26.1,91,113.0,3.77,1.9,100
2024-10-03 09:00:00,26.6,89,127.0,4.29,0.2,100
2024-10-03 10:00:00,26.8,88,153.0,4.6,0.2,100
2024-10-03 11:00:00,27.7,84,420.0,5.19,0.7,100
2024-10-03 12:00:00,28.5,79,463.0,4.66,0.5,100
2024-10-03 13:00:00,28.1,84,209.0,3.99,0.2,100
2024-10-03 14:00:00,28.2,82,270.0,4.49,0.5,100
2024-10-03 15:00:00,26.9,90,79.0,4.2,0.7,100
2024-10-03 16:00:00,26.5,92,40.0,4.02,1.0,100
2024-10-03 17:00:00,26.1,93,3.0,4.46,1.2,100
2024-10-03 18:00:00,25.4,94,0.0,3.75,0.9,100
2024-10-03 19:00:00,25.3,95,0.0,3.99,1.5,100
2024-10-03 20:00:00,25.2,95,0.0,4.62,1.3,100
2024-10-03 21:00:00,25.2,95,0.0,4.26,2.1,100
2024-10-03 22:00:00,25.2,94,0.0,4.5,2.6,100
2024-10-03 23:00:00,25.0,94,0.0,4.25,3.0,100
2024-10-04 00:00:00,24.8,95,0.0,3.56,2.7,100
2024-10-04 01:00:00,24.7,95,0.0,3.91,1.0,100
2024-10-04 02:00:00,24.6,96,0.0,3.65,1.9,100
2024-10-04 03:00:00,24.4,96,0.0,3.52,2.6,100
2024-10-04 04:00:00,24.3,96,0.0,3.56,2.4,100
2024-10-04 05:00:00,24.3,96,0.0,2.86,1.7,100
2024-10-04 06:00:00,24.6,94,11.0,3.61,0.8,100
2024-10-04 07:00:00,24.7,94,30.0,3.34,0.8,100
2024-10-04 08:00:00,24.9,95,57.0,2.85,1.6,100
2024-10-04 09:00:00,25.0,94,85.0,3.62,2.4,100
2024-10-04 10:00:00,25.3,92,123.0,3.81,2.5,100
2024-10-04 11:00:00,25.6,91,101.0,3.2,3.0,100
2024-10-04 12:00:00,25.6,91,121.0,3.51,2.9,100
2024-10-04 13:00:00,25.6,92,135.0,3.83,2.6,100
2024-10-04 14:00:00,25.4,94,76.0,2.97,2.7,100
2024-10-04 15:00:00,25.3,95,46.0,2.99,2.7,100
2024-10-04 16:00:00,25.2,94,32.0,3.31,1.5,100
2024-10-04 17:00:00,25.1,94,9.0,2.86,0.7,100
2024-10-04 18:00:00,24.9,95,0.0,3.08,0.9,100
2024-10-04 19:00:00,24.9,94,0.0,3.19,1.2,100
2024-10-04 20:00:00,24.7,95,0.0,2.69,1.1,100
2024-10-04 21:00:00,24.3,97,0.0,0.85,1.7,100
2024-10-04 22:00:00,24.5,96,0.0,3.61,3.2,100
2024-10-04 23:00:00,24.3,96,0.0,1.97,5.1,100
2024-10-05 00:00:00,24.4,96,0.0,3.12,1.3,100
2024-10-05 01:00:00,24.2,96,0.0,2.7,2.9,100
2024-10-05 02:00:00,24.3,96,0.0,2.9,1.8,99
2024-10-05 03:00:00,24.3,96,0.0,3.0,0.6,100
2024-10-05 04:00:00,24.1,97,0.0,2.71,3.4,100
2024-10-05 05:00:00,24.1,97,0.0,2.59,3.4,100
2024-10-05 06:00:00,24.4,93,38.0,2.74,1.1,100
2024-10-05 07:00:00,25.0,92,159.0,3.45,1.1,100
2024-10-05 08:00:00,25.3,93,196.0,2.21,3.9,100
2024-10-05 09:00:00,25.5,91,199.0,3.35,3.2,100
2024-10-05 10:00:00,25.9,88,244.0,3.27,1.5,100
2024-10-05 11:00:00,26.2,89,354.0,3.7,1.1,100
2024-10-05 12:00:00,25.7,91,219.0,4.05,0.7,100
2024-10-05 13:00:00,25.3,93,127.0,3.08,1.5,100
2024-10-05 14:00:00,25.1,94,55.0,2.46,1.8,100
2024-10-05 15:00:00,25.2,94,50.0,2.14,0.9,100
2024-10-05 16:00:00,25.0,95,27.0,1.83,0.3,100
2024-10-05 17:00:00,24.7,95,4.0,1.54,0.8,100
2024-10-05 18:00:00,24.8,95,0.0,2.09,1.2,100
2024-10-05 19:00:00,24.4,93,0.0,2.08,4.8,100
2024-10-05 20:00:00,24.3,94,0.0,2.42,6.2,100
2024-10-05 21:00:00,24.2,95,0.0,1.43,3.2,100
2024-10-05 22:00:00,24.1,95,0.0,1.86,0.7,100
2024-10-05 23:00:00,23.9,96,0.0,2.13,0.2,100
2024-10-06 00:00:00,23.7,97,0.0,0.64,0.2,94
2024-10-06 01:00:00,23.6,97,0.0,1.66,0.2,99
2024-10-06 02:00:00,23.5,97,0.0,1.37,0.2,99
2024-10-06 03:00:00,23.4,97,0.0,1.8,0.2,100
2024-10-06 04:00:00,23.2,98,0.0,0.96,0.0,100
2024-10-06 05:00:00,23.3,98,0.0,1.07,0.1,100
2024-10-06 06:00:00,24.0,94,32.0,3.0,0.0,100
2024-10-06 07:00:00,24.7,89,118.0,3.39,0.3,100
2024-10-06 08:00:00,24.7,92,94.0,2.15,1.4,100
2024-10-06 09:00:00,25.1,90,149.0,2.52,1.7,100
2024-10-06 10:00:00,25.3,90,121.0,1.39,1.4,100
2024-10-06 11:00:00,25.8,88,156.0,1.92,1.2,100
2024-10-06 12:00:00,26.3,85,198.0,1.5,0.3,100
2024-10-06 13:00:00,27.3,81,363.0,1.41,0.1,100
2024-10-06 14:00:00,27.8,80,409.0,2.1,0.1,86
2024-10-06 15:00:00,28.0,78,328.0,1.21,0.1,48
2024-10-06 16:00:00,27.5,83,132.0,0.6,0.0,45
2024-10-06 17:00:00,25.5,91,11.0,1.45,0.0,94
2024-10-06 18:00:00,24.8,94,0.0,1.16,0.0,86
2024-10-06 19:00:00,24.6,94,0.0,1.9,0.0,45
2024-10-06 20:00:00,24.3,95,0.0,1.32,0.0,73
2024-10-06 21:00:00,24.2,96,0.0,1.07,0.0,67
2024-10-06 22:00:00,24.2,97,0.0,1.08,0.0,54
2024-10-06 23:00:00,24.0,97,0.0,1.35,0.0,30
2024-10-07 00:00:00,23.5,98,0.0,1.21,0.0,44
2024-10-07 01:00:00,23.6,99,0.0,1.15,0.0,36
2024-10-07 02:00:00,23.7,99,0.0,1.01,0.0,47
2024-10-07 03:00:00,23.3,100,0.0,1.38,0.0,24
2024-10-07 04:00:00,23.1,99,0.0,1.25,0.0,22
2024-10-07 05:00:00,23.1,100,1.0,1.13,0.0,98
2024-10-07 06:00:00,24.8,96,69.0,0.88,0.0,18
2024-10-07 07:00:00,26.2,89,245.0,1.0,0.0,29
2024-10-07 08:00:00,27.5,82,435.0,1.23,0.0,20
2024-10-07 09:00:00,28.6,76,587.0,1.42,0.0,16
2024-10-07 10:00:00,29.6,71,692.0,1.08,0.0,12
2024-10-07 11:00:00,30.5,67,751.0,0.78,0.0,3
2024-10-07 12:00:00,30.9,65,750.0,1.61,0.0,5
2024-10-07 13:00:00,30.8,65,658.0,1.88,0.0,23
2024-10-07 14:00:00,30.5,66,449.0,1.8,0.1,10
2024-10-07 15:00:00,30.2,69,325.0,1.55,0.0,6
2024-10-07 16:00:00,29.4,81,136.0,0.63,0.0,11
2024-10-07 17:00:00,27.7,84,10.0,1.28,0.0,35
2024-10-07 18:00:00,26.7,87,0.0,2.15,0.0,44
2024-10-07 19:00:00,25.7,94,0.0,0.83,0.0,51
2024-10-07 20:00:00,25.5,95,0.0,0.8,0.0,38
2024-10-07 21:00:00,24.8,96,0.0,2.9,2.7,85
2024-10-07 22:00:00,24.1,94,0.0,1.72,6.9,99
2024-10-07 23:00:00,24.2,95,0.0,0.67,0.1,46
2024-10-08 00:00:00,24.1,95,0.0,0.9,0.1,64
2024-10-08 01:00:00,24.1,96,0.0,0.66,0.1,38
2024-10-08 02:00:00,24.1,96,0.0,0.71,0.0,19
2024-10-08 03:00:00,24.0,98,0.0,0.93,0.0,26
2024-10-08 04:00:00,23.9,98,0.0,0.71,0.1,48
2024-10-08 05:00:00,23.7,99,0.0,0.35,0.4,100
2024-10-08 06:00:00,25.2,91,50.0,1.5,0.2,51
2024-10-08 07:00:00,25.4,90,186.0,1.78,0.1,49
2024-10-08 08:00:00,25.8,87,307.0,1.83,0.4,86
2024-10-08 09:00:00,26.8,82,342.0,1.1,0.2,44
2024-10-08 10:00:00,28.2,77,621.0,1.6,0.0,60
2024-10-08 11:00:00,29.0,75,627.0,1.76,0.1,25
2024-10-08 12:00:00,29.3,75,719.0,2.19,0.1,17
2024-10-08 13:00:00,29.5,74,615.0,2.02,0.0,16
2024-10-08 14:00:00,29.5,74,496.0,2.02,0.1,21
2024-10-08 15:00:00,28.4,77,308.0,2.48,0.4,62
2024-10-08 16:00:00,27.3,84,97.0,2.07,0.1,23
2024-10-08 17:00:00,26.5,89,11.0,1.39,0.0,65
2024-10-08 18:00:00,26.9,86,0.0,0.75,0.0,35
2024-10-08 19:00:00,27.0,88,0.0,0.3,0.0,98
2024-10-08 20:00:00,23.7,99,0.0,3.69,2.3,99
2024-10-08 21:00:00,24.0,95,0.0,0.5,0.1,69
2024-10-08 22:00:00,23.7,97,0.0,0.62,0.0,87
2024-10-08 23:00:00,23.6,97,0.0,0.85,0.0,100
2024-10-09 00:00:00,24.0,95,0.0,0.65,0.0,100
2024-10-09 01:00:00,24.1,94,0.0,1.08,0.0,100
2024-10-09 02:00:00,23.9,96,0.0,1.37,0.6,100
2024-10-09 03:00:00,23.7,96,0.0,0.95,1.0,100
2024-10-09 04:00:00,23.3,98,0.0,0.99,0.5,100
2024-10-09 05:00:00,23.1,99,0.0,0.85,2.3,100
2024-10-09 06:00:00,24.1,95,60.0,0.14,0.0,32
2024-10-09 07:00:00,25.2,90,218.0,0.67,0.3,85
2024-10-09 08:00:00,25.1,92,218.0,1.59,0.7,47
2024-10-09 09:00:00,26.9,81,535.0,1.52,0.0,100
2024-10-09 10:00:00,27.7,79,507.0,1.9,0.0,100
2024-10-09 11:00:00,28.2,79,541.0,1.9,0.0,93
2024-10-09 12:00:00,28.6,79,554.0,2.01,0.1,100
2024-10-09 13:00:00,28.5,79,405.0,2.07,0.1,95
2024-10-09 14:00:00,26.2,86,259.0,4.37,2.7,89
2024-10-09 15:00:00,26.4,88,241.0,2.53,0.1,65
2024-10-09 16:00:00,26.5,88,127.0,0.89,0.0,37
2024-10-09 17:00:00,26.2,88,10.0,0.91,0.0,39
2024-10-09 18:00:00,25.6,91,0.0,1.19,0.1,63
2024-10-09 19:00:00,24.9,95,0.0,1.35,0.0,64
2024-10-09 20:00:00,25.7,91,0.0,0.85,0.0,100
2024-10-09 21:00:00,24.6,97,0.0,1.01,0.0,97
2024-10-09 22:00:00,24.5,97,0.0,1.25,0.0,18
2024-10-09 23:00:00,24.2,95,0.0,2.53,0.2,100
2024-10-10 00:00:00,23.8,95,0.0,1.55,0.1,99
2024-10-10 01:00:00,23.6,95,0.0,1.57,0.1,100
2024-10-10 02:00:00,23.3,96,0.0,1.03,0.2,100
2024-10-10 03:00:00,23.1,95,0.0,0.69,0.0,100
2024-10-10 04:00:00,23.1,95,0.0,0.81,0.1,100
2024-10-10 05:00:00,23.0,95,0.0,1.12,0.2,100
2024-10-10 06:00:00,23.2,94,46.0,1.05,0.0,60
2024-10-10 07:00:00,24.4,89,222.0,0.16,0.0,100
2024-10-10 08:00:00,25.4,86,296.0,0.66,0.0,100
2024-10-10 09:00:00,26.6,81,395.0,1.06,0.0,100
2024-10-10 10:00:00,27.7,77,482.0,1.77,0.1,100
2024-10-10 11:00:00,27.7,78,483.0,1.71,0.6,87
2024-10-10 12:00:00,28.1,78,529.0,1.47,0.0,58
2024-10-10 13:00:00,28.0,80,416.0,1.14,0.0,19
2024-10-10 14:00:00,28.3,79,501.0,1.55,0.0,64
2024-10-10 15:00:00,28.0,81,282.0,2.22,0.1,23
2024-10-10 16:00:00,27.3,89,123.0,0.35,0.0,48
2024-10-10 17:00:00,26.5,89,6.0,1.54,0.3,53
2024-10-10 18:00:00,25.6,91,0.0,0.92,0.3,87
2024-10-10 19:00:00,25.3,91,0.0,1.4,0.7,56
2024-10-10 20:00:00,24.5,93,0.0,1.18,0.0,43
2024-10-10 21:00:00,24.4,92,0.0,2.86,0.0,99
2024-10-10 22:00:00,23.6,95,0.0,2.37,0.0,99
2024-10-10 23:00:00,23.2,97,0.0,2.92,0.3,100
2024-10-11 00:00:00,23.0,97,0.0,2.43,0.5,99
2024-10-11 01:00:00,22.7,98,0.0,1.96,4.8,100
2024-10-11 02:00:00,22.7,97,0.0,0.43,1.7,86
2024-10-11 03:00:00,22.4,98,0.0,0.71,2.5,55
2024-10-11 04:00:00,22.5,98,0.0,0.28,0.0,96
2024-10-11 05:00:00,22.6,97,0.0,0.47,0.1,47
2024-10-11 06:00:00,23.4,95,18.0,1.52,0.2,100
2024-10-11 07:00:00,24.0,91,125.0,1.77,0.0,50
2024-10-11 08:00:00,25.4,85,400.0,1.66,0.0,46
2024-10-11 09:00:00,26.6,81,499.0,2.33,0.0,100
2024-10-11 10:00:00,27.0,80,378.0,3.15,0.0,45
2024-10-11 11:00:00,28.6,76,707.0,3.55,0.0,38
2024-10-11 12:00:00,29.1,74,669.0,4.15,0.1,26
2024-10-11 13:00:00,29.4,72,616.0,4.61,0.2,35
2024-10-11 14:00:00,29.3,72,478.0,4.41,0.5,32
2024-10-11 15:00:00,28.8,77,287.0,2.9,0.1,17
2024-10-11 16:00:00,28.0,82,124.0,1.34,0.0,7
2024-10-11 17:00:00,26.1,90,8.0,2.01,0.0,7
2024-10-11 18:00:00,24.8,92,0.0,1.1,1.3,30
2024-10-11 19:00:00,24.6,95,0.0,0.71,0.1,20
2024-10-11 20:00:00,24.7,96,0.0,0.59,0.0,4
2024-10-11 21:00:00,25.0,98,0.0,0.55,0.0,1
2024-10-11 22:00:00,24.9,98,0.0,0.63,0.0,5
2024-10-11 23:00:00,23.4,98,0.0,2.0,0.0,25
2024-10-12 00:00:00,23.9,94,0.0,2.05,0.0,36
2024-10-12 01:00:00,23.8,90,0.0,0.92,0.0,17
2024-10-12 02:00:00,23.8,89,0.0,0.68,0.0,92
2024-10-12 03:00:00,23.4,93,0.0,0.47,0.0,18
2024-10-12 04:00:00,23.0,94,0.0,0.82,0.0,57
2024-10-12 05:00:00,22.7,93,0.0,1.86,0.0,100
2024-10-12 06:00:00,23.4,87,23.0,2.33,0.1,100
2024-10-12 07:00:00,23.9,88,105.0,0.3,0.3,11
2024-10-12 08:00:00,25.3,82,371.0,1.86,0.0,100
2024-10-12 09:00:00,25.6,82,278.0,1.55,0.0,100
2024-10-12 10:00:00,26.1,80,357.0,1.1,0.1,99
2024-10-12 11:00:00,27.4,76,538.0,0.11,0.0,97
2024-10-12 12:00:00,28.2,73,520.0,1.66,0.0,37
2024-10-12 13:00:00,28.6,72,508.0,2.55,0.0,35
2024-10-12 14:00:00,28.5,72,430.0,2.9,0.0,21
2024-10-12 15:00:00,28.3,74,292.0,1.39,0.0,47
2024-10-12 16:00:00,27.5,81,109.0,1.15,0.1,29
2024-10-12 17:00:00,26.1,88,7.0,1.35,0.0,25
2024-10-12 18:00:00,25.3,89,0.0,2.27,0.0,35
2024-10-12 19:00:00,25.3,87,0.0,2.15,0.0,17
2024-10-12 20:00:00,24.9,89,0.0,1.94,0.0,11
2024-10-12 21:00:00,24.6,91,0.0,1.85,0.0,52
2024-10-12 22:00:00,24.3,92,0.0,2.38,0.1,65
2024-10-12 23:00:00,24.1,94,0.0,2.94,0.0,98
2024-10-13 00:00:00,23.7,97,0.0,3.09,0.0,94
2024-10-13 01:00:00,23.2,97,0.0,3.02,0.0,60
2024-10-13 02:00:00,23.0,97,0.0,2.08,0.0,73
2024-10-13 03:00:00,22.8,97,0.0,1.92,0.0,100
2024-10-13 04:00:00,23.0,93,0.0,3.29,0.0,100
2024-10-13 05:00:00,23.3,91,0.0,2.98,0.0,100
2024-10-13 06:00:00,23.7,90,53.0,2.94,0.0,100
2024-10-13 07:00:00,24.5,86,178.0,2.65,0.0,81
2024-10-13 08:00:00,25.5,82,302.0,1.81,0.1,86
2024-10-13 09:00:00,27.0,77,511.0,0.78,0.0,49
2024-10-13 10:00:00,28.0,74,604.0,0.84,0.0,35
2024-10-13 11:00:00,29.0,70,728.0,0.96,0.0,11
2024-10-13 12:00:00,29.3,68,721.0,0.99,0.0,11
2024-10-13 13:00:00,29.3,67,632.0,1.4,0.1,17
2024-10-13 14:00:00,29.2,68,461.0,1.52,0.0,6
2024-10-13 15:00:00,28.8,68,309.0,1.37,0.1,17
2024-10-13 16:00:00,27.7,80,117.0,0.82,0.0,12
2024-10-13 17:00:00,26.0,86,7.0,1.37,0.0,8
2024-10-13 18:00:00,25.2,87,0.0,1.14,0.0,17
2024-10-13 19:00:00,25.2,88,0.0,2.51,0.0,1
2024-10-13 20:00:00,24.8,87,0.0,2.72,0.0,2
2024-10-13 21:00:00,24.2,87,0.0,2.4,0.0,5
2024-10-13 22:00:00,23.7,91,0.0,2.28,0.0,12
2024-10-13 23:00:00,23.3,95,0.0,2.32,0.0,15
2024-10-14 00:00:00,23.0,98,0.0,2.34,0.0,7
2024-10-14 01:00:00,22.6,98,0.0,2.08,0.0,1
2024-10-14 02:00:00,22.2,98,0.0,2.04,0.0,1
2024-10-14 03:00:00,22.0,98,0.0,1.76,0.0,22
2024-10-14 04:00:00,21.8,98,0.0,1.55,0.0,24
2024-10-14 05:00:00,21.7,98,0.0,1.42,0.0,53
2024-10-14 06:00:00,22.5,95,70.0,2.66,0.0,100
2024-10-14 07:00:00,23.8,89,147.0,2.33,0.0,100
2024-10-14 08:00:00,25.1,84,271.0,1.85,0.0,83
2024-10-14 09:00:00,26.9,75,500.0,2.19,0.0,33
2024-10-14 10:00:00,27.9,72,679.0,2.07,0.0,24
2024-10-14 11:00:00,28.7,70,768.0,2.24,0.0,8
2024-10-14 12:00:00,29.3,67,736.0,2.01,0.0,10
2024-10-14 13:00:00,29.6,66,649.0,1.98,0.0,11
2024-10-14 14:00:00,29.5,66,489.0,1.88,0.0,5
2024-10-14 15:00:00,29.0,68,309.0,1.6,0.0,10
2024-10-14 16:00:00,28.0,81,116.0,0.55,0.0,7
2024-10-14 17:00:00,26.0,87,6.0,1.45,0.0,6
2024-10-14 18:00:00,25.1,87,0.0,1.54,0.0,7
2024-10-14 19:00:00,24.7,90,0.0,1.41,0.0,20
2024-10-14 20:00:00,24.3,93,0.0,1.4,0.0,7
2024-10-14 21:00:00,24.1,94,0.0,1.38,0.0,14
2024-10-14 22:00:00,23.9,94,0.0,1.6,0.0,2
2024-10-14 23:00:00,23.5,96,0.0,1.51,0.0,21
2024-10-15 00:00:00,23.3,96,0.0,1.4,0.0,12
2024-10-15 01:00:00,23.2,97,0.0,1.47,0.0,13
2024-10-15 02:00:00,23.0,98,0.0,1.32,0.0,15
2024-10-15 03:00:00,22.9,99,0.0,1.32,0.0,98
2024-10-15 04:00:00,23.0,98,0.0,1.43,0.0,10
2024-10-15 05:00:00,22.6,99,0.0,1.34,0.0,2
2024-10-15 06:00:00,24.5,93,54.0,1.51,0.0,90
2024-10-15 07:00:00,25.6,88,173.0,0.81,0.0,67
2024-10-15 08:00:00,26.8,82,329.0,0.57,0.0,45
2024-10-15 09:00:00,27.7,77,410.0,0.65,0.0,24
2024-10-15 10:00:00,28.8,72,667.0,0.52,0.0,9
2024-10-15 11:00:00,29.5,67,716.0,0.32,0.0,11
2024-10-15 12:00:00,29.8,66,697.0,0.98,0.0,19
2024-10-15 13:00:00,29.7,67,590.0,1.86,0.0,31
2024-10-15 14:00:00,29.1,69,432.0,2.18,0.1,48
2024-10-15 15:00:00,26.2,80,236.0,4.52,0.0,34
2024-10-15 16:00:00,25.5,83,96.0,2.69,0.4,45
2024-10-15 17:00:00,24.8,85,5.0,2.3,0.2,15
2024-10-15 18:00:00,24.7,90,0.0,1.05,0.0,28
2024-10-15 19:00:00,24.3,92,0.0,1.59,0.0,18
2024-10-15 20:00:00,23.6,94,0.0,1.29,0.0,11
2024-10-15 21:00:00,23.9,94,0.0,0.36,0.0,20
2024-10-15 22:00:00,23.3,97,0.0,1.48,0.0,21
2024-10-15 23:00:00,23.2,98,0.0,1.72,0.0,33
2024-10-16 00:00:00,23.1,95,0.0,2.26,0.1,37
2024-10-16 01:00:00,23.0,95,0.0,0.99,0.2,99
2024-10-16 02:00:00,22.8,95,0.0,1.88,0.3,61
2024-10-16 03:00:00,22.6,95,0.0,1.19,0.0,20
2024-10-16 04:00:00,22.4,96,0.0,1.25,0.0,50
2024-10-16 05:00:00,22.3,96,0.0,1.02,0.4,72
2024-10-16 06:00:00,23.0,90,25.0,1.33,1.1,82
2024-10-16 07:00:00,22.7,94,132.0,1.42,7.1,98
2024-10-16 08:00:00,22.8,91,149.0,0.85,2.1,89
2024-10-16 09:00:00,23.8,91,373.0,1.96,0.6,81
2024-10-16 10:00:00,24.9,82,398.0,0.94,0.6,24
2024-10-16 11:00:00,26.8,76,725.0,0.94,0.1,14
2024-10-16 12:00:00,27.7,73,715.0,1.5,0.0,18
2024-10-16 13:00:00,27.9,73,621.0,2.0,0.0,12
2024-10-16 14:00:00,27.5,73,477.0,2.07,0.3,28
2024-10-16 15:00:00,27.3,76,268.0,1.4,0.0,9
2024-10-16 16:00:00,26.4,87,108.0,0.6,0.0,4
2024-10-16 17:00:00,26.6,78,5.0,0.51,0.0,8
2024-10-16 18:00:00,24.1,92,0.0,0.76,0.0,16
2024-10-16 19:00:00,23.6,94,0.0,2.09,0.0,23
2024-10-16 20:00:00,22.8,97,0.0,0.8,0.0,35
2024-10-16 21:00:00,22.8,96,0.0,1.0,0.0,23
2024-10-16 22:00:00,22.4,98,0.0,1.0,0.0,9
2024-10-16 23:00:00,22.6,98,0.0,1.85,0.0,12
2024-10-17 00:00:00,22.2,98,0.0,1.58,0.0,27
2024-10-17 01:00:00,22.1,98,0.0,1.97,0.0,17
2024-10-17 02:00:00,21.8,97,0.0,1.84,0.0,32
2024-10-17 03:00:00,21.6,98,0.0,1.65,0.0,33
2024-10-17 04:00:00,21.5,99,0.0,1.16,0.0,45
2024-10-17 05:00:00,21.4,99,0.0,1.32,0.0,47
2024-10-17 06:00:00,22.3,92,23.0,2.59,0.1,100
2024-10-17 07:00:00,23.5,91,172.0,2.11,0.0,32
2024-10-17 08:00:00,25.2,84,390.0,1.41,0.0,99
2024-10-17 09:00:00,26.6,78,483.0,0.22,0.1,23
2024-10-17 10:00:00,27.7,74,674.0,1.26,0.0,13
2024-10-17 11:00:00,28.3,71,720.0,1.31,0.0,11
2024-10-17 12:00:00,28.9,67,708.0,1.59,0.0,4
2024-10-17 13:00:00,29.1,65,620.0,1.62,0.0,14
2024-10-17 14:00:00,29.0,65,465.0,1.59,0.0,16
2024-10-17 15:00:00,28.6,68,287.0,1.2,0.0,29
2024-10-17 16:00:00,27.0,78,94.0,1.21,0.1,40
2024-10-17 17:00:00,25.9,84,4.0,1.42,0.0,31
2024-10-17 18:00:00,24.8,90,0.0,1.66,0.0,17
2024-10-17 19:00:00,24.5,92,0.0,1.48,0.0,48
2024-10-17 20:00:00,25.2,88,0.0,0.71,0.0,28
2024-10-17 21:00:00,24.1,95,0.0,1.06,0.0,13
2024-10-17 22:00:00,24.0,96,0.0,1.54,0.0,15
2024-10-17 23:00:00,23.7,94,0.0,1.66,0.0,31
2024-10-18 00:00:00,23.1,96,0.0,0.99,0.4,77
2024-10-18 01:00:00,23.3,93,0.0,1.63,0.6,20
2024-10-18 02:00:00,22.7,96,0.0,1.55,0.1,52
2024-10-18 03:00:00,22.6,95,0.0,1.63,0.1,30
2024-10-18 04:00:00,22.1,96,0.0,1.0,0.0,39
2024-10-18 05:00:00,22.0,95,0.0,0.91,0.0,29
2024-10-18 06:00:00,23.5,92,60.0,2.21,0.1,70
2024-10-18 07:00:00,24.5,88,163.0,2.25,0.0,47
2024-10-18 08:00:00,25.8,82,363.0,2.27,0.0,100
2024-10-18 09:00:00,26.7,77,417.0,2.5,0.0,98
2024-10-18 10:00:00,27.6,76,526.0,2.11,0.0,15
2024-10-18 11:00:00,28.7,73,719.0,1.78,0.0,59
2024-10-18 12:00:00,28.8,73,667.0,1.05,0.0,21
2024-10-18 13:00:00,29.1,71,581.0,0.89,0.1,13
2024-10-18 14:00:00,28.9,72,457.0,0.76,0.0,52
2024-10-18 15:00:00,28.3,75,256.0,0.79,0.0,32
2024-10-18 16:00:00,27.0,84,99.0,0.67,0.2,58
2024-10-18 17:00:00,25.5,87,3.0,0.81,0.2,93
2024-10-18 18:00:00,23.9,91,0.0,1.72,0.0,41
2024-10-18 19:00:00,23.8,94,0.0,1.15,0.1,11
2024-10-18 20:00:00,23.7,95,0.0,2.01,0.0,34
2024-10-18 21:00:00,23.4,96,0.0,1.1,0.0,16
2024-10-18 22:00:00,23.4,96,0.0,1.62,0.0,17
2024-10-18 23:00:00,23.2,96,0.0,1.41,0.0,21
2024-10-19 00:00:00,22.8,97,0.0,1.16,0.0,21
2024-10-19 01:00:00,22.8,96,0.0,1.3,0.2,53
2024-10-19 02:00:00,22.3,97,0.0,1.35,0.0,41
2024-10-19 03:00:00,22.3,97,0.0,0.94,0.0,39
2024-10-19 04:00:00,22.5,96,0.0,1.44,0.0,49
2024-10-19 05:00:00,22.6,96,0.0,1.85,0.0,31
2024-10-19 06:00:00,24.0,88,59.0,1.94,0.0,6
2024-10-19 07:00:00,25.1,85,236.0,1.03,0.0,4
2024-10-19 08:00:00,26.1,81,422.0,2.13,0.0,28
2024-10-19 09:00:00,26.9,76,557.0,2.62,0.1,19
2024-10-19 10:00:00,27.7,71,638.0,2.07,0.0,19
2024-10-19 11:00:00,28.3,69,694.0,1.87,0.1,27
2024-10-19 12:00:00,28.7,68,701.0,2.04,0.2,42
2024-10-19 13:00:00,29.0,69,598.0,1.64,0.2,41
2024-10-19 14:00:00,28.7,67,424.0,1.63,1.2,44
2024-10-19 15:00:00,28.2,73,287.0,1.91,0.5,47
2024-10-19 16:00:00,26.4,84,83.0,2.12,0.4,55
2024-10-19 17:00:00,25.3,90,3.0,1.47,0.0,16
2024-10-19 18:00:00,24.6,87,0.0,2.71,0.0,35
2024-10-19 19:00:00,24.2,85,0.0,2.49,0.0,37
2024-10-19 20:00:00,23.5,91,0.0,1.41,0.0,23
2024-10-19 21:00:00,23.2,95,0.0,1.48,0.0,21
2024-10-19 22:00:00,23.1,97,0.0,1.87,0.0,17
2024-10-19 23:00:00,22.9,98,0.0,1.77,0.0,7
2024-10-20 00:00:00,22.6,99,0.0,1.77,0.0,19
2024-10-20 01:00:00,22.5,99,0.0,1.71,0.0,22
2024-10-20 02:00:00,22.3,98,0.0,1.79,0.0,37
2024-10-20 03:00:00,22.2,98,0.0,1.89,0.0,19
2024-10-20 04:00:00,21.9,99,0.0,2.02,0.0,38
2024-10-20 05:00:00,21.7,100,0.0,2.42,0.0,100
2024-10-20 06:00:00,22.4,92,62.0,3.09,0.0,100
2024-10-20 07:00:00,23.8,86,205.0,3.52,0.0,70
2024-10-20 08:00:00,25.6,80,402.0,3.95,0.0,45
2024-10-20 09:00:00,26.8,77,560.0,3.49,0.0,14
2024-10-20 10:00:00,27.7,71,654.0,4.16,0.1,25
2024-10-20 11:00:00,28.6,67,702.0,3.67,0.0,14
2024-10-20 12:00:00,29.2,64,700.0,3.53,0.0,8
2024-10-20 13:00:00,29.3,65,617.0,3.7,0.0,6
2024-10-20 14:00:00,28.9,68,478.0,3.86,0.0,8
2024-10-20 15:00:00,28.2,73,295.0,2.82,0.0,9
2024-10-20 16:00:00,26.6,80,104.0,2.07,0.0,8
2024-10-20 17:00:00,25.3,85,3.0,1.73,0.0,8
2024-10-20 18:00:00,24.7,83,0.0,1.98,0.0,2
2024-10-20 19:00:00,24.4,85,0.0,2.28,0.0,3
2024-10-20 20:00:00,24.0,87,0.0,2.19,0.0,1
2024-10-20 21:00:00,23.7,89,0.0,2.0,0.0,1
2024-10-20 22:00:00,23.2,93,0.0,1.85,0.0,1
2024-10-20 23:00:00,22.9,95,0.0,1.93,0.0,21
2024-10-21 00:00:00,22.7,96,0.0,2.06,0.0,89
2024-10-21 01:00:00,22.5,96,0.0,2.1,0.0,38
2024-10-21 02:00:00,22.1,96,0.0,1.82,0.0,30
2024-10-21 03:00:00,21.6,97,0.0,1.5,0.0,77
2024-10-21 04:00:00,21.6,97,0.0,1.86,0.0,86
2024-10-21 05:00:00,21.7,97,0.0,2.09,0.0,100
2024-10-21 06:00:00,23.0,93,49.0,2.51,0.0,100
2024-10-21 07:00:00,24.2,89,191.0,2.68,0.0,79
2024-10-21 08:00:00,25.8,84,387.0,2.86,0.0,74
2024-10-21 09:00:00,27.4,79,575.0,3.36,0.0,100
2024-10-21 10:00:00,28.5,73,612.0,3.76,0.0,4
2024-10-21 11:00:00,29.7,67,755.0,3.81,0.0,0
2024-10-21 12:00:00,30.1,65,725.0,3.75,0.0,30
2024-10-21 13:00:00,30.2,65,621.0,3.69,0.0,5
2024-10-21 14:00:00,29.9,67,476.0,3.29,0.0,5
2024-10-21 15:00:00,29.2,73,288.0,2.82,0.0,8
2024-10-21 16:00:00,27.7,79,100.0,2.46,0.0,7
2024-10-21 17:00:00,26.6,83,3.0,2.33,0.0,7
2024-10-21 18:00:00,26.2,84,0.0,1.99,0.0,7
2024-10-21 19:00:00,25.3,90,0.0,1.41,0.0,12
2024-10-21 20:00:00,24.4,94,0.0,1.81,0.0,1
2024-10-21 21:00:00,24.0,95,0.0,1.37,0.0,0
2024-10-21 22:00:00,23.7,96,0.0,1.52,0.0,7
2024-10-21 23:00:00,23.5,97,0.0,1.87,0.0,13
2024-10-22 00:00:00,23.3,98,0.0,2.19,0.0,33
2024-10-22 01:00:00,23.0,98,0.0,1.86,0.0,27
2024-10-22 02:00:00,22.8,99,0.0,1.52,0.0,33
2024-10-22 03:00:00,22.5,100,0.0,1.76,0.0,96
2024-10-22 04:00:00,22.3,100,0.0,2.11,0.0,95
2024-10-22 05:00:00,22.3,100,0.0,2.28,0.0,100
2024-10-22 06:00:00,23.8,91,50.0,2.72,0.0,26
2024-10-22 07:00:00,25.1,87,220.0,2.65,0.0,20
2024-10-22 08:00:00,26.8,83,407.0,2.42,0.0,22
2024-10-22 09:00:00,28.4,78,567.0,2.87,0.0,1
2024-10-22 10:00:00,29.5,72,699.0,3.35,0.0,13
2024-10-22 11:00:00,30.2,68,730.0,3.73,0.0,13
2024-10-22 12:00:00,30.6,67,713.0,3.91,0.0,10
2024-10-22 13:00:00,30.6,67,622.0,3.94,0.0,4
2024-10-22 14:00:00,30.2,69,474.0,3.99,0.0,3
2024-10-22 15:00:00,29.5,74,287.0,3.12,0.0,8
2024-10-22 16:00:00,28.1,78,97.0,2.62,0.0,6
2024-10-22 17:00:00,27.0,80,3.0,2.74,0.0,9
2024-10-22 18:00:00,26.3,82,0.0,2.42,0.0,5
2024-10-22 19:00:00,25.7,85,0.0,2.0,0.0,0
2024-10-22 20:00:00,25.2,88,0.0,1.86,0.0,0
2024-10-22 21:00:00,24.9,89,0.0,1.92,0.0,15
2024-10-22 22:00:00,24.6,90,0.0,1.98,0.0,0
2024-10-22 23:00:00,24.1,92,0.0,1.93,0.0,1
2024-10-23 00:00:00,23.9,94,0.0,2.02,0.0,32
2024-10-23 01:00:00,23.7,95,0.0,1.85,0.0,21
2024-10-23 02:00:00,23.4,97,0.0,1.78,0.0,33
2024-10-23 03:00:00,23.2,97,0.0,2.04,0.0,26
2024-10-23 04:00:00,23.0,98,0.0,2.11,0.0,2
2024-10-23 05:00:00,22.9,99,0.0,2.25,0.0,2
2024-10-23 06:00:00,24.4,91,54.0,3.16,0.0,62
2024-10-23 07:00:00,25.8,87,184.0,2.57,0.0,100
2024-10-23 08:00:00,26.8,85,282.0,3.09,0.0,96
2024-10-23 09:00:00,27.2,84,251.0,3.2,0.0,96
2024-10-23 10:00:00,28.3,80,357.0,3.49,0.0,74
2024-10-23 11:00:00,29.2,72,486.0,4.38,0.0,100
2024-10-23 12:00:00,28.5,76,259.0,4.08,0.0,86
2024-10-23 13:00:00,29.0,72,459.0,4.49,0.0,42
2024-10-23 14:00:00,28.8,72,417.0,4.2,0.0,96
2024-10-23 15:00:00,27.6,76,131.0,4.04,0.0,100
2024-10-23 16:00:00,26.8,77,38.0,4.06,0.0,98
2024-10-23 17:00:00,26.4,79,1.0,3.35,0.0,93
2024-10-23 18:00:00,26.0,82,0.0,3.78,0.0,100
2024-10-23 19:00:00,25.5,83,0.0,3.21,0.0,100
2024-10-23 20:00:00,25.0,85,0.0,2.89,0.4,100
2024-10-23 21:00:00,24.3,91,0.0,2.58,0.8,100
2024-10-23 22:00:00,23.9,92,0.0,2.57,0.6,100
2024-10-23 23:00:00,23.7,92,0.0,3.08,0.1,100
2024-10-24 00:00:00,23.5,93,0.0,3.49,0.0,100
2024-10-24 01:00:00,23.4,94,0.0,2.83,0.0,100
2024-10-24 02:00:00,23.3,97,0.0,3.01,0.0,100
2024-10-24 03:00:00,23.3,96,0.0,3.24,0.1,100
2024-10-24 04:00:00,23.1,96,0.0,3.54,0.1,100
2024-10-24 05:00:00,23.1,95,0.0,3.56,0.0,100
2024-10-24 06:00:00,23.1,91,15.0,2.8,0.0,100
2024-10-24 07:00:00,23.4,90,44.0,2.99,0.0,100
2024-10-24 08:00:00,23.7,89,71.0,3.18,0.2,100
2024-10-24 09:00:00,23.8,91,69.0,3.2,0.3,100
2024-10-24 10:00:00,24.3,89,137.0,2.53,0.1,100
2024-10-24 11:00:00,24.4,87,132.0,2.48,0.1,100
2024-10-24 12:00:00,24.5,85,124.0,2.27,0.0,100
2024-10-24 13:00:00,24.6,85,139.0,2.84,0.0,100
2024-10-24 14:00:00,24.6,84,115.0,2.93,0.0,100
2024-10-24 15:00:00,24.4,87,57.0,2.95,0.0,100
2024-10-24 16:00:00,24.1,88,27.0,3.02,0.0,100
2024-10-24 17:00:00,23.8,89,1.0,3.23,0.0,100
2024-10-24 18:00:00,23.0,93,0.0,1.95,0.0,100
2024-10-24 19:00:00,22.9,94,0.0,2.32,0.0,100
2024-10-24 20:00:00,22.8,94,0.0,2.6,0.1,100
2024-10-24 21:00:00,22.6,95,0.0,2.62,0.2,100
2024-10-24 22:00:00,22.4,96,0.0,2.93,0.3,100
2024-10-24 23:00:00,22.2,98,0.0,2.83,1.1,100
2024-10-25 00:00:00,22.1,97,0.0,2.96,1.4,100
2024-10-25 01:00:00,21.8,97,0.0,3.09,1.6,100
2024-10-25 02:00:00,21.6,96,0.0,3.2,0.6,100
2024-10-25 03:00:00,21.5,97,0.0,2.98,0.8,100
2024-10-25 04:00:00,21.4,97,0.0,3.15,1.5,100
2024-10-25 05:00:00,21.3,96,0.0,3.26,0.8,100
2024-10-25 06:00:00,21.9,91,15.0,3.48,0.1,100
2024-10-25 07:00:00,22.3,93,64.0,3.21,0.3,100
2024-10-25 08:00:00,22.6,91,82.0,3.24,0.0,100
2024-10-25 09:00:00,23.4,88,223.0,3.57,0.0,87
2024-10-25 10:00:00,25.0,80,474.0,3.82,0.0,83
2024-10-25 11:00:00,26.0,76,667.0,3.88,0.0,95
2024-10-25 12:00:00,26.4,73,575.0,4.13,0.0,100
2024-10-25 13:00:00,26.5,72,489.0,4.04,0.0,100
2024-10-25 14:00:00,26.3,72,337.0,3.65,0.0,100
2024-10-25 15:00:00,25.8,76,180.0,2.75,0.0,100
2024-10-25 16:00:00,24.9,80,67.0,2.11,0.0,100
2024-10-25 17:00:00,24.3,81,1.0,2.16,0.0,100
2024-10-25 18:00:00,23.4,85,0.0,2.16,0.0,100
2024-10-25 19:00:00,23.7,83,0.0,2.7,0.0,100
2024-10-25 20:00:00,23.5,84,0.0,2.55,0.0,100
2024-10-25 21:00:00,23.3,85,0.0,2.88,0.0,100
2024-10-25 22:00:00,23.0,86,0.0,3.13,0.0,100
2024-10-25 23:00:00,22.8,88,0.0,2.87,0.1,99
2024-10-26 00:00:00,22.4,90,0.0,2.75,0.0,100
2024-10-26 01:00:00,22.3,90,0.0,2.7,0.0,100
2024-10-26 02:00:00,22.2,91,0.0,2.26,0.0,100
2024-10-26 03:00:00,22.2,92,0.0,2.23,0.2,100
2024-10-26 04:00:00,22.0,94,0.0,2.36,2.5,100
2024-10-26 05:00:00,22.0,95,0.0,2.06,0.7,100
2024-10-26 06:00:00,22.6,93,26.0,2.35,0.2,100
2024-10-26 07:00:00,23.3,89,115.0,3.05,0.0,83
2024-10-26 08:00:00,24.3,85,261.0,3.05,0.0,77
2024-10-26 09:00:00,26.1,76,515.0,3.15,0.0,100
2024-10-26 10:00:00,26.2,77,312.0,2.1,0.0,93
2024-10-26 11:00:00,26.7,76,381.0,2.0,0.0,86
2024-10-26 12:00:00,27.4,75,438.0,1.66,0.0,84
2024-10-26 13:00:00,27.8,74,430.0,1.71,0.0,99
2024-10-26 14:00:00,27.5,75,273.0,1.47,0.0,43
2024-10-26 15:00:00,27.4,76,229.0,1.25,0.0,93
2024-10-26 16:00:00,26.0,85,55.0,1.06,0.0,99
2024-10-26 17:00:00,25.2,88,1.0,1.18,0.0,100
2024-10-26 18:00:00,24.6,91,0.0,0.97,0.0,99
2024-10-26 19:00:00,24.5,93,0.0,1.17,0.0,100
2024-10-26 20:00:00,24.3,93,0.0,0.92,0.0,100
2024-10-26 21:00:00,24.4,91,0.0,1.23,0.0,97
2024-10-26 22:00:00,24.1,93,0.0,1.23,0.0,98
2024-10-26 23:00:00,23.7,96,0.0,0.93,0.0,60
2024-10-27 00:00:00,23.8,95,0.0,1.25,0.0,100
2024-10-27 01:00:00,23.5,96,0.0,1.07,0.0,74
2024-10-27 02:00:00,22.8,98,0.0,1.25,0.0,64
2024-10-27 03:00:00,22.9,98,0.0,1.25,0.0,24
2024-10-27 04:00:00,22.6,98,0.0,1.41,0.0,73
2024-10-27 05:00:00,22.5,98,0.0,1.57,0.0,4
2024-10-27 06:00:00,23.7,93,40.0,1.51,0.0,95
2024-10-27 07:00:00,24.9,87,164.0,1.65,0.0,5
2024-10-27 08:00:00,26.3,82,403.0,1.84,0.0,20
2024-10-27 09:00:00,27.4,76,548.0,1.54,0.0,14
2024-10-27 10:00:00,28.5,69,666.0,1.81,0.0,0
2024-10-27 11:00:00,29.2,67,715.0,1.88,0.0,0
2024-10-27 12:00:00,29.7,66,688.0,1.57,0.0,0
2024-10-27 13:00:00,29.9,66,596.0,1.36,0.0,0
2024-10-27 14:00:00,29.9,67,450.0,1.22,0.0,0
2024-10-27 15:00:00,29.3,71,266.0,1.06,0.0,4
2024-10-27 16:00:00,27.3,85,84.0,1.42,0.0,12
2024-10-27 17:00:00,25.9,88,1.0,1.54,0.0,5
2024-10-27 18:00:00,26.7,82,0.0,0.72,0.0,3
2024-10-27 19:00:00,25.3,89,0.0,1.19,0.0,1
2024-10-27 20:00:00,24.5,92,0.0,1.47,0.0,0
2024-10-27 21:00:00,24.2,93,0.0,1.03,0.0,0
2024-10-27 22:00:00,23.6,95,0.0,0.85,0.0,0
2024-10-27 23:00:00,23.2,96,0.0,0.74,0.0,0
2024-10-28 00:00:00,23.1,96,0.0,0.53,0.0,0
2024-10-28 01:00:00,23.2,97,0.0,0.72,0.0,0
2024-10-28 02:00:00,22.3,99,0.0,1.22,0.0,0
2024-10-28 03:00:00,22.0,100,0.0,1.27,0.0,2
2024-10-28 04:00:00,21.9,100,0.0,1.07,0.0,2
2024-10-28 05:00:00,21.8,99,0.0,0.96,0.0,2
2024-10-28 06:00:00,23.4,89,50.0,2.2,0.0,0
2024-10-28 07:00:00,24.9,85,217.0,1.71,0.0,0
2024-10-28 08:00:00,26.3,82,405.0,1.66,0.0,0
2024-10-28 09:00:00,27.3,78,563.0,1.74,0.0,0
2024-10-28 10:00:00,28.4,72,670.0,1.7,0.0,0
2024-10-28 11:00:00,29.1,68,713.0,1.46,0.0,0
2024-10-28 12:00:00,29.6,65,688.0,1.38,0.0,0
2024-10-28 13:00:00,29.8,65,597.0,1.2,0.0,0
2024-10-28 14:00:00,29.7,66,451.0,1.3,0.0,4
2024-10-28 15:00:00,29.1,70,266.0,1.24,0.0,1
2024-10-28 16:00:00,27.0,85,84.0,1.75,0.0,0
2024-10-28 17:00:00,27.6,74,1.0,1.35,0.0,0
2024-10-28 18:00:00,25.8,86,0.0,1.48,0.0,1
2024-10-28 19:00:00,25.0,89,0.0,1.41,0.0,1
2024-10-28 20:00:00,24.6,91,0.0,1.45,0.0,1
2024-10-28 21:00:00,24.2,93,0.0,1.3,0.0,0
2024-10-28 22:00:00,23.7,95,0.0,1.11,0.0,1
2024-10-28 23:00:00,23.4,97,0.0,0.71,0.0,3
2024-10-29 00:00:00,23.0,98,0.0,0.46,0.0,4
2024-10-29 01:00:00,24.1,96,0.0,0.18,0.0,0
2024-10-29 02:00:00,24.0,97,0.0,0.29,0.0,1
2024-10-29 03:00:00,23.2,98,0.0,0.59,0.0,1
2024-10-29 04:00:00,22.3,100,0.0,1.3,0.0,1
2024-10-29 05:00:00,22.2,100,0.0,1.21,0.0,97
2024-10-29 06:00:00,24.2,91,40.0,1.06,0.0,22
2024-10-29 07:00:00,25.5,86,200.0,0.67,0.0,31
2024-10-29 08:00:00,26.9,81,370.0,0.53,0.0,36
2024-10-29 09:00:00,27.4,79,397.0,0.92,0.1,7
2024-10-29 10:00:00,28.1,77,590.0,1.59,0.0,39
2024-10-29 11:00:00,28.3,70,556.0,2.54,0.1,69
2024-10-29 12:00:00,27.6,80,623.0,2.8,0.0,19
2024-10-29 13:00:00,28.3,77,553.0,1.7,0.0,13
2024-10-29 14:00:00,28.2,74,430.0,1.49,0.1,24
2024-10-29 15:00:00,27.6,77,244.0,1.2,0.0,24
2024-10-29 16:00:00,27.5,76,69.0,0.36,0.0,15
2024-10-29 17:00:00,25.8,90,1.0,0.92,0.0,32
2024-10-29 18:00:00,27.2,81,0.0,0.81,0.0,30
2024-10-29 19:00:00,25.5,92,0.0,1.27,0.0,12
2024-10-29 20:00:00,24.9,94,0.0,1.39,0.0,2
2024-10-29 21:00:00,25.3,92,0.0,0.92,0.0,53
2024-10-29 22:00:00,25.2,94,0.0,0.85,0.0,26
2024-10-29 23:00:00,24.0,96,0.0,1.12,0.0,20
2024-10-30 00:00:00,23.4,93,0.0,2.94,1.1,100
2024-10-30 01:00:00,23.3,92,0.0,1.35,0.3,53
2024-10-30 02:00:00,22.8,96,0.0,1.54,0.0,86
2024-10-30 03:00:00,22.4,98,0.0,1.05,1.4,99
2024-10-30 04:00:00,22.4,98,0.0,1.31,1.7,100
2024-10-30 05:00:00,22.2,98,0.0,0.16,1.3,74
2024-10-30 06:00:00,23.8,94,26.0,1.33,0.5,62
2024-10-30 07:00:00,24.5,90,117.0,1.75,0.2,64
2024-10-30 08:00:00,25.7,83,309.0,1.95,0.0,74
2024-10-30 09:00:00,26.5,82,386.0,2.5,0.0,100
2024-10-30 10:00:00,27.6,77,537.0,2.46,0.0,64
2024-10-30 11:00:00,28.4,76,606.0,2.4,0.0,46
2024-10-30 12:00:00,29.0,72,628.0,2.75,0.0,52
2024-10-30 13:00:00,29.2,71,530.0,2.61,0.0,45
2024-10-30 14:00:00,29.1,71,425.0,2.23,0.0,75
2024-10-30 15:00:00,28.7,74,251.0,1.66,0.0,66
2024-10-30 16:00:00,26.9,84,70.0,1.2,0.0,28
2024-10-30 17:00:00,25.4,89,1.0,0.76,0.8,95
2024-10-30 18:00:00,25.8,90,0.0,1.46,0.0,29
2024-10-30 19:00:00,25.2,93,0.0,1.43,0.0,96
2024-10-30 20:00:00,23.5,96,0.0,1.67,5.8,100
2024-10-30 21:00:00,23.7,94,0.0,1.11,4.0,72
2024-10-30 22:00:00,23.5,94,0.0,0.3,0.1,38
2024-10-30 23:00:00,23.3,97,0.0,0.55,0.0,51
2024-10-31 00:00:00,23.1,97,0.0,0.81,0.6,36
2024-10-31 01:00:00,22.8,98,0.0,0.63,0.1,63
2024-10-31 02:00:00,22.4,97,0.0,0.9,0.0,62
2024-10-31 03:00:00,22.4,96,0.0,0.76,0.2,100
2024-10-31 04:00:00,22.6,95,0.0,0.45,0.1,87
2024-10-31 05:00:00,21.9,97,0.0,0.9,0.0,96
2024-10-31 06:00:00,23.4,92,16.0,1.47,0.3,100
2024-10-31 07:00:00,23.5,90,34.0,0.51,1.0,100
2024-10-31 08:00:00,23.8,89,90.0,0.82,1.6,100
2024-10-31 09:00:00,23.9,89,142.0,1.22,0.5,97
2024-10-31 10:00:00,25.0,86,273.0,1.7,0.1,94
2024-10-31 11:00:00,26.3,81,442.0,1.28,0.0,91
2024-10-31 12:00:00,27.3,81,569.0,1.3,0.0,52
2024-10-31 13:00:00,27.5,80,443.0,1.81,0.0,96
2024-10-31 14:00:00,27.3,80,298.0,1.59,0.0,14
2024-10-31 15:00:00,27.1,79,229.0,0.97,0.0,9
2024-10-31 16:00:00,25.6,91,72.0,1.23,0.0,12
2024-10-31 17:00:00,24.7,92,1.0,1.31,0.0,16
2024-10-31 18:00:00,24.5,90,0.0,2.35,0.0,12
2024-10-31 19:00:00,24.2,90,0.0,2.5,0.0,25
2024-10-31 20:00:00,23.9,91,0.0,2.5,0.0,30
2024-10-31 21:00:00,23.3,95,0.0,2.21,0.0,26
2024-10-31 22:00:00,22.9,97,0.0,2.42,0.0,88
2024-10-31 23:00:00,22.5,96,0.0,0.18,4.1,100
2024-11-01 00:00:00,22.9,93,0.0,2.1,0.5,100
2024-11-01 01:00:00,22.8,94,0.0,2.95,0.0,95
2024-11-01 02:00:00,22.5,95,0.0,2.48,0.0,86
2024-11-01 03:00:00,22.2,97,0.0,2.17,0.0,83
2024-11-01 04:00:00,22.2,97,0.0,2.31,0.1,86
2024-11-01 05:00:00,22.2,97,0.0,1.76,0.0,83
2024-11-01 06:00:00,23.2,92,27.0,2.53,0.2,100
2024-11-01 07:00:00,23.7,90,91.0,2.37,0.1,100
2024-11-01 08:00:00,24.5,86,213.0,1.98,0.1,100
2024-11-01 09:00:00,25.6,84,325.0,1.47,0.0,99
2024-11-01 10:00:00,26.3,78,312.0,0.84,0.0,77
2024-11-01 11:00:00,27.2,74,468.0,0.71,0.0,73
2024-11-01 12:00:00,27.9,72,481.0,0.72,0.0,55
2024-11-01 13:00:00,28.1,71,455.0,0.96,0.0,36
2024-11-01 14:00:00,28.1,71,405.0,1.45,0.0,3
2024-11-01 15:00:00,27.7,74,245.0,1.53,0.0,11
2024-11-01 16:00:00,26.1,86,72.0,1.24,0.0,11
2024-11-01 17:00:00,26.2,84,0.0,0.85,0.0,16
2024-11-01 18:00:00,24.3,91,0.0,1.31,0.0,63
2024-11-01 19:00:00,23.9,93,0.0,1.05,0.0,62
2024-11-01 20:00:00,23.7,96,0.0,0.85,0.0,3
2024-11-01 21:00:00,23.3,98,0.0,1.17,0.0,18
2024-11-01 22:00:00,23.2,98,0.0,1.25,0.0,9
2024-11-01 23:00:00,22.8,99,0.0,1.2,0.0,3
2024-11-02 00:00:00,22.8,99,0.0,1.32,0.0,0
2024-11-02 01:00:00,22.2,99,0.0,1.35,0.0,0
2024-11-02 02:00:00,21.9,99,0.0,1.44,0.0,4
2024-11-02 03:00:00,22.0,99,0.0,1.2,0.0,5
2024-11-02 04:00:00,22.2,99,0.0,1.2,0.0,8
2024-11-02 05:00:00,22.2,99,0.0,1.45,0.0,0
2024-11-02 06:00:00,22.9,96,34.0,2.1,0.0,49
2024-11-02 07:00:00,24.0,90,161.0,2.43,0.0,42
2024-11-02 08:00:00,25.6,83,320.0,2.48,0.0,45
2024-11-02 09:00:00,26.8,80,500.0,2.24,0.0,19
2024-11-02 10:00:00,28.1,75,640.0,2.54,0.0,2
2024-11-02 11:00:00,29.0,70,685.0,2.61,0.0,1
2024-11-02 12:00:00,29.5,68,657.0,2.59,0.0,2
2024-11-02 13:00:00,29.5,68,566.0,2.57,0.0,3
2024-11-02 14:00:00,29.1,69,419.0,2.52,0.0,8
2024-11-02 15:00:00,28.4,73,242.0,1.98,0.0,2
2024-11-02 16:00:00,26.5,82,71.0,1.39,0.0,2
2024-11-02 17:00:00,25.4,88,0.0,1.57,0.0,2
2024-11-02 18:00:00,25.1,87,0.0,1.46,0.0,2
2024-11-02 19:00:00,24.5,90,0.0,1.45,0.0,2
2024-11-02 20:00:00,24.0,92,0.0,1.5,0.0,1
2024-11-02 21:00:00,23.7,92,0.0,1.56,0.0,1
2024-11-02 22:00:00,23.5,92,0.0,1.83,0.0,0
2024-11-02 23:00:00,23.1,92,0.0,1.85,0.0,0
2024-11-03 00:00:00,22.9,94,0.0,1.9,0.0,0
2024-11-03 01:00:00,22.7,95,0.0,1.82,0.0,0
2024-11-03 02:00:00,22.5,95,0.0,1.95,0.0,0
2024-11-03 03:00:00,22.3,97,0.0,1.77,0.0,0
2024-11-03 04:00:00,22.0,98,0.0,1.42,0.0,0
2024-11-03 05:00:00,21.4,99,0.0,1.3,0.0,0
2024-11-03 06:00:00,22.6,94,43.0,2.26,0.0,8
2024-11-03 07:00:00,24.0,89,203.0,2.09,0.0,32
2024-11-03 08:00:00,25.3,85,381.0,1.94,0.0,14
2024-11-03 09:00:00,26.6,81,535.0,2.0,0.0,0
2024-11-03 10:00:00,27.9,76,650.0,2.13,0.0,0
2024-11-03 11:00:00,28.9,71,694.0,2.06,0.0,0
2024-11-03 12:00:00,29.5,68,670.0,1.97,0.0,0
2024-11-03 13:00:00,29.7,68,579.0,1.89,0.0,0
2024-11-03 14:00:00,29.5,68,432.0,1.98,0.0,0
2024-11-03 15:00:00,28.8,74,250.0,1.39,0.0,3
2024-11-03 16:00:00,26.6,84,72.0,1.35,0.0,2
2024-11-03 17:00:00,25.4,88,0.0,1.5,0.0,1
2024-11-03 18:00:00,24.9,91,0.0,1.65,0.0,1
2024-11-03 19:00:00,24.8,91,0.0,1.77,0.0,1
2024-11-03 20:00:00,25.2,90,0.0,1.14,0.0,0
2024-11-03 21:00:00,24.2,95,0.0,0.81,0.0,0
2024-11-03 22:00:00,24.4,96,0.0,0.4,0.0,0
2024-11-03 23:00:00,23.3,99,0.0,1.12,0.0,0
2024-11-04 00:00:00,22.8,100,0.0,1.35,0.0,1
2024-11-04 01:00:00,22.2,100,0.0,1.45,0.0,94
2024-11-04 02:00:00,22.8,100,0.0,0.84,0.0,99
2024-11-04 03:00:00,22.5,100,0.0,0.89,0.0,98
2024-11-04 04:00:00,22.3,100,0.0,0.6,0.0,98
2024-11-04 05:00:00,22.3,100,0.0,0.67,0.0,98
2024-11-04 06:00:00,23.0,93,20.0,1.66,0.0,34
2024-11-04 07:00:00,24.1,91,136.0,1.76,0.0,35
2024-11-04 08:00:00,26.0,85,347.0,1.83,0.0,32
2024-11-04 09:00:00,27.7,78,509.0,2.8,0.0,49
2024-11-04 10:00:00,28.5,74,573.0,2.59,0.0,11
2024-11-04 11:00:00,29.3,72,671.0,2.3,0.0,9
2024-11-04 12:00:00,29.9,69,647.0,2.26,0.0,8
2024-11-04 13:00:00,30.0,67,549.0,2.37,0.0,12
2024-11-04 14:00:00,29.6,66,398.0,2.51,0.0,22
2024-11-04 15:00:00,28.7,73,217.0,1.91,0.0,15
2024-11-04 16:00:00,26.9,80,64.0,1.75,0.0,13
2024-11-04 17:00:00,25.7,87,0.0,1.52,0.0,14
2024-11-04 18:00:00,25.6,88,0.0,1.66,0.0,10
2024-11-04 19:00:00,24.9,92,0.0,1.5,0.0,4
2024-11-04 20:00:00,24.5,93,0.0,1.57,0.0,1
2024-11-04 21:00:00,24.3,93,0.0,1.58,0.0,0
2024-11-04 22:00:00,24.1,94,0.0,1.61,0.0,8
2024-11-04 23:00:00,23.9,95,0.0,1.65,0.0,5
2024-11-05 00:00:00,23.4,99,0.0,1.63,0.0,36
2024-11-05 01:00:00,23.1,100,0.0,2.07,0.0,29
2024-11-05 02:00:00,22.9,100,0.0,2.35,0.0,100
2024-11-05 03:00:00,22.7,100,0.0,1.98,0.0,100
2024-11-05 04:00:00,22.6,100,0.0,2.17,0.0,100
2024-11-05 05:00:00,22.4,100,0.0,2.25,0.0,100
2024-11-05 06:00:00,22.9,98,17.0,2.5,0.0,100
2024-11-05 07:00:00,23.9,93,82.0,2.39,0.0,100
2024-11-05 08:00:00,25.5,87,270.0,2.21,0.0,28
2024-11-05 09:00:00,27.4,81,496.0,1.87,0.0,10
2024-11-05 10:00:00,29.0,72,624.0,2.75,0.0,10
2024-11-05 11:00:00,29.6,69,642.0,3.3,0.0,15
2024-11-05 12:00:00,29.4,67,625.0,3.71,0.0,48
2024-11-05 13:00:00,29.2,66,465.0,3.31,0.0,15
2024-11-05 14:00:00,29.1,68,377.0,2.8,0.0,25
2024-11-05 15:00:00,28.3,74,213.0,2.28,0.0,32
2024-11-05 16:00:00,27.0,79,59.0,2.3,0.0,43
2024-11-05 17:00:00,26.1,85,0.0,2.51,0.0,43
2024-11-05 18:00:00,25.4,87,0.0,2.02,0.0,29
2024-11-05 19:00:00,25.0,89,0.0,2.15,0.0,12
2024-11-05 20:00:00,24.7,90,0.0,2.25,0.0,4
2024-11-05 21:00:00,24.4,90,0.0,1.92,0.0,50
2024-11-05 22:00:00,23.6,94,0.0,1.55,0.0,100
2024-11-05 23:00:00,23.2,97,0.0,1.24,0.0,100
2024-11-06 00:00:00,22.8,99,0.0,0.81,0.0,94
2024-11-06 01:00:00,22.5,100,0.0,1.16,0.0,100
2024-11-06 02:00:00,22.7,100,0.0,0.98,0.0,100
2024-11-06 03:00:00,22.8,100,0.0,0.21,0.0,100
2024-11-06 04:00:00,22.0,100,0.0,0.85,0.0,100
2024-11-06 05:00:00,21.6,100,0.0,1.18,0.0,100
2024-11-06 06:00:00,21.1,94,23.0,2.4,0.0,100
2024-11-06 07:00:00,22.3,90,86.0,1.27,0.0,100
2024-11-06 08:00:00,23.0,87,179.0,0.65,0.0,100
2024-11-06 09:00:00,24.3,83,355.0,1.41,0.0,99
2024-11-06 10:00:00,25.8,78,492.0,0.86,0.0,100
2024-11-06 11:00:00,27.2,72,568.0,1.21,0.0,98
2024-11-06 12:00:00,28.1,67,585.0,1.63,0.0,80
2024-11-06 13:00:00,28.4,64,510.0,1.78,0.0,78
2024-11-06 14:00:00,28.1,67,344.0,2.08,0.0,95
2024-11-06 15:00:00,27.4,74,215.0,1.54,0.0,96
2024-11-06 16:00:00,25.6,83,58.0,1.48,0.0,100
2024-11-06 17:00:00,24.7,87,0.0,1.44,0.0,99
2024-11-06 18:00:00,22.3,82,0.0,1.91,0.0,99
2024-11-06 19:00:00,22.8,81,0.0,1.04,0.0,99
2024-11-06 20:00:00,22.1,87,0.0,1.38,0.0,100
2024-11-06 21:00:00,21.9,87,0.0,0.76,0.0,94
2024-11-06 22:00:00,20.7,92,0.0,1.35,0.0,85
2024-11-06 23:00:00,21.8,83,0.0,0.89,0.0,97
2024-11-07 00:00:00,22.0,84,0.0,0.51,0.0,85
2024-11-07 01:00:00,20.2,95,0.0,1.0,0.0,83
2024-11-07 02:00:00,20.5,99,0.0,1.05,0.0,100
2024-11-07 03:00:00,20.7,100,0.0,1.35,0.0,99
2024-11-07 04:00:00,20.3,95,0.0,1.0,0.0,100
2024-11-07 05:00:00,20.5,96,0.0,1.08,0.0,100
2024-11-07 06:00:00,21.5,95,36.0,0.86,0.0,16
2024-11-07 07:00:00,23.2,85,186.0,1.19,0.0,6
2024-11-07 08:00:00,24.6,77,368.0,1.45,0.0,1
2024-11-07 09:00:00,26.0,77,526.0,1.41,0.0,1
2024-11-07 10:00:00,27.3,73,632.0,1.49,0.0,3
2024-11-07 11:00:00,28.0,69,637.0,1.99,0.0,9
2024-11-07 12:00:00,28.3,68,632.0,2.32,0.0,17
2024-11-07 13:00:00,28.2,67,511.0,2.36,0.0,9
2024-11-07 14:00:00,28.0,67,388.0,2.38,0.0,9
2024-11-07 15:00:00,27.2,73,224.0,2.12,0.0,10
2024-11-07 16:00:00,25.5,81,62.0,1.65,0.0,16
2024-11-07 17:00:00,24.8,84,0.0,2.11,0.0,12
2024-11-07 18:00:00,24.8,82,0.0,2.71,0.0,26
2024-11-07 19:00:00,24.4,82,0.0,2.85,0.0,33
2024-11-07 20:00:00,24.0,83,0.0,2.84,0.0,21
2024-11-07 21:00:00,23.3,88,0.0,2.73,0.0,2
2024-11-07 22:00:00,22.7,90,0.0,2.46,0.0,0
2024-11-07 23:00:00,22.0,93,0.0,1.77,0.0,0
2024-11-08 00:00:00,21.7,96,0.0,1.76,0.0,0
2024-11-08 01:00:00,21.5,98,0.0,2.47,0.0,0
2024-11-08 02:00:00,21.0,99,0.0,2.47,0.0,0
2024-11-08 03:00:00,20.6,98,0.0,2.35,0.0,0
2024-11-08 04:00:00,20.1,96,0.0,2.3,0.0,0
2024-11-08 05:00:00,19.8,96,0.0,2.4,0.0,0
2024-11-08 06:00:00,20.4,94,32.0,3.21,0.0,39
2024-11-08 07:00:00,22.1,90,186.0,2.95,0.0,13
2024-11-08 08:00:00,23.7,85,360.0,2.69,0.0,10
2024-11-08 09:00:00,25.2,79,518.0,2.74,0.0,5
2024-11-08 10:00:00,26.3,71,626.0,2.69,0.0,2
2024-11-08 11:00:00,27.2,65,670.0,2.74,0.0,0
2024-11-08 12:00:00,27.7,63,647.0,2.85,0.0,0
2024-11-08 13:00:00,27.8,62,558.0,2.86,0.0,0
2024-11-08 14:00:00,27.6,63,414.0,2.9,0.0,0
2024-11-08 15:00:00,26.6,71,234.0,2.47,0.0,0
2024-11-08 16:00:00,24.7,78,64.0,2.15,0.0,0
2024-11-08 17:00:00,23.6,83,0.0,2.11,0.0,0
2024-11-08 18:00:00,23.5,83,0.0,2.1,0.0,0
2024-11-08 19:00:00,23.2,83,0.0,2.4,0.0,0
2024-11-08 20:00:00,22.9,83,0.0,2.68,0.0,0
2024-11-08 21:00:00,22.6,84,0.0,2.66,0.0,0
2024-11-08 22:00:00,22.1,86,0.0,2.45,0.0,0
2024-11-08 23:00:00,21.5,89,0.0,2.07,0.0,0
2024-11-09 00:00:00,21.0,94,0.0,1.8,0.0,0
2024-11-09 01:00:00,20.6,97,0.0,1.57,0.0,0
2024-11-09 02:00:00,20.4,99,0.0,1.52,0.0,0
2024-11-09 03:00:00,20.2,99,0.0,1.52,0.0,0
2024-11-09 04:00:00,20.1,99,0.0,1.57,0.0,12
2024-11-09 05:00:00,20.0,100,0.0,1.81,0.0,100
2024-11-09 06:00:00,20.3,97,30.0,2.2,0.0,49
2024-11-09 07:00:00,21.8,90,174.0,2.1,0.0,18
2024-11-09 08:00:00,23.6,83,365.0,2.4,0.0,0
2024-11-09 09:00:00,25.3,75,521.0,2.75,0.0,0
2024-11-09 10:00:00,26.6,69,626.0,2.72,0.0,0
2024-11-09 11:00:00,27.6,64,667.0,2.96,0.0,0
2024-11-09 12:00:00,28.2,60,642.0,3.17,0.0,0
2024-11-09 13:00:00,28.3,60,553.0,3.34,0.0,0
2024-11-09 14:00:00,27.9,63,409.0,3.54,0.0,0
2024-11-09 15:00:00,26.9,69,230.0,2.79,0.0,0
2024-11-09 16:00:00,25.1,75,62.0,2.45,0.0,0
2024-11-09 17:00:00,24.3,80,0.0,2.58,0.0,0
2024-11-09 18:00:00,23.4,86,0.0,1.66,0.0,0
2024-11-09 19:00:00,22.5,91,0.0,1.84,0.0,0
2024-11-09 20:00:00,22.0,93,0.0,2.05,0.0,0
2024-11-09 21:00:00,21.6,93,0.0,1.98,0.0,0
2024-11-09 22:00:00,21.5,93,0.0,1.63,0.0,0
2024-11-09 23:00:00,21.1,94,0.0,1.46,0.0,0
2024-11-10 00:00:00,20.7,96,0.0,1.28,0.0,0
2024-11-10 01:00:00,20.2,97,0.0,1.22,0.0,0
2024-11-10 02:00:00,19.9,98,0.0,1.2,0.0,0
2024-11-10 03:00:00,19.9,98,0.0,1.17,0.0,0
2024-11-10 04:00:00,20.0,98,0.0,1.4,0.0,0
2024-11-10 05:00:00,19.6,97,0.0,1.37,0.0,0
2024-11-10 06:00:00,20.9,92,32.0,2.0,0.0,1
2024-11-10 07:00:00,22.8,81,181.0,1.76,0.0,0
2024-11-10 08:00:00,24.5,78,363.0,2.01,0.0,0
2024-11-10 09:00:00,26.0,75,518.0,2.61,0.0,0
2024-11-10 10:00:00,27.3,70,623.0,3.24,0.0,0
2024-11-10 11:00:00,28.2,67,662.0,3.12,0.0,1
2024-11-10 12:00:00,28.7,65,634.0,2.92,0.0,1
2024-11-10 13:00:00,28.9,64,544.0,2.77,0.0,2
2024-11-10 14:00:00,28.6,65,403.0,2.97,0.0,2
2024-11-10 15:00:00,27.6,71,224.0,2.56,0.0,2
2024-11-10 16:00:00,25.2,81,59.0,1.55,0.0,2
2024-11-10 17:00:00,23.9,87,0.0,2.15,0.0,0
2024-11-10 18:00:00,24.6,83,0.0,1.68,0.0,8
2024-11-10 19:00:00,23.7,89,0.0,1.79,0.0,5
2024-11-10 20:00:00,23.3,90,0.0,1.7,0.0,0
2024-11-10 21:00:00,22.6,93,0.0,1.78,0.0,3
2024-11-10 22:00:00,21.9,96,0.0,1.61,0.0,7
2024-11-10 23:00:00,21.5,97,0.0,1.7,0.0,4
2024-11-11 00:00:00,21.2,97,0.0,1.59,0.0,1
2024-11-11 01:00:00,20.8,99,0.0,1.4,0.0,0
2024-11-11 02:00:00,20.7,99,0.0,1.17,0.0,0
2024-11-11 03:00:00,20.8,99,0.0,1.4,0.0,0
2024-11-11 04:00:00,20.5,100,0.0,1.44,0.0,0
2024-11-11 05:00:00,20.1,99,0.0,1.41,0.0,1
2024-11-11 06:00:00,20.8,95,27.0,1.5,0.0,6
2024-11-11 07:00:00,22.9,87,156.0,0.83,0.0,0
2024-11-11 08:00:00,25.1,79,348.0,1.17,0.0,0
2024-11-11 09:00:00,26.6,74,514.0,1.7,0.0,0
2024-11-11 10:00:00,27.6,71,622.0,1.95,0.0,0
2024-11-11 11:00:00,28.5,67,663.0,1.97,0.0,3
2024-11-11 12:00:00,29.1,64,639.0,1.81,0.0,2
2024-11-11 13:00:00,29.4,61,548.0,1.96,0.0,3
2024-11-11 14:00:00,29.1,62,402.0,2.17,0.0,5
2024-11-11 15:00:00,28.0,70,223.0,1.91,0.0,6
2024-11-11 16:00:00,25.9,77,57.0,1.88,0.0,7
2024-11-11 17:00:00,24.4,84,0.0,1.59,0.0,5
2024-11-11 18:00:00,24.6,83,0.0,1.78,0.0,33
2024-11-11 19:00:00,24.1,86,0.0,1.56,0.0,23
2024-11-11 20:00:00,23.4,90,0.0,1.53,0.0,31
2024-11-11 21:00:00,23.2,90,0.0,1.74,0.0,12
2024-11-11 22:00:00,23.1,92,0.0,0.95,0.0,14
2024-11-11 23:00:00,23.2,94,0.0,0.99,0.0,10
2024-11-12 00:00:00,22.8,98,0.0,0.67,0.0,15
2024-11-12 01:00:00,21.3,99,0.0,1.15,0.0,17
2024-11-12 02:00:00,21.2,98,0.0,1.07,0.0,17
2024-11-12 03:00:00,20.6,98,0.0,1.07,0.0,6
2024-11-12 04:00:00,20.3,99,0.0,1.05,0.0,0
2024-11-12 05:00:00,20.5,100,0.0,0.87,0.0,94
2024-11-12 06:00:00,21.4,96,15.0,1.93,1.0,83
2024-11-12 07:00:00,22.0,92,100.0,0.45,0.7,53
2024-11-12 08:00:00,23.4,85,271.0,1.17,0.1,75
2024-11-12 09:00:00,24.9,78,376.0,1.65,0.0,92
2024-11-12 10:00:00,26.9,69,565.0,1.93,0.0,60
2024-11-12 11:00:00,27.7,66,604.0,1.7,0.0,15
2024-11-12 12:00:00,28.2,64,596.0,1.6,0.0,32
2024-11-12 13:00:00,28.6,61,540.0,1.34,0.0,6
2024-11-12 14:00:00,28.7,60,397.0,1.06,0.0,11
2024-11-12 15:00:00,27.8,78,214.0,0.63,0.0,6
2024-11-12 16:00:00,25.4,79,55.0,1.55,0.0,9
2024-11-12 17:00:00,23.8,90,0.0,1.69,0.0,10
2024-11-12 18:00:00,23.1,92,0.0,3.79,0.2,63
2024-11-12 19:00:00,23.3,87,0.0,1.86,0.2,48
2024-11-12 20:00:00,23.3,86,0.0,0.52,0.1,26
2024-11-12 21:00:00,22.7,92,0.0,1.12,0.0,8
2024-11-12 22:00:00,22.5,92,0.0,0.6,0.0,12
2024-11-12 23:00:00,22.3,91,0.0,0.56,0.0,12
2024-11-13 00:00:00,22.1,90,0.0,0.96,0.0,12
2024-11-13 01:00:00,22.0,91,0.0,0.11,0.0,7
2024-11-13 02:00:00,21.2,95,0.0,0.99,0.0,9
2024-11-13 03:00:00,20.9,98,0.0,0.97,0.0,11
2024-11-13 04:00:00,20.5,100,0.0,0.72,0.0,4
2024-11-13 05:00:00,20.2,100,0.0,0.85,0.0,96
2024-11-13 06:00:00,21.2,99,26.0,1.71,0.0,3
2024-11-13 07:00:00,23.0,88,163.0,0.9,0.0,4
2024-11-13 08:00:00,24.9,78,345.0,0.67,0.0,0
2024-11-13 09:00:00,26.2,71,500.0,1.2,0.0,2
2024-11-13 10:00:00,27.0,66,590.0,1.45,0.0,12
2024-11-13 11:00:00,27.7,63,615.0,1.48,0.0,6
2024-11-13 12:00:00,28.1,61,602.0,1.36,0.0,5
2024-11-13 13:00:00,28.4,58,523.0,1.57,0.0,2
2024-11-13 14:00:00,28.3,59,387.0,1.82,0.0,2
2024-11-13 15:00:00,27.5,68,216.0,0.79,0.0,3
2024-11-13 16:00:00,25.8,76,54.0,0.57,0.0,18
2024-11-13 17:00:00,24.4,86,0.0,1.2,0.0,13
2024-11-13 18:00:00,24.7,82,0.0,0.35,0.0,9
2024-11-13 19:00:00,23.8,87,0.0,0.46,0.0,11
2024-11-13 20:00:00,23.0,94,0.0,1.16,0.0,1
2024-11-13 21:00:00,22.3,95,0.0,1.33,0.0,3
2024-11-13 22:00:00,21.9,95,0.0,0.68,0.0,2
2024-11-13 23:00:00,21.4,98,0.0,0.25,0.0,2
2024-11-14 00:00:00,21.2,98,0.0,0.11,0.0,6
2024-11-14 01:00:00,20.7,100,0.0,0.65,0.0,14
2024-11-14 02:00:00,20.6,100,0.0,0.67,0.0,12
2024-11-14 03:00:00,20.5,100,0.0,0.28,0.0,7
2024-11-14 04:00:00,20.1,98,0.0,0.54,0.0,0
2024-11-14 05:00:00,19.9,99,0.0,0.5,0.0,0
2024-11-14 06:00:00,21.2,100,26.0,0.58,0.0,97
2024-11-14 07:00:00,23.0,88,146.0,0.46,0.0,6
2024-11-14 08:00:00,25.2,76,337.0,0.72,0.0,0
2024-11-14 09:00:00,26.7,70,499.0,1.14,0.0,0
2024-11-14 10:00:00,27.7,63,601.0,1.25,0.0,1
2024-11-14 11:00:00,28.5,58,641.0,1.35,0.0,2
2024-11-14 12:00:00,28.9,56,616.0,1.28,0.0,2
2024-11-14 13:00:00,29.1,55,528.0,1.26,0.0,2
2024-11-14 14:00:00,28.8,57,386.0,1.82,0.0,3
2024-11-14 15:00:00,27.7,67,216.0,1.36,0.0,2
2024-11-14 16:00:00,25.3,77,55.0,1.34,0.0,2
2024-11-14 17:00:00,24.7,78,0.0,0.55,0.0,2
2024-11-14 18:00:00,24.5,79,0.0,0.16,0.0,1
2024-11-14 19:00:00,23.3,89,0.0,0.96,0.0,0
2024-11-14 20:00:00,22.5,94,0.0,1.14,0.0,0
2024-11-14 21:00:00,21.7,97,0.0,0.79,0.0,0
2024-11-14 22:00:00,21.2,98,0.0,0.73,0.0,0
2024-11-14 23:00:00,21.0,98,0.0,0.4,0.0,0
2024-11-15 00:00:00,20.8,98,0.0,0.07,0.0,0
2024-11-15 01:00:00,20.4,100,0.0,0.14,0.0,0
2024-11-15 02:00:00,20.2,100,0.0,0.25,0.0,99
2024-11-15 03:00:00,20.2,100,0.0,0.25,0.0,98
2024-11-15 04:00:00,19.7,100,0.0,0.57,0.0,96
2024-11-15 05:00:00,19.4,100,0.0,0.45,0.0,43
2024-11-15 06:00:00,20.8,95,27.0,0.56,0.0,5
2024-11-15 07:00:00,22.6,89,158.0,0.25,0.0,3
2024-11-15 08:00:00,24.5,78,340.0,0.29,0.0,0
2024-11-15 09:00:00,25.9,71,497.0,0.43,0.0,0
2024-11-15 10:00:00,27.0,64,602.0,0.89,0.0,3
2024-11-15 11:00:00,27.7,60,635.0,1.01,0.0,4
2024-11-15 12:00:00,28.2,57,607.0,0.74,0.0,3
2024-11-15 13:00:00,28.5,55,523.0,0.73,0.0,1
2024-11-15 14:00:00,28.3,55,388.0,1.68,0.0,2
2024-11-15 15:00:00,27.2,66,216.0,1.4,0.0,1
2024-11-15 16:00:00,24.7,76,54.0,1.32,0.0,1
2024-11-15 17:00:00,24.2,77,0.0,0.6,0.0,1
2024-11-15 18:00:00,24.1,77,0.0,0.05,0.0,41
2024-11-15 19:00:00,22.6,89,0.0,0.95,0.0,7
2024-11-15 20:00:00,21.7,94,0.0,1.16,0.0,0
2024-11-15 21:00:00,21.0,95,0.0,1.08,0.0,0
2024-11-15 22:00:00,20.6,96,0.0,0.87,0.0,0
2024-11-15 23:00:00,20.2,98,0.0,0.61,0.0,0
2024-11-16 00:00:00,19.9,100,0.0,0.35,0.0,0
2024-11-16 01:00:00,19.9,100,0.0,0.14,0.0,96
2024-11-16 02:00:00,19.9,100,0.0,0.21,0.0,25
2024-11-16 03:00:00,19.6,98,0.0,0.61,0.0,5
2024-11-16 04:00:00,19.1,100,0.0,1.0,0.0,2
2024-11-16 05:00:00,19.2,99,0.0,0.97,0.0,1
2024-11-16 06:00:00,20.5,98,26.0,1.34,0.0,0
2024-11-16 07:00:00,22.9,82,167.0,0.96,0.0,0
2024-11-16 08:00:00,24.8,73,341.0,0.96,0.0,0
2024-11-16 09:00:00,26.2,68,490.0,1.17,0.0,0
2024-11-16 10:00:00,27.0,63,587.0,1.07,0.1,25
2024-11-16 11:00:00,27.3,61,593.0,0.78,0.1,14
2024-11-16 12:00:00,27.8,58,558.0,1.18,0.0,5
2024-11-16 13:00:00,28.1,57,503.0,1.73,0.0,2
2024-11-16 14:00:00,27.9,57,376.0,1.19,0.0,4
2024-11-16 15:00:00,27.1,66,210.0,0.76,0.0,11
2024-11-16 16:00:00,25.3,72,51.0,0.65,0.0,7
2024-11-16 17:00:00,24.3,78,0.0,0.57,0.0,5
2024-11-16 18:00:00,24.3,79,0.0,0.14,0.0,6
2024-11-16 19:00:00,23.8,82,0.0,0.25,0.0,15
2024-11-16 20:00:00,23.0,87,0.0,0.7,0.0,15
2024-11-16 21:00:00,22.5,90,0.0,0.41,0.0,55
2024-11-16 22:00:00,22.2,93,0.0,0.11,0.0,83
2024-11-16 23:00:00,22.1,94,0.0,0.07,0.0,40
2024-11-17 00:00:00,22.2,93,0.0,0.11,0.0,95
2024-11-17 01:00:00,21.6,97,0.0,0.22,0.0,9
2024-11-17 02:00:00,21.0,100,0.0,0.39,0.0,97
2024-11-17 03:00:00,20.7,100,0.0,0.3,0.0,97
2024-11-17 04:00:00,20.6,100,0.0,0.27,0.0,97
2024-11-17 05:00:00,20.4,100,0.0,0.56,0.0,96
2024-11-17 06:00:00,21.2,100,22.0,1.01,0.0,100
2024-11-17 07:00:00,22.5,94,127.0,1.05,0.0,53
2024-11-17 08:00:00,24.4,81,313.0,1.2,0.0,3
2024-11-17 09:00:00,25.9,72,485.0,1.43,0.0,0
2024-11-17 10:00:00,27.0,64,591.0,1.39,0.0,3
2024-11-17 11:00:00,27.7,57,609.0,1.28,0.0,12
2024-11-17 12:00:00,28.3,53,579.0,1.33,0.0,13
2024-11-17 13:00:00,28.4,52,486.0,1.64,0.0,10
2024-11-17 14:00:00,28.1,54,365.0,1.95,0.0,6
2024-11-17 15:00:00,26.9,64,207.0,1.8,0.0,5
2024-11-17 16:00:00,24.5,71,51.0,1.41,0.0,6
2024-11-17 17:00:00,24.0,75,0.0,0.38,0.0,24
2024-11-17 18:00:00,23.4,86,0.0,0.35,0.0,30
2024-11-17 19:00:00,22.5,92,0.0,0.76,0.0,22
2024-11-17 20:00:00,21.9,93,0.0,0.7,0.0,27
2024-11-17 21:00:00,21.7,94,0.0,0.14,0.0,21
2024-11-17 22:00:00,21.3,98,0.0,0.07,0.0,34
2024-11-17 23:00:00,21.1,98,0.0,0.07,0.0,28
2024-11-18 00:00:00,20.7,99,0.0,0.72,0.0,11
2024-11-18 01:00:00,20.3,100,0.0,0.93,0.0,95
2024-11-18 02:00:00,20.0,100,0.0,0.98,0.0,93
2024-11-18 03:00:00,19.6,100,0.0,0.81,0.0,94
2024-11-18 04:00:00,19.7,100,0.0,1.24,0.0,94
2024-11-18 05:00:00,19.4,100,0.0,1.41,0.0,94
2024-11-18 06:00:00,20.1,99,20.0,1.35,0.0,26
2024-11-18 07:00:00,21.7,90,146.0,1.61,0.0,2
2024-11-18 08:00:00,23.4,81,335.0,1.75,0.0,0
2024-11-18 09:00:00,25.2,73,491.0,1.75,0.0,0
2024-11-18 10:00:00,26.8,65,595.0,2.09,0.0,0
2024-11-18 11:00:00,27.8,58,637.0,2.31,0.0,2
2024-11-18 12:00:00,28.6,52,610.0,2.43,0.0,1
2024-11-18 13:00:00,28.7,49,525.0,2.38,0.0,2
2024-11-18 14:00:00,28.2,50,381.0,2.59,0.0,3
2024-11-18 15:00:00,26.8,60,211.0,1.9,0.0,3
2024-11-18 16:00:00,24.6,69,52.0,0.91,0.0,3
2024-11-18 17:00:00,23.8,75,0.0,0.32,0.0,2
2024-11-18 18:00:00,23.1,80,0.0,0.43,0.0,0
2024-11-18 19:00:00,22.0,89,0.0,0.18,0.0,0
2024-11-18 20:00:00,21.2,95,0.0,0.25,0.0,0
2024-11-18 21:00:00,20.5,97,0.0,0.69,0.0,0
2024-11-18 22:00:00,20.3,96,0.0,0.93,0.0,0
2024-11-18 23:00:00,20.1,95,0.0,0.67,0.0,0
2024-11-19 00:00:00,19.9,97,0.0,0.47,0.0,0
2024-11-19 01:00:00,19.5,100,0.0,0.63,0.0,94
2024-11-19 02:00:00,19.5,100,0.0,0.99,0.0,0
2024-11-19 03:00:00,19.1,100,0.0,1.04,0.0,95
2024-11-19 04:00:00,18.9,96,0.0,1.27,0.0,16
2024-11-19 05:00:00,18.9,98,0.0,1.32,0.0,0
2024-11-19 06:00:00,19.6,94,23.0,2.0,0.0,3
2024-11-19 07:00:00,21.5,83,160.0,1.57,0.0,0
2024-11-19 08:00:00,23.3,76,338.0,1.82,0.0,0
2024-11-19 09:00:00,25.2,70,494.0,1.99,0.0,0
2024-11-19 10:00:00,26.8,63,600.0,2.25,0.0,0
2024-11-19 11:00:00,27.9,57,644.0,2.45,0.0,0
2024-11-19 12:00:00,28.6,51,620.0,2.5,0.0,1
2024-11-19 13:00:00,28.7,48,531.0,2.51,0.0,0
2024-11-19 14:00:00,28.4,49,388.0,2.37,0.0,2
2024-11-19 15:00:00,26.9,62,211.0,1.19,0.0,10
2024-11-19 16:00:00,24.1,74,49.0,1.21,0.0,8
2024-11-19 17:00:00,23.4,78,0.0,0.3,0.0,10
2024-11-19 18:00:00,23.1,80,0.0,0.76,0.0,5
2024-11-19 19:00:00,22.5,84,0.0,0.75,0.0,3
2024-11-19 20:00:00,21.7,88,0.0,1.32,0.0,3
2024-11-19 21:00:00,21.2,88,0.0,1.41,0.0,1
2024-11-19 22:00:00,20.6,91,0.0,1.41,0.0,0
2024-11-19 23:00:00,20.0,93,0.0,1.46,0.0,0
2024-11-20 00:00:00,19.2,97,0.0,1.32,0.0,0
2024-11-20 01:00:00,18.8,98,0.0,1.3,0.0,0
2024-11-20 02:00:00,18.6,98,0.0,1.35,0.0,0
2024-11-20 03:00:00,18.2,100,0.0,1.4,0.0,0
2024-11-20 04:00:00,17.8,100,0.0,1.45,0.0,93
2024-11-20 05:00:00,17.5,100,0.0,1.6,0.0,7
2024-11-20 06:00:00,18.2,92,18.0,1.88,0.0,19
2024-11-20 07:00:00,19.6,87,127.0,1.75,0.0,41
2024-11-20 08:00:00,22.1,79,313.0,1.59,0.0,1
2024-11-20 09:00:00,24.5,71,487.0,2.19,0.0,0
2024-11-20 10:00:00,26.6,59,592.0,2.59,0.0,7
2024-11-20 11:00:00,28.0,49,632.0,2.86,0.0,21
2024-11-20 12:00:00,28.6,45,572.0,3.18,0.0,21
2024-11-20 13:00:00,28.5,46,476.0,3.29,0.0,23
2024-11-20 14:00:00,28.0,50,344.0,2.5,0.0,6
2024-11-20 15:00:00,26.7,62,201.0,1.19,0.0,17
2024-11-20 16:00:00,24.6,64,48.0,0.57,0.0,10
2024-11-20 17:00:00,23.1,71,0.0,0.46,0.0,10
2024-11-20 18:00:00,23.0,76,0.0,0.62,0.0,22
2024-11-20 19:00:00,22.6,81,0.0,0.81,0.0,38
2024-11-20 20:00:00,21.9,85,0.0,1.14,0.0,7
2024-11-20 21:00:00,21.3,89,0.0,1.35,0.0,1
2024-11-20 22:00:00,20.4,93,0.0,1.31,0.0,3
2024-11-20 23:00:00,19.7,97,0.0,1.26,0.0,3
2024-11-21 00:00:00,19.4,98,0.0,1.23,0.0,1
2024-11-21 01:00:00,18.8,95,0.0,1.2,0.0,1
2024-11-21 02:00:00,18.1,93,0.0,0.97,0.0,1
2024-11-21 03:00:00,17.5,92,0.0,0.72,0.0,0
2024-11-21 04:00:00,17.1,96,0.0,0.29,0.0,0
2024-11-21 05:00:00,17.1,94,0.0,0.63,0.0,1
2024-11-21 06:00:00,18.1,100,21.0,1.25,0.0,97
2024-11-21 07:00:00,20.7,88,155.0,1.39,0.0,0
2024-11-21 08:00:00,23.3,73,327.0,1.9,0.0,1
2024-11-21 09:00:00,24.9,68,472.0,1.87,0.0,6
2024-11-21 10:00:00,25.9,65,561.0,2.16,0.0,5
2024-11-21 11:00:00,27.2,61,612.0,2.23,0.0,3
2024-11-21 12:00:00,28.3,55,601.0,2.7,0.0,15
2024-11-21 13:00:00,28.9,44,480.0,3.1,0.0,20
2024-11-21 14:00:00,28.1,48,342.0,3.07,0.0,14
2024-11-21 15:00:00,26.7,55,192.0,2.83,0.0,14
2024-11-21 16:00:00,24.3,68,43.0,1.54,0.0,24
2024-11-21 17:00:00,23.5,71,0.0,0.29,0.0,11
2024-11-21 18:00:00,22.2,81,0.0,2.79,0.0,77
2024-11-21 19:00:00,19.8,90,0.0,2.25,0.1,18
2024-11-21 20:00:00,19.8,91,0.0,2.4,0.0,11
2024-11-21 21:00:00,19.9,91,0.0,1.12,0.0,21
2024-11-21 22:00:00,19.8,92,0.0,0.32,0.0,15
2024-11-21 23:00:00,19.4,97,0.0,0.18,0.0,14
2024-11-22 00:00:00,19.1,99,0.0,0.21,0.0,23
2024-11-22 01:00:00,19.0,100,0.0,0.2,0.0,99
2024-11-22 02:00:00,18.6,100,0.0,0.72,0.0,96
2024-11-22 03:00:00,18.2,99,0.0,0.89,0.0,26
2024-11-22 04:00:00,17.8,98,0.0,0.67,0.0,16
2024-11-22 05:00:00,17.4,96,0.0,0.47,0.0,4
2024-11-22 06:00:00,18.5,89,19.0,1.73,0.0,43
2024-11-22 07:00:00,20.3,79,127.0,0.8,0.2,46
2024-11-22 08:00:00,21.9,69,259.0,1.03,0.0,43
2024-11-22 09:00:00,23.4,65,364.0,0.61,0.0,21
2024-11-22 10:00:00,24.9,62,513.0,0.64,0.0,22
2024-11-22 11:00:00,25.7,61,541.0,0.76,0.0,21
2024-11-22 12:00:00,26.3,60,557.0,0.78,0.0,34
2024-11-22 13:00:00,26.5,58,418.0,0.89,0.0,19
2024-11-22 14:00:00,26.4,58,316.0,1.27,0.0,14
2024-11-22 15:00:00,25.5,66,183.0,1.0,0.0,30
2024-11-22 16:00:00,23.1,79,40.0,1.5,0.0,34
2024-11-22 17:00:00,21.6,87,0.0,3.17,0.1,44
2024-11-22 18:00:00,21.7,84,0.0,3.72,0.1,95
2024-11-22 19:00:00,21.1,84,0.0,1.99,0.1,28
2024-11-22 20:00:00,20.0,87,0.0,1.32,0.0,100
2024-11-22 21:00:00,19.5,90,0.0,0.99,0.1,100
2024-11-22 22:00:00,19.2,95,0.0,0.96,0.0,98
2024-11-22 23:00:00,18.8,96,0.0,0.74,0.0,75
2024-11-23 00:00:00,18.5,98,0.0,0.85,0.0,12
2024-11-23 01:00:00,18.2,97,0.0,1.12,0.0,7
2024-11-23 02:00:00,18.1,98,0.0,1.15,0.0,5
2024-11-23 03:00:00,17.6,100,0.0,0.68,0.0,21
2024-11-23 04:00:00,17.6,100,0.0,0.14,0.0,98
2024-11-23 05:00:00,17.6,100,0.0,0.18,0.0,98
2024-11-23 06:00:00,18.2,98,14.0,1.1,0.0,87
2024-11-23 07:00:00,19.9,87,103.0,0.62,0.0,24
2024-11-23 08:00:00,22.1,76,281.0,0.75,0.0,10
2024-11-23 09:00:00,24.1,67,455.0,1.78,0.0,2
2024-11-23 10:00:00,24.7,68,544.0,1.64,0.0,23
2024-11-23 11:00:00,25.4,63,566.0,1.0,0.0,11
2024-11-23 12:00:00,25.9,59,543.0,1.2,0.3,41
2024-11-23 13:00:00,25.8,56,386.0,1.53,0.7,37
2024-11-23 14:00:00,25.5,60,312.0,1.77,0.0,13
2024-11-23 15:00:00,24.8,66,186.0,1.35,0.0,13
2024-11-23 16:00:00,23.1,73,46.0,0.51,0.0,33
2024-11-23 17:00:00,22.4,75,0.0,0.05,0.0,34
2024-11-23 18:00:00,21.2,94,0.0,0.57,0.0,6
2024-11-23 19:00:00,20.7,97,0.0,1.34,0.0,28
2024-11-23 20:00:00,20.6,90,0.0,1.3,0.0,73
2024-11-23 21:00:00,20.7,90,0.0,2.17,0.0,62
2024-11-23 22:00:00,20.1,92,0.0,0.25,0.0,37
2024-11-23 23:00:00,19.5,95,0.0,0.84,0.0,49
2024-11-24 00:00:00,19.3,96,0.0,0.89,0.0,39
2024-11-24 01:00:00,19.1,95,0.0,0.64,0.0,77
2024-11-24 02:00:00,18.6,96,0.0,0.74,0.0,41
2024-11-24 03:00:00,18.2,100,0.0,0.55,0.0,67
2024-11-24 04:00:00,18.4,100,0.0,0.72,0.0,100
2024-11-24 05:00:00,18.6,98,0.0,0.57,0.0,45
2024-11-24 06:00:00,19.5,95,13.0,2.14,0.0,57
2024-11-24 07:00:00,20.0,92,101.0,1.7,0.0,39
2024-11-24 08:00:00,21.2,83,246.0,1.05,0.0,22
2024-11-24 09:00:00,22.8,72,400.0,1.41,0.0,31
2024-11-24 10:00:00,24.1,65,473.0,1.21,0.0,17
2024-11-24 11:00:00,25.0,62,555.0,1.17,0.0,25
2024-11-24 12:00:00,25.4,59,544.0,1.42,0.0,21
2024-11-24 13:00:00,25.4,60,441.0,1.59,0.0,27
2024-11-24 14:00:00,25.2,58,334.0,1.33,0.2,31
2024-11-24 15:00:00,24.3,64,173.0,0.82,0.3,49
2024-11-24 16:00:00,22.0,81,33.0,0.66,0.3,48
2024-11-24 17:00:00,21.4,85,0.0,0.72,0.0,57
2024-11-24 18:00:00,20.7,81,0.0,1.41,0.0,73
2024-11-24 19:00:00,20.5,81,0.0,0.96,0.0,75
2024-11-24 20:00:00,20.3,86,0.0,0.81,0.4,63
2024-11-24 21:00:00,19.5,91,0.0,1.1,0.1,53
2024-11-24 22:00:00,19.1,93,0.0,2.86,0.0,36
2024-11-24 23:00:00,19.0,94,0.0,1.45,0.0,66
2024-11-25 00:00:00,18.7,96,0.0,1.4,0.0,61
2024-11-25 01:00:00,18.3,97,0.0,1.07,0.0,48
2024-11-25 02:00:00,18.2,97,0.0,0.95,0.0,36
2024-11-25 03:00:00,18.0,97,0.0,1.19,0.0,30
2024-11-25 04:00:00,18.0,96,0.0,1.32,0.0,30
2024-11-25 05:00:00,17.9,98,0.0,1.56,0.0,48
2024-11-25 06:00:00,18.4,94,16.0,2.37,0.0,36
2024-11-25 07:00:00,19.5,89,129.0,2.8,0.0,36
2024-11-25 08:00:00,21.1,80,290.0,2.89,0.0,26
2024-11-25 09:00:00,22.5,75,430.0,3.1,0.0,30
2024-11-25 10:00:00,24.0,65,559.0,3.53,0.0,14
2024-11-25 11:00:00,24.9,60,599.0,3.61,0.0,4
2024-11-25 12:00:00,25.4,57,579.0,3.43,0.0,4
2024-11-25 13:00:00,25.5,56,498.0,3.32,0.0,4
2024-11-25 14:00:00,25.1,56,354.0,3.93,0.0,39
2024-11-25 15:00:00,24.3,61,198.0,2.17,0.0,23
2024-11-25 16:00:00,22.2,72,46.0,1.14,0.0,22
2024-11-25 17:00:00,21.3,79,0.0,1.11,0.0,37
2024-11-25 18:00:00,21.2,81,0.0,0.85,0.0,4
2024-11-25 19:00:00,20.4,86,0.0,1.19,0.0,4
2024-11-25 20:00:00,20.0,88,0.0,1.0,0.0,28
2024-11-25 21:00:00,19.9,91,0.0,1.17,0.0,49
2024-11-25 22:00:00,19.8,92,0.0,1.2,0.0,40
2024-11-25 23:00:00,19.6,93,0.0,0.91,0.0,60
2024-11-26 00:00:00,19.2,96,0.0,0.85,0.0,34
2024-11-26 01:00:00,18.3,100,0.0,0.71,0.0,22
2024-11-26 02:00:00,17.9,100,0.0,0.82,0.0,97
2024-11-26 03:00:00,17.6,100,0.0,1.2,0.0,19
2024-11-26 04:00:00,17.6,99,0.0,1.32,0.0,6
2024-11-26 05:00:00,17.4,99,0.0,1.47,0.0,3
2024-11-26 06:00:00,17.9,97,12.0,1.2,0.0,99
2024-11-26 07:00:00,18.9,93,85.0,1.35,0.0,27
2024-11-26 08:00:00,20.4,86,222.0,1.68,0.0,18
2024-11-26 09:00:00,22.7,76,441.0,1.92,0.0,5
2024-11-26 10:00:00,24.8,65,561.0,2.39,0.0,85
2024-11-26 11:00:00,25.9,57,593.0,2.85,0.0,87
2024-11-26 12:00:00,26.3,54,545.0,3.09,0.0,95
2024-11-26 13:00:00,26.4,53,448.0,3.26,0.0,84
2024-11-26 14:00:00,26.3,52,360.0,3.05,0.0,60
2024-11-26 15:00:00,25.2,58,185.0,1.82,0.0,81
2024-11-26 16:00:00,23.4,66,46.0,0.5,0.0,48
2024-11-26 17:00:00,22.2,72,0.0,0.81,0.0,83
2024-11-26 18:00:00,21.9,73,0.0,0.27,0.0,52
2024-11-26 19:00:00,21.4,80,0.0,0.76,0.0,47
2024-11-26 20:00:00,21.0,82,0.0,1.12,0.0,28
2024-11-26 21:00:00,20.0,89,0.0,0.86,0.0,16
2024-11-26 22:00:00,19.3,95,0.0,0.57,0.0,25
2024-11-26 23:00:00,19.0,98,0.0,0.16,0.0,19
2024-11-27 00:00:00,18.6,100,0.0,0.2,0.0,10
2024-11-27 01:00:00,18.3,100,0.0,0.18,0.0,99
2024-11-27 02:00:00,17.8,100,0.0,0.4,0.0,97
2024-11-27 03:00:00,17.5,100,0.0,0.89,0.0,94
2024-11-27 04:00:00,17.5,100,0.0,1.38,0.0,93
2024-11-27 05:00:00,16.9,100,0.0,1.6,0.0,92
2024-11-27 06:00:00,17.3,100,14.0,1.74,0.0,95
2024-11-27 07:00:00,18.9,93,115.0,1.86,0.0,2
2024-11-27 08:00:00,21.2,79,290.0,1.76,0.0,1
2024-11-27 09:00:00,23.1,74,460.0,2.15,0.0,0
2024-11-27 10:00:00,25.0,65,568.0,2.52,0.0,0
2024-11-27 11:00:00,26.4,56,609.0,2.84,0.0,2
2024-11-27 12:00:00,27.1,49,587.0,3.07,0.0,20
2024-11-27 13:00:00,27.0,47,464.0,3.39,0.0,11
2024-11-27 14:00:00,26.6,50,344.0,3.72,0.0,4
2024-11-27 15:00:00,25.5,57,200.0,1.72,0.0,6
2024-11-27 16:00:00,23.1,65,46.0,0.84,0.0,5
2024-11-27 17:00:00,21.3,76,0.0,1.12,0.0,10
2024-11-27 18:00:00,21.4,77,0.0,0.75,0.0,2
2024-11-27 19:00:00,20.5,83,0.0,1.4,0.0,2
2024-11-27 20:00:00,19.7,86,0.0,1.55,0.0,0
2024-11-27 21:00:00,19.4,89,0.0,1.71,0.0,1
2024-11-27 22:00:00,18.9,91,0.0,1.71,0.0,0
2024-11-27 23:00:00,18.2,93,0.0,1.71,0.0,0
2024-11-28 00:00:00,17.3,96,0.0,1.39,0.0,0
2024-11-28 01:00:00,16.7,98,0.0,1.3,0.0,0
2024-11-28 02:00:00,16.3,99,0.0,1.32,0.0,0
2024-11-28 03:00:00,16.0,100,0.0,1.42,0.0,0
2024-11-28 04:00:00,15.9,100,0.0,1.86,0.0,94
2024-11-28 05:00:00,15.7,100,0.0,1.95,0.0,94
2024-11-28 06:00:00,17.1,94,15.0,2.05,0.0,100
2024-11-28 07:00:00,18.6,86,134.0,2.3,0.0,100
2024-11-28 08:00:00,20.7,77,302.0,2.15,0.0,100
2024-11-28 09:00:00,23.0,68,448.0,2.37,0.0,100
2024-11-28 10:00:00,25.1,57,552.0,2.85,0.0,97
2024-11-28 11:00:00,26.6,48,605.0,3.65,0.0,96
2024-11-28 12:00:00,27.1,47,577.0,4.04,0.0,99
2024-11-28 13:00:00,27.2,47,503.0,4.25,0.0,100
2024-11-28 14:00:00,26.9,50,367.0,4.1,0.0,65
2024-11-28 15:00:00,25.5,56,201.0,2.66,0.0,24
2024-11-28 16:00:00,22.7,68,47.0,1.91,0.0,2
2024-11-28 17:00:00,21.3,77,0.0,1.81,0.0,18
2024-11-28 18:00:00,21.0,83,0.0,1.57,0.0,2
2024-11-28 19:00:00,20.3,87,0.0,1.6,0.0,1
2024-11-28 20:00:00,19.9,89,0.0,1.86,0.0,0
2024-11-28 21:00:00,19.3,91,0.0,2.01,0.0,0
2024-11-28 22:00:00,18.8,92,0.0,1.99,0.0,0
2024-11-28 23:00:00,18.0,95,0.0,1.65,0.0,0
2024-11-29 00:00:00,17.5,97,0.0,1.65,0.0,0
2024-11-29 01:00:00,17.3,98,0.0,1.69,0.0,0
2024-11-29 02:00:00,16.8,98,0.0,1.54,0.0,0
2024-11-29 03:00:00,16.3,99,0.0,1.42,0.0,0
2024-11-29 04:00:00,16.1,98,0.0,1.3,0.0,6
2024-11-29 05:00:00,15.8,100,0.0,1.61,0.0,20
2024-11-29 06:00:00,16.5,96,12.0,2.5,0.0,79
2024-11-29 07:00:00,18.1,88,111.0,2.08,0.0,59
2024-11-29 08:00:00,20.7,77,276.0,1.92,0.0,1
2024-11-29 09:00:00,23.3,67,467.0,2.44,0.0,0
2024-11-29 10:00:00,25.4,58,576.0,3.08,0.0,0
2024-11-29 11:00:00,26.8,51,623.0,3.57,0.0,0
2024-11-29 12:00:00,27.6,46,602.0,3.9,0.0,0
2024-11-29 13:00:00,27.7,43,518.0,3.94,0.0,0
2024-11-29 14:00:00,27.1,45,380.0,3.44,0.0,0
2024-11-29 15:00:00,25.4,53,207.0,2.28,0.0,0
2024-11-29 16:00:00,22.4,62,48.0,1.23,0.0,0
2024-11-29 17:00:00,21.1,70,0.0,1.1,0.0,0
2024-11-29 18:00:00,20.9,75,0.0,1.23,0.0,0
2024-11-29 19:00:00,20.3,80,0.0,1.19,0.0,0
2024-11-29 20:00:00,19.4,85,0.0,1.34,0.0,0
2024-11-29 21:00:00,18.7,90,0.0,1.48,0.0,0
2024-11-29 22:00:00,18.4,92,0.0,1.69,0.0,0
2024-11-29 23:00:00,18.1,92,0.0,1.73,0.0,0
2024-11-30 00:00:00,17.4,93,0.0,1.49,0.0,0
2024-11-30 01:00:00,16.8,94,0.0,1.27,0.0,0
2024-11-30 02:00:00,16.4,95,0.0,1.21,0.0,0
2024-11-30 03:00:00,16.2,99,0.0,1.32,0.0,0
2024-11-30 04:00:00,16.4,99,0.0,1.6,0.0,0
2024-11-30 05:00:00,15.8,100,0.0,1.13,0.0,94
2024-11-30 06:00:00,16.9,95,14.0,2.06,0.0,0
2024-11-30 07:00:00,19.2,83,135.0,2.05,0.0,0
2024-11-30 08:00:00,21.7,73,308.0,1.86,0.0,19
2024-11-30 09:00:00,23.8,66,465.0,2.57,0.0,84
2024-11-30 10:00:00,25.2,61,566.0,2.72,0.0,84
2024-11-30 11:00:00,26.5,55,616.0,2.53,0.0,78
2024-11-30 12:00:00,27.4,50,594.0,2.66,0.0,67
2024-11-30 13:00:00,27.8,46,511.0,2.76,0.0,88
2024-11-30 14:00:00,27.5,47,368.0,2.37,0.0,91
2024-11-30 15:00:00,25.7,55,199.0,1.91,0.0,91
2024-11-30 16:00:00,22.7,63,47.0,1.67,0.0,1
2024-11-30 17:00:00,21.3,68,0.0,1.68,0.0,12
2024-11-30 18:00:00,21.4,73,0.0,1.55,0.0,37
2024-11-30 19:00:00,21.0,76,0.0,1.65,0.0,37
2024-11-30 20:00:00,21.1,77,0.0,1.96,0.0,63
2024-11-30 21:00:00,20.4,80,0.0,1.85,0.0,4
2024-11-30 22:00:00,19.3,88,0.0,1.78,0.0,21
2024-11-30 23:00:00,18.5,92,0.0,1.56,0.0,81
2024-12-01 00:00:00,18.3,93,0.0,1.56,0.0,50
2024-12-01 01:00:00,17.7,95,0.0,1.46,0.0,7
2024-12-01 02:00:00,17.6,96,0.0,1.65,0.0,5
2024-12-01 03:00:00,16.8,97,0.0,1.3,0.0,3
2024-12-01 04:00:00,16.1,99,0.0,0.85,0.0,0
2024-12-01 05:00:00,15.8,100,0.0,1.35,0.0,93
2024-12-01 06:00:00,16.3,100,12.0,2.04,0.0,99
2024-12-01 07:00:00,18.0,92,108.0,2.06,0.0,59
2024-12-01 08:00:00,19.5,85,269.0,2.28,0.0,27
2024-12-01 09:00:00,21.6,74,447.0,2.34,0.0,30
2024-12-01 10:00:00,23.6,67,555.0,2.18,0.0,56
2024-12-01 11:00:00,25.3,61,610.0,2.15,0.0,98
2024-12-01 12:00:00,26.5,55,588.0,2.41,0.0,91
2024-12-01 13:00:00,27.0,49,507.0,2.3,0.0,48
2024-12-01 14:00:00,26.8,48,369.0,2.02,0.0,97
2024-12-01 15:00:00,25.1,57,194.0,1.51,0.0,87
2024-12-01 16:00:00,22.3,64,46.0,1.17,0.0,8
2024-12-01 17:00:00,21.1,69,0.0,1.34,0.0,64
2024-12-01 18:00:00,21.3,69,0.0,0.51,0.0,64
2024-12-01 19:00:00,20.6,73,0.0,0.47,0.0,80
2024-12-01 20:00:00,19.7,81,0.0,0.55,0.0,92
2024-12-01 21:00:00,18.9,89,0.0,0.9,0.0,66
2024-12-01 22:00:00,18.3,93,0.0,0.86,0.0,49
2024-12-01 23:00:00,17.8,96,0.0,0.81,0.0,34
2024-12-02 00:00:00,17.5,98,0.0,0.78,0.0,17
2024-12-02 01:00:00,16.9,100,0.0,1.1,0.0,0
2024-12-02 02:00:00,16.3,100,0.0,1.35,0.0,0
2024-12-02 03:00:00,16.0,99,0.0,1.31,0.0,0
2024-12-02 04:00:00,15.7,98,0.0,1.37,0.0,0
2024-12-02 05:00:00,15.7,97,0.0,1.63,0.0,0
2024-12-02 06:00:00,16.5,93,12.0,2.2,0.0,1
2024-12-02 07:00:00,18.2,83,125.0,2.1,0.0,0
2024-12-02 08:00:00,20.5,74,295.0,1.78,0.0,0
2024-12-02 09:00:00,22.6,67,446.0,1.05,0.0,0
2024-12-02 10:00:00,24.3,62,555.0,1.74,0.0,0
2024-12-02 11:00:00,25.8,55,603.0,2.57,0.0,0
2024-12-02 12:00:00,26.6,52,585.0,3.05,0.0,0
2024-12-02 13:00:00,26.8,49,503.0,3.23,0.0,0
2024-12-02 14:00:00,26.4,49,369.0,2.8,0.0,0
2024-12-02 15:00:00,25.1,56,200.0,1.67,0.0,0
2024-12-02 16:00:00,22.3,65,47.0,1.45,0.0,0
2024-12-02 17:00:00,21.3,69,0.0,1.05,0.0,0
2024-12-02 18:00:00,21.5,69,0.0,0.41,0.0,1
2024-12-02 19:00:00,20.9,73,0.0,0.14,0.0,0
2024-12-02 20:00:00,20.1,79,0.0,0.11,0.0,0
2024-12-02 21:00:00,19.2,86,0.0,0.49,0.0,0
2024-12-02 22:00:00,18.0,94,0.0,1.21,0.0,0
2024-12-02 23:00:00,17.6,95,0.0,1.42,0.0,1
2024-12-03 00:00:00,17.3,95,0.0,1.01,0.0,1
2024-12-03 01:00:00,16.6,98,0.0,0.95,0.0,0
2024-12-03 02:00:00,16.1,100,0.0,1.1,0.0,94
2024-12-03 03:00:00,16.5,100,0.0,1.35,0.0,94
2024-12-03 04:00:00,16.3,100,0.0,1.38,0.0,93
2024-12-03 05:00:00,15.8,100,0.0,1.43,0.0,94
2024-12-03 06:00:00,16.4,98,11.0,1.51,0.0,0
2024-12-03 07:00:00,18.2,88,127.0,1.53,0.0,0
2024-12-03 08:00:00,20.1,79,296.0,1.36,0.0,0
2024-12-03 09:00:00,22.0,72,445.0,1.53,0.0,0
2024-12-03 10:00:00,23.9,65,553.0,1.83,0.0,0
2024-12-03 11:00:00,25.5,58,600.0,2.11,0.0,0
2024-12-03 12:00:00,26.4,52,582.0,2.11,0.0,0
2024-12-03 13:00:00,26.7,48,500.0,2.04,0.0,0
2024-12-03 14:00:00,26.5,48,366.0,1.63,0.0,0
2024-12-03 15:00:00,25.0,63,199.0,0.87,0.0,0
2024-12-03 16:00:00,22.2,66,47.0,0.79,0.0,0
2024-12-03 17:00:00,21.0,71,0.0,0.36,0.0,0
2024-12-03 18:00:00,20.7,78,0.0,0.53,0.0,3
2024-12-03 19:00:00,19.9,87,0.0,1.44,0.0,8
2024-12-03 20:00:00,19.8,87,0.0,0.97,0.0,17
2024-12-03 21:00:00,19.6,88,0.0,0.46,0.0,22
2024-12-03 22:00:00,19.2,90,0.0,0.49,0.0,19
2024-12-03 23:00:00,18.7,91,0.0,0.76,0.0,19
2024-12-04 00:00:00,18.6,89,0.0,0.7,0.0,24
2024-12-04 01:00:00,18.2,90,0.0,0.73,0.0,27
2024-12-04 02:00:00,17.9,90,0.0,0.63,0.0,18
2024-12-04 03:00:00,17.6,91,0.0,0.51,0.0,24
2024-12-04 04:00:00,17.3,93,0.0,0.39,0.0,32
2024-12-04 05:00:00,16.9,96,0.0,0.21,0.0,29
2024-12-04 06:00:00,17.2,100,9.0,0.72,0.1,61
2024-12-04 07:00:00,18.9,95,94.0,0.3,0.0,9
2024-12-04 08:00:00,20.9,85,271.0,1.05,0.0,6
2024-12-04 09:00:00,22.7,74,434.0,1.05,0.0,6
2024-12-04 10:00:00,24.0,67,536.0,1.0,0.0,3
2024-12-04 11:00:00,25.0,60,578.0,0.72,0.1,33
2024-12-04 12:00:00,25.5,57,532.0,0.9,0.0,40
2024-12-04 13:00:00,25.9,55,464.0,1.23,0.0,26
2024-12-04 14:00:00,25.8,55,355.0,1.61,0.0,18
2024-12-04 15:00:00,24.6,63,193.0,1.6,0.0,3
2024-12-04 16:00:00,22.0,73,45.0,1.35,0.0,5
2024-12-04 17:00:00,21.5,73,0.0,0.4,0.0,5
2024-12-04 18:00:00,21.0,77,0.0,0.3,0.0,6
2024-12-04 19:00:00,19.6,88,0.0,1.35,0.0,8
2024-12-04 20:00:00,18.8,92,0.0,1.08,0.0,13
2024-12-04 21:00:00,18.4,93,0.0,0.67,0.0,15
2024-12-04 22:00:00,18.3,93,0.0,0.4,0.0,17
2024-12-04 23:00:00,18.2,93,0.0,0.38,0.0,25
2024-12-05 00:00:00,18.1,93,0.0,0.25,0.0,21
2024-12-05 01:00:00,18.0,94,0.0,0.0,0.0,23
2024-12-05 02:00:00,17.7,95,0.0,0.05,0.0,23
2024-12-05 03:00:00,17.6,93,0.0,0.14,0.0,23
2024-12-05 04:00:00,17.4,94,0.0,0.14,0.0,32
2024-12-05 05:00:00,17.1,94,0.0,0.32,0.0,33
2024-12-05 06:00:00,17.5,93,8.0,0.35,0.1,37
2024-12-05 07:00:00,18.6,95,100.0,0.16,0.0,34
2024-12-05 08:00:00,20.4,84,262.0,0.35,0.0,31
2024-12-05 09:00:00,22.1,73,388.0,0.32,0.0,26
2024-12-05 10:00:00,23.4,66,476.0,0.88,0.0,21
2024-12-05 11:00:00,24.3,61,543.0,1.05,0.1,25
2024-12-05 12:00:00,24.9,57,538.0,0.97,0.3,18
2024-12-05 13:00:00,25.1,55,463.0,0.92,0.1,11
2024-12-05 14:00:00,25.1,56,338.0,1.77,0.0,7
2024-12-05 15:00:00,24.0,64,189.0,1.65,0.0,4
2024-12-05 16:00:00,21.4,75,45.0,1.44,0.0,5
2024-12-05 17:00:00,20.9,76,0.0,0.56,0.0,21
2024-12-05 18:00:00,21.1,79,0.0,0.38,0.0,11
2024-12-05 19:00:00,20.4,76,0.0,0.35,0.0,20
2024-12-05 20:00:00,19.2,84,0.0,0.72,0.0,18
2024-12-05 21:00:00,18.4,91,0.0,0.73,0.0,32
2024-12-05 22:00:00,17.7,95,0.0,0.98,0.0,32
2024-12-05 23:00:00,17.4,96,0.0,0.64,0.0,21
2024-12-06 00:00:00,17.2,97,0.0,0.47,0.0,19
2024-12-06 01:00:00,17.2,97,0.0,0.36,0.0,25
2024-12-06 02:00:00,17.1,98,0.0,0.45,0.0,24
2024-12-06 03:00:00,16.8,100,0.0,0.36,0.0,41
2024-12-06 04:00:00,16.7,100,0.0,0.2,0.0,99
2024-12-06 05:00:00,16.8,100,0.0,0.1,0.0,98
2024-12-06 06:00:00,16.5,94,8.0,0.36,0.0,20
2024-12-06 07:00:00,18.2,88,105.0,1.36,0.0,17
2024-12-06 08:00:00,20.2,76,266.0,0.74,0.0,15
2024-12-06 09:00:00,21.9,70,417.0,0.29,0.0,19
2024-12-06 10:00:00,23.0,65,525.0,0.9,0.0,12
2024-12-06 11:00:00,24.0,61,569.0,0.9,0.0,8
2024-12-06 12:00:00,24.6,58,552.0,0.61,0.1,23
2024-12-06 13:00:00,24.9,56,433.0,1.49,0.0,33
2024-12-06 14:00:00,24.4,59,309.0,1.6,0.0,49
2024-12-06 15:00:00,23.1,67,163.0,1.2,0.3,59
2024-12-06 16:00:00,21.2,76,39.0,1.14,0.0,36
2024-12-06 17:00:00,20.9,73,0.0,0.32,0.0,59
2024-12-06 18:00:00,20.4,83,0.0,1.41,0.0,28
2024-12-06 19:00:00,19.3,88,0.0,1.07,0.0,59
2024-12-06 20:00:00,18.7,90,0.0,0.66,0.0,38
2024-12-06 21:00:00,18.4,93,0.0,1.15,0.0,88
2024-12-06 22:00:00,18.2,93,0.0,1.12,0.0,97
2024-12-06 23:00:00,18.4,94,0.0,0.89,0.0,31
2024-12-07 00:00:00,17.9,97,0.0,1.11,0.0,40
2024-12-07 01:00:00,17.7,97,0.0,1.21,0.0,41
2024-12-07 02:00:00,17.6,98,0.0,1.41,0.0,49
2024-12-07 03:00:00,17.8,98,0.0,2.27,0.0,63
2024-12-07 04:00:00,17.8,95,0.0,1.96,0.0,7
2024-12-07 05:00:00,17.6,96,0.0,1.5,0.0,5
2024-12-07 06:00:00,17.6,96,8.0,1.15,0.0,27
2024-12-07 07:00:00,19.0,91,106.0,1.81,0.0,26
2024-12-07 08:00:00,20.2,85,241.0,1.86,0.0,16
2024-12-07 09:00:00,21.9,75,411.0,1.74,0.0,59
2024-12-07 10:00:00,23.1,68,504.0,1.72,0.1,22
2024-12-07 11:00:00,23.8,62,560.0,2.4,0.1,22
2024-12-07 12:00:00,24.2,60,533.0,2.53,0.1,22
2024-12-07 13:00:00,24.1,62,441.0,2.62,0.4,35
2024-12-07 14:00:00,24.0,61,331.0,2.5,0.1,21
2024-12-07 15:00:00,23.1,67,176.0,1.84,0.0,22
2024-12-07 16:00:00,21.0,76,44.0,1.18,0.0,18
2024-12-07 17:00:00,20.3,80,0.0,0.99,0.0,66
2024-12-07 18:00:00,20.4,85,0.0,0.22,0.0,8
2024-12-07 19:00:00,19.4,91,0.0,0.21,0.0,30
2024-12-07 20:00:00,18.6,95,0.0,0.9,0.0,22
2024-12-07 21:00:00,18.3,97,0.0,0.9,0.0,21
2024-12-07 22:00:00,17.7,99,0.0,1.0,0.0,27
2024-12-07 23:00:00,17.5,99,0.0,1.2,0.0,22
2024-12-08 00:00:00,17.4,97,0.0,1.21,0.0,14
2024-12-08 01:00:00,17.3,96,0.0,0.87,0.0,5
2024-12-08 02:00:00,16.7,100,0.0,0.73,0.0,6
2024-12-08 03:00:00,16.5,100,0.0,1.05,0.0,94
2024-12-08 04:00:00,16.3,100,0.0,1.13,0.0,100
2024-12-08 05:00:00,16.3,100,0.0,1.4,0.0,100
2024-12-08 06:00:00,17.4,98,5.0,1.71,0.0,100
2024-12-08 07:00:00,17.9,96,69.0,1.95,0.0,100
2024-12-08 08:00:00,18.9,90,175.0,2.38,0.0,85
2024-12-08 09:00:00,21.0,81,407.0,2.01,0.0,41
2024-12-08 10:00:00,23.0,69,527.0,2.31,0.0,18
2024-12-08 11:00:00,24.6,59,591.0,2.9,0.0,9
2024-12-08 12:00:00,25.1,55,574.0,2.75,0.0,2
2024-12-08 13:00:00,25.3,53,487.0,2.33,0.0,25
2024-12-08 14:00:00,25.1,54,350.0,1.97,0.0,21
2024-12-08 15:00:00,24.1,62,191.0,1.13,0.0,29
2024-12-08 16:00:00,21.8,70,46.0,0.58,0.0,4
2024-12-08 17:00:00,20.6,76,0.0,0.51,0.0,8
2024-12-08 18:00:00,20.0,82,0.0,0.51,0.0,12
2024-12-08 19:00:00,18.7,91,0.0,1.5,0.0,9
2024-12-08 20:00:00,18.2,92,0.0,0.9,0.0,7
2024-12-08 21:00:00,18.1,92,0.0,0.14,0.0,5
2024-12-08 22:00:00,17.6,94,0.0,0.0,0.0,10
2024-12-08 23:00:00,17.2,96,0.0,0.29,0.0,9
2024-12-09 00:00:00,16.7,99,0.0,0.46,0.0,16
2024-12-09 01:00:00,16.4,100,0.0,0.07,0.0,98
2024-12-09 02:00:00,16.0,100,0.0,0.05,0.0,98
2024-12-09 03:00:00,15.6,100,0.0,0.11,0.0,97
2024-12-09 04:00:00,15.5,100,0.0,0.11,0.0,100
2024-12-09 05:00:00,15.3,100,0.0,0.05,0.0,100
2024-12-09 06:00:00,16.4,100,7.0,0.27,0.0,99
2024-12-09 07:00:00,17.6,97,94.0,0.1,0.0,100
2024-12-09 08:00:00,19.7,87,256.0,0.39,0.0,82
2024-12-09 09:00:00,21.6,76,408.0,1.24,0.0,82
2024-12-09 10:00:00,23.0,68,538.0,1.86,0.0,85
2024-12-09 11:00:00,24.0,63,577.0,1.98,0.0,74
2024-12-09 12:00:00,24.5,60,554.0,2.11,0.0,100
2024-12-09 13:00:00,23.9,61,201.0,1.55,0.0,100
2024-12-09 14:00:00,23.5,64,139.0,2.04,0.0,100
2024-12-09 15:00:00,22.6,69,69.0,2.06,0.0,100
2024-12-09 16:00:00,21.4,73,17.0,1.57,0.0,96
2024-12-09 17:00:00,20.6,77,0.0,1.55,0.0,100
2024-12-09 18:00:00,21.0,79,0.0,1.73,0.0,97
2024-12-09 19:00:00,20.7,81,0.0,1.82,0.0,100
2024-12-09 20:00:00,20.4,83,0.0,2.19,0.0,100
2024-12-09 21:00:00,20.2,84,0.0,2.06,0.0,100
2024-12-09 22:00:00,19.6,87,0.0,2.25,0.0,95
2024-12-09 23:00:00,18.9,89,0.0,2.44,0.0,93
2024-12-10 00:00:00,18.7,86,0.0,2.68,0.0,42
2024-12-10 01:00:00,18.0,86,0.0,2.77,0.0,28
2024-12-10 02:00:00,17.5,86,0.0,2.65,0.0,5
2024-12-10 03:00:00,17.0,87,0.0,2.09,0.0,16
2024-12-10 04:00:00,16.4,90,0.0,1.57,0.0,20
2024-12-10 05:00:00,16.0,93,0.0,1.24,0.0,20
2024-12-10 06:00:00,16.8,98,7.0,2.38,0.0,10
2024-12-10 07:00:00,17.8,94,101.0,3.19,0.0,100
2024-12-10 08:00:00,18.1,93,94.0,1.9,0.0,100
2024-12-10 09:00:00,19.4,86,229.0,1.92,0.0,71
2024-12-10 10:00:00,21.4,73,481.0,1.54,0.0,10
2024-12-10 11:00:00,22.5,62,575.0,1.8,0.0,82
2024-12-10 12:00:00,23.3,56,568.0,2.41,0.0,90
2024-12-10 13:00:00,23.6,57,489.0,2.6,0.0,97
2024-12-10 14:00:00,23.5,57,360.0,2.29,0.0,40
2024-12-10 15:00:00,22.7,63,192.0,1.47,0.0,43
2024-12-10 16:00:00,20.4,74,46.0,1.26,0.0,96
2024-12-10 17:00:00,19.7,78,0.0,0.55,0.0,86
2024-12-10 18:00:00,18.9,85,0.0,0.66,0.0,90
2024-12-10 19:00:00,18.4,90,0.0,1.1,0.0,89
2024-12-10 20:00:00,18.2,90,0.0,0.46,0.0,69
2024-12-10 21:00:00,17.9,92,0.0,0.18,0.0,84
2024-12-10 22:00:00,17.4,96,0.0,0.25,0.0,100
2024-12-10 23:00:00,16.9,97,0.0,0.55,0.0,51
2024-12-11 00:00:00,16.6,97,0.0,0.3,0.0,20
2024-12-11 01:00:00,16.2,100,0.0,0.16,0.0,10
2024-12-11 02:00:00,16.2,100,0.0,0.15,0.0,98
2024-12-11 03:00:00,15.8,100,0.0,0.81,0.0,99
2024-12-11 04:00:00,15.9,100,0.0,1.01,0.0,97
2024-12-11 05:00:00,15.5,100,0.0,0.99,0.0,98
2024-12-11 06:00:00,15.6,100,6.0,1.01,0.0,96
2024-12-11 07:00:00,17.3,89,93.0,1.59,0.0,52
2024-12-11 08:00:00,19.0,80,263.0,0.75,0.0,81
2024-12-11 09:00:00,20.2,77,402.0,1.62,0.0,68
2024-12-11 10:00:00,21.3,73,517.0,1.96,0.0,28
2024-12-11 11:00:00,22.4,67,555.0,2.02,0.1,24
2024-12-11 12:00:00,23.2,60,545.0,2.23,0.1,25
2024-12-11 13:00:00,23.6,58,448.0,2.23,0.0,50
2024-12-11 14:00:00,23.4,58,336.0,2.7,0.0,60
2024-12-11 15:00:00,22.3,64,186.0,1.88,0.0,53
2024-12-11 16:00:00,19.7,76,46.0,1.34,0.0,75
2024-12-11 17:00:00,18.7,82,0.0,1.44,0.0,33
2024-12-11 18:00:00,19.2,87,0.0,0.35,0.0,74
2024-12-11 19:00:00,18.4,92,0.0,0.62,0.0,60
2024-12-11 20:00:00,18.2,93,0.0,0.16,0.0,3
2024-12-11 21:00:00,17.6,96,0.0,0.21,0.0,6
2024-12-11 22:00:00,16.9,99,0.0,0.54,0.0,2
2024-12-11 23:00:00,16.4,100,0.0,0.38,0.0,1
2024-12-12 00:00:00,16.1,100,0.0,0.25,0.0,97
2024-12-12 01:00:00,15.8,100,0.0,0.35,0.0,97
2024-12-12 02:00:00,16.1,99,0.0,0.4,0.0,98
2024-12-12 03:00:00,16.1,100,0.0,0.15,0.0,93
2024-12-12 04:00:00,16.2,100,0.0,0.2,0.0,99
2024-12-12 05:00:00,16.2,99,0.0,0.43,0.0,99
2024-12-12 06:00:00,16.0,97,4.0,1.68,0.0,100
2024-12-12 07:00:00,16.6,91,49.0,1.95,0.0,99
2024-12-12 08:00:00,18.1,82,167.0,1.23,0.0,46
2024-12-12 09:00:00,19.7,77,391.0,1.1,0.0,10
2024-12-12 10:00:00,21.3,72,520.0,1.52,0.0,2
2024-12-12 11:00:00,22.8,64,580.0,1.86,0.0,12
2024-12-12 12:00:00,23.9,56,567.0,2.21,0.0,24
2024-12-12 13:00:00,24.3,51,491.0,2.21,0.0,95
2024-12-12 14:00:00,24.1,52,361.0,2.5,0.0,62
2024-12-12 15:00:00,22.8,60,198.0,2.2,0.0,82
2024-12-12 16:00:00,19.9,71,48.0,1.59,0.0,17
2024-12-12 17:00:00,19.2,77,0.0,0.76,0.0,3
2024-12-12 18:00:00,19.1,78,0.0,0.35,0.0,16
2024-12-12 19:00:00,18.5,84,0.0,0.27,0.0,4
2024-12-12 20:00:00,18.0,88,0.0,0.25,0.0,2
2024-12-12 21:00:00,17.7,90,0.0,0.43,0.0,14
2024-12-12 22:00:00,17.3,91,0.0,0.45,0.0,65
2024-12-12 23:00:00,16.9,92,0.0,0.32,0.0,90
2024-12-13 00:00:00,16.3,94,0.0,0.35,0.0,91
2024-12-13 01:00:00,16.0,96,0.0,0.27,0.0,99
2024-12-13 02:00:00,15.4,100,0.0,0.21,0.0,100
2024-12-13 03:00:00,15.3,100,0.0,0.27,0.0,100
2024-12-13 04:00:00,14.7,100,0.0,0.52,0.0,100
2024-12-13 05:00:00,14.6,100,0.0,0.35,0.0,100
2024-12-13 06:00:00,14.8,100,5.0,0.86,0.0,100
2024-12-13 07:00:00,16.1,97,76.0,0.64,0.0,99
2024-12-13 08:00:00,17.7,88,207.0,0.3,0.0,88
2024-12-13 09:00:00,20.0,75,412.0,0.53,0.0,80
2024-12-13 10:00:00,21.9,66,525.0,1.03,0.0,97
2024-12-13 11:00:00,23.2,61,578.0,1.5,0.0,98
2024-12-13 12:00:00,24.1,57,566.0,2.13,0.0,91
2024-12-13 13:00:00,24.4,53,491.0,2.52,0.0,96
2024-12-13 14:00:00,24.1,53,360.0,2.31,0.0,57
2024-12-13 15:00:00,23.0,62,201.0,1.48,0.0,0
2024-12-13 16:00:00,20.0,77,49.0,1.33,0.0,0
2024-12-13 17:00:00,19.1,82,0.0,0.71,0.0,1
2024-12-13 18:00:00,19.0,82,0.0,0.35,0.0,76
2024-12-13 19:00:00,18.3,87,0.0,0.49,0.0,18
2024-12-13 20:00:00,17.5,91,0.0,0.5,0.0,11
2024-12-13 21:00:00,16.9,94,0.0,0.39,0.0,6
2024-12-13 22:00:00,16.2,96,0.0,0.57,0.0,4
2024-12-13 23:00:00,15.4,100,0.0,0.49,0.0,3
2024-12-14 00:00:00,15.1,100,0.0,0.4,0.0,96
2024-12-14 01:00:00,15.1,100,0.0,0.25,0.0,84
2024-12-14 02:00:00,15.0,100,0.0,0.25,0.0,91
2024-12-14 03:00:00,14.8,100,0.0,0.57,0.0,96
2024-12-14 04:00:00,15.0,100,0.0,0.63,0.0,80
2024-12-14 05:00:00,14.9,100,0.0,0.99,0.0,93
2024-12-14 06:00:00,15.9,96,5.0,0.11,0.0,70
2024-12-14 07:00:00,16.8,91,72.0,0.52,0.0,52
2024-12-14 08:00:00,18.2,83,215.0,0.81,0.0,1
2024-12-14 09:00:00,20.3,75,399.0,1.01,0.0,0
2024-12-14 10:00:00,22.1,69,525.0,1.35,0.0,0
2024-12-14 11:00:00,23.5,63,580.0,1.77,0.0,0
2024-12-14 12:00:00,24.4,58,570.0,2.37,0.0,0
2024-12-14 13:00:00,24.7,53,496.0,2.65,0.0,0
2024-12-14 14:00:00,24.5,53,367.0,2.59,0.0,0
2024-12-14 15:00:00,23.2,63,201.0,1.62,0.0,1
2024-12-14 16:00:00,20.1,76,49.0,1.58,0.0,1
2024-12-14 17:00:00,19.0,81,0.0,1.62,0.0,1
2024-12-14 18:00:00,18.7,82,0.0,1.03,0.0,0
2024-12-14 19:00:00,18.1,86,0.0,0.82,0.0,0
2024-12-14 20:00:00,17.7,89,0.0,0.6,0.0,0
2024-12-14 21:00:00,16.9,92,0.0,1.12,0.0,0
2024-12-14 22:00:00,16.5,93,0.0,1.38,0.0,0
2024-12-14 23:00:00,15.7,94,0.0,1.45,0.0,0
2024-12-15 00:00:00,15.0,96,0.0,1.49,0.0,0
2024-12-15 01:00:00,14.3,98,0.0,1.01,0.0,0
2024-12-15 02:00:00,14.0,100,0.0,1.06,0.0,95
2024-12-15 03:00:00,14.4,100,0.0,1.1,0.0,94
2024-12-15 04:00:00,14.3,100,0.0,1.77,0.0,93
2024-12-15 05:00:00,13.8,96,0.0,1.64,0.0,8
2024-12-15 06:00:00,14.3,90,6.0,1.83,0.0,0
2024-12-15 07:00:00,16.2,84,103.0,2.29,0.0,2
2024-12-15 08:00:00,17.9,81,267.0,2.39,0.0,6
2024-12-15 09:00:00,19.9,76,421.0,2.55,0.0,4
2024-12-15 10:00:00,21.9,67,535.0,3.05,0.0,1
2024-12-15 11:00:00,23.3,61,588.0,3.4,0.0,0
2024-12-15 12:00:00,24.3,57,578.0,3.64,0.0,0
2024-12-15 13:00:00,24.7,55,504.0,3.87,0.0,0
2024-12-15 14:00:00,24.4,56,373.0,3.62,0.0,0
2024-12-15 15:00:00,23.1,63,207.0,2.6,0.0,0
2024-12-15 16:00:00,20.0,76,52.0,1.56,0.0,0
2024-12-15 17:00:00,18.9,79,0.0,0.65,0.0,0
2024-12-15 18:00:00,18.4,86,0.0,1.0,0.0,0
2024-12-15 19:00:00,17.8,89,0.0,1.36,0.0,0
2024-12-15 20:00:00,17.6,89,0.0,1.81,0.0,0
2024-12-15 21:00:00,17.3,89,0.0,2.08,0.0,0
2024-12-15 22:00:00,16.8,91,0.0,2.04,0.0,0
2024-12-15 23:00:00,16.2,92,0.0,1.84,0.0,0
2024-12-16 00:00:00,15.4,94,0.0,1.69,0.0,0
2024-12-16 01:00:00,14.7,96,0.0,1.52,0.0,0
2024-12-16 02:00:00,14.2,96,0.0,1.46,0.0,0
2024-12-16 03:00:00,13.7,97,0.0,1.42,0.0,0
2024-12-16 04:00:00,13.2,96,0.0,1.35,0.0,0
2024-12-16 05:00:00,12.7,95,0.0,1.25,0.0,1
2024-12-16 06:00:00,13.2,95,5.0,1.42,0.0,1
2024-12-16 07:00:00,15.1,86,96.0,2.23,0.0,20
2024-12-16 08:00:00,17.0,80,256.0,2.03,0.0,25
2024-12-16 09:00:00,19.1,71,424.0,1.94,0.0,0
2024-12-16 10:00:00,21.3,68,540.0,1.99,0.0,0
2024-12-16 11:00:00,23.2,64,594.0,2.11,0.0,0
2024-12-16 12:00:00,24.6,58,581.0,2.33,0.0,0
2024-12-16 13:00:00,25.2,54,504.0,2.27,0.0,0
2024-12-16 14:00:00,25.1,53,372.0,1.82,0.0,0
2024-12-16 15:00:00,23.7,65,206.0,1.12,0.0,0
2024-12-16 16:00:00,20.4,73,52.0,0.98,0.0,0
2024-12-16 17:00:00,18.9,80,0.0,0.8,0.0,0
2024-12-16 18:00:00,17.9,87,0.0,1.01,0.0,0
2024-12-16 19:00:00,17.0,94,0.0,1.26,0.0,0
2024-12-16 20:00:00,16.7,94,0.0,1.54,0.0,0
2024-12-16 21:00:00,16.5,91,0.0,1.63,0.0,0
2024-12-16 22:00:00,16.0,93,0.0,1.46,0.0,0
2024-12-16 23:00:00,15.4,96,0.0,1.4,0.0,0
2024-12-17 00:00:00,15.0,98,0.0,1.54,0.0,0
2024-12-17 01:00:00,14.6,99,0.0,1.47,0.0,0
2024-12-17 02:00:00,13.9,100,0.0,1.15,0.0,100
2024-12-17 03:00:00,13.5,100,0.0,0.72,0.0,99
2024-12-17 04:00:00,13.8,100,0.0,0.65,0.0,98
2024-12-17 05:00:00,13.7,100,0.0,0.81,0.0,99
2024-12-17 06:00:00,13.8,98,3.0,1.9,0.0,69
2024-12-17 07:00:00,15.1,87,52.0,1.87,0.0,62
2024-12-17 08:00:00,16.3,84,182.0,2.08,0.0,70
2024-12-17 09:00:00,17.9,84,340.0,2.1,0.0,67
2024-12-17 10:00:00,20.3,71,512.0,2.4,0.0,2
2024-12-17 11:00:00,22.3,63,586.0,2.61,0.0,3
2024-12-17 12:00:00,23.6,59,575.0,2.64,0.0,3
2024-12-17 13:00:00,24.2,57,501.0,2.27,0.0,1
2024-12-17 14:00:00,24.1,59,372.0,2.0,0.0,0
2024-12-17 15:00:00,23.0,68,205.0,1.31,0.0,0
2024-12-17 16:00:00,19.9,80,52.0,1.06,0.0,28
2024-12-17 17:00:00,18.1,87,0.0,1.29,0.0,0
2024-12-17 18:00:00,18.6,85,0.0,0.86,0.0,0
2024-12-17 19:00:00,17.6,89,0.0,0.96,0.0,0
2024-12-17 20:00:00,17.1,91,0.0,0.46,0.0,4
2024-12-17 21:00:00,16.5,94,0.0,0.4,0.0,0
2024-12-17 22:00:00,16.1,96,0.0,0.4,0.0,0
2024-12-17 23:00:00,15.6,98,0.0,0.55,0.0,0
2024-12-18 00:00:00,14.8,100,0.0,1.3,0.0,0
2024-12-18 01:00:00,14.7,99,0.0,1.52,0.0,0
2024-12-18 02:00:00,14.2,99,0.0,1.54,0.0,6
2024-12-18 03:00:00,13.6,100,0.0,1.27,0.0,100
2024-12-18 04:00:00,13.4,100,0.0,0.81,0.0,100
2024-12-18 05:00:00,13.6,100,0.0,0.81,0.0,100
2024-12-18 06:00:00,13.7,95,3.0,1.61,0.0,64
2024-12-18 07:00:00,15.0,88,72.0,1.31,0.0,36
2024-12-18 08:00:00,16.5,84,191.0,1.74,0.0,36
2024-12-18 09:00:00,18.6,80,340.0,2.09,0.0,45
2024-12-18 10:00:00,21.2,71,504.0,2.25,0.0,20
2024-12-18 11:00:00,22.9,65,580.0,2.38,0.0,15
2024-12-18 12:00:00,23.9,62,570.0,2.02,0.0,0
2024-12-18 13:00:00,24.5,61,493.0,1.92,0.0,0
2024-12-18 14:00:00,24.6,60,362.0,1.85,0.0,0
2024-12-18 15:00:00,23.7,68,200.0,0.92,0.0,0
2024-12-18 16:00:00,20.9,77,51.0,0.94,0.0,0
2024-12-18 17:00:00,19.0,85,0.0,0.85,0.0,0
2024-12-18 18:00:00,18.8,89,0.0,1.47,0.0,1
2024-12-18 19:00:00,18.4,88,0.0,0.29,0.0,1
2024-12-18 20:00:00,17.9,89,0.0,1.03,0.0,0
2024-12-18 21:00:00,17.4,88,0.0,1.43,0.0,0
2024-12-18 22:00:00,16.8,88,0.0,1.4,0.0,12
2024-12-18 23:00:00,16.1,92,0.0,1.27,0.0,0
2024-12-19 00:00:00,15.6,96,0.0,1.3,0.0,1
2024-12-19 01:00:00,15.3,98,0.0,1.4,0.0,13
2024-12-19 02:00:00,14.9,99,0.0,1.29,0.0,5
2024-12-19 03:00:00,14.5,99,0.0,1.15,0.0,0
2024-12-19 04:00:00,14.3,100,0.0,0.8,0.0,7
2024-12-19 05:00:00,14.0,100,0.0,0.9,0.0,97
2024-12-19 06:00:00,14.3,100,3.0,1.46,0.0,95
2024-12-19 07:00:00,15.7,93,68.0,1.82,0.0,60
2024-12-19 08:00:00,17.5,84,201.0,1.26,0.0,20
2024-12-19 09:00:00,19.6,75,386.0,0.67,0.0,1
2024-12-19 10:00:00,21.7,68,511.0,0.75,0.0,1
2024-12-19 11:00:00,23.3,65,567.0,1.08,0.0,0
2024-12-19 12:00:00,24.4,63,560.0,1.16,0.0,0
2024-12-19 13:00:00,25.0,61,487.0,1.16,0.0,0
2024-12-19 14:00:00,25.1,59,360.0,1.09,0.0,0
2024-12-19 15:00:00,24.2,68,199.0,0.72,0.0,3
2024-12-19 16:00:00,21.4,75,51.0,0.74,0.0,0
2024-12-19 17:00:00,20.0,80,0.0,0.05,0.0,0
2024-12-19 18:00:00,19.1,88,0.0,1.3,0.0,4
2024-12-19 19:00:00,18.9,87,0.0,0.56,0.0,4
2024-12-19 20:00:00,18.8,86,0.0,0.27,0.0,9
2024-12-19 21:00:00,18.6,86,0.0,0.27,0.0,8
2024-12-19 22:00:00,18.3,87,0.0,0.4,0.0,10
2024-12-19 23:00:00,18.0,88,0.0,0.4,0.0,23
2024-12-20 00:00:00,17.4,91,0.0,0.49,0.0,49
2024-12-20 01:00:00,16.8,96,0.0,0.34,0.0,93
2024-12-20 02:00:00,16.3,98,0.0,0.3,0.0,99
2024-12-20 03:00:00,15.9,98,0.0,0.18,0.0,100
2024-12-20 04:00:00,15.6,98,0.0,0.5,0.0,95
2024-12-20 05:00:00,15.0,100,0.0,0.68,0.0,98
2024-12-20 06:00:00,15.0,96,4.0,0.11,0.0,36
2024-12-20 07:00:00,16.6,93,81.0,0.64,0.0,59
2024-12-20 08:00:00,18.2,86,218.0,0.83,0.0,87
2024-12-20 09:00:00,20.3,76,374.0,0.75,0.0,94
2024-12-20 10:00:00,22.0,69,501.0,0.87,0.0,97
2024-12-20 11:00:00,23.4,63,555.0,1.05,0.0,100
2024-12-20 12:00:00,24.2,60,539.0,1.31,0.0,86
2024-12-20 13:00:00,24.5,59,473.0,1.35,0.0,66
2024-12-20 14:00:00,24.3,59,354.0,0.91,0.0,93
2024-12-20 15:00:00,23.6,66,197.0,0.91,0.0,87
2024-12-20 16:00:00,21.2,73,51.0,0.81,0.0,90
2024-12-20 17:00:00,20.2,77,0.0,0.16,0.0,62
2024-12-20 18:00:00,19.4,84,0.0,0.89,0.0,36
2024-12-20 19:00:00,18.8,89,0.0,1.11,0.0,37
2024-12-20 20:00:00,18.4,89,0.0,1.0,0.0,52
2024-12-20 21:00:00,17.9,91,0.0,1.05,0.0,36
2024-12-20 22:00:00,17.9,92,0.0,0.32,0.0,62
2024-12-20 23:00:00,17.6,92,0.0,0.16,0.0,99
2024-12-21 00:00:00,17.2,94,0.0,0.38,0.0,93
2024-12-21 01:00:00,17.0,96,0.0,0.49,0.0,49
2024-12-21 02:00:00,16.4,99,0.0,0.22,0.0,59
2024-12-21 03:00:00,15.7,100,0.0,0.11,0.0,99
2024-12-21 04:00:00,15.4,100,0.0,0.51,0.0,100
2024-12-21 05:00:00,15.7,100,0.0,0.99,0.0,94
2024-12-21 06:00:00,14.7,100,4.0,0.9,0.0,95
2024-12-21 07:00:00,16.3,97,74.0,1.4,0.0,20
2024-12-21 08:00:00,18.6,84,195.0,0.97,0.0,0
2024-12-21 09:00:00,21.0,75,388.0,1.5,0.0,0
2024-12-21 10:00:00,22.6,64,509.0,1.84,0.0,0
2024-12-21 11:00:00,23.6,58,566.0,1.86,0.0,0
2024-12-21 12:00:00,24.3,55,556.0,1.81,0.0,1
2024-12-21 13:00:00,24.5,53,485.0,2.06,0.0,2
2024-12-21 14:00:00,24.4,53,360.0,1.41,0.0,0
2024-12-21 15:00:00,23.4,64,201.0,0.85,0.0,0
2024-12-21 16:00:00,21.0,70,53.0,0.73,0.0,3
2024-12-21 17:00:00,19.6,77,0.0,0.47,0.0,3
2024-12-21 18:00:00,18.8,85,0.0,0.74,0.0,20
2024-12-21 19:00:00,18.6,88,0.0,1.95,0.0,41
2024-12-21 20:00:00,18.2,86,0.0,1.27,0.0,25
2024-12-21 21:00:00,17.8,89,0.0,1.53,0.0,20
2024-12-21 22:00:00,17.0,92,0.0,1.48,0.0,26
2024-12-21 23:00:00,16.7,93,0.0,1.29,0.0,17
2024-12-22 00:00:00,16.5,95,0.0,0.42,0.0,9
2024-12-22 01:00:00,15.7,98,0.0,0.86,0.0,8
2024-12-22 02:00:00,15.6,96,0.0,1.05,0.0,65
2024-12-22 03:00:00,16.1,95,0.0,0.18,0.0,38
2024-12-22 04:00:00,15.8,97,0.0,0.11,0.0,36
2024-12-22 05:00:00,16.0,95,0.0,0.3,0.0,34
2024-12-22 06:00:00,15.0,100,3.0,0.32,0.0,99
2024-12-22 07:00:00,16.4,97,80.0,0.38,0.0,59
2024-12-22 08:00:00,18.4,85,233.0,0.96,0.0,9
2024-12-22 09:00:00,20.1,76,381.0,1.57,0.0,0
2024-12-22 10:00:00,21.5,67,502.0,2.02,0.0,0
2024-12-22 11:00:00,22.7,61,557.0,2.06,0.0,2
2024-12-22 12:00:00,23.4,58,549.0,2.22,0.0,2
2024-12-22 13:00:00,23.5,57,470.0,2.73,0.0,10
2024-12-22 14:00:00,23.1,58,354.0,3.12,0.0,1
2024-12-22 15:00:00,22.1,63,199.0,2.21,0.0,0
2024-12-22 16:00:00,19.4,75,54.0,1.59,0.0,0
2024-12-22 17:00:00,18.5,81,0.0,1.76,0.0,0
2024-12-22 18:00:00,18.2,86,0.0,1.2,0.0,3
2024-12-22 19:00:00,17.5,89,0.0,1.21,0.0,1
2024-12-22 20:00:00,17.0,91,0.0,0.98,0.0,1
2024-12-22 21:00:00,16.3,94,0.0,1.3,0.0,1
2024-12-22 22:00:00,15.9,96,0.0,1.3,0.0,0
2024-12-22 23:00:00,15.5,97,0.0,1.25,0.0,0
2024-12-23 00:00:00,15.2,97,0.0,1.35,0.0,0
2024-12-23 01:00:00,14.8,97,0.0,1.37,0.0,0
2024-12-23 02:00:00,14.4,98,0.0,1.35,0.0,0
2024-12-23 03:00:00,13.9,100,0.0,1.25,0.0,93
2024-12-23 04:00:00,14.1,100,0.0,1.16,0.0,94
2024-12-23 05:00:00,13.8,100,0.0,1.03,0.0,94
2024-12-23 06:00:00,14.0,100,3.0,1.38,0.0,98
2024-12-23 07:00:00,14.7,98,68.0,1.32,0.0,15
2024-12-23 08:00:00,16.9,85,191.0,1.34,0.0,1
2024-12-23 09:00:00,19.5,75,392.0,1.94,0.0,1
2024-12-23 10:00:00,21.4,68,512.0,2.62,0.0,0
2024-12-23 11:00:00,22.9,60,569.0,2.87,0.0,0
2024-12-23 12:00:00,23.7,55,563.0,2.97,0.0,0
2024-12-23 13:00:00,23.9,53,492.0,3.01,0.0,0
2024-12-23 14:00:00,23.6,53,366.0,2.64,0.0,0
2024-12-23 15:00:00,22.6,61,205.0,1.8,0.0,0
2024-12-23 16:00:00,19.5,74,55.0,1.65,0.0,0
2024-12-23 17:00:00,18.3,80,0.0,1.76,0.0,0
2024-12-23 18:00:00,18.1,84,0.0,1.59,0.0,0
2024-12-23 19:00:00,17.4,87,0.0,1.68,0.0,0
2024-12-23 20:00:00,16.5,89,0.0,1.63,0.0,0
2024-12-23 21:00:00,16.1,90,0.0,1.71,0.0,0
2024-12-23 22:00:00,15.9,90,0.0,1.77,0.0,0
2024-12-23 23:00:00,15.5,92,0.0,1.78,0.0,0
2024-12-24 00:00:00,15.1,93,0.0,1.7,0.0,0
2024-12-24 01:00:00,15.0,95,0.0,1.87,0.0,0
2024-12-24 02:00:00,14.6,97,0.0,1.92,0.0,0
2024-12-24 03:00:00,14.2,98,0.0,1.71,0.0,0
2024-12-24 04:00:00,13.7,99,0.0,1.45,0.0,2
2024-12-24 05:00:00,13.4,100,0.0,1.31,0.0,21
2024-12-24 06:00:00,13.6,100,3.0,2.05,0.0,100
2024-12-24 07:00:00,14.0,98,60.0,2.52,0.0,100
2024-12-24 08:00:00,15.7,90,170.0,2.77,0.0,70
2024-12-24 09:00:00,18.1,80,377.0,2.11,0.0,25
2024-12-24 10:00:00,20.5,71,505.0,2.04,0.0,0
2024-12-24 11:00:00,22.6,63,570.0,2.28,0.0,0
2024-12-24 12:00:00,23.8,55,562.0,2.46,0.0,0
2024-12-24 13:00:00,24.3,50,491.0,2.39,0.0,0
2024-12-24 14:00:00,24.2,48,366.0,1.82,0.0,0
2024-12-24 15:00:00,23.0,61,206.0,0.94,0.0,0
2024-12-24 16:00:00,20.0,69,56.0,1.1,0.0,0
2024-12-24 17:00:00,18.7,76,0.0,0.86,0.0,0
2024-12-24 18:00:00,18.0,84,0.0,1.17,0.0,0
2024-12-24 19:00:00,16.9,90,0.0,0.92,0.0,0
2024-12-24 20:00:00,16.3,93,0.0,0.4,0.0,0
2024-12-24 21:00:00,16.1,93,0.0,0.93,0.0,0
2024-12-24 22:00:00,15.8,93,0.0,1.14,0.0,0
2024-12-24 23:00:00,15.5,93,0.0,1.38,0.0,0
2024-12-25 00:00:00,15.5,92,0.0,0.42,0.0,0
2024-12-25 01:00:00,14.8,97,0.0,0.57,0.0,0
2024-12-25 02:00:00,14.3,100,0.0,0.75,0.0,100
2024-12-25 03:00:00,14.2,100,0.0,0.21,0.0,99
2024-12-25 04:00:00,14.0,100,0.0,0.18,0.0,97
2024-12-25 05:00:00,13.6,100,0.0,0.39,0.0,95
2024-12-25 06:00:00,13.9,100,3.0,1.14,0.0,96
2024-12-25 07:00:00,14.9,97,65.0,1.12,0.0,0
2024-12-25 08:00:00,16.8,87,204.0,0.99,0.0,0
2024-12-25 09:00:00,19.2,76,369.0,0.99,0.0,0
2024-12-25 10:00:00,21.3,68,495.0,1.1,0.0,0
2024-12-25 11:00:00,22.7,63,553.0,0.98,0.0,0
2024-12-25 12:00:00,23.7,59,547.0,1.28,0.0,0
2024-12-25 13:00:00,24.3,56,479.0,1.52,0.0,0
2024-12-25 14:00:00,24.3,54,358.0,1.4,0.0,0
2024-12-25 15:00:00,23.3,61,201.0,1.13,0.0,0
2024-12-25 16:00:00,20.3,71,55.0,1.05,0.0,0
2024-12-25 17:00:00,18.9,76,0.0,0.66,0.0,0
2024-12-25 18:00:00,18.6,80,0.0,1.03,0.0,0
2024-12-25 19:00:00,18.1,82,0.0,0.35,0.0,0
2024-12-25 20:00:00,17.3,86,0.0,0.42,0.0,0
2024-12-25 21:00:00,16.9,88,0.0,0.59,0.0,0
2024-12-25 22:00:00,16.3,91,0.0,1.03,0.0,0
2024-12-25 23:00:00,15.6,93,0.0,0.98,0.0,0
2024-12-26 00:00:00,14.8,97,0.0,1.06,0.0,0
2024-12-26 01:00:00,14.2,99,0.0,1.03,0.0,0
2024-12-26 02:00:00,13.8,100,0.0,0.61,0.0,96
2024-12-26 03:00:00,13.6,100,0.0,0.21,0.0,96
2024-12-26 04:00:00,13.6,100,0.0,0.36,0.0,97
2024-12-26 05:00:00,13.8,100,0.0,0.65,0.0,96
2024-12-26 06:00:00,13.9,97,2.0,1.51,0.0,42
2024-12-26 07:00:00,14.8,94,56.0,1.55,0.0,58
2024-12-26 08:00:00,16.4,88,182.0,1.58,0.0,72
2024-12-26 09:00:00,19.0,78,364.0,1.54,0.0,0
2024-12-26 10:00:00,21.3,68,496.0,1.38,0.0,0
2024-12-26 11:00:00,22.9,63,553.0,1.49,0.0,0
2024-12-26 12:00:00,24.2,58,549.0,1.96,0.0,0
2024-12-26 13:00:00,24.8,53,482.0,2.55,0.0,0
2024-12-26 14:00:00,24.7,48,361.0,2.77,0.0,0
2024-12-26 15:00:00,23.4,53,206.0,2.05,0.0,0
2024-12-26 16:00:00,20.0,67,58.0,1.61,0.0,0
2024-12-26 17:00:00,18.5,78,0.0,1.41,0.0,0
2024-12-26 18:00:00,17.9,82,0.0,1.11,0.0,0
2024-12-26 19:00:00,17.5,83,0.0,0.76,0.0,0
2024-12-26 20:00:00,16.9,85,0.0,1.15,0.0,0
2024-12-26 21:00:00,16.3,87,0.0,1.25,0.0,0
2024-12-26 22:00:00,15.8,90,0.0,0.72,0.0,0
2024-12-26 23:00:00,15.1,94,0.0,0.58,0.0,0
2024-12-27 00:00:00,14.6,97,0.0,0.32,0.0,0
2024-12-27 01:00:00,14.3,99,0.0,0.07,0.0,0
2024-12-27 02:00:00,14.3,100,0.0,0.22,0.0,92
2024-12-27 03:00:00,14.3,100,0.0,0.63,0.0,94
2024-12-27 04:00:00,14.1,100,0.0,0.97,0.0,88
2024-12-27 05:00:00,13.4,100,0.0,1.08,0.0,95
2024-12-27 06:00:00,13.1,97,3.0,0.85,0.0,3
2024-12-27 07:00:00,15.0,93,77.0,1.46,0.0,2
2024-12-27 08:00:00,16.8,83,226.0,1.56,0.0,4
2024-12-27 09:00:00,18.9,74,385.0,2.15,0.0,5
2024-12-27 10:00:00,21.0,66,496.0,2.18,0.0,5
2024-12-27 11:00:00,22.7,61,557.0,2.34,0.0,2
2024-12-27 12:00:00,23.8,57,557.0,2.69,0.0,0
2024-12-27 13:00:00,24.3,52,490.0,2.97,0.0,0
2024-12-27 14:00:00,24.2,50,368.0,2.83,0.0,0
2024-12-27 15:00:00,23.0,58,209.0,1.59,0.0,0
2024-12-27 16:00:00,20.2,69,59.0,0.94,0.0,0
2024-12-27 17:00:00,18.5,78,0.0,1.16,0.0,0
2024-12-27 18:00:00,18.5,79,0.0,0.98,0.0,0
2024-12-27 19:00:00,17.5,86,0.0,1.63,0.0,0
2024-12-27 20:00:00,17.2,87,0.0,1.86,0.0,0
2024-12-27 21:00:00,16.9,87,0.0,1.9,0.0,0
2024-12-27 22:00:00,16.2,88,0.0,1.77,0.0,0
2024-12-27 23:00:00,15.9,89,0.0,1.71,0.0,0
2024-12-28 00:00:00,15.5,90,0.0,1.59,0.0,0
2024-12-28 01:00:00,14.8,93,0.0,1.45,0.0,0
2024-12-28 02:00:00,14.3,96,0.0,1.3,0.0,0
2024-12-28 03:00:00,13.9,97,0.0,1.19,0.0,0
2024-12-28 04:00:00,13.5,98,0.0,1.19,0.0,0
2024-12-28 05:00:00,13.0,99,0.0,1.08,0.0,0
2024-12-28 06:00:00,13.4,97,2.0,1.32,0.0,52
2024-12-28 07:00:00,14.5,93,60.0,1.42,0.0,62
2024-12-28 08:00:00,16.0,88,183.0,1.7,0.0,63
2024-12-28 09:00:00,18.1,80,344.0,1.9,0.0,29
2024-12-28 10:00:00,20.7,70,492.0,2.08,0.0,2
2024-12-28 11:00:00,23.1,62,560.0,2.73,0.0,0
2024-12-28 12:00:00,24.5,55,558.0,3.49,0.0,0
2024-12-28 13:00:00,24.8,52,491.0,3.64,0.0,0
2024-12-28 14:00:00,24.5,53,369.0,3.18,0.0,0
2024-12-28 15:00:00,23.4,61,210.0,1.51,0.0,0
2024-12-28 16:00:00,20.9,69,60.0,0.62,0.0,0
2024-12-28 17:00:00,19.1,77,0.0,0.57,0.0,0
2024-12-28 18:00:00,18.4,84,0.0,0.87,0.0,0
2024-12-28 19:00:00,17.6,88,0.0,1.05,0.0,0
2024-12-28 20:00:00,17.3,89,0.0,1.45,0.0,0
2024-12-28 21:00:00,17.0,89,0.0,1.45,0.0,0
2024-12-28 22:00:00,16.6,90,0.0,1.47,0.0,0
2024-12-28 23:00:00,15.7,94,0.0,1.32,0.0,0
2024-12-29 00:00:00,15.0,98,0.0,1.32,0.0,0
2024-12-29 01:00:00,14.5,100,0.0,0.91,0.0,0
2024-12-29 02:00:00,14.1,100,0.0,0.36,0.0,97
2024-12-29 03:00:00,13.9,100,0.0,0.05,0.0,98
2024-12-29 04:00:00,13.7,100,0.0,0.18,0.0,99
2024-12-29 05:00:00,13.3,100,0.0,0.2,0.0,99
2024-12-29 06:00:00,13.5,100,2.0,0.35,0.0,99
2024-12-29 07:00:00,14.4,95,44.0,0.38,0.0,33
2024-12-29 08:00:00,15.7,89,137.0,0.71,0.0,14
2024-12-29 09:00:00,17.5,83,281.0,0.92,0.0,85
2024-12-29 10:00:00,19.3,77,354.0,1.23,0.0,44
2024-12-29 11:00:00,21.5,68,513.0,1.32,0.0,42
2024-12-29 12:00:00,22.9,63,507.0,1.27,0.0,15
2024-12-29 13:00:00,23.7,59,479.0,1.17,0.0,0
2024-12-29 14:00:00,23.9,57,362.0,0.94,0.0,0
2024-12-29 15:00:00,23.2,65,207.0,0.9,0.0,0
2024-12-29 16:00:00,20.7,74,60.0,0.76,0.0,0
2024-12-29 17:00:00,19.2,79,0.0,1.06,0.0,0
2024-12-29 18:00:00,18.5,83,0.0,1.62,0.0,6
2024-12-29 19:00:00,19.1,77,0.0,0.94,0.0,5
2024-12-29 20:00:00,18.5,80,0.0,1.2,0.0,2
2024-12-29 21:00:00,17.3,87,0.0,1.55,0.0,1
2024-12-29 22:00:00,16.9,88,0.0,1.68,0.0,3
2024-12-29 23:00:00,16.8,87,0.0,1.6,0.0,1
2024-12-30 00:00:00,16.7,88,0.0,1.49,0.0,0
2024-12-30 01:00:00,16.2,89,0.0,0.94,0.0,0
2024-12-30 02:00:00,15.7,92,0.0,0.47,0.0,0
2024-12-30 03:00:00,14.9,96,0.0,0.3,0.0,1
2024-12-30 04:00:00,14.2,97,0.0,0.18,0.0,1
2024-12-30 05:00:00,13.9,97,0.0,0.25,0.0,0
2024-12-30 06:00:00,13.7,100,2.0,0.6,0.0,0
2024-12-30 07:00:00,15.3,97,68.0,1.01,0.0,0
2024-12-30 08:00:00,17.7,79,190.0,0.49,0.0,0
2024-12-30 09:00:00,20.6,65,378.0,0.22,0.0,0
2024-12-30 10:00:00,22.3,61,490.0,0.5,0.0,0
2024-12-30 11:00:00,23.4,59,550.0,1.1,0.0,0
2024-12-30 12:00:00,24.2,56,547.0,1.3,0.0,0
2024-12-30 13:00:00,24.6,55,482.0,1.65,0.0,0
2024-12-30 14:00:00,24.3,56,362.0,2.25,0.0,0
2024-12-30 15:00:00,23.2,63,208.0,1.99,0.0,0
2024-12-30 16:00:00,20.8,73,61.0,0.65,0.0,0
2024-12-30 17:00:00,19.6,78,0.0,0.45,0.0,0
2024-12-30 18:00:00,19.3,82,0.0,0.66,0.0,0
2024-12-30 19:00:00,18.3,86,0.0,1.1,0.0,0
2024-12-30 20:00:00,17.3,91,0.0,1.1,0.0,3
2024-12-30 21:00:00,16.3,96,0.0,0.71,0.0,5
2024-12-30 22:00:00,15.8,98,0.0,1.54,0.0,12
2024-12-30 23:00:00,16.3,95,0.0,1.57,0.0,19
2024-12-31 00:00:00,16.4,94,0.0,0.58,0.0,17
2024-12-31 01:00:00,16.4,92,0.0,0.21,0.0,16
2024-12-31 02:00:00,15.7,95,0.0,0.32,0.0,2
2024-12-31 03:00:00,14.9,96,0.0,0.5,0.0,1
2024-12-31 04:00:00,14.5,97,0.0,0.45,0.0,0
2024-12-31 05:00:00,14.5,96,0.0,0.27,0.0,0
2024-12-31 06:00:00,13.7,100,2.0,0.27,0.0,99
2024-12-31 07:00:00,15.3,97,63.0,0.45,0.0,96
2024-12-31 08:00:00,16.8,91,161.0,0.8,0.0,53
2024-12-31 09:00:00,18.8,82,294.0,0.79,0.0,6
2024-12-31 10:00:00,20.6,74,442.0,0.63,0.0,0
2024-12-31 11:00:00,22.2,68,539.0,0.97,0.0,0
2024-12-31 12:00:00,23.3,63,547.0,1.3,0.0,0
2024-12-31 13:00:00,23.8,59,483.0,1.69,0.0,0
2024-12-31 14:00:00,23.7,58,364.0,2.27,0.0,0
2024-12-31 15:00:00,22.8,62,210.0,2.28,0.0,0
2024-12-31 16:00:00,20.5,72,62.0,0.45,0.0,0
2024-12-31 17:00:00,19.5,75,1.0,0.25,0.0,2
2024-12-31 18:00:00,19.3,79,0.0,0.16,0.0,0
2024-12-31 19:00:00,18.8,80,0.0,0.11,0.0,0
2024-12-31 20:00:00,17.5,87,0.0,0.87,0.0,0
2024-12-31 21:00:00,16.4,93,0.0,0.78,0.0,0
2024-12-31 22:00:00,15.9,95,0.0,0.6,0.0,0
2024-12-31 23:00:00,15.9,94,0.0,0.64,0.0,0
