time,T_out,RH_out,I_solar,wind,rain,cloud
2022-01-01 00:00:00,15.3,87,0.0,1.98,0.0,100
2022-01-01 01:00:00,16.5,83,0.0,1.41,0.0,99
2022-01-01 02:00:00,16.3,85,0.0,1.25,0.0,100
2022-01-01 03:00:00,16.1,86,0.0,0.82,0.0,100
2022-01-01 04:00:00,15.7,87,0.0,0.71,0.0,99
2022-01-01 05:00:00,14.0,99,0.0,0.71,0.0,100
2022-01-01 06:00:00,13.6,100,2.0,0.61,0.0,100
2022-01-01 07:00:00,14.6,98,60.0,0.54,0.0,98
2022-01-01 08:00:00,17.0,84,190.0,0.32,0.0,97
2022-01-01 09:00:00,18.8,75,319.0,0.36,0.0,100
2022-01-01 10:00:00,20.4,68,418.0,0.92,0.0,100
2022-01-01 11:00:00,22.0,63,483.0,1.44,0.0,100
2022-01-01 12:00:00,23.1,58,499.0,1.92,0.0,93
2022-01-01 13:00:00,23.6,54,465.0,2.33,0.0,4
2022-01-01 14:00:00,23.4,52,360.0,2.86,0.0,1
2022-01-01 15:00:00,22.2,58,207.0,2.84,0.0,6
2022-01-01 16:00:00,19.6,68,62.0,2.08,0.0,2
2022-01-01 17:00:00,18.2,75,1.0,2.41,0.0,1
2022-01-01 18:00:00,18.7,71,0.0,1.65,0.0,0
2022-01-01 19:00:00,16.6,82,0.0,1.94,0.0,0
2022-01-01 20:00:00,16.0,85,0.0,2.26,0.0,0
2022-01-01 21:00:00,15.0,89,0.0,2.48,0.0,0
2022-01-01 22:00:00,14.5,91,0.0,2.0,0.0,0
2022-01-01 23:00:00,14.0,93,0.0,1.42,0.0,1
2022-01-02 00:00:00,13.4,96,0.0,1.36,0.0,82
2022-01-02 01:00:00,13.3,96,0.0,1.25,0.0,22
2022-01-02 02:00:00,14.2,96,0.0,0.82,0.0,20
2022-01-02 03:00:00,12.4,100,0.0,0.95,0.0,100
2022-01-02 04:00:00,13.0,100,0.0,0.36,0.0,100
2022-01-02 05:00:00,13.8,100,0.0,0.32,0.0,16
2022-01-02 06:00:00,13.2,100,2.0,0.58,0.0,100
2022-01-02 07:00:00,14.9,89,57.0,1.26,0.0,38
2022-01-02 08:00:00,16.9,73,174.0,0.45,0.0,7
2022-01-02 09:00:00,18.9,66,356.0,0.28,0.0,0
2022-01-02 10:00:00,20.8,61,488.0,0.64,0.0,0
2022-01-02 11:00:00,22.4,57,555.0,1.27,0.0,0
2022-01-02 12:00:00,23.5,53,554.0,1.78,0.0,0
2022-01-02 13:00:00,24.1,49,490.0,2.36,0.0,0
2022-01-02 14:00:00,23.8,48,371.0,2.72,0.0,0
2022-01-02 15:00:00,22.7,54,215.0,1.98,0.0,0
2022-01-02 16:00:00,19.2,70,65.0,2.06,0.0,0
2022-01-02 17:00:00,20.0,63,1.0,1.84,0.0,0
2022-01-02 18:00:00,17.9,74,0.0,0.81,0.0,9
2022-01-02 19:00:00,16.2,85,0.0,1.9,0.0,100
2022-01-02 20:00:00,15.9,89,0.0,1.92,0.0,100
2022-01-02 21:00:00,15.7,90,0.0,2.06,0.0,100
2022-01-02 22:00:00,15.3,91,0.0,2.34,0.0,100
2022-01-02 23:00:00,15.4,90,0.0,2.14,0.0,100
2022-01-03 00:00:00,15.8,88,0.0,1.26,0.0,100
2022-01-03 01:00:00,16.3,88,0.0,0.41,0.0,99
2022-01-03 02:00:00,16.0,89,0.0,0.36,0.0,100
2022-01-03 03:00:00,14.7,93,0.0,0.6,0.0,100
2022-01-03 04:00:00,14.5,93,0.0,0.7,0.0,100
2022-01-03 05:00:00,14.3,100,0.0,1.58,0.0,100
2022-01-03 06:00:00,14.9,98,2.0,0.72,0.0,100
2022-01-03 07:00:00,15.4,95,53.0,1.02,0.0,97
2022-01-03 08:00:00,17.0,85,148.0,1.12,0.0,15
2022-01-03 09:00:00,19.3,75,359.0,0.5,0.0,9
2022-01-03 10:00:00,21.1,67,485.0,0.1,0.0,0
2022-01-03 11:00:00,22.4,62,547.0,0.92,0.0,0
2022-01-03 12:00:00,23.4,57,546.0,1.06,0.0,1
2022-01-03 13:00:00,24.0,54,482.0,1.39,0.0,3
2022-01-03 14:00:00,24.0,52,363.0,1.62,0.0,5
2022-01-03 15:00:00,23.1,54,209.0,1.7,0.0,11
2022-01-03 16:00:00,20.3,63,63.0,1.73,0.0,11
2022-01-03 17:00:00,20.7,61,1.0,1.44,0.0,22
2022-01-03 18:00:00,19.0,70,0.0,1.1,0.0,26
2022-01-03 19:00:00,17.0,84,0.0,1.55,0.0,15
2022-01-03 20:00:00,16.1,90,0.0,2.34,0.0,0
2022-01-03 21:00:00,16.4,89,0.0,1.86,0.0,0
2022-01-03 22:00:00,15.9,90,0.0,1.91,0.0,0
2022-01-03 23:00:00,14.9,93,0.0,2.34,0.0,1
2022-01-04 00:00:00,15.1,91,0.0,2.13,0.0,0
2022-01-04 01:00:00,16.6,88,0.0,1.52,0.0,0
2022-01-04 02:00:00,16.1,91,0.0,0.98,0.0,0
2022-01-04 03:00:00,15.4,95,0.0,0.32,0.0,0
2022-01-04 04:00:00,13.3,100,0.0,0.81,0.0,100
2022-01-04 05:00:00,13.5,100,0.0,0.32,0.0,100
2022-01-04 06:00:00,13.9,100,2.0,1.75,0.0,100
2022-01-04 07:00:00,14.7,98,64.0,0.71,0.0,100
2022-01-04 08:00:00,16.2,90,186.0,1.06,0.0,45
2022-01-04 09:00:00,17.7,82,293.0,0.89,0.0,23
2022-01-04 10:00:00,19.6,73,463.0,1.43,0.0,3
2022-01-04 11:00:00,21.5,65,539.0,1.75,0.0,0
2022-01-04 12:00:00,22.8,59,541.0,2.24,0.0,0
2022-01-04 13:00:00,23.5,55,477.0,2.83,0.0,16
2022-01-04 14:00:00,23.4,52,361.0,3.36,0.0,2
2022-01-04 15:00:00,22.4,53,209.0,3.11,0.0,94
2022-01-04 16:00:00,19.5,62,65.0,1.79,0.0,78
2022-01-04 17:00:00,19.9,60,1.0,1.48,0.0,0
2022-01-04 18:00:00,20.0,59,0.0,0.85,0.0,0
2022-01-04 19:00:00,17.5,73,0.0,0.76,0.0,0
2022-01-04 20:00:00,16.6,81,0.0,0.5,0.0,0
2022-01-04 21:00:00,17.7,78,0.0,0.5,0.0,0
2022-01-04 22:00:00,17.1,81,0.0,0.45,0.0,0
2022-01-04 23:00:00,16.8,82,0.0,1.0,0.0,0
2022-01-05 00:00:00,17.5,80,0.0,1.03,0.0,0
2022-01-05 01:00:00,16.7,85,0.0,0.81,0.0,15
2022-01-05 02:00:00,15.6,93,0.0,0.73,0.0,0
2022-01-05 03:00:00,13.7,97,0.0,1.22,0.0,0
2022-01-05 04:00:00,14.4,97,0.0,1.12,0.0,0
2022-01-05 05:00:00,13.2,100,0.0,1.1,0.0,1
2022-01-05 06:00:00,12.5,99,2.0,1.43,0.0,63
2022-01-05 07:00:00,15.0,89,68.0,1.58,0.0,2
2022-01-05 08:00:00,17.7,73,213.0,0.57,0.0,39
2022-01-05 09:00:00,19.6,66,365.0,0.85,0.0,21
2022-01-05 10:00:00,20.7,64,464.0,1.1,0.0,53
2022-01-05 11:00:00,22.2,59,541.0,1.08,0.0,100
2022-01-05 12:00:00,23.1,56,450.0,1.41,0.0,74
2022-01-05 13:00:00,23.8,53,434.0,1.7,0.0,100
2022-01-05 14:00:00,23.7,53,304.0,2.14,0.0,100
2022-01-05 15:00:00,22.5,58,188.0,2.33,0.0,67
2022-01-05 16:00:00,19.3,71,66.0,1.94,0.0,4
2022-01-05 17:00:00,18.2,77,1.0,1.93,0.0,2
2022-01-05 18:00:00,16.8,85,0.0,2.38,0.0,8
2022-01-05 19:00:00,16.7,85,0.0,2.08,0.0,1
2022-01-05 20:00:00,15.8,88,0.0,2.2,0.0,1
2022-01-05 21:00:00,16.6,84,0.0,1.84,0.0,38
2022-01-05 22:00:00,17.9,79,0.0,1.4,0.0,0
2022-01-05 23:00:00,17.4,82,0.0,0.81,0.0,0
2022-01-06 00:00:00,16.8,87,0.0,0.54,0.0,0
2022-01-06 01:00:00,14.1,95,0.0,2.0,0.0,98
2022-01-06 02:00:00,15.9,92,0.0,1.43,0.0,3
2022-01-06 03:00:00,15.4,94,0.0,0.22,0.0,41
2022-01-06 04:00:00,13.2,98,0.0,0.76,0.0,0
2022-01-06 05:00:00,13.1,100,0.0,1.71,0.0,14
2022-01-06 06:00:00,13.1,100,2.0,1.3,0.0,99
2022-01-06 07:00:00,15.4,88,57.0,1.81,0.0,17
2022-01-06 08:00:00,17.6,74,210.0,1.51,0.0,0
2022-01-06 09:00:00,19.5,68,365.0,1.53,0.0,0
2022-01-06 10:00:00,21.0,63,481.0,1.66,0.0,0
2022-01-06 11:00:00,22.4,59,543.0,1.84,0.0,0
2022-01-06 12:00:00,23.4,55,543.0,2.2,0.0,0
2022-01-06 13:00:00,23.8,53,481.0,2.46,0.0,0
2022-01-06 14:00:00,23.6,52,364.0,2.47,0.0,0
2022-01-06 15:00:00,22.6,57,213.0,2.12,0.0,0
2022-01-06 16:00:00,19.4,74,67.0,2.42,0.0,0
2022-01-06 17:00:00,18.5,75,1.0,2.41,0.0,2
2022-01-06 18:00:00,18.4,74,0.0,1.9,0.0,1
2022-01-06 19:00:00,18.1,77,0.0,1.41,0.0,2
2022-01-06 20:00:00,17.8,79,0.0,0.8,0.0,1
2022-01-06 21:00:00,15.8,89,0.0,1.94,0.0,0
2022-01-06 22:00:00,16.2,88,0.0,2.12,0.0,0
2022-01-06 23:00:00,17.5,84,0.0,1.41,0.0,0
2022-01-07 00:00:00,17.5,83,0.0,0.92,0.0,0
2022-01-07 01:00:00,15.7,88,0.0,0.92,0.0,0
2022-01-07 02:00:00,16.8,85,0.0,0.9,0.0,0
2022-01-07 03:00:00,15.6,89,0.0,0.76,0.0,0
2022-01-07 04:00:00,13.5,98,0.0,1.46,0.0,0
2022-01-07 05:00:00,13.8,99,0.0,1.49,0.0,100
2022-01-07 06:00:00,14.7,98,2.0,0.64,0.0,0
2022-01-07 07:00:00,15.6,95,67.0,1.08,0.0,0
2022-01-07 08:00:00,18.2,78,208.0,0.5,0.0,0
2022-01-07 09:00:00,20.3,68,361.0,0.71,0.0,0
2022-01-07 10:00:00,22.1,59,480.0,1.61,0.0,0
2022-01-07 11:00:00,23.4,54,543.0,2.08,0.0,0
2022-01-07 12:00:00,24.3,51,543.0,2.34,0.0,0
2022-01-07 13:00:00,24.7,49,480.0,2.55,0.0,0
2022-01-07 14:00:00,24.5,49,364.0,2.78,0.0,7
2022-01-07 15:00:00,23.4,56,212.0,1.86,0.0,6
2022-01-07 16:00:00,20.4,68,68.0,1.84,0.0,3
2022-01-07 17:00:00,18.7,75,1.0,2.66,0.0,0
2022-01-07 18:00:00,19.1,72,0.0,1.61,0.0,0
2022-01-07 19:00:00,18.1,77,0.0,1.34,0.0,0
2022-01-07 20:00:00,16.5,87,0.0,1.75,0.0,0
2022-01-07 21:00:00,15.7,91,0.0,1.21,0.0,0
2022-01-07 22:00:00,15.1,93,0.0,1.12,0.0,0
2022-01-07 23:00:00,16.9,86,0.0,0.71,0.0,0
2022-01-08 00:00:00,17.2,85,0.0,0.92,0.0,0
2022-01-08 01:00:00,17.0,88,0.0,0.95,0.0,0
2022-01-08 02:00:00,16.7,91,0.0,1.22,0.0,0
2022-01-08 03:00:00,16.2,93,0.0,1.35,0.0,0
2022-01-08 04:00:00,15.6,95,0.0,0.7,0.0,0
2022-01-08 05:00:00,13.6,99,0.0,1.39,0.0,0
2022-01-08 06:00:00,13.2,99,2.0,1.43,0.0,0
2022-01-08 07:00:00,15.5,94,68.0,0.92,0.0,0
2022-01-08 08:00:00,18.6,76,214.0,0.64,0.0,0
2022-01-08 09:00:00,20.8,66,364.0,0.67,0.0,0
2022-01-08 10:00:00,22.3,62,481.0,1.21,0.0,0
2022-01-08 11:00:00,23.5,58,546.0,1.5,0.0,0
2022-01-08 12:00:00,24.6,54,548.0,1.77,0.0,0
2022-01-08 13:00:00,25.2,50,487.0,2.05,0.0,0
2022-01-08 14:00:00,25.1,49,370.0,2.48,0.0,0
2022-01-08 15:00:00,23.9,56,218.0,2.05,0.0,0
2022-01-08 16:00:00,20.7,70,70.0,1.98,0.0,0
2022-01-08 17:00:00,19.2,76,2.0,2.3,0.0,0
2022-01-08 18:00:00,18.3,81,0.0,1.93,0.0,0
2022-01-08 19:00:00,17.6,85,0.0,1.58,0.0,0
2022-01-08 20:00:00,16.4,92,0.0,1.49,0.0,0
2022-01-08 21:00:00,15.5,95,0.0,1.36,0.0,0
2022-01-08 22:00:00,16.1,93,0.0,0.92,0.0,0
2022-01-08 23:00:00,17.1,89,0.0,1.0,0.0,0
2022-01-09 00:00:00,17.7,87,0.0,1.08,0.0,0
2022-01-09 01:00:00,17.5,88,0.0,1.66,0.0,0
2022-01-09 02:00:00,16.8,91,0.0,1.77,0.0,0
2022-01-09 03:00:00,16.4,93,0.0,1.53,0.0,0
2022-01-09 04:00:00,15.8,97,0.0,0.61,0.0,0
2022-01-09 05:00:00,13.8,99,0.0,1.93,0.0,8
2022-01-09 06:00:00,13.4,98,2.0,1.71,0.0,0
2022-01-09 07:00:00,15.6,91,63.0,1.36,0.0,0
2022-01-09 08:00:00,18.0,77,189.0,0.51,0.0,0
2022-01-09 09:00:00,20.3,67,360.0,0.94,0.0,0
2022-01-09 10:00:00,21.8,63,480.0,1.44,0.0,0
2022-01-09 11:00:00,23.3,58,544.0,1.5,0.0,0
2022-01-09 12:00:00,24.5,53,545.0,1.78,0.0,0
2022-01-09 13:00:00,25.1,50,485.0,2.13,0.0,0
2022-01-09 14:00:00,25.0,50,369.0,2.22,0.0,31
2022-01-09 15:00:00,24.0,55,217.0,1.92,0.0,72
2022-01-09 16:00:00,21.0,67,71.0,1.72,0.0,30
2022-01-09 17:00:00,19.4,74,2.0,2.26,0.0,59
2022-01-09 18:00:00,19.5,72,0.0,1.36,0.0,100
2022-01-09 19:00:00,18.4,80,0.0,1.4,0.0,100
2022-01-09 20:00:00,17.4,88,0.0,2.01,0.0,99
2022-01-09 21:00:00,18.3,83,0.0,1.41,0.0,100
2022-01-09 22:00:00,19.0,79,0.0,0.0,0.0,97
2022-01-09 23:00:00,18.8,81,0.0,1.32,0.0,92
2022-01-10 00:00:00,18.4,84,0.0,0.81,0.0,71
2022-01-10 01:00:00,17.4,88,0.0,1.48,0.0,92
2022-01-10 02:00:00,15.9,92,0.0,1.94,0.0,8
2022-01-10 03:00:00,15.6,93,0.0,1.7,0.0,4
2022-01-10 04:00:00,15.4,95,0.0,1.4,0.0,7
2022-01-10 05:00:00,15.7,97,0.0,0.81,0.0,7
2022-01-10 06:00:00,15.8,97,2.0,0.63,0.0,13
2022-01-10 07:00:00,16.5,96,67.0,0.28,0.0,4
2022-01-10 08:00:00,19.2,78,209.0,0.3,0.0,2
2022-01-10 09:00:00,21.1,69,359.0,0.81,0.0,10
2022-01-10 10:00:00,22.8,61,473.0,1.25,0.0,0
2022-01-10 11:00:00,24.1,55,539.0,1.75,0.0,3
2022-01-10 12:00:00,25.0,50,543.0,1.88,0.0,0
2022-01-10 13:00:00,25.3,48,483.0,1.84,0.0,0
2022-01-10 14:00:00,25.3,48,369.0,1.64,0.0,3
2022-01-10 15:00:00,24.5,57,218.0,0.76,0.0,1
2022-01-10 16:00:00,22.9,59,72.0,1.41,0.0,4
2022-01-10 17:00:00,21.6,63,2.0,1.39,0.0,0
2022-01-10 18:00:00,19.4,75,0.0,2.0,0.0,0
2022-01-10 19:00:00,18.3,82,0.0,2.13,0.0,6
2022-01-10 20:00:00,17.8,87,0.0,1.88,0.0,15
2022-01-10 21:00:00,18.0,87,0.0,1.97,0.0,13
2022-01-10 22:00:00,17.9,86,0.0,2.0,0.0,18
2022-01-10 23:00:00,17.5,87,0.0,1.92,0.0,25
2022-01-11 00:00:00,16.9,90,0.0,1.7,0.0,92
2022-01-11 01:00:00,16.2,91,0.0,2.14,0.0,6
2022-01-11 02:00:00,15.8,92,0.0,2.21,0.0,3
2022-01-11 03:00:00,15.7,91,0.0,1.9,0.0,0
2022-01-11 04:00:00,17.6,85,0.0,0.76,0.0,91
2022-01-11 05:00:00,15.7,96,0.0,1.48,0.0,0
2022-01-11 06:00:00,14.6,99,2.0,1.89,0.0,100
2022-01-11 07:00:00,16.8,94,63.0,1.4,0.0,100
2022-01-11 08:00:00,18.9,81,187.0,1.56,0.0,100
2022-01-11 09:00:00,20.8,72,297.0,1.43,0.0,100
2022-01-11 10:00:00,22.4,67,417.0,1.32,0.0,100
2022-01-11 11:00:00,23.5,62,471.0,1.61,0.0,100
2022-01-11 12:00:00,24.3,56,485.0,1.77,0.0,100
2022-01-11 13:00:00,24.4,54,392.0,1.84,0.0,100
2022-01-11 14:00:00,24.2,54,277.0,1.98,0.0,100
2022-01-11 15:00:00,23.5,58,167.0,1.66,0.0,100
2022-01-11 16:00:00,21.1,73,53.0,1.84,0.0,100
2022-01-11 17:00:00,20.3,74,2.0,1.41,0.0,100
2022-01-11 18:00:00,19.5,78,0.0,1.55,0.0,100
2022-01-11 19:00:00,18.7,82,0.0,1.63,0.0,100
2022-01-11 20:00:00,18.2,85,0.0,1.52,0.0,100
2022-01-11 21:00:00,18.9,83,0.0,0.41,0.0,100
2022-01-11 22:00:00,18.7,85,0.0,0.51,0.0,100
2022-01-11 23:00:00,18.3,89,0.0,0.92,0.0,100
2022-01-12 00:00:00,18.2,91,0.0,0.5,0.0,100
2022-01-12 01:00:00,18.0,92,0.0,0.54,0.0,100
2022-01-12 02:00:00,16.8,96,0.0,1.36,0.0,100
2022-01-12 03:00:00,16.8,95,0.0,1.75,0.0,100
2022-01-12 04:00:00,16.9,93,0.0,1.41,0.1,100
2022-01-12 05:00:00,17.5,93,0.0,0.22,0.0,100
2022-01-12 06:00:00,16.6,96,1.0,0.92,0.0,100
2022-01-12 07:00:00,17.4,94,17.0,0.42,0.0,100
2022-01-12 08:00:00,18.8,86,154.0,0.63,0.0,23
2022-01-12 09:00:00,20.4,78,331.0,1.61,0.0,98
2022-01-12 10:00:00,21.8,69,450.0,1.46,0.0,56
2022-01-12 11:00:00,22.9,63,534.0,0.86,0.0,99
2022-01-12 12:00:00,23.4,61,456.0,0.61,0.0,59
2022-01-12 13:00:00,23.8,60,451.0,0.89,0.0,58
2022-01-12 14:00:00,23.8,60,307.0,1.89,0.0,55
2022-01-12 15:00:00,23.0,63,175.0,1.12,0.0,74
2022-01-12 16:00:00,21.4,71,55.0,1.53,0.0,84
2022-01-12 17:00:00,19.5,78,2.0,1.53,1.2,100
2022-01-12 18:00:00,19.0,81,0.0,1.9,0.0,99
2022-01-12 19:00:00,17.3,92,0.0,3.19,3.9,100
2022-01-12 20:00:00,16.9,92,0.0,2.33,1.7,100
2022-01-12 21:00:00,16.7,93,0.0,0.81,1.3,100
2022-01-12 22:00:00,16.4,94,0.0,0.5,2.7,92
2022-01-12 23:00:00,16.2,96,0.0,1.08,0.4,47
2022-01-13 00:00:00,15.9,97,0.0,1.08,0.0,75
2022-01-13 01:00:00,14.9,98,0.0,1.3,0.0,75
2022-01-13 02:00:00,16.1,96,0.0,1.5,0.0,84
2022-01-13 03:00:00,15.8,97,0.0,1.5,0.0,100
2022-01-13 04:00:00,15.6,98,0.0,0.92,0.0,65
2022-01-13 05:00:00,15.3,97,0.0,0.95,0.0,98
2022-01-13 06:00:00,15.0,98,2.0,1.57,0.0,58
2022-01-13 07:00:00,15.8,96,58.0,1.06,0.0,76
2022-01-13 08:00:00,17.0,89,161.0,0.5,0.0,100
2022-01-13 09:00:00,17.8,84,186.0,0.36,0.0,49
2022-01-13 10:00:00,19.4,79,406.0,1.14,0.0,7
2022-01-13 11:00:00,20.5,72,541.0,2.21,0.0,0
2022-01-13 12:00:00,21.1,68,546.0,2.85,0.0,1
2022-01-13 13:00:00,21.5,65,487.0,3.1,0.0,2
2022-01-13 14:00:00,21.4,65,376.0,2.98,0.0,3
2022-01-13 15:00:00,20.9,68,226.0,2.7,0.0,35
2022-01-13 16:00:00,19.0,80,73.0,1.61,0.0,8
2022-01-13 17:00:00,18.3,83,3.0,1.81,0.0,5
2022-01-13 18:00:00,17.3,89,0.0,1.58,0.0,7
2022-01-13 19:00:00,16.6,92,0.0,1.72,0.0,13
2022-01-13 20:00:00,16.2,94,0.0,1.56,0.0,20
2022-01-13 21:00:00,15.9,95,0.0,1.48,0.0,25
2022-01-13 22:00:00,14.8,97,0.0,2.0,0.0,20
2022-01-13 23:00:00,14.8,97,0.0,1.5,0.0,22
2022-01-14 00:00:00,16.0,95,0.0,0.64,0.0,18
2022-01-14 01:00:00,13.9,100,0.0,1.43,0.0,100
2022-01-14 02:00:00,13.5,99,0.0,1.41,0.0,100
2022-01-14 03:00:00,14.3,100,0.0,1.5,0.0,100
2022-01-14 04:00:00,14.3,100,0.0,1.77,0.0,100
2022-01-14 05:00:00,14.4,99,0.0,2.16,0.0,100
2022-01-14 06:00:00,14.4,98,1.0,2.71,0.0,100
2022-01-14 07:00:00,15.0,97,25.0,2.66,0.0,100
2022-01-14 08:00:00,16.2,90,75.0,2.72,0.0,100
2022-01-14 09:00:00,17.6,83,215.0,2.41,0.0,100
2022-01-14 10:00:00,18.9,76,328.0,1.92,0.0,100
2022-01-14 11:00:00,19.4,74,301.0,1.93,0.0,100
2022-01-14 12:00:00,20.4,68,355.0,1.77,0.0,99
2022-01-14 13:00:00,20.3,68,273.0,2.37,0.0,90
2022-01-14 14:00:00,20.6,68,331.0,2.3,0.0,100
2022-01-14 15:00:00,20.0,72,140.0,2.15,0.0,92
2022-01-14 16:00:00,18.0,84,71.0,1.57,0.0,100
2022-01-14 17:00:00,17.0,86,2.0,1.66,0.0,100
2022-01-14 18:00:00,16.4,90,0.0,1.79,0.0,100
2022-01-14 19:00:00,16.6,88,0.0,1.46,0.0,100
2022-01-14 20:00:00,15.5,93,0.0,1.92,0.0,100
2022-01-14 21:00:00,15.1,94,0.0,1.79,0.0,100
2022-01-14 22:00:00,15.4,94,0.0,1.03,0.0,100
2022-01-14 23:00:00,14.6,99,0.0,1.17,0.0,100
2022-01-15 00:00:00,13.8,100,0.0,1.41,0.0,100
2022-01-15 01:00:00,14.2,100,0.0,1.1,0.0,100
2022-01-15 02:00:00,14.1,100,0.0,1.21,0.0,100
2022-01-15 03:00:00,13.5,100,0.0,1.61,0.0,100
2022-01-15 04:00:00,13.0,100,0.0,1.48,0.0,100
2022-01-15 05:00:00,14.0,100,0.0,2.06,0.0,100
2022-01-15 06:00:00,14.5,97,1.0,1.8,0.0,95
2022-01-15 07:00:00,15.3,94,47.0,1.81,0.0,100
2022-01-15 08:00:00,16.5,89,132.0,1.6,0.0,91
2022-01-15 09:00:00,18.2,83,322.0,1.7,0.0,5
2022-01-15 10:00:00,20.1,75,487.0,2.16,0.0,3
2022-01-15 11:00:00,21.6,67,556.0,2.79,0.0,0
2022-01-15 12:00:00,22.4,62,560.0,2.85,0.0,0
2022-01-15 13:00:00,22.8,59,502.0,2.47,0.0,0
2022-01-15 14:00:00,22.8,59,387.0,2.64,0.0,0
2022-01-15 15:00:00,22.1,64,235.0,1.84,0.0,0
2022-01-15 16:00:00,19.3,76,82.0,1.57,0.0,0
2022-01-15 17:00:00,17.4,85,3.0,2.1,0.0,1
2022-01-15 18:00:00,16.0,90,0.0,2.34,0.0,3
2022-01-15 19:00:00,15.3,92,0.0,2.28,0.0,2
2022-01-15 20:00:00,14.7,93,0.0,2.64,0.0,1
2022-01-15 21:00:00,15.0,92,0.0,1.39,0.0,0
2022-01-15 22:00:00,15.5,95,0.0,0.6,0.0,0
2022-01-15 23:00:00,15.1,98,0.0,0.9,0.0,0
2022-01-16 00:00:00,14.8,100,0.0,0.28,0.0,100
2022-01-16 01:00:00,14.6,100,0.0,0.14,0.0,100
2022-01-16 02:00:00,14.3,100,0.0,1.17,0.0,100
2022-01-16 03:00:00,13.6,100,0.0,1.51,0.0,100
2022-01-16 04:00:00,13.1,100,0.0,1.58,0.0,100
2022-01-16 05:00:00,14.3,96,0.0,0.45,0.0,100
2022-01-16 06:00:00,13.7,100,1.0,0.78,0.0,69
2022-01-16 07:00:00,14.5,94,53.0,0.67,0.0,35
2022-01-16 08:00:00,16.6,86,187.0,1.2,0.0,4
2022-01-16 09:00:00,18.1,79,338.0,0.82,0.0,2
2022-01-16 10:00:00,19.8,73,484.0,1.1,0.0,0
2022-01-16 11:00:00,21.0,69,554.0,1.68,0.0,0
2022-01-16 12:00:00,22.0,64,558.0,1.17,0.0,0
2022-01-16 13:00:00,22.7,60,500.0,1.0,0.0,0
2022-01-16 14:00:00,22.7,58,387.0,1.53,0.0,0
2022-01-16 15:00:00,21.9,63,235.0,1.64,0.0,8
2022-01-16 16:00:00,19.4,75,83.0,1.84,0.0,0
2022-01-16 17:00:00,18.8,74,4.0,0.82,0.0,0
2022-01-16 18:00:00,16.6,90,0.0,1.75,0.0,0
2022-01-16 19:00:00,15.9,94,0.0,1.61,0.0,0
2022-01-16 20:00:00,14.9,96,0.0,1.4,0.0,0
2022-01-16 21:00:00,14.2,96,0.0,1.9,0.0,0
2022-01-16 22:00:00,15.3,92,0.0,1.79,0.0,0
2022-01-16 23:00:00,14.7,93,0.0,1.4,0.0,0
2022-01-17 00:00:00,13.1,97,0.0,1.17,0.0,0
2022-01-17 01:00:00,13.1,99,0.0,0.72,0.0,2
2022-01-17 02:00:00,12.4,99,0.0,0.64,0.0,4
2022-01-17 03:00:00,14.1,100,0.0,1.13,0.0,6
2022-01-17 04:00:00,14.4,99,0.0,1.27,0.0,100
2022-01-17 05:00:00,13.8,99,0.0,0.9,0.0,100
2022-01-17 06:00:00,14.0,98,1.0,0.98,0.0,0
2022-01-17 07:00:00,15.2,88,42.0,0.7,0.0,0
2022-01-17 08:00:00,16.8,77,179.0,0.61,0.0,0
2022-01-17 09:00:00,18.2,75,353.0,1.39,0.0,1
2022-01-17 10:00:00,19.7,73,490.0,1.61,0.0,6
2022-01-17 11:00:00,21.0,69,561.0,1.77,0.0,11
2022-01-17 12:00:00,22.2,65,566.0,1.94,0.0,4
2022-01-17 13:00:00,22.9,61,508.0,2.59,0.0,2
2022-01-17 14:00:00,23.0,59,393.0,3.0,0.0,0
2022-01-17 15:00:00,22.2,61,239.0,2.91,0.0,11
2022-01-17 16:00:00,19.5,73,86.0,1.75,0.0,4
2022-01-17 17:00:00,19.9,68,4.0,1.08,0.0,0
2022-01-17 18:00:00,17.1,85,0.0,1.3,0.0,6
2022-01-17 19:00:00,17.8,84,0.0,0.72,0.0,71
2022-01-17 20:00:00,15.9,91,0.0,1.66,0.0,93
2022-01-17 21:00:00,15.6,93,0.0,1.58,0.0,63
2022-01-17 22:00:00,15.3,93,0.0,1.7,0.0,70
2022-01-17 23:00:00,13.9,96,0.0,1.79,0.0,100
2022-01-18 00:00:00,14.2,96,0.0,1.57,0.0,99
2022-01-18 01:00:00,13.7,95,0.0,1.58,0.0,99
2022-01-18 02:00:00,13.1,95,0.0,1.36,0.0,99
2022-01-18 03:00:00,13.4,92,0.0,1.61,0.0,77
2022-01-18 04:00:00,13.2,94,0.0,1.91,0.0,79
2022-01-18 05:00:00,13.4,99,0.0,2.8,0.0,100
2022-01-18 06:00:00,13.4,96,1.0,3.2,0.0,100
2022-01-18 07:00:00,13.7,94,43.0,2.7,0.0,100
2022-01-18 08:00:00,15.2,88,161.0,2.61,0.0,87
2022-01-18 09:00:00,17.7,79,356.0,2.41,0.0,100
2022-01-18 10:00:00,20.0,74,437.0,2.44,0.0,68
2022-01-18 11:00:00,21.6,69,465.0,2.83,0.0,80
2022-01-18 12:00:00,22.7,62,454.0,2.94,0.0,100
2022-01-18 13:00:00,22.9,58,369.0,3.24,0.0,98
2022-01-18 14:00:00,22.7,58,291.0,3.19,0.0,97
2022-01-18 15:00:00,22.0,62,169.0,2.3,0.0,54
2022-01-18 16:00:00,19.6,75,80.0,1.77,0.0,100
2022-01-18 17:00:00,17.6,81,3.0,2.12,0.0,99
2022-01-18 18:00:00,16.4,88,0.0,2.01,0.0,42
2022-01-18 19:00:00,16.9,86,0.0,1.92,0.0,4
2022-01-18 20:00:00,16.6,85,0.0,2.02,0.0,12
2022-01-18 21:00:00,16.2,87,0.0,2.1,0.0,13
2022-01-18 22:00:00,15.0,92,0.0,2.02,0.0,28
2022-01-18 23:00:00,14.2,95,0.0,2.1,0.0,7
2022-01-19 00:00:00,13.7,97,0.0,2.02,0.0,9
2022-01-19 01:00:00,13.2,99,0.0,2.0,0.0,12
2022-01-19 02:00:00,13.0,99,0.0,1.91,0.0,50
2022-01-19 03:00:00,13.2,98,0.0,1.61,0.0,93
2022-01-19 04:00:00,13.7,97,0.0,1.2,0.0,81
2022-01-19 05:00:00,13.8,99,0.0,1.87,0.0,17
2022-01-19 06:00:00,13.5,98,2.0,1.9,0.0,80
2022-01-19 07:00:00,14.8,89,53.0,2.43,0.0,92
2022-01-19 08:00:00,16.3,81,161.0,1.65,0.0,76
2022-01-19 09:00:00,18.4,76,320.0,0.98,0.0,7
2022-01-19 10:00:00,20.3,70,474.0,1.36,0.0,12
2022-01-19 11:00:00,22.1,62,552.0,1.63,0.0,0
2022-01-19 12:00:00,23.2,58,560.0,1.7,0.0,0
2022-01-19 13:00:00,23.9,55,502.0,1.66,0.0,2
2022-01-19 14:00:00,23.5,57,386.0,0.3,0.0,1
2022-01-19 15:00:00,23.1,61,238.0,0.51,0.0,0
2022-01-19 16:00:00,20.5,76,87.0,1.46,0.0,15
2022-01-19 17:00:00,17.8,83,4.0,2.21,0.0,7
2022-01-19 18:00:00,18.8,75,0.0,1.02,0.0,3
2022-01-19 19:00:00,18.2,77,0.0,0.22,0.0,1
2022-01-19 20:00:00,15.5,90,0.0,0.92,0.0,1
2022-01-19 21:00:00,15.0,91,0.0,1.43,0.0,0
2022-01-19 22:00:00,14.8,93,0.0,2.55,0.0,5
2022-01-19 23:00:00,15.8,90,0.0,1.79,0.0,16
2022-01-20 00:00:00,15.3,93,0.0,2.1,0.0,14
2022-01-20 01:00:00,13.7,98,0.0,2.05,0.0,8
2022-01-20 02:00:00,14.2,95,0.0,1.89,0.0,99
2022-01-20 03:00:00,14.8,93,0.0,1.49,0.0,90
2022-01-20 04:00:00,13.4,96,0.0,1.53,0.0,86
2022-01-20 05:00:00,13.7,100,0.0,0.95,0.0,70
2022-01-20 06:00:00,13.6,99,2.0,1.1,0.0,99
2022-01-20 07:00:00,15.0,97,57.0,1.0,0.0,100
2022-01-20 08:00:00,16.3,89,142.0,1.14,0.0,100
2022-01-20 09:00:00,17.2,82,168.0,2.19,0.0,100
2022-01-20 10:00:00,18.7,80,318.0,1.0,0.0,91
2022-01-20 11:00:00,19.0,78,254.0,1.21,0.0,58
2022-01-20 12:00:00,20.7,70,482.0,1.0,0.0,70
2022-01-20 13:00:00,21.6,66,492.0,0.41,0.0,22
2022-01-20 14:00:00,21.3,63,344.0,0.71,0.4,35
2022-01-20 15:00:00,20.7,64,192.0,0.98,0.4,41
2022-01-20 16:00:00,18.9,76,70.0,2.42,0.0,38
2022-01-20 17:00:00,19.6,64,3.0,0.41,0.0,100
2022-01-20 18:00:00,17.5,81,0.0,1.2,0.1,99
2022-01-20 19:00:00,16.4,93,0.0,1.43,0.3,83
2022-01-20 20:00:00,15.1,93,0.0,1.84,0.3,100
2022-01-20 21:00:00,15.1,95,0.0,1.34,1.7,99
2022-01-20 22:00:00,14.8,97,0.0,1.12,0.4,100
2022-01-20 23:00:00,15.1,94,0.0,1.1,0.0,45
2022-01-21 00:00:00,13.7,96,0.0,1.94,0.0,100
2022-01-21 01:00:00,14.2,95,0.0,0.5,0.0,97
2022-01-21 02:00:00,14.3,97,0.0,0.5,0.0,32
2022-01-21 03:00:00,13.8,99,0.0,0.94,0.0,23
2022-01-21 04:00:00,13.1,100,0.0,1.43,0.0,20
2022-01-21 05:00:00,13.7,99,0.0,1.12,0.0,45
2022-01-21 06:00:00,13.7,99,2.0,1.14,0.0,4
2022-01-21 07:00:00,14.8,94,68.0,1.4,0.0,40
2022-01-21 08:00:00,16.1,86,201.0,1.39,0.0,36
2022-01-21 09:00:00,17.4,81,341.0,0.8,0.0,18
2022-01-21 10:00:00,18.8,75,478.0,0.81,0.0,5
2022-01-21 11:00:00,20.3,66,555.0,1.2,0.0,5
2022-01-21 12:00:00,21.0,60,561.0,0.92,0.0,7
2022-01-21 13:00:00,21.4,57,475.0,0.54,0.0,6
2022-01-21 14:00:00,21.0,55,379.0,1.17,0.0,29
2022-01-21 15:00:00,19.9,62,232.0,1.14,0.0,10
2022-01-21 16:00:00,17.9,81,89.0,1.49,0.0,10
2022-01-21 17:00:00,16.7,80,5.0,4.74,0.0,10
2022-01-21 18:00:00,16.3,83,0.0,1.39,0.0,24
2022-01-21 19:00:00,15.5,89,0.0,1.65,0.0,63
2022-01-21 20:00:00,16.0,85,0.0,1.92,0.0,39
2022-01-21 21:00:00,14.4,94,0.0,1.99,0.0,42
2022-01-21 22:00:00,13.9,95,0.0,1.66,0.0,56
2022-01-21 23:00:00,14.1,95,0.0,1.02,0.0,30
2022-01-22 00:00:00,13.7,97,0.0,1.08,0.1,31
2022-01-22 01:00:00,13.7,99,0.0,1.21,0.1,57
2022-01-22 02:00:00,13.6,99,0.0,1.3,0.0,39
2022-01-22 03:00:00,13.4,99,0.0,1.6,0.1,79
2022-01-22 04:00:00,13.2,99,0.0,1.51,0.1,45
2022-01-22 05:00:00,13.8,99,0.0,1.3,0.1,91
2022-01-22 06:00:00,13.7,98,1.0,0.58,1.6,100
2022-01-22 07:00:00,14.3,93,24.0,0.32,0.7,89
2022-01-22 08:00:00,15.2,88,121.0,1.22,0.2,26
2022-01-22 09:00:00,16.6,83,359.0,0.45,0.0,54
2022-01-22 10:00:00,18.0,77,407.0,0.99,0.0,36
2022-01-22 11:00:00,19.5,68,478.0,1.22,0.0,47
2022-01-22 12:00:00,20.5,64,546.0,0.82,0.0,1
2022-01-22 13:00:00,21.1,62,510.0,0.36,0.0,25
2022-01-22 14:00:00,21.1,62,372.0,0.81,0.0,8
2022-01-22 15:00:00,20.6,65,247.0,0.86,0.0,1
2022-01-22 16:00:00,18.3,80,93.0,1.49,0.0,4
2022-01-22 17:00:00,17.9,79,6.0,1.24,0.0,3
2022-01-22 18:00:00,17.6,82,0.0,0.92,0.0,21
2022-01-22 19:00:00,17.1,85,0.0,1.36,0.0,26
2022-01-22 20:00:00,15.1,92,0.0,2.05,0.0,7
2022-01-22 21:00:00,14.1,95,0.0,2.25,0.0,19
2022-01-22 22:00:00,14.3,94,0.0,1.6,0.0,83
2022-01-22 23:00:00,14.5,93,0.0,1.81,0.0,100
2022-01-23 00:00:00,14.4,94,0.0,2.11,0.0,100
2022-01-23 01:00:00,14.5,93,0.0,2.33,0.0,100
2022-01-23 02:00:00,14.5,93,0.0,2.72,0.0,73
2022-01-23 03:00:00,14.1,95,0.0,2.41,0.0,100
2022-01-23 04:00:00,14.0,95,0.0,2.61,0.0,34
2022-01-23 05:00:00,14.2,92,0.0,2.2,0.0,37
2022-01-23 06:00:00,13.5,96,2.0,2.22,0.0,3
2022-01-23 07:00:00,14.3,91,71.0,2.55,0.0,25
2022-01-23 08:00:00,15.7,85,212.0,2.9,0.0,21
2022-01-23 09:00:00,17.4,79,365.0,2.9,0.0,36
2022-01-23 10:00:00,19.3,73,471.0,2.62,0.0,100
2022-01-23 11:00:00,19.6,71,259.0,2.42,0.0,99
2022-01-23 12:00:00,20.7,66,397.0,2.6,0.0,100
2022-01-23 13:00:00,20.0,67,153.0,2.22,0.0,100
2022-01-23 14:00:00,19.6,71,86.0,1.51,0.1,100
2022-01-23 15:00:00,19.0,75,54.0,1.12,0.0,100
2022-01-23 16:00:00,18.1,81,25.0,1.36,0.0,100
2022-01-23 17:00:00,16.5,87,1.0,1.75,0.0,100
2022-01-23 18:00:00,17.0,81,0.0,1.62,0.0,100
2022-01-23 19:00:00,16.3,85,0.0,1.41,0.0,100
2022-01-23 20:00:00,15.9,87,0.0,1.53,0.0,100
2022-01-23 21:00:00,16.2,84,0.0,1.43,0.0,100
2022-01-23 22:00:00,16.3,83,0.0,2.04,0.2,86
2022-01-23 23:00:00,15.9,85,0.0,2.15,0.2,99
2022-01-24 00:00:00,16.1,85,0.0,2.15,0.0,99
2022-01-24 01:00:00,15.9,86,0.0,2.1,0.0,97
2022-01-24 02:00:00,15.5,88,0.0,2.04,0.0,100
2022-01-24 03:00:00,15.4,90,0.0,2.34,0.0,91
2022-01-24 04:00:00,14.9,93,0.0,1.88,0.0,100
2022-01-24 05:00:00,14.6,92,0.0,2.06,0.0,100
2022-01-24 06:00:00,14.6,93,1.0,1.7,0.0,90
2022-01-24 07:00:00,15.5,89,42.0,1.97,0.0,35
2022-01-24 08:00:00,16.7,84,172.0,2.62,0.0,21
2022-01-24 09:00:00,18.4,76,352.0,3.51,0.0,23
2022-01-24 10:00:00,20.0,67,435.0,4.16,0.0,68
2022-01-24 11:00:00,20.5,65,405.0,3.77,0.0,42
2022-01-24 12:00:00,21.4,61,526.0,3.65,0.0,36
2022-01-24 13:00:00,21.9,58,475.0,3.11,0.0,19
2022-01-24 14:00:00,21.8,58,379.0,2.42,0.0,15
2022-01-24 15:00:00,21.4,61,224.0,1.8,0.0,28
2022-01-24 16:00:00,19.4,74,85.0,1.53,0.0,15
2022-01-24 17:00:00,17.3,80,6.0,2.11,0.0,13
2022-01-24 18:00:00,16.3,86,0.0,2.28,0.0,23
2022-01-24 19:00:00,15.9,87,0.0,1.84,0.0,15
2022-01-24 20:00:00,16.0,85,0.0,2.11,0.0,18
2022-01-24 21:00:00,15.7,85,0.0,1.94,0.0,7
2022-01-24 22:00:00,15.0,90,0.0,1.84,0.0,1
2022-01-24 23:00:00,14.5,92,0.0,1.82,0.0,4
2022-01-25 00:00:00,14.2,94,0.0,1.81,0.0,5
2022-01-25 01:00:00,13.9,96,0.0,1.81,0.0,2
2022-01-25 02:00:00,13.6,98,0.0,1.81,0.0,1
2022-01-25 03:00:00,13.4,98,0.0,1.82,0.0,1
2022-01-25 04:00:00,13.2,99,0.0,2.06,0.0,11
2022-01-25 05:00:00,13.1,100,0.0,2.39,0.0,22
2022-01-25 06:00:00,13.0,99,2.0,2.86,0.0,30
2022-01-25 07:00:00,14.3,90,69.0,2.9,0.0,16
2022-01-25 08:00:00,15.9,83,203.0,2.72,0.0,8
2022-01-25 09:00:00,17.5,79,360.0,2.62,0.0,18
2022-01-25 10:00:00,19.1,73,483.0,2.57,0.0,4
2022-01-25 11:00:00,20.5,68,560.0,2.34,0.0,0
2022-01-25 12:00:00,21.8,63,571.0,1.8,0.0,0
2022-01-25 13:00:00,22.2,60,517.0,1.22,0.0,3
2022-01-25 14:00:00,22.7,57,398.0,0.64,0.0,4
2022-01-25 15:00:00,22.0,54,244.0,0.71,1.2,31
2022-01-25 16:00:00,21.4,56,82.0,0.14,0.0,16
2022-01-25 17:00:00,17.4,83,7.0,1.56,0.0,4
2022-01-25 18:00:00,16.9,87,0.0,1.89,0.0,89
2022-01-25 19:00:00,17.4,84,0.0,1.36,0.0,18
2022-01-25 20:00:00,17.5,83,0.0,0.98,0.0,11
2022-01-25 21:00:00,16.7,88,0.0,1.32,0.0,30
2022-01-25 22:00:00,15.1,94,0.0,1.55,0.0,45
2022-01-25 23:00:00,15.1,94,0.0,1.68,0.0,30
2022-01-26 00:00:00,15.6,93,0.0,0.7,0.0,29
2022-01-26 01:00:00,14.4,99,0.0,0.91,0.0,61
2022-01-26 02:00:00,14.4,99,0.0,1.03,0.0,19
2022-01-26 03:00:00,13.5,100,0.0,1.3,0.0,11
2022-01-26 04:00:00,13.1,100,0.0,1.63,0.0,100
2022-01-26 05:00:00,13.7,100,0.0,1.08,0.0,100
2022-01-26 06:00:00,14.0,100,2.0,1.41,0.0,95
2022-01-26 07:00:00,15.1,94,40.0,1.87,0.0,21
2022-01-26 08:00:00,16.6,85,198.0,2.67,0.0,66
2022-01-26 09:00:00,17.8,78,266.0,1.39,0.0,80
2022-01-26 10:00:00,18.4,77,336.0,1.5,0.0,49
2022-01-26 11:00:00,20.2,68,519.0,0.45,0.0,4
2022-01-26 12:00:00,21.0,64,570.0,0.91,0.0,12
2022-01-26 13:00:00,21.3,62,493.0,1.4,0.0,21
2022-01-26 14:00:00,21.3,62,352.0,1.51,0.0,21
2022-01-26 15:00:00,20.8,64,216.0,1.88,0.0,14
2022-01-26 16:00:00,19.0,77,89.0,1.2,0.0,23
2022-01-26 17:00:00,19.5,69,7.0,0.95,0.0,19
2022-01-26 18:00:00,19.2,70,0.0,1.27,0.0,19
2022-01-26 19:00:00,18.2,76,0.0,0.2,0.0,95
2022-01-26 20:00:00,16.1,93,0.0,1.9,1.1,95
2022-01-26 21:00:00,15.2,97,0.0,0.9,0.0,37
2022-01-26 22:00:00,15.6,95,0.0,0.64,0.0,6
2022-01-26 23:00:00,14.4,98,0.0,1.22,0.0,100
2022-01-27 00:00:00,15.1,98,0.0,1.5,0.0,86
2022-01-27 01:00:00,14.8,99,0.0,1.66,0.0,51
2022-01-27 02:00:00,14.6,99,0.0,1.12,0.3,58
2022-01-27 03:00:00,14.0,100,0.0,0.36,0.6,100
2022-01-27 04:00:00,14.0,100,0.0,0.98,0.0,100
2022-01-27 05:00:00,14.4,98,0.0,2.22,0.0,100
2022-01-27 06:00:00,13.7,98,2.0,1.88,0.0,96
2022-01-27 07:00:00,14.5,95,42.0,1.14,0.0,100
2022-01-27 08:00:00,15.8,86,150.0,1.03,0.0,100
2022-01-27 09:00:00,16.6,82,190.0,0.86,0.1,100
2022-01-27 10:00:00,17.3,79,279.0,1.4,0.8,100
2022-01-27 11:00:00,18.1,76,319.0,2.31,0.0,100
2022-01-27 12:00:00,19.0,72,420.0,3.13,0.0,51
2022-01-27 13:00:00,19.5,68,434.0,3.36,0.0,46
2022-01-27 14:00:00,19.6,67,368.0,3.31,0.0,12
2022-01-27 15:00:00,19.2,66,244.0,3.23,0.0,16
2022-01-27 16:00:00,17.9,74,98.0,1.7,0.0,10
2022-01-27 17:00:00,16.3,84,8.0,1.66,0.0,9
2022-01-27 18:00:00,15.8,89,0.0,1.53,0.0,33
2022-01-27 19:00:00,15.4,91,0.0,1.56,0.0,55
2022-01-27 20:00:00,15.1,93,0.0,1.5,0.0,22
2022-01-27 21:00:00,14.2,95,0.0,1.53,0.0,36
2022-01-27 22:00:00,14.6,89,0.0,2.56,0.0,0
2022-01-27 23:00:00,14.3,78,0.0,3.24,0.0,0
2022-01-28 00:00:00,13.6,77,0.0,3.22,0.0,0
2022-01-28 01:00:00,12.7,79,0.0,2.44,0.0,0
2022-01-28 02:00:00,12.0,82,0.0,2.11,0.0,0
2022-01-28 03:00:00,11.3,85,0.0,1.89,0.0,0
2022-01-28 04:00:00,10.6,88,0.0,2.16,0.0,0
2022-01-28 05:00:00,11.6,90,0.0,1.71,0.0,0
2022-01-28 06:00:00,12.9,83,3.0,1.33,0.0,0
2022-01-28 07:00:00,13.1,83,80.0,1.02,0.0,0
2022-01-28 08:00:00,14.5,74,239.0,1.02,0.0,0
2022-01-28 09:00:00,16.2,64,403.0,1.13,0.0,0
2022-01-28 10:00:00,17.5,57,532.0,1.62,0.0,0
2022-01-28 11:00:00,18.5,49,605.0,1.51,0.0,0
2022-01-28 12:00:00,19.1,45,615.0,1.99,0.0,0
2022-01-28 13:00:00,19.2,45,549.0,2.57,0.0,8
2022-01-28 14:00:00,18.8,48,413.0,2.94,0.0,15
2022-01-28 15:00:00,18.0,52,256.0,2.69,0.0,9
2022-01-28 16:00:00,16.6,62,105.0,1.98,0.0,3
2022-01-28 17:00:00,15.2,68,9.0,1.75,0.0,0
2022-01-28 18:00:00,14.2,73,0.0,2.05,0.0,22
2022-01-28 19:00:00,13.5,80,0.0,2.25,0.0,74
2022-01-28 20:00:00,13.5,80,0.0,1.77,0.0,99
2022-01-28 21:00:00,13.7,75,0.0,1.98,0.0,0
2022-01-28 22:00:00,12.4,78,0.0,1.98,0.0,7
2022-01-28 23:00:00,12.3,78,0.0,1.92,0.0,8
2022-01-29 00:00:00,11.8,81,0.0,2.1,0.0,2
2022-01-29 01:00:00,12.8,78,0.0,2.0,0.0,0
2022-01-29 02:00:00,12.0,87,0.0,1.79,0.0,0
2022-01-29 03:00:00,11.1,93,0.0,1.82,0.0,0
2022-01-29 04:00:00,11.2,95,0.0,1.72,0.0,0
2022-01-29 05:00:00,9.9,100,0.0,2.02,0.0,0
2022-01-29 06:00:00,9.6,100,3.0,1.84,0.0,38
2022-01-29 07:00:00,12.2,91,79.0,1.21,0.0,5
2022-01-29 08:00:00,14.5,74,236.0,1.21,0.0,0
2022-01-29 09:00:00,16.2,62,400.0,1.43,0.0,0
2022-01-29 10:00:00,17.6,56,530.0,1.91,0.0,0
2022-01-29 11:00:00,18.5,53,603.0,2.3,0.0,0
2022-01-29 12:00:00,19.3,51,612.0,2.6,0.0,0
2022-01-29 13:00:00,19.8,49,554.0,2.0,0.0,0
2022-01-29 14:00:00,20.1,48,436.0,1.61,0.0,0
2022-01-29 15:00:00,19.7,51,276.0,1.33,0.0,0
2022-01-29 16:00:00,16.9,76,111.0,1.9,0.0,0
2022-01-29 17:00:00,17.1,65,10.0,1.34,0.0,0
2022-01-29 18:00:00,15.0,78,0.0,1.22,0.0,92
2022-01-29 19:00:00,14.7,79,0.0,1.3,0.0,66
2022-01-29 20:00:00,14.8,75,0.0,1.1,0.0,61
2022-01-29 21:00:00,15.0,74,0.0,1.08,0.0,38
2022-01-29 22:00:00,12.3,88,0.0,2.06,0.0,86
2022-01-29 23:00:00,12.0,91,0.0,1.92,0.0,49
2022-01-30 00:00:00,11.6,91,0.0,2.13,0.0,24
2022-01-30 01:00:00,11.1,91,0.0,2.48,0.0,29
2022-01-30 02:00:00,11.2,90,0.0,2.3,0.0,32
2022-01-30 03:00:00,10.6,91,0.0,2.6,0.0,34
2022-01-30 04:00:00,13.2,80,0.0,1.91,0.0,15
2022-01-30 05:00:00,11.3,94,0.0,1.92,0.0,7
2022-01-30 06:00:00,11.2,95,3.0,1.58,0.0,16
2022-01-30 07:00:00,12.6,91,78.0,0.4,0.0,14
2022-01-30 08:00:00,14.6,77,234.0,0.58,0.0,1
2022-01-30 09:00:00,16.7,66,396.0,1.08,0.0,0
2022-01-30 10:00:00,18.2,60,524.0,1.41,0.0,0
2022-01-30 11:00:00,19.4,55,597.0,1.63,0.0,0
2022-01-30 12:00:00,20.4,51,605.0,1.57,0.0,0
2022-01-30 13:00:00,20.9,49,544.0,1.75,0.0,2
2022-01-30 14:00:00,20.9,51,428.0,2.31,0.0,2
2022-01-30 15:00:00,20.1,55,272.0,2.72,0.0,1
2022-01-30 16:00:00,17.9,70,111.0,1.39,0.0,3
2022-01-30 17:00:00,15.5,79,10.0,2.62,0.0,6
2022-01-30 18:00:00,14.7,81,0.0,2.14,0.0,1
2022-01-30 19:00:00,14.0,83,0.0,2.37,0.0,1
2022-01-30 20:00:00,13.7,85,0.0,2.11,0.0,2
2022-01-30 21:00:00,13.3,87,0.0,2.0,0.0,3
2022-01-30 22:00:00,12.9,87,0.0,2.19,0.0,0
2022-01-30 23:00:00,12.7,88,0.0,2.19,0.0,0
2022-01-31 00:00:00,12.2,88,0.0,2.64,0.0,0
2022-01-31 01:00:00,13.5,81,0.0,2.25,0.0,0
2022-01-31 02:00:00,14.5,80,0.0,1.36,0.0,0
2022-01-31 03:00:00,13.6,88,0.0,1.12,0.0,1
2022-01-31 04:00:00,12.9,94,0.0,0.28,0.0,0
2022-01-31 05:00:00,12.5,100,0.0,1.12,0.0,0
2022-01-31 06:00:00,11.6,100,3.0,0.64,0.0,92
2022-01-31 07:00:00,12.6,98,75.0,0.14,0.0,91
2022-01-31 08:00:00,15.1,88,218.0,0.63,0.0,40
2022-01-31 09:00:00,17.1,74,391.0,0.64,0.0,1
2022-01-31 10:00:00,18.9,63,524.0,0.98,0.0,0
2022-01-31 11:00:00,20.3,56,598.0,1.65,0.0,0
2022-01-31 12:00:00,21.2,51,607.0,1.7,0.0,0
2022-01-31 13:00:00,21.6,47,551.0,1.7,0.0,0
2022-01-31 14:00:00,21.8,46,434.0,1.8,0.0,5
2022-01-31 15:00:00,21.1,51,268.0,2.66,0.0,11
2022-01-31 16:00:00,18.9,65,105.0,1.55,0.0,99
2022-01-31 17:00:00,17.4,72,6.0,1.68,0.3,90
2022-01-31 18:00:00,16.3,82,0.0,0.73,1.0,82
2022-01-31 19:00:00,15.8,91,0.0,1.42,0.9,98
2022-01-31 20:00:00,15.0,98,0.0,1.12,0.0,50
2022-01-31 21:00:00,15.1,93,0.0,1.44,0.0,45
2022-01-31 22:00:00,13.8,95,0.0,1.71,0.0,26
2022-01-31 23:00:00,13.6,96,0.0,1.7,0.0,13
2022-02-01 00:00:00,12.4,98,0.0,2.11,0.0,38
2022-02-01 01:00:00,12.2,97,0.0,2.02,0.0,13
2022-02-01 02:00:00,12.6,96,0.0,1.57,0.0,30
2022-02-01 03:00:00,12.7,96,0.0,1.56,0.0,21
2022-02-01 04:00:00,12.2,96,0.0,1.57,0.0,27
2022-02-01 05:00:00,12.2,98,0.0,1.26,0.0,18
2022-02-01 06:00:00,12.2,98,3.0,1.78,0.1,51
2022-02-01 07:00:00,13.8,94,61.0,2.19,0.1,29
2022-02-01 08:00:00,15.3,88,193.0,1.75,0.0,48
2022-02-01 09:00:00,16.6,80,317.0,2.33,0.0,37
2022-02-01 10:00:00,17.9,69,409.0,2.46,0.0,26
2022-02-01 11:00:00,18.8,63,488.0,2.19,0.0,7
2022-02-01 12:00:00,19.5,59,565.0,1.32,0.0,15
2022-02-01 13:00:00,19.7,58,460.0,0.71,0.0,17
2022-02-01 14:00:00,19.9,57,401.0,0.85,0.0,12
2022-02-01 15:00:00,19.5,59,249.0,1.08,0.0,50
2022-02-01 16:00:00,18.0,76,89.0,0.72,0.0,32
2022-02-01 17:00:00,16.0,75,9.0,1.77,0.0,56
2022-02-01 18:00:00,14.8,83,0.0,2.66,1.0,88
2022-02-01 19:00:00,14.4,93,0.0,1.2,0.1,79
2022-02-01 20:00:00,14.2,93,0.0,0.99,0.1,62
2022-02-01 21:00:00,14.2,94,0.0,1.3,1.3,93
2022-02-01 22:00:00,14.0,95,0.0,1.81,0.5,6
2022-02-01 23:00:00,13.2,96,0.0,2.43,0.0,47
2022-02-02 00:00:00,12.9,97,0.0,2.45,0.0,26
2022-02-02 01:00:00,12.8,98,0.0,3.1,0.0,44
2022-02-02 02:00:00,12.7,99,0.0,2.91,0.0,17
2022-02-02 03:00:00,12.5,99,0.0,2.8,0.0,3
2022-02-02 04:00:00,12.2,99,0.0,2.53,0.0,30
2022-02-02 05:00:00,11.9,97,0.0,3.01,0.0,34
2022-02-02 06:00:00,11.7,99,3.0,2.69,0.0,57
2022-02-02 07:00:00,12.9,93,69.0,3.96,0.0,100
2022-02-02 08:00:00,14.3,87,180.0,4.23,0.0,100
2022-02-02 09:00:00,15.5,82,230.0,3.98,0.0,94
2022-02-02 10:00:00,17.3,73,387.0,3.91,0.0,37
2022-02-02 11:00:00,19.4,62,531.0,3.28,0.0,41
2022-02-02 12:00:00,20.3,59,578.0,2.86,0.0,14
2022-02-02 13:00:00,20.8,56,533.0,2.25,0.0,8
2022-02-02 14:00:00,21.0,55,419.0,1.9,0.0,3
2022-02-02 15:00:00,20.6,55,261.0,1.84,0.0,9
2022-02-02 16:00:00,18.8,67,107.0,1.39,0.0,28
2022-02-02 17:00:00,16.2,77,11.0,2.33,0.0,30
2022-02-02 18:00:00,15.9,79,0.0,1.62,0.0,33
2022-02-02 19:00:00,15.4,81,0.0,1.75,0.0,80
2022-02-02 20:00:00,15.8,76,0.0,1.36,0.0,38
2022-02-02 21:00:00,14.3,87,0.0,1.66,0.0,16
2022-02-02 22:00:00,13.0,93,0.0,2.26,0.0,6
2022-02-02 23:00:00,12.3,95,0.0,2.26,0.0,7
2022-02-03 00:00:00,12.6,95,0.0,1.6,0.0,3
2022-02-03 01:00:00,12.4,97,0.0,1.53,0.0,5
2022-02-03 02:00:00,12.2,97,0.0,1.82,0.0,3
2022-02-03 03:00:00,12.3,95,0.0,2.12,0.0,0
2022-02-03 04:00:00,11.7,96,0.0,1.71,0.0,0
2022-02-03 05:00:00,12.4,99,0.0,2.42,0.0,0
2022-02-03 06:00:00,12.3,98,4.0,2.24,0.0,2
2022-02-03 07:00:00,13.7,93,82.0,2.47,0.0,11
2022-02-03 08:00:00,15.7,85,235.0,2.45,0.0,7
2022-02-03 09:00:00,18.0,75,400.0,2.86,0.0,1
2022-02-03 10:00:00,20.0,66,529.0,3.07,0.0,0
2022-02-03 11:00:00,21.2,59,603.0,3.23,0.0,0
2022-02-03 12:00:00,22.1,54,615.0,3.29,0.0,0
2022-02-03 13:00:00,22.4,53,556.0,2.98,0.0,0
2022-02-03 14:00:00,22.5,51,438.0,2.97,0.0,6
2022-02-03 15:00:00,22.0,52,276.0,2.72,0.0,19
2022-02-03 16:00:00,20.2,61,110.0,1.79,0.0,28
2022-02-03 17:00:00,16.6,80,11.0,2.55,0.0,44
2022-02-03 18:00:00,16.4,80,0.0,1.81,0.0,100
2022-02-03 19:00:00,16.9,77,0.0,1.46,0.0,100
2022-02-03 20:00:00,17.1,75,0.0,1.41,0.0,100
2022-02-03 21:00:00,17.1,75,0.0,2.04,0.0,72
2022-02-03 22:00:00,16.7,78,0.0,2.71,0.0,40
2022-02-03 23:00:00,16.2,82,0.0,2.91,0.0,39
2022-02-04 00:00:00,15.4,86,0.0,3.1,0.0,35
2022-02-04 01:00:00,15.1,86,0.0,3.51,0.0,28
2022-02-04 02:00:00,14.8,84,0.0,3.3,0.0,8
2022-02-04 03:00:00,14.2,86,0.0,3.4,0.0,10
2022-02-04 04:00:00,13.7,88,0.0,3.34,0.0,64
2022-02-04 05:00:00,13.6,92,0.0,4.03,0.0,100
2022-02-04 06:00:00,14.0,90,3.0,4.56,0.0,100
2022-02-04 07:00:00,15.0,87,54.0,4.26,0.1,100
2022-02-04 08:00:00,15.3,90,64.0,4.42,1.1,100
2022-02-04 09:00:00,15.3,94,72.0,4.11,3.4,100
2022-02-04 10:00:00,16.1,91,116.0,3.8,3.0,100
2022-02-04 11:00:00,16.3,86,134.0,4.71,0.7,100
2022-02-04 12:00:00,16.7,80,195.0,5.21,0.5,100
2022-02-04 13:00:00,15.9,86,147.0,4.62,1.0,100
2022-02-04 14:00:00,15.6,87,90.0,3.38,0.5,100
2022-02-04 15:00:00,15.1,88,55.0,4.04,1.6,100
2022-02-04 16:00:00,14.7,89,11.0,2.24,1.7,100
2022-02-04 17:00:00,14.0,91,1.0,1.02,1.9,100
2022-02-04 18:00:00,13.8,94,0.0,3.21,1.2,100
2022-02-04 19:00:00,13.7,94,0.0,2.8,0.7,100
2022-02-04 20:00:00,13.5,94,0.0,3.57,0.7,100
2022-02-04 21:00:00,13.7,91,0.0,4.6,0.1,100
2022-02-04 22:00:00,14.0,88,0.0,5.12,0.0,100
2022-02-04 23:00:00,14.0,86,0.0,5.32,0.1,100
2022-02-05 00:00:00,13.8,88,0.0,4.59,1.7,100
2022-02-05 01:00:00,13.8,90,0.0,4.0,6.9,100
2022-02-05 02:00:00,13.8,91,0.0,4.65,3.5,100
2022-02-05 03:00:00,13.8,92,0.0,3.98,0.4,17
2022-02-05 04:00:00,13.0,95,0.0,4.21,0.0,6
2022-02-05 05:00:00,13.6,94,0.0,4.92,0.0,15
2022-02-05 06:00:00,13.3,95,4.0,4.75,0.0,17
2022-02-05 07:00:00,14.1,93,76.0,4.8,0.0,33
2022-02-05 08:00:00,15.4,86,205.0,6.11,0.0,100
2022-02-05 09:00:00,16.3,82,260.0,5.74,0.0,100
2022-02-05 10:00:00,17.6,76,359.0,4.4,0.0,68
2022-02-05 11:00:00,18.8,71,541.0,3.52,0.0,90
2022-02-05 12:00:00,18.2,73,449.0,4.16,0.0,49
2022-02-05 13:00:00,18.1,73,308.0,3.66,0.0,100
2022-02-05 14:00:00,17.7,74,178.0,2.9,0.1,90
2022-02-05 15:00:00,17.8,75,196.0,1.73,0.1,73
2022-02-05 16:00:00,16.2,89,92.0,0.85,0.4,78
2022-02-05 17:00:00,13.8,96,10.0,2.91,5.6,100
2022-02-05 18:00:00,13.8,92,0.0,2.24,0.0,29
2022-02-05 19:00:00,12.9,93,0.0,1.75,0.0,99
2022-02-05 20:00:00,12.5,94,0.0,0.89,0.0,55
2022-02-05 21:00:00,13.0,92,0.0,0.91,0.0,20
2022-02-05 22:00:00,12.4,95,0.0,1.22,0.0,30
2022-02-05 23:00:00,12.7,95,0.0,0.85,0.0,2
2022-02-06 00:00:00,12.5,95,0.0,0.78,0.0,7
2022-02-06 01:00:00,12.6,95,0.0,0.8,0.0,18
2022-02-06 02:00:00,11.1,99,0.0,1.06,0.0,37
2022-02-06 03:00:00,10.1,100,0.0,1.22,0.0,100
2022-02-06 04:00:00,10.8,100,0.0,0.81,0.0,100
2022-02-06 05:00:00,11.3,97,0.0,1.2,0.0,100
2022-02-06 06:00:00,11.3,97,3.0,1.63,0.0,70
2022-02-06 07:00:00,11.8,94,51.0,0.4,0.0,44
2022-02-06 08:00:00,12.7,90,146.0,0.94,0.0,55
2022-02-06 09:00:00,14.0,86,271.0,0.94,0.0,56
2022-02-06 10:00:00,15.9,78,477.0,0.9,0.0,23
2022-02-06 11:00:00,17.0,70,573.0,0.95,0.0,7
2022-02-06 12:00:00,18.0,63,588.0,0.98,0.0,3
2022-02-06 13:00:00,18.7,59,527.0,1.0,0.0,3
2022-02-06 14:00:00,19.1,58,430.0,1.17,0.0,5
2022-02-06 15:00:00,18.9,61,285.0,1.44,0.0,4
2022-02-06 16:00:00,16.9,82,122.0,1.48,0.0,17
2022-02-06 17:00:00,15.0,84,14.0,2.08,0.0,22
2022-02-06 18:00:00,14.6,84,0.0,1.71,0.0,26
2022-02-06 19:00:00,14.2,88,0.0,1.75,0.0,24
2022-02-06 20:00:00,13.1,93,0.0,1.75,0.0,58
2022-02-06 21:00:00,14.4,88,0.0,1.61,0.0,81
2022-02-06 22:00:00,14.3,87,0.0,2.06,0.0,97
2022-02-06 23:00:00,13.8,89,0.0,1.8,0.0,75
2022-02-07 00:00:00,13.0,93,0.0,1.44,0.0,80
2022-02-07 01:00:00,14.0,87,0.0,1.58,0.0,60
2022-02-07 02:00:00,13.9,89,0.0,0.61,0.0,84
2022-02-07 03:00:00,13.4,94,0.0,0.36,0.0,65
2022-02-07 04:00:00,11.3,99,0.0,1.3,0.0,35
2022-02-07 05:00:00,12.1,100,0.0,0.92,0.0,45
2022-02-07 06:00:00,12.8,99,3.0,0.51,0.0,90
2022-02-07 07:00:00,14.0,93,74.0,1.17,0.0,100
2022-02-07 08:00:00,15.5,85,218.0,1.14,0.0,25
2022-02-07 09:00:00,16.9,78,369.0,1.3,0.0,6
2022-02-07 10:00:00,18.3,73,531.0,1.3,0.0,4
2022-02-07 11:00:00,19.5,67,604.0,1.24,0.0,7
2022-02-07 12:00:00,20.1,62,568.0,1.3,0.1,24
2022-02-07 13:00:00,20.5,60,547.0,1.51,0.1,22
2022-02-07 14:00:00,20.5,59,433.0,1.6,0.0,7
2022-02-07 15:00:00,20.2,60,274.0,0.78,0.0,17
2022-02-07 16:00:00,18.4,80,113.0,1.43,0.0,15
2022-02-07 17:00:00,16.9,78,14.0,2.2,0.0,21
2022-02-07 18:00:00,17.2,72,0.0,1.93,0.0,88
2022-02-07 19:00:00,16.8,75,0.0,3.47,0.0,78
2022-02-07 20:00:00,15.4,86,0.0,3.61,0.1,98
2022-02-07 21:00:00,15.5,88,0.0,1.98,0.3,89
2022-02-07 22:00:00,15.0,93,0.0,0.8,0.0,96
2022-02-07 23:00:00,15.0,94,0.0,0.9,0.0,98
2022-02-08 00:00:00,15.0,93,0.0,1.13,0.0,28
2022-02-08 01:00:00,14.1,94,0.0,1.5,0.0,41
2022-02-08 02:00:00,13.7,93,0.0,1.7,0.0,43
2022-02-08 03:00:00,13.4,93,0.0,1.98,0.0,37
2022-02-08 04:00:00,12.9,92,0.0,2.36,0.0,21
2022-02-08 05:00:00,13.9,94,0.0,1.4,0.0,10
2022-02-08 06:00:00,14.1,92,5.0,0.86,0.0,37
2022-02-08 07:00:00,14.8,92,71.0,0.86,0.0,77
2022-02-08 08:00:00,15.4,89,140.0,0.57,0.0,62
2022-02-08 09:00:00,16.3,82,240.0,0.5,0.0,50
2022-02-08 10:00:00,17.7,76,415.0,1.5,0.0,38
2022-02-08 11:00:00,18.7,72,532.0,1.84,0.0,35
2022-02-08 12:00:00,19.4,70,582.0,2.41,0.0,34
2022-02-08 13:00:00,19.1,67,497.0,2.2,0.2,34
2022-02-08 14:00:00,18.6,71,311.0,1.8,0.0,31
2022-02-08 15:00:00,18.5,70,238.0,1.3,0.0,29
2022-02-08 16:00:00,17.5,84,105.0,0.67,0.0,40
2022-02-08 17:00:00,16.9,79,13.0,1.66,0.0,43
2022-02-08 18:00:00,16.2,80,0.0,2.44,0.0,60
2022-02-08 19:00:00,15.7,82,0.0,1.3,0.2,88
2022-02-08 20:00:00,16.1,83,0.0,1.61,0.0,44
2022-02-08 21:00:00,15.5,87,0.0,2.06,0.0,48
2022-02-08 22:00:00,14.4,92,0.0,1.75,0.0,29
2022-02-08 23:00:00,13.6,93,0.0,1.84,0.0,26
2022-02-09 00:00:00,14.3,91,0.0,1.56,0.0,22
2022-02-09 01:00:00,12.5,98,0.0,1.92,0.0,25
2022-02-09 02:00:00,12.3,99,0.0,1.62,0.0,23
2022-02-09 03:00:00,12.5,99,0.0,1.43,0.0,26
2022-02-09 04:00:00,12.6,98,0.0,1.66,0.0,26
2022-02-09 05:00:00,12.4,100,0.0,1.51,0.0,27
2022-02-09 06:00:00,12.8,100,4.0,1.32,0.0,100
2022-02-09 07:00:00,13.8,96,64.0,1.0,0.0,51
2022-02-09 08:00:00,15.3,91,179.0,1.0,0.0,77
2022-02-09 09:00:00,17.0,83,325.0,1.0,0.0,78
2022-02-09 10:00:00,18.7,74,477.0,0.64,0.0,2
2022-02-09 11:00:00,19.9,68,609.0,0.76,0.0,2
2022-02-09 12:00:00,20.8,61,608.0,0.5,0.0,3
2022-02-09 13:00:00,21.3,55,546.0,0.64,0.0,12
2022-02-09 14:00:00,21.3,53,421.0,1.04,0.0,5
2022-02-09 15:00:00,21.0,55,281.0,1.06,0.0,7
2022-02-09 16:00:00,20.5,57,125.0,0.85,0.0,7
2022-02-09 17:00:00,17.1,76,16.0,2.26,0.0,6
2022-02-09 18:00:00,16.4,79,0.0,1.92,0.0,11
2022-02-09 19:00:00,16.0,83,0.0,1.52,0.0,47
2022-02-09 20:00:00,15.7,86,0.0,1.24,0.0,5
2022-02-09 21:00:00,14.3,92,0.0,1.7,0.0,5
2022-02-09 22:00:00,13.7,93,0.0,2.11,0.0,0
2022-02-09 23:00:00,14.4,90,0.0,1.79,0.0,0
2022-02-10 00:00:00,13.9,92,0.0,1.68,0.0,4
2022-02-10 01:00:00,13.5,94,0.0,1.41,0.0,0
2022-02-10 02:00:00,12.6,97,0.0,1.33,0.0,71
2022-02-10 03:00:00,12.6,100,0.0,0.51,0.0,40
2022-02-10 04:00:00,11.5,100,0.0,1.93,0.0,100
2022-02-10 05:00:00,11.8,100,0.0,1.5,0.0,98
2022-02-10 06:00:00,12.6,100,5.0,1.14,0.0,100
2022-02-10 07:00:00,13.7,95,66.0,1.7,0.0,63
2022-02-10 08:00:00,15.8,84,197.0,1.51,0.0,52
2022-02-10 09:00:00,17.9,76,340.0,1.81,0.0,53
2022-02-10 10:00:00,19.2,72,419.0,1.41,0.0,80
2022-02-10 11:00:00,20.5,66,549.0,1.2,0.0,75
2022-02-10 12:00:00,21.0,63,496.0,2.06,0.0,44
2022-02-10 13:00:00,20.7,64,411.0,2.67,0.0,46
2022-02-10 14:00:00,19.9,67,277.0,2.38,0.0,50
2022-02-10 15:00:00,19.7,69,229.0,1.75,0.0,73
2022-02-10 16:00:00,18.7,86,94.0,0.28,0.1,62
2022-02-10 17:00:00,16.9,84,10.0,1.34,0.0,18
2022-02-10 18:00:00,17.0,83,0.0,0.71,0.0,22
2022-02-10 19:00:00,17.1,83,0.0,0.28,0.0,100
2022-02-10 20:00:00,16.3,89,0.0,1.22,0.0,100
2022-02-10 21:00:00,16.3,89,0.0,2.35,0.0,100
2022-02-10 22:00:00,15.7,90,0.0,2.67,0.0,96
2022-02-10 23:00:00,15.0,93,0.0,2.22,0.0,60
2022-02-11 00:00:00,15.0,93,0.0,1.12,0.0,82
2022-02-11 01:00:00,14.7,94,0.0,0.22,0.0,67
2022-02-11 02:00:00,14.3,95,0.0,0.94,0.9,62
2022-02-11 03:00:00,14.2,95,0.0,1.17,0.3,80
2022-02-11 04:00:00,13.9,97,0.0,1.49,1.7,78
2022-02-11 05:00:00,14.6,96,0.0,0.22,0.2,75
2022-02-11 06:00:00,14.1,98,5.0,0.82,0.0,70
2022-02-11 07:00:00,14.8,95,68.0,0.45,0.0,54
2022-02-11 08:00:00,15.7,89,189.0,0.36,0.2,48
2022-02-11 09:00:00,17.0,83,319.0,1.28,0.4,65
2022-02-11 10:00:00,17.7,78,343.0,1.04,0.7,81
2022-02-11 11:00:00,18.7,75,360.0,0.64,0.0,23
2022-02-11 12:00:00,20.1,69,573.0,2.12,0.0,41
2022-02-11 13:00:00,20.4,68,502.0,2.82,0.0,14
2022-02-11 14:00:00,20.1,68,413.0,2.5,0.0,10
2022-02-11 15:00:00,20.0,68,289.0,1.94,0.0,6
2022-02-11 16:00:00,18.8,78,131.0,0.98,0.0,5
2022-02-11 17:00:00,17.0,85,17.0,1.72,0.0,27
2022-02-11 18:00:00,17.1,83,0.0,3.0,0.1,45
2022-02-11 19:00:00,16.0,90,0.0,1.17,0.0,65
2022-02-11 20:00:00,16.6,84,0.0,1.87,0.0,28
2022-02-11 21:00:00,15.7,91,0.0,2.06,0.0,19
2022-02-11 22:00:00,15.4,91,0.0,2.02,0.0,16
2022-02-11 23:00:00,15.0,91,0.0,2.0,0.0,2
2022-02-12 00:00:00,14.1,93,0.0,1.98,0.0,0
2022-02-12 01:00:00,13.6,95,0.0,1.65,0.0,2
2022-02-12 02:00:00,13.1,97,0.0,1.71,0.0,45
2022-02-12 03:00:00,13.2,95,0.0,1.61,0.0,28
2022-02-12 04:00:00,12.8,98,0.0,1.12,0.1,36
2022-02-12 05:00:00,13.9,96,0.0,2.1,0.1,31
2022-02-12 06:00:00,13.8,96,5.0,0.45,0.3,35
2022-02-12 07:00:00,14.8,88,70.0,1.49,0.1,43
2022-02-12 08:00:00,16.0,81,214.0,1.3,0.0,35
2022-02-12 09:00:00,17.3,76,375.0,0.82,0.0,25
2022-02-12 10:00:00,18.7,70,538.0,0.45,0.0,11
2022-02-12 11:00:00,19.8,65,591.0,0.41,0.0,9
2022-02-12 12:00:00,20.6,59,622.0,0.1,0.0,6
2022-02-12 13:00:00,21.0,55,565.0,0.42,0.0,6
2022-02-12 14:00:00,21.1,55,465.0,0.8,0.0,3
2022-02-12 15:00:00,20.9,55,307.0,0.36,0.0,6
2022-02-12 16:00:00,19.0,78,138.0,1.3,0.0,2
2022-02-12 17:00:00,17.2,79,19.0,2.32,0.0,0
2022-02-12 18:00:00,18.4,69,0.0,1.2,0.0,3
2022-02-12 19:00:00,16.0,83,0.0,1.82,0.0,1
2022-02-12 20:00:00,14.8,88,0.0,1.2,0.0,3
2022-02-12 21:00:00,14.0,93,0.0,1.66,0.0,1
2022-02-12 22:00:00,13.6,91,0.0,1.79,0.0,0
2022-02-12 23:00:00,13.0,91,0.0,1.53,0.0,0
2022-02-13 00:00:00,12.3,92,0.0,1.97,0.0,0
2022-02-13 01:00:00,12.8,90,0.0,1.49,0.0,0
2022-02-13 02:00:00,12.6,96,0.0,1.12,0.0,0
2022-02-13 03:00:00,11.0,100,0.0,1.52,0.0,1
2022-02-13 04:00:00,10.2,100,0.0,1.8,0.0,100
2022-02-13 05:00:00,12.1,95,0.0,2.52,0.0,85
2022-02-13 06:00:00,11.9,95,7.0,1.55,0.0,4
2022-02-13 07:00:00,13.9,85,98.0,2.22,0.0,2
2022-02-13 08:00:00,15.6,81,256.0,2.28,0.0,9
2022-02-13 09:00:00,17.3,78,426.0,2.33,0.0,6
2022-02-13 10:00:00,19.2,74,564.0,2.28,0.0,7
2022-02-13 11:00:00,20.8,66,646.0,2.52,0.0,0
2022-02-13 12:00:00,21.9,60,660.0,2.66,0.0,0
2022-02-13 13:00:00,22.5,57,603.0,2.75,0.0,0
2022-02-13 14:00:00,22.4,57,484.0,2.83,0.0,0
2022-02-13 15:00:00,21.8,59,319.0,2.66,0.0,0
2022-02-13 16:00:00,19.9,71,143.0,1.78,0.0,0
2022-02-13 17:00:00,17.9,79,20.0,2.1,0.0,1
2022-02-13 18:00:00,16.8,85,0.0,1.94,0.0,0
2022-02-13 19:00:00,16.0,89,0.0,1.91,0.0,0
2022-02-13 20:00:00,15.7,91,0.0,1.8,0.0,0
2022-02-13 21:00:00,15.5,92,0.0,2.3,0.0,0
2022-02-13 22:00:00,15.2,93,0.0,2.3,0.0,0
2022-02-13 23:00:00,14.6,94,0.0,2.0,0.0,0
2022-02-14 00:00:00,14.1,96,0.0,1.9,0.0,0
2022-02-14 01:00:00,13.5,97,0.0,1.7,0.0,0
2022-02-14 02:00:00,13.1,98,0.0,1.7,0.0,0
2022-02-14 03:00:00,12.8,99,0.0,1.71,0.0,1
2022-02-14 04:00:00,12.8,100,0.0,1.7,0.0,70
2022-02-14 05:00:00,12.8,99,0.0,2.71,0.0,100
2022-02-14 06:00:00,13.2,94,5.0,2.53,0.0,100
2022-02-14 07:00:00,13.9,89,57.0,2.55,0.0,100
2022-02-14 08:00:00,14.9,86,187.0,2.11,0.0,97
2022-02-14 09:00:00,17.2,77,419.0,1.84,0.0,1
2022-02-14 10:00:00,19.8,69,581.0,2.02,0.0,1
2022-02-14 11:00:00,22.2,60,665.0,2.66,0.0,0
2022-02-14 12:00:00,23.7,54,676.0,2.97,0.0,0
2022-02-14 13:00:00,24.4,50,617.0,3.0,0.0,0
2022-02-14 14:00:00,24.3,49,496.0,2.98,0.0,0
2022-02-14 15:00:00,23.4,53,330.0,2.55,0.0,0
2022-02-14 16:00:00,20.9,66,148.0,1.66,0.0,0
2022-02-14 17:00:00,17.8,75,21.0,2.95,0.0,0
2022-02-14 18:00:00,16.9,79,0.0,2.56,0.0,0
2022-02-14 19:00:00,15.9,83,0.0,2.47,0.0,1
2022-02-14 20:00:00,16.0,82,0.0,2.33,0.0,0
2022-02-14 21:00:00,15.3,83,0.0,1.84,0.0,0
2022-02-14 22:00:00,14.5,85,0.0,1.89,0.0,0
2022-02-14 23:00:00,14.7,83,0.0,1.48,0.0,0
2022-02-15 00:00:00,16.3,80,0.0,0.36,0.0,0
2022-02-15 01:00:00,15.1,90,0.0,1.2,0.0,0
2022-02-15 02:00:00,14.6,96,0.0,0.81,0.0,13
2022-02-15 03:00:00,12.3,100,0.0,0.81,0.0,100
2022-02-15 04:00:00,12.6,100,0.0,0.86,0.0,100
2022-02-15 05:00:00,12.8,96,0.0,1.0,0.0,100
2022-02-15 06:00:00,13.8,91,5.0,0.72,0.0,79
2022-02-15 07:00:00,15.3,80,72.0,0.7,0.0,36
2022-02-15 08:00:00,17.1,73,219.0,0.36,0.0,7
2022-02-15 09:00:00,19.2,68,402.0,0.3,0.0,5
2022-02-15 10:00:00,21.3,61,571.0,0.95,0.0,0
2022-02-15 11:00:00,22.9,57,656.0,1.3,0.0,0
2022-02-15 12:00:00,24.1,54,666.0,1.57,0.0,0
2022-02-15 13:00:00,24.9,51,608.0,1.48,0.0,0
2022-02-15 14:00:00,25.0,48,486.0,1.52,0.0,2
2022-02-15 15:00:00,24.5,49,320.0,1.53,0.0,3
2022-02-15 16:00:00,22.0,67,143.0,1.4,0.0,5
2022-02-15 17:00:00,20.5,66,21.0,1.92,0.0,2
2022-02-15 18:00:00,21.2,62,0.0,1.14,0.0,19
2022-02-15 19:00:00,17.6,81,0.0,1.93,0.0,7
2022-02-15 20:00:00,16.5,88,0.0,2.5,0.0,0
2022-02-15 21:00:00,16.2,90,0.0,2.3,0.0,0
2022-02-15 22:00:00,15.4,93,0.0,2.57,0.0,0
2022-02-15 23:00:00,14.8,93,0.0,2.78,0.0,0
2022-02-16 00:00:00,15.6,88,0.0,2.5,0.0,0
2022-02-16 01:00:00,16.7,85,0.0,1.98,0.0,0
2022-02-16 02:00:00,16.5,86,0.0,1.66,0.0,0
2022-02-16 03:00:00,15.7,88,0.0,1.4,0.0,0
2022-02-16 04:00:00,14.3,91,0.0,1.33,0.0,0
2022-02-16 05:00:00,15.9,86,0.0,1.2,0.0,2
2022-02-16 06:00:00,13.6,97,8.0,1.68,0.0,5
2022-02-16 07:00:00,15.9,93,104.0,1.04,0.0,0
2022-02-16 08:00:00,17.9,81,269.0,0.28,0.0,3
2022-02-16 09:00:00,20.1,68,437.0,0.73,0.0,4
2022-02-16 10:00:00,21.8,60,569.0,1.6,0.0,0
2022-02-16 11:00:00,23.0,55,644.0,2.1,0.0,1
2022-02-16 12:00:00,23.9,52,645.0,2.1,0.0,1
2022-02-16 13:00:00,24.4,49,587.0,2.01,0.0,1
2022-02-16 14:00:00,24.6,47,474.0,2.12,0.0,1
2022-02-16 15:00:00,24.0,49,318.0,2.38,0.0,2
2022-02-16 16:00:00,22.1,61,142.0,1.84,0.0,1
2022-02-16 17:00:00,18.8,74,21.0,2.7,0.0,2
2022-02-16 18:00:00,18.3,77,0.0,1.73,0.0,11
2022-02-16 19:00:00,18.4,77,0.0,2.25,0.0,29
2022-02-16 20:00:00,17.7,78,0.0,1.97,0.0,22
2022-02-16 21:00:00,17.0,81,0.0,1.84,0.0,14
2022-02-16 22:00:00,16.7,79,0.0,2.0,0.0,10
2022-02-16 23:00:00,16.1,79,0.0,1.98,0.0,1
2022-02-17 00:00:00,15.5,81,0.0,2.05,0.0,0
2022-02-17 01:00:00,14.6,86,0.0,2.42,0.0,0
2022-02-17 02:00:00,13.8,89,0.0,2.72,0.0,0
2022-02-17 03:00:00,13.9,88,0.0,2.42,0.0,0
2022-02-17 04:00:00,13.5,88,0.0,2.58,0.0,0
2022-02-17 05:00:00,14.7,85,0.0,2.36,0.0,0
2022-02-17 06:00:00,14.2,91,8.0,1.1,0.0,1
2022-02-17 07:00:00,16.2,84,104.0,1.08,0.0,0
2022-02-17 08:00:00,18.2,73,270.0,0.71,0.0,0
2022-02-17 09:00:00,20.3,62,437.0,0.61,0.0,0
2022-02-17 10:00:00,21.9,54,570.0,1.27,0.0,0
2022-02-17 11:00:00,23.2,49,647.0,1.97,0.0,0
2022-02-17 12:00:00,23.9,47,657.0,2.31,0.0,0
2022-02-17 13:00:00,24.4,44,603.0,2.28,0.0,1
2022-02-17 14:00:00,24.3,43,484.0,2.38,0.0,0
2022-02-17 15:00:00,23.7,44,324.0,2.33,0.0,2
2022-02-17 16:00:00,21.5,59,146.0,1.55,0.0,1
2022-02-17 17:00:00,19.3,66,22.0,2.76,0.0,0
2022-02-17 18:00:00,17.4,78,0.0,2.78,0.0,0
2022-02-17 19:00:00,16.6,83,0.0,2.33,0.0,1
2022-02-17 20:00:00,16.4,85,0.0,2.19,0.0,0
2022-02-17 21:00:00,16.7,83,0.0,2.2,0.0,1
2022-02-17 22:00:00,17.5,78,0.0,1.53,0.0,0
2022-02-17 23:00:00,15.1,86,0.0,1.4,0.0,0
2022-02-18 00:00:00,14.6,90,0.0,1.41,0.0,2
2022-02-18 01:00:00,15.9,84,0.0,0.64,0.0,2
2022-02-18 02:00:00,13.5,94,0.0,2.3,0.0,4
2022-02-18 03:00:00,13.7,93,0.0,1.34,0.0,1
2022-02-18 04:00:00,12.7,94,0.0,1.7,0.0,2
2022-02-18 05:00:00,13.9,96,0.0,1.46,0.0,0
2022-02-18 06:00:00,13.8,98,8.0,1.22,0.0,17
2022-02-18 07:00:00,15.8,88,95.0,1.39,0.0,20
2022-02-18 08:00:00,18.2,72,248.0,1.3,0.0,12
2022-02-18 09:00:00,20.4,59,424.0,1.82,0.0,3
2022-02-18 10:00:00,21.9,53,558.0,1.97,0.0,0
2022-02-18 11:00:00,23.1,49,635.0,1.75,0.0,0
2022-02-18 12:00:00,23.9,48,647.0,1.22,0.0,0
2022-02-18 13:00:00,24.5,45,590.0,0.67,0.0,0
2022-02-18 14:00:00,24.6,43,475.0,0.63,0.0,0
2022-02-18 15:00:00,24.2,43,315.0,0.76,0.0,0
2022-02-18 16:00:00,22.5,61,144.0,0.95,0.0,2
2022-02-18 17:00:00,19.1,69,22.0,2.21,0.0,4
2022-02-18 18:00:00,20.2,66,0.0,1.27,0.0,5
2022-02-18 19:00:00,17.9,75,0.0,1.21,0.0,14
2022-02-18 20:00:00,16.8,79,0.0,1.71,0.0,31
2022-02-18 21:00:00,16.9,80,0.0,1.77,0.0,31
2022-02-18 22:00:00,16.7,81,0.0,1.89,0.0,2
2022-02-18 23:00:00,16.2,82,0.0,1.91,0.0,0
2022-02-19 00:00:00,15.8,84,0.0,2.13,0.0,0
2022-02-19 01:00:00,15.3,84,0.0,2.16,0.0,0
2022-02-19 02:00:00,15.3,80,0.0,2.08,0.0,0
2022-02-19 03:00:00,14.1,87,0.0,2.26,0.0,0
2022-02-19 04:00:00,14.3,88,0.0,2.1,0.0,0
2022-02-19 05:00:00,14.9,93,0.0,1.71,0.0,0
2022-02-19 06:00:00,15.2,93,9.0,1.14,0.0,0
2022-02-19 07:00:00,16.9,82,103.0,1.25,0.0,0
2022-02-19 08:00:00,19.5,61,265.0,1.49,0.0,0
2022-02-19 09:00:00,21.6,52,433.0,2.11,0.0,0
2022-02-19 10:00:00,23.2,47,568.0,3.01,0.0,0
2022-02-19 11:00:00,24.3,40,645.0,3.92,0.0,0
2022-02-19 12:00:00,24.8,35,657.0,4.21,0.0,0
2022-02-19 13:00:00,24.9,36,600.0,4.39,0.0,0
2022-02-19 14:00:00,24.8,37,479.0,4.32,0.0,0
2022-02-19 15:00:00,24.2,40,315.0,3.67,0.0,0
2022-02-19 16:00:00,22.4,46,143.0,2.62,0.0,0
2022-02-19 17:00:00,20.4,52,22.0,3.01,0.0,0
2022-02-19 18:00:00,19.5,54,0.0,2.77,0.0,3
2022-02-19 19:00:00,18.4,61,0.0,2.6,0.0,1
2022-02-19 20:00:00,17.5,64,0.0,2.48,0.0,1
2022-02-19 21:00:00,17.2,60,0.0,2.52,0.0,0
2022-02-19 22:00:00,17.2,55,0.0,2.73,0.0,0
2022-02-19 23:00:00,16.1,56,0.0,2.24,0.0,0
2022-02-20 00:00:00,14.4,67,0.0,3.06,0.0,0
2022-02-20 01:00:00,16.5,59,0.0,2.25,0.0,0
2022-02-20 02:00:00,17.1,58,0.0,1.58,0.0,0
2022-02-20 03:00:00,13.4,80,0.0,1.36,0.0,0
2022-02-20 04:00:00,13.0,85,0.0,1.77,0.0,0
2022-02-20 05:00:00,13.8,89,0.0,1.1,0.0,18
2022-02-20 06:00:00,13.5,91,9.0,0.98,0.0,8
2022-02-20 07:00:00,16.3,76,98.0,2.56,0.0,0
2022-02-20 08:00:00,18.4,59,262.0,2.6,0.0,0
2022-02-20 09:00:00,20.3,51,430.0,2.55,0.0,0
2022-02-20 10:00:00,21.5,51,565.0,3.05,0.0,0
2022-02-20 11:00:00,22.4,49,641.0,3.18,0.0,0
2022-02-20 12:00:00,23.0,47,651.0,2.58,0.0,2
2022-02-20 13:00:00,23.7,45,580.0,2.22,0.0,8
2022-02-20 14:00:00,23.5,44,448.0,1.36,0.0,25
2022-02-20 15:00:00,22.9,45,271.0,1.66,0.0,43
2022-02-20 16:00:00,21.4,52,94.0,3.64,0.0,44
2022-02-20 17:00:00,20.4,54,19.0,2.2,0.0,42
2022-02-20 18:00:00,19.6,57,0.0,3.12,0.0,80
2022-02-20 19:00:00,17.0,69,0.0,3.75,0.0,74
2022-02-20 20:00:00,16.4,73,0.0,1.14,0.0,51
2022-02-20 21:00:00,15.8,77,0.0,1.53,0.2,84
2022-02-20 22:00:00,15.3,82,0.0,0.45,0.2,54
2022-02-20 23:00:00,14.8,85,0.0,1.03,0.4,99
2022-02-21 00:00:00,14.4,88,0.0,0.73,0.2,75
2022-02-21 01:00:00,13.5,88,0.0,1.55,5.2,99
2022-02-21 02:00:00,13.6,90,0.0,1.03,0.8,20
2022-02-21 03:00:00,12.6,94,0.0,2.02,0.7,19
2022-02-21 04:00:00,12.3,97,0.0,1.8,0.0,5
2022-02-21 05:00:00,13.1,94,0.0,2.28,0.0,1
2022-02-21 06:00:00,13.2,96,10.0,3.47,0.0,1
2022-02-21 07:00:00,14.2,89,102.0,2.67,0.0,0
2022-02-21 08:00:00,15.8,84,259.0,3.72,0.0,25
2022-02-21 09:00:00,17.1,76,360.0,3.78,0.0,34
2022-02-21 10:00:00,18.5,68,489.0,3.76,0.0,39
2022-02-21 11:00:00,19.8,60,567.0,3.0,0.0,62
2022-02-21 12:00:00,18.7,67,424.0,1.98,0.2,39
2022-02-21 13:00:00,20.0,63,495.0,2.09,0.0,17
2022-02-21 14:00:00,20.4,61,449.0,2.4,0.0,16
2022-02-21 15:00:00,20.3,61,294.0,2.37,0.0,27
2022-02-21 16:00:00,18.8,67,135.0,3.82,0.0,54
2022-02-21 17:00:00,15.6,83,20.0,2.4,0.0,76
2022-02-21 18:00:00,15.0,88,0.0,1.84,0.0,33
2022-02-21 19:00:00,14.7,92,0.0,1.5,0.0,15
2022-02-21 20:00:00,14.0,94,0.0,1.4,0.0,29
2022-02-21 21:00:00,14.0,95,0.0,1.94,0.0,54
2022-02-21 22:00:00,14.0,95,0.0,2.62,0.0,40
2022-02-21 23:00:00,13.7,97,0.0,2.33,0.0,35
2022-02-22 00:00:00,13.5,99,0.0,2.5,0.0,0
2022-02-22 01:00:00,13.2,98,0.0,2.71,0.0,24
2022-02-22 02:00:00,13.0,99,0.0,2.9,0.0,49
2022-02-22 03:00:00,12.7,100,0.0,2.91,0.0,100
2022-02-22 04:00:00,12.8,99,0.0,2.84,0.0,100
2022-02-22 05:00:00,13.0,98,0.0,2.94,0.0,100
2022-02-22 06:00:00,13.0,97,8.0,2.83,0.0,100
2022-02-22 07:00:00,14.1,92,73.0,3.18,0.0,43
2022-02-22 08:00:00,15.8,84,223.0,2.75,0.0,22
2022-02-22 09:00:00,17.7,78,401.0,2.97,0.0,2
2022-02-22 10:00:00,19.8,66,534.0,3.45,0.0,0
2022-02-22 11:00:00,21.3,59,612.0,3.71,0.0,0
2022-02-22 12:00:00,22.3,54,623.0,3.54,0.0,0
2022-02-22 13:00:00,22.9,51,567.0,3.22,0.0,0
2022-02-22 14:00:00,22.9,49,453.0,2.97,0.0,0
2022-02-22 15:00:00,22.2,51,300.0,3.04,0.0,0
2022-02-22 16:00:00,20.3,63,137.0,1.66,0.0,1
2022-02-22 17:00:00,17.3,77,23.0,2.6,0.0,1
2022-02-22 18:00:00,16.8,79,0.0,2.21,0.0,7
2022-02-22 19:00:00,16.3,82,0.0,2.06,0.0,14
2022-02-22 20:00:00,16.0,84,0.0,1.78,0.0,22
2022-02-22 21:00:00,15.3,86,0.0,2.14,0.0,17
2022-02-22 22:00:00,14.5,88,0.0,2.16,0.0,9
2022-02-22 23:00:00,13.7,91,0.0,1.99,0.0,6
2022-02-23 00:00:00,13.2,94,0.0,1.88,0.0,6
2022-02-23 01:00:00,13.0,94,0.0,1.71,0.0,7
2022-02-23 02:00:00,13.2,93,0.0,1.8,0.0,11
2022-02-23 03:00:00,13.3,93,0.0,2.11,0.0,4
2022-02-23 04:00:00,13.4,93,0.0,2.3,0.0,2
2022-02-23 05:00:00,13.5,95,0.0,2.92,0.0,11
2022-02-23 06:00:00,13.4,95,10.0,2.41,0.0,13
2022-02-23 07:00:00,14.7,87,100.0,2.71,0.0,1
2022-02-23 08:00:00,16.7,78,252.0,2.8,0.0,4
2022-02-23 09:00:00,19.2,70,407.0,3.08,0.0,0
2022-02-23 10:00:00,21.7,61,537.0,3.45,0.0,0
2022-02-23 11:00:00,23.6,51,615.0,3.72,0.0,0
2022-02-23 12:00:00,24.6,46,618.0,3.54,0.0,3
2022-02-23 13:00:00,25.0,44,555.0,3.58,0.0,1
2022-02-23 14:00:00,24.9,44,435.0,3.28,0.0,9
2022-02-23 15:00:00,24.5,47,282.0,2.26,0.0,27
2022-02-23 16:00:00,22.1,59,124.0,1.56,0.0,41
2022-02-23 17:00:00,20.1,66,20.0,1.92,0.0,99
2022-02-23 18:00:00,19.5,66,0.0,1.75,0.0,26
2022-02-23 19:00:00,17.4,76,0.0,2.21,0.0,13
2022-02-23 20:00:00,16.4,82,0.0,2.01,0.0,29
2022-02-23 21:00:00,16.3,83,0.0,1.93,0.0,6
2022-02-23 22:00:00,15.3,88,0.0,2.0,0.0,7
2022-02-23 23:00:00,14.9,90,0.0,1.84,0.0,2
2022-02-24 00:00:00,14.7,91,0.0,2.1,0.0,18
2022-02-24 01:00:00,14.0,92,0.0,2.33,0.0,99
2022-02-24 02:00:00,13.6,95,0.0,2.22,0.0,51
2022-02-24 03:00:00,13.4,95,0.0,2.14,0.0,19
2022-02-24 04:00:00,13.1,94,0.0,2.38,0.0,8
2022-02-24 05:00:00,13.8,96,0.0,2.21,0.0,1
2022-02-24 06:00:00,14.8,95,11.0,1.58,0.0,42
2022-02-24 07:00:00,16.6,88,83.0,1.66,0.0,79
2022-02-24 08:00:00,18.0,81,164.0,1.75,0.0,100
2022-02-24 09:00:00,19.1,76,182.0,1.3,0.0,100
2022-02-24 10:00:00,20.9,69,253.0,1.5,0.0,6
2022-02-24 11:00:00,23.7,56,588.0,1.58,0.0,1
2022-02-24 12:00:00,25.2,49,612.0,1.77,0.0,1
2022-02-24 13:00:00,25.9,44,546.0,1.7,0.0,5
2022-02-24 14:00:00,26.0,41,437.0,1.49,0.0,5
2022-02-24 15:00:00,25.3,43,280.0,1.84,0.0,8
2022-02-24 16:00:00,23.3,53,127.0,2.51,0.0,1
2022-02-24 17:00:00,21.4,59,22.0,2.55,0.0,16
2022-02-24 18:00:00,20.5,64,0.0,2.8,0.0,90
2022-02-24 19:00:00,20.3,66,0.0,2.06,0.0,54
2022-02-24 20:00:00,18.6,74,0.0,1.7,0.0,94
2022-02-24 21:00:00,17.6,81,0.0,1.58,0.0,100
2022-02-24 22:00:00,17.8,81,0.0,1.39,0.0,69
2022-02-24 23:00:00,17.1,85,0.0,2.26,0.0,99
2022-02-25 00:00:00,16.2,90,0.0,2.1,0.0,99
2022-02-25 01:00:00,15.8,91,0.0,2.53,0.0,100
2022-02-25 02:00:00,15.6,88,0.0,2.91,0.0,100
2022-02-25 03:00:00,15.6,86,0.0,3.01,0.0,100
2022-02-25 04:00:00,15.4,86,0.0,2.94,0.0,100
2022-02-25 05:00:00,15.7,92,0.0,2.31,0.0,99
2022-02-25 06:00:00,15.8,92,10.0,2.53,0.0,46
2022-02-25 07:00:00,17.0,86,93.0,2.52,0.0,100
2022-02-25 08:00:00,18.7,78,211.0,3.13,0.0,30
2022-02-25 09:00:00,20.9,70,391.0,3.59,0.0,47
2022-02-25 10:00:00,23.1,60,510.0,3.72,0.0,1
2022-02-25 11:00:00,24.9,50,584.0,3.96,0.0,6
2022-02-25 12:00:00,25.8,45,590.0,4.21,0.0,30
2022-02-25 13:00:00,26.0,44,516.0,4.47,0.0,91
2022-02-25 14:00:00,26.0,45,304.0,3.35,0.0,100
2022-02-25 15:00:00,20.9,75,85.0,5.2,2.2,100
2022-02-25 16:00:00,18.9,91,17.0,0.42,1.0,100
2022-02-25 17:00:00,19.3,82,16.0,1.68,0.0,100
2022-02-25 18:00:00,17.6,88,0.0,2.19,5.2,89
2022-02-25 19:00:00,17.3,93,0.0,1.6,1.0,26
2022-02-25 20:00:00,16.0,94,0.0,1.42,0.0,7
2022-02-25 21:00:00,15.7,95,0.0,1.48,0.0,6
2022-02-25 22:00:00,14.8,97,0.0,1.57,0.0,0
2022-02-25 23:00:00,14.6,97,0.0,1.77,0.0,0
2022-02-26 00:00:00,14.5,97,0.0,1.71,0.0,0
2022-02-26 01:00:00,14.3,97,0.0,1.81,0.0,1
2022-02-26 02:00:00,14.4,97,0.0,1.61,0.0,0
2022-02-26 03:00:00,14.8,97,0.0,1.61,0.0,0
2022-02-26 04:00:00,14.7,97,0.0,2.31,0.0,0
2022-02-26 05:00:00,14.8,98,0.0,2.41,0.0,0
2022-02-26 06:00:00,15.1,99,6.0,3.03,0.0,100
2022-02-26 07:00:00,16.1,94,58.0,3.21,0.0,100
2022-02-26 08:00:00,17.8,87,197.0,3.61,0.0,48
2022-02-26 09:00:00,19.7,80,351.0,2.61,0.0,12
2022-02-26 10:00:00,21.7,72,510.0,2.45,0.0,3
2022-02-26 11:00:00,23.5,62,590.0,2.72,0.0,0
2022-02-26 12:00:00,24.6,57,602.0,2.53,0.0,0
2022-02-26 13:00:00,25.3,54,544.0,1.82,0.0,0
2022-02-26 14:00:00,25.8,52,435.0,0.81,0.0,3
2022-02-26 15:00:00,25.6,52,284.0,0.14,0.0,6
2022-02-26 16:00:00,24.2,64,129.0,0.82,0.0,4
2022-02-26 17:00:00,22.7,67,23.0,1.43,0.0,3
2022-02-26 18:00:00,21.4,72,0.0,1.36,0.0,4
2022-02-26 19:00:00,19.0,83,0.0,1.7,0.0,3
2022-02-26 20:00:00,17.6,88,0.0,1.58,0.0,2
2022-02-26 21:00:00,17.0,91,0.0,1.43,0.0,1
2022-02-26 22:00:00,16.7,92,0.0,1.93,0.0,0
2022-02-26 23:00:00,17.7,90,0.0,1.0,0.0,0
2022-02-27 00:00:00,17.1,95,0.0,0.7,0.0,0
2022-02-27 01:00:00,16.6,98,0.0,1.61,0.0,0
2022-02-27 02:00:00,14.7,99,0.0,2.01,0.0,0
2022-02-27 03:00:00,14.9,98,0.0,1.5,0.0,0
2022-02-27 04:00:00,14.7,100,0.0,1.6,0.0,19
2022-02-27 05:00:00,15.2,100,0.0,2.72,0.0,100
2022-02-27 06:00:00,15.6,98,8.0,2.9,0.0,100
2022-02-27 07:00:00,16.5,92,57.0,2.91,0.0,100
2022-02-27 08:00:00,17.8,87,162.0,2.3,0.0,3
2022-02-27 09:00:00,20.3,76,386.0,2.04,0.0,0
2022-02-27 10:00:00,22.4,68,516.0,1.99,0.0,1
2022-02-27 11:00:00,23.9,63,584.0,1.58,0.0,0
2022-02-27 12:00:00,25.1,57,597.0,0.98,0.0,39
2022-02-27 13:00:00,25.6,53,514.0,1.17,0.0,93
2022-02-27 14:00:00,25.6,52,373.0,1.84,0.0,96
2022-02-27 15:00:00,24.9,56,208.0,2.33,0.0,19
2022-02-27 16:00:00,23.3,69,120.0,1.33,0.0,12
2022-02-27 17:00:00,20.7,74,23.0,2.42,0.0,13
2022-02-27 18:00:00,20.2,75,0.0,1.48,0.0,10
2022-02-27 19:00:00,19.1,83,0.0,1.7,0.0,6
2022-02-27 20:00:00,18.3,87,0.0,1.73,0.0,1
2022-02-27 21:00:00,17.9,88,0.0,1.12,0.0,1
2022-02-27 22:00:00,18.3,87,0.0,0.28,0.0,4
2022-02-27 23:00:00,18.1,89,0.0,1.6,0.0,13
2022-02-28 00:00:00,18.2,88,0.0,2.15,0.0,7
2022-02-28 01:00:00,18.0,85,0.0,1.7,0.0,37
2022-02-28 02:00:00,16.1,92,0.0,1.06,0.0,7
2022-02-28 03:00:00,15.3,95,0.0,1.39,0.0,23
2022-02-28 04:00:00,15.7,95,0.0,1.4,0.0,22
2022-02-28 05:00:00,15.9,96,0.0,1.2,0.0,45
2022-02-28 06:00:00,16.4,92,13.0,1.04,0.0,1
2022-02-28 07:00:00,17.1,90,95.0,3.93,0.1,82
2022-02-28 08:00:00,18.6,84,151.0,2.15,0.0,45
2022-02-28 09:00:00,20.5,74,318.0,1.66,0.1,76
2022-02-28 10:00:00,21.0,71,316.0,1.9,0.0,35
2022-02-28 11:00:00,22.2,66,474.0,0.73,0.0,21
2022-02-28 12:00:00,23.2,62,490.0,0.85,0.0,10
2022-02-28 13:00:00,24.3,59,512.0,1.13,0.0,3
2022-02-28 14:00:00,24.8,57,420.0,0.14,0.0,17
2022-02-28 15:00:00,24.6,59,257.0,1.25,0.0,16
2022-02-28 16:00:00,23.1,78,122.0,1.26,0.0,14
2022-02-28 17:00:00,21.8,72,22.0,1.98,0.0,8
2022-02-28 18:00:00,19.9,83,0.0,2.02,0.2,16
2022-02-28 19:00:00,19.0,85,0.0,4.58,1.0,48
2022-02-28 20:00:00,18.3,88,0.0,3.28,0.0,30
2022-02-28 21:00:00,18.2,88,0.0,2.97,0.0,34
2022-02-28 22:00:00,17.6,91,0.0,1.97,0.0,26
2022-02-28 23:00:00,16.8,95,0.0,1.39,0.0,32
2022-03-01 00:00:00,17.1,94,0.0,3.4,0.0,47
2022-03-01 01:00:00,16.8,93,0.0,2.9,0.0,51
2022-03-01 02:00:00,16.4,96,0.0,2.55,0.0,3
2022-03-01 03:00:00,16.0,97,0.0,2.5,0.0,8
2022-03-01 04:00:00,15.8,97,0.0,2.57,0.0,24
2022-03-01 05:00:00,16.3,95,0.0,2.81,0.0,63
2022-03-01 06:00:00,16.8,94,12.0,3.0,0.0,52
2022-03-01 07:00:00,17.7,89,86.0,3.72,0.0,31
2022-03-01 08:00:00,19.1,82,228.0,3.14,0.0,11
2022-03-01 09:00:00,20.7,76,382.0,2.96,0.0,6
2022-03-01 10:00:00,22.8,67,505.0,3.13,0.0,6
2022-03-01 11:00:00,24.7,60,578.0,2.95,0.0,0
2022-03-01 12:00:00,25.9,55,585.0,2.36,0.0,0
2022-03-01 13:00:00,26.6,53,529.0,1.78,0.0,2
2022-03-01 14:00:00,27.1,49,410.0,2.46,0.0,8
2022-03-01 15:00:00,26.4,51,268.0,2.09,0.0,5
2022-03-01 16:00:00,24.1,72,126.0,1.58,0.0,4
2022-03-01 17:00:00,21.6,73,23.0,2.34,0.0,23
2022-03-01 18:00:00,21.4,73,0.0,1.8,0.0,29
2022-03-01 19:00:00,20.7,76,0.0,1.88,0.0,30
2022-03-01 20:00:00,20.0,79,0.0,1.14,0.0,23
2022-03-01 21:00:00,18.6,86,0.0,1.58,0.0,19
2022-03-01 22:00:00,18.6,86,0.0,1.64,0.0,10
2022-03-01 23:00:00,17.4,93,0.0,1.49,0.0,7
2022-03-02 00:00:00,16.5,95,0.0,1.71,0.0,0
2022-03-02 01:00:00,16.1,97,0.0,1.46,0.0,0
2022-03-02 02:00:00,15.8,98,0.0,1.26,0.0,0
2022-03-02 03:00:00,16.1,98,0.0,1.71,0.0,0
2022-03-02 04:00:00,16.1,95,0.0,1.7,0.0,0
2022-03-02 05:00:00,15.9,99,0.0,1.77,0.0,0
2022-03-02 06:00:00,16.9,97,13.0,1.41,0.0,2
2022-03-02 07:00:00,18.7,87,98.0,1.4,0.0,6
2022-03-02 08:00:00,20.7,76,235.0,1.21,0.0,2
2022-03-02 09:00:00,23.0,67,386.0,1.0,0.0,0
2022-03-02 10:00:00,24.8,60,507.0,1.06,0.0,0
2022-03-02 11:00:00,26.3,55,578.0,1.03,0.0,0
2022-03-02 12:00:00,27.3,51,586.0,0.54,0.0,1
2022-03-02 13:00:00,28.0,46,507.0,0.32,0.0,0
2022-03-02 14:00:00,28.5,43,421.0,0.58,0.0,1
2022-03-02 15:00:00,28.1,46,278.0,0.86,0.0,1
2022-03-02 16:00:00,25.5,71,128.0,1.49,0.0,1
2022-03-02 17:00:00,22.4,74,24.0,2.4,0.0,1
2022-03-02 18:00:00,22.4,75,0.0,1.97,0.0,6
2022-03-02 19:00:00,22.1,76,0.0,1.28,0.0,6
2022-03-02 20:00:00,20.3,85,0.0,1.61,0.0,13
2022-03-02 21:00:00,20.2,83,0.0,2.0,0.0,6
2022-03-02 22:00:00,18.7,89,0.0,2.42,0.0,5
2022-03-02 23:00:00,18.1,90,0.0,2.47,0.0,1
2022-03-03 00:00:00,17.5,91,0.0,2.44,0.0,0
2022-03-03 01:00:00,17.0,92,0.0,1.08,0.0,0
2022-03-03 02:00:00,16.8,96,0.0,1.17,0.0,3
2022-03-03 03:00:00,16.0,98,0.0,0.92,0.0,6
2022-03-03 04:00:00,15.5,98,0.0,1.14,0.0,0
2022-03-03 05:00:00,16.5,96,0.0,0.81,0.0,0
2022-03-03 06:00:00,17.1,96,14.0,1.0,0.0,17
2022-03-03 07:00:00,19.4,84,99.0,1.81,0.0,19
2022-03-03 08:00:00,21.9,70,218.0,1.61,0.0,2
2022-03-03 09:00:00,24.1,61,384.0,1.57,0.0,3
2022-03-03 10:00:00,25.9,54,506.0,1.25,0.0,5
2022-03-03 11:00:00,27.2,50,565.0,0.95,0.0,0
2022-03-03 12:00:00,28.1,47,570.0,0.32,0.0,20
2022-03-03 13:00:00,29.0,40,514.0,0.42,0.0,7
2022-03-03 14:00:00,29.3,37,385.0,1.43,0.0,17
2022-03-03 15:00:00,28.4,43,264.0,2.89,0.0,9
2022-03-03 16:00:00,26.3,55,119.0,2.81,0.0,13
2022-03-03 17:00:00,23.1,66,24.0,2.38,0.0,6
2022-03-03 18:00:00,21.7,73,0.0,2.55,0.0,5
2022-03-03 19:00:00,21.1,75,0.0,1.86,0.0,6
2022-03-03 20:00:00,20.7,77,0.0,1.92,0.0,0
2022-03-03 21:00:00,20.1,78,0.0,2.05,0.0,0
2022-03-03 22:00:00,20.0,77,0.0,2.19,0.0,0
2022-03-03 23:00:00,19.4,74,0.0,2.14,0.0,0
2022-03-04 00:00:00,19.1,72,0.0,2.06,0.0,0
2022-03-04 01:00:00,18.2,76,0.0,2.25,0.0,0
2022-03-04 02:00:00,17.3,81,0.0,2.75,0.0,0
2022-03-04 03:00:00,17.0,83,0.0,2.55,0.0,0
2022-03-04 04:00:00,19.0,74,0.0,0.58,0.0,0
2022-03-04 05:00:00,16.4,94,0.0,1.84,0.0,0
2022-03-04 06:00:00,17.0,90,15.0,0.63,0.0,0
2022-03-04 07:00:00,18.9,78,105.0,1.3,0.0,0
2022-03-04 08:00:00,21.5,65,249.0,0.92,0.0,0
2022-03-04 09:00:00,23.9,56,400.0,0.5,0.0,0
2022-03-04 10:00:00,25.8,50,519.0,1.3,0.0,0
2022-03-04 11:00:00,27.0,47,589.0,2.0,0.0,0
2022-03-04 12:00:00,28.0,44,597.0,2.4,0.0,0
2022-03-04 13:00:00,28.7,36,547.0,2.91,0.0,1
2022-03-04 14:00:00,28.8,31,441.0,3.4,0.0,0
2022-03-04 15:00:00,27.9,37,287.0,3.3,0.0,0
2022-03-04 16:00:00,25.8,49,132.0,2.26,0.0,4
2022-03-04 17:00:00,23.1,57,25.0,2.0,0.0,7
2022-03-04 18:00:00,21.7,63,0.0,1.84,0.0,2
2022-03-04 19:00:00,21.9,61,0.0,2.55,0.0,0
2022-03-04 20:00:00,20.4,67,0.0,2.64,0.0,1
2022-03-04 21:00:00,20.1,68,0.0,1.8,0.0,12
2022-03-04 22:00:00,18.5,80,0.0,1.56,0.0,18
2022-03-04 23:00:00,17.7,85,0.0,2.1,0.0,8
2022-03-05 00:00:00,17.5,82,0.0,2.22,0.0,3
2022-03-05 01:00:00,17.2,79,0.0,2.61,0.0,12
2022-03-05 02:00:00,19.3,68,0.0,1.71,0.0,3
2022-03-05 03:00:00,16.4,82,0.0,2.25,0.0,0
2022-03-05 04:00:00,16.3,82,0.0,1.4,0.0,86
2022-03-05 05:00:00,17.1,80,0.0,1.72,0.0,75
2022-03-05 06:00:00,17.7,78,16.0,1.4,0.0,35
2022-03-05 07:00:00,19.6,71,107.0,1.43,0.0,62
2022-03-05 08:00:00,21.8,60,245.0,2.04,0.0,19
2022-03-05 09:00:00,23.7,55,393.0,2.86,0.0,8
2022-03-05 10:00:00,25.2,50,514.0,2.91,0.0,53
2022-03-05 11:00:00,26.5,47,586.0,2.25,0.0,14
2022-03-05 12:00:00,27.6,44,594.0,1.96,0.0,2
2022-03-05 13:00:00,28.3,40,543.0,0.67,0.0,0
2022-03-05 14:00:00,28.9,33,435.0,2.04,0.0,2
2022-03-05 15:00:00,28.4,35,284.0,2.86,0.0,5
2022-03-05 16:00:00,26.2,43,126.0,1.92,0.0,0
2022-03-05 17:00:00,22.7,57,26.0,2.84,0.0,0
2022-03-05 18:00:00,24.7,47,0.0,0.42,0.0,61
2022-03-05 19:00:00,20.8,66,0.0,1.58,0.0,3
2022-03-05 20:00:00,19.5,73,0.0,1.48,0.0,1
2022-03-05 21:00:00,18.6,80,0.0,1.35,0.0,2
2022-03-05 22:00:00,18.0,85,0.0,1.58,0.0,1
2022-03-05 23:00:00,17.7,84,0.0,2.0,0.0,3
2022-03-06 00:00:00,17.1,88,0.0,1.66,0.0,4
2022-03-06 01:00:00,16.6,93,0.0,1.49,0.0,0
2022-03-06 02:00:00,16.2,94,0.0,0.8,0.0,0
2022-03-06 03:00:00,16.3,93,0.0,1.6,0.0,0
2022-03-06 04:00:00,16.0,92,0.0,2.31,0.0,0
2022-03-06 05:00:00,16.4,89,0.0,2.35,0.0,0
2022-03-06 06:00:00,17.2,81,16.0,2.28,0.0,0
2022-03-06 07:00:00,19.2,71,106.0,2.0,0.0,0
2022-03-06 08:00:00,21.8,61,248.0,2.2,0.0,0
2022-03-06 09:00:00,24.1,54,396.0,2.0,0.0,0
2022-03-06 10:00:00,26.1,49,516.0,1.8,0.0,0
2022-03-06 11:00:00,27.9,43,584.0,2.06,0.0,0
2022-03-06 12:00:00,29.2,37,592.0,2.33,0.0,0
2022-03-06 13:00:00,29.9,33,538.0,2.25,0.0,0
2022-03-06 14:00:00,30.0,31,428.0,2.28,0.0,0
2022-03-06 15:00:00,29.2,35,282.0,2.12,0.0,0
2022-03-06 16:00:00,26.0,52,131.0,1.7,0.0,0
2022-03-06 17:00:00,23.1,59,26.0,2.33,0.0,0
2022-03-06 18:00:00,22.6,62,0.0,1.63,0.0,0
2022-03-06 19:00:00,20.7,70,0.0,1.52,0.0,0
2022-03-06 20:00:00,19.1,79,0.0,1.36,0.0,0
2022-03-06 21:00:00,18.0,86,0.0,1.17,0.0,0
2022-03-06 22:00:00,18.0,86,0.0,1.25,0.0,0
2022-03-06 23:00:00,17.4,88,0.0,1.41,0.0,0
2022-03-07 00:00:00,16.6,88,0.0,2.02,0.0,0
2022-03-07 01:00:00,16.1,87,0.0,2.06,0.0,0
2022-03-07 02:00:00,16.2,83,0.0,2.01,0.0,0
2022-03-07 03:00:00,16.6,78,0.0,1.99,0.0,0
2022-03-07 04:00:00,16.5,76,0.0,2.02,0.0,0
2022-03-07 05:00:00,16.5,83,0.0,1.61,0.0,0
2022-03-07 06:00:00,17.3,80,17.0,1.5,0.0,0
2022-03-07 07:00:00,19.6,70,108.0,1.84,0.0,0
2022-03-07 08:00:00,21.9,61,251.0,1.89,0.0,0
2022-03-07 09:00:00,24.3,55,400.0,2.16,0.0,0
2022-03-07 10:00:00,26.7,48,519.0,2.56,0.0,0
2022-03-07 11:00:00,28.8,43,588.0,2.83,0.0,0
2022-03-07 12:00:00,30.3,40,597.0,2.97,0.0,0
2022-03-07 13:00:00,31.2,38,543.0,3.12,0.0,0
2022-03-07 14:00:00,31.3,37,432.0,3.05,0.0,0
2022-03-07 15:00:00,30.6,39,284.0,2.86,0.0,0
2022-03-07 16:00:00,27.6,51,133.0,1.8,0.0,0
2022-03-07 17:00:00,27.2,51,27.0,1.12,0.0,0
2022-03-07 18:00:00,23.1,66,0.0,1.84,0.0,0
2022-03-07 19:00:00,22.3,70,0.0,1.7,0.0,0
2022-03-07 20:00:00,20.8,79,0.0,1.51,0.0,0
2022-03-07 21:00:00,19.4,85,0.0,2.33,0.0,0
2022-03-07 22:00:00,21.0,75,0.0,1.77,0.0,0
2022-03-07 23:00:00,19.2,80,0.0,1.51,0.0,0
2022-03-08 00:00:00,21.4,70,0.0,0.5,0.0,0
2022-03-08 01:00:00,21.2,71,0.0,1.7,0.0,0
2022-03-08 02:00:00,20.3,77,0.0,0.71,0.0,0
2022-03-08 03:00:00,17.7,87,0.0,0.72,0.0,0
2022-03-08 04:00:00,16.9,91,0.0,0.94,0.0,0
2022-03-08 05:00:00,17.1,90,0.0,1.39,0.0,0
2022-03-08 06:00:00,17.8,83,17.0,0.94,0.0,0
2022-03-08 07:00:00,20.6,69,105.0,1.3,0.0,0
2022-03-08 08:00:00,24.1,52,242.0,0.1,0.0,2
2022-03-08 09:00:00,26.5,47,387.0,0.5,0.0,0
2022-03-08 10:00:00,28.6,45,506.0,0.64,0.0,0
2022-03-08 11:00:00,30.5,41,576.0,0.85,0.0,0
2022-03-08 12:00:00,31.9,39,586.0,1.25,0.0,0
2022-03-08 13:00:00,32.8,37,530.0,1.13,0.0,0
2022-03-08 14:00:00,33.2,34,422.0,1.87,0.0,0
2022-03-08 15:00:00,32.4,35,276.0,1.75,0.0,2
2022-03-08 16:00:00,30.7,44,127.0,1.56,0.0,2
2022-03-08 17:00:00,27.1,48,26.0,2.24,0.0,0
2022-03-08 18:00:00,25.7,55,0.0,2.22,0.0,0
2022-03-08 19:00:00,23.4,66,0.0,1.98,0.0,3
2022-03-08 20:00:00,23.5,64,0.0,2.26,0.0,0
2022-03-08 21:00:00,22.4,65,0.0,2.58,0.0,0
2022-03-08 22:00:00,21.6,70,0.0,2.42,0.0,0
2022-03-08 23:00:00,21.5,70,0.0,2.1,0.0,0
2022-03-09 00:00:00,20.7,69,0.0,2.6,0.0,0
2022-03-09 01:00:00,22.7,60,0.0,2.0,0.0,4
2022-03-09 02:00:00,21.4,66,0.0,2.12,0.0,2
2022-03-09 03:00:00,20.7,68,0.0,1.97,0.0,0
2022-03-09 04:00:00,19.7,72,0.0,1.84,0.0,0
2022-03-09 05:00:00,20.9,69,0.0,1.84,0.0,0
2022-03-09 06:00:00,20.3,80,18.0,1.78,0.0,1
2022-03-09 07:00:00,22.4,68,106.0,0.95,0.0,0
2022-03-09 08:00:00,24.6,56,242.0,1.0,0.0,0
2022-03-09 09:00:00,26.8,49,387.0,1.32,0.0,0
2022-03-09 10:00:00,28.7,45,503.0,1.63,0.0,0
2022-03-09 11:00:00,30.3,41,570.0,1.82,0.0,0
2022-03-09 12:00:00,31.6,38,577.0,1.92,0.0,0
2022-03-09 13:00:00,32.5,35,522.0,2.01,0.0,0
2022-03-09 14:00:00,32.9,35,416.0,1.99,0.0,0
2022-03-09 15:00:00,32.2,40,274.0,2.02,0.0,0
2022-03-09 16:00:00,29.1,54,129.0,1.92,0.0,0
2022-03-09 17:00:00,25.5,60,27.0,2.8,0.0,0
2022-03-09 18:00:00,25.6,59,0.0,2.41,0.0,0
2022-03-09 19:00:00,24.7,60,0.0,2.7,0.0,0
2022-03-09 20:00:00,24.2,58,0.0,2.39,0.0,0
2022-03-09 21:00:00,23.6,57,0.0,2.64,0.0,0
2022-03-09 22:00:00,22.8,59,0.0,2.44,0.0,0
2022-03-09 23:00:00,22.1,59,0.0,2.2,0.0,0
2022-03-10 00:00:00,20.7,66,0.0,2.47,0.0,0
2022-03-10 01:00:00,21.0,66,0.0,2.3,0.0,0
2022-03-10 02:00:00,20.0,72,0.0,2.24,0.0,0
2022-03-10 03:00:00,18.7,80,0.0,2.91,0.0,0
2022-03-10 04:00:00,21.5,69,0.0,2.04,0.0,0
2022-03-10 05:00:00,19.0,86,0.0,1.27,0.0,0
2022-03-10 06:00:00,19.4,85,19.0,0.78,0.0,0
2022-03-10 07:00:00,22.3,69,108.0,1.49,0.0,0
2022-03-10 08:00:00,25.5,52,248.0,0.36,0.0,0
2022-03-10 09:00:00,27.5,46,393.0,1.22,0.0,0
2022-03-10 10:00:00,29.3,42,511.0,1.36,0.0,0
2022-03-10 11:00:00,31.1,37,579.0,1.2,0.0,0
2022-03-10 12:00:00,32.6,33,587.0,1.28,0.0,0
2022-03-10 13:00:00,33.7,29,533.0,1.63,0.0,0
2022-03-10 14:00:00,34.1,26,425.0,1.97,0.0,3
2022-03-10 15:00:00,33.3,29,280.0,2.02,0.0,0
2022-03-10 16:00:00,29.2,52,131.0,2.4,0.0,0
2022-03-10 17:00:00,25.7,53,27.0,2.85,0.0,1
2022-03-10 18:00:00,24.2,61,0.0,2.93,0.0,3
2022-03-10 19:00:00,23.4,67,0.0,2.05,0.0,7
2022-03-10 20:00:00,23.2,70,0.0,2.06,0.0,2
2022-03-10 21:00:00,24.0,62,0.0,3.04,0.0,0
2022-03-10 22:00:00,23.7,58,0.0,2.62,0.0,0
2022-03-10 23:00:00,23.7,56,0.0,2.83,0.0,0
2022-03-11 00:00:00,23.2,56,0.0,2.78,0.0,1
2022-03-11 01:00:00,22.3,60,0.0,2.34,0.0,62
2022-03-11 02:00:00,20.8,66,0.0,2.51,0.0,43
2022-03-11 03:00:00,19.6,76,0.0,2.25,0.0,10
2022-03-11 04:00:00,19.3,84,0.0,2.33,0.0,9
2022-03-11 05:00:00,21.1,75,0.0,1.36,0.0,2
2022-03-11 06:00:00,19.3,86,19.0,1.25,0.0,95
2022-03-11 07:00:00,21.1,77,109.0,1.0,0.0,26
2022-03-11 08:00:00,24.0,59,248.0,0.85,0.0,38
2022-03-11 09:00:00,26.7,48,393.0,0.76,0.0,100
2022-03-11 10:00:00,28.7,43,506.0,1.73,0.0,93
2022-03-11 11:00:00,30.1,40,571.0,2.28,0.0,95
2022-03-11 12:00:00,31.3,37,580.0,2.69,0.0,88
2022-03-11 13:00:00,31.9,37,523.0,3.01,0.0,81
2022-03-11 14:00:00,31.9,37,415.0,3.62,0.0,11
2022-03-11 15:00:00,31.4,38,272.0,3.4,0.0,1
2022-03-11 16:00:00,29.6,43,126.0,2.09,0.0,0
2022-03-11 17:00:00,26.2,55,27.0,2.24,0.0,0
2022-03-11 18:00:00,24.7,62,0.0,2.37,0.0,4
2022-03-11 19:00:00,24.2,61,0.0,1.98,0.0,3
2022-03-11 20:00:00,24.2,57,0.0,2.06,0.0,0
2022-03-11 21:00:00,24.1,56,0.0,2.5,0.0,0
2022-03-11 22:00:00,23.9,56,0.0,2.5,0.0,0
2022-03-11 23:00:00,23.3,57,0.0,2.33,0.0,9
2022-03-12 00:00:00,22.7,59,0.0,2.28,0.0,53
2022-03-12 01:00:00,21.4,64,0.0,2.15,0.0,44
2022-03-12 02:00:00,20.2,74,0.0,2.35,0.0,4
2022-03-12 03:00:00,19.6,80,0.0,2.59,0.0,4
2022-03-12 04:00:00,19.2,79,0.0,2.75,0.0,0
2022-03-12 05:00:00,21.9,66,0.0,1.14,0.0,0
2022-03-12 06:00:00,20.9,75,20.0,0.99,0.0,0
2022-03-12 07:00:00,22.5,66,109.0,1.08,0.0,0
2022-03-12 08:00:00,24.8,53,245.0,0.32,0.0,0
2022-03-12 09:00:00,27.1,44,386.0,0.82,0.0,0
2022-03-12 10:00:00,29.1,40,501.0,1.82,0.0,0
2022-03-12 11:00:00,30.7,37,567.0,2.26,0.0,53
2022-03-12 12:00:00,31.8,36,568.0,2.57,0.0,93
2022-03-12 13:00:00,32.5,36,497.0,2.67,0.0,100
2022-03-12 14:00:00,32.6,36,385.0,3.03,0.0,70
2022-03-12 15:00:00,31.9,38,260.0,3.34,0.0,8
2022-03-12 16:00:00,30.0,44,118.0,1.9,0.0,6
2022-03-12 17:00:00,26.3,54,26.0,2.43,0.0,9
2022-03-12 18:00:00,24.8,60,0.0,2.44,0.0,9
2022-03-12 19:00:00,24.3,62,0.0,1.84,0.0,100
2022-03-12 20:00:00,25.1,55,0.0,2.56,0.0,56
2022-03-12 21:00:00,25.4,52,0.0,3.16,0.0,22
2022-03-12 22:00:00,24.8,53,0.0,3.02,0.0,99
2022-03-12 23:00:00,23.8,55,0.0,2.27,0.0,100
2022-03-13 00:00:00,23.0,57,0.0,2.06,0.0,100
2022-03-13 01:00:00,22.2,60,0.0,2.42,0.0,20
2022-03-13 02:00:00,21.0,66,0.0,2.97,0.0,0
2022-03-13 03:00:00,21.2,66,0.0,2.69,0.0,0
2022-03-13 04:00:00,22.7,62,0.0,1.71,0.0,0
2022-03-13 05:00:00,20.3,77,0.0,1.43,0.0,0
2022-03-13 06:00:00,20.3,83,21.0,0.61,0.0,11
2022-03-13 07:00:00,22.6,68,109.0,0.73,0.0,2
2022-03-13 08:00:00,25.0,55,245.0,0.41,0.0,94
2022-03-13 09:00:00,27.2,45,378.0,0.58,0.0,47
2022-03-13 10:00:00,29.1,40,488.0,1.06,0.0,57
2022-03-13 11:00:00,30.7,37,550.0,1.66,0.0,87
2022-03-13 12:00:00,32.0,35,556.0,1.97,0.0,89
2022-03-13 13:00:00,33.0,33,496.0,2.06,0.0,62
2022-03-13 14:00:00,33.3,33,396.0,1.91,0.0,7
2022-03-13 15:00:00,32.9,34,259.0,1.75,0.0,8
2022-03-13 16:00:00,30.5,44,119.0,2.11,0.0,6
2022-03-13 17:00:00,26.8,59,26.0,2.52,0.0,2
2022-03-13 18:00:00,26.6,59,0.0,2.13,0.0,1
2022-03-13 19:00:00,25.3,62,0.0,2.16,0.0,2
2022-03-13 20:00:00,25.4,59,0.0,2.4,0.0,4
2022-03-13 21:00:00,25.4,57,0.0,2.55,0.0,1
2022-03-13 22:00:00,24.8,59,0.0,2.55,0.0,0
2022-03-13 23:00:00,24.1,61,0.0,2.26,0.0,0
2022-03-14 00:00:00,22.5,67,0.0,2.69,0.0,0
2022-03-14 01:00:00,22.4,66,0.0,2.64,0.0,0
2022-03-14 02:00:00,22.4,65,0.0,2.12,0.0,0
2022-03-14 03:00:00,21.5,70,0.0,2.12,0.0,0
2022-03-14 04:00:00,22.5,67,0.0,1.66,0.0,0
2022-03-14 05:00:00,20.3,82,0.0,1.77,0.0,0
2022-03-14 06:00:00,20.7,80,21.0,2.06,0.0,0
2022-03-14 07:00:00,23.0,66,111.0,1.91,0.0,0
2022-03-14 08:00:00,25.9,53,248.0,1.43,0.0,0
2022-03-14 09:00:00,28.3,46,391.0,1.28,0.0,0
2022-03-14 10:00:00,30.4,41,505.0,0.8,0.0,0
2022-03-14 11:00:00,32.2,37,570.0,1.2,0.0,0
2022-03-14 12:00:00,33.4,34,577.0,1.78,0.0,0
2022-03-14 13:00:00,34.1,33,524.0,1.94,0.0,0
2022-03-14 14:00:00,34.3,31,418.0,2.2,0.0,0
2022-03-14 15:00:00,33.6,34,275.0,2.12,0.0,0
2022-03-14 16:00:00,30.4,45,130.0,1.77,0.0,0
2022-03-14 17:00:00,27.3,59,28.0,2.28,0.0,0
2022-03-14 18:00:00,26.4,63,0.0,2.05,0.0,0
2022-03-14 19:00:00,25.0,64,0.0,2.84,0.0,0
2022-03-14 20:00:00,25.7,58,0.0,2.36,0.0,0
2022-03-14 21:00:00,26.0,57,0.0,2.7,0.0,0
2022-03-14 22:00:00,25.5,58,0.0,2.76,0.0,0
2022-03-14 23:00:00,24.2,60,0.0,2.16,0.0,0
2022-03-15 00:00:00,22.9,65,0.0,2.48,0.0,0
2022-03-15 01:00:00,22.0,68,0.0,2.91,0.0,0
2022-03-15 02:00:00,23.1,64,0.0,2.26,0.0,0
2022-03-15 03:00:00,22.9,67,0.0,2.06,0.0,0
2022-03-15 04:00:00,22.2,70,0.0,2.22,0.0,0
2022-03-15 05:00:00,21.3,83,0.0,1.41,0.0,0
2022-03-15 06:00:00,21.0,87,22.0,1.04,0.0,0
2022-03-15 07:00:00,22.9,78,109.0,0.82,0.0,0
2022-03-15 08:00:00,25.4,63,241.0,0.5,0.0,0
2022-03-15 09:00:00,27.9,52,379.0,0.86,0.0,0
2022-03-15 10:00:00,29.9,46,491.0,1.36,0.0,0
2022-03-15 11:00:00,31.5,43,556.0,1.79,0.0,3
2022-03-15 12:00:00,32.7,40,561.0,2.31,0.0,1
2022-03-15 13:00:00,33.4,38,507.0,2.69,0.0,0
2022-03-15 14:00:00,33.7,37,404.0,2.75,0.0,6
2022-03-15 15:00:00,33.3,39,265.0,2.57,0.0,3
2022-03-15 16:00:00,30.9,48,126.0,1.63,0.0,0
2022-03-15 17:00:00,26.9,60,28.0,2.56,0.0,0
2022-03-15 18:00:00,27.3,56,0.0,2.76,0.0,0
2022-03-15 19:00:00,27.7,51,0.0,3.76,0.0,0
2022-03-15 20:00:00,26.9,50,0.0,3.58,0.0,0
2022-03-15 21:00:00,26.3,50,0.0,3.49,0.0,0
2022-03-15 22:00:00,25.1,52,0.0,2.62,0.0,0
2022-03-15 23:00:00,24.2,56,0.0,2.6,0.0,0
2022-03-16 00:00:00,23.5,60,0.0,2.47,0.0,0
2022-03-16 01:00:00,23.0,61,0.0,2.47,0.0,0
2022-03-16 02:00:00,22.4,63,0.0,2.2,0.0,0
2022-03-16 03:00:00,21.4,68,0.0,2.19,0.0,0
2022-03-16 04:00:00,20.5,75,0.0,2.66,0.0,0
2022-03-16 05:00:00,21.8,77,0.0,1.46,0.0,0
2022-03-16 06:00:00,22.2,76,23.0,0.41,0.0,0
2022-03-16 07:00:00,24.1,66,114.0,0.9,0.0,0
2022-03-16 08:00:00,26.7,52,250.0,0.78,0.0,0
2022-03-16 09:00:00,28.8,45,390.0,1.12,0.0,0
2022-03-16 10:00:00,30.4,42,503.0,1.52,0.0,0
2022-03-16 11:00:00,31.9,40,566.0,1.91,0.0,0
2022-03-16 12:00:00,33.1,36,570.0,2.61,0.0,1
2022-03-16 13:00:00,33.8,36,515.0,3.05,0.0,8
2022-03-16 14:00:00,33.8,35,406.0,3.34,0.0,11
2022-03-16 15:00:00,33.3,36,261.0,3.2,0.0,4
2022-03-16 16:00:00,31.3,43,122.0,1.66,0.0,6
2022-03-16 17:00:00,29.5,44,27.0,1.7,0.0,19
2022-03-16 18:00:00,29.1,45,0.0,1.39,0.0,2
2022-03-16 19:00:00,25.8,55,0.0,1.77,0.0,1
2022-03-16 20:00:00,25.4,59,0.0,2.08,0.0,0
2022-03-16 21:00:00,24.7,62,0.0,2.06,0.0,0
2022-03-16 22:00:00,24.1,63,0.0,1.91,0.0,0
2022-03-16 23:00:00,23.4,66,0.0,2.58,0.0,0
2022-03-17 00:00:00,23.9,64,0.0,2.3,0.0,0
2022-03-17 01:00:00,23.0,69,0.0,2.2,0.0,0
2022-03-17 02:00:00,22.0,77,0.0,2.33,0.0,0
2022-03-17 03:00:00,21.3,79,0.0,2.47,0.0,0
2022-03-17 04:00:00,20.8,79,0.0,2.73,0.0,0
2022-03-17 05:00:00,23.3,69,0.0,1.81,0.0,0
2022-03-17 06:00:00,23.6,66,24.0,0.5,0.0,0
2022-03-17 07:00:00,24.7,64,113.0,0.58,0.0,0
2022-03-17 08:00:00,27.2,55,245.0,1.12,0.0,0
2022-03-17 09:00:00,29.6,47,382.0,1.1,0.0,0
2022-03-17 10:00:00,31.6,42,492.0,1.48,0.0,0
2022-03-17 11:00:00,32.9,40,556.0,2.19,0.0,0
2022-03-17 12:00:00,34.0,34,561.0,2.53,0.0,0
2022-03-17 13:00:00,34.4,32,506.0,2.92,0.0,2
2022-03-17 14:00:00,34.3,32,401.0,3.01,0.0,4
2022-03-17 15:00:00,34.0,33,263.0,2.47,0.0,7
2022-03-17 16:00:00,31.4,44,124.0,1.53,0.0,0
2022-03-17 17:00:00,27.6,55,28.0,2.69,0.0,0
2022-03-17 18:00:00,26.8,54,0.0,2.37,0.0,0
2022-03-17 19:00:00,26.5,56,0.0,2.11,0.0,0
2022-03-17 20:00:00,25.9,60,0.0,2.16,0.0,0
2022-03-17 21:00:00,25.2,60,0.0,2.05,0.0,0
2022-03-17 22:00:00,25.3,59,0.0,2.42,0.0,0
2022-03-17 23:00:00,24.9,59,0.0,2.28,0.0,0
2022-03-18 00:00:00,23.3,65,0.0,2.37,0.0,0
2022-03-18 01:00:00,22.4,73,0.0,2.42,0.0,0
2022-03-18 02:00:00,22.7,71,0.0,2.22,0.0,0
2022-03-18 03:00:00,22.3,72,0.0,2.31,0.0,42
2022-03-18 04:00:00,22.8,68,0.0,2.01,0.0,53
2022-03-18 05:00:00,20.9,81,0.0,1.84,0.0,66
2022-03-18 06:00:00,22.0,77,25.0,1.71,0.0,70
2022-03-18 07:00:00,23.9,68,115.0,1.99,0.0,76
2022-03-18 08:00:00,26.7,55,249.0,2.01,0.0,77
2022-03-18 09:00:00,29.4,46,387.0,1.86,0.0,83
2022-03-18 10:00:00,31.4,40,497.0,1.7,0.0,62
2022-03-18 11:00:00,33.0,36,560.0,1.52,0.0,0
2022-03-18 12:00:00,34.2,34,564.0,2.42,0.0,0
2022-03-18 13:00:00,34.6,34,508.0,3.34,0.0,0
2022-03-18 14:00:00,34.7,34,401.0,3.88,0.0,0
2022-03-18 15:00:00,34.1,36,265.0,3.77,0.0,1
2022-03-18 16:00:00,31.9,44,126.0,1.87,0.0,0
2022-03-18 17:00:00,28.4,53,29.0,1.91,0.0,0
2022-03-18 18:00:00,27.7,54,0.0,2.11,0.0,0
2022-03-18 19:00:00,27.8,54,0.0,2.64,0.0,0
2022-03-18 20:00:00,27.6,56,0.0,2.83,0.0,5
2022-03-18 21:00:00,27.1,56,0.0,2.78,0.0,70
2022-03-18 22:00:00,26.3,58,0.0,2.33,0.0,74
2022-03-18 23:00:00,24.8,64,0.0,2.3,0.0,71
2022-03-19 00:00:00,23.8,68,0.0,2.88,0.0,72
2022-03-19 01:00:00,24.8,63,0.0,2.55,0.0,74
2022-03-19 02:00:00,25.4,61,0.0,1.9,0.0,59
2022-03-19 03:00:00,25.3,63,0.0,1.41,0.0,0
2022-03-19 04:00:00,25.0,63,0.0,1.14,0.0,0
2022-03-19 05:00:00,23.8,76,0.0,0.81,0.0,0
2022-03-19 06:00:00,23.0,87,26.0,0.81,0.0,0
2022-03-19 07:00:00,25.2,72,117.0,0.14,0.0,0
2022-03-19 08:00:00,27.6,60,250.0,0.22,0.0,0
2022-03-19 09:00:00,30.0,51,385.0,0.94,0.0,67
2022-03-19 10:00:00,31.8,46,496.0,1.89,0.0,34
2022-03-19 11:00:00,33.2,42,557.0,2.55,0.0,74
2022-03-19 12:00:00,34.3,39,563.0,3.18,0.0,76
2022-03-19 13:00:00,34.9,38,508.0,3.93,0.0,74
2022-03-19 14:00:00,34.8,36,400.0,4.41,0.0,87
2022-03-19 15:00:00,34.0,37,264.0,4.39,0.0,55
2022-03-19 16:00:00,32.5,41,127.0,3.36,0.0,80
2022-03-19 17:00:00,29.4,50,30.0,2.39,0.0,65
2022-03-19 18:00:00,29.3,50,0.0,3.18,0.0,50
2022-03-19 19:00:00,28.5,54,0.0,2.72,0.0,60
2022-03-19 20:00:00,27.8,59,0.0,2.64,0.0,51
2022-03-19 21:00:00,27.0,61,0.0,2.33,0.0,20
2022-03-19 22:00:00,25.5,67,0.0,2.0,0.0,1
2022-03-19 23:00:00,25.1,68,0.0,2.5,0.0,0
2022-03-20 00:00:00,24.6,69,0.0,2.6,0.0,0
2022-03-20 01:00:00,26.2,61,0.0,1.4,0.0,0
2022-03-20 02:00:00,23.3,79,0.0,1.39,0.0,0
2022-03-20 03:00:00,24.3,75,0.0,1.62,0.0,0
2022-03-20 04:00:00,24.7,71,0.0,1.39,0.0,1
2022-03-20 05:00:00,22.3,86,0.0,1.98,0.0,1
2022-03-20 06:00:00,24.3,78,27.0,0.81,0.0,0
2022-03-20 07:00:00,26.0,65,120.0,0.76,0.0,17
2022-03-20 08:00:00,27.7,57,257.0,0.78,0.0,0
2022-03-20 09:00:00,29.5,50,398.0,1.17,0.0,0
2022-03-20 10:00:00,31.3,44,509.0,2.1,0.0,1
2022-03-20 11:00:00,32.7,39,573.0,2.81,0.0,0
2022-03-20 12:00:00,33.6,36,580.0,3.61,0.0,0
2022-03-20 13:00:00,34.0,36,527.0,3.35,0.0,0
2022-03-20 14:00:00,35.1,32,419.0,3.68,0.0,0
2022-03-20 15:00:00,34.7,34,276.0,4.11,0.0,0
2022-03-20 16:00:00,32.7,40,133.0,3.2,0.0,2
2022-03-20 17:00:00,29.5,46,31.0,2.6,0.0,12
2022-03-20 18:00:00,29.1,45,0.0,2.24,0.0,3
2022-03-20 19:00:00,28.4,49,0.0,2.84,0.0,0
2022-03-20 20:00:00,26.4,58,0.0,1.94,0.0,0
2022-03-20 21:00:00,24.9,66,0.0,1.79,0.0,17
2022-03-20 22:00:00,25.8,64,0.0,1.63,0.0,18
2022-03-20 23:00:00,23.6,75,0.0,2.28,0.0,66
2022-03-21 00:00:00,23.6,71,0.0,1.7,0.0,67
2022-03-21 01:00:00,24.0,68,0.0,1.34,0.0,66
2022-03-21 02:00:00,23.7,68,0.0,1.02,0.0,18
2022-03-21 03:00:00,22.5,74,0.0,0.91,0.0,8
2022-03-21 04:00:00,22.1,76,0.0,1.04,0.0,1
2022-03-21 05:00:00,22.5,76,0.0,1.89,0.0,2
2022-03-21 06:00:00,24.0,70,29.0,1.82,0.0,2
2022-03-21 07:00:00,25.4,64,124.0,1.41,0.0,3
2022-03-21 08:00:00,27.4,55,258.0,1.7,0.0,1
2022-03-21 09:00:00,29.2,50,400.0,1.7,0.0,0
2022-03-21 10:00:00,31.0,45,516.0,2.26,0.0,0
2022-03-21 11:00:00,32.3,43,579.0,2.82,0.0,2
2022-03-21 12:00:00,33.1,39,581.0,3.41,0.0,1
2022-03-21 13:00:00,33.3,36,526.0,3.38,0.0,20
2022-03-21 14:00:00,32.6,38,383.0,2.96,0.0,42
2022-03-21 15:00:00,32.0,40,212.0,2.24,0.0,50
2022-03-21 16:00:00,30.9,51,111.0,1.2,0.0,29
2022-03-21 17:00:00,28.7,52,27.0,2.21,0.0,15
2022-03-21 18:00:00,28.8,54,0.0,1.8,0.0,34
2022-03-21 19:00:00,27.5,60,0.0,1.81,0.0,24
2022-03-21 20:00:00,27.3,60,0.0,2.55,0.0,11
2022-03-21 21:00:00,26.5,63,0.0,2.21,0.0,1
2022-03-21 22:00:00,24.9,70,0.0,1.77,0.0,0
2022-03-21 23:00:00,24.0,75,0.0,1.75,0.0,1
2022-03-22 00:00:00,23.9,79,0.0,1.66,0.0,0
2022-03-22 01:00:00,23.8,81,0.0,2.25,0.0,0
2022-03-22 02:00:00,23.0,85,0.0,1.57,0.0,13
2022-03-22 03:00:00,22.8,85,0.0,1.61,0.0,7
2022-03-22 04:00:00,22.3,84,0.0,1.71,0.0,8
2022-03-22 05:00:00,23.7,78,0.0,0.73,0.0,0
2022-03-22 06:00:00,24.2,75,24.0,0.14,0.0,44
2022-03-22 07:00:00,26.5,65,107.0,0.14,0.0,14
2022-03-22 08:00:00,28.5,58,243.0,0.58,0.0,5
2022-03-22 09:00:00,30.5,51,385.0,0.82,0.0,14
2022-03-22 10:00:00,32.0,46,511.0,2.1,0.0,16
2022-03-22 11:00:00,32.6,48,582.0,2.51,0.0,67
2022-03-22 12:00:00,33.2,47,554.0,2.31,0.0,73
2022-03-22 13:00:00,33.5,46,505.0,2.0,0.0,58
2022-03-22 14:00:00,32.4,48,228.0,1.9,0.0,32
2022-03-22 15:00:00,32.3,47,201.0,1.77,0.0,29
2022-03-22 16:00:00,31.4,52,112.0,1.75,0.0,20
2022-03-22 17:00:00,29.5,58,29.0,1.24,0.0,47
2022-03-22 18:00:00,28.1,64,0.0,1.12,0.0,18
2022-03-22 19:00:00,27.0,69,0.0,1.5,0.0,19
2022-03-22 20:00:00,26.1,72,0.0,1.42,0.0,15
2022-03-22 21:00:00,25.5,75,0.0,1.7,0.0,9
2022-03-22 22:00:00,24.5,80,0.0,1.56,0.0,13
2022-03-22 23:00:00,24.1,82,0.0,1.39,0.0,33
2022-03-23 00:00:00,25.3,76,0.0,0.71,0.0,52
2022-03-23 01:00:00,23.8,84,0.0,1.32,0.0,70
2022-03-23 02:00:00,24.7,79,0.0,0.76,0.0,66
2022-03-23 03:00:00,22.7,89,0.0,1.5,0.0,58
2022-03-23 04:00:00,22.6,88,0.0,1.36,0.0,49
2022-03-23 05:00:00,22.7,94,0.0,1.46,0.0,16
2022-03-23 06:00:00,24.2,84,31.0,1.43,0.0,88
2022-03-23 07:00:00,25.4,75,122.0,2.58,0.1,94
2022-03-23 08:00:00,26.1,68,177.0,1.91,0.6,80
2022-03-23 09:00:00,29.0,56,373.0,1.24,0.0,52
2022-03-23 10:00:00,31.3,48,495.0,1.84,0.0,15
2022-03-23 11:00:00,32.7,44,542.0,1.84,0.0,7
2022-03-23 12:00:00,33.9,41,565.0,1.6,0.0,3
2022-03-23 13:00:00,35.0,32,501.0,0.92,0.0,32
2022-03-23 14:00:00,35.3,29,370.0,2.35,0.0,20
2022-03-23 15:00:00,34.3,34,256.0,3.9,0.0,33
2022-03-23 16:00:00,32.8,41,122.0,2.11,0.0,11
2022-03-23 17:00:00,29.5,47,31.0,2.14,0.0,10
2022-03-23 18:00:00,29.0,55,0.0,1.88,0.0,22
2022-03-23 19:00:00,28.8,52,0.0,2.16,0.0,26
2022-03-23 20:00:00,27.9,56,0.0,2.98,0.0,14
2022-03-23 21:00:00,28.0,53,0.0,3.67,0.0,9
2022-03-23 22:00:00,27.5,52,0.0,5.0,0.0,9
2022-03-23 23:00:00,26.7,58,0.0,3.28,0.0,5
2022-03-24 00:00:00,25.8,63,0.0,2.14,0.0,3
2022-03-24 01:00:00,25.8,63,0.0,3.3,0.0,100
2022-03-24 02:00:00,26.0,66,0.0,3.11,0.0,42
2022-03-24 03:00:00,25.3,69,0.0,4.2,0.0,93
2022-03-24 04:00:00,24.4,73,0.0,1.22,0.0,2
2022-03-24 05:00:00,23.3,89,0.0,1.82,0.0,4
2022-03-24 06:00:00,24.9,80,33.0,1.4,0.0,13
2022-03-24 07:00:00,26.4,73,135.0,1.26,0.0,4
2022-03-24 08:00:00,28.4,61,271.0,2.75,0.0,0
2022-03-24 09:00:00,29.9,51,406.0,3.81,0.0,1
2022-03-24 10:00:00,31.7,47,513.0,4.43,0.0,2
2022-03-24 11:00:00,33.8,33,604.0,6.43,0.0,23
2022-03-24 12:00:00,34.6,29,562.0,7.79,0.0,21
2022-03-24 13:00:00,34.2,30,489.0,7.78,0.0,39
2022-03-24 14:00:00,34.7,26,367.0,7.84,0.0,30
2022-03-24 15:00:00,32.8,35,249.0,7.61,0.0,17
2022-03-24 16:00:00,31.9,38,131.0,6.44,0.0,13
2022-03-24 17:00:00,29.7,40,34.0,3.99,0.0,11
2022-03-24 18:00:00,29.1,42,0.0,4.02,0.0,2
2022-03-24 19:00:00,27.7,47,0.0,2.84,0.0,1
2022-03-24 20:00:00,26.2,53,0.0,2.22,0.0,3
2022-03-24 21:00:00,25.2,56,0.0,2.19,0.0,2
2022-03-24 22:00:00,24.9,57,0.0,2.42,0.0,0
2022-03-24 23:00:00,23.9,60,0.0,1.84,0.0,0
2022-03-25 00:00:00,22.9,67,0.0,2.42,0.0,0
2022-03-25 01:00:00,24.9,60,0.0,1.26,0.0,11
2022-03-25 02:00:00,24.5,63,0.0,1.28,0.0,83
2022-03-25 03:00:00,22.8,76,0.0,2.82,0.9,67
2022-03-25 04:00:00,22.4,75,0.0,3.4,0.0,55
2022-03-25 05:00:00,21.6,86,0.0,1.08,0.0,55
2022-03-25 06:00:00,21.9,91,9.0,1.77,1.1,99
2022-03-25 07:00:00,22.8,84,87.0,2.09,0.0,43
2022-03-25 08:00:00,23.8,79,230.0,2.61,0.0,99
2022-03-25 09:00:00,24.6,74,299.0,2.77,0.0,26
2022-03-25 10:00:00,26.1,65,488.0,3.2,0.0,36
2022-03-25 11:00:00,26.5,63,507.0,3.61,0.0,25
2022-03-25 12:00:00,27.7,59,516.0,1.3,0.0,21
2022-03-25 13:00:00,29.1,55,472.0,1.12,0.0,9
2022-03-25 14:00:00,29.6,53,420.0,1.66,0.0,79
2022-03-25 15:00:00,29.3,54,139.0,2.32,0.0,80
2022-03-25 16:00:00,25.3,72,94.0,4.11,0.4,24
2022-03-25 17:00:00,27.0,62,32.0,3.32,0.1,89
2022-03-25 18:00:00,26.2,66,0.0,2.4,0.0,18
2022-03-25 19:00:00,24.8,74,0.0,3.61,0.0,98
2022-03-25 20:00:00,23.7,78,0.0,2.19,0.0,93
2022-03-25 21:00:00,23.0,82,0.0,2.77,0.0,28
2022-03-25 22:00:00,22.4,84,0.0,2.15,0.0,27
2022-03-25 23:00:00,22.3,82,0.0,1.8,0.0,0
2022-03-26 00:00:00,21.7,87,0.0,2.15,0.0,0
2022-03-26 01:00:00,21.0,91,0.0,2.04,0.0,12
2022-03-26 02:00:00,20.8,92,0.0,2.47,0.0,13
2022-03-26 03:00:00,20.8,88,0.0,2.01,0.0,44
2022-03-26 04:00:00,20.9,86,0.0,2.2,0.0,50
2022-03-26 05:00:00,21.2,88,0.0,2.77,0.0,70
2022-03-26 06:00:00,21.6,80,26.0,2.98,0.0,40
2022-03-26 07:00:00,22.4,75,118.0,2.46,0.0,14
2022-03-26 08:00:00,24.0,70,256.0,2.56,0.0,14
2022-03-26 09:00:00,25.7,65,412.0,2.72,0.0,48
2022-03-26 10:00:00,27.3,59,488.0,3.32,0.0,22
2022-03-26 11:00:00,28.8,56,552.0,3.01,0.0,74
2022-03-26 12:00:00,28.2,60,438.0,4.04,0.0,4
2022-03-26 13:00:00,27.5,62,535.0,4.2,0.0,3
2022-03-26 14:00:00,27.8,62,439.0,1.92,0.0,23
2022-03-26 15:00:00,28.1,61,279.0,2.0,0.0,16
2022-03-26 16:00:00,27.1,65,133.0,2.77,0.0,7
2022-03-26 17:00:00,25.4,73,36.0,2.08,0.0,2
2022-03-26 18:00:00,24.4,78,0.0,1.32,0.3,39
2022-03-26 19:00:00,23.9,81,0.0,0.6,0.0,0
2022-03-26 20:00:00,22.8,86,0.0,1.34,0.0,1
2022-03-26 21:00:00,22.4,89,0.0,1.8,0.0,0
2022-03-26 22:00:00,22.4,90,0.0,3.79,0.0,0
2022-03-26 23:00:00,21.7,91,0.0,3.4,0.0,0
2022-03-27 00:00:00,21.2,93,0.0,2.7,0.0,0
2022-03-27 01:00:00,20.6,93,0.0,3.01,0.0,0
2022-03-27 02:00:00,20.1,95,0.0,2.72,0.0,0
2022-03-27 03:00:00,19.8,96,0.0,2.5,0.0,0
2022-03-27 04:00:00,19.5,97,0.0,2.4,0.0,2
2022-03-27 05:00:00,19.9,96,0.0,2.72,0.0,41
2022-03-27 06:00:00,20.7,89,27.0,3.75,0.0,100
2022-03-27 07:00:00,22.0,83,111.0,3.37,0.0,32
2022-03-27 08:00:00,23.8,74,249.0,2.65,0.0,30
2022-03-27 09:00:00,26.2,64,393.0,2.12,0.0,15
2022-03-27 10:00:00,28.6,55,516.0,2.33,0.0,15
2022-03-27 11:00:00,30.5,50,587.0,2.33,0.0,9
2022-03-27 12:00:00,31.6,45,596.0,2.3,0.0,7
2022-03-27 13:00:00,31.9,45,537.0,2.66,0.0,7
2022-03-27 14:00:00,31.8,46,433.0,2.11,0.0,5
2022-03-27 15:00:00,31.5,46,294.0,2.0,0.0,13
2022-03-27 16:00:00,30.6,51,142.0,1.53,0.0,4
2022-03-27 17:00:00,27.7,60,36.0,1.44,0.0,12
2022-03-27 18:00:00,26.9,64,0.0,1.55,0.0,35
2022-03-27 19:00:00,26.2,67,0.0,1.6,0.0,25
2022-03-27 20:00:00,25.2,72,0.0,1.84,0.0,21
2022-03-27 21:00:00,24.7,75,0.0,1.81,0.0,7
2022-03-27 22:00:00,23.7,79,0.0,1.71,0.0,9
2022-03-27 23:00:00,23.4,82,0.0,1.58,0.0,3
2022-03-28 00:00:00,22.8,86,0.0,2.15,0.0,50
2022-03-28 01:00:00,22.4,90,0.0,2.4,0.0,100
2022-03-28 02:00:00,22.4,84,0.0,3.47,0.0,93
2022-03-28 03:00:00,21.9,83,0.0,2.69,0.0,66
2022-03-28 04:00:00,21.6,84,0.0,2.12,0.0,1
2022-03-28 05:00:00,21.2,93,0.0,1.57,0.0,39
2022-03-28 06:00:00,22.6,84,29.0,1.27,0.0,100
2022-03-28 07:00:00,23.3,79,64.0,1.73,0.0,100
2022-03-28 08:00:00,24.4,73,209.0,3.03,0.0,100
2022-03-28 09:00:00,24.5,72,131.0,1.9,0.0,100
2022-03-28 10:00:00,24.7,69,132.0,2.83,0.0,100
2022-03-28 11:00:00,25.9,64,204.0,2.14,0.0,100
2022-03-28 12:00:00,27.2,60,339.0,3.04,0.0,100
2022-03-28 13:00:00,27.2,59,247.0,2.69,0.0,99
2022-03-28 14:00:00,27.1,59,155.0,2.33,0.0,88
2022-03-28 15:00:00,27.1,59,154.0,2.88,0.0,98
2022-03-28 16:00:00,26.6,61,103.0,2.65,0.0,100
2022-03-28 17:00:00,24.5,79,22.0,1.8,0.0,100
2022-03-28 18:00:00,24.1,81,0.0,0.85,0.1,100
2022-03-28 19:00:00,23.8,83,0.0,1.61,0.3,92
2022-03-28 20:00:00,22.4,92,0.0,1.58,2.3,100
2022-03-28 21:00:00,22.1,91,0.0,0.36,0.4,99
2022-03-28 22:00:00,22.0,93,0.0,1.96,0.1,36
2022-03-28 23:00:00,21.7,94,0.0,1.4,0.0,41
2022-03-29 00:00:00,21.2,96,0.0,1.63,0.0,19
2022-03-29 01:00:00,20.8,98,0.0,1.53,0.0,32
2022-03-29 02:00:00,20.6,98,0.0,1.75,0.0,69
2022-03-29 03:00:00,20.5,98,0.0,1.96,0.0,38
2022-03-29 04:00:00,20.3,98,0.0,1.51,0.0,100
2022-03-29 05:00:00,21.1,95,0.0,1.25,0.0,100
2022-03-29 06:00:00,21.8,92,29.0,2.02,0.0,91
2022-03-29 07:00:00,22.6,86,84.0,1.58,0.1,99
2022-03-29 08:00:00,23.3,81,138.0,1.75,0.4,100
2022-03-29 09:00:00,22.8,86,79.0,1.22,0.6,100
2022-03-29 10:00:00,23.3,82,143.0,1.3,0.3,100
2022-03-29 11:00:00,23.8,81,184.0,2.26,0.0,100
2022-03-29 12:00:00,24.6,77,173.0,1.58,0.0,100
2022-03-29 13:00:00,25.5,71,170.0,1.66,0.0,88
2022-03-29 14:00:00,27.3,63,267.0,1.55,0.0,42
2022-03-29 15:00:00,28.1,59,241.0,1.48,0.0,23
2022-03-29 16:00:00,27.7,60,139.0,2.14,0.0,19
2022-03-29 17:00:00,25.9,63,38.0,2.0,0.0,87
2022-03-29 18:00:00,25.3,66,0.0,2.41,0.0,100
2022-03-29 19:00:00,24.8,69,0.0,1.8,0.0,100
2022-03-29 20:00:00,24.3,71,0.0,2.41,0.0,20
2022-03-29 21:00:00,23.5,74,0.0,2.77,0.0,88
2022-03-29 22:00:00,23.3,76,0.0,2.39,0.0,68
2022-03-29 23:00:00,22.8,78,0.0,2.02,0.0,77
2022-03-30 00:00:00,22.4,81,0.0,2.01,0.0,65
2022-03-30 01:00:00,22.0,84,0.0,2.35,0.0,40
2022-03-30 02:00:00,21.7,85,0.0,2.6,0.0,48
2022-03-30 03:00:00,21.5,86,0.0,2.92,0.0,87
2022-03-30 04:00:00,21.7,84,0.0,3.03,0.0,90
2022-03-30 05:00:00,22.1,83,0.0,0.92,0.0,100
2022-03-30 06:00:00,22.9,78,12.0,1.49,0.0,100
2022-03-30 07:00:00,23.4,73,35.0,1.72,0.0,98
2022-03-30 08:00:00,24.9,65,167.0,2.01,0.0,47
2022-03-30 09:00:00,26.2,62,266.0,2.11,0.0,98
2022-03-30 10:00:00,27.2,60,263.0,2.27,0.0,96
2022-03-30 11:00:00,29.0,54,389.0,2.19,0.0,79
2022-03-30 12:00:00,29.9,50,356.0,2.84,0.0,29
2022-03-30 13:00:00,31.0,47,504.0,2.92,0.0,15
2022-03-30 14:00:00,30.6,48,411.0,2.56,0.0,36
2022-03-30 15:00:00,30.4,49,273.0,2.27,0.0,44
2022-03-30 16:00:00,28.8,55,94.0,2.61,0.0,96
2022-03-30 17:00:00,24.1,70,20.0,2.43,0.0,99
2022-03-30 18:00:00,23.7,73,0.0,2.2,0.0,97
2022-03-30 19:00:00,23.6,75,0.0,2.04,0.0,86
2022-03-30 20:00:00,23.3,78,0.0,2.0,0.0,100
2022-03-30 21:00:00,22.6,82,0.0,2.38,0.4,100
2022-03-30 22:00:00,22.1,87,0.0,1.96,0.2,100
2022-03-30 23:00:00,21.9,89,0.0,2.24,0.0,61
2022-03-31 00:00:00,21.5,91,0.0,1.96,0.0,55
2022-03-31 01:00:00,21.2,92,0.0,1.92,0.1,52
2022-03-31 02:00:00,21.0,93,0.0,2.41,0.0,36
2022-03-31 03:00:00,20.7,95,0.0,1.49,0.0,79
2022-03-31 04:00:00,20.8,94,0.0,2.31,0.0,99
2022-03-31 05:00:00,21.3,93,0.0,0.95,0.0,100
2022-03-31 06:00:00,21.7,90,21.0,1.65,0.1,100
2022-03-31 07:00:00,22.3,87,75.0,1.14,0.0,100
2022-03-31 08:00:00,23.3,81,161.0,0.94,0.0,99
2022-03-31 09:00:00,23.9,79,192.0,0.64,0.0,68
2022-03-31 10:00:00,25.7,71,400.0,0.64,0.0,41
2022-03-31 11:00:00,27.3,65,487.0,0.85,0.0,49
2022-03-31 12:00:00,28.1,61,467.0,1.75,0.0,96
2022-03-31 13:00:00,27.1,65,291.0,2.57,0.0,95
2022-03-31 14:00:00,25.8,69,149.0,2.7,0.0,88
2022-03-31 15:00:00,26.3,67,233.0,2.35,0.0,43
2022-03-31 16:00:00,25.7,70,126.0,1.9,0.0,43
2022-03-31 17:00:00,23.6,82,37.0,1.0,0.0,22
2022-03-31 18:00:00,22.9,86,0.0,1.98,0.0,89
2022-03-31 19:00:00,22.9,85,0.0,2.2,0.0,100
2022-03-31 20:00:00,22.6,91,0.0,1.0,2.0,100
2022-03-31 21:00:00,22.4,91,0.0,1.41,0.8,75
2022-03-31 22:00:00,22.0,94,0.0,1.87,0.1,12
2022-03-31 23:00:00,21.4,97,0.0,1.62,0.0,3
2022-04-01 00:00:00,20.4,99,0.0,1.53,0.0,34
2022-04-01 01:00:00,20.9,99,0.0,1.24,0.0,49
2022-04-01 02:00:00,20.9,100,0.0,1.12,0.0,100
2022-04-01 03:00:00,21.1,98,0.0,2.16,0.1,100
2022-04-01 04:00:00,21.3,97,0.0,2.12,0.0,100
2022-04-01 05:00:00,21.2,98,0.0,1.49,0.1,100
2022-04-01 06:00:00,21.7,96,19.0,2.14,0.7,100
2022-04-01 07:00:00,22.9,89,109.0,2.86,0.1,100
2022-04-01 08:00:00,23.3,88,98.0,3.09,0.0,100
2022-04-01 09:00:00,24.3,83,183.0,3.81,0.0,87
2022-04-01 10:00:00,25.9,74,300.0,3.91,0.0,94
2022-04-01 11:00:00,26.5,71,278.0,3.45,0.0,94
2022-04-01 12:00:00,26.1,75,243.0,3.44,1.1,100
2022-04-01 13:00:00,24.4,89,90.0,2.9,2.8,100
2022-04-01 14:00:00,23.3,95,19.0,2.42,10.2,100
2022-04-01 15:00:00,22.9,94,3.0,1.2,19.1,100
2022-04-01 16:00:00,22.9,96,18.0,2.12,9.7,100
2022-04-01 17:00:00,23.9,92,5.0,2.4,5.8,98
2022-04-01 18:00:00,23.3,92,0.0,3.13,0.0,53
2022-04-01 19:00:00,22.6,94,0.0,2.91,0.1,86
2022-04-01 20:00:00,22.2,95,0.0,2.82,0.4,100
2022-04-01 21:00:00,21.8,96,0.0,2.62,0.1,100
2022-04-01 22:00:00,21.6,95,0.0,2.24,0.1,100
2022-04-01 23:00:00,21.4,95,0.0,1.9,0.4,100
2022-04-02 00:00:00,21.1,95,0.0,1.53,0.1,100
2022-04-02 01:00:00,20.8,96,0.0,2.11,0.1,85
2022-04-02 02:00:00,20.6,97,0.0,2.3,0.1,100
2022-04-02 03:00:00,20.5,98,0.0,1.9,5.4,100
2022-04-02 04:00:00,20.5,99,0.0,2.1,6.3,100
2022-04-02 05:00:00,20.6,98,0.0,2.25,1.5,100
2022-04-02 06:00:00,20.9,98,18.0,2.77,1.9,98
2022-04-02 07:00:00,21.5,96,80.0,2.68,0.9,100
2022-04-02 08:00:00,21.8,92,115.0,2.72,3.2,100
2022-04-02 09:00:00,22.0,92,124.0,2.96,3.6,99
2022-04-02 10:00:00,22.4,92,169.0,3.1,3.3,81
2022-04-02 11:00:00,22.4,94,173.0,2.42,4.6,98
2022-04-02 12:00:00,23.0,92,211.0,0.81,4.5,100
2022-04-02 13:00:00,23.3,91,105.0,0.9,3.9,96
2022-04-02 14:00:00,23.8,90,200.0,1.0,4.6,100
2022-04-02 15:00:00,23.7,90,93.0,0.98,0.4,76
2022-04-02 16:00:00,23.7,91,89.0,0.36,0.2,84
2022-04-02 17:00:00,22.4,92,29.0,2.0,0.4,75
2022-04-02 18:00:00,21.7,94,0.0,1.73,0.0,44
2022-04-02 19:00:00,21.6,95,0.0,1.58,0.0,84
2022-04-02 20:00:00,21.6,96,0.0,1.62,0.0,88
2022-04-02 21:00:00,21.5,95,0.0,2.12,0.0,60
2022-04-02 22:00:00,21.5,94,0.0,2.33,0.0,63
2022-04-02 23:00:00,21.1,94,0.0,1.66,0.0,57
2022-04-03 00:00:00,21.0,93,0.0,2.16,0.0,53
2022-04-03 01:00:00,20.8,93,0.0,2.47,0.0,73
2022-04-03 02:00:00,20.5,95,0.0,2.33,0.0,80
2022-04-03 03:00:00,20.4,95,0.0,2.24,0.0,36
2022-04-03 04:00:00,20.2,96,0.0,1.7,0.0,79
2022-04-03 05:00:00,20.5,97,1.0,2.62,0.0,85
2022-04-03 06:00:00,21.5,94,43.0,1.7,0.0,95
2022-04-03 07:00:00,22.4,90,133.0,0.85,0.1,100
2022-04-03 08:00:00,22.9,87,159.0,2.97,0.3,89
2022-04-03 09:00:00,24.3,82,290.0,2.33,0.0,83
2022-04-03 10:00:00,25.6,77,374.0,2.48,0.0,99
2022-04-03 11:00:00,25.5,78,314.0,1.17,0.4,99
2022-04-03 12:00:00,25.9,77,292.0,0.67,0.2,52
2022-04-03 13:00:00,26.7,76,445.0,0.99,0.0,62
2022-04-03 14:00:00,26.9,75,357.0,0.32,0.0,68
2022-04-03 15:00:00,26.8,76,248.0,1.44,0.0,44
2022-04-03 16:00:00,25.7,80,115.0,1.9,0.0,53
2022-04-03 17:00:00,24.9,86,31.0,1.3,0.0,70
2022-04-03 18:00:00,24.2,88,0.0,2.12,0.0,23
2022-04-03 19:00:00,23.1,91,0.0,1.72,0.0,21
2022-04-03 20:00:00,22.0,91,0.0,1.77,0.0,99
2022-04-03 21:00:00,21.7,92,0.0,2.21,0.0,29
2022-04-03 22:00:00,20.9,97,0.0,1.22,0.0,74
2022-04-03 23:00:00,20.9,97,0.0,0.82,0.0,82
2022-04-04 00:00:00,21.0,97,0.0,1.75,0.0,100
2022-04-04 01:00:00,20.9,98,0.0,1.12,0.0,100
2022-04-04 02:00:00,20.7,97,0.0,1.72,0.3,100
2022-04-04 03:00:00,20.5,99,0.0,0.82,0.6,100
2022-04-04 04:00:00,20.5,99,0.0,0.41,0.6,100
2022-04-04 05:00:00,21.0,96,1.0,1.61,0.0,100
2022-04-04 06:00:00,21.3,95,28.0,1.6,0.0,99
2022-04-04 07:00:00,21.7,94,76.0,0.2,0.1,100
2022-04-04 08:00:00,22.1,93,68.0,1.35,0.3,88
2022-04-04 09:00:00,24.2,84,323.0,3.0,0.1,100
2022-04-04 10:00:00,24.4,86,284.0,2.98,0.3,100
2022-04-04 11:00:00,24.7,84,319.0,3.09,0.0,100
2022-04-04 12:00:00,24.1,86,157.0,2.28,0.4,71
2022-04-04 13:00:00,25.3,80,428.0,2.22,0.0,99
2022-04-04 14:00:00,25.2,79,269.0,3.3,0.0,100
2022-04-04 15:00:00,24.7,82,127.0,2.9,0.0,50
2022-04-04 16:00:00,24.2,85,131.0,2.98,0.0,19
2022-04-04 17:00:00,23.3,90,40.0,2.27,0.0,40
2022-04-04 18:00:00,22.5,93,0.0,0.42,0.2,31
2022-04-04 19:00:00,21.6,98,0.0,1.96,0.0,10
2022-04-04 20:00:00,21.6,97,0.0,2.88,0.0,66
2022-04-04 21:00:00,21.7,98,0.0,3.67,0.0,58
2022-04-04 22:00:00,21.3,98,0.0,3.81,0.0,77
2022-04-04 23:00:00,21.1,95,0.0,3.61,0.1,77
2022-04-05 00:00:00,20.7,96,0.0,3.3,0.0,69
2022-04-05 01:00:00,20.2,98,0.0,3.01,0.0,100
2022-04-05 02:00:00,20.3,95,0.0,2.79,0.1,76
2022-04-05 03:00:00,20.1,96,0.0,2.62,0.1,91
2022-04-05 04:00:00,20.2,95,0.0,2.43,0.0,93
2022-04-05 05:00:00,20.3,95,1.0,1.53,0.0,68
2022-04-05 06:00:00,20.8,94,39.0,1.75,0.0,77
2022-04-05 07:00:00,21.4,90,115.0,1.97,0.0,91
2022-04-05 08:00:00,22.2,85,213.0,2.79,0.0,100
2022-04-05 09:00:00,22.8,84,287.0,2.73,0.0,100
2022-04-05 10:00:00,23.4,82,313.0,2.47,0.0,95
2022-04-05 11:00:00,24.3,79,382.0,2.21,0.0,72
2022-04-05 12:00:00,25.5,76,518.0,2.19,0.0,48
2022-04-05 13:00:00,26.0,74,448.0,2.13,0.0,37
2022-04-05 14:00:00,26.0,74,400.0,2.06,0.0,42
2022-04-05 15:00:00,25.5,76,252.0,1.8,0.0,31
2022-04-05 16:00:00,24.9,78,128.0,1.94,0.0,8
2022-04-05 17:00:00,23.8,83,45.0,2.01,0.0,8
2022-04-05 18:00:00,22.7,88,0.0,1.84,0.1,100
2022-04-05 19:00:00,22.6,88,0.0,2.14,0.7,93
2022-04-05 20:00:00,21.9,92,0.0,2.22,0.0,94
2022-04-05 21:00:00,21.6,94,0.0,3.54,0.0,78
2022-04-05 22:00:00,21.3,93,0.0,3.91,0.0,100
2022-04-05 23:00:00,21.0,94,0.0,3.8,0.0,70
2022-04-06 00:00:00,20.7,96,0.0,1.52,0.0,100
2022-04-06 01:00:00,20.8,95,0.0,2.5,0.5,100
2022-04-06 02:00:00,20.7,95,0.0,3.32,0.3,100
2022-04-06 03:00:00,20.2,97,0.0,2.51,0.1,100
2022-04-06 04:00:00,20.3,97,0.0,2.02,1.9,99
2022-04-06 05:00:00,20.5,94,2.0,1.97,0.1,80
2022-04-06 06:00:00,20.9,93,50.0,2.5,0.1,70
2022-04-06 07:00:00,21.8,91,149.0,2.6,0.0,100
2022-04-06 08:00:00,22.4,89,184.0,3.45,0.0,100
2022-04-06 09:00:00,23.4,83,252.0,3.48,0.0,100
2022-04-06 10:00:00,24.1,81,247.0,3.58,0.0,100
2022-04-06 11:00:00,25.3,78,376.0,3.34,0.0,100
2022-04-06 12:00:00,25.9,76,313.0,2.24,0.0,95
2022-04-06 13:00:00,26.7,74,355.0,1.6,0.0,75
2022-04-06 14:00:00,27.4,72,403.0,1.58,0.0,44
2022-04-06 15:00:00,26.9,71,282.0,2.24,0.0,53
2022-04-06 16:00:00,26.4,76,143.0,1.77,0.0,35
2022-04-06 17:00:00,23.0,92,39.0,1.46,0.0,63
2022-04-06 18:00:00,21.9,94,1.0,1.63,0.0,59
2022-04-06 19:00:00,22.2,93,0.0,1.68,0.0,77
2022-04-06 20:00:00,22.1,94,0.0,1.89,0.0,52
2022-04-06 21:00:00,22.0,92,0.0,2.95,0.0,63
2022-04-06 22:00:00,22.0,88,0.0,3.2,0.0,100
2022-04-06 23:00:00,21.9,87,0.0,2.79,0.0,100
2022-04-07 00:00:00,21.7,88,0.0,2.96,0.0,100
2022-04-07 01:00:00,21.5,89,0.0,3.3,0.0,100
2022-04-07 02:00:00,21.4,90,0.0,2.91,0.0,96
2022-04-07 03:00:00,21.3,91,0.0,1.99,0.0,100
2022-04-07 04:00:00,21.4,91,0.0,2.79,0.0,97
2022-04-07 05:00:00,21.2,94,1.0,2.7,0.0,86
2022-04-07 06:00:00,22.0,89,55.0,3.54,0.0,93
2022-04-07 07:00:00,23.0,85,130.0,3.49,0.0,100
2022-04-07 08:00:00,23.6,83,130.0,3.52,0.0,100
2022-04-07 09:00:00,24.6,80,183.0,3.35,0.0,100
2022-04-07 10:00:00,25.9,75,340.0,3.45,0.0,100
2022-04-07 11:00:00,26.9,71,395.0,3.09,0.0,90
2022-04-07 12:00:00,27.3,69,433.0,3.05,0.0,51
2022-04-07 13:00:00,27.9,67,515.0,2.76,0.0,46
2022-04-07 14:00:00,28.0,67,422.0,2.83,0.0,23
2022-04-07 15:00:00,27.7,68,312.0,3.22,0.0,50
2022-04-07 16:00:00,26.8,73,156.0,2.28,0.0,59
2022-04-07 17:00:00,24.8,77,43.0,2.86,0.0,72
2022-04-07 18:00:00,23.9,81,1.0,3.04,0.0,94
2022-04-07 19:00:00,23.3,83,0.0,2.61,0.0,66
2022-04-07 20:00:00,22.7,87,0.0,1.3,0.0,83
2022-04-07 21:00:00,22.5,86,0.0,2.79,0.7,36
2022-04-07 22:00:00,22.0,88,0.0,2.01,0.0,57
2022-04-07 23:00:00,21.8,87,0.0,2.35,0.0,31
2022-04-08 00:00:00,21.3,89,0.0,3.06,0.0,42
2022-04-08 01:00:00,21.0,91,0.0,3.51,0.0,20
2022-04-08 02:00:00,20.5,93,0.0,3.3,0.0,7
2022-04-08 03:00:00,20.3,93,0.0,3.51,0.0,9
2022-04-08 04:00:00,20.2,93,0.0,3.5,0.0,33
2022-04-08 05:00:00,20.7,89,2.0,4.23,0.0,39
2022-04-08 06:00:00,21.4,86,50.0,3.52,0.0,85
2022-04-08 07:00:00,22.4,82,135.0,3.76,0.0,69
2022-04-08 08:00:00,23.9,78,298.0,4.14,0.0,60
2022-04-08 09:00:00,25.0,73,431.0,3.52,0.0,84
2022-04-08 10:00:00,25.6,72,407.0,2.46,0.1,40
2022-04-08 11:00:00,27.1,67,624.0,2.94,0.0,46
2022-04-08 12:00:00,27.8,66,587.0,2.48,0.0,41
2022-04-08 13:00:00,28.2,66,518.0,2.97,0.0,23
2022-04-08 14:00:00,28.4,65,477.0,2.55,0.0,36
2022-04-08 15:00:00,27.8,67,286.0,2.73,0.0,42
2022-04-08 16:00:00,26.8,71,139.0,3.35,0.0,74
2022-04-08 17:00:00,25.1,75,34.0,3.1,0.0,71
2022-04-08 18:00:00,23.1,82,1.0,3.19,3.2,91
2022-04-08 19:00:00,22.5,81,0.0,4.37,0.1,94
2022-04-08 20:00:00,21.8,82,0.0,4.8,0.0,95
2022-04-08 21:00:00,21.3,83,0.0,4.34,0.0,100
2022-04-08 22:00:00,20.9,85,0.0,4.62,0.0,89
2022-04-08 23:00:00,20.3,89,0.0,3.61,0.2,72
2022-04-09 00:00:00,20.1,91,0.0,3.45,2.2,93
2022-04-09 01:00:00,19.7,95,0.0,3.86,3.3,60
2022-04-09 02:00:00,19.8,97,0.0,3.05,1.5,74
2022-04-09 03:00:00,19.7,97,0.0,3.5,0.1,86
2022-04-09 04:00:00,19.7,96,0.0,3.42,0.1,30
2022-04-09 05:00:00,19.6,93,3.0,3.1,0.1,41
2022-04-09 06:00:00,19.9,93,22.0,3.41,0.2,100
2022-04-09 07:00:00,20.1,93,36.0,2.98,0.7,100
2022-04-09 08:00:00,21.2,88,126.0,3.04,0.3,87
2022-04-09 09:00:00,23.2,79,412.0,4.02,0.0,100
2022-04-09 10:00:00,23.9,80,234.0,3.93,1.5,89
2022-04-09 11:00:00,25.1,74,568.0,3.01,0.5,100
2022-04-09 12:00:00,24.2,79,159.0,2.71,0.2,91
2022-04-09 13:00:00,25.0,77,379.0,3.42,0.6,89
2022-04-09 14:00:00,24.2,84,329.0,2.44,0.8,89
2022-04-09 15:00:00,24.1,85,207.0,0.98,0.0,71
2022-04-09 16:00:00,24.2,84,140.0,0.91,0.0,16
2022-04-09 17:00:00,22.8,91,48.0,1.13,0.0,94
2022-04-09 18:00:00,22.1,94,1.0,1.36,0.0,39
2022-04-09 19:00:00,21.9,96,0.0,1.53,0.1,7
2022-04-09 20:00:00,21.6,97,0.0,1.5,0.0,13
2022-04-09 21:00:00,21.5,96,0.0,2.02,0.0,15
2022-04-09 22:00:00,21.3,96,0.0,2.4,0.0,38
2022-04-09 23:00:00,20.8,96,0.0,1.46,0.4,98
2022-04-10 00:00:00,20.6,96,0.0,2.02,0.0,98
2022-04-10 01:00:00,20.4,94,0.0,2.47,0.0,63
2022-04-10 02:00:00,20.2,95,0.0,1.58,0.1,52
2022-04-10 03:00:00,20.0,96,0.0,1.8,3.8,100
2022-04-10 04:00:00,19.9,97,0.0,2.6,0.2,96
2022-04-10 05:00:00,20.1,98,3.0,2.3,0.3,73
2022-04-10 06:00:00,20.7,95,41.0,3.02,0.1,100
2022-04-10 07:00:00,21.1,94,54.0,3.27,0.7,100
2022-04-10 08:00:00,21.7,92,90.0,2.73,0.8,100
2022-04-10 09:00:00,23.4,85,333.0,3.41,0.3,100
2022-04-10 10:00:00,22.7,90,174.0,3.35,0.7,94
2022-04-10 11:00:00,24.6,79,517.0,3.24,0.3,51
2022-04-10 12:00:00,25.8,73,570.0,3.32,0.0,71
2022-04-10 13:00:00,26.9,68,519.0,2.79,0.0,86
2022-04-10 14:00:00,26.3,70,278.0,1.24,0.0,100
2022-04-10 15:00:00,25.2,77,146.0,3.04,0.1,99
2022-04-10 16:00:00,24.8,80,127.0,2.62,0.0,100
2022-04-10 17:00:00,22.4,88,15.0,2.35,0.6,94
2022-04-10 18:00:00,22.3,93,0.0,3.04,0.2,99
2022-04-10 19:00:00,21.7,94,0.0,3.06,0.8,100
2022-04-10 20:00:00,21.1,95,0.0,3.3,0.5,58
2022-04-10 21:00:00,20.9,95,0.0,0.58,4.4,100
2022-04-10 22:00:00,20.8,95,0.0,1.75,6.5,100
2022-04-10 23:00:00,20.6,95,0.0,2.22,4.5,75
2022-04-11 00:00:00,20.5,96,0.0,3.24,0.2,73
2022-04-11 01:00:00,20.3,97,0.0,1.81,1.9,100
2022-04-11 02:00:00,20.2,97,0.0,2.53,0.2,91
2022-04-11 03:00:00,20.4,95,0.0,2.6,0.1,100
2022-04-11 04:00:00,19.8,98,0.0,1.36,0.0,100
2022-04-11 05:00:00,20.1,96,2.0,3.33,0.0,100
2022-04-11 06:00:00,20.6,96,36.0,2.51,0.3,100
2022-04-11 07:00:00,21.0,95,87.0,2.4,1.0,100
2022-04-11 08:00:00,21.5,91,134.0,2.66,0.2,100
2022-04-11 09:00:00,23.3,85,335.0,2.2,0.0,29
2022-04-11 10:00:00,25.4,76,587.0,2.0,0.0,31
2022-04-11 11:00:00,27.4,67,695.0,1.34,0.0,87
2022-04-11 12:00:00,28.3,63,664.0,1.3,0.0,46
2022-04-11 13:00:00,28.7,60,544.0,1.48,0.0,58
2022-04-11 14:00:00,28.7,60,445.0,1.72,0.0,21
2022-04-11 15:00:00,28.4,62,362.0,2.13,0.0,28
2022-04-11 16:00:00,27.3,70,192.0,1.79,0.0,38
2022-04-11 17:00:00,24.9,79,56.0,1.6,0.0,32
2022-04-11 18:00:00,24.2,83,1.0,1.6,0.0,36
2022-04-11 19:00:00,23.5,88,0.0,1.77,0.0,20
2022-04-11 20:00:00,23.1,90,0.0,2.21,0.0,7
2022-04-11 21:00:00,22.8,91,0.0,2.02,0.0,8
2022-04-11 22:00:00,22.1,94,0.0,1.51,0.0,17
2022-04-11 23:00:00,21.8,96,0.0,1.39,0.0,5
2022-04-12 00:00:00,21.7,96,0.0,1.7,0.0,11
2022-04-12 01:00:00,21.1,98,0.0,1.32,0.0,5
2022-04-12 02:00:00,20.5,99,0.0,1.71,0.0,3
2022-04-12 03:00:00,20.5,99,0.0,1.5,0.0,23
2022-04-12 04:00:00,20.5,100,0.0,1.25,0.0,15
2022-04-12 05:00:00,21.6,97,4.0,2.01,0.0,29
2022-04-12 06:00:00,22.5,93,60.0,2.19,0.0,29
2022-04-12 07:00:00,23.8,88,207.0,3.04,0.0,30
2022-04-12 08:00:00,25.8,78,363.0,3.38,0.0,40
2022-04-12 09:00:00,27.1,75,504.0,2.18,0.0,40
2022-04-12 10:00:00,28.3,71,606.0,0.98,0.0,51
2022-04-12 11:00:00,29.2,69,678.0,0.85,0.0,23
2022-04-12 12:00:00,29.9,67,704.0,1.0,0.0,23
2022-04-12 13:00:00,30.3,64,621.0,0.61,0.0,43
2022-04-12 14:00:00,29.8,66,463.0,1.86,0.0,39
2022-04-12 15:00:00,29.4,67,329.0,1.56,0.0,48
2022-04-12 16:00:00,28.9,72,180.0,1.36,0.0,65
2022-04-12 17:00:00,26.7,83,53.0,1.57,0.0,100
2022-04-12 18:00:00,26.1,79,1.0,1.99,0.0,100
2022-04-12 19:00:00,25.2,83,0.0,1.63,0.0,100
2022-04-12 20:00:00,24.1,91,0.0,1.3,0.1,100
2022-04-12 21:00:00,24.4,91,0.0,1.49,0.1,70
2022-04-12 22:00:00,23.5,91,0.0,1.91,0.0,100
2022-04-12 23:00:00,22.8,93,0.0,1.14,0.0,100
2022-04-13 00:00:00,22.4,94,0.0,1.75,0.1,87
2022-04-13 01:00:00,21.8,99,0.0,1.4,1.2,98
2022-04-13 02:00:00,21.5,99,0.0,2.44,3.5,99
2022-04-13 03:00:00,21.3,100,0.0,1.84,6.0,100
2022-04-13 04:00:00,21.4,97,0.0,1.82,1.4,99
2022-04-13 05:00:00,21.8,98,2.0,1.6,0.2,94
2022-04-13 06:00:00,21.8,95,25.0,0.63,3.1,68
2022-04-13 07:00:00,22.7,94,165.0,1.64,1.5,100
2022-04-13 08:00:00,23.0,92,245.0,1.12,3.1,100
2022-04-13 09:00:00,23.8,87,245.0,1.77,0.2,76
2022-04-13 10:00:00,23.8,89,289.0,2.6,1.7,100
2022-04-13 11:00:00,24.7,84,422.0,2.48,0.5,93
2022-04-13 12:00:00,25.1,85,400.0,2.65,0.4,71
2022-04-13 13:00:00,25.7,81,509.0,2.6,0.9,72
2022-04-13 14:00:00,24.8,85,310.0,1.62,3.0,100
2022-04-13 15:00:00,23.8,91,241.0,2.75,2.6,94
2022-04-13 16:00:00,22.7,96,98.0,3.4,0.5,99
2022-04-13 17:00:00,24.0,89,23.0,2.31,0.1,100
2022-04-13 18:00:00,22.7,93,1.0,2.38,0.1,99
2022-04-13 19:00:00,22.4,96,0.0,2.11,0.0,100
2022-04-13 20:00:00,22.1,98,0.0,0.78,0.3,100
2022-04-13 21:00:00,22.3,96,0.0,0.92,0.1,100
2022-04-13 22:00:00,22.0,96,0.0,0.91,0.1,100
2022-04-13 23:00:00,21.6,98,0.0,1.43,1.0,100
2022-04-14 00:00:00,21.3,99,0.0,1.91,0.1,100
2022-04-14 01:00:00,21.0,97,0.0,2.33,0.1,100
2022-04-14 02:00:00,20.7,99,0.0,1.89,2.0,95
2022-04-14 03:00:00,20.7,98,0.0,1.1,0.1,84
2022-04-14 04:00:00,20.6,99,0.0,0.82,0.1,82
2022-04-14 05:00:00,22.0,97,3.0,1.39,0.1,100
2022-04-14 06:00:00,21.7,100,53.0,3.05,5.7,100
2022-04-14 07:00:00,21.5,98,78.0,2.5,0.7,98
2022-04-14 08:00:00,22.9,90,202.0,1.35,0.0,92
2022-04-14 09:00:00,23.3,89,184.0,1.22,0.8,86
2022-04-14 10:00:00,24.9,82,456.0,1.1,0.0,95
2022-04-14 11:00:00,25.7,79,400.0,1.13,0.0,100
2022-04-14 12:00:00,27.1,74,480.0,1.56,0.0,100
2022-04-14 13:00:00,28.4,71,567.0,1.63,0.0,93
2022-04-14 14:00:00,27.9,75,476.0,3.11,0.0,100
2022-04-14 15:00:00,26.2,81,261.0,3.45,0.0,93
2022-04-14 16:00:00,25.4,83,162.0,2.92,0.0,100
2022-04-14 17:00:00,25.2,85,42.0,1.0,0.0,100
2022-04-14 18:00:00,25.0,87,1.0,1.14,0.0,100
2022-04-14 19:00:00,24.1,93,0.0,2.37,0.2,100
2022-04-14 20:00:00,23.1,96,0.0,2.53,0.1,100
2022-04-14 21:00:00,22.8,95,0.0,0.94,0.2,52
2022-04-14 22:00:00,22.8,94,0.0,1.3,0.0,100
2022-04-14 23:00:00,22.4,93,0.0,3.34,0.0,100
2022-04-15 00:00:00,21.9,91,0.0,2.06,0.0,100
2022-04-15 01:00:00,21.6,91,0.0,2.01,0.0,100
2022-04-15 02:00:00,20.8,97,0.0,2.1,0.0,100
2022-04-15 03:00:00,20.7,100,0.0,1.46,0.0,100
2022-04-15 04:00:00,20.7,100,0.0,0.4,0.0,100
2022-04-15 05:00:00,22.2,87,4.0,0.73,0.0,100
2022-04-15 06:00:00,22.0,87,17.0,1.21,0.1,89
2022-04-15 07:00:00,22.4,84,185.0,1.64,0.0,77
2022-04-15 08:00:00,23.4,83,323.0,3.8,0.0,100
2022-04-15 09:00:00,24.6,80,426.0,2.0,0.0,11
2022-04-15 10:00:00,26.1,77,700.0,0.86,0.0,2
2022-04-15 11:00:00,27.4,74,801.0,1.58,0.0,6
2022-04-15 12:00:00,28.3,71,780.0,1.56,0.0,1
2022-04-15 13:00:00,28.2,73,715.0,2.86,0.0,4
2022-04-15 14:00:00,28.4,75,556.0,3.2,0.0,10
2022-04-15 15:00:00,28.3,77,389.0,2.06,0.0,19
2022-04-15 16:00:00,27.7,80,208.0,1.92,0.0,22
2022-04-15 17:00:00,26.5,89,52.0,1.63,0.0,38
2022-04-15 18:00:00,27.2,79,1.0,0.61,0.0,30
2022-04-15 19:00:00,25.1,90,0.0,1.3,0.0,11
2022-04-15 20:00:00,23.9,86,0.0,2.26,0.0,54
2022-04-15 21:00:00,23.4,90,0.0,1.2,0.0,9
2022-04-15 22:00:00,22.9,92,0.0,1.49,0.0,90
2022-04-15 23:00:00,23.2,86,0.0,1.92,0.0,96
2022-04-16 00:00:00,22.1,91,0.0,1.97,0.0,35
2022-04-16 01:00:00,21.7,94,0.0,1.8,0.0,77
2022-04-16 02:00:00,21.0,86,0.0,2.42,0.0,83
2022-04-16 03:00:00,20.6,90,0.0,1.36,0.0,59
2022-04-16 04:00:00,20.8,90,0.0,0.22,0.0,96
2022-04-16 05:00:00,21.8,86,5.0,0.81,0.0,100
2022-04-16 06:00:00,21.6,86,75.0,1.63,0.0,100
2022-04-16 07:00:00,22.1,81,188.0,1.24,0.0,65
2022-04-16 08:00:00,23.7,76,423.0,1.2,0.0,65
2022-04-16 09:00:00,25.3,73,569.0,0.58,0.0,35
2022-04-16 10:00:00,26.9,71,738.0,1.44,0.0,9
2022-04-16 11:00:00,28.2,68,782.0,2.21,0.0,19
2022-04-16 12:00:00,28.6,67,771.0,2.5,0.0,19
2022-04-16 13:00:00,28.5,69,700.0,2.02,0.0,24
2022-04-16 14:00:00,27.9,74,544.0,2.12,0.0,83
2022-04-16 15:00:00,27.5,76,352.0,0.4,0.0,34
2022-04-16 16:00:00,26.0,82,182.0,2.92,0.3,100
2022-04-16 17:00:00,27.1,81,48.0,2.19,0.0,15
2022-04-16 18:00:00,25.3,90,2.0,1.8,0.0,4
2022-04-16 19:00:00,24.4,92,0.0,1.63,0.0,4
2022-04-16 20:00:00,23.8,89,0.0,1.4,0.0,28
2022-04-16 21:00:00,23.5,83,0.0,2.88,0.0,16
2022-04-16 22:00:00,22.5,80,0.0,1.62,0.0,29
2022-04-16 23:00:00,21.7,85,0.0,1.12,0.0,20
2022-04-17 00:00:00,21.1,88,0.0,1.3,0.0,13
2022-04-17 01:00:00,20.2,87,0.0,1.02,0.0,0
2022-04-17 02:00:00,19.8,89,0.0,0.61,0.0,1
2022-04-17 03:00:00,19.3,93,0.0,0.51,0.0,4
2022-04-17 04:00:00,19.0,100,0.0,0.92,0.0,25
2022-04-17 05:00:00,22.3,82,7.0,2.25,0.0,100
2022-04-17 06:00:00,22.2,80,66.0,0.85,0.0,19
2022-04-17 07:00:00,23.1,77,244.0,1.43,0.0,14
2022-04-17 08:00:00,25.0,71,437.0,0.73,0.0,8
2022-04-17 09:00:00,26.1,68,613.0,0.58,0.0,11
2022-04-17 10:00:00,27.5,64,732.0,0.67,0.0,4
2022-04-17 11:00:00,28.6,62,784.0,0.2,0.0,2
2022-04-17 12:00:00,29.3,62,789.0,1.6,0.0,1
2022-04-17 13:00:00,29.5,63,715.0,2.02,0.0,4
2022-04-17 14:00:00,29.2,67,560.0,1.89,0.0,51
2022-04-17 15:00:00,27.8,71,353.0,2.82,0.0,30
2022-04-17 16:00:00,27.1,74,207.0,2.21,0.0,97
2022-04-17 17:00:00,26.8,79,34.0,2.0,5.1,99
2022-04-17 18:00:00,26.2,79,1.0,2.35,0.0,28
2022-04-17 19:00:00,25.6,83,0.0,2.84,0.0,7
2022-04-17 20:00:00,24.1,86,0.0,1.43,0.0,10
2022-04-17 21:00:00,23.2,88,0.0,2.5,0.0,57
2022-04-17 22:00:00,22.6,82,0.0,3.0,0.0,100
2022-04-17 23:00:00,22.6,79,0.0,3.4,0.0,76
2022-04-18 00:00:00,22.0,83,0.0,1.87,0.0,48
2022-04-18 01:00:00,20.8,86,0.0,2.92,0.0,63
2022-04-18 02:00:00,20.3,89,0.0,1.6,0.0,66
2022-04-18 03:00:00,20.6,85,0.0,2.02,0.0,94
2022-04-18 04:00:00,20.9,82,0.0,2.56,0.0,96
2022-04-18 05:00:00,21.6,88,4.0,3.08,0.0,100
2022-04-18 06:00:00,22.4,86,85.0,2.77,0.0,60
2022-04-18 07:00:00,23.1,85,200.0,3.49,0.0,64
2022-04-18 08:00:00,24.4,77,310.0,3.81,0.0,100
2022-04-18 09:00:00,23.9,80,177.0,3.89,0.2,63
2022-04-18 10:00:00,26.4,70,646.0,4.05,0.0,48
2022-04-18 11:00:00,27.4,67,692.0,3.94,0.0,100
2022-04-18 12:00:00,27.9,66,494.0,4.1,0.0,53
2022-04-18 13:00:00,28.5,65,650.0,3.88,0.0,47
2022-04-18 14:00:00,28.1,66,543.0,3.94,0.0,11
2022-04-18 15:00:00,28.0,66,398.0,3.44,0.0,15
2022-04-18 16:00:00,27.1,71,215.0,2.87,0.0,22
2022-04-18 17:00:00,25.9,75,62.0,2.44,0.0,67
2022-04-18 18:00:00,24.9,78,2.0,2.79,0.0,17
2022-04-18 19:00:00,24.1,81,0.0,2.11,0.0,69
2022-04-18 20:00:00,23.9,85,0.0,2.14,0.0,23
2022-04-18 21:00:00,23.4,87,0.0,2.38,0.0,10
2022-04-18 22:00:00,23.1,89,0.0,2.62,0.0,11
2022-04-18 23:00:00,22.7,89,0.0,2.56,0.0,13
2022-04-19 00:00:00,22.5,88,0.0,2.64,0.0,41
2022-04-19 01:00:00,22.2,89,0.0,2.48,0.0,40
2022-04-19 02:00:00,22.0,88,0.0,2.61,0.0,30
2022-04-19 03:00:00,21.6,90,0.0,2.4,0.1,82
2022-04-19 04:00:00,20.8,93,0.0,0.85,5.0,100
2022-04-19 05:00:00,22.7,89,2.0,1.71,0.1,38
2022-04-19 06:00:00,23.8,84,92.0,1.77,0.0,74
2022-04-19 07:00:00,24.5,81,202.0,1.84,0.0,98
2022-04-19 08:00:00,25.3,79,276.0,1.98,0.0,32
2022-04-19 09:00:00,27.3,72,582.0,1.8,0.0,10
2022-04-19 10:00:00,28.8,66,717.0,2.8,0.0,12
2022-04-19 11:00:00,29.9,63,716.0,2.12,0.0,56
2022-04-19 12:00:00,29.6,63,660.0,1.0,0.1,95
2022-04-19 13:00:00,29.3,64,425.0,0.78,0.0,57
2022-04-19 14:00:00,28.6,68,392.0,1.94,0.0,47
2022-04-19 15:00:00,28.7,69,341.0,1.79,0.0,70
2022-04-19 16:00:00,27.8,75,169.0,1.72,0.0,54
2022-04-19 17:00:00,27.5,71,63.0,0.81,0.0,84
2022-04-19 18:00:00,24.8,87,2.0,0.86,0.0,76
2022-04-19 19:00:00,22.5,95,0.0,0.36,6.6,99
2022-04-19 20:00:00,22.6,91,0.0,4.08,0.1,98
2022-04-19 21:00:00,21.8,95,0.0,2.73,1.3,100
2022-04-19 22:00:00,21.6,97,0.0,3.05,2.3,100
2022-04-19 23:00:00,21.6,96,0.0,1.75,3.6,100
2022-04-20 00:00:00,21.6,97,0.0,0.99,1.0,100
2022-04-20 01:00:00,21.5,98,0.0,1.9,0.3,100
2022-04-20 02:00:00,21.3,98,0.0,0.61,0.0,100
2022-04-20 03:00:00,21.2,99,0.0,3.82,0.0,100
2022-04-20 04:00:00,21.1,96,0.0,2.06,0.0,100
2022-04-20 05:00:00,21.3,97,6.0,3.4,0.2,100
2022-04-20 06:00:00,21.4,97,39.0,2.79,0.3,100
2022-04-20 07:00:00,22.0,93,94.0,2.69,1.3,100
2022-04-20 08:00:00,22.3,92,119.0,2.34,0.3,100
2022-04-20 09:00:00,22.5,92,167.0,3.2,0.3,100
2022-04-20 10:00:00,23.5,86,267.0,3.64,0.4,100
2022-04-20 11:00:00,24.6,82,355.0,3.01,0.2,100
2022-04-20 12:00:00,25.4,78,309.0,3.71,0.0,100
2022-04-20 13:00:00,26.4,74,361.0,1.82,0.0,100
2022-04-20 14:00:00,27.0,72,411.0,1.63,0.0,97
2022-04-20 15:00:00,27.4,70,325.0,1.49,0.0,46
2022-04-20 16:00:00,27.0,73,209.0,1.06,0.0,100
2022-04-20 17:00:00,24.6,83,64.0,1.1,0.0,86
2022-04-20 18:00:00,23.5,87,2.0,2.0,0.0,4
2022-04-20 19:00:00,22.3,93,0.0,1.79,0.0,2
2022-04-20 20:00:00,22.3,93,0.0,1.63,0.0,1
2022-04-20 21:00:00,22.2,94,0.0,1.48,0.0,0
2022-04-20 22:00:00,21.1,97,0.0,1.5,0.0,5
2022-04-20 23:00:00,21.4,97,0.0,1.0,0.0,4
2022-04-21 00:00:00,20.7,98,0.0,1.63,0.0,4
2022-04-21 01:00:00,20.1,100,0.0,1.5,0.0,13
2022-04-21 02:00:00,21.2,100,0.0,2.52,0.0,100
2022-04-21 03:00:00,21.2,99,0.0,2.55,0.0,100
2022-04-21 04:00:00,21.1,97,0.0,2.06,0.0,62
2022-04-21 05:00:00,21.4,93,9.0,1.72,0.0,5
2022-04-21 06:00:00,22.6,87,96.0,1.17,0.0,0
2022-04-21 07:00:00,24.2,81,269.0,0.71,0.0,0
2022-04-21 08:00:00,25.7,76,457.0,0.81,0.0,1
2022-04-21 09:00:00,27.0,72,624.0,0.78,0.0,0
2022-04-21 10:00:00,28.2,69,745.0,0.81,0.0,0
2022-04-21 11:00:00,29.2,67,806.0,0.92,0.0,0
2022-04-21 12:00:00,30.0,64,796.0,1.0,0.0,4
2022-04-21 13:00:00,30.4,61,711.0,1.28,0.0,10
2022-04-21 14:00:00,30.4,60,551.0,1.39,0.0,10
2022-04-21 15:00:00,30.2,59,391.0,1.51,0.0,25
2022-04-21 16:00:00,28.7,70,191.0,1.02,0.2,36
2022-04-21 17:00:00,26.8,79,66.0,1.42,0.0,5
2022-04-21 18:00:00,25.8,77,2.0,3.4,0.0,38
2022-04-21 19:00:00,24.9,76,0.0,2.79,0.0,15
2022-04-21 20:00:00,24.1,84,0.0,1.71,0.0,11
2022-04-21 21:00:00,23.8,87,0.0,1.7,0.0,6
2022-04-21 22:00:00,23.7,86,0.0,1.77,0.0,13
2022-04-21 23:00:00,23.7,84,0.0,2.01,0.0,31
2022-04-22 00:00:00,23.7,85,0.0,2.01,0.0,33
2022-04-22 01:00:00,23.6,86,0.0,2.1,0.0,36
2022-04-22 02:00:00,23.6,86,0.0,1.97,0.0,31
2022-04-22 03:00:00,22.4,92,0.0,2.2,0.0,29
2022-04-22 04:00:00,23.6,87,0.0,0.32,0.0,30
2022-04-22 05:00:00,23.7,93,10.0,0.41,0.0,31
2022-04-22 06:00:00,24.7,85,84.0,0.64,0.0,40
2022-04-22 07:00:00,26.1,78,238.0,0.51,0.0,29
2022-04-22 08:00:00,27.5,71,395.0,1.21,0.0,59
2022-04-22 09:00:00,27.8,68,479.0,1.28,0.0,92
2022-04-22 10:00:00,28.1,68,482.0,0.95,0.0,71
2022-04-22 11:00:00,28.3,69,615.0,0.76,0.0,77
2022-04-22 12:00:00,28.8,68,614.0,1.3,0.0,80
2022-04-22 13:00:00,28.8,69,562.0,0.82,0.3,65
2022-04-22 14:00:00,26.2,78,444.0,3.41,4.0,87
2022-04-22 15:00:00,24.7,87,224.0,2.25,0.4,77
2022-04-22 16:00:00,24.5,87,167.0,2.65,1.4,95
2022-04-22 17:00:00,26.2,85,43.0,0.91,1.5,100
2022-04-22 18:00:00,24.3,87,2.0,1.0,2.0,98
2022-04-22 19:00:00,23.7,93,0.0,1.66,0.9,100
2022-04-22 20:00:00,23.3,92,0.0,2.19,0.2,100
2022-04-22 21:00:00,22.9,90,0.0,1.63,0.5,92
2022-04-22 22:00:00,22.7,93,0.0,1.03,0.3,100
2022-04-22 23:00:00,22.7,94,0.0,1.08,0.4,100
2022-04-23 00:00:00,22.3,94,0.0,1.6,0.6,100
2022-04-23 01:00:00,21.9,95,0.0,1.7,1.2,100
2022-04-23 02:00:00,21.8,98,0.0,1.71,0.8,100
2022-04-23 03:00:00,21.7,98,0.0,1.48,0.6,91
2022-04-23 04:00:00,21.7,96,0.0,1.17,0.0,100
2022-04-23 05:00:00,22.2,97,3.0,3.78,0.3,100
2022-04-23 06:00:00,21.2,99,23.0,2.08,6.9,93
2022-04-23 07:00:00,22.4,90,181.0,2.92,1.3,98
2022-04-23 08:00:00,22.7,88,226.0,2.36,0.3,93
2022-04-23 09:00:00,23.0,89,377.0,2.6,0.6,61
2022-04-23 10:00:00,24.5,83,480.0,1.03,0.0,100
2022-04-23 11:00:00,25.7,81,435.0,0.61,0.0,100
2022-04-23 12:00:00,27.3,76,531.0,0.5,0.0,51
2022-04-23 13:00:00,28.3,75,626.0,1.66,0.0,47
2022-04-23 14:00:00,28.0,78,506.0,1.77,0.0,51
2022-04-23 15:00:00,28.1,78,369.0,2.95,0.0,74
2022-04-23 16:00:00,26.6,82,169.0,1.25,0.0,60
2022-04-23 17:00:00,25.5,86,64.0,1.64,0.0,51
2022-04-23 18:00:00,24.3,94,2.0,1.0,0.0,25
2022-04-23 19:00:00,24.0,97,0.0,0.92,0.0,22
2022-04-23 20:00:00,23.8,99,0.0,1.44,0.1,100
2022-04-23 21:00:00,24.4,92,0.0,0.58,0.1,33
2022-04-23 22:00:00,23.7,94,0.0,0.89,0.0,100
2022-04-23 23:00:00,23.4,95,0.0,1.26,0.0,100
2022-04-24 00:00:00,23.1,95,0.0,0.85,0.0,9
2022-04-24 01:00:00,21.5,99,0.0,1.0,0.0,33
2022-04-24 02:00:00,22.1,99,0.0,1.66,0.0,100
2022-04-24 03:00:00,22.2,96,0.0,2.73,0.0,58
2022-04-24 04:00:00,21.9,98,0.0,2.35,0.0,100
2022-04-24 05:00:00,23.1,94,4.0,3.04,0.0,100
2022-04-24 06:00:00,23.8,89,96.0,2.0,0.0,19
2022-04-24 07:00:00,24.6,81,275.0,2.8,0.0,37
2022-04-24 08:00:00,25.7,78,452.0,2.05,0.0,36
2022-04-24 09:00:00,27.2,74,619.0,1.84,0.0,5
2022-04-24 10:00:00,29.2,67,763.0,1.21,0.0,21
2022-04-24 11:00:00,30.1,65,832.0,1.53,0.0,1
2022-04-24 12:00:00,30.2,66,823.0,2.24,0.0,8
2022-04-24 13:00:00,29.9,69,739.0,1.71,0.0,19
2022-04-24 14:00:00,29.8,69,571.0,1.24,0.0,4
2022-04-24 15:00:00,30.1,68,423.0,0.81,0.0,5
2022-04-24 16:00:00,29.7,72,231.0,1.3,0.0,10
2022-04-24 17:00:00,27.9,80,73.0,1.9,0.0,14
2022-04-24 18:00:00,26.8,79,3.0,3.68,0.0,6
2022-04-24 19:00:00,26.2,80,0.0,3.18,0.0,3
2022-04-24 20:00:00,24.9,90,0.0,3.11,0.0,24
2022-04-24 21:00:00,24.5,92,0.0,2.52,0.0,1
2022-04-24 22:00:00,23.6,96,0.0,2.42,0.0,42
2022-04-24 23:00:00,22.6,88,0.0,2.48,0.0,65
2022-04-25 00:00:00,21.9,88,0.0,2.72,0.0,8
2022-04-25 01:00:00,21.9,89,0.0,2.52,0.0,9
2022-04-25 02:00:00,21.8,93,0.0,2.18,0.0,12
2022-04-25 03:00:00,21.6,93,0.0,1.78,0.0,8
2022-04-25 04:00:00,21.2,94,0.0,0.91,0.0,36
2022-04-25 05:00:00,21.8,95,12.0,1.43,0.0,56
2022-04-25 06:00:00,22.8,89,87.0,2.64,0.0,72
2022-04-25 07:00:00,23.9,85,191.0,3.21,0.0,100
2022-04-25 08:00:00,25.4,79,369.0,2.51,0.0,100
2022-04-25 09:00:00,26.8,74,482.0,1.97,0.0,67
2022-04-25 10:00:00,28.8,66,646.0,1.2,0.0,67
2022-04-25 11:00:00,30.1,62,774.0,1.39,0.0,0
2022-04-25 12:00:00,30.5,63,823.0,1.21,0.0,0
2022-04-25 13:00:00,30.9,63,753.0,2.11,0.0,1
2022-04-25 14:00:00,30.9,64,620.0,1.96,0.0,0
2022-04-25 15:00:00,30.4,66,439.0,2.05,0.0,0
2022-04-25 16:00:00,29.6,70,247.0,1.89,0.0,9
2022-04-25 17:00:00,27.8,86,75.0,1.66,0.0,3
2022-04-25 18:00:00,26.6,88,3.0,1.24,0.0,3
2022-04-25 19:00:00,26.6,86,0.0,2.28,0.0,8
2022-04-25 20:00:00,26.1,84,0.0,2.42,0.0,18
2022-04-25 21:00:00,23.9,91,0.0,4.36,0.8,66
2022-04-25 22:00:00,23.6,94,0.0,3.14,0.1,17
2022-04-25 23:00:00,23.3,94,0.0,2.4,0.0,7
2022-04-26 00:00:00,22.9,94,0.0,2.47,0.0,69
2022-04-26 01:00:00,22.7,94,0.0,1.73,0.0,51
2022-04-26 02:00:00,22.5,94,0.0,2.16,0.0,38
2022-04-26 03:00:00,22.1,96,0.0,1.97,0.0,62
2022-04-26 04:00:00,21.9,98,0.0,1.34,0.0,100
2022-04-26 05:00:00,22.9,97,9.0,2.2,0.0,100
2022-04-26 06:00:00,23.7,92,102.0,2.11,0.0,54
2022-04-26 07:00:00,24.3,88,184.0,3.81,0.1,20
2022-04-26 08:00:00,26.0,79,466.0,3.55,0.0,52
2022-04-26 09:00:00,26.7,76,470.0,3.77,0.0,16
2022-04-26 10:00:00,28.5,68,722.0,3.8,0.0,25
2022-04-26 11:00:00,29.5,64,726.0,3.36,0.0,67
2022-04-26 12:00:00,30.2,62,758.0,2.62,0.0,100
2022-04-26 13:00:00,29.8,64,670.0,3.64,0.0,1
2022-04-26 14:00:00,29.7,64,571.0,2.91,0.0,5
2022-04-26 15:00:00,29.6,65,425.0,2.75,0.0,4
2022-04-26 16:00:00,29.0,68,236.0,1.42,0.0,4
2022-04-26 17:00:00,27.6,81,80.0,1.39,0.0,16
2022-04-26 18:00:00,26.6,83,3.0,1.35,0.0,32
2022-04-26 19:00:00,26.0,86,0.0,2.32,0.0,73
2022-04-26 20:00:00,24.2,84,0.0,3.72,0.2,44
2022-04-26 21:00:00,24.0,91,0.0,2.82,0.0,53
2022-04-26 22:00:00,23.2,91,0.0,2.1,0.2,76
2022-04-26 23:00:00,22.8,92,0.0,3.81,2.2,100
2022-04-27 00:00:00,22.3,94,0.0,3.92,3.4,100
2022-04-27 01:00:00,22.5,95,0.0,1.41,0.8,87
2022-04-27 02:00:00,21.9,96,0.0,1.84,3.2,100
2022-04-27 03:00:00,22.2,94,0.0,1.98,0.0,100
2022-04-27 04:00:00,22.0,95,0.0,2.56,0.0,100
2022-04-27 05:00:00,22.2,96,7.0,2.83,0.0,100
2022-04-27 06:00:00,23.1,90,116.0,3.32,0.0,77
2022-04-27 07:00:00,24.4,84,219.0,2.6,0.0,100
2022-04-27 08:00:00,25.7,78,348.0,2.86,0.0,100
2022-04-27 09:00:00,27.4,70,572.0,2.88,0.0,61
2022-04-27 10:00:00,28.9,63,663.0,2.26,0.0,57
2022-04-27 11:00:00,29.9,59,764.0,1.49,0.0,40
2022-04-27 12:00:00,30.4,57,744.0,2.0,0.0,61
2022-04-27 13:00:00,29.6,60,680.0,4.12,0.0,54
2022-04-27 14:00:00,29.5,64,523.0,3.41,0.0,45
2022-04-27 15:00:00,27.2,75,357.0,3.03,0.0,35
2022-04-27 16:00:00,25.9,76,221.0,3.86,0.0,100
2022-04-27 17:00:00,26.3,87,37.0,1.1,0.0,98
2022-04-27 18:00:00,25.1,89,3.0,1.27,0.0,72
2022-04-27 19:00:00,24.5,84,0.0,3.28,0.0,41
2022-04-27 20:00:00,23.5,84,0.0,3.45,0.0,17
2022-04-27 21:00:00,23.1,88,0.0,3.48,0.0,15
2022-04-27 22:00:00,22.9,91,0.0,3.24,0.0,1
2022-04-27 23:00:00,22.5,93,0.0,3.61,0.0,34
2022-04-28 00:00:00,22.0,94,0.0,3.38,0.0,55
2022-04-28 01:00:00,21.8,96,0.0,3.01,0.0,52
2022-04-28 02:00:00,21.7,97,0.0,3.22,0.1,100
2022-04-28 03:00:00,21.9,93,0.0,3.58,0.2,100
2022-04-28 04:00:00,22.3,93,0.0,2.4,0.2,83
2022-04-28 05:00:00,22.1,91,13.0,2.06,0.2,78
2022-04-28 06:00:00,22.7,89,84.0,3.49,0.2,35
2022-04-28 07:00:00,24.1,84,245.0,4.5,0.0,92
2022-04-28 08:00:00,25.8,78,376.0,3.98,0.0,97
2022-04-28 09:00:00,26.9,76,488.0,4.16,0.0,48
2022-04-28 10:00:00,28.7,70,740.0,3.58,0.0,22
2022-04-28 11:00:00,29.8,65,754.0,3.81,0.0,54
2022-04-28 12:00:00,30.5,64,780.0,3.81,0.0,3
2022-04-28 13:00:00,31.0,63,739.0,3.22,0.0,1
2022-04-28 14:00:00,31.2,63,609.0,2.86,0.0,2
2022-04-28 15:00:00,30.6,65,431.0,3.32,0.0,15
2022-04-28 16:00:00,29.5,71,236.0,2.9,0.0,12
2022-04-28 17:00:00,28.2,77,78.0,1.84,0.0,42
2022-04-28 18:00:00,26.7,83,3.0,1.48,0.0,5
2022-04-28 19:00:00,25.9,87,0.0,1.5,0.0,4
2022-04-28 20:00:00,25.8,87,0.0,1.73,0.0,6
2022-04-28 21:00:00,25.5,87,0.0,1.8,0.0,3
2022-04-28 22:00:00,24.7,92,0.0,1.3,0.0,1
2022-04-28 23:00:00,24.4,94,0.0,1.41,0.0,11
2022-04-29 00:00:00,24.1,95,0.0,1.32,0.0,48
2022-04-29 01:00:00,24.2,94,0.0,1.53,0.0,45
2022-04-29 02:00:00,23.9,94,0.0,1.46,0.0,37
2022-04-29 03:00:00,23.5,94,0.0,2.48,0.0,44
2022-04-29 04:00:00,23.1,96,0.0,1.14,0.0,95
2022-04-29 05:00:00,24.0,98,7.0,0.45,1.8,69
2022-04-29 06:00:00,25.3,91,113.0,1.75,0.1,52
2022-04-29 07:00:00,25.6,85,209.0,3.98,0.2,68
2022-04-29 08:00:00,26.6,79,273.0,0.86,0.7,100
2022-04-29 09:00:00,26.7,79,222.0,1.49,2.9,99
2022-04-29 10:00:00,26.4,81,225.0,0.72,0.2,98
2022-04-29 11:00:00,28.4,76,685.0,0.45,0.0,99
2022-04-29 12:00:00,29.6,68,747.0,0.71,0.0,23
2022-04-29 13:00:00,30.9,61,697.0,1.17,0.0,52
2022-04-29 14:00:00,31.2,61,593.0,1.3,0.0,89
2022-04-29 15:00:00,29.9,67,341.0,1.56,0.5,100
2022-04-29 16:00:00,29.0,73,149.0,1.84,0.0,98
2022-04-29 17:00:00,27.5,78,62.0,2.55,0.0,63
2022-04-29 18:00:00,22.6,94,2.0,2.88,6.4,100
2022-04-29 19:00:00,23.5,93,0.0,2.51,0.6,100
2022-04-29 20:00:00,23.9,93,0.0,1.14,0.5,100
2022-04-29 21:00:00,23.8,96,0.0,4.44,0.4,100
2022-04-29 22:00:00,22.8,96,0.0,2.7,0.0,100
2022-04-29 23:00:00,22.9,93,0.0,2.51,0.0,100
2022-04-30 00:00:00,23.2,93,0.0,3.44,0.0,3
2022-04-30 01:00:00,22.6,96,0.0,2.62,0.0,60
2022-04-30 02:00:00,22.2,97,0.0,4.47,0.0,100
2022-04-30 03:00:00,22.3,94,0.0,3.61,0.0,100
2022-04-30 04:00:00,22.4,92,0.0,2.6,2.2,100
2022-04-30 05:00:00,21.9,91,2.0,1.06,3.8,100
2022-04-30 06:00:00,21.8,93,7.0,3.67,2.5,100
2022-04-30 07:00:00,22.3,90,82.0,3.58,1.1,100
2022-04-30 08:00:00,22.6,90,102.0,4.53,1.2,100
2022-04-30 09:00:00,23.6,85,255.0,5.26,0.5,75
2022-04-30 10:00:00,25.6,75,611.0,5.43,0.2,100
2022-04-30 11:00:00,25.1,79,285.0,4.63,0.0,96
2022-04-30 12:00:00,25.5,76,421.0,4.31,0.0,100
2022-04-30 13:00:00,24.4,83,175.0,4.22,0.1,53
2022-04-30 14:00:00,26.2,75,524.0,4.55,0.0,100
2022-04-30 15:00:00,25.7,77,258.0,3.86,0.0,58
2022-04-30 16:00:00,25.3,79,213.0,3.67,0.0,53
2022-04-30 17:00:00,23.0,85,72.0,3.2,0.0,20
2022-04-30 18:00:00,22.8,87,1.0,3.69,0.1,100
2022-04-30 19:00:00,22.5,87,0.0,4.16,0.1,100
2022-04-30 20:00:00,22.2,88,0.0,4.06,0.0,100
2022-04-30 21:00:00,22.0,88,0.0,3.54,0.0,98
2022-04-30 22:00:00,21.6,88,0.0,2.82,0.0,100
2022-04-30 23:00:00,21.3,90,0.0,3.14,0.0,62
2022-05-01 00:00:00,20.9,92,0.0,2.28,0.0,47
2022-05-01 01:00:00,20.6,94,0.0,1.8,0.0,32
2022-05-01 02:00:00,20.6,94,0.0,1.71,0.0,99
2022-05-01 03:00:00,20.8,92,0.0,2.92,0.0,100
2022-05-01 04:00:00,20.7,92,0.0,3.04,0.3,100
2022-05-01 05:00:00,21.1,93,5.0,1.56,0.3,98
2022-05-01 06:00:00,21.8,89,71.0,2.51,0.0,100
2022-05-01 07:00:00,22.6,88,119.0,2.16,0.1,99
2022-05-01 08:00:00,24.2,83,337.0,2.82,0.0,39
2022-05-01 09:00:00,25.9,79,581.0,2.69,0.0,12
2022-05-01 10:00:00,27.4,73,776.0,2.42,0.0,30
2022-05-01 11:00:00,28.0,70,744.0,1.81,0.1,40
2022-05-01 12:00:00,28.1,68,501.0,1.77,0.1,99
2022-05-01 13:00:00,28.2,68,397.0,1.2,0.0,41
2022-05-01 14:00:00,28.8,65,575.0,1.5,0.0,12
2022-05-01 15:00:00,28.4,67,419.0,0.99,0.5,48
2022-05-01 16:00:00,27.9,69,202.0,0.8,0.0,24
2022-05-01 17:00:00,25.8,80,80.0,1.43,0.0,11
2022-05-01 18:00:00,24.4,86,4.0,1.9,0.0,10
2022-05-01 19:00:00,23.7,86,0.0,1.43,0.0,39
2022-05-01 20:00:00,22.8,90,0.0,1.66,0.0,35
2022-05-01 21:00:00,22.3,92,0.0,0.98,0.0,33
2022-05-01 22:00:00,22.9,90,0.0,0.81,0.0,100
2022-05-01 23:00:00,23.0,92,0.0,0.89,0.0,26
2022-05-02 00:00:00,21.7,97,0.0,1.49,0.0,12
2022-05-02 01:00:00,21.0,98,0.0,1.75,0.0,9
2022-05-02 02:00:00,21.3,98,0.0,1.61,0.0,14
2022-05-02 03:00:00,21.1,98,0.0,1.3,0.0,22
2022-05-02 04:00:00,21.0,96,0.0,1.53,0.0,12
2022-05-02 05:00:00,22.9,92,17.0,0.89,0.0,54
2022-05-02 06:00:00,22.5,95,35.0,1.68,3.6,100
2022-05-02 07:00:00,22.5,96,37.0,1.08,1.4,100
2022-05-02 08:00:00,23.2,94,145.0,1.0,0.8,100
2022-05-02 09:00:00,24.0,89,303.0,2.64,1.4,100
2022-05-02 10:00:00,23.5,92,103.0,1.21,0.6,100
2022-05-02 11:00:00,25.3,84,483.0,3.54,0.1,99
2022-05-02 12:00:00,24.1,89,284.0,1.39,0.8,100
2022-05-02 13:00:00,25.0,86,405.0,1.66,0.4,85
2022-05-02 14:00:00,26.3,80,584.0,0.86,0.0,98
2022-05-02 15:00:00,26.9,75,411.0,1.17,0.0,19
2022-05-02 16:00:00,27.1,74,254.0,1.04,0.0,7
2022-05-02 17:00:00,24.8,76,85.0,2.84,0.0,14
2022-05-02 18:00:00,23.4,82,5.0,1.96,0.0,7
2022-05-02 19:00:00,22.6,90,0.0,1.61,0.0,4
2022-05-02 20:00:00,21.9,95,0.0,1.71,0.0,34
2022-05-02 21:00:00,23.1,90,0.0,0.73,0.0,59
2022-05-02 22:00:00,21.8,96,0.0,1.26,0.0,40
2022-05-02 23:00:00,21.7,98,0.0,1.3,0.0,5
2022-05-03 00:00:00,21.7,98,0.0,1.87,0.0,15
2022-05-03 01:00:00,21.6,98,0.0,2.16,0.0,56
2022-05-03 02:00:00,21.6,96,0.0,2.43,0.0,26
2022-05-03 03:00:00,21.6,97,0.0,2.86,0.0,33
2022-05-03 04:00:00,21.7,96,0.0,2.75,0.0,67
2022-05-03 05:00:00,22.8,93,14.0,2.88,0.0,99
2022-05-03 06:00:00,23.8,89,104.0,3.11,0.0,96
2022-05-03 07:00:00,25.2,82,303.0,3.74,0.0,100
2022-05-03 08:00:00,26.4,76,407.0,3.86,0.0,100
2022-05-03 09:00:00,27.7,70,557.0,3.76,0.0,97
2022-05-03 10:00:00,28.9,65,634.0,3.72,0.0,99
2022-05-03 11:00:00,29.4,64,691.0,3.09,0.0,100
2022-05-03 12:00:00,29.8,64,720.0,2.97,0.0,100
2022-05-03 13:00:00,30.4,62,627.0,3.1,0.0,53
2022-05-03 14:00:00,29.8,64,530.0,2.97,0.1,40
2022-05-03 15:00:00,29.6,64,403.0,2.94,0.0,47
2022-05-03 16:00:00,28.4,72,210.0,2.12,0.6,84
2022-05-03 17:00:00,22.9,90,73.0,4.56,1.6,99
2022-05-03 18:00:00,22.5,92,1.0,2.2,2.1,100
2022-05-03 19:00:00,21.8,96,0.0,3.48,1.9,100
2022-05-03 20:00:00,21.7,96,0.0,3.26,1.3,100
2022-05-03 21:00:00,21.9,94,0.0,3.41,0.7,100
2022-05-03 22:00:00,22.3,92,0.0,3.21,0.1,100
2022-05-03 23:00:00,22.1,94,0.0,2.8,0.0,100
2022-05-04 00:00:00,22.0,93,0.0,2.61,0.0,100
2022-05-04 01:00:00,22.1,91,0.0,2.93,0.1,95
2022-05-04 02:00:00,21.7,91,0.0,3.42,0.0,61
2022-05-04 03:00:00,21.5,91,0.0,3.5,0.0,100
2022-05-04 04:00:00,21.3,93,0.0,2.9,0.0,100
2022-05-04 05:00:00,21.7,90,10.0,3.44,0.0,96
2022-05-04 06:00:00,22.4,88,71.0,4.1,0.0,100
2022-05-04 07:00:00,22.6,88,116.0,4.04,0.0,100
2022-05-04 08:00:00,23.8,83,244.0,4.0,0.0,56
2022-05-04 09:00:00,25.8,75,512.0,4.08,0.0,66
2022-05-04 10:00:00,27.3,68,699.0,4.31,0.0,65
2022-05-04 11:00:00,28.3,64,760.0,4.7,0.0,19
2022-05-04 12:00:00,28.9,62,808.0,4.79,0.0,16
2022-05-04 13:00:00,29.1,61,714.0,4.62,0.0,12
2022-05-04 14:00:00,28.7,62,582.0,4.75,0.0,21
2022-05-04 15:00:00,28.4,62,418.0,4.81,0.0,1
2022-05-04 16:00:00,27.6,64,249.0,4.18,0.0,23
2022-05-04 17:00:00,26.2,71,87.0,1.96,0.0,16
2022-05-04 18:00:00,25.1,75,5.0,2.38,0.0,10
2022-05-04 19:00:00,24.5,76,0.0,2.81,0.0,16
2022-05-04 20:00:00,23.8,79,0.0,2.5,0.0,12
2022-05-04 21:00:00,23.0,84,0.0,1.77,0.0,6
2022-05-04 22:00:00,22.5,88,0.0,2.16,0.0,0
2022-05-04 23:00:00,22.2,90,0.0,2.01,0.0,0
2022-05-05 00:00:00,22.0,91,0.0,2.5,0.0,0
2022-05-05 01:00:00,21.7,93,0.0,2.01,0.0,0
2022-05-05 02:00:00,20.9,96,0.0,1.53,0.0,0
2022-05-05 03:00:00,20.8,97,0.0,1.24,0.0,4
2022-05-05 04:00:00,21.1,97,0.0,1.7,0.0,1
2022-05-05 05:00:00,22.0,94,20.0,2.35,0.0,2
2022-05-05 06:00:00,23.3,88,139.0,2.24,0.0,2
2022-05-05 07:00:00,24.9,84,323.0,2.79,0.0,0
2022-05-05 08:00:00,26.7,76,508.0,3.3,0.0,0
2022-05-05 09:00:00,28.2,69,685.0,3.83,0.0,0
2022-05-05 10:00:00,29.5,63,803.0,3.86,0.0,1
2022-05-05 11:00:00,30.2,60,856.0,3.49,0.0,2
2022-05-05 12:00:00,30.7,56,841.0,3.14,0.0,2
2022-05-05 13:00:00,31.1,53,761.0,2.84,0.0,11
2022-05-05 14:00:00,31.1,54,615.0,2.37,0.0,23
2022-05-05 15:00:00,30.8,54,432.0,1.46,0.0,23
2022-05-05 16:00:00,29.9,65,243.0,0.5,0.0,18
2022-05-05 17:00:00,29.7,56,90.0,0.51,0.0,25
2022-05-05 18:00:00,28.6,60,5.0,0.64,0.0,7
2022-05-05 19:00:00,26.8,71,0.0,1.2,0.0,3
2022-05-05 20:00:00,24.6,86,0.0,2.09,0.0,1
2022-05-05 21:00:00,24.3,88,0.0,1.62,0.0,4
2022-05-05 22:00:00,23.6,94,0.0,1.57,0.0,7
2022-05-05 23:00:00,22.9,97,0.0,1.53,0.0,41
2022-05-06 00:00:00,22.8,98,0.0,1.4,0.0,97
2022-05-06 01:00:00,22.6,98,0.0,1.51,0.0,35
2022-05-06 02:00:00,22.2,99,0.0,1.7,0.0,3
2022-05-06 03:00:00,22.5,99,0.0,1.4,0.0,87
2022-05-06 04:00:00,22.5,98,0.0,1.4,0.0,92
2022-05-06 05:00:00,23.0,99,21.0,1.66,0.0,59
2022-05-06 06:00:00,24.8,87,126.0,1.94,0.0,39
2022-05-06 07:00:00,26.7,78,302.0,0.63,0.0,85
2022-05-06 08:00:00,27.9,75,494.0,1.36,0.0,50
2022-05-06 09:00:00,29.3,68,667.0,1.55,0.0,13
2022-05-06 10:00:00,30.6,64,796.0,1.57,0.0,2
2022-05-06 11:00:00,31.1,61,848.0,1.94,0.0,18
2022-05-06 12:00:00,31.7,59,765.0,2.15,0.0,24
2022-05-06 13:00:00,32.0,57,701.0,1.36,0.0,15
2022-05-06 14:00:00,30.8,62,536.0,2.2,0.4,71
2022-05-06 15:00:00,30.9,62,343.0,1.8,0.0,24
2022-05-06 16:00:00,30.6,65,255.0,1.08,0.0,26
2022-05-06 17:00:00,28.3,75,84.0,2.81,0.0,22
2022-05-06 18:00:00,27.0,75,5.0,3.23,0.0,100
2022-05-06 19:00:00,25.9,87,0.0,1.6,0.0,81
2022-05-06 20:00:00,25.0,87,0.0,3.18,3.6,88
2022-05-06 21:00:00,24.3,89,0.0,2.6,0.2,99
2022-05-06 22:00:00,24.3,91,0.0,1.3,0.0,99
2022-05-06 23:00:00,23.9,96,0.0,0.99,0.0,95
2022-05-07 00:00:00,23.7,98,0.0,1.14,0.0,100
2022-05-07 01:00:00,23.9,99,0.0,0.22,0.0,100
2022-05-07 02:00:00,23.7,100,0.0,0.28,0.0,100
2022-05-07 03:00:00,23.3,100,0.0,0.91,0.0,100
2022-05-07 04:00:00,23.4,100,0.0,1.02,0.0,100
2022-05-07 05:00:00,24.5,99,22.0,0.28,0.0,88
2022-05-07 06:00:00,26.3,89,147.0,1.65,0.0,43
2022-05-07 07:00:00,27.3,78,325.0,2.75,0.0,10
2022-05-07 08:00:00,28.5,72,482.0,1.91,0.0,49
2022-05-07 09:00:00,26.1,82,598.0,4.4,0.5,87
2022-05-07 10:00:00,27.5,78,512.0,1.4,0.0,21
2022-05-07 11:00:00,29.3,73,809.0,0.67,0.2,32
2022-05-07 12:00:00,30.0,69,799.0,0.71,0.0,11
2022-05-07 13:00:00,30.7,66,741.0,0.45,0.0,6
2022-05-07 14:00:00,31.2,64,614.0,0.61,0.0,10
2022-05-07 15:00:00,30.4,66,446.0,0.67,0.5,47
2022-05-07 16:00:00,29.9,68,244.0,0.76,0.1,40
2022-05-07 17:00:00,28.7,78,75.0,1.22,0.0,23
2022-05-07 18:00:00,27.2,85,5.0,1.49,0.0,13
2022-05-07 19:00:00,26.7,88,0.0,1.41,0.0,15
2022-05-07 20:00:00,26.2,90,0.0,1.3,0.0,12
2022-05-07 21:00:00,25.9,92,0.0,1.21,0.0,4
2022-05-07 22:00:00,25.4,95,0.0,1.25,0.0,5
2022-05-07 23:00:00,25.1,95,0.0,1.25,0.0,6
2022-05-08 00:00:00,24.5,96,0.0,1.2,0.0,5
2022-05-08 01:00:00,23.9,98,0.0,0.85,0.0,4
2022-05-08 02:00:00,23.5,99,0.0,0.58,0.0,4
2022-05-08 03:00:00,23.6,100,0.0,0.45,0.0,100
2022-05-08 04:00:00,23.6,100,0.0,0.78,0.0,99
2022-05-08 05:00:00,24.5,97,20.0,0.73,0.0,100
2022-05-08 06:00:00,26.5,88,149.0,0.22,0.0,2
2022-05-08 07:00:00,28.5,76,336.0,0.86,0.0,1
2022-05-08 08:00:00,29.6,72,518.0,1.2,0.0,0
2022-05-08 09:00:00,31.1,67,695.0,0.72,0.0,2
2022-05-08 10:00:00,30.7,67,819.0,3.11,0.2,29
2022-05-08 11:00:00,30.0,70,572.0,2.2,0.0,32
2022-05-08 12:00:00,31.6,64,734.0,0.89,0.0,10
2022-05-08 13:00:00,32.4,59,747.0,0.36,0.0,16
2022-05-08 14:00:00,32.7,56,626.0,1.55,0.0,8
2022-05-08 15:00:00,31.6,58,444.0,2.4,0.1,49
2022-05-08 16:00:00,30.7,67,209.0,1.6,0.0,22
2022-05-08 17:00:00,30.7,61,92.0,0.1,0.0,3
2022-05-08 18:00:00,27.7,83,6.0,1.73,0.0,10
2022-05-08 19:00:00,26.8,90,0.0,2.1,0.0,10
2022-05-08 20:00:00,27.7,84,0.0,0.81,0.0,9
2022-05-08 21:00:00,26.9,90,0.0,0.71,0.0,11
2022-05-08 22:00:00,25.7,96,0.0,0.78,0.0,18
2022-05-08 23:00:00,25.6,95,0.0,1.56,0.2,11
2022-05-09 00:00:00,25.5,92,0.0,2.08,0.0,16
2022-05-09 01:00:00,25.1,91,0.0,1.71,0.0,18
2022-05-09 02:00:00,24.8,90,0.0,2.28,0.0,2
2022-05-09 03:00:00,24.0,96,0.0,1.1,0.0,9
2022-05-09 04:00:00,23.9,98,0.0,1.9,0.0,65
2022-05-09 05:00:00,24.7,93,22.0,2.21,0.0,95
2022-05-09 06:00:00,25.7,84,136.0,0.63,0.0,9
2022-05-09 07:00:00,27.2,80,328.0,1.4,0.0,10
2022-05-09 08:00:00,28.9,73,516.0,2.19,0.0,6
2022-05-09 09:00:00,30.5,68,680.0,1.84,0.0,2
2022-05-09 10:00:00,31.3,65,778.0,1.25,0.0,12
2022-05-09 11:00:00,32.1,62,790.0,0.61,0.1,31
2022-05-09 12:00:00,32.9,57,790.0,1.39,0.0,28
2022-05-09 13:00:00,32.7,55,640.0,2.26,0.0,47
2022-05-09 14:00:00,32.6,54,589.0,2.84,0.0,20
2022-05-09 15:00:00,31.5,60,427.0,3.35,0.0,24
2022-05-09 16:00:00,30.8,65,249.0,2.22,0.0,61
2022-05-09 17:00:00,29.9,72,82.0,1.82,0.0,36
2022-05-09 18:00:00,29.6,75,2.0,2.51,0.0,99
2022-05-09 19:00:00,29.3,75,0.0,2.88,0.0,100
2022-05-09 20:00:00,28.9,74,0.0,3.79,0.0,100
2022-05-09 21:00:00,27.8,76,0.0,3.16,0.0,58
2022-05-09 22:00:00,26.8,79,0.0,2.45,0.0,100
2022-05-09 23:00:00,26.3,83,0.0,1.99,0.0,100
2022-05-10 00:00:00,26.0,86,0.0,2.2,0.4,100
2022-05-10 01:00:00,25.7,90,0.0,2.08,0.5,100
2022-05-10 02:00:00,25.5,92,0.0,1.97,0.1,33
2022-05-10 03:00:00,25.2,93,0.0,2.12,0.0,54
2022-05-10 04:00:00,25.0,92,0.0,1.57,0.0,100
2022-05-10 05:00:00,25.8,88,7.0,1.97,0.0,100
2022-05-10 06:00:00,26.6,82,113.0,1.93,0.0,26
2022-05-10 07:00:00,27.5,77,262.0,2.01,0.0,99
2022-05-10 08:00:00,27.8,75,233.0,1.49,0.0,100
2022-05-10 09:00:00,28.0,74,193.0,1.36,0.0,100
2022-05-10 10:00:00,27.6,78,117.0,1.17,0.1,100
2022-05-10 11:00:00,28.6,74,284.0,0.14,0.0,100
2022-05-10 12:00:00,29.3,73,467.0,0.5,0.0,99
2022-05-10 13:00:00,29.2,74,377.0,0.61,0.0,75
2022-05-10 14:00:00,29.9,70,499.0,0.45,0.0,100
2022-05-10 15:00:00,29.5,71,215.0,0.72,0.1,94
2022-05-10 16:00:00,28.7,76,119.0,1.39,0.0,64
2022-05-10 17:00:00,27.7,82,60.0,1.52,0.8,48
2022-05-10 18:00:00,26.6,89,6.0,2.26,0.0,18
2022-05-10 19:00:00,26.0,91,0.0,2.88,0.0,57
2022-05-10 20:00:00,25.1,90,0.0,2.01,0.1,35
2022-05-10 21:00:00,24.6,91,0.0,1.03,0.0,18
2022-05-10 22:00:00,24.3,92,0.0,1.0,0.0,25
2022-05-10 23:00:00,24.2,93,0.0,1.08,0.0,96
2022-05-11 00:00:00,24.4,91,0.0,0.81,0.1,28
2022-05-11 01:00:00,24.0,92,0.0,0.41,0.1,100
2022-05-11 02:00:00,23.8,93,0.0,0.36,0.1,55
2022-05-11 03:00:00,23.4,93,0.0,1.51,0.1,100
2022-05-11 04:00:00,23.2,92,0.0,1.22,0.1,52
2022-05-11 05:00:00,24.1,91,15.0,1.14,0.0,100
2022-05-11 06:00:00,24.5,89,100.0,1.92,0.1,100
2022-05-11 07:00:00,24.5,89,155.0,2.62,0.1,100
2022-05-11 08:00:00,25.4,86,196.0,1.3,0.2,81
2022-05-11 09:00:00,27.0,79,459.0,1.9,0.1,100
2022-05-11 10:00:00,28.0,77,473.0,2.2,0.0,100
2022-05-11 11:00:00,28.7,75,581.0,2.47,0.0,78
2022-05-11 12:00:00,30.0,73,735.0,2.65,0.0,21
2022-05-11 13:00:00,30.2,74,689.0,3.21,0.1,56
2022-05-11 14:00:00,28.3,78,597.0,5.12,1.3,84
2022-05-11 15:00:00,28.2,79,264.0,2.2,0.1,14
2022-05-11 16:00:00,28.7,78,245.0,1.24,0.0,26
2022-05-11 17:00:00,27.4,83,91.0,2.06,0.0,37
2022-05-11 18:00:00,25.9,91,6.0,1.4,0.0,20
2022-05-11 19:00:00,25.6,92,0.0,0.78,0.0,36
2022-05-11 20:00:00,25.6,94,0.0,1.5,0.0,27
2022-05-11 21:00:00,24.6,94,0.0,1.12,0.0,46
2022-05-11 22:00:00,24.1,95,0.0,0.61,0.0,35
2022-05-11 23:00:00,23.9,95,0.0,0.81,0.0,100
2022-05-12 00:00:00,23.9,96,0.0,0.32,0.0,100
2022-05-12 01:00:00,23.9,92,0.0,0.67,0.0,100
2022-05-12 02:00:00,23.8,91,0.0,1.68,0.1,100
2022-05-12 03:00:00,23.8,89,0.0,1.5,0.2,100
2022-05-12 04:00:00,23.7,90,0.0,1.22,1.3,100
2022-05-12 05:00:00,23.7,96,7.0,1.06,0.2,100
2022-05-12 06:00:00,24.7,91,112.0,0.81,0.0,100
2022-05-12 07:00:00,25.2,89,145.0,1.26,0.0,100
2022-05-12 08:00:00,26.0,87,313.0,2.28,0.0,100
2022-05-12 09:00:00,26.6,85,317.0,2.14,0.0,100
2022-05-12 10:00:00,28.1,78,514.0,2.46,0.0,100
2022-05-12 11:00:00,29.6,75,750.0,3.01,0.0,100
2022-05-12 12:00:00,27.5,84,387.0,2.91,0.9,100
2022-05-12 13:00:00,28.4,83,555.0,2.31,0.2,2
2022-05-12 14:00:00,29.6,79,632.0,2.15,0.0,14
2022-05-12 15:00:00,27.7,83,437.0,2.31,1.5,39
2022-05-12 16:00:00,28.0,82,224.0,2.01,0.1,68
2022-05-12 17:00:00,28.3,85,75.0,0.82,0.2,22
2022-05-12 18:00:00,26.9,88,6.0,1.3,0.0,14
2022-05-12 19:00:00,25.1,96,0.0,5.19,0.6,99
2022-05-12 20:00:00,23.8,95,0.0,1.52,0.4,77
2022-05-12 21:00:00,23.9,96,0.0,1.17,0.1,73
2022-05-12 22:00:00,23.7,97,0.0,1.17,0.0,100
2022-05-12 23:00:00,23.7,95,0.0,1.73,0.0,100
2022-05-13 00:00:00,23.8,94,0.0,2.16,0.0,100
2022-05-13 01:00:00,23.6,94,0.0,2.46,0.0,100
2022-05-13 02:00:00,23.5,94,0.0,2.33,0.0,100
2022-05-13 03:00:00,23.3,96,0.0,0.78,0.4,100
2022-05-13 04:00:00,23.5,95,0.0,1.12,0.5,100
2022-05-13 05:00:00,24.0,96,9.0,2.13,1.5,100
2022-05-13 06:00:00,24.3,96,74.0,0.63,2.3,100
2022-05-13 07:00:00,24.3,96,43.0,1.96,2.5,100
2022-05-13 08:00:00,24.6,94,60.0,3.9,5.2,100
2022-05-13 09:00:00,24.8,94,108.0,3.9,3.4,100
2022-05-13 10:00:00,25.0,93,99.0,3.83,3.9,100
2022-05-13 11:00:00,25.3,93,131.0,2.48,4.7,100
2022-05-13 12:00:00,25.3,93,141.0,1.58,7.5,100
2022-05-13 13:00:00,25.4,92,113.0,0.81,2.5,100
2022-05-13 14:00:00,25.4,91,127.0,1.0,1.3,100
2022-05-13 15:00:00,25.2,91,144.0,0.41,1.8,100
2022-05-13 16:00:00,24.7,94,89.0,1.26,2.3,100
2022-05-13 17:00:00,25.2,91,25.0,1.81,0.5,48
2022-05-13 18:00:00,24.0,97,6.0,1.7,2.1,96
2022-05-13 19:00:00,24.0,97,0.0,0.45,0.1,57
2022-05-13 20:00:00,23.8,97,0.0,1.03,0.0,63
2022-05-13 21:00:00,24.1,94,0.0,0.36,0.0,100
2022-05-13 22:00:00,23.6,96,0.0,1.3,0.0,100
2022-05-13 23:00:00,23.3,97,0.0,1.39,0.0,100
2022-05-14 00:00:00,23.2,97,0.0,0.57,0.0,100
2022-05-14 01:00:00,23.1,97,0.0,1.71,0.0,75
2022-05-14 02:00:00,22.8,98,0.0,1.0,0.0,100
2022-05-14 03:00:00,23.0,97,0.0,1.75,0.8,100
2022-05-14 04:00:00,23.2,96,0.0,1.28,2.5,100
2022-05-14 05:00:00,23.6,96,5.0,1.22,6.2,100
2022-05-14 06:00:00,23.7,97,14.0,2.26,17.1,100
2022-05-14 07:00:00,23.9,95,49.0,1.39,10.9,100
2022-05-14 08:00:00,23.4,96,67.0,1.97,6.9,98
2022-05-14 09:00:00,23.8,94,169.0,1.81,4.5,100
2022-05-14 10:00:00,24.0,93,88.0,0.82,4.2,100
2022-05-14 11:00:00,24.8,90,256.0,0.81,1.9,100
2022-05-14 12:00:00,25.5,84,416.0,0.92,2.2,93
2022-05-14 13:00:00,26.2,83,405.0,1.33,1.1,84
2022-05-14 14:00:00,26.2,84,381.0,1.2,0.1,42
2022-05-14 15:00:00,25.3,89,331.0,3.31,5.0,100
2022-05-14 16:00:00,25.1,91,140.0,1.73,4.2,79
2022-05-14 17:00:00,26.7,85,53.0,1.86,0.7,100
2022-05-14 18:00:00,25.2,93,7.0,2.06,0.0,49
2022-05-14 19:00:00,24.5,97,0.0,2.1,0.0,70
2022-05-14 20:00:00,23.8,98,0.0,0.91,0.0,84
2022-05-14 21:00:00,23.6,99,0.0,0.22,0.0,100
2022-05-14 22:00:00,23.5,99,0.0,0.41,0.0,100
2022-05-14 23:00:00,23.7,99,0.0,1.0,0.0,100
2022-05-15 00:00:00,23.5,98,0.0,0.95,0.1,100
2022-05-15 01:00:00,23.5,99,0.0,2.33,0.6,100
2022-05-15 02:00:00,23.6,99,0.0,2.55,4.2,100
2022-05-15 03:00:00,23.7,98,0.0,2.5,2.8,100
2022-05-15 04:00:00,23.7,97,0.0,1.92,2.1,100
2022-05-15 05:00:00,23.1,95,2.0,0.32,3.9,100
2022-05-15 06:00:00,23.0,97,20.0,1.49,7.8,100
2022-05-15 07:00:00,22.9,99,30.0,2.58,11.7,100
2022-05-15 08:00:00,23.2,98,54.0,1.7,5.0,100
2022-05-15 09:00:00,23.8,95,123.0,2.19,1.4,100
2022-05-15 10:00:00,24.2,94,146.0,1.91,2.2,100
2022-05-15 11:00:00,24.5,93,122.0,2.33,1.7,100
2022-05-15 12:00:00,24.6,93,132.0,3.96,3.1,100
2022-05-15 13:00:00,24.7,93,103.0,2.62,1.7,100
2022-05-15 14:00:00,24.7,93,91.0,2.09,1.3,100
2022-05-15 15:00:00,24.8,94,50.0,1.53,1.5,100
2022-05-15 16:00:00,25.4,92,98.0,1.61,0.2,89
2022-05-15 17:00:00,25.9,91,72.0,2.48,0.4,100
2022-05-15 18:00:00,25.0,93,4.0,2.1,0.1,77
2022-05-15 19:00:00,24.1,97,0.0,2.13,0.0,100
2022-05-15 20:00:00,24.2,96,0.0,2.06,0.0,84
2022-05-15 21:00:00,24.0,98,0.0,2.18,0.0,100
2022-05-15 22:00:00,23.8,98,0.0,1.92,0.0,84
2022-05-15 23:00:00,23.8,98,0.0,2.63,0.1,100
2022-05-16 00:00:00,23.5,99,0.0,3.3,0.1,100
2022-05-16 01:00:00,23.5,98,0.0,2.82,0.0,98
2022-05-16 02:00:00,23.5,98,0.0,2.55,0.0,100
2022-05-16 03:00:00,23.5,98,0.0,2.12,0.1,100
2022-05-16 04:00:00,23.5,98,0.0,2.3,0.9,100
2022-05-16 05:00:00,23.8,97,10.0,3.3,0.8,100
2022-05-16 06:00:00,23.9,96,42.0,2.41,2.9,100
2022-05-16 07:00:00,24.5,93,142.0,3.6,3.3,100
2022-05-16 08:00:00,25.4,89,243.0,3.11,0.9,100
2022-05-16 09:00:00,26.0,87,288.0,3.57,0.7,100
2022-05-16 10:00:00,27.1,82,414.0,3.28,0.1,100
2022-05-16 11:00:00,28.1,77,530.0,3.32,0.1,100
2022-05-16 12:00:00,27.4,82,234.0,3.22,0.1,100
2022-05-16 13:00:00,27.3,83,272.0,3.56,0.0,100
2022-05-16 14:00:00,26.5,86,186.0,3.75,0.0,100
2022-05-16 15:00:00,26.4,87,172.0,3.35,0.0,100
2022-05-16 16:00:00,26.6,86,210.0,3.81,0.0,100
2022-05-16 17:00:00,24.0,93,85.0,2.33,0.0,98
2022-05-16 18:00:00,23.6,94,6.0,1.2,1.5,93
2022-05-16 19:00:00,23.5,95,0.0,0.98,7.3,100
2022-05-16 20:00:00,23.5,96,0.0,0.72,2.9,100
2022-05-16 21:00:00,23.4,96,0.0,2.01,5.0,84
2022-05-16 22:00:00,23.3,97,0.0,1.34,1.8,100
2022-05-16 23:00:00,23.3,97,0.0,2.0,0.9,97
2022-05-17 00:00:00,23.1,98,0.0,0.89,0.3,100
2022-05-17 01:00:00,22.8,99,0.0,1.42,4.7,100
2022-05-17 02:00:00,22.8,99,0.0,1.89,4.0,100
2022-05-17 03:00:00,22.9,98,0.0,1.65,11.9,100
2022-05-17 04:00:00,22.9,97,0.0,0.32,19.2,100
2022-05-17 05:00:00,22.4,96,0.0,1.13,8.1,100
2022-05-17 06:00:00,22.6,96,24.0,2.16,8.9,100
2022-05-17 07:00:00,22.8,95,19.0,1.3,6.7,100
2022-05-17 08:00:00,23.1,93,75.0,0.72,3.4,100
2022-05-17 09:00:00,24.0,90,204.0,1.35,0.9,100
2022-05-17 10:00:00,24.0,92,121.0,1.44,0.7,100
2022-05-17 11:00:00,26.2,82,602.0,1.41,0.7,100
2022-05-17 12:00:00,27.3,77,673.0,1.92,0.3,100
2022-05-17 13:00:00,27.5,78,578.0,1.8,0.7,100
2022-05-17 14:00:00,27.0,81,556.0,3.4,0.3,84
2022-05-17 15:00:00,26.0,84,390.0,4.0,0.3,100
2022-05-17 16:00:00,25.1,86,132.0,2.1,0.1,46
2022-05-17 17:00:00,25.2,85,88.0,3.22,0.1,100
2022-05-17 18:00:00,24.2,88,7.0,1.14,0.4,49
2022-05-17 19:00:00,23.8,91,0.0,0.72,0.1,100
2022-05-17 20:00:00,23.5,92,0.0,2.0,0.3,100
2022-05-17 21:00:00,23.0,93,0.0,2.27,0.0,100
2022-05-17 22:00:00,22.6,96,0.0,1.22,0.5,100
2022-05-17 23:00:00,22.5,98,0.0,1.41,0.2,100
2022-05-18 00:00:00,22.6,98,0.0,1.49,0.3,100
2022-05-18 01:00:00,22.8,96,0.0,1.39,1.1,100
2022-05-18 02:00:00,22.7,96,0.0,1.93,1.1,100
2022-05-18 03:00:00,22.7,96,0.0,1.26,0.7,95
2022-05-18 04:00:00,22.6,95,0.0,1.33,0.4,83
2022-05-18 05:00:00,23.0,96,14.0,2.0,0.6,99
2022-05-18 06:00:00,23.6,93,92.0,0.78,0.7,100
2022-05-18 07:00:00,24.1,90,153.0,2.18,0.8,100
2022-05-18 08:00:00,24.7,87,258.0,1.84,0.1,50
2022-05-18 09:00:00,25.9,83,496.0,0.32,0.0,78
2022-05-18 10:00:00,27.9,77,747.0,0.42,0.0,100
2022-05-18 11:00:00,29.0,73,728.0,1.51,0.0,58
2022-05-18 12:00:00,29.4,71,660.0,1.8,0.0,49
2022-05-18 13:00:00,29.6,71,604.0,1.81,0.0,62
2022-05-18 14:00:00,30.1,70,470.0,2.97,0.0,78
2022-05-18 15:00:00,29.1,76,347.0,1.84,0.0,47
2022-05-18 16:00:00,28.8,77,244.0,1.0,0.0,50
2022-05-18 17:00:00,25.1,92,106.0,3.38,0.3,100
2022-05-18 18:00:00,24.6,93,7.0,1.02,0.0,36
2022-05-18 19:00:00,24.4,94,0.0,1.55,0.0,43
2022-05-18 20:00:00,24.4,97,0.0,1.92,0.0,100
2022-05-18 21:00:00,24.1,94,0.0,1.1,0.0,94
2022-05-18 22:00:00,23.9,97,0.0,1.7,0.0,100
2022-05-18 23:00:00,23.9,95,0.0,1.61,0.1,100
2022-05-19 00:00:00,23.5,95,0.0,1.26,0.0,73
2022-05-19 01:00:00,23.4,95,0.0,0.89,0.0,100
2022-05-19 02:00:00,23.2,97,0.0,1.63,0.5,100
2022-05-19 03:00:00,22.8,97,0.0,2.55,1.3,100
2022-05-19 04:00:00,22.5,98,0.0,2.02,1.0,96
2022-05-19 05:00:00,23.3,96,19.0,2.58,1.9,80
2022-05-19 06:00:00,23.7,92,64.0,1.91,0.6,100
2022-05-19 07:00:00,24.4,88,132.0,1.91,0.2,100
2022-05-19 08:00:00,24.6,88,136.0,0.86,2.3,86
2022-05-19 09:00:00,25.2,85,216.0,0.63,0.9,87
2022-05-19 10:00:00,27.4,79,787.0,1.08,0.1,64
2022-05-19 11:00:00,28.6,71,810.0,1.5,0.0,100
2022-05-19 12:00:00,29.2,68,585.0,1.04,0.0,93
2022-05-19 13:00:00,29.1,70,469.0,1.66,0.0,44
2022-05-19 14:00:00,29.7,68,505.0,1.8,0.0,57
2022-05-19 15:00:00,29.7,69,369.0,1.58,0.0,74
2022-05-19 16:00:00,28.7,74,187.0,1.41,0.3,80
2022-05-19 17:00:00,24.3,85,88.0,2.0,0.0,48
2022-05-19 18:00:00,23.7,88,10.0,1.61,0.0,41
2022-05-19 19:00:00,23.5,92,0.0,2.0,0.0,18
2022-05-19 20:00:00,23.2,95,0.0,2.13,0.0,39
2022-05-19 21:00:00,23.0,96,0.0,2.42,0.3,31
2022-05-19 22:00:00,22.7,98,0.0,1.92,0.5,100
2022-05-19 23:00:00,23.0,95,0.0,2.24,2.0,100
2022-05-20 00:00:00,22.9,96,0.0,2.52,1.9,100
2022-05-20 01:00:00,22.8,96,0.0,1.66,1.4,100
2022-05-20 02:00:00,22.7,97,0.0,2.18,1.4,100
2022-05-20 03:00:00,22.7,96,0.0,2.95,0.5,100
2022-05-20 04:00:00,22.7,97,0.0,3.13,0.7,100
2022-05-20 05:00:00,22.8,97,10.0,2.76,2.1,100
2022-05-20 06:00:00,23.2,94,46.0,3.35,0.1,100
2022-05-20 07:00:00,23.8,90,95.0,2.92,0.1,100
2022-05-20 08:00:00,24.8,87,160.0,2.62,0.5,100
2022-05-20 09:00:00,25.5,84,153.0,3.1,0.2,100
2022-05-20 10:00:00,24.8,90,192.0,1.98,6.5,100
2022-05-20 11:00:00,24.5,91,69.0,1.14,8.2,100
2022-05-20 12:00:00,26.1,84,448.0,2.16,0.0,53
2022-05-20 13:00:00,27.9,77,667.0,2.7,0.0,58
2022-05-20 14:00:00,28.9,71,605.0,1.4,0.0,55
2022-05-20 15:00:00,29.3,71,455.0,1.3,0.0,35
2022-05-20 16:00:00,29.0,74,255.0,1.52,0.0,45
2022-05-20 17:00:00,26.8,81,90.0,1.21,0.0,48
2022-05-20 18:00:00,25.3,88,9.0,1.39,0.0,46
2022-05-20 19:00:00,24.8,89,0.0,2.06,0.0,15
2022-05-20 20:00:00,24.2,91,0.0,2.87,0.0,36
2022-05-20 21:00:00,23.9,90,0.0,3.02,0.0,39
2022-05-20 22:00:00,23.6,91,0.0,3.12,0.1,98
2022-05-20 23:00:00,23.1,95,0.0,3.54,1.1,9
2022-05-21 00:00:00,22.9,96,0.0,2.97,2.1,100
2022-05-21 01:00:00,23.1,96,0.0,2.56,1.6,100
2022-05-21 02:00:00,23.2,97,0.0,2.33,3.6,96
2022-05-21 03:00:00,23.1,97,0.0,1.61,4.3,100
2022-05-21 04:00:00,22.8,97,0.0,1.92,3.5,100
2022-05-21 05:00:00,23.1,97,2.0,1.9,5.9,100
2022-05-21 06:00:00,23.0,97,46.0,2.46,0.7,100
2022-05-21 07:00:00,23.0,96,75.0,2.63,2.1,100
2022-05-21 08:00:00,23.0,96,48.0,3.13,4.9,100
2022-05-21 09:00:00,23.2,94,92.0,3.21,2.9,100
2022-05-21 10:00:00,23.3,93,72.0,2.33,2.4,100
2022-05-21 11:00:00,23.6,92,90.0,3.21,1.4,100
2022-05-21 12:00:00,25.2,85,420.0,2.77,0.5,95
2022-05-21 13:00:00,26.3,81,531.0,2.06,0.1,100
2022-05-21 14:00:00,26.0,82,467.0,1.55,1.3,100
2022-05-21 15:00:00,24.5,91,20.0,1.97,0.9,71
2022-05-21 16:00:00,25.3,85,212.0,1.75,0.1,62
2022-05-21 17:00:00,25.3,82,77.0,1.66,0.0,92
2022-05-21 18:00:00,24.2,88,3.0,0.36,1.7,100
2022-05-21 19:00:00,23.9,91,0.0,0.51,1.3,99
2022-05-21 20:00:00,23.6,94,0.0,0.36,0.4,100
2022-05-21 21:00:00,23.4,94,0.0,0.45,0.4,100
2022-05-21 22:00:00,23.0,95,0.0,1.0,0.5,92
2022-05-21 23:00:00,22.7,97,0.0,0.54,2.5,100
2022-05-22 00:00:00,22.8,96,0.0,0.9,3.8,100
2022-05-22 01:00:00,22.7,96,0.0,0.76,1.1,100
2022-05-22 02:00:00,22.6,96,0.0,0.85,0.4,91
2022-05-22 03:00:00,22.7,94,0.0,0.51,0.1,75
2022-05-22 04:00:00,22.6,94,0.0,0.32,0.0,89
2022-05-22 05:00:00,23.0,94,29.0,1.08,0.0,51
2022-05-22 06:00:00,23.9,90,137.0,1.41,0.1,76
2022-05-22 07:00:00,24.7,85,302.0,3.11,0.0,23
2022-05-22 08:00:00,26.6,77,554.0,1.89,0.0,58
2022-05-22 09:00:00,27.7,71,661.0,2.37,0.0,100
2022-05-22 10:00:00,28.3,69,648.0,2.46,0.0,100
2022-05-22 11:00:00,29.0,66,551.0,1.8,0.0,100
2022-05-22 12:00:00,29.8,63,636.0,1.21,0.0,47
2022-05-22 13:00:00,30.4,61,613.0,0.58,0.0,99
2022-05-22 14:00:00,30.5,60,485.0,2.06,0.0,58
2022-05-22 15:00:00,30.0,64,351.0,2.37,0.0,54
2022-05-22 16:00:00,29.6,66,286.0,1.12,0.0,35
2022-05-22 17:00:00,28.5,81,110.0,0.89,0.0,62
2022-05-22 18:00:00,28.0,72,10.0,0.54,0.0,96
2022-05-22 19:00:00,25.0,90,0.0,1.78,0.1,100
2022-05-22 20:00:00,24.6,91,0.0,0.86,0.1,98
2022-05-22 21:00:00,23.9,96,0.0,1.3,3.1,86
2022-05-22 22:00:00,23.6,97,0.0,0.64,0.1,49
2022-05-22 23:00:00,23.1,98,0.0,0.71,0.0,92
2022-05-23 00:00:00,23.2,95,0.0,3.04,1.6,100
2022-05-23 01:00:00,23.0,96,0.0,0.63,1.9,98
2022-05-23 02:00:00,23.0,94,0.0,0.1,0.8,100
2022-05-23 03:00:00,22.8,96,0.0,0.63,0.8,100
2022-05-23 04:00:00,22.8,96,0.0,1.71,0.1,99
2022-05-23 05:00:00,23.3,96,33.0,1.61,0.0,38
2022-05-23 06:00:00,24.3,90,131.0,1.73,0.0,36
2022-05-23 07:00:00,25.4,85,312.0,1.77,0.0,36
2022-05-23 08:00:00,27.2,76,463.0,3.11,0.0,86
2022-05-23 09:00:00,28.4,72,620.0,3.21,0.0,69
2022-05-23 10:00:00,29.2,70,669.0,3.11,0.0,100
2022-05-23 11:00:00,29.7,68,564.0,2.92,0.0,100
2022-05-23 12:00:00,30.5,67,683.0,2.2,0.0,52
2022-05-23 13:00:00,30.5,67,631.0,1.92,0.0,46
2022-05-23 14:00:00,30.5,68,504.0,1.7,0.0,52
2022-05-23 15:00:00,30.0,70,433.0,1.71,0.0,43
2022-05-23 16:00:00,29.6,73,214.0,1.1,0.0,19
2022-05-23 17:00:00,29.8,67,116.0,0.54,0.0,17
2022-05-23 18:00:00,27.7,78,11.0,1.3,0.0,8
2022-05-23 19:00:00,27.3,81,0.0,1.1,0.0,5
2022-05-23 20:00:00,26.7,85,0.0,0.1,0.0,12
2022-05-23 21:00:00,26.6,86,0.0,0.41,0.0,12
2022-05-23 22:00:00,26.3,88,0.0,0.72,0.0,4
2022-05-23 23:00:00,25.6,93,0.0,0.81,0.0,14
2022-05-24 00:00:00,25.2,97,0.0,1.08,0.0,20
2022-05-24 01:00:00,24.1,99,0.0,0.92,0.0,5
2022-05-24 02:00:00,23.6,99,0.0,1.4,0.0,4
2022-05-24 03:00:00,23.7,100,0.0,1.22,0.0,9
2022-05-24 04:00:00,23.0,100,0.0,1.3,0.0,100
2022-05-24 05:00:00,24.7,92,35.0,0.67,0.0,26
2022-05-24 06:00:00,26.4,85,179.0,0.0,0.0,2
2022-05-24 07:00:00,27.7,79,375.0,0.64,0.0,3
2022-05-24 08:00:00,28.8,77,560.0,0.86,0.0,3
2022-05-24 09:00:00,30.0,72,728.0,0.71,0.0,0
2022-05-24 10:00:00,31.1,67,844.0,1.0,0.0,4
2022-05-24 11:00:00,32.1,63,884.0,0.76,0.0,5
2022-05-24 12:00:00,32.7,59,872.0,0.73,0.0,4
2022-05-24 13:00:00,33.1,57,787.0,0.78,0.0,11
2022-05-24 14:00:00,33.2,56,647.0,0.98,0.0,24
2022-05-24 15:00:00,32.5,59,436.0,1.8,0.0,49
2022-05-24 16:00:00,31.5,70,226.0,1.71,0.0,29
2022-05-24 17:00:00,29.2,80,102.0,0.95,0.3,67
2022-05-24 18:00:00,28.1,84,11.0,1.39,0.0,20
2022-05-24 19:00:00,27.3,87,0.0,1.46,0.0,9
2022-05-24 20:00:00,26.7,88,0.0,1.79,0.0,10
2022-05-24 21:00:00,26.9,83,0.0,2.65,0.0,69
2022-05-24 22:00:00,24.7,85,0.0,1.99,0.6,97
2022-05-24 23:00:00,25.1,87,0.0,0.42,1.0,65
2022-05-25 00:00:00,24.6,93,0.0,1.0,0.1,64
2022-05-25 01:00:00,25.1,94,0.0,0.14,0.0,100
2022-05-25 02:00:00,24.6,96,0.0,1.2,0.0,100
2022-05-25 03:00:00,24.6,98,0.0,1.3,0.1,100
2022-05-25 04:00:00,24.8,96,0.0,0.71,0.1,89
2022-05-25 05:00:00,25.8,88,23.0,0.99,0.0,71
2022-05-25 06:00:00,25.9,89,93.0,1.24,0.1,100
2022-05-25 07:00:00,25.6,91,56.0,2.06,0.4,100
2022-05-25 08:00:00,26.0,90,113.0,0.32,0.4,100
2022-05-25 09:00:00,26.2,87,157.0,0.82,0.1,100
2022-05-25 10:00:00,26.2,88,171.0,0.71,0.6,100
2022-05-25 11:00:00,26.4,87,227.0,0.7,0.5,100
2022-05-25 12:00:00,25.9,90,107.0,1.17,0.5,100
2022-05-25 13:00:00,26.3,87,158.0,1.12,0.1,100
2022-05-25 14:00:00,27.4,82,279.0,0.63,0.0,11
2022-05-25 15:00:00,28.5,78,434.0,0.94,0.0,18
2022-05-25 16:00:00,28.7,77,288.0,0.1,0.0,17
2022-05-25 17:00:00,28.1,85,104.0,0.92,0.0,41
2022-05-25 18:00:00,27.2,86,7.0,1.35,0.0,90
2022-05-25 19:00:00,26.2,91,0.0,1.5,0.0,94
2022-05-25 20:00:00,26.5,92,0.0,1.5,0.0,97
2022-05-25 21:00:00,26.0,94,0.0,1.4,0.0,41
2022-05-25 22:00:00,25.5,96,0.0,1.22,0.0,21
2022-05-25 23:00:00,25.1,96,0.0,0.9,0.0,64
2022-05-26 00:00:00,24.8,96,0.0,0.89,0.0,13
2022-05-26 01:00:00,24.5,95,0.0,1.1,0.0,15
2022-05-26 02:00:00,24.6,94,0.0,1.2,0.0,22
2022-05-26 03:00:00,24.5,94,0.0,1.41,0.0,16
2022-05-26 04:00:00,24.4,90,0.0,3.86,0.6,100
2022-05-26 05:00:00,24.9,91,17.0,4.5,0.2,43
2022-05-26 06:00:00,25.2,89,122.0,3.72,0.0,40
2022-05-26 07:00:00,26.4,83,340.0,3.49,0.0,53
2022-05-26 08:00:00,27.7,76,460.0,3.22,0.0,38
2022-05-26 09:00:00,28.3,77,563.0,2.62,0.0,12
2022-05-26 10:00:00,29.8,75,802.0,3.21,0.0,13
2022-05-26 11:00:00,30.8,71,810.0,4.03,0.0,19
2022-05-26 12:00:00,31.3,66,835.0,4.73,0.0,23
2022-05-26 13:00:00,29.7,72,738.0,5.02,0.0,50
2022-05-26 14:00:00,29.6,77,498.0,3.67,0.0,9
2022-05-26 15:00:00,29.8,74,471.0,3.82,0.0,9
2022-05-26 16:00:00,29.5,75,296.0,3.5,0.0,8
2022-05-26 17:00:00,29.0,80,125.0,1.2,0.0,3
2022-05-26 18:00:00,27.2,86,11.0,1.27,0.0,13
2022-05-26 19:00:00,26.2,92,0.0,1.27,0.0,6
2022-05-26 20:00:00,25.6,95,0.0,1.17,0.0,6
2022-05-26 21:00:00,25.4,96,0.0,1.04,0.0,11
2022-05-26 22:00:00,25.2,96,0.0,1.17,0.0,22
2022-05-26 23:00:00,25.3,96,0.0,1.35,0.0,25
2022-05-27 00:00:00,24.7,98,0.0,1.75,0.0,29
2022-05-27 01:00:00,24.7,99,0.0,1.4,0.0,19
2022-05-27 02:00:00,24.3,100,0.0,1.66,0.0,29
2022-05-27 03:00:00,24.4,96,0.0,2.55,0.8,97
2022-05-27 04:00:00,24.4,91,0.0,1.2,0.2,35
2022-05-27 05:00:00,26.0,92,31.0,0.86,0.0,19
2022-05-27 06:00:00,27.2,86,180.0,1.81,0.0,7
2022-05-27 07:00:00,27.1,84,373.0,2.69,0.0,39
2022-05-27 08:00:00,27.8,80,446.0,1.64,0.0,58
2022-05-27 09:00:00,28.9,76,556.0,1.17,0.1,23
2022-05-27 10:00:00,29.8,72,770.0,1.99,0.0,15
2022-05-27 11:00:00,30.4,69,847.0,2.09,0.1,17
2022-05-27 12:00:00,28.3,78,704.0,3.78,0.3,88
2022-05-27 13:00:00,28.8,79,670.0,2.86,0.1,11
2022-05-27 14:00:00,29.2,77,680.0,2.2,0.1,9
2022-05-27 15:00:00,29.2,75,487.0,2.05,0.0,16
2022-05-27 16:00:00,29.1,74,294.0,1.91,0.0,27
2022-05-27 17:00:00,28.2,78,112.0,0.5,0.0,14
2022-05-27 18:00:00,26.3,85,13.0,1.5,0.0,16
2022-05-27 19:00:00,26.3,86,0.0,1.41,0.0,12
2022-05-27 20:00:00,25.8,91,0.0,1.7,0.0,13
2022-05-27 21:00:00,25.3,95,0.0,1.2,0.0,4
2022-05-27 22:00:00,24.8,96,0.0,0.36,0.0,1
2022-05-27 23:00:00,25.7,93,0.0,1.5,0.0,4
2022-05-28 00:00:00,24.6,95,0.0,1.35,0.0,0
2022-05-28 01:00:00,23.9,96,0.0,1.52,0.0,5
2022-05-28 02:00:00,24.8,93,0.0,0.14,0.0,15
2022-05-28 03:00:00,23.7,98,0.0,1.0,0.1,27
2022-05-28 04:00:00,23.4,97,0.0,0.99,0.0,20
2022-05-28 05:00:00,25.1,92,32.0,0.54,0.0,21
2022-05-28 06:00:00,26.4,83,180.0,0.41,0.0,8
2022-05-28 07:00:00,27.4,78,356.0,0.81,0.0,4
2022-05-28 08:00:00,28.6,73,557.0,1.91,0.0,4
2022-05-28 09:00:00,29.4,71,717.0,1.9,0.0,5
2022-05-28 10:00:00,30.3,68,826.0,1.52,0.0,1
2022-05-28 11:00:00,31.2,62,898.0,1.71,0.0,4
2022-05-28 12:00:00,31.5,60,891.0,2.24,0.0,5
2022-05-28 13:00:00,31.7,59,807.0,2.14,0.0,4
2022-05-28 14:00:00,31.6,59,664.0,1.71,0.0,7
2022-05-28 15:00:00,31.5,59,499.0,1.4,0.0,6
2022-05-28 16:00:00,31.2,61,315.0,1.14,0.0,5
2022-05-28 17:00:00,29.8,74,129.0,1.1,0.0,9
2022-05-28 18:00:00,27.7,83,13.0,1.7,0.0,3
2022-05-28 19:00:00,27.4,85,0.0,0.81,0.0,5
2022-05-28 20:00:00,26.6,91,0.0,1.41,0.0,6
2022-05-28 21:00:00,27.1,89,0.0,0.5,0.0,3
2022-05-28 22:00:00,25.4,97,0.0,1.61,0.0,12
2022-05-28 23:00:00,26.0,95,0.0,0.71,0.0,34
2022-05-29 00:00:00,24.9,98,0.0,1.0,0.0,33
2022-05-29 01:00:00,25.0,97,0.0,0.85,0.0,29
2022-05-29 02:00:00,24.8,97,0.0,1.52,0.0,25
2022-05-29 03:00:00,24.5,98,0.0,1.8,0.0,18
2022-05-29 04:00:00,24.4,97,0.0,1.6,0.0,12
2022-05-29 05:00:00,25.5,91,34.0,2.06,0.0,16
2022-05-29 06:00:00,26.4,85,165.0,1.87,0.0,31
2022-05-29 07:00:00,27.6,80,348.0,1.49,0.0,12
2022-05-29 08:00:00,28.9,75,530.0,1.68,0.0,8
2022-05-29 09:00:00,30.2,71,721.0,1.66,0.0,1
2022-05-29 10:00:00,31.0,67,834.0,1.78,0.0,13
2022-05-29 11:00:00,31.5,66,840.0,1.84,0.1,23
2022-05-29 12:00:00,32.1,63,835.0,1.7,0.0,66
2022-05-29 13:00:00,32.4,61,779.0,1.44,0.0,21
2022-05-29 14:00:00,32.4,61,646.0,1.4,0.0,18
2022-05-29 15:00:00,31.4,62,480.0,0.67,0.3,72
2022-05-29 16:00:00,31.0,65,269.0,1.7,0.1,57
2022-05-29 17:00:00,30.0,73,113.0,1.64,0.0,40
2022-05-29 18:00:00,28.3,81,13.0,1.61,0.0,26
2022-05-29 19:00:00,27.4,86,0.0,1.52,0.0,8
2022-05-29 20:00:00,27.0,89,0.0,1.3,0.0,6
2022-05-29 21:00:00,26.6,91,0.0,1.44,0.0,9
2022-05-29 22:00:00,26.1,92,0.0,2.02,0.0,1
2022-05-29 23:00:00,27.1,86,0.0,0.81,0.0,6
2022-05-30 00:00:00,26.8,89,0.0,0.22,0.0,5
2022-05-30 01:00:00,26.0,94,0.0,0.51,0.0,9
2022-05-30 02:00:00,25.4,97,0.0,0.92,0.0,15
2022-05-30 03:00:00,25.4,96,0.0,1.35,0.0,30
2022-05-30 04:00:00,24.8,93,0.0,1.39,1.8,65
2022-05-30 05:00:00,26.0,88,31.0,1.39,0.1,44
2022-05-30 06:00:00,26.8,82,155.0,0.85,0.1,51
2022-05-30 07:00:00,27.0,80,310.0,1.1,1.4,52
2022-05-30 08:00:00,28.4,77,507.0,0.89,0.2,65
2022-05-30 09:00:00,29.6,74,657.0,0.36,0.1,27
2022-05-30 10:00:00,30.7,71,803.0,0.81,0.1,10
2022-05-30 11:00:00,31.4,70,869.0,0.57,0.1,9
2022-05-30 12:00:00,32.0,68,845.0,1.56,0.1,16
2022-05-30 13:00:00,32.4,66,796.0,1.91,0.0,42
2022-05-30 14:00:00,32.2,67,606.0,1.5,0.1,66
2022-05-30 15:00:00,30.0,75,351.0,1.43,2.5,98
2022-05-30 16:00:00,29.1,77,179.0,0.99,2.0,37
2022-05-30 17:00:00,29.7,77,115.0,1.28,0.0,42
2022-05-30 18:00:00,28.0,86,14.0,1.53,0.0,64
2022-05-30 19:00:00,28.1,84,0.0,1.22,0.0,41
2022-05-30 20:00:00,27.3,88,0.0,1.46,0.0,25
2022-05-30 21:00:00,26.8,89,0.0,1.71,0.0,16
2022-05-30 22:00:00,26.2,93,0.0,1.5,0.0,9
2022-05-30 23:00:00,26.6,92,0.0,0.82,0.0,6
2022-05-31 00:00:00,26.8,93,0.0,0.3,0.0,0
2022-05-31 01:00:00,25.7,96,0.0,1.06,0.0,1
2022-05-31 02:00:00,25.6,98,0.0,0.85,0.0,5
2022-05-31 03:00:00,25.1,98,0.0,1.2,0.0,21
2022-05-31 04:00:00,25.0,99,0.0,1.06,0.0,84
2022-05-31 05:00:00,25.7,95,33.0,1.02,0.0,56
2022-05-31 06:00:00,26.0,91,102.0,0.67,0.2,71
2022-05-31 07:00:00,26.4,85,320.0,3.16,1.1,92
2022-05-31 08:00:00,26.4,87,310.0,1.8,1.0,33
2022-05-31 09:00:00,28.5,77,636.0,0.32,0.4,59
2022-05-31 10:00:00,29.8,76,784.0,0.58,0.1,40
2022-05-31 11:00:00,31.1,72,874.0,0.71,0.1,31
2022-05-31 12:00:00,31.5,70,820.0,1.46,0.2,52
2022-05-31 13:00:00,31.5,70,735.0,1.82,0.1,50
2022-05-31 14:00:00,31.5,70,620.0,1.7,0.1,22
2022-05-31 15:00:00,31.4,69,502.0,1.9,0.0,43
2022-05-31 16:00:00,31.2,67,280.0,1.65,0.0,34
2022-05-31 17:00:00,29.7,85,92.0,0.61,0.5,51
2022-05-31 18:00:00,30.0,70,14.0,0.71,0.0,26
2022-05-31 19:00:00,29.7,73,0.0,0.45,0.0,46
2022-05-31 20:00:00,28.9,79,0.0,0.5,0.0,43
2022-05-31 21:00:00,27.1,90,0.0,2.11,0.0,83
2022-05-31 22:00:00,26.7,88,0.0,1.3,0.0,33
2022-05-31 23:00:00,26.0,93,0.0,1.08,0.0,31
2022-06-01 00:00:00,25.6,96,0.0,0.73,0.0,29
2022-06-01 01:00:00,25.8,95,0.0,0.36,0.0,23
2022-06-01 02:00:00,26.1,96,0.0,0.22,0.0,14
2022-06-01 03:00:00,25.1,99,0.0,0.82,0.0,23
2022-06-01 04:00:00,25.3,99,0.0,2.06,0.1,35
2022-06-01 05:00:00,26.1,95,33.0,1.14,2.3,66
2022-06-01 06:00:00,26.7,89,128.0,1.51,0.0,64
2022-06-01 07:00:00,26.4,87,243.0,2.22,3.2,100
2022-06-01 08:00:00,26.9,83,270.0,1.42,0.6,50
2022-06-01 09:00:00,28.7,76,638.0,0.76,0.1,39
2022-06-01 10:00:00,30.1,74,794.0,0.76,0.0,20
2022-06-01 11:00:00,31.0,73,865.0,0.6,0.0,20
2022-06-01 12:00:00,31.4,71,860.0,0.28,0.1,20
2022-06-01 13:00:00,32.1,68,784.0,0.14,0.0,21
2022-06-01 14:00:00,31.7,69,447.0,0.57,0.0,100
2022-06-01 15:00:00,30.5,74,365.0,0.45,0.0,100
2022-06-01 16:00:00,27.4,89,156.0,1.8,4.8,100
2022-06-01 17:00:00,28.9,81,64.0,0.99,0.4,79
2022-06-01 18:00:00,28.6,80,14.0,0.54,0.0,43
2022-06-01 19:00:00,27.2,90,0.0,1.04,0.0,28
2022-06-01 20:00:00,26.8,94,0.0,0.92,0.0,18
2022-06-01 21:00:00,26.4,96,0.0,0.91,0.0,25
2022-06-01 22:00:00,27.0,93,0.0,1.0,0.0,30
2022-06-01 23:00:00,26.8,93,0.0,0.72,0.7,37
2022-06-02 00:00:00,25.9,92,0.0,1.34,1.9,100
2022-06-02 01:00:00,25.4,94,0.0,1.7,0.4,65
2022-06-02 02:00:00,25.0,97,0.0,0.81,0.0,59
2022-06-02 03:00:00,24.9,97,0.0,0.95,0.0,51
2022-06-02 04:00:00,24.9,96,0.0,0.32,0.0,78
2022-06-02 05:00:00,26.1,91,22.0,0.99,0.0,58
2022-06-02 06:00:00,26.9,87,146.0,0.58,0.0,30
2022-06-02 07:00:00,27.8,85,331.0,0.82,0.1,28
2022-06-02 08:00:00,28.3,83,388.0,1.65,0.1,48
2022-06-02 09:00:00,29.0,78,593.0,1.46,0.1,67
2022-06-02 10:00:00,28.1,79,291.0,1.14,2.4,75
2022-06-02 11:00:00,29.0,77,452.0,0.85,0.4,47
2022-06-02 12:00:00,30.0,74,677.0,0.92,0.0,49
2022-06-02 13:00:00,30.7,71,686.0,1.17,0.1,49
2022-06-02 14:00:00,31.0,70,614.0,2.0,0.1,77
2022-06-02 15:00:00,31.0,68,475.0,2.04,0.1,97
2022-06-02 16:00:00,29.7,73,278.0,2.67,0.3,99
2022-06-02 17:00:00,29.0,81,90.0,1.42,0.1,100
2022-06-02 18:00:00,27.9,90,14.0,1.06,0.0,68
2022-06-02 19:00:00,27.1,93,0.0,1.08,0.1,95
2022-06-02 20:00:00,26.2,93,0.0,0.72,5.9,100
2022-06-02 21:00:00,26.2,94,0.0,1.24,0.1,100
2022-06-02 22:00:00,26.1,94,0.0,1.0,0.0,99
2022-06-02 23:00:00,26.6,91,0.0,0.45,0.0,100
2022-06-03 00:00:00,25.7,97,0.0,0.78,0.0,100
2022-06-03 01:00:00,25.7,94,0.0,1.03,0.3,100
2022-06-03 02:00:00,25.4,95,0.0,1.17,0.4,100
2022-06-03 03:00:00,25.1,97,0.0,1.14,0.3,100
2022-06-03 04:00:00,25.1,96,0.0,0.61,0.1,100
2022-06-03 05:00:00,26.1,91,8.0,0.6,0.0,100
2022-06-03 06:00:00,26.7,88,150.0,1.4,0.0,37
2022-06-03 07:00:00,27.7,83,344.0,2.24,0.0,73
2022-06-03 08:00:00,29.0,77,503.0,2.83,0.0,100
2022-06-03 09:00:00,29.9,74,576.0,2.7,0.0,100
2022-06-03 10:00:00,27.0,83,159.0,2.73,1.9,100
2022-06-03 11:00:00,26.9,87,281.0,1.94,0.6,85
2022-06-03 12:00:00,29.2,81,727.0,0.41,0.2,67
2022-06-03 13:00:00,30.1,77,682.0,1.9,0.1,95
2022-06-03 14:00:00,29.4,79,519.0,1.5,0.1,100
2022-06-03 15:00:00,30.0,77,399.0,1.51,0.0,100
2022-06-03 16:00:00,29.2,78,259.0,1.4,1.0,100
2022-06-03 17:00:00,26.7,87,87.0,0.5,0.0,100
2022-06-03 18:00:00,26.4,90,7.0,1.27,2.1,100
2022-06-03 19:00:00,25.7,96,0.0,2.02,0.4,100
2022-06-03 20:00:00,25.5,93,0.0,1.12,0.9,100
2022-06-03 21:00:00,25.8,91,0.0,1.08,0.1,100
2022-06-03 22:00:00,25.1,96,0.0,1.6,0.2,100
2022-06-03 23:00:00,25.2,96,0.0,0.58,0.2,100
2022-06-04 00:00:00,25.0,96,0.0,1.33,0.0,100
2022-06-04 01:00:00,24.8,96,0.0,1.41,0.0,100
2022-06-04 02:00:00,24.7,96,0.0,1.3,0.0,100
2022-06-04 03:00:00,24.5,94,0.0,1.39,0.0,100
2022-06-04 04:00:00,24.3,96,0.0,1.21,0.1,100
2022-06-04 05:00:00,25.5,94,14.0,1.7,0.1,100
2022-06-04 06:00:00,26.0,90,117.0,2.4,0.0,100
2022-06-04 07:00:00,26.9,85,212.0,2.11,0.0,100
2022-06-04 08:00:00,27.3,84,240.0,2.22,0.1,79
2022-06-04 09:00:00,28.5,81,571.0,1.61,0.1,58
2022-06-04 10:00:00,29.4,80,621.0,1.94,0.2,51
2022-06-04 11:00:00,30.5,77,759.0,1.7,0.3,54
2022-06-04 12:00:00,30.5,76,653.0,1.14,0.3,100
2022-06-04 13:00:00,29.5,79,573.0,2.15,2.2,100
2022-06-04 14:00:00,28.5,82,454.0,0.36,3.3,82
2022-06-04 15:00:00,28.5,84,340.0,1.49,0.1,53
2022-06-04 16:00:00,28.7,83,241.0,0.94,0.0,82
2022-06-04 17:00:00,28.5,82,96.0,0.81,0.1,96
2022-06-04 18:00:00,28.2,82,15.0,0.42,0.0,53
2022-06-04 19:00:00,26.9,92,0.0,1.61,0.1,70
2022-06-04 20:00:00,26.2,93,0.0,2.82,0.0,97
2022-06-04 21:00:00,25.7,93,0.0,2.1,0.2,100
2022-06-04 22:00:00,25.5,94,0.0,2.05,0.4,100
2022-06-04 23:00:00,25.1,96,0.0,1.58,0.1,100
2022-06-05 00:00:00,24.9,97,0.0,0.71,0.0,100
2022-06-05 01:00:00,24.8,98,0.0,0.73,0.0,100
2022-06-05 02:00:00,24.6,96,0.0,0.58,0.0,100
2022-06-05 03:00:00,24.8,96,0.0,0.7,0.0,100
2022-06-05 04:00:00,24.6,96,0.0,2.19,0.1,100
2022-06-05 05:00:00,24.5,96,12.0,1.36,0.1,100
2022-06-05 06:00:00,25.0,93,52.0,0.45,0.3,100
2022-06-05 07:00:00,25.8,91,183.0,0.91,2.1,100
2022-06-05 08:00:00,25.9,90,127.0,0.92,0.4,100
2022-06-05 09:00:00,26.7,85,209.0,1.27,0.1,100
2022-06-05 10:00:00,27.6,82,262.0,1.08,0.0,98
2022-06-05 11:00:00,29.2,76,570.0,1.04,0.0,100
2022-06-05 12:00:00,30.1,74,710.0,1.04,0.0,44
2022-06-05 13:00:00,30.4,72,638.0,1.66,0.0,32
2022-06-05 14:00:00,30.3,72,623.0,2.24,0.4,36
2022-06-05 15:00:00,30.1,74,456.0,1.4,0.0,24
2022-06-05 16:00:00,29.7,76,304.0,1.3,0.0,14
2022-06-05 17:00:00,28.1,79,131.0,0.95,0.0,16
2022-06-05 18:00:00,26.7,87,16.0,0.9,0.0,26
2022-06-05 19:00:00,26.2,91,0.0,0.82,0.0,78
2022-06-05 20:00:00,25.9,94,0.0,0.81,0.0,94
2022-06-05 21:00:00,25.6,95,0.0,0.85,0.0,67
2022-06-05 22:00:00,25.8,94,0.0,1.26,0.0,97
2022-06-05 23:00:00,25.6,93,0.0,1.8,0.1,92
2022-06-06 00:00:00,25.0,93,0.0,1.84,0.1,100
2022-06-06 01:00:00,24.7,93,0.0,1.46,0.1,95
2022-06-06 02:00:00,24.6,94,0.0,0.82,0.0,36
2022-06-06 03:00:00,24.2,96,0.0,0.82,0.0,100
2022-06-06 04:00:00,24.3,96,0.0,1.3,0.0,100
2022-06-06 05:00:00,24.7,94,8.0,0.67,0.0,100
2022-06-06 06:00:00,24.9,94,55.0,1.4,0.3,100
2022-06-06 07:00:00,25.4,92,122.0,1.94,0.3,96
2022-06-06 08:00:00,27.3,84,371.0,2.24,0.0,99
2022-06-06 09:00:00,28.6,76,566.0,2.12,0.0,100
2022-06-06 10:00:00,28.7,77,496.0,2.42,0.0,100
2022-06-06 11:00:00,29.4,73,600.0,1.3,0.0,99
2022-06-06 12:00:00,30.3,70,692.0,1.44,0.0,100
2022-06-06 13:00:00,30.7,70,623.0,1.3,0.0,39
2022-06-06 14:00:00,30.9,69,624.0,2.24,0.0,38
2022-06-06 15:00:00,30.3,71,416.0,2.1,0.1,51
2022-06-06 16:00:00,30.0,74,281.0,1.81,0.1,42
2022-06-06 17:00:00,28.1,79,111.0,1.3,0.0,48
2022-06-06 18:00:00,27.1,83,14.0,1.28,0.0,100
2022-06-06 19:00:00,26.5,88,0.0,1.75,0.0,100
2022-06-06 20:00:00,26.2,88,0.0,1.44,0.0,100
2022-06-06 21:00:00,25.5,90,0.0,1.17,0.0,100
2022-06-06 22:00:00,25.0,90,0.0,1.06,0.0,100
2022-06-06 23:00:00,24.7,92,0.0,1.25,0.0,99
2022-06-07 00:00:00,24.5,93,0.0,1.14,0.0,97
2022-06-07 01:00:00,24.2,97,0.0,0.71,0.0,100
2022-06-07 02:00:00,24.4,96,0.0,0.54,0.0,100
2022-06-07 03:00:00,24.4,96,0.0,0.36,0.0,100
2022-06-07 04:00:00,24.3,96,0.0,0.71,0.0,100
2022-06-07 05:00:00,25.1,93,32.0,1.58,0.0,100
2022-06-07 06:00:00,26.1,87,133.0,2.56,0.0,100
2022-06-07 07:00:00,26.5,86,153.0,2.64,0.1,100
2022-06-07 08:00:00,26.9,85,231.0,2.34,0.1,100
2022-06-07 09:00:00,27.2,85,300.0,1.02,4.7,100
2022-06-07 10:00:00,26.8,90,239.0,0.78,6.4,100
2022-06-07 11:00:00,27.0,89,226.0,0.85,2.0,100
2022-06-07 12:00:00,28.8,81,626.0,0.63,0.0,100
2022-06-07 13:00:00,29.5,77,635.0,0.54,0.0,100
2022-06-07 14:00:00,29.6,76,482.0,1.21,0.0,100
2022-06-07 15:00:00,29.4,77,375.0,1.75,0.1,100
2022-06-07 16:00:00,28.9,82,205.0,1.86,0.1,100
2022-06-07 17:00:00,28.8,81,77.0,0.1,0.0,100
2022-06-07 18:00:00,28.4,83,17.0,0.41,0.0,100
2022-06-07 19:00:00,26.7,94,0.0,1.2,0.0,100
2022-06-07 20:00:00,26.6,96,0.0,1.08,0.0,100
2022-06-07 21:00:00,26.3,98,0.0,1.61,0.0,100
2022-06-07 22:00:00,25.8,98,0.0,0.78,0.1,100
2022-06-07 23:00:00,25.7,97,0.0,2.15,0.1,100
2022-06-08 00:00:00,25.2,97,0.0,0.72,1.1,100
2022-06-08 01:00:00,24.9,99,0.0,1.56,1.2,100
2022-06-08 02:00:00,24.6,100,0.0,1.03,2.2,100
2022-06-08 03:00:00,24.5,99,0.0,0.86,1.1,100
2022-06-08 04:00:00,24.4,99,0.0,0.9,3.8,100
2022-06-08 05:00:00,24.6,99,12.0,1.26,1.3,100
2022-06-08 06:00:00,24.6,99,26.0,1.44,4.0,100
2022-06-08 07:00:00,25.0,94,71.0,0.7,0.7,100
2022-06-08 08:00:00,25.4,94,155.0,0.36,0.3,100
2022-06-08 09:00:00,26.3,87,264.0,0.71,0.3,100
2022-06-08 10:00:00,27.7,83,518.0,1.68,0.2,100
2022-06-08 11:00:00,28.0,81,426.0,1.6,0.2,100
2022-06-08 12:00:00,27.6,82,418.0,2.2,0.2,100
2022-06-08 13:00:00,27.4,84,342.0,1.7,0.1,100
2022-06-08 14:00:00,27.9,82,316.0,1.04,0.2,100
2022-06-08 15:00:00,28.3,82,237.0,1.66,0.1,100
2022-06-08 16:00:00,28.6,81,221.0,0.98,0.0,100
2022-06-08 17:00:00,28.9,86,102.0,0.3,0.0,96
2022-06-08 18:00:00,27.0,91,12.0,1.77,0.1,100
2022-06-08 19:00:00,26.5,93,0.0,1.14,0.1,100
2022-06-08 20:00:00,25.4,96,0.0,1.61,1.4,100
2022-06-08 21:00:00,25.2,95,0.0,1.1,0.1,100
2022-06-08 22:00:00,25.1,96,0.0,1.3,0.0,99
2022-06-08 23:00:00,25.1,97,0.0,0.36,0.0,100
2022-06-09 00:00:00,24.9,99,0.0,0.92,0.1,100
2022-06-09 01:00:00,24.8,98,0.0,0.94,0.0,100
2022-06-09 02:00:00,24.8,95,0.0,0.9,0.1,100
2022-06-09 03:00:00,24.5,96,0.0,0.64,0.0,100
2022-06-09 04:00:00,24.5,97,0.0,0.5,0.0,100
2022-06-09 05:00:00,25.4,93,24.0,1.02,0.0,100
2022-06-09 06:00:00,25.7,91,88.0,1.03,0.1,100
2022-06-09 07:00:00,26.8,84,208.0,1.25,0.0,100
2022-06-09 08:00:00,27.7,81,337.0,1.75,0.0,100
2022-06-09 09:00:00,27.4,82,207.0,2.64,0.0,100
2022-06-09 10:00:00,28.2,78,302.0,2.69,0.1,100
2022-06-09 11:00:00,29.1,76,390.0,2.68,0.0,100
2022-06-09 12:00:00,29.8,73,479.0,1.82,0.0,100
2022-06-09 13:00:00,30.5,70,466.0,0.67,0.0,100
2022-06-09 14:00:00,30.9,70,487.0,1.7,0.0,100
2022-06-09 15:00:00,30.8,71,433.0,1.64,0.0,100
2022-06-09 16:00:00,30.4,74,230.0,1.08,0.0,100
2022-06-09 17:00:00,27.7,86,84.0,0.92,0.8,100
2022-06-09 18:00:00,26.8,92,4.0,1.04,2.4,100
2022-06-09 19:00:00,26.6,94,0.0,0.94,1.1,100
2022-06-09 20:00:00,26.2,90,0.0,0.5,3.7,100
2022-06-09 21:00:00,26.1,90,0.0,0.76,0.1,100
2022-06-09 22:00:00,25.7,92,0.0,0.61,0.0,100
2022-06-09 23:00:00,25.0,96,0.0,1.02,1.3,100
2022-06-10 00:00:00,24.8,97,0.0,0.5,0.5,100
2022-06-10 01:00:00,24.3,99,0.0,1.0,2.5,100
2022-06-10 02:00:00,24.5,98,0.0,0.63,0.2,100
2022-06-10 03:00:00,24.5,98,0.0,0.61,1.2,100
2022-06-10 04:00:00,24.6,96,0.0,0.89,1.2,100
2022-06-10 05:00:00,25.3,94,5.0,0.22,0.2,100
2022-06-10 06:00:00,25.6,92,82.0,0.41,0.3,100
2022-06-10 07:00:00,25.4,93,114.0,1.0,5.0,100
2022-06-10 08:00:00,25.4,92,128.0,0.36,4.3,100
2022-06-10 09:00:00,25.6,93,137.0,0.89,1.7,100
2022-06-10 10:00:00,25.8,92,137.0,1.63,3.8,100
2022-06-10 11:00:00,25.5,93,113.0,0.99,2.1,100
2022-06-10 12:00:00,26.1,91,360.0,1.63,1.2,100
2022-06-10 13:00:00,26.9,86,411.0,1.57,0.6,100
2022-06-10 14:00:00,27.3,84,341.0,1.51,0.5,100
2022-06-10 15:00:00,27.3,85,247.0,0.99,0.4,100
2022-06-10 16:00:00,27.0,87,133.0,0.67,0.2,100
2022-06-10 17:00:00,27.7,83,110.0,0.78,0.0,100
2022-06-10 18:00:00,26.4,91,18.0,1.0,0.0,100
2022-06-10 19:00:00,26.2,93,0.0,1.04,0.0,100
2022-06-10 20:00:00,25.6,96,0.0,1.06,0.0,100
2022-06-10 21:00:00,25.5,96,0.0,0.9,0.0,100
2022-06-10 22:00:00,25.1,98,0.0,1.3,0.0,100
2022-06-10 23:00:00,25.2,96,0.0,0.64,0.7,100
2022-06-11 00:00:00,24.9,96,0.0,1.02,0.2,100
2022-06-11 01:00:00,24.5,98,0.0,1.34,0.1,100
2022-06-11 02:00:00,24.1,99,0.0,1.17,0.0,100
2022-06-11 03:00:00,23.8,99,0.0,0.36,0.0,100
2022-06-11 04:00:00,24.0,98,0.0,0.98,0.0,100
2022-06-11 05:00:00,25.2,95,23.0,1.32,0.0,100
2022-06-11 06:00:00,25.6,92,87.0,1.28,0.0,95
2022-06-11 07:00:00,26.3,90,203.0,1.28,0.1,81
2022-06-11 08:00:00,27.2,86,476.0,1.84,0.6,100
2022-06-11 09:00:00,25.9,93,234.0,1.46,3.4,100
2022-06-11 10:00:00,25.6,93,109.0,1.4,2.2,100
2022-06-11 11:00:00,26.4,91,380.0,1.94,1.7,95
2022-06-11 12:00:00,27.0,87,526.0,2.32,0.4,73
2022-06-11 13:00:00,28.7,79,702.0,1.71,0.0,34
2022-06-11 14:00:00,29.3,76,619.0,2.52,0.0,46
2022-06-11 15:00:00,29.1,77,465.0,2.1,0.0,43
2022-06-11 16:00:00,28.8,79,301.0,1.26,0.0,56
2022-06-11 17:00:00,29.0,80,135.0,1.3,0.0,73
2022-06-11 18:00:00,27.5,90,16.0,1.0,0.0,64
2022-06-11 19:00:00,27.1,93,0.0,1.0,0.0,67
2022-06-11 20:00:00,27.1,89,0.0,1.26,0.0,71
2022-06-11 21:00:00,26.7,88,0.0,1.77,0.0,100
2022-06-11 22:00:00,25.8,94,0.0,0.5,0.0,51
2022-06-11 23:00:00,25.6,91,0.0,1.0,0.0,89
2022-06-12 00:00:00,25.1,93,0.0,1.03,0.2,98
2022-06-12 01:00:00,24.7,95,0.0,1.53,0.0,100
2022-06-12 02:00:00,24.8,94,0.0,0.81,0.0,100
2022-06-12 03:00:00,24.6,95,0.0,1.43,0.0,100
2022-06-12 04:00:00,24.5,96,0.0,0.5,0.0,100
2022-06-12 05:00:00,24.2,98,10.0,1.0,0.2,100
2022-06-12 06:00:00,24.5,96,13.0,0.78,6.1,100
2022-06-12 07:00:00,24.7,93,58.0,0.64,2.3,100
2022-06-12 08:00:00,25.4,92,212.0,0.76,0.6,100
2022-06-12 09:00:00,27.1,84,416.0,1.21,0.0,100
2022-06-12 10:00:00,28.1,81,510.0,1.1,0.3,100
2022-06-12 11:00:00,28.0,82,296.0,0.3,1.0,100
2022-06-12 12:00:00,28.5,80,355.0,0.14,0.3,100
2022-06-12 13:00:00,29.6,76,633.0,0.2,0.1,100
2022-06-12 14:00:00,29.9,76,541.0,1.33,0.0,100
2022-06-12 15:00:00,28.9,80,282.0,1.62,0.0,100
2022-06-12 16:00:00,28.9,80,244.0,0.9,0.0,100
2022-06-12 17:00:00,27.9,82,92.0,1.21,0.0,100
2022-06-12 18:00:00,26.7,89,17.0,0.72,0.0,100
2022-06-12 19:00:00,26.4,90,0.0,0.89,0.0,100
2022-06-12 20:00:00,25.9,94,0.0,0.72,0.1,100
2022-06-12 21:00:00,25.4,97,0.0,0.67,0.0,100
2022-06-12 22:00:00,25.1,98,0.0,0.63,0.0,82
2022-06-12 23:00:00,25.0,98,0.0,0.7,0.0,78
2022-06-13 00:00:00,25.2,96,0.0,1.61,0.0,100
2022-06-13 01:00:00,25.3,94,0.0,2.38,0.0,100
2022-06-13 02:00:00,25.1,94,0.0,2.66,0.0,100
2022-06-13 03:00:00,25.1,94,0.0,2.14,0.0,100
2022-06-13 04:00:00,25.2,93,0.0,0.71,0.1,100
2022-06-13 05:00:00,24.9,94,17.0,0.86,0.6,100
2022-06-13 06:00:00,25.0,93,29.0,0.5,2.4,100
2022-06-13 07:00:00,25.1,92,48.0,0.22,3.2,100
2022-06-13 08:00:00,25.4,91,83.0,0.32,1.6,100
2022-06-13 09:00:00,25.8,90,169.0,1.81,1.9,100
2022-06-13 10:00:00,25.9,93,184.0,2.5,7.7,100
2022-06-13 11:00:00,25.5,95,111.0,2.31,2.0,100
2022-06-13 12:00:00,25.7,95,145.0,1.39,5.9,100
2022-06-13 13:00:00,25.5,94,86.0,1.3,11.0,100
2022-06-13 14:00:00,25.6,94,52.0,0.92,7.3,100
2022-06-13 15:00:00,25.5,94,94.0,0.5,2.1,100
2022-06-13 16:00:00,25.8,92,105.0,0.81,0.3,100
2022-06-13 17:00:00,25.6,91,41.0,2.2,0.2,100
2022-06-13 18:00:00,25.0,94,18.0,2.1,0.1,100
2022-06-13 19:00:00,24.6,96,0.0,2.1,0.0,100
2022-06-13 20:00:00,24.6,95,0.0,2.38,0.0,97
2022-06-13 21:00:00,24.5,97,0.0,1.75,0.0,100
2022-06-13 22:00:00,24.3,97,0.0,1.8,0.0,100
2022-06-13 23:00:00,24.1,98,0.0,0.36,3.1,100
2022-06-14 00:00:00,24.1,98,0.0,1.49,0.8,100
2022-06-14 01:00:00,24.0,97,0.0,1.3,2.6,100
2022-06-14 02:00:00,23.9,97,0.0,1.58,1.0,100
2022-06-14 03:00:00,23.8,97,0.0,1.66,2.7,100
2022-06-14 04:00:00,23.8,98,0.0,0.81,1.8,100
2022-06-14 05:00:00,24.1,95,10.0,1.8,2.7,100
2022-06-14 06:00:00,24.3,94,55.0,0.28,0.9,100
2022-06-14 07:00:00,25.3,90,231.0,1.08,0.1,90
2022-06-14 08:00:00,26.3,87,279.0,0.95,0.2,100
2022-06-14 09:00:00,26.9,88,359.0,1.64,1.8,100
2022-06-14 10:00:00,27.0,86,262.0,2.72,0.7,100
2022-06-14 11:00:00,26.8,87,204.0,3.18,0.0,100
2022-06-14 12:00:00,27.4,85,324.0,3.52,0.0,100
2022-06-14 13:00:00,27.3,84,222.0,1.7,0.1,100
2022-06-14 14:00:00,26.3,91,84.0,1.81,1.1,94
2022-06-14 15:00:00,27.5,86,338.0,0.82,0.2,100
2022-06-14 16:00:00,26.7,87,224.0,2.22,0.4,100
2022-06-14 17:00:00,26.1,92,69.0,1.92,0.2,100
2022-06-14 18:00:00,25.7,96,14.0,1.13,0.6,100
2022-06-14 19:00:00,25.2,96,0.0,1.97,1.6,100
2022-06-14 20:00:00,24.8,97,0.0,1.39,0.1,100
2022-06-14 21:00:00,24.8,96,0.0,1.17,1.0,100
2022-06-14 22:00:00,24.7,97,0.0,2.14,0.1,100
2022-06-14 23:00:00,24.4,98,0.0,2.36,0.4,100
2022-06-15 00:00:00,24.1,99,0.0,0.7,1.5,100
2022-06-15 01:00:00,24.0,99,0.0,0.6,0.6,100
2022-06-15 02:00:00,24.0,99,0.0,1.24,4.8,100
2022-06-15 03:00:00,23.8,100,0.0,2.3,2.5,100
2022-06-15 04:00:00,23.7,99,0.0,1.0,4.6,100
2022-06-15 05:00:00,23.5,97,4.0,1.65,1.4,100
2022-06-15 06:00:00,23.6,97,23.0,2.06,2.3,100
2022-06-15 07:00:00,24.0,96,40.0,1.63,2.5,100
2022-06-15 08:00:00,24.2,94,62.0,2.33,2.7,100
2022-06-15 09:00:00,24.5,93,88.0,1.58,2.6,100
2022-06-15 10:00:00,24.8,92,103.0,0.22,2.4,100
2022-06-15 11:00:00,25.3,91,196.0,1.66,1.4,100
2022-06-15 12:00:00,26.3,87,336.0,0.41,0.4,100
2022-06-15 13:00:00,27.4,82,412.0,0.58,0.0,100
2022-06-15 14:00:00,28.2,78,460.0,0.64,0.0,100
2022-06-15 15:00:00,26.8,85,94.0,0.5,0.9,100
2022-06-15 16:00:00,25.6,90,37.0,0.32,3.8,100
2022-06-15 17:00:00,25.8,93,30.0,1.87,1.6,100
2022-06-15 18:00:00,25.2,96,4.0,1.46,1.7,100
2022-06-15 19:00:00,24.9,97,0.0,1.92,0.9,100
2022-06-15 20:00:00,24.7,97,0.0,2.4,0.4,100
2022-06-15 21:00:00,24.5,98,0.0,1.2,1.2,100
2022-06-15 22:00:00,24.4,98,0.0,0.54,0.9,100
2022-06-15 23:00:00,24.3,98,0.0,2.06,1.3,100
2022-06-16 00:00:00,24.2,99,0.0,2.4,2.0,100
2022-06-16 01:00:00,24.2,99,0.0,3.3,0.8,100
2022-06-16 02:00:00,24.2,98,0.0,3.31,0.7,100
2022-06-16 03:00:00,24.1,98,0.0,3.51,1.2,100
2022-06-16 04:00:00,24.1,98,0.0,2.96,2.1,100
2022-06-16 05:00:00,23.9,97,4.0,2.32,1.6,100
2022-06-16 06:00:00,23.9,96,16.0,2.85,1.7,100
2022-06-16 07:00:00,24.3,95,62.0,3.4,1.3,100
2022-06-16 08:00:00,24.8,94,104.0,3.59,1.0,100
2022-06-16 09:00:00,24.8,95,88.0,3.3,1.4,100
2022-06-16 10:00:00,25.4,93,183.0,3.86,0.8,100
2022-06-16 11:00:00,25.6,92,142.0,4.98,0.4,100
2022-06-16 12:00:00,26.0,90,326.0,4.84,1.1,100
2022-06-16 13:00:00,26.0,91,239.0,3.7,1.0,100
2022-06-16 14:00:00,25.6,94,192.0,2.69,1.2,100
2022-06-16 15:00:00,25.0,95,57.0,1.48,3.2,100
2022-06-16 16:00:00,24.8,97,20.0,1.3,3.5,100
2022-06-16 17:00:00,25.1,96,19.0,2.92,2.8,100
2022-06-16 18:00:00,24.7,96,4.0,1.26,0.7,100
2022-06-16 19:00:00,24.4,99,0.0,2.11,2.7,100
2022-06-16 20:00:00,24.2,100,0.0,1.12,6.8,100
2022-06-16 21:00:00,24.2,99,0.0,1.42,3.6,100
2022-06-16 22:00:00,24.1,99,0.0,1.12,0.5,100
2022-06-16 23:00:00,23.8,99,0.0,0.14,0.9,100
2022-06-17 00:00:00,23.6,99,0.0,0.42,1.1,100
2022-06-17 01:00:00,23.3,100,0.0,1.36,0.8,100
2022-06-17 02:00:00,23.2,99,0.0,1.08,5.3,100
2022-06-17 03:00:00,23.2,100,0.0,1.2,7.5,100
2022-06-17 04:00:00,23.1,100,0.0,1.33,6.9,100
2022-06-17 05:00:00,24.1,94,5.0,1.34,6.5,100
2022-06-17 06:00:00,24.0,96,7.0,0.54,19.0,100
2022-06-17 07:00:00,23.8,96,8.0,1.24,15.0,100
2022-06-17 08:00:00,23.7,97,42.0,1.1,5.3,100
2022-06-17 09:00:00,23.8,98,94.0,1.8,7.3,100
2022-06-17 10:00:00,24.3,97,143.0,0.4,5.5,100
2022-06-17 11:00:00,24.6,96,159.0,0.76,4.2,100
2022-06-17 12:00:00,25.1,94,203.0,1.04,1.5,100
2022-06-17 13:00:00,26.0,88,340.0,0.57,0.9,100
2022-06-17 14:00:00,27.1,81,507.0,1.39,0.2,100
2022-06-17 15:00:00,26.6,85,228.0,1.73,0.0,100
2022-06-17 16:00:00,26.6,85,169.0,1.12,0.1,100
2022-06-17 17:00:00,25.8,88,67.0,2.1,0.0,100
2022-06-17 18:00:00,25.1,90,12.0,2.7,0.3,100
2022-06-17 19:00:00,24.6,92,0.0,2.39,0.3,100
2022-06-17 20:00:00,24.2,96,0.0,1.82,0.8,99
2022-06-17 21:00:00,24.3,97,0.0,2.51,0.1,100
2022-06-17 22:00:00,24.0,98,0.0,2.51,0.3,100
2022-06-17 23:00:00,23.8,97,0.0,2.64,0.0,100
2022-06-18 00:00:00,23.7,97,0.0,2.06,0.0,100
2022-06-18 01:00:00,23.7,97,0.0,2.21,0.0,100
2022-06-18 02:00:00,23.4,98,0.0,0.95,0.3,100
2022-06-18 03:00:00,23.3,99,0.0,0.81,0.2,100
2022-06-18 04:00:00,23.3,99,0.0,0.72,1.3,100
2022-06-18 05:00:00,24.0,98,12.0,1.94,2.3,100
2022-06-18 06:00:00,24.8,94,133.0,0.61,0.8,100
2022-06-18 07:00:00,25.0,93,165.0,2.12,1.2,100
2022-06-18 08:00:00,25.2,91,150.0,1.72,0.0,100
2022-06-18 09:00:00,27.0,84,504.0,1.84,0.1,75
2022-06-18 10:00:00,28.3,80,653.0,2.21,0.1,77
2022-06-18 11:00:00,29.1,78,682.0,2.13,0.1,67
2022-06-18 12:00:00,28.7,79,445.0,2.6,0.1,77
2022-06-18 13:00:00,27.7,84,577.0,2.34,1.1,74
2022-06-18 14:00:00,27.9,84,463.0,2.0,0.1,92
2022-06-18 15:00:00,28.3,84,411.0,1.86,0.1,96
2022-06-18 16:00:00,27.5,84,273.0,1.49,0.3,100
2022-06-18 17:00:00,27.1,84,80.0,1.62,0.3,100
2022-06-18 18:00:00,25.3,94,15.0,1.94,3.6,96
2022-06-18 19:00:00,24.8,97,0.0,1.1,0.7,58
2022-06-18 20:00:00,24.6,98,0.0,0.3,0.1,100
2022-06-18 21:00:00,24.7,96,0.0,0.51,0.1,100
2022-06-18 22:00:00,24.6,96,0.0,1.5,0.0,100
2022-06-18 23:00:00,24.4,97,0.0,1.71,0.0,100
2022-06-19 00:00:00,24.2,98,0.0,1.63,0.0,100
2022-06-19 01:00:00,24.1,98,0.0,1.0,0.0,95
2022-06-19 02:00:00,24.0,98,0.0,0.86,0.3,100
2022-06-19 03:00:00,23.9,97,0.0,1.84,1.1,100
2022-06-19 04:00:00,23.7,97,0.0,1.63,7.2,100
2022-06-19 05:00:00,24.1,99,7.0,1.28,2.1,100
2022-06-19 06:00:00,24.4,97,32.0,1.3,0.3,100
2022-06-19 07:00:00,25.5,89,138.0,1.9,0.1,73
2022-06-19 08:00:00,27.1,81,430.0,2.02,0.0,57
2022-06-19 09:00:00,28.4,78,615.0,1.63,0.0,99
2022-06-19 10:00:00,29.2,74,559.0,1.21,0.1,72
2022-06-19 11:00:00,29.9,72,676.0,1.4,0.0,26
2022-06-19 12:00:00,30.5,72,815.0,1.08,0.0,34
2022-06-19 13:00:00,30.4,72,646.0,1.08,0.1,19
2022-06-19 14:00:00,30.1,74,552.0,1.36,3.1,80
2022-06-19 15:00:00,28.8,79,302.0,2.78,0.6,92
2022-06-19 16:00:00,27.7,86,223.0,2.1,0.2,92
2022-06-19 17:00:00,26.4,89,79.0,1.55,0.2,96
2022-06-19 18:00:00,26.5,88,20.0,0.45,0.0,99
2022-06-19 19:00:00,25.5,94,0.0,1.0,0.0,97
2022-06-19 20:00:00,26.4,90,0.0,0.3,0.0,99
2022-06-19 21:00:00,25.5,94,0.0,1.1,1.0,100
2022-06-19 22:00:00,25.3,95,0.0,0.36,1.0,100
2022-06-19 23:00:00,25.2,96,0.0,0.71,0.0,100
2022-06-20 00:00:00,25.1,94,0.0,0.42,0.0,100
2022-06-20 01:00:00,24.2,98,0.0,0.72,0.0,100
2022-06-20 02:00:00,24.2,98,0.0,0.64,0.0,100
2022-06-20 03:00:00,24.6,97,0.0,1.0,0.0,41
2022-06-20 04:00:00,24.4,98,0.0,1.1,0.0,36
2022-06-20 05:00:00,24.4,97,27.0,1.5,0.0,32
2022-06-20 06:00:00,25.0,93,71.0,1.39,0.7,100
2022-06-20 07:00:00,25.6,90,140.0,1.17,0.2,100
2022-06-20 08:00:00,26.3,87,155.0,0.85,0.0,77
2022-06-20 09:00:00,27.8,82,543.0,0.42,0.0,82
2022-06-20 10:00:00,29.0,79,584.0,0.2,0.1,100
2022-06-20 11:00:00,28.7,79,519.0,1.68,0.2,92
2022-06-20 12:00:00,27.7,84,373.0,1.94,3.8,99
2022-06-20 13:00:00,28.6,80,436.0,1.28,0.1,100
2022-06-20 14:00:00,28.7,79,398.0,2.02,0.3,100
2022-06-20 15:00:00,28.7,79,340.0,2.12,0.0,100
2022-06-20 16:00:00,28.3,81,197.0,1.49,0.0,99
2022-06-20 17:00:00,26.9,87,134.0,1.75,0.0,100
2022-06-20 18:00:00,26.1,92,11.0,1.87,0.0,91
2022-06-20 19:00:00,25.7,95,0.0,1.3,0.0,72
2022-06-20 20:00:00,25.8,95,0.0,1.13,0.0,71
2022-06-20 21:00:00,25.7,95,0.0,1.36,0.1,100
2022-06-20 22:00:00,25.6,93,0.0,0.67,0.2,100
2022-06-20 23:00:00,25.5,93,0.0,0.1,0.1,66
2022-06-21 00:00:00,24.5,96,0.0,0.85,0.1,91
2022-06-21 01:00:00,24.6,96,0.0,0.78,0.1,100
2022-06-21 02:00:00,24.5,96,0.0,0.73,0.1,100
2022-06-21 03:00:00,24.4,96,0.0,0.61,0.0,100
2022-06-21 04:00:00,24.5,94,0.0,1.22,0.0,100
2022-06-21 05:00:00,25.1,94,19.0,1.63,0.0,59
2022-06-21 06:00:00,25.9,91,133.0,1.75,0.0,96
2022-06-21 07:00:00,27.0,86,289.0,1.49,0.1,100
2022-06-21 08:00:00,27.9,82,441.0,1.14,0.0,49
2022-06-21 09:00:00,28.7,80,452.0,1.51,0.0,72
2022-06-21 10:00:00,29.5,76,472.0,1.14,0.0,98
2022-06-21 11:00:00,29.5,77,366.0,1.22,0.1,64
2022-06-21 12:00:00,29.8,77,485.0,1.66,0.0,78
2022-06-21 13:00:00,30.5,75,649.0,1.78,0.1,79
2022-06-21 14:00:00,30.7,73,537.0,1.49,0.0,66
2022-06-21 15:00:00,30.5,74,368.0,0.81,0.0,36
2022-06-21 16:00:00,30.3,74,325.0,1.9,0.1,58
2022-06-21 17:00:00,28.2,86,123.0,1.34,3.7,58
2022-06-21 18:00:00,26.8,95,17.0,1.52,0.1,98
2022-06-21 19:00:00,26.5,96,0.0,1.14,0.0,50
2022-06-21 20:00:00,26.4,95,0.0,1.7,0.0,34
2022-06-21 21:00:00,26.1,95,0.0,1.49,0.0,55
2022-06-21 22:00:00,26.1,94,0.0,1.53,0.0,100
2022-06-21 23:00:00,25.8,95,0.0,1.24,0.0,100
2022-06-22 00:00:00,25.5,94,0.0,1.92,0.2,100
2022-06-22 01:00:00,25.4,95,0.0,1.94,0.1,100
2022-06-22 02:00:00,25.1,96,0.0,1.9,0.0,100
2022-06-22 03:00:00,25.1,95,0.0,1.26,0.0,100
2022-06-22 04:00:00,24.7,98,0.0,0.67,0.0,99
2022-06-22 05:00:00,26.1,95,33.0,0.76,0.0,100
2022-06-22 06:00:00,27.8,85,175.0,0.45,0.0,100
2022-06-22 07:00:00,28.9,80,335.0,0.8,0.1,83
2022-06-22 08:00:00,29.7,78,512.0,0.6,0.1,30
2022-06-22 09:00:00,30.5,77,692.0,0.58,0.2,58
2022-06-22 10:00:00,31.3,76,800.0,1.1,0.3,100
2022-06-22 11:00:00,31.6,75,800.0,1.7,0.2,99
2022-06-22 12:00:00,31.5,76,713.0,2.0,0.1,100
2022-06-22 13:00:00,31.9,72,703.0,2.24,0.5,100
2022-06-22 14:00:00,32.0,69,582.0,2.2,0.0,100
2022-06-22 15:00:00,31.9,69,464.0,2.14,0.0,100
2022-06-22 16:00:00,31.4,69,263.0,2.5,0.8,100
2022-06-22 17:00:00,30.2,81,94.0,0.98,0.2,100
2022-06-22 18:00:00,29.0,86,21.0,1.41,0.0,100
2022-06-22 19:00:00,28.4,88,0.0,2.72,0.0,100
2022-06-22 20:00:00,27.9,86,0.0,2.97,0.2,99
2022-06-22 21:00:00,26.7,90,0.0,3.9,0.1,100
2022-06-22 22:00:00,26.6,91,0.0,2.42,0.1,100
2022-06-22 23:00:00,26.5,92,0.0,2.06,0.4,100
2022-06-23 00:00:00,26.3,94,0.0,1.78,1.4,100
2022-06-23 01:00:00,26.3,94,0.0,1.57,2.3,100
2022-06-23 02:00:00,26.1,95,0.0,1.0,0.3,100
2022-06-23 03:00:00,25.9,95,0.0,1.73,0.1,97
2022-06-23 04:00:00,25.6,96,0.0,1.51,0.0,60
2022-06-23 05:00:00,27.1,91,37.0,2.06,0.0,96
2022-06-23 06:00:00,27.9,86,154.0,2.9,0.0,62
2022-06-23 07:00:00,28.8,82,351.0,3.41,0.0,63
2022-06-23 08:00:00,29.7,79,510.0,3.2,0.0,87
2022-06-23 09:00:00,30.6,77,673.0,3.04,0.0,98
2022-06-23 10:00:00,31.2,74,751.0,2.92,0.0,95
2022-06-23 11:00:00,31.5,72,756.0,3.45,0.0,100
2022-06-23 12:00:00,31.8,71,637.0,3.8,0.0,98
2022-06-23 13:00:00,30.5,76,560.0,3.81,0.3,98
2022-06-23 14:00:00,31.4,68,556.0,4.7,0.0,100
2022-06-23 15:00:00,31.5,67,382.0,4.14,0.0,100
2022-06-23 16:00:00,31.0,70,238.0,3.32,0.0,100
2022-06-23 17:00:00,30.3,76,98.0,1.4,0.0,100
2022-06-23 18:00:00,28.4,89,18.0,1.51,0.0,99
2022-06-23 19:00:00,27.9,89,0.0,2.32,0.3,100
2022-06-23 20:00:00,27.5,92,0.0,1.24,0.0,100
2022-06-23 21:00:00,27.1,95,0.0,0.85,0.0,100
2022-06-23 22:00:00,26.6,97,0.0,1.3,0.0,100
2022-06-23 23:00:00,26.9,93,0.0,1.65,0.0,100
2022-06-24 00:00:00,26.7,91,0.0,2.31,0.0,100
2022-06-24 01:00:00,26.1,92,0.0,1.4,0.0,100
2022-06-24 02:00:00,25.7,94,0.0,0.95,0.0,100
2022-06-24 03:00:00,25.5,95,0.0,0.89,0.0,96
2022-06-24 04:00:00,25.0,96,0.0,1.12,0.0,91
2022-06-24 05:00:00,26.6,89,35.0,0.64,0.0,68
2022-06-24 06:00:00,27.4,85,162.0,0.5,0.0,54
2022-06-24 07:00:00,28.5,80,366.0,1.44,0.0,37
2022-06-24 08:00:00,29.2,78,432.0,1.04,0.0,95
2022-06-24 09:00:00,29.9,78,568.0,1.48,0.0,91
2022-06-24 10:00:00,30.7,77,749.0,1.25,0.0,99
2022-06-24 11:00:00,31.4,74,719.0,1.34,0.1,80
2022-06-24 12:00:00,31.8,72,805.0,1.92,2.8,71
2022-06-24 13:00:00,31.4,73,717.0,2.04,5.3,73
2022-06-24 14:00:00,31.5,71,483.0,1.68,0.9,100
2022-06-24 15:00:00,29.2,82,213.0,1.12,1.3,100
2022-06-24 16:00:00,28.9,85,81.0,1.87,0.0,99
2022-06-24 17:00:00,29.0,85,67.0,1.56,0.0,100
2022-06-24 18:00:00,29.1,83,22.0,0.4,0.0,95
2022-06-24 19:00:00,27.4,92,0.0,1.28,0.0,98
2022-06-24 20:00:00,27.4,92,0.0,1.14,0.0,100
2022-06-24 21:00:00,26.6,93,0.0,2.33,2.8,100
2022-06-24 22:00:00,26.5,95,0.0,1.75,0.2,100
2022-06-24 23:00:00,26.4,95,0.0,1.0,0.0,100
2022-06-25 00:00:00,25.9,99,0.0,1.66,0.1,100
2022-06-25 01:00:00,26.0,99,0.0,0.5,0.5,100
2022-06-25 02:00:00,26.0,99,0.0,0.45,0.6,100
2022-06-25 03:00:00,26.1,97,0.0,0.54,0.3,100
2022-06-25 04:00:00,26.0,96,0.0,0.57,0.3,100
2022-06-25 05:00:00,26.6,91,26.0,1.08,0.2,100
2022-06-25 06:00:00,27.0,89,127.0,1.43,0.1,97
2022-06-25 07:00:00,27.7,86,248.0,1.8,0.1,83
2022-06-25 08:00:00,28.8,83,488.0,1.8,0.0,92
2022-06-25 09:00:00,29.8,79,706.0,1.6,0.0,77
2022-06-25 10:00:00,30.7,76,807.0,1.9,0.0,83
2022-06-25 11:00:00,31.4,71,758.0,2.14,0.0,91
2022-06-25 12:00:00,31.8,69,785.0,1.92,0.1,86
2022-06-25 13:00:00,30.5,75,638.0,3.0,2.2,100
2022-06-25 14:00:00,30.3,78,565.0,1.49,1.9,95
2022-06-25 15:00:00,30.2,76,410.0,1.5,0.9,99
2022-06-25 16:00:00,30.1,79,228.0,1.53,0.0,94
2022-06-25 17:00:00,29.4,81,136.0,1.41,0.0,99
2022-06-25 18:00:00,28.5,86,18.0,0.92,0.0,98
2022-06-25 19:00:00,27.9,91,0.0,0.94,0.0,99
2022-06-25 20:00:00,27.5,94,0.0,1.27,0.0,98
2022-06-25 21:00:00,27.3,96,0.0,1.28,0.0,100
2022-06-25 22:00:00,27.2,95,0.0,1.27,0.0,100
2022-06-25 23:00:00,27.4,94,0.0,1.1,0.0,100
2022-06-26 00:00:00,27.5,87,0.0,1.94,0.3,100
2022-06-26 01:00:00,26.9,91,0.0,1.8,0.0,100
2022-06-26 02:00:00,26.3,91,0.0,1.04,0.1,100
2022-06-26 03:00:00,26.1,93,0.0,0.63,0.0,100
2022-06-26 04:00:00,26.3,89,0.0,1.43,0.0,100
2022-06-26 05:00:00,26.6,90,18.0,2.67,0.0,100
2022-06-26 06:00:00,27.5,87,150.0,3.04,0.0,100
2022-06-26 07:00:00,28.5,82,293.0,3.52,0.0,100
2022-06-26 08:00:00,29.0,79,345.0,3.41,0.0,100
2022-06-26 09:00:00,29.7,77,479.0,3.45,0.0,95
2022-06-26 10:00:00,30.7,73,659.0,4.1,0.0,19
2022-06-26 11:00:00,31.6,71,864.0,4.14,0.0,64
2022-06-26 12:00:00,31.5,72,747.0,4.14,0.1,56
2022-06-26 13:00:00,31.7,70,648.0,4.12,0.1,60
2022-06-26 14:00:00,31.3,69,487.0,3.45,0.1,90
2022-06-26 15:00:00,30.8,71,324.0,3.4,0.3,98
2022-06-26 16:00:00,29.9,79,289.0,3.04,0.2,99
2022-06-26 17:00:00,29.0,83,133.0,2.19,0.0,96
2022-06-26 18:00:00,28.0,88,17.0,2.0,0.0,100
2022-06-26 19:00:00,27.6,90,0.0,2.01,0.0,100
2022-06-26 20:00:00,27.4,90,0.0,1.88,0.0,100
2022-06-26 21:00:00,27.2,91,0.0,1.43,0.0,99
2022-06-26 22:00:00,27.0,92,0.0,1.5,0.0,99
2022-06-26 23:00:00,26.8,93,0.0,1.36,0.0,100
2022-06-27 00:00:00,26.8,93,0.0,1.56,0.0,97
2022-06-27 01:00:00,26.6,96,0.0,2.2,0.0,97
2022-06-27 02:00:00,26.1,93,0.0,2.12,0.0,100
2022-06-27 03:00:00,25.5,93,0.0,1.43,0.0,100
2022-06-27 04:00:00,25.2,94,0.0,1.61,0.0,100
2022-06-27 05:00:00,26.4,90,27.0,2.4,0.0,100
2022-06-27 06:00:00,27.0,88,118.0,3.14,0.0,100
2022-06-27 07:00:00,27.7,85,238.0,3.91,0.0,100
2022-06-27 08:00:00,28.8,80,403.0,4.0,0.0,100
2022-06-27 09:00:00,28.5,81,377.0,4.37,0.3,100
2022-06-27 10:00:00,28.6,84,479.0,3.68,0.5,100
2022-06-27 11:00:00,28.0,87,273.0,2.79,0.7,100
2022-06-27 12:00:00,28.5,84,393.0,3.71,0.5,100
2022-06-27 13:00:00,28.6,85,289.0,3.06,0.1,100
2022-06-27 14:00:00,28.6,86,227.0,2.51,0.2,99
2022-06-27 15:00:00,29.6,81,403.0,3.26,0.1,100
2022-06-27 16:00:00,29.4,84,296.0,3.4,0.1,100
2022-06-27 17:00:00,27.6,90,149.0,1.63,0.0,100
2022-06-27 18:00:00,27.0,95,20.0,1.02,0.0,100
2022-06-27 19:00:00,26.9,97,0.0,1.2,0.0,100
2022-06-27 20:00:00,26.9,96,0.0,1.04,0.0,100
2022-06-27 21:00:00,26.9,96,0.0,1.06,0.0,100
2022-06-27 22:00:00,27.1,95,0.0,1.26,0.0,100
2022-06-27 23:00:00,26.6,95,0.0,1.62,0.0,100
2022-06-28 00:00:00,25.9,93,0.0,1.84,0.1,100
2022-06-28 01:00:00,25.5,93,0.0,2.24,0.0,100
2022-06-28 02:00:00,25.2,94,0.0,1.6,0.0,100
2022-06-28 03:00:00,25.1,96,0.0,1.22,1.4,100
2022-06-28 04:00:00,25.1,96,0.0,0.73,0.1,100
2022-06-28 05:00:00,25.6,95,11.0,1.33,2.3,100
2022-06-28 06:00:00,25.5,96,26.0,2.01,1.6,100
2022-06-28 07:00:00,25.6,95,40.0,0.71,1.6,100
2022-06-28 08:00:00,26.0,95,148.0,0.45,1.7,100
2022-06-28 09:00:00,26.2,95,116.0,1.0,2.9,100
2022-06-28 10:00:00,27.0,89,238.0,1.14,2.1,100
2022-06-28 11:00:00,27.4,89,247.0,0.89,1.4,100
2022-06-28 12:00:00,27.5,89,233.0,2.4,1.1,96
2022-06-28 13:00:00,28.5,83,391.0,3.2,0.6,100
2022-06-28 14:00:00,28.8,83,381.0,3.18,0.3,100
2022-06-28 15:00:00,27.7,85,118.0,2.96,0.6,100
2022-06-28 16:00:00,27.5,87,162.0,2.73,1.2,100
2022-06-28 17:00:00,27.2,88,42.0,1.99,0.1,100
2022-06-28 18:00:00,26.3,94,19.0,1.56,0.0,100
2022-06-28 19:00:00,26.2,96,0.0,1.27,0.0,100
2022-06-28 20:00:00,25.8,98,0.0,1.12,0.0,98
2022-06-28 21:00:00,25.6,98,0.0,1.22,0.0,100
2022-06-28 22:00:00,25.6,97,0.0,1.08,0.0,100
2022-06-28 23:00:00,25.5,97,0.0,0.92,0.1,100
2022-06-29 00:00:00,25.1,98,0.0,1.21,0.1,100
2022-06-29 01:00:00,25.2,98,0.0,1.06,0.0,100
2022-06-29 02:00:00,25.5,96,0.0,1.55,0.0,100
2022-06-29 03:00:00,25.2,97,0.0,1.53,0.0,98
2022-06-29 04:00:00,24.9,97,0.0,1.0,0.1,100
2022-06-29 05:00:00,25.5,94,28.0,0.1,0.1,98
2022-06-29 06:00:00,25.7,93,45.0,0.72,0.2,100
2022-06-29 07:00:00,26.2,90,86.0,0.67,0.0,100
2022-06-29 08:00:00,26.8,87,225.0,0.94,0.5,99
2022-06-29 09:00:00,27.5,83,329.0,1.0,0.2,99
2022-06-29 10:00:00,27.9,83,379.0,0.51,0.2,100
2022-06-29 11:00:00,28.1,83,343.0,1.34,0.3,100
2022-06-29 12:00:00,28.3,82,331.0,1.57,0.9,85
2022-06-29 13:00:00,28.7,81,522.0,1.71,0.3,100
2022-06-29 14:00:00,27.8,83,286.0,1.43,1.0,100
2022-06-29 15:00:00,27.3,85,145.0,1.75,0.3,100
2022-06-29 16:00:00,27.3,86,130.0,0.81,0.8,100
2022-06-29 17:00:00,27.0,87,79.0,1.8,0.4,100
2022-06-29 18:00:00,25.5,94,5.0,2.13,0.9,100
2022-06-29 19:00:00,25.3,96,0.0,1.25,0.4,100
2022-06-29 20:00:00,25.3,96,0.0,0.85,0.1,100
2022-06-29 21:00:00,25.3,96,0.0,1.06,0.0,90
2022-06-29 22:00:00,25.2,98,0.0,1.14,0.0,65
2022-06-29 23:00:00,24.9,98,0.0,1.08,0.0,25
2022-06-30 00:00:00,24.8,98,0.0,0.71,0.0,100
2022-06-30 01:00:00,24.7,99,0.0,0.73,0.0,94
2022-06-30 02:00:00,24.8,99,0.0,0.95,0.1,66
2022-06-30 03:00:00,24.6,98,0.0,1.0,0.0,52
2022-06-30 04:00:00,24.7,97,0.0,0.76,0.0,85
2022-06-30 05:00:00,25.3,96,24.0,0.9,0.1,100
2022-06-30 06:00:00,26.1,90,131.0,0.72,0.1,99
2022-06-30 07:00:00,26.8,87,207.0,0.0,0.0,85
2022-06-30 08:00:00,27.6,84,312.0,0.3,0.1,88
2022-06-30 09:00:00,28.3,83,397.0,0.98,0.2,70
2022-06-30 10:00:00,29.2,80,539.0,0.89,0.2,35
2022-06-30 11:00:00,30.4,76,800.0,1.53,0.3,72
2022-06-30 12:00:00,30.3,75,593.0,1.71,0.8,73
2022-06-30 13:00:00,30.0,73,480.0,1.92,0.3,87
2022-06-30 14:00:00,30.3,75,475.0,2.18,0.0,97
2022-06-30 15:00:00,30.0,76,362.0,1.5,0.1,93
2022-06-30 16:00:00,29.5,78,224.0,1.53,0.2,97
2022-06-30 17:00:00,28.4,84,96.0,2.78,0.4,99
2022-06-30 18:00:00,27.0,92,23.0,1.22,0.0,58
2022-06-30 19:00:00,26.7,96,0.0,1.17,0.0,50
2022-06-30 20:00:00,26.8,97,0.0,1.0,0.0,23
2022-06-30 21:00:00,26.2,97,0.0,2.69,0.1,100
2022-06-30 22:00:00,25.7,97,0.0,2.2,0.2,100
2022-06-30 23:00:00,25.3,98,0.0,1.63,1.5,100
2022-07-01 00:00:00,25.1,99,0.0,1.34,0.4,100
2022-07-01 01:00:00,25.1,97,0.0,1.13,0.1,100
2022-07-01 02:00:00,25.1,96,0.0,0.67,0.1,100
2022-07-01 03:00:00,25.0,96,0.0,1.36,0.2,100
2022-07-01 04:00:00,24.9,97,0.0,1.26,0.1,100
2022-07-01 05:00:00,25.5,94,18.0,2.16,0.1,100
2022-07-01 06:00:00,26.3,90,105.0,2.51,0.0,87
2022-07-01 07:00:00,26.7,88,145.0,2.67,0.1,100
2022-07-01 08:00:00,27.5,85,304.0,2.83,0.1,100
2022-07-01 09:00:00,27.4,86,270.0,2.97,0.2,89
2022-07-01 10:00:00,28.1,84,398.0,2.44,0.3,79
2022-07-01 11:00:00,29.0,81,563.0,2.28,0.2,100
2022-07-01 12:00:00,28.8,81,506.0,1.75,1.9,100
2022-07-01 13:00:00,29.2,80,450.0,1.42,0.2,71
2022-07-01 14:00:00,30.0,77,600.0,0.45,0.0,74
2022-07-01 15:00:00,30.4,74,442.0,0.64,0.0,79
2022-07-01 16:00:00,30.3,74,324.0,0.78,0.0,93
2022-07-01 17:00:00,29.5,82,153.0,1.17,0.0,97
2022-07-01 18:00:00,29.1,84,23.0,0.92,0.0,87
2022-07-01 19:00:00,29.2,82,0.0,0.14,0.0,87
2022-07-01 20:00:00,27.9,91,0.0,1.02,0.0,82
2022-07-01 21:00:00,27.3,95,0.0,0.89,0.0,49
2022-07-01 22:00:00,27.0,96,0.0,1.12,0.0,55
2022-07-01 23:00:00,26.4,95,0.0,2.33,3.7,100
2022-07-02 00:00:00,25.7,96,0.0,2.4,1.3,100
2022-07-02 01:00:00,25.6,94,0.0,1.25,0.4,100
2022-07-02 02:00:00,25.5,96,0.0,0.5,0.1,70
2022-07-02 03:00:00,24.8,99,0.0,0.94,0.0,47
2022-07-02 04:00:00,25.2,98,0.0,0.72,0.0,46
2022-07-02 05:00:00,26.2,92,30.0,1.78,0.0,100
2022-07-02 06:00:00,26.7,91,119.0,0.89,0.3,72
2022-07-02 07:00:00,27.8,83,262.0,1.32,0.0,48
2022-07-02 08:00:00,29.1,79,526.0,2.02,0.0,39
2022-07-02 09:00:00,30.3,74,656.0,2.25,0.0,100
2022-07-02 10:00:00,30.9,74,644.0,1.98,0.0,14
2022-07-02 11:00:00,31.7,74,860.0,1.28,0.0,41
2022-07-02 12:00:00,32.2,73,814.0,1.84,0.1,47
2022-07-02 13:00:00,32.6,72,762.0,1.43,0.1,46
2022-07-02 14:00:00,32.5,72,618.0,1.2,0.1,73
2022-07-02 15:00:00,31.2,72,482.0,0.0,3.9,92
2022-07-02 16:00:00,30.1,81,234.0,2.41,0.4,98
2022-07-02 17:00:00,29.3,83,116.0,2.52,0.0,100
2022-07-02 18:00:00,28.5,88,25.0,1.63,0.0,85
2022-07-02 19:00:00,28.1,91,0.0,1.66,0.0,97
2022-07-02 20:00:00,27.8,93,0.0,1.2,0.0,80
2022-07-02 21:00:00,27.8,92,0.0,1.72,0.0,79
2022-07-02 22:00:00,27.5,91,0.0,1.3,0.0,91
2022-07-02 23:00:00,27.2,94,0.0,1.27,0.0,63
2022-07-03 00:00:00,27.0,93,0.0,1.36,0.0,97
2022-07-03 01:00:00,26.7,95,0.0,1.32,0.0,100
2022-07-03 02:00:00,26.0,97,0.0,1.39,0.6,99
2022-07-03 03:00:00,25.8,99,0.0,1.88,0.3,96
2022-07-03 04:00:00,25.9,97,0.0,1.86,0.1,100
2022-07-03 05:00:00,26.6,96,24.0,2.82,0.0,100
2022-07-03 06:00:00,26.9,92,137.0,2.32,1.2,100
2022-07-03 07:00:00,27.3,89,188.0,2.73,0.0,100
2022-07-03 08:00:00,27.4,87,361.0,3.11,1.7,100
2022-07-03 09:00:00,28.7,80,439.0,1.96,0.1,100
2022-07-03 10:00:00,30.2,76,667.0,0.64,0.0,96
2022-07-03 11:00:00,30.9,76,716.0,1.14,0.0,100
2022-07-03 12:00:00,31.3,75,705.0,1.27,0.0,100
2022-07-03 13:00:00,31.3,76,679.0,2.34,0.1,99
2022-07-03 14:00:00,31.1,76,585.0,1.97,0.2,98
2022-07-03 15:00:00,31.4,73,484.0,1.8,0.0,100
2022-07-03 16:00:00,31.5,70,317.0,2.2,1.0,100
2022-07-03 17:00:00,28.7,83,148.0,3.18,0.1,99
2022-07-03 18:00:00,27.6,88,11.0,2.26,0.1,100
2022-07-03 19:00:00,27.2,91,0.0,1.03,0.0,100
2022-07-03 20:00:00,27.0,94,0.0,1.17,0.0,100
2022-07-03 21:00:00,27.0,95,0.0,1.17,0.0,100
2022-07-03 22:00:00,26.8,96,0.0,1.42,0.0,94
2022-07-03 23:00:00,26.6,97,0.0,1.0,0.0,90
2022-07-04 00:00:00,26.6,97,0.0,1.61,0.0,46
2022-07-04 01:00:00,25.9,99,0.0,0.82,0.0,45
2022-07-04 02:00:00,25.8,99,0.0,0.94,0.0,17
2022-07-04 03:00:00,26.0,98,0.0,0.98,0.0,95
2022-07-04 04:00:00,26.0,98,0.0,0.76,0.0,80
2022-07-04 05:00:00,27.2,92,30.0,0.64,0.0,89
2022-07-04 06:00:00,28.3,85,156.0,0.86,0.0,99
2022-07-04 07:00:00,28.0,85,272.0,1.98,1.9,99
2022-07-04 08:00:00,28.9,81,307.0,0.89,0.6,100
2022-07-04 09:00:00,29.3,82,346.0,1.39,0.1,100
2022-07-04 10:00:00,30.4,78,550.0,1.0,0.1,100
2022-07-04 11:00:00,31.4,76,809.0,1.02,0.1,100
2022-07-04 12:00:00,32.1,73,841.0,0.92,0.1,98
2022-07-04 13:00:00,32.1,72,783.0,1.56,3.9,98
2022-07-04 14:00:00,32.0,72,629.0,1.4,1.6,99
2022-07-04 15:00:00,31.9,70,457.0,1.8,0.0,100
2022-07-04 16:00:00,30.5,77,194.0,2.19,0.0,100
2022-07-04 17:00:00,30.7,80,75.0,1.92,0.0,100
2022-07-04 18:00:00,29.3,86,20.0,1.8,0.0,100
2022-07-04 19:00:00,28.5,90,0.0,1.42,0.0,100
2022-07-04 20:00:00,27.9,94,0.0,1.56,0.0,100
2022-07-04 21:00:00,28.8,89,0.0,1.0,0.0,100
2022-07-04 22:00:00,28.5,93,0.0,1.0,0.0,100
2022-07-04 23:00:00,27.5,98,0.0,1.17,0.0,100
2022-07-05 00:00:00,27.5,96,0.0,1.5,0.0,99
2022-07-05 01:00:00,27.0,93,0.0,1.61,0.0,100
2022-07-05 02:00:00,27.1,89,0.0,0.86,0.1,98
2022-07-05 03:00:00,26.6,94,0.0,1.12,0.0,96
2022-07-05 04:00:00,26.4,97,0.0,1.17,0.0,100
2022-07-05 05:00:00,27.3,90,30.0,1.92,0.0,100
2022-07-05 06:00:00,28.8,83,166.0,1.3,0.0,63
2022-07-05 07:00:00,30.0,77,327.0,1.04,0.0,70
2022-07-05 08:00:00,30.7,75,467.0,1.49,0.0,58
2022-07-05 09:00:00,31.7,73,650.0,1.58,0.0,35
2022-07-05 10:00:00,32.7,68,766.0,1.63,0.0,30
2022-07-05 11:00:00,33.3,66,839.0,1.12,0.0,22
2022-07-05 12:00:00,34.1,65,848.0,1.14,0.0,8
2022-07-05 13:00:00,34.0,65,820.0,1.56,0.0,17
2022-07-05 14:00:00,32.0,70,639.0,2.09,1.0,74
2022-07-05 15:00:00,31.1,77,409.0,2.88,0.0,74
2022-07-05 16:00:00,29.8,82,257.0,2.25,0.0,44
2022-07-05 17:00:00,30.7,78,139.0,2.83,0.0,69
2022-07-05 18:00:00,29.6,83,25.0,2.53,0.0,38
2022-07-05 19:00:00,29.2,84,0.0,1.8,0.0,40
2022-07-05 20:00:00,28.5,89,0.0,0.98,0.0,39
2022-07-05 21:00:00,28.1,93,0.0,1.02,0.0,7
2022-07-05 22:00:00,28.4,93,0.0,1.04,0.0,14
2022-07-05 23:00:00,27.5,95,0.0,1.13,0.3,69
2022-07-06 00:00:00,27.6,92,0.0,2.2,0.1,41
2022-07-06 01:00:00,27.0,94,0.0,1.06,0.0,45
2022-07-06 02:00:00,26.9,94,0.0,1.63,0.0,88
2022-07-06 03:00:00,25.9,98,0.0,1.61,7.2,100
2022-07-06 04:00:00,26.0,97,0.0,1.17,0.4,100
2022-07-06 05:00:00,26.4,95,12.0,1.84,1.8,100
2022-07-06 06:00:00,26.4,93,19.0,1.53,7.5,100
2022-07-06 07:00:00,26.1,95,40.0,0.64,0.6,100
2022-07-06 08:00:00,26.9,90,165.0,1.89,2.3,100
2022-07-06 09:00:00,28.1,86,321.0,1.03,0.1,100
2022-07-06 10:00:00,29.1,80,410.0,1.5,0.0,100
2022-07-06 11:00:00,30.7,73,608.0,1.2,0.0,100
2022-07-06 12:00:00,31.6,68,537.0,0.98,0.0,100
2022-07-06 13:00:00,32.0,67,513.0,1.2,0.0,100
2022-07-06 14:00:00,32.1,67,401.0,1.46,0.0,100
2022-07-06 15:00:00,32.2,68,409.0,1.49,0.0,100
2022-07-06 16:00:00,32.0,69,319.0,1.5,0.0,100
2022-07-06 17:00:00,30.4,75,163.0,1.4,0.0,91
2022-07-06 18:00:00,28.9,84,25.0,1.2,0.0,97
2022-07-06 19:00:00,28.3,89,0.0,1.26,0.0,31
2022-07-06 20:00:00,28.3,91,0.0,1.36,0.0,21
2022-07-06 21:00:00,28.2,90,0.0,1.98,0.0,11
2022-07-06 22:00:00,27.8,89,0.0,1.77,0.0,5
2022-07-06 23:00:00,27.3,93,0.0,1.28,0.0,2
2022-07-07 00:00:00,27.1,94,0.0,1.22,0.0,4
2022-07-07 01:00:00,27.1,95,0.0,1.26,0.0,2
2022-07-07 02:00:00,27.2,95,0.0,1.93,0.0,4
2022-07-07 03:00:00,27.0,93,0.0,2.22,0.0,3
2022-07-07 04:00:00,26.8,91,0.0,2.27,0.0,5
2022-07-07 05:00:00,27.4,88,32.0,2.83,0.0,7
2022-07-07 06:00:00,28.2,85,175.0,3.04,0.0,14
2022-07-07 07:00:00,29.1,82,370.0,3.16,0.0,18
2022-07-07 08:00:00,30.1,77,558.0,3.16,0.0,16
2022-07-07 09:00:00,31.3,70,735.0,3.38,0.0,10
2022-07-07 10:00:00,32.3,66,855.0,3.37,0.0,8
2022-07-07 11:00:00,33.2,63,915.0,3.44,0.0,10
2022-07-07 12:00:00,33.8,61,923.0,3.6,0.0,10
2022-07-07 13:00:00,34.0,60,847.0,3.5,0.0,10
2022-07-07 14:00:00,34.0,61,722.0,3.5,0.0,11
2022-07-07 15:00:00,33.6,62,547.0,3.71,0.0,8
2022-07-07 16:00:00,33.2,66,359.0,2.75,0.0,13
2022-07-07 17:00:00,32.2,71,170.0,2.81,0.0,31
2022-07-07 18:00:00,31.0,75,26.0,2.62,0.0,40
2022-07-07 19:00:00,30.4,78,0.0,2.42,0.0,62
2022-07-07 20:00:00,29.8,82,0.0,2.14,0.0,59
2022-07-07 21:00:00,29.5,83,0.0,2.47,0.0,50
2022-07-07 22:00:00,29.4,81,0.0,2.67,0.0,24
2022-07-07 23:00:00,28.7,86,0.0,1.84,0.0,20
2022-07-08 00:00:00,28.4,88,0.0,2.34,0.0,19
2022-07-08 01:00:00,28.1,88,0.0,2.34,0.0,20
2022-07-08 02:00:00,27.9,88,0.0,2.06,0.0,36
2022-07-08 03:00:00,27.7,89,0.0,2.06,0.0,99
2022-07-08 04:00:00,27.1,91,0.0,1.08,0.0,100
2022-07-08 05:00:00,28.1,88,24.0,1.99,0.0,100
2022-07-08 06:00:00,28.8,83,129.0,1.34,0.0,100
2022-07-08 07:00:00,29.1,82,189.0,1.14,0.0,100
2022-07-08 08:00:00,29.7,80,247.0,0.95,0.0,100
2022-07-08 09:00:00,30.9,77,510.0,1.02,0.0,100
2022-07-08 10:00:00,30.8,75,345.0,0.63,0.5,100
2022-07-08 11:00:00,31.9,71,484.0,1.82,0.0,95
2022-07-08 12:00:00,32.6,67,664.0,2.31,0.0,100
2022-07-08 13:00:00,31.8,71,263.0,2.52,0.0,100
2022-07-08 14:00:00,32.3,68,683.0,2.55,0.5,100
2022-07-08 15:00:00,32.2,70,422.0,1.94,0.0,93
2022-07-08 16:00:00,31.9,69,358.0,1.97,0.8,97
2022-07-08 17:00:00,30.6,80,148.0,1.7,0.0,62
2022-07-08 18:00:00,29.4,83,25.0,1.43,0.0,77
2022-07-08 19:00:00,28.8,87,0.0,1.57,0.0,75
2022-07-08 20:00:00,29.4,81,0.0,1.0,0.0,40
2022-07-08 21:00:00,29.4,81,0.0,0.32,0.0,48
2022-07-08 22:00:00,28.0,88,0.0,1.12,0.5,97
2022-07-08 23:00:00,27.3,93,0.0,0.22,2.8,50
2022-07-09 00:00:00,26.8,96,0.0,0.14,0.1,97
2022-07-09 01:00:00,26.2,95,0.0,1.28,2.7,54
2022-07-09 02:00:00,26.3,95,0.0,0.71,0.1,81
2022-07-09 03:00:00,26.2,96,0.0,0.61,0.0,100
2022-07-09 04:00:00,26.1,94,0.0,1.0,0.3,100
2022-07-09 05:00:00,27.3,88,10.0,0.41,0.5,100
2022-07-09 06:00:00,27.8,84,134.0,0.6,0.4,57
2022-07-09 07:00:00,28.3,81,320.0,1.2,0.2,62
2022-07-09 08:00:00,29.0,79,457.0,1.02,0.1,51
2022-07-09 09:00:00,30.4,74,651.0,0.4,0.1,29
2022-07-09 10:00:00,31.5,70,786.0,0.32,0.1,29
2022-07-09 11:00:00,32.3,68,843.0,0.72,0.0,6
2022-07-09 12:00:00,32.9,67,870.0,1.14,0.0,14
2022-07-09 13:00:00,33.1,66,809.0,1.81,0.1,9
2022-07-09 14:00:00,33.0,67,663.0,2.09,0.1,25
2022-07-09 15:00:00,32.6,68,543.0,2.72,0.7,64
2022-07-09 16:00:00,31.6,73,314.0,2.55,0.0,42
2022-07-09 17:00:00,30.1,78,130.0,3.65,0.0,30
2022-07-09 18:00:00,28.8,79,22.0,3.0,0.1,27
2022-07-09 19:00:00,28.3,82,0.0,1.8,0.0,39
2022-07-09 20:00:00,27.9,88,0.0,1.1,0.0,47
2022-07-09 21:00:00,27.7,90,0.0,1.1,0.0,27
2022-07-09 22:00:00,27.9,86,0.0,1.43,0.0,54
2022-07-09 23:00:00,27.5,88,0.0,1.21,0.0,49
2022-07-10 00:00:00,27.5,87,0.0,1.2,0.0,60
2022-07-10 01:00:00,27.5,87,0.0,1.9,0.1,69
2022-07-10 02:00:00,26.9,91,0.0,1.02,0.1,68
2022-07-10 03:00:00,26.7,93,0.0,0.92,0.0,100
2022-07-10 04:00:00,26.7,96,0.0,0.99,1.4,71
2022-07-10 05:00:00,28.3,85,26.0,1.57,2.5,90
2022-07-10 06:00:00,28.3,85,134.0,1.3,1.3,91
2022-07-10 07:00:00,29.6,76,269.0,0.58,0.2,100
2022-07-10 08:00:00,27.9,86,321.0,2.77,2.4,100
2022-07-10 09:00:00,29.1,81,414.0,1.8,0.1,96
2022-07-10 10:00:00,31.2,75,813.0,1.13,0.1,72
2022-07-10 11:00:00,31.9,73,828.0,1.4,0.2,34
2022-07-10 12:00:00,32.5,73,851.0,1.7,0.1,42
2022-07-10 13:00:00,32.5,74,706.0,2.12,0.2,60
2022-07-10 14:00:00,31.8,76,589.0,1.3,3.6,65
2022-07-10 15:00:00,31.9,76,512.0,0.81,0.1,85
2022-07-10 16:00:00,32.1,72,287.0,0.36,0.1,73
2022-07-10 17:00:00,28.7,85,121.0,1.39,0.5,55
2022-07-10 18:00:00,28.1,89,23.0,0.78,0.0,97
2022-07-10 19:00:00,27.7,93,0.0,0.91,0.0,100
2022-07-10 20:00:00,27.6,95,0.0,0.98,0.0,98
2022-07-10 21:00:00,27.5,96,0.0,0.94,0.0,84
2022-07-10 22:00:00,27.6,95,0.0,1.43,0.0,20
2022-07-10 23:00:00,28.1,92,0.0,0.82,0.0,44
2022-07-11 00:00:00,28.0,92,0.0,0.54,0.0,100
2022-07-11 01:00:00,27.5,95,0.0,0.64,0.0,98
2022-07-11 02:00:00,26.8,99,0.0,0.78,0.0,100
2022-07-11 03:00:00,26.6,99,0.0,0.73,1.1,100
2022-07-11 04:00:00,25.9,99,0.0,1.92,14.1,100
2022-07-11 05:00:00,26.5,96,9.0,1.57,3.1,100
2022-07-11 06:00:00,27.1,90,143.0,2.5,0.2,100
2022-07-11 07:00:00,27.3,89,236.0,2.33,3.0,100
2022-07-11 08:00:00,28.3,84,367.0,2.2,1.1,96
2022-07-11 09:00:00,29.5,82,514.0,2.28,0.3,94
2022-07-11 10:00:00,30.3,81,642.0,1.7,0.2,78
2022-07-11 11:00:00,31.5,75,867.0,1.06,0.1,100
2022-07-11 12:00:00,32.0,75,807.0,0.71,0.1,100
2022-07-11 13:00:00,32.4,73,755.0,0.89,0.1,98
2022-07-11 14:00:00,32.6,73,662.0,1.4,0.1,71
2022-07-11 15:00:00,32.1,75,529.0,0.51,0.7,100
2022-07-11 16:00:00,28.8,85,185.0,2.02,3.4,96
2022-07-11 17:00:00,30.1,81,153.0,1.65,0.1,100
2022-07-11 18:00:00,29.1,86,26.0,1.35,0.0,69
2022-07-11 19:00:00,28.5,91,0.0,1.24,0.0,57
2022-07-11 20:00:00,28.2,94,0.0,1.1,0.0,52
2022-07-11 21:00:00,28.2,91,0.0,2.25,1.1,44
2022-07-11 22:00:00,27.7,92,0.0,2.08,0.0,65
2022-07-11 23:00:00,27.4,95,0.0,1.57,0.0,95
2022-07-12 00:00:00,26.9,96,0.0,0.45,0.0,100
2022-07-12 01:00:00,26.4,95,0.0,1.39,0.3,100
2022-07-12 02:00:00,26.3,96,0.0,0.81,0.4,100
2022-07-12 03:00:00,26.0,97,0.0,1.3,0.2,100
2022-07-12 04:00:00,25.6,96,0.0,1.97,2.2,100
2022-07-12 05:00:00,26.6,95,14.0,2.33,2.8,100
2022-07-12 06:00:00,27.3,91,95.0,1.9,0.0,98
2022-07-12 07:00:00,28.3,86,233.0,1.91,0.0,56
2022-07-12 08:00:00,29.7,79,504.0,1.91,0.0,40
2022-07-12 09:00:00,30.8,77,668.0,1.57,0.0,28
2022-07-12 10:00:00,31.7,73,818.0,1.36,0.0,48
2022-07-12 11:00:00,32.4,72,869.0,1.89,0.0,19
2022-07-12 12:00:00,32.9,71,853.0,1.53,0.1,21
2022-07-12 13:00:00,33.1,71,766.0,1.94,0.1,22
2022-07-12 14:00:00,32.4,73,665.0,2.19,0.3,82
2022-07-12 15:00:00,32.8,71,400.0,0.63,0.2,63
2022-07-12 16:00:00,31.5,75,331.0,1.61,2.9,100
2022-07-12 17:00:00,28.3,89,81.0,2.47,0.6,100
2022-07-12 18:00:00,27.5,90,20.0,2.86,6.8,99
2022-07-12 19:00:00,27.2,95,0.0,1.17,0.2,100
2022-07-12 20:00:00,27.1,95,0.0,1.57,3.6,99
2022-07-12 21:00:00,26.8,95,0.0,0.57,1.4,99
2022-07-12 22:00:00,26.8,96,0.0,1.17,0.0,100
2022-07-12 23:00:00,27.0,97,0.0,1.39,0.0,100
2022-07-13 00:00:00,26.9,99,0.0,1.78,0.0,100
2022-07-13 01:00:00,26.6,99,0.0,2.01,0.0,100
2022-07-13 02:00:00,26.6,95,0.0,2.02,0.0,100
2022-07-13 03:00:00,26.6,95,0.0,2.0,0.0,100
2022-07-13 04:00:00,26.3,96,0.0,1.39,1.8,100
2022-07-13 05:00:00,27.4,93,15.0,1.14,1.3,100
2022-07-13 06:00:00,28.6,87,161.0,0.42,0.0,100
2022-07-13 07:00:00,29.6,83,339.0,1.22,0.0,100
2022-07-13 08:00:00,30.7,79,544.0,2.4,0.0,99
2022-07-13 09:00:00,32.1,74,725.0,3.21,0.0,30
2022-07-13 10:00:00,33.4,68,824.0,3.79,0.0,52
2022-07-13 11:00:00,34.1,65,874.0,4.72,0.0,50
2022-07-13 12:00:00,34.5,63,862.0,4.62,0.0,60
2022-07-13 13:00:00,35.1,61,845.0,4.7,0.0,40
2022-07-13 14:00:00,34.8,63,694.0,4.07,0.0,29
2022-07-13 15:00:00,34.4,66,532.0,3.89,0.0,15
2022-07-13 16:00:00,34.1,69,353.0,2.91,0.0,37
2022-07-13 17:00:00,33.5,70,154.0,0.63,0.0,37
2022-07-13 18:00:00,31.2,85,24.0,1.55,0.0,94
2022-07-13 19:00:00,30.4,88,0.0,1.26,0.0,86
2022-07-13 20:00:00,29.6,94,0.0,1.22,0.0,99
2022-07-13 21:00:00,29.9,92,0.0,0.81,0.0,100
2022-07-13 22:00:00,29.4,95,0.0,0.45,0.0,17
2022-07-13 23:00:00,28.8,97,0.0,1.41,0.0,31
2022-07-14 00:00:00,28.6,96,0.0,0.67,0.0,18
2022-07-14 01:00:00,28.5,99,0.0,1.0,0.0,21
2022-07-14 02:00:00,28.3,98,0.0,1.14,0.0,19
2022-07-14 03:00:00,28.2,94,0.0,1.46,0.0,1
2022-07-14 04:00:00,28.0,93,0.0,1.6,0.0,2
2022-07-14 05:00:00,28.1,98,29.0,1.6,0.0,2
2022-07-14 06:00:00,29.8,86,178.0,1.55,0.0,1
2022-07-14 07:00:00,31.0,86,376.0,2.25,0.0,2
2022-07-14 08:00:00,32.3,80,565.0,2.92,0.0,9
2022-07-14 09:00:00,33.5,73,727.0,3.54,0.0,11
2022-07-14 10:00:00,34.5,66,770.0,4.2,0.0,43
2022-07-14 11:00:00,34.9,65,826.0,3.86,0.0,69
2022-07-14 12:00:00,35.6,61,879.0,3.27,0.0,60
2022-07-14 13:00:00,36.1,59,838.0,3.23,0.0,45
2022-07-14 14:00:00,35.7,60,691.0,3.31,0.0,51
2022-07-14 15:00:00,35.7,61,481.0,2.72,0.0,41
2022-07-14 16:00:00,34.0,66,308.0,2.28,0.1,46
2022-07-14 17:00:00,31.8,78,150.0,3.49,0.0,25
2022-07-14 18:00:00,30.0,86,24.0,2.11,0.0,26
2022-07-14 19:00:00,29.5,92,0.0,1.17,0.0,19
2022-07-14 20:00:00,29.1,95,0.0,0.98,0.0,3
2022-07-14 21:00:00,28.8,97,0.0,1.26,0.0,1
2022-07-14 22:00:00,28.7,97,0.0,1.1,0.0,0
2022-07-14 23:00:00,28.6,97,0.0,0.9,0.0,0
2022-07-15 00:00:00,29.1,98,0.0,0.0,0.0,7
2022-07-15 01:00:00,28.4,99,0.0,0.91,0.0,22
2022-07-15 02:00:00,28.5,100,0.0,0.22,0.0,39
2022-07-15 03:00:00,28.1,99,0.0,0.51,0.0,21
2022-07-15 04:00:00,27.9,99,0.0,0.85,0.0,36
2022-07-15 05:00:00,28.3,100,25.0,0.57,0.0,49
2022-07-15 06:00:00,29.8,89,156.0,0.64,0.0,21
2022-07-15 07:00:00,31.0,83,356.0,1.02,0.0,6
2022-07-15 08:00:00,32.1,80,564.0,0.81,0.0,6
2022-07-15 09:00:00,33.4,77,732.0,0.64,0.0,8
2022-07-15 10:00:00,34.7,71,849.0,1.48,0.0,10
2022-07-15 11:00:00,35.7,64,870.0,1.58,0.0,24
2022-07-15 12:00:00,36.5,60,852.0,1.84,0.0,22
2022-07-15 13:00:00,36.7,58,812.0,2.08,0.0,15
2022-07-15 14:00:00,36.4,59,710.0,2.47,0.0,42
2022-07-15 15:00:00,36.2,60,511.0,2.25,0.0,41
2022-07-15 16:00:00,36.0,62,339.0,1.21,0.0,64
2022-07-15 17:00:00,32.0,81,141.0,2.6,0.0,56
2022-07-15 18:00:00,31.0,83,24.0,1.99,0.0,11
2022-07-15 19:00:00,30.6,85,0.0,1.44,0.0,5
2022-07-15 20:00:00,30.6,87,0.0,2.19,0.0,10
2022-07-15 21:00:00,30.4,84,0.0,2.56,0.0,4
2022-07-15 22:00:00,29.9,85,0.0,1.87,0.0,4
2022-07-15 23:00:00,29.5,88,0.0,2.12,0.0,3
2022-07-16 00:00:00,29.2,85,0.0,2.72,0.0,14
2022-07-16 01:00:00,28.7,86,0.0,1.14,0.0,19
2022-07-16 02:00:00,28.3,89,0.0,0.98,0.0,7
2022-07-16 03:00:00,26.7,91,0.0,4.4,4.0,100
2022-07-16 04:00:00,26.2,93,0.0,2.68,3.1,74
2022-07-16 05:00:00,27.6,92,24.0,1.97,0.1,61
2022-07-16 06:00:00,28.2,91,97.0,1.0,0.1,18
2022-07-16 07:00:00,29.7,83,338.0,0.61,0.1,36
2022-07-16 08:00:00,30.7,79,514.0,0.85,0.2,34
2022-07-16 09:00:00,31.8,74,675.0,0.71,0.0,59
2022-07-16 10:00:00,32.7,70,822.0,0.5,0.1,45
2022-07-16 11:00:00,33.7,66,841.0,0.45,0.1,57
2022-07-16 12:00:00,34.3,66,843.0,1.21,0.0,32
2022-07-16 13:00:00,34.8,64,813.0,1.2,0.0,40
2022-07-16 14:00:00,34.1,65,601.0,0.99,0.2,91
2022-07-16 15:00:00,33.0,72,407.0,1.97,0.6,88
2022-07-16 16:00:00,30.6,80,260.0,3.01,1.4,95
2022-07-16 17:00:00,30.0,83,72.0,3.11,0.2,49
2022-07-16 18:00:00,29.5,85,22.0,1.41,0.0,36
2022-07-16 19:00:00,28.9,89,0.0,0.76,0.5,54
2022-07-16 20:00:00,28.3,90,0.0,2.12,5.4,75
2022-07-16 21:00:00,27.7,92,0.0,1.68,4.2,32
2022-07-16 22:00:00,27.8,93,0.0,2.41,0.1,29
2022-07-16 23:00:00,27.7,94,0.0,1.17,0.0,88
2022-07-17 00:00:00,27.3,93,0.0,1.27,3.8,99
2022-07-17 01:00:00,26.6,95,0.0,1.48,8.1,100
2022-07-17 02:00:00,26.5,97,0.0,0.98,0.8,100
2022-07-17 03:00:00,26.8,95,0.0,0.92,0.2,99
2022-07-17 04:00:00,26.7,95,0.0,0.22,3.3,100
2022-07-17 05:00:00,27.3,91,15.0,1.42,2.3,100
2022-07-17 06:00:00,27.5,91,47.0,1.71,0.3,100
2022-07-17 07:00:00,27.4,91,114.0,0.64,0.5,100
2022-07-17 08:00:00,27.9,89,198.0,0.91,0.3,100
2022-07-17 09:00:00,29.0,82,361.0,0.51,0.1,100
2022-07-17 10:00:00,30.2,79,576.0,1.28,0.1,100
2022-07-17 11:00:00,31.4,74,690.0,1.08,0.0,98
2022-07-17 12:00:00,32.7,70,834.0,0.67,0.0,100
2022-07-17 13:00:00,32.9,72,780.0,1.39,0.0,100
2022-07-17 14:00:00,32.0,74,498.0,1.26,0.3,100
2022-07-17 15:00:00,32.1,72,338.0,0.98,0.3,100
2022-07-17 16:00:00,29.9,80,191.0,1.75,1.0,100
2022-07-17 17:00:00,30.4,76,71.0,1.08,0.0,100
2022-07-17 18:00:00,29.4,84,23.0,1.62,0.1,76
2022-07-17 19:00:00,28.5,92,0.0,1.3,0.0,85
2022-07-17 20:00:00,28.5,92,0.0,1.36,0.0,31
2022-07-17 21:00:00,28.4,93,0.0,1.36,0.0,52
2022-07-17 22:00:00,28.1,94,0.0,1.3,0.0,73
2022-07-17 23:00:00,27.9,93,0.0,1.35,0.0,10
2022-07-18 00:00:00,28.1,93,0.0,1.88,0.0,65
2022-07-18 01:00:00,28.4,88,0.0,2.73,0.0,78
2022-07-18 02:00:00,28.2,88,0.0,2.72,0.0,30
2022-07-18 03:00:00,27.9,87,0.0,3.34,0.0,49
2022-07-18 04:00:00,27.5,88,0.0,3.4,0.0,53
2022-07-18 05:00:00,27.8,87,24.0,3.32,0.0,80
2022-07-18 06:00:00,28.2,85,162.0,4.08,0.0,32
2022-07-18 07:00:00,29.0,82,330.0,4.04,0.0,30
2022-07-18 08:00:00,30.0,78,489.0,4.63,0.0,34
2022-07-18 09:00:00,31.1,72,647.0,5.3,0.0,22
2022-07-18 10:00:00,32.0,67,731.0,5.61,0.0,25
2022-07-18 11:00:00,32.6,66,842.0,5.6,0.1,27
2022-07-18 12:00:00,33.0,64,903.0,5.72,0.0,21
2022-07-18 13:00:00,32.8,65,807.0,5.66,0.0,44
2022-07-18 14:00:00,32.5,68,673.0,5.53,0.0,93
2022-07-18 15:00:00,32.5,68,543.0,4.97,0.0,95
2022-07-18 16:00:00,31.8,70,333.0,4.44,0.0,95
2022-07-18 17:00:00,30.9,74,150.0,3.0,0.0,92
2022-07-18 18:00:00,29.8,78,24.0,2.6,0.0,52
2022-07-18 19:00:00,29.4,81,0.0,2.82,0.0,100
2022-07-18 20:00:00,29.3,80,0.0,3.3,0.0,35
2022-07-18 21:00:00,29.1,80,0.0,3.41,0.0,61
2022-07-18 22:00:00,28.5,81,0.0,3.24,0.0,66
2022-07-18 23:00:00,28.0,83,0.0,3.47,0.0,89
2022-07-19 00:00:00,27.6,86,0.0,3.81,0.0,97
2022-07-19 01:00:00,27.4,86,0.0,3.18,0.0,86
2022-07-19 02:00:00,27.2,87,0.0,2.63,0.0,96
2022-07-19 03:00:00,26.8,89,0.0,2.5,0.0,100
2022-07-19 04:00:00,26.8,88,0.0,3.2,0.0,93
2022-07-19 05:00:00,27.0,88,18.0,3.54,0.0,100
2022-07-19 06:00:00,27.8,84,145.0,4.77,0.0,62
2022-07-19 07:00:00,29.0,80,319.0,5.04,0.0,61
2022-07-19 08:00:00,29.6,79,412.0,4.24,0.0,85
2022-07-19 09:00:00,30.4,76,562.0,4.3,0.1,91
2022-07-19 10:00:00,31.4,72,761.0,5.21,0.1,31
2022-07-19 11:00:00,32.3,67,794.0,5.1,0.0,58
2022-07-19 12:00:00,33.4,61,867.0,5.32,0.0,12
2022-07-19 13:00:00,33.4,61,818.0,5.29,0.0,9
2022-07-19 14:00:00,32.9,64,717.0,4.96,0.0,20
2022-07-19 15:00:00,32.2,68,507.0,4.08,0.0,56
2022-07-19 16:00:00,31.7,70,339.0,3.51,0.0,94
2022-07-19 17:00:00,28.5,86,150.0,2.69,0.0,100
2022-07-19 18:00:00,27.9,90,17.0,2.38,0.0,100
2022-07-19 19:00:00,28.0,91,0.0,1.7,0.0,100
2022-07-19 20:00:00,27.8,93,0.0,1.12,0.0,100
2022-07-19 21:00:00,27.5,95,0.0,1.06,0.0,100
2022-07-19 22:00:00,27.5,95,0.0,0.99,0.0,100
2022-07-19 23:00:00,27.6,92,0.0,1.17,0.0,100
2022-07-20 00:00:00,27.1,93,0.0,0.85,0.6,100
2022-07-20 01:00:00,27.0,94,0.0,0.5,0.0,100
2022-07-20 02:00:00,26.9,92,0.0,0.72,0.0,100
2022-07-20 03:00:00,26.7,93,0.0,0.76,0.1,100
2022-07-20 04:00:00,26.6,92,0.0,0.81,0.1,100
2022-07-20 05:00:00,26.7,90,7.0,0.99,0.1,100
2022-07-20 06:00:00,26.6,90,65.0,1.03,4.0,100
2022-07-20 07:00:00,26.3,92,71.0,1.08,4.3,100
2022-07-20 08:00:00,27.1,89,150.0,1.08,0.4,100
2022-07-20 09:00:00,27.9,88,353.0,1.13,0.4,100
2022-07-20 10:00:00,29.5,79,640.0,1.84,0.4,100
2022-07-20 11:00:00,30.1,78,535.0,2.11,0.1,99
2022-07-20 12:00:00,31.1,75,590.0,1.63,0.1,93
2022-07-20 13:00:00,31.7,74,774.0,1.53,0.3,100
2022-07-20 14:00:00,31.7,74,653.0,0.81,0.3,99
2022-07-20 15:00:00,32.0,72,450.0,0.41,0.2,99
2022-07-20 16:00:00,29.4,81,262.0,1.7,6.8,100
2022-07-20 17:00:00,29.3,80,78.0,0.72,1.5,100
2022-07-20 18:00:00,28.5,89,15.0,0.91,0.0,99
2022-07-20 19:00:00,27.9,92,0.0,0.92,0.1,100
2022-07-20 20:00:00,27.6,90,0.0,0.2,4.9,100
2022-07-20 21:00:00,27.0,95,0.0,0.42,4.9,100
2022-07-20 22:00:00,26.6,94,0.0,1.06,6.4,100
2022-07-20 23:00:00,26.4,95,0.0,0.61,1.7,100
2022-07-21 00:00:00,26.3,95,0.0,1.1,2.6,100
2022-07-21 01:00:00,26.1,95,0.0,1.39,4.8,100
2022-07-21 02:00:00,25.9,96,0.0,0.86,1.8,100
2022-07-21 03:00:00,25.9,96,0.0,0.58,4.0,100
2022-07-21 04:00:00,25.9,96,0.0,0.81,1.4,100
2022-07-21 05:00:00,26.2,93,7.0,0.86,1.6,100
2022-07-21 06:00:00,26.4,95,35.0,0.54,2.6,100
2022-07-21 07:00:00,26.4,95,74.0,0.32,1.4,100
2022-07-21 08:00:00,27.1,90,173.0,0.82,0.8,100
2022-07-21 09:00:00,28.2,85,350.0,0.94,0.3,100
2022-07-21 10:00:00,29.8,80,657.0,1.0,0.1,100
2022-07-21 11:00:00,30.6,79,636.0,1.22,0.1,100
2022-07-21 12:00:00,31.1,78,679.0,0.99,0.1,100
2022-07-21 13:00:00,31.8,76,725.0,1.56,0.1,100
2022-07-21 14:00:00,31.8,76,590.0,1.89,0.1,100
2022-07-21 15:00:00,31.5,75,497.0,1.72,0.1,100
2022-07-21 16:00:00,29.5,81,191.0,2.61,1.6,100
2022-07-21 17:00:00,29.2,85,100.0,0.71,0.6,100
2022-07-21 18:00:00,28.1,88,18.0,0.42,7.9,100
2022-07-21 19:00:00,27.3,96,0.0,1.82,0.3,100
2022-07-21 20:00:00,27.1,94,0.0,0.63,1.6,100
2022-07-21 21:00:00,26.8,95,0.0,1.9,1.3,100
2022-07-21 22:00:00,26.6,95,0.0,1.08,1.3,100
2022-07-21 23:00:00,26.3,95,0.0,1.5,3.0,100
2022-07-22 00:00:00,26.2,95,0.0,1.5,1.0,100
2022-07-22 01:00:00,26.0,95,0.0,1.55,1.0,100
2022-07-22 02:00:00,26.0,95,0.0,1.41,1.1,100
2022-07-22 03:00:00,25.9,96,0.0,1.5,2.3,100
2022-07-22 04:00:00,25.8,96,0.0,1.8,2.1,100
2022-07-22 05:00:00,26.5,95,6.0,1.91,1.5,100
2022-07-22 06:00:00,27.0,94,65.0,3.55,0.2,100
2022-07-22 07:00:00,27.6,87,174.0,3.94,0.2,100
2022-07-22 08:00:00,28.5,86,359.0,3.83,0.2,100
2022-07-22 09:00:00,29.0,83,354.0,4.08,0.1,100
2022-07-22 10:00:00,30.3,78,564.0,3.64,0.1,100
2022-07-22 11:00:00,31.3,74,698.0,3.42,0.1,100
2022-07-22 12:00:00,32.0,72,780.0,3.22,0.1,96
2022-07-22 13:00:00,32.0,73,708.0,3.09,0.2,100
2022-07-22 14:00:00,32.2,71,594.0,3.22,0.0,100
2022-07-22 15:00:00,32.2,71,540.0,2.79,0.0,100
2022-07-22 16:00:00,31.9,72,299.0,2.5,0.0,100
2022-07-22 17:00:00,30.6,83,145.0,0.98,0.0,100
2022-07-22 18:00:00,29.1,90,19.0,0.82,0.0,100
2022-07-22 19:00:00,28.3,94,0.0,1.55,0.0,100
2022-07-22 20:00:00,27.4,98,0.0,1.46,0.0,100
2022-07-22 21:00:00,27.2,99,0.0,1.08,0.0,100
2022-07-22 22:00:00,27.3,99,0.0,0.78,0.0,100
2022-07-22 23:00:00,27.4,98,0.0,0.81,0.0,100
2022-07-23 00:00:00,27.5,99,0.0,0.51,0.0,100
2022-07-23 01:00:00,27.2,100,0.0,0.76,0.1,100
2022-07-23 02:00:00,27.0,99,0.0,0.42,0.0,77
2022-07-23 03:00:00,26.9,100,0.0,0.91,0.0,100
2022-07-23 04:00:00,26.7,99,0.0,0.5,0.0,79
2022-07-23 05:00:00,27.2,97,20.0,0.61,0.0,100
2022-07-23 06:00:00,28.5,91,146.0,1.1,0.0,100
2022-07-23 07:00:00,29.4,86,282.0,1.14,0.0,99
2022-07-23 08:00:00,30.7,80,503.0,1.92,0.2,96
2022-07-23 09:00:00,31.7,76,574.0,2.55,0.2,100
2022-07-23 10:00:00,32.7,71,621.0,3.23,0.3,100
2022-07-23 11:00:00,32.9,70,679.0,3.14,0.2,100
2022-07-23 12:00:00,33.1,69,704.0,3.23,0.0,100
2022-07-23 13:00:00,33.4,68,737.0,2.88,0.0,100
2022-07-23 14:00:00,33.0,69,576.0,2.16,0.3,100
2022-07-23 15:00:00,30.8,78,361.0,1.92,4.4,100
2022-07-23 16:00:00,30.1,83,170.0,1.71,0.2,100
2022-07-23 17:00:00,29.8,85,111.0,2.3,1.5,100
2022-07-23 18:00:00,28.3,93,16.0,2.53,0.0,100
2022-07-23 19:00:00,27.8,96,0.0,2.4,0.0,100
2022-07-23 20:00:00,26.1,98,0.0,3.34,6.6,100
2022-07-23 21:00:00,25.9,97,0.0,2.91,4.5,100
2022-07-23 22:00:00,25.8,96,0.0,0.78,10.8,100
2022-07-23 23:00:00,25.9,97,0.0,2.44,0.1,100
2022-07-24 00:00:00,25.8,96,0.0,1.6,0.1,100
2022-07-24 01:00:00,25.4,98,0.0,2.4,0.2,100
2022-07-24 02:00:00,25.3,98,0.0,2.35,0.3,100
2022-07-24 03:00:00,25.3,97,0.0,1.91,0.6,100
2022-07-24 04:00:00,25.2,96,0.0,1.56,0.8,100
2022-07-24 05:00:00,25.0,94,5.0,2.47,4.4,100
2022-07-24 06:00:00,25.2,94,32.0,0.61,0.2,100
2022-07-24 07:00:00,25.7,92,90.0,0.3,0.1,100
2022-07-24 08:00:00,26.9,85,206.0,1.0,0.3,100
2022-07-24 09:00:00,26.9,86,180.0,1.49,0.4,100
2022-07-24 10:00:00,27.9,83,382.0,1.7,0.6,100
2022-07-24 11:00:00,28.6,83,478.0,1.12,0.6,100
2022-07-24 12:00:00,29.4,82,706.0,0.3,0.3,100
2022-07-24 13:00:00,29.8,81,621.0,1.75,0.2,99
2022-07-24 14:00:00,30.5,74,656.0,2.5,0.5,96
2022-07-24 15:00:00,29.1,79,404.0,3.47,0.4,95
2022-07-24 16:00:00,28.9,80,295.0,2.21,0.4,98
2022-07-24 17:00:00,27.7,85,92.0,1.62,0.0,100
2022-07-24 18:00:00,27.0,89,8.0,1.03,0.1,99
2022-07-24 19:00:00,26.7,91,0.0,1.36,0.1,100
2022-07-24 20:00:00,26.2,96,0.0,1.04,0.0,100
2022-07-24 21:00:00,26.2,96,0.0,1.0,0.0,100
2022-07-24 22:00:00,26.3,96,0.0,1.17,0.0,100
2022-07-24 23:00:00,26.2,96,0.0,1.39,0.0,100
2022-07-25 00:00:00,25.8,96,0.0,1.22,0.0,90
2022-07-25 01:00:00,25.7,95,0.0,1.42,0.0,100
2022-07-25 02:00:00,25.5,96,0.0,0.71,0.2,100
2022-07-25 03:00:00,25.6,94,0.0,1.32,0.1,100
2022-07-25 04:00:00,25.5,93,0.0,1.17,0.2,100
2022-07-25 05:00:00,26.4,88,10.0,1.84,0.1,100
2022-07-25 06:00:00,26.9,85,89.0,2.21,1.3,100
2022-07-25 07:00:00,27.1,83,159.0,1.9,1.2,100
2022-07-25 08:00:00,27.7,85,312.0,1.36,0.3,98
2022-07-25 09:00:00,28.5,84,450.0,0.99,0.2,95
2022-07-25 10:00:00,29.8,80,741.0,1.71,0.2,81
2022-07-25 11:00:00,30.0,79,603.0,1.97,0.2,92
2022-07-25 12:00:00,29.6,78,518.0,1.84,4.7,81
2022-07-25 13:00:00,30.4,76,555.0,1.65,0.1,74
2022-07-25 14:00:00,30.9,74,566.0,0.95,0.2,86
2022-07-25 15:00:00,28.0,83,361.0,4.03,7.3,100
2022-07-25 16:00:00,27.0,88,152.0,1.97,4.7,100
2022-07-25 17:00:00,28.2,85,80.0,1.21,0.1,100
2022-07-25 18:00:00,27.3,90,16.0,1.5,0.0,75
2022-07-25 19:00:00,26.9,90,0.0,1.4,0.0,100
2022-07-25 20:00:00,26.5,91,0.0,1.55,0.0,100
2022-07-25 21:00:00,26.3,92,0.0,1.3,0.0,99
2022-07-25 22:00:00,26.1,92,0.0,1.26,0.0,86
2022-07-25 23:00:00,25.8,94,0.0,1.56,0.0,97
2022-07-26 00:00:00,25.5,94,0.0,1.28,1.9,100
2022-07-26 01:00:00,25.2,96,0.0,0.89,2.0,100
2022-07-26 02:00:00,25.1,96,0.0,0.51,2.2,100
2022-07-26 03:00:00,24.9,97,0.0,1.4,0.4,100
2022-07-26 04:00:00,24.7,98,0.0,1.58,0.3,100
2022-07-26 05:00:00,25.7,92,11.0,0.95,0.1,100
2022-07-26 06:00:00,26.3,90,109.0,1.24,0.1,100
2022-07-26 07:00:00,26.6,90,227.0,1.56,0.1,99
2022-07-26 08:00:00,27.7,85,468.0,1.77,0.1,87
2022-07-26 09:00:00,28.4,82,518.0,1.77,0.0,100
2022-07-26 10:00:00,29.5,76,627.0,2.01,0.0,100
2022-07-26 11:00:00,29.7,75,644.0,2.7,0.0,99
2022-07-26 12:00:00,30.3,75,731.0,2.5,0.1,99
2022-07-26 13:00:00,30.1,76,651.0,2.75,0.1,99
2022-07-26 14:00:00,30.1,75,598.0,3.01,0.1,100
2022-07-26 15:00:00,30.0,77,497.0,2.35,0.9,65
2022-07-26 16:00:00,28.2,84,208.0,3.5,2.1,54
2022-07-26 17:00:00,28.3,82,150.0,2.72,0.0,39
2022-07-26 18:00:00,27.3,88,19.0,1.66,0.0,10
2022-07-26 19:00:00,26.8,92,0.0,1.58,0.0,10
2022-07-26 20:00:00,26.6,93,0.0,1.77,0.0,59
2022-07-26 21:00:00,26.3,94,0.0,1.35,0.0,100
2022-07-26 22:00:00,26.0,96,0.0,1.08,0.0,88
2022-07-26 23:00:00,26.0,96,0.0,1.04,0.0,21
2022-07-27 00:00:00,25.9,97,0.0,1.02,0.0,96
2022-07-27 01:00:00,26.0,95,0.0,1.33,0.2,62
2022-07-27 02:00:00,25.6,96,0.0,1.39,0.4,66
2022-07-27 03:00:00,25.6,96,0.0,1.52,0.3,72
2022-07-27 04:00:00,25.7,93,0.0,1.33,0.1,78
2022-07-27 05:00:00,26.1,93,18.0,1.5,0.0,34
2022-07-27 06:00:00,26.8,89,154.0,2.4,0.0,64
2022-07-27 07:00:00,27.7,86,319.0,2.4,0.0,47
2022-07-27 08:00:00,28.8,83,514.0,2.1,0.0,32
2022-07-27 09:00:00,29.8,78,656.0,2.51,0.1,38
2022-07-27 10:00:00,30.5,75,772.0,2.81,0.1,32
2022-07-27 11:00:00,31.4,72,872.0,3.01,0.0,16
2022-07-27 12:00:00,31.6,70,848.0,3.2,0.2,33
2022-07-27 13:00:00,31.5,72,733.0,3.4,0.2,54
2022-07-27 14:00:00,31.3,74,661.0,3.2,0.1,100
2022-07-27 15:00:00,31.0,77,503.0,1.9,1.4,99
2022-07-27 16:00:00,28.5,85,286.0,2.48,2.5,98
2022-07-27 17:00:00,27.9,87,140.0,2.8,0.1,96
2022-07-27 18:00:00,27.1,90,14.0,1.42,0.1,99
2022-07-27 19:00:00,26.9,93,0.0,1.14,0.0,100
2022-07-27 20:00:00,26.8,94,0.0,1.13,0.0,94
2022-07-27 21:00:00,26.4,93,0.0,1.17,0.0,93
2022-07-27 22:00:00,26.6,92,0.0,1.03,0.0,100
2022-07-27 23:00:00,26.2,95,0.0,1.43,0.0,100
2022-07-28 00:00:00,26.4,93,0.0,1.12,0.0,99
2022-07-28 01:00:00,26.2,94,0.0,1.04,0.1,100
2022-07-28 02:00:00,26.2,94,0.0,0.85,0.0,100
2022-07-28 03:00:00,26.2,94,0.0,0.71,0.0,97
2022-07-28 04:00:00,25.6,97,0.0,0.82,0.0,95
2022-07-28 05:00:00,25.3,96,16.0,2.28,1.9,100
2022-07-28 06:00:00,25.5,95,55.0,1.56,0.1,99
2022-07-28 07:00:00,26.5,90,232.0,1.75,0.4,97
2022-07-28 08:00:00,27.5,87,369.0,1.39,0.2,95
2022-07-28 09:00:00,28.6,84,472.0,1.7,0.1,89
2022-07-28 10:00:00,29.5,81,590.0,1.43,0.1,100
2022-07-28 11:00:00,30.4,78,772.0,1.7,0.2,99
2022-07-28 12:00:00,30.5,76,661.0,1.49,0.1,100
2022-07-28 13:00:00,31.1,73,732.0,1.79,0.0,100
2022-07-28 14:00:00,31.1,74,562.0,1.73,0.0,100
2022-07-28 15:00:00,27.1,89,244.0,2.67,3.4,100
2022-07-28 16:00:00,27.9,88,229.0,1.96,0.1,100
2022-07-28 17:00:00,27.9,86,143.0,0.4,0.0,100
2022-07-28 18:00:00,28.1,86,15.0,0.7,0.0,95
2022-07-28 19:00:00,27.0,94,0.0,1.39,0.0,94
2022-07-28 20:00:00,27.3,91,0.0,1.17,0.0,99
2022-07-28 21:00:00,28.0,87,0.0,0.36,0.0,100
2022-07-28 22:00:00,26.6,94,0.0,1.2,0.0,40
2022-07-28 23:00:00,26.3,95,0.0,1.26,0.0,41
2022-07-29 00:00:00,26.4,95,0.0,1.0,0.0,63
2022-07-29 01:00:00,26.1,97,0.0,0.98,0.0,24
2022-07-29 02:00:00,25.6,100,0.0,0.86,0.0,26
2022-07-29 03:00:00,25.8,100,0.0,0.9,0.8,100
2022-07-29 04:00:00,25.1,100,0.0,1.9,3.4,100
2022-07-29 05:00:00,26.2,95,6.0,1.57,5.2,100
2022-07-29 06:00:00,27.2,90,137.0,1.27,0.9,80
2022-07-29 07:00:00,27.4,87,239.0,1.26,3.8,90
2022-07-29 08:00:00,28.2,83,391.0,1.04,0.2,81
2022-07-29 09:00:00,29.2,79,434.0,1.35,0.2,90
2022-07-29 10:00:00,30.4,77,679.0,1.7,0.1,100
2022-07-29 11:00:00,31.2,75,844.0,2.12,0.1,100
2022-07-29 12:00:00,31.1,74,762.0,2.73,1.1,64
2022-07-29 13:00:00,30.5,77,677.0,1.92,1.4,43
2022-07-29 14:00:00,31.2,73,645.0,1.28,0.1,45
2022-07-29 15:00:00,31.3,75,538.0,1.14,0.0,37
2022-07-29 16:00:00,29.4,82,312.0,3.93,0.8,57
2022-07-29 17:00:00,27.6,89,139.0,1.65,0.1,62
2022-07-29 18:00:00,27.3,92,17.0,1.27,0.0,87
2022-07-29 19:00:00,27.0,95,0.0,1.06,0.0,75
2022-07-29 20:00:00,26.8,95,0.0,1.17,0.0,48
2022-07-29 21:00:00,26.9,96,0.0,1.17,0.0,38
2022-07-29 22:00:00,26.6,96,0.0,1.3,0.0,31
2022-07-29 23:00:00,26.5,96,0.0,1.35,0.0,48
2022-07-30 00:00:00,26.4,96,0.0,1.28,0.0,34
2022-07-30 01:00:00,26.4,96,0.0,1.13,0.0,26
2022-07-30 02:00:00,26.4,96,0.0,1.35,0.0,30
2022-07-30 03:00:00,26.4,96,0.0,1.26,0.0,51
2022-07-30 04:00:00,26.1,96,0.0,1.08,0.0,96
2022-07-30 05:00:00,27.0,95,17.0,2.11,0.0,94
2022-07-30 06:00:00,26.6,86,123.0,4.46,6.2,100
2022-07-30 07:00:00,26.7,89,99.0,3.32,0.3,99
2022-07-30 08:00:00,28.2,82,419.0,4.0,0.0,98
2022-07-30 09:00:00,29.8,79,590.0,3.1,0.1,99
2022-07-30 10:00:00,30.7,76,766.0,3.8,0.1,96
2022-07-30 11:00:00,31.1,75,802.0,3.51,0.1,92
2022-07-30 12:00:00,31.1,75,709.0,3.9,3.2,94
2022-07-30 13:00:00,30.1,78,738.0,4.01,9.5,99
2022-07-30 14:00:00,28.8,85,325.0,2.28,1.4,100
2022-07-30 15:00:00,29.6,81,398.0,1.79,0.5,97
2022-07-30 16:00:00,28.7,85,229.0,1.63,0.7,100
2022-07-30 17:00:00,28.3,88,106.0,1.2,0.1,100
2022-07-30 18:00:00,28.3,87,13.0,0.63,0.0,100
2022-07-30 19:00:00,28.1,88,0.0,0.5,0.1,100
2022-07-30 20:00:00,26.7,93,0.0,1.71,2.6,100
2022-07-30 21:00:00,25.8,94,0.0,1.24,9.0,100
2022-07-30 22:00:00,25.8,95,0.0,1.26,0.1,100
2022-07-30 23:00:00,25.4,97,0.0,1.14,0.8,100
2022-07-31 00:00:00,25.0,97,0.0,1.53,7.8,100
2022-07-31 01:00:00,25.2,95,0.0,0.92,0.5,100
2022-07-31 02:00:00,24.8,97,0.0,1.14,0.7,100
2022-07-31 03:00:00,24.7,97,0.0,1.25,0.3,100
2022-07-31 04:00:00,24.6,98,0.0,1.41,0.6,100
2022-07-31 05:00:00,25.3,95,5.0,0.63,0.6,100
2022-07-31 06:00:00,25.3,95,49.0,1.62,7.5,100
2022-07-31 07:00:00,25.4,94,116.0,0.5,1.0,100
2022-07-31 08:00:00,25.8,91,129.0,1.04,0.9,100
2022-07-31 09:00:00,26.4,90,171.0,1.03,0.3,100
2022-07-31 10:00:00,28.0,83,575.0,1.24,0.3,100
2022-07-31 11:00:00,28.1,83,407.0,2.7,0.1,100
2022-07-31 12:00:00,28.4,83,512.0,3.36,0.1,100
2022-07-31 13:00:00,28.2,85,496.0,2.8,0.2,100
2022-07-31 14:00:00,28.6,84,401.0,2.3,0.1,100
2022-07-31 15:00:00,28.6,83,300.0,2.31,0.1,100
2022-07-31 16:00:00,28.9,82,222.0,2.0,0.1,100
2022-07-31 17:00:00,28.0,84,103.0,0.72,0.0,100
2022-07-31 18:00:00,26.7,92,16.0,0.72,0.0,100
2022-07-31 19:00:00,26.6,93,0.0,0.72,0.0,100
2022-07-31 20:00:00,26.5,94,0.0,0.58,0.0,100
2022-07-31 21:00:00,26.5,93,0.0,0.82,0.0,100
2022-07-31 22:00:00,26.0,97,0.0,0.73,0.1,100
2022-07-31 23:00:00,25.8,96,0.0,1.08,0.6,100
2022-08-01 00:00:00,25.7,96,0.0,0.61,0.0,100
2022-08-01 01:00:00,25.6,96,0.0,0.22,0.0,100
2022-08-01 02:00:00,25.3,97,0.0,0.45,0.0,100
2022-08-01 03:00:00,25.3,97,0.0,0.86,0.0,100
2022-08-01 04:00:00,25.2,96,0.0,0.91,0.0,100
2022-08-01 05:00:00,25.3,94,14.0,1.77,0.0,100
2022-08-01 06:00:00,25.8,91,69.0,1.49,0.0,100
2022-08-01 07:00:00,26.1,90,78.0,1.48,0.1,100
2022-08-01 08:00:00,26.8,87,152.0,1.3,0.1,100
2022-08-01 09:00:00,27.3,85,228.0,1.82,0.2,100
2022-08-01 10:00:00,28.1,84,379.0,1.5,0.1,100
2022-08-01 11:00:00,28.7,83,503.0,1.0,0.1,100
2022-08-01 12:00:00,30.0,77,594.0,1.14,0.1,100
2022-08-01 13:00:00,28.1,83,404.0,3.19,1.7,100
2022-08-01 14:00:00,26.5,92,120.0,2.16,2.3,100
2022-08-01 15:00:00,27.1,90,254.0,2.46,0.4,100
2022-08-01 16:00:00,27.6,88,223.0,1.78,0.1,100
2022-08-01 17:00:00,26.6,90,108.0,1.03,0.0,99
2022-08-01 18:00:00,26.0,94,13.0,0.92,0.0,100
2022-08-01 19:00:00,25.5,97,0.0,1.06,0.0,100
2022-08-01 20:00:00,25.3,98,0.0,0.85,0.0,100
2022-08-01 21:00:00,25.1,98,0.0,0.92,0.0,100
2022-08-01 22:00:00,25.4,98,0.0,1.0,0.0,100
2022-08-01 23:00:00,25.0,98,0.0,1.35,0.0,100
2022-08-02 00:00:00,25.2,98,0.0,1.03,0.0,100
2022-08-02 01:00:00,25.4,97,0.0,0.94,0.0,100
2022-08-02 02:00:00,25.8,94,0.0,0.92,0.0,100
2022-08-02 03:00:00,25.7,95,0.0,0.54,0.0,100
2022-08-02 04:00:00,24.7,99,0.0,0.92,0.0,100
2022-08-02 05:00:00,26.0,95,15.0,0.78,0.0,100
2022-08-02 06:00:00,26.5,93,109.0,0.4,0.2,100
2022-08-02 07:00:00,27.5,89,258.0,0.71,0.0,100
2022-08-02 08:00:00,28.9,85,512.0,0.63,0.1,99
2022-08-02 09:00:00,30.1,79,660.0,0.51,0.1,96
2022-08-02 10:00:00,31.1,75,752.0,0.86,0.0,100
2022-08-02 11:00:00,31.4,72,689.0,1.42,0.0,100
2022-08-02 12:00:00,31.1,75,497.0,2.37,0.2,99
2022-08-02 13:00:00,31.5,75,756.0,2.16,0.2,100
2022-08-02 14:00:00,31.5,74,606.0,1.53,0.1,100
2022-08-02 15:00:00,29.6,80,287.0,1.71,3.2,100
2022-08-02 16:00:00,29.6,81,181.0,1.1,0.0,100
2022-08-02 17:00:00,28.6,80,113.0,0.98,0.0,100
2022-08-02 18:00:00,27.1,92,11.0,2.36,0.6,100
2022-08-02 19:00:00,26.8,92,0.0,2.82,0.4,100
2022-08-02 20:00:00,26.6,94,0.0,1.71,1.7,100
2022-08-02 21:00:00,26.4,93,0.0,2.02,1.7,100
2022-08-02 22:00:00,26.2,93,0.0,1.42,1.2,96
2022-08-02 23:00:00,26.3,93,0.0,0.81,2.0,91
2022-08-03 00:00:00,26.1,95,0.0,1.22,1.3,100
2022-08-03 01:00:00,26.0,95,0.0,1.61,1.7,100
2022-08-03 02:00:00,25.8,97,0.0,0.57,0.7,100
2022-08-03 03:00:00,25.7,98,0.0,1.92,0.5,99
2022-08-03 04:00:00,25.6,99,0.0,1.26,1.7,100
2022-08-03 05:00:00,26.0,94,5.0,2.35,0.2,98
2022-08-03 06:00:00,26.3,94,80.0,1.96,1.8,100
2022-08-03 07:00:00,27.0,90,172.0,2.42,0.3,100
2022-08-03 08:00:00,28.5,83,425.0,3.31,0.1,100
2022-08-03 09:00:00,29.5,81,446.0,2.56,0.1,100
2022-08-03 10:00:00,30.1,81,480.0,1.63,0.3,100
2022-08-03 11:00:00,31.3,78,778.0,1.79,0.1,100
2022-08-03 12:00:00,32.3,74,838.0,1.66,0.1,100
2022-08-03 13:00:00,32.4,75,764.0,1.2,0.2,100
2022-08-03 14:00:00,32.4,73,463.0,1.12,0.2,67
2022-08-03 15:00:00,29.9,79,367.0,2.66,5.0,82
2022-08-03 16:00:00,29.4,82,220.0,1.88,1.0,84
2022-08-03 17:00:00,28.6,86,94.0,1.5,0.0,98
2022-08-03 18:00:00,27.8,92,11.0,0.91,0.0,91
2022-08-03 19:00:00,28.2,88,0.0,0.1,0.0,100
2022-08-03 20:00:00,28.3,88,0.0,0.32,0.1,100
2022-08-03 21:00:00,27.3,93,0.0,0.94,0.0,100
2022-08-03 22:00:00,26.8,94,0.0,2.12,3.8,100
2022-08-03 23:00:00,26.5,98,0.0,1.44,0.2,100
2022-08-04 00:00:00,26.2,99,0.0,0.99,0.0,99
2022-08-04 01:00:00,25.7,99,0.0,1.6,0.0,100
2022-08-04 02:00:00,25.4,99,0.0,0.41,0.0,99
2022-08-04 03:00:00,25.3,99,0.0,0.67,0.0,100
2022-08-04 04:00:00,25.7,96,0.0,0.92,0.0,100
2022-08-04 05:00:00,26.5,96,9.0,0.2,0.0,100
2022-08-04 06:00:00,27.2,92,85.0,0.61,0.1,100
2022-08-04 07:00:00,27.9,89,216.0,1.0,0.1,100
2022-08-04 08:00:00,28.3,86,332.0,1.79,0.0,100
2022-08-04 09:00:00,29.5,82,455.0,1.14,0.1,97
2022-08-04 10:00:00,30.6,80,612.0,2.06,0.1,100
2022-08-04 11:00:00,30.0,82,697.0,0.92,6.5,85
2022-08-04 12:00:00,30.9,80,654.0,1.4,0.2,100
2022-08-04 13:00:00,30.8,80,448.0,2.11,0.1,100
2022-08-04 14:00:00,31.1,74,449.0,2.43,0.1,100
2022-08-04 15:00:00,30.6,77,273.0,2.61,0.0,100
2022-08-04 16:00:00,30.2,81,243.0,2.52,0.0,100
2022-08-04 17:00:00,28.7,86,99.0,2.05,0.0,100
2022-08-04 18:00:00,27.7,92,15.0,1.39,0.0,100
2022-08-04 19:00:00,27.5,93,0.0,1.56,0.0,99
2022-08-04 20:00:00,27.4,94,0.0,1.75,0.0,100
2022-08-04 21:00:00,27.2,94,0.0,1.63,0.0,100
2022-08-04 22:00:00,27.0,95,0.0,1.35,0.0,100
2022-08-04 23:00:00,26.9,95,0.0,1.28,0.0,100
2022-08-05 00:00:00,27.0,95,0.0,1.63,0.0,100
2022-08-05 01:00:00,26.9,93,0.0,2.13,0.0,100
2022-08-05 02:00:00,26.7,93,0.0,2.48,0.0,100
2022-08-05 03:00:00,26.6,91,0.0,2.41,0.0,100
2022-08-05 04:00:00,26.5,92,0.0,2.28,0.0,100
2022-08-05 05:00:00,27.2,90,15.0,2.48,0.0,100
2022-08-05 06:00:00,28.2,86,131.0,2.25,0.0,100
2022-08-05 07:00:00,29.0,85,294.0,2.52,0.0,100
2022-08-05 08:00:00,29.9,83,458.0,2.55,0.0,100
2022-08-05 09:00:00,30.7,77,568.0,2.77,0.1,99
2022-08-05 10:00:00,31.9,71,776.0,2.94,0.1,100
2022-08-05 11:00:00,32.5,69,767.0,2.79,0.0,100
2022-08-05 12:00:00,32.8,67,636.0,2.6,0.0,100
2022-08-05 13:00:00,32.8,66,558.0,2.55,0.0,99
2022-08-05 14:00:00,32.9,67,610.0,2.38,0.0,100
2022-08-05 15:00:00,32.9,66,542.0,1.99,0.0,84
2022-08-05 16:00:00,31.6,70,340.0,2.14,0.3,96
2022-08-05 17:00:00,30.5,81,109.0,0.95,0.1,100
2022-08-05 18:00:00,29.1,90,12.0,0.81,1.7,99
2022-08-05 19:00:00,29.0,89,0.0,0.71,0.3,100
2022-08-05 20:00:00,27.9,93,0.0,0.32,7.4,99
2022-08-05 21:00:00,27.5,94,0.0,1.61,0.4,100
2022-08-05 22:00:00,27.4,94,0.0,0.94,0.6,100
2022-08-05 23:00:00,26.9,96,0.0,1.4,2.4,100
2022-08-06 00:00:00,26.7,95,0.0,1.41,0.8,100
2022-08-06 01:00:00,26.5,96,0.0,1.43,0.6,100
2022-08-06 02:00:00,26.4,96,0.0,1.2,0.2,100
2022-08-06 03:00:00,26.2,95,0.0,0.67,0.3,100
2022-08-06 04:00:00,26.1,96,0.0,1.3,1.9,100
2022-08-06 05:00:00,26.2,94,3.0,2.1,0.2,100
2022-08-06 06:00:00,26.4,92,54.0,2.3,0.2,100
2022-08-06 07:00:00,27.3,89,197.0,1.68,0.1,100
2022-08-06 08:00:00,28.5,83,402.0,1.58,0.0,99
2022-08-06 09:00:00,30.3,76,619.0,1.53,0.0,100
2022-08-06 10:00:00,30.8,75,619.0,1.3,0.1,100
2022-08-06 11:00:00,30.9,78,690.0,1.84,0.2,100
2022-08-06 12:00:00,31.5,78,729.0,1.22,0.2,88
2022-08-06 13:00:00,31.7,77,722.0,0.32,0.6,100
2022-08-06 14:00:00,31.5,78,554.0,0.5,1.4,57
2022-08-06 15:00:00,31.7,77,454.0,0.22,0.1,62
2022-08-06 16:00:00,31.6,76,286.0,0.58,0.0,97
2022-08-06 17:00:00,29.7,81,108.0,1.12,0.1,100
2022-08-06 18:00:00,28.9,88,9.0,0.51,0.1,82
2022-08-06 19:00:00,29.0,86,0.0,0.58,0.0,79
2022-08-06 20:00:00,29.0,88,0.0,0.54,0.0,25
2022-08-06 21:00:00,28.6,92,0.0,0.5,0.0,20
2022-08-06 22:00:00,28.2,97,0.0,0.8,0.0,20
2022-08-06 23:00:00,27.1,100,0.0,1.3,0.0,22
2022-08-07 00:00:00,27.1,99,0.0,1.14,0.0,15
2022-08-07 01:00:00,27.2,98,0.0,1.17,0.0,98
2022-08-07 02:00:00,26.7,99,0.0,1.35,0.0,89
2022-08-07 03:00:00,27.4,97,0.0,0.61,0.4,100
2022-08-07 04:00:00,27.1,97,0.0,0.57,0.1,63
2022-08-07 05:00:00,28.1,92,12.0,0.94,0.1,41
2022-08-07 06:00:00,28.9,86,124.0,0.73,0.0,4
2022-08-07 07:00:00,29.9,82,343.0,0.22,0.0,6
2022-08-07 08:00:00,31.1,78,542.0,0.95,0.0,4
2022-08-07 09:00:00,32.3,73,708.0,1.84,0.0,15
2022-08-07 10:00:00,33.2,68,810.0,1.96,0.1,22
2022-08-07 11:00:00,34.0,65,847.0,2.25,0.0,73
2022-08-07 12:00:00,34.7,62,896.0,2.28,0.0,99
2022-08-07 13:00:00,34.7,62,814.0,2.28,0.1,98
2022-08-07 14:00:00,34.8,61,628.0,1.12,0.0,100
2022-08-07 15:00:00,34.8,61,527.0,0.91,0.0,100
2022-08-07 16:00:00,33.8,64,298.0,1.1,0.1,100
2022-08-07 17:00:00,30.6,81,120.0,2.28,0.0,98
2022-08-07 18:00:00,29.4,83,8.0,2.7,0.4,95
2022-08-07 19:00:00,28.6,89,0.0,1.46,0.0,84
2022-08-07 20:00:00,28.3,92,0.0,1.2,0.2,99
2022-08-07 21:00:00,27.7,95,0.0,1.43,5.8,100
2022-08-07 22:00:00,27.7,93,0.0,1.7,0.2,100
2022-08-07 23:00:00,27.6,89,0.0,1.92,4.0,100
2022-08-08 00:00:00,26.7,96,0.0,1.22,13.0,100
2022-08-08 01:00:00,26.5,94,0.0,1.6,1.2,100
2022-08-08 02:00:00,26.5,95,0.0,1.63,3.2,100
2022-08-08 03:00:00,26.4,96,0.0,1.6,1.0,100
2022-08-08 04:00:00,26.3,96,0.0,0.85,0.0,100
2022-08-08 05:00:00,26.7,95,6.0,3.0,0.3,100
2022-08-08 06:00:00,26.8,94,70.0,2.64,0.2,100
2022-08-08 07:00:00,27.2,94,119.0,2.62,0.2,100
2022-08-08 08:00:00,28.5,85,348.0,4.16,0.1,100
2022-08-08 09:00:00,30.0,78,528.0,4.32,0.0,100
2022-08-08 10:00:00,31.0,74,490.0,4.21,0.0,98
2022-08-08 11:00:00,32.3,70,764.0,3.96,0.0,39
2022-08-08 12:00:00,33.1,68,857.0,3.86,0.0,79
2022-08-08 13:00:00,33.7,65,821.0,4.09,0.0,99
2022-08-08 14:00:00,33.5,65,694.0,4.37,0.0,97
2022-08-08 15:00:00,33.6,65,504.0,3.92,0.0,34
2022-08-08 16:00:00,33.4,67,334.0,2.82,0.0,23
2022-08-08 17:00:00,32.2,75,134.0,2.19,0.0,14
2022-08-08 18:00:00,30.8,81,12.0,1.72,0.0,12
2022-08-08 19:00:00,29.8,88,0.0,1.6,0.0,2
2022-08-08 20:00:00,29.2,90,0.0,1.32,0.0,20
2022-08-08 21:00:00,29.4,86,0.0,2.86,0.0,20
2022-08-08 22:00:00,28.3,93,0.0,0.98,0.0,6
2022-08-08 23:00:00,28.1,92,0.0,1.56,0.0,24
2022-08-09 00:00:00,28.0,92,0.0,1.3,0.0,40
2022-08-09 01:00:00,27.9,91,0.0,2.28,0.0,42
2022-08-09 02:00:00,27.0,95,0.0,2.04,0.0,54
2022-08-09 03:00:00,26.8,96,0.0,2.12,0.0,100
2022-08-09 04:00:00,26.7,95,0.0,2.47,0.1,100
2022-08-09 05:00:00,27.0,88,3.0,1.88,0.5,100
2022-08-09 06:00:00,27.9,87,112.0,1.58,0.0,100
2022-08-09 07:00:00,28.5,83,231.0,0.98,0.0,92
2022-08-09 08:00:00,29.9,78,430.0,0.5,0.0,86
2022-08-09 09:00:00,31.5,72,663.0,1.56,0.0,57
2022-08-09 10:00:00,32.6,72,766.0,1.91,0.0,56
2022-08-09 11:00:00,32.8,74,865.0,1.75,0.0,99
2022-08-09 12:00:00,33.0,73,641.0,1.48,0.8,100
2022-08-09 13:00:00,33.2,70,731.0,1.14,0.6,73
2022-08-09 14:00:00,33.0,72,501.0,0.54,0.1,94
2022-08-09 15:00:00,32.0,72,473.0,1.4,0.3,96
2022-08-09 16:00:00,28.9,85,219.0,2.85,3.8,63
2022-08-09 17:00:00,29.8,84,102.0,2.77,0.1,87
2022-08-09 18:00:00,28.4,89,11.0,2.98,0.0,13
2022-08-09 19:00:00,28.1,91,0.0,2.2,0.0,22
2022-08-09 20:00:00,28.0,93,0.0,1.49,0.0,24
2022-08-09 21:00:00,28.2,92,0.0,1.8,0.0,45
2022-08-09 22:00:00,28.0,89,0.0,1.71,0.0,94
2022-08-09 23:00:00,26.5,93,0.0,2.64,6.7,100
2022-08-10 00:00:00,25.7,95,0.0,0.73,8.7,100
2022-08-10 01:00:00,26.0,94,0.0,1.0,0.1,100
2022-08-10 02:00:00,26.2,97,0.0,0.5,0.0,100
2022-08-10 03:00:00,26.7,92,0.0,0.22,0.0,100
2022-08-10 04:00:00,26.2,94,0.0,0.67,0.0,100
2022-08-10 05:00:00,25.8,94,7.0,1.98,0.0,100
2022-08-10 06:00:00,26.0,93,30.0,2.02,0.1,100
2022-08-10 07:00:00,26.6,90,102.0,2.18,0.4,100
2022-08-10 08:00:00,27.3,88,188.0,2.94,0.1,100
2022-08-10 09:00:00,28.0,85,306.0,2.5,0.1,100
2022-08-10 10:00:00,29.0,79,459.0,2.38,0.1,94
2022-08-10 11:00:00,30.7,72,752.0,2.9,0.0,100
2022-08-10 12:00:00,31.2,73,767.0,3.11,0.0,86
2022-08-10 13:00:00,31.6,72,671.0,3.0,0.0,100
2022-08-10 14:00:00,31.4,72,564.0,2.78,0.0,63
2022-08-10 15:00:00,31.5,72,468.0,2.51,0.1,57
2022-08-10 16:00:00,31.6,70,290.0,1.7,0.0,49
2022-08-10 17:00:00,29.2,83,109.0,2.12,0.0,59
2022-08-10 18:00:00,28.0,92,10.0,1.1,0.0,30
2022-08-10 19:00:00,27.5,95,0.0,1.08,0.0,20
2022-08-10 20:00:00,28.1,91,0.0,1.1,0.0,10
2022-08-10 21:00:00,27.9,93,0.0,0.81,0.0,15
2022-08-10 22:00:00,27.9,93,0.0,0.22,0.0,1
2022-08-10 23:00:00,27.6,95,0.0,1.02,0.0,0
2022-08-11 00:00:00,26.3,98,0.0,1.42,0.0,0
2022-08-11 01:00:00,26.3,98,0.0,1.22,0.0,0
2022-08-11 02:00:00,26.0,100,0.0,1.06,0.0,0
2022-08-11 03:00:00,25.2,100,0.0,1.34,0.0,100
2022-08-11 04:00:00,25.1,100,0.0,1.08,0.0,99
2022-08-11 05:00:00,26.8,95,12.0,1.4,0.0,100
2022-08-11 06:00:00,28.0,89,144.0,0.3,0.0,0
2022-08-11 07:00:00,29.3,85,339.0,0.72,0.0,1
2022-08-11 08:00:00,30.5,79,506.0,0.76,0.0,0
2022-08-11 09:00:00,31.7,74,707.0,1.3,0.0,3
2022-08-11 10:00:00,33.0,67,834.0,1.24,0.0,5
2022-08-11 11:00:00,34.2,59,888.0,1.22,0.0,8
2022-08-11 12:00:00,34.6,58,884.0,1.24,0.0,4
2022-08-11 13:00:00,34.6,59,825.0,1.42,0.0,21
2022-08-11 14:00:00,34.2,62,662.0,1.91,0.1,28
2022-08-11 15:00:00,33.3,67,501.0,2.69,0.1,28
2022-08-11 16:00:00,32.2,73,304.0,3.42,0.0,71
2022-08-11 17:00:00,30.8,77,120.0,3.47,0.0,42
2022-08-11 18:00:00,29.9,79,9.0,2.73,0.0,26
2022-08-11 19:00:00,29.6,79,0.0,2.77,0.0,38
2022-08-11 20:00:00,29.3,79,0.0,2.75,0.0,90
2022-08-11 21:00:00,29.2,79,0.0,2.71,0.0,94
2022-08-11 22:00:00,28.6,83,0.0,1.77,0.0,100
2022-08-11 23:00:00,28.5,84,0.0,1.49,0.0,93
2022-08-12 00:00:00,28.3,86,0.0,1.43,0.0,59
2022-08-12 01:00:00,27.9,86,0.0,1.58,0.0,38
2022-08-12 02:00:00,27.7,85,0.0,1.68,0.0,65
2022-08-12 03:00:00,27.3,87,0.0,1.46,0.0,60
2022-08-12 04:00:00,26.7,90,0.0,1.22,0.0,9
2022-08-12 05:00:00,27.5,86,13.0,2.4,0.0,2
2022-08-12 06:00:00,28.2,83,141.0,2.31,0.0,36
2022-08-12 07:00:00,29.0,80,340.0,2.19,0.0,89
2022-08-12 08:00:00,29.9,78,540.0,1.84,0.0,94
2022-08-12 09:00:00,31.4,71,696.0,1.7,0.0,96
2022-08-12 10:00:00,32.6,66,764.0,1.91,0.0,100
2022-08-12 11:00:00,33.5,61,744.0,1.84,0.0,99
2022-08-12 12:00:00,34.0,59,705.0,2.27,0.0,100
2022-08-12 13:00:00,33.8,62,587.0,3.41,0.0,99
2022-08-12 14:00:00,33.1,65,641.0,3.62,0.1,100
2022-08-12 15:00:00,33.1,64,528.0,3.23,0.0,100
2022-08-12 16:00:00,32.5,68,302.0,2.8,0.0,98
2022-08-12 17:00:00,31.3,75,113.0,1.75,0.0,99
2022-08-12 18:00:00,30.2,80,9.0,2.4,0.0,96
2022-08-12 19:00:00,29.6,80,0.0,1.82,0.0,99
2022-08-12 20:00:00,29.2,83,0.0,1.33,0.0,99
2022-08-12 21:00:00,29.0,85,0.0,1.49,0.0,100
2022-08-12 22:00:00,29.0,83,0.0,1.75,0.0,100
2022-08-12 23:00:00,28.9,83,0.0,2.05,0.0,99
2022-08-13 00:00:00,28.5,84,0.0,2.02,0.0,100
2022-08-13 01:00:00,28.2,87,0.0,1.86,0.0,97
2022-08-13 02:00:00,27.8,89,0.0,1.39,0.0,99
2022-08-13 03:00:00,27.6,88,0.0,1.63,0.0,100
2022-08-13 04:00:00,27.2,91,0.0,1.33,0.0,100
2022-08-13 05:00:00,28.2,86,11.0,1.26,0.0,100
2022-08-13 06:00:00,29.3,83,120.0,0.51,0.0,100
2022-08-13 07:00:00,30.2,77,265.0,1.44,0.0,100
2022-08-13 08:00:00,30.8,76,387.0,1.84,0.0,100
2022-08-13 09:00:00,31.5,72,523.0,2.25,0.1,100
2022-08-13 10:00:00,32.1,70,529.0,2.94,0.0,100
2022-08-13 11:00:00,33.0,67,699.0,2.86,0.0,100
2022-08-13 12:00:00,33.7,64,810.0,3.57,0.0,100
2022-08-13 13:00:00,33.3,66,632.0,4.1,0.1,100
2022-08-13 14:00:00,31.9,72,326.0,3.98,0.0,100
2022-08-13 15:00:00,31.4,75,268.0,4.05,0.0,100
2022-08-13 16:00:00,30.8,80,184.0,3.58,0.0,99
2022-08-13 17:00:00,30.2,83,90.0,2.66,0.0,64
2022-08-13 18:00:00,29.6,85,8.0,2.37,0.0,91
2022-08-13 19:00:00,29.2,87,0.0,2.06,0.0,55
2022-08-13 20:00:00,28.8,89,0.0,1.79,0.0,95
2022-08-13 21:00:00,28.6,89,0.0,2.35,0.0,54
2022-08-13 22:00:00,28.1,91,0.0,1.32,0.0,59
2022-08-13 23:00:00,28.0,91,0.0,1.56,0.0,57
2022-08-14 00:00:00,27.7,93,0.0,2.15,0.0,34
2022-08-14 01:00:00,27.2,94,0.0,2.06,0.0,79
2022-08-14 02:00:00,27.1,94,0.0,2.1,0.0,77
2022-08-14 03:00:00,27.1,94,0.0,2.5,0.0,100
2022-08-14 04:00:00,27.1,92,0.0,2.47,0.0,100
2022-08-14 05:00:00,26.7,94,8.0,2.51,0.0,100
2022-08-14 06:00:00,27.4,91,84.0,1.62,0.0,66
2022-08-14 07:00:00,28.5,85,237.0,0.32,0.1,57
2022-08-14 08:00:00,30.2,80,469.0,2.22,0.0,38
2022-08-14 09:00:00,31.3,77,652.0,3.39,0.2,39
2022-08-14 10:00:00,31.6,76,713.0,3.19,0.2,45
2022-08-14 11:00:00,32.5,73,808.0,2.7,0.2,27
2022-08-14 12:00:00,33.1,71,828.0,2.88,0.2,34
2022-08-14 13:00:00,32.7,72,731.0,1.66,0.2,67
2022-08-14 14:00:00,30.0,82,572.0,3.62,8.0,100
2022-08-14 15:00:00,27.6,91,247.0,2.56,7.9,94
2022-08-14 16:00:00,27.4,92,164.0,1.02,6.1,100
2022-08-14 17:00:00,28.1,87,25.0,3.32,0.4,77
2022-08-14 18:00:00,26.5,93,6.0,2.61,11.4,94
2022-08-14 19:00:00,26.5,95,0.0,1.13,0.2,79
2022-08-14 20:00:00,26.7,95,0.0,1.77,0.1,65
2022-08-14 21:00:00,26.6,96,0.0,0.99,0.0,59
2022-08-14 22:00:00,26.9,95,0.0,1.17,0.1,90
2022-08-14 23:00:00,27.1,93,0.0,1.0,0.0,100
2022-08-15 00:00:00,27.1,93,0.0,1.2,0.1,100
2022-08-15 01:00:00,26.8,93,0.0,1.14,0.7,100
2022-08-15 02:00:00,26.7,93,0.0,1.04,0.6,100
2022-08-15 03:00:00,26.5,95,0.0,0.41,0.2,98
2022-08-15 04:00:00,26.6,91,0.0,0.1,0.0,98
2022-08-15 05:00:00,26.6,90,9.0,0.98,0.0,12
2022-08-15 06:00:00,26.9,89,100.0,0.45,0.0,31
2022-08-15 07:00:00,27.8,87,256.0,0.86,0.0,38
2022-08-15 08:00:00,29.1,83,527.0,0.63,0.0,18
2022-08-15 09:00:00,30.4,78,692.0,0.8,0.0,11
2022-08-15 10:00:00,31.5,73,792.0,1.32,0.0,15
2022-08-15 11:00:00,32.3,68,856.0,1.63,0.0,21
2022-08-15 12:00:00,32.8,66,835.0,1.94,0.1,39
2022-08-15 13:00:00,32.6,66,717.0,2.4,0.0,39
2022-08-15 14:00:00,33.0,62,613.0,2.96,0.2,88
2022-08-15 15:00:00,31.9,71,423.0,3.55,0.0,99
2022-08-15 16:00:00,31.2,75,268.0,3.02,0.0,98
2022-08-15 17:00:00,30.3,78,101.0,1.98,0.0,43
2022-08-15 18:00:00,29.1,85,8.0,2.22,0.0,57
2022-08-15 19:00:00,28.9,86,0.0,2.72,0.0,68
2022-08-15 20:00:00,28.8,85,0.0,2.75,0.0,29
2022-08-15 21:00:00,28.4,86,0.0,2.65,0.0,75
2022-08-15 22:00:00,27.9,88,0.0,1.75,0.0,69
2022-08-15 23:00:00,27.4,92,0.0,1.39,0.0,22
2022-08-16 00:00:00,26.9,95,0.0,1.32,0.0,50
2022-08-16 01:00:00,26.7,95,0.0,1.24,0.0,92
2022-08-16 02:00:00,26.6,94,0.0,1.3,0.0,100
2022-08-16 03:00:00,26.7,90,0.0,2.04,0.0,100
2022-08-16 04:00:00,26.5,91,0.0,2.79,0.0,100
2022-08-16 05:00:00,26.9,90,11.0,2.65,0.0,100
2022-08-16 06:00:00,27.9,84,131.0,4.31,0.0,95
2022-08-16 07:00:00,28.8,79,301.0,4.61,0.0,70
2022-08-16 08:00:00,29.5,77,433.0,3.92,0.0,68
2022-08-16 09:00:00,30.6,75,685.0,3.21,0.1,84
2022-08-16 10:00:00,31.2,74,761.0,3.41,0.1,98
2022-08-16 11:00:00,31.8,73,818.0,3.71,0.0,75
2022-08-16 12:00:00,32.5,69,845.0,4.1,0.0,64
2022-08-16 13:00:00,32.6,68,788.0,4.3,0.0,89
2022-08-16 14:00:00,32.4,68,610.0,4.53,0.0,92
2022-08-16 15:00:00,31.9,69,443.0,3.92,0.0,83
2022-08-16 16:00:00,31.1,73,248.0,2.89,0.1,89
2022-08-16 17:00:00,30.0,81,88.0,1.84,0.0,94
2022-08-16 18:00:00,29.0,85,7.0,2.6,0.0,98
2022-08-16 19:00:00,28.6,86,0.0,2.15,0.0,95
2022-08-16 20:00:00,28.6,86,0.0,1.84,0.0,92
2022-08-16 21:00:00,28.5,86,0.0,1.89,0.0,100
2022-08-16 22:00:00,27.8,90,0.0,1.39,0.0,100
2022-08-16 23:00:00,27.5,92,0.0,1.39,0.0,99
2022-08-17 00:00:00,27.5,92,0.0,1.2,0.0,99
2022-08-17 01:00:00,27.2,93,0.0,1.17,0.0,100
2022-08-17 02:00:00,27.0,95,0.0,1.17,0.0,30
2022-08-17 03:00:00,27.0,96,0.0,1.17,0.0,47
2022-08-17 04:00:00,26.7,97,0.0,1.04,0.0,44
2022-08-17 05:00:00,27.3,91,11.0,1.43,0.0,28
2022-08-17 06:00:00,28.0,88,114.0,1.8,0.1,57
2022-08-17 07:00:00,28.6,87,271.0,2.51,0.2,66
2022-08-17 08:00:00,29.5,83,469.0,1.92,0.2,83
2022-08-17 09:00:00,30.6,76,631.0,1.6,0.1,71
2022-08-17 10:00:00,31.4,73,754.0,1.79,0.1,29
2022-08-17 11:00:00,31.7,72,810.0,1.97,0.1,67
2022-08-17 12:00:00,32.1,70,727.0,1.97,0.1,40
2022-08-17 13:00:00,32.2,70,735.0,1.71,0.1,36
2022-08-17 14:00:00,32.4,72,657.0,2.2,0.1,50
2022-08-17 15:00:00,32.4,73,514.0,2.32,0.1,30
2022-08-17 16:00:00,31.9,75,293.0,2.55,0.0,29
2022-08-17 17:00:00,30.3,79,108.0,3.61,0.4,73
2022-08-17 18:00:00,29.2,77,6.0,1.94,0.0,50
2022-08-17 19:00:00,28.8,81,0.0,1.44,0.0,79
2022-08-17 20:00:00,28.5,85,0.0,1.33,0.0,56
2022-08-17 21:00:00,28.2,88,0.0,1.4,0.0,64
2022-08-17 22:00:00,28.0,90,0.0,1.41,0.0,92
2022-08-17 23:00:00,27.7,91,0.0,0.94,0.0,67
2022-08-18 00:00:00,27.5,93,0.0,0.78,0.0,13
2022-08-18 01:00:00,27.1,97,0.0,0.58,0.0,8
2022-08-18 02:00:00,26.9,98,0.0,0.71,0.0,25
2022-08-18 03:00:00,26.8,99,0.0,0.91,0.0,5
2022-08-18 04:00:00,26.7,99,0.0,1.02,0.0,3
2022-08-18 05:00:00,27.7,90,11.0,1.73,0.0,18
2022-08-18 06:00:00,29.3,81,132.0,1.41,0.0,18
2022-08-18 07:00:00,30.7,75,328.0,1.5,0.0,1
2022-08-18 08:00:00,31.8,73,533.0,1.96,0.0,10
2022-08-18 09:00:00,32.8,69,706.0,2.35,0.0,8
2022-08-18 10:00:00,33.6,66,799.0,2.6,0.0,33
2022-08-18 11:00:00,34.2,64,889.0,2.73,0.0,43
2022-08-18 12:00:00,34.7,63,889.0,2.83,0.0,82
2022-08-18 13:00:00,35.0,62,811.0,2.58,0.0,96
2022-08-18 14:00:00,34.9,63,659.0,2.19,0.0,100
2022-08-18 15:00:00,34.5,63,449.0,1.39,0.2,99
2022-08-18 16:00:00,33.8,67,271.0,1.28,0.0,96
2022-08-18 17:00:00,31.2,81,91.0,0.86,0.0,99
2022-08-18 18:00:00,30.4,88,5.0,1.14,0.0,100
2022-08-18 19:00:00,29.8,92,0.0,0.91,0.0,99
2022-08-18 20:00:00,29.6,92,0.0,1.49,0.0,100
2022-08-18 21:00:00,29.2,92,0.0,1.06,0.0,100
2022-08-18 22:00:00,29.1,91,0.0,1.2,0.0,100
2022-08-18 23:00:00,28.9,93,0.0,1.68,0.0,100
2022-08-19 00:00:00,28.8,93,0.0,2.65,0.0,100
2022-08-19 01:00:00,28.6,92,0.0,2.6,0.0,100
2022-08-19 02:00:00,28.1,93,0.0,1.63,1.4,100
2022-08-19 03:00:00,27.1,95,0.0,2.82,7.7,100
2022-08-19 04:00:00,27.4,93,0.0,3.09,0.0,99
2022-08-19 05:00:00,27.7,92,9.0,4.51,0.0,27
2022-08-19 06:00:00,28.1,91,128.0,4.9,0.0,56
2022-08-19 07:00:00,29.2,85,311.0,4.83,0.0,56
2022-08-19 08:00:00,30.4,80,437.0,3.73,0.0,6
2022-08-19 09:00:00,32.2,74,712.0,3.79,0.0,6
2022-08-19 10:00:00,33.0,70,811.0,4.12,0.1,8
2022-08-19 11:00:00,33.8,68,873.0,3.58,0.0,28
2022-08-19 12:00:00,33.9,70,826.0,3.44,0.6,56
2022-08-19 13:00:00,31.4,77,619.0,2.2,5.2,71
2022-08-19 14:00:00,32.4,70,609.0,0.32,0.5,67
2022-08-19 15:00:00,32.5,72,399.0,0.63,0.0,74
2022-08-19 16:00:00,32.1,75,239.0,0.72,0.3,83
2022-08-19 17:00:00,29.5,84,84.0,2.2,1.6,100
2022-08-19 18:00:00,28.3,92,5.0,1.84,0.0,44
2022-08-19 19:00:00,29.4,85,0.0,0.36,0.0,75
2022-08-19 20:00:00,29.0,89,0.0,0.14,0.0,50
2022-08-19 21:00:00,28.1,96,0.0,0.82,0.1,95
2022-08-19 22:00:00,27.8,97,0.0,1.53,0.2,100
2022-08-19 23:00:00,27.4,98,0.0,1.3,0.1,97
2022-08-20 00:00:00,26.9,99,0.0,0.92,0.0,31
2022-08-20 01:00:00,26.9,99,0.0,0.81,0.1,76
2022-08-20 02:00:00,26.5,95,0.0,1.92,0.0,61
2022-08-20 03:00:00,25.8,99,0.0,2.82,0.0,63
2022-08-20 04:00:00,26.0,94,0.0,1.42,0.0,67
2022-08-20 05:00:00,26.5,95,8.0,0.45,0.1,95
2022-08-20 06:00:00,27.2,92,113.0,0.42,0.0,99
2022-08-20 07:00:00,27.8,89,299.0,2.33,7.5,74
2022-08-20 08:00:00,27.6,88,364.0,2.61,3.1,97
2022-08-20 09:00:00,29.5,80,647.0,2.2,0.0,78
2022-08-20 10:00:00,30.9,73,672.0,1.36,0.0,91
2022-08-20 11:00:00,31.5,72,711.0,0.32,0.1,82
2022-08-20 12:00:00,31.8,71,667.0,0.89,0.2,62
2022-08-20 13:00:00,32.2,70,681.0,0.81,0.1,68
2022-08-20 14:00:00,32.3,70,594.0,1.58,0.1,56
2022-08-20 15:00:00,32.4,70,450.0,1.39,0.0,48
2022-08-20 16:00:00,31.9,72,267.0,1.77,0.0,51
2022-08-20 17:00:00,30.6,82,97.0,1.0,0.0,76
2022-08-20 18:00:00,29.1,89,5.0,1.43,0.0,92
2022-08-20 19:00:00,28.7,90,0.0,1.58,0.0,58
2022-08-20 20:00:00,28.7,87,0.0,2.3,0.0,67
2022-08-20 21:00:00,28.2,86,0.0,1.8,0.0,68
2022-08-20 22:00:00,27.8,88,0.0,1.65,0.0,93
2022-08-20 23:00:00,27.4,91,0.0,1.21,2.9,92
2022-08-21 00:00:00,26.5,92,0.0,1.08,9.1,100
2022-08-21 01:00:00,25.8,96,0.0,1.1,4.4,100
2022-08-21 02:00:00,25.8,96,0.0,1.92,0.1,100
2022-08-21 03:00:00,25.9,95,0.0,0.92,0.2,99
2022-08-21 04:00:00,25.8,96,0.0,0.64,0.3,100
2022-08-21 05:00:00,26.4,93,5.0,1.08,0.1,100
2022-08-21 06:00:00,27.3,89,112.0,0.51,0.0,69
2022-08-21 07:00:00,28.5,83,302.0,0.51,0.1,67
2022-08-21 08:00:00,29.1,81,401.0,1.6,0.3,59
2022-08-21 09:00:00,29.6,81,567.0,1.43,0.2,42
2022-08-21 10:00:00,30.4,80,715.0,1.0,0.2,40
2022-08-21 11:00:00,31.3,76,756.0,0.81,0.2,31
2022-08-21 12:00:00,31.5,78,745.0,1.35,0.2,47
2022-08-21 13:00:00,32.1,76,723.0,1.24,0.1,68
2022-08-21 14:00:00,31.3,75,565.0,2.2,0.1,96
2022-08-21 15:00:00,31.0,75,303.0,2.19,0.0,100
2022-08-21 16:00:00,30.6,77,171.0,2.02,0.0,100
2022-08-21 17:00:00,30.2,82,84.0,0.95,0.0,100
2022-08-21 18:00:00,29.1,87,5.0,1.17,0.0,100
2022-08-21 19:00:00,28.6,91,0.0,1.22,0.0,100
2022-08-21 20:00:00,28.5,92,0.0,1.17,0.0,94
2022-08-21 21:00:00,28.4,91,0.0,1.57,0.0,41
2022-08-21 22:00:00,28.2,87,0.0,1.61,0.0,4
2022-08-21 23:00:00,28.0,86,0.0,1.77,0.0,4
2022-08-22 00:00:00,27.9,88,0.0,1.98,0.0,15
2022-08-22 01:00:00,27.6,90,0.0,1.44,0.0,3
2022-08-22 02:00:00,27.2,93,0.0,1.36,0.0,12
2022-08-22 03:00:00,27.3,91,0.0,1.14,0.0,38
2022-08-22 04:00:00,27.1,92,0.0,1.14,0.0,8
2022-08-22 05:00:00,27.9,89,9.0,1.5,0.0,39
2022-08-22 06:00:00,28.9,83,129.0,0.85,0.0,8
2022-08-22 07:00:00,30.0,78,332.0,1.08,0.0,80
2022-08-22 08:00:00,30.8,75,505.0,1.21,0.0,79
2022-08-22 09:00:00,31.4,73,671.0,0.78,0.2,42
2022-08-22 10:00:00,32.3,69,748.0,0.63,0.1,43
2022-08-22 11:00:00,33.0,67,861.0,1.08,0.0,78
2022-08-22 12:00:00,33.3,67,831.0,1.86,0.0,83
2022-08-22 13:00:00,33.5,66,760.0,2.0,0.0,100
2022-08-22 14:00:00,33.2,67,667.0,2.3,0.0,100
2022-08-22 15:00:00,33.0,68,462.0,2.47,0.0,100
2022-08-22 16:00:00,32.1,73,229.0,2.38,0.0,100
2022-08-22 17:00:00,31.2,79,83.0,1.2,0.1,100
2022-08-22 18:00:00,29.8,84,4.0,2.2,0.0,97
2022-08-22 19:00:00,29.0,85,0.0,1.17,0.0,94
2022-08-22 20:00:00,28.4,89,0.0,1.17,0.0,96
2022-08-22 21:00:00,28.1,92,0.0,1.12,0.0,100
2022-08-22 22:00:00,28.4,89,0.0,1.12,0.0,100
2022-08-22 23:00:00,28.3,89,0.0,1.3,0.0,96
2022-08-23 00:00:00,27.8,93,0.0,1.42,0.0,99
2022-08-23 01:00:00,27.8,90,0.0,1.22,0.0,100
2022-08-23 02:00:00,27.7,90,0.0,0.92,0.0,100
2022-08-23 03:00:00,27.5,89,0.0,1.04,0.0,100
2022-08-23 04:00:00,27.2,92,0.0,2.21,0.2,100
2022-08-23 05:00:00,26.7,93,6.0,3.28,0.1,100
2022-08-23 06:00:00,27.1,93,11.0,2.21,0.4,100
2022-08-23 07:00:00,28.5,91,224.0,1.7,0.0,100
2022-08-23 08:00:00,30.1,84,491.0,2.88,0.0,95
2022-08-23 09:00:00,31.3,77,661.0,3.73,0.2,66
2022-08-23 10:00:00,31.5,75,650.0,4.43,0.8,93
2022-08-23 11:00:00,31.9,75,750.0,4.81,0.5,70
2022-08-23 12:00:00,32.4,75,798.0,4.4,0.2,68
2022-08-23 13:00:00,30.8,81,806.0,4.49,2.5,100
2022-08-23 14:00:00,30.7,83,264.0,2.73,0.1,100
2022-08-23 15:00:00,31.9,78,470.0,3.36,0.0,98
2022-08-23 16:00:00,31.7,79,269.0,3.4,0.0,92
2022-08-23 17:00:00,31.0,81,98.0,1.98,0.0,100
2022-08-23 18:00:00,29.8,90,4.0,1.58,0.0,98
2022-08-23 19:00:00,27.2,95,0.0,5.66,6.4,100
2022-08-23 20:00:00,26.4,91,0.0,3.26,4.0,100
2022-08-23 21:00:00,26.4,90,0.0,2.25,0.0,40
2022-08-23 22:00:00,26.1,92,0.0,0.58,0.0,86
2022-08-23 23:00:00,26.3,91,0.0,0.91,0.0,93
2022-08-24 00:00:00,26.1,95,0.0,0.71,0.0,85
2022-08-24 01:00:00,25.9,97,0.0,0.82,0.0,100
2022-08-24 02:00:00,26.3,95,0.0,0.45,0.0,93
2022-08-24 03:00:00,25.9,98,0.0,0.72,0.0,72
2022-08-24 04:00:00,26.3,97,0.0,0.7,0.0,95
2022-08-24 05:00:00,27.2,96,9.0,1.8,0.0,100
2022-08-24 06:00:00,27.5,93,117.0,2.35,0.0,62
2022-08-24 07:00:00,28.3,86,290.0,1.49,0.0,97
2022-08-24 08:00:00,29.9,80,519.0,1.43,0.0,100
2022-08-24 09:00:00,30.8,77,538.0,1.35,0.0,80
2022-08-24 10:00:00,32.2,71,730.0,1.2,0.0,89
2022-08-24 11:00:00,32.6,70,746.0,2.13,0.1,79
2022-08-24 12:00:00,32.9,70,694.0,2.28,0.3,93
2022-08-24 13:00:00,32.1,72,665.0,3.03,0.6,58
2022-08-24 14:00:00,31.9,75,402.0,2.86,0.1,45
2022-08-24 15:00:00,31.7,73,391.0,2.92,0.1,73
2022-08-24 16:00:00,31.4,79,197.0,2.48,0.0,65
2022-08-24 17:00:00,30.9,76,88.0,1.66,0.0,89
2022-08-24 18:00:00,30.1,77,3.0,2.4,0.0,81
2022-08-24 19:00:00,30.1,73,0.0,4.36,0.0,75
2022-08-24 20:00:00,29.5,77,0.0,4.22,0.0,98
2022-08-24 21:00:00,29.0,78,0.0,4.0,0.0,98
2022-08-24 22:00:00,28.3,80,0.0,3.3,0.0,83
2022-08-24 23:00:00,27.8,83,0.0,2.85,0.0,100
2022-08-25 00:00:00,27.5,85,0.0,2.59,0.0,100
2022-08-25 01:00:00,27.2,87,0.0,2.16,0.0,46
2022-08-25 02:00:00,26.6,91,0.0,1.14,0.0,50
2022-08-25 03:00:00,26.3,91,0.0,1.14,0.0,38
2022-08-25 04:00:00,26.4,89,0.0,1.44,0.0,100
2022-08-25 05:00:00,27.0,88,8.0,3.04,0.0,61
2022-08-25 06:00:00,27.8,84,123.0,3.3,0.0,53
2022-08-25 07:00:00,28.6,80,316.0,3.83,0.0,93
2022-08-25 08:00:00,29.5,76,459.0,3.21,0.0,100
2022-08-25 09:00:00,30.1,74,467.0,2.92,0.0,84
2022-08-25 10:00:00,31.7,68,725.0,2.72,0.0,53
2022-08-25 11:00:00,32.6,65,836.0,3.08,0.0,72
2022-08-25 12:00:00,33.1,62,841.0,3.73,0.0,78
2022-08-25 13:00:00,33.1,60,779.0,4.41,0.0,93
2022-08-25 14:00:00,32.4,63,527.0,4.32,0.0,100
2022-08-25 15:00:00,32.0,64,420.0,3.6,0.0,100
2022-08-25 16:00:00,31.5,68,242.0,3.04,0.0,55
2022-08-25 17:00:00,30.5,72,100.0,2.28,0.0,100
2022-08-25 18:00:00,29.4,79,3.0,1.53,0.0,100
2022-08-25 19:00:00,28.8,85,0.0,1.39,0.0,100
2022-08-25 20:00:00,28.6,86,0.0,1.58,0.0,100
2022-08-25 21:00:00,28.4,83,0.0,2.13,0.0,100
2022-08-25 22:00:00,28.2,83,0.0,1.89,0.0,100
2022-08-25 23:00:00,28.0,85,0.0,1.58,0.0,100
2022-08-26 00:00:00,27.7,87,0.0,1.63,0.0,100
2022-08-26 01:00:00,27.5,87,0.0,2.09,0.0,100
2022-08-26 02:00:00,27.2,87,0.0,2.19,0.0,98
2022-08-26 03:00:00,26.9,88,0.0,2.11,0.0,100
2022-08-26 04:00:00,26.5,88,0.0,2.14,0.0,100
2022-08-26 05:00:00,26.9,91,8.0,2.46,0.0,99
2022-08-26 06:00:00,27.9,83,125.0,2.46,0.0,95
2022-08-26 07:00:00,29.2,76,324.0,2.66,0.0,97
2022-08-26 08:00:00,30.3,72,526.0,3.3,0.0,100
2022-08-26 09:00:00,31.1,70,687.0,3.44,0.0,98
2022-08-26 10:00:00,32.0,67,791.0,3.51,0.0,98
2022-08-26 11:00:00,32.7,64,848.0,3.52,0.0,99
2022-08-26 12:00:00,33.1,62,870.0,3.24,0.0,100
2022-08-26 13:00:00,33.3,61,805.0,3.65,0.0,99
2022-08-26 14:00:00,33.1,62,672.0,3.63,0.0,97
2022-08-26 15:00:00,32.9,65,481.0,3.23,0.0,92
2022-08-26 16:00:00,32.1,71,281.0,2.69,0.0,53
2022-08-26 17:00:00,30.9,75,99.0,2.14,0.0,33
2022-08-26 18:00:00,29.9,81,3.0,1.48,0.0,100
2022-08-26 19:00:00,29.6,83,0.0,1.86,0.0,100
2022-08-26 20:00:00,29.5,82,0.0,2.47,0.0,100
2022-08-26 21:00:00,29.2,82,0.0,2.64,0.0,100
2022-08-26 22:00:00,28.9,82,0.0,2.69,0.0,100
2022-08-26 23:00:00,28.5,84,0.0,2.42,0.0,100
2022-08-27 00:00:00,28.1,87,0.0,2.22,0.0,100
2022-08-27 01:00:00,27.8,87,0.0,2.05,0.0,100
2022-08-27 02:00:00,27.6,88,0.0,1.42,0.0,100
2022-08-27 03:00:00,27.5,89,0.0,1.32,0.0,100
2022-08-27 04:00:00,27.3,92,0.0,0.91,0.0,100
2022-08-27 05:00:00,27.8,90,6.0,2.06,0.0,100
2022-08-27 06:00:00,28.4,85,64.0,1.61,0.0,100
2022-08-27 07:00:00,29.3,80,168.0,1.92,0.0,100
2022-08-27 08:00:00,30.3,76,361.0,1.62,0.0,100
2022-08-27 09:00:00,31.2,68,572.0,2.4,0.1,100
2022-08-27 10:00:00,31.4,70,624.0,2.82,0.1,100
2022-08-27 11:00:00,32.0,70,697.0,3.35,0.0,100
2022-08-27 12:00:00,32.0,73,664.0,3.23,0.0,100
2022-08-27 13:00:00,32.3,71,655.0,3.57,0.2,100
2022-08-27 14:00:00,31.0,73,471.0,2.85,0.5,100
2022-08-27 15:00:00,30.9,74,213.0,1.71,0.0,100
2022-08-27 16:00:00,30.4,78,103.0,1.0,0.0,100
2022-08-27 17:00:00,29.8,89,51.0,0.51,0.0,100
2022-08-27 18:00:00,29.7,79,2.0,0.63,0.0,100
2022-08-27 19:00:00,28.6,91,0.0,0.82,0.0,100
2022-08-27 20:00:00,28.7,87,0.0,0.2,0.0,100
2022-08-27 21:00:00,27.7,95,0.0,0.81,0.0,100
2022-08-27 22:00:00,28.3,89,0.0,0.32,0.0,100
2022-08-27 23:00:00,27.8,87,0.0,1.63,0.0,100
2022-08-28 00:00:00,27.4,89,0.0,1.98,0.0,100
2022-08-28 01:00:00,26.9,89,0.0,0.85,0.1,100
2022-08-28 02:00:00,26.5,93,0.0,0.32,1.7,100
2022-08-28 03:00:00,26.2,93,0.0,0.41,0.1,100
2022-08-28 04:00:00,26.2,92,0.0,0.8,0.1,100
2022-08-28 05:00:00,26.5,89,4.0,0.82,0.6,100
2022-08-28 06:00:00,27.1,87,97.0,0.5,0.0,98
2022-08-28 07:00:00,28.0,84,271.0,0.42,0.0,91
2022-08-28 08:00:00,28.8,81,346.0,0.22,0.0,99
2022-08-28 09:00:00,29.3,80,413.0,0.14,0.1,100
2022-08-28 10:00:00,29.8,79,413.0,0.67,0.2,100
2022-08-28 11:00:00,27.4,88,282.0,2.22,9.3,100
2022-08-28 12:00:00,25.8,95,124.0,1.46,9.0,100
2022-08-28 13:00:00,26.7,93,206.0,1.8,0.3,96
2022-08-28 14:00:00,28.7,86,480.0,1.0,0.1,94
2022-08-28 15:00:00,29.3,82,369.0,1.3,0.0,100
2022-08-28 16:00:00,29.1,83,202.0,1.26,0.1,100
2022-08-28 17:00:00,27.9,87,70.0,0.82,0.0,100
2022-08-28 18:00:00,26.9,93,2.0,0.78,0.1,100
2022-08-28 19:00:00,25.7,94,0.0,2.9,0.7,100
2022-08-28 20:00:00,25.8,93,0.0,1.99,0.6,100
2022-08-28 21:00:00,26.0,94,0.0,1.75,1.0,100
2022-08-28 22:00:00,26.0,95,0.0,0.76,1.0,100
2022-08-28 23:00:00,25.9,97,0.0,0.98,0.1,99
2022-08-29 00:00:00,26.1,98,0.0,0.76,0.1,100
2022-08-29 01:00:00,25.9,96,0.0,1.1,0.0,100
2022-08-29 02:00:00,26.0,97,0.0,1.26,0.0,100
2022-08-29 03:00:00,25.8,95,0.0,0.92,0.4,100
2022-08-29 04:00:00,25.8,96,0.0,0.73,0.1,99
2022-08-29 05:00:00,26.6,93,5.0,1.0,0.0,84
2022-08-29 06:00:00,27.6,87,108.0,0.86,0.0,86
2022-08-29 07:00:00,28.3,83,307.0,1.73,0.0,100
2022-08-29 08:00:00,29.0,81,457.0,1.7,0.0,31
2022-08-29 09:00:00,29.9,78,585.0,1.8,0.0,28
2022-08-29 10:00:00,30.7,76,762.0,2.5,0.0,15
2022-08-29 11:00:00,31.8,71,813.0,2.69,0.0,21
2022-08-29 12:00:00,29.8,78,836.0,5.48,5.2,100
2022-08-29 13:00:00,29.4,82,559.0,2.34,3.7,77
2022-08-29 14:00:00,30.4,78,540.0,3.31,0.1,94
2022-08-29 15:00:00,30.1,76,391.0,3.63,0.5,98
2022-08-29 16:00:00,29.5,82,237.0,2.69,0.1,97
2022-08-29 17:00:00,28.7,86,79.0,1.84,0.0,100
2022-08-29 18:00:00,28.1,89,2.0,1.77,0.0,99
2022-08-29 19:00:00,27.6,92,0.0,1.63,0.0,100
2022-08-29 20:00:00,27.4,92,0.0,1.77,0.0,100
2022-08-29 21:00:00,27.0,93,0.0,1.36,0.0,99
2022-08-29 22:00:00,26.8,94,0.0,1.14,0.0,100
2022-08-29 23:00:00,26.5,95,0.0,1.13,0.0,100
2022-08-30 00:00:00,26.6,95,0.0,1.13,0.0,100
2022-08-30 01:00:00,26.3,96,0.0,1.03,0.0,100
2022-08-30 02:00:00,25.9,97,0.0,1.08,0.0,100
2022-08-30 03:00:00,26.0,96,0.0,1.12,0.3,100
2022-08-30 04:00:00,26.1,95,0.0,1.2,0.0,100
2022-08-30 05:00:00,26.5,93,7.0,1.8,0.0,77
2022-08-30 06:00:00,27.1,90,110.0,2.11,0.0,100
2022-08-30 07:00:00,28.0,85,270.0,3.01,0.0,87
2022-08-30 08:00:00,28.7,84,389.0,2.42,0.1,98
2022-08-30 09:00:00,29.6,80,542.0,3.01,0.1,97
2022-08-30 10:00:00,30.3,77,621.0,2.6,0.4,84
2022-08-30 11:00:00,31.1,75,746.0,3.14,0.1,100
2022-08-30 12:00:00,27.6,87,277.0,3.71,7.8,99
2022-08-30 13:00:00,29.0,83,468.0,4.22,0.3,100
2022-08-30 14:00:00,28.9,83,399.0,2.73,0.0,99
2022-08-30 15:00:00,29.5,81,388.0,2.4,0.0,65
2022-08-30 16:00:00,29.7,81,276.0,2.32,0.0,72
2022-08-30 17:00:00,27.8,88,81.0,1.14,0.0,100
2022-08-30 18:00:00,26.8,92,1.0,0.98,0.0,100
2022-08-30 19:00:00,26.4,94,0.0,1.22,0.0,100
2022-08-30 20:00:00,26.5,95,0.0,1.3,0.0,100
2022-08-30 21:00:00,27.3,92,0.0,0.94,0.0,100
2022-08-30 22:00:00,27.3,93,0.0,0.3,0.0,100
2022-08-30 23:00:00,26.7,96,0.0,0.54,0.0,100
2022-08-31 00:00:00,26.7,97,0.0,0.54,0.0,100
2022-08-31 01:00:00,25.8,100,0.0,1.24,0.0,100
2022-08-31 02:00:00,25.9,97,0.0,0.92,0.1,100
2022-08-31 03:00:00,25.4,97,0.0,1.03,0.3,100
2022-08-31 04:00:00,25.7,93,0.0,1.36,0.5,100
2022-08-31 05:00:00,26.2,94,4.0,1.06,0.1,99
2022-08-31 06:00:00,25.9,91,75.0,2.64,1.7,100
2022-08-31 07:00:00,25.5,95,184.0,1.44,2.5,100
2022-08-31 08:00:00,26.3,88,228.0,1.3,0.2,100
2022-08-31 09:00:00,28.0,85,649.0,2.52,0.3,99
2022-08-31 10:00:00,28.1,87,434.0,1.8,0.9,83
2022-08-31 11:00:00,29.2,83,680.0,2.21,0.2,92
2022-08-31 12:00:00,29.9,82,754.0,2.21,0.1,99
2022-08-31 13:00:00,30.5,78,686.0,2.35,0.1,100
2022-08-31 14:00:00,28.6,83,373.0,4.61,5.1,100
2022-08-31 15:00:00,27.0,91,173.0,2.25,0.7,100
2022-08-31 16:00:00,27.2,89,114.0,1.58,0.2,100
2022-08-31 17:00:00,27.6,88,59.0,1.36,0.0,100
2022-08-31 18:00:00,26.6,94,1.0,0.95,0.0,100
2022-08-31 19:00:00,26.3,94,0.0,1.17,0.0,100
2022-08-31 20:00:00,26.3,94,0.0,1.17,0.0,100
2022-08-31 21:00:00,26.5,94,0.0,0.95,0.0,100
2022-08-31 22:00:00,27.0,92,0.0,0.54,0.0,100
2022-08-31 23:00:00,26.3,96,0.0,1.75,0.0,100
2022-09-01 00:00:00,25.8,96,0.0,2.19,0.2,100
2022-09-01 01:00:00,25.3,97,0.0,1.25,0.0,99
2022-09-01 02:00:00,25.1,98,0.0,1.41,0.0,100
2022-09-01 03:00:00,25.1,97,0.0,1.53,0.0,100
2022-09-01 04:00:00,25.0,97,0.0,1.22,0.0,100
2022-09-01 05:00:00,25.1,95,3.0,1.3,0.0,100
2022-09-01 06:00:00,25.7,91,59.0,1.88,0.0,100
2022-09-01 07:00:00,26.0,90,123.0,2.05,0.0,100
2022-09-01 08:00:00,26.4,88,155.0,1.41,0.0,100
2022-09-01 09:00:00,27.9,83,355.0,0.95,0.0,100
2022-09-01 10:00:00,28.8,79,381.0,0.81,0.1,100
2022-09-01 11:00:00,29.5,79,578.0,1.5,0.1,99
2022-09-01 12:00:00,29.9,78,583.0,2.32,0.6,99
2022-09-01 13:00:00,29.8,81,547.0,2.04,3.7,99
2022-09-01 14:00:00,30.2,77,432.0,2.69,0.0,100
2022-09-01 15:00:00,27.6,87,216.0,3.54,4.1,100
2022-09-01 16:00:00,27.7,87,166.0,2.2,0.0,100
2022-09-01 17:00:00,27.9,88,60.0,0.76,0.0,100
2022-09-01 18:00:00,27.8,86,1.0,0.58,0.0,100
2022-09-01 19:00:00,27.7,87,0.0,0.36,0.0,100
2022-09-01 20:00:00,27.1,91,0.0,0.73,0.0,100
2022-09-01 21:00:00,26.3,95,0.0,0.92,0.1,100
2022-09-01 22:00:00,26.4,94,0.0,0.92,0.0,100
2022-09-01 23:00:00,26.2,94,0.0,1.34,0.9,100
2022-09-02 00:00:00,26.1,93,0.0,0.92,0.3,100
2022-09-02 01:00:00,25.5,96,0.0,0.76,0.0,100
2022-09-02 02:00:00,25.3,97,0.0,1.57,0.0,100
2022-09-02 03:00:00,25.0,98,0.0,1.35,0.1,100
2022-09-02 04:00:00,24.8,99,0.0,1.03,0.2,100
2022-09-02 05:00:00,25.6,96,4.0,0.36,0.1,97
2022-09-02 06:00:00,25.7,97,71.0,2.19,0.8,100
2022-09-02 07:00:00,26.3,91,240.0,1.75,1.1,70
2022-09-02 08:00:00,27.2,87,356.0,1.9,0.0,80
2022-09-02 09:00:00,28.2,84,396.0,2.0,0.0,93
2022-09-02 10:00:00,29.4,82,599.0,1.91,0.1,70
2022-09-02 11:00:00,30.3,78,725.0,2.79,0.2,100
2022-09-02 12:00:00,29.4,77,446.0,4.62,1.1,99
2022-09-02 13:00:00,29.5,81,668.0,4.13,0.2,100
2022-09-02 14:00:00,29.7,81,563.0,3.52,0.1,100
2022-09-02 15:00:00,29.5,80,334.0,2.97,0.0,100
2022-09-02 16:00:00,29.3,81,222.0,2.21,0.0,100
2022-09-02 17:00:00,28.6,85,61.0,1.8,0.0,100
2022-09-02 18:00:00,27.8,90,1.0,1.6,0.0,100
2022-09-02 19:00:00,27.3,93,0.0,1.17,0.0,100
2022-09-02 20:00:00,27.0,93,0.0,1.3,0.0,98
2022-09-02 21:00:00,26.6,93,0.0,0.89,0.0,100
2022-09-02 22:00:00,26.3,93,0.0,0.85,0.0,100
2022-09-02 23:00:00,26.0,94,0.0,1.08,0.0,100
2022-09-03 00:00:00,25.8,95,0.0,1.08,0.0,100
2022-09-03 01:00:00,25.5,95,0.0,1.27,0.0,100
2022-09-03 02:00:00,25.3,94,0.0,1.64,0.0,100
2022-09-03 03:00:00,25.1,95,0.0,1.42,0.0,100
2022-09-03 04:00:00,24.9,96,0.0,0.85,0.0,100
2022-09-03 05:00:00,25.4,95,4.0,1.42,0.0,100
2022-09-03 06:00:00,25.9,93,53.0,1.84,0.0,100
2022-09-03 07:00:00,26.4,91,132.0,1.42,0.1,100
2022-09-03 08:00:00,28.1,84,368.0,2.09,0.1,100
2022-09-03 09:00:00,29.0,80,448.0,2.6,0.0,89
2022-09-03 10:00:00,29.7,80,600.0,2.67,0.0,50
2022-09-03 11:00:00,30.5,79,726.0,3.55,0.1,72
2022-09-03 12:00:00,29.5,82,732.0,5.3,1.3,100
2022-09-03 13:00:00,28.9,86,418.0,2.3,0.9,86
2022-09-03 14:00:00,29.7,82,444.0,2.02,0.1,64
2022-09-03 15:00:00,28.5,85,434.0,2.83,0.8,73
2022-09-03 16:00:00,28.6,85,190.0,1.9,0.0,69
2022-09-03 17:00:00,28.2,88,69.0,0.54,0.0,60
2022-09-03 18:00:00,27.2,94,0.0,0.92,0.0,100
2022-09-03 19:00:00,26.8,93,0.0,0.64,1.3,100
2022-09-03 20:00:00,26.5,95,0.0,1.43,0.7,100
2022-09-03 21:00:00,26.3,94,0.0,1.71,0.1,100
2022-09-03 22:00:00,25.6,96,0.0,2.39,0.2,100
2022-09-03 23:00:00,25.3,95,0.0,2.42,0.3,100
2022-09-04 00:00:00,25.0,96,0.0,1.53,0.0,100
2022-09-04 01:00:00,24.9,96,0.0,1.86,0.4,100
2022-09-04 02:00:00,24.9,96,0.0,1.56,0.1,100
2022-09-04 03:00:00,24.6,97,0.0,1.36,1.3,100
2022-09-04 04:00:00,24.7,96,0.0,1.43,0.1,100
2022-09-04 05:00:00,25.3,96,3.0,0.36,0.1,100
2022-09-04 06:00:00,25.6,96,15.0,0.64,1.7,100
2022-09-04 07:00:00,26.2,93,121.0,1.39,0.5,100
2022-09-04 08:00:00,27.5,86,357.0,1.62,0.2,100
2022-09-04 09:00:00,27.6,86,295.0,1.77,0.2,100
2022-09-04 10:00:00,27.3,89,196.0,1.66,0.8,100
2022-09-04 11:00:00,29.2,79,600.0,2.72,0.2,89
2022-09-04 12:00:00,30.5,79,784.0,2.3,0.0,94
2022-09-04 13:00:00,29.6,76,737.0,5.61,2.2,99
2022-09-04 14:00:00,28.5,85,273.0,3.22,0.4,100
2022-09-04 15:00:00,28.7,83,234.0,2.12,0.0,100
2022-09-04 16:00:00,28.9,82,194.0,1.93,0.0,100
2022-09-04 17:00:00,28.7,91,63.0,1.28,0.0,100
2022-09-04 18:00:00,27.6,92,0.0,1.08,0.0,98
2022-09-04 19:00:00,27.4,93,0.0,1.14,0.1,98
2022-09-04 20:00:00,27.1,92,0.0,1.53,0.0,98
2022-09-04 21:00:00,26.8,91,0.0,1.26,0.0,100
2022-09-04 22:00:00,26.5,90,0.0,1.14,0.0,100
2022-09-04 23:00:00,26.1,93,0.0,1.63,0.0,100
2022-09-05 00:00:00,25.6,93,0.0,1.22,0.0,100
2022-09-05 01:00:00,25.2,93,0.0,0.78,0.0,100
2022-09-05 02:00:00,25.2,94,0.0,0.51,0.0,100
2022-09-05 03:00:00,25.0,95,0.0,0.32,0.0,100
2022-09-05 04:00:00,25.0,96,0.0,0.36,0.0,100
2022-09-05 05:00:00,24.8,99,4.0,2.28,0.0,100
2022-09-05 06:00:00,25.1,98,63.0,1.65,1.1,100
2022-09-05 07:00:00,25.7,92,60.0,0.76,2.4,100
2022-09-05 08:00:00,27.1,86,273.0,1.14,0.1,100
2022-09-05 09:00:00,28.0,84,339.0,1.43,0.0,100
2022-09-05 10:00:00,29.2,79,521.0,1.6,0.1,100
2022-09-05 11:00:00,30.0,78,596.0,1.73,0.1,100
2022-09-05 12:00:00,30.0,78,506.0,1.8,0.1,100
2022-09-05 13:00:00,29.5,80,349.0,1.53,0.1,100
2022-09-05 14:00:00,28.8,82,203.0,1.86,0.4,100
2022-09-05 15:00:00,27.7,87,169.0,2.75,0.5,100
2022-09-05 16:00:00,27.6,88,114.0,1.6,0.0,100
2022-09-05 17:00:00,27.8,87,42.0,0.81,0.0,100
2022-09-05 18:00:00,27.3,92,0.0,0.73,0.0,100
2022-09-05 19:00:00,27.1,94,0.0,1.33,0.0,100
2022-09-05 20:00:00,26.8,93,0.0,1.52,0.2,100
2022-09-05 21:00:00,26.7,92,0.0,0.57,0.4,100
2022-09-05 22:00:00,26.5,91,0.0,1.4,0.1,100
2022-09-05 23:00:00,26.0,95,0.0,0.45,0.0,99
2022-09-06 00:00:00,25.6,96,0.0,0.63,0.4,100
2022-09-06 01:00:00,25.4,96,0.0,1.2,0.2,100
2022-09-06 02:00:00,25.5,96,0.0,0.5,0.1,100
2022-09-06 03:00:00,25.5,93,0.0,1.14,0.0,100
2022-09-06 04:00:00,24.8,97,0.0,0.82,0.0,100
2022-09-06 05:00:00,25.6,94,5.0,1.49,0.0,100
2022-09-06 06:00:00,26.1,91,47.0,1.35,0.0,100
2022-09-06 07:00:00,27.0,86,169.0,1.57,0.0,100
2022-09-06 08:00:00,28.2,82,344.0,1.25,0.1,99
2022-09-06 09:00:00,29.2,79,541.0,0.98,0.0,84
2022-09-06 10:00:00,30.2,76,640.0,1.24,0.0,78
2022-09-06 11:00:00,31.0,74,736.0,1.3,0.1,100
2022-09-06 12:00:00,30.4,75,512.0,1.72,0.3,100
2022-09-06 13:00:00,30.2,76,511.0,0.57,0.3,97
2022-09-06 14:00:00,31.1,73,571.0,0.32,0.1,100
2022-09-06 15:00:00,28.4,84,345.0,2.28,3.4,100
2022-09-06 16:00:00,27.9,87,164.0,1.08,0.2,100
2022-09-06 17:00:00,27.2,89,54.0,1.49,0.0,100
2022-09-06 18:00:00,26.4,91,0.0,1.14,0.6,100
2022-09-06 19:00:00,25.9,95,0.0,1.39,1.5,100
2022-09-06 20:00:00,25.6,94,0.0,2.2,2.8,100
2022-09-06 21:00:00,25.3,95,0.0,1.82,2.0,100
2022-09-06 22:00:00,25.4,96,0.0,2.62,0.0,100
2022-09-06 23:00:00,25.4,96,0.0,3.1,0.3,100
2022-09-07 00:00:00,25.2,96,0.0,2.53,0.2,100
2022-09-07 01:00:00,25.2,96,0.0,2.22,0.1,100
2022-09-07 02:00:00,25.0,97,0.0,2.31,0.1,100
2022-09-07 03:00:00,24.8,97,0.0,2.85,0.2,100
2022-09-07 04:00:00,24.8,96,0.0,2.77,0.1,100
2022-09-07 05:00:00,25.6,94,3.0,2.6,0.1,100
2022-09-07 06:00:00,26.2,92,81.0,2.82,0.2,100
2022-09-07 07:00:00,27.1,88,146.0,2.32,0.3,100
2022-09-07 08:00:00,28.0,85,248.0,2.43,0.1,100
2022-09-07 09:00:00,28.5,82,265.0,2.91,0.1,100
2022-09-07 10:00:00,29.3,80,455.0,3.19,0.2,100
2022-09-07 11:00:00,30.3,76,668.0,3.53,0.1,100
2022-09-07 12:00:00,30.5,77,716.0,3.28,0.1,100
2022-09-07 13:00:00,30.8,76,663.0,3.11,0.1,100
2022-09-07 14:00:00,31.0,73,499.0,3.2,0.1,100
2022-09-07 15:00:00,29.5,79,388.0,3.37,3.8,99
2022-09-07 16:00:00,29.1,85,140.0,2.72,0.3,100
2022-09-07 17:00:00,28.5,88,52.0,1.92,0.0,100
2022-09-07 18:00:00,27.4,92,0.0,1.4,0.0,100
2022-09-07 19:00:00,26.7,93,0.0,2.28,3.8,100
2022-09-07 20:00:00,26.2,96,0.0,1.86,1.2,100
2022-09-07 21:00:00,26.4,96,0.0,1.6,0.4,99
2022-09-07 22:00:00,26.1,97,0.0,0.72,2.6,98
2022-09-07 23:00:00,25.9,97,0.0,2.72,0.4,100
2022-09-08 00:00:00,25.6,96,0.0,1.7,2.2,100
2022-09-08 01:00:00,25.6,97,0.0,1.81,0.2,100
2022-09-08 02:00:00,25.5,96,0.0,1.36,0.2,100
2022-09-08 03:00:00,25.6,95,0.0,1.46,0.0,100
2022-09-08 04:00:00,25.7,96,0.0,1.96,0.0,100
2022-09-08 05:00:00,25.9,96,2.0,2.1,0.0,100
2022-09-08 06:00:00,26.6,92,67.0,3.3,0.0,100
2022-09-08 07:00:00,26.8,92,73.0,2.73,0.0,99
2022-09-08 08:00:00,28.5,85,375.0,3.71,0.0,100
2022-09-08 09:00:00,29.6,82,499.0,3.54,0.4,99
2022-09-08 10:00:00,30.2,76,530.0,3.9,0.2,95
2022-09-08 11:00:00,30.8,75,697.0,3.96,0.2,98
2022-09-08 12:00:00,31.6,73,792.0,3.3,0.4,98
2022-09-08 13:00:00,31.7,72,655.0,3.45,0.2,99
2022-09-08 14:00:00,31.7,72,533.0,3.55,0.1,100
2022-09-08 15:00:00,29.3,81,285.0,3.67,2.0,99
2022-09-08 16:00:00,27.9,85,124.0,3.36,0.1,99
2022-09-08 17:00:00,26.9,90,47.0,0.71,0.0,100
2022-09-08 18:00:00,26.5,96,0.0,1.28,0.5,100
2022-09-08 19:00:00,26.7,95,0.0,1.33,0.1,96
2022-09-08 20:00:00,26.6,95,0.0,1.06,0.0,95
2022-09-08 21:00:00,26.5,96,0.0,1.33,0.0,88
2022-09-08 22:00:00,26.7,94,0.0,1.7,0.0,74
2022-09-08 23:00:00,26.6,95,0.0,1.65,0.0,74
2022-09-09 00:00:00,26.5,97,0.0,1.58,0.0,100
2022-09-09 01:00:00,26.5,98,0.0,1.84,0.0,100
2022-09-09 02:00:00,26.3,98,0.0,2.06,0.0,100
2022-09-09 03:00:00,26.3,99,0.0,2.09,0.0,100
2022-09-09 04:00:00,26.2,97,0.0,1.8,0.0,100
2022-09-09 05:00:00,26.2,95,3.0,2.89,0.0,100
2022-09-09 06:00:00,26.7,93,50.0,3.14,0.0,93
2022-09-09 07:00:00,27.8,88,190.0,3.4,0.0,77
2022-09-09 08:00:00,28.8,87,295.0,3.45,0.0,47
2022-09-09 09:00:00,31.1,75,637.0,3.98,0.0,61
2022-09-09 10:00:00,32.3,66,768.0,4.74,0.0,80
2022-09-09 11:00:00,33.0,61,854.0,5.1,0.0,29
2022-09-09 12:00:00,33.1,60,831.0,5.15,0.0,49
2022-09-09 13:00:00,33.1,62,733.0,4.96,0.0,92
2022-09-09 14:00:00,32.6,66,589.0,4.75,0.0,87
2022-09-09 15:00:00,32.1,68,446.0,4.4,0.0,87
2022-09-09 16:00:00,31.4,70,240.0,3.5,0.0,92
2022-09-09 17:00:00,29.8,70,58.0,3.38,0.0,87
2022-09-09 18:00:00,29.2,70,0.0,3.48,0.0,53
2022-09-09 19:00:00,28.5,70,0.0,3.37,0.0,68
2022-09-09 20:00:00,27.8,71,0.0,3.08,0.0,61
2022-09-09 21:00:00,27.3,73,0.0,2.93,0.0,50
2022-09-09 22:00:00,26.7,77,0.0,2.45,0.0,24
2022-09-09 23:00:00,26.3,79,0.0,2.47,0.0,45
2022-09-10 00:00:00,26.0,79,0.0,2.72,0.0,100
2022-09-10 01:00:00,25.8,81,0.0,2.42,0.0,100
2022-09-10 02:00:00,25.5,85,0.0,2.18,0.0,39
2022-09-10 03:00:00,25.2,85,0.0,2.97,0.0,12
2022-09-10 04:00:00,24.9,88,0.0,2.0,0.0,18
2022-09-10 05:00:00,25.4,85,4.0,3.18,0.0,15
2022-09-10 06:00:00,26.3,84,113.0,2.7,0.0,25
2022-09-10 07:00:00,27.8,79,309.0,2.6,0.0,100
2022-09-10 08:00:00,29.3,74,461.0,2.26,0.0,100
2022-09-10 09:00:00,30.3,70,493.0,2.88,0.0,93
2022-09-10 10:00:00,31.4,64,676.0,3.72,0.0,4
2022-09-10 11:00:00,32.2,60,870.0,4.39,0.0,1
2022-09-10 12:00:00,32.7,58,861.0,4.09,0.0,0
2022-09-10 13:00:00,33.1,57,783.0,3.9,0.0,0
2022-09-10 14:00:00,32.9,58,645.0,3.4,0.0,0
2022-09-10 15:00:00,32.4,63,458.0,3.33,0.0,0
2022-09-10 16:00:00,31.6,71,247.0,2.44,0.0,0
2022-09-10 17:00:00,30.2,70,61.0,2.82,0.0,4
2022-09-10 18:00:00,29.4,73,0.0,3.05,0.0,4
2022-09-10 19:00:00,28.9,76,0.0,2.56,0.0,21
2022-09-10 20:00:00,28.3,79,0.0,1.79,0.0,14
2022-09-10 21:00:00,27.2,88,0.0,1.49,0.0,18
2022-09-10 22:00:00,27.8,86,0.0,0.22,0.0,0
2022-09-10 23:00:00,27.2,91,0.0,0.72,0.0,1
2022-09-11 00:00:00,26.1,98,0.0,1.58,0.0,21
2022-09-11 01:00:00,26.3,98,0.0,1.7,0.0,16
2022-09-11 02:00:00,26.3,95,0.0,2.11,0.0,38
2022-09-11 03:00:00,26.2,93,0.0,1.84,0.0,84
2022-09-11 04:00:00,25.9,95,0.0,1.62,0.0,85
2022-09-11 05:00:00,26.2,96,4.0,1.49,0.0,90
2022-09-11 06:00:00,26.9,91,95.0,1.99,0.0,33
2022-09-11 07:00:00,28.0,85,284.0,2.43,0.0,57
2022-09-11 08:00:00,28.9,80,443.0,2.22,0.0,100
2022-09-11 09:00:00,30.1,76,620.0,1.62,0.0,83
2022-09-11 10:00:00,31.1,72,738.0,1.14,0.0,98
2022-09-11 11:00:00,32.2,69,831.0,0.78,0.0,93
2022-09-11 12:00:00,32.3,70,816.0,0.73,0.1,100
2022-09-11 13:00:00,29.6,80,698.0,3.44,3.8,94
2022-09-11 14:00:00,28.8,82,293.0,1.24,0.0,93
2022-09-11 15:00:00,29.8,78,334.0,0.85,0.0,58
2022-09-11 16:00:00,28.8,80,191.0,2.59,3.3,96
2022-09-11 17:00:00,28.2,83,30.0,3.02,8.1,100
2022-09-11 18:00:00,27.7,86,0.0,2.14,0.0,88
2022-09-11 19:00:00,27.0,89,0.0,2.08,4.1,96
2022-09-11 20:00:00,26.3,95,0.0,2.22,5.1,100
2022-09-11 21:00:00,26.1,93,0.0,1.61,0.1,100
2022-09-11 22:00:00,25.9,95,0.0,1.3,0.5,97
2022-09-11 23:00:00,25.8,96,0.0,1.46,1.1,100
2022-09-12 00:00:00,24.8,98,0.0,2.15,4.9,100
2022-09-12 01:00:00,24.9,95,0.0,1.9,0.1,100
2022-09-12 02:00:00,24.7,95,0.0,1.7,1.9,100
2022-09-12 03:00:00,24.4,95,0.0,2.58,4.2,100
2022-09-12 04:00:00,24.1,94,0.0,2.01,2.9,100
2022-09-12 05:00:00,24.5,93,2.0,2.15,5.1,100
2022-09-12 06:00:00,24.7,92,25.0,2.44,2.0,100
2022-09-12 07:00:00,25.1,92,151.0,2.5,1.7,100
2022-09-12 08:00:00,25.0,94,205.0,2.3,2.5,100
2022-09-12 09:00:00,25.4,91,167.0,1.86,2.4,100
2022-09-12 10:00:00,26.1,89,327.0,0.82,3.5,100
2022-09-12 11:00:00,27.8,84,505.0,0.57,0.2,67
2022-09-12 12:00:00,28.6,82,457.0,0.51,0.1,91
2022-09-12 13:00:00,29.3,80,648.0,0.92,0.1,88
2022-09-12 14:00:00,29.6,78,525.0,1.22,0.2,100
2022-09-12 15:00:00,28.9,79,267.0,1.2,0.1,100
2022-09-12 16:00:00,28.0,82,68.0,1.25,0.0,100
2022-09-12 17:00:00,26.8,90,14.0,2.79,0.0,100
2022-09-12 18:00:00,25.8,95,0.0,1.0,15.0,100
2022-09-12 19:00:00,25.7,95,0.0,0.64,1.8,100
2022-09-12 20:00:00,25.5,96,0.0,0.95,3.9,100
2022-09-12 21:00:00,25.3,97,0.0,0.95,3.7,100
2022-09-12 22:00:00,25.3,96,0.0,1.2,0.9,100
2022-09-12 23:00:00,25.3,96,0.0,0.81,0.8,100
2022-09-13 00:00:00,25.1,96,0.0,0.51,0.4,100
2022-09-13 01:00:00,25.0,96,0.0,0.42,0.2,100
2022-09-13 02:00:00,24.9,96,0.0,0.92,0.1,100
2022-09-13 03:00:00,24.8,96,0.0,1.12,0.1,100
2022-09-13 04:00:00,24.7,97,0.0,1.49,0.2,100
2022-09-13 05:00:00,25.2,94,2.0,1.71,0.1,100
2022-09-13 06:00:00,25.4,96,47.0,1.63,0.5,100
2022-09-13 07:00:00,26.0,94,158.0,1.58,0.3,100
2022-09-13 08:00:00,26.4,93,189.0,1.58,0.5,100
2022-09-13 09:00:00,27.1,90,313.0,1.4,0.5,100
2022-09-13 10:00:00,27.0,91,259.0,1.7,0.4,97
2022-09-13 11:00:00,27.5,90,384.0,1.03,0.3,88
2022-09-13 12:00:00,28.9,84,637.0,1.14,0.2,100
2022-09-13 13:00:00,29.1,83,590.0,0.86,0.3,100
2022-09-13 14:00:00,29.1,85,512.0,0.71,0.4,100
2022-09-13 15:00:00,29.0,85,330.0,0.3,0.3,93
2022-09-13 16:00:00,28.7,84,175.0,0.81,1.2,100
2022-09-13 17:00:00,26.8,89,43.0,0.45,8.7,95
2022-09-13 18:00:00,26.6,92,0.0,0.85,0.4,100
2022-09-13 19:00:00,25.8,93,0.0,2.21,0.6,100
2022-09-13 20:00:00,25.8,94,0.0,2.77,0.2,100
2022-09-13 21:00:00,25.4,96,0.0,1.75,0.3,100
2022-09-13 22:00:00,25.5,96,0.0,0.92,0.1,100
2022-09-13 23:00:00,25.6,95,0.0,0.3,0.0,100
2022-09-14 00:00:00,25.3,96,0.0,0.51,0.0,100
2022-09-14 01:00:00,25.0,98,0.0,0.63,0.0,100
2022-09-14 02:00:00,24.7,97,0.0,0.91,0.0,100
2022-09-14 03:00:00,24.7,96,0.0,0.85,0.0,98
2022-09-14 04:00:00,24.8,94,0.0,1.24,0.0,100
2022-09-14 05:00:00,25.3,96,3.0,1.61,0.0,98
2022-09-14 06:00:00,26.1,90,100.0,1.1,0.0,98
2022-09-14 07:00:00,27.1,84,273.0,1.2,0.0,97
2022-09-14 08:00:00,27.9,83,442.0,0.72,0.0,69
2022-09-14 09:00:00,28.8,80,573.0,0.22,0.0,60
2022-09-14 10:00:00,29.7,78,735.0,0.42,0.0,64
2022-09-14 11:00:00,30.4,75,771.0,0.45,0.0,64
2022-09-14 12:00:00,30.7,73,620.0,0.1,0.0,43
2022-09-14 13:00:00,31.0,73,573.0,0.58,0.0,56
2022-09-14 14:00:00,29.1,79,454.0,2.11,6.2,99
2022-09-14 15:00:00,27.8,84,195.0,1.7,2.5,100
2022-09-14 16:00:00,28.1,85,120.0,1.84,0.0,99
2022-09-14 17:00:00,26.8,89,31.0,3.11,0.0,100
2022-09-14 18:00:00,26.0,92,0.0,1.94,0.0,100
2022-09-14 19:00:00,25.7,95,0.0,1.84,0.0,100
2022-09-14 20:00:00,25.6,97,0.0,2.16,0.0,100
2022-09-14 21:00:00,25.7,96,0.0,1.56,0.0,100
2022-09-14 22:00:00,25.8,96,0.0,1.77,0.1,100
2022-09-14 23:00:00,25.7,96,0.0,1.5,0.0,100
2022-09-15 00:00:00,25.4,93,0.0,1.12,0.0,100
2022-09-15 01:00:00,25.3,93,0.0,1.08,0.0,100
2022-09-15 02:00:00,25.0,94,0.0,1.0,0.0,100
2022-09-15 03:00:00,25.5,91,0.0,0.78,0.0,94
2022-09-15 04:00:00,25.2,93,0.0,0.86,0.1,91
2022-09-15 05:00:00,25.5,93,2.0,1.06,0.1,94
2022-09-15 06:00:00,26.4,87,84.0,1.33,0.1,100
2022-09-15 07:00:00,27.0,85,227.0,2.06,0.1,79
2022-09-15 08:00:00,27.8,84,410.0,1.75,0.2,67
2022-09-15 09:00:00,28.5,81,537.0,1.9,0.2,100
2022-09-15 10:00:00,28.9,80,481.0,2.0,0.1,94
2022-09-15 11:00:00,29.2,80,609.0,2.27,1.3,67
2022-09-15 12:00:00,29.3,78,674.0,2.02,2.7,91
2022-09-15 13:00:00,30.2,76,637.0,1.93,0.1,97
2022-09-15 14:00:00,29.0,82,514.0,2.96,2.4,98
2022-09-15 15:00:00,26.9,89,227.0,3.18,1.9,99
2022-09-15 16:00:00,26.8,88,119.0,2.05,0.1,99
2022-09-15 17:00:00,27.4,89,35.0,1.64,0.0,100
2022-09-15 18:00:00,26.6,94,0.0,1.12,0.0,100
2022-09-15 19:00:00,26.6,95,0.0,1.28,0.0,100
2022-09-15 20:00:00,26.4,95,0.0,1.36,0.0,100
2022-09-15 21:00:00,26.2,96,0.0,1.33,0.0,100
2022-09-15 22:00:00,26.1,96,0.0,1.26,0.0,100
2022-09-15 23:00:00,25.7,97,0.0,0.95,0.0,100
2022-09-16 00:00:00,25.7,95,0.0,2.25,0.2,100
2022-09-16 01:00:00,25.2,94,0.0,2.06,0.1,100
2022-09-16 02:00:00,24.8,93,0.0,1.3,0.0,100
2022-09-16 03:00:00,24.5,95,0.0,1.49,0.0,100
2022-09-16 04:00:00,24.4,96,0.0,1.43,0.0,100
2022-09-16 05:00:00,24.6,97,2.0,2.72,0.0,100
2022-09-16 06:00:00,25.0,95,29.0,2.51,0.5,100
2022-09-16 07:00:00,26.0,88,193.0,2.22,0.5,93
2022-09-16 08:00:00,26.9,87,382.0,1.87,0.2,87
2022-09-16 09:00:00,28.2,84,602.0,1.99,0.1,41
2022-09-16 10:00:00,29.3,80,774.0,2.38,0.0,44
2022-09-16 11:00:00,29.9,77,746.0,2.83,0.0,21
2022-09-16 12:00:00,30.0,76,676.0,2.6,0.0,30
2022-09-16 13:00:00,30.5,75,617.0,2.73,0.0,43
2022-09-16 14:00:00,30.0,76,563.0,2.82,0.2,100
2022-09-16 15:00:00,28.5,85,309.0,2.16,2.0,100
2022-09-16 16:00:00,27.5,87,148.0,2.22,0.8,100
2022-09-16 17:00:00,26.9,89,35.0,1.35,0.0,100
2022-09-16 18:00:00,26.4,94,0.0,1.0,0.0,100
2022-09-16 19:00:00,26.3,97,0.0,1.14,0.0,100
2022-09-16 20:00:00,26.8,92,0.0,1.06,0.0,100
2022-09-16 21:00:00,26.5,91,0.0,0.98,0.0,100
2022-09-16 22:00:00,26.2,94,0.0,2.34,0.3,100
2022-09-16 23:00:00,25.5,95,0.0,0.61,0.0,100
2022-09-17 00:00:00,25.2,96,0.0,0.78,0.0,100
2022-09-17 01:00:00,25.3,96,0.0,0.45,0.0,100
2022-09-17 02:00:00,25.1,97,0.0,0.58,0.0,100
2022-09-17 03:00:00,25.3,95,0.0,0.41,0.0,100
2022-09-17 04:00:00,25.3,94,0.0,0.45,0.0,100
2022-09-17 05:00:00,25.4,94,1.0,0.1,0.0,100
2022-09-17 06:00:00,26.0,91,49.0,0.63,0.0,100
2022-09-17 07:00:00,26.8,87,134.0,0.72,0.1,100
2022-09-17 08:00:00,27.5,86,282.0,0.82,0.0,94
2022-09-17 09:00:00,28.9,79,549.0,1.35,0.2,37
2022-09-17 10:00:00,30.1,75,700.0,1.64,0.1,18
2022-09-17 11:00:00,30.8,74,749.0,1.97,0.0,100
2022-09-17 12:00:00,30.8,74,719.0,2.61,0.4,100
2022-09-17 13:00:00,30.1,78,645.0,1.61,1.2,71
2022-09-17 14:00:00,30.0,78,517.0,2.66,0.0,83
2022-09-17 15:00:00,29.0,80,375.0,3.09,0.5,99
2022-09-17 16:00:00,27.5,86,175.0,2.83,0.1,94
2022-09-17 17:00:00,28.1,87,34.0,2.33,0.1,97
2022-09-17 18:00:00,27.4,85,0.0,2.89,0.1,100
2022-09-17 19:00:00,27.3,88,0.0,1.9,0.1,97
2022-09-17 20:00:00,26.9,90,0.0,1.53,0.0,98
2022-09-17 21:00:00,26.6,90,0.0,1.24,0.0,98
2022-09-17 22:00:00,26.2,92,0.0,1.2,0.0,100
2022-09-17 23:00:00,26.8,89,0.0,0.6,0.0,99
2022-09-18 00:00:00,25.6,97,0.0,1.12,0.0,99
2022-09-18 01:00:00,25.5,97,0.0,0.89,0.0,96
2022-09-18 02:00:00,25.7,96,0.0,1.14,0.0,98
2022-09-18 03:00:00,25.3,97,0.0,1.17,0.0,80
2022-09-18 04:00:00,25.0,97,0.0,1.02,0.5,87
2022-09-18 05:00:00,26.1,95,3.0,0.54,0.1,100
2022-09-18 06:00:00,27.1,93,98.0,0.81,0.0,17
2022-09-18 07:00:00,28.6,85,292.0,1.26,0.0,95
2022-09-18 08:00:00,30.0,76,488.0,1.43,0.0,98
2022-09-18 09:00:00,31.1,73,660.0,1.44,0.1,99
2022-09-18 10:00:00,31.3,75,740.0,1.7,0.2,91
2022-09-18 11:00:00,31.7,76,792.0,1.35,0.1,98
2022-09-18 12:00:00,32.2,72,750.0,1.21,0.0,98
2022-09-18 13:00:00,32.4,68,584.0,1.22,0.1,99
2022-09-18 14:00:00,32.5,66,468.0,0.63,0.0,100
2022-09-18 15:00:00,32.0,67,255.0,0.3,0.0,100
2022-09-18 16:00:00,31.4,74,151.0,0.72,0.0,100
2022-09-18 17:00:00,28.7,79,37.0,2.28,0.0,84
2022-09-18 18:00:00,28.1,85,0.0,1.22,0.0,100
2022-09-18 19:00:00,28.8,82,0.0,0.5,0.0,100
2022-09-18 20:00:00,28.6,86,0.0,0.64,0.0,73
2022-09-18 21:00:00,27.5,95,0.0,0.91,0.0,35
2022-09-18 22:00:00,27.3,96,0.0,1.12,0.0,56
2022-09-18 23:00:00,27.3,95,0.0,0.9,0.0,15
2022-09-19 00:00:00,26.8,97,0.0,0.76,0.0,19
2022-09-19 01:00:00,26.6,98,0.0,0.92,0.0,69
2022-09-19 02:00:00,26.3,98,0.0,0.9,0.0,20
2022-09-19 03:00:00,26.4,98,0.0,1.24,0.0,83
2022-09-19 04:00:00,26.2,99,0.0,1.0,0.0,90
2022-09-19 05:00:00,27.2,93,3.0,1.5,0.0,91
2022-09-19 06:00:00,28.1,90,65.0,1.66,0.0,100
2022-09-19 07:00:00,27.9,90,188.0,3.2,0.0,100
2022-09-19 08:00:00,28.6,88,333.0,2.25,0.0,100
2022-09-19 09:00:00,28.9,87,464.0,2.06,0.0,89
2022-09-19 10:00:00,30.0,81,556.0,1.0,0.2,98
2022-09-19 11:00:00,30.4,80,451.0,1.43,0.2,92
2022-09-19 12:00:00,31.4,76,593.0,1.53,0.0,67
2022-09-19 13:00:00,32.1,73,629.0,1.75,0.0,36
2022-09-19 14:00:00,32.4,72,562.0,1.98,0.0,33
2022-09-19 15:00:00,32.1,73,361.0,1.35,0.0,61
2022-09-19 16:00:00,31.5,78,170.0,0.89,0.0,72
2022-09-19 17:00:00,29.4,89,31.0,4.74,0.1,75
2022-09-19 18:00:00,27.6,92,0.0,2.76,0.7,100
2022-09-19 19:00:00,27.0,94,0.0,2.81,1.3,100
2022-09-19 20:00:00,26.7,93,0.0,2.64,0.0,100
2022-09-19 21:00:00,26.7,91,0.0,2.51,2.0,100
2022-09-19 22:00:00,26.0,91,0.0,3.1,6.9,100
2022-09-19 23:00:00,25.6,91,0.0,1.84,3.0,100
2022-09-20 00:00:00,25.1,95,0.0,1.52,4.9,100
2022-09-20 01:00:00,25.3,94,0.0,1.08,0.2,100
2022-09-20 02:00:00,24.9,95,0.0,0.61,0.0,100
2022-09-20 03:00:00,24.8,94,0.0,1.9,0.0,100
2022-09-20 04:00:00,25.0,92,0.0,1.22,0.0,100
2022-09-20 05:00:00,25.3,96,1.0,2.86,0.0,100
2022-09-20 06:00:00,26.2,88,22.0,2.48,3.7,100
2022-09-20 07:00:00,26.6,89,81.0,1.6,0.1,100
2022-09-20 08:00:00,27.6,85,270.0,2.46,0.1,100
2022-09-20 09:00:00,28.6,80,398.0,1.36,0.0,100
2022-09-20 10:00:00,29.4,77,461.0,1.2,0.0,100
2022-09-20 11:00:00,30.2,74,570.0,1.62,0.0,99
2022-09-20 12:00:00,31.1,70,619.0,1.97,0.0,100
2022-09-20 13:00:00,31.4,71,676.0,1.8,0.0,100
2022-09-20 14:00:00,31.5,72,559.0,1.71,0.0,96
2022-09-20 15:00:00,30.2,73,359.0,1.43,0.7,100
2022-09-20 16:00:00,29.9,77,163.0,1.49,0.0,81
2022-09-20 17:00:00,28.4,86,33.0,2.24,0.0,100
2022-09-20 18:00:00,27.7,90,0.0,1.21,0.0,97
2022-09-20 19:00:00,27.4,91,0.0,1.33,0.0,100
2022-09-20 20:00:00,27.5,91,0.0,1.33,0.0,100
2022-09-20 21:00:00,27.6,89,0.0,1.6,0.0,100
2022-09-20 22:00:00,27.1,89,0.0,1.6,0.0,98
2022-09-20 23:00:00,26.9,88,0.0,1.75,0.0,100
2022-09-21 00:00:00,26.7,90,0.0,1.42,0.0,100
2022-09-21 01:00:00,26.6,93,0.0,1.3,0.0,100
2022-09-21 02:00:00,26.3,93,0.0,1.17,0.0,100
2022-09-21 03:00:00,25.6,96,0.0,1.48,0.0,99
2022-09-21 04:00:00,25.7,95,0.0,1.08,0.0,100
2022-09-21 05:00:00,26.7,90,2.0,1.97,0.0,96
2022-09-21 06:00:00,27.3,86,98.0,2.91,0.0,100
2022-09-21 07:00:00,28.2,85,284.0,3.11,0.0,100
2022-09-21 08:00:00,29.3,80,473.0,2.71,0.0,99
2022-09-21 09:00:00,30.1,78,611.0,2.01,0.0,98
2022-09-21 10:00:00,30.9,75,755.0,2.18,0.1,100
2022-09-21 11:00:00,31.4,73,743.0,2.12,0.1,99
2022-09-21 12:00:00,32.0,69,788.0,2.19,0.0,99
2022-09-21 13:00:00,31.6,68,586.0,2.02,0.4,99
2022-09-21 14:00:00,31.8,69,503.0,0.7,0.0,98
2022-09-21 15:00:00,30.5,72,349.0,1.89,0.2,99
2022-09-21 16:00:00,29.9,78,153.0,1.53,1.2,81
2022-09-21 17:00:00,28.5,83,29.0,2.3,0.7,100
2022-09-21 18:00:00,27.1,88,0.0,1.64,1.2,100
2022-09-21 19:00:00,26.8,93,0.0,0.76,0.1,100
2022-09-21 20:00:00,25.9,91,0.0,2.67,0.2,100
2022-09-21 21:00:00,26.1,93,0.0,1.97,0.0,100
2022-09-21 22:00:00,26.0,93,0.0,1.21,0.0,100
2022-09-21 23:00:00,25.9,94,0.0,1.35,0.0,100
2022-09-22 00:00:00,25.9,95,0.0,1.14,0.0,100
2022-09-22 01:00:00,26.0,96,0.0,1.22,0.0,100
2022-09-22 02:00:00,25.7,94,0.0,1.8,0.0,100
2022-09-22 03:00:00,25.0,95,0.0,2.14,0.0,100
2022-09-22 04:00:00,25.0,94,0.0,1.39,0.0,100
2022-09-22 05:00:00,25.5,93,2.0,1.56,0.0,100
2022-09-22 06:00:00,26.1,89,70.0,1.35,0.0,100
2022-09-22 07:00:00,27.0,85,198.0,1.35,0.0,100
2022-09-22 08:00:00,27.8,83,301.0,1.3,0.1,100
2022-09-22 09:00:00,28.9,78,406.0,1.08,0.0,100
2022-09-22 10:00:00,29.8,77,562.0,1.51,0.0,99
2022-09-22 11:00:00,30.6,74,626.0,1.8,0.0,99
2022-09-22 12:00:00,30.2,72,693.0,2.19,0.7,70
2022-09-22 13:00:00,30.4,75,660.0,1.52,0.4,54
2022-09-22 14:00:00,30.4,75,523.0,2.2,0.6,81
2022-09-22 15:00:00,27.4,87,285.0,3.34,0.7,94
2022-09-22 16:00:00,26.8,90,145.0,1.81,0.2,98
2022-09-22 17:00:00,27.6,89,29.0,1.33,0.0,83
2022-09-22 18:00:00,26.8,94,0.0,1.32,0.0,100
2022-09-22 19:00:00,26.7,95,0.0,1.22,0.0,97
2022-09-22 20:00:00,26.4,96,0.0,1.28,0.0,35
2022-09-22 21:00:00,26.3,96,0.0,1.33,0.0,50
2022-09-22 22:00:00,26.0,97,0.0,1.53,0.0,99
2022-09-22 23:00:00,26.0,98,0.0,1.02,0.0,100
2022-09-23 00:00:00,25.9,94,0.0,1.4,0.5,98
2022-09-23 01:00:00,24.7,96,0.0,2.76,0.8,100
2022-09-23 02:00:00,24.4,96,0.0,1.44,2.0,100
2022-09-23 03:00:00,24.4,95,0.0,0.76,0.1,100
2022-09-23 04:00:00,24.3,95,0.0,1.06,0.2,100
2022-09-23 05:00:00,25.1,94,2.0,2.31,0.0,100
2022-09-23 06:00:00,25.2,93,66.0,2.39,0.0,100
2022-09-23 07:00:00,26.0,88,204.0,2.55,0.0,100
2022-09-23 08:00:00,27.1,84,311.0,2.67,0.0,100
2022-09-23 09:00:00,28.0,82,349.0,2.5,0.1,100
2022-09-23 10:00:00,28.8,79,515.0,3.01,0.1,100
2022-09-23 11:00:00,30.1,75,711.0,3.44,0.0,100
2022-09-23 12:00:00,30.1,72,664.0,3.75,0.1,100
2022-09-23 13:00:00,30.1,70,552.0,4.0,0.3,100
2022-09-23 14:00:00,29.4,77,472.0,3.04,0.2,100
2022-09-23 15:00:00,29.5,79,340.0,2.1,0.0,100
2022-09-23 16:00:00,27.2,87,150.0,1.94,2.9,100
2022-09-23 17:00:00,27.7,86,28.0,2.04,0.0,100
2022-09-23 18:00:00,26.8,92,0.0,1.02,0.0,100
2022-09-23 19:00:00,26.6,92,0.0,1.1,0.0,100
2022-09-23 20:00:00,26.2,94,0.0,1.12,0.0,99
2022-09-23 21:00:00,26.0,96,0.0,1.3,0.0,99
2022-09-23 22:00:00,25.8,96,0.0,1.57,0.0,100
2022-09-23 23:00:00,26.2,96,0.0,1.22,0.0,99
2022-09-24 00:00:00,25.9,96,0.0,1.12,0.0,99
2022-09-24 01:00:00,25.5,94,0.0,1.1,0.1,100
2022-09-24 02:00:00,25.2,94,0.0,1.8,0.5,100
2022-09-24 03:00:00,24.4,93,0.0,2.41,0.3,100
2022-09-24 04:00:00,24.1,94,0.0,1.88,0.1,100
2022-09-24 05:00:00,24.9,92,1.0,1.0,0.1,100
2022-09-24 06:00:00,25.3,91,35.0,1.51,0.1,100
2022-09-24 07:00:00,25.5,91,145.0,2.47,1.5,100
2022-09-24 08:00:00,25.6,90,112.0,2.26,0.1,100
2022-09-24 09:00:00,26.2,86,164.0,1.86,0.1,100
2022-09-24 10:00:00,27.0,84,295.0,1.92,0.2,100
2022-09-24 11:00:00,27.7,82,366.0,1.71,0.2,100
2022-09-24 12:00:00,27.9,82,405.0,1.17,0.1,100
2022-09-24 13:00:00,27.8,82,269.0,1.75,0.2,100
2022-09-24 14:00:00,28.1,80,259.0,1.49,0.0,100
2022-09-24 15:00:00,28.2,80,236.0,0.78,0.0,100
2022-09-24 16:00:00,28.1,81,153.0,0.4,0.0,100
2022-09-24 17:00:00,27.5,87,21.0,0.94,0.0,100
2022-09-24 18:00:00,26.7,92,0.0,0.78,0.0,100
2022-09-24 19:00:00,26.3,94,0.0,1.41,0.0,99
2022-09-24 20:00:00,26.0,93,0.0,2.06,0.0,99
2022-09-24 21:00:00,25.7,90,0.0,2.52,0.0,100
2022-09-24 22:00:00,24.9,92,0.0,2.6,0.1,98
2022-09-24 23:00:00,24.8,94,0.0,2.3,0.0,100
2022-09-25 00:00:00,24.5,94,0.0,2.33,0.3,100
2022-09-25 01:00:00,24.3,95,0.0,2.62,0.1,100
2022-09-25 02:00:00,24.1,96,0.0,2.22,0.0,100
2022-09-25 03:00:00,23.9,96,0.0,2.0,0.0,100
2022-09-25 04:00:00,24.0,96,0.0,2.14,0.1,100
2022-09-25 05:00:00,24.5,94,1.0,0.41,0.0,100
2022-09-25 06:00:00,24.5,96,52.0,1.41,0.6,100
2022-09-25 07:00:00,25.4,90,121.0,0.5,0.1,100
2022-09-25 08:00:00,25.7,90,171.0,1.43,0.0,100
2022-09-25 09:00:00,27.0,84,300.0,0.81,0.0,100
2022-09-25 10:00:00,28.0,79,427.0,1.22,0.0,100
2022-09-25 11:00:00,28.7,75,536.0,1.39,0.1,100
2022-09-25 12:00:00,28.9,75,445.0,1.12,0.1,100
2022-09-25 13:00:00,29.0,74,412.0,1.52,0.2,100
2022-09-25 14:00:00,28.7,77,309.0,1.32,0.0,100
2022-09-25 15:00:00,28.5,79,283.0,1.58,0.0,100
2022-09-25 16:00:00,28.1,82,144.0,1.68,0.0,100
2022-09-25 17:00:00,27.0,90,25.0,1.34,0.0,100
2022-09-25 18:00:00,26.7,89,0.0,1.17,0.0,65
2022-09-25 19:00:00,26.0,93,0.0,1.43,0.0,64
2022-09-25 20:00:00,25.5,95,0.0,0.85,0.0,94
2022-09-25 21:00:00,25.4,97,0.0,1.25,0.0,95
2022-09-25 22:00:00,25.0,99,0.0,1.89,0.0,90
2022-09-25 23:00:00,24.9,99,0.0,1.58,0.0,100
2022-09-26 00:00:00,24.9,97,0.0,1.58,0.0,100
2022-09-26 01:00:00,24.8,97,0.0,1.9,0.0,100
2022-09-26 02:00:00,24.7,97,0.0,1.94,0.0,100
2022-09-26 03:00:00,24.6,97,0.0,2.02,0.0,100
2022-09-26 04:00:00,24.4,97,0.0,1.82,0.0,100
2022-09-26 05:00:00,24.9,97,2.0,1.8,0.0,63
2022-09-26 06:00:00,25.7,92,84.0,2.33,0.0,100
2022-09-26 07:00:00,26.8,87,233.0,2.1,0.0,82
2022-09-26 08:00:00,28.4,79,418.0,1.81,0.0,63
2022-09-26 09:00:00,29.7,73,557.0,1.66,0.0,58
2022-09-26 10:00:00,30.6,72,735.0,1.49,0.1,31
2022-09-26 11:00:00,31.0,72,800.0,1.72,0.1,23
2022-09-26 12:00:00,31.0,74,770.0,1.06,0.2,50
2022-09-26 13:00:00,31.3,72,686.0,0.78,0.1,52
2022-09-26 14:00:00,31.3,71,547.0,0.41,0.0,58
2022-09-26 15:00:00,29.6,78,373.0,0.76,0.4,100
2022-09-26 16:00:00,28.7,80,123.0,0.91,0.9,80
2022-09-26 17:00:00,29.1,79,21.0,0.54,0.0,100
2022-09-26 18:00:00,28.6,78,0.0,0.58,0.0,100
2022-09-26 19:00:00,27.6,87,0.0,1.0,0.0,100
2022-09-26 20:00:00,28.1,84,0.0,0.7,0.0,100
2022-09-26 21:00:00,26.7,94,0.0,1.2,0.0,98
2022-09-26 22:00:00,27.2,90,0.0,0.7,0.9,66
2022-09-26 23:00:00,26.1,96,0.0,1.03,0.0,34
2022-09-27 00:00:00,25.6,98,0.0,0.95,0.2,14
2022-09-27 01:00:00,25.2,98,0.0,1.1,0.0,83
2022-09-27 02:00:00,25.0,97,0.0,1.73,0.0,92
2022-09-27 03:00:00,24.8,98,0.0,1.91,0.0,50
2022-09-27 04:00:00,24.6,99,0.0,1.89,0.0,60
2022-09-27 05:00:00,25.0,97,2.0,1.8,0.0,50
2022-09-27 06:00:00,25.9,91,83.0,1.4,0.1,79
2022-09-27 07:00:00,27.0,85,240.0,1.36,0.1,69
2022-09-27 08:00:00,28.1,81,409.0,0.51,0.0,55
2022-09-27 09:00:00,29.0,80,591.0,0.9,0.1,52
2022-09-27 10:00:00,29.7,78,650.0,1.08,0.1,49
2022-09-27 11:00:00,30.3,75,752.0,1.13,0.0,100
2022-09-27 12:00:00,30.4,75,739.0,1.34,0.1,25
2022-09-27 13:00:00,30.1,76,648.0,1.51,0.1,33
2022-09-27 14:00:00,30.6,70,511.0,1.12,0.1,30
2022-09-27 15:00:00,30.2,68,287.0,0.36,0.0,34
2022-09-27 16:00:00,29.8,74,159.0,0.28,0.0,46
2022-09-27 17:00:00,27.6,87,21.0,1.33,0.1,99
2022-09-27 18:00:00,27.0,91,0.0,1.25,0.0,93
2022-09-27 19:00:00,28.0,83,0.0,0.41,0.0,76
2022-09-27 20:00:00,26.5,93,0.0,0.92,0.0,59
2022-09-27 21:00:00,26.3,97,0.0,1.98,0.0,45
2022-09-27 22:00:00,25.7,96,0.0,1.78,0.1,44
2022-09-27 23:00:00,25.3,97,0.0,1.5,0.0,36
2022-09-28 00:00:00,25.4,96,0.0,1.5,0.0,65
2022-09-28 01:00:00,25.3,98,0.0,1.1,0.0,52
2022-09-28 02:00:00,25.3,97,0.0,1.75,0.0,92
2022-09-28 03:00:00,25.2,95,0.0,2.04,0.3,70
2022-09-28 04:00:00,25.0,96,0.0,2.1,0.0,42
2022-09-28 05:00:00,25.1,96,1.0,2.28,0.0,57
2022-09-28 06:00:00,25.9,91,85.0,2.12,0.0,56
2022-09-28 07:00:00,26.9,86,270.0,2.1,0.0,81
2022-09-28 08:00:00,27.8,82,447.0,2.52,0.0,43
2022-09-28 09:00:00,29.0,77,585.0,1.93,0.0,65
2022-09-28 10:00:00,29.9,73,655.0,1.9,0.1,49
2022-09-28 11:00:00,30.4,73,702.0,2.02,0.0,44
2022-09-28 12:00:00,30.9,72,711.0,1.66,0.1,43
2022-09-28 13:00:00,31.2,72,678.0,1.26,0.0,15
2022-09-28 14:00:00,30.9,72,538.0,0.64,0.1,26
2022-09-28 15:00:00,30.0,75,356.0,0.58,0.2,47
2022-09-28 16:00:00,28.6,78,131.0,1.43,0.2,63
2022-09-28 17:00:00,28.0,90,19.0,0.5,0.0,49
2022-09-28 18:00:00,27.3,94,0.0,0.64,0.0,85
2022-09-28 19:00:00,26.8,96,0.0,0.98,0.0,68
2022-09-28 20:00:00,26.5,97,0.0,1.26,0.0,9
2022-09-28 21:00:00,26.5,97,0.0,1.06,0.0,18
2022-09-28 22:00:00,26.0,95,0.0,1.61,0.0,76
2022-09-28 23:00:00,25.5,97,0.0,0.78,2.5,100
2022-09-29 00:00:00,25.6,97,0.0,0.95,0.0,94
2022-09-29 01:00:00,25.4,98,0.0,1.1,0.0,84
2022-09-29 02:00:00,25.1,99,0.0,0.85,0.0,100
2022-09-29 03:00:00,25.1,99,0.0,1.32,0.0,80
2022-09-29 04:00:00,24.9,99,0.0,1.2,0.0,56
2022-09-29 05:00:00,25.2,94,1.0,1.64,0.0,31
2022-09-29 06:00:00,26.1,91,86.0,1.2,0.0,8
2022-09-29 07:00:00,27.2,87,281.0,1.35,0.0,1
2022-09-29 08:00:00,28.4,82,480.0,1.72,0.0,7
2022-09-29 09:00:00,29.5,77,645.0,2.2,0.1,34
2022-09-29 10:00:00,30.4,74,728.0,2.38,0.1,100
2022-09-29 11:00:00,31.1,72,768.0,1.97,0.1,100
2022-09-29 12:00:00,31.1,72,652.0,1.92,0.1,100
2022-09-29 13:00:00,31.2,73,566.0,1.8,0.1,100
2022-09-29 14:00:00,31.0,74,344.0,1.1,0.1,100
2022-09-29 15:00:00,28.9,81,185.0,1.2,1.4,99
2022-09-29 16:00:00,28.2,86,88.0,2.01,0.2,99
2022-09-29 17:00:00,28.6,85,18.0,0.64,0.2,100
2022-09-29 18:00:00,27.5,91,0.0,1.2,0.1,92
2022-09-29 19:00:00,26.9,95,0.0,1.34,0.0,87
2022-09-29 20:00:00,27.1,95,0.0,1.26,0.0,44
2022-09-29 21:00:00,26.8,95,0.0,1.3,0.0,34
2022-09-29 22:00:00,26.4,95,0.0,1.39,0.0,37
2022-09-29 23:00:00,26.1,97,0.0,1.4,0.0,32
2022-09-30 00:00:00,25.6,99,0.0,1.46,0.0,41
2022-09-30 01:00:00,25.5,99,0.0,1.21,0.0,34
2022-09-30 02:00:00,25.5,99,0.0,0.95,0.0,10
2022-09-30 03:00:00,25.8,99,0.0,1.3,0.0,40
2022-09-30 04:00:00,25.6,100,0.0,1.73,0.0,100
2022-09-30 05:00:00,25.8,99,1.0,1.96,0.0,33
2022-09-30 06:00:00,26.8,95,75.0,1.93,0.0,26
2022-09-30 07:00:00,28.2,87,264.0,1.91,0.0,4
2022-09-30 08:00:00,29.7,80,482.0,2.63,0.0,0
2022-09-30 09:00:00,30.9,74,651.0,2.97,0.0,1
2022-09-30 10:00:00,31.9,69,766.0,3.23,0.0,2
2022-09-30 11:00:00,32.6,66,802.0,3.09,0.0,3
2022-09-30 12:00:00,33.0,65,792.0,3.0,0.0,3
2022-09-30 13:00:00,32.9,65,704.0,2.8,0.0,20
2022-09-30 14:00:00,32.6,65,552.0,2.78,0.0,29
2022-09-30 15:00:00,32.0,70,274.0,2.0,0.0,35
2022-09-30 16:00:00,31.1,78,146.0,1.1,0.0,24
2022-09-30 17:00:00,29.4,81,19.0,1.96,0.0,24
2022-09-30 18:00:00,28.6,92,0.0,1.14,0.0,49
2022-09-30 19:00:00,28.1,94,0.0,0.5,0.0,55
2022-09-30 20:00:00,27.6,97,0.0,1.03,0.0,100
2022-09-30 21:00:00,27.2,97,0.0,1.43,0.0,100
2022-09-30 22:00:00,27.1,97,0.0,0.78,0.0,99
2022-09-30 23:00:00,26.9,98,0.0,0.91,0.0,92
2022-10-01 00:00:00,26.8,99,0.0,1.0,0.0,84
2022-10-01 01:00:00,26.5,100,0.0,0.81,0.0,21
2022-10-01 02:00:00,26.0,100,0.0,1.1,0.0,2
2022-10-01 03:00:00,26.2,100,0.0,0.98,0.0,3
2022-10-01 04:00:00,26.0,100,0.0,1.12,0.0,100
2022-10-01 05:00:00,26.8,94,1.0,1.0,0.0,0
2022-10-01 06:00:00,28.1,88,88.0,0.99,0.0,0
2022-10-01 07:00:00,29.8,78,282.0,0.8,0.0,0
2022-10-01 08:00:00,31.0,76,483.0,1.28,0.0,6
2022-10-01 09:00:00,32.1,71,652.0,2.14,0.0,34
2022-10-01 10:00:00,33.0,64,767.0,2.68,0.0,71
2022-10-01 11:00:00,33.6,61,818.0,2.92,0.0,46
2022-10-01 12:00:00,34.3,58,798.0,2.53,0.0,1
2022-10-01 13:00:00,34.1,59,710.0,2.39,0.0,9
2022-10-01 14:00:00,33.8,61,545.0,2.14,0.0,39
2022-10-01 15:00:00,33.1,65,298.0,1.63,0.0,28
2022-10-01 16:00:00,31.8,77,136.0,1.08,0.4,41
2022-10-01 17:00:00,29.9,84,17.0,1.43,0.0,25
2022-10-01 18:00:00,29.0,89,0.0,1.08,0.0,54
2022-10-01 19:00:00,28.7,90,0.0,0.3,0.0,98
2022-10-01 20:00:00,29.4,84,0.0,0.54,0.0,100
2022-10-01 21:00:00,29.3,83,0.0,0.3,0.0,82
2022-10-01 22:00:00,28.4,88,0.0,0.41,0.0,37
2022-10-01 23:00:00,28.4,90,0.0,0.22,0.0,99
2022-10-02 00:00:00,26.8,97,0.0,1.28,0.0,100
2022-10-02 01:00:00,26.5,97,0.0,1.42,0.0,98
2022-10-02 02:00:00,26.3,95,0.0,1.34,0.0,100
2022-10-02 03:00:00,26.4,94,0.0,1.03,0.0,100
2022-10-02 04:00:00,26.1,96,0.0,1.7,0.0,100
2022-10-02 05:00:00,26.4,91,1.0,2.34,0.0,100
2022-10-02 06:00:00,27.6,87,81.0,1.75,0.0,100
2022-10-02 07:00:00,29.1,82,236.0,1.57,0.0,100
2022-10-02 08:00:00,30.1,79,359.0,1.32,0.0,100
2022-10-02 09:00:00,31.2,76,476.0,1.36,0.0,100
2022-10-02 10:00:00,32.2,70,622.0,1.63,0.0,100
2022-10-02 11:00:00,32.9,66,696.0,1.64,0.0,100
2022-10-02 12:00:00,33.3,63,718.0,1.41,0.0,96
2022-10-02 13:00:00,33.5,62,685.0,1.49,0.0,31
2022-10-02 14:00:00,33.4,61,539.0,1.36,0.0,70
2022-10-02 15:00:00,33.2,62,354.0,1.28,0.0,88
2022-10-02 16:00:00,31.8,77,154.0,0.92,0.0,99
2022-10-02 17:00:00,29.7,87,16.0,1.43,0.0,100
2022-10-02 18:00:00,29.0,91,0.0,1.4,0.0,100
2022-10-02 19:00:00,28.8,93,0.0,1.1,0.0,100
2022-10-02 20:00:00,28.2,96,0.0,1.06,0.0,100
2022-10-02 21:00:00,27.8,98,0.0,1.06,0.0,100
2022-10-02 22:00:00,27.3,100,0.0,2.33,0.0,100
2022-10-02 23:00:00,26.0,95,0.0,2.21,1.2,100
2022-10-03 00:00:00,26.1,97,0.0,1.43,0.3,100
2022-10-03 01:00:00,26.0,95,0.0,1.12,1.5,100
2022-10-03 02:00:00,26.0,96,0.0,0.36,0.2,100
2022-10-03 03:00:00,25.7,97,0.0,0.45,0.0,100
2022-10-03 04:00:00,25.7,95,0.0,1.8,0.5,100
2022-10-03 05:00:00,26.8,88,0.0,1.58,0.4,100
2022-10-03 06:00:00,26.8,86,28.0,1.99,0.4,100
2022-10-03 07:00:00,26.7,89,54.0,1.75,0.4,100
2022-10-03 08:00:00,27.1,89,106.0,1.52,1.1,100
2022-10-03 09:00:00,27.2,88,112.0,1.5,1.2,100
2022-10-03 10:00:00,27.6,88,189.0,2.47,0.7,100
2022-10-03 11:00:00,27.9,87,545.0,2.94,3.4,100
2022-10-03 12:00:00,27.0,90,173.0,2.2,3.3,100
2022-10-03 13:00:00,27.4,88,188.0,1.49,0.4,83
2022-10-03 14:00:00,28.6,83,377.0,1.73,0.0,100
2022-10-03 15:00:00,28.0,86,121.0,1.9,0.8,100
2022-10-03 16:00:00,27.5,90,41.0,1.7,0.1,100
2022-10-03 17:00:00,26.2,90,10.0,1.97,0.0,100
2022-10-03 18:00:00,26.0,93,0.0,1.57,0.0,100
2022-10-03 19:00:00,25.8,95,0.0,1.52,0.9,100
2022-10-03 20:00:00,25.8,95,0.0,1.1,0.3,100
2022-10-03 21:00:00,26.0,92,0.0,0.28,0.0,100
2022-10-03 22:00:00,25.9,92,0.0,0.71,0.0,100
2022-10-03 23:00:00,25.1,97,0.0,0.8,0.0,100
2022-10-04 00:00:00,24.9,97,0.0,0.78,0.0,100
2022-10-04 01:00:00,24.8,97,0.0,0.81,0.0,91
2022-10-04 02:00:00,24.7,98,0.0,0.85,0.0,64
2022-10-04 03:00:00,24.2,99,0.0,1.12,0.0,85
2022-10-04 04:00:00,24.4,99,0.0,0.8,0.0,92
2022-10-04 05:00:00,25.4,96,1.0,1.77,0.0,100
2022-10-04 06:00:00,25.9,93,59.0,2.61,0.1,66
2022-10-04 07:00:00,26.9,87,204.0,2.96,0.0,100
2022-10-04 08:00:00,27.7,83,210.0,2.71,0.0,87
2022-10-04 09:00:00,28.8,78,356.0,2.32,0.0,86
2022-10-04 10:00:00,29.4,75,467.0,2.45,0.0,40
2022-10-04 11:00:00,30.4,71,733.0,1.58,0.0,48
2022-10-04 12:00:00,30.8,70,695.0,0.92,0.1,30
2022-10-04 13:00:00,30.7,72,622.0,1.71,0.0,89
2022-10-04 14:00:00,30.0,74,410.0,0.82,1.4,99
2022-10-04 15:00:00,29.9,72,242.0,0.92,0.1,97
2022-10-04 16:00:00,29.1,82,124.0,0.64,0.0,99
2022-10-04 17:00:00,27.5,88,15.0,0.91,0.0,98
2022-10-04 18:00:00,26.7,95,0.0,0.81,0.0,100
2022-10-04 19:00:00,26.7,96,0.0,0.81,0.0,100
2022-10-04 20:00:00,26.1,98,0.0,1.0,0.0,100
2022-10-04 21:00:00,26.3,99,0.0,1.2,0.0,100
2022-10-04 22:00:00,26.0,99,0.0,1.03,0.0,100
2022-10-04 23:00:00,25.6,97,0.0,1.26,0.0,100
2022-10-05 00:00:00,25.3,98,0.0,1.0,0.0,100
2022-10-05 01:00:00,25.1,99,0.0,0.92,0.0,100
2022-10-05 02:00:00,24.7,99,0.0,0.92,0.1,100
2022-10-05 03:00:00,25.3,96,0.0,0.45,0.1,100
2022-10-05 04:00:00,25.5,95,0.0,0.3,0.2,100
2022-10-05 05:00:00,25.5,95,0.0,1.75,0.0,100
2022-10-05 06:00:00,26.1,92,59.0,1.77,0.0,100
2022-10-05 07:00:00,26.7,89,157.0,1.79,0.1,100
2022-10-05 08:00:00,27.1,88,234.0,1.88,0.2,100
2022-10-05 09:00:00,28.4,84,431.0,2.02,0.1,88
2022-10-05 10:00:00,29.6,80,688.0,2.21,0.1,51
2022-10-05 11:00:00,30.3,76,760.0,2.22,0.1,97
2022-10-05 12:00:00,29.5,78,458.0,1.7,4.7,99
2022-10-05 13:00:00,27.7,84,370.0,3.51,4.2,100
2022-10-05 14:00:00,26.3,91,195.0,2.76,4.0,100
2022-10-05 15:00:00,26.6,90,101.0,1.57,0.4,100
2022-10-05 16:00:00,26.7,90,76.0,1.12,0.1,100
2022-10-05 17:00:00,26.8,92,9.0,1.04,0.0,100
2022-10-05 18:00:00,26.3,94,0.0,1.77,0.0,100
2022-10-05 19:00:00,25.7,96,0.0,1.17,0.0,100
2022-10-05 20:00:00,25.3,96,0.0,1.46,0.0,100
2022-10-05 21:00:00,25.6,96,0.0,1.21,0.0,98
2022-10-05 22:00:00,25.5,96,0.0,1.27,0.0,98
2022-10-05 23:00:00,25.2,96,0.0,1.25,0.0,99
2022-10-06 00:00:00,25.0,98,0.0,1.25,0.0,99
2022-10-06 01:00:00,24.8,98,0.0,1.12,0.0,98
2022-10-06 02:00:00,24.3,99,0.0,1.28,0.0,97
2022-10-06 03:00:00,24.0,99,0.0,1.3,0.0,52
2022-10-06 04:00:00,24.5,98,0.0,1.08,0.0,77
2022-10-06 05:00:00,25.3,96,1.0,1.84,0.0,77
2022-10-06 06:00:00,26.2,91,78.0,2.14,0.0,79
2022-10-06 07:00:00,27.2,85,244.0,2.82,0.0,62
2022-10-06 08:00:00,28.1,82,460.0,3.1,0.0,63
2022-10-06 09:00:00,28.9,77,617.0,3.31,0.0,95
2022-10-06 10:00:00,29.6,73,735.0,3.42,0.0,95
2022-10-06 11:00:00,30.3,73,780.0,3.83,0.0,72
2022-10-06 12:00:00,30.4,68,762.0,4.73,0.4,94
2022-10-06 13:00:00,30.2,76,652.0,3.81,0.7,82
2022-10-06 14:00:00,29.9,72,477.0,3.22,1.0,65
2022-10-06 15:00:00,29.5,77,282.0,2.28,0.0,39
2022-10-06 16:00:00,28.9,80,141.0,1.75,0.0,35
2022-10-06 17:00:00,26.4,88,12.0,3.71,0.0,76
2022-10-06 18:00:00,26.0,90,0.0,1.71,0.0,58
2022-10-06 19:00:00,25.6,95,0.0,1.17,0.0,72
2022-10-06 20:00:00,25.6,96,0.0,1.2,0.0,84
2022-10-06 21:00:00,25.4,96,0.0,1.5,0.0,88
2022-10-06 22:00:00,25.3,97,0.0,1.57,0.0,50
2022-10-06 23:00:00,25.6,96,0.0,1.39,0.0,23
2022-10-07 00:00:00,25.4,96,0.0,1.82,0.0,14
2022-10-07 01:00:00,25.0,96,0.0,1.36,0.0,33
2022-10-07 02:00:00,24.7,96,0.0,1.22,0.0,32
2022-10-07 03:00:00,24.7,96,0.0,1.7,0.0,43
2022-10-07 04:00:00,24.6,95,0.0,2.24,0.0,40
2022-10-07 05:00:00,25.2,94,1.0,1.58,0.0,54
2022-10-07 06:00:00,26.1,89,79.0,2.33,0.0,75
2022-10-07 07:00:00,26.7,87,230.0,2.0,0.0,31
2022-10-07 08:00:00,27.4,85,386.0,2.1,0.0,27
2022-10-07 09:00:00,28.5,82,572.0,2.38,0.0,25
2022-10-07 10:00:00,29.3,77,659.0,2.57,0.1,19
2022-10-07 11:00:00,30.2,73,713.0,3.01,0.1,21
2022-10-07 12:00:00,30.6,71,712.0,3.34,0.0,25
2022-10-07 13:00:00,30.6,68,645.0,3.77,0.6,69
2022-10-07 14:00:00,30.1,75,500.0,2.77,0.2,61
2022-10-07 15:00:00,29.4,77,278.0,2.57,0.6,64
2022-10-07 16:00:00,28.0,83,104.0,2.2,0.2,74
2022-10-07 17:00:00,26.7,87,10.0,2.5,0.2,61
2022-10-07 18:00:00,26.4,93,0.0,0.92,0.1,72
2022-10-07 19:00:00,26.1,94,0.0,1.21,0.0,42
2022-10-07 20:00:00,26.3,93,0.0,1.14,0.0,65
2022-10-07 21:00:00,26.3,93,0.0,1.39,0.0,35
2022-10-07 22:00:00,25.9,95,0.0,1.39,0.0,9
2022-10-07 23:00:00,25.7,95,0.0,1.35,0.0,12
2022-10-08 00:00:00,25.6,95,0.0,1.42,0.0,9
2022-10-08 01:00:00,25.2,96,0.0,1.22,0.0,9
2022-10-08 02:00:00,25.0,96,0.0,1.53,0.0,3
2022-10-08 03:00:00,24.5,98,0.0,1.24,0.0,11
2022-10-08 04:00:00,24.7,99,0.0,1.33,0.2,43
2022-10-08 05:00:00,24.9,99,1.0,0.67,1.5,100
2022-10-08 06:00:00,25.8,96,76.0,0.85,0.0,12
2022-10-08 07:00:00,27.1,88,254.0,1.53,0.0,53
2022-10-08 08:00:00,27.6,85,387.0,2.06,0.1,44
2022-10-08 09:00:00,28.3,83,545.0,1.61,0.1,26
2022-10-08 10:00:00,29.3,78,700.0,1.82,0.0,28
2022-10-08 11:00:00,30.1,74,743.0,2.33,0.0,43
2022-10-08 12:00:00,30.5,73,672.0,3.14,0.1,26
2022-10-08 13:00:00,30.9,70,633.0,3.31,0.0,30
2022-10-08 14:00:00,29.8,74,497.0,4.1,0.6,82
2022-10-08 15:00:00,27.8,85,266.0,2.92,0.3,98
2022-10-08 16:00:00,27.5,86,100.0,0.95,0.0,100
2022-10-08 17:00:00,26.4,91,11.0,1.02,0.0,100
2022-10-08 18:00:00,25.9,96,0.0,0.73,0.1,88
2022-10-08 19:00:00,25.6,94,0.0,1.04,0.0,100
2022-10-08 20:00:00,25.3,93,0.0,0.92,0.1,100
2022-10-08 21:00:00,24.8,95,0.0,0.82,0.0,100
2022-10-08 22:00:00,24.6,96,0.0,1.03,0.0,98
2022-10-08 23:00:00,24.4,96,0.0,1.12,0.0,98
2022-10-09 00:00:00,23.7,99,0.0,0.91,0.0,100
2022-10-09 01:00:00,23.9,96,0.0,0.78,1.7,100
2022-10-09 02:00:00,23.8,97,0.0,1.25,0.3,100
2022-10-09 03:00:00,23.7,96,0.0,0.73,0.2,100
2022-10-09 04:00:00,23.5,98,0.0,0.85,0.6,100
2022-10-09 05:00:00,24.1,97,0.0,1.75,0.8,100
2022-10-09 06:00:00,24.8,91,46.0,1.52,0.0,96
2022-10-09 07:00:00,25.8,87,221.0,2.1,0.0,100
2022-10-09 08:00:00,26.5,85,314.0,1.75,0.0,100
2022-10-09 09:00:00,27.1,83,370.0,2.02,0.0,100
2022-10-09 10:00:00,27.8,79,487.0,2.53,0.0,100
2022-10-09 11:00:00,28.4,79,517.0,2.4,0.0,100
2022-10-09 12:00:00,28.4,80,552.0,2.35,0.1,100
2022-10-09 13:00:00,28.4,80,387.0,2.92,0.1,100
2022-10-09 14:00:00,26.0,89,184.0,2.7,1.3,100
2022-10-09 15:00:00,25.9,89,137.0,1.86,0.0,100
2022-10-09 16:00:00,25.9,89,83.0,1.6,0.0,100
2022-10-09 17:00:00,26.1,92,9.0,0.81,0.0,100
2022-10-09 18:00:00,25.9,94,0.0,0.76,0.1,100
2022-10-09 19:00:00,25.6,92,0.0,1.5,0.2,100
2022-10-09 20:00:00,25.1,95,0.0,0.85,0.0,100
2022-10-09 21:00:00,24.4,97,0.0,1.39,0.0,100
2022-10-09 22:00:00,24.8,96,0.0,0.98,0.0,100
2022-10-09 23:00:00,24.6,98,0.0,1.21,0.0,100
2022-10-10 00:00:00,24.6,96,0.0,1.8,0.2,100
2022-10-10 01:00:00,24.0,98,0.0,1.92,0.1,100
2022-10-10 02:00:00,23.5,99,0.0,1.8,0.0,100
2022-10-10 03:00:00,23.4,98,0.0,2.12,0.0,100
2022-10-10 04:00:00,23.3,98,0.0,2.33,0.1,100
2022-10-10 05:00:00,23.8,97,0.0,2.62,0.1,100
2022-10-10 06:00:00,24.1,94,37.0,2.62,0.2,86
2022-10-10 07:00:00,25.1,88,212.0,2.98,0.0,100
2022-10-10 08:00:00,26.0,84,347.0,3.14,0.0,100
2022-10-10 09:00:00,27.5,80,509.0,3.41,0.0,100
2022-10-10 10:00:00,29.3,71,631.0,4.42,0.0,100
2022-10-10 11:00:00,29.7,74,708.0,4.55,0.0,98
2022-10-10 12:00:00,29.8,74,671.0,4.61,0.0,100
2022-10-10 13:00:00,26.8,86,275.0,5.1,1.9,92
2022-10-10 14:00:00,27.7,84,343.0,3.7,0.1,58
2022-10-10 15:00:00,28.1,83,282.0,3.37,0.0,57
2022-10-10 16:00:00,27.3,87,112.0,2.4,0.1,83
2022-10-10 17:00:00,26.0,93,8.0,1.02,0.2,100
2022-10-10 18:00:00,25.5,94,0.0,1.2,0.0,100
2022-10-10 19:00:00,26.4,89,0.0,0.2,0.0,100
2022-10-10 20:00:00,26.1,92,0.0,0.5,0.0,100
2022-10-10 21:00:00,25.1,97,0.0,1.8,0.0,100
2022-10-10 22:00:00,24.6,95,0.0,2.35,0.0,100
2022-10-10 23:00:00,24.0,95,0.0,3.3,0.0,100
2022-10-11 00:00:00,23.6,95,0.0,1.49,0.1,100
2022-10-11 01:00:00,23.1,96,0.0,2.2,0.1,100
2022-10-11 02:00:00,22.8,97,0.0,2.21,0.1,100
2022-10-11 03:00:00,23.2,94,0.0,2.69,0.3,100
2022-10-11 04:00:00,23.0,96,0.0,2.87,0.6,100
2022-10-11 05:00:00,22.9,96,0.0,1.56,0.2,100
2022-10-11 06:00:00,23.3,97,53.0,1.86,0.5,100
2022-10-11 07:00:00,23.6,94,72.0,2.38,0.5,100
2022-10-11 08:00:00,24.0,96,195.0,2.83,0.6,100
2022-10-11 09:00:00,24.4,92,238.0,1.84,1.3,98
2022-10-11 10:00:00,26.3,85,498.0,3.1,0.2,100
2022-10-11 11:00:00,27.8,80,602.0,3.65,0.2,26
2022-10-11 12:00:00,28.5,79,654.0,3.61,0.1,74
2022-10-11 13:00:00,28.6,78,609.0,3.41,0.0,78
2022-10-11 14:00:00,27.3,84,451.0,4.13,0.7,87
2022-10-11 15:00:00,26.7,85,225.0,2.6,0.1,62
2022-10-11 16:00:00,26.4,88,109.0,1.39,0.0,26
2022-10-11 17:00:00,25.1,91,8.0,0.76,0.0,99
2022-10-11 18:00:00,24.3,94,0.0,0.85,3.1,100
2022-10-11 19:00:00,24.8,90,0.0,1.61,0.0,100
2022-10-11 20:00:00,24.1,94,0.0,0.78,0.0,100
2022-10-11 21:00:00,24.2,93,0.0,1.2,0.0,100
2022-10-11 22:00:00,24.0,94,0.0,1.0,0.0,100
2022-10-11 23:00:00,23.6,95,0.0,1.7,0.1,100
2022-10-12 00:00:00,23.2,96,0.0,1.25,0.0,100
2022-10-12 01:00:00,22.8,98,0.0,1.92,0.1,100
2022-10-12 02:00:00,22.7,97,0.0,2.33,0.1,100
2022-10-12 03:00:00,22.6,97,0.0,1.79,0.1,100
2022-10-12 04:00:00,22.7,96,0.0,1.77,0.1,100
2022-10-12 05:00:00,23.6,95,0.0,2.33,0.1,100
2022-10-12 06:00:00,23.9,93,45.0,2.06,0.2,99
2022-10-12 07:00:00,24.7,89,169.0,2.25,0.1,99
2022-10-12 08:00:00,25.8,85,317.0,2.5,0.1,100
2022-10-12 09:00:00,26.8,81,390.0,2.41,0.1,100
2022-10-12 10:00:00,27.7,81,520.0,2.47,0.0,99
2022-10-12 11:00:00,28.6,78,717.0,4.73,0.1,100
2022-10-12 12:00:00,27.1,84,465.0,3.2,1.0,100
2022-10-12 13:00:00,27.0,84,355.0,3.11,0.0,97
2022-10-12 14:00:00,28.1,79,483.0,2.83,0.0,93
2022-10-12 15:00:00,28.0,80,288.0,2.92,0.0,92
2022-10-12 16:00:00,27.1,84,114.0,2.31,0.0,86
2022-10-12 17:00:00,25.4,92,7.0,1.71,0.0,89
2022-10-12 18:00:00,24.9,94,0.0,1.43,0.0,99
2022-10-12 19:00:00,25.8,89,0.0,0.7,0.0,100
2022-10-12 20:00:00,24.9,92,0.0,1.2,0.0,100
2022-10-12 21:00:00,24.3,95,0.0,1.36,0.0,100
2022-10-12 22:00:00,24.5,95,0.0,2.12,0.0,100
2022-10-12 23:00:00,24.2,95,0.0,2.69,0.1,100
2022-10-13 00:00:00,23.9,94,0.0,1.86,0.1,100
2022-10-13 01:00:00,23.3,94,0.0,2.77,0.1,100
2022-10-13 02:00:00,23.6,93,0.0,2.06,0.0,100
2022-10-13 03:00:00,23.5,96,0.0,2.02,0.1,100
2022-10-13 04:00:00,23.6,95,0.0,1.8,0.1,100
2022-10-13 05:00:00,23.3,96,0.0,1.56,0.1,100
2022-10-13 06:00:00,23.2,96,46.0,1.78,5.7,100
2022-10-13 07:00:00,23.3,95,60.0,1.63,3.7,94
2022-10-13 08:00:00,24.5,88,176.0,1.42,1.6,100
2022-10-13 09:00:00,25.5,85,391.0,1.49,0.1,100
2022-10-13 10:00:00,26.9,80,531.0,1.53,0.1,100
2022-10-13 11:00:00,26.8,81,366.0,1.2,0.1,66
2022-10-13 12:00:00,27.7,79,513.0,0.81,0.1,60
2022-10-13 13:00:00,27.5,80,427.0,1.17,0.1,40
2022-10-13 14:00:00,28.0,77,449.0,1.49,0.1,96
2022-10-13 15:00:00,26.8,82,244.0,1.4,0.5,69
2022-10-13 16:00:00,26.3,87,86.0,0.82,0.1,85
2022-10-13 17:00:00,25.7,92,6.0,1.08,0.1,68
2022-10-13 18:00:00,25.4,93,0.0,0.95,0.0,55
2022-10-13 19:00:00,24.7,96,0.0,1.0,0.0,86
2022-10-13 20:00:00,24.5,96,0.0,1.03,0.0,91
2022-10-13 21:00:00,24.6,96,0.0,1.5,0.0,95
2022-10-13 22:00:00,24.3,96,0.0,1.35,0.0,100
2022-10-13 23:00:00,24.0,97,0.0,1.2,0.0,95
2022-10-14 00:00:00,23.8,97,0.0,1.34,0.0,72
2022-10-14 01:00:00,23.3,98,0.0,1.53,0.0,16
2022-10-14 02:00:00,23.3,98,0.0,1.22,0.0,13
2022-10-14 03:00:00,24.1,97,0.0,0.82,0.0,11
2022-10-14 04:00:00,23.8,99,0.0,0.61,0.0,21
2022-10-14 05:00:00,23.9,99,0.0,1.1,0.0,100
2022-10-14 06:00:00,24.3,98,35.0,0.9,0.2,72
2022-10-14 07:00:00,24.8,95,157.0,1.63,0.0,75
2022-10-14 08:00:00,25.7,88,285.0,1.99,0.1,39
2022-10-14 09:00:00,26.8,85,448.0,2.2,0.2,36
2022-10-14 10:00:00,28.0,81,665.0,2.42,0.0,15
2022-10-14 11:00:00,29.2,75,749.0,3.01,0.0,9
2022-10-14 12:00:00,29.7,72,709.0,3.65,0.1,20
2022-10-14 13:00:00,29.7,72,625.0,3.79,0.1,16
2022-10-14 14:00:00,29.5,72,482.0,3.85,0.0,9
2022-10-14 15:00:00,29.1,74,306.0,3.21,0.0,11
2022-10-14 16:00:00,28.2,79,117.0,1.84,0.0,8
2022-10-14 17:00:00,26.8,86,6.0,1.53,0.0,15
2022-10-14 18:00:00,26.5,87,0.0,1.46,0.0,18
2022-10-14 19:00:00,26.3,88,0.0,1.56,0.0,16
2022-10-14 20:00:00,25.8,90,0.0,1.42,0.0,10
2022-10-14 21:00:00,25.3,92,0.0,1.48,0.0,8
2022-10-14 22:00:00,24.9,93,0.0,1.39,0.0,1
2022-10-14 23:00:00,24.5,93,0.0,1.53,0.0,3
2022-10-15 00:00:00,23.8,94,0.0,2.13,0.0,1
2022-10-15 01:00:00,25.4,89,0.0,1.53,0.0,0
2022-10-15 02:00:00,24.7,94,0.0,1.42,0.0,0
2022-10-15 03:00:00,23.9,97,0.0,1.04,0.0,0
2022-10-15 04:00:00,23.6,100,0.0,0.22,0.0,100
2022-10-15 05:00:00,23.2,100,0.0,0.32,0.0,99
2022-10-15 06:00:00,24.1,99,73.0,1.36,0.0,48
2022-10-15 07:00:00,25.6,89,244.0,1.58,0.0,42
2022-10-15 08:00:00,26.9,82,438.0,1.06,0.0,34
2022-10-15 09:00:00,28.0,77,599.0,0.36,0.0,22
2022-10-15 10:00:00,29.0,68,708.0,0.28,0.0,14
2022-10-15 11:00:00,29.9,62,788.0,0.5,0.0,6
2022-10-15 12:00:00,30.3,60,743.0,0.73,0.0,6
2022-10-15 13:00:00,30.5,59,669.0,0.85,0.0,4
2022-10-15 14:00:00,30.4,59,522.0,1.21,0.0,3
2022-10-15 15:00:00,29.8,63,333.0,1.08,0.0,0
2022-10-15 16:00:00,27.9,81,129.0,1.3,0.0,0
2022-10-15 17:00:00,26.2,90,7.0,1.98,0.0,0
2022-10-15 18:00:00,26.7,87,0.0,1.14,0.0,4
2022-10-15 19:00:00,24.8,95,0.0,1.49,0.0,1
2022-10-15 20:00:00,24.5,94,0.0,1.26,0.0,0
2022-10-15 21:00:00,23.9,92,0.0,1.71,0.0,0
2022-10-15 22:00:00,23.5,92,0.0,1.7,0.0,0
2022-10-15 23:00:00,23.2,94,0.0,0.86,0.0,0
2022-10-16 00:00:00,22.9,97,0.0,0.71,0.0,0
2022-10-16 01:00:00,22.5,99,0.0,0.86,0.0,0
2022-10-16 02:00:00,22.5,100,0.0,0.81,0.0,100
2022-10-16 03:00:00,22.4,100,0.0,0.92,0.0,100
2022-10-16 04:00:00,22.4,100,0.0,1.02,0.0,100
2022-10-16 05:00:00,23.0,100,0.0,1.33,0.0,100
2022-10-16 06:00:00,23.8,95,57.0,1.12,0.0,22
2022-10-16 07:00:00,25.6,85,214.0,1.08,0.0,0
2022-10-16 08:00:00,27.2,80,435.0,1.79,0.0,0
2022-10-16 09:00:00,28.5,75,620.0,2.6,0.0,1
2022-10-16 10:00:00,29.5,70,727.0,2.79,0.0,0
2022-10-16 11:00:00,30.2,67,776.0,2.79,0.0,0
2022-10-16 12:00:00,30.7,66,755.0,2.77,0.0,0
2022-10-16 13:00:00,30.8,65,664.0,2.75,0.0,1
2022-10-16 14:00:00,30.6,66,513.0,2.56,0.0,1
2022-10-16 15:00:00,29.9,71,318.0,2.13,0.0,5
2022-10-16 16:00:00,28.4,80,118.0,1.43,0.0,4
2022-10-16 17:00:00,27.3,84,6.0,1.66,0.0,5
2022-10-16 18:00:00,26.4,89,0.0,1.53,0.0,5
2022-10-16 19:00:00,26.1,91,0.0,1.5,0.0,9
2022-10-16 20:00:00,25.8,93,0.0,1.62,0.0,11
2022-10-16 21:00:00,25.3,94,0.0,1.66,0.0,4
2022-10-16 22:00:00,24.8,96,0.0,1.39,0.0,3
2022-10-16 23:00:00,24.6,97,0.0,1.21,0.0,7
2022-10-17 00:00:00,24.4,97,0.0,1.17,0.0,8
2022-10-17 01:00:00,24.1,97,0.0,1.22,0.0,19
2022-10-17 02:00:00,24.3,97,0.0,1.41,0.0,7
2022-10-17 03:00:00,24.0,97,0.0,1.75,0.0,1
2022-10-17 04:00:00,23.8,97,0.0,2.14,0.0,18
2022-10-17 05:00:00,24.1,96,0.0,2.73,0.0,75
2022-10-17 06:00:00,24.7,93,67.0,2.12,0.0,4
2022-10-17 07:00:00,26.0,89,248.0,1.41,0.0,21
2022-10-17 08:00:00,27.4,84,418.0,1.6,0.0,37
2022-10-17 09:00:00,28.7,80,543.0,1.8,0.0,24
2022-10-17 10:00:00,30.0,75,675.0,2.36,0.0,16
2022-10-17 11:00:00,31.0,68,737.0,2.52,0.0,0
2022-10-17 12:00:00,31.6,64,736.0,2.36,0.0,1
2022-10-17 13:00:00,31.6,63,608.0,1.99,0.0,15
2022-10-17 14:00:00,30.8,66,466.0,2.12,0.5,46
2022-10-17 15:00:00,29.9,73,256.0,2.02,0.0,20
2022-10-17 16:00:00,28.4,81,107.0,1.57,0.0,5
2022-10-17 17:00:00,28.2,81,5.0,1.25,0.0,6
2022-10-17 18:00:00,28.2,79,0.0,1.26,0.0,7
2022-10-17 19:00:00,26.5,91,0.0,1.32,0.0,2
2022-10-17 20:00:00,26.2,91,0.0,1.49,0.0,1
2022-10-17 21:00:00,25.6,90,0.0,1.71,0.0,1
2022-10-17 22:00:00,25.1,92,0.0,2.0,0.0,11
2022-10-17 23:00:00,26.0,87,0.0,1.58,0.0,32
2022-10-18 00:00:00,25.0,94,0.0,1.77,0.0,31
2022-10-18 01:00:00,25.0,96,0.0,1.3,0.0,17
2022-10-18 02:00:00,25.2,99,0.0,0.54,0.0,11
2022-10-18 03:00:00,25.0,100,0.0,1.22,0.0,100
2022-10-18 04:00:00,24.2,97,0.0,1.41,0.0,18
2022-10-18 05:00:00,24.4,99,0.0,3.93,0.0,32
2022-10-18 06:00:00,23.7,85,53.0,3.28,0.0,27
2022-10-18 07:00:00,25.3,83,218.0,2.12,0.0,30
2022-10-18 08:00:00,27.1,76,366.0,1.58,0.0,5
2022-10-18 09:00:00,28.3,73,590.0,2.0,0.0,1
2022-10-18 10:00:00,29.0,71,711.0,2.25,0.0,6
2022-10-18 11:00:00,29.7,68,752.0,1.92,0.0,15
2022-10-18 12:00:00,29.9,68,706.0,2.1,0.0,9
2022-10-18 13:00:00,30.0,67,629.0,2.12,0.0,5
2022-10-18 14:00:00,30.0,66,492.0,1.89,0.0,4
2022-10-18 15:00:00,29.6,68,300.0,1.49,0.0,2
2022-10-18 16:00:00,27.9,81,113.0,1.2,0.0,3
2022-10-18 17:00:00,26.7,86,5.0,1.61,0.0,5
2022-10-18 18:00:00,25.9,89,0.0,1.68,0.0,1
2022-10-18 19:00:00,25.2,92,0.0,1.92,0.0,0
2022-10-18 20:00:00,25.1,93,0.0,1.68,0.0,0
2022-10-18 21:00:00,25.1,94,0.0,1.12,0.0,0
2022-10-18 22:00:00,25.0,96,0.0,1.0,0.0,3
2022-10-18 23:00:00,23.3,100,0.0,1.55,0.0,100
2022-10-19 00:00:00,22.9,96,0.0,4.87,0.0,79
2022-10-19 01:00:00,22.4,95,0.0,0.73,0.0,15
2022-10-19 02:00:00,22.6,95,0.0,1.52,0.0,6
2022-10-19 03:00:00,22.1,97,0.0,0.92,0.0,4
2022-10-19 04:00:00,21.7,99,0.0,0.92,0.0,2
2022-10-19 05:00:00,22.8,98,0.0,0.57,0.0,19
2022-10-19 06:00:00,23.4,96,63.0,1.12,0.0,31
2022-10-19 07:00:00,25.0,89,219.0,1.3,0.1,11
2022-10-19 08:00:00,26.6,82,438.0,1.65,0.0,2
2022-10-19 09:00:00,27.9,76,604.0,2.51,0.1,28
2022-10-19 10:00:00,28.6,71,670.0,2.56,0.0,14
2022-10-19 11:00:00,29.3,67,743.0,2.21,0.0,8
2022-10-19 12:00:00,29.8,63,713.0,1.88,0.0,10
2022-10-19 13:00:00,29.9,62,609.0,1.64,0.0,5
2022-10-19 14:00:00,29.8,62,480.0,1.84,0.0,7
2022-10-19 15:00:00,29.1,66,300.0,1.84,0.0,13
2022-10-19 16:00:00,27.4,77,105.0,1.39,0.0,9
2022-10-19 17:00:00,26.2,80,4.0,1.53,0.0,8
2022-10-19 18:00:00,25.4,85,0.0,1.34,0.0,16
2022-10-19 19:00:00,24.6,91,0.0,1.65,0.0,11
2022-10-19 20:00:00,24.4,92,0.0,1.43,0.0,8
2022-10-19 21:00:00,23.6,96,0.0,1.12,0.0,71
2022-10-19 22:00:00,22.9,89,0.0,0.58,1.7,36
2022-10-19 23:00:00,22.2,97,0.0,1.0,0.0,8
2022-10-20 00:00:00,22.4,98,0.0,1.3,0.0,0
2022-10-20 01:00:00,22.9,98,0.0,0.81,0.0,2
2022-10-20 02:00:00,22.9,99,0.0,0.41,0.0,13
2022-10-20 03:00:00,21.8,100,0.0,0.82,0.0,20
2022-10-20 04:00:00,21.2,100,0.0,1.12,0.0,14
2022-10-20 05:00:00,22.4,99,0.0,0.67,0.0,100
2022-10-20 06:00:00,23.8,92,58.0,1.58,0.0,18
2022-10-20 07:00:00,25.3,82,224.0,1.87,0.0,8
2022-10-20 08:00:00,26.8,79,416.0,2.18,0.0,6
2022-10-20 09:00:00,28.0,74,586.0,2.66,0.0,3
2022-10-20 10:00:00,28.9,68,709.0,2.79,0.0,6
2022-10-20 11:00:00,29.7,63,757.0,2.88,0.0,6
2022-10-20 12:00:00,30.1,59,725.0,3.1,0.0,2
2022-10-20 13:00:00,30.2,56,642.0,3.0,0.0,3
2022-10-20 14:00:00,29.9,57,492.0,2.68,0.0,6
2022-10-20 15:00:00,29.0,65,297.0,2.0,0.0,10
2022-10-20 16:00:00,27.0,77,104.0,1.49,0.0,10
2022-10-20 17:00:00,26.0,81,4.0,2.06,0.0,11
2022-10-20 18:00:00,25.4,81,0.0,1.97,0.0,6
2022-10-20 19:00:00,24.6,87,0.0,1.5,0.0,13
2022-10-20 20:00:00,24.0,92,0.0,1.68,0.0,11
2022-10-20 21:00:00,23.4,94,0.0,1.84,0.0,11
2022-10-20 22:00:00,23.1,94,0.0,1.92,0.0,9
2022-10-20 23:00:00,23.1,93,0.0,1.57,0.0,4
2022-10-21 00:00:00,22.7,95,0.0,1.22,0.0,1
2022-10-21 01:00:00,22.2,99,0.0,0.89,0.0,0
2022-10-21 02:00:00,21.9,98,0.0,1.39,0.0,0
2022-10-21 03:00:00,21.6,94,0.0,1.22,0.0,0
2022-10-21 04:00:00,21.4,94,0.0,1.36,0.0,0
2022-10-21 05:00:00,21.5,97,0.0,2.51,0.0,2
2022-10-21 06:00:00,23.0,86,57.0,2.75,0.0,8
2022-10-21 07:00:00,24.7,80,244.0,2.4,0.0,0
2022-10-21 08:00:00,26.4,76,446.0,2.33,0.0,0
2022-10-21 09:00:00,28.0,72,611.0,2.82,0.0,0
2022-10-21 10:00:00,29.1,68,720.0,3.27,0.0,0
2022-10-21 11:00:00,30.0,63,765.0,3.48,0.0,0
2022-10-21 12:00:00,30.4,61,735.0,3.37,0.0,13
2022-10-21 13:00:00,30.5,59,628.0,3.32,0.0,0
2022-10-21 14:00:00,30.2,60,489.0,3.05,0.0,3
2022-10-21 15:00:00,29.2,68,304.0,2.3,0.0,0
2022-10-21 16:00:00,27.2,78,109.0,1.84,0.0,0
2022-10-21 17:00:00,26.4,83,3.0,2.62,0.0,0
2022-10-21 18:00:00,25.6,87,0.0,1.71,0.0,1
2022-10-21 19:00:00,25.1,91,0.0,1.9,0.0,0
2022-10-21 20:00:00,24.7,93,0.0,1.84,0.0,0
2022-10-21 21:00:00,24.2,94,0.0,1.65,0.0,0
2022-10-21 22:00:00,23.5,95,0.0,1.43,0.0,0
2022-10-21 23:00:00,22.9,94,0.0,1.48,0.0,0
2022-10-22 00:00:00,22.6,92,0.0,1.39,0.0,0
2022-10-22 01:00:00,22.2,89,0.0,1.48,0.0,0
2022-10-22 02:00:00,21.7,90,0.0,1.43,0.0,0
2022-10-22 03:00:00,21.3,92,0.0,1.3,0.0,0
2022-10-22 04:00:00,21.3,89,0.0,1.52,0.0,0
2022-10-22 05:00:00,21.7,87,0.0,2.33,0.0,0
2022-10-22 06:00:00,22.6,81,60.0,2.2,0.0,0
2022-10-22 07:00:00,24.4,78,245.0,2.15,0.0,1
2022-10-22 08:00:00,25.9,81,440.0,2.21,0.0,0
2022-10-22 09:00:00,27.7,77,607.0,2.66,0.0,0
2022-10-22 10:00:00,29.2,69,716.0,3.07,0.0,0
2022-10-22 11:00:00,30.2,63,761.0,3.13,0.0,0
2022-10-22 12:00:00,30.8,61,736.0,3.01,0.0,0
2022-10-22 13:00:00,31.0,58,645.0,2.72,0.0,1
2022-10-22 14:00:00,30.7,60,490.0,2.64,0.0,5
2022-10-22 15:00:00,29.6,69,289.0,2.16,0.0,5
2022-10-22 16:00:00,27.4,79,102.0,1.8,0.0,8
2022-10-22 17:00:00,26.3,84,3.0,2.14,0.0,5
2022-10-22 18:00:00,25.6,86,0.0,1.75,0.0,3
2022-10-22 19:00:00,25.1,89,0.0,1.8,0.0,3
2022-10-22 20:00:00,24.7,91,0.0,1.73,0.0,3
2022-10-22 21:00:00,24.4,92,0.0,1.79,0.0,0
2022-10-22 22:00:00,24.4,88,0.0,2.4,0.0,0
2022-10-22 23:00:00,24.0,84,0.0,2.13,0.0,0
2022-10-23 00:00:00,23.2,83,0.0,1.84,0.0,0
2022-10-23 01:00:00,22.0,87,0.0,1.56,0.0,84
2022-10-23 02:00:00,21.0,93,0.0,1.43,0.0,84
2022-10-23 03:00:00,21.1,97,0.0,1.24,0.0,89
2022-10-23 04:00:00,21.5,92,0.0,1.8,0.0,94
2022-10-23 05:00:00,22.6,92,0.0,2.8,0.0,84
2022-10-23 06:00:00,23.5,90,54.0,2.08,0.0,21
2022-10-23 07:00:00,24.9,84,218.0,2.21,0.0,97
2022-10-23 08:00:00,26.1,80,343.0,2.67,0.0,99
2022-10-23 09:00:00,26.8,78,357.0,2.62,0.0,100
2022-10-23 10:00:00,26.8,79,245.0,2.43,0.0,100
2022-10-23 11:00:00,26.9,79,217.0,2.22,0.0,100
2022-10-23 12:00:00,27.2,79,212.0,2.19,0.0,89
2022-10-23 13:00:00,27.7,78,283.0,2.72,0.0,99
2022-10-23 14:00:00,27.4,80,207.0,2.93,0.0,100
2022-10-23 15:00:00,26.8,83,80.0,2.9,0.0,100
2022-10-23 16:00:00,26.2,85,23.0,2.38,0.0,100
2022-10-23 17:00:00,25.4,81,1.0,2.92,0.0,100
2022-10-23 18:00:00,25.0,80,0.0,2.14,0.1,100
2022-10-23 19:00:00,24.6,85,0.0,1.51,0.3,100
2022-10-23 20:00:00,24.4,88,0.0,2.38,0.1,100
2022-10-23 21:00:00,24.3,91,0.0,2.79,0.2,100
2022-10-23 22:00:00,24.3,91,0.0,2.8,0.1,100
2022-10-23 23:00:00,24.3,91,0.0,2.3,0.0,100
2022-10-24 00:00:00,23.8,93,0.0,2.19,0.0,100
2022-10-24 01:00:00,23.6,93,0.0,2.45,0.2,100
2022-10-24 02:00:00,23.4,94,0.0,2.68,0.6,100
2022-10-24 03:00:00,23.2,94,0.0,2.83,0.1,100
2022-10-24 04:00:00,22.9,93,0.0,3.08,0.1,100
2022-10-24 05:00:00,23.2,90,0.0,2.84,0.3,100
2022-10-24 06:00:00,23.2,94,12.0,2.84,0.7,100
2022-10-24 07:00:00,23.4,93,31.0,3.0,1.3,100
2022-10-24 08:00:00,23.8,88,71.0,3.5,1.2,100
2022-10-24 09:00:00,23.7,87,105.0,3.7,1.4,100
2022-10-24 10:00:00,23.5,89,73.0,3.9,1.1,100
2022-10-24 11:00:00,23.8,88,142.0,3.4,1.1,100
2022-10-24 12:00:00,23.5,89,105.0,3.72,1.0,100
2022-10-24 13:00:00,22.9,90,67.0,4.11,0.9,100
2022-10-24 14:00:00,22.5,91,65.0,3.48,1.2,100
2022-10-24 15:00:00,22.3,90,57.0,4.33,1.4,100
2022-10-24 16:00:00,22.0,90,20.0,3.73,1.6,100
2022-10-24 17:00:00,21.1,91,1.0,4.65,1.7,100
2022-10-24 18:00:00,20.8,91,0.0,3.7,3.4,100
2022-10-24 19:00:00,20.9,91,0.0,4.41,2.5,100
2022-10-24 20:00:00,20.8,90,0.0,4.8,0.6,100
2022-10-24 21:00:00,21.0,88,0.0,3.81,0.3,100
2022-10-24 22:00:00,20.9,86,0.0,5.65,0.1,100
2022-10-24 23:00:00,20.2,87,0.0,6.44,0.9,100
2022-10-25 00:00:00,20.0,88,0.0,6.31,2.2,100
2022-10-25 01:00:00,20.1,88,0.0,4.91,1.4,100
2022-10-25 02:00:00,19.9,89,0.0,4.9,3.0,100
2022-10-25 03:00:00,19.9,89,0.0,8.13,3.0,100
2022-10-25 04:00:00,20.1,88,0.0,8.61,4.3,100
2022-10-25 05:00:00,20.6,91,0.0,4.43,6.7,100
2022-10-25 06:00:00,20.9,89,6.0,5.12,1.1,100
2022-10-25 07:00:00,21.4,87,15.0,6.05,0.0,100
2022-10-25 08:00:00,21.6,88,63.0,5.77,0.0,100
2022-10-25 09:00:00,21.8,88,104.0,5.42,0.0,100
2022-10-25 10:00:00,22.8,84,227.0,4.58,0.0,100
2022-10-25 11:00:00,22.7,86,126.0,3.06,0.1,100
2022-10-25 12:00:00,22.5,86,96.0,1.77,0.3,100
2022-10-25 13:00:00,22.5,86,97.0,1.36,0.2,100
2022-10-25 14:00:00,22.0,91,63.0,2.25,0.9,100
2022-10-25 15:00:00,21.6,94,61.0,2.25,0.8,100
2022-10-25 16:00:00,21.4,95,18.0,2.9,0.3,100
2022-10-25 17:00:00,21.3,96,0.0,2.62,0.0,100
2022-10-25 18:00:00,21.0,95,0.0,2.71,0.8,100
2022-10-25 19:00:00,21.1,95,0.0,2.06,0.2,100
2022-10-25 20:00:00,21.1,95,0.0,2.3,0.0,100
2022-10-25 21:00:00,21.0,93,0.0,2.33,0.0,100
2022-10-25 22:00:00,20.9,93,0.0,1.17,0.0,100
2022-10-25 23:00:00,20.6,96,0.0,0.92,0.0,100
2022-10-26 00:00:00,20.7,95,0.0,0.64,0.0,100
2022-10-26 01:00:00,20.8,95,0.0,0.81,0.1,100
2022-10-26 02:00:00,20.7,96,0.0,1.24,0.1,100
2022-10-26 03:00:00,20.6,96,0.0,0.95,0.0,100
2022-10-26 04:00:00,20.7,95,0.0,0.86,0.3,100
2022-10-26 05:00:00,21.0,93,0.0,0.73,0.4,100
2022-10-26 06:00:00,21.3,92,14.0,1.49,0.4,100
2022-10-26 07:00:00,21.7,91,58.0,0.82,1.4,100
2022-10-26 08:00:00,22.1,90,134.0,0.64,0.4,100
2022-10-26 09:00:00,22.7,88,172.0,1.12,0.1,94
2022-10-26 10:00:00,24.0,83,371.0,1.64,0.0,62
2022-10-26 11:00:00,25.4,76,605.0,2.02,0.0,43
2022-10-26 12:00:00,26.0,73,571.0,2.4,0.1,50
2022-10-26 13:00:00,26.2,72,468.0,2.5,0.2,58
2022-10-26 14:00:00,26.2,73,352.0,2.22,0.1,6
2022-10-26 15:00:00,25.9,76,246.0,1.7,0.0,15
2022-10-26 16:00:00,24.3,87,73.0,1.22,0.0,22
2022-10-26 17:00:00,22.9,92,2.0,1.35,0.0,13
2022-10-26 18:00:00,22.6,93,0.0,1.08,0.0,41
2022-10-26 19:00:00,22.2,95,0.0,1.2,0.0,14
2022-10-26 20:00:00,21.4,96,0.0,1.49,0.0,7
2022-10-26 21:00:00,20.9,97,0.0,1.56,0.0,0
2022-10-26 22:00:00,20.4,98,0.0,1.13,0.0,0
2022-10-26 23:00:00,19.9,99,0.0,0.98,0.0,1
2022-10-27 00:00:00,19.9,98,0.0,1.17,0.0,2
2022-10-27 01:00:00,19.7,99,0.0,1.21,0.0,1
2022-10-27 02:00:00,19.5,100,0.0,1.5,0.0,9
2022-10-27 03:00:00,19.6,99,0.0,1.71,0.0,32
2022-10-27 04:00:00,19.5,100,0.0,1.87,0.0,100
2022-10-27 05:00:00,20.4,100,0.0,2.81,0.0,100
2022-10-27 06:00:00,20.9,97,39.0,1.3,0.0,100
2022-10-27 07:00:00,21.8,93,147.0,2.0,0.0,100
2022-10-27 08:00:00,23.6,85,346.0,2.42,0.0,53
2022-10-27 09:00:00,25.1,78,515.0,1.36,0.1,35
2022-10-27 10:00:00,25.9,74,631.0,1.2,0.2,29
2022-10-27 11:00:00,26.5,71,661.0,1.04,0.1,22
2022-10-27 12:00:00,26.9,69,656.0,0.92,0.1,21
2022-10-27 13:00:00,27.1,68,560.0,0.81,0.0,20
2022-10-27 14:00:00,27.1,67,441.0,1.21,0.0,11
2022-10-27 15:00:00,26.5,71,262.0,1.3,0.0,9
2022-10-27 16:00:00,25.5,77,86.0,1.02,0.0,5
2022-10-27 17:00:00,23.2,89,1.0,1.84,0.0,2
2022-10-27 18:00:00,22.9,90,0.0,1.57,0.0,7
2022-10-27 19:00:00,22.6,91,0.0,1.41,0.0,9
2022-10-27 20:00:00,21.8,94,0.0,1.44,0.0,5
2022-10-27 21:00:00,21.2,96,0.0,1.53,0.0,2
2022-10-27 22:00:00,20.6,97,0.0,1.78,0.0,2
2022-10-27 23:00:00,20.4,98,0.0,1.42,0.0,2
2022-10-28 00:00:00,19.8,100,0.0,1.32,0.0,2
2022-10-28 01:00:00,20.0,100,0.0,1.08,0.0,100
2022-10-28 02:00:00,19.9,100,0.0,1.52,0.0,100
2022-10-28 03:00:00,19.8,98,0.0,1.53,0.0,0
2022-10-28 04:00:00,20.0,95,0.0,1.34,0.0,0
2022-10-28 05:00:00,19.7,96,0.0,2.09,0.0,1
2022-10-28 06:00:00,20.9,89,47.0,1.91,0.0,0
2022-10-28 07:00:00,22.9,83,222.0,1.7,0.0,0
2022-10-28 08:00:00,24.5,80,420.0,1.96,0.0,0
2022-10-28 09:00:00,25.7,78,581.0,2.19,0.0,0
2022-10-28 10:00:00,26.8,74,689.0,2.42,0.0,0
2022-10-28 11:00:00,27.6,70,733.0,2.56,0.0,1
2022-10-28 12:00:00,28.1,67,705.0,2.56,0.0,2
2022-10-28 13:00:00,28.3,66,613.0,2.42,0.0,1
2022-10-28 14:00:00,28.0,67,462.0,2.84,0.0,2
2022-10-28 15:00:00,27.0,74,276.0,3.04,0.0,0
2022-10-28 16:00:00,25.2,79,89.0,2.48,0.0,0
2022-10-28 17:00:00,23.4,89,1.0,2.42,0.0,0
2022-10-28 18:00:00,22.7,92,0.0,2.04,0.0,0
2022-10-28 19:00:00,22.2,93,0.0,1.8,0.0,0
2022-10-28 20:00:00,21.8,94,0.0,1.82,0.0,0
2022-10-28 21:00:00,21.2,94,0.0,2.06,0.0,0
2022-10-28 22:00:00,20.7,95,0.0,1.92,0.0,0
2022-10-28 23:00:00,20.5,96,0.0,1.65,0.0,3
2022-10-29 00:00:00,19.7,99,0.0,1.65,0.0,4
2022-10-29 01:00:00,20.0,100,0.0,1.24,0.0,100
2022-10-29 02:00:00,19.5,99,0.0,1.77,0.0,1
2022-10-29 03:00:00,19.5,95,0.0,1.57,0.0,0
2022-10-29 04:00:00,19.1,95,0.0,1.21,0.0,0
2022-10-29 05:00:00,20.1,91,0.0,1.81,0.0,0
2022-10-29 06:00:00,21.0,89,38.0,2.2,0.0,52
2022-10-29 07:00:00,22.0,88,177.0,2.02,0.0,33
2022-10-29 08:00:00,23.6,86,355.0,2.15,0.0,9
2022-10-29 09:00:00,25.6,82,573.0,2.58,0.0,1
2022-10-29 10:00:00,27.3,75,691.0,3.47,0.0,0
2022-10-29 11:00:00,28.3,69,734.0,3.76,0.0,0
2022-10-29 12:00:00,28.7,66,707.0,3.62,0.0,0
2022-10-29 13:00:00,28.9,66,615.0,3.49,0.0,0
2022-10-29 14:00:00,28.5,67,464.0,3.47,0.0,0
2022-10-29 15:00:00,27.6,74,274.0,3.12,0.0,0
2022-10-29 16:00:00,25.7,82,86.0,2.22,0.0,0
2022-10-29 17:00:00,24.1,89,1.0,1.99,0.0,1
2022-10-29 18:00:00,23.4,92,0.0,1.53,0.0,7
2022-10-29 19:00:00,22.8,93,0.0,2.26,0.0,3
2022-10-29 20:00:00,23.8,88,0.0,1.42,0.0,4
2022-10-29 21:00:00,21.9,96,0.0,1.4,0.0,6
2022-10-29 22:00:00,21.8,97,0.0,1.22,0.0,3
2022-10-29 23:00:00,21.3,97,0.0,1.36,0.0,1
2022-10-30 00:00:00,20.8,96,0.0,1.4,0.0,2
2022-10-30 01:00:00,20.7,94,0.0,1.3,0.0,1
2022-10-30 02:00:00,20.5,93,0.0,1.41,0.0,2
2022-10-30 03:00:00,20.4,93,0.0,1.49,0.0,5
2022-10-30 04:00:00,20.1,92,0.0,1.62,0.0,2
2022-10-30 05:00:00,20.6,91,0.0,1.91,0.0,0
2022-10-30 06:00:00,21.2,89,39.0,2.32,0.0,10
2022-10-30 07:00:00,22.4,88,180.0,2.2,0.0,57
2022-10-30 08:00:00,24.2,86,374.0,2.09,0.0,16
2022-10-30 09:00:00,26.0,82,563.0,2.46,0.0,0
2022-10-30 10:00:00,27.8,75,684.0,3.0,0.0,0
2022-10-30 11:00:00,28.9,69,727.0,3.41,0.0,2
2022-10-30 12:00:00,29.3,67,698.0,3.28,0.0,2
2022-10-30 13:00:00,29.3,66,598.0,3.52,0.0,3
2022-10-30 14:00:00,28.9,67,446.0,3.22,0.0,1
2022-10-30 15:00:00,28.0,73,263.0,2.05,0.0,2
2022-10-30 16:00:00,25.7,84,81.0,1.44,0.0,3
2022-10-30 17:00:00,24.6,87,1.0,1.63,0.0,5
2022-10-30 18:00:00,24.1,90,0.0,1.51,0.0,6
2022-10-30 19:00:00,23.8,91,0.0,1.75,0.0,2
2022-10-30 20:00:00,23.4,92,0.0,1.66,0.0,3
2022-10-30 21:00:00,22.9,94,0.0,1.49,0.0,0
2022-10-30 22:00:00,22.3,95,0.0,1.65,0.0,0
2022-10-30 23:00:00,21.9,96,0.0,1.53,0.0,0
2022-10-31 00:00:00,21.6,97,0.0,1.43,0.0,0
2022-10-31 01:00:00,21.0,98,0.0,1.5,0.0,0
2022-10-31 02:00:00,20.7,98,0.0,1.4,0.0,0
2022-10-31 03:00:00,20.6,97,0.0,1.51,0.0,8
2022-10-31 04:00:00,20.5,98,0.0,1.61,0.0,14
2022-10-31 05:00:00,21.0,98,0.0,2.28,0.0,17
2022-10-31 06:00:00,21.4,96,45.0,2.55,0.0,35
2022-10-31 07:00:00,22.8,90,193.0,1.8,0.0,7
2022-10-31 08:00:00,24.5,85,406.0,1.81,0.0,2
2022-10-31 09:00:00,25.9,82,570.0,2.16,0.0,5
2022-10-31 10:00:00,27.3,78,675.0,2.31,0.0,0
2022-10-31 11:00:00,28.4,74,719.0,2.47,0.0,0
2022-10-31 12:00:00,29.1,70,695.0,2.55,0.0,0
2022-10-31 13:00:00,29.3,68,603.0,2.47,0.0,0
2022-10-31 14:00:00,28.9,67,453.0,2.78,0.0,0
2022-10-31 15:00:00,27.9,73,266.0,2.06,0.0,0
2022-10-31 16:00:00,25.5,82,82.0,1.58,0.0,0
2022-10-31 17:00:00,24.8,86,1.0,1.71,0.0,0
2022-10-31 18:00:00,24.2,88,0.0,1.62,0.0,0
2022-10-31 19:00:00,23.4,91,0.0,1.7,0.0,0
2022-10-31 20:00:00,23.0,92,0.0,1.61,0.0,0
2022-10-31 21:00:00,22.5,94,0.0,1.5,0.0,0
2022-10-31 22:00:00,22.1,96,0.0,1.51,0.0,0
2022-10-31 23:00:00,21.9,98,0.0,1.8,0.0,0
2022-11-01 00:00:00,21.6,98,0.0,1.8,0.0,0
2022-11-01 01:00:00,21.4,98,0.0,1.8,0.0,0
2022-11-01 02:00:00,21.2,99,0.0,1.9,0.0,26
2022-11-01 03:00:00,21.0,99,0.0,1.9,0.0,100
2022-11-01 04:00:00,20.6,100,0.0,1.7,0.0,100
2022-11-01 05:00:00,20.7,98,0.0,2.43,0.0,100
2022-11-01 06:00:00,20.9,96,32.0,2.11,0.0,52
2022-11-01 07:00:00,22.1,91,168.0,1.94,0.0,32
2022-11-01 08:00:00,23.9,86,376.0,1.94,0.0,8
2022-11-01 09:00:00,25.8,80,567.0,2.12,0.0,1
2022-11-01 10:00:00,27.5,73,679.0,2.35,0.0,0
2022-11-01 11:00:00,28.8,68,723.0,2.47,0.0,0
2022-11-01 12:00:00,29.4,63,698.0,2.44,0.0,0
2022-11-01 13:00:00,29.6,61,605.0,2.47,0.0,0
2022-11-01 14:00:00,29.1,63,455.0,2.68,0.0,0
2022-11-01 15:00:00,28.0,72,267.0,1.92,0.0,0
2022-11-01 16:00:00,25.5,80,81.0,2.02,0.0,0
2022-11-01 17:00:00,24.5,86,1.0,2.0,0.0,16
2022-11-01 18:00:00,23.3,91,0.0,1.7,0.0,3
2022-11-01 19:00:00,22.7,92,0.0,1.77,0.0,20
2022-11-01 20:00:00,22.1,91,0.0,2.08,0.0,0
2022-11-01 21:00:00,21.3,94,0.0,2.06,0.0,7
2022-11-01 22:00:00,22.3,94,0.0,0.54,0.0,15
2022-11-01 23:00:00,20.7,100,0.0,1.57,0.0,100
2022-11-02 00:00:00,20.6,100,0.0,1.55,0.0,100
2022-11-02 01:00:00,20.3,100,0.0,1.32,0.0,92
2022-11-02 02:00:00,20.0,98,0.0,1.14,0.0,0
2022-11-02 03:00:00,19.5,100,0.0,1.22,0.0,0
2022-11-02 04:00:00,19.5,100,0.0,1.04,0.0,100
2022-11-02 05:00:00,20.1,97,0.0,1.55,0.0,99
2022-11-02 06:00:00,20.8,88,37.0,1.8,0.0,7
2022-11-02 07:00:00,22.4,83,187.0,1.68,0.0,2
2022-11-02 08:00:00,24.3,77,390.0,1.94,0.0,1
2022-11-02 09:00:00,26.0,72,554.0,2.38,0.0,0
2022-11-02 10:00:00,27.2,70,660.0,2.82,0.0,0
2022-11-02 11:00:00,28.1,67,703.0,2.82,0.0,20
2022-11-02 12:00:00,28.7,65,672.0,2.66,0.0,52
2022-11-02 13:00:00,28.8,65,578.0,2.56,0.0,19
2022-11-02 14:00:00,28.5,65,434.0,2.6,0.0,51
2022-11-02 15:00:00,27.6,72,245.0,1.89,0.0,62
2022-11-02 16:00:00,25.6,82,72.0,1.42,0.0,68
2022-11-02 17:00:00,24.7,89,0.0,1.49,0.0,17
2022-11-02 18:00:00,24.4,89,0.0,1.33,0.0,94
2022-11-02 19:00:00,23.6,92,0.0,1.2,0.1,85
2022-11-02 20:00:00,23.1,93,0.0,3.18,0.1,85
2022-11-02 21:00:00,22.6,96,0.0,2.19,0.2,52
2022-11-02 22:00:00,22.1,97,0.0,1.32,0.1,21
2022-11-02 23:00:00,22.6,96,0.0,0.41,0.0,21
2022-11-03 00:00:00,21.4,98,0.0,1.08,0.0,60
2022-11-03 01:00:00,21.4,98,0.0,1.12,0.0,72
2022-11-03 02:00:00,21.1,99,0.0,1.1,0.0,46
2022-11-03 03:00:00,20.8,100,0.0,1.12,0.0,100
2022-11-03 04:00:00,20.6,100,0.0,1.12,0.0,28
2022-11-03 05:00:00,21.2,100,0.0,2.01,0.0,100
2022-11-03 06:00:00,22.0,95,38.0,1.81,0.0,100
2022-11-03 07:00:00,23.4,89,172.0,1.32,0.0,59
2022-11-03 08:00:00,24.7,85,360.0,1.34,0.0,73
2022-11-03 09:00:00,26.0,81,511.0,1.14,0.0,48
2022-11-03 10:00:00,27.2,76,633.0,1.14,0.0,87
2022-11-03 11:00:00,28.0,71,659.0,1.3,0.0,98
2022-11-03 12:00:00,28.4,68,570.0,1.42,0.0,97
2022-11-03 13:00:00,28.7,66,481.0,1.64,0.0,94
2022-11-03 14:00:00,28.5,66,346.0,1.17,0.0,66
2022-11-03 15:00:00,27.9,71,196.0,1.17,0.0,80
2022-11-03 16:00:00,25.1,87,59.0,0.81,0.2,41
2022-11-03 17:00:00,24.2,91,0.0,1.12,0.0,23
2022-11-03 18:00:00,23.6,88,0.0,2.73,0.7,84
2022-11-03 19:00:00,23.4,89,0.0,1.48,0.5,14
2022-11-03 20:00:00,22.8,96,0.0,1.46,0.0,15
2022-11-03 21:00:00,23.7,88,0.0,1.25,0.0,10
2022-11-03 22:00:00,23.9,88,0.0,0.32,0.0,13
2022-11-03 23:00:00,21.8,97,0.0,1.5,0.0,11
2022-11-04 00:00:00,21.7,97,0.0,1.22,0.0,0
2022-11-04 01:00:00,20.7,100,0.0,1.33,0.0,1
2022-11-04 02:00:00,20.5,100,0.0,1.32,0.0,100
2022-11-04 03:00:00,20.2,100,0.0,1.4,0.0,100
2022-11-04 04:00:00,20.7,100,0.0,0.95,0.0,99
2022-11-04 05:00:00,21.2,95,0.0,2.2,0.0,6
2022-11-04 06:00:00,21.9,90,40.0,2.14,0.0,0
2022-11-04 07:00:00,23.5,85,201.0,1.28,0.0,0
2022-11-04 08:00:00,25.0,80,388.0,1.04,0.0,0
2022-11-04 09:00:00,26.2,78,546.0,1.49,0.0,0
2022-11-04 10:00:00,27.3,76,651.0,1.94,0.0,0
2022-11-04 11:00:00,28.2,71,689.0,1.98,0.0,3
2022-11-04 12:00:00,28.7,67,657.0,2.2,0.0,11
2022-11-04 13:00:00,28.8,67,543.0,2.42,0.0,15
2022-11-04 14:00:00,28.6,68,395.0,2.33,0.0,3
2022-11-04 15:00:00,27.9,74,233.0,1.7,0.0,5
2022-11-04 16:00:00,25.9,83,69.0,1.52,0.0,3
2022-11-04 17:00:00,24.8,87,0.0,1.49,0.0,2
2022-11-04 18:00:00,24.2,91,0.0,1.6,0.0,1
2022-11-04 19:00:00,23.5,94,0.0,1.88,0.0,0
2022-11-04 20:00:00,23.7,92,0.0,1.51,0.0,0
2022-11-04 21:00:00,24.2,92,0.0,0.5,0.0,0
2022-11-04 22:00:00,21.8,98,0.0,1.35,0.0,0
2022-11-04 23:00:00,21.8,98,0.0,1.3,0.0,0
2022-11-05 00:00:00,21.3,100,0.0,1.22,0.0,100
2022-11-05 01:00:00,21.4,100,0.0,0.95,0.0,100
2022-11-05 02:00:00,21.4,100,0.0,0.95,0.0,100
2022-11-05 03:00:00,21.1,100,0.0,1.08,0.0,86
2022-11-05 04:00:00,20.9,99,0.0,0.92,0.0,0
2022-11-05 05:00:00,21.3,96,0.0,1.92,0.0,0
2022-11-05 06:00:00,21.5,95,31.0,1.53,0.0,3
2022-11-05 07:00:00,23.1,86,169.0,1.6,0.0,6
2022-11-05 08:00:00,24.6,82,374.0,1.49,0.0,3
2022-11-05 09:00:00,26.1,79,538.0,1.78,0.0,0
2022-11-05 10:00:00,27.5,75,645.0,2.3,0.0,0
2022-11-05 11:00:00,28.5,69,685.0,2.64,0.0,2
2022-11-05 12:00:00,29.1,65,653.0,2.73,0.0,5
2022-11-05 13:00:00,29.5,61,557.0,2.56,0.0,28
2022-11-05 14:00:00,29.1,63,410.0,2.41,0.0,11
2022-11-05 15:00:00,28.0,72,230.0,1.57,0.0,13
2022-11-05 16:00:00,26.0,80,66.0,1.58,0.0,1
2022-11-05 17:00:00,24.9,87,0.0,1.75,0.0,3
2022-11-05 18:00:00,24.3,86,0.0,1.46,0.0,12
2022-11-05 19:00:00,24.0,88,0.0,1.48,0.0,2
2022-11-05 20:00:00,23.6,91,0.0,1.63,0.0,2
2022-11-05 21:00:00,23.0,92,0.0,1.49,0.0,1
2022-11-05 22:00:00,22.7,91,0.0,1.49,0.0,1
2022-11-05 23:00:00,22.0,93,0.0,1.39,0.0,2
2022-11-06 00:00:00,21.6,95,0.0,1.51,0.0,1
2022-11-06 01:00:00,21.3,96,0.0,1.6,0.0,1
2022-11-06 02:00:00,21.1,96,0.0,1.53,0.0,0
2022-11-06 03:00:00,21.9,97,0.0,1.0,0.0,0
2022-11-06 04:00:00,21.5,98,0.0,1.14,0.0,34
2022-11-06 05:00:00,21.0,99,0.0,0.92,0.0,100
2022-11-06 06:00:00,21.7,98,36.0,0.73,0.0,51
2022-11-06 07:00:00,23.6,87,177.0,0.45,0.0,35
2022-11-06 08:00:00,25.0,82,367.0,0.73,0.0,5
2022-11-06 09:00:00,26.2,79,527.0,1.14,0.0,0
2022-11-06 10:00:00,27.3,75,636.0,1.39,0.0,2
2022-11-06 11:00:00,28.2,70,676.0,1.5,0.0,4
2022-11-06 12:00:00,28.8,68,636.0,1.28,0.0,28
2022-11-06 13:00:00,28.8,66,472.0,0.76,0.0,32
2022-11-06 14:00:00,28.5,66,333.0,0.9,0.0,23
2022-11-06 15:00:00,27.6,74,204.0,0.41,0.9,40
2022-11-06 16:00:00,27.1,69,56.0,0.61,0.0,11
2022-11-06 17:00:00,26.2,75,0.0,0.3,0.0,13
2022-11-06 18:00:00,26.0,77,0.0,0.1,0.0,4
2022-11-06 19:00:00,23.9,90,0.0,0.95,0.0,1
2022-11-06 20:00:00,23.2,93,0.0,1.39,0.0,3
2022-11-06 21:00:00,22.5,92,0.0,1.84,0.0,11
2022-11-06 22:00:00,22.3,90,0.0,1.44,0.0,10
2022-11-06 23:00:00,23.0,88,0.0,0.22,0.0,7
2022-11-07 00:00:00,22.5,93,0.0,0.54,0.0,4
2022-11-07 01:00:00,20.5,98,0.0,1.22,0.0,3
2022-11-07 02:00:00,20.4,98,0.0,1.3,0.0,7
2022-11-07 03:00:00,20.5,98,0.0,1.36,0.0,7
2022-11-07 04:00:00,20.1,99,0.0,1.4,0.0,9
2022-11-07 05:00:00,20.9,92,0.0,0.81,0.0,100
2022-11-07 06:00:00,21.7,90,36.0,2.02,0.0,37
2022-11-07 07:00:00,23.0,86,142.0,1.2,0.0,74
2022-11-07 08:00:00,23.8,85,244.0,1.36,0.0,45
2022-11-07 09:00:00,25.4,80,454.0,1.22,0.0,34
2022-11-07 10:00:00,26.8,75,594.0,1.56,0.0,25
2022-11-07 11:00:00,27.8,69,653.0,1.58,0.0,7
2022-11-07 12:00:00,28.3,66,613.0,1.27,0.0,7
2022-11-07 13:00:00,28.4,64,538.0,1.5,0.0,17
2022-11-07 14:00:00,28.1,62,405.0,1.89,0.0,19
2022-11-07 15:00:00,27.3,70,230.0,1.46,0.0,6
2022-11-07 16:00:00,24.7,84,64.0,1.58,0.0,5
2022-11-07 17:00:00,24.6,83,0.0,1.71,0.0,10
2022-11-07 18:00:00,24.8,80,0.0,1.02,0.0,16
2022-11-07 19:00:00,23.3,91,0.0,1.17,0.0,13
2022-11-07 20:00:00,23.3,86,0.0,2.14,0.0,2
2022-11-07 21:00:00,23.4,83,0.0,1.5,0.0,6
2022-11-07 22:00:00,22.5,91,0.0,0.76,0.0,14
2022-11-07 23:00:00,22.7,93,0.0,0.45,0.0,15
2022-11-08 00:00:00,22.6,95,0.0,1.46,0.0,1
2022-11-08 01:00:00,22.4,94,0.0,1.06,0.0,1
2022-11-08 02:00:00,22.2,95,0.0,0.45,0.0,2
2022-11-08 03:00:00,22.0,95,0.0,0.5,0.0,6
2022-11-08 04:00:00,19.8,99,0.0,1.12,0.0,6
2022-11-08 05:00:00,20.3,100,0.0,0.42,0.0,4
2022-11-08 06:00:00,21.2,100,35.0,0.51,0.0,100
2022-11-08 07:00:00,23.1,89,179.0,0.94,0.0,14
2022-11-08 08:00:00,24.9,75,364.0,1.34,0.0,0
2022-11-08 09:00:00,26.2,71,524.0,1.79,0.0,0
2022-11-08 10:00:00,27.1,68,631.0,1.92,0.0,2
2022-11-08 11:00:00,27.8,64,669.0,1.8,0.1,17
2022-11-08 12:00:00,28.2,61,631.0,1.58,0.0,13
2022-11-08 13:00:00,28.4,60,548.0,1.61,0.0,5
2022-11-08 14:00:00,28.2,60,405.0,2.28,0.0,6
2022-11-08 15:00:00,27.1,68,227.0,2.37,0.0,7
2022-11-08 16:00:00,24.4,83,63.0,1.84,0.0,6
2022-11-08 17:00:00,25.2,76,0.0,1.39,0.0,5
2022-11-08 18:00:00,24.2,83,0.0,1.26,0.0,34
2022-11-08 19:00:00,22.9,92,0.0,1.49,0.0,22
2022-11-08 20:00:00,22.4,94,0.0,1.9,0.0,6
2022-11-08 21:00:00,21.8,96,0.0,1.5,0.0,18
2022-11-08 22:00:00,21.3,98,0.0,1.2,0.0,14
2022-11-08 23:00:00,21.9,98,0.0,0.72,0.0,13
2022-11-09 00:00:00,22.3,97,0.0,0.36,0.0,3
2022-11-09 01:00:00,20.8,99,0.0,1.12,0.0,10
2022-11-09 02:00:00,20.8,99,0.0,0.71,0.0,12
2022-11-09 03:00:00,20.8,99,0.0,0.72,0.0,11
2022-11-09 04:00:00,20.8,100,0.0,1.14,0.0,100
2022-11-09 05:00:00,20.2,100,0.0,1.12,0.0,3
2022-11-09 06:00:00,20.8,98,31.0,1.57,0.0,45
2022-11-09 07:00:00,22.4,90,154.0,1.61,0.0,5
2022-11-09 08:00:00,24.4,82,360.0,1.84,0.0,1
2022-11-09 09:00:00,26.0,74,520.0,2.01,0.0,0
2022-11-09 10:00:00,27.1,68,622.0,2.1,0.0,6
2022-11-09 11:00:00,27.7,63,644.0,2.24,0.1,19
2022-11-09 12:00:00,28.1,60,611.0,2.34,0.0,7
2022-11-09 13:00:00,28.2,59,518.0,2.5,0.0,7
2022-11-09 14:00:00,27.8,61,396.0,2.69,0.0,7
2022-11-09 15:00:00,26.8,68,225.0,2.3,0.0,12
2022-11-09 16:00:00,24.4,81,60.0,1.88,0.0,13
2022-11-09 17:00:00,25.6,72,0.0,0.73,0.0,10
2022-11-09 18:00:00,23.3,87,0.0,0.76,0.0,11
2022-11-09 19:00:00,22.8,93,0.0,1.22,0.0,6
2022-11-09 20:00:00,22.1,94,0.0,1.97,0.0,3
2022-11-09 21:00:00,23.7,86,0.0,1.36,0.0,2
2022-11-09 22:00:00,22.4,92,0.0,0.85,0.0,4
2022-11-09 23:00:00,21.6,95,0.0,1.66,0.0,5
2022-11-10 00:00:00,21.0,95,0.0,1.36,0.0,5
2022-11-10 01:00:00,20.9,97,0.0,1.3,0.0,17
2022-11-10 02:00:00,20.4,97,0.0,1.71,0.0,21
2022-11-10 03:00:00,20.3,97,0.0,1.71,0.0,10
2022-11-10 04:00:00,20.0,98,0.0,1.63,0.0,9
2022-11-10 05:00:00,20.4,98,0.0,1.02,0.0,3
2022-11-10 06:00:00,21.2,92,32.0,1.9,0.0,5
2022-11-10 07:00:00,22.7,83,181.0,1.5,0.0,0
2022-11-10 08:00:00,24.3,77,365.0,1.43,0.0,0
2022-11-10 09:00:00,25.5,74,522.0,2.05,0.0,0
2022-11-10 10:00:00,26.5,69,625.0,2.2,0.0,9
2022-11-10 11:00:00,27.3,64,668.0,2.16,0.1,9
2022-11-10 12:00:00,27.8,59,635.0,1.92,0.0,29
2022-11-10 13:00:00,27.9,57,517.0,1.89,0.0,16
2022-11-10 14:00:00,27.7,58,395.0,1.7,0.0,9
2022-11-10 15:00:00,26.9,68,233.0,1.22,0.0,5
2022-11-10 16:00:00,24.3,78,62.0,1.66,0.0,3
2022-11-10 17:00:00,23.3,86,0.0,1.84,0.0,3
2022-11-10 18:00:00,24.2,82,0.0,0.64,0.0,4
2022-11-10 19:00:00,22.9,89,0.0,1.0,0.0,5
2022-11-10 20:00:00,23.6,87,0.0,1.04,0.0,8
2022-11-10 21:00:00,23.2,90,0.0,1.36,0.0,9
2022-11-10 22:00:00,22.7,92,0.0,1.5,0.0,11
2022-11-10 23:00:00,22.5,95,0.0,0.92,0.0,14
2022-11-11 00:00:00,20.6,98,0.0,1.89,0.0,3
2022-11-11 01:00:00,21.9,98,0.0,1.2,0.0,0
2022-11-11 02:00:00,21.4,100,0.0,0.45,0.0,100
2022-11-11 03:00:00,20.0,100,0.0,0.41,0.0,100
2022-11-11 04:00:00,20.4,98,0.0,0.22,0.0,6
2022-11-11 05:00:00,19.4,100,0.0,0.91,0.0,4
2022-11-11 06:00:00,19.5,97,26.0,1.72,0.0,97
2022-11-11 07:00:00,20.6,91,110.0,1.49,0.0,29
2022-11-11 08:00:00,22.4,84,288.0,1.66,0.0,3
2022-11-11 09:00:00,24.6,75,518.0,1.75,0.0,1
2022-11-11 10:00:00,26.0,69,624.0,1.79,0.0,1
2022-11-11 11:00:00,27.0,63,665.0,1.8,0.0,3
2022-11-11 12:00:00,27.7,57,636.0,1.48,0.0,13
2022-11-11 13:00:00,27.9,53,540.0,1.78,0.0,21
2022-11-11 14:00:00,27.4,57,374.0,2.28,0.0,11
2022-11-11 15:00:00,26.3,66,218.0,1.84,0.0,5
2022-11-11 16:00:00,23.6,78,59.0,1.68,0.0,11
2022-11-11 17:00:00,22.7,86,0.0,2.15,0.0,36
2022-11-11 18:00:00,22.5,88,0.0,1.49,0.0,37
2022-11-11 19:00:00,22.2,90,0.0,1.91,0.0,2
2022-11-11 20:00:00,22.7,86,0.0,1.7,0.0,21
2022-11-11 21:00:00,22.0,93,0.0,1.81,0.0,4
2022-11-11 22:00:00,21.2,96,0.0,1.97,0.0,4
2022-11-11 23:00:00,21.6,93,0.0,1.84,0.0,10
2022-11-12 00:00:00,21.4,94,0.0,1.79,0.0,2
2022-11-12 01:00:00,21.4,95,0.0,1.58,0.0,0
2022-11-12 02:00:00,21.3,95,0.0,1.27,0.0,1
2022-11-12 03:00:00,19.7,96,0.0,1.61,0.0,5
2022-11-12 04:00:00,18.6,98,0.0,1.84,0.0,5
2022-11-12 05:00:00,20.0,100,0.0,0.86,0.0,0
2022-11-12 06:00:00,20.6,100,30.0,1.0,0.0,100
2022-11-12 07:00:00,22.0,91,171.0,1.24,0.0,20
2022-11-12 08:00:00,23.6,82,352.0,1.33,0.0,5
2022-11-12 09:00:00,25.0,73,504.0,1.24,0.0,22
2022-11-12 10:00:00,25.9,68,552.0,1.2,0.0,13
2022-11-12 11:00:00,26.6,62,624.0,1.1,0.0,7
2022-11-12 12:00:00,27.1,58,607.0,1.17,0.0,3
2022-11-12 13:00:00,27.3,56,518.0,1.24,0.0,17
2022-11-12 14:00:00,26.9,57,348.0,1.51,0.0,21
2022-11-12 15:00:00,26.0,65,201.0,1.5,0.0,14
2022-11-12 16:00:00,23.7,77,54.0,1.62,0.0,20
2022-11-12 17:00:00,23.6,84,0.0,1.06,0.0,13
2022-11-12 18:00:00,22.6,90,0.0,1.2,0.0,40
2022-11-12 19:00:00,22.6,88,0.0,1.63,0.0,84
2022-11-12 20:00:00,21.6,76,0.0,2.12,0.0,34
2022-11-12 21:00:00,20.6,80,0.0,1.21,0.0,44
2022-11-12 22:00:00,20.3,86,0.0,1.61,0.0,13
2022-11-12 23:00:00,20.8,88,0.0,0.5,0.0,9
2022-11-13 00:00:00,19.1,97,0.0,0.85,0.0,6
2022-11-13 01:00:00,18.9,99,0.0,1.21,0.0,2
2022-11-13 02:00:00,18.5,100,0.0,1.3,0.0,100
2022-11-13 03:00:00,18.7,99,0.0,1.2,0.0,16
2022-11-13 04:00:00,18.5,100,0.0,1.4,0.0,7
2022-11-13 05:00:00,18.9,100,0.0,1.82,0.0,99
2022-11-13 06:00:00,19.6,95,25.0,1.8,0.0,11
2022-11-13 07:00:00,21.5,85,147.0,1.49,0.0,2
2022-11-13 08:00:00,23.4,76,350.0,1.87,0.0,0
2022-11-13 09:00:00,24.9,70,515.0,2.15,0.0,0
2022-11-13 10:00:00,25.8,64,612.0,2.42,0.0,12
2022-11-13 11:00:00,26.3,60,625.0,2.36,0.0,8
2022-11-13 12:00:00,26.7,59,596.0,2.13,0.0,8
2022-11-13 13:00:00,26.9,57,536.0,1.84,0.0,3
2022-11-13 14:00:00,26.8,57,397.0,2.05,0.0,3
2022-11-13 15:00:00,25.7,65,225.0,2.08,0.0,2
2022-11-13 16:00:00,23.4,74,58.0,2.19,0.0,2
2022-11-13 17:00:00,21.8,85,0.0,2.34,0.0,1
2022-11-13 18:00:00,22.0,84,0.0,1.82,0.0,0
2022-11-13 19:00:00,21.3,87,0.0,1.79,0.0,5
2022-11-13 20:00:00,20.9,90,0.0,1.78,0.0,9
2022-11-13 21:00:00,20.8,92,0.0,1.33,0.0,0
2022-11-13 22:00:00,19.7,98,0.0,1.63,0.0,0
2022-11-13 23:00:00,18.9,99,0.0,1.82,0.0,3
2022-11-14 00:00:00,19.2,98,0.0,1.41,0.0,6
2022-11-14 01:00:00,19.3,96,0.0,1.43,0.0,8
2022-11-14 02:00:00,18.6,97,0.0,1.52,0.0,4
2022-11-14 03:00:00,18.2,97,0.0,1.62,0.0,1
2022-11-14 04:00:00,18.2,98,0.0,1.12,0.0,1
2022-11-14 05:00:00,18.5,94,0.0,1.21,0.0,0
2022-11-14 06:00:00,19.2,93,28.0,2.0,0.0,0
2022-11-14 07:00:00,20.8,86,172.0,1.84,0.0,0
2022-11-14 08:00:00,22.5,79,353.0,2.04,0.0,0
2022-11-14 09:00:00,24.0,74,508.0,2.09,0.0,0
2022-11-14 10:00:00,25.5,68,613.0,2.47,0.0,0
2022-11-14 11:00:00,26.6,62,656.0,2.83,0.0,0
2022-11-14 12:00:00,27.2,57,632.0,3.09,0.0,0
2022-11-14 13:00:00,27.3,54,544.0,3.09,0.0,0
2022-11-14 14:00:00,26.9,54,401.0,2.87,0.0,0
2022-11-14 15:00:00,25.7,63,223.0,2.12,0.0,0
2022-11-14 16:00:00,23.4,72,57.0,2.33,0.0,0
2022-11-14 17:00:00,22.6,78,0.0,1.91,0.0,0
2022-11-14 18:00:00,22.9,78,0.0,1.35,0.0,0
2022-11-14 19:00:00,20.7,90,0.0,1.84,0.0,0
2022-11-14 20:00:00,21.8,88,0.0,0.14,0.0,0
2022-11-14 21:00:00,20.0,94,0.0,0.64,0.0,0
2022-11-14 22:00:00,18.9,96,0.0,0.78,0.0,0
2022-11-14 23:00:00,18.3,98,0.0,1.08,0.0,0
2022-11-15 00:00:00,18.3,99,0.0,1.12,0.0,0
2022-11-15 01:00:00,18.3,100,0.0,0.81,0.0,0
2022-11-15 02:00:00,17.9,100,0.0,0.5,0.0,100
2022-11-15 03:00:00,18.4,100,0.0,0.28,0.0,100
2022-11-15 04:00:00,18.4,100,0.0,0.22,0.0,100
2022-11-15 05:00:00,18.3,99,0.0,0.67,0.0,25
2022-11-15 06:00:00,18.6,98,18.0,0.82,0.0,91
2022-11-15 07:00:00,20.1,86,128.0,0.91,0.0,0
2022-11-15 08:00:00,22.2,74,336.0,1.08,0.0,0
2022-11-15 09:00:00,24.0,68,505.0,1.58,0.0,0
2022-11-15 10:00:00,25.4,65,612.0,2.06,0.0,0
2022-11-15 11:00:00,26.5,60,655.0,2.3,0.0,0
2022-11-15 12:00:00,27.2,56,630.0,2.25,0.0,0
2022-11-15 13:00:00,27.3,56,541.0,2.19,0.0,0
2022-11-15 14:00:00,26.7,58,397.0,2.42,0.0,0
2022-11-15 15:00:00,25.5,66,219.0,2.4,0.0,0
2022-11-15 16:00:00,22.8,76,55.0,1.66,0.0,0
2022-11-15 17:00:00,22.8,77,0.0,1.84,0.0,4
2022-11-15 18:00:00,23.8,72,0.0,1.03,0.0,24
2022-11-15 19:00:00,21.7,85,0.0,1.57,0.0,19
2022-11-15 20:00:00,21.3,88,0.0,1.82,0.0,49
2022-11-15 21:00:00,21.1,90,0.0,1.62,0.0,37
2022-11-15 22:00:00,20.5,94,0.0,1.3,0.0,17
2022-11-15 23:00:00,21.1,94,0.0,0.92,0.0,20
2022-11-16 00:00:00,19.6,98,0.0,1.5,0.0,23
2022-11-16 01:00:00,19.3,98,0.0,1.3,0.0,4
2022-11-16 02:00:00,20.2,95,0.0,0.82,0.0,7
2022-11-16 03:00:00,19.3,100,0.0,0.6,0.0,100
2022-11-16 04:00:00,19.7,100,0.0,0.4,0.0,100
2022-11-16 05:00:00,19.1,100,0.0,0.82,0.0,100
2022-11-16 06:00:00,19.6,100,24.0,0.85,0.0,100
2022-11-16 07:00:00,21.0,93,155.0,0.78,0.0,34
2022-11-16 08:00:00,23.0,80,336.0,0.99,0.0,4
2022-11-16 09:00:00,24.6,71,491.0,1.27,0.0,2
2022-11-16 10:00:00,25.9,64,601.0,1.72,0.0,0
2022-11-16 11:00:00,26.7,59,643.0,1.8,0.0,1
2022-11-16 12:00:00,27.2,56,622.0,1.84,0.0,2
2022-11-16 13:00:00,27.2,55,529.0,2.42,0.0,1
2022-11-16 14:00:00,26.7,56,392.0,2.53,0.0,2
2022-11-16 15:00:00,25.4,64,214.0,1.94,0.0,6
2022-11-16 16:00:00,22.6,78,53.0,2.12,0.0,4
2022-11-16 17:00:00,24.4,68,0.0,1.32,0.0,3
2022-11-16 18:00:00,22.3,80,0.0,4.87,0.5,51
2022-11-16 19:00:00,21.4,81,0.0,1.52,0.0,11
2022-11-16 20:00:00,21.2,85,0.0,2.27,0.0,4
2022-11-16 21:00:00,20.0,92,0.0,1.53,0.0,6
2022-11-16 22:00:00,19.2,96,0.0,1.66,0.0,11
2022-11-16 23:00:00,19.1,97,0.0,1.75,0.0,9
2022-11-17 00:00:00,20.7,91,0.0,1.32,0.0,8
2022-11-17 01:00:00,20.5,93,0.0,1.3,0.0,1
2022-11-17 02:00:00,19.9,99,0.0,0.95,0.0,0
2022-11-17 03:00:00,19.5,100,0.0,1.14,0.0,100
2022-11-17 04:00:00,19.5,100,0.0,0.8,0.0,100
2022-11-17 05:00:00,19.4,100,0.0,0.51,0.0,92
2022-11-17 06:00:00,19.6,98,24.0,0.51,0.0,32
2022-11-17 07:00:00,21.3,89,161.0,0.22,0.0,23
2022-11-17 08:00:00,22.9,82,322.0,0.45,0.0,9
2022-11-17 09:00:00,24.3,74,470.0,0.86,0.0,2
2022-11-17 10:00:00,25.5,66,592.0,1.44,0.0,15
2022-11-17 11:00:00,26.2,62,609.0,1.61,0.0,7
2022-11-17 12:00:00,26.5,58,574.0,1.66,0.0,2
2022-11-17 13:00:00,26.7,56,510.0,1.92,0.0,8
2022-11-17 14:00:00,26.4,58,373.0,2.34,0.0,5
2022-11-17 15:00:00,25.3,65,209.0,2.01,0.0,4
2022-11-17 16:00:00,23.2,72,52.0,2.1,0.0,2
2022-11-17 17:00:00,22.0,78,0.0,1.77,0.0,3
2022-11-17 18:00:00,21.2,85,0.0,1.94,0.0,15
2022-11-17 19:00:00,20.7,91,0.0,1.93,0.0,12
2022-11-17 20:00:00,22.1,85,0.0,0.92,0.0,18
2022-11-17 21:00:00,21.1,91,0.0,1.06,0.0,12
2022-11-17 22:00:00,19.3,96,0.0,1.84,0.0,11
2022-11-17 23:00:00,20.6,90,0.0,1.36,0.0,13
2022-11-18 00:00:00,20.3,94,0.0,0.1,0.0,12
2022-11-18 01:00:00,19.5,100,0.0,0.41,0.0,100
2022-11-18 02:00:00,18.3,100,0.0,0.61,0.0,100
2022-11-18 03:00:00,18.7,100,0.0,0.85,0.0,100
2022-11-18 04:00:00,18.4,98,0.0,1.08,0.0,63
2022-11-18 05:00:00,18.8,96,0.0,1.5,0.0,19
2022-11-18 06:00:00,18.8,96,21.0,1.87,0.0,0
2022-11-18 07:00:00,20.8,83,156.0,1.61,0.0,0
2022-11-18 08:00:00,22.7,76,340.0,1.58,0.0,0
2022-11-18 09:00:00,24.2,72,496.0,1.91,0.0,0
2022-11-18 10:00:00,25.5,66,602.0,2.4,0.0,0
2022-11-18 11:00:00,26.4,62,647.0,2.69,0.0,0
2022-11-18 12:00:00,27.0,58,622.0,2.92,0.0,0
2022-11-18 13:00:00,27.2,55,535.0,2.97,0.0,0
2022-11-18 14:00:00,26.8,56,395.0,2.88,0.0,1
2022-11-18 15:00:00,25.5,64,217.0,2.34,0.0,0
2022-11-18 16:00:00,23.1,72,53.0,2.2,0.0,0
2022-11-18 17:00:00,22.5,75,0.0,2.56,0.0,0
2022-11-18 18:00:00,21.2,82,0.0,1.7,0.0,0
2022-11-18 19:00:00,19.7,90,0.0,2.19,0.0,0
2022-11-18 20:00:00,19.3,90,0.0,2.16,0.0,0
2022-11-18 21:00:00,18.8,91,0.0,1.86,0.0,0
2022-11-18 22:00:00,18.6,82,0.0,1.84,0.0,0
2022-11-18 23:00:00,18.1,79,0.0,1.84,0.0,0
2022-11-19 00:00:00,16.8,87,0.0,2.26,0.0,0
2022-11-19 01:00:00,16.4,91,0.0,1.91,0.0,0
2022-11-19 02:00:00,16.3,92,0.0,1.92,0.0,0
2022-11-19 03:00:00,16.2,92,0.0,1.8,0.0,17
2022-11-19 04:00:00,16.1,93,0.0,1.65,0.0,3
2022-11-19 05:00:00,17.1,95,0.0,2.91,0.0,0
2022-11-19 06:00:00,17.6,89,22.0,2.82,0.0,84
2022-11-19 07:00:00,19.2,82,155.0,2.21,0.0,49
2022-11-19 08:00:00,21.2,77,344.0,2.26,0.0,76
2022-11-19 09:00:00,23.4,70,505.0,2.57,0.0,99
2022-11-19 10:00:00,25.5,62,614.0,3.29,0.0,90
2022-11-19 11:00:00,26.7,57,657.0,3.58,0.0,82
2022-11-19 12:00:00,27.3,54,634.0,3.62,0.0,91
2022-11-19 13:00:00,27.3,53,543.0,3.58,0.0,100
2022-11-19 14:00:00,26.8,55,398.0,3.52,0.0,99
2022-11-19 15:00:00,25.3,63,221.0,2.76,0.0,3
2022-11-19 16:00:00,22.3,75,54.0,1.92,0.0,0
2022-11-19 17:00:00,20.8,85,0.0,2.73,0.0,30
2022-11-19 18:00:00,20.2,88,0.0,2.28,0.0,0
2022-11-19 19:00:00,19.7,89,0.0,2.2,0.0,36
2022-11-19 20:00:00,19.6,89,0.0,1.8,0.0,29
2022-11-19 21:00:00,19.2,90,0.0,1.92,0.0,5
2022-11-19 22:00:00,18.7,88,0.0,1.94,0.0,1
2022-11-19 23:00:00,18.0,88,0.0,1.87,0.0,0
2022-11-20 00:00:00,17.1,87,0.0,2.42,0.0,12
2022-11-20 01:00:00,19.0,79,0.0,1.6,0.0,26
2022-11-20 02:00:00,16.6,93,0.0,1.77,0.0,2
2022-11-20 03:00:00,15.3,97,0.0,2.1,0.0,0
2022-11-20 04:00:00,14.6,96,0.0,2.1,0.0,4
2022-11-20 05:00:00,16.0,95,0.0,1.81,0.0,9
2022-11-20 06:00:00,16.7,93,23.0,2.11,0.0,10
2022-11-20 07:00:00,18.7,81,165.0,2.1,0.0,51
2022-11-20 08:00:00,20.8,72,348.0,2.11,0.0,20
2022-11-20 09:00:00,23.0,64,505.0,2.35,0.0,53
2022-11-20 10:00:00,25.0,59,611.0,2.86,0.0,99
2022-11-20 11:00:00,26.4,56,650.0,2.94,0.0,97
2022-11-20 12:00:00,27.2,53,621.0,3.09,0.0,99
2022-11-20 13:00:00,27.3,51,522.0,3.0,0.0,100
2022-11-20 14:00:00,26.8,53,371.0,2.51,0.0,100
2022-11-20 15:00:00,25.3,64,197.0,1.84,0.0,100
2022-11-20 16:00:00,22.3,74,49.0,1.86,0.0,0
2022-11-20 17:00:00,21.0,83,0.0,2.4,0.0,1
2022-11-20 18:00:00,20.9,82,0.0,2.0,0.0,0
2022-11-20 19:00:00,19.7,87,0.0,2.56,0.0,0
2022-11-20 20:00:00,19.0,90,0.0,2.24,0.0,0
2022-11-20 21:00:00,18.7,91,0.0,2.15,0.0,2
2022-11-20 22:00:00,18.6,92,0.0,1.8,0.0,3
2022-11-20 23:00:00,17.5,95,0.0,2.15,0.0,16
2022-11-21 00:00:00,18.2,96,0.0,0.85,0.0,0
2022-11-21 01:00:00,17.6,100,0.0,0.3,0.0,100
2022-11-21 02:00:00,17.6,100,0.0,1.0,0.0,100
2022-11-21 03:00:00,16.3,100,0.0,1.24,0.0,92
2022-11-21 04:00:00,16.7,98,0.0,1.32,0.0,55
2022-11-21 05:00:00,17.2,94,0.0,2.62,0.0,28
2022-11-21 06:00:00,17.7,94,18.0,2.2,0.0,0
2022-11-21 07:00:00,19.4,87,147.0,2.06,0.0,16
2022-11-21 08:00:00,21.4,79,333.0,2.25,0.0,66
2022-11-21 09:00:00,23.6,72,487.0,2.51,0.0,55
2022-11-21 10:00:00,25.6,64,593.0,2.82,0.0,60
2022-11-21 11:00:00,27.1,55,638.0,3.31,0.0,39
2022-11-21 12:00:00,27.8,50,616.0,3.49,0.0,0
2022-11-21 13:00:00,27.9,50,527.0,3.24,0.0,3
2022-11-21 14:00:00,27.4,52,379.0,2.75,0.0,10
2022-11-21 15:00:00,25.8,61,207.0,1.7,0.0,8
2022-11-21 16:00:00,22.3,72,50.0,2.3,0.0,1
2022-11-21 17:00:00,21.4,77,0.0,2.35,0.0,6
2022-11-21 18:00:00,21.5,77,0.0,1.9,0.0,13
2022-11-21 19:00:00,20.8,80,0.0,1.77,0.0,7
2022-11-21 20:00:00,19.5,87,0.0,1.58,0.0,5
2022-11-21 21:00:00,18.9,90,0.0,1.22,0.0,1
2022-11-21 22:00:00,18.7,92,0.0,1.14,0.0,0
2022-11-21 23:00:00,19.7,90,0.0,0.36,0.0,3
2022-11-22 00:00:00,18.9,95,0.0,1.12,0.0,0
2022-11-22 01:00:00,18.2,97,0.0,1.86,0.0,1
2022-11-22 02:00:00,17.5,98,0.0,2.06,0.0,2
2022-11-22 03:00:00,18.5,94,0.0,1.41,0.0,1
2022-11-22 04:00:00,18.1,98,0.0,0.4,0.0,0
2022-11-22 05:00:00,18.0,94,0.0,0.36,0.0,100
2022-11-22 06:00:00,17.3,97,21.0,0.71,0.0,0
2022-11-22 07:00:00,19.8,83,153.0,1.12,0.0,0
2022-11-22 08:00:00,22.2,69,325.0,0.73,0.0,0
2022-11-22 09:00:00,23.9,65,480.0,0.85,0.0,0
2022-11-22 10:00:00,25.1,61,587.0,1.58,0.0,0
2022-11-22 11:00:00,26.0,58,629.0,1.88,0.0,0
2022-11-22 12:00:00,26.7,56,608.0,2.06,0.0,0
2022-11-22 13:00:00,26.9,56,523.0,2.08,0.0,0
2022-11-22 14:00:00,26.5,57,383.0,2.08,0.0,0
2022-11-22 15:00:00,25.3,67,208.0,1.26,0.0,0
2022-11-22 16:00:00,22.2,77,49.0,1.87,0.0,0
2022-11-22 17:00:00,22.1,76,0.0,1.81,0.0,1
2022-11-22 18:00:00,22.6,72,0.0,0.73,0.0,4
2022-11-22 19:00:00,22.0,77,0.0,0.6,0.0,14
2022-11-22 20:00:00,21.9,81,0.0,0.6,0.0,13
2022-11-22 21:00:00,21.7,83,0.0,0.6,0.0,10
2022-11-22 22:00:00,20.2,89,0.0,1.1,0.0,12
2022-11-22 23:00:00,19.9,90,0.0,1.43,0.0,1
2022-11-23 00:00:00,20.0,91,0.0,1.8,0.0,6
2022-11-23 01:00:00,18.0,99,0.0,2.26,0.0,15
2022-11-23 02:00:00,18.1,100,0.0,1.9,0.0,100
2022-11-23 03:00:00,18.7,100,0.0,1.33,0.0,100
2022-11-23 04:00:00,18.1,100,0.0,0.76,0.0,100
2022-11-23 05:00:00,18.1,99,0.0,0.61,0.0,91
2022-11-23 06:00:00,18.2,99,14.0,0.82,0.0,100
2022-11-23 07:00:00,19.5,95,102.0,0.22,0.0,93
2022-11-23 08:00:00,21.5,85,254.0,0.61,0.0,25
2022-11-23 09:00:00,23.4,77,452.0,1.12,0.0,23
2022-11-23 10:00:00,24.8,67,571.0,1.52,0.0,1
2022-11-23 11:00:00,26.0,61,621.0,1.72,0.0,0
2022-11-23 12:00:00,26.9,59,601.0,2.06,0.0,0
2022-11-23 13:00:00,27.3,54,517.0,2.56,0.0,1
2022-11-23 14:00:00,26.8,54,379.0,2.76,0.0,0
2022-11-23 15:00:00,25.5,62,206.0,2.39,0.0,0
2022-11-23 16:00:00,23.0,70,49.0,2.37,0.0,1
2022-11-23 17:00:00,21.1,82,0.0,2.57,0.0,3
2022-11-23 18:00:00,22.2,74,0.0,1.2,0.0,1
2022-11-23 19:00:00,21.9,77,0.0,0.82,0.0,0
2022-11-23 20:00:00,21.0,82,0.0,0.86,0.0,0
2022-11-23 21:00:00,19.0,92,0.0,1.25,0.0,0
2022-11-23 22:00:00,18.3,96,0.0,1.4,0.0,0
2022-11-23 23:00:00,17.9,98,0.0,1.88,0.0,0
2022-11-24 00:00:00,17.9,98,0.0,2.06,0.0,12
2022-11-24 01:00:00,19.0,97,0.0,1.12,0.0,0
2022-11-24 02:00:00,18.8,99,0.0,1.22,0.0,0
2022-11-24 03:00:00,18.7,100,0.0,1.08,0.0,100
2022-11-24 04:00:00,18.6,100,0.0,0.58,0.0,14
2022-11-24 05:00:00,17.9,100,0.0,1.14,0.0,0
2022-11-24 06:00:00,18.2,97,15.0,1.24,0.0,80
2022-11-24 07:00:00,19.8,85,111.0,0.81,0.0,10
2022-11-24 08:00:00,21.9,74,311.0,0.91,0.0,25
2022-11-24 09:00:00,23.9,67,472.0,1.26,0.0,32
2022-11-24 10:00:00,25.3,61,581.0,1.94,0.0,35
2022-11-24 11:00:00,26.3,57,629.0,2.5,0.0,0
2022-11-24 12:00:00,26.9,54,609.0,2.66,0.0,0
2022-11-24 13:00:00,27.0,53,524.0,2.92,0.0,22
2022-11-24 14:00:00,26.5,56,383.0,3.12,0.0,2
2022-11-24 15:00:00,25.1,64,209.0,2.64,0.0,0
2022-11-24 16:00:00,22.8,71,49.0,2.58,0.0,0
2022-11-24 17:00:00,21.9,74,0.0,1.91,0.0,0
2022-11-24 18:00:00,20.2,85,0.0,1.97,0.0,0
2022-11-24 19:00:00,19.8,87,0.0,2.05,0.0,0
2022-11-24 20:00:00,18.7,91,0.0,2.2,0.0,0
2022-11-24 21:00:00,18.5,92,0.0,1.72,0.0,0
2022-11-24 22:00:00,18.3,91,0.0,1.56,0.0,0
2022-11-24 23:00:00,17.9,85,0.0,1.7,0.0,0
2022-11-25 00:00:00,17.2,85,0.0,1.64,0.0,0
2022-11-25 01:00:00,16.7,89,0.0,1.75,0.0,0
2022-11-25 02:00:00,16.5,89,0.0,1.8,0.0,0
2022-11-25 03:00:00,16.0,90,0.0,2.16,0.0,0
2022-11-25 04:00:00,15.8,90,0.0,1.92,0.0,0
2022-11-25 05:00:00,17.1,81,0.0,1.94,0.0,0
2022-11-25 06:00:00,17.5,77,18.0,1.97,0.0,0
2022-11-25 07:00:00,19.6,72,149.0,2.2,0.0,0
2022-11-25 08:00:00,21.7,67,325.0,2.02,0.0,0
2022-11-25 09:00:00,23.6,66,480.0,2.42,0.0,0
2022-11-25 10:00:00,25.4,62,586.0,3.05,0.0,0
2022-11-25 11:00:00,26.7,58,631.0,3.5,0.0,0
2022-11-25 12:00:00,27.2,56,611.0,3.56,0.0,0
2022-11-25 13:00:00,27.3,56,526.0,3.4,0.0,0
2022-11-25 14:00:00,26.7,59,383.0,3.05,0.0,0
2022-11-25 15:00:00,25.3,68,208.0,1.84,0.0,0
2022-11-25 16:00:00,21.8,82,49.0,2.06,0.0,0
2022-11-25 17:00:00,21.1,86,0.0,2.44,0.0,0
2022-11-25 18:00:00,21.3,84,0.0,1.7,0.0,0
2022-11-25 19:00:00,21.2,84,0.0,2.01,0.0,0
2022-11-25 20:00:00,20.2,88,0.0,1.79,0.0,0
2022-11-25 21:00:00,20.2,86,0.0,1.4,0.0,0
2022-11-25 22:00:00,18.2,95,0.0,1.82,0.0,0
2022-11-25 23:00:00,18.0,96,0.0,1.8,0.0,0
2022-11-26 00:00:00,18.1,94,0.0,1.71,0.0,0
2022-11-26 01:00:00,17.2,96,0.0,2.06,0.0,0
2022-11-26 02:00:00,17.7,95,0.0,1.53,0.0,0
2022-11-26 03:00:00,16.7,100,0.0,0.92,0.0,0
2022-11-26 04:00:00,16.6,100,0.0,0.72,0.0,98
2022-11-26 05:00:00,17.3,95,0.0,1.44,0.0,0
2022-11-26 06:00:00,18.1,85,12.0,1.1,0.0,0
2022-11-26 07:00:00,19.3,81,113.0,1.17,0.0,0
2022-11-26 08:00:00,21.5,77,314.0,1.58,0.0,0
2022-11-26 09:00:00,23.5,71,472.0,2.22,0.0,0
2022-11-26 10:00:00,24.9,68,579.0,2.5,0.0,0
2022-11-26 11:00:00,26.0,67,626.0,2.72,0.0,0
2022-11-26 12:00:00,26.9,65,604.0,2.44,0.0,0
2022-11-26 13:00:00,27.3,63,518.0,2.26,0.0,0
2022-11-26 14:00:00,27.1,61,377.0,2.02,0.0,0
2022-11-26 15:00:00,26.0,70,204.0,1.17,0.0,0
2022-11-26 16:00:00,22.7,81,47.0,1.94,0.0,0
2022-11-26 17:00:00,21.9,83,0.0,2.0,0.0,0
2022-11-26 18:00:00,21.1,87,0.0,1.66,0.0,0
2022-11-26 19:00:00,20.3,91,0.0,1.71,0.0,0
2022-11-26 20:00:00,19.8,93,0.0,1.17,0.0,0
2022-11-26 21:00:00,20.8,90,0.0,0.32,0.0,0
2022-11-26 22:00:00,20.5,92,0.0,0.91,0.0,0
2022-11-26 23:00:00,19.1,97,0.0,1.4,0.0,0
2022-11-27 00:00:00,18.0,99,0.0,1.7,0.0,0
2022-11-27 01:00:00,17.2,100,0.0,1.66,0.0,9
2022-11-27 02:00:00,16.7,100,0.0,1.2,0.0,97
2022-11-27 03:00:00,16.2,100,0.0,0.89,0.0,68
2022-11-27 04:00:00,16.1,98,0.0,0.72,0.0,41
2022-11-27 05:00:00,17.1,100,0.0,0.51,0.0,18
2022-11-27 06:00:00,17.7,94,12.0,0.67,0.0,21
2022-11-27 07:00:00,19.5,79,99.0,0.54,0.0,0
2022-11-27 08:00:00,20.9,72,232.0,0.86,0.0,0
2022-11-27 09:00:00,22.9,70,448.0,1.2,0.0,0
2022-11-27 10:00:00,24.6,68,574.0,1.56,0.0,0
2022-11-27 11:00:00,25.8,65,622.0,2.06,0.0,0
2022-11-27 12:00:00,26.5,61,602.0,2.08,0.0,0
2022-11-27 13:00:00,26.7,59,516.0,2.02,0.0,0
2022-11-27 14:00:00,26.4,60,376.0,1.75,0.0,0
2022-11-27 15:00:00,25.5,70,202.0,0.86,0.0,0
2022-11-27 16:00:00,23.3,75,47.0,1.71,0.0,3
2022-11-27 17:00:00,22.8,80,0.0,1.53,0.0,1
2022-11-27 18:00:00,21.7,85,0.0,1.14,0.0,0
2022-11-27 19:00:00,20.0,93,0.0,1.79,0.0,0
2022-11-27 20:00:00,19.3,94,0.0,2.08,0.0,0
2022-11-27 21:00:00,18.9,95,0.0,1.63,0.0,0
2022-11-27 22:00:00,18.3,97,0.0,1.8,0.0,0
2022-11-27 23:00:00,18.3,96,0.0,1.57,0.0,0
2022-11-28 00:00:00,18.2,96,0.0,1.49,0.0,0
2022-11-28 01:00:00,17.6,98,0.0,1.04,0.0,0
2022-11-28 02:00:00,17.5,100,0.0,1.2,0.0,100
2022-11-28 03:00:00,17.5,100,0.0,1.4,0.0,100
2022-11-28 04:00:00,17.3,100,0.0,1.6,0.0,100
2022-11-28 05:00:00,16.9,98,0.0,2.3,0.0,98
2022-11-28 06:00:00,16.5,94,14.0,2.32,0.0,70
2022-11-28 07:00:00,17.9,84,117.0,2.0,0.0,64
2022-11-28 08:00:00,20.2,74,302.0,2.16,0.0,0
2022-11-28 09:00:00,22.7,68,465.0,2.42,0.0,0
2022-11-28 10:00:00,25.0,61,570.0,3.09,0.0,0
2022-11-28 11:00:00,26.4,56,615.0,3.54,0.0,0
2022-11-28 12:00:00,27.1,53,594.0,3.58,0.0,0
2022-11-28 13:00:00,27.3,52,506.0,3.58,0.0,0
2022-11-28 14:00:00,26.8,52,368.0,3.19,0.0,1
2022-11-28 15:00:00,25.3,60,198.0,1.84,0.0,4
2022-11-28 16:00:00,22.0,72,45.0,2.28,0.0,13
2022-11-28 17:00:00,21.4,77,0.0,2.5,0.0,12
2022-11-28 18:00:00,21.3,76,0.0,1.8,0.0,22
2022-11-28 19:00:00,20.7,81,0.0,1.77,0.0,2
2022-11-28 20:00:00,19.9,87,0.0,1.9,0.0,1
2022-11-28 21:00:00,19.4,87,0.0,1.68,0.0,2
2022-11-28 22:00:00,18.7,88,0.0,1.82,0.0,0
2022-11-28 23:00:00,17.9,92,0.0,1.75,0.0,1
2022-11-29 00:00:00,17.6,94,0.0,1.63,0.0,0
2022-11-29 01:00:00,17.6,93,0.0,1.55,0.0,0
2022-11-29 02:00:00,17.5,92,0.0,1.61,0.0,0
2022-11-29 03:00:00,17.4,92,0.0,1.6,0.0,0
2022-11-29 04:00:00,17.4,92,0.0,1.7,0.0,0
2022-11-29 05:00:00,17.7,94,0.0,2.31,0.0,0
2022-11-29 06:00:00,18.1,92,14.0,2.31,0.0,0
2022-11-29 07:00:00,20.0,83,135.0,2.32,0.0,0
2022-11-29 08:00:00,22.0,76,306.0,2.18,0.0,0
2022-11-29 09:00:00,24.2,68,458.0,2.47,0.0,0
2022-11-29 10:00:00,25.8,60,565.0,3.14,0.0,0
2022-11-29 11:00:00,26.9,53,610.0,3.31,0.0,0
2022-11-29 12:00:00,27.6,50,590.0,3.38,0.0,0
2022-11-29 13:00:00,27.5,49,507.0,3.3,0.0,1
2022-11-29 14:00:00,26.9,51,364.0,3.04,0.0,1
2022-11-29 15:00:00,25.3,59,191.0,1.98,0.0,2
2022-11-29 16:00:00,22.9,64,45.0,1.92,0.0,4
2022-11-29 17:00:00,21.8,72,0.0,2.79,0.0,12
2022-11-29 18:00:00,21.3,73,0.0,2.15,0.0,24
2022-11-29 19:00:00,20.8,79,0.0,2.28,0.0,28
2022-11-29 20:00:00,20.0,83,0.0,2.21,0.0,3
2022-11-29 21:00:00,19.8,83,0.0,1.75,0.0,2
2022-11-29 22:00:00,19.4,84,0.0,1.81,0.0,0
2022-11-29 23:00:00,18.5,90,0.0,1.6,0.0,0
2022-11-30 00:00:00,18.1,93,0.0,1.6,0.0,0
2022-11-30 01:00:00,17.9,92,0.0,1.6,0.0,0
2022-11-30 02:00:00,17.6,93,0.0,1.6,0.0,0
2022-11-30 03:00:00,17.2,95,0.0,1.6,0.0,0
2022-11-30 04:00:00,16.7,96,0.0,1.91,0.0,0
2022-11-30 05:00:00,17.7,95,0.0,1.71,0.0,0
2022-11-30 06:00:00,17.8,94,13.0,1.68,0.0,0
2022-11-30 07:00:00,19.8,84,131.0,1.97,0.0,0
2022-11-30 08:00:00,21.6,76,300.0,2.3,0.0,0
2022-11-30 09:00:00,23.5,70,452.0,2.47,0.0,0
2022-11-30 10:00:00,25.2,65,558.0,2.64,0.0,0
2022-11-30 11:00:00,26.7,59,606.0,2.9,0.0,0
2022-11-30 12:00:00,27.5,53,587.0,2.97,0.0,0
2022-11-30 13:00:00,27.6,51,505.0,3.05,0.0,0
2022-11-30 14:00:00,26.9,52,369.0,2.76,0.0,2
2022-11-30 15:00:00,25.3,61,198.0,1.84,0.0,1
2022-11-30 16:00:00,22.2,72,46.0,2.14,0.0,3
2022-11-30 17:00:00,21.8,76,0.0,2.36,0.0,3
2022-11-30 18:00:00,21.4,78,0.0,2.14,0.0,29
2022-11-30 19:00:00,21.3,77,0.0,2.06,0.0,15
2022-11-30 20:00:00,20.3,83,0.0,2.21,0.0,2
2022-11-30 21:00:00,19.5,87,0.0,2.02,0.0,2
2022-11-30 22:00:00,19.1,89,0.0,1.91,0.0,9
2022-11-30 23:00:00,18.7,91,0.0,1.71,0.0,4
2022-12-01 00:00:00,18.4,92,0.0,1.71,0.0,11
2022-12-01 01:00:00,17.9,94,0.0,1.73,0.0,8
2022-12-01 02:00:00,17.2,95,0.0,2.01,0.0,13
2022-12-01 03:00:00,17.1,96,0.0,1.81,0.0,39
2022-12-01 04:00:00,17.6,98,0.0,1.41,0.0,0
2022-12-01 05:00:00,17.3,96,0.0,1.41,0.0,1
2022-12-01 06:00:00,17.3,97,13.0,1.1,0.0,0
2022-12-01 07:00:00,19.8,87,128.0,1.1,0.0,8
2022-12-01 08:00:00,22.3,75,296.0,1.32,0.0,0
2022-12-01 09:00:00,24.3,70,447.0,1.92,0.0,0
2022-12-01 10:00:00,25.7,64,552.0,2.44,0.0,0
2022-12-01 11:00:00,26.8,59,599.0,2.86,0.0,0
2022-12-01 12:00:00,27.5,53,581.0,3.12,0.0,1
2022-12-01 13:00:00,27.5,49,498.0,3.06,0.0,3
2022-12-01 14:00:00,27.0,49,363.0,2.83,0.0,0
2022-12-01 15:00:00,25.3,57,199.0,2.36,0.0,2
2022-12-01 16:00:00,22.5,67,47.0,1.94,0.0,2
2022-12-01 17:00:00,21.6,76,0.0,2.22,0.0,2
2022-12-01 18:00:00,22.9,67,0.0,0.76,0.0,12
2022-12-01 19:00:00,22.8,67,0.0,1.03,0.0,14
2022-12-01 20:00:00,22.6,67,0.0,1.0,0.0,4
2022-12-01 21:00:00,21.4,75,0.0,1.06,0.0,0
2022-12-01 22:00:00,20.2,83,0.0,1.22,0.0,0
2022-12-01 23:00:00,20.5,85,0.0,0.54,0.0,0
2022-12-02 00:00:00,20.2,89,0.0,0.36,0.0,0
2022-12-02 01:00:00,19.7,91,0.0,1.24,0.0,0
2022-12-02 02:00:00,19.5,90,0.0,0.5,0.0,0
2022-12-02 03:00:00,19.0,94,0.0,0.14,0.0,0
2022-12-02 04:00:00,18.4,100,0.0,0.61,0.0,0
2022-12-02 05:00:00,18.0,100,0.0,0.81,0.0,100
2022-12-02 06:00:00,17.6,100,11.0,0.1,0.0,100
2022-12-02 07:00:00,19.2,95,104.0,0.32,0.0,93
2022-12-02 08:00:00,20.9,87,248.0,0.81,0.0,31
2022-12-02 09:00:00,23.0,76,436.0,1.3,0.0,0
2022-12-02 10:00:00,24.7,69,549.0,1.94,0.0,0
2022-12-02 11:00:00,25.8,65,596.0,2.44,0.0,0
2022-12-02 12:00:00,26.6,63,579.0,2.55,0.0,0
2022-12-02 13:00:00,26.9,61,500.0,2.48,0.0,0
2022-12-02 14:00:00,26.7,59,364.0,2.5,0.0,0
2022-12-02 15:00:00,25.5,64,196.0,2.19,0.0,2
2022-12-02 16:00:00,22.7,72,46.0,1.75,0.0,0
2022-12-02 17:00:00,21.7,82,0.0,2.1,0.0,5
2022-12-02 18:00:00,22.4,76,0.0,1.2,0.0,15
2022-12-02 19:00:00,22.9,74,0.0,0.5,0.0,6
2022-12-02 20:00:00,22.3,77,0.0,0.22,0.0,3
2022-12-02 21:00:00,21.4,83,0.0,1.0,0.0,2
2022-12-02 22:00:00,19.9,89,0.0,0.92,0.0,2
2022-12-02 23:00:00,19.8,91,0.0,0.63,0.0,1
2022-12-03 00:00:00,20.0,95,0.0,0.58,0.0,1
2022-12-03 01:00:00,19.3,100,0.0,1.08,0.0,0
2022-12-03 02:00:00,19.1,100,0.0,0.3,0.0,100
2022-12-03 03:00:00,19.0,100,0.0,0.1,0.0,100
2022-12-03 04:00:00,18.8,100,0.0,0.22,0.0,100
2022-12-03 05:00:00,17.8,100,0.0,0.81,0.0,100
2022-12-03 06:00:00,18.2,99,9.0,0.71,0.0,94
2022-12-03 07:00:00,19.5,92,100.0,0.32,0.0,17
2022-12-03 08:00:00,21.4,82,266.0,0.14,0.0,6
2022-12-03 09:00:00,23.1,75,434.0,0.67,0.0,2
2022-12-03 10:00:00,24.3,70,551.0,1.1,0.0,0
2022-12-03 11:00:00,25.5,66,602.0,1.39,0.0,0
2022-12-03 12:00:00,26.4,62,587.0,1.72,0.0,0
2022-12-03 13:00:00,26.9,59,505.0,1.8,0.0,0
2022-12-03 14:00:00,26.7,59,367.0,2.14,0.0,0
2022-12-03 15:00:00,25.5,66,198.0,1.84,0.0,0
2022-12-03 16:00:00,22.5,77,46.0,1.73,0.0,1
2022-12-03 17:00:00,22.2,78,0.0,1.8,0.0,0
2022-12-03 18:00:00,22.7,75,0.0,0.78,0.0,13
2022-12-03 19:00:00,22.2,79,0.0,0.45,0.0,23
2022-12-03 20:00:00,21.7,84,0.0,0.61,0.0,0
2022-12-03 21:00:00,21.3,87,0.0,0.0,0.0,0
2022-12-03 22:00:00,20.9,89,0.0,0.14,0.0,0
2022-12-03 23:00:00,18.6,96,0.0,0.82,0.0,0
2022-12-04 00:00:00,18.8,100,0.0,0.28,0.0,0
2022-12-04 01:00:00,18.0,100,0.0,0.63,0.0,100
2022-12-04 02:00:00,17.6,100,0.0,0.1,0.0,100
2022-12-04 03:00:00,17.7,100,0.0,0.5,0.0,100
2022-12-04 04:00:00,17.7,100,0.0,0.81,0.0,100
2022-12-04 05:00:00,17.9,91,0.0,1.49,0.0,100
2022-12-04 06:00:00,17.7,90,9.0,1.03,0.0,13
2022-12-04 07:00:00,19.1,81,115.0,0.73,0.0,6
2022-12-04 08:00:00,21.2,72,287.0,0.85,0.0,3
2022-12-04 09:00:00,23.0,68,438.0,1.17,0.0,2
2022-12-04 10:00:00,24.4,65,547.0,1.92,0.0,1
2022-12-04 11:00:00,25.8,60,598.0,2.72,0.0,0
2022-12-04 12:00:00,26.6,57,582.0,3.28,0.0,0
2022-12-04 13:00:00,26.8,54,501.0,3.52,0.0,0
2022-12-04 14:00:00,26.4,53,367.0,3.47,0.0,0
2022-12-04 15:00:00,25.1,61,199.0,2.48,0.0,0
2022-12-04 16:00:00,22.3,71,47.0,1.91,0.0,0
2022-12-04 17:00:00,21.0,81,0.0,2.77,0.0,0
2022-12-04 18:00:00,21.6,76,0.0,1.7,0.0,1
2022-12-04 19:00:00,21.2,79,0.0,1.73,0.0,1
2022-12-04 20:00:00,20.3,84,0.0,1.71,0.0,0
2022-12-04 21:00:00,18.7,91,0.0,1.66,0.0,0
2022-12-04 22:00:00,17.6,96,0.0,1.75,0.0,0
2022-12-04 23:00:00,17.0,98,0.0,1.75,0.0,0
2022-12-05 00:00:00,16.6,99,0.0,1.71,0.0,0
2022-12-05 01:00:00,16.7,99,0.0,1.43,0.0,0
2022-12-05 02:00:00,17.1,99,0.0,0.92,0.0,0
2022-12-05 03:00:00,17.1,97,0.0,1.04,0.0,0
2022-12-05 04:00:00,16.9,99,0.0,0.95,0.0,0
2022-12-05 05:00:00,16.9,96,0.0,1.71,0.0,81
2022-12-05 06:00:00,17.4,88,8.0,1.7,0.0,0
2022-12-05 07:00:00,18.6,81,102.0,1.1,0.0,0
2022-12-05 08:00:00,20.5,75,259.0,0.98,0.0,0
2022-12-05 09:00:00,22.5,70,429.0,1.49,0.0,0
2022-12-05 10:00:00,24.4,65,549.0,2.19,0.0,0
2022-12-05 11:00:00,25.9,60,597.0,2.77,0.0,0
2022-12-05 12:00:00,26.7,56,581.0,2.98,0.0,0
2022-12-05 13:00:00,26.8,54,500.0,3.12,0.0,0
2022-12-05 14:00:00,26.4,55,367.0,2.62,0.0,0
2022-12-05 15:00:00,25.1,66,198.0,1.33,0.0,0
2022-12-05 16:00:00,21.9,77,46.0,1.99,0.0,6
2022-12-05 17:00:00,22.2,76,0.0,1.71,0.0,10
2022-12-05 18:00:00,22.6,72,0.0,0.71,0.0,24
2022-12-05 19:00:00,22.2,75,0.0,0.22,0.0,28
2022-12-05 20:00:00,21.8,79,0.0,0.14,0.0,22
2022-12-05 21:00:00,20.3,86,0.0,0.36,0.0,1
2022-12-05 22:00:00,20.7,86,0.0,0.3,0.0,1
2022-12-05 23:00:00,20.0,91,0.0,1.06,0.0,0
2022-12-06 00:00:00,19.1,95,0.0,1.41,0.0,1
2022-12-06 01:00:00,17.9,98,0.0,1.55,0.0,1
2022-12-06 02:00:00,17.1,99,0.0,1.58,0.0,0
2022-12-06 03:00:00,17.5,99,0.0,1.61,0.0,0
2022-12-06 04:00:00,18.0,98,0.0,1.41,0.0,2
2022-12-06 05:00:00,16.9,100,0.0,1.58,0.0,100
2022-12-06 06:00:00,17.0,100,9.0,1.22,0.0,100
2022-12-06 07:00:00,18.4,96,103.0,0.82,0.0,46
2022-12-06 08:00:00,20.6,84,268.0,0.71,0.0,13
2022-12-06 09:00:00,22.6,75,434.0,1.08,0.0,0
2022-12-06 10:00:00,24.1,69,542.0,1.39,0.0,0
2022-12-06 11:00:00,25.3,65,591.0,1.75,0.0,0
2022-12-06 12:00:00,26.1,62,572.0,1.93,0.0,0
2022-12-06 13:00:00,26.4,60,490.0,1.97,0.0,0
2022-12-06 14:00:00,26.1,59,353.0,2.15,0.0,4
2022-12-06 15:00:00,25.1,68,192.0,1.2,0.0,8
2022-12-06 16:00:00,22.1,79,44.0,2.3,0.0,6
2022-12-06 17:00:00,23.4,71,0.0,0.85,0.0,23
2022-12-06 18:00:00,21.0,86,0.0,1.61,0.0,38
2022-12-06 19:00:00,20.9,86,0.0,1.5,0.0,15
2022-12-06 20:00:00,20.7,86,0.0,1.9,0.0,24
2022-12-06 21:00:00,21.6,82,0.0,1.49,0.0,23
2022-12-06 22:00:00,21.1,86,0.0,1.08,0.0,2
2022-12-06 23:00:00,20.6,90,0.0,0.51,0.0,0
2022-12-07 00:00:00,20.3,93,0.0,0.71,0.0,1
2022-12-07 01:00:00,19.9,95,0.0,1.03,0.0,7
2022-12-07 02:00:00,19.4,98,0.0,0.32,0.0,14
2022-12-07 03:00:00,17.3,100,0.0,0.82,0.0,100
2022-12-07 04:00:00,17.0,100,0.0,0.63,0.0,100
2022-12-07 05:00:00,17.2,100,0.0,0.67,0.0,100
2022-12-07 06:00:00,17.6,100,8.0,0.45,0.0,100
2022-12-07 07:00:00,19.3,91,90.0,0.42,0.0,49
2022-12-07 08:00:00,20.7,84,207.0,0.73,0.0,18
2022-12-07 09:00:00,22.5,76,403.0,1.43,0.0,0
2022-12-07 10:00:00,23.9,67,531.0,1.92,0.0,0
2022-12-07 11:00:00,25.0,60,588.0,2.16,0.0,8
2022-12-07 12:00:00,25.7,58,575.0,2.2,0.0,0
2022-12-07 13:00:00,26.0,57,497.0,2.33,0.0,0
2022-12-07 14:00:00,25.8,58,362.0,2.26,0.0,0
2022-12-07 15:00:00,24.8,65,195.0,1.89,0.0,1
2022-12-07 16:00:00,22.4,74,45.0,1.8,0.0,34
2022-12-07 17:00:00,21.5,81,0.0,2.16,0.0,17
2022-12-07 18:00:00,22.4,74,0.0,0.42,0.0,20
2022-12-07 19:00:00,21.1,84,0.0,0.92,0.0,26
2022-12-07 20:00:00,19.4,92,0.0,1.06,0.0,9
2022-12-07 21:00:00,19.3,93,0.0,1.08,0.0,3
2022-12-07 22:00:00,19.4,93,0.0,0.58,0.0,3
2022-12-07 23:00:00,17.8,97,0.0,1.02,0.0,4
2022-12-08 00:00:00,18.8,99,0.0,0.86,0.0,1
2022-12-08 01:00:00,16.9,100,0.0,1.34,0.0,100
2022-12-08 02:00:00,17.3,99,0.0,1.41,0.0,94
2022-12-08 03:00:00,17.0,99,0.0,1.84,0.0,52
2022-12-08 04:00:00,16.7,96,0.0,1.79,0.0,18
2022-12-08 05:00:00,16.6,98,0.0,2.52,0.0,40
2022-12-08 06:00:00,16.4,96,8.0,2.33,0.0,100
2022-12-08 07:00:00,17.7,84,99.0,1.92,0.0,100
2022-12-08 08:00:00,19.9,73,268.0,1.46,0.0,98
2022-12-08 09:00:00,21.9,67,421.0,1.39,0.0,100
2022-12-08 10:00:00,23.6,63,528.0,1.94,0.0,96
2022-12-08 11:00:00,25.1,59,585.0,2.42,0.0,0
2022-12-08 12:00:00,26.1,56,575.0,2.75,0.0,4
2022-12-08 13:00:00,26.3,54,497.0,2.83,0.0,20
2022-12-08 14:00:00,25.9,55,363.0,2.76,0.0,68
2022-12-08 15:00:00,24.7,62,196.0,1.94,0.0,63
2022-12-08 16:00:00,21.1,79,47.0,2.34,0.0,0
2022-12-08 17:00:00,20.9,82,0.0,1.94,0.0,0
2022-12-08 18:00:00,21.5,77,0.0,0.92,0.0,8
2022-12-08 19:00:00,21.1,82,0.0,1.22,0.0,47
2022-12-08 20:00:00,20.0,87,0.0,1.51,0.0,97
2022-12-08 21:00:00,18.8,91,0.0,1.66,0.0,7
2022-12-08 22:00:00,18.1,93,0.0,1.53,0.0,0
2022-12-08 23:00:00,19.6,88,0.0,0.64,0.0,0
2022-12-09 00:00:00,18.6,95,0.0,1.24,0.0,0
2022-12-09 01:00:00,15.7,100,0.0,2.21,0.0,0
2022-12-09 02:00:00,16.4,97,0.0,1.5,0.0,0
2022-12-09 03:00:00,16.4,97,0.0,1.87,0.0,0
2022-12-09 04:00:00,15.9,94,0.0,1.8,0.0,0
2022-12-09 05:00:00,15.4,89,0.0,1.7,0.0,0
2022-12-09 06:00:00,15.6,84,7.0,1.7,0.0,0
2022-12-09 07:00:00,17.0,79,98.0,1.24,0.0,2
2022-12-09 08:00:00,19.1,72,273.0,1.03,0.0,0
2022-12-09 09:00:00,21.1,68,431.0,1.25,0.0,5
2022-12-09 10:00:00,22.8,64,540.0,1.58,0.0,36
2022-12-09 11:00:00,24.3,61,589.0,1.94,0.0,10
2022-12-09 12:00:00,25.3,59,574.0,2.11,0.0,0
2022-12-09 13:00:00,25.6,58,496.0,2.14,0.0,0
2022-12-09 14:00:00,25.5,58,363.0,1.91,0.0,4
2022-12-09 15:00:00,24.4,65,198.0,1.46,0.0,20
2022-12-09 16:00:00,21.1,77,47.0,1.92,0.0,9
2022-12-09 17:00:00,21.9,73,0.0,1.63,0.0,3
2022-12-09 18:00:00,21.0,79,0.0,1.36,0.0,8
2022-12-09 19:00:00,21.4,79,0.0,0.61,0.0,3
2022-12-09 20:00:00,19.1,90,0.0,1.9,0.0,9
2022-12-09 21:00:00,18.4,91,0.0,2.1,0.0,0
2022-12-09 22:00:00,18.0,92,0.0,1.97,0.0,1
2022-12-09 23:00:00,17.1,95,0.0,1.98,0.0,3
2022-12-10 00:00:00,18.2,95,0.0,0.95,0.0,1
2022-12-10 01:00:00,17.0,100,0.0,1.72,0.0,100
2022-12-10 02:00:00,15.8,100,0.0,2.01,0.0,43
2022-12-10 03:00:00,15.8,99,0.0,1.5,0.0,12
2022-12-10 04:00:00,15.4,99,0.0,1.6,0.0,1
2022-12-10 05:00:00,15.6,99,0.0,1.2,0.0,0
2022-12-10 06:00:00,15.6,99,7.0,0.7,0.0,30
2022-12-10 07:00:00,17.8,90,99.0,0.81,0.0,20
2022-12-10 08:00:00,19.7,82,258.0,0.45,0.0,6
2022-12-10 09:00:00,21.5,75,421.0,0.28,0.0,1
2022-12-10 10:00:00,23.0,70,531.0,0.71,0.0,0
2022-12-10 11:00:00,24.3,64,583.0,1.17,0.0,7
2022-12-10 12:00:00,25.3,57,570.0,1.66,0.0,1
2022-12-10 13:00:00,25.7,53,493.0,2.19,0.0,0
2022-12-10 14:00:00,25.3,53,364.0,2.55,0.0,27
2022-12-10 15:00:00,23.9,62,198.0,2.05,0.0,85
2022-12-10 16:00:00,21.1,74,46.0,1.7,0.0,2
2022-12-10 17:00:00,19.8,86,0.0,2.28,0.0,12
2022-12-10 18:00:00,21.2,77,0.0,0.81,0.0,42
2022-12-10 19:00:00,19.0,89,0.0,1.36,0.0,51
2022-12-10 20:00:00,20.0,86,0.0,0.94,0.0,16
2022-12-10 21:00:00,19.6,89,0.0,0.58,0.0,27
2022-12-10 22:00:00,18.1,93,0.0,0.95,0.0,7
2022-12-10 23:00:00,17.9,92,0.0,1.3,0.0,12
2022-12-11 00:00:00,18.9,88,0.0,1.57,0.0,0
2022-12-11 01:00:00,18.9,91,0.0,1.08,0.0,0
2022-12-11 02:00:00,18.3,95,0.0,1.08,0.0,0
2022-12-11 03:00:00,17.9,99,0.0,1.08,0.0,0
2022-12-11 04:00:00,17.5,100,0.0,0.54,0.0,100
2022-12-11 05:00:00,16.3,100,0.0,1.36,0.0,100
2022-12-11 06:00:00,16.6,100,6.0,0.4,0.0,100
2022-12-11 07:00:00,17.6,98,77.0,0.14,0.0,100
2022-12-11 08:00:00,19.2,89,204.0,0.36,0.0,34
2022-12-11 09:00:00,21.4,77,386.0,0.5,0.0,0
2022-12-11 10:00:00,23.3,64,516.0,0.98,0.0,0
2022-12-11 11:00:00,24.7,56,577.0,1.36,0.0,0
2022-12-11 12:00:00,25.5,52,565.0,1.68,0.0,0
2022-12-11 13:00:00,25.7,50,489.0,2.18,0.0,0
2022-12-11 14:00:00,25.2,52,360.0,2.45,0.0,0
2022-12-11 15:00:00,23.8,60,197.0,1.92,0.0,3
2022-12-11 16:00:00,20.4,77,47.0,2.38,0.0,9
2022-12-11 17:00:00,22.4,63,0.0,0.28,0.0,17
2022-12-11 18:00:00,21.9,66,0.0,0.5,0.0,2
2022-12-11 19:00:00,18.7,86,0.0,1.48,0.0,1
2022-12-11 20:00:00,17.8,92,0.0,1.26,0.0,1
2022-12-11 21:00:00,18.2,90,0.0,0.91,0.0,1
2022-12-11 22:00:00,18.6,86,0.0,1.43,0.0,0
2022-12-11 23:00:00,17.4,91,0.0,2.12,0.0,0
2022-12-12 00:00:00,18.7,88,0.0,1.84,0.0,0
2022-12-12 01:00:00,19.3,90,0.0,1.06,0.0,6
2022-12-12 02:00:00,18.7,95,0.0,0.82,0.0,5
2022-12-12 03:00:00,18.2,98,0.0,0.41,0.0,6
2022-12-12 04:00:00,17.2,100,0.0,0.5,0.0,100
2022-12-12 05:00:00,16.1,100,0.0,1.17,0.0,99
2022-12-12 06:00:00,16.0,100,6.0,0.85,0.0,100
2022-12-12 07:00:00,17.4,97,80.0,0.71,0.0,95
2022-12-12 08:00:00,19.6,86,213.0,0.41,0.0,0
2022-12-12 09:00:00,21.6,77,362.0,0.51,0.0,0
2022-12-12 10:00:00,23.3,69,519.0,0.76,0.0,0
2022-12-12 11:00:00,24.6,61,574.0,1.04,0.0,0
2022-12-12 12:00:00,25.3,56,556.0,1.32,0.0,0
2022-12-12 13:00:00,25.6,54,486.0,1.6,0.0,0
2022-12-12 14:00:00,25.3,54,356.0,2.04,0.0,1
2022-12-12 15:00:00,24.1,62,194.0,2.12,0.0,1
2022-12-12 16:00:00,21.5,70,47.0,1.84,0.0,0
2022-12-12 17:00:00,20.2,82,0.0,2.19,0.0,10
2022-12-12 18:00:00,20.7,77,0.0,1.6,0.0,19
2022-12-12 19:00:00,20.8,77,0.0,1.17,0.0,36
2022-12-12 20:00:00,20.3,82,0.0,1.13,0.0,7
2022-12-12 21:00:00,20.9,81,0.0,0.78,0.0,8
2022-12-12 22:00:00,20.7,84,0.0,0.94,0.0,3
2022-12-12 23:00:00,20.4,85,0.0,0.42,0.0,3
2022-12-13 00:00:00,20.3,86,0.0,0.71,0.0,2
2022-12-13 01:00:00,19.8,89,0.0,0.28,0.0,11
2022-12-13 02:00:00,19.1,92,0.0,1.21,0.0,40
2022-12-13 03:00:00,18.2,95,0.0,1.26,0.0,4
2022-12-13 04:00:00,17.1,97,0.0,1.5,0.0,1
2022-12-13 05:00:00,16.6,100,0.0,0.8,0.0,1
2022-12-13 06:00:00,16.5,99,5.0,0.2,0.0,100
2022-12-13 07:00:00,17.7,96,76.0,0.71,0.0,99
2022-12-13 08:00:00,19.4,91,191.0,0.41,0.0,91
2022-12-13 09:00:00,21.4,79,348.0,0.54,0.0,1
2022-12-13 10:00:00,23.2,69,513.0,0.89,0.0,1
2022-12-13 11:00:00,24.5,61,566.0,1.5,0.0,0
2022-12-13 12:00:00,25.2,57,555.0,1.84,0.0,0
2022-12-13 13:00:00,25.4,55,482.0,1.93,0.0,0
2022-12-13 14:00:00,25.1,56,355.0,2.37,0.0,0
2022-12-13 15:00:00,24.1,63,193.0,1.72,0.0,0
2022-12-13 16:00:00,21.1,76,47.0,1.94,0.0,6
2022-12-13 17:00:00,20.4,81,0.0,2.16,0.0,12
2022-12-13 18:00:00,20.1,84,0.0,1.75,0.0,68
2022-12-13 19:00:00,21.1,79,0.0,1.03,0.0,46
2022-12-13 20:00:00,21.3,79,0.0,1.13,0.0,9
2022-12-13 21:00:00,20.6,84,0.0,1.63,0.0,33
2022-12-13 22:00:00,20.7,85,0.0,1.51,0.0,47
2022-12-13 23:00:00,20.6,86,0.0,1.24,0.0,68
2022-12-14 00:00:00,20.5,87,0.0,1.4,0.0,58
2022-12-14 01:00:00,18.4,95,0.0,1.88,0.0,70
2022-12-14 02:00:00,18.9,94,0.0,1.36,0.0,37
2022-12-14 03:00:00,19.0,94,0.0,1.14,0.0,47
2022-12-14 04:00:00,19.5,90,0.0,0.5,0.0,31
2022-12-14 05:00:00,18.2,99,0.0,1.14,0.0,51
2022-12-14 06:00:00,17.5,100,5.0,1.04,0.0,100
2022-12-14 07:00:00,18.8,97,64.0,0.81,0.0,92
2022-12-14 08:00:00,20.5,87,159.0,1.13,0.0,12
2022-12-14 09:00:00,22.1,77,308.0,1.28,0.0,1
2022-12-14 10:00:00,23.6,67,477.0,1.77,0.0,0
2022-12-14 11:00:00,24.7,58,551.0,2.05,0.0,1
2022-12-14 12:00:00,25.2,54,548.0,2.2,0.0,2
2022-12-14 13:00:00,25.3,53,469.0,2.27,0.0,7
2022-12-14 14:00:00,25.0,54,337.0,2.83,0.0,7
2022-12-14 15:00:00,24.0,60,187.0,2.48,0.0,6
2022-12-14 16:00:00,21.5,72,46.0,1.63,0.0,6
2022-12-14 17:00:00,20.5,80,0.0,2.34,0.0,4
2022-12-14 18:00:00,21.8,71,0.0,1.22,0.0,22
2022-12-14 19:00:00,20.2,83,0.0,1.2,0.0,21
2022-12-14 20:00:00,20.1,85,0.0,1.39,0.0,20
2022-12-14 21:00:00,20.6,84,0.0,1.2,0.0,10
2022-12-14 22:00:00,20.2,87,0.0,1.14,0.0,9
2022-12-14 23:00:00,18.8,92,0.0,1.77,0.0,40
2022-12-15 00:00:00,18.8,94,0.0,1.65,0.0,63
2022-12-15 01:00:00,19.1,94,0.0,1.4,0.0,69
2022-12-15 02:00:00,18.6,95,0.0,1.4,0.0,44
2022-12-15 03:00:00,18.1,94,0.0,1.84,0.0,25
2022-12-15 04:00:00,17.5,92,0.0,2.13,0.0,40
2022-12-15 05:00:00,18.8,89,0.0,1.0,0.0,43
2022-12-15 06:00:00,18.1,93,6.0,1.1,0.0,23
2022-12-15 07:00:00,19.4,89,92.0,0.5,0.0,5
2022-12-15 08:00:00,20.8,81,246.0,0.89,0.0,7
2022-12-15 09:00:00,22.2,75,391.0,1.46,0.0,3
2022-12-15 10:00:00,23.2,69,499.0,0.73,0.0,6
2022-12-15 11:00:00,23.9,64,553.0,0.1,0.1,17
2022-12-15 12:00:00,24.4,61,514.0,0.45,0.0,7
2022-12-15 13:00:00,25.0,58,463.0,0.92,0.0,6
2022-12-15 14:00:00,25.1,55,334.0,1.53,0.0,27
2022-12-15 15:00:00,24.1,60,181.0,1.71,0.0,15
2022-12-15 16:00:00,21.4,74,45.0,1.6,0.0,21
2022-12-15 17:00:00,20.8,79,0.0,2.04,0.0,39
2022-12-15 18:00:00,20.3,80,0.0,1.75,0.0,19
2022-12-15 19:00:00,19.8,83,0.0,2.43,0.0,51
2022-12-15 20:00:00,19.4,88,0.0,1.92,0.0,61
2022-12-15 21:00:00,19.5,86,0.0,1.71,0.0,45
2022-12-15 22:00:00,19.1,88,0.0,1.8,0.0,15
2022-12-15 23:00:00,18.8,88,0.0,1.72,0.0,21
2022-12-16 00:00:00,18.3,91,0.0,1.64,0.0,50
2022-12-16 01:00:00,18.3,91,0.0,1.48,0.0,48
2022-12-16 02:00:00,18.0,91,0.0,1.84,0.0,25
2022-12-16 03:00:00,19.4,87,0.0,1.22,0.0,32
2022-12-16 04:00:00,19.3,88,0.0,0.64,0.0,20
2022-12-16 05:00:00,18.7,94,0.0,0.86,0.0,5
2022-12-16 06:00:00,18.3,97,5.0,0.61,0.0,7
2022-12-16 07:00:00,19.4,93,94.0,0.63,0.0,2
2022-12-16 08:00:00,21.3,78,252.0,1.08,0.0,0
2022-12-16 09:00:00,22.5,72,402.0,1.49,0.0,0
2022-12-16 10:00:00,23.6,67,509.0,1.56,0.0,1
2022-12-16 11:00:00,24.5,62,557.0,1.8,0.0,4
2022-12-16 12:00:00,25.1,58,542.0,2.15,0.0,17
2022-12-16 13:00:00,25.1,58,444.0,2.4,0.0,11
2022-12-16 14:00:00,24.8,59,336.0,2.62,0.0,13
2022-12-16 15:00:00,24.0,64,188.0,1.56,0.0,11
2022-12-16 16:00:00,22.2,71,47.0,1.79,0.0,6
2022-12-16 17:00:00,20.6,85,0.0,2.36,0.0,15
2022-12-16 18:00:00,20.0,86,0.0,1.36,0.0,38
2022-12-16 19:00:00,19.6,89,0.0,1.5,0.0,45
2022-12-16 20:00:00,18.9,92,0.0,2.01,0.0,11
2022-12-16 21:00:00,19.1,91,0.0,2.02,0.0,29
2022-12-16 22:00:00,19.7,88,0.0,1.57,0.0,0
2022-12-16 23:00:00,20.2,87,0.0,1.2,0.0,2
2022-12-17 00:00:00,18.3,94,0.0,1.5,0.0,0
2022-12-17 01:00:00,17.1,98,0.0,1.56,0.0,1
2022-12-17 02:00:00,16.5,100,0.0,1.66,0.0,22
2022-12-17 03:00:00,16.6,100,0.0,1.32,0.0,100
2022-12-17 04:00:00,16.9,100,0.0,1.75,0.0,100
2022-12-17 05:00:00,16.6,97,0.0,2.51,0.0,0
2022-12-17 06:00:00,16.9,93,4.0,2.11,0.0,0
2022-12-17 07:00:00,18.4,86,85.0,1.51,0.0,0
2022-12-17 08:00:00,20.7,76,252.0,1.55,0.0,0
2022-12-17 09:00:00,22.4,72,402.0,2.1,0.0,0
2022-12-17 10:00:00,23.7,67,512.0,2.61,0.0,0
2022-12-17 11:00:00,24.9,62,566.0,2.97,0.0,0
2022-12-17 12:00:00,25.6,58,555.0,3.4,0.0,0
2022-12-17 13:00:00,25.9,57,481.0,3.35,0.0,2
2022-12-17 14:00:00,25.8,57,353.0,3.45,0.0,2
2022-12-17 15:00:00,24.8,62,194.0,3.2,0.0,2
2022-12-17 16:00:00,22.9,67,49.0,3.26,0.0,4
2022-12-17 17:00:00,21.5,75,0.0,2.24,0.0,6
2022-12-17 18:00:00,19.6,86,0.0,1.97,0.0,1
2022-12-17 19:00:00,18.8,90,0.0,2.14,0.0,1
2022-12-17 20:00:00,18.6,90,0.0,1.94,0.0,0
2022-12-17 21:00:00,18.6,90,0.0,1.73,0.0,0
2022-12-17 22:00:00,18.1,89,0.0,1.88,0.0,2
2022-12-17 23:00:00,17.6,87,0.0,1.84,0.0,2
2022-12-18 00:00:00,17.1,87,0.0,1.77,0.0,2
2022-12-18 01:00:00,16.6,90,0.0,1.7,0.0,1
2022-12-18 02:00:00,16.3,91,0.0,1.6,0.0,0
2022-12-18 03:00:00,16.0,90,0.0,1.7,0.0,0
2022-12-18 04:00:00,15.6,86,0.0,1.93,0.0,0
2022-12-18 05:00:00,15.8,88,0.0,1.41,0.0,0
2022-12-18 06:00:00,15.8,91,4.0,1.75,0.0,57
2022-12-18 07:00:00,16.7,88,77.0,1.46,0.0,69
2022-12-18 08:00:00,18.4,83,201.0,1.12,0.0,71
2022-12-18 09:00:00,20.4,79,371.0,1.78,0.0,7
2022-12-18 10:00:00,22.6,70,514.0,2.05,0.0,0
2022-12-18 11:00:00,24.5,64,572.0,2.42,0.0,0
2022-12-18 12:00:00,25.7,59,561.0,2.84,0.0,0
2022-12-18 13:00:00,26.0,56,487.0,2.91,0.0,2
2022-12-18 14:00:00,25.7,57,356.0,2.98,0.0,5
2022-12-18 15:00:00,24.5,63,195.0,2.28,0.0,1
2022-12-18 16:00:00,21.2,78,49.0,2.31,0.0,3
2022-12-18 17:00:00,22.4,69,0.0,1.17,0.0,6
2022-12-18 18:00:00,21.7,71,0.0,0.22,0.0,4
2022-12-18 19:00:00,21.3,74,0.0,0.41,0.0,3
2022-12-18 20:00:00,20.6,79,0.0,1.26,0.0,3
2022-12-18 21:00:00,18.8,88,0.0,1.66,0.0,3
2022-12-18 22:00:00,18.2,91,0.0,2.0,0.0,5
2022-12-18 23:00:00,17.2,95,0.0,2.01,0.0,1
2022-12-19 00:00:00,16.3,98,0.0,1.9,0.0,0
2022-12-19 01:00:00,15.6,99,0.0,2.09,0.0,0
2022-12-19 02:00:00,15.5,98,0.0,1.73,0.0,0
2022-12-19 03:00:00,15.2,99,0.0,1.61,0.0,0
2022-12-19 04:00:00,14.4,100,0.0,1.91,0.0,46
2022-12-19 05:00:00,15.4,99,0.0,2.52,0.0,100
2022-12-19 06:00:00,15.5,97,3.0,2.33,0.0,61
2022-12-19 07:00:00,16.4,89,59.0,1.91,0.0,65
2022-12-19 08:00:00,18.0,84,208.0,1.5,0.0,17
2022-12-19 09:00:00,20.1,76,389.0,2.06,0.0,5
2022-12-19 10:00:00,22.4,68,504.0,2.19,0.0,29
2022-12-19 11:00:00,24.2,62,564.0,2.36,0.0,17
2022-12-19 12:00:00,25.1,59,557.0,2.34,0.0,0
2022-12-19 13:00:00,25.5,57,483.0,2.33,0.0,2
2022-12-19 14:00:00,25.4,55,353.0,2.28,0.0,84
2022-12-19 15:00:00,24.3,63,192.0,1.42,0.0,97
2022-12-19 16:00:00,21.5,73,50.0,2.01,0.0,98
2022-12-19 17:00:00,20.4,80,0.0,2.19,0.0,92
2022-12-19 18:00:00,19.6,83,0.0,2.12,0.0,72
2022-12-19 19:00:00,18.8,88,0.0,1.77,0.0,70
2022-12-19 20:00:00,18.5,90,0.0,1.36,0.0,4
2022-12-19 21:00:00,19.1,90,0.0,0.91,0.0,3
2022-12-19 22:00:00,18.4,93,0.0,1.61,0.0,5
2022-12-19 23:00:00,18.5,91,0.0,1.41,0.0,25
2022-12-20 00:00:00,17.6,95,0.0,1.14,0.0,32
2022-12-20 01:00:00,16.5,98,0.0,1.41,0.0,10
2022-12-20 02:00:00,15.8,99,0.0,2.11,0.0,29
2022-12-20 03:00:00,17.2,100,0.0,0.85,0.0,100
2022-12-20 04:00:00,17.1,100,0.0,0.78,0.0,100
2022-12-20 05:00:00,16.1,100,0.0,1.21,0.0,100
2022-12-20 06:00:00,16.7,100,3.0,0.41,0.0,100
2022-12-20 07:00:00,17.8,96,54.0,1.02,0.0,95
2022-12-20 08:00:00,19.8,82,180.0,0.42,0.0,47
2022-12-20 09:00:00,21.5,73,331.0,0.72,0.0,38
2022-12-20 10:00:00,22.7,69,420.0,1.17,0.0,74
2022-12-20 11:00:00,23.7,65,524.0,1.43,0.0,57
2022-12-20 12:00:00,24.4,60,527.0,1.92,0.0,29
2022-12-20 13:00:00,24.7,57,463.0,2.3,0.0,31
2022-12-20 14:00:00,24.5,57,348.0,2.3,0.0,47
2022-12-20 15:00:00,23.6,62,193.0,1.97,0.0,3
2022-12-20 16:00:00,21.0,75,50.0,1.64,0.0,28
2022-12-20 17:00:00,20.3,81,0.0,2.36,0.0,2
2022-12-20 18:00:00,19.6,83,0.0,1.9,0.0,81
2022-12-20 19:00:00,18.7,89,0.0,1.78,0.0,33
2022-12-20 20:00:00,18.2,90,0.0,2.4,0.0,13
2022-12-20 21:00:00,17.8,91,0.0,2.02,0.0,22
2022-12-20 22:00:00,17.0,94,0.0,1.8,0.0,4
2022-12-20 23:00:00,18.6,91,0.0,0.81,0.0,17
2022-12-21 00:00:00,18.4,93,0.0,0.73,0.0,57
2022-12-21 01:00:00,18.4,94,0.0,1.08,0.0,58
2022-12-21 02:00:00,18.2,95,0.0,1.03,0.0,0
2022-12-21 03:00:00,18.0,98,0.0,1.2,0.0,3
2022-12-21 04:00:00,17.8,99,0.0,1.24,0.0,17
2022-12-21 05:00:00,16.6,100,0.0,1.87,0.0,100
2022-12-21 06:00:00,16.5,99,4.0,1.04,0.0,77
2022-12-21 07:00:00,18.0,95,83.0,0.5,0.0,35
2022-12-21 08:00:00,20.0,84,231.0,0.63,0.0,39
2022-12-21 09:00:00,21.8,74,384.0,0.28,0.0,0
2022-12-21 10:00:00,23.2,69,497.0,1.17,0.0,0
2022-12-21 11:00:00,24.3,64,551.0,1.66,0.0,0
2022-12-21 12:00:00,25.0,60,539.0,1.94,0.0,2
2022-12-21 13:00:00,25.1,57,464.0,2.39,0.1,16
2022-12-21 14:00:00,24.8,57,333.0,2.33,0.0,5
2022-12-21 15:00:00,23.8,62,183.0,1.84,0.0,34
2022-12-21 16:00:00,21.1,73,45.0,1.61,0.0,27
2022-12-21 17:00:00,20.5,79,0.0,1.75,0.0,36
2022-12-21 18:00:00,20.6,80,0.0,0.86,0.0,100
2022-12-21 19:00:00,20.0,87,0.0,1.43,0.0,54
2022-12-21 20:00:00,19.5,89,0.0,1.6,0.0,13
2022-12-21 21:00:00,19.4,88,0.0,1.77,0.0,21
2022-12-21 22:00:00,18.8,90,0.0,1.8,0.0,17
2022-12-21 23:00:00,19.7,88,0.0,1.53,0.0,8
2022-12-22 00:00:00,19.1,93,0.0,0.92,0.0,6
2022-12-22 01:00:00,18.8,96,0.0,1.03,0.0,2
2022-12-22 02:00:00,18.6,96,0.0,1.06,0.0,0
2022-12-22 03:00:00,17.9,99,0.0,1.02,0.0,0
2022-12-22 04:00:00,16.0,100,0.0,1.33,0.0,100
2022-12-22 05:00:00,16.9,99,0.0,0.81,0.0,100
2022-12-22 06:00:00,15.6,100,4.0,1.34,0.0,100
2022-12-22 07:00:00,17.7,97,83.0,1.17,0.0,59
2022-12-22 08:00:00,19.5,86,215.0,1.06,0.0,78
2022-12-22 09:00:00,21.2,78,368.0,0.82,0.0,99
2022-12-22 10:00:00,22.8,72,487.0,0.94,0.0,99
2022-12-22 11:00:00,23.9,68,542.0,1.28,0.0,53
2022-12-22 12:00:00,24.5,65,538.0,1.42,0.0,12
2022-12-22 13:00:00,24.7,61,445.0,1.58,0.1,23
2022-12-22 14:00:00,24.3,59,338.0,1.71,0.1,27
2022-12-22 15:00:00,23.7,66,190.0,0.45,0.0,84
2022-12-22 16:00:00,23.1,62,47.0,0.99,0.0,81
2022-12-22 17:00:00,20.4,80,0.0,2.19,0.0,89
2022-12-22 18:00:00,19.6,85,0.0,1.87,0.0,98
2022-12-22 19:00:00,19.7,83,0.0,2.0,0.0,100
2022-12-22 20:00:00,19.6,84,0.0,2.44,0.0,100
2022-12-22 21:00:00,19.8,83,0.0,2.47,0.0,95
2022-12-22 22:00:00,19.0,86,0.0,2.06,0.0,25
2022-12-22 23:00:00,18.1,91,0.0,1.7,0.0,15
2022-12-23 00:00:00,18.2,91,0.0,1.77,0.0,6
2022-12-23 01:00:00,17.6,92,0.0,2.13,0.0,9
2022-12-23 02:00:00,17.4,91,0.0,2.39,0.0,11
2022-12-23 03:00:00,19.2,85,0.0,1.49,0.0,11
2022-12-23 04:00:00,18.4,92,0.0,0.89,0.0,20
2022-12-23 05:00:00,16.5,100,0.0,1.34,0.0,27
2022-12-23 06:00:00,16.2,100,3.0,1.46,0.0,99
2022-12-23 07:00:00,17.6,95,71.0,0.98,0.0,22
2022-12-23 08:00:00,19.4,85,198.0,0.71,0.0,26
2022-12-23 09:00:00,20.8,77,329.0,1.68,0.0,66
2022-12-23 10:00:00,20.8,75,283.0,2.09,0.0,5
2022-12-23 11:00:00,22.4,66,529.0,1.36,0.0,3
2022-12-23 12:00:00,23.3,62,531.0,1.27,0.0,1
2022-12-23 13:00:00,23.7,59,475.0,1.17,0.0,4
2022-12-23 14:00:00,23.8,57,344.0,1.2,0.0,8
2022-12-23 15:00:00,23.1,62,189.0,1.14,0.0,6
2022-12-23 16:00:00,20.5,75,51.0,1.73,0.0,3
2022-12-23 17:00:00,20.4,78,0.0,1.71,0.0,3
2022-12-23 18:00:00,20.7,76,0.0,0.72,0.0,5
2022-12-23 19:00:00,18.1,92,0.0,1.34,0.0,8
2022-12-23 20:00:00,17.7,94,0.0,1.12,0.0,8
2022-12-23 21:00:00,18.4,92,0.0,0.9,0.0,7
2022-12-23 22:00:00,19.1,91,0.0,1.49,0.0,0
2022-12-23 23:00:00,18.6,92,0.0,0.73,0.0,0
2022-12-24 00:00:00,17.0,94,0.0,1.08,0.0,0
2022-12-24 01:00:00,17.2,92,0.0,0.89,0.0,0
2022-12-24 02:00:00,17.7,94,0.0,0.54,0.0,1
2022-12-24 03:00:00,17.1,99,0.0,0.5,0.0,0
2022-12-24 04:00:00,17.0,100,0.0,1.28,0.0,100
2022-12-24 05:00:00,15.7,100,0.0,1.08,0.0,100
2022-12-24 06:00:00,16.0,100,3.0,0.63,0.0,100
2022-12-24 07:00:00,16.8,97,58.0,0.54,0.0,64
2022-12-24 08:00:00,18.5,84,171.0,0.64,0.0,7
2022-12-24 09:00:00,20.6,75,368.0,0.92,0.0,4
2022-12-24 10:00:00,22.3,69,488.0,1.3,0.0,0
2022-12-24 11:00:00,23.5,63,551.0,1.46,0.0,0
2022-12-24 12:00:00,24.3,58,543.0,1.3,0.0,1
2022-12-24 13:00:00,24.8,55,469.0,1.25,0.0,5
2022-12-24 14:00:00,24.5,55,345.0,2.43,0.0,10
2022-12-24 15:00:00,23.4,61,191.0,1.41,0.0,7
2022-12-24 16:00:00,20.9,70,52.0,1.46,0.0,24
2022-12-24 17:00:00,19.8,79,0.0,1.86,0.0,26
2022-12-24 18:00:00,21.0,72,0.0,1.2,0.0,21
2022-12-24 19:00:00,20.4,77,0.0,1.56,0.0,11
2022-12-24 20:00:00,18.3,90,0.0,1.58,0.0,37
2022-12-24 21:00:00,18.9,83,0.0,2.02,0.1,32
2022-12-24 22:00:00,18.3,87,0.0,1.8,0.0,35
2022-12-24 23:00:00,17.7,91,0.0,1.7,0.0,9
2022-12-25 00:00:00,17.3,91,0.0,1.66,0.0,0
2022-12-25 01:00:00,16.5,92,0.0,2.55,0.0,0
2022-12-25 02:00:00,16.2,93,0.0,2.48,0.0,0
2022-12-25 03:00:00,16.6,92,0.0,2.19,0.0,4
2022-12-25 04:00:00,17.3,94,0.0,1.65,0.0,3
2022-12-25 05:00:00,17.0,97,0.0,1.3,0.0,13
2022-12-25 06:00:00,16.1,97,3.0,1.36,0.0,12
2022-12-25 07:00:00,17.9,91,78.0,1.5,0.0,6
2022-12-25 08:00:00,19.3,82,229.0,1.43,0.0,7
2022-12-25 09:00:00,20.9,74,376.0,1.9,0.0,6
2022-12-25 10:00:00,22.3,66,492.0,2.31,0.0,7
2022-12-25 11:00:00,23.5,60,550.0,2.26,0.0,8
2022-12-25 12:00:00,24.2,56,533.0,2.4,0.0,15
2022-12-25 13:00:00,24.4,55,435.0,2.5,0.0,11
2022-12-25 14:00:00,24.4,55,346.0,1.7,0.0,6
2022-12-25 15:00:00,24.0,66,192.0,0.42,0.0,19
2022-12-25 16:00:00,21.1,73,52.0,1.58,0.0,20
2022-12-25 17:00:00,21.9,68,0.0,0.45,0.0,43
2022-12-25 18:00:00,21.1,71,0.0,0.92,0.0,35
2022-12-25 19:00:00,19.0,81,0.0,1.65,0.0,64
2022-12-25 20:00:00,17.9,88,0.0,1.43,0.0,42
2022-12-25 21:00:00,17.4,95,0.0,1.5,0.0,24
2022-12-25 22:00:00,16.7,96,0.0,1.49,0.0,27
2022-12-25 23:00:00,16.8,97,0.0,1.08,0.0,45
2022-12-26 00:00:00,16.9,100,0.0,1.25,0.0,83
2022-12-26 01:00:00,17.7,94,0.0,0.85,0.0,100
2022-12-26 02:00:00,16.7,98,0.0,0.89,0.0,5
2022-12-26 03:00:00,15.5,99,0.0,1.35,0.0,69
2022-12-26 04:00:00,16.4,99,0.0,1.66,0.0,78
2022-12-26 05:00:00,15.9,99,0.0,1.75,0.0,100
2022-12-26 06:00:00,15.8,99,2.0,2.28,0.1,100
2022-12-26 07:00:00,16.2,97,34.0,1.53,3.5,100
2022-12-26 08:00:00,16.9,92,98.0,2.68,0.0,100
2022-12-26 09:00:00,18.9,84,331.0,1.9,0.0,47
2022-12-26 10:00:00,20.4,77,463.0,1.77,0.0,23
2022-12-26 11:00:00,21.4,72,519.0,1.42,0.0,14
2022-12-26 12:00:00,22.5,66,528.0,1.32,0.0,20
2022-12-26 13:00:00,22.7,64,464.0,1.12,0.0,25
2022-12-26 14:00:00,22.5,65,295.0,1.41,0.0,29
2022-12-26 15:00:00,21.7,68,176.0,2.15,0.0,4
2022-12-26 16:00:00,19.7,79,53.0,1.58,0.0,34
2022-12-26 17:00:00,19.0,85,0.0,0.57,0.0,53
2022-12-26 18:00:00,18.5,90,0.0,1.22,0.1,46
2022-12-26 19:00:00,18.0,91,0.0,1.93,0.0,71
2022-12-26 20:00:00,17.2,94,0.0,1.32,0.0,81
2022-12-26 21:00:00,17.5,92,0.0,0.81,0.1,28
2022-12-26 22:00:00,16.5,94,0.0,1.0,0.0,11
2022-12-26 23:00:00,17.3,93,0.0,0.3,0.0,36
2022-12-27 00:00:00,16.7,97,0.0,0.7,0.0,14
2022-12-27 01:00:00,16.0,99,0.0,1.02,0.0,41
2022-12-27 02:00:00,15.8,99,0.0,1.14,0.0,65
2022-12-27 03:00:00,15.9,97,0.0,1.35,0.0,40
2022-12-27 04:00:00,15.7,96,0.0,0.92,0.0,38
2022-12-27 05:00:00,15.4,97,0.0,1.6,0.0,62
2022-12-27 06:00:00,15.2,96,2.0,0.76,0.0,46
2022-12-27 07:00:00,16.0,92,68.0,1.14,0.0,46
2022-12-27 08:00:00,17.2,86,196.0,1.49,0.0,72
2022-12-27 09:00:00,19.0,80,347.0,1.39,0.0,17
2022-12-27 10:00:00,20.2,77,432.0,1.4,0.0,25
2022-12-27 11:00:00,21.2,73,490.0,2.04,0.0,5
2022-12-27 12:00:00,22.1,68,529.0,3.01,0.0,22
2022-12-27 13:00:00,21.9,69,449.0,4.1,0.5,41
2022-12-27 14:00:00,21.8,67,278.0,2.98,0.0,11
2022-12-27 15:00:00,21.8,67,187.0,1.87,0.0,16
2022-12-27 16:00:00,18.9,82,52.0,1.77,0.0,14
2022-12-27 17:00:00,17.9,88,0.0,1.7,0.0,24
2022-12-27 18:00:00,17.5,91,0.0,1.93,0.0,13
2022-12-27 19:00:00,17.0,91,0.0,1.66,0.0,25
2022-12-27 20:00:00,16.2,93,0.0,1.52,0.0,27
2022-12-27 21:00:00,15.8,97,0.0,1.2,0.0,39
2022-12-27 22:00:00,15.8,98,0.0,2.16,0.0,28
2022-12-27 23:00:00,15.4,100,0.0,1.87,0.0,32
2022-12-28 00:00:00,15.2,98,0.0,2.28,0.0,45
2022-12-28 01:00:00,15.0,99,0.0,2.69,0.0,61
2022-12-28 02:00:00,14.7,99,0.0,2.75,0.0,100
2022-12-28 03:00:00,14.5,99,0.0,2.51,0.0,61
2022-12-28 04:00:00,14.4,99,0.0,2.5,0.0,100
2022-12-28 05:00:00,14.6,96,0.0,2.7,0.0,100
2022-12-28 06:00:00,14.4,97,2.0,2.82,0.0,100
2022-12-28 07:00:00,14.8,95,45.0,2.8,0.0,100
2022-12-28 08:00:00,15.8,90,151.0,3.54,0.0,100
2022-12-28 09:00:00,17.0,84,251.0,3.31,0.0,100
2022-12-28 10:00:00,18.3,79,352.0,2.31,0.0,99
2022-12-28 11:00:00,19.0,76,336.0,2.1,0.0,100
2022-12-28 12:00:00,19.5,74,270.0,2.24,0.0,68
2022-12-28 13:00:00,20.1,70,332.0,2.56,0.0,19
2022-12-28 14:00:00,20.3,66,311.0,2.28,0.0,13
2022-12-28 15:00:00,19.9,67,184.0,2.11,0.0,14
2022-12-28 16:00:00,18.1,75,51.0,1.77,0.0,19
2022-12-28 17:00:00,17.5,80,0.0,2.15,0.0,23
2022-12-28 18:00:00,16.8,83,0.0,1.8,0.0,30
2022-12-28 19:00:00,16.3,88,0.0,1.65,0.0,29
2022-12-28 20:00:00,15.9,90,0.0,1.61,0.0,32
2022-12-28 21:00:00,15.3,92,0.0,1.53,0.0,42
2022-12-28 22:00:00,15.2,93,0.0,1.84,0.0,41
2022-12-28 23:00:00,14.9,95,0.0,2.06,0.0,12
2022-12-29 00:00:00,14.4,97,0.0,1.77,0.0,14
2022-12-29 01:00:00,14.0,99,0.0,1.63,0.0,12
2022-12-29 02:00:00,13.5,100,0.0,1.36,0.0,34
2022-12-29 03:00:00,13.5,100,0.0,1.53,0.0,100
2022-12-29 04:00:00,13.7,100,0.0,2.12,0.0,100
2022-12-29 05:00:00,14.1,96,0.0,2.77,0.0,100
2022-12-29 06:00:00,14.0,96,2.0,2.73,0.0,100
2022-12-29 07:00:00,14.4,93,39.0,2.6,0.0,100
2022-12-29 08:00:00,15.8,85,187.0,2.5,0.0,42
2022-12-29 09:00:00,17.8,78,362.0,2.31,0.0,14
2022-12-29 10:00:00,19.5,71,472.0,2.73,0.0,2
2022-12-29 11:00:00,20.6,67,538.0,3.35,0.0,4
2022-12-29 12:00:00,21.2,65,531.0,3.13,0.0,2
2022-12-29 13:00:00,21.4,63,462.0,3.02,0.0,7
2022-12-29 14:00:00,21.0,65,340.0,3.33,0.0,10
2022-12-29 15:00:00,20.3,67,196.0,3.04,0.0,3
2022-12-29 16:00:00,18.3,77,58.0,1.64,0.0,6
2022-12-29 17:00:00,16.7,87,0.0,2.2,0.0,8
2022-12-29 18:00:00,17.7,83,0.0,1.4,0.0,18
2022-12-29 19:00:00,15.5,93,0.0,1.92,0.0,1
2022-12-29 20:00:00,16.3,90,0.0,1.63,0.0,0
2022-12-29 21:00:00,14.3,96,0.0,2.01,0.0,4
2022-12-29 22:00:00,14.3,96,0.0,1.77,0.0,7
2022-12-29 23:00:00,13.0,100,0.0,2.1,0.0,3
2022-12-30 00:00:00,13.1,100,0.0,1.6,0.0,0
2022-12-30 01:00:00,13.2,100,0.0,1.7,0.0,0
2022-12-30 02:00:00,13.3,99,0.0,1.87,0.0,37
2022-12-30 03:00:00,13.0,99,0.0,1.75,0.0,58
2022-12-30 04:00:00,12.9,97,0.0,1.52,0.0,66
2022-12-30 05:00:00,13.5,98,0.0,2.16,0.0,73
2022-12-30 06:00:00,13.6,96,2.0,2.28,0.0,100
2022-12-30 07:00:00,14.3,88,36.0,2.33,0.0,100
2022-12-30 08:00:00,15.0,86,114.0,1.3,0.0,91
2022-12-30 09:00:00,16.2,85,284.0,1.17,0.0,34
2022-12-30 10:00:00,18.5,78,482.0,1.08,0.0,9
2022-12-30 11:00:00,20.4,72,551.0,1.35,0.0,4
2022-12-30 12:00:00,21.6,65,549.0,1.64,0.0,1
2022-12-30 13:00:00,22.1,62,483.0,1.89,0.0,1
2022-12-30 14:00:00,21.9,61,360.0,2.46,0.0,2
2022-12-30 15:00:00,20.9,65,206.0,2.15,0.0,4
2022-12-30 16:00:00,18.3,77,60.0,1.84,0.0,4
2022-12-30 17:00:00,18.6,73,0.0,0.92,0.0,3
2022-12-30 18:00:00,16.5,84,0.0,1.63,0.0,1
2022-12-30 19:00:00,15.3,91,0.0,1.92,0.0,1
2022-12-30 20:00:00,14.9,91,0.0,2.2,0.0,0
2022-12-30 21:00:00,14.6,93,0.0,2.21,0.0,1
2022-12-30 22:00:00,14.9,93,0.0,1.53,0.0,3
2022-12-30 23:00:00,14.1,96,0.0,1.92,0.0,5
2022-12-31 00:00:00,14.3,96,0.0,2.24,0.0,4
2022-12-31 01:00:00,14.4,99,0.0,2.18,0.0,1
2022-12-31 02:00:00,15.0,100,0.0,1.08,0.0,100
2022-12-31 03:00:00,14.7,100,0.0,0.45,0.0,100
2022-12-31 04:00:00,14.4,100,0.0,0.22,0.0,100
2022-12-31 05:00:00,13.7,100,0.0,0.81,0.0,100
2022-12-31 06:00:00,13.3,100,2.0,1.06,0.0,100
2022-12-31 07:00:00,14.2,100,75.0,1.24,0.0,100
2022-12-31 08:00:00,16.8,84,224.0,1.1,0.0,1
2022-12-31 09:00:00,18.7,74,374.0,1.32,0.0,0
2022-12-31 10:00:00,20.1,69,487.0,1.7,0.0,0
2022-12-31 11:00:00,20.9,66,548.0,1.77,0.0,1
2022-12-31 12:00:00,21.4,64,545.0,1.58,0.0,3
2022-12-31 13:00:00,21.6,62,478.0,1.58,0.0,6
2022-12-31 14:00:00,21.4,62,349.0,1.63,0.0,5
2022-12-31 15:00:00,20.9,67,194.0,0.72,0.0,29
2022-12-31 16:00:00,20.2,66,50.0,0.41,0.3,54
2022-12-31 17:00:00,18.3,76,0.0,1.58,0.0,26
2022-12-31 18:00:00,19.2,69,0.0,0.54,0.0,1
2022-12-31 19:00:00,16.1,85,0.0,1.32,0.0,12
2022-12-31 20:00:00,16.7,82,0.0,2.6,0.0,36
2022-12-31 21:00:00,17.4,79,0.0,0.54,0.0,34
2022-12-31 22:00:00,14.7,93,0.0,1.0,0.0,23
2022-12-31 23:00:00,14.2,96,0.0,0.89,0.0,27
