timestamp,T_in,RH_in,VPD,ET_hr,ETc_hr,soil_pct,depletion,irrigation,rain,vent,leaf_wet,condensed,dsv_cumulative,runoff
2025-06-01 00:00:00,24.154235849491062,99.90504738966648,0.0028596432214720506,0.0016392712512924216,0.0,100.0,0.0,0.0,0.0,0.0,True,0.0055210141206182145,0,0.0
2025-06-01 01:00:00,24.175636113968853,99.95191466813668,0.0014500223781099134,0.0003607289681104805,0.0,100.0,0.0,0.0,0.0,0.0,True,0.0,0,0.0
2025-06-01 02:00:00,24.182085358288965,99.95483995288404,0.0013623363908050767,0.00030258773646925504,0.0,100.0,0.0,0.0,0.0,0.0,True,0.0,0,0.0
2025-06-01 03:00:00,24.16263476697325,99.87174687439597,0.0038644845347242944,0.0007697462953064479,0.0008677580672912464,99.99872388519516,0.0008677580672912464,0.0,0.0,0.0,True,0.0,0,0.0
2025-06-01 04:00:00,24.073464529897763,99.8393742432609,0.004814115176572112,0.000929331763880273,0.0011840713200700372,99.99698260384211,0.0020518293873612835,0.0,0.0,0.0,True,0.0,0,0.0
2025-06-01 05:00:00,25.234644498371473,100.0,0.0,0.010783796930321209,0.009794776951703579,99.98257852008962,0.011846606339064862,0.0,0.0,0.0,True,0.4609139268318182,0,0.0
2025-06-01 06:00:00,25.6971868750822,97.73522937409558,0.07477674620394123,0.027634276169171062,0.014087799534051823,99.97928264774404,0.014087799534051823,4.0,1.3,0.5,True,0.0,0,5.288153393660935
2025-06-01 07:00:00,26.389180034257766,96.51107239269132,0.12000349140622646,0.05559608539238664,0.03636093774488036,99.94652803272812,0.03636093774488036,0.0,1.7,0.5,True,0.0,0,6.974065594126883
2025-06-01 08:00:00,26.97223422189072,95.00407062735553,0.1778319326422732,0.07594467245072141,0.04716775856142023,99.93063564917438,0.04716775856142023,0.0,0.2,0.5,True,0.0,0,7.137704656382003
2025-06-01 09:00:00,31.592208284260067,87.53461760696662,0.5791787259374934,0.27702781615782424,0.20816123238026082,99.62451618979165,0.25532899094168104,0.0,0.0,0.5,False,0.0,1,7.137704656382003
2025-06-01 10:00:00,33.72460656520054,83.34450533899907,0.8724543408845605,0.40386036385357743,0.28070320523292347,99.21171735856676,0.5360321961746045,0.0,0.0,0.5,False,0.0,1,7.137704656382003
2025-06-01 11:00:00,33.767950780389185,83.36283849608346,0.8736037219909981,0.3951858415117118,0.2591760327712028,98.83057613390322,0.7952082289458073,0.0,0.0,0.5,False,0.0,1,7.137704656382003
2025-06-01 12:00:00,32.747719385954944,83.71711930778284,0.8075336313256926,0.3523371781013191,0.21870742232830961,98.50894757165571,1.013915651274117,0.0,0.0,0.5,False,0.0,1,7.137704656382003
2025-06-01 13:00:00,33.921712174064176,84.46099329966468,0.8229640480698736,0.37887445348584764,0.2576420147562902,98.13006225583763,1.2715576660304073,0.0,0.0,0.5,False,0.0,1,7.137704656382003
2025-06-01 14:00:00,34.693525092041675,82.18102952383673,0.9850567130505062,0.4472493743513851,0.30016591002101795,97.68864179992437,1.5717235760514252,0.0,0.0,0.5,False,0.0,1,7.137704656382003
2025-06-01 15:00:00,32.116304681783475,85.6174087390825,0.6883672628976513,0.3039463165079985,0.18095901481509433,99.73388380174251,0.18095901481509433,4.0,0.0,0.5,False,0.0,1,9.565981080330578
2025-06-01 16:00:00,30.66113451942299,88.77770107815395,0.4945268254757516,0.1986920274441557,0.10793513687764932,99.72221448280479,0.18889415169274365,0.0,0.1,0.5,False,0.0,1,9.565981080330578
2025-06-01 17:00:00,29.362048350937034,91.38967903635002,0.3521839317543253,0.12317209986573377,0.05315263375873458,99.6440488449243,0.24204678545147823,0.0,0.0,0.5,True,0.0,1,9.565981080330578
2025-06-01 18:00:00,28.722396923453218,99.91263188743305,0.003443931512439858,0.012220516154232771,0.008944129831167226,99.63089571281964,0.25099091528264544,0.0,0.0,0.0,True,0.1390702845177016,1,9.565981080330578
2025-06-01 19:00:00,27.27576389042356,99.81138821928621,0.006834214660808776,0.00037834198939093927,0.010535830576697736,99.6154018443245,0.26152674585934316,0.0,0.0,0.0,True,0.1059312655633058,1,9.565981080330578
2025-06-01 20:00:00,26.236846417089197,99.74722777558274,0.008616476937141786,0.0007902684023192135,0.005078203261415535,99.60793389835183,0.2666049491207587,0.0,0.0,0.0,True,0.027060909570898392,1,9.565981080330578
2025-06-01 21:00:00,25.744483774533705,99.694215888843,0.0101245114633551,0.0015953526605774289,0.003161273117158217,99.75034379082659,0.16976622223791693,0.0,0.1,0.0,True,0.0,1,9.565981080330578
2025-06-01 22:00:00,25.57124270771133,99.50505348515586,0.016220277227898663,0.00320273260633425,0.005730245745709641,99.88897578237702,0.07549646798362657,0.0,0.1,0.0,True,0.0,1,9.565981080330578
2025-06-01 23:00:00,25.32883355555984,99.60296595501403,0.012825619643754105,0.0025600215028739794,0.0019112152538355931,99.88616517170962,0.07740768323746217,0.0,0.0,0.0,True,0.0,1,9.565981080330578
2025-06-02 00:00:00,24.99821784964307,99.70628773484101,0.009303164058733888,0.00170640418453768,0.0036403916176795384,99.8808116546248,0.0810480748551417,0.0,0.0,0.0,True,0.0,1,9.565981080330578
2025-06-02 01:00:00,24.641954220277473,99.79844823345222,0.006249804047780488,0.0010155067952373389,0.0012101082905812378,99.87903208360923,0.08225818314572295,0.0,0.0,0.0,True,0.0,1,9.565981080330578
2025-06-02 02:00:00,24.40017257270292,99.77850832089838,0.006769548119348277,0.0011935972938033508,0.0007091303818785594,99.99895716120312,0.0007091303818785594,0.0,0.1,0.0,True,0.0,1,9.583722897184856
2025-06-02 03:00:00,24.322259543691864,99.70515203982511,0.008969640049103767,0.0018157735158731603,0.0018012386829969738,99.99630828078695,0.002510369064875533,0.0,0.0,0.0,True,0.0,1,9.583722897184856
2025-06-02 04:00:00,24.177138615339757,99.80421618660527,0.005904430073233519,0.0011764751329111063,0.0005901420460986381,99.9954404248368,0.003100511110974171,0.0,0.0,0.0,True,0.0,1,9.583722897184856
2025-06-02 05:00:00,24.631725979782395,100.0,0.0,0.005836891986216219,0.00550882369728808,99.98733921351726,0.008609334808262252,0.0,0.0,0.0,True,0.1673101641361488,1,9.583722897184856
2025-06-02 06:00:00,24.992574631004167,95.20801007260117,0.1517324619683448,0.04503381997011829,0.022231401008520838,99.96730676322277,0.022231401008520838,4.0,0.2,0.5,True,0.0,1,13.775113562376594
2025-06-02 07:00:00,24.934380378621828,96.2739009175702,0.117573965787249,0.043874245460552505,0.0208830445417028,99.96928964037984,0.0208830445417028,0.0,0.1,0.5,True,0.0,1,13.852882161368074
2025-06-02 08:00:00,27.51578818896182,91.72496366445952,0.30407938845382565,0.13920522710998895,0.09829488091489413,99.82473834491678,0.11917792545659693,0.0,0.0,0.5,True,0.0,1,13.852882161368074
2025-06-02 09:00:00,27.971553143932127,89.92039945638317,0.3803712671191431,0.17302710776561792,0.11076099716549927,99.66185452555574,0.2299389226220962,0.0,0.0,0.5,False,0.0,2,13.852882161368074
2025-06-02 10:00:00,27.15427258540462,90.75984347516486,0.332436497725479,0.13703669791772322,0.07712150239608549,99.69549937497327,0.20706042501818167,0.0,0.1,0.5,True,0.0,2,13.852882161368074
2025-06-02 11:00:00,28.249592745258386,88.74524387769293,0.4316437380198953,0.17008523533735706,0.10175300461061128,99.69292142701647,0.20881342962879296,0.0,0.1,0.5,False,0.0,2,13.852882161368074
2025-06-02 12:00:00,29.07497693098856,87.71683224048898,0.494159997301642,0.20394363137323315,0.12215347682227833,99.51328396110137,0.3309669064510713,0.0,0.0,0.5,False,0.0,2,13.852882161368074
2025-06-02 13:00:00,32.909861596307834,81.281618810741,0.9368121258996822,0.42018361538038335,0.2816362199386128,99.09911304942693,0.6126031263896841,0.0,0.0,0.5,False,0.0,2,13.852882161368074
2025-06-02 14:00:00,32.69782157904247,80.21909205207716,0.9782673922479027,0.43074393075931916,0.27340086201084524,98.69705295823451,0.8860039884005293,0.0,0.0,0.5,False,0.0,2,13.852882161368074
2025-06-02 15:00:00,31.895287996068866,80.41194969723708,0.9258708792086833,0.36374231777108557,0.21656328041999406,99.68152458761766,0.21656328041999406,4.0,0.0,0.5,False,0.0,2,16.966878172967544
2025-06-02 16:00:00,29.732240485008365,87.52565172719665,0.5212198370399744,0.2003750778464984,0.10704586707296714,99.6711630183927,0.22360914749296118,0.0,0.1,0.5,False,0.0,2,16.966878172967544
2025-06-02 17:00:00,28.690796226846,90.40635643643454,0.3774768129509818,0.12834031887773611,0.05967266728851876,99.58340909590959,0.28328181478147996,0.0,0.0,0.5,True,0.0,2,16.966878172967544
2025-06-02 18:00:00,28.124363342212664,99.852586781045,0.005612592993670731,0.013939667743756766,0.00558856142582365,99.57519062322456,0.2888703762073036,0.0,0.0,0.0,True,0.1299655696775457,2,16.966878172967544
2025-06-02 19:00:00,27.121492264054762,99.74287333764407,0.009232985384903478,0.0008575024611591887,0.0,99.57519062322456,0.2888703762073036,0.0,0.0,0.0,True,0.022261647643703752,2,16.966878172967544
2025-06-02 20:00:00,26.874394657284416,99.73952466994928,0.009218616893031448,0.001699094775182097,0.0,99.57519062322456,0.2888703762073036,0.0,0.0,0.0,True,0.0,2,16.966878172967544
2025-06-02 21:00:00,26.755919733822143,99.5434241242212,0.016046831691387455,0.003209488543863441,0.0,99.57519062322456,0.2888703762073036,0.0,0.0,0.0,True,0.0,2,16.966878172967544
2025-06-02 22:00:00,26.12401454272883,99.8031199196616,0.006666677044665499,0.0009319446186876644,0.0,99.57519062322456,0.2888703762073036,0.0,0.0,0.0,True,0.00894299974514498,2,16.966878172967544
2025-06-02 23:00:00,25.91617638763028,99.60082091176264,0.013351819546547739,0.002530912336934191,0.004798925291050947,99.7151922036789,0.19366930149835454,0.0,0.1,0.0,True,0.0,2,16.966878172967544
2025-06-03 00:00:00,25.150286262302743,99.74038888485929,0.008297810164970778,0.0010657164139131936,0.010234243302192497,99.98494964220266,0.010234243302192497,0.0,0.6,0.0,True,0.007093441066202341,2,17.37320887146919
2025-06-03 01:00:00,24.091906595201085,100.0,0.0,0.00014936058296950486,0.0015940197946579923,99.99765585324315,0.0015940197946579923,0.0,0.7,0.0,True,0.1717366702662697,2,18.062974628166995
2025-06-03 02:00:00,23.471745373018287,99.96781053668364,0.0009304702519022498,1.5024389005478612e-05,0.0,100.0,0.0,0.0,0.1,0.0,True,0.061602408317137924,2,18.161380608372337
2025-06-03 03:00:00,23.233667590090995,99.865659840093,0.003827874728577567,0.0005312143327865422,2.786924987430522e-05,99.999959015809,2.786924987430522e-05,0.0,0.0,0.0,True,0.0,2,18.161380608372337
2025-06-03 04:00:00,23.084757171733205,99.80468342419574,0.005515490838769761,0.0010103362561257882,0.0,99.999959015809,2.786924987430522e-05,0.0,0.0,0.0,True,0.0,2,18.161380608372337
2025-06-03 05:00:00,23.677747885258256,100.0,0.0,0.008122135977955025,0.0050735788951741054,99.99249787037493,0.0051014481450484105,0.0,0.0,0.0,True,0.4703947895086335,2,18.161380608372337
2025-06-03 06:00:00,24.491030777262175,94.42517213498923,0.1713144887540353,0.057180558466392674,0.03193555829091169,99.95303594368984,0.03193555829091169,4.0,0.0,0.5,True,0.0,2,22.15627916022729
2025-06-03 07:00:00,26.448026992370515,92.17889856758559,0.26994532690296774,0.12173752530161455,0.08189789542265725,99.83259786218592,0.11383345371356896,0.0,0.0,0.5,True,0.0,2,22.15627916022729
2025-06-03 08:00:00,26.092376704586684,92.65451961307548,0.2482654465289783,0.10777410628859391,0.06127920556370526,99.74248138341576,0.1751126592772742,0.0,0.0,0.5,True,0.0,2,22.15627916022729
2025-06-03 09:00:00,26.97198249837076,91.55459500096819,0.30061283837013714,0.13164605000611287,0.08179735472084787,99.6221911558851,0.2569100139981221,0.0,0.0,0.5,True,0.0,2,22.15627916022729
2025-06-03 10:00:00,29.693803886242943,87.53108423947644,0.5198430487628828,0.24247260907652465,0.17000392590909083,99.37218538248939,0.42691393990721294,0.0,0.0,0.5,False,0.0,3,22.15627916022729
2025-06-03 11:00:00,30.73274184989352,86.24925745473925,0.6084272510392328,0.2934980765658197,0.1979993273588423,99.08100990107933,0.6249132672660552,0.0,0.0,0.5,False,0.0,3,22.15627916022729
2025-06-03 12:00:00,32.74721480897988,83.62880715079545,0.8118903649772525,0.39449309590833953,0.25626521147972936,98.70414929596208,0.8811784787457846,0.0,0.0,0.5,False,0.0,3,22.15627916022729
2025-06-03 13:00:00,33.425512043418905,82.2474701783978,0.9145138717706843,0.4406049183732068,0.282066574932801,98.2893455092962,1.1632450536785857,0.0,0.0,0.5,False,0.0,3,22.15627916022729
2025-06-03 14:00:00,33.84145983397252,82.19920515216803,0.9385441881834551,0.44638564325319796,0.28714332474646787,97.8670759140808,1.4503883784250535,0.0,0.0,0.5,False,0.0,3,22.15627916022729
2025-06-03 15:00:00,32.265683993521066,83.13197746039627,0.8141567828866729,0.3584310206081652,0.2013608818220988,99.70388105614397,0.2013608818220988,4.0,0.0,0.5,False,0.0,3,24.705890781802236
2025-06-03 16:00:00,31.080513668326155,85.61352561463846,0.6492941183326739,0.264849315917753,0.1284048537303378,99.51505038889348,0.3297657355524366,0.0,0.0,0.5,False,0.0,3,24.705890781802236
2025-06-03 17:00:00,28.35226640184841,90.05657166199563,0.383632991595102,0.1458055862963178,0.05358545060022285,99.73036590271668,0.18335118615265944,0.0,0.2,0.5,False,0.0,3,24.705890781802236
2025-06-03 18:00:00,28.34539164853953,99.62065231691687,0.014629983946402927,0.01620539765347513,0.0065957630217578075,99.7206662512141,0.18994694917441723,0.0,0.0,0.0,True,0.08634313893638411,3,24.705890781802236
2025-06-03 19:00:00,27.337721370363933,99.53128493424711,0.01704526124795869,0.0023749343646654775,0.0009055122488932978,99.71933461555396,0.19085246142331053,0.0,0.0,0.0,True,0.0,3,24.705890781802236
2025-06-03 20:00:00,26.742343046400926,99.62638309158447,0.013120678166466936,0.0021871837791092694,0.0,99.71933461555396,0.19085246142331053,0.0,0.0,0.0,True,0.0,3,24.705890781802236
2025-06-03 21:00:00,26.4087708357433,99.75283279348115,0.008511266751522176,0.0015288655349448318,0.0,99.71933461555396,0.19085246142331053,0.0,0.0,0.0,True,0.0,3,24.705890781802236
2025-06-03 22:00:00,26.000421058528023,99.93576856260833,0.0021591548603109158,0.0002748987109814449,0.0,99.71933461555396,0.19085246142331053,0.0,0.0,0.0,True,0.021561151141786042,3,24.705890781802236
2025-06-03 23:00:00,25.683440335936268,99.96417251290453,0.001181965893670067,8.663497547016275e-05,0.0,99.71933461555396,0.19085246142331053,0.0,0.0,0.0,True,0.02223047702853559,3,24.705890781802236
2025-06-04 00:00:00,25.214608210473326,99.90545130751167,0.0030335933579619433,0.00022303187603313522,0.0,99.71933461555396,0.19085246142331053,0.0,0.0,0.0,True,0.01600237486925199,3,24.705890781802236
2025-06-04 01:00:00,24.728955633936838,99.94803773748795,0.0016196600952367828,0.00011573629123248186,0.0,99.71933461555396,0.19085246142331053,0.0,0.0,0.0,True,0.03511249398586852,3,24.705890781802236
2025-06-04 02:00:00,24.613433307569238,99.93241735374359,0.0020920645558110385,0.00031941285995718807,0.0,99.71933461555396,0.19085246142331053,0.0,0.0,0.0,True,0.0,3,24.705890781802236
2025-06-04 03:00:00,24.775750684548953,99.79687831260564,0.006348994494618482,0.0014687476655980292,0.0,99.86639343908337,0.09085246142331052,0.0,0.1,0.0,True,0.0,3,24.705890781802236
2025-06-04 04:00:00,24.674972745928187,99.8415007660284,0.004924513597402701,0.0009804743241925075,0.0005626977545004725,99.9991725033022,0.0005626977545004725,0.0,0.1,0.0,True,0.0,3,24.715038320378923
2025-06-04 05:00:00,25.51619068314333,100.0,0.0,0.011931906550875726,0.014430566841543698,99.9787785781742,0.014430566841543698,0.0,0.2,0.0,True,0.5274534774632866,3,24.914475622624423
2025-06-04 06:00:00,25.45805029527775,94.40270756215732,0.18220542112867422,0.08097780682719653,0.04047863747230012,99.9404725919525,0.04047863747230012,4.0,0.0,0.5,True,0.0,3,28.90004505578288
2025-06-04 07:00:00,28.95687690456586,88.16125725978915,0.4730413593654694,0.22692567296632532,0.15241304885388263,99.71633575540267,0.19289168632618275,0.0,0.0,0.5,False,0.0,3,28.90004505578288
2025-06-04 08:00:00,30.97242412845965,82.20774359813284,0.7980794971303915,0.36800053133975785,0.2457204129196078,99.35498220699148,0.4386120992457906,0.0,0.0,0.5,False,0.0,3,28.90004505578288
2025-06-04 09:00:00,28.917653487181802,85.87548041153667,0.5630958656221493,0.24561970016586515,0.14373042023878976,99.14361394193443,0.5823425194845804,0.0,0.0,0.5,False,0.0,3,28.90004505578288
2025-06-04 10:00:00,26.42089585041238,94.3957488593723,0.1931217755885918,0.09195996794478829,0.04662895374775469,99.93142800919448,0.04662895374775469,0.0,1.8,0.5,True,0.0,3,30.1177025362983
2025-06-04 11:00:00,29.273350077098097,88.89119493099467,0.4520606777410439,0.21803210444517712,0.15453014445863497,99.77274978756083,0.15453014445863497,0.0,0.5,0.5,False,0.0,3,30.571073582550547
2025-06-04 12:00:00,28.620943678933536,90.88253551940089,0.3572918502964753,0.18092650033272564,0.11712789156591467,99.82775310063836,0.11712789156591467,0.0,0.7,0.5,True,0.0,3,31.116543438091913
2025-06-04 13:00:00,31.375965027631004,87.65530259238996,0.5665785265008352,0.30326590720198665,0.22785414229610096,99.66492037897632,0.22785414229610096,0.0,0.6,0.5,False,0.0,3,31.599415546526
2025-06-04 14:00:00,27.799112285329905,92.74121145948281,0.27118409643073715,0.13628969331782145,0.07340398706261156,99.89205296020204,0.07340398706261156,0.0,0.7,0.5,True,0.0,3,32.0715614042299
2025-06-04 15:00:00,30.396229224937475,88.01939458941708,0.5200127337983455,0.24445435482016925,0.173049713533467,99.74551512715666,0.173049713533467,4.0,0.2,0.5,False,0.0,3,36.19815741716729
2025-06-04 16:00:00,28.194801059032198,90.89699718981788,0.3480092801802596,0.14868011644039972,0.07752646641153457,99.77856444125736,0.15057617994500155,0.0,0.1,0.5,True,0.0,3,36.19815741716729
2025-06-04 17:00:00,26.77910822841441,94.68161231361579,0.18717514843165536,0.0702216453630156,0.02736184237687761,99.9597619965046,0.02736184237687761,0.0,0.3,0.5,True,0.0,3,36.347581237222286
2025-06-04 18:00:00,26.166026893498536,100.0,0.0,0.006807520018708582,0.004698276573634002,99.95285276624925,0.03206011895051161,0.0,0.0,0.0,True,0.21571707224985787,3,36.347581237222286
2025-06-04 19:00:00,25.617712059343745,99.8351110174868,0.005418615317678852,0.0004921454216467827,0.0018881852182142684,99.95007602328128,0.03394830416872588,0.0,0.0,0.0,True,0.005626275189143243,3,36.347581237222286
2025-06-04 20:00:00,25.330556686934976,99.8315419964935,0.005442353169534794,0.0008545640818565206,0.0004288926843746392,99.94944529874545,0.03437719685310052,0.0,0.0,0.0,True,0.0,3,36.347581237222286
2025-06-04 21:00:00,25.128807869484923,99.9032493395209,0.003088439649190028,0.00048621309713981436,0.0006686889072581257,99.99901663395991,0.0006686889072581257,0.0,0.2,0.0,True,0.0,3,36.51320404036919
2025-06-04 22:00:00,24.24534368380169,100.0,0.0,5.55919136854266e-05,0.0,100.0,0.0,0.0,4.2,0.0,True,0.19147179255235292,3,40.71253535146193
2025-06-04 23:00:00,23.89531156701885,99.96934509133607,0.0009089851727668523,2.6950181149359796e-05,0.0,100.0,0.0,0.0,3.6,0.0,True,0.027477378793803325,3,44.31253535146193
2025-06-05 00:00:00,23.815398664107956,99.9698004685118,0.0008911925730348421,0.00011205692157117026,0.0,100.0,0.0,0.0,3.9,0.0,True,0.00027044640119773533,3,48.21253535146193
2025-06-05 01:00:00,23.72488475037377,99.99999999999997,9.775505632744482e-16,1.604146631462716e-05,0.0,100.0,0.0,0.0,1.3,0.0,True,0.021633283689010893,3,49.51253535146193
2025-06-05 02:00:00,23.627260296828215,100.0,0.0,2.3443705940454826e-17,0.0,100.0,0.0,0.0,2.2,0.0,True,0.023384119114478255,3,51.71253535146193
2025-06-05 03:00:00,23.371435566031295,100.0,0.0,4.0528631609110256e-17,0.0,100.0,0.0,0.0,4.8,0.0,True,0.0608400820575835,3,56.51253535146193
2025-06-05 04:00:00,23.226728563965857,99.93735664516576,0.0017842056560976342,0.00020612444002692816,0.0,100.0,0.0,0.0,8.2,0.0,True,0.0,3,64.71253535146192
2025-06-05 05:00:00,23.84232007376289,100.0,0.0,0.007672932028340411,0.0,100.0,0.0,0.0,0.1,0.0,True,0.36921627089297715,3,64.81253535146192
2025-06-05 06:00:00,26.54996956729731,93.95035736982096,0.21006073077238152,0.0906628034825548,0.05182475091997518,99.92378713100004,0.05182475091997518,4.0,0.0,0.5,True,0.0,3,68.81253535146192
2025-06-05 07:00:00,29.193472660790032,90.31510809082484,0.3923041863258235,0.2046502436423461,0.14499413890635546,99.78677332513772,0.14499413890635546,0.0,0.1,0.5,True,0.0,3,68.86071060054195
2025-06-05 08:00:00,31.13129439826438,86.55813635966688,0.6084167067151529,0.30905233170964536,0.20096863090063563,99.63829004440147,0.24596276980699108,0.0,0.1,0.5,False,0.0,3,68.86071060054195
2025-06-05 09:00:00,33.58587973184827,82.81762162213002,0.8931108199741711,0.44720001916201485,0.30219523934201464,99.34094410419264,0.4481580091490057,0.0,0.1,0.5,False,0.0,3,68.86071060054195
2025-06-05 10:00:00,33.84793037763585,82.23979454210179,0.9367419270609206,0.46102399119226606,0.3166428631614424,99.02235165836699,0.6648008723104482,0.0,0.1,0.5,False,0.0,3,68.86071060054195
2025-06-05 11:00:00,34.641851722190395,80.81854681246809,1.0573450716042516,0.49709390211930693,0.32218654674004654,98.54854791316103,0.9869874190504947,0.0,0.0,0.5,False,0.0,3,68.86071060054195
2025-06-05 12:00:00,35.708284090648405,79.50053261274738,1.1985148159752002,0.5578289177938177,0.3618269266891696,98.01644949155931,1.3488143457396644,0.0,0.0,0.5,False,0.0,3,68.86071060054195
2025-06-05 13:00:00,35.48356033953871,79.81447907002652,1.1656552139705545,0.5434012383357562,0.348286754979899,97.94543955776534,1.3971011007195635,0.0,0.3,0.5,False,0.0,3,68.86071060054195
2025-06-05 14:00:00,34.08045025052701,80.53660295974385,1.0399552965188938,0.4632837347657358,0.279675530400349,97.53415201305896,1.6767766311199126,0.0,0.0,0.5,False,0.0,3,68.86071060054195
2025-06-05 15:00:00,32.650455018318205,82.13657866067139,0.8810881248196608,0.3741284957928262,0.21695393483597247,99.68095009582946,0.21695393483597247,4.0,0.0,0.5,False,0.0,3,71.18393396942204
2025-06-05 16:00:00,29.210204921088245,86.34681453856456,0.5535813593141733,0.22552876958097803,0.12302580390364555,99.8190797001417,0.12302580390364555,0.0,2.8,0.5,False,0.0,3,73.76698003458607
2025-06-05 17:00:00,26.89606020311076,92.74150806827296,0.2572160482286497,0.10011038473902459,0.03930377994406714,99.94220032361166,0.03930377994406714,0.0,3.4,0.5,True,0.0,3,77.04395423068243
2025-06-05 18:00:00,27.510694728011106,99.7781441983798,0.008150018430814726,0.013494041431923875,0.0018646136514924006,99.93945824471241,0.041168393595559544,0.0,0.0,0.0,True,0.030932934616650226,3,77.04395423068243
2025-06-05 19:00:00,27.042336353032933,99.47683956188776,0.01869882758835854,0.0032927431570875234,0.0,99.93945824471241,0.041168393595559544,0.0,0.0,0.0,True,0.0,3,77.04395423068243
2025-06-05 20:00:00,26.4562182303254,99.66679188837337,0.011506229500127701,0.001914479137363594,0.0,99.93945824471241,0.041168393595559544,0.0,0.0,0.0,True,0.0,3,77.04395423068243
2025-06-05 21:00:00,26.173972293166397,99.70049086278065,0.010171823565865414,0.0018946768345451865,0.0,99.93945824471241,0.041168393595559544,0.0,0.0,0.0,True,0.0,3,77.04395423068243
2025-06-05 22:00:00,25.937881032298225,99.90826900223533,0.003072177590111391,0.0005376889579824693,0.0,99.93945824471241,0.041168393595559544,0.0,0.0,0.0,True,0.002440968223119469,3,77.04395423068243
2025-06-05 23:00:00,25.51635959131235,100.0,0.0,5.529919662201821e-05,0.0,99.93945824471241,0.041168393595559544,0.0,0.0,0.0,True,0.11143806606917217,3,77.04395423068243
2025-06-06 00:00:00,25.190884483593706,100.0,0.0,1.9284181150600236e-17,0.0,99.93945824471241,0.041168393595559544,0.0,0.0,0.0,True,0.08474992535454084,3,77.04395423068243
2025-06-06 01:00:00,25.039913533030354,99.98113162975937,0.0005991305303770974,2.6368998284037807e-05,0.0,99.93945824471241,0.041168393595559544,0.0,0.0,0.0,True,0.009263689818035659,3,77.04395423068243
2025-06-06 02:00:00,24.8521642265312,100.0,0.0,1.0784349546819366e-05,0.0,100.0,0.0,0.0,0.1,0.0,True,0.047788127387278154,3,77.10278583708687
2025-06-06 03:00:00,24.733214959948764,99.99999999999999,3.4614373041387214e-16,0.0,0.0,100.0,0.0,0.0,0.0,0.0,True,0.03008833181637159,3,77.10278583708687
2025-06-06 04:00:00,24.472735371521495,100.0,0.0,1.853536634750215e-17,0.0,100.0,0.0,0.0,0.2,0.0,True,0.06537091637777784,3,77.30278583708687
2025-06-06 05:00:00,24.36740719789612,100.0,0.0,0.009168979591836768,0.006029930136001503,99.99113245568235,0.006029930136001503,0.0,7.3,0.0,True,0.7595007636655864,3,84.60278583708687
2025-06-06 06:00:00,28.3128037317411,94.61856661331151,0.20714877412801944,0.09523310612836833,0.0619548247746048,99.90888996356676,0.0619548247746048,4.0,0.0,0.5,True,0.2166547232417257,3,88.59675590695088
2025-06-06 07:00:00,31.095032247269447,89.82800143640198,0.45946466382519513,0.22738572363881854,0.15171722612251953,99.77688643217276,0.15171722612251953,0.0,0.1,0.5,True,0.0,3,88.63480108217627
2025-06-06 08:00:00,32.92469091311203,86.12795949438711,0.694841952718662,0.34524113218510116,0.2324285002919247,99.58213863762582,0.28414572641444424,0.0,0.1,0.5,False,0.0,3,88.63480108217627
2025-06-06 09:00:00,33.68288124766527,82.33609857689846,0.9231252628070147,0.4388107597565374,0.2885318868465223,99.30488586285152,0.4726776132609666,0.0,0.1,0.5,False,0.0,3,88.63480108217627
2025-06-06 10:00:00,33.86153522399522,81.7425111527728,0.9637010878185497,0.46112396270554856,0.29131593257041816,99.17059772671855,0.5639935458313847,0.0,0.2,0.5,False,0.0,3,88.63480108217627
2025-06-06 11:00:00,34.77087466318336,80.5239124591105,1.081286253844661,0.5067677517304077,0.322606427854567,98.69617650928537,0.8865999736859518,0.0,0.0,0.5,False,0.0,3,88.63480108217627
2025-06-06 12:00:00,35.293022315042464,78.71613625345844,1.216242028860887,0.5607726552943804,0.35653721948522127,98.17185706886592,1.243137193171173,0.0,0.0,0.5,False,0.0,3,88.63480108217627
2025-06-06 13:00:00,34.6469652591738,78.50823072447628,1.185033080417337,0.5211289074239636,0.31334311379364227,97.85811719563998,1.4564803069648151,0.0,0.1,0.5,False,0.0,3,88.63480108217627
2025-06-06 14:00:00,33.9978991727017,77.1462429732381,1.2155086144440155,0.49623191390660415,0.2879128219386933,97.43471598690661,1.7443931289035084,0.0,0.0,0.5,False,0.0,3,88.63480108217627
2025-06-06 15:00:00,32.52543762301748,77.7579932891493,1.0893662294264326,0.4204344940347366,0.2259567073045614,99.66771072455212,0.2259567073045614,4.0,0.0,0.5,False,0.0,3,90.89040795327276
2025-06-06 16:00:00,31.24456777622928,81.86265771006886,0.8262510772616016,0.2996568562101936,0.14497297049651076,99.4545151797043,0.37092967780107217,0.0,0.0,0.5,False,0.0,3,90.89040795327276
2025-06-06 17:00:00,29.411420771233523,87.29911434918401,0.5209784273387695,0.16997192196780206,0.052427187693067916,99.37741637427332,0.4233568654941401,0.0,0.0,0.5,False,0.0,3,90.89040795327276
2025-06-06 18:00:00,28.582756103599056,99.96823080706179,0.0012422068614725325,0.01570166083463197,0.0,99.37741637427332,0.4233568654941401,0.0,0.0,0.0,True,0.2099647117289362,3,90.89040795327276
2025-06-06 19:00:00,27.671962183989535,99.68807203342611,0.011567318724245327,0.0012027364157142137,0.0,99.37741637427332,0.4233568654941401,0.0,0.0,0.0,True,0.004141130749034383,3,90.89040795327276
2025-06-06 20:00:00,27.13600045779949,99.66110810050263,0.01217938940383497,0.0019693029947022407,0.0,99.37741637427332,0.4233568654941401,0.0,0.0,0.0,True,0.0,3,90.89040795327276
2025-06-06 21:00:00,26.781982055875172,99.67108021907679,0.01157794627225073,0.002091322665305305,0.0,99.37741637427332,0.4233568654941401,0.0,0.0,0.0,True,0.0,3,90.89040795327276
2025-06-06 22:00:00,26.40874655319913,99.71698062552417,0.009745831491597119,0.0017000713062448008,0.0,99.37741637427332,0.4233568654941401,0.0,0.0,0.0,True,0.0,3,90.89040795327276
2025-06-06 23:00:00,26.10149483041393,99.74847848482035,0.00850560345251362,0.0015048148073322084,0.0,99.37741637427332,0.4233568654941401,0.0,0.0,0.0,True,0.0,3,90.89040795327276
2025-06-07 00:00:00,25.992179570841778,99.62676820523502,0.012540163438252658,0.0025142667437241546,0.0,99.37741637427332,0.4233568654941401,0.0,0.0,0.0,True,0.0,3,90.89040795327276
2025-06-07 01:00:00,25.948288765454222,99.57037111172411,0.014397629252048386,0.0030279283008762398,0.0,99.37741637427332,0.4233568654941401,0.0,0.0,0.0,True,0.0,3,90.89040795327276
2025-06-07 02:00:00,25.80404448385793,99.63099915634054,0.0122607837805648,0.002522914767770879,0.0,99.37741637427332,0.4233568654941401,0.0,0.0,0.0,True,0.0,3,90.89040795327276
2025-06-07 03:00:00,25.692952430422935,99.62533350043304,0.012367395250350655,0.002544914784610345,0.0,99.37741637427332,0.4233568654941401,0.0,0.0,0.0,True,0.0,3,90.89040795327276
2025-06-07 04:00:00,25.46988715780338,99.73186539570945,0.008734565147774835,0.0017008799072625173,0.0,99.37741637427332,0.4233568654941401,0.0,0.0,0.0,True,0.0,3,90.89040795327276
2025-06-07 05:00:00,26.999145690053385,100.0,0.0,0.01543885482572121,0.0,99.37741637427332,0.4233568654941401,0.0,0.0,0.0,True,0.5788931984411733,3,90.89040795327276
2025-06-07 06:00:00,28.32905229805185,90.66596686806538,0.359636385819221,0.1406042393940129,0.07024507112155656,99.89669842482124,0.07024507112155656,4.0,0.0,0.5,True,0.0,3,94.46705108777861
2025-06-07 07:00:00,30.94530051566532,87.37534442017729,0.5654104514510955,0.25365792928179404,0.16905112854447124,99.64809382402055,0.2392961996660278,0.0,0.0,0.5,False,0.0,3,94.46705108777861
2025-06-07 08:00:00,32.811101263378404,83.45352388869668,0.8235337799540629,0.38346092063681286,0.2570025942081947,99.27014883253791,0.4962987938742225,0.0,0.0,0.5,False,0.0,3,94.46705108777861
2025-06-07 09:00:00,32.32987233327089,83.62688918494665,0.7931345636887849,0.3664908297329747,0.23724580663349365,99.21537558748865,0.5335446005077161,0.0,0.2,0.5,False,0.0,3,94.46705108777861
2025-06-07 10:00:00,32.63442246184341,81.8655046964896,0.893652318463984,0.38463169760499666,0.2398807984185641,99.00966853099077,0.6734253989262803,0.0,0.1,0.5,False,0.0,3,94.46705108777861
2025-06-07 11:00:00,33.60437800845114,80.12281804618743,1.034250003404075,0.4485212467307204,0.29066353504339604,98.58222215592694,0.9640889339696763,0.0,0.0,0.5,False,0.0,3,94.46705108777861
2025-06-07 12:00:00,31.66505417470236,82.71117938361034,0.8066126979367226,0.33758763277667286,0.19728888855998047,98.29209143745639,1.1613778225296567,0.0,0.0,0.5,False,0.0,3,94.46705108777861
2025-06-07 13:00:00,31.695262366639064,83.42350243439333,0.7747036104047541,0.31686000898621597,0.19207111557944262,98.00963391454545,1.3534489381090993,0.0,0.0,0.5,False,0.0,3,94.46705108777861
2025-06-07 14:00:00,31.59741474838979,83.17691351464191,0.7818813122032452,0.3132509067381491,0.17926529961410811,97.74600847393646,1.5327142377232075,0.0,0.0,0.5,False,0.0,3,94.46705108777861
2025-06-07 15:00:00,32.17711059501539,82.19033066015746,0.8553218601079361,0.33572347281328097,0.18255352391636642,99.7315389354171,0.18255352391636642,4.0,0.0,0.5,False,0.0,3,96.9343368500554
2025-06-07 16:00:00,31.569921297474647,82.76569640867135,0.7997459916394496,0.30250550822420985,0.15109122159024704,99.50934596249027,0.3336447455066135,0.0,0.0,0.5,False,0.0,3,96.9343368500554
2025-06-07 17:00:00,29.656069580710568,88.21533971572975,0.49025085525641804,0.17023071438299844,0.05518106007736503,99.42819734472944,0.3888258055839785,0.0,0.0,0.5,False,0.0,3,96.9343368500554
2025-06-07 18:00:00,28.914093997265446,99.5265814851264,0.018869678511020033,0.018737486713139923,0.014707179387120418,99.40656913974838,0.4035329849710989,0.0,0.0,0.0,True,0.15716906012213616,3,96.9343368500554
2025-06-07 19:00:00,27.627349184158316,99.53839798574745,0.0170732013557352,0.0021453182716702733,0.0,99.40656913974838,0.4035329849710989,0.0,0.0,0.0,True,0.010932904409949665,3,96.9343368500554
2025-06-07 20:00:00,27.15529850483325,99.51909634763388,0.01730268710986117,0.003161684574572793,0.00504359979613339,99.39915208122466,0.4085765847672323,0.0,0.0,0.0,True,0.0,3,96.9343368500554
2025-06-07 21:00:00,27.304316896999648,99.40919659597384,0.021443155423263954,0.004735863371143389,0.0,99.39915208122466,0.4085765847672323,0.0,0.0,0.0,True,0.0,3,96.9343368500554
2025-06-07 22:00:00,27.157212446639775,99.54698084014242,0.016301244323075927,0.0034345482367703034,0.0,99.39915208122466,0.4085765847672323,0.0,0.0,0.0,True,0.0,3,96.9343368500554
2025-06-07 23:00:00,26.869728328380997,99.70179588966327,0.010551003991253175,0.0020373637920732338,0.002230061974083164,99.3958725783216,0.41080664674131545,0.0,0.0,0.0,True,0.0,3,96.9343368500554
2025-06-08 00:00:00,26.659924543998127,99.73231840977714,0.009354995373805011,0.0017956882711649227,0.0017612992172205688,99.39328243241393,0.412567945958536,0.0,0.0,0.0,True,0.0,3,96.9343368500554
2025-06-08 01:00:00,26.55361206657558,99.80085572359845,0.006916336308964163,0.0014129379499370903,0.0,99.39328243241393,0.412567945958536,0.0,0.0,0.0,True,0.0,3,96.9343368500554
2025-06-08 02:00:00,26.196649916490745,99.99999999999999,3.775551086071566e-16,0.0001244940535613618,0.0,99.39328243241393,0.412567945958536,0.0,0.0,0.0,True,0.06082472576472535,3,96.9343368500554
2025-06-08 03:00:00,25.886582184198332,100.0,0.0,4.043961564444472e-17,0.0,99.39328243241393,0.412567945958536,0.0,0.0,0.0,True,0.04806359917367553,3,96.9343368500554
2025-06-08 04:00:00,25.6622966012133,99.99100403182335,0.0002964096493393548,3.420464233936941e-06,0.0,99.39328243241393,0.412567945958536,0.0,0.0,0.0,True,0.025591082867599743,3,96.9343368500554
2025-06-08 05:00:00,27.176337963862974,100.0,0.0,0.014904927210422816,0.0,99.39328243241393,0.412567945958536,0.0,0.0,0.0,True,0.654029460560579,3,96.9343368500554
2025-06-08 06:00:00,29.129189851801573,92.09977589105495,0.3188278019785785,0.12936596109630655,0.06693963906621414,99.9015593543144,0.06693963906621414,4.0,0.0,0.5,True,0.0,3,100.52176890409686
2025-06-08 07:00:00,31.610873913069007,86.95637226406866,0.6066872009482648,0.26223621581593687,0.1569107167702867,99.67080830024044,0.22385035583650084,0.0,0.0,0.5,False,0.0,3,100.52176890409686
2025-06-08 08:00:00,33.818364224291706,83.29108964663024,0.879841174548332,0.3922937797695404,0.24785088664405505,99.45338052576389,0.3717012424805559,0.0,0.1,0.5,False,0.0,3,100.52176890409686
2025-06-08 09:00:00,35.378141309061746,81.20997906534343,1.0787851246186078,0.4892261855824672,0.31270498167676875,98.99352025859217,0.6844062241573247,0.0,0.0,0.5,False,0.0,3,100.52176890409686
2025-06-08 10:00:00,36.40895065789989,78.68296164649601,1.2951388668999413,0.5724997072035294,0.35911018499236175,98.46541704536811,1.0435164091496865,0.0,0.0,0.5,False,0.0,3,100.52176890409686
2025-06-08 11:00:00,36.93793157149983,76.72329522080283,1.4556396131699543,0.6324346772646553,0.39425307208834554,97.88563311582642,1.437769481238032,0.0,0.0,0.5,False,0.0,3,100.52176890409686
2025-06-08 12:00:00,36.62657278994443,76.46989661626766,1.4467027400932833,0.6226915402852875,0.3805009033283267,97.47313178740241,1.7182703845663585,0.0,0.1,0.5,False,0.0,3,100.52176890409686
2025-06-08 13:00:00,35.903382741476044,76.73852352573483,1.3746546688373966,0.5804172489967874,0.34948144637035056,96.9591884839166,2.067751830936709,0.0,0.0,0.5,False,0.0,3,100.52176890409686
2025-06-08 14:00:00,34.52119744914109,78.13148869866286,1.197427922277638,0.49073104209083096,0.2771669781954847,96.55158998657029,2.344918809132194,0.0,0.0,0.5,False,0.0,3,100.52176890409686
2025-06-08 15:00:00,33.66977479443084,78.4459499631188,1.125602905628006,0.4372289825952231,0.23603382781236204,99.65289142968771,0.23603382781236204,4.0,0.0,0.5,False,0.0,3,102.17685009496466
2025-06-08 16:00:00,32.17613691236191,81.19587750514711,0.9030315476205413,0.32262303084126415,0.15268032824413647,99.42836153521102,0.3887141560564985,0.0,0.0,0.5,False,0.0,3,102.17685009496466
2025-06-08 17:00:00,30.04342145209731,86.1322933298947,0.5898828871891082,0.18998928327429881,0.06361081427228468,99.33481622010473,0.45232497032878316,0.0,0.0,0.5,False,0.0,3,102.17685009496466
2025-06-08 18:00:00,29.43251897135555,99.63792767742626,0.014869929250705448,0.019716176843684655,0.0005730703581154277,99.33397346957808,0.4528980406868986,0.0,0.0,0.0,True,0.20629081972650745,3,102.17685009496466
2025-06-08 19:00:00,28.612030378168676,99.4157500582784,0.022883547938929345,0.0037377003571085143,0.0,99.33397346957808,0.4528980406868986,0.0,0.0,0.0,True,0.0,3,102.17685009496466
2025-06-08 20:00:00,28.103531176542948,99.39826809276725,0.0228825187604872,0.004302858740245299,0.0,99.33397346957808,0.4528980406868986,0.0,0.0,0.0,True,0.0,3,102.17685009496466
2025-06-08 21:00:00,27.688414321083894,99.42292830025825,0.021420282645749755,0.004140220272638326,0.0,99.33397346957808,0.4528980406868986,0.0,0.0,0.0,True,0.0,3,102.17685009496466
2025-06-08 22:00:00,27.42912087350943,99.39412699548124,0.02215125643447374,0.00445846603829901,0.0,99.33397346957808,0.4528980406868986,0.0,0.0,0.0,True,0.0,3,102.17685009496466
2025-06-08 23:00:00,27.48365371288627,99.29421824162064,0.02588641089862089,0.0055923402647869115,0.0,99.33397346957808,0.4528980406868986,0.0,0.0,0.0,True,0.0,3,102.17685009496466
2025-06-09 00:00:00,27.356572248101603,99.32526251113278,0.024564539613904705,0.00517644433781541,0.0,99.33397346957808,0.4528980406868986,0.0,0.0,0.0,True,0.0,3,102.17685009496466
2025-06-09 01:00:00,27.121427797732842,99.38762903625867,0.021989126846723835,0.004513217660482323,0.0,99.33397346957808,0.4528980406868986,0.0,0.0,0.0,True,0.0,3,102.17685009496466
2025-06-09 02:00:00,26.867724399080007,99.47773578580907,0.01847648365620113,0.003751278715721673,0.0,99.33397346957808,0.4528980406868986,0.0,0.0,0.0,True,0.0,3,102.17685009496466
2025-06-09 03:00:00,26.60831537365344,99.56571150698817,0.015131598335057632,0.0030222902877558976,0.0,99.33397346957808,0.4528980406868986,0.0,0.0,0.0,True,0.0,3,102.17685009496466
2025-06-09 04:00:00,26.334623570913696,99.61169174856826,0.013313178950963919,0.0025895947796752685,0.0,99.33397346957808,0.4528980406868986,0.0,0.0,0.0,True,0.0,3,102.17685009496466
2025-06-09 05:00:00,28.1482326119715,100.0,0.0,0.015912661567441998,0.0015704330248572501,99.33166400924742,0.45446847371175586,0.0,0.0,0.0,True,0.32463591871314534,3,102.17685009496466
2025-06-09 06:00:00,30.15143340361444,89.73370678935808,0.4394034359988252,0.1566320188680025,0.0698645630816871,99.89725799546811,0.0698645630816871,4.0,0.0,0.5,False,0.0,3,105.72238162125291
2025-06-09 07:00:00,32.54318557242007,84.51456005034653,0.7592019720636248,0.29963258804359183,0.16622265973236403,99.6528129076264,0.23608722281405115,0.0,0.0,0.5,False,0.0,3,105.72238162125291
2025-06-09 08:00:00,34.48179991915146,80.45894448354501,1.0676502831929358,0.4408779953513503,0.26400877738953865,99.26456470558296,0.5000960002035898,0.0,0.0,0.5,False,0.0,3,105.72238162125291
2025-06-09 09:00:00,35.66867460223142,76.92070865356857,1.3464099507730447,0.5553339756394525,0.33106627556384427,98.77770253563612,0.8311622757674341,0.0,0.0,0.5,False,0.0,3,105.72238162125291
2025-06-09 10:00:00,36.743680060546794,75.13124966316917,1.5388134491126915,0.6403766899813348,0.38545722942260335,98.21085366883818,1.2166195051900375,0.0,0.0,0.5,False,0.0,3,105.72238162125291
2025-06-09 11:00:00,37.26712377768258,74.16044458847064,1.6451239600193368,0.6875376823549479,0.4141590324489715,97.60179626817794,1.630778537639009,0.0,0.0,0.5,False,0.0,3,105.72238162125291
2025-06-09 12:00:00,37.23899478674163,73.17742986123359,1.7050998460751101,0.7080082606448131,0.4231798026688914,96.97947302895898,2.0539583403079003,0.0,0.0,0.5,False,0.0,3,105.72238162125291
2025-06-09 13:00:00,36.775543948718216,72.65163819310979,1.6951900343296604,0.6828010481486515,0.39620130528404823,96.39682405060007,2.4501596455919485,0.0,0.0,0.5,False,0.0,3,105.72238162125291
2025-06-09 14:00:00,36.0004815096543,74.60248290112517,1.5089057702476008,0.5936953425461784,0.33478944374825853,95.90448663332323,2.784949089340207,0.0,0.0,0.5,False,0.0,3,105.72238162125291
2025-06-09 15:00:00,34.53297837430084,76.4120646829104,1.292420568217574,0.487471559426521,0.2577789613165334,99.62091329218157,0.2577789613165334,4.0,0.0,0.5,False,0.0,3,106.9374325319127
2025-06-09 16:00:00,32.985663022420205,80.53975248043598,0.9780922870501924,0.34488761811032675,0.15885636288625427,99.38730099381942,0.41663532420278765,0.0,0.0,0.5,False,0.0,3,106.9374325319127
2025-06-09 17:00:00,30.955640223601257,85.80759312624095,0.635998495486222,0.20416060639237846,0.06837638016112708,99.28674749358248,0.4850117043639147,0.0,0.0,0.5,False,0.0,3,106.9374325319127
2025-06-09 18:00:00,30.5232833672405,99.40273053541996,0.02611317056090507,0.023984005561426967,0.007955808544731775,99.27504777513434,0.4929675129086465,0.0,0.0,0.0,True,0.210794681093893,3,106.9374325319127
2025-06-09 19:00:00,29.724065901834507,99.07077815667891,0.038807747542439965,0.007086651879768822,0.008744346926401327,99.26218844141906,0.5017118598350478,0.0,0.0,0.0,True,0.0,3,106.9374325319127
2025-06-09 20:00:00,29.179827437538968,99.14701591955372,0.03452447695124943,0.006814858891214639,0.00374114268804088,99.25668676099546,0.5054530025230888,0.0,0.0,0.0,True,0.0,3,106.9374325319127
2025-06-09 21:00:00,28.897656583211994,99.14177047663951,0.034175106869600166,0.007026430410110961,0.002009091679769199,99.25373221440756,0.5074620942028579,0.0,0.0,0.0,True,0.0,3,106.9374325319127
2025-06-09 22:00:00,28.676671417113383,99.12926086484406,0.034232563515929855,0.007113582460136731,0.002490444527982698,99.25006979598405,0.5099525387308407,0.0,0.0,0.0,True,0.0,3,106.9374325319127
2025-06-09 23:00:00,28.34651561651848,99.19078646730384,0.031210296795479035,0.006377477907397457,0.00038543716715286536,99.24950297662059,0.5103379758979936,0.0,0.0,0.0,True,0.0,3,106.9374325319127
2025-06-10 00:00:00,28.081435497632942,99.3089553406314,0.026245119453467622,0.005424569588476539,0.0,99.24950297662059,0.5103379758979936,0.0,0.0,0.0,True,0.0,3,106.9374325319127
2025-06-10 01:00:00,27.821859914362317,99.39482100882792,0.02263914183207237,0.004632836151480353,0.0,99.24950297662059,0.5103379758979936,0.0,0.0,0.0,True,0.0,3,106.9374325319127
2025-06-10 02:00:00,27.37515720923761,99.60030340424356,0.014567212424779924,0.0027400278809205903,0.0,99.24950297662059,0.5103379758979936,0.0,0.0,0.0,True,0.0,3,106.9374325319127
2025-06-10 03:00:00,27.10898124178032,99.56944794912006,0.015449065307296103,0.00300365384308722,0.0,99.24950297662059,0.5103379758979936,0.0,0.0,0.0,True,0.0,3,106.9374325319127
2025-06-10 04:00:00,26.962075828458467,99.54768151498497,0.016090847026263958,0.003291096526921084,0.0,99.24950297662059,0.5103379758979936,0.0,0.0,0.0,True,0.0,3,106.9374325319127
2025-06-10 05:00:00,28.49492392067141,99.99999999999999,4.319027212861179e-16,0.015571267899533973,0.009125675276147863,99.23608286592038,0.5194636511741414,0.0,0.0,0.0,True,0.4672488416281671,3,106.9374325319127
2025-06-10 06:00:00,30.223703266872203,90.7132680105659,0.3991263742525481,0.14976941820531178,0.07585133239922151,99.88845392294232,0.07585133239922151,4.0,0.0,0.5,True,0.0,3,110.41796888073857
2025-06-10 07:00:00,32.756723216957205,86.32676699712145,0.6784538805138889,0.281949634120796,0.16807891980575518,99.64127904087503,0.2439302522049767,0.0,0.0,0.5,False,0.0,3,110.41796888073857
2025-06-10 08:00:00,34.97811401912106,82.52870013286059,0.981167813498262,0.41671475586735096,0.2566656369167786,99.26382957482095,0.5005958891217552,0.0,0.0,0.5,False,0.0,3,110.41796888073857
2025-06-10 09:00:00,36.57573629357556,80.09323777542328,1.2205344898098964,0.5245443692621584,0.32386866736049497,98.78755212282022,0.8244645564822501,0.0,0.0,0.5,False,0.0,3,110.41796888073857
2025-06-10 10:00:00,37.81439146772969,77.98045255022691,1.44416465769823,0.6195835160073975,0.38415470466101553,98.22261873361285,1.2086192611432658,0.0,0.0,0.5,False,0.0,3,110.41796888073857
2025-06-10 11:00:00,38.54732005164355,75.96474101952937,1.6400091171066373,0.6927407634147373,0.42417205080615633,97.59883630595672,1.6327913119494222,0.0,0.0,0.5,False,0.0,3,110.41796888073857
2025-06-10 12:00:00,38.41135942158266,74.59011461220021,1.7211488325757183,0.7145434783567367,0.429637853680754,96.9670159328968,2.062429165630176,0.0,0.0,0.5,False,0.0,3,110.41796888073857
2025-06-10 13:00:00,37.62527519450906,75.08644620118814,1.6173121482558717,0.665191432869092,0.3925825726263325,96.38968862021102,2.4550117382565086,0.0,0.0,0.5,False,0.0,3,110.41796888073857
2025-06-10 14:00:00,36.60536338554371,76.68303577946689,1.4319384768975099,0.5774876278699332,0.3312802629832573,95.9025117628827,2.786292001239766,0.0,0.0,0.5,False,0.0,3,110.41796888073857
2025-06-10 15:00:00,35.242010665344225,76.84182666107172,1.3196287499590968,0.48954179269672426,0.2558075326328851,99.62381245201047,0.2558075326328851,4.0,0.0,0.5,False,0.0,3,111.6316768794988
2025-06-10 16:00:00,33.62134244070998,81.26863873506777,0.9755543021862745,0.342676942413336,0.1634296778581439,99.38347469045436,0.419237210491029,0.0,0.0,0.5,False,0.0,3,111.6316768794988
2025-06-10 17:00:00,31.74869270233305,87.09056347962647,0.6051514330431573,0.1964696654530575,0.07275887905729464,99.27647633889953,0.49199608954832363,0.0,0.0,0.5,False,0.0,3,111.6316768794988
2025-06-10 18:00:00,31.275960239763947,99.27199136287562,0.03322382194425892,0.024637849544385464,0.01448758766559137,99.25517106292071,0.506483677213915,0.0,0.0,0.0,True,0.20066248215405216,3,111.6316768794988
2025-06-10 19:00:00,30.305340388636782,99.36077582089104,0.027601347409241445,0.004697148783755784,0.001489598291613081,99.25298047719775,0.5079732755055281,0.0,0.0,0.0,True,0.0,3,111.6316768794988
2025-06-10 20:00:00,29.715226036663953,99.41878979540068,0.02426116167113202,0.004504376875138424,0.0005762158953707473,99.25213310088104,0.5085494914008988,0.0,0.0,0.0,True,0.0,3,111.6316768794988
2025-06-10 21:00:00,29.191947723725075,99.61857580628738,0.015448922142519628,0.0027985812835000104,0.0,99.25213310088104,0.5085494914008988,0.0,0.0,0.0,True,0.0,3,111.6316768794988
2025-06-10 22:00:00,28.90256065929425,99.57908335770384,0.0167658548221644,0.0032285921795065543,0.0,99.25213310088104,0.5085494914008988,0.0,0.0,0.0,True,0.0,3,111.6316768794988
2025-06-10 23:00:00,28.548057521316853,98.93775053589057,0.04145152969334225,0.008086361737919738,0.013928717472219613,99.23164969283364,0.5224782088731184,0.0,0.0,0.0,True,0.0,3,111.6316768794988
2025-06-11 00:00:00,27.618187075960243,99.33923153664874,0.024426668036521916,0.004390981493342478,0.0008825306355516786,99.23035185366372,0.52336073950867,0.0,0.0,0.0,True,0.0,3,111.6316768794988
2025-06-11 01:00:00,27.044748127278464,99.66451449581248,0.011992636524350864,0.0021087617613843807,0.0,99.23035185366372,0.52336073950867,0.0,0.0,0.0,True,0.0,3,111.6316768794988
2025-06-11 02:00:00,26.816454275137982,99.86450847390101,0.004778959180158078,0.0008876174387098027,0.0,99.23035185366372,0.52336073950867,0.0,0.0,0.0,True,0.0,3,111.6316768794988
2025-06-11 03:00:00,26.909795680083143,99.85463175179446,0.00515550772158208,0.001215586338570884,0.0,99.23035185366372,0.52336073950867,0.0,0.0,0.0,True,0.0,3,111.6316768794988
2025-06-11 04:00:00,25.80464256885953,99.95487023080331,0.001499579049807251,0.00011032236812131204,0.0018451690962060956,99.99728651603499,0.0018451690962060956,0.0,3.5,0.0,True,0.13477511188105185,3,114.60831613999012
2025-06-11 05:00:00,26.35336608243401,99.99999999999999,3.810616972860049e-16,0.008813931198406748,0.0038191300472979733,99.99438363228339,0.0038191300472979733,0.0,0.1,0.0,True,0.39465997260293434,3,114.70647097089392
2025-06-11 06:00:00,30.969306090556824,89.08837465801986,0.4893588663753227,0.15631531473293797,0.07756301844918674,99.88593673757472,0.07756301844918674,4.0,0.0,0.5,False,0.0,3,118.70265184084661
2025-06-11 07:00:00,33.40223068736178,84.4183048688721,0.8016399305403673,0.30735432198756624,0.170266546241573,99.63554475780771,0.24782956469075973,0.0,0.0,0.5,False,0.0,3,118.70265184084661
2025-06-11 08:00:00,34.09600967076758,80.99256477762029,1.0164722958943813,0.4322369189755636,0.26752347132492743,99.24212788821222,0.5153530360156872,0.0,0.0,0.5,False,0.0,3,118.70265184084661
2025-06-11 09:00:00,33.66656975700117,82.45592559355,0.9160287160430807,0.39496266674826136,0.2417715209850403,98.88658153382246,0.7571245570007274,0.0,0.0,0.5,False,0.0,3,118.70265184084661
2025-06-11 10:00:00,35.67662968110941,80.84661413265061,1.117867713659559,0.47880087986860703,0.3065815757035017,98.43572627543496,1.0637061327042292,0.0,0.0,0.5,False,0.0,3,118.70265184084661
2025-06-11 11:00:00,37.71263801969403,77.63007414953269,1.459080438624058,0.6189586107875031,0.3941575655999155,97.85608279661156,1.4578636983041446,0.0,0.0,0.5,False,0.0,3,118.70265184084661
2025-06-11 12:00:00,37.91165132589379,76.79450760579867,1.52997869596876,0.6396108751400185,0.39003277778086537,97.28250518222794,1.84789647608501,0.0,0.0,0.5,False,0.0,3,118.70265184084661
2025-06-11 13:00:00,37.50916516444443,76.34952927339955,1.5256773478980623,0.6206959539634512,0.3677651809117785,96.74167403382825,2.2156616569967884,0.0,0.0,0.5,False,0.0,3,118.70265184084661
2025-06-11 14:00:00,36.372075272217344,76.90363353925144,1.4004156502750422,0.5589144431223487,0.32490185927203835,96.70505365254584,2.2405635162688267,0.0,0.3,0.5,False,0.0,3,118.70265184084661
2025-06-11 15:00:00,34.817623984469584,79.61797555069232,1.134514730177804,0.42708797490127326,0.2350199779851087,99.65438238531603,0.2350199779851087,4.0,0.2,0.5,False,0.0,3,120.66208832457778
2025-06-11 16:00:00,31.936018978001893,84.7049828654894,0.7246184857665464,0.26718954551136637,0.13408724909664818,99.80281286897552,0.13408724909664818,0.0,0.8,0.5,False,0.0,3,121.22706834659267
2025-06-11 17:00:00,30.082530393451787,89.11638340312761,0.46398948178445676,0.1519891386447577,0.061970662984570074,99.71167954105702,0.19605791208121826,0.0,0.0,0.5,False,0.0,3,121.22706834659267
2025-06-11 18:00:00,30.6877209507563,99.2223610700264,0.03431981665062773,0.02310811987114565,0.04857095451364525,99.78731049030168,0.14462886659486351,0.0,0.1,0.0,True,0.06992853091033549,3,121.22706834659267
2025-06-11 19:00:00,29.97684273730181,99.0540862229326,0.04008245749882131,0.007593080868301618,0.027068338381156697,99.74750411032937,0.1716972049760202,0.0,0.0,0.0,True,0.0,3,121.22706834659267
2025-06-11 20:00:00,29.29528084635894,99.08606132568785,0.03723879996007813,0.007186201364892242,0.009368404859497815,99.73372704435953,0.181065609835518,0.0,0.0,0.0,True,0.0,3,121.22706834659267
2025-06-11 21:00:00,28.87597591222777,98.99132893317353,0.04011542512845766,0.0080760225324363,0.006327538176977125,99.72442184115809,0.18739314801249513,0.0,0.0,0.0,True,0.0,3,121.22706834659267
2025-06-11 22:00:00,28.515180454876788,99.10867537471181,0.03471537821785647,0.007132489523605323,0.0,99.72442184115809,0.18739314801249513,0.0,0.0,0.0,True,0.0,3,121.22706834659267
2025-06-11 23:00:00,28.369910692024163,99.15712995355989,0.032552577567653174,0.006887046128758394,0.0,99.72442184115809,0.18739314801249513,0.0,0.0,0.0,True,0.0,3,121.22706834659267
2025-06-12 00:00:00,28.267466650721722,99.41089774119087,0.02261679932221606,0.004927175660786487,0.0,99.72442184115809,0.18739314801249513,0.0,0.0,0.0,True,0.0,3,121.22706834659267
2025-06-12 01:00:00,27.798780380643663,99.64829422946487,0.013139267672531577,0.0024180738321551557,0.0,99.72442184115809,0.18739314801249513,0.0,0.0,0.0,True,0.0,3,121.22706834659267
2025-06-12 02:00:00,27.58473518333791,99.56214978996222,0.016154444749091862,0.0031779460496453946,0.0,99.72442184115809,0.18739314801249513,0.0,0.0,0.0,True,0.0,3,121.22706834659267
2025-06-12 03:00:00,27.347161520628216,99.69422088368077,0.011126087530712571,0.0022034200055162153,0.0,99.72442184115809,0.18739314801249513,0.0,0.0,0.0,True,0.0,3,121.22706834659267
2025-06-12 04:00:00,27.222719082167576,99.71858384746285,0.010165291700259276,0.002064007825904053,0.0,99.72442184115809,0.18739314801249513,0.0,0.0,0.0,True,0.0,3,121.22706834659267
2025-06-12 05:00:00,28.68615092370287,100.0,0.0,0.0150825670873394,0.008556918481474815,99.71183813750886,0.19595006649396995,0.0,0.0,0.0,True,0.40690216217558467,3,121.22706834659267
2025-06-12 06:00:00,30.059298413642527,88.46449629475141,0.4911261503461399,0.16905651198706248,0.07485719841736166,99.88991588468035,0.07485719841736166,4.0,0.0,0.5,False,0.0,3,125.03111828009871
2025-06-12 07:00:00,32.78941659957869,83.46261025490845,0.8220795350062845,0.3105167239242513,0.16657409677188056,99.64495397766288,0.24143129518924222,0.0,0.0,0.5,False,0.0,3,125.03111828009871
2025-06-12 08:00:00,35.44157221019856,80.97969518710153,1.0958299458854068,0.44198188391853166,0.25684418478544163,99.2672419412137,0.49827547997468385,0.0,0.0,0.5,False,0.0,3,125.03111828009871
2025-06-12 09:00:00,37.14701766424936,78.69857884844697,1.3473652588561649,0.5619630211681423,0.34363525713331805,98.76189597484117,0.8419107371080019,0.0,0.0,0.5,False,0.0,3,125.03111828009871
2025-06-12 10:00:00,38.01092123491502,75.99788592164,1.591021128994251,0.6540909898599615,0.39704015751540495,98.1780133902597,1.238950894623407,0.0,0.0,0.5,False,0.0,3,125.03111828009871
2025-06-12 11:00:00,38.25624691029897,73.88872834412783,1.7539208186025088,0.7019999921499203,0.41794694726897935,97.56338552662885,1.6568978418923863,0.0,0.0,0.5,False,0.0,3,125.03111828009871
2025-06-12 12:00:00,38.46498734808681,72.86210641267056,1.8435173329599979,0.7209063156831788,0.42415576834937335,96.93962704376212,2.0810536102417596,0.0,0.0,0.5,False,0.0,3,125.03111828009871
2025-06-12 13:00:00,37.96543431338386,73.15726481885332,1.7749451493513224,0.688081979239103,0.40359882249724793,96.3460993636191,2.4846524327390074,0.0,0.0,0.5,False,0.0,3,125.03111828009871
2025-06-12 14:00:00,36.665907111269235,74.79282075741206,1.5531470491260584,0.6037049090129364,0.34982117851449757,96.56695057168602,2.3344736112535047,0.0,0.5,0.5,False,0.0,3,125.03111828009871
2025-06-12 15:00:00,34.329308439295076,79.24922270754985,1.1241880606706935,0.41263613157157497,0.21760832646339293,99.6799877552009,0.21760832646339293,4.0,0.2,0.5,False,0.0,3,126.8966446688452
2025-06-12 16:00:00,33.4535952394724,81.07114833867757,0.9766438269997484,0.3323867648760478,0.16660730386911696,99.4349770142169,0.3842156303325099,0.0,0.0,0.5,False,0.0,3,126.8966446688452
2025-06-12 17:00:00,31.732687883282356,85.23527657113526,0.6914942221608399,0.21029050533520702,0.08852534383263562,99.30479268505125,0.4727409741651455,0.0,0.0,0.5,False,0.0,3,126.8966446688452
2025-06-12 18:00:00,32.016551739016776,99.029731853612,0.046177238830420846,0.02906590455530684,0.043949911463892606,99.24016046231023,0.5166908856290381,0.0,0.0,0.0,True,0.17649338073695703,3,126.8966446688452
2025-06-12 19:00:00,31.21680644147902,98.94723245624633,0.04788347516218495,0.009169719570139357,0.03162443975711363,99.19365393325566,0.5483153253861517,0.0,0.0,0.0,True,0.0,3,126.8966446688452
2025-06-12 20:00:00,30.719224935889333,98.93013580283841,0.04730164822482698,0.00953779719722922,0.02279758527700673,99.16012807255417,0.5711129106631584,0.0,0.0,0.0,True,0.0,3,126.8966446688452
2025-06-12 21:00:00,30.188540367401576,99.01920036687108,0.042068133686287416,0.008451261085231008,0.00856087932751547,99.14753854413136,0.5796737899906739,0.0,0.0,0.0,True,0.0,3,126.8966446688452
2025-06-12 22:00:00,29.68970656232024,99.22754982841987,0.0321967268660923,0.006453610645408379,0.0,99.14753854413136,0.5796737899906739,0.0,0.0,0.0,True,0.0,3,126.8966446688452
2025-06-12 23:00:00,29.561976603282613,99.20566938582107,0.032866378358404114,0.006921743675022068,0.0,99.14753854413136,0.5796737899906739,0.0,0.0,0.0,True,0.0,3,126.8966446688452
2025-06-13 00:00:00,29.45493978388507,99.20115915387795,0.032849947147571064,0.006957295192468145,0.0,99.14753854413136,0.5796737899906739,0.0,0.0,0.0,True,0.0,3,126.8966446688452
2025-06-13 01:00:00,29.228271396486157,99.26452678030377,0.02985155859053468,0.0062053564811643935,0.0,99.14753854413136,0.5796737899906739,0.0,0.0,0.0,True,0.0,3,126.8966446688452
2025-06-13 02:00:00,28.85417177777363,99.4190214381368,0.023076724033947085,0.004618141513077566,0.0,99.14753854413136,0.5796737899906739,0.0,0.0,0.0,True,0.0,3,126.8966446688452
2025-06-13 03:00:00,28.59066306334762,99.57185477519936,0.01674857680852722,0.003391550994402169,0.0,99.14753854413136,0.5796737899906739,0.0,0.0,0.0,True,0.0,3,126.8966446688452
2025-06-13 04:00:00,28.305395294461743,99.57614319397236,0.01630859911782805,0.003172891286999778,0.0,99.14753854413136,0.5796737899906739,0.0,0.0,0.0,True,0.0,3,126.8966446688452
2025-06-13 05:00:00,30.093696690443764,100.0,0.0,0.016449310624915742,0.009585392233974272,99.1334423790814,0.5892591822246481,0.0,0.0,0.0,True,0.06188838095437729,3,126.8966446688452
2025-06-13 06:00:00,31.059402204709194,88.23543384042813,0.5303240265674861,0.17837125392588715,0.07795994524069175,99.88535302170487,0.07795994524069175,4.0,0.0,0.5,False,0.0,3,130.30738548662055
2025-06-13 07:00:00,33.36779290308791,84.1636355306142,0.8131742129241598,0.3102825844501318,0.1731253860119458,99.63075686580495,0.25108533125263754,0.0,0.0,0.5,False,0.0,3,130.30738548662055
2025-06-13 08:00:00,35.426629695281655,80.28510369616136,1.1349132159666242,0.4527290611259264,0.26763361556282833,99.23717801938902,0.5187189468154658,0.0,0.0,0.5,False,0.0,3,130.30738548662055
2025-06-13 09:00:00,36.9712853885867,77.71016922612492,1.3964596261009274,0.5694772458206552,0.34453137746241475,98.73051422900312,0.8632503242778806,0.0,0.0,0.5,False,0.0,3,130.30738548662055
2025-06-13 10:00:00,38.18277122265615,75.96206253341653,1.6082606885302122,0.660197565987714,0.4047110085790488,98.13535098109276,1.2679613328569295,0.0,0.0,0.5,False,0.0,3,130.30738548662055
2025-06-13 11:00:00,38.87432890166279,75.25093018876008,1.7186843960631542,0.7067190020127989,0.43688912910137984,97.49286696770837,1.7048504619583094,0.0,0.0,0.5,False,0.0,3,130.30738548662055
2025-06-13 12:00:00,38.9021691921435,74.4124560895146,1.7795715002460426,0.7158169579802854,0.4349570165853442,96.85322429625933,2.1398074785436534,0.0,0.0,0.5,False,0.0,3,130.30738548662055
2025-06-13 13:00:00,37.81358885177213,74.54278580220826,1.6695534469347044,0.6561749197611386,0.3840175389489848,96.28849262133436,2.523825017492638,0.0,0.0,0.5,False,0.0,3,130.30738548662055
2025-06-13 14:00:00,36.20170367532233,76.94117061407182,1.385158190217825,0.5588832914674077,0.32720190222223944,95.95437217688989,2.751026919714877,0.0,0.1,0.5,False,0.0,3,130.30738548662055
2025-06-13 15:00:00,34.32838846071138,79.16033958491826,1.1289456768601163,0.4071487368677875,0.21033467568456352,99.69068430046387,0.21033467568456352,4.0,0.1,0.5,False,0.0,3,131.65635856690568
2025-06-13 16:00:00,33.46063618364731,80.25039484300414,1.0193921847792649,0.340113782071882,0.1652820240238251,99.44762250042885,0.3756166997083886,0.0,0.0,0.5,False,0.0,3,131.65635856690568
2025-06-13 17:00:00,31.591262908590153,83.29696895647412,0.7760308965158619,0.23063784783171248,0.0961328982706494,99.3062505912073,0.47174959797903804,0.0,0.0,0.5,False,0.0,3,131.65635856690568
2025-06-13 18:00:00,32.123244189667794,98.9130133999788,0.05204480848978372,0.033160663309669325,0.03001854833073527,99.26210566719152,0.5017681463097733,0.0,0.0,0.0,True,0.1851104099656893,3,131.65635856690568
2025-06-13 19:00:00,31.52012073884721,98.9117837226355,0.050355536630041726,0.010040269112197662,0.01863048850283162,99.23470788998146,0.520398634812605,0.0,0.0,0.0,True,0.0,3,131.65635856690568
2025-06-13 20:00:00,30.960326844404133,98.98627568638788,0.04543973711349744,0.009111212967786496,0.014944101687017288,99.21273126985349,0.5353427364996223,0.0,0.0,0.0,True,0.0,3,131.65635856690568
2025-06-13 21:00:00,30.452671039004336,98.97393607331583,0.04467979309186827,0.008966840024576948,0.009817621320299173,99.19829359144128,0.5451603578199214,0.0,0.0,0.0,True,0.0,3,131.65635856690568
2025-06-13 22:00:00,30.04217891860439,98.9965776172092,0.042678976208241466,0.008699836435864246,0.005513691607810485,99.1901852214298,0.5506740494277319,0.0,0.0,0.0,True,0.0,3,131.65635856690568
2025-06-13 23:00:00,29.674221677978373,99.07361848062027,0.03857842396713301,0.007914225284752179,0.0018296283717474915,99.18749459147136,0.5525036777994794,0.0,0.0,0.0,True,0.0,3,131.65635856690568
2025-06-14 00:00:00,29.41563720003278,99.22670790041005,0.03172742323071604,0.006630753070595382,0.0,99.18749459147136,0.5525036777994794,0.0,0.0,0.0,True,0.0,3,131.65635856690568
2025-06-14 01:00:00,29.118215529358196,99.40622543841049,0.023947665767251904,0.004919160509400923,0.0,99.18749459147136,0.5525036777994794,0.0,0.0,0.0,True,0.0,3,131.65635856690568
2025-06-14 02:00:00,28.851304126736,99.48742082145937,0.020356492955894635,0.004116715264235433,0.0,99.18749459147136,0.5525036777994794,0.0,0.0,0.0,True,0.0,3,131.65635856690568
2025-06-14 03:00:00,28.551268781447465,99.44983437814933,0.021472784161785108,0.004239709712038402,0.0,99.18749459147136,0.5525036777994794,0.0,0.0,0.0,True,0.0,3,131.65635856690568
2025-06-14 04:00:00,28.336765933865863,99.47673066875521,0.0201703825567299,0.0041109956143623415,0.005031873808916151,99.18009477704648,0.5575355516083955,0.0,0.0,0.0,True,0.0,3,131.65635856690568
2025-06-14 05:00:00,30.211538207144525,100.0,0.0,0.016732685712188323,0.016016537047403887,99.15654104609442,0.5735520886557994,0.0,0.0,0.0,True,0.019177499833354997,3,131.65635856690568
2025-06-14 06:00:00,31.165850331227762,86.8009172829824,0.5986029319364704,0.1933541994863851,0.08297309187485404,99.87798074724287,0.08297309187485404,4.0,0.0,0.5,False,0.0,3,135.0828064782499
2025-06-14 07:00:00,33.62276976582963,82.48176883511995,0.9124455802847957,0.33114223702593926,0.17806278433622225,99.61612371145429,0.26103587621107627,0.0,0.0,0.5,False,0.0,3,135.0828064782499
2025-06-14 08:00:00,34.746532561231426,79.54874337472552,1.133897045432718,0.45488159081030843,0.2830155761340937,99.58380062333222,0.2830155761340937,0.0,2.2,0.5,False,0.0,3,137.02177060203883
2025-06-14 09:00:00,33.78616202143029,83.9230942374911,0.8450429842034957,0.3967826868249457,0.2570602121075561,99.62197027631242,0.2570602121075561,0.0,1.4,0.5,False,0.0,3,138.13875502590474
2025-06-14 10:00:00,31.99657589213655,85.54559399972399,0.6871415686769908,0.30608820482226295,0.18799361291300432,99.7235388045397,0.18799361291300432,0.0,0.5,0.5,False,0.0,3,138.3816948137972
2025-06-14 11:00:00,33.36132962019805,82.79911073091232,0.8829212839894611,0.35336035432853996,0.22243887307271612,99.5434816382563,0.31043248598572043,0.0,0.1,0.5,False,0.0,3,138.3816948137972
2025-06-14 12:00:00,35.52105977237034,80.6072787274066,1.1221882565759256,0.46465625632588325,0.30301591786791143,99.5543883560766,0.30301591786791143,0.0,0.5,0.5,False,0.0,3,138.57126232781147
2025-06-14 13:00:00,35.16255173816425,82.01711797290376,1.0202398477261818,0.4500795837572223,0.2905028987153182,99.56835468149525,0.29351881658322965,0.0,0.3,0.5,False,0.0,3,138.57126232781147
2025-06-14 14:00:00,30.94514913830104,88.10719503721158,0.5326290453243102,0.26628509216278556,0.15839400885546803,99.76706763403608,0.15839400885546803,0.0,5.7,0.5,False,0.0,3,143.97774351122823
2025-06-14 15:00:00,29.3620361003827,91.7336610262867,0.33811395856450727,0.14379535523447556,0.08027764319862865,99.88194464235495,0.08027764319862865,4.0,0.0,0.5,True,0.0,3,147.81934950237275
2025-06-14 16:00:00,29.78574366997627,91.30356082828624,0.36448504530598497,0.14066833772667975,0.08057407832233983,99.76345335070445,0.1608517215209685,0.0,0.0,0.5,True,0.0,3,147.81934950237275
2025-06-14 17:00:00,29.12152965782856,92.56574835990276,0.29988998302630954,0.10262445670895626,0.04750334729039584,99.6935954870421,0.20835506881136434,0.0,0.0,0.5,True,0.0,3,147.81934950237275
2025-06-14 18:00:00,28.497483409307254,99.9481234351951,0.002018419351586762,0.010194273005911619,0.005842812657265464,99.68500311548732,0.2141978814686298,0.0,0.0,0.0,True,0.12101258400012173,3,147.81934950237275
2025-06-14 19:00:00,28.097814355531675,99.68444626677052,0.011995812152516097,0.0019218231187405018,0.0,99.68500311548732,0.2141978814686298,0.0,0.0,0.0,True,0.0,3,147.81934950237275
2025-06-14 20:00:00,27.966598761975725,99.59233347964319,0.015379567306840017,0.0031034521966403854,0.0032124645027328,99.68027890298329,0.2174103459713626,0.0,0.0,0.0,True,0.0,3,147.81934950237275
2025-06-14 21:00:00,27.81157742860902,99.6812488351249,0.011917016027069063,0.002444035093487504,0.0011869499407541214,99.67853338836453,0.21859729591211674,0.0,0.0,0.0,True,0.0,3,147.81934950237275
2025-06-14 22:00:00,27.6976383691637,99.67467539005116,0.01208220301945577,0.002468812153760858,5.5007392710430015e-05,99.67845249513996,0.21865230330482718,0.0,0.0,0.0,True,0.0,3,147.81934950237275
2025-06-14 23:00:00,27.4893651483406,99.81903897992038,0.006639439738101364,0.0012756186951581887,0.0008761587305073747,99.67716402641862,0.21952846203533455,0.0,0.0,0.0,True,0.0,3,147.81934950237275
2025-06-15 00:00:00,27.253303097537447,99.95170940706541,0.0017474759471231877,0.00024622725334843247,0.00031838027752696663,99.67669582012815,0.2198468423128615,0.0,0.0,0.0,True,0.008701030364810514,3,147.81934950237275
2025-06-15 01:00:00,27.106104204392715,99.89612399189357,0.0037266495521343103,0.0005961316598070355,0.0007098443438200229,99.67565193138724,0.22055668665668152,0.0,0.0,0.0,True,0.0,3,147.81934950237275
2025-06-15 02:00:00,26.93236300665632,99.94261712123135,0.002037790579268946,0.0002776203825934598,0.0,99.82271075491664,0.12055668665668151,0.0,0.1,0.0,True,0.0017124705217842762,3,147.81934950237275
2025-06-15 03:00:00,26.788408564270505,99.85235293570005,0.005199126212596897,0.0008995892453861741,0.0,100.0,0.0,0.0,0.2,0.0,True,0.0,3,147.89879281571606
2025-06-15 04:00:00,26.769532582199883,99.65736111246204,0.012052036867484704,0.0024627391241946062,0.0,100.0,0.0,0.0,2.5,0.0,True,0.0,3,150.39879281571606
2025-06-15 05:00:00,27.31805436810188,100.0,0.0,0.008621834622798464,0.007155345867567453,99.98947743254769,0.007155345867567453,0.0,3.0,0.0,True,0.22655756324207255,3,153.39879281571606
2025-06-15 06:00:00,29.410020504169243,91.12102155340348,0.3641779953867832,0.12899527054497228,0.07144424854909534,99.89493492860427,0.07144424854909534,4.0,0.0,0.5,True,0.0,3,157.3916374698485
2025-06-15 07:00:00,29.619891545787485,90.6444353346262,0.3883896522959028,0.1451469016788221,0.07873713069262027,99.77914503052688,0.1501813792417156,0.0,0.0,0.5,True,0.0,3,157.3916374698485
2025-06-15 08:00:00,31.31340587497651,87.52629529557397,0.5704693599804255,0.2294877092868708,0.14444209556993606,99.71378900762993,0.19462347481165165,0.0,0.1,0.5,False,0.0,3,157.3916374698485
2025-06-15 09:00:00,34.024927300847224,84.60984880196092,0.8197790865293771,0.3735117127098633,0.2611519442659671,99.47680085429762,0.3557754190776188,0.0,0.1,0.5,False,0.0,3,157.3916374698485
2025-06-15 10:00:00,35.04696677303092,83.36381254841702,0.9378307158429215,0.42861515160094404,0.2916159307211511,99.19501272088415,0.5473913497987699,0.0,0.1,0.5,False,0.0,3,157.3916374698485
2025-06-15 11:00:00,36.564325769771465,81.07415970929382,1.1596684289690562,0.5206937030990236,0.3551278276281519,98.81982473907806,0.8025191774269218,0.0,0.1,0.5,False,0.0,3,157.3916374698485
2025-06-15 12:00:00,37.63946031854142,80.29656416615464,1.280071233008635,0.5772860546410653,0.393735349620725,98.2408021661064,1.1962545270476468,0.0,0.0,0.5,False,0.0,3,157.3916374698485
2025-06-15 13:00:00,37.031805557917785,79.8091724167966,1.2691335379549054,0.5513797977248506,0.3560790627699145,97.71715648556241,1.5523335898175614,0.0,0.0,0.5,False,0.0,3,157.3916374698485
2025-06-15 14:00:00,34.23759439868497,82.57478342655787,0.9392250576168615,0.43465913622563734,0.2724973477892029,99.59926860619235,0.2724973477892029,0.0,1.7,0.5,False,0.0,3,157.53930388003093
2025-06-15 15:00:00,33.14776255503445,86.01406852271711,0.7093649279708037,0.3136762574711278,0.19550022683827165,99.71249966641432,0.19550022683827165,4.0,0.5,0.5,False,0.0,3,161.76680653224173
2025-06-15 16:00:00,31.931350933559003,86.66407495376194,0.6316375928515773,0.2433076661737417,0.13655276439767172,99.51168677759419,0.33205299123594334,0.0,0.0,0.5,False,0.0,3,161.76680653224173
2025-06-15 17:00:00,30.26502446440786,88.8401206588258,0.48076678082551777,0.15139176041793678,0.06482641472284428,99.4163538147665,0.3968794059587876,0.0,0.0,0.5,False,0.0,3,161.76680653224173
2025-06-15 18:00:00,29.722575406812087,100.0,0.0,0.015988018038960494,0.010236373053865008,99.40130032498139,0.4071157790126526,0.0,0.0,0.0,True,0.21659810887878014,3,161.76680653224173
2025-06-15 19:00:00,29.159637496422526,99.71536778036712,0.011507054441786308,0.001553839251684685,0.003791938737696335,99.39572394448479,0.41090771775034896,0.0,0.0,0.0,True,0.0,3,161.76680653224173
2025-06-15 20:00:00,28.8774669423082,99.74886796679226,0.009988525996648092,0.0018222021232964525,0.0013592888476358156,99.39372499029709,0.41226700659798476,0.0,0.0,0.0,True,0.0,3,161.76680653224173
2025-06-15 21:00:00,28.68141406398171,99.81908607026774,0.007114472126605298,0.0013375323829847136,0.00256242695563833,99.38995671536232,0.4148294335536231,0.0,0.0,0.0,True,0.0,3,161.76680653224173
2025-06-15 22:00:00,28.471072400067335,99.77936993548421,0.008571157108060477,0.001562765212460523,0.002740535086283561,99.38592651670602,0.4175699686399067,0.0,0.0,0.0,True,0.0,3,161.76680653224173
2025-06-15 23:00:00,28.067359115197164,99.85343163571002,0.005561948047401229,0.0007725254522255344,0.0018407327074747805,99.99729304013607,0.0018407327074747805,0.0,2.0,0.0,True,0.0031055639178070166,3,163.34923656360183
2025-06-16 00:00:00,27.763815950091757,99.921353156177,0.0029321579043898576,0.00035363736672015757,0.0016031059719889148,99.99764249121766,0.0016031059719889148,0.0,1.7,0.0,True,0.006167808795903493,3,165.04739583089437
2025-06-16 01:00:00,27.005874634881618,99.94638403928539,0.001912250314364467,0.00010187064479258202,0.002672958990072538,99.99606917795577,0.002672958990072538,0.0,0.4,0.0,True,0.07812823543999689,3,165.4457927249224
2025-06-16 02:00:00,26.79721271635635,99.8205094553206,0.006323707760533655,0.001044084019776641,0.003580877296306758,99.99473400397602,0.003580877296306758,0.0,0.2,0.0,True,0.0,3,165.64311976593234
2025-06-16 03:00:00,26.472411562397387,99.92387171592222,0.002631344879451672,0.00032087607472930347,0.0,100.0,0.0,0.0,2.4,0.0,True,0.008703877947593627,3,168.03953888863603
2025-06-16 04:00:00,26.360226890183416,99.80313865781302,0.0067596026726823456,0.0012592220599900894,0.0,100.0,0.0,0.0,2.7,0.0,True,0.0,3,170.73953888863602
2025-06-16 05:00:00,26.42496347269909,100.0,0.0,0.003177999378720527,0.0026089992575367613,99.99616323638597,0.0026089992575367613,0.0,1.9,0.0,True,0.050166358382280896,3,172.63953888863603
2025-06-16 06:00:00,26.70333624306618,97.538385514829,0.08624895911813586,0.02640311944122978,0.009592187484287055,99.98589384193487,0.009592187484287055,4.0,0.5,0.5,True,0.0,3,177.13692988937848
2025-06-16 07:00:00,27.40551860097987,96.01673632852425,0.14543078664660888,0.05816104613691046,0.03471015206093535,99.94895565873392,0.03471015206093535,0.0,1.2,0.5,True,0.0,3,178.32733770189418
2025-06-16 08:00:00,28.04763381503964,94.85571260927505,0.19499044444837849,0.08670495293859859,0.055881432380269144,99.91782142297019,0.055881432380269144,0.0,1.5,0.5,True,0.0,3,179.79262754983324
2025-06-16 09:00:00,28.8545327630793,90.86983734564299,0.3626616504678083,0.16169912107338605,0.10556363296204511,99.84475936329112,0.10556363296204511,0.0,0.9,0.5,True,0.0,3,180.636746117453
2025-06-16 10:00:00,29.55609664243067,91.40479697157814,0.3555164773498927,0.16818520082623797,0.11163446867524894,99.83583166371287,0.11163446867524894,0.0,0.4,0.5,True,0.0,3,180.93118248449093
2025-06-16 11:00:00,33.31888407303933,85.76338572636625,0.7290317056117055,0.35837476670592167,0.2591018091153814,99.6189679277715,0.2591018091153814,0.0,0.3,0.5,False,0.0,3,181.1195480158157
2025-06-16 12:00:00,34.8578015768039,83.93309575213915,0.896314845768506,0.44607010081955567,0.31436449172331976,99.4507848517078,0.37346630083870114,0.0,0.2,0.5,False,0.0,3,181.1195480158157
2025-06-16 13:00:00,34.60797254824236,82.9181022610288,0.9398442406769694,0.45170233017065486,0.30239353489191106,99.15314730039616,0.5758598357306122,0.0,0.1,0.5,False,0.0,3,181.1195480158157
2025-06-16 14:00:00,34.6337081911449,81.98791093345022,0.9924378712521797,0.44917807509446284,0.29516551534835017,98.71908036606035,0.8710253510789623,0.0,0.0,0.5,False,0.0,3,181.1195480158157
2025-06-16 15:00:00,32.80468984669604,85.32076195401876,0.7303365041604447,0.33415965548621707,0.20908250423611513,99.69252572906454,0.20908250423611513,4.0,2.0,0.5,False,0.0,3,186.24852266473673
2025-06-16 16:00:00,30.801789295334338,90.12490280473057,0.4386660625692553,0.18814231820412441,0.10396936946727693,99.68668842102443,0.21305187370339207,0.0,0.1,0.5,True,0.0,3,186.24852266473673
2025-06-16 17:00:00,29.211859599049536,92.59081371855784,0.3004411701254986,0.10121050666294304,0.03859629153414182,99.62992916876833,0.25164816523753386,0.0,0.0,0.5,True,0.0,3,186.24852266473673
2025-06-16 18:00:00,28.5764426970567,100.0,0.0,0.010756512490830417,0.006169898441537909,99.62085578870725,0.2578180636790718,0.0,0.0,0.0,True,0.23840377641386679,3,186.24852266473673
2025-06-16 19:00:00,27.943619670440082,99.85063452649362,0.005627403005168548,0.000440905302456099,0.002015600948413337,99.61789166966545,0.25983366462748514,0.0,0.0,0.0,True,0.015193194625862105,3,186.24852266473673
2025-06-16 20:00:00,27.704461379049302,99.82603659071768,0.0064633852892112065,0.0010898207605434464,0.002244857440333431,99.61459040872379,0.26207852206781856,0.0,0.0,0.0,True,0.0,3,186.24852266473673
2025-06-16 21:00:00,27.434582739558607,99.87342683963413,0.004629105672161829,0.0007046660047434508,0.00147129818053229,99.61242673492889,0.26354982024835083,0.0,0.0,0.0,True,0.0,3,186.24852266473673
2025-06-16 22:00:00,27.21569545216778,99.86496914003898,0.00487556780137731,0.0007868935398052043,0.001344629504004387,99.61044933859948,0.2648944497523552,0.0,0.0,0.0,True,0.0,3,186.24852266473673
2025-06-16 23:00:00,26.95072302885193,99.91498180499576,0.0030224358924146196,0.00039111149658986057,0.00012092749474457501,99.61027150404838,0.2650153772470998,0.0,0.0,0.0,True,0.00267160879019665,3,186.24852266473673
2025-06-17 00:00:00,26.73371876894879,99.90743056304001,0.003249205724082204,0.0004429816855595523,0.0,99.7573303275778,0.16501537724709978,0.0,0.1,0.0,True,0.0,3,186.24852266473673
2025-06-17 01:00:00,26.648267255070756,99.79883317567202,0.007025603563772352,0.0013528127883735215,0.002888945145537594,99.99575155125656,0.002888945145537594,0.0,0.3,0.0,True,0.0,3,186.38350728748964
2025-06-17 02:00:00,26.49157891762138,99.85306005107019,0.00508465977822753,0.0009502070359273205,0.0,99.99575155125656,0.002888945145537594,0.0,0.0,0.0,True,0.0,3,186.38350728748964
2025-06-17 03:00:00,26.244625760451513,99.91157334892107,0.003015663709908195,0.0004165606749048115,0.0,100.0,0.0,0.0,0.1,0.0,True,0.0018078621652789506,3,186.4806183423441
2025-06-17 04:00:00,26.032740063098277,99.90613140543216,0.003161448274556222,0.0004381917341074266,0.0014721287444110756,99.99783510478764,0.0014721287444110756,0.0,0.1,0.0,True,0.0,3,186.58061834234408
2025-06-17 05:00:00,26.847579665209814,99.99999999999999,3.9230646484887605e-16,0.008461804028125687,0.010857536262844596,99.98186813969521,0.012329665007255672,0.0,0.0,0.0,True,0.24234669808162917,3,186.58061834234408
2025-06-17 06:00:00,28.308969608700572,95.0649206123076,0.1899248599593162,0.07876900375454328,0.05311484747730273,99.92188993018044,0.05311484747730273,4.0,0.1,0.5,True,0.0,3,190.66828867733682
2025-06-17 07:00:00,30.072431193763236,89.22593888846028,0.4590530836438009,0.2005740102422503,0.13251364101002494,99.80512699851467,0.13251364101002494,0.0,1.1,0.5,False,0.0,3,191.7151738298595
2025-06-17 08:00:00,31.416594248550773,86.47144467399184,0.6223471036756185,0.2709814740000718,0.17730820298327107,99.54437964118632,0.30982184399329604,0.0,0.0,0.5,False,0.0,3,191.7151738298595
2025-06-17 09:00:00,33.21580212685076,83.91945924698807,0.8187177411869027,0.3679224235742308,0.24630769287255144,99.47628009284433,0.3561295368658475,0.0,0.2,0.5,False,0.0,3,191.7151738298595
2025-06-17 10:00:00,32.90468036120838,85.36417540603422,0.7322765205395236,0.33476679259521763,0.21617172397768006,99.68210040591518,0.21617172397768006,0.0,0.5,0.5,False,0.0,3,191.85904429299367
2025-06-17 11:00:00,35.76242433729066,79.94345007310294,1.17611458825171,0.5325374207860843,0.36078123474802837,99.46943936066467,0.36078123474802837,0.0,0.4,0.5,False,0.0,3,192.042872569016
2025-06-17 12:00:00,33.18490582200948,84.42940415422663,0.7913839833876795,0.37946612901819815,0.24048354525781654,99.64634772756203,0.24048354525781654,0.0,4.9,0.5,False,0.0,3,196.58209133426797
2025-06-17 13:00:00,31.87686551508204,87.39743270579723,0.5950668271270222,0.24479594867435275,0.1419399215700926,99.58467137231189,0.28242346682790914,0.0,0.1,0.5,False,0.0,3,196.58209133426797
2025-06-17 14:00:00,33.96279843884652,84.23538655561885,0.8368254245370329,0.34672284409078996,0.226465764436467,99.39869230696415,0.40888923126437615,0.0,0.1,0.5,False,0.0,3,196.58209133426797
2025-06-17 15:00:00,34.19626489655924,83.8913763917663,0.8662677099254182,0.3551064205746256,0.2203082604056667,99.67601726410932,0.2203082604056667,4.0,0.1,0.5,False,0.0,3,200.2732021030036
2025-06-17 16:00:00,30.350909179000464,91.76799745894473,0.35638131759936204,0.19875308379333398,0.11918378245983888,99.82472973167671,0.11918378245983888,0.0,8.1,0.5,True,0.0,3,208.15289384259793
2025-06-17 17:00:00,28.40737036899404,94.37003161417563,0.2179090149766518,0.08687267663480831,0.03924888965570034,99.91406959983009,0.058432672115539215,0.0,0.1,0.5,True,0.0,3,208.15289384259793
2025-06-17 18:00:00,29.276227574350536,99.95854567791469,0.0016872182818492495,0.012624967440898253,0.005315048626640176,99.90625335184974,0.0637477207421794,0.0,0.0,0.0,True,0.03830363875872607,3,208.15289384259793
2025-06-17 19:00:00,28.641779683128803,99.85106778318593,0.005843352264087565,0.0004935501631518855,7.962640170438509e-05,99.99988290235044,7.962640170438509e-05,0.0,0.3,0.0,True,0.0157578095342642,3,208.38914612185576
2025-06-17 20:00:00,28.283021301099424,99.92980810872523,0.002697242032301792,0.00029420662790279094,0.0,100.0,0.0,0.0,2.1,0.0,True,0.01410443313436538,3,210.48906649545407
2025-06-17 21:00:00,27.264225349209514,99.86676119886336,0.004824553509266277,0.0002754306821183253,0.003771557753537181,99.99445359153891,0.003771557753537181,0.0,9.3,0.0,True,0.07087489920487265,3,219.78906649545408
2025-06-17 22:00:00,26.274040855682745,99.97617600933555,0.0008138941443340698,9.033999932642e-05,0.0027793207848674597,99.99591276355166,0.0027793207848674597,0.0,7.4,0.0,True,0.1360859406730884,3,227.18529493770055
2025-06-17 23:00:00,26.185343860087976,99.88566251458002,0.003885696899246968,0.0006845669988948759,0.0012010392442037396,99.994146529369,0.003980360029071199,0.0,0.0,0.0,True,0.0,3,227.18529493770055
2025-06-18 00:00:00,26.087495117598547,99.88643038949805,0.00383736379247012,0.0007183680380533598,0.0002265108714830081,99.99966689577722,0.0002265108714830081,0.0,0.1,0.0,True,0.0,3,227.28131457767148
2025-06-18 01:00:00,25.91647661994738,99.8988480069581,0.003383411563171711,0.000544638909630533,0.0025557241390442424,99.99624158214846,0.0025557241390442424,0.0,0.7,0.0,True,0.0,3,227.9810880668
2025-06-18 02:00:00,25.72501495026362,99.90234109871278,0.0032297593780496927,0.0004843940278270511,0.0011913258069666695,99.99824805028388,0.0011913258069666695,0.0,2.8,0.0,True,0.0,3,230.77853234266095
2025-06-18 03:00:00,25.659999166503432,99.83721890487386,0.005362771089507427,0.0010483816821605994,0.0036132488904959733,99.99468639869045,0.0036132488904959733,0.0,0.6,0.0,True,0.0,3,231.377341016854
2025-06-18 04:00:00,25.62955569512371,99.78722668831394,0.006997111031498322,0.001448839173753571,0.004934093413241548,99.99274398027464,0.004934093413241548,0.0,0.1,0.0,True,0.0,3,231.47372776796348
2025-06-18 05:00:00,26.36740070057406,100.0,0.0,0.008530845957750659,0.014728453109277886,99.9783405101334,0.014728453109277886,0.0,0.1,0.0,True,0.24053828710000685,3,231.56879367455025
2025-06-18 06:00:00,27.06556193026273,97.79827050905645,0.07880158662506428,0.03412279076058223,0.01671313032889888,99.97542186716338,0.01671313032889888,4.0,1.1,0.5,True,0.0,3,236.65406522144096
2025-06-18 07:00:00,29.83408151230655,89.17008972974008,0.4551650702097086,0.1940079742363942,0.13093704091447034,99.80744552806695,0.13093704091447034,0.0,0.2,0.5,False,0.0,3,236.83735209111205
2025-06-18 08:00:00,31.769007867503436,85.01139041457789,0.703424655646099,0.30916697962496553,0.203582069765381,99.65511895488257,0.23451911067985134,0.0,0.1,0.5,False,0.0,3,236.83735209111205
2025-06-18 09:00:00,33.33985687931923,83.41584261398602,0.8502424203400144,0.3783177968428121,0.24762613900699126,99.635843913225,0.24762613900699126,0.0,0.3,0.5,False,0.0,3,236.9028329804322
2025-06-18 10:00:00,33.84199067714834,81.48810735910727,0.976065593251716,0.4204686874570178,0.27018189130758496,99.38557642600797,0.41780803031457625,0.0,0.1,0.5,False,0.0,3,236.9028329804322
2025-06-18 11:00:00,35.59243357867149,80.33585140725637,1.142374147215658,0.5131017537211572,0.3450240185975794,99.1723058104233,0.5628320489121557,0.0,0.2,0.5,False,0.0,3,236.9028329804322
2025-06-18 12:00:00,31.786690987784333,84.99963061980502,0.7046815167926572,0.278175440137678,0.14114042169320953,99.11180519028623,0.6039724706053652,0.0,0.1,0.5,False,0.0,3,236.9028329804322
2025-06-18 13:00:00,31.804741178060276,83.34149514352289,0.7833766073957691,0.27850604859638084,0.14674528219052368,98.89600330471194,0.7507177527958888,0.0,0.0,0.5,False,0.0,3,236.9028329804322
2025-06-18 14:00:00,34.211365282829604,78.90663027047269,1.1352833078849043,0.43827659668102276,0.27258849395906154,98.49513787241919,1.0233062467549503,0.0,0.0,0.5,False,0.0,3,236.9028329804322
2025-06-18 15:00:00,31.172345755632755,83.95441030484875,0.7279661203046366,0.2554886828717518,0.11862532185127185,99.82555099727755,0.11862532185127185,4.0,0.0,0.5,False,0.0,3,239.87952673367727
2025-06-18 16:00:00,29.87148534297526,87.52972778198757,0.5252339190176811,0.19812273799720992,0.10887778941264749,99.81249542461188,0.12750311126391933,0.0,0.1,0.5,False,0.0,3,239.87952673367727
2025-06-18 17:00:00,27.579925246093467,97.18409712412141,0.10386330327178231,0.042560314258874195,0.009244483501088953,99.98640517132192,0.009244483501088953,0.0,2.9,0.5,True,0.0,3,242.65202362241334
2025-06-18 18:00:00,27.955137655214173,99.70981353477455,0.010940226632892165,0.0074547709869130455,0.012484624877232951,99.96804542885542,0.021729108378321906,0.0,0.0,0.0,True,0.0,3,242.65202362241334
2025-06-18 19:00:00,27.667999583597584,99.70473063958714,0.010947030266136082,0.002013417974760991,0.007803400208424356,99.95656984031362,0.02953250858674626,0.0,0.0,0.0,True,0.0,3,242.65202362241334
2025-06-18 20:00:00,27.410084888829786,99.82766224041711,0.006293811421767145,0.0011275667793824145,0.0040581639927329055,99.99403211177538,0.0040581639927329055,0.0,0.2,0.0,True,0.0,3,242.8224911138266
2025-06-18 21:00:00,27.2671317779884,99.80889955824055,0.006920890946747984,0.0013134101105988414,0.004635702556521112,99.99318279035806,0.004635702556521112,0.0,0.2,0.0,True,0.0,3,243.01843294983388
2025-06-18 22:00:00,27.036270967286736,99.90889853085594,0.003254995330759318,0.0005040864988471377,0.002104357229258614,99.99690535701579,0.002104357229258614,0.0,0.6,0.0,True,0.001582300878718787,3,243.61379724727735
2025-06-18 23:00:00,26.757201753037656,99.91756288196409,0.0028975561587444025,0.00032942524445494755,0.0019165605173931,99.99718152865088,0.0019165605173931,0.0,0.1,0.0,True,0.0033820320010941735,3,243.71169289004808
2025-06-19 00:00:00,26.535790032517134,99.90807979858461,0.0031890665886765,0.00042640289095919833,0.0025054188714056015,99.99631556048323,0.0025054188714056015,0.0,0.2,0.0,True,0.0001004839458182416,3,243.9097763295307
2025-06-19 01:00:00,26.401540387992387,99.89306174231487,0.003680877811504707,0.000631560759230281,0.0011882536268141986,99.99825256819587,0.0011882536268141986,0.0,0.2,0.0,True,0.0,3,244.10727091065928
2025-06-19 02:00:00,26.22013420269336,99.90087299996863,0.0033757015060372347,0.0005259819989618445,0.0005718531051572343,99.99915903955124,0.0005718531051572343,0.0,10.1,0.0,True,0.0,3,254.20608265703245
2025-06-19 03:00:00,26.18093130831531,99.91975676756834,0.002726312118999246,0.0005555668128213567,0.00040896634509155584,99.99939857890428,0.00040896634509155584,0.0,2.3,0.0,True,0.0,3,256.5055108039273
2025-06-19 04:00:00,26.098359730377577,99.92722569273216,0.0024605242244069487,0.0004421872868699212,0.0006570017171728062,99.99903382100416,0.0006570017171728062,0.0,0.2,0.0,True,0.0,3,256.70510183758216
2025-06-19 05:00:00,26.387251853039146,100.0,0.0,0.004628779231957715,0.004732949895309251,99.99303977956572,0.004732949895309251,0.0,0.1,0.0,True,0.1881159681395052,3,256.804444835865
2025-06-19 06:00:00,26.464710994291742,97.8519534450454,0.07421273353019585,0.024616532811478655,0.01009460078364259,99.98515499884758,0.01009460078364259,4.0,1.0,0.5,True,0.0,3,261.7997118859697
2025-06-19 07:00:00,28.10943310148783,92.91079131613138,0.2696793359795835,0.12517904791408938,0.08461148710717409,99.87557134248945,0.08461148710717409,0.0,0.2,0.5,True,0.0,3,261.98961728518606
2025-06-19 08:00:00,27.95963670904113,92.61733278324273,0.27840450829271574,0.12018174757440991,0.07314102352506857,99.89243967128665,0.07314102352506857,0.0,0.3,0.5,True,0.0,3,262.2050057980789
2025-06-19 09:00:00,29.203635497418926,90.0813174653439,0.4020099825528024,0.17204274542078699,0.11126068073145202,99.83638135186551,0.11126068073145202,0.0,0.2,0.5,True,0.0,3,262.3318647745538
2025-06-19 10:00:00,29.648962794222417,89.95405685987289,0.4177481311626189,0.1912006811414927,0.12287819691461609,99.80273694463814,0.1341388776460681,0.0,0.1,0.5,False,0.0,3,262.3318647745538
2025-06-19 11:00:00,34.639411808811495,82.53781580381994,0.9624431416871874,0.4548773946400719,0.3255330457273231,99.32401187739207,0.45967192337339124,0.0,0.0,0.5,False,0.0,3,262.3318647745538
2025-06-19 12:00:00,35.59848572769988,82.29860068670632,1.028692228671502,0.5027689969226645,0.34740816639341654,98.96017633857822,0.7070800897668078,0.0,0.1,0.5,False,0.0,3,262.3318647745538
2025-06-19 13:00:00,35.45440323759165,83.19885693321682,0.9686603062987368,0.4613417936950442,0.3145234885711199,98.79175944362069,0.8216035783379276,0.0,0.2,0.5,False,0.0,3,262.3318647745538
2025-06-19 14:00:00,34.37509480245741,84.45898881400194,0.8440888522891346,0.38900881812806865,0.25355252810843787,98.71300572581416,0.8751561064463655,0.0,0.2,0.5,False,0.0,3,262.3318647745538
2025-06-19 15:00:00,30.489472584444197,88.55369766870221,0.49947695595280234,0.261306249173462,0.1589652652970766,99.76622755103371,0.1589652652970766,4.0,14.3,0.5,False,0.0,3,279.7567086681075
2025-06-19 16:00:00,27.46690456842218,95.76467904384242,0.15518956640429885,0.06857239198608331,0.02716328769159941,99.96005398868883,0.02716328769159941,0.0,0.4,0.5,True,0.0,3,279.9977434028104
2025-06-19 17:00:00,27.98905106704606,95.78487001482414,0.15922743246883259,0.05805702659021724,0.03099877860749191,99.91446754956016,0.05816206629909132,0.0,0.0,0.5,True,0.0,3,279.9977434028104
2025-06-19 18:00:00,28.399720064866376,100.0,0.0,0.010130227579676018,0.007718157497112226,99.90311731794675,0.06588022379620355,0.0,0.0,0.0,True,0.16557628282290393,3,279.9977434028104
2025-06-19 19:00:00,28.096116355590624,99.75363787101121,0.009364559988580826,0.0014859474380238742,0.0019178851252168497,99.99717958069822,0.0019178851252168497,0.0,2.0,0.0,True,0.0,3,281.93186317901416
2025-06-19 20:00:00,27.746578173887244,99.84398779751753,0.005810692911399382,0.0008900997790859972,0.0006968426691838643,99.99897523136885,0.0006968426691838643,0.0,1.9,0.0,True,0.0005562191724518828,3,283.82994529388895
2025-06-19 21:00:00,27.384874864525873,99.92992352818159,0.0025554366335742208,0.0002794072650183658,0.001148319441469802,99.99831129493901,0.001148319441469802,0.0,0.1,0.0,True,0.014249226546354798,3,283.9292484512198
2025-06-19 22:00:00,26.926794359775016,100.0,0.0,4.599785940439327e-05,0.0,99.99831129493901,0.001148319441469802,0.0,0.0,0.0,True,0.09248451084388418,3,283.9292484512198
2025-06-19 23:00:00,26.67130279612885,99.99464816665677,0.00018716226586371865,4.0499987070644373e-07,0.0,99.99831129493901,0.001148319441469802,0.0,0.0,0.0,True,0.0347133557081436,3,283.9292484512198
2025-06-20 00:00:00,26.45869459683871,99.98935321108016,0.0003677049408784491,9.614454068860353e-06,0.0,99.99831129493901,0.001148319441469802,0.0,0.0,0.0,True,0.02351731226770369,3,283.9292484512198
2025-06-20 01:00:00,26.40455123455048,99.96608637399223,0.0011675341282262823,0.00017607124803508135,0.0,99.99831129493901,0.001148319441469802,0.0,0.0,0.0,True,0.0,3,283.9292484512198
2025-06-20 02:00:00,26.159889346275932,99.95401679992055,0.001560367312376087,0.00012135747964854351,0.0,99.99831129493901,0.001148319441469802,0.0,0.0,0.0,True,0.009258636818171295,3,283.9292484512198
2025-06-20 03:00:00,26.092894404616484,99.92484414691853,0.002540224881332602,0.00045549245458557485,0.0,99.99831129493901,0.001148319441469802,0.0,0.0,0.0,True,0.0,3,283.9292484512198
2025-06-20 04:00:00,26.0018800130031,99.9286550615249,0.002398483715358755,0.00041736661227324183,0.0,99.99831129493901,0.001148319441469802,0.0,0.0,0.0,True,0.0,3,283.9292484512198
2025-06-20 05:00:00,27.0513844809435,100.0,0.0,0.01303256046197852,0.012514120863371165,99.98159688108328,0.012514120863371165,0.0,0.1,0.0,True,0.6603962524865066,3,284.02810013177833
2025-06-20 06:00:00,27.143366153183024,96.77863946452172,0.11582201954199722,0.050743595076435354,0.030783672895775674,99.95472989280033,0.030783672895775674,4.0,0.5,0.5,True,0.0,3,288.51558601091494
2025-06-20 07:00:00,28.84693086915592,92.663978543706,0.2912679563843245,0.13603624885726934,0.09455981261545894,99.86094145203609,0.09455981261545894,0.0,0.3,0.5,True,0.0,3,288.7848023380192
2025-06-20 08:00:00,29.765741673027627,90.89741407052581,0.3810692874585013,0.18267911816380508,0.11941126318084402,99.82439520120464,0.11941126318084402,0.0,0.2,0.5,True,0.0,3,288.8902425254037
2025-06-20 09:00:00,33.36306851846997,86.83707985541737,0.6757181423205257,0.3281764020904918,0.23959575197772998,99.61910733064916,0.259007015158574,0.0,0.1,0.5,False,0.0,3,288.8902425254037
2025-06-20 10:00:00,34.74862301265481,84.99124418653271,0.8322400067857683,0.41348329790770005,0.2864688091418844,99.3448884936758,0.4454758243004584,0.0,0.1,0.5,False,0.0,3,288.8902425254037
2025-06-20 11:00:00,37.002629508716595,83.2615128256287,1.0504595458880477,0.5265139714838025,0.3848655599538902,98.92596855256713,0.7303413842543487,0.0,0.1,0.5,False,0.0,3,288.8902425254037
2025-06-20 12:00:00,37.55019443519993,81.65750437706048,1.1859002011244923,0.5650771820646275,0.3880823864166773,98.50231798430733,1.018423770671026,0.0,0.1,0.5,False,0.0,3,288.8902425254037
2025-06-20 13:00:00,33.430512397535026,82.40744408548447,0.9065263072558238,0.4826650153944914,0.30191714968910927,99.55600419163366,0.30191714968910927,0.0,5.2,0.5,False,0.0,3,293.0718187547327
2025-06-20 14:00:00,28.305359237343037,94.76774826951399,0.20131920971070627,0.12735943988222156,0.06774123254383724,99.90038054037672,0.06774123254383724,0.0,7.0,0.5,True,0.0,3,299.7699016050436
2025-06-20 15:00:00,27.417698595910643,95.69479248482206,0.1572971144155236,0.0635462370784349,0.031340034793613594,99.9539117135388,0.031340034793613594,4.0,0.6,0.5,True,0.0,3,304.3021603724997
2025-06-20 16:00:00,28.65066103915641,94.18884049997837,0.22811807826676833,0.0952645455762086,0.060534860545624035,99.91097814625644,0.060534860545624035,0.0,0.2,0.5,True,0.0,3,304.4708203377061
2025-06-20 17:00:00,28.479227503686833,94.95477030336603,0.19609259316155053,0.08224785283217577,0.046389301798150415,99.84275858478857,0.10692416234377444,0.0,0.0,0.5,True,0.0,3,304.4708203377061
2025-06-20 18:00:00,28.025206909936134,99.99999999999999,4.2027289273465525e-16,0.010788442187112016,0.004163994639614844,99.83663506325972,0.11108815698338928,0.0,0.0,0.0,True,0.47058122493403964,3,304.4708203377061
2025-06-20 19:00:00,27.366323483595906,99.89445625998141,0.003844625484898987,0.00021773260926365943,0.0,99.83663506325972,0.11108815698338928,0.0,0.0,0.0,True,0.034385029836500255,3,304.4708203377061
2025-06-20 20:00:00,27.18429697003218,99.81601297469628,0.006631023640522922,0.0011672046897527395,0.0,99.98369388678914,0.011088156983389275,0.0,0.1,0.0,True,0.0,3,304.4708203377061
2025-06-20 21:00:00,27.156164958666153,99.87495950609564,0.004499126556102026,0.0009752816357674192,0.0,100.0,0.0,0.0,0.1,0.0,True,0.0,3,304.5597321807227
2025-06-20 22:00:00,27.07750944687662,99.88389036113766,0.004158565257544114,0.0008112018783222776,0.0,100.0,0.0,0.0,0.0,0.0,True,0.0,3,304.5597321807227
2025-06-20 23:00:00,26.97166693381235,99.84558025016084,0.0054964444844951155,0.001039439137039969,0.0007178038351911061,99.99894440612472,0.0007178038351911061,0.0,0.2,0.0,True,0.0,3,304.75973218072266
2025-06-21 00:00:00,26.434329236963777,99.91515209504306,0.0029261631370154032,0.00026258974946419305,0.0012021931135989931,99.99823206895059,0.0012021931135989931,0.0,5.2,0.0,True,0.028346564447453634,3,309.95901437688747
2025-06-21 01:00:00,26.409053700631315,99.74489122699198,0.008784883087112,0.001766763271364045,0.0006572200982643115,99.9990334998555,0.0006572200982643115,0.0,3.8,0.0,True,0.0,3,313.75781218377386
2025-06-21 02:00:00,26.220301718040812,99.90094620831,0.003373241793957212,0.0006057557921141395,0.0,100.0,0.0,0.0,0.4,0.0,True,2.2505481801077254e-06,3,314.1571549636756
2025-06-21 03:00:00,26.229213771728794,99.8252273808525,0.005954950688297034,0.001251462396233276,0.0,100.0,0.0,0.0,0.0,0.0,True,0.0,3,314.1571549636756
2025-06-21 04:00:00,26.09903535447609,99.89148919919386,0.003668933715772191,0.0006838481729729314,0.0,100.0,0.0,0.0,0.1,0.0,True,0.0,3,314.25715496367565
2025-06-21 05:00:00,26.879856146253886,100.0,0.0,0.009999102031373717,0.004541040860742891,99.9933219987342,0.004541040860742891,0.0,0.0,0.0,True,0.4131056703411049,3,314.25715496367565
2025-06-21 06:00:00,27.58731887027251,95.58355933222744,0.1629687789917638,0.0628661437962945,0.037190364777675754,99.94530828709165,0.037190364777675754,4.0,0.0,0.5,True,0.0,3,318.25261392281493
2025-06-21 07:00:00,28.76506103373521,92.85408479575443,0.2823788995104609,0.1208658921278607,0.07764729742473764,99.83112108499645,0.1148376622024134,0.0,0.0,0.5,True,0.0,3,318.25261392281493
2025-06-21 08:00:00,30.8667377714127,89.62443875562748,0.4626068728905772,0.22228020826828393,0.15716357890542434,99.76887708984496,0.15716357890542434,0.0,0.2,0.5,False,0.0,3,318.33777626061254
2025-06-21 09:00:00,31.57135963647376,87.16934670559647,0.5954461817182519,0.2874202089809968,0.19355625479417518,99.71535844883209,0.19355625479417518,0.0,0.4,0.5,False,0.0,3,318.5806126817071
2025-06-21 10:00:00,32.700297378137044,86.60239714019427,0.6626724286332737,0.32012861992062386,0.22022831214199204,99.5385521074468,0.3137845669361672,0.0,0.1,0.5,False,0.0,3,318.5806126817071
2025-06-21 11:00:00,33.28257658366159,84.82990720148177,0.7752565413787097,0.3669461404386927,0.24660077721689636,99.63735179821045,0.24660077721689636,0.0,0.5,0.5,False,0.0,3,318.76682811477093
2025-06-21 12:00:00,32.217587151299306,86.48034277771589,0.6507756558644437,0.2980576457540901,0.18930357253545768,99.50602301507007,0.33590434975235406,0.0,0.1,0.5,False,0.0,3,318.76682811477093
2025-06-21 13:00:00,32.176172267124336,86.4968742295984,0.6484627450762026,0.2884894110446772,0.18525776357959864,99.67476159804124,0.2211621133319527,0.0,0.3,0.5,False,0.0,3,318.76682811477093
2025-06-21 14:00:00,30.973755560663307,89.25274539493527,0.48210938843062656,0.21160307824144334,0.12695632097147047,99.81329952798313,0.12695632097147047,0.0,0.9,0.5,False,0.0,3,319.44566600143895
2025-06-21 15:00:00,31.855309759970215,87.81216424528155,0.5747828091900747,0.23514807620244343,0.14510451175308112,99.78661101212782,0.14510451175308112,4.0,0.1,0.5,False,0.0,3,323.4187096804675
2025-06-21 16:00:00,30.725358648842377,89.0850349311763,0.48274961860703036,0.19093741613926854,0.10276062851341558,99.84888142865674,0.10276062851341558,0.0,0.3,0.5,False,0.0,3,323.5736051687144
2025-06-21 17:00:00,29.379624699630316,91.77756628914851,0.3366591911786553,0.12117891588877176,0.0538142738527345,99.92086136198127,0.0538142738527345,0.0,0.8,0.5,True,0.0,3,324.270844540201
2025-06-21 18:00:00,28.161738931462665,100.0,0.0,0.010644355237134166,0.0057589938564524676,99.99153089138757,0.0057589938564524676,0.0,4.3,0.0,True,0.560580491892194,3,328.51703026634823
2025-06-21 19:00:00,27.097245319089062,99.9862022648054,0.0004947497321001823,2.166153434871355e-17,0.00028723217418475354,99.99957759974384,0.00028723217418475354,0.0,5.4,0.0,True,0.16248973589889115,3,333.9112712724918
2025-06-21 20:00:00,26.473856342822266,100.0,0.0,8.905495177838344e-06,0.0004600702597520814,99.99932342608861,0.0004600702597520814,0.0,3.4,0.0,True,0.10150113774954443,3,337.3109840403176
2025-06-21 21:00:00,26.32538899589218,99.9391588392793,0.002084808443951505,0.0002430863699527716,0.000517169285034147,99.99923945693378,0.000517169285034147,0.0,2.2,0.0,True,0.0,3,339.5105239700578
2025-06-21 22:00:00,26.40252467113966,99.81412778503321,0.006398202241923765,0.0013950408379908594,0.0,100.0,0.0,0.0,5.9,0.0,True,0.0,3,345.4100068007728
2025-06-21 23:00:00,26.21937399394301,99.90054076632333,0.0033868635421474723,0.0005734456266785668,0.0010563010137262113,99.99844661615629,0.0010563010137262113,0.0,0.3,0.0,True,0.0,3,345.7100068007728
2025-06-22 00:00:00,26.025494379005803,99.90295012832041,0.003267192736822275,0.0004865232690246702,0.00035941611076148477,99.99947144689594,0.00035941611076148477,0.0,0.4,0.0,True,0.0,3,346.1089504997591
2025-06-22 01:00:00,25.61358907031669,100.0,0.0,5.880946926282079e-05,0.0,100.0,0.0,0.0,2.7,0.0,True,0.0745555320633258,3,348.8085910836483
2025-06-22 02:00:00,25.55825864006852,99.83618617929602,0.00536433757658285,0.0010031078478334849,0.0,100.0,0.0,0.0,2.8,0.0,True,0.0,3,351.6085910836483
2025-06-22 03:00:00,25.419499269779212,99.93583568488498,0.002083928985769793,0.0003567241975815092,0.0,100.0,0.0,0.0,1.7,0.0,True,0.00039393862997713636,3,353.3085910836483
2025-06-22 04:00:00,25.514676104792247,99.85322620773651,0.004793925070030973,0.001092638469561189,6.0769593174333695e-05,99.99991063295121,6.0769593174333695e-05,0.0,0.6,0.0,True,0.0,3,353.90859108364833
2025-06-22 05:00:00,25.964337357809942,100.0,0.0,0.0061989437124850754,0.00583748065993253,99.99141546961775,0.00583748065993253,0.0,0.3,0.0,True,0.24227129394770905,3,354.20853031405517
2025-06-22 06:00:00,28.00515825897455,94.88928792551637,0.19323938593461906,0.08800942603182707,0.06399010966731906,99.90589689754806,0.06399010966731906,4.0,0.4,0.5,True,0.0,3,358.6026928333952
2025-06-22 07:00:00,29.41369107897892,92.09537308417062,0.32428280010248234,0.15064482405390686,0.10414106347035458,99.84685137724948,0.10414106347035458,0.0,0.7,0.5,True,0.0,3,359.2387027237279
2025-06-22 08:00:00,32.46603259865775,86.5637139295762,0.6558834079335556,0.30855423256886955,0.2213931162055278,99.66833208871194,0.22553417967588235,0.0,0.1,0.5,False,0.0,3,359.2387027237279
2025-06-22 09:00:00,34.82935733023187,84.29571789054961,0.8747076380327626,0.4216807404077686,0.30261410441023906,99.517428993991,0.3281482840861214,0.0,0.2,0.5,False,0.0,3,359.2387027237279
2025-06-22 10:00:00,35.688317847467644,82.30780251173564,1.0332508997773773,0.49009680208530365,0.3377751879432042,99.46187724701569,0.3659234720293256,0.0,0.3,0.5,False,0.0,3,359.2387027237279
2025-06-22 11:00:00,32.95035417056636,84.16642919785627,0.7942367997313324,0.35776550690021613,0.21907210275729844,99.58088886060791,0.2849955747866241,0.0,0.3,0.5,False,0.0,3,359.2387027237279
2025-06-22 12:00:00,33.21666235436529,85.67847668625846,0.7291950109533886,0.35556638651035793,0.23880090203048535,99.64882220289635,0.23880090203048535,0.0,3.8,0.5,False,0.0,3,362.75370714894126
2025-06-22 13:00:00,36.286556510700976,82.32165297792898,1.0668959688191189,0.4984632599620493,0.3550805517238385,99.27370374447894,0.49388145375432385,0.0,0.1,0.5,False,0.0,3,362.75370714894126
2025-06-22 14:00:00,32.28354236698332,83.95072571482488,0.7754193805843214,0.34099922631836027,0.19859790879682934,99.70794425176936,0.19859790879682934,0.0,0.6,0.5,False,0.0,3,362.85982569518694
2025-06-22 15:00:00,31.136063795142018,88.51812624388698,0.5198430212312652,0.22144847468748238,0.12947895286305366,99.80958977520139,0.12947895286305366,4.0,0.1,0.5,False,0.0,3,366.7612277863901
2025-06-22 16:00:00,31.083435863593994,88.48141466315796,0.5199462410165843,0.207264622887066,0.1207769972528143,99.63197654394726,0.250255950115868,0.0,0.0,0.5,False,0.0,3,366.7612277863901
2025-06-22 17:00:00,30.01429841775035,91.03252303322374,0.3808080473701306,0.13690832183047402,0.06537621406926662,99.53583505266892,0.3156321641851346,0.0,0.0,0.5,True,0.0,3,366.7612277863901
2025-06-22 18:00:00,29.415534650961845,100.0,0.0,0.01449536117919301,0.007168060737280827,99.5252937868788,0.32280022492241545,0.0,0.0,0.0,True,0.31370971717532903,3,366.7612277863901
2025-06-22 19:00:00,28.37909222604548,99.90838109860583,0.0035403105776111317,0.00011600410278264379,0.0,99.5252937868788,0.32280022492241545,0.0,0.0,0.0,True,0.10114036172882389,3,366.7612277863901
2025-06-22 20:00:00,27.971988519268265,99.85519478860478,0.005464615199428674,0.0006545901504842206,0.0,99.5252937868788,0.32280022492241545,0.0,0.0,0.0,True,0.0017592770708917127,3,366.7612277863901
2025-06-22 21:00:00,27.569835570718006,99.85350287479629,0.005400296473580676,0.0006910187386926305,9.454621707052342e-05,99.96633121891252,0.02289477113948598,0.0,0.3,0.0,True,0.002084587274520794,3,366.7612277863901
2025-06-22 22:00:00,27.002902227381053,99.79601610097818,0.0072739582906285434,0.0008747705588196283,0.005422835817202981,99.99202524144529,0.005422835817202981,0.0,1.7,0.0,True,0.002794489434902042,3,368.43833301525063
2025-06-22 23:00:00,26.447915261314463,99.95663454974908,0.0014967487239335795,0.00017375944290486852,0.0,100.0,0.0,0.0,0.5,0.0,True,0.05278436840134258,3,368.9329101794334
2025-06-23 00:00:00,26.018276557438064,99.9794509774272,0.0006914896562153205,3.7871088621829456e-05,0.0,100.0,0.0,0.0,0.1,0.0,True,0.04821532238262517,3,369.03291017943343
2025-06-23 01:00:00,25.680730246079346,99.92689496195581,0.0024113828080466852,0.0001842835487892693,0.0,100.0,0.0,0.0,0.6,0.0,True,0.009708050830525838,3,369.63291017943345
2025-06-23 02:00:00,25.382282213885407,100.0,0.0,4.340489054486642e-05,0.0,100.0,0.0,0.0,3.6,0.0,True,0.0780331654452817,3,373.2329101794335
2025-06-23 03:00:00,25.161617586749475,100.0,0.0,3.207320943118357e-17,0.0,100.0,0.0,0.0,11.4,0.0,True,0.05717797268573431,3,384.63291017943345
2025-06-23 04:00:00,25.178153586671083,99.95381886248454,0.001478511930460675,0.00031134341094201355,0.0,100.0,0.0,0.0,0.6,0.0,True,0.0,3,385.2329101794335
2025-06-23 05:00:00,25.555290061329536,99.99999999999999,3.634957365380677e-16,0.005757225459646267,0.004917337763186603,99.99276862093649,0.004917337763186603,0.0,8.2,0.0,True,0.2712914461281038,3,393.43291017943346
2025-06-23 06:00:00,27.69972980597213,93.44371672523002,0.24352296773991472,0.09048421766479367,0.057459462542017475,99.91550079037938,0.057459462542017475,4.0,0.1,0.5,True,0.0,3,397.52799284167025
2025-06-23 07:00:00,29.67995353336617,90.78560934025565,0.3838524765347412,0.18035464515688743,0.12585543120078843,99.73041927390763,0.1833148937428059,0.0,0.0,0.5,True,0.0,3,397.52799284167025
2025-06-23 08:00:00,31.128053019614047,86.98345224694042,0.5890571020096523,0.27867929344234404,0.18822468113935334,99.72319899832448,0.18822468113935334,0.0,0.2,0.5,False,0.0,3,397.5446779479274
2025-06-23 09:00:00,32.043255873383615,85.94182687954671,0.6700701766543905,0.32409671902882853,0.219682827130934,99.54719484077899,0.30790750827028734,0.0,0.1,0.5,False,0.0,3,397.5446779479274
2025-06-23 10:00:00,32.88529219558315,85.17174485893733,0.7410974092397706,0.3596078440661528,0.24496405625509216,99.48107122863915,0.3528715645253795,0.0,0.2,0.5,False,0.0,3,397.5446779479274
2025-06-23 11:00:00,33.48509063843806,84.31795617244101,0.8105488316388547,0.3771173038200728,0.25048173510456123,99.55389220642655,0.30335329962994073,0.0,0.3,0.5,False,0.0,3,397.5446779479274
2025-06-23 12:00:00,35.63723621675038,82.06455596324722,1.0445180354941683,0.48766663391141923,0.3368843633386756,99.35259167210498,0.44023766296861633,0.0,0.2,0.5,False,0.0,3,397.5446779479274
2025-06-23 13:00:00,35.931158088023565,82.40743865423778,1.041232347377227,0.47458982701745955,0.3192491162569955,99.17722532466821,0.5594867792256117,0.0,0.2,0.5,False,0.0,3,397.5446779479274
2025-06-23 14:00:00,30.717972946888384,88.94023545114041,0.4889477826460494,0.24002158736529977,0.13535361610309912,99.80095056455427,0.13535361610309912,0.0,7.8,0.5,False,0.0,3,404.78519116870183
2025-06-23 15:00:00,28.583197996284266,93.18892975327053,0.26632640469376695,0.12214068450604396,0.06564857067489581,99.90345798430162,0.06564857067489581,4.0,3.5,0.5,True,0.0,3,412.14983755259874
2025-06-23 16:00:00,28.61525554703904,93.40279789961893,0.25844352145421723,0.11804880569637781,0.07447313494198818,99.89048068390885,0.07447313494198818,0.0,0.1,0.5,True,0.0,3,412.18418898192385
2025-06-23 17:00:00,28.08026434150352,93.83570561538639,0.2340971964253955,0.09476718825361168,0.05036353857554588,99.81641665659187,0.12483667351753405,0.0,0.0,0.5,True,0.0,3,412.18418898192385
2025-06-23 18:00:00,27.925117890584332,100.0,0.0,0.011472525045861232,0.0038967902851548644,99.99426942605125,0.0038967902851548644,0.0,0.3,0.0,True,0.26002036548098545,3,412.3593523084063
2025-06-23 19:00:00,27.17421219157557,99.82747169002258,0.0062143705542741755,0.00046689009426288165,0.0007813222597384609,99.99885099667686,0.0007813222597384609,0.0,0.1,0.0,True,0.019909801141392708,3,412.45545551812114
2025-06-23 20:00:00,27.116581340442025,99.7510895754752,0.008935381693200121,0.001815067788403551,0.0,99.99885099667686,0.0007813222597384609,0.0,0.0,0.0,True,0.0,3,412.45545551812114
2025-06-23 21:00:00,26.730511749582412,99.76353354447129,0.008298455166237069,0.0013456692329307817,0.0009171100943369814,99.9986513086848,0.0009171100943369814,0.0,2.7,0.0,True,0.0,3,415.1546741958614
2025-06-23 22:00:00,26.752011879207917,99.64957949257479,0.012313062885449179,0.002615094021630828,0.0,100.0,0.0,0.0,0.1,0.0,True,0.0,3,415.25375708576706
2025-06-23 23:00:00,26.435469625484178,99.8362660824335,0.00564709696674022,0.0009657156565340301,0.0,100.0,0.0,0.0,0.2,0.0,True,0.0,3,415.45375708576705
2025-06-24 00:00:00,26.22892795405744,99.90471569638588,0.0032465254684956213,0.0005058627486269718,0.0004440503775534944,99.99934698473889,0.0004440503775534944,0.0,0.1,0.0,True,8.159140988152347e-05,3,415.5537570857671
2025-06-24 01:00:00,25.955903689849706,99.91619789835336,0.002809622602421416,0.00032503482339652493,0.0005407652380548431,99.99920475700286,0.0005407652380548431,0.0,1.4,0.0,True,0.002856854230052011,3,416.9533130353895
2025-06-24 02:00:00,25.713424809593956,99.82480447251416,0.005790061309696365,0.00092439714516193,0.0014609016300056055,99.99785161524999,0.0014609016300056055,0.0,0.8,0.0,True,0.0,3,417.75277227015147
2025-06-24 03:00:00,25.71607897094325,99.78153742374828,0.007221135357737368,0.0015376663702527818,0.0,100.0,0.0,0.0,0.6,0.0,True,0.0,3,418.35131136852146
2025-06-24 04:00:00,25.644526437994276,99.79393979117906,0.006782364875132002,0.0013927785282451077,0.0015643641306044452,99.99769946451381,0.0015643641306044452,0.0,0.7,0.0,True,0.0,3,419.05131136852145
2025-06-24 05:00:00,26.028156363235826,100.0,0.0,0.00432453154734424,0.0036520736237463597,99.99462930349449,0.0036520736237463597,0.0,0.4,0.0,True,0.06488596593983778,3,419.4497470043909
2025-06-24 06:00:00,26.406028346410512,95.90049885895218,0.14114456982879256,0.057268384651832385,0.03407832473896954,99.94988481656034,0.03407832473896954,4.0,0.2,0.5,True,0.0,3,423.6460949307671
2025-06-24 07:00:00,26.837440498743614,95.38730207417483,0.16289644527129268,0.06938209680540912,0.04139406351165941,99.93912637718874,0.04139406351165941,0.0,0.1,0.5,True,0.0,3,423.71201660602816
2025-06-24 08:00:00,29.175514081600095,91.71900387263062,0.33508937144818457,0.16292928020367717,0.11948605498717557,99.82428521325414,0.11948605498717557,0.0,0.4,0.5,True,0.0,3,424.0706225425165
2025-06-24 09:00:00,31.04666234447454,87.9413990389415,0.5431845951769393,0.2570923077793255,0.17999646719585774,99.73529931294726,0.17999646719585774,0.0,0.2,0.5,False,0.0,4,424.1511364875293
2025-06-24 10:00:00,31.4846147820204,88.25966091803069,0.5421732061009289,0.27274861535641143,0.188835079456696,99.72230135374015,0.188835079456696,0.0,0.3,0.5,False,0.0,4,424.27114002033346
2025-06-24 11:00:00,31.653200509339516,86.35979055268415,0.6359589452215716,0.2997904599730551,0.19663009035947246,99.71083810241254,0.19663009035947246,0.0,0.3,0.5,False,0.0,4,424.3823049408768
2025-06-24 12:00:00,34.44229736981248,82.72593713849695,0.9417237637955711,0.4474993737844719,0.3118040312441445,99.39936158587703,0.408434121603617,0.0,0.1,0.5,False,0.0,4,424.3823049408768
2025-06-24 13:00:00,34.39846707724468,84.13264696850695,0.8629327144021965,0.4164304033278586,0.28504574985652786,99.12723548314685,0.5934798714601448,0.0,0.1,0.5,False,0.0,4,424.3823049408768
2025-06-24 14:00:00,34.88319327897191,84.10497998412691,0.8879725480848566,0.41714966871456016,0.27092516664405025,98.87587494396442,0.7644050381041951,0.0,0.1,0.5,False,0.0,4,424.3823049408768
2025-06-24 15:00:00,32.93018731450463,86.14567030749687,0.6941689246487545,0.3111001450649125,0.17874423864984326,99.73714082551494,0.17874423864984326,4.0,0.1,0.5,False,0.0,4,427.7178999027726
2025-06-24 16:00:00,30.79266347770635,86.35073071355777,0.6060048278816829,0.23268552554746222,0.11298692448494438,99.83384275811038,0.11298692448494438,0.0,2.0,0.5,False,0.0,4,429.53915566412275
2025-06-24 17:00:00,28.812711851315306,91.92100237239963,0.32013243851938245,0.12224723505472582,0.05813537304851618,99.91450680434042,0.05813537304851618,0.0,3.0,0.5,True,0.0,4,432.4261687396378
2025-06-24 18:00:00,28.685064391250858,100.0,0.0,0.011947601616840949,0.011508737439584835,99.89758219045868,0.06964411048810101,0.0,0.0,0.0,True,0.1430380991687876,4,432.4261687396378
2025-06-24 19:00:00,28.236247823860932,99.73630727202942,0.010105333976455817,0.0014457479929853815,0.003909986390978978,99.89183221047195,0.07355409687907999,0.0,0.0,0.0,True,0.0,4,432.4261687396378
2025-06-24 20:00:00,27.903457609519943,99.75603020480602,0.009170176402653411,0.0015851865298158285,0.0026038974878418754,99.99617073898847,0.0026038974878418754,0.0,0.1,0.0,True,0.0,4,432.4526146427587
2025-06-24 21:00:00,27.477164211139204,99.85645137221762,0.005263028366194884,0.0007164655276488449,0.0035089372731542377,99.99483979812771,0.0035089372731542377,0.0,2.1,0.0,True,0.00434565578451597,4,434.55001074527087
2025-06-24 22:00:00,26.860334235069274,99.92669341158522,0.0025922899435025393,0.00020732925113648934,0.0025970337650055865,99.99618083269853,0.0025970337650055865,0.0,0.3,0.0,True,0.0447184811936379,4,434.8465018079977
2025-06-24 23:00:00,26.541338228007266,99.8390699220029,0.005585109582732269,0.0007804615797501898,0.003985436311209862,99.99413906424822,0.003985436311209862,0.0,0.1,0.0,True,0.0,4,434.9439047742327
2025-06-25 00:00:00,26.330463328143203,99.90551408116296,0.0032386625956570274,0.0004986337524001662,0.00032397066866500344,99.99952357254608,0.00032397066866500344,0.0,0.1,0.0,True,0.0002672922428434421,4,435.0399193379215
2025-06-25 01:00:00,26.0656430291445,99.95648316844829,0.001468477939635049,0.0001436930403886719,0.0006974927436458134,99.998974275377,0.0006974927436458134,0.0,0.1,0.0,True,0.01270474086764277,4,435.13959536725287
2025-06-25 02:00:00,25.70113986510717,100.0,0.0,2.6432602913450722e-05,0.0,100.0,0.0,0.0,0.1,0.0,True,0.06222140007494034,4,435.23889787450923
2025-06-25 03:00:00,25.38448964032447,99.96458667457823,0.0011477655147849395,4.536597060530023e-05,0.0017595964022687643,99.99741235823197,0.0017595964022687643,0.0,2.4,0.0,True,0.022036175555515194,4,437.6388978745092
2025-06-25 04:00:00,25.228601541587786,99.93971630762753,0.0019358114906764031,0.00023442638084679462,0.00038521977157147697,99.99943350033593,0.00038521977157147697,0.0,2.1,0.0,True,0.00027362344551702666,4,439.73713827810695
2025-06-25 05:00:00,25.427978455705134,100.0,0.0,0.0023270895047913663,0.0013477218351953012,99.99801805612472,0.0013477218351953012,0.0,3.5,0.0,True,0.10249397244672803,4,443.2367530583354
2025-06-25 06:00:00,27.406617139139378,91.99172406295038,0.2924046202232149,0.11105324574556687,0.07267609074075092,99.89312339596948,0.07267609074075092,4.0,0.0,0.5,True,0.0,4,447.2354053365002
2025-06-25 07:00:00,26.671200634378543,94.19326603579329,0.20306965600325644,0.07160642001764853,0.037919199731722655,99.83735986695224,0.11059529047247357,0.0,0.0,0.5,True,0.0,4,447.2354053365002
2025-06-25 08:00:00,29.87083842928007,87.33804670021505,0.5332875044385925,0.24133278670283756,0.15508107167186616,99.6092994674348,0.26567636214433976,0.0,0.0,0.5,False,0.0,4,447.2354053365002
2025-06-25 09:00:00,31.486032780280592,83.96904552149721,0.7403749648543944,0.34255574490552154,0.2240451167783096,99.27982135452551,0.4897214789226494,0.0,0.0,0.5,False,0.0,4,447.2354053365002
2025-06-25 10:00:00,32.46649281623994,81.32484083277545,0.9116391556090766,0.4181331520076065,0.2527151507633129,98.9081814269324,0.7424366296859624,0.0,0.0,0.5,False,0.0,4,447.2354053365002
2025-06-25 11:00:00,35.701156967871,76.68136518719022,1.362805115780258,0.6191536920951826,0.3957039728367006,98.32626381981962,1.138140602522663,0.0,0.0,0.5,False,0.0,4,447.2354053365002
2025-06-25 12:00:00,35.98740649094311,76.66706583705057,1.3852515437570554,0.6332105885762287,0.39982195712310237,97.7382903534621,1.5379625596457653,0.0,0.0,0.5,False,0.0,4,447.2354053365002
2025-06-25 13:00:00,35.700172746055216,76.3725374500929,1.380779128208099,0.612817683323835,0.3771520137050042,97.18365503919004,1.9151145733507695,0.0,0.0,0.5,False,0.0,4,447.2354053365002
2025-06-25 14:00:00,34.81456933816569,76.88441599011189,1.2864540215428166,0.5414778846742903,0.32591127334785075,97.1455502254432,1.9410258466986203,0.0,0.3,0.5,False,0.0,4,447.2354053365002
2025-06-25 15:00:00,33.54985360089532,78.41212868895029,1.119845120622069,0.4422593006018049,0.2508188718876854,99.63114871781222,0.2508188718876854,4.0,0.2,0.5,False,0.0,4,449.4943794898016
2025-06-25 16:00:00,32.41486059173235,81.50703950053139,0.9001235061683078,0.3277697889619287,0.16331746467897587,99.39097597563726,0.41413633656666127,0.0,0.0,0.5,False,0.0,4,449.4943794898016
2025-06-25 17:00:00,30.43977428925112,86.99193416700072,0.566016732503723,0.19058090137232514,0.07355189417190698,99.28281142538445,0.48768823073856826,0.0,0.0,0.5,False,0.0,4,449.4943794898016
2025-06-25 18:00:00,29.7751214227869,100.0,0.0,0.01938065821434369,0.0016787421837528148,99.28034268687894,0.48936697292232106,0.0,0.0,0.0,True,0.27398257445577545,4,449.4943794898016
2025-06-25 19:00:00,28.521275485193932,99.8238120063509,0.006864609413350427,0.00034729731993558404,0.0,99.28034268687894,0.48936697292232106,0.0,0.0,0.0,True,0.08498249087420598,4,449.4943794898016
2025-06-25 20:00:00,27.712061966358974,99.91424247213678,0.00318762341919028,0.0002492808969767477,0.0,99.28034268687894,0.48936697292232106,0.0,0.0,0.0,True,0.06759548772342187,4,449.4943794898016
2025-06-25 21:00:00,26.84165439513871,99.99866475616214,4.716552475820327e-05,5.7377221545460786e-05,0.0006021486753015668,99.9991144872422,0.0006021486753015668,0.0,1.7,0.0,True,0.13847200254906605,4,450.70501251687926
2025-06-25 22:00:00,26.84714540112897,99.87045873676745,0.004577330651713082,0.000916801406350903,0.0,100.0,0.0,0.0,0.3,0.0,True,0.0,4,451.00441036820393
2025-06-25 23:00:00,26.69181692626058,99.85360832171273,0.0051257337264333114,0.0009161155504127398,0.0,100.0,0.0,0.0,0.0,0.0,True,0.0,4,451.00441036820393
2025-06-26 00:00:00,26.537971295239135,99.98046264459155,0.0006779133220129815,0.00012507490758985375,0.0,100.0,0.0,0.0,0.0,0.0,True,0.010304052694507307,4,451.00441036820393
2025-06-26 01:00:00,26.508056588852547,100.0,0.0,1.2202439796247518e-05,0.0,100.0,0.0,0.0,0.0,0.0,True,0.008134957032439327,4,451.00441036820393
2025-06-26 02:00:00,26.343910792042532,99.98299341709495,0.0005833914048816569,2.209226929451118e-05,0.0,100.0,0.0,0.0,0.5,0.0,True,0.012334173197554865,4,451.50441036820393
2025-06-26 03:00:00,26.152218981460422,99.98657314910268,0.000455412694406387,2.2005579712569127e-05,0.0,100.0,0.0,0.0,0.0,0.0,True,0.018291180536093507,4,451.50441036820393
2025-06-26 04:00:00,26.019339421016298,99.93627894531241,0.0021443948572849266,0.00028263788933740615,0.0,100.0,0.0,0.0,0.0,0.0,True,0.0,4,451.50441036820393
2025-06-26 05:00:00,26.953073234675905,99.99999999999999,3.9474382935334743e-16,0.012645946046206665,0.0035040765009278414,99.99484694632217,0.0035040765009278414,0.0,0.0,0.0,True,0.6990340784699206,4,451.50441036820393
2025-06-26 06:00:00,29.25225870383825,93.72725552443644,0.25495215246455116,0.10794136720613129,0.06051575038461169,99.9110062494344,0.06051575038461169,4.0,0.0,0.5,True,0.0,4,455.500906291703
2025-06-26 07:00:00,31.34453636254923,89.761201886251,0.4690872794080929,0.21985538091540874,0.14837665461615132,99.7817990373292,0.14837665461615132,0.0,0.2,0.5,False,0.0,4,455.6403905413184
2025-06-26 08:00:00,32.095821218574834,87.78019557336515,0.5841777681129133,0.28909595868509985,0.20004915339795581,99.70581006853241,0.20004915339795581,0.0,0.3,0.5,False,0.0,4,455.79201388670225
2025-06-26 09:00:00,33.207842473086636,85.71823287628136,0.7268116899056374,0.34902156094723524,0.22414672457346102,99.52324135592438,0.3241958779714168,0.0,0.1,0.5,False,0.0,4,455.79201388670225
2025-06-26 10:00:00,37.01785897871587,82.35247608635977,1.1084270947223376,0.5275531058215499,0.3875790208211126,99.10033103118747,0.6117748987925294,0.0,0.1,0.5,False,0.0,4,455.79201388670225
2025-06-26 11:00:00,38.10294463275787,81.05556141236177,1.2620260659941105,0.596745149405583,0.4028256237497971,98.507940408026,1.0146005225423265,0.0,0.0,0.5,False,0.0,4,455.79201388670225
2025-06-26 12:00:00,37.687870652379765,79.86284313674004,1.3116862068698174,0.6028087889100711,0.3898939018022934,97.93456702302262,1.4044944243446198,0.0,0.0,0.5,False,0.0,4,455.79201388670225
2025-06-26 13:00:00,36.43530002552838,81.18220326033932,1.1449438057275134,0.5351510818374717,0.34463569256964793,97.57480865159667,1.6491301169142676,0.0,0.1,0.5,False,0.0,4,455.79201388670225
2025-06-26 14:00:00,33.8237859160654,83.85363522833266,0.850476245647018,0.4143544300082161,0.26335439600581173,99.61271412352086,0.26335439600581173,0.0,2.4,0.5,False,0.0,4,456.542883769788
2025-06-26 15:00:00,32.346777975608624,86.47260585612175,0.6559091192576761,0.27971712375849866,0.156625815734297,99.7696679180378,0.156625815734297,4.0,0.3,0.5,False,0.0,4,460.5795293737822
2025-06-26 16:00:00,31.72148518895091,87.72378394885229,0.5745823392907737,0.2251501379474174,0.1137274736388029,99.60242163327486,0.2703532893730999,0.0,0.0,0.5,False,0.0,4,460.5795293737822
2025-06-26 17:00:00,30.3564165686619,89.09893458637426,0.47207957069052087,0.16591983228997365,0.07109347514886817,99.8954507718399,0.07109347514886817,0.0,0.4,0.5,False,0.0,4,460.7091760844091
2025-06-26 18:00:00,29.78965368346112,100.0,0.0,0.01766641186426614,0.006879260124462595,99.88533421283333,0.07797273527333076,0.0,0.0,0.0,True,0.41400782706851297,4,460.7091760844091
2025-06-26 19:00:00,28.810028440675186,99.7430681136463,0.010179413702484279,0.0008655276298071733,0.0,99.88533421283333,0.07797273527333076,0.0,0.0,0.0,True,0.017615150222620793,4,460.7091760844091
2025-06-26 20:00:00,28.397066315808235,99.68558376901424,0.012162264019581462,0.0020709376680091915,0.0,99.88533421283333,0.07797273527333076,0.0,0.0,0.0,True,0.0,4,460.7091760844091
2025-06-26 21:00:00,28.219698187412778,99.68682254300236,0.011990167127707589,0.002372725738216784,0.0,99.88533421283333,0.07797273527333076,0.0,0.0,0.0,True,0.0,4,460.7091760844091
2025-06-26 22:00:00,28.110940463952613,99.71766686247913,0.010741126936940971,0.0022074591922661723,0.0,99.88533421283333,0.07797273527333076,0.0,0.0,0.0,True,0.0,4,460.7091760844091
2025-06-26 23:00:00,27.925555139094545,99.68780732053311,0.011749610974441898,0.0022931429873470086,0.0,99.88533421283333,0.07797273527333076,0.0,0.0,0.0,True,0.0,4,460.7091760844091
2025-06-27 00:00:00,27.671821594153524,99.74163008140633,0.009581130876115505,0.0017969402286935352,0.0,99.88533421283333,0.07797273527333076,0.0,0.0,0.0,True,0.0,4,460.7091760844091
2025-06-27 01:00:00,27.470485504450515,99.77559099049019,0.00822446007933937,0.001556617165786722,0.0,99.88533421283333,0.07797273527333076,0.0,0.0,0.0,True,0.0,4,460.7091760844091
2025-06-27 02:00:00,27.27122637781055,99.77520691678792,0.008143055085585356,0.0015215415720758866,0.0,99.88533421283333,0.07797273527333076,0.0,0.0,0.0,True,0.0,4,460.7091760844091
2025-06-27 03:00:00,26.953201987382364,99.88058058873757,0.004246032631160888,0.0006242597695529256,0.0,99.88533421283333,0.07797273527333076,0.0,0.0,0.0,True,0.002393455965685881,4,460.7091760844091
2025-06-27 04:00:00,26.58772062870793,99.93058741967178,0.0024155628440485567,0.00023548019767531802,0.0,100.0,0.0,0.0,0.1,0.0,True,0.014380513363948175,4,460.73120334913574
2025-06-27 05:00:00,27.57617495715809,99.99999999999999,4.094110430826887e-16,0.011886745437315339,0.004956290198820913,99.99271133794291,0.004956290198820913,0.0,0.0,0.0,True,0.5299730882461526,4,460.73120334913574
2025-06-27 06:00:00,29.091311858450847,93.33952418157438,0.26820827315129825,0.11134796698593566,0.0649805345402613,99.90444039038196,0.0649805345402613,4.0,0.0,0.5,True,0.0,4,464.7262470589369
2025-06-27 07:00:00,31.73736351073422,87.48827392220537,0.5861320107136307,0.2541713654432537,0.16808950855926133,99.65724993661836,0.23307004309952262,0.0,0.0,0.5,False,0.0,4,464.7262470589369
2025-06-27 08:00:00,33.11149142585633,85.24387220736295,0.7469095219109836,0.34333583578881627,0.22792749242485022,99.32206244775827,0.46099753552437284,0.0,0.0,0.5,False,0.0,4,464.7262470589369
2025-06-27 09:00:00,35.274623217493534,82.48322662013058,0.9999606731243811,0.4679928965506593,0.317209490885806,99.00263672586739,0.6782070264101789,0.0,0.1,0.5,False,0.0,4,464.7262470589369
2025-06-27 10:00:00,36.22416772305976,81.40656105181128,1.118294759981466,0.5209191566191473,0.3440635615007231,98.49666090013103,1.022270587910902,0.0,0.0,0.5,False,0.0,4,464.7262470589369
2025-06-27 11:00:00,37.38828168794953,80.83145464540196,1.228462492132366,0.5658204458714371,0.3754397048345011,97.94454368713912,1.397710292745403,0.0,0.0,0.5,False,0.0,4,464.7262470589369
2025-06-27 12:00:00,35.50673587382058,82.00344024446797,1.0405762843493829,0.459010007418936,0.2765252784324731,97.6849476894443,1.574235571177876,0.0,0.1,0.5,False,0.0,4,464.7262470589369
2025-06-27 13:00:00,33.92007184975021,84.66700251772258,0.8119793520036632,0.3525907488826794,0.21087632350473962,97.52189427252557,1.6851118946826156,0.0,0.1,0.5,False,0.0,4,464.7262470589369
2025-06-27 14:00:00,33.86706643202356,84.7545027958082,0.8049646005133961,0.36861467369338274,0.23453852611284354,97.3240434988302,1.8196504207954591,0.0,0.1,0.5,False,0.0,4,464.7262470589369
2025-06-27 15:00:00,34.025497895305364,85.11261539784252,0.7930236721185625,0.36019608613109877,0.23492368007069697,99.65452399989604,0.23492368007069697,4.0,0.1,0.5,False,0.0,4,467.00659663814145
2025-06-27 16:00:00,31.9580077568759,85.52293699047205,0.6867200959975179,0.27009653203408507,0.14797896742472338,99.78238387143423,0.14797896742472338,0.0,0.8,0.5,False,0.0,4,467.57167295807074
2025-06-27 17:00:00,30.51481625584492,89.45886546327611,0.4606451991989119,0.16482749892301865,0.07903555933353168,99.66615510770845,0.22701452675825506,0.0,0.0,0.5,False,0.0,4,467.57167295807074
2025-06-27 18:00:00,30.64149824884865,99.74218610401124,0.011348215555322496,0.020360820804685327,0.02803720347129865,99.62492392613301,0.25505173022955374,0.0,0.0,0.0,True,0.1501610546370633,4,467.57167295807074
2025-06-27 19:00:00,29.652965086944356,99.40860808110389,0.024597963027122985,0.0037412749073332027,0.010331143024534592,99.60973106874398,0.2653828732540883,0.0,0.0,0.0,True,0.0,4,467.57167295807074
2025-06-27 20:00:00,28.94927734676296,99.60693985250948,0.015698629708510856,0.0026170117445925758,0.003435608514067649,99.60467870328212,0.268818481768156,0.0,0.0,0.0,True,0.0,4,467.57167295807074
2025-06-27 21:00:00,28.233939452715884,99.77780774359695,0.008513794606218986,0.001123612928762037,0.002232679961208217,99.99671664711587,0.002232679961208217,0.0,1.7,0.0,True,0.00994522846090723,4,469.00285447630256
2025-06-27 22:00:00,27.890694771766444,99.7154648963954,0.010686967676509517,0.0018468642568494605,0.0,100.0,0.0,0.0,0.8,0.0,True,0.0,4,469.8006217963414
2025-06-27 23:00:00,27.532550936400067,99.80234770325805,0.007270166309448905,0.001191566773070138,0.0,100.0,0.0,0.0,4.8,0.0,True,0.0,4,474.6006217963414
2025-06-28 00:00:00,27.106347954154884,99.93889482064753,0.002192237141340298,0.00024580655500353434,0.0,100.0,0.0,0.0,3.0,0.0,True,0.02564106201169182,4,477.6006217963414
2025-06-28 01:00:00,26.92123531982365,99.90231778704712,0.0034666422844039702,0.0005081526780462265,0.0,100.0,0.0,0.0,0.2,0.0,True,0.0,4,477.8006217963414
2025-06-28 02:00:00,26.725201189357897,99.9037540249677,0.0033765617837157287,0.0005009483080558847,0.0,100.0,0.0,0.0,0.2,0.0,True,0.0,4,478.00062179634136
2025-06-28 03:00:00,26.52658288419305,99.90408634081008,0.0033258117102089074,0.0004880316818670278,0.0,100.0,0.0,0.0,0.1,0.0,True,0.0,4,478.1006217963414
2025-06-28 04:00:00,26.398892415543873,99.89190957877659,0.003719955389608638,0.0006493376989235866,0.0,100.0,0.0,0.0,0.0,0.0,True,0.0,4,478.1006217963414
2025-06-28 05:00:00,27.63066115725135,99.99999999999999,4.1071586780853045e-16,0.013438387768441536,0.0010655448794738432,99.99843302223607,0.0010655448794738432,0.0,0.0,0.0,True,0.43605571808097326,4,478.1006217963414
2025-06-28 06:00:00,29.006255858322948,93.07271165265946,0.2775851702551334,0.11650802536929761,0.07582458337648357,99.88849325974046,0.07582458337648357,4.0,0.0,0.5,True,0.0,4,482.09955625146193
2025-06-28 07:00:00,31.461421817440336,89.32109663107103,0.49250726647105936,0.22267544276492343,0.15393506447488006,99.66211816492446,0.22975964785136363,0.0,0.0,0.5,False,0.0,4,482.09955625146193
2025-06-28 08:00:00,33.42965885081575,84.70851893416705,0.787916683540485,0.35999151115324973,0.24095753528371197,99.45482767186019,0.3707171831350756,0.0,0.1,0.5,False,0.0,4,482.09955625146193
2025-06-28 09:00:00,34.1893536974715,82.50917115696615,0.9402367020126597,0.42474536186281875,0.2677530605797017,99.06107317100769,0.6384702437147773,0.0,0.0,0.5,False,0.0,4,482.09955625146193
2025-06-28 10:00:00,36.81022202946089,80.26903436291133,1.2253409960270822,0.559868569471652,0.37126464755357413,98.51509574813477,1.0097348912683515,0.0,0.0,0.5,False,0.0,4,482.09955625146193
2025-06-28 11:00:00,37.349053263061414,80.31977330284447,1.2585700199602579,0.5857775418870237,0.3844870397113308,98.09673245444165,1.2942219309796823,0.0,0.1,0.5,False,0.0,4,482.09955625146193
2025-06-28 12:00:00,36.669790410765515,81.2828537900504,1.1535064876910965,0.5610128549256386,0.37897843664448855,99.44267876964045,0.37897843664448855,0.0,4.2,0.5,False,0.0,4,485.00533432048223
2025-06-28 13:00:00,35.726919922722814,82.79322684468933,1.0070365753840782,0.4792701364016758,0.3162535805812739,99.53492120502754,0.3162535805812739,0.0,0.9,0.5,False,0.0,4,485.52635588383777
2025-06-28 14:00:00,34.70185873341054,84.38458148042994,0.8636399803669709,0.3946954760804741,0.25658629171118863,99.45170607015814,0.3728398722924625,0.0,0.2,0.5,False,0.0,4,485.52635588383777
2025-06-28 15:00:00,32.004934824352446,86.32340722792134,0.6504726315478333,0.2863957566627625,0.1685194979967997,99.75217720882824,0.1685194979967997,4.0,2.1,0.5,False,0.0,4,491.2535160115453
2025-06-28 16:00:00,31.29439552677996,87.28757631440408,0.5807594151373705,0.22746384281385726,0.12944556635827364,99.56181608183078,0.2979650643550733,0.0,0.0,0.5,False,0.0,4,491.2535160115453
2025-06-28 17:00:00,30.15193920755396,89.3517109635313,0.4557662912237743,0.16206038373264525,0.078637568530838,99.44617259869719,0.37660263288591134,0.0,0.0,0.5,False,0.0,4,491.2535160115453
2025-06-28 18:00:00,29.94440557381702,100.0,0.0,0.017467460408427272,0.006701625306762403,99.43631726736372,0.3833042581926737,0.0,0.0,0.0,True,0.18312180761889224,4,491.2535160115453
2025-06-28 19:00:00,29.113863302899773,99.63525231595645,0.01470703101355614,0.001826405929366338,0.0008793115749187037,99.43502416210647,0.38418356976759244,0.0,0.0,0.0,True,0.0,4,491.2535160115453
2025-06-28 20:00:00,28.611422446019105,99.65803349977176,0.013393464888767552,0.002271155898178501,0.0014904173408991036,99.43283237189928,0.38567398710849154,0.0,0.0,0.0,True,0.0,4,491.2535160115453
2025-06-28 21:00:00,27.972538151747848,100.0,0.0,0.00024108236799783123,0.0,99.43283237189928,0.38567398710849154,0.0,0.0,0.0,True,0.1115897022452815,4,491.2535160115453
2025-06-28 22:00:00,27.603147343776953,100.0,0.0,5.948954220632259e-17,0.0,99.43283237189928,0.38567398710849154,0.0,0.0,0.0,True,0.1080604526224993,4,491.2535160115453
2025-06-28 23:00:00,27.522515376777278,99.99999999999999,4.0812954336077196e-16,2.9449996907972565e-17,0.0,99.43283237189928,0.38567398710849154,0.0,0.0,0.0,True,0.02327812588854769,4,491.2535160115453
2025-06-29 00:00:00,27.426743101355235,100.0,0.0,3.6637592440034576e-17,0.0,99.43283237189928,0.38567398710849154,0.0,0.0,0.0,True,0.027537716293535297,4,491.2535160115453
2025-06-29 01:00:00,27.165595082602533,99.95687712250567,0.0015524772274269443,9.100841535579118e-05,0.0,99.43283237189928,0.38567398710849154,0.0,0.0,0.0,True,0.012261650426331067,4,491.2535160115453
2025-06-29 02:00:00,26.56658575130784,99.99999999999999,3.8587812677426864e-16,2.7944590093698977e-05,0.0,100.0,0.0,0.0,2.0,0.0,True,0.13134127042794264,4,492.8678420244368
2025-06-29 03:00:00,26.316228347651347,99.82755118894752,0.0059060111674396655,0.0008831895111759335,0.002266505653980384,99.99666690345002,0.002266505653980384,0.0,0.6,0.0,True,0.0,4,493.46784202443683
2025-06-29 04:00:00,26.1718292768724,99.80765771823987,0.006531434280068395,0.0012346048457038488,0.002131300307177573,99.99353263829242,0.0043978059611579565,0.0,0.0,0.0,True,0.0,4,493.46784202443683
2025-06-29 05:00:00,26.918804207276278,100.0,0.0,0.010432667857857597,0.011088417107459678,99.97722614254614,0.015486223068617634,0.0,0.0,0.0,True,0.4523216910174627,4,493.46784202443683
2025-06-29 06:00:00,29.106654870085674,93.22154269505276,0.273201176699903,0.11115518925251013,0.07080429182869936,99.8958760414284,0.07080429182869936,4.0,0.1,0.5,True,0.0,4,497.5523558013682
2025-06-29 07:00:00,31.10294886769048,89.15052542348519,0.49028671491272796,0.2218856271213498,0.13941074291051875,99.79498420160218,0.13941074291051875,0.0,0.1,0.5,False,0.0,4,497.5815515095395
2025-06-29 08:00:00,33.19291876766629,85.80077358558552,0.7220073747994067,0.34052587302351095,0.2216956467096464,99.67397699013287,0.2216956467096464,0.0,0.3,0.5,False,0.0,4,497.742140766629
2025-06-29 09:00:00,35.30142380209834,82.41447381828561,1.0053704867389275,0.46649911605933114,0.3062221284636408,99.54967334049465,0.3062221284636408,0.0,0.3,0.5,False,0.0,4,497.8204451199194
2025-06-29 10:00:00,36.80570147008375,81.81327217882694,1.1291616177230819,0.5282430903972964,0.3569089189531104,99.4659837537989,0.3631310474167512,0.0,0.3,0.5,False,0.0,4,497.8204451199194
2025-06-29 11:00:00,37.035588352229695,82.56447573100637,1.0961693923196112,0.535839583355342,0.3754806753184255,99.35498276068357,0.4386117227351767,0.0,0.3,0.5,False,0.0,4,497.8204451199194
2025-06-29 12:00:00,34.69811128727989,83.53603841962709,0.9103812467738922,0.43694253026527885,0.27790777822826446,99.59131209084079,0.27790777822826446,0.0,3.4,0.5,False,0.0,4,500.7818333971842
2025-06-29 13:00:00,35.51707724878959,81.66157782978547,1.060947022894653,0.4630882009374207,0.2960520815630398,99.56462929181906,0.2960520815630398,0.0,2.2,0.5,False,0.0,4,502.7039256189559
2025-06-29 14:00:00,34.76386163523505,84.49708915993489,0.8603666869980165,0.39819001961533645,0.25383446602559046,99.48546095942848,0.34988654758863025,0.0,0.2,0.5,False,0.0,4,502.7039256189559
2025-06-29 15:00:00,33.316019955100664,85.60033240115314,0.7372632011971622,0.3307269180880107,0.20006783153529537,99.70578260068339,0.20006783153529537,4.0,0.5,0.5,False,0.0,4,506.85403907136725
2025-06-29 16:00:00,31.398592721142748,88.42992887074054,0.5317084280980813,0.21492435328229487,0.11168949025571466,99.83575074962395,0.11168949025571466,0.0,0.5,0.5,False,0.0,4,507.15397123983195
2025-06-29 17:00:00,29.86975349649652,91.76362971528117,0.3468722132143209,0.12564236153037883,0.0560063471704727,99.75338847437325,0.16769583742618738,0.0,0.0,0.5,True,0.0,4,507.15397123983195
2025-06-29 18:00:00,29.98355873482049,99.99999999999997,1.411892384331945e-15,0.014903109176892602,0.005742910991330251,99.74494301703307,0.17343874841751764,0.0,0.0,0.0,True,0.15544214736477252,4,507.15397123983195
2025-06-29 19:00:00,29.30625302817347,99.73535718142082,0.010789802356607064,0.0012509509074850012,0.0,99.74494301703307,0.17343874841751764,0.0,0.0,0.0,True,0.0,4,507.15397123983195
2025-06-29 20:00:00,28.90687492757862,99.72668453526285,0.010889355213043822,0.0018357699556154025,0.0,99.74494301703307,0.17343874841751764,0.0,0.0,0.0,True,0.0,4,507.15397123983195
2025-06-29 21:00:00,28.605508980421735,99.79417688389059,0.008058508673421004,0.0014065266712905134,0.0,99.74494301703307,0.17343874841751764,0.0,0.0,0.0,True,0.0,4,507.15397123983195
2025-06-29 22:00:00,28.26105264708988,99.8859272288221,0.004377846999119701,0.0006063734337641585,0.0,99.74494301703307,0.17343874841751764,0.0,0.0,0.0,True,0.0038872328482961876,4,507.15397123983195
2025-06-29 23:00:00,28.034615763196776,99.90943630729477,0.003430150230804693,0.0004827763338550971,0.0,99.74494301703307,0.17343874841751764,0.0,0.0,0.0,True,0.0006991938265876046,4,507.15397123983195
2025-06-30 00:00:00,27.22466618494841,100.0,0.0,6.174270415449199e-05,0.0,100.0,0.0,0.0,5.0,0.0,True,0.23575860549938585,4,511.9805324914144
2025-06-30 01:00:00,26.580011129610327,100.0,0.0,2.107118786534429e-17,0.0,100.0,0.0,0.0,3.2,0.0,True,0.18129166173830907,4,515.1805324914144
2025-06-30 02:00:00,26.3607625638018,99.99025485253995,0.000334628446297126,4.805709814202192e-06,0.0,100.0,0.0,0.0,0.3,0.0,True,0.025069029880358043,4,515.4805324914144
2025-06-30 03:00:00,25.76594753418059,100.0,0.0,6.023312033361621e-06,0.0,100.0,0.0,0.0,5.9,0.0,True,0.16060171481779262,4,521.3805324914143
2025-06-30 04:00:00,25.540390445426382,99.9089082687254,0.0029797801058851015,0.0003383978494795373,0.0,100.0,0.0,0.0,6.5,0.0,True,0.0,4,527.8805324914143
2025-06-30 05:00:00,25.97656524264101,100.0,0.0,0.0050231558604882445,0.006304165608337963,99.99072916822304,0.006304165608337963,0.0,2.6,0.0,True,0.08095382885270584,4,530.4805324914144
2025-06-30 06:00:00,27.133068787977216,95.94071430306049,0.14586104710128192,0.06580122766860033,0.04541905077502906,99.93320727827202,0.04541905077502906,4.0,0.3,0.5,True,0.0,4,534.774228325806
2025-06-30 07:00:00,29.95977046636927,91.28987861764683,0.3687241840681944,0.1745902396945242,0.12808923362135738,99.7448407582406,0.17350828439638644,0.0,0.0,0.5,True,0.0,4,534.774228325806
2025-06-30 08:00:00,32.33390239887539,86.3976161711915,0.6590666881149311,0.30132510098338566,0.2092580415802984,99.43710834415194,0.3827663259766848,0.0,0.0,0.5,False,0.0,4,534.774228325806
2025-06-30 09:00:00,34.99228294992368,82.06748430667099,1.0078582132726568,0.459210762808957,0.3173694741204001,98.97038852926899,0.700135800097085,0.0,0.0,0.5,False,0.0,4,534.774228325806
2025-06-30 10:00:00,36.13384086454548,81.61383736734702,1.1003684660126647,0.5163934804800223,0.35453708019415625,98.59606929368935,0.9546728802912412,0.0,0.1,0.5,False,0.0,4,534.774228325806
2025-06-30 11:00:00,36.7748832315499,81.70245104046278,1.1341339125265735,0.5206269758790376,0.35460801489426047,98.51576338943309,1.0092808951855017,0.0,0.3,0.5,False,0.0,4,534.774228325806
2025-06-30 12:00:00,37.68051083076187,81.15096662234527,1.2272912864866283,0.5741459511421141,0.3989279739026228,99.41334121484908,0.3989279739026228,0.0,2.0,0.5,False,0.0,4,535.7649474306205
2025-06-30 13:00:00,34.099642170673945,84.74864352335432,0.8157710211989919,0.462121107309935,0.3094423698702292,99.54493769136731,0.3094423698702292,0.0,10.9,0.5,False,0.0,4,546.2660194567179
2025-06-30 14:00:00,33.79900331979514,85.92832044194114,0.7401730399375194,0.3589142454892463,0.24398450025242627,99.33319577923139,0.4534268701226555,0.0,0.1,0.5,False,0.0,4,546.2660194567179
2025-06-30 15:00:00,32.47629811134625,86.86107922000323,0.6417385801397216,0.2828554761369321,0.17461110105499042,99.74321896903677,0.17461110105499042,4.0,0.0,0.5,False,0.0,4,549.8125925865952
2025-06-30 16:00:00,32.26604141369375,87.2604186386719,0.6149046593595435,0.2584545380682411,0.15955131134643566,99.50858468764497,0.3341624124014261,0.0,0.0,0.5,False,0.0,4,549.8125925865952
2025-06-30 17:00:00,30.287257871442442,90.52840473510277,0.40855523499722385,0.14971543155192077,0.07351108572122178,99.40048014981964,0.40767349812264786,0.0,0.0,0.5,True,0.0,4,549.8125925865952
2025-06-30 18:00:00,29.952633284498216,100.0,0.0,0.01652297382178677,0.00934568968789902,99.3867364885139,0.41701918781054687,0.0,0.0,0.0,True,0.33584243553464665,4,549.8125925865952
2025-06-30 19:00:00,29.083173510306107,99.76670715963319,0.009389970019347084,0.0008180595340142459,0.002344915491736579,99.383288083379,0.41936410330228346,0.0,0.0,0.0,True,0.013503539858899724,4,549.8125925865952
2025-06-30 20:00:00,27.991983764437276,99.913752502361,0.003258574005015416,0.00026435946314691083,0.006127108491440344,99.99098954633612,0.006127108491440344,0.0,7.8,0.0,True,0.11407793048852227,4,557.193228483293
2025-06-30 21:00:00,27.288688386033698,99.93901976937916,0.0022112480463804475,0.00012881451072963202,0.00046277369940919536,99.99931945044204,0.00046277369940919536,0.0,6.9,0.0,True,0.06527606492969969,4,564.0871013748015
2025-06-30 22:00:00,27.258908146111306,99.87633480373344,0.004476501081676439,0.000892635870529336,0.0,100.0,0.0,0.0,0.6,0.0,True,0.0,4,564.6866386011021
2025-06-30 23:00:00,27.237251823398637,99.8315594028534,0.006089578467188604,0.0012619391440512125,0.0,100.0,0.0,0.0,0.2,0.0,True,0.0,4,564.8866386011022
2025-07-01 00:00:00,27.039800857453812,99.94585782697725,0.0019348646199256684,0.0002860974356652277,0.0006368852596616374,99.99906340402991,0.0006368852596616374,0.0,0.0,0.0,True,0.003947813876756592,4,564.8866386011022
2025-07-01 01:00:00,26.534837834512654,99.95096755939664,0.0017010292621809859,9.53657906459218e-05,0.0010984497155762743,99.9983846327712,0.0010984497155762743,0.0,0.6,0.0,True,0.04167081606237834,4,565.4860017158425
2025-07-01 02:00:00,26.47350330773489,99.88104683109434,0.0041118349706862215,0.000775609777184097,0.0,100.0,0.0,0.0,0.2,0.0,True,0.0,4,565.6849032661269
2025-07-01 03:00:00,26.33384560657601,99.97865890156734,0.0007316476760063607,0.00011532796303853755,0.0,100.0,0.0,0.0,0.4,0.0,True,0.0075881192701268,4,566.0849032661268
2025-07-01 04:00:00,26.190482262406643,99.85191109369227,0.005034247217372883,0.0008482987702597995,0.00031217940131115477,99.99954091264513,0.00031217940131115477,0.0,0.8,0.0,True,0.0,4,566.8849032661268
2025-07-01 05:00:00,26.592445765692062,100.0,0.0,0.003931936765178509,0.004156540175242309,99.99388744091875,0.004156540175242309,0.0,0.2,0.0,True,0.05737177353523602,4,567.0845910867255
2025-07-01 06:00:00,28.544069203097113,96.03359051825252,0.15474304895748844,0.06344278022389901,0.06809588151109343,99.8998589977778,0.06809588151109343,4.0,0.0,0.5,True,0.0,4,571.0804345465502
2025-07-01 07:00:00,29.362078631292416,92.96099860252875,0.28791348481440354,0.12286629613541389,0.11891183253891646,99.825129658031,0.11891183253891646,0.0,0.6,0.5,True,0.0,4,571.6123386650391
2025-07-01 08:00:00,29.729835312647904,90.3161642027793,0.40456699893626275,0.17054318324117732,0.16051653090920823,99.76394627807468,0.16051653090920823,0.0,1.5,0.5,True,0.0,4,572.9934268325002
2025-07-01 09:00:00,32.02800029761328,86.64752930459781,0.6358852321974584,0.2916062251597359,0.2985361607562211,99.56097623418204,0.2985361607562211,0.0,0.2,0.5,False,0.0,4,573.032910301591
2025-07-01 10:00:00,33.27492033382022,84.71080163609189,0.7810085582426366,0.3643839849220248,0.3690401457838611,99.31238778449988,0.46757630654008214,0.0,0.2,0.5,False,0.0,4,573.032910301591
2025-07-01 11:00:00,34.73689243544567,82.84927389625317,0.9503953392780934,0.4447225791949707,0.4565708357074001,98.78801890845959,0.8241471422474822,0.0,0.1,0.5,False,0.0,4,573.032910301591
2025-07-01 12:00:00,35.62607330776039,82.43261257776122,1.022455172498118,0.4753200079111873,0.484611616944649,98.07535476589393,1.3087587591921312,0.0,0.0,0.5,False,0.0,4,573.032910301591
2025-07-01 13:00:00,35.89084821867591,82.20990279397921,1.0505960231583036,0.48377144424724533,0.48739106136901583,97.35860320505714,1.796149820561147,0.0,0.0,0.5,False,0.0,4,573.032910301591
2025-07-01 14:00:00,35.66089408737651,83.60223810890066,0.9562106268611645,0.44134873298590693,0.4429431035813075,96.85427511155521,2.1390929241424543,0.0,0.1,0.5,False,0.0,4,573.032910301591
2025-07-01 15:00:00,31.32953656300325,88.03360614488604,0.5477697332666768,0.27413272914440356,0.24642544425027,99.63760964080842,0.24642544425027,4.0,5.5,0.5,False,0.0,4,580.3938173774485
2025-07-01 16:00:00,29.688771607322476,92.2171476736788,0.3243819613344369,0.16198202573330642,0.1500864661530491,99.77928460859846,0.1500864661530491,0.0,0.3,0.5,True,0.0,4,580.4473919331982
2025-07-01 17:00:00,28.920186685006122,93.47137870535748,0.26031173484979736,0.10630046219099112,0.08577190914346315,99.65314944809336,0.23585837529651227,0.0,0.0,0.5,True,0.0,4,580.4473919331982
2025-07-01 18:00:00,29.061588121756966,99.99999999999997,1.3389144620180437e-15,0.012326427553826996,0.012292392034439844,99.63507240098389,0.24815076733095212,0.0,0.0,0.0,True,0.21309114131191179,4,580.4473919331982
2025-07-01 19:00:00,28.57037670835904,99.78655220410855,0.008340032302261265,0.00103233459390193,0.0,99.63507240098389,0.24815076733095212,0.0,0.0,0.0,True,0.0,4,580.4473919331982
2025-07-01 20:00:00,28.283861217733357,99.74918619709022,0.009638414549266956,0.001701369064189742,0.0,99.63507240098389,0.24815076733095212,0.0,0.0,0.0,True,0.0,4,580.4473919331982
2025-07-01 21:00:00,28.20114607506603,99.71396162152189,0.010939328497860681,0.0022387526423461234,0.0,99.63507240098389,0.24815076733095212,0.0,0.0,0.0,True,0.0,4,580.4473919331982
2025-07-01 22:00:00,27.918478150794506,99.83251097794927,0.0063009793597860915,0.00109131122756906,0.0003898126995521389,99.63449914701397,0.24854058003050425,0.0,0.0,0.0,True,0.0,4,580.4473919331982
2025-07-01 23:00:00,27.768208380757763,99.81087081494,0.00705303234201301,0.001327600671414042,0.00035682631477521894,99.63397440243341,0.24889740634527946,0.0,0.0,0.0,True,0.0,4,580.4473919331982
2025-07-02 00:00:00,27.368425315636017,99.8525078847167,0.005373333159249164,0.0007221868344762483,0.003592101879868696,99.99471749723548,0.003592101879868696,0.0,6.8,0.0,True,0.0024095835557638723,4,586.9984945268529
2025-07-02 01:00:00,26.840332794956492,99.95338624636685,0.0016464344753497177,0.00015040898048957564,0.00019123349309307618,99.99971877427485,0.00019123349309307618,0.0,3.2,0.0,True,0.04729557260582905,4,590.1949024249731
2025-07-02 02:00:00,26.49555417392462,99.99999999999999,3.842677332267323e-16,2.9635820556301854e-05,0.0,100.0,0.0,0.0,4.1,0.0,True,0.05885452289544901,4,594.29471119148
2025-07-02 03:00:00,26.319733903083883,99.90083697357598,0.0033968284362764444,0.00047191394495802493,0.0,100.0,0.0,0.0,7.3,0.0,True,0.0,4,601.59471119148
2025-07-02 04:00:00,26.0628879486125,99.95528161437488,0.0015087788252789833,0.00015311448984077163,6.742621163167172e-05,99.99990084380642,6.742621163167172e-05,0.0,1.0,0.0,True,0.011330161010008818,4,602.59471119148
2025-07-02 05:00:00,25.922922163414157,100.0,0.0,0.002319402916814213,0.002681621268720531,99.9960564393107,0.002681621268720531,0.0,8.5,0.0,True,0.15504091488207464,4,611.0946437652683
2025-07-02 06:00:00,26.57194608276506,97.77817837639314,0.07724780403767137,0.027085216437830538,0.020846642083520307,99.96934317340659,0.020846642083520307,4.0,0.9,0.5,True,0.0,4,615.9919621439996
2025-07-02 07:00:00,27.609467417183073,95.4347762073078,0.16867699544457512,0.0792985656421401,0.08073492260732094,99.88127217263629,0.08073492260732094,0.0,0.6,0.5,True,0.0,4,616.571115501916
2025-07-02 08:00:00,28.570838709766484,93.68003216075277,0.2469463202199028,0.12208760682898599,0.12560862367368456,99.815281435774,0.12560862367368456,0.0,0.5,0.5,True,0.0,4,616.9903805793086
2025-07-02 09:00:00,30.91566979901021,89.60280612565523,0.4648656344397339,0.22650472852339903,0.24159154416122422,99.64471831740997,0.24159154416122422,0.0,0.3,0.5,False,0.0,4,617.1647719556349
2025-07-02 10:00:00,34.3922133230758,83.00349632099307,0.9240197617256503,0.4281197093261419,0.45088098675429306,99.27577568983013,0.49247253091551724,0.0,0.2,0.5,False,0.0,4,617.1647719556349
2025-07-02 11:00:00,34.428218835670265,82.58615927600574,0.9486024852517331,0.4570762739750858,0.4576202123070273,98.74986361290802,0.8500927432225446,0.0,0.1,0.5,False,0.0,4,617.1647719556349
2025-07-02 12:00:00,35.936273835036864,82.46451830730487,1.0381455270277515,0.504786338588628,0.5237786021288314,98.12665978624797,1.2738713453513761,0.0,0.1,0.5,False,0.0,4,617.1647719556349
2025-07-02 13:00:00,36.80582050057993,82.0513800917624,1.1143854174320353,0.5222373550511591,0.5435578731464977,97.47436879632666,1.7174292184978737,0.0,0.1,0.5,False,0.0,4,617.1647719556349
2025-07-02 14:00:00,35.42819456873515,84.66781737857023,0.8826928016257288,0.4320887751741892,0.44094029291570414,97.41416248321532,1.7583695114135778,0.0,0.4,0.5,False,0.0,4,617.1647719556349
2025-07-02 15:00:00,29.95675298878856,91.03091595222607,0.3796210800085595,0.20695326951794127,0.17656746880946594,99.74034195763313,0.17656746880946594,4.0,14.0,0.5,True,0.0,4,633.4064024442214
2025-07-02 16:00:00,28.802430315310957,94.27218825793422,0.22683106009451817,0.11925379347581273,0.1138850965775004,99.83252191679779,0.1138850965775004,0.0,10.6,0.5,True,0.0,4,643.8298349754119
2025-07-02 17:00:00,27.723581873492424,97.15570815396585,0.10579395140743579,0.04926358398557732,0.03493502055289752,99.94862496977515,0.03493502055289752,0.0,0.2,0.5,True,0.0,4,643.9159498788345
2025-07-02 18:00:00,29.07944996240221,99.90162811163803,0.003958588950701241,0.011816183174245405,0.013664792240013829,99.92852968706924,0.04859981279291135,0.0,0.0,0.0,True,0.0,4,643.9159498788345
2025-07-02 19:00:00,28.44199987819837,99.85081093025289,0.005786009363619348,0.0005292071599500217,0.0023315868390674905,99.92510088289414,0.05093139963197884,0.0,0.0,0.0,True,0.01659641454095709,4,643.9159498788345
2025-07-02 20:00:00,28.14438567386313,99.87878786388721,0.0046203940952601425,0.0006532171765625183,0.0017735733990214297,99.92249268671912,0.05270497303100027,0.0,0.0,0.0,True,0.0007745123258781628,4,643.9159498788345
2025-07-02 21:00:00,27.784530290092448,99.93006763811321,0.002610411365505604,0.00026272746940443533,0.0013395604987473718,99.99803005809008,0.0013395604987473718,0.0,0.3,0.0,True,0.013963493930528592,4,644.1632449058035
2025-07-02 22:00:00,27.013970651283618,99.9847359794074,0.0005446604666227089,4.754983677363527e-05,0.0016700402705084976,99.99754405842573,0.0016700402705084976,0.0,10.9,0.0,True,0.11088694331786372,4,655.0619053453047
2025-07-02 23:00:00,26.83596999328755,99.94408791405323,0.0019743528658350564,0.00020133701545094147,0.0,100.0,0.0,0.0,2.8,0.0,True,0.001147161023135404,4,657.8602353050342
2025-07-03 00:00:00,26.572661297245038,100.0,0.0,3.5538351585065956e-05,0.0,100.0,0.0,0.0,1.7,0.0,True,0.0728712192845267,4,659.5602353050342
2025-07-03 01:00:00,26.28134586127516,100.0,0.0,2.7452446928928157e-17,0.0,100.0,0.0,0.0,3.5,0.0,True,0.07983594188138016,4,663.0602353050342
2025-07-03 02:00:00,26.05444026066161,99.95159690965545,0.0016322841941667342,0.00011581799105350744,0.0,100.0,0.0,0.0,4.9,0.0,True,0.006536395604644571,4,667.9602353050342
2025-07-03 03:00:00,26.051606789663087,99.8706895906071,0.0043599695651766555,0.000890971560165342,0.0,100.0,0.0,0.0,1.5,0.0,True,0.0,4,669.4602353050342
2025-07-03 04:00:00,25.9779897052482,99.88207949215524,0.003958672462657558,0.0007787786982116266,0.0,100.0,0.0,0.0,0.5,0.0,True,0.0,4,669.9602353050342
2025-07-03 05:00:00,26.438242627261317,99.99999999999999,3.8297266491029705e-16,0.0046734738074739835,0.006800357083801959,99.98999947487677,0.006800357083801959,0.0,0.5,0.0,True,0.0707327981115044,4,670.4602353050342
2025-07-03 06:00:00,27.421801592394882,95.47428393105328,0.1653934012529718,0.061257784399637194,0.05527565236239277,99.91871227593766,0.05527565236239277,4.0,0.1,0.5,True,0.0,4,674.5534349479503
2025-07-03 07:00:00,29.09840759611763,92.13025320808156,0.3170338483199625,0.13727478205599042,0.13808579722876915,99.79693265113416,0.13808579722876915,0.0,0.1,0.5,True,0.0,4,674.598159295588
2025-07-03 08:00:00,31.36280415774177,89.03026925155157,0.5030963003619753,0.23592747353508361,0.2511969048737278,99.6305927869504,0.2511969048737278,0.0,0.2,0.5,False,0.0,4,674.6600734983592
2025-07-03 09:00:00,32.541039878205346,87.7472919301174,0.6006388481570246,0.2932762707629764,0.3094583640800979,99.46962460447966,0.3606552689538257,0.0,0.2,0.5,False,0.0,4,674.6600734983592
2025-07-03 10:00:00,34.53557211895992,86.40052766031056,0.7452439584152672,0.3787921757328101,0.4198655282846836,99.2933517687669,0.4805207972385093,0.0,0.3,0.5,False,0.0,4,674.6600734983592
2025-07-03 11:00:00,35.67559463165161,85.46267975219298,0.8484074832840722,0.4309857649630229,0.47527591185898604,99.03559307485662,0.6557967090974954,0.0,0.3,0.5,False,0.0,4,674.6600734983592
2025-07-03 12:00:00,34.626901674730426,85.27378854642488,0.8110851470154588,0.40171651898180516,0.4088987045639053,99.39867837564131,0.4088987045639053,0.0,0.8,0.5,False,0.0,4,674.8042767892617
2025-07-03 13:00:00,32.61303808559174,85.69302297296409,0.704187983920725,0.3325659098029705,0.31440074632615855,99.53764596128507,0.31440074632615855,0.0,7.6,0.5,False,0.0,4,681.9953780846978
2025-07-03 14:00:00,32.66648830157881,86.41071849996835,0.6708767871848694,0.32566502561884936,0.32591822845057167,99.52070848757269,0.32591822845057167,0.0,5.1,0.5,False,0.0,4,686.7809773383716
2025-07-03 15:00:00,30.262036311794677,89.86305081079956,0.43662433142941814,0.18525977720695216,0.1521106866936713,99.77630781368578,0.1521106866936713,4.0,0.3,0.5,False,0.0,4,690.755059109921
2025-07-03 16:00:00,29.621827714322926,92.05678402097838,0.3297937222536906,0.12849984078896232,0.10234163533884466,99.62580540877572,0.254452322032516,0.0,0.0,0.5,True,0.0,4,690.755059109921
2025-07-03 17:00:00,29.285721546102465,93.61542283818119,0.25999881527234736,0.09778673468437854,0.0715839158272701,99.52053494432384,0.3260362378597861,0.0,0.0,0.5,True,0.0,4,690.755059109921
2025-07-03 18:00:00,29.003121100769352,99.99999999999997,1.3343993064695657e-15,0.013848958266739049,0.013783109760467522,99.50026566526434,0.3398193476202536,0.0,0.0,0.0,True,0.514794149672857,4,690.755059109921
2025-07-03 19:00:00,28.27645250647444,99.86503768169948,0.005184176127258338,0.00033584953757429675,0.0002662303366127114,99.49987415006343,0.34008557795686634,0.0,0.0,0.0,True,0.030544833443876124,4,690.755059109921
2025-07-03 20:00:00,27.966244379060015,99.92255940163292,0.0029214523489077163,0.0003395818826170199,0.001567848223490632,99.99769434084781,0.001567848223490632,0.0,2.0,0.0,True,0.0069407676371095045,4,692.4149735319642
2025-07-03 21:00:00,27.36625913709499,100.0,0.0,5.258614228036842e-05,0.0,100.0,0.0,0.0,1.7,0.0,True,0.13634359240848432,4,694.1134056837407
2025-07-03 22:00:00,27.157569589958285,99.9888209165672,0.00040227169234368623,7.470171333782664e-06,0.0,100.0,0.0,0.0,1.6,0.0,True,0.02316232760936135,4,695.7134056837407
2025-07-03 23:00:00,26.95543433359351,99.98792484754823,0.00042939592783781987,1.6144641298129004e-05,0.0,100.0,0.0,0.0,0.3,0.0,True,0.02132865545417667,4,696.0134056837406
2025-07-04 00:00:00,26.672802976452143,99.95978387056725,0.0014065471698393773,7.919132396963334e-05,0.0,100.0,0.0,0.0,5.9,0.0,True,0.01605405857127533,4,701.9134056837406
2025-07-04 01:00:00,26.300846438971792,99.97182812296144,0.0009639530265183634,5.176936106397025e-05,0.0006134495176373338,99.99909786835642,0.0006134495176373338,0.0,1.3,0.0,True,0.034884589775046465,4,703.2134056837406
2025-07-04 02:00:00,26.059059095535577,99.95361163742976,0.001564769076543183,0.00011958295218032898,0.0005713727954726709,99.99915974588902,0.0005713727954726709,0.0,5.3,0.0,True,0.00879806919744236,4,708.512792234223
2025-07-04 03:00:00,25.920908331694918,99.93687965379162,0.0021118525958009155,0.0002900770464094874,0.00028283146538663037,99.99958407137444,0.00028283146538663037,0.0,5.2,0.0,True,0.0,4,713.7122208614275
2025-07-04 04:00:00,25.870398663306826,99.87855124346889,0.0040512547271561936,0.0007843433279461266,0.0002123449447683799,99.99968772802241,0.0002123449447683799,0.0,1.0,0.0,True,0.0,4,714.7119380299621
2025-07-04 05:00:00,26.06022857027331,99.99999999999999,3.7452555114580223e-16,0.0027552494404488193,0.003172087086722518,99.99533516604893,0.003172087086722518,0.0,0.4,0.0,True,0.026409549353294953,4,715.1117256850173
2025-07-04 06:00:00,27.7153329768767,94.45154221344157,0.20627658618337855,0.07691607492141637,0.07468710939324279,99.89016601559817,0.07468710939324279,4.0,0.2,0.5,True,0.0,4,719.3085535979305
2025-07-04 07:00:00,29.536004499736407,92.07061726994752,0.3275976458595046,0.15145034780874914,0.15766837305481335,99.6583007611058,0.23235548244805615,0.0,0.0,0.5,True,0.0,4,719.3085535979305
2025-07-04 08:00:00,30.807020970560014,88.40206944902111,0.5153505008798546,0.2380704069388872,0.23968681557579155,99.45287897349434,0.3720422980238477,0.0,0.1,0.5,False,0.0,4,719.3085535979305
2025-07-04 09:00:00,33.502749342735456,85.58600299578708,0.7457436284627593,0.36911193844512946,0.39106400662611274,99.31896131669123,0.46310630464996044,0.0,0.3,0.5,False,0.0,4,719.3085535979305
2025-07-04 10:00:00,33.449005452631674,85.80017662296297,0.7324592163371901,0.36217393649268115,0.36659145231851975,99.22103271034047,0.5296977569684802,0.0,0.3,0.5,False,0.0,4,719.3085535979305
2025-07-04 11:00:00,32.84412251409619,86.4113339640187,0.6775762274427921,0.31361983924548353,0.3056623316386253,99.21270575204836,0.5353600886071055,0.0,0.3,0.5,False,0.0,4,719.3085535979305
2025-07-04 12:00:00,33.419340211359916,85.29615511782255,0.7572008282270768,0.33390868136398977,0.32791150390969437,99.02460059924,0.6632715925167998,0.0,0.2,0.5,False,0.0,4,719.3085535979305
2025-07-04 13:00:00,34.88960672277827,83.358489305941,0.930005001500983,0.41040685226811485,0.41316648239337483,98.85817930160269,0.7764380749101747,0.0,0.3,0.5,False,0.0,4,719.3085535979305
2025-07-04 14:00:00,31.09156582887059,86.88785661565893,0.5921529117556104,0.27120177075452445,0.23764273927124635,99.65052538342464,0.23764273927124635,0.0,5.5,0.5,False,0.0,4,724.0321155230204
2025-07-04 15:00:00,27.842631875454998,94.23520049783774,0.21591670951153996,0.10551451468512363,0.07830844479865377,99.88484052235492,0.07830844479865377,4.0,6.7,0.5,True,0.0,4,734.4944727837491
2025-07-04 16:00:00,28.37319847155601,95.0517001397877,0.19114532372678397,0.08617107037495464,0.08244406174605091,99.8787587327264,0.08244406174605091,0.0,0.1,0.5,True,0.0,4,734.5161643389504
2025-07-04 17:00:00,28.459837014283973,94.20253024595515,0.22507649252588072,0.09383497173038863,0.08319584367729177,99.8776531710628,0.08319584367729177,0.0,0.1,0.5,True,0.0,4,734.5337202772043
2025-07-04 18:00:00,27.043099729605718,100.0,0.0,0.007107703396078111,0.003328350459820613,99.99510536697085,0.003328350459820613,0.0,9.6,0.0,True,0.5336384061917616,4,744.050524433527
2025-07-04 19:00:00,26.384034870679198,100.0,0.0,1.38587293310794e-17,0.00028793524842419675,99.99957656581114,0.00028793524842419675,0.0,2.9,0.0,True,0.11136674447815159,4,746.9471960830672
2025-07-04 20:00:00,26.311863740427686,99.96918913014532,0.0010549362942532253,0.00012679878841365903,0.0,100.0,0.0,0.0,4.1,0.0,True,0.0,4,751.0469081478187
2025-07-04 21:00:00,25.989542204886934,99.99999999999999,3.7296414275429177e-16,1.8988853296612156e-05,0.0,100.0,0.0,0.0,11.7,0.0,True,0.05149372833912827,4,762.7469081478188
2025-07-04 22:00:00,25.606859050246054,100.0,0.0,3.980839894956235e-17,0.0,100.0,0.0,0.0,9.8,0.0,True,0.06706562362262733,4,772.5469081478187
2025-07-04 23:00:00,25.518421260614865,99.97174482273006,0.0009230755869735281,8.8807827107188e-05,0.0,100.0,0.0,0.0,3.2,0.0,True,0.0004973784537794235,4,775.7469081478188
2025-07-05 00:00:00,25.637499183055095,99.93640303050573,0.0020923895082850057,0.0005629412273724531,0.0,100.0,0.0,0.0,0.5,0.0,True,0.0,4,776.2469081478188
2025-07-05 01:00:00,25.730778832429817,99.89721683073398,0.0034003891356515605,0.0008151119767282689,0.0,100.0,0.0,0.0,0.5,0.0,True,0.0,4,776.7469081478188
2025-07-05 02:00:00,25.744846088607527,99.8670681035805,0.0044014693433547985,0.0009488863763444404,0.0,100.0,0.0,0.0,0.4,0.0,True,0.0,4,777.1469081478187
2025-07-05 03:00:00,25.543357600832145,99.94646084560638,0.0017516736961619842,0.0002290891802992034,0.0,100.0,0.0,0.0,2.4,0.0,True,0.0037726135303301628,4,779.5469081478187
2025-07-05 04:00:00,25.50010462612072,99.96369680806815,0.0011847099720581971,0.0002179054368095266,0.0,100.0,0.0,0.0,3.3,0.0,True,0.0,4,782.8469081478187
2025-07-05 05:00:00,25.823223509345063,100.0,0.0,0.002738994505834377,0.0026426259597599256,99.99611378535329,0.0026426259597599256,0.0,0.9,0.0,True,0.03373001677749975,4,783.7469081478187
2025-07-05 06:00:00,26.718501254356887,96.4624692601805,0.12405700153465103,0.044330780112914484,0.04010695689716946,99.94101918103357,0.04010695689716946,4.0,0.6,0.5,True,0.0,4,788.3442655218589
2025-07-05 07:00:00,28.504355885633977,94.02698193075588,0.23249153818796,0.11761731009278187,0.127125435269948,99.81305083048537,0.127125435269948,0.0,0.6,0.5,True,0.0,4,788.9041585649618
2025-07-05 08:00:00,28.65553884467972,93.04088959982397,0.2732583084105822,0.13527466937484411,0.1334614028002865,99.80373323117605,0.1334614028002865,0.0,1.3,0.5,True,0.0,4,790.0770331296918
2025-07-05 09:00:00,31.224503494555016,86.56048147622123,0.611542832351232,0.28189242011959165,0.2892578260209558,99.57462084408682,0.2892578260209558,0.0,0.2,0.5,False,0.0,5,790.1435717268915
2025-07-05 10:00:00,33.73642182626375,83.2167959138499,0.8797237595607406,0.4167962242252899,0.4304706035366586,99.2356934859447,0.5197284295576143,0.0,0.2,0.5,False,0.0,5,790.1435717268915
2025-07-05 11:00:00,35.09402690023967,81.75052988541123,1.0314541825443762,0.49147763427845126,0.5013397771854115,98.93960557831907,0.7210682067430259,0.0,0.3,0.5,False,0.0,5,790.1435717268915
2025-07-05 12:00:00,33.481507655317166,84.31675448671699,0.8104486269552437,0.3766370381818876,0.3603365204677431,99.14499304821945,0.581404727210769,0.0,0.5,0.5,False,0.0,5,790.1435717268915
2025-07-05 13:00:00,29.193746104040205,91.04279199964544,0.3628337493985027,0.17616067571798405,0.1440827716221072,99.78811357114395,0.1440827716221072,0.0,11.7,0.5,True,0.0,5,801.2621669996807
2025-07-05 14:00:00,28.07764684571411,94.29350490497913,0.21667865961458851,0.08886671591074255,0.07004366931516805,99.89699460394829,0.07004366931516805,0.0,2.6,0.5,True,0.0,5,803.7180842280586
2025-07-05 15:00:00,28.514450760837452,95.04071808343949,0.19314630863877952,0.08349206316891723,0.07756082102980533,99.88593996907382,0.07756082102980533,4.0,0.3,0.5,True,0.0,5,807.9480405587434
2025-07-05 16:00:00,28.725513423067365,95.42901539123038,0.1802144831525497,0.08257406236322891,0.07879154016434693,99.88413008799361,0.07879154016434693,0.0,0.2,0.5,True,0.0,5,808.0704797377136
2025-07-05 17:00:00,28.198751059809297,96.2750999117781,0.14243624400607108,0.056348017670289824,0.0420937559335535,99.93809741774477,0.0420937559335535,0.0,0.1,0.5,True,0.0,5,808.0916881975493
2025-07-05 18:00:00,27.48341111303232,99.99999999999999,4.0719785565991294e-16,0.005620178922721531,0.006869778121540333,99.98989738511538,0.006869778121540333,0.0,0.5,0.0,True,0.2916706460412526,5,808.5495944416157
2025-07-05 19:00:00,27.14773344285693,99.8431743139632,0.005640013539540184,0.0007179211150133498,0.003425732629970188,99.9949621578971,0.003425732629970188,0.0,0.3,0.0,True,0.0,5,808.8427246634941
2025-07-05 20:00:00,26.931558040388204,99.9067520920978,0.003311279151831455,0.0005037718485163126,0.0017798376071059706,99.99738259175426,0.0017798376071059706,0.0,0.1,0.0,True,0.0005402050203641429,5,808.9392989308641
2025-07-05 21:00:00,26.811811862095237,99.93374584699201,0.0023362313255996187,0.0003811441850253141,0.0004792023928344451,99.99929529059878,0.0004792023928344451,0.0,2.1,0.0,True,0.0,5,811.037519093257
2025-07-05 22:00:00,26.862086903246116,99.94828580261841,0.0018289214699045194,0.00046228827254051933,0.0,100.0,0.0,0.0,0.6,0.0,True,0.0,5,811.6370398908641
2025-07-05 23:00:00,26.655981323746555,99.98817285581859,0.00041324179117332023,4.112086177061474e-05,0.0,100.0,0.0,0.0,1.5,0.0,True,0.021971560085035785,5,813.1370398908641
2025-07-06 00:00:00,26.377563520451748,99.99775205991435,7.726615371741795e-05,7.438352241133667e-06,0.0,100.0,0.0,0.0,0.7,0.0,True,0.040363350501464515,5,813.8370398908642
2025-07-06 01:00:00,26.23873277626111,100.0,0.0,1.390790766954521e-06,0.0,100.0,0.0,0.0,1.9,0.0,True,0.03776983479588658,5,815.7370398908641
2025-07-06 02:00:00,26.19916428257947,99.96366187554491,0.0012359391320013952,0.0002003707102145944,0.0,100.0,0.0,0.0,1.9,0.0,True,0.0,5,817.6370398908641
2025-07-06 03:00:00,26.09239171007692,99.888577039578,0.0037659205505805394,0.0006477672764701869,0.0002807973360817442,99.99958706274106,0.0002807973360817442,0.0,0.8,0.0,True,0.0,5,818.4370398908641
2025-07-06 04:00:00,25.989664939157773,99.88721101103015,0.00378901832135133,0.0007015451951713722,0.0016050419112816942,99.99763964424811,0.0016050419112816942,0.0,1.0,0.0,True,0.0,5,819.4367590935279
2025-07-06 05:00:00,26.014426672466115,99.99999999999999,3.735131735515972e-16,0.0015963655950904532,0.004141370812179061,99.99390974880562,0.004141370812179061,0.0,3.1,0.0,True,0.011347302807121831,5,822.5351540516167
2025-07-06 06:00:00,27.156162145632404,96.11718741088507,0.13970883996839872,0.061684628943009676,0.06172618335404665,99.90922620094993,0.06172618335404665,4.0,0.1,0.5,True,0.0,5,826.6310126808045
2025-07-06 07:00:00,28.705382194309596,90.81105932518891,0.3618587282262519,0.1704971609715444,0.16640161584320207,99.664517942357,0.2281277991972487,0.0,0.0,0.5,True,0.0,5,826.6310126808045
2025-07-06 08:00:00,31.467952539540313,84.52670911629241,0.7138871895266089,0.33401496889210686,0.3320114943457227,99.17626574478975,0.5601392935429714,0.0,0.0,0.5,False,0.0,5,826.6310126808045
2025-07-06 09:00:00,33.71093336050785,79.79878218791075,1.05738075660427,0.48655770559938644,0.47825479638367635,98.47294986775493,1.0383940899266477,0.0,0.0,0.5,False,0.0,5,826.6310126808045
2025-07-06 10:00:00,34.644803654742624,76.86252166112946,1.2756229017937335,0.5678440264864183,0.5483384805867522,97.666569749245,1.5867325705133999,0.0,0.0,0.5,False,0.0,5,826.6310126808045
2025-07-06 11:00:00,34.032530365264556,78.57694111676322,1.1416138810147483,0.497026115983217,0.46865816287181167,96.97736656855116,2.0553907333852117,0.0,0.0,0.5,False,0.0,5,826.6310126808045
2025-07-06 12:00:00,34.79809480049029,77.26342311051886,1.2642077979571724,0.5335771925271493,0.5109847443420016,96.22591841510703,2.566375477727213,0.0,0.0,0.5,False,0.0,5,826.6310126808045
2025-07-06 13:00:00,34.69578423394701,76.65225364511019,1.2908564318933768,0.5331057119057538,0.5015222802769967,95.48838564999382,3.06789775800421,0.0,0.0,0.5,False,0.0,5,826.6310126808045
2025-07-06 14:00:00,34.09991519522465,77.74607450111067,1.1903454837111145,0.4915817620129105,0.45741361306127515,94.81571857196252,3.5253113710654853,0.0,0.0,0.5,False,0.0,5,826.6310126808045
2025-07-06 15:00:00,33.46917982600569,79.64195008675128,1.0512995258470295,0.4226340844385095,0.38599252243668986,99.43236393759311,0.38599252243668986,4.0,0.0,0.5,False,0.0,5,827.105701309739
2025-07-06 16:00:00,31.41266370707299,84.26224460054001,0.7238143009450562,0.26210808098854965,0.20718105273384663,99.69532198127375,0.20718105273384663,0.0,0.5,0.5,False,0.0,5,827.2197087873022
2025-07-06 17:00:00,29.765323985520425,89.03067774032544,0.4592070352866893,0.15245609726520024,0.11063258108259645,99.53262700909346,0.31781363381644306,0.0,0.0,0.5,False,0.0,5,827.2197087873022
2025-07-06 18:00:00,29.608766641695357,99.82412803421866,0.007296529439263989,0.01968453655401413,0.04602104419770184,99.46494900292038,0.36383467801414493,0.0,0.0,0.0,True,0.1567056594419119,5,827.2197087873022
2025-07-06 19:00:00,28.53908158502039,99.5053008972503,0.019294303932039732,0.0025554192224272196,0.019178642876612,99.43674511633712,0.3830133208907569,0.0,0.0,0.0,True,0.0,5,827.2197087873022
2025-07-06 20:00:00,28.026343628445584,99.44271784275078,0.021097210033378083,0.0038829668094111287,0.027959862096326647,99.39562767207781,0.4109731829870836,0.0,0.0,0.0,True,0.0,5,827.2197087873022
2025-07-06 21:00:00,27.737514830033703,99.40089111826505,0.022302085765854268,0.004442564244225438,0.02987363175084069,99.35169586067953,0.44084681473792425,0.0,0.0,0.0,True,0.0,5,827.2197087873022
2025-07-06 22:00:00,27.467869606932087,99.48284229353591,0.018950631848057477,0.0038239102044245205,0.02349527752897376,99.31714398196044,0.464342092266898,0.0,0.0,0.0,True,0.0,5,827.2197087873022
2025-07-06 23:00:00,27.14599807350058,99.62159543927926,0.01360739984573887,0.002644605516503369,0.013070554878034883,99.29792257772803,0.47741264714493287,0.0,0.0,0.0,True,0.0,5,827.2197087873022
2025-07-07 00:00:00,26.985512383043414,99.5939958548621,0.014463130083612047,0.0029194788320343035,0.01184431142030259,99.28050447269818,0.48925695856523543,0.0,0.0,0.0,True,0.0,5,827.2197087873022
2025-07-07 01:00:00,26.56005202897093,99.81161984866368,0.006544975873374651,0.0010631350618122602,0.0019490232711293779,99.27763826200534,0.4912059818363648,0.0,0.0,0.0,True,0.0018564863561016526,5,827.2197087873022
2025-07-07 02:00:00,26.311887139430567,99.82563598306838,0.005970074346141701,0.0010122164948800122,0.0008450360844621145,99.27639556188113,0.49205101792082695,0.0,0.0,0.0,True,0.0,5,827.2197087873022
2025-07-07 03:00:00,26.230406777514844,99.7535536254444,0.008397650250057957,0.0016784922562506216,0.0015604301111637163,99.27410081171766,0.49361144803199064,0.0,0.0,0.0,True,0.0,5,827.2197087873022
2025-07-07 04:00:00,26.13501797462102,99.75521445862996,0.008294221170224811,0.0016846135103447605,0.0009076823098279068,99.27276598479145,0.49451913034181855,0.0,0.0,0.0,True,0.0,5,827.2197087873022
2025-07-07 05:00:00,26.911259450189537,100.0,0.0,0.0066165375212504365,0.012109796629180786,99.25495746033677,0.5066289269709994,0.0,0.0,0.0,True,0.001768399560735448,5,827.2197087873022
2025-07-07 06:00:00,27.281374567070227,93.88373946603636,0.22169118762832538,0.07242394574621333,0.060878268378349525,99.91047313473771,0.060878268378349525,4.0,0.0,0.5,True,0.0,5,830.7130798603313
2025-07-07 07:00:00,29.16771212757224,90.69804868642134,0.37623273120203965,0.15623116144502308,0.14802833479474808,99.69278440709839,0.20890660317309762,0.0,0.0,0.5,True,0.0,5,830.7130798603313
2025-07-07 08:00:00,32.46420590951612,82.89503506234644,0.8348816501036541,0.3604681093695043,0.35500390919811314,99.17071983474823,0.5639105123712107,0.0,0.0,0.5,False,0.0,5,830.7130798603313
2025-07-07 09:00:00,33.102058772605645,79.81307519530273,1.0212596023379883,0.4292464904808255,0.408789553508385,98.56955872664766,0.9727000658795957,0.0,0.0,0.5,False,0.0,5,830.7130798603313
2025-07-07 10:00:00,33.188995627852606,80.25344598700606,1.0038592679607075,0.40687676725392485,0.37874756507658774,98.01257701329973,1.3514476309561834,0.0,0.0,0.5,False,0.0,5,830.7130798603313
2025-07-07 11:00:00,34.08143994904606,78.55349987736398,1.1459782526497297,0.4626681527653972,0.437133006211621,97.36973435710617,1.7885806371678044,0.0,0.0,0.5,False,0.0,5,830.7130798603313
2025-07-07 12:00:00,32.912599463242145,80.76722293486004,0.9627043915055528,0.377408924495739,0.33637738227362257,96.87506173611555,2.124958019441427,0.0,0.0,0.5,False,0.0,5,830.7130798603313
2025-07-07 13:00:00,32.03614346048799,83.37345959726662,0.7921707374652754,0.2880349082652112,0.24069068301212138,96.52110484933301,2.3656487024535484,0.0,0.0,0.5,False,0.0,5,830.7130798603313
2025-07-07 14:00:00,31.871263889381453,83.78664516097052,0.7653181303826363,0.26935777216578133,0.21682067810316802,96.34930973447541,2.4824693805567164,0.0,0.1,0.5,False,0.0,5,830.7130798603313
2025-07-07 15:00:00,31.455078922535158,85.25820278697957,0.6796418697784465,0.23975417720661452,0.18564715857117542,99.72698947268944,0.18564715857117542,4.0,0.2,0.5,False,0.0,5,832.4306104797746
2025-07-07 16:00:00,30.41570863309614,89.3287423413859,0.46369731865961333,0.16416899478743632,0.1209076619018213,99.54918408753971,0.3065548204729967,0.0,0.0,0.5,False,0.0,5,832.4306104797746
2025-07-07 17:00:00,29.618549194714635,92.48095587820066,0.3121236991541377,0.10809302238296177,0.07615999374876652,99.73130174379152,0.18271481422176322,0.0,0.2,0.5,True,0.0,5,832.4306104797746
2025-07-07 18:00:00,28.60708562967035,100.0,0.0,0.011348838829672442,0.01886188550752448,99.70356367686868,0.2015766997292877,0.0,0.0,0.0,True,0.3520297843575559,5,832.4306104797746
2025-07-07 19:00:00,27.428172371289776,99.963853995715,0.0013214567983806061,1.0427032774581208e-05,0.006895740937521808,99.98985920450365,0.006895740937521808,0.0,0.3,0.0,True,0.16507565951992995,5,832.5290337800453
2025-07-07 20:00:00,26.881290737003127,99.75079802325851,0.008823208045155502,0.001118454009366962,0.014155506243374905,99.96904228355751,0.021051247180896713,0.0,0.0,0.0,True,0.0,5,832.5290337800453
2025-07-07 21:00:00,25.911756446015946,99.73491847064143,0.008864180551320057,0.000908374278404361,0.013302564354211746,99.94947968891896,0.034353811535108456,0.0,0.0,0.0,True,0.018290638253137467,5,832.5290337800453
2025-07-07 22:00:00,25.844147748517678,99.53129197496114,0.015610765602028173,0.003177922340861114,0.010807523735187822,99.93358627166134,0.045161335270296275,0.0,0.0,0.0,True,0.0,5,832.5290337800453
2025-07-07 23:00:00,25.7374039619996,99.7547312666673,0.008117442720941176,0.0017646035740812144,0.003334611420672761,99.92868243133681,0.04849594669096904,0.0,0.0,0.0,True,0.0,5,832.5290337800453
2025-07-08 00:00:00,25.65014975115937,99.79646076111533,0.006701621784548251,0.0013748093897356928,0.0037319848475148676,99.92319421832576,0.0522279315384839,0.0,0.0,0.0,True,0.0,5,832.5290337800453
2025-07-08 01:00:00,25.565907804068374,99.83960242548488,0.0052548507696160915,0.0010665722319160964,0.0,99.92319421832576,0.0522279315384839,0.0,0.0,0.0,True,0.0,5,832.5290337800453
2025-07-08 02:00:00,25.62620063108623,99.85858609974478,0.004649511593714875,0.0010816815016201757,0.0,99.92319421832576,0.0522279315384839,0.0,0.0,0.0,True,0.0,5,832.5290337800453
2025-07-08 03:00:00,25.63182714213744,99.82466230878089,0.005766806431837762,0.0012322990511675436,0.0,99.92319421832576,0.0522279315384839,0.0,0.0,0.0,True,0.0,5,832.5290337800453
2025-07-08 04:00:00,25.76502918114623,99.75908666417706,0.007986351922341036,0.0018339094824433029,0.0,99.92319421832576,0.0522279315384839,0.0,0.0,0.0,True,0.0,5,832.5290337800453
2025-07-08 05:00:00,26.733358099374872,100.0,0.0,0.008930693110112364,0.011108226380933053,99.90685859129498,0.06333615791941695,0.0,0.0,0.0,True,0.19931533626086628,5,832.5290337800453
2025-07-08 06:00:00,29.03812322999658,92.87040682538486,0.2862183048351114,0.1110156950492939,0.08653975433113352,99.87273565539539,0.08653975433113352,4.0,0.0,0.5,True,0.0,5,836.465697622126
2025-07-08 07:00:00,31.32252498982774,86.86304077468003,0.601113735372608,0.25904572546807103,0.241887200251695,99.51701918443702,0.3284269545828285,0.0,0.0,0.5,False,0.0,5,836.465697622126
2025-07-08 08:00:00,33.31676630336059,81.61192189561032,0.9415092023528135,0.3988885226800408,0.3804668276396115,98.95750914379053,0.7088937822224399,0.0,0.0,0.5,False,0.0,5,836.465697622126
2025-07-08 09:00:00,34.4052339111652,78.10792293625393,1.191029621960313,0.4924163132789823,0.45563504372366626,98.28745760890278,1.1645288259461062,0.0,0.0,0.5,False,0.0,5,836.465697622126
2025-07-08 10:00:00,35.73475946914573,75.70011355681972,1.4227782831349955,0.5972780447914812,0.5749726343170541,97.44190961726005,1.7395014602631602,0.0,0.0,0.5,False,0.0,5,836.465697622126
2025-07-08 11:00:00,35.73198121301341,77.70238216542496,1.305344430262799,0.5873729604263317,0.5651690196445586,96.61077870601807,2.3046704799077187,0.0,0.0,0.5,False,0.0,5,836.465697622126
2025-07-08 12:00:00,35.01873242709304,77.34389346755536,1.275200160924157,0.5575991936837613,0.5212518265391965,95.84423190228395,2.825922306446915,0.0,0.0,0.5,False,0.0,5,836.465697622126
2025-07-08 13:00:00,35.81351095022552,75.82986864904456,1.421319199002595,0.6015571879117035,0.5578500650935717,95.02386415949928,3.383772371540487,0.0,0.0,0.5,False,0.0,5,836.465697622126
2025-07-08 14:00:00,34.807215601953054,77.9472578144529,1.226804149455497,0.5004800169097494,0.455267794778194,94.50141152011959,3.7390401663186807,0.0,0.1,0.5,False,0.0,5,836.465697622126
2025-07-08 15:00:00,33.03627167582213,82.69940904004807,0.8720174054056515,0.346955319741707,0.2970951902830122,99.56309530840734,0.2970951902830122,4.0,0.1,0.5,False,0.0,5,836.8266574558073
2025-07-08 16:00:00,31.507808896835993,88.46523668128042,0.5333808920789734,0.21326827447605884,0.16888391241609468,99.4617954372072,0.36597910269910683,0.0,0.1,0.5,False,0.0,5,836.8266574558073
2025-07-08 17:00:00,28.921009722866074,93.60655888660722,0.2549339102537628,0.11481908028464076,0.09221867290638806,99.86438430454942,0.09221867290638806,0.0,2.6,0.5,True,0.0,5,839.0606783531082
2025-07-08 18:00:00,29.11613267670035,100.0,0.0,0.010961276159652308,0.005703518438817418,99.85599677743352,0.09792219134520548,0.0,0.0,0.0,True,0.10111255463780555,5,839.0606783531082
2025-07-08 19:00:00,28.296217820916493,99.83892412285773,0.006194360180611938,0.00042032945223722287,0.00403103886270364,99.85006877910601,0.10195323020790913,0.0,0.0,0.0,True,0.0316846051805101,5,839.0606783531082
2025-07-08 20:00:00,27.656239879627137,99.89042942355775,0.0040595112906797156,0.0003587680094639316,0.0007035763159923478,99.84903410805308,0.10265680652390147,0.0,0.0,0.0,True,0.031400014359159525,5,839.0606783531082
2025-07-08 21:00:00,27.21915236742718,99.97961157523585,0.0007363152124665811,8.487659939990493e-05,0.0,99.84903410805308,0.10265680652390147,0.0,0.0,0.0,True,0.05230736806825301,5,839.0606783531082
2025-07-08 22:00:00,26.963462148824302,99.95589040750026,0.0015692890593999908,0.00010849622413455364,0.0,99.84903410805308,0.10265680652390147,0.0,0.0,0.0,True,0.011261556536137224,5,839.0606783531082
2025-07-08 23:00:00,26.73787920181923,99.909226103379,0.003186961239016474,0.0003952460013485433,0.0,99.84903410805308,0.10265680652390147,0.0,0.0,0.0,True,0.0,5,839.0606783531082
2025-07-09 00:00:00,26.391885055233573,99.96795224793748,0.0011024749624802392,9.510443415808065e-05,0.0,99.84903410805308,0.10265680652390147,0.0,0.0,0.0,True,0.029046401488711307,5,839.0606783531082
2025-07-09 01:00:00,26.146523748185647,99.9122919643118,0.0029738859152016375,0.00033393215308326763,0.0,99.84903410805308,0.10265680652390147,0.0,0.0,0.0,True,0.0007962355521012182,5,839.0606783531082
2025-07-09 02:00:00,25.944184240047935,99.94706293099716,0.00177358490804961,0.00020339608301209145,0.0,99.84903410805308,0.10265680652390147,0.0,0.0,0.0,True,0.0037444667232149065,5,839.0606783531082
2025-07-09 03:00:00,25.900151969255795,99.96392945128025,0.0012053515841476787,0.0002206975826854664,0.0,99.84903410805308,0.10265680652390147,0.0,0.0,0.0,True,0.0,5,839.0606783531082
2025-07-09 04:00:00,25.998215027950152,99.54817020525526,0.015186384170741968,0.0031461193733565256,0.01500874989760937,99.82696241702719,0.11766555642151083,0.0,0.0,0.0,True,0.0,5,839.0606783531082
2025-07-09 05:00:00,26.090368228019504,100.0,0.0,0.006768048792624387,0.01539767232358316,99.97735636423003,0.01539767232358316,0.0,3.2,0.0,True,0.2959827240802844,5,842.1430127966867
2025-07-09 06:00:00,25.09193751439392,95.80764959656452,0.1335333554981693,0.04548605651551365,0.035681842466588384,99.94752670225502,0.035681842466588384,4.0,2.8,0.5,True,0.0,5,848.9276151243631
2025-07-09 07:00:00,26.19643155053755,95.34086931119566,0.15844167174359378,0.07208562719588728,0.06928406537136522,99.89811166857152,0.06928406537136522,0.0,2.1,0.5,True,0.0,5,850.9919332818965
2025-07-09 08:00:00,26.658420821518433,94.79960098197685,0.181728620086291,0.08371801175687403,0.07866997923155099,99.88430885407125,0.07866997923155099,0.0,0.9,0.5,True,0.0,5,851.8226492165252
2025-07-09 09:00:00,29.586818847441318,88.903097486126,0.45980439691003905,0.21524179197667798,0.22174838341996553,99.67389943614711,0.22174838341996553,0.0,0.1,0.5,False,0.0,6,851.8439792372936
2025-07-09 10:00:00,30.782472533230923,84.53021241980665,0.686433805774456,0.30104934462884153,0.29165417971539676,99.24499623068328,0.5134025631353623,0.0,0.0,0.5,False,0.0,6,851.8439792372936
2025-07-09 11:00:00,30.81314083790744,84.91757695094152,0.6704167307200236,0.2728138184020142,0.22920628862213863,98.90792815918014,0.7426088517575009,0.0,0.0,0.5,False,0.0,6,851.8439792372936
2025-07-09 12:00:00,35.044830469902884,78.47108779409689,1.2135047263366563,0.5230938422226467,0.5190619534256807,98.5857782276718,0.9616708051831817,0.0,0.3,0.5,False,0.0,6,851.8439792372936
2025-07-09 13:00:00,34.21442746768061,78.2895259550399,1.1686959104367818,0.5001339660328427,0.45116996907832024,98.36346944961544,1.1128407742615019,0.0,0.3,0.5,False,0.0,6,851.8439792372936
2025-07-09 14:00:00,34.931319807316406,77.31671565876228,1.270575280836594,0.5356134742815674,0.4905157967327843,97.64212268971428,1.603356570994286,0.0,0.0,0.5,False,0.0,6,851.8439792372936
2025-07-09 15:00:00,33.76290791750521,78.7849881787419,1.1136696094377658,0.4531720823991379,0.3799573314896404,99.4412392183976,0.3799573314896404,4.0,0.0,0.5,False,0.0,6,854.2406226662994
2025-07-09 16:00:00,32.05979585266291,81.42851818195949,0.8860203979682999,0.32946088096700754,0.23961020062296348,99.08887127630499,0.6195675321126038,0.0,0.0,0.5,False,0.0,6,854.2406226662994
2025-07-09 17:00:00,30.723217591144273,88.5295140508652,0.5072573636129106,0.18038918268327178,0.11363178223963159,98.9217657141879,0.7331993143522354,0.0,0.0,0.5,False,0.0,6,854.2406226662994
2025-07-09 18:00:00,27.825420215213594,100.0,0.0,0.013333081524624256,0.013059464220463475,98.90256061974603,0.7462587785726988,0.0,0.0,0.0,True,1.00658668414503,6,854.2406226662994
2025-07-09 19:00:00,26.62478130677869,99.89296915592828,0.003732812586315442,0.00011702722968418786,0.009913648474871495,98.88798172493004,0.7561724270475704,0.0,0.0,0.0,True,0.11132261951132642,6,854.2406226662994
2025-07-09 20:00:00,26.295920993797864,99.7108047808549,0.009892476618917708,0.0016475734813194381,0.010594787557814093,98.87240115499209,0.7667672146053844,0.0,0.0,0.0,True,0.0,6,854.2406226662994
2025-07-09 21:00:00,26.009741224931897,99.7878680921259,0.007134793606349081,0.0012610422025390018,0.0035153756606074987,98.86723148490294,0.7702825902659919,0.0,0.0,0.0,True,0.0,6,854.2406226662994
2025-07-09 22:00:00,25.738320651319242,99.87208459019513,0.004233733255337689,0.0006575620151125134,0.0032032893730660683,98.86252076523668,0.7734858796390579,0.0,0.0,0.0,True,0.0,6,854.2406226662994
2025-07-09 23:00:00,25.723638168311574,99.78492031802126,0.007112500332719714,0.0014695069898985386,0.003811708857902518,98.85691531103387,0.7772975884969604,0.0,0.0,0.0,True,0.0,6,854.2406226662994
2025-07-10 00:00:00,25.586310244196145,99.8487115507648,0.004962423666179062,0.0009560017400926746,0.00267196198663757,99.9960706441373,0.00267196198663757,0.0,1.7,0.0,True,0.0,6,855.1633250778024
2025-07-10 01:00:00,25.476886409198016,99.84426747144835,0.005075141657723072,0.0009726153909343893,0.0015176744126890562,99.9977681258637,0.0015176744126890562,0.0,1.0,0.0,True,0.0,6,856.1606531158158
2025-07-10 02:00:00,25.457611794394545,99.8720965550596,0.004163458445194295,0.0008940161047717593,0.0,100.0,0.0,0.0,1.2,0.0,True,0.0,6,857.359135441403
2025-07-10 03:00:00,25.45258353758903,99.86985825362184,0.004235054441373307,0.0009079633229976975,0.0003113597542068159,99.99954211800852,0.0003113597542068159,0.0,0.9,0.0,True,0.0,6,858.259135441403
2025-07-10 04:00:00,25.27361894884108,99.76928377598114,0.007428543615757845,0.0013502882152838125,0.001549073840180817,99.99772195023503,0.001549073840180817,0.0,1.0,0.0,True,0.0,6,859.2588240816489
2025-07-10 05:00:00,25.61024807596657,100.0,0.0,0.003954121948348992,0.004300483387700653,99.99367575972397,0.004300483387700653,0.0,0.5,0.0,True,0.08725824869713697,6,859.7572750078087
2025-07-10 06:00:00,26.48581594921721,96.95266720050498,0.105413078544232,0.03364825186000892,0.02464176126345976,99.96376211578904,0.02464176126345976,4.0,1.3,0.5,True,0.0,6,865.0529745244211
2025-07-10 07:00:00,26.62150377844428,96.28418277669378,0.1295680230872667,0.04944547248592775,0.038317460461464066,99.94365079343902,0.038317460461464066,0.0,1.1,0.5,True,0.0,6,866.1283327631576
2025-07-10 08:00:00,29.91564331598951,90.71932870251929,0.3918835921711401,0.1870242373308065,0.20795083984349752,99.69418994140662,0.20795083984349752,0.0,0.1,0.5,True,0.0,6,866.1900153026961
2025-07-10 09:00:00,31.02599018168633,87.89552567185072,0.5446098320598701,0.2563175853934173,0.2537394406953712,99.32104370508989,0.46169028053886874,0.0,0.0,0.5,False,0.0,7,866.1900153026961
2025-07-10 10:00:00,34.5450868581409,83.26799935760945,0.9173888153124109,0.43850370744111955,0.45182601975894104,98.80365249956205,0.8135163002978099,0.0,0.1,0.5,False,0.0,7,866.1900153026961
2025-07-10 11:00:00,36.23815037883354,82.51224883535595,1.0525994879880625,0.512368055002424,0.5250694163769883,98.1785504166547,1.2385857166747982,0.0,0.1,0.5,False,0.0,7,866.1900153026961
2025-07-10 12:00:00,37.1799595955437,80.77916767873583,1.2179438567924739,0.5821620865512239,0.5884802296019115,97.46019713782836,1.7270659462767095,0.0,0.1,0.5,False,0.0,7,866.1900153026961
2025-07-10 13:00:00,36.6036918333772,81.04796223709234,1.1637738943487248,0.5497752960210648,0.5377368643445013,96.96352527849822,2.064802810621211,0.0,0.2,0.5,False,0.0,7,866.1900153026961
2025-07-10 14:00:00,35.274184108659135,80.56530473195699,1.1094200876600067,0.49665968123343557,0.465809863139673,97.16086371505752,1.9306126737608837,0.0,0.6,0.5,False,0.0,7,866.1900153026961
2025-07-10 15:00:00,32.97908869365717,80.73252988371264,0.9680460005472835,0.39830151769562133,0.3410647191478811,99.49843423654723,0.3410647191478811,4.0,0.6,0.5,False,0.0,7,868.8594026289352
2025-07-10 16:00:00,30.44912983104668,87.38794896700769,0.5490786257882503,0.219186196020138,0.16456471068918485,99.25642730906313,0.5056294298370659,0.0,0.0,0.5,False,0.0,7,868.8594026289352
2025-07-10 17:00:00,29.63815759280082,89.96747740658063,0.41693088530777717,0.15239177470563556,0.09294273448839203,99.11974681716845,0.598572164325458,0.0,0.0,0.5,False,0.0,7,868.8594026289352
2025-07-10 18:00:00,28.99626716857102,99.99999999999999,4.446236251326298e-16,0.01743781716002987,0.0032068221633597175,99.11503090222233,0.6017789864888178,0.0,0.0,0.0,True,0.5195901929801373,7,868.8594026289352
2025-07-10 19:00:00,28.013985900548043,99.74227952324568,0.00974959039093649,0.0008189213782662882,0.0,99.11503090222233,0.6017789864888178,0.0,0.0,0.0,True,0.018312706846907584,7,868.8594026289352
2025-07-10 20:00:00,27.5432714903034,99.73663052648409,0.009693485279535546,0.0015162167029227622,0.0,99.11503090222233,0.6017789864888178,0.0,0.0,0.0,True,0.0,7,868.8594026289352
2025-07-10 21:00:00,27.18327950735496,99.67365660381361,0.011760947721170171,0.0020710670157511606,0.0,99.11503090222233,0.6017789864888178,0.0,0.0,0.0,True,0.0,7,868.8594026289352
2025-07-10 22:00:00,26.807627926506438,99.71815479443619,0.009935886744102472,0.0017311263658399728,0.0,99.11503090222233,0.6017789864888178,0.0,0.0,0.0,True,0.0,7,868.8594026289352
2025-07-10 23:00:00,26.65459917571016,99.7657820510563,0.008182937045959772,0.001619263836862184,0.0,99.11503090222233,0.6017789864888178,0.0,0.0,0.0,True,0.0,7,868.8594026289352
2025-07-11 00:00:00,26.432890374465305,99.90669699237898,0.0032174828214314665,0.0005347104264039383,0.0,99.11503090222233,0.6017789864888178,0.0,0.0,0.0,True,0.0014009641294325526,7,868.8594026289352
2025-07-11 01:00:00,26.008516868163145,99.93932542654824,0.002040566337414772,0.00016118149988103147,0.0,99.11503090222233,0.6017789864888178,0.0,0.0,0.0,True,0.024329938697977352,7,868.8594026289352
2025-07-11 02:00:00,25.656775768091755,99.84399450195832,0.0051385694327668804,0.0006565340564017166,0.0,99.11503090222233,0.6017789864888178,0.0,0.0,0.0,True,0.0,7,868.8594026289352
2025-07-11 03:00:00,25.485196105369802,99.8116019526859,0.006142701437836382,0.0011177410874303277,0.0,99.11503090222233,0.6017789864888178,0.0,0.0,0.0,True,0.0,7,868.8594026289352
2025-07-11 04:00:00,25.232539892357412,99.86862746400502,0.004219582707947491,0.0006648398161374511,0.0,99.11503090222233,0.6017789864888178,0.0,0.0,0.0,True,0.0,7,868.8594026289352
2025-07-11 05:00:00,26.371780720314213,100.0,0.0,0.011155136162212486,0.0,99.11503090222233,0.6017789864888178,0.0,0.0,0.0,True,0.39325322040438293,7,868.8594026289352
2025-07-11 06:00:00,28.56579234806214,89.90717083006064,0.3942516777413462,0.14110230089794568,0.09623023881554546,99.85848494291831,0.09623023881554546,4.0,0.0,0.5,True,0.0,7,872.2576236424463
2025-07-11 07:00:00,31.185003876271672,86.45946736433096,0.6147574302957153,0.26295975976002894,0.2287382732336485,99.52210512933942,0.32496851204919397,0.0,0.0,0.5,False,0.0,7,872.2576236424463
2025-07-11 08:00:00,33.567265142995154,82.96048733262272,0.8847645508364631,0.39652297774938494,0.37218331540235516,98.97477672433595,0.6971518274515491,0.0,0.0,0.5,False,0.0,7,872.2576236424463
2025-07-11 09:00:00,35.41451590004381,80.7706131152712,1.1062256218400932,0.5013428009386486,0.48078325064659583,98.26774253220862,1.177935078098145,0.0,0.0,0.5,False,0.0,7,872.2576236424463
2025-07-11 10:00:00,37.11200783673268,78.9210360661199,1.3307566690474515,0.597592583265906,0.5777413312805934,97.4181229273842,1.7556764093787383,0.0,0.0,0.5,False,0.0,7,872.2576236424463
2025-07-11 11:00:00,38.062067392345604,78.49621945788101,1.4293613706546924,0.6408111521295792,0.6165208596666346,96.51147460434504,2.372197269045373,0.0,0.0,0.5,False,0.0,7,872.2576236424463
2025-07-11 12:00:00,37.78349366515708,76.59366612300671,1.5325514773596147,0.6662943368133283,0.6158811786980644,95.6057669886126,2.9880784477434372,0.0,0.0,0.5,False,0.0,7,872.2576236424463
2025-07-11 13:00:00,37.20561223790784,76.02691221085983,1.5211954435059885,0.6469471094532504,0.5891301942335702,94.73939905591617,3.5772086419770073,0.0,0.0,0.5,False,0.0,7,872.2576236424463
2025-07-11 14:00:00,35.974832778044416,75.90179306019292,1.4296981778481475,0.5890145907490569,0.5205590554906667,93.97387103313577,4.097767697467674,0.0,0.0,0.5,False,0.0,7,872.2576236424463
2025-07-11 15:00:00,34.48146498084299,78.26089987101258,1.18772115906224,0.4685767544745554,0.39366522872636506,99.27730452030288,0.49143292619403905,4.0,0.0,0.5,False,0.0,7,872.2576236424463
2025-07-11 16:00:00,32.549181821549965,81.07901770100473,0.9279488130123763,0.3457611500041001,0.27184236253812005,98.87753634009977,0.7632752887321591,0.0,0.0,0.5,False,0.0,7,872.2576236424463
2025-07-11 17:00:00,30.662694648135215,87.87088244416141,0.5345346944778309,0.1888876166440241,0.11807923062092004,98.70389041271605,0.8813545193530792,0.0,0.0,0.5,False,0.0,7,872.2576236424463
2025-07-11 18:00:00,30.489088780356383,99.79642326672649,0.008883188111983393,0.021826865786651706,0.01702268154544908,98.67885705750217,0.8983772008985282,0.0,0.0,0.0,True,0.19862371232027068,7,872.2576236424463
2025-07-11 19:00:00,29.48316323391462,99.45409690263145,0.0224851517286079,0.003262049444993841,0.002999385167675346,98.67444619696147,0.9013765860662036,0.0,0.0,0.0,True,0.0,7,872.2576236424463
2025-07-11 20:00:00,28.81703429239796,99.55789008832707,0.017523105975628568,0.003000408651903857,0.0,98.67444619696147,0.9013765860662036,0.0,0.0,0.0,True,0.0,7,872.2576236424463
2025-07-11 21:00:00,28.511483433548722,99.58016468197492,0.01634827142978051,0.0031650768703721387,0.0,98.67444619696147,0.9013765860662036,0.0,0.0,0.0,True,0.0,7,872.2576236424463
2025-07-11 22:00:00,28.353413908374687,99.55425178930149,0.017198808030057265,0.0035035911024452436,0.0,98.67444619696147,0.9013765860662036,0.0,0.0,0.0,True,0.0,7,872.2576236424463
2025-07-11 23:00:00,28.153477470504527,99.51757587720179,0.018398888133700917,0.0037059709897014344,0.0,98.67444619696147,0.9013765860662036,0.0,0.0,0.0,True,0.0,7,872.2576236424463
2025-07-12 00:00:00,27.999314371795826,99.42210306411387,0.02184322972322488,0.004469980361329728,0.0,98.67444619696147,0.9013765860662036,0.0,0.0,0.0,True,0.0,7,872.2576236424463
2025-07-12 01:00:00,27.684265404558605,99.4918527255737,0.018857315110652695,0.003738185202957094,0.0,98.67444619696147,0.9013765860662036,0.0,0.0,0.0,True,0.0,7,872.2576236424463
2025-07-12 02:00:00,27.653439317319386,99.39856481098337,0.02227909978865761,0.00471657507183271,0.0,98.67444619696147,0.9013765860662036,0.0,0.0,0.0,True,0.0,7,872.2576236424463
2025-07-12 03:00:00,27.643372154978465,99.39403406798013,0.02243374436815404,0.0048309311780716105,0.0,98.67444619696147,0.9013765860662036,0.0,0.0,0.0,True,0.0,7,872.2576236424463
2025-07-12 04:00:00,27.38268831098508,99.52424234824491,0.017346949762987705,0.0035193937473329212,0.0,98.67444619696147,0.9013765860662036,0.0,0.0,0.0,True,0.0,7,872.2576236424463
2025-07-12 05:00:00,28.477540882658623,99.99999999999999,4.3146739211219486e-16,0.011421422253595733,0.0,98.67444619696147,0.9013765860662036,0.0,0.0,0.0,True,0.1724412711392835,7,872.2576236424463
2025-07-12 06:00:00,30.367918315679454,89.4743194955268,0.45612321818656926,0.15210501428747467,0.09661688522574848,99.85791634525624,0.09661688522574848,4.0,0.0,0.5,False,0.0,7,875.3562470563801
2025-07-12 07:00:00,32.97183837249393,85.10870524734602,0.7478717163179328,0.29147452736214197,0.24322145918535187,99.5002377288072,0.33983834441110033,0.0,0.0,0.5,False,0.0,7,875.3562470563801
2025-07-12 08:00:00,34.99093197598028,82.52253599514081,0.982209670381121,0.4168315115652839,0.41294707155084365,99.0400214471148,0.652785415961944,0.0,0.1,0.5,False,0.0,7,875.3562470563801
2025-07-12 09:00:00,35.84820123825513,80.5606573907638,1.14530676143796,0.5024192237963023,0.49646618871902315,98.4569829342927,1.049251604680967,0.0,0.1,0.5,False,0.0,7,875.3562470563801
2025-07-12 10:00:00,36.952852477982205,79.93999286024757,1.255499502890698,0.562065790940369,0.5542166799888583,97.93607605195614,1.4034682846698252,0.0,0.2,0.5,False,0.0,7,875.3562470563801
2025-07-12 11:00:00,36.891173691533204,80.1803413367375,1.2362940852767315,0.5536181740617727,0.54418896845101,97.28285698070465,1.847657253120835,0.0,0.1,0.5,False,0.0,7,875.3562470563801
2025-07-12 12:00:00,38.20738223150208,78.63099542156262,1.4315966411351881,0.6273740178846967,0.6317844158621385,96.35376225149562,2.4794416689829735,0.0,0.0,0.5,False,0.0,7,875.3562470563801
2025-07-12 13:00:00,36.36008156525016,79.80781681984668,1.2235213283831854,0.5353353086006131,0.5073038141520264,96.6371389953897,2.286745483135,0.0,0.7,0.5,False,0.0,7,875.3562470563801
2025-07-12 14:00:00,35.09772047988751,82.15832950793163,1.008611217712345,0.4077957064163513,0.3378296498798844,96.14033068674281,2.624575133014884,0.0,0.0,0.5,False,0.0,7,875.3562470563801
2025-07-12 15:00:00,35.11290924499974,81.37156250292317,1.0539718559647633,0.41214741713896347,0.35172255794289303,99.48276094420163,0.35172255794289303,4.0,0.0,0.5,False,0.0,7,876.7316719233652
2025-07-12 16:00:00,32.20578476780929,85.47201637003032,0.6988464541603986,0.28996750470713445,0.24287169574882483,99.4197143328063,0.39459425369171786,0.0,0.2,0.5,False,0.0,7,876.7316719233652
2025-07-12 17:00:00,30.709419086196096,89.21277061151251,0.4766664319561923,0.16467177014013135,0.09488970977707845,99.28017064195765,0.4894839634687963,0.0,0.0,0.5,False,0.0,7,876.7316719233652
2025-07-12 18:00:00,31.077855755422267,99.65273193659263,0.015670622889571068,0.02131923467708701,0.02794934418121881,99.23906866522057,0.5174333076500152,0.0,0.0,0.0,True,0.14045871308859292,7,876.7316719233652
2025-07-12 19:00:00,30.449250947865117,99.47370498880808,0.02291295377315412,0.003961984264976244,0.00942820165825594,99.22520366278195,0.5268615093082711,0.0,0.0,0.0,True,0.0,7,876.7316719233652
2025-07-12 20:00:00,30.0665747356147,99.47003123666177,0.022572930156658677,0.004367201596324976,0.011058075767709974,99.20894178665297,0.5379195850759811,0.0,0.0,0.0,True,0.0,7,876.7316719233652
2025-07-12 21:00:00,29.81499326788747,99.4462383624487,0.02324827950493719,0.004677782057145091,0.011448671533774837,99.19210550498565,0.549368256609756,0.0,0.0,0.0,True,0.0,7,876.7316719233652
2025-07-12 22:00:00,29.601461068581116,99.43852933237962,0.0232843582186839,0.0047493017920322185,0.012244892929887596,99.17409830950052,0.5616131495396436,0.0,0.0,0.0,True,0.0,7,876.7316719233652
2025-07-12 23:00:00,29.41302357192724,99.47617784699075,0.021488677985326103,0.004426999271598628,0.010564101393772443,99.1585628662744,0.572177250933416,0.0,0.0,0.0,True,0.0,7,876.7316719233652
2025-07-13 00:00:00,28.991098257408495,99.68598641988414,0.012571902448396021,0.0023193498662079136,0.010607216274221112,99.1429640188123,0.5827844672076371,0.0,0.0,0.0,True,0.0,7,876.7316719233652
2025-07-13 01:00:00,28.744384891121896,99.6998446319492,0.011846788063885037,0.0022577540059880536,0.006797550998899837,99.1329676202845,0.589582018206537,0.0,0.0,0.0,True,0.0,7,876.7316719233652
2025-07-13 02:00:00,28.500484677425007,99.82648573805379,0.006752288308371411,0.0012377956337543637,0.0015319548030720586,99.1307147455741,0.5911139730096091,0.0,0.0,0.0,True,0.0,7,876.7316719233652
2025-07-13 03:00:00,28.445354019416275,99.8382930105513,0.006272713494846791,0.0012945171523033713,0.0,99.27777356910352,0.49111397300960913,0.0,0.1,0.0,True,0.0,7,876.7316719233652
2025-07-13 04:00:00,28.173236487636245,99.99509912745745,0.00018712637539221034,0.00011294354043692073,0.0,99.27777356910352,0.49111397300960913,0.0,0.0,0.0,True,0.04117473531319582,7,876.7316719233652
2025-07-13 05:00:00,29.0475287685012,100.0,0.0,0.011082551948226466,0.0017388527684643613,99.2752164326793,0.4928528257780735,0.0,0.0,0.0,True,0.41443248877434535,7,876.7316719233652
2025-07-13 06:00:00,30.476140760859295,93.6471234563593,0.27700637108087955,0.11950173886431308,0.09923839413547277,99.85406118509489,0.09923839413547277,4.0,0.0,0.5,True,0.0,7,880.2388190975871
2025-07-13 07:00:00,32.87281586969186,86.93332273834878,0.6525987091976682,0.2719512275569213,0.24657867520557228,99.49144548626316,0.34581706934104506,0.0,0.0,0.5,False,0.0,7,880.2388190975871
2025-07-13 08:00:00,34.94115621612306,82.1267051719825,1.001694537932235,0.42273582990647457,0.39124772172439426,98.91608118960966,0.7370647910654393,0.0,0.0,0.5,False,0.0,7,880.2388190975871
2025-07-13 09:00:00,36.480697096427185,78.43862950785459,1.3151336331915,0.5566933493717224,0.5170301697052955,98.15574270474892,1.2540949607707348,0.0,0.0,0.5,False,0.0,7,880.2388190975871
2025-07-13 10:00:00,37.68243534705714,76.2838963917259,1.5443552378081846,0.6537393777355894,0.6087671046291188,97.26049696264727,1.8628620653998536,0.0,0.0,0.5,False,0.0,7,880.2388190975871
2025-07-13 11:00:00,38.15355430625562,75.00990200144146,1.6693289607837316,0.7066446016597531,0.6537781783792734,96.2990584650307,2.516640243779127,0.0,0.0,0.5,False,0.0,7,880.2388190975871
2025-07-13 12:00:00,38.56339725231232,73.84960765411905,1.7858776207624303,0.7321588966277385,0.6739604189313916,95.30794020189629,3.1906006627105183,0.0,0.0,0.5,False,0.0,7,880.2388190975871
2025-07-13 13:00:00,38.42100924816027,74.61350377008297,1.7204593390527252,0.6982653153446816,0.6328502952190974,94.37727800304468,3.823450957929616,0.0,0.0,0.5,False,0.0,7,880.2388190975871
2025-07-13 14:00:00,37.63281876250925,76.13827248889206,1.5496644709188032,0.6185512244137467,0.5481044842204132,93.5712419968382,4.371555442150029,0.0,0.0,0.5,False,0.0,7,880.2388190975871
2025-07-13 15:00:00,36.187785348210426,77.47788177907704,1.3518863177214582,0.5078705246745724,0.4287103733896944,98.82313850655923,0.8002658155397238,4.0,0.0,0.5,False,0.0,7,880.2388190975871
2025-07-13 16:00:00,35.35559867832294,82.42755426105825,1.0076280384693739,0.35583449800990397,0.26457744522511367,98.434054028287,1.0648432607648375,0.0,0.0,0.5,False,0.0,7,880.2388190975871
2025-07-13 17:00:00,32.43074790577606,86.43645309954114,0.6607810994631259,0.21480859397869162,0.14744410573263733,99.09957740220959,0.6122873664974748,0.0,0.6,0.5,False,0.0,7,880.2388190975871
2025-07-13 18:00:00,31.687187641901204,100.0,0.0,0.02144508019849956,0.012170532072995618,99.08167956092578,0.6244578985704704,0.0,0.0,0.0,True,0.4229042658036197,7,880.2388190975871
2025-07-13 19:00:00,30.474898349310344,99.74160609252128,0.01126602661171528,0.000834362437704473,0.006547302759004823,99.51322764510371,0.33100520132947525,0.0,0.3,0.0,True,0.04152443646051676,7,880.2388190975871
2025-07-13 20:00:00,28.614547175210692,99.97417293451333,0.001011726429149161,0.00020278847901091608,0.009831563547440329,99.98554181831258,0.009831563547440329,0.0,6.8,0.0,True,0.3188226368426305,7,886.7078138962577
2025-07-13 21:00:00,27.879521498830254,99.86580155781421,0.005037131995285181,0.00033722136784338245,0.002498551666856727,99.99632565931344,0.002498551666856727,0.0,0.1,0.0,True,0.03186602937721959,7,886.7979823327103
2025-07-13 22:00:00,27.493613306088392,99.93369769644261,0.0024332282610989753,0.0002404859124585498,0.0056856258082755,99.99163878557607,0.0056856258082755,0.0,0.6,0.0,True,0.018257142066744128,7,887.3954837810434
2025-07-13 23:00:00,26.947391604874866,99.95642865621699,0.0015486784609803274,8.884453022147657e-05,0.003919947137740209,99.98587415743233,0.00960557294601571,0.0,0.0,0.0,True,0.051832317544674156,7,887.3954837810434
2025-07-14 00:00:00,26.66101391256282,99.91911139644702,0.0028270939332941994,0.00028091638635749806,0.0018720565482704212,99.99724697566431,0.0018720565482704212,0.0,1.5,0.0,True,0.003701321080896644,7,888.8858782080973
2025-07-14 01:00:00,26.143321330022385,100.0,0.0,5.08876907993093e-05,0.0,100.0,0.0,0.0,11.3,0.0,True,0.10588194170309297,7,900.184006151549
2025-07-14 02:00:00,26.208891568294522,99.81629396944935,0.006251832415305691,0.0013157897190430579,0.0,100.0,0.0,0.0,0.2,0.0,True,0.0,7,900.3840061515491
2025-07-14 03:00:00,25.998242667428276,99.81881073248783,0.0060899355286072165,0.0010778541061826103,0.0023703742798966234,99.99651415547073,0.0023703742798966234,0.0,3.2,0.0,True,0.0,7,903.5840061515491
2025-07-14 04:00:00,25.879009423646178,99.84615752413838,0.005134450974118331,0.0009909940719383802,0.0006373606703860542,99.99906270489649,0.0006373606703860542,0.0,0.5,0.0,True,0.0,7,904.0816357772693
2025-07-14 05:00:00,26.200092132881196,100.0,0.0,0.006205073178758681,0.005412111671462355,99.99204101224784,0.005412111671462355,0.0,4.6,0.0,True,0.30765284277698945,7,908.6809984165989
2025-07-14 06:00:00,28.34524869951543,94.96417230770672,0.1942109309299453,0.0744262329873655,0.07620422903266233,99.8879349573049,0.07620422903266233,4.0,0.0,0.5,True,0.0,7,912.6755863049274
2025-07-14 07:00:00,29.81752953353416,92.91290018900654,0.297577278098543,0.13948501358719728,0.14655372035238917,99.6724147803161,0.2227579493850515,0.0,0.0,0.5,True,0.0,7,912.6755863049274
2025-07-14 08:00:00,31.026084184036193,89.68613046917426,0.4640486365145583,0.21320618212340423,0.21733503800607287,99.35280443030717,0.44009298739112435,0.0,0.0,0.5,False,0.0,7,912.6755863049274
2025-07-14 09:00:00,33.56187716626077,85.04709631691249,0.776185229234444,0.3598956925823132,0.3778023491333203,98.79721274040523,0.8178953365244446,0.0,0.0,0.5,False,0.0,7,912.6755863049274
2025-07-14 10:00:00,34.490137181364496,83.07116482372787,0.9253562463662163,0.42310047792803346,0.42710143843158865,98.16912238977054,1.2449967749560331,0.0,0.0,0.5,False,0.0,7,912.6755863049274
2025-07-14 11:00:00,35.59988929862994,81.24519906743845,1.0899933838054339,0.4916464628298965,0.4952597849582808,97.4407991765966,1.740256559914314,0.0,0.0,0.5,False,0.0,7,912.6755863049274
2025-07-14 12:00:00,35.5162161873708,80.80155079062587,1.110650178435445,0.4934094650646609,0.48247258785252417,96.73128066504877,2.222729147766838,0.0,0.0,0.5,False,0.0,7,912.6755863049274
2025-07-14 13:00:00,35.26540679762558,80.58240915161693,1.1079071471203825,0.49602926662341973,0.4840706868047783,99.28813134293415,0.4840706868047783,0.0,3.4,0.5,False,0.0,7,913.8528571571605
2025-07-14 14:00:00,29.865880100610948,90.58970650381953,0.3962235042781488,0.18421070456844588,0.13875548053895434,99.52525563625922,0.3228261673437327,0.0,0.3,0.5,True,0.0,7,913.8528571571605
2025-07-14 15:00:00,30.07501708796153,91.63610565471328,0.35641534362046656,0.1483475502716782,0.1351246360098411,99.80128729998553,0.1351246360098411,4.0,0.5,0.5,True,0.0,7,918.0300309898169
2025-07-14 16:00:00,30.71944390409412,89.51963552150906,0.46337162047996955,0.1894780284020322,0.17748482927409143,99.68733902164128,0.2126094652839325,0.0,0.1,0.5,False,0.0,7,918.0300309898169
2025-07-14 17:00:00,29.057360889545834,92.1544045247334,0.31531251882881595,0.10740949791856726,0.06898329608038266,99.58589299799365,0.28159276136431516,0.0,0.0,0.5,True,0.0,7,918.0300309898169
2025-07-14 18:00:00,28.96820813618469,99.9987655329033,4.9357995739298315e-05,0.011043883320876406,0.0046930398136182366,99.57899146885597,0.2862858011779334,0.0,0.0,0.0,True,0.11191764920481795,7,918.0300309898169
2025-07-14 19:00:00,28.614155906662468,99.76315342392535,0.00927780614306631,0.001397914310061937,0.0,99.57899146885597,0.2862858011779334,0.0,0.0,0.0,True,0.0,7,918.0300309898169
2025-07-14 20:00:00,28.37998691584319,99.78277846691634,0.008394246472997994,0.0015349248742385628,0.0,99.57899146885597,0.2862858011779334,0.0,0.0,0.0,True,0.0,7,918.0300309898169
2025-07-14 21:00:00,28.326096170027782,99.795003933005,0.007897056541744323,0.0016475303979321253,0.0030071322774075514,99.72162803903626,0.18929293345534096,0.0,0.1,0.0,True,0.0,7,918.0300309898169
2025-07-14 22:00:00,28.110474129164857,99.8645609113532,0.005152526510736965,0.0008926515891653146,0.0031255164881178513,99.86409051478903,0.0924184499434588,0.0,0.1,0.0,True,0.0,7,918.0300309898169
2025-07-14 23:00:00,27.836183386933183,99.87481648378818,0.004686902621584322,0.0006831139704631218,0.00537482638643471,99.85618635833839,0.09779327632989351,0.0,0.0,0.0,True,0.0,7,918.0300309898169
2025-07-15 00:00:00,27.43566337358059,99.76816423488556,0.008479365364090536,0.0012782241137030649,0.010239495305256063,99.84112827700713,0.10803277163514957,0.0,0.0,0.0,True,0.0,7,918.0300309898169
2025-07-15 01:00:00,27.177676900487608,99.74216453519276,0.009288970655250275,0.001683467408834291,0.007295725420753179,99.97745809256486,0.015328497055902744,0.0,0.1,0.0,True,0.0,7,918.0300309898169
2025-07-15 02:00:00,26.84314236836551,99.84052461220291,0.005633725888343468,0.0008826958719940696,0.005794556780409591,99.99147859296998,0.005794556780409591,0.0,0.7,0.0,True,0.0,7,918.7147024927609
2025-07-15 03:00:00,26.10367484714223,99.98095689637269,0.0006440560213207856,0.00010493144640051267,0.0013883733008511455,99.99795827455758,0.0013883733008511455,0.0,4.2,0.0,True,0.09832885985477692,7,922.9089079359806
2025-07-15 04:00:00,25.708448687226355,99.97517560238828,0.0008201831339684742,2.908658580198459e-05,0.0,100.0,0.0,0.0,2.1,0.0,True,0.03946719959259798,7,925.0075195626797
2025-07-15 05:00:00,26.260488044244866,100.0,0.0,0.00765557962294207,0.008921489156618377,99.98688016300498,0.008921489156618377,0.0,2.3,0.0,True,0.3364623773071711,7,927.3075195626797
2025-07-15 06:00:00,26.191268581932608,97.36532678468757,0.08956924780632883,0.03134552638015947,0.02023118803851907,99.97024825288453,0.02023118803851907,4.0,0.2,0.5,True,0.0,7,931.498598073523
2025-07-15 07:00:00,27.275628120298016,94.97267224694289,0.1821602224772415,0.08048671218585897,0.07977178732857806,99.8826885480462,0.07977178732857806,0.0,1.1,0.5,True,0.0,7,932.5783668854845
2025-07-15 08:00:00,28.34027758141395,92.9765636343848,0.27078654371708744,0.1351884098285418,0.1397154374096542,99.79453612145639,0.1397154374096542,0.0,1.4,0.5,True,0.0,7,933.8985950981559
2025-07-15 09:00:00,28.4799163448205,92.61214660941586,0.2871546615530274,0.1427394337029759,0.14167956255638645,99.79164770212296,0.14167956255638645,0.0,0.3,0.5,True,0.0,7,934.0588796607462
2025-07-15 10:00:00,31.608839669675394,87.39539617724587,0.5861996688226141,0.29687775026845886,0.3229698198440822,99.52504438258222,0.3229698198440822,0.0,0.3,0.5,False,0.0,7,934.2172000981899
2025-07-15 11:00:00,31.62387706765409,87.5285935494705,0.5804995625111539,0.30264242027885774,0.3094099235397793,99.51120625972962,0.3323797433838615,0.0,0.3,0.5,False,0.0,7,934.2172000981899
2025-07-15 12:00:00,30.954686166531026,89.05547762050986,0.4904257353725133,0.25338846622393363,0.2546060719328905,99.28384438924007,0.486985815316752,0.0,0.1,0.5,False,0.0,7,934.2172000981899
2025-07-15 13:00:00,34.26767910486163,83.17242544947813,0.9085297136412951,0.43073400020548946,0.45975633656173354,98.60773212959046,0.9467421518784855,0.0,0.0,0.5,False,0.0,7,934.2172000981899
2025-07-15 14:00:00,33.36954102994244,82.25166954366439,0.9114400009613874,0.4138474805673423,0.39885701718076844,98.02117769255993,1.345599169059254,0.0,0.0,0.5,False,0.0,7,934.2172000981899
2025-07-15 15:00:00,32.17105244748181,83.82117770972444,0.7767336781237373,0.32587828891061843,0.2952392476959456,99.56582463574125,0.2952392476959456,4.0,0.0,0.5,False,0.0,7,936.8716009291306
2025-07-15 16:00:00,30.797412829409303,85.66596768821186,0.6365795276368887,0.24194645684283195,0.19982006849588044,99.27197159383554,0.4950593161918261,0.0,0.0,0.5,False,0.0,7,936.8716009291306
2025-07-15 17:00:00,29.436145704705606,89.90100044872776,0.41484193690289123,0.14526914986938805,0.10228713945006546,99.1215493299384,0.5973464556418915,0.0,0.0,0.5,False,0.0,7,936.8716009291306
2025-07-15 18:00:00,29.32574834837594,99.9844505904653,0.0006346808644948861,0.016895256840569806,0.02893516751381972,99.07899761300631,0.6262816231557112,0.0,0.0,0.0,True,0.15064738044748804,7,936.8716009291306
2025-07-15 19:00:00,28.109240185921003,99.81804870503014,0.006921499406095418,0.0003778504631635944,0.004842056180386758,99.0718769421528,0.631123679336098,0.0,0.0,0.0,True,0.07562598640505763,7,936.8716009291306
2025-07-15 20:00:00,27.58389660503558,99.78938502329784,0.007770240327936235,0.0010236750114205632,0.0028926442152285934,99.067623053601,0.6340163235513266,0.0,0.0,0.0,True,0.0010738025887281621,7,936.8716009291306
2025-07-15 21:00:00,27.421184737754484,99.68335635514082,0.011571402054535305,0.0022385193361526526,0.004674765232260025,99.06074839884766,0.6386910887835867,0.0,0.0,0.0,True,0.0,7,936.8716009291306
2025-07-15 22:00:00,27.21887927404053,99.64573103757665,0.012793997427619505,0.0025005087895787485,0.0048846421512847875,99.05356510156636,0.6435757309348715,0.0,0.0,0.0,True,0.0,7,936.8716009291306
2025-07-15 23:00:00,27.29065996931578,99.55460220905822,0.016152754120032465,0.0035160153680603794,0.0033473794373878145,99.04864248474668,0.6469231103722594,0.0,0.0,0.0,True,0.0,7,936.8716009291306
2025-07-16 00:00:00,27.251143706287113,99.61642358749758,0.01387859964174309,0.002989992740740781,0.005140378846642944,99.04108310408985,0.6520634892189023,0.0,0.0,0.0,True,0.0,7,936.8716009291306
2025-07-16 01:00:00,27.182065693290735,99.66514204065311,0.012066942215153493,0.0025557421287795584,0.005688941828419376,99.03271701316571,0.6577524310473217,0.0,0.0,0.0,True,0.0,7,936.8716009291306
2025-07-16 02:00:00,27.04527971595452,99.76319572171838,0.008465332005044582,0.0017286558465123979,0.0010555308725856913,99.03116476188248,0.6588079619199074,0.0,0.0,0.0,True,0.0,7,936.8716009291306
2025-07-16 03:00:00,26.900007925880246,99.63562557427697,0.012915172524113512,0.0025417764318932806,4.034467569508307e-05,99.03110543147704,0.6588483065956026,0.0,0.0,0.0,True,0.0,7,936.8716009291306
2025-07-16 04:00:00,26.73893435855618,99.72346473002281,0.00970941961273242,0.0019639816179787693,0.0,99.03110543147704,0.6588483065956026,0.0,0.0,0.0,True,0.0,7,936.8716009291306
2025-07-16 05:00:00,27.75005643966344,99.99999999999997,1.2407633684711176e-15,0.009390644920061898,0.012312484724236137,99.01299883629436,0.6711607913198387,0.0,0.0,0.0,True,0.1506728201080224,7,936.8716009291306
2025-07-16 06:00:00,27.26203355346934,95.38146305013092,0.16721494882162483,0.05045865246985286,0.026081490801799265,99.96164486646795,0.026081490801799265,4.0,0.1,0.5,True,0.0,7,940.3004401378108
2025-07-16 07:00:00,29.631206160153035,91.38331762506445,0.3579483545044793,0.1487684902251221,0.15025788554333136,99.74067738772774,0.17633937634513064,0.0,0.0,0.5,True,0.0,7,940.3004401378108
2025-07-16 08:00:00,30.859539571358923,87.68998408643297,0.5486317547951368,0.2350212679275121,0.22892805787594206,99.40401847908666,0.4052674342210727,0.0,0.0,0.5,False,0.0,7,940.3004401378108
2025-07-16 09:00:00,32.57438482274722,84.76209575824278,0.7483788906427558,0.3343412955118489,0.33727436685290446,98.9080267631265,0.7425418010739772,0.0,0.0,0.5,False,0.0,7,940.3004401378108
2025-07-16 10:00:00,34.85727821039778,82.25743683648233,0.9897651734364451,0.4497450605304189,0.4665081482806572,98.36904419212553,1.1090499493546344,0.0,0.1,0.5,False,0.0,7,940.3004401378108
2025-07-16 11:00:00,35.86007713225822,81.63616715866242,1.0826469767332965,0.5047948076196248,0.5212330571023905,97.7495838140338,1.530283006457025,0.0,0.1,0.5,False,0.0,7,940.3004401378108
2025-07-16 12:00:00,35.07739602662893,80.15758628116878,1.1204570942097323,0.5050137834920769,0.49182564429215375,97.1733696312512,1.9221086507491787,0.0,0.1,0.5,False,0.0,7,940.3004401378108
2025-07-16 13:00:00,35.34849017154279,78.17909566481576,1.2507502191558417,0.5495134926298147,0.5343591047282115,96.3875474184156,2.45646775547739,0.0,0.0,0.5,False,0.0,7,940.3004401378108
2025-07-16 14:00:00,34.10066975656931,78.68652046751528,1.1400896093479944,0.4858931276781062,0.45359349119183295,96.30873346078054,2.510061246669223,0.0,0.4,0.5,False,0.0,7,940.3004401378108
2025-07-16 15:00:00,33.404220556942256,80.59246472461707,0.9985811246041332,0.4115443917659012,0.3792926757407666,99.4422166533224,0.3792926757407666,4.0,0.1,0.5,False,0.0,7,941.8903788911416
2025-07-16 16:00:00,31.819025635229167,82.7816209566958,0.8103598136435491,0.3002729959411843,0.253017752209308,99.07013172360283,0.6323104279500746,0.0,0.0,0.5,False,0.0,7,941.8903788911416
2025-07-16 17:00:00,30.249959798312478,87.19255703301867,0.5512680747086048,0.18241812623985745,0.12931315799722126,98.87996531478339,0.761623585947296,0.0,0.0,0.5,False,0.0,7,941.8903788911416
2025-07-16 18:00:00,29.55214555024957,99.99748304449895,0.00010408313872582758,0.01889516132405455,0.025426544220228955,98.84257333798894,0.7870501301675249,0.0,0.0,0.0,True,0.23695830481930102,7,941.8903788911416
2025-07-16 19:00:00,28.5051659250398,99.67135669064534,0.012792591245068118,0.001235942167591927,0.009791421306220478,98.8281741890092,0.7968415514737454,0.0,0.0,0.0,True,0.008156059435974333,7,941.8903788911416
2025-07-16 20:00:00,28.384127797039174,99.4192682388991,0.022447027128850595,0.004534142974202857,0.017438657629457077,98.80252910425999,0.8142802091032024,0.0,0.0,0.0,True,0.0,7,941.8903788911416
2025-07-16 21:00:00,28.10258975747103,99.57353148232318,0.016216755748764154,0.0032589623421100606,0.012599633189849514,98.784000231922,0.8268798422930519,0.0,0.0,0.0,True,0.0,7,941.8903788911416
2025-07-16 22:00:00,27.766548850356063,99.66936741523942,0.012328803703351186,0.0023159169764244,0.006762246788333349,98.77405575135091,0.8336420890813853,0.0,0.0,0.0,True,0.0,7,941.8903788911416
2025-07-16 23:00:00,27.471534141071874,99.70534751847573,0.010799504609672626,0.0020007736424252536,0.007364775202985365,98.76322519958181,0.8410068642843707,0.0,0.0,0.0,True,0.0,7,941.8903788911416
2025-07-17 00:00:00,27.199295856258477,99.78705019312503,0.00768160956712734,0.0013862005310163045,0.004998783021694606,98.75587404807932,0.8460056473060653,0.0,0.0,0.0,True,0.0,7,941.8903788911416
2025-07-17 01:00:00,27.051830934426583,99.76605152000558,0.008366456074537827,0.0016206460254287562,0.005406521611595408,98.74792328100344,0.8514121689176607,0.0,0.0,0.0,True,0.0,7,941.8903788911416
2025-07-17 02:00:00,26.985300707015696,99.6654627255594,0.01191710992018425,0.0024345781843931867,0.00578712568936119,98.73941280204849,0.8571992946070219,0.0,0.0,0.0,True,0.0,7,941.8903788911416
2025-07-17 03:00:00,26.83477594329956,99.72207135303304,0.009813454915640838,0.0019791634671627225,0.001574316822052399,98.73709763025136,0.8587736114290744,0.0,0.0,0.0,True,0.0,7,941.8903788911416
2025-07-17 04:00:00,26.507582628213292,99.75266888611732,0.008566631240216059,0.0014885978845834069,0.0007741457958037657,99.4712532981987,0.35954775722487814,0.0,0.5,0.0,True,0.0,7,941.8903788911416
2025-07-17 05:00:00,27.494033818502544,100.0,0.0,0.008669473344133847,0.0020890791460325344,99.46818112298395,0.36163683637091065,0.0,0.0,0.0,True,0.11151128663836538,7,941.8903788911416
2025-07-17 06:00:00,28.601490024118615,92.62481369157828,0.2886904099496845,0.11603440261578696,0.10935199969630932,99.83918823574072,0.10935199969630932,4.0,2.1,0.5,True,0.0,7,947.6287420547707
2025-07-17 07:00:00,28.872576253787784,92.48958746039006,0.2986346692910938,0.13714438914218557,0.1264324504332674,99.81406992583342,0.1264324504332674,0.0,0.2,0.5,True,0.0,7,947.7193900550743
2025-07-17 08:00:00,31.913687723570177,87.69677633159053,0.5821434448464858,0.27568073773809476,0.2836585821628582,99.58285502623109,0.2836585821628582,0.0,0.2,0.5,False,0.0,7,947.7929576046411
2025-07-17 09:00:00,34.029399052744694,83.98367582060793,0.8533455120855558,0.41032018351455174,0.41328860162861236,99.26919531795372,0.49694718379147057,0.0,0.2,0.5,False,0.0,7,947.7929576046411
2025-07-17 10:00:00,35.573570907594046,81.1685998998511,1.0928611492352018,0.5211546555358391,0.511989375011126,98.81038741352559,0.8089365588025965,0.0,0.2,0.5,False,0.0,7,947.7929576046411
2025-07-17 11:00:00,36.36553799857648,77.90057321591355,1.3394883774374318,0.6147335746372821,0.5878834682239317,98.09291172496098,1.2968200270265282,0.0,0.1,0.5,False,0.0,7,947.7929576046411
2025-07-17 12:00:00,36.32139770146437,77.12851878551365,1.3829391696317035,0.6252242128978875,0.5905902668820365,97.22439662660504,1.8874102939085646,0.0,0.0,0.5,False,0.0,7,947.7929576046411
2025-07-17 13:00:00,35.946504852527305,76.18860033606416,1.4104878674619563,0.6205169746498026,0.5741204393879298,96.38010186279928,2.4615307332964944,0.0,0.0,0.5,False,0.0,7,947.7929576046411
2025-07-17 14:00:00,35.27268173262385,76.47347874991404,1.3428886845290686,0.5613324024772747,0.502840625673953,95.64063035445523,2.9643713589704475,0.0,0.0,0.5,False,0.0,7,947.7929576046411
2025-07-17 15:00:00,34.05679344224577,77.16510430498475,1.2184937461652676,0.4790662118721676,0.41172797223271457,99.39451768789307,0.41172797223271457,4.0,0.0,0.5,False,0.0,7,948.8285862456706
2025-07-17 16:00:00,32.47252240281286,80.95274096078379,0.9301191949826652,0.3461535052427213,0.27087255974670255,98.99617568826557,0.6826005319794171,0.0,0.0,0.5,False,0.0,7,948.8285862456706
2025-07-17 17:00:00,30.569306964994674,85.58067408558438,0.6320858013094264,0.20689969699541316,0.12362528084383738,98.81437380467169,0.8062258128232545,0.0,0.0,0.5,False,0.0,7,948.8285862456706
2025-07-17 18:00:00,30.187152843452612,99.73126841069256,0.011525430503376037,0.022850431128914567,0.024812753840956644,98.77788446078793,0.831038566664211,0.0,0.0,0.0,True,0.23489039751795893,7,948.8285862456706
2025-07-17 19:00:00,29.25374067615242,99.43951432641042,0.022782570656586437,0.003478824302820002,0.01593531142382241,98.7544501792823,0.8469738780880335,0.0,0.0,0.0,True,0.0,7,948.8285862456706
2025-07-17 20:00:00,28.767365949543876,99.35418193061405,0.02552363494749723,0.004840327752451206,0.020838943919808037,98.72380467351788,0.8678128220078415,0.0,0.0,0.0,True,0.0,7,948.8285862456706
2025-07-17 21:00:00,28.428489724814973,99.36865902027009,0.024466147574393776,0.004874971956905167,0.015600636580555244,98.70086256089941,0.8834134585883967,0.0,0.0,0.0,True,0.0,7,948.8285862456706
2025-07-17 22:00:00,28.00540167205785,99.46851266242982,0.020096170713551596,0.0038872525422439515,0.007186593056432902,98.69029404169878,0.8906000516448296,0.0,0.0,0.0,True,0.0,7,948.8285862456706
2025-07-17 23:00:00,27.60339624101639,99.46419245314263,0.019790129296628493,0.0037864869536893197,0.006615404075885941,98.68056550629306,0.8972154557207155,0.0,0.0,0.0,True,0.0,7,948.8285862456706
2025-07-18 00:00:00,27.218241750599844,99.5031021572739,0.01794419782313908,0.0034422576817404937,0.008592130790280988,98.66793001983677,0.9058075865109965,0.0,0.0,0.0,True,0.0,7,948.8285862456706
2025-07-18 01:00:00,26.92110946957362,99.57353303711487,0.015134766502094152,0.002964332458620124,0.0017350375594956694,98.66537849401398,0.9075426240704921,0.0,0.0,0.0,True,0.0,7,948.8285862456706
2025-07-18 02:00:00,26.719934026960686,99.64335958725857,0.01250800927120474,0.002511125462844857,0.0018935778618440846,98.66259382068773,0.9094362019323362,0.0,0.0,0.0,True,0.0,7,948.8285862456706
2025-07-18 03:00:00,26.604829487608786,99.67196818598497,0.01142702996777238,0.0023531679696026852,0.0,98.66259382068773,0.9094362019323362,0.0,0.0,0.0,True,0.0,7,948.8285862456706
2025-07-18 04:00:00,26.370554208094468,99.73580718139856,0.00907707935012072,0.0017297964191328112,0.0,98.66259382068773,0.9094362019323362,0.0,0.0,0.0,True,0.0,7,948.8285862456706
2025-07-18 05:00:00,27.536699420069315,99.99999999999999,4.084679470361238e-16,0.009799114021769077,0.005073617890188645,98.65513261790805,0.9145098198225249,0.0,0.0,0.0,True,0.15193061693321402,7,948.8285862456706
2025-07-18 06:00:00,29.337278759732282,91.82590606973136,0.3338641542596172,0.12692001260331212,0.10418741086813828,99.84678321931156,0.10418741086813828,4.0,0.0,0.5,True,0.0,7,951.9140764258481
2025-07-18 07:00:00,31.40255645292148,87.90027514722114,0.5561740486768424,0.2437274121771572,0.22418564787144496,99.51709844303002,0.3283730587395832,0.0,0.0,0.5,False,0.0,7,951.9140764258481
2025-07-18 08:00:00,33.29954669328484,84.55444081203133,0.790084143240415,0.36597206939167387,0.3546937075545019,99.14254887309694,0.5830667662940852,0.0,0.1,0.5,False,0.0,7,951.9140764258481
2025-07-18 09:00:00,34.82232322266744,79.62929619396223,1.1341795267962307,0.5057706383864501,0.4790850346771,98.58507088092473,0.9621518009711851,0.0,0.1,0.5,False,0.0,7,951.9140764258481
2025-07-18 10:00:00,35.500794894707354,77.31496494435599,1.3112388435143465,0.5826051027736784,0.5427910686706894,97.7868487211149,1.5049428696418745,0.0,0.0,0.5,False,0.0,7,951.9140764258481
2025-07-18 11:00:00,35.53481894672258,77.22636691015855,1.318828362178154,0.5826517278122996,0.5351559992943918,97.29397225156431,1.8400988689362663,0.0,0.2,0.5,False,0.0,7,951.9140764258481
2025-07-18 12:00:00,36.49924582887242,76.32294873329444,1.4456446162740353,0.6363320955895638,0.5934459447017791,96.42125762700287,2.4335448136380453,0.0,0.0,0.5,False,0.0,7,951.9140764258481
2025-07-18 13:00:00,36.24154268905669,76.76703048877393,1.3986678865518767,0.606949894285461,0.5569046350710877,95.74933904601598,2.890449448709133,0.0,0.1,0.5,False,0.0,7,951.9140764258481
2025-07-18 14:00:00,35.04541930293857,78.64298970352155,1.20385442098016,0.5226094467344891,0.47110037450889986,95.20360320114996,3.2615498232180324,0.0,0.1,0.5,False,0.0,7,951.9140764258481
2025-07-18 15:00:00,33.20859634196011,81.91801557962816,0.9202469430750428,0.3831479234774227,0.3322198204765463,99.51144144047566,0.3322198204765463,4.0,0.8,0.5,False,0.0,7,953.4525266026301
2025-07-18 16:00:00,32.070907082192306,83.14693315086697,0.8045418885790695,0.2976922350868301,0.24911469636556313,99.1450962987616,0.5813345168421095,0.0,0.0,0.5,False,0.0,7,953.4525266026301
2025-07-18 17:00:00,30.494803832628442,87.1784064319885,0.5596603814337711,0.1890807852681141,0.1366163615709338,98.94418988468671,0.7179508784130433,0.0,0.0,0.5,False,0.0,7,953.4525266026301
2025-07-18 18:00:00,30.034594396886686,99.98599355545545,0.0005954828212870994,0.019006358645602652,0.02053507063783502,98.91399125139577,0.7384859490508783,0.0,0.0,0.0,True,0.23585034625458468,7,953.4525266026301
2025-07-18 19:00:00,29.19687200620464,99.59433545499466,0.01643540487600333,0.0021676428072816348,0.008414589612269268,98.90161685490713,0.7469005386631475,0.0,0.0,0.0,True,0.0,7,953.4525266026301
2025-07-18 20:00:00,28.74944044752528,99.56318610923728,0.017245590468624686,0.003136629923849301,0.006975520803524254,98.89135873607843,0.7538760594666718,0.0,0.0,0.0,True,0.0,7,953.4525266026301
2025-07-18 21:00:00,28.49210989101962,99.5717733869967,0.0166562975191835,0.0032837204729430224,0.0071057879008958975,98.88090904798888,0.7609818473675677,0.0,0.0,0.0,True,0.0,7,953.4525266026301
2025-07-18 22:00:00,28.232349856538494,99.65723058772544,0.013132765314656117,0.0025725820478407707,0.0045961910827807765,98.87414994345536,0.7655780384503484,0.0,0.0,0.0,True,0.0,7,953.4525266026301
2025-07-18 23:00:00,27.842832419987822,99.80760595657723,0.007206074455524348,0.0011755190712928625,0.0015234420359410326,98.87190958752015,0.7671014804862895,0.0,0.0,0.0,True,0.0,7,953.4525266026301
2025-07-19 00:00:00,27.603869636574046,99.82552013966875,0.006444617063698652,0.0011144396632162931,0.0017991496875475956,98.86926377915613,0.768900630173837,0.0,0.0,0.0,True,0.0,7,953.4525266026301
2025-07-19 01:00:00,27.452312981519654,99.76774870497134,0.008502836917625458,0.001618937856705931,0.0024912036516895877,98.86560024437424,0.7713918338255266,0.0,0.0,0.0,True,0.0,7,953.4525266026301
2025-07-19 02:00:00,27.26595157411883,99.77291986288176,0.008223362841563627,0.001557950958974638,0.004767451192893652,98.85858928673763,0.7761592850184202,0.0,0.0,0.0,True,0.0,7,953.4525266026301
2025-07-19 03:00:00,27.07054382623048,99.77420623859501,0.008083692938148953,0.0015161887175565833,0.004901902057652528,98.85138060724107,0.7810611870760727,0.0,0.0,0.0,True,0.0,7,953.4525266026301
2025-07-19 04:00:00,26.74176310585919,99.83970118189639,0.005629181810330239,0.0008695275528393638,0.004916945868612711,98.84414980449311,0.7859781329446854,0.0,0.0,0.0,True,0.0,7,953.4525266026301
2025-07-19 05:00:00,27.36832408920003,100.0,0.0,0.008124182415443106,0.014557925028674869,98.82274109121565,0.8005360579733604,0.0,0.0,0.0,True,0.20990433707556677,7,953.4525266026301
2025-07-19 06:00:00,29.18051890229239,92.77167346196705,0.29257773668590914,0.11112175164134837,0.1028921246726403,99.848688051952,0.1028921246726403,4.0,0.0,0.5,True,0.0,7,956.6519905446568
2025-07-19 07:00:00,31.344521768815465,88.60157470081153,0.5222147973581571,0.2314305159341783,0.23573631461246677,99.50201700105131,0.3386284392851071,0.0,0.0,0.5,False,0.0,7,956.6519905446568
2025-07-19 08:00:00,33.3320223509105,85.78933981251177,0.7282378291226285,0.3398335214535031,0.35090685240168484,98.9859775122253,0.689535291686792,0.0,0.0,0.5,False,0.0,7,956.6519905446568
2025-07-19 09:00:00,35.10480444799008,82.99456158478274,0.9617141987008315,0.45060956789452566,0.46544276269329177,98.30150286120576,1.1549780543800838,0.0,0.0,0.5,False,0.0,7,956.6519905446568
2025-07-19 10:00:00,35.303281669192145,82.18233911601706,1.0187460795280765,0.4643797078762713,0.4589284349191734,97.62660810397168,1.6139064892992572,0.0,0.0,0.5,False,0.0,7,956.6519905446568
2025-07-19 11:00:00,36.56561536495306,80.30856024323876,1.2066650573096598,0.5442267506182634,0.5445933939090551,96.82573546587014,2.158499883208312,0.0,0.0,0.5,False,0.0,7,956.6519905446568
2025-07-19 12:00:00,36.47877198914245,79.77721561510805,1.2333568839607876,0.5569455346896766,0.5456998008545456,96.02323575873109,2.704199684062858,0.0,0.0,0.5,False,0.0,7,956.6519905446568
2025-07-19 13:00:00,36.106544455406414,80.64337689948957,1.1567160833040018,0.515721716955457,0.501882590665329,95.28517312539972,3.206082274728187,0.0,0.0,0.5,False,0.0,7,956.6519905446568
2025-07-19 14:00:00,34.13547281220917,81.44583414357372,0.9944132616317773,0.44263506964889565,0.41433104780728097,94.82292158450666,3.520413322535468,0.0,0.1,0.5,False,0.0,7,956.6519905446568
2025-07-19 15:00:00,33.67639123582893,84.85837763995491,0.7910229937181241,0.3417960696784474,0.3215139239740565,99.5271854059205,0.3215139239740565,4.0,0.1,0.5,False,0.0,7,957.2315772221212
2025-07-19 16:00:00,32.629394026744926,86.35506261158079,0.6722206227682578,0.265184994630272,0.2224097309844476,99.20011227211984,0.543923654958504,0.0,0.0,0.5,False,0.0,7,957.2315772221212
2025-07-19 17:00:00,30.03938897956337,89.83122435928635,0.4324435235400154,0.14078576662968104,0.06872688891624947,99.54021978841948,0.3126505438747535,0.0,0.3,0.5,False,0.0,7,957.2315772221212
2025-07-19 18:00:00,29.3552710321755,99.99999999999997,1.3617959686415402e-15,0.014660718117597891,0.013427305946574396,99.52047375026275,0.32607784982132787,0.0,0.0,0.0,True,0.40226187561529514,7,957.2315772221212
2025-07-19 19:00:00,28.82063070114896,99.87693430653509,0.004878746170478843,0.0003818718035041567,0.003071944956776614,99.51595618414984,0.32914979477810447,0.0,0.0,0.0,True,0.013266373273090881,7,957.2315772221212
2025-07-19 20:00:00,28.609136822406768,99.86502795041832,0.005285617000679721,0.0008680518126985078,0.001843831874839798,99.51324466668684,0.33099362665294424,0.0,0.0,0.0,True,0.0,7,957.2315772221212
2025-07-19 21:00:00,28.477101779741425,99.85150327295622,0.005770900252399782,0.0010732973257687865,0.003435881016847457,99.5081919004856,0.3344295076697917,0.0,0.0,0.0,True,0.0,7,957.2315772221212
2025-07-19 22:00:00,28.225742432941896,99.87115621681731,0.0049345868504841245,0.0007668761689512898,0.0033295066519218636,99.50329556717395,0.33775901432171357,0.0,0.0,0.0,True,0.0,7,957.2315772221212
2025-07-19 23:00:00,28.024422984935217,99.90517516047903,0.0035894131233830894,0.0005499606457042335,0.002040214938391217,99.50029525108808,0.3397992292601048,0.0,0.0,0.0,True,0.0,7,957.2315772221212
2025-07-20 00:00:00,27.142830898456456,99.96231453463348,0.0013549150258647146,8.305282428324187e-05,0.003212982832365179,99.99527502524653,0.003212982832365179,0.0,2.6,0.0,True,0.11083761530422745,7,959.4917779928611
2025-07-20 01:00:00,26.895557886593892,99.78444973281324,0.007638136585153987,0.0012486170501125337,0.003145873466090935,99.99537371549104,0.003145873466090935,0.0,1.3,0.0,True,0.0,7,960.7885650100287
2025-07-20 02:00:00,26.560686468459213,99.88321485053427,0.004057670224664431,0.0005689481531460736,0.0014839973607819656,99.99781765094002,0.0014839973607819656,0.0,1.2,0.0,True,0.0030164350138403573,7,961.9854191365627
2025-07-20 03:00:00,26.468002264921395,99.84276099277506,0.005433494471437955,0.0010427420733958583,0.0,100.0,0.0,0.0,1.4,0.0,True,0.0,7,963.3839351392019
2025-07-20 04:00:00,26.237979823629235,99.90867035363819,0.0031134450197276287,0.0004563889653419346,0.0011972480774384033,99.99823934106259,0.0011972480774384033,0.0,2.2,0.0,True,0.0011101352599372782,7,965.5839351392019
2025-07-20 05:00:00,26.3308993011514,99.92255529464882,0.0026546147984470424,0.0018331046783894372,0.0021562067231259774,99.9968291077601,0.0021562067231259774,0.0,1.2,0.0,True,0.0,7,966.7827378911245
2025-07-20 06:00:00,27.233291417059938,96.53857065957912,0.12511091545823427,0.03569538416680238,0.02419261478230399,99.96442262532014,0.02419261478230399,4.0,0.6,0.5,True,0.0,7,971.3805816844014
2025-07-20 07:00:00,28.888978681481536,94.4225162493432,0.22198660826789135,0.10705859145522312,0.11453363171343367,99.83156818865672,0.11453363171343367,0.0,1.5,0.5,True,0.0,7,972.856389069619
2025-07-20 08:00:00,29.0961993996175,94.83933377124903,0.20787165071650948,0.11263202656608949,0.11883588661775928,99.82524134320919,0.11883588661775928,0.0,1.9,0.5,True,0.0,7,974.6418554379056
2025-07-20 09:00:00,29.512763332242496,94.44687687842763,0.2291171968782785,0.11877329017870486,0.12566700628371716,99.81519557899453,0.12566700628371716,0.0,1.2,0.5,True,0.0,7,975.7230195512878
2025-07-20 10:00:00,34.11943475350731,88.48223074435501,0.616746074712922,0.3304235390889847,0.3923084684860584,99.42307578163815,0.3923084684860584,0.0,0.6,0.5,False,0.0,7,976.1973525450042
2025-07-20 11:00:00,33.71101868896207,86.97819166529223,0.6815962895708586,0.36737230637563756,0.38811184894339834,99.4292472809656,0.38811184894339834,0.0,7.4,0.5,False,0.0,7,983.2050440765181
2025-07-20 12:00:00,33.24662364730003,88.33946583382345,0.5947049266094321,0.33283817339574945,0.3492822096935749,99.4863496916271,0.3492822096935749,0.0,0.6,0.5,False,0.0,7,983.4169322275748
2025-07-20 13:00:00,33.30078417916608,88.06488555909881,0.6105572266461444,0.3229251292742096,0.33826577050338685,99.43007649971035,0.38754798019696174,0.0,0.3,0.5,False,0.0,7,983.4169322275748
2025-07-20 14:00:00,32.444400003773076,88.22298435001176,0.5741872547353403,0.2780171831886818,0.2742932687592166,99.3208216927115,0.46184124895617834,0.0,0.2,0.5,False,0.0,7,983.4169322275748
2025-07-20 15:00:00,32.35611784079618,87.94253731306172,0.5849437015898805,0.26759752287278343,0.2618055483477589,99.61499184066506,0.2618055483477589,4.0,0.1,0.5,False,0.0,7,987.0550909786186
2025-07-20 16:00:00,31.54023428832363,87.68148125599141,0.5706710528952791,0.23749100585907015,0.21331227979269088,99.44835613508758,0.37511782814044975,0.0,0.1,0.5,False,0.0,7,987.0550909786186
2025-07-20 17:00:00,29.767313179796698,90.91499015218237,0.3803678290771255,0.13271604780630944,0.08451512215152136,99.3240691907471,0.4596329502919711,0.0,0.0,0.5,True,0.0,7,987.0550909786186
2025-07-20 18:00:00,29.5842750794334,100.0,0.0,0.015833204704965388,0.017744382018845324,99.29797451130761,0.4773773323108164,0.0,0.0,0.0,True,0.1602813928286373,7,987.0550909786186
2025-07-20 19:00:00,28.836787301713418,99.74645149663893,0.01006093366139836,0.0010442985029676752,0.0036569950597669263,99.2925965773962,0.4810343273705833,0.0,0.0,0.0,True,0.0024976910993124157,7,987.0550909786186
2025-07-20 20:00:00,28.55935987380241,99.70523230463793,0.011510085303623935,0.0021111043972348604,0.0,99.2925965773962,0.4810343273705833,0.0,0.0,0.0,True,0.0,7,987.0550909786186
2025-07-20 21:00:00,28.090720992538383,99.86330198669556,0.005194446684541739,0.0007028974257830945,0.0008090365701075193,99.29140681773427,0.4818433639406908,0.0,0.0,0.0,True,0.00789503696122934,7,987.0550909786186
2025-07-20 22:00:00,28.044105218058213,99.83668139970545,0.006189200588662282,0.0012628795373602125,0.0026599081015663524,99.28749518817315,0.4845032720422572,0.0,0.0,0.0,True,0.0,7,987.0550909786186
2025-07-20 23:00:00,27.757212324217573,99.9185740699065,0.003034600290915096,0.00039464668400689747,0.0018039143420272709,99.28484237296429,0.48630718638428444,0.0,0.0,0.0,True,0.004758988207739442,7,987.0550909786186
2025-07-21 00:00:00,27.606058072518017,99.89687603210197,0.00380949082060088,0.000626634674077211,0.001988004955272416,99.28191883626536,0.48829519133955684,0.0,0.0,0.0,True,0.0,7,987.0550909786186
2025-07-21 01:00:00,27.25255715455629,99.8454715278409,0.005591627215581879,0.0007502978300661974,0.005747349372343481,99.56758449895308,0.29404254071190034,0.0,0.2,0.0,True,0.0,7,987.0550909786186
2025-07-21 02:00:00,26.972080861171662,99.7032954966435,0.010561210236424791,0.0018618275150349992,0.010265383459334554,99.55248834680701,0.30430792417123487,0.0,0.0,0.0,True,0.0,7,987.0550909786186
2025-07-21 03:00:00,26.819426523097956,99.67950214345858,0.011306342826117163,0.0022499961767354034,0.009150605453253004,99.53903157408163,0.3134585296244879,0.0,0.0,0.0,True,0.0,7,987.0550909786186
2025-07-21 04:00:00,26.728823743291198,99.75483084646635,0.008603010270445818,0.0017993435410045841,0.005081746991440623,99.53155841674129,0.31854027661592854,0.0,0.0,0.0,True,0.0,7,987.0550909786186
2025-07-21 05:00:00,27.568900804011847,100.0,0.0,0.008941792960378244,0.014790650769561072,99.50980745972721,0.33333092738548964,0.0,0.0,0.0,True,0.24448211370915357,7,987.0550909786186
2025-07-21 06:00:00,29.305551916576572,92.6994133145459,0.2976415670275248,0.1127629733716558,0.10666696486586323,99.84313681637373,0.10666696486586323,4.0,0.0,0.5,True,0.0,7,990.7217600512331
2025-07-21 07:00:00,31.62265364083476,87.92877225492933,0.5618337163191128,0.2377376094271055,0.23870118812071808,99.49210565737268,0.3453681529865813,0.0,0.0,0.5,False,0.0,7,990.7217600512331
2025-07-21 08:00:00,33.15730677425426,84.64395135128856,0.7792737252386344,0.3388541069194855,0.33698636702458307,99.14359629410123,0.5823545200111644,0.0,0.1,0.5,False,0.0,7,990.7217600512331
2025-07-21 09:00:00,34.78621905094259,81.88659872958543,1.006486362926482,0.44988737359313513,0.45497670278008556,98.62157173118933,0.93733122279125,0.0,0.1,0.5,False,0.0,7,990.7217600512331
2025-07-21 10:00:00,36.503861724660474,80.73905106875333,1.1763083918622024,0.5398482124458817,0.5550536882875764,97.80531630723702,1.4923849110788265,0.0,0.0,0.5,False,0.0,7,990.7217600512331
2025-07-21 11:00:00,36.68047115092248,79.21911850778689,1.2814380830080103,0.5846431526093244,0.5827125495951395,97.09544491077358,1.975097460673966,0.0,0.1,0.5,False,0.0,7,990.7217600512331
2025-07-21 12:00:00,36.74187541671124,80.26631052250178,1.2209490238493745,0.5672330575358904,0.5697627599668768,96.25755849905758,2.544860220640843,0.0,0.0,0.5,False,0.0,7,990.7217600512331
2025-07-21 13:00:00,35.44422933126957,80.21618783780706,1.1399852853859531,0.49071248344968743,0.4633223761582409,95.57620206353076,3.0081825967990836,0.0,0.0,0.5,False,0.0,7,990.7217600512331
2025-07-21 14:00:00,34.641903923088655,82.58277171593193,0.9600979436096928,0.41441767715962013,0.39140369526279445,95.14766721755606,3.299586292061878,0.0,0.1,0.5,False,0.0,7,990.7217600512331
2025-07-21 15:00:00,34.00178514178103,83.19986863645676,0.8937315299984628,0.3621540437319174,0.32873259923155346,99.51656970701242,0.32873259923155346,4.0,0.0,0.5,False,0.0,7,991.4221737591712
2025-07-21 16:00:00,32.52747208769494,83.40084351031939,0.8130845223124203,0.3035255035235179,0.25455456924122116,99.28928357577533,0.48328716847277464,0.0,0.1,0.5,False,0.0,7,991.4221737591712
2025-07-21 17:00:00,30.83020837742966,89.00948539942341,0.48900613355910966,0.173548431191417,0.129461886434238,99.09889844866616,0.6127490549070127,0.0,0.0,0.5,False,0.0,7,991.4221737591712
2025-07-21 18:00:00,30.296467000482227,99.80580028349782,0.00838117946473372,0.016280355880879428,0.01637287311911409,99.07482069407922,0.6291219280261268,0.0,0.0,0.0,True,0.19835029396982895,7,991.4221737591712
2025-07-21 19:00:00,29.53435780053789,99.74783224871,0.010417170554973352,0.0012388893221261493,0.0028793517465321924,99.0705863532755,0.632001279772659,0.0,0.0,0.0,True,0.006192017904151775,7,991.4221737591712
2025-07-21 20:00:00,29.12784379366671,99.77066817007432,0.009254380675470918,0.0014901126160856615,0.0022738129760243773,99.0672425106637,0.6342750927486833,0.0,0.0,0.0,True,0.0,7,991.4221737591712
2025-07-21 21:00:00,28.703531063300776,99.93854489599114,0.002419830802469165,0.00030030215733377867,0.0,99.0672425106637,0.6342750927486833,0.0,0.0,0.0,True,0.026891118148348464,7,991.4221737591712
2025-07-21 22:00:00,28.074569821487987,100.0,0.0,4.355695444448331e-05,0.0,100.0,0.0,0.0,6.0,0.0,True,0.11001753129066955,7,996.7878986664225
2025-07-21 23:00:00,27.703590824025806,100.0,0.0,3.756885512871191e-17,0.0,100.0,0.0,0.0,2.1,0.0,True,0.10904585098239945,7,998.8878986664225
2025-07-22 00:00:00,27.388097270700868,100.0,0.0,2.2029602711269487e-17,0.0,100.0,0.0,0.0,5.0,0.0,True,0.052753414196450577,7,1003.8878986664225
2025-07-22 01:00:00,27.287965465356056,99.88871106381077,0.00403535746220743,0.0006828930815269815,0.0,100.0,0.0,0.0,1.4,0.0,True,0.0,7,1005.2878986664225
2025-07-22 02:00:00,27.066151121161813,99.73671548514722,0.009423480222284956,0.0016786520981973807,0.003176913639429267,99.99532806817732,0.003176913639429267,0.0,4.6,0.0,True,0.0,7,1009.8878986664225
2025-07-22 03:00:00,26.605689661379298,99.90282467679789,0.0033852860870057762,0.00041429833760546654,0.0016873762441290052,99.99751856434686,0.0016873762441290052,0.0,4.7,0.0,True,0.01583844575425812,7,1014.5847217527831
2025-07-22 04:00:00,26.54058567124218,99.7951412360497,0.00710934817142076,0.001395773700751831,0.0,100.0,0.0,0.0,3.3,0.0,True,0.0,7,1017.8830343765391
2025-07-22 05:00:00,26.674690460610275,99.99999999999999,3.8834030819846e-16,0.002802253981371323,0.0015649197937840128,99.99769864736209,0.0015649197937840128,0.0,2.1,0.0,True,0.032829111832190574,7,1019.9830343765391
2025-07-22 06:00:00,27.575448269004045,95.43735247406224,0.1682471855604499,0.06403732598868887,0.05620894448247233,99.91733978752578,0.05620894448247233,4.0,0.2,0.5,True,0.0,7,1024.1814694567454
2025-07-22 07:00:00,30.021457466131892,92.23173939700345,0.3300182395606758,0.15673329636533584,0.16762430096062886,99.67083346258367,0.22383324544310118,0.0,0.0,0.5,True,0.0,7,1024.1814694567454
2025-07-22 08:00:00,32.34010054661013,86.84016136837381,0.6378471680554602,0.3037051794974146,0.31942137821250594,99.20109614168294,0.5432546236556071,0.0,0.0,0.5,False,0.0,7,1024.1814694567454
2025-07-22 09:00:00,33.5265443023932,83.5073846750492,0.8544213749500175,0.3848153487785883,0.3849996630151941,98.63492016666059,0.9282542866708012,0.0,0.0,0.5,False,0.0,7,1024.1814694567454
2025-07-22 10:00:00,35.63265163000604,81.1027125693044,1.1002559935508263,0.504836465336893,0.5104118300299479,98.17843218132242,1.2386661167007493,0.0,0.2,0.5,False,0.0,7,1024.1814694567454
2025-07-22 11:00:00,36.3644513650072,79.9987850472928,1.2122396757446727,0.5567860896554192,0.5434923054040591,97.52623761455175,1.6821584221048083,0.0,0.1,0.5,False,0.0,7,1024.1814694567454
2025-07-22 12:00:00,36.84889111659551,78.48797918464312,1.338769124376472,0.6050000139242315,0.580762268685932,96.81923427824891,2.16292069079074,0.0,0.1,0.5,False,0.0,7,1024.1814694567454
2025-07-22 13:00:00,36.536818675749196,77.95763631476177,1.3486026517916692,0.5917857817854355,0.5583845579551968,96.1451393400795,2.6213052487459367,0.0,0.1,0.5,False,0.0,7,1024.1814694567454
2025-07-22 14:00:00,35.443448208328654,79.2840907523967,1.1936433326721976,0.5114391733472997,0.4644736200036769,95.46208989889763,3.0857788687496135,0.0,0.0,0.5,False,0.0,7,1024.1814694567454
2025-07-22 15:00:00,34.86015296762208,79.19209440843719,1.1609492992247907,0.4667465008530743,0.40465308851196125,99.40492192865888,0.40465308851196125,4.0,0.0,0.5,False,0.0,7,1025.0956905879957
2025-07-22 16:00:00,32.88506527542016,82.28947807799082,0.8851381760596485,0.3319265831582515,0.2625108651334228,99.01887653875679,0.6671639536453841,0.0,0.0,0.5,False,0.0,7,1025.0956905879957
2025-07-22 17:00:00,31.202385293878148,87.40494057509454,0.5723970563819588,0.1933876732333246,0.13212048959097067,98.82458170112301,0.7992844432363547,0.0,0.0,0.5,False,0.0,7,1025.0956905879957
2025-07-22 18:00:00,30.540734992533373,99.72403730185422,0.01207737839377169,0.020744394268313097,0.03799714297319222,98.76870354969184,0.837281586209547,0.0,0.0,0.0,True,0.23519251905908117,7,1025.0956905879957
2025-07-22 19:00:00,29.678881411019486,99.34300913746254,0.027367194860068954,0.004485413966672796,0.024013611156798686,98.73338941563773,0.8612951973663456,0.0,0.0,0.0,True,0.0,7,1025.0956905879957
2025-07-22 20:00:00,29.22548243818724,99.30637647568031,0.02814842400957314,0.005473916381150701,0.019301290865826826,98.70500516436445,0.8805964882321724,0.0,0.0,0.0,True,0.0,7,1025.0956905879957
2025-07-22 21:00:00,28.980836399782863,99.35395835017955,0.025849700435979013,0.005308691641212034,0.014221406931315851,98.68409133064193,0.8948178951634883,0.0,0.0,0.0,True,0.0,7,1025.0956905879957
2025-07-22 22:00:00,28.612986237512143,99.5466576433455,0.01775722263050631,0.0035041715082488743,0.002048938637213257,98.6810781855872,0.8968668338007015,0.0,0.0,0.0,True,0.0,7,1025.0956905879957
2025-07-22 23:00:00,28.39512644364627,99.60737307484231,0.015185903672013187,0.0030510186730491285,0.008625575605364326,98.66839351557931,0.9054924094060659,0.0,0.0,0.0,True,0.0,7,1025.0956905879957
2025-07-23 00:00:00,28.17915526806657,99.56399875088485,0.016653242321361963,0.003304014748072062,0.01724879418156605,98.79008646531231,0.822741203587632,0.0,0.1,0.0,True,0.0,7,1025.0956905879957
2025-07-23 01:00:00,27.775685745190355,99.63817559338673,0.013499093000318917,0.0024711596621145113,0.010268454438188942,99.06910344407967,0.633009658025821,0.0,0.2,0.0,True,0.0,7,1025.0956905879957
2025-07-23 02:00:00,27.648845613015606,99.54699766884845,0.016776168264352017,0.0034139887600962036,0.015167009833733959,99.04679901785359,0.648176667859555,0.0,0.0,0.0,True,0.0,7,1025.0956905879957
2025-07-23 03:00:00,27.469746868767192,99.55477952623885,0.016316367655295604,0.003316199309633136,0.012907945197998386,99.0278167455036,0.6610846130575534,0.0,0.0,0.0,True,0.0,7,1025.0956905879957
2025-07-23 04:00:00,27.301955484608555,99.63884024489596,0.013106448521310024,0.002685181457896871,0.005715644176721319,99.01941138642019,0.6668002572342747,0.0,0.0,0.0,True,0.0,7,1025.0956905879957
2025-07-23 05:00:00,28.482815710335352,99.99879602578915,4.6804524576210745e-05,0.010008700116446747,0.014966820065217329,98.9974013569125,0.681767077299492,0.0,0.0,0.0,True,0.0,7,1025.0956905879957
2025-07-23 06:00:00,30.262982969459475,91.47250968123073,0.3673207261411401,0.12995353822472586,0.11655400504585609,99.82859705140315,0.11655400504585609,4.0,0.0,0.5,True,0.0,7,1028.4139235106961
2025-07-23 07:00:00,32.26121396023056,87.25558463324717,0.6149705282019379,0.24556192122720527,0.23564229046552337,99.4820642713068,0.35219629551137943,0.0,0.0,0.5,False,0.0,7,1028.4139235106961
2025-07-23 08:00:00,34.12034547511333,83.52876467308216,0.8820357646052708,0.38362547777072553,0.3844681423938526,99.21078759131584,0.536664437905232,0.0,0.2,0.5,False,0.0,7,1028.4139235106961
2025-07-23 09:00:00,34.528692443195744,82.88998654161907,0.9372620875750259,0.4149362035852001,0.40744342541161105,98.75866490688699,0.8441078633168431,0.0,0.1,0.5,False,0.0,7,1028.4139235106961
2025-07-23 10:00:00,36.70253841314545,80.02454670037218,1.2332566938753902,0.5441207528561989,0.5523397101124281,97.9464006273099,1.3964475734292712,0.0,0.0,0.5,False,0.0,7,1028.4139235106961
2025-07-23 11:00:00,37.705949333343256,78.17415977112812,1.4230765313110716,0.6213974228245525,0.6187193932508444,97.03651916664688,2.0151669666801153,0.0,0.0,0.5,False,0.0,7,1028.4139235106961
2025-07-23 12:00:00,37.680479692924884,77.18511604672399,1.4855117746816406,0.6364839405380527,0.61779291733538,96.12800017056544,2.632959884015495,0.0,0.0,0.5,False,0.0,7,1028.4139235106961
2025-07-23 13:00:00,37.82342855641529,76.99103180778368,1.5097949512234594,0.6442673578265513,0.6212544089439939,95.21439074564782,3.254214292959489,0.0,0.0,0.5,False,0.0,7,1028.4139235106961
2025-07-23 14:00:00,37.05431163075738,78.23116077863163,1.370000375820331,0.577130765818967,0.5403925491676261,94.4196958204013,3.794606842127115,0.0,0.0,0.5,False,0.0,7,1028.4139235106961
2025-07-23 15:00:00,35.539552362587024,79.84359090164469,1.1675683022371413,0.4618970760169774,0.38654956151347686,99.43154476248019,0.38654956151347686,4.0,0.0,0.5,False,0.0,7,1028.619316668569
2025-07-23 16:00:00,34.13972249958706,81.76391509771393,0.977596720925962,0.35436954492571204,0.2737260941370989,99.02900638874915,0.6602756556505758,0.0,0.0,0.5,False,0.0,7,1028.619316668569
2025-07-23 17:00:00,32.62964152349065,88.09231101332962,0.5866428923955448,0.1977453462936946,0.1147569544346115,98.86024616163944,0.7750326100851873,0.0,0.0,0.5,False,0.0,7,1028.619316668569
2025-07-23 18:00:00,32.350552780129206,99.58149771518596,0.020296434817479274,0.023318969998825805,0.032006403924695434,98.81317792057371,0.8070390140098828,0.0,0.0,0.0,True,0.23934545973497492,7,1028.619316668569
2025-07-23 19:00:00,31.10110809761381,99.37550906138034,0.028217730548673797,0.004141802635978066,0.03454486340837845,98.7623766508555,0.8415838774182612,0.0,0.0,0.0,True,0.0,7,1028.619316668569
2025-07-23 20:00:00,30.200067938505263,99.39127408530703,0.026126514691229747,0.004427103898924245,0.01844630736309476,98.73524972826272,0.860030184781356,0.0,0.0,0.0,True,0.0,7,1028.619316668569
2025-07-23 21:00:00,29.740449045524954,99.56639656729024,0.018125945228489065,0.003435658753498767,0.006933261253999236,98.72505375583036,0.8669634460353552,0.0,0.0,0.0,True,0.0,7,1028.619316668569
2025-07-23 22:00:00,29.580731802761548,99.64350920552853,0.014766159875568266,0.0030373605597935624,0.0,98.72505375583036,0.8669634460353552,0.0,0.0,0.0,True,0.0,7,1028.619316668569
2025-07-23 23:00:00,29.16539168823225,99.85481452330026,0.005871479155212388,0.0009227509626858196,0.0010578888368849477,98.72349803695258,0.8680213348722402,0.0,0.0,0.0,True,0.005968761886358115,7,1028.619316668569
2025-07-24 00:00:00,28.99206260011423,99.85884272016256,0.005651712443209414,0.0010031626015103668,0.001682055243789865,98.72102442629995,0.86970339011603,0.0,0.0,0.0,True,0.0,7,1028.619316668569
2025-07-24 01:00:00,28.959294945589033,99.66553680547959,0.01336603426996761,0.0027155958713270334,0.007501373746754286,98.70999299431944,0.8772047638627843,0.0,0.0,0.0,True,0.0,7,1028.619316668569
2025-07-24 02:00:00,28.778978585634082,99.60306423620031,0.015698006670711192,0.0031228928563107683,0.005403109071888547,98.7020472456843,0.8826078729346729,0.0,0.0,0.0,True,0.0,7,1028.619316668569
2025-07-24 03:00:00,28.76997703445735,99.48708000265336,0.020274381289202625,0.004290664075273554,0.009934089168284463,98.68743829102506,0.8925419621029573,0.0,0.0,0.0,True,0.0,7,1028.619316668569
2025-07-24 04:00:00,28.496889576998626,99.57384403743606,0.016580354063127026,0.003299666427121922,0.0027728379460657984,98.68336058816321,0.8953148000490231,0.0,0.0,0.0,True,0.0,7,1028.619316668569
2025-07-24 05:00:00,29.56446651438555,99.88707629597951,0.0046730227131717445,0.01091423693414239,0.014721016041514379,98.66171203516097,0.9100358160905375,0.0,0.0,0.0,True,0.0,7,1028.619316668569
2025-07-24 06:00:00,31.388403103100547,89.15998243149058,0.49787039504879155,0.1532946739793229,0.09344616975538343,99.86257916212443,0.09344616975538343,4.0,0.0,0.5,False,0.0,7,1031.7092808524783
2025-07-24 07:00:00,33.90681113312499,84.65558469257547,0.8119838721044211,0.29955216895358255,0.26843002580529934,99.46782912417547,0.3618761955606828,0.0,0.0,0.5,False,0.0,7,1031.7092808524783
2025-07-24 08:00:00,33.56090819875362,84.93111697480353,0.7821632253208817,0.29063613258377247,0.20761973164636377,99.16250598940141,0.5694959272070466,0.0,0.0,0.5,False,0.0,7,1031.7092808524783
2025-07-24 09:00:00,37.36899142259166,79.96901543762658,1.2823895978602213,0.5264034380013929,0.5079064842598572,98.41558468901925,1.0774024114669039,0.0,0.0,0.5,False,0.0,7,1031.7092808524783
2025-07-24 10:00:00,38.278847154547265,77.11841745544261,1.5388550699392125,0.6394625003131694,0.5945533147775769,97.54124157905223,1.6719557262444806,0.0,0.0,0.5,False,0.0,7,1031.7092808524783
2025-07-24 11:00:00,38.79401709256725,74.94516633551548,1.7324238586256842,0.7076791699701762,0.6518009105039998,96.58271082831106,2.3237566367484805,0.0,0.0,0.5,False,0.0,7,1031.7092808524783
2025-07-24 12:00:00,38.58618420472771,74.97579835700786,1.7110653851706699,0.6939519410041567,0.6387692279850671,95.64334431656832,2.9625258647335477,0.0,0.0,0.5,False,0.0,7,1031.7092808524783
2025-07-24 13:00:00,38.41503366531944,74.08343432364806,1.755816785816414,0.6892084239219056,0.6127150695384779,94.7422927437176,3.5752409342720255,0.0,0.0,0.5,False,0.0,7,1031.7092808524783
2025-07-24 14:00:00,37.56320592516784,74.55998846917505,1.6459383471477373,0.6304023878404056,0.558565084149337,93.92087350232153,4.133806018421362,0.0,0.0,0.5,False,0.0,7,1031.7092808524783
2025-07-24 15:00:00,35.933171474670054,76.614315986922,1.3842567641703614,0.5122736145633895,0.44961575788572195,99.1420267995484,0.583421776307084,4.0,0.0,0.5,False,0.0,7,1031.7092808524783
2025-07-24 16:00:00,34.67117436916334,82.0479520850345,0.99118534086003,0.3483973298293882,0.2796388745779519,98.73079316046318,0.8630606508850359,0.0,0.0,0.5,False,0.0,7,1031.7092808524783
2025-07-24 17:00:00,32.94580242836547,87.18556213529774,0.6426281895386117,0.20583911483486234,0.12621476482769298,98.54518321218715,0.9892754157127289,0.0,0.0,0.5,False,0.0,7,1031.7092808524783
2025-07-24 18:00:00,32.70182353667474,99.50104048207517,0.024681660431089884,0.024493555529112553,0.04388081080434041,98.48065260806314,1.0331562265170693,0.0,0.0,0.0,True,0.2608747517623571,7,1031.7092808524783
2025-07-24 19:00:00,31.810252255156787,99.27132191978063,0.03427723076971011,0.005938775184016556,0.02743587206827429,98.44030573737449,1.0605920985853436,0.0,0.0,0.0,True,0.0,7,1031.7092808524783
2025-07-24 20:00:00,31.06223656027394,99.45088337025935,0.024757114802230452,0.004441043984910995,0.0008445501194070733,98.43906375190478,1.0614366487047506,0.0,0.0,0.0,True,0.0,7,1031.7092808524783
2025-07-24 21:00:00,30.301217564354097,99.70347938567073,0.012800576015954366,0.00197146145468687,0.0045834302570808855,98.43232341329143,1.0660200789618315,0.0,0.0,0.0,True,0.00803549395010858,7,1031.7092808524783
2025-07-24 22:00:00,29.942146395975836,99.8470667792839,0.006467554114575752,0.001040366341592511,0.00451723643648889,98.42568041853188,1.0705373153983204,0.0,0.0,0.0,True,0.0023098242122144425,7,1031.7092808524783
2025-07-24 23:00:00,29.755718529895464,99.77770556951927,0.009300742411719676,0.0017166948713946799,0.001811207961984463,98.42301687741131,1.072348523360305,0.0,0.0,0.0,True,0.0,7,1031.7092808524783
2025-07-25 00:00:00,28.770338518138605,99.97282298236837,0.0010742586580979913,0.0001750062268101546,0.0058974115059670824,99.99132733602065,0.0058974115059670824,0.0,10.1,0.0,True,0.1488055241938961,7,1040.736932329118
2025-07-25 01:00:00,27.776926586457357,100.0,0.0,1.933665584577899e-05,0.0006013807236365541,99.99911561658288,0.0006013807236365541,0.0,6.2,0.0,True,0.2600160633932869,7,1046.931034917612
2025-07-25 02:00:00,27.704907562395594,99.71318488576449,0.010656521772308936,0.0020324173802165704,0.00933293078231297,99.98627510179071,0.00933293078231297,0.0,0.2,0.0,True,0.0,7,1047.1304335368882
2025-07-25 03:00:00,27.55069313719797,99.76742315096007,0.00856385522538605,0.0016993332117730604,0.0024714894930234405,99.98264055841862,0.01180442027533641,0.0,0.0,0.0,True,0.0,7,1047.1304335368882
2025-07-25 04:00:00,27.4023790916071,99.89500513554569,0.0038327068940880817,0.0007309549038108526,0.0028604006945114704,99.97843408680905,0.01466482096984788,0.0,0.0,0.0,True,0.0,7,1047.1304335368882
2025-07-25 05:00:00,27.363053020180622,99.99999999999999,4.043418486679828e-16,0.001979192805726253,0.005824006822095625,99.99143528408516,0.005824006822095625,0.0,0.2,0.0,True,0.05063749303533191,7,1047.3157687159182
2025-07-25 06:00:00,28.52036608980859,94.8670522357043,0.1999785707568433,0.07393095666700811,0.07097564603487644,99.89562404994871,0.07097564603487644,4.0,0.0,0.5,True,0.0,7,1051.309944709096
2025-07-25 07:00:00,28.368096582630177,94.78090132978475,0.20154615778751225,0.07195020619349334,0.059862227324675464,99.80759136270653,0.1308378733595519,0.0,0.0,0.5,True,0.0,7,1051.309944709096
2025-07-25 08:00:00,30.203873923765972,91.54997791369009,0.36275398823649435,0.15330233232489168,0.1531301409213246,99.58239997899871,0.2839680142808765,0.0,0.0,0.5,True,0.0,7,1051.309944709096
2025-07-25 09:00:00,33.28829713647614,85.03644418657166,0.7649465146992172,0.3476001144251048,0.3557555429935521,99.05923006283173,0.6397235572744286,0.0,0.0,0.5,False,0.0,7,1051.309944709096
2025-07-25 10:00:00,35.94820386233147,78.59845108845197,1.2678566026371567,0.5585908182536755,0.5563468094847962,98.24107299005996,1.196070366759225,0.0,0.0,0.5,False,0.0,7,1051.309944709096
2025-07-25 11:00:00,36.954040080461,77.3199988283142,1.4195694246999677,0.6157506262971958,0.5998839028349469,97.35889078000857,1.795954269594172,0.0,0.0,0.5,False,0.0,7,1051.309944709096
2025-07-25 12:00:00,37.068000166136024,77.09753628887604,1.4424184738667303,0.624528128176839,0.602964695962915,96.4721779918278,2.398918965557087,0.0,0.0,0.5,False,0.0,7,1051.309944709096
2025-07-25 13:00:00,37.20384969479857,76.49990403521471,1.4910391441182407,0.6286222037937429,0.6027620151884041,95.58576326360956,3.001680980745491,0.0,0.0,0.5,False,0.0,7,1051.309944709096
2025-07-25 14:00:00,36.45294157559158,76.20485987735756,1.4491811370064398,0.5822049266776408,0.5423325856499065,94.78821534353618,3.5440135663953973,0.0,0.0,0.5,False,0.0,7,1051.309944709096
2025-07-25 15:00:00,34.73764118075124,78.16548684265246,1.2099942510748483,0.45356559405488345,0.39964512284948966,99.41228658404488,0.39964512284948966,4.0,0.0,0.5,False,0.0,7,1051.7659311427005
2025-07-25 16:00:00,33.86091409676236,81.84318766544959,0.9583538130261748,0.34565515141887493,0.29697102273026954,98.97556449179447,0.6966161455797593,0.0,0.0,0.5,False,0.0,7,1051.7659311427005
2025-07-25 17:00:00,32.21617780446142,84.96560512024945,0.7236307922340988,0.2251688593471489,0.1751206016007398,98.71803419532279,0.8717367471804991,0.0,0.0,0.5,False,0.0,7,1051.7659311427005
2025-07-25 18:00:00,32.04791206486732,99.10949100797373,0.04245647585743531,0.029342013151479954,0.11308570218421214,98.55173169211072,0.9848224493647112,0.0,0.0,0.0,True,0.22948718805977306,7,1051.7659311427005
2025-07-25 19:00:00,31.432788527284238,98.91547538248338,0.049936695619685986,0.00978544152820107,0.05968593022650455,98.46395826530704,1.0445083795912158,0.0,0.0,0.0,True,0.0,7,1051.7659311427005
2025-07-25 20:00:00,30.302842152458613,99.46916216392462,0.022918008140997318,0.0038717679834583585,0.013762013633498412,98.44372000996366,1.0582703932247142,0.0,0.0,0.0,True,0.009120029648248401,7,1051.7659311427005
2025-07-25 21:00:00,29.11471486707662,99.92333591906657,0.003091332734477725,0.0004890646623238954,0.007795183469870046,98.4322565048609,1.0660655766945841,0.0,0.0,0.0,True,0.14643494674018365,7,1051.7659311427005
2025-07-25 22:00:00,28.16409478544184,100.0,0.0,5.5643989220614625e-05,0.004121773958538925,98.42619507256893,1.070187350653123,0.0,0.0,0.0,True,0.17146474124605066,7,1051.7659311427005
2025-07-25 23:00:00,27.558758936737053,99.92633751826526,0.0027136499725522577,0.00012102587853409961,0.0069245333557092,98.41601193528113,1.0771118840088323,0.0,0.0,0.0,True,0.04311747102999572,7,1051.7659311427005
2025-07-26 00:00:00,27.512084711966043,99.75078983255048,0.009155642706521989,0.0018112001051169666,0.005857370073665974,98.40739815576103,1.0829692540824982,0.0,0.0,0.0,True,0.0,7,1051.7659311427005
2025-07-26 01:00:00,27.353946894260858,99.76808380697622,0.008441860092380652,0.0016460430994607053,0.005804841315260105,98.54592044794447,0.9887740953977584,0.0,0.1,0.0,True,0.0,7,1051.7659311427005
2025-07-26 02:00:00,27.16674642901615,99.77290806647446,0.008176143627325126,0.0015473574987511045,0.003928338334056163,98.68720230333557,0.8927024337318146,0.0,0.1,0.0,True,0.0,7,1051.7659311427005
2025-07-26 03:00:00,27.113721381477188,99.74984485633794,0.008978559306858352,0.0018629061508189776,0.0027835978797892597,98.68310877704177,0.8954860316116038,0.0,0.0,0.0,True,0.0,7,1051.7659311427005
2025-07-26 04:00:00,26.967923144373295,99.80833635050212,0.0068206120085852326,0.001338313831756501,0.0,98.68310877704177,0.8954860316116038,0.0,0.0,0.0,True,0.0,7,1051.7659311427005
2025-07-26 05:00:00,27.30379788713626,100.0,0.0,0.004137767057707576,0.0030120267877421156,98.82573814941273,0.798498058399346,0.0,0.1,0.0,True,0.007731909872450704,7,1051.7659311427005
2025-07-26 06:00:00,27.164055919885644,95.2071568897346,0.1725327527350286,0.05985156263029799,0.04631415494817256,99.93189094860563,0.04631415494817256,4.0,2.5,0.5,True,0.0,7,1057.467433084301
2025-07-26 07:00:00,27.7732407729598,94.19439487750273,0.21656700596453018,0.08925708171072916,0.08084085801264113,99.88111638527553,0.08084085801264113,0.0,2.0,0.5,True,0.0,7,1059.4211189293528
2025-07-26 08:00:00,31.069677056394124,90.7591686923053,0.41680253428275676,0.1986762281853004,0.22440502138019075,99.66999261561736,0.22440502138019075,0.0,0.1,0.5,True,0.0,7,1059.4402780713401
2025-07-26 09:00:00,34.3983374879883,87.2315715866221,0.6943952970334969,0.34955246757802094,0.40136596662586654,99.37386619410874,0.4257709880060573,0.0,0.2,0.5,False,0.0,7,1059.4402780713401
2025-07-26 10:00:00,35.67762127142922,85.68520732768556,0.8355137494349363,0.4177282968291799,0.45878478790287486,98.99330032954569,0.6845557759089321,0.0,0.2,0.5,False,0.0,7,1059.4402780713401
2025-07-26 11:00:00,37.75549334082162,83.14836806082657,1.1017041709025934,0.5386606665398814,0.5915507291135189,98.56454925731992,0.9761065050224511,0.0,0.3,0.5,False,0.0,7,1059.4402780713401
2025-07-26 12:00:00,37.23947533110969,82.75340714128224,1.0963875218561736,0.5269741643083842,0.5450292282626501,99.19848642902551,0.5450292282626501,0.0,2.6,0.5,False,0.0,7,1061.0641715663176
2025-07-26 13:00:00,35.40566857214811,84.36271082883093,0.8991414366185984,0.42138984480519076,0.4122328336367131,99.39377524465189,0.4122328336367131,0.0,2.8,0.5,False,0.0,7,1063.319142338055
2025-07-26 14:00:00,34.016620641825824,85.01378645373397,0.797893693144879,0.3744135540544694,0.36552287651436044,99.46246635806712,0.36552287651436044,0.0,3.7,0.5,False,0.0,7,1066.6069095044181
2025-07-26 15:00:00,32.113278313533236,88.66747133479323,0.5422951090491789,0.22532935228243453,0.1882309947708807,99.72318971357224,0.1882309947708807,4.0,0.9,0.5,False,0.0,7,1071.1413866279038
2025-07-26 16:00:00,30.580692264491457,89.85462986584189,0.44502188202657567,0.16073681420837935,0.1115979583559974,99.83588535535883,0.1115979583559974,0.0,1.5,0.5,False,0.0,7,1072.4531556331328
2025-07-26 17:00:00,30.54820077105031,90.99319962152025,0.3943465508417337,0.13808298095064955,0.10441495960933143,99.68233394416863,0.21601291796532884,0.0,0.0,0.5,True,0.0,7,1072.4531556331328
2025-07-26 18:00:00,30.197002821446407,99.99932280921847,2.9059924758399814e-05,0.01463492613302384,0.016716267640838688,99.65775119763799,0.23272918560616754,0.0,0.0,0.0,True,0.1705727609917423,7,1072.4531556331328
2025-07-26 19:00:00,29.389435221719605,99.83800984255609,0.006636272843261349,0.00046777224751249366,0.00936560418420342,99.64397825030828,0.24209478979037097,0.0,0.0,0.0,True,0.029863016312727322,7,1072.4531556331328
2025-07-26 20:00:00,28.803651387594627,99.80113523992053,0.007875938368119739,0.0009526174002532608,0.0049910740471883815,99.636638435533,0.24708586383755934,0.0,0.0,0.0,True,0.0041164730633598545,7,1072.4531556331328
2025-07-26 21:00:00,28.3383023009873,99.73757696490101,0.01011648307927453,0.0015580074035437541,0.0064051309097650855,99.62721912537158,0.25349099474732445,0.0,0.0,0.0,True,0.0,7,1072.4531556331328
2025-07-26 22:00:00,28.100321192212323,99.82534329467398,0.006640563603105937,0.0011985687585801207,0.0,100.0,0.0,0.0,0.3,0.0,True,0.0,7,1072.4996646383854
2025-07-26 23:00:00,27.891223684142854,99.82094540627176,0.006725390333305805,0.001194563991082194,0.0,100.0,0.0,0.0,0.7,0.0,True,0.0,7,1073.1996646383855
2025-07-27 00:00:00,27.42092620934648,99.94522969127868,0.0020014918704574203,0.00020856600661852255,5.985039650539261e-05,99.99991198471102,5.985039650539261e-05,0.0,2.3,0.0,True,0.03514489191753928,7,1075.4996646383854
2025-07-27 01:00:00,26.922557346805107,99.9104201027733,0.00317934607382982,0.00023373097002364108,0.001199707128828203,99.99823572481054,0.001199707128828203,0.0,9.0,0.0,True,0.02136132271793531,7,1084.4996047879888
2025-07-27 02:00:00,26.87946508154678,99.66232788087378,0.011954287113404764,0.002380132377533489,0.0,100.0,0.0,0.0,0.9,0.0,True,0.0,7,1085.39840508086
2025-07-27 03:00:00,26.769674185382087,99.84422848730676,0.005479178533437697,0.0011670696525886792,0.0,100.0,0.0,0.0,0.3,0.0,True,0.0,7,1085.6984050808599
2025-07-27 04:00:00,26.84759453326439,99.68414102404591,0.011161147238841531,0.0024030110741569393,0.0,100.0,0.0,0.0,0.3,0.0,True,0.0,7,1085.9984050808598
2025-07-27 05:00:00,27.17543812901874,99.95108019051598,0.0017621899868377636,0.004743100524363436,0.005109506591456708,99.99248601971844,0.005109506591456708,0.0,0.1,0.0,True,0.0,7,1086.0984050808597
2025-07-27 06:00:00,27.266136309485006,93.81699375010552,0.22391061781114954,0.06165459722316141,0.03728842255886157,99.94516408447225,0.03728842255886157,4.0,0.9,0.5,True,0.0,7,1090.9932955742684
2025-07-27 07:00:00,28.091287309354176,94.50080682124656,0.20897309604272382,0.07819017320946581,0.06671727635350086,99.90188635830367,0.06671727635350086,0.0,0.9,0.5,True,0.0,7,1091.8560071517095
2025-07-27 08:00:00,29.69000736407129,92.31481001070026,0.32033424444604475,0.15459968098700505,0.16283689112499494,99.7605339836397,0.16283689112499494,0.0,2.1,0.5,True,0.0,7,1093.889289875356
2025-07-27 09:00:00,30.661188019252556,91.03947657484441,0.3948596241891293,0.19353017988120041,0.2020268673530459,99.70290166565728,0.2020268673530459,0.0,0.8,0.5,True,0.0,7,1094.5264529842311
2025-07-27 10:00:00,32.47215425107772,89.07861300431782,0.5333040870301212,0.26662338954198495,0.29126377666855063,99.5716709166639,0.29126377666855063,0.0,0.6,0.5,False,0.0,7,1094.924426116878
2025-07-27 11:00:00,33.46678534618227,88.11119256683894,0.6138615867976372,0.3087876418944451,0.33157836192838513,99.51238476187002,0.33157836192838513,0.0,0.5,0.5,False,0.0,7,1095.1331623402095
2025-07-27 12:00:00,32.55621318662302,87.9150245959667,0.5929225481086527,0.29060427763570595,0.2907790704033869,99.57238371999502,0.2907790704033869,0.0,5.3,0.5,False,0.0,7,1100.101583978281
2025-07-27 13:00:00,33.588147455783094,86.21827908046772,0.7164411572785782,0.33462089782235915,0.3458631784394035,99.49137767876557,0.3458631784394035,0.0,0.9,0.5,False,0.0,7,1100.7108049078777
2025-07-27 14:00:00,32.63363084394825,87.32523967068397,0.624573469763911,0.2863709117644229,0.27503101363187793,99.38103795283635,0.4208941920712814,0.0,0.2,0.5,False,0.0,7,1100.7108049078777
2025-07-27 15:00:00,32.56764280539621,87.56620360782901,0.6104291722677231,0.27894800882851417,0.2738790507072574,99.59723669013638,0.2738790507072574,4.0,0.6,0.5,False,0.0,7,1104.8899107158063
2025-07-27 16:00:00,29.617844172804222,92.0410768869158,0.33037015630750227,0.15934526304525432,0.13572680956779473,99.80040175063559,0.13572680956779473,0.0,8.0,0.5,True,0.0,7,1112.616031665099
2025-07-27 17:00:00,28.46095884780561,94.91490613447877,0.1974326118553687,0.07218742451660383,0.04855348466433068,99.9285978166701,0.04855348466433068,0.0,0.4,0.5,True,0.0,7,1112.8803048555312
2025-07-27 18:00:00,27.82240088765601,100.0,0.0,0.008902358441968093,0.004786019517952506,99.99296173600301,0.004786019517952506,0.0,10.7,0.0,True,0.44973667312672505,7,1123.531751370867
2025-07-27 19:00:00,27.2486299527263,99.92185434486905,0.0028270576483929058,0.0001388514122979266,1.3207139593906037e-05,99.9999805777359,1.3207139593906037e-05,0.0,4.2,0.0,True,0.03601648104936024,7,1127.726965351349
2025-07-27 20:00:00,27.07990591038118,99.8138274421374,0.006668865141545321,0.0011739653190939775,0.0,100.0,0.0,0.0,2.4,0.0,True,0.0,7,1130.1269521442093
2025-07-27 21:00:00,26.912039705465357,99.89836671696409,0.0036049152014097606,0.0006335127768104593,0.0,100.0,0.0,0.0,1.8,0.0,True,0.0,7,1131.9269521442093
2025-07-27 22:00:00,26.86568426539661,99.87843587060854,0.00430013870898864,0.0008626031258152589,0.0,100.0,0.0,0.0,2.0,0.0,True,0.0,7,1133.9269521442093
2025-07-27 23:00:00,26.780747738876197,99.88473439871704,0.004057044362273477,0.0007812977079901521,0.0002466057879930869,99.99963734442943,0.0002466057879930869,0.0,1.6,0.0,True,0.0,7,1135.5269521442092
2025-07-28 00:00:00,26.51825776497119,99.82894068751874,0.005928584811691759,0.0009415606308783649,0.00720079265341984,99.98941059903909,0.00720079265341984,0.0,0.9,0.0,True,0.0,7,1136.4267055384212
2025-07-28 01:00:00,26.111098937512764,100.0,0.0,0.00010671452661047893,0.0,100.0,0.0,0.0,3.8,0.0,True,0.11037181471918872,7,1140.2195047457678
2025-07-28 02:00:00,25.944683352865173,99.9833014579473,0.00055947858319403,2.0394829728158286e-05,0.0,100.0,0.0,0.0,1.4,0.0,True,0.012652031249841059,7,1141.619504745768
2025-07-28 03:00:00,25.81733214381998,99.93522664190905,0.002153916730915275,0.00029375480708304316,9.098480598254979e-05,99.99986619881473,9.098480598254979e-05,0.0,2.7,0.0,True,0.0,7,1144.319504745768
2025-07-28 04:00:00,25.792532185260786,99.96055170020078,0.0013098548085901456,0.0002699147058895451,0.0,100.0,0.0,0.0,5.2,0.0,True,0.0,7,1149.519413760962
2025-07-28 05:00:00,26.026055368571235,100.0,0.0,0.0011841696425388547,0.0,100.0,0.0,0.0,5.1,0.0,True,0.033151204479881305,7,1154.6194137609618
2025-07-28 06:00:00,27.099030025446115,96.47539580416509,0.12639606524439692,0.03763541920668633,0.028067676175604784,99.9587240056241,0.028067676175604784,4.0,3.3,0.5,True,0.0,7,1161.9194137609618
2025-07-28 07:00:00,27.22455057080685,96.11358353167752,0.1403998835261722,0.050767738917993625,0.04049216680147467,99.94045269588018,0.04049216680147467,0.0,4.3,0.5,True,0.0,7,1166.1913460847861
2025-07-28 08:00:00,29.324515825953053,93.17555174196168,0.2785339832986525,0.14741581041616322,0.16122983479202163,99.76289730177645,0.16122983479202163,0.0,2.5,0.5,True,0.0,7,1168.6508539179847
2025-07-28 09:00:00,28.14488019268623,94.87811823112506,0.1952427678903427,0.09425414152315872,0.08327476127762766,99.87753711576819,0.08327476127762766,0.0,5.3,0.5,True,0.0,7,1173.7896240831926
2025-07-28 10:00:00,28.9402535410896,93.38933971677986,0.2638888270683821,0.12179450406802031,0.12209754314839813,99.82044478948765,0.12209754314839813,0.0,0.7,0.5,True,0.0,7,1174.406349321915
2025-07-28 11:00:00,31.615289603963337,89.42398858103147,0.4920361688145164,0.23758844726437073,0.2627856157199233,99.58105417813482,0.28488315886832144,0.0,0.1,0.5,False,0.0,7,1174.406349321915
2025-07-28 12:00:00,33.19062748767103,87.7158471222626,0.6245488670100573,0.3070987082716995,0.3308127551486623,99.51351065419314,0.3308127551486623,0.0,0.3,0.5,False,0.0,7,1174.4214661630467
2025-07-28 13:00:00,36.35172724186759,83.81011732224589,0.9805582899875903,0.478103011077761,0.5287189359392814,99.03010045428243,0.6595316910879437,0.0,0.2,0.5,False,0.0,7,1174.4214661630467
2025-07-28 14:00:00,35.022047157997164,85.68827997549315,0.8056834941881599,0.39106827756253526,0.3968952114471928,98.74054867274245,0.8564269025351365,0.0,0.2,0.5,False,0.0,7,1174.4214661630467
2025-07-28 15:00:00,30.925422606948572,89.360573360901,0.4759603806480006,0.23029119379794677,0.19977838702054587,99.70620825438155,0.19977838702054587,4.0,8.1,0.5,False,0.0,7,1185.6650392605115
2025-07-28 16:00:00,29.760296085910134,92.32741238839314,0.3211035636641583,0.15467933460003572,0.14376905327879588,99.78857492164883,0.14376905327879588,0.0,1.7,0.5,True,0.0,7,1187.165260873491
2025-07-28 17:00:00,28.87907222966038,93.78084185920413,0.2473837778192566,0.10057576413674336,0.07614829647597375,99.88801721106474,0.07614829647597375,0.0,0.2,0.5,True,0.0,7,1187.2214918202121
2025-07-28 18:00:00,28.709709008863854,99.95352484916151,0.0018306412509419775,0.009960229681292006,0.007166634783498883,99.87747804226548,0.08331493125947263,0.0,0.0,0.0,True,0.08542546624136955,7,1187.2214918202121
2025-07-28 19:00:00,28.040913447018276,99.81494327448539,0.007011696303879875,0.0006544883905587941,0.0005058671268518597,99.87673412002012,0.08382079838632449,0.0,0.0,0.0,True,0.009604488610643822,7,1187.2214918202121
2025-07-28 20:00:00,27.599148061873027,99.90106889483957,0.0036531282390334036,0.00040619373021355906,0.0,99.87673412002012,0.08382079838632449,0.0,0.0,0.0,True,0.013218306191794399,7,1187.2214918202121
2025-07-28 21:00:00,27.34628022358018,99.91352225687491,0.003146419336359501,0.0003976289825619955,0.0,99.87673412002012,0.08382079838632449,0.0,0.0,0.0,True,0.0017900154544291808,7,1187.2214918202121
2025-07-28 22:00:00,27.059702630775277,99.91893411480177,0.0029004134742466035,0.00032017016163072556,0.0,100.0,0.0,0.0,0.8,0.0,True,0.004034391934808548,7,1187.9376710218257
2025-07-28 23:00:00,26.8956309592937,99.85570241908626,0.005113282275213114,0.0008728880683205422,0.0,100.0,0.0,0.0,3.6,0.0,True,0.0,7,1191.5376710218256
2025-07-29 00:00:00,26.705329153533427,99.85947961352147,0.004924068095580653,0.0008438871229834602,0.0,100.0,0.0,0.0,4.6,0.0,True,0.0,7,1196.1376710218256
2025-07-29 01:00:00,26.448298641358154,99.91339488771109,0.0029892234101782157,0.0003977840155335861,0.0,100.0,0.0,0.0,2.0,0.0,True,0.00225507737070009,7,1198.1376710218256
2025-07-29 02:00:00,26.087267116678014,99.93005462427146,0.00236332797074374,0.00020993808063041647,0.0,100.0,0.0,0.0,3.7,0.0,True,0.013426616514399317,7,1201.8376710218256
2025-07-29 03:00:00,26.180484736121986,99.76757061651473,0.007896720020650337,0.0017145962979588153,0.0,100.0,0.0,0.0,0.5,0.0,True,0.0,7,1202.3376710218256
2025-07-29 04:00:00,26.13290388393134,99.79041792908775,0.007100513507478599,0.001493494078793046,0.0,100.0,0.0,0.0,1.0,0.0,True,0.0,7,1203.3376710218256
2025-07-29 05:00:00,26.673201257293318,99.99999999999997,1.1649188925366949e-15,0.0055836662909008045,0.0,100.0,0.0,0.0,0.0,0.0,True,0.04394303615133481,7,1203.3376710218256
2025-07-29 06:00:00,27.464159983997778,94.14818976907041,0.21438615894771032,0.09042675961239753,0.07574248260990245,99.88861399616191,0.07574248260990245,4.0,0.1,0.5,True,0.0,7,1207.4376710218255
2025-07-29 07:00:00,29.721970247134,89.92284942229278,0.42080846037262404,0.1878025063846509,0.1794344136795122,99.62473985839792,0.25517689628941465,0.0,0.0,0.5,True,0.0,7,1207.4376710218255
2025-07-29 08:00:00,32.491164199012786,86.06056120124612,0.6814080717999965,0.3154184059566407,0.3246170589755317,99.14736183049273,0.5797939552649464,0.0,0.0,0.5,False,0.0,7,1207.4376710218255
2025-07-29 09:00:00,34.59617035673793,83.47416086235195,0.9086552938623673,0.42783867530098924,0.4414469096633641,98.49817519863484,1.0212408649283105,0.0,0.0,0.5,False,0.0,7,1207.4376710218255
2025-07-29 10:00:00,35.70948454012889,82.80467626558986,1.0054022485105483,0.47614012982299836,0.48189542986948564,97.93656427235618,1.4031362947977961,0.0,0.1,0.5,False,0.0,7,1207.4376710218255
2025-07-29 11:00:00,36.8612377999194,81.98444803000388,1.1219265374647276,0.533337490302434,0.5581114403113276,97.26287097778071,1.8612477351091237,0.0,0.1,0.5,False,0.0,7,1207.4376710218255
2025-07-29 12:00:00,36.90091569507856,82.09516069878177,1.1174463210132257,0.5288931006291732,0.5421785882972348,96.75966717146125,2.2034263234063585,0.0,0.2,0.5,False,0.0,7,1207.4376710218255
2025-07-29 13:00:00,34.90562275069905,84.4466227465832,0.8699653910553493,0.4279667319587395,0.427433501854961,99.37142132080152,0.427433501854961,0.0,5.5,0.5,False,0.0,7,1210.7342446984192
2025-07-29 14:00:00,28.62847447711322,93.12946232030481,0.26935763771628785,0.15448656438560798,0.11863345088119594,99.82553904282177,0.11863345088119594,0.0,7.5,0.5,True,0.0,7,1217.8068111965642
2025-07-29 15:00:00,29.360129258145292,93.38983793535725,0.27034246535299106,0.14234200626995558,0.15472745264647983,99.77245962846106,0.15472745264647983,4.0,4.7,0.5,True,0.0,7,1226.3881777456832
2025-07-29 16:00:00,29.294482152709907,92.48708233138896,0.30610276349605636,0.13902090583890978,0.12456720431819056,99.81681293482619,0.12456720431819056,0.0,0.7,0.5,True,0.0,7,1226.9334502930367
2025-07-29 17:00:00,28.94572236284381,94.5004325276083,0.2196048921995332,0.0972694989180968,0.07779446206700404,99.70240931413942,0.2023616663851946,0.0,0.0,0.5,True,0.0,7,1226.9334502930367
2025-07-29 18:00:00,29.529379157139715,99.71670858806431,0.01169955069774043,0.01383002062886972,0.00707549407239019,99.69200417579766,0.2094371604575848,0.0,0.0,0.0,True,0.026698444007454414,7,1226.9334502930367
2025-07-29 19:00:00,28.847756568812727,99.60568916065253,0.015656388101116966,0.0024252263476904944,0.0,99.69200417579766,0.2094371604575848,0.0,0.0,0.0,True,0.0,7,1226.9334502930367
2025-07-29 20:00:00,28.309303177678512,99.62071893093716,0.014596786416583503,0.0024870859661852455,0.0,100.0,0.0,0.0,0.6,0.0,True,0.0,7,1227.324013132579
2025-07-29 21:00:00,27.348542887234967,99.89489755159228,0.003824569765393495,0.0004172215562407433,0.0005585324124162071,99.99917862880527,0.0005585324124162071,0.0,5.6,0.0,True,0.07938733112887071,7,1232.924013132579
2025-07-29 22:00:00,26.828880315201577,99.91307507674719,0.0030681919709165313,0.000249834163845239,0.0,100.0,0.0,0.0,1.6,0.0,True,0.02533638977908967,7,1234.5234546001666
2025-07-29 23:00:00,26.57073951933683,100.0,0.0,5.522745547650459e-05,0.0,100.0,0.0,0.0,1.6,0.0,True,0.0712894823413801,7,1236.1234546001665
2025-07-30 00:00:00,26.351581958836462,99.95050589175413,0.0016986069257886797,0.00012621902412707507,0.0010405879550671726,99.99846972359549,0.0010405879550671726,0.0,2.9,0.0,True,0.005407489993888848,7,1239.0234546001666
2025-07-30 01:00:00,26.30208390676928,99.964974446348,0.0011985517562014849,0.00021093896782203408,0.0,100.0,0.0,0.0,0.3,0.0,True,0.0,7,1239.3224140122115
2025-07-30 02:00:00,26.216401295498557,99.97110826243502,0.000983671436112905,0.0001229941227487856,0.0,100.0,0.0,0.0,0.0,0.0,True,0.0005931351136120866,7,1239.3224140122115
2025-07-30 03:00:00,25.968640749707824,99.99367457914781,0.0002122313775059491,1.8852718997690675e-05,0.0,100.0,0.0,0.0,0.8,0.0,True,0.03169009124600261,7,1240.1224140122115
2025-07-30 04:00:00,25.80120007553687,99.85577914126355,0.004791216749495784,0.0007657200202406654,0.0010873076062911293,99.99840101822605,0.0010873076062911293,0.0,1.1,0.0,True,0.0,7,1241.2224140122114
2025-07-30 05:00:00,26.29532519080206,100.0,0.0,0.004381843343802007,0.007545701070265803,99.98890338077902,0.007545701070265803,0.0,0.1,0.0,True,0.041337366011894375,7,1241.321326704605
2025-07-30 06:00:00,28.328640060073006,94.58095632669205,0.20878848308611467,0.08161723913553488,0.0823760506054252,99.87885874910967,0.0823760506054252,4.0,0.7,0.5,True,0.0,7,1246.0137810035349
2025-07-30 07:00:00,28.294239869878634,94.35804712588113,0.21694292838995474,0.09352056247127856,0.08450725993226472,99.87572461774667,0.08450725993226472,0.0,0.7,0.5,True,0.0,7,1246.6314049529294
2025-07-30 08:00:00,30.145897493849056,90.3489697100745,0.4129388237997796,0.20681702463394325,0.22041932502724654,99.67585393378346,0.22041932502724654,0.0,3.0,0.5,True,0.0,7,1249.5468976929972
2025-07-30 09:00:00,31.677066152442666,89.25115639220898,0.501830374164669,0.2561671642596177,0.2747749978073447,99.59591912087156,0.2747749978073447,0.0,0.3,0.5,False,0.0,7,1249.6264783679699
2025-07-30 10:00:00,36.1634371691591,84.66126911686328,0.9194771331879055,0.4738166269052849,0.5419815945817402,99.20296824326215,0.5419815945817402,0.0,0.3,0.5,False,0.0,7,1249.6517033701625
2025-07-30 11:00:00,36.3815142066869,82.36128780225427,1.0700509672259295,0.5353937300605428,0.5612504998355766,98.67171750820984,0.9032320944173169,0.0,0.2,0.5,False,0.0,7,1249.6517033701625
2025-07-30 12:00:00,33.22249038277654,83.4550575996418,0.84267765081636,0.4245735033512623,0.4059066961164261,99.40307838806407,0.4059066961164261,0.0,13.9,0.5,False,0.0,7,1262.6484712757451
2025-07-30 13:00:00,32.49885187218146,88.2992341269859,0.5722216026575033,0.2900617798842843,0.2765789031576441,99.59326631888582,0.2765789031576441,0.0,0.9,0.5,False,0.0,7,1263.1425645796287
2025-07-30 14:00:00,34.93248040921964,84.56824886187442,0.864445362453101,0.40861543659776417,0.42582394859276584,99.26117227683763,0.50240285175041,0.0,0.2,0.5,False,0.0,7,1263.1425645796287
2025-07-30 15:00:00,33.739775385192466,84.00551702833839,0.8385382949494855,0.3618592644343205,0.3198071310359973,99.5296953955353,0.3198071310359973,4.0,0.1,0.5,False,0.0,7,1266.7401617278783
2025-07-30 16:00:00,31.877801252005014,84.88680111884496,0.7136513607837359,0.2774311698696357,0.21046775269802148,99.3672428180382,0.4302748837340188,0.0,0.1,0.5,False,0.0,7,1266.7401617278783
2025-07-30 17:00:00,30.20135036386352,90.07965943805394,0.42581226473300693,0.15601002040912978,0.09511803206643037,99.22736335911698,0.5253929158004491,0.0,0.0,0.5,True,0.0,7,1266.7401617278783
2025-07-30 18:00:00,29.368855555442792,100.0,0.0,0.014159314642745193,0.0003227520781329238,99.22688872370796,0.525715667878582,0.0,0.0,0.0,True,0.3804055492067342,7,1266.7401617278783
2025-07-30 19:00:00,28.51841077654669,99.88295699849687,0.0045594537504439715,0.00022935395426653494,0.0,99.22688872370796,0.525715667878582,0.0,0.0,0.0,True,0.05616261512638998,7,1266.7401617278783
2025-07-30 20:00:00,28.166341622097274,99.88799246510379,0.004274986112206255,0.0005129940730488632,0.0,99.5210063707668,0.325715667878582,0.0,0.2,0.0,True,0.0031937735243042775,7,1266.7401617278783
2025-07-30 21:00:00,27.79037195852084,99.93252439347256,0.002519564661973109,0.00023821217126943837,0.0,99.5210063707668,0.325715667878582,0.0,0.0,0.0,True,0.016549016600666752,7,1266.7401617278783
2025-07-30 22:00:00,27.47144347145588,99.92430348685143,0.002774388681413227,0.0002664619325337981,0.0,99.5210063707668,0.325715667878582,0.0,0.0,0.0,True,0.007591040343602612,7,1266.7401617278783
2025-07-30 23:00:00,27.257756277391675,99.98889354107071,0.0004020106204957507,5.734951670052724e-05,0.0,99.5210063707668,0.325715667878582,0.0,0.0,0.0,True,0.02437347188329643,7,1266.7401617278783
2025-07-31 00:00:00,27.12010762065733,99.93755560260637,0.002242091166409727,0.0002892052312787562,0.0,99.5210063707668,0.325715667878582,0.0,0.0,0.0,True,0.0,7,1266.7401617278783
2025-07-31 01:00:00,26.829476818254395,99.83457183188612,0.005839328282611649,0.0008550915859527958,0.0,99.5210063707668,0.325715667878582,0.0,0.0,0.0,True,0.0,7,1266.7401617278783
2025-07-31 02:00:00,26.470947080596282,99.88754975351402,0.0038864642825893496,0.00048293990659466755,0.0,99.5210063707668,0.325715667878582,0.0,0.0,0.0,True,0.0037735369692232235,7,1266.7401617278783
2025-07-31 03:00:00,26.17964206356889,99.99884832612622,3.9125835141210075e-05,6.995635708662196e-05,0.0,99.5210063707668,0.325715667878582,0.0,0.0,0.0,True,0.04308078414676335,7,1266.7401617278783
2025-07-31 04:00:00,25.882856262818702,100.0,0.0,7.042650325552776e-07,0.0,99.5210063707668,0.325715667878582,0.0,0.0,0.0,True,0.04443519517538727,7,1266.7401617278783
2025-07-31 05:00:00,26.695755861155725,100.0,0.0,0.006494693877551052,0.0,99.5210063707668,0.325715667878582,0.0,0.0,0.0,True,0.23622698673624282,7,1266.7401617278783
2025-07-31 06:00:00,29.036073073148838,92.83692641651729,0.28752832146216223,0.1050270109489536,0.07813549863404926,99.88509485494993,0.07813549863404926,4.0,0.0,0.5,True,0.0,7,1270.4144460599998
2025-07-31 07:00:00,30.854411812141787,91.00617873908584,0.4007187470662381,0.19339140918743575,0.19493652598092365,99.71332863826335,0.19493652598092365,0.0,0.3,0.5,True,0.0,7,1270.6363105613657
2025-07-31 08:00:00,31.19794857564588,89.52081026507514,0.4761188116511079,0.23300699254093937,0.21436501482094522,99.54514479293842,0.3093015408018689,0.0,0.1,0.5,False,0.0,7,1270.6363105613657
2025-07-31 09:00:00,35.1380164030356,84.49483690609952,0.8784782936096739,0.417472411550072,0.4347193504500211,98.90585163051193,0.74402089125189,0.0,0.0,0.5,False,0.0,7,1270.6363105613657
2025-07-31 10:00:00,37.02259158278636,80.89091663824719,1.20053587502556,0.5587069440515191,0.5592659530989736,98.08340169948401,1.3032868443508636,0.0,0.0,0.5,False,0.0,7,1270.6363105613657
2025-07-31 11:00:00,37.52030691083495,79.56590795970818,1.3189879435527487,0.6106137670339474,0.5979885965571489,97.20400670454704,1.9012754409080124,0.0,0.0,0.5,False,0.0,7,1270.6363105613657
2025-07-31 12:00:00,37.6851530241521,80.3370307965983,1.2806101294680827,0.5958719355913692,0.5895073941306175,96.33708406611966,2.4907828350386296,0.0,0.0,0.5,False,0.0,7,1270.6363105613657
2025-07-31 13:00:00,37.62553976755625,81.18174568567973,1.2216413666141877,0.5667797896313264,0.5702192468593944,95.64558517367936,2.961002081898024,0.0,0.1,0.5,False,0.0,7,1270.6363105613657
2025-07-31 14:00:00,36.79827668227119,81.6204985438042,1.1406683196054321,0.5125532055275875,0.5022337040594637,95.05406502065075,3.3632357859574875,0.0,0.1,0.5,False,0.0,7,1270.6363105613657
2025-07-31 15:00:00,34.07041349887951,82.82711888069099,0.9170576297785501,0.39934177353591604,0.3638965496824643,99.46485801517284,0.3638965496824643,4.0,4.3,0.5,False,0.0,7,1275.5730747754083
2025-07-31 16:00:00,30.90849787702356,87.44649354177322,0.5610465668588186,0.20830157273255312,0.1504276183939229,99.77878291412658,0.1504276183939229,0.0,2.9,0.5,False,0.0,7,1278.1091782257258
2025-07-31 17:00:00,30.05020024949484,90.7775810158914,0.39244138606199375,0.13351016494489032,0.08127308750533159,99.65926366779522,0.2317007058992545,0.0,0.0,0.5,True,0.0,7,1278.1091782257258
2025-07-31 18:00:00,30.207180550101814,99.70568802550746,0.012637015733944617,0.016221407195297567,0.02584158652318987,99.96199766687766,0.02584158652318987,0.0,0.4,0.0,True,0.11243854969809793,7,1278.2774775198266
2025-07-31 19:00:00,27.773923359250002,100.0,0.0,0.00022746628321100313,0.008754077724159214,99.987126356288,0.008754077724159214,0.0,4.7,0.0,True,0.6138757221534225,7,1282.9516359333034
2025-07-31 20:00:00,26.54356170653025,99.99999999999999,3.853554939409471e-16,5.679560320155107e-17,0.0029279031295439484,99.9956942601036,0.0029279031295439484,0.0,7.7,0.0,True,0.2435682656022665,7,1290.6428818555792
2025-07-31 21:00:00,26.270139921185066,99.95850869933632,0.0014171327078749026,7.556859017540512e-05,0.0,100.0,0.0,0.0,1.4,0.0,True,0.01416613770943674,7,1292.0399539524497
2025-07-31 22:00:00,26.494751758836593,99.91914776591982,0.0027983059146268626,0.0008354447372493696,0.0,100.0,0.0,0.0,0.2,0.0,True,0.0,7,1292.2399539524497
2025-07-31 23:00:00,26.676730238896553,99.83983759267045,0.005602926534121194,0.0013702055552389885,0.0,100.0,0.0,0.0,0.1,0.0,True,0.0,7,1292.3399539524496
2025-08-01 00:00:00,26.749997749528642,99.6846656651291,0.01107889457809554,0.002383000838020274,3.104574835684553e-05,99.9999543444877,3.104574835684553e-05,0.0,0.1,0.0,True,0.0,7,1292.4399539524495
2025-08-01 01:00:00,26.506887434189622,99.82394853447799,0.006097519318099787,0.0011198811703742831,0.0,100.0,0.0,0.0,0.1,0.0,True,0.0,7,1292.5399229067011
2025-08-01 02:00:00,26.44017138495764,99.79462898899114,0.007085100906235148,0.0014363967088634343,0.0003725886321342148,99.99945207554099,0.0003725886321342148,0.0,0.1,0.0,True,0.0,7,1292.639922906701
2025-08-01 03:00:00,26.56408947097402,99.76195848120643,0.008272348690911115,0.0019081125496621602,0.0,100.0,0.0,0.0,0.1,0.0,True,0.0,7,1292.739550318069
2025-08-01 04:00:00,26.610523180688723,99.81824438241448,0.006333601631893863,0.0014551613386144966,3.512854627328855e-05,99.99994834037312,3.512854627328855e-05,0.0,0.1,0.0,True,0.0,7,1292.8395503180689
2025-08-01 05:00:00,27.146202019362732,99.99999999999997,1.197720435294899e-15,0.005121542204968384,0.0070337790008307205,99.98965620735171,0.0070337790008307205,0.0,0.1,0.0,True,0.06944988030647171,7,1292.9395151895226
2025-08-01 06:00:00,28.50618830130417,95.042123646855,0.19299905136197434,0.07545493948247291,0.07388927913475465,99.89133929539007,0.07388927913475465,4.0,0.1,0.5,True,0.0,7,1297.0324814105218
2025-08-01 07:00:00,29.380565092637465,91.68168303690231,0.3406034902534982,0.1411501421113236,0.13313866528726367,99.80420784516579,0.13313866528726367,0.0,0.8,0.5,True,0.0,7,1297.758592131387
2025-08-01 08:00:00,30.846348413495566,90.57142478313817,0.4198961473168946,0.1908196539169078,0.19480208760973586,99.7135263417504,0.19480208760973586,0.0,0.2,0.5,True,0.0,7,1297.8254534660998
2025-08-01 09:00:00,32.94028255188773,87.58235462720795,0.6225366772629529,0.2974775301627915,0.31799654543313804,99.53235802142186,0.31799654543313804,0.0,0.2,0.5,False,0.0,7,1297.83065137849
2025-08-01 10:00:00,35.29861631140261,84.08418680913772,0.9097715583134314,0.44547947679702143,0.4785828545563571,99.26973617648603,0.49657939998949513,0.0,0.3,0.5,False,0.0,7,1297.83065137849
2025-08-01 11:00:00,35.26335710425518,84.96684127526926,0.8576481521524576,0.4108338753518996,0.4239992281574445,99.23444319390155,0.5205786281469396,0.0,0.4,0.5,False,0.0,7,1297.83065137849
2025-08-01 12:00:00,36.12255014965675,84.60024615625441,0.9210687123591594,0.44286362337363666,0.4700687865078823,99.13140086080173,0.5906474146548218,0.0,0.4,0.5,False,0.0,7,1297.83065137849
2025-08-01 13:00:00,35.04048572584775,85.70739401685128,0.8054276770090296,0.3837213191555091,0.38542082509176373,99.4332046689827,0.38542082509176373,0.0,0.6,0.5,False,0.0,7,1297.8400039638352
2025-08-01 14:00:00,34.71315316632383,84.83976061036809,0.8389901489482812,0.3814568640180469,0.3706619049480204,99.45490896331174,0.3706619049480204,0.0,3.2,0.5,False,0.0,7,1300.6545831387434
2025-08-01 15:00:00,32.98523498455277,85.80534687906209,0.7134209033630916,0.3076478248799758,0.27584632495071093,99.59434363977837,0.27584632495071093,4.0,1.2,0.5,False,0.0,7,1305.4839212337954
2025-08-01 16:00:00,30.659870179512836,89.09199704734868,0.48064223357268476,0.21360900011291453,0.18654570312088847,99.72566808364576,0.18654570312088847,0.0,0.5,0.5,False,0.0,7,1305.7080749088448
2025-08-01 17:00:00,28.86300879855016,93.2952302901471,0.26645258543910105,0.100204233381854,0.06924537415544517,99.62383665106421,0.25579107727633366,0.0,0.0,0.5,True,0.0,7,1305.7080749088448
2025-08-01 18:00:00,29.353684640799376,99.9674028926635,0.0013326616904176373,0.011637929823617775,0.0058115634572330765,99.61529023421535,0.26160264073356676,0.0,0.0,0.0,True,0.0708927896276388,7,1305.7080749088448
2025-08-01 19:00:00,29.135992730850973,99.69828552991589,0.012181015029984948,0.0021687153496631906,0.0,99.61529023421535,0.26160264073356676,0.0,0.0,0.0,True,0.0,7,1305.7080749088448
2025-08-01 20:00:00,28.742070173078385,99.8097873969478,0.00750646712960703,0.0011958821837742717,0.002413028270513407,99.6117416632293,0.2640156690040802,0.0,0.0,0.0,True,0.0,7,1305.7080749088448
2025-08-01 21:00:00,28.687790292555913,99.71073654564928,0.011379538535266458,0.002324423800116931,0.0,99.7588004867587,0.16401566900408018,0.0,0.1,0.0,True,0.0,7,1305.7080749088448
2025-08-01 22:00:00,28.290636849095034,99.68233036352055,0.012212394931687439,0.002123657940855537,0.00011596572777893811,99.99982946216504,0.00011596572777893811,0.0,0.8,0.0,True,0.0,7,1306.3440592398406
2025-08-01 23:00:00,27.569107821759818,99.860924979301,0.0051264788661665684,0.0005665951189237134,0.004644118024783069,99.99317041466944,0.004644118024783069,0.0,7.0,0.0,True,0.030694996017531853,7,1313.343943274113
2025-08-02 00:00:00,27.264874606807886,99.92133340418609,0.00284861185660358,0.00033567771877665874,0.0,100.0,0.0,0.0,0.1,0.0,True,0.006102907990244641,7,1313.439299156088
2025-08-02 01:00:00,27.04852593277546,99.94957294202214,0.0018030209082476511,0.0001933113336302282,0.000662057226540621,99.99902638643155,0.000662057226540621,0.0,0.1,0.0,True,0.005505372425225127,7,1313.539299156088
2025-08-02 02:00:00,26.618250847853023,99.97932971656354,0.0007206208125362165,4.4128958326783734e-05,0.0006713710337837647,99.9990126896562,0.0006713710337837647,0.0,6.3,0.0,True,0.04949528501880865,7,1319.8386370988615
2025-08-02 03:00:00,26.497397128518045,99.89142168187523,0.0037584946351280745,0.0006192231973091383,0.0,100.0,0.0,0.0,3.7,0.0,True,0.0,7,1323.5379657278277
2025-08-02 04:00:00,26.46217078071819,99.87612412313533,0.00427913999781168,0.0008747230740652319,0.0,100.0,0.0,0.0,1.2,0.0,True,0.0,7,1324.7379657278277
2025-08-02 05:00:00,26.55688496801162,99.91422429617464,0.0029795881295763783,0.002302889670425197,0.00252360954306716,99.9962888094955,0.00252360954306716,0.0,1.1,0.0,True,0.0,7,1325.8379657278276
2025-08-02 06:00:00,27.378954617568468,95.85818851276935,0.15098465481604786,0.05585040367609834,0.050848634347168895,99.92522259654828,0.050848634347168895,4.0,2.8,0.5,True,0.0,7,1332.6354421182846
2025-08-02 07:00:00,28.024669292719288,94.14542136061392,0.221617066071758,0.09380609882384232,0.08861037439312305,99.86969062589247,0.08861037439312305,0.0,4.3,0.5,True,0.0,7,1336.8845934839374
2025-08-02 08:00:00,29.237826716869343,91.83028849867847,0.3317769911858912,0.15170092419482528,0.15322025638371614,99.77467609355337,0.15322025638371614,0.0,0.9,0.5,True,0.0,7,1337.6959831095442
2025-08-02 09:00:00,28.798200895239326,93.84794758988059,0.24357208066973995,0.11731887697089824,0.11080349477042294,99.83705368416115,0.11080349477042294,0.0,1.5,0.5,True,0.0,7,1339.0427628531604
2025-08-02 10:00:00,29.754039012620826,92.11711970242584,0.32978587670694615,0.15314810707104856,0.15577459828766824,99.77091970840048,0.15577459828766824,0.0,0.5,0.5,True,0.0,7,1339.43195935839
2025-08-02 11:00:00,33.60847626220806,86.62947500782627,0.695854701779237,0.3387747795603963,0.3823113208501461,99.43777746933802,0.3823113208501461,0.0,0.2,0.5,False,0.0,7,1339.4761847601023
2025-08-02 12:00:00,33.850523125825546,86.09730649323751,0.7333878099891497,0.36451268862559305,0.3848915339408132,99.01881933118976,0.6672028547909593,0.0,0.1,0.5,False,0.0,7,1339.4761847601023
2025-08-02 13:00:00,32.5871935596199,86.30089656619661,0.673288859034909,0.32085955243703435,0.3142297092633974,99.29201093521418,0.4814325640543567,0.0,0.5,0.5,False,0.0,7,1339.4761847601023
2025-08-02 14:00:00,30.485253945452246,88.78244213992392,0.48937734111047165,0.20347599874820052,0.1693559213552661,99.04295810969172,0.6507884854096228,0.0,0.0,0.5,False,0.0,7,1339.4761847601023
2025-08-02 15:00:00,29.909216395318943,90.22424391129813,0.4126366944520099,0.16422194247632435,0.14099402218174667,99.79265584973272,0.14099402218174667,4.0,0.0,0.5,True,0.0,7,1342.8253962746928
2025-08-02 16:00:00,29.840289034839106,90.59279939978659,0.3955116606892174,0.15308493368918333,0.12989740927240812,99.60163024786154,0.2708914314541548,0.0,0.0,0.5,True,0.0,7,1342.8253962746928
2025-08-02 17:00:00,29.202335359875487,92.04124270093509,0.32254887232255475,0.11629103379279604,0.08369207559801994,99.47855366609974,0.35458350705217473,0.0,0.0,0.5,True,0.0,7,1342.8253962746928
2025-08-02 18:00:00,28.422574528127495,99.99999999999999,4.300933633471731e-16,0.008862206232418254,0.004658143097633697,99.47170345566204,0.3592416501498084,0.0,0.0,0.0,True,0.21747530590654557,7,1342.8253962746928
2025-08-02 19:00:00,28.044489685636858,99.80886519740103,0.007243498927927077,0.0009702158636297415,0.002986913708550892,99.46731093550241,0.3622285638583593,0.0,0.0,0.0,True,0.0,7,1342.8253962746928
2025-08-02 20:00:00,28.004469939686956,99.74961919404367,0.009466683602606052,0.0019580277669269245,0.0036716205649159543,99.60897031702459,0.2659001844232752,0.0,0.1,0.0,True,0.0,7,1342.8253962746928
2025-08-02 21:00:00,27.528237756943156,99.9833908175181,0.0006107750415604242,0.00017652097944210514,4.338254737227659e-05,99.90302416621964,0.06594356697064745,0.0,0.2,0.0,True,0.0630655320892036,7,1342.8253962746928
2025-08-02 22:00:00,27.03671231588096,99.98702485128246,0.00046360549565786774,1.3767729458140578e-05,0.0,100.0,0.0,0.0,0.2,0.0,True,0.06659086331591048,7,1342.9594527077222
2025-08-02 23:00:00,26.914272924208653,99.9348916235302,0.00230968578674779,0.0003229497343089655,0.0,100.0,0.0,0.0,1.0,0.0,True,0.0,7,1343.9594527077222
2025-08-03 00:00:00,26.473409353209345,99.81726931550136,0.00631638709236129,0.0007757754822696453,0.0011403939325361518,99.99832295009922,0.0011403939325361518,0.0,5.5,0.0,True,0.0,7,1349.4594527077222
2025-08-03 01:00:00,26.092351608383368,99.93228383250485,0.002288694374210545,0.00025548108383308517,0.0003446211458190443,99.99949320419732,0.0003446211458190443,0.0,6.6,0.0,True,0.016767677189603175,7,1356.0583123137897
2025-08-03 02:00:00,26.050327672425524,99.83397237907845,0.005597543663929002,0.0011037617060576726,0.0,100.0,0.0,0.0,1.1,0.0,True,0.0,7,1357.1579676926438
2025-08-03 03:00:00,25.76979783446192,99.95819834899744,0.0013861290923290071,0.00017487565263561104,0.0,100.0,0.0,0.0,2.9,0.0,True,0.015331164707092781,7,1360.0579676926438
2025-08-03 04:00:00,25.61281415434613,99.89679831954618,0.00339044997011446,0.0005213120573933402,0.0,100.0,0.0,0.0,0.4,0.0,True,0.0,7,1360.457967692644
2025-08-03 05:00:00,25.992298153458325,99.99999999999997,1.119074739372483e-15,0.0050275587117069795,0.00023370930395763637,99.99965630984711,0.00023370930395763637,0.0,0.1,0.0,True,0.20077801782119176,7,1360.5579676926438
2025-08-03 06:00:00,28.06377274272107,94.25623816233204,0.21791767979728996,0.08264706930354955,0.070620339891005,99.89614655898382,0.070620339891005,4.0,0.1,0.5,True,0.0,7,1364.65773398334
2025-08-03 07:00:00,30.724592910198428,90.61746756457654,0.41495470380850163,0.19591620684854824,0.20693257384116792,99.69568739141005,0.20693257384116792,0.0,0.1,0.5,True,0.0,7,1364.687113643449
2025-08-03 08:00:00,32.06952256104451,87.87872587919243,0.5786074609833942,0.2770151679671426,0.2816055724151622,99.42862037315246,0.3885381462563301,0.0,0.1,0.5,False,0.0,7,1364.687113643449
2025-08-03 09:00:00,33.44025175506537,85.4294155128263,0.751216185010273,0.35100396525152083,0.34852434632411117,99.06314339326406,0.6370624925804413,0.0,0.1,0.5,False,0.0,7,1364.687113643449
2025-08-03 10:00:00,34.41549190943753,83.75968929484014,0.884050814692601,0.4140951685219237,0.41200192745986397,98.7513758528819,0.8490644200403052,0.0,0.2,0.5,False,0.0,7,1364.687113643449
2025-08-03 11:00:00,35.597895861772614,80.15468144071411,1.1532456827143733,0.5259888662512551,0.527096012031114,98.27035230577732,1.1761604320714194,0.0,0.2,0.5,False,0.0,7,1364.687113643449
2025-08-03 12:00:00,34.160755089780075,84.1176999487088,0.8524119983307072,0.4791876355437329,0.47906142493807957,99.29549790450282,0.47906142493807957,0.0,4.8,0.5,False,0.0,7,1368.3109532113776
2025-08-03 13:00:00,30.480499800310028,89.68604426559088,0.4498345430377909,0.22687685368909313,0.20147859193172568,99.58744115166205,0.28054001686980523,0.0,0.4,0.5,False,0.0,7,1368.3109532113776
2025-08-03 14:00:00,29.058614734678272,92.85633371461645,0.2871229551400366,0.1336000531950666,0.11833290238840366,99.8259810258994,0.11833290238840366,0.0,0.3,0.5,True,0.0,7,1368.3304131945079
2025-08-03 15:00:00,29.78881521234145,90.89694829866737,0.38159431359836754,0.17818841984376474,0.17555495788538336,99.7418309442862,0.17555495788538336,4.0,0.1,0.5,True,0.0,7,1372.3120802921194
2025-08-03 16:00:00,29.92360051034113,91.20417795571053,0.371580108862816,0.163886620353668,0.15506789105795393,99.5137899280245,0.33062284894333727,0.0,0.0,0.5,True,0.0,7,1372.3120802921194
2025-08-03 17:00:00,28.773152749106757,92.94762815100658,0.2788130012241378,0.10121688131784636,0.07665240327575104,99.40106580556017,0.40727525221908834,0.0,0.0,0.5,True,0.0,7,1372.3120802921194
2025-08-03 18:00:00,28.187510351707655,100.0,0.0,0.00807496055264674,0.004043138692852814,99.68923766042361,0.21131839091194113,0.0,0.2,0.0,True,0.2789769572305222,7,1372.3120802921194
2025-08-03 19:00:00,27.722489881298756,99.94599183243282,0.002008715604702902,8.608186873776177e-05,0.0,99.98335530748244,0.011318390911941117,0.0,0.2,0.0,True,0.0341424136138517,7,1372.3120802921194
2025-08-03 20:00:00,27.380179344455964,99.92792894714101,0.002627450022337258,0.00022547798987826553,0.0,100.0,0.0,0.0,0.1,0.0,True,0.01075423984546707,7,1372.4007619012075
2025-08-03 21:00:00,27.188696338041527,99.81791309561501,0.006564233541722735,0.0011215570129327764,0.0009751982577264316,99.99856588491511,0.0009751982577264316,0.0,0.0,0.0,True,0.0,7,1372.4007619012075
2025-08-03 22:00:00,26.85886601149102,99.88287472074406,0.004141462730599073,0.0005645787989354192,0.0,99.99856588491511,0.0009751982577264316,0.0,0.0,0.0,True,0.002539752818858307,7,1372.4007619012075
2025-08-03 23:00:00,26.572246437174236,99.95951401076135,0.0014076328260905723,0.00014665436606667835,0.0,99.99856588491511,0.0009751982577264316,0.0,0.0,0.0,True,0.016844292806311376,7,1372.4007619012075
2025-08-04 00:00:00,26.257329624968726,99.8812944945997,0.0040513159709536905,0.00046833205203530045,0.0,99.99856588491511,0.0009751982577264316,0.0,0.0,0.0,True,0.000548157737392807,7,1372.4007619012075
2025-08-04 01:00:00,25.879878661030716,99.89068561097933,0.003648525775522346,0.00040263839980551777,0.0,100.0,0.0,0.0,0.1,0.0,True,0.005080782378326723,7,1372.4997867029497
2025-08-04 02:00:00,25.57787647157698,99.96170010882892,0.0012556494213052485,0.00012317352694053436,0.0,100.0,0.0,0.0,0.0,0.0,True,0.019241551207941493,7,1372.4997867029497
2025-08-04 03:00:00,25.39282146072829,99.81476055044135,0.006006684774798424,0.0010081150695058542,0.0,100.0,0.0,0.0,0.0,0.0,True,0.0,7,1372.4997867029497
2025-08-04 04:00:00,25.206786412739515,99.85702996640198,0.004585058066602074,0.0008099042779367651,0.0,100.0,0.0,0.0,0.0,0.0,True,0.0,7,1372.4997867029497
2025-08-04 05:00:00,25.692782980964363,100.0,0.0,0.005431102473770292,0.0,100.0,0.0,0.0,0.0,0.0,True,0.17436079671593607,7,1372.4997867029497
2025-08-04 06:00:00,26.903247979794493,96.04921595394883,0.1400613248513484,0.05107167055724656,0.04395106956320711,99.93536607417175,0.04395106956320711,4.0,0.0,0.5,True,0.0,7,1376.4997867029497
2025-08-04 07:00:00,29.807914325077437,89.84366885498181,0.4262144975498799,0.19657886134866204,0.1994804231574962,99.64201251070484,0.2434314927207033,0.0,0.0,0.5,True,0.0,7,1376.4997867029497
2025-08-04 08:00:00,32.10714547322793,85.55846006178065,0.6908312594413132,0.31985054806827407,0.3311922158253549,99.15496513449109,0.5746237085460582,0.0,0.0,0.5,False,0.0,7,1376.4997867029497
2025-08-04 09:00:00,34.027258348075804,83.73903832483386,0.8662764952424498,0.40397014904647954,0.40909167755147147,98.55335972632716,0.9837153860975296,0.0,0.0,0.5,False,0.0,7,1376.4997867029497
2025-08-04 10:00:00,34.23587753335211,82.11425952128381,0.9639554603136674,0.47473468237181127,0.4727433961584868,99.30478912329635,0.4727433961584868,0.0,2.9,0.5,False,0.0,7,1378.4160713168521
2025-08-04 11:00:00,33.091784206831946,84.80793781048246,0.7681262470690527,0.40452888093234596,0.3948114279013889,99.41939495896854,0.3948114279013889,0.0,6.7,0.5,False,0.0,7,1384.6433279206938
2025-08-04 12:00:00,32.43497541174626,83.62851017125628,0.7977667990411637,0.35885526642402005,0.3329745310778565,99.0767853544423,0.6277859589792454,0.0,0.1,0.5,False,0.0,7,1384.6433279206938
2025-08-04 13:00:00,33.70564485437579,81.2027219616348,0.9836048452347531,0.44944096644858905,0.4294975081768546,99.36838601738698,0.4294975081768546,0.0,0.7,0.5,False,0.0,7,1384.7155419617145
2025-08-04 14:00:00,33.34061743525581,80.98811103385488,0.9747496960676977,0.43979884681553005,0.40810808597815096,98.91528589094852,0.7376055941550056,0.0,0.1,0.5,False,0.0,7,1384.7155419617145
2025-08-04 15:00:00,31.97627804950217,82.46483733167909,0.8326405961971376,0.3453900969641591,0.30465987717460397,99.55197076886087,0.30465987717460397,4.0,0.2,0.5,False,0.0,7,1388.1779363675596
2025-08-04 16:00:00,30.726820508103238,85.92268826466187,0.6226665491929384,0.24580325954107968,0.20712693383345196,99.68854880734109,0.21178681100805594,0.0,0.3,0.5,False,0.0,7,1388.1779363675596
2025-08-04 17:00:00,29.04627731999115,89.27235714396895,0.43086532639236524,0.14376270863773985,0.09972934565272511,99.54188800491062,0.31151615666078103,0.0,0.0,0.5,False,0.0,7,1388.1779363675596
2025-08-04 18:00:00,28.41894193188859,99.91586363094646,0.0032587024706485436,0.012972035312870335,0.009854820400403074,99.67445444549826,0.2213709770611841,0.0,0.1,0.0,True,0.1608744433559895,7,1388.1779363675596
2025-08-04 19:00:00,27.81170994859246,99.5487116966481,0.01687225677215882,0.002652802887412157,0.007083873957547807,99.66403698379598,0.22845485101873192,0.0,0.0,0.0,True,0.0,7,1388.1779363675596
2025-08-04 20:00:00,27.173959160178917,99.67799438768347,0.011598285116129104,0.0018157216462990214,0.0034510123604971346,99.65896196561877,0.23190586337922905,0.0,0.0,0.0,True,0.0,7,1388.1779363675596
2025-08-04 21:00:00,26.674267554921318,99.7825613754377,0.007605506320674985,0.0011256204906207193,0.0031086009799141893,99.65439049358949,0.23501446435914325,0.0,0.0,0.0,True,0.0011183710716615447,7,1388.1779363675596
2025-08-04 22:00:00,26.260481751984603,99.81104442047567,0.006450089486860823,0.0009307479763678906,0.0005508261978411712,99.65358045506326,0.2355652905569844,0.0,0.0,0.0,True,0.0,7,1388.1779363675596
2025-08-04 23:00:00,25.941036581969996,99.83760302180255,0.005439878405884151,0.0008266676705664517,0.0016305808690423177,99.65118254202055,0.23719587142602674,0.0,0.0,0.0,True,0.0,7,1388.1779363675596
2025-08-05 00:00:00,25.509877111876815,99.93971377805228,0.001968507769144795,0.000195589220144893,0.0,99.65118254202055,0.23719587142602674,0.0,0.0,0.0,True,0.025248307880021414,7,1388.1779363675596
2025-08-05 01:00:00,25.261266581370652,99.95424702602726,0.0014720615855420604,0.00012712550456017499,0.0,99.65118254202055,0.23719587142602674,0.0,0.0,0.0,True,0.00968656201132262,7,1388.1779363675596
2025-08-05 02:00:00,25.1110097065394,99.89526184028806,0.003339874297744849,0.0005235125973489291,0.0,99.65118254202055,0.23719587142602674,0.0,0.0,0.0,True,0.0,7,1388.1779363675596
2025-08-05 03:00:00,25.151624819168727,99.9054321808992,0.003022860968613967,0.0007027136515574714,0.0,99.65118254202055,0.23719587142602674,0.0,0.0,0.0,True,0.0,7,1388.1779363675596
2025-08-05 04:00:00,25.09097937796695,99.9228517775465,0.0024571594703223483,0.00047451789571619694,0.0,99.65118254202055,0.23719587142602674,0.0,0.0,0.0,True,0.0,7,1388.1779363675596
2025-08-05 05:00:00,25.722078448096322,100.0,0.0,0.005024095012839539,0.0,99.65118254202055,0.23719587142602674,0.0,0.0,0.0,True,0.10655401197072235,7,1388.1779363675596
2025-08-05 06:00:00,25.863770027616564,97.12160944172335,0.09597891857240118,0.038057099794763426,0.029824926170628888,99.95613981445496,0.029824926170628888,4.0,0.3,0.5,True,0.0,7,1392.2407404961336
2025-08-05 07:00:00,28.463176965232584,93.11886449142843,0.26719967299965286,0.1333692203991205,0.15041026634049262,99.77880843185221,0.15041026634049262,0.0,0.4,0.5,True,0.0,7,1392.610915569963
2025-08-05 08:00:00,29.99187818881898,90.58660043708203,0.39923063757388283,0.20488095352264912,0.22070666530625432,99.67543137454963,0.22070666530625432,0.0,0.2,0.5,True,0.0,7,1392.6605053036226
2025-08-05 09:00:00,30.84222642993688,88.01835134951803,0.5334704480132343,0.2509136094184341,0.25087259628145503,99.60061873295926,0.27157926158770934,0.0,0.2,0.5,False,0.0,8,1392.6605053036226
2025-08-05 10:00:00,33.072365700451215,84.85374397901984,0.764977067718043,0.3583360599245158,0.3767618977732058,99.04655711858689,0.6483411593609152,0.0,0.0,0.5,False,0.0,8,1392.6605053036226
2025-08-05 11:00:00,33.760550211978654,81.43307827783987,0.9745315075039055,0.45076130081736765,0.4427770173985786,98.54247326947133,0.9911181767594939,0.0,0.1,0.5,False,0.0,8,1392.6605053036226
2025-08-05 12:00:00,32.21304234883563,83.41990097960928,0.7978869823690365,0.3833623736088798,0.36506799625778863,98.59384386320987,0.9561861730172825,0.0,0.4,0.5,False,0.0,8,1392.6605053036226
2025-08-05 13:00:00,31.09325806500945,86.72910668914943,0.5993798636734774,0.2872172452305405,0.27211289581757403,98.63485431053698,0.9282990688348565,0.0,0.3,0.5,False,0.0,8,1392.6605053036226
2025-08-05 14:00:00,29.12742254516425,91.05292107300565,0.3610386777000102,0.16581239861564334,0.14457342447686425,98.56930515689453,0.9728724933117208,0.0,0.1,0.5,True,0.0,8,1392.6605053036226
2025-08-05 15:00:00,29.211497033014655,90.70146306733324,0.3770461113876724,0.16541745812166408,0.14423767235469212,99.78788577594898,0.14423767235469212,4.0,0.1,0.5,True,0.0,8,1395.787632810311
2025-08-05 16:00:00,29.431564475336806,91.25376645056252,0.35917885891115864,0.1617259007182504,0.13588013826866052,99.58806204320095,0.2801178106233526,0.0,0.0,0.5,True,0.0,8,1395.787632810311
2025-08-05 17:00:00,28.408584082166954,93.22238081463858,0.2623475434934716,0.10831237104193121,0.07094724235855693,99.48372786326189,0.35106505298190954,0.0,0.0,0.5,True,0.0,8,1395.787632810311
2025-08-05 18:00:00,28.47629238316127,99.83257277279641,0.006506274421617592,0.011312556818093029,0.005595820468799075,99.47549871551367,0.3566608734507086,0.0,0.0,0.0,True,0.06639453465575214,8,1395.787632810311
2025-08-05 19:00:00,27.794118656203217,99.68956293908398,0.011594370292461078,0.0015614025834153125,0.0,99.47549871551367,0.3566608734507086,0.0,0.0,0.0,True,0.0,8,1395.787632810311
2025-08-05 20:00:00,27.408625100346885,99.72110985093978,0.010184257677023427,0.0017547989342198934,0.002637015117161845,99.47162075210608,0.3592978885678705,0.0,0.0,0.0,True,0.0,8,1395.787632810311
2025-08-05 21:00:00,27.144753567781795,99.65661622350828,0.012347154521751632,0.0023139862947032163,0.00130737291110876,99.46969814488385,0.36060526147897926,0.0,0.0,0.0,True,0.0,8,1395.787632810311
2025-08-05 22:00:00,26.867694134926477,99.70089488857047,0.010581618902091746,0.0019878008845429732,0.0,99.46969814488385,0.36060526147897926,0.0,0.0,0.0,True,0.0,8,1395.787632810311
2025-08-05 23:00:00,26.647332632593695,99.69090565342731,0.01079429952824576,0.0020698078778649954,0.003978200301922796,99.46384785032221,0.36458346178090206,0.0,0.0,0.0,True,0.0,8,1395.787632810311
2025-08-06 00:00:00,26.31137305654757,99.7536305836273,0.008435221707679831,0.0014721009678524684,0.0009235019676029815,99.46248975919337,0.36550696374850505,0.0,0.0,0.0,True,0.0,8,1395.787632810311
2025-08-06 01:00:00,26.01465090131627,99.79006263864117,0.0070630321677504675,0.0012090398609622265,0.0020732442580637146,99.45944087057858,0.36758020800656876,0.0,0.0,0.0,True,0.0,8,1395.787632810311
2025-08-06 02:00:00,25.667302676457542,99.88482989842909,0.003795884808304644,0.0005091950676698575,0.0,99.45944087057858,0.36758020800656876,0.0,0.0,0.0,True,0.003316696340737238,8,1395.787632810311
2025-08-06 03:00:00,25.499985826283442,99.85460258675005,0.0047448321189640244,0.0008214681687042718,0.0,99.45944087057858,0.36758020800656876,0.0,0.0,0.0,True,0.0,8,1395.787632810311
2025-08-06 04:00:00,25.52471176083442,99.82119647082801,0.005843558529529192,0.0012702549879638556,0.0010635216268787499,99.4578768681861,0.3686437296334475,0.0,0.0,0.0,True,0.0,8,1395.787632810311
2025-08-06 05:00:00,26.125660686623412,99.99999999999999,3.7597597126719335e-16,0.00519251847885409,0.006794129173065572,99.44788550175512,0.37543785880651304,0.0,0.0,0.0,True,0.04711931493857069,8,1395.787632810311
2025-08-06 06:00:00,27.366989891835722,92.83982994690813,0.26083257566282947,0.09230968775002378,0.07970810325128995,99.88278220110104,0.07970810325128995,4.0,0.1,0.5,True,0.0,8,1399.5121949515044
2025-08-06 07:00:00,29.476523973743223,90.60000677511087,0.3870274549517399,0.1749627546027958,0.18080048272399055,99.61689913827165,0.2605085859752805,0.0,0.0,0.5,True,0.0,8,1399.5121949515044
2025-08-06 08:00:00,31.325560011983697,88.29911303554738,0.5354950282640981,0.2544544315129105,0.26908215119611867,99.221190092395,0.5295907371713992,0.0,0.0,0.5,False,0.0,8,1399.5121949515044
2025-08-06 09:00:00,32.61708507942866,86.7683168801269,0.6514104018850302,0.3154515508124336,0.3275496042496113,98.73949949791027,0.8571403414210105,0.0,0.0,0.5,False,0.0,8,1399.5121949515044
2025-08-06 10:00:00,33.994550128440316,84.13369426368581,0.843714024916513,0.3997683706680273,0.408147477867189,98.13928261869383,1.2652878192881996,0.0,0.0,0.5,False,0.0,8,1399.5121949515044
2025-08-06 11:00:00,36.52906160349252,79.77442008436184,1.2369231232680793,0.5823355787359382,0.6030314048316079,97.39953055276499,1.7683192241198074,0.0,0.1,0.5,False,0.0,8,1399.5121949515044
2025-08-06 12:00:00,36.32313071498812,77.75224092942663,1.3453530154670208,0.6211695858418543,0.611200209410004,96.64776553892675,2.2795194335298112,0.0,0.1,0.5,False,0.0,8,1399.5121949515044
2025-08-06 13:00:00,34.92412879243475,78.86920533926006,1.183143962235183,0.5310665275208453,0.5030678761454844,96.0550186622422,2.6825873096752955,0.0,0.1,0.5,False,0.0,8,1399.5121949515044
2025-08-06 14:00:00,33.951144645891276,79.2337644093134,1.1016088772570671,0.4745357522962774,0.4381723678202379,95.55770635662422,3.0207596774955334,0.0,0.1,0.5,False,0.0,8,1399.5121949515044
2025-08-06 15:00:00,33.14970326585069,79.96819996829811,1.0161212103648274,0.4087337113386616,0.36767724599627954,99.45929816765253,0.36767724599627954,4.0,0.0,0.5,False,0.0,8,1400.4914352740088
2025-08-06 16:00:00,31.37615774794206,84.15248243112,0.7273537046119962,0.2773616662812163,0.23580697814185286,99.40664084685568,0.4034842241381324,0.0,0.2,0.5,False,0.0,8,1400.4914352740088
2025-08-06 17:00:00,29.422951685242207,88.33982014086091,0.4786074752757101,0.1488305567858464,0.1003543427776554,99.25906093100619,0.5038385669157878,0.0,0.0,0.5,False,0.0,8,1400.4914352740088
2025-08-06 18:00:00,29.203955192516627,99.46117524152156,0.021839284283366105,0.016879795967403056,0.03309280305331638,99.21039504416308,0.5369313699691042,0.0,0.0,0.0,True,0.12331651347901804,8,1400.4914352740088
2025-08-06 19:00:00,28.696463139853567,99.40092807324513,0.023579154215942078,0.004410951839369113,0.022761841244021305,99.17692174821599,0.5596932112131254,0.0,0.0,0.0,True,0.0,8,1400.4914352740088
2025-08-06 20:00:00,28.29425988251225,99.46614390521825,0.020527721833417313,0.0039790122898636275,0.013708966661784497,99.15676150312514,0.5734021778749099,0.0,0.0,0.0,True,0.0,8,1400.4914352740088
2025-08-06 21:00:00,27.865370134254526,99.59908273984179,0.015036003520807898,0.0028089429946594026,0.007122626424012381,99.14628705250158,0.5805248042989223,0.0,0.0,0.0,True,0.0,8,1400.4914352740088
2025-08-06 22:00:00,27.699159582716497,99.63996829478394,0.013372373966911662,0.002714793614689056,0.0034595942151661083,99.14119941394986,0.5839843985140883,0.0,0.0,0.0,True,0.0,8,1400.4914352740088
2025-08-06 23:00:00,27.568831303835406,99.59060027703123,0.015090741068505376,0.0030728092636221854,0.005118073756046411,99.13367283489686,0.5891024722701348,0.0,0.0,0.0,True,0.0,8,1400.4914352740088
2025-08-07 00:00:00,27.31821010024777,99.6104706559608,0.014149432926536776,0.0027707133226140337,0.0077794925368914435,99.12223240469555,0.5968819648070263,0.0,0.0,0.0,True,0.0,8,1400.4914352740088
2025-08-07 01:00:00,27.034202818171206,99.61573894503309,0.013727728456630147,0.0026336144440135953,0.007382517045106787,99.11137576198216,0.6042644818521331,0.0,0.0,0.0,True,0.0,8,1400.4914352740088
2025-08-07 02:00:00,26.89487128967566,99.63333864477275,0.01299231334936731,0.0026550223927048894,0.00728851082965876,99.10065736370325,0.6115529926817919,0.0,0.0,0.0,True,0.0,8,1400.4914352740088
2025-08-07 03:00:00,26.71332275219438,99.64040333597576,0.012606789034983587,0.0025170222736369853,0.006957908130689511,99.090425145864,0.6185109008124814,0.0,0.0,0.0,True,0.0,8,1400.4914352740088
2025-08-07 04:00:00,26.531605948000347,99.6834002071927,0.010981363400372104,0.002188734804464462,0.004315022325076788,99.0840795247977,0.6228259231375581,0.0,0.0,0.0,True,0.0,8,1400.4914352740088
2025-08-07 05:00:00,26.900318558557586,99.87118162056788,0.004566022804590641,0.004957477811560804,0.008592677785071905,99.0714432339373,0.63141860092263,0.0,0.0,0.0,True,0.0,8,1400.4914352740088
2025-08-07 06:00:00,27.783552466349075,93.97750531180044,0.2247928090209432,0.07238020400512393,0.055764728037849744,99.91799304700316,0.055764728037849744,4.0,0.2,0.5,True,0.0,8,1404.0600166730862
2025-08-07 07:00:00,28.985455813377282,92.47723183848649,0.30108465759772834,0.1206028075139371,0.11200177939414543,99.83529150089096,0.11200177939414543,0.0,0.2,0.5,True,0.0,8,1404.2042519450483
2025-08-07 08:00:00,29.69651829081126,90.68715858589351,0.38832337043321447,0.16406465039498183,0.15545406720869745,99.75374140205464,0.16745584660284288,0.0,0.1,0.5,True,0.0,8,1404.2042519450483
2025-08-07 09:00:00,32.606060990388784,85.85234642002501,0.6960728447110165,0.32307326018430405,0.3380246950647597,99.50290486019888,0.3380246950647597,0.0,0.3,0.5,False,0.0,8,1404.3367960984456
2025-08-07 10:00:00,33.02293928649204,85.01288750768659,0.7548444614357788,0.3480145224489355,0.34655933198395455,99.28737643081071,0.4845840270487142,0.0,0.2,0.5,False,0.0,8,1404.3367960984456
2025-08-07 11:00:00,33.15297385145651,85.5947985360406,0.7308436205324566,0.33362544288796164,0.32985669502729553,99.0964107028294,0.6144407220760097,0.0,0.2,0.5,False,0.0,8,1404.3367960984456
2025-08-07 12:00:00,34.054222133293095,83.9913835807398,0.8541141553657633,0.3893452642181605,0.39242685907811,98.66637120418513,0.9068675811541198,0.0,0.1,0.5,False,0.0,8,1404.3367960984456
2025-08-07 13:00:00,32.00800551346313,86.57604347941162,0.6385677853305884,0.2952491701700585,0.27495158589302754,99.59565943251025,0.27495158589302754,0.0,1.5,0.5,False,0.0,8,1404.9299285172915
2025-08-07 14:00:00,30.858474933710845,89.63166546169303,0.46206702583165504,0.20981614658675085,0.1912122590545732,99.71880550139034,0.1912122590545732,0.0,0.4,0.5,False,0.0,8,1405.0549769313984
2025-08-07 15:00:00,33.330914970047424,86.34612585518369,0.6996614824571813,0.31980096082706244,0.3374159922133255,99.50380001145099,0.3374159922133255,4.0,0.1,0.5,False,0.0,8,1408.9637646723438
2025-08-07 16:00:00,30.43724821006469,89.16296931753725,0.471480925786823,0.2142192276422985,0.18557783897931476,99.72709141326571,0.18557783897931476,0.0,1.7,0.5,False,0.0,8,1410.3263486801304
2025-08-07 17:00:00,28.621362780026935,93.4648042778711,0.25610507071916533,0.09535102270953293,0.06280634207558401,99.78178796903691,0.14838418105489876,0.0,0.1,0.5,True,0.0,8,1410.3263486801304
2025-08-07 18:00:00,27.12187685906726,100.0,0.0,0.007284176987230713,0.0008161606345730476,99.99879976377268,0.0008161606345730476,0.0,0.5,0.0,True,0.6373445241947537,8,1410.6779644990754
2025-08-07 19:00:00,26.789155515951922,99.9668224635739,0.0011683386415762688,4.288966785317684e-05,0.0,100.0,0.0,0.0,0.1,0.0,True,0.026574078811064314,8,1410.7771483384408
2025-08-07 20:00:00,26.170328091592044,99.96644230423797,0.0011394294504495476,4.180169170749506e-05,0.001550687479212436,99.99771957723645,0.001550687479212436,0.0,1.1,0.0,True,0.0678985660294281,8,1411.8771483384407
2025-08-07 21:00:00,26.095987434665222,99.92619198865538,0.002495124442106349,0.0004308106240754189,0.0,100.0,0.0,0.0,0.4,0.0,True,0.0,8,1412.2755976509616
2025-08-07 22:00:00,26.002765644791964,99.9290418581881,0.002385605221343881,0.0004115034491796258,0.0,100.0,0.0,0.0,0.2,0.0,True,0.0,8,1412.4755976509616
2025-08-07 23:00:00,25.893246606864288,99.88861818347775,0.0037204705531845984,0.0006565484495371398,3.428341861318939e-05,99.99994958320792,3.428341861318939e-05,0.0,4.6,0.0,True,0.0,8,1417.0755976509615
2025-08-08 00:00:00,26.02898179171758,99.93318488273793,0.002249800647329226,0.0006637107150735651,0.0,100.0,0.0,0.0,0.5,0.0,True,0.0,8,1417.5755633675428
2025-08-08 01:00:00,25.97244909964564,99.879643789254,0.004039117301277806,0.0007773266271623525,6.837186534965394e-05,99.9998994531392,6.837186534965394e-05,0.0,0.2,0.0,True,0.0,8,1417.7755633675429
2025-08-08 02:00:00,25.823675716175803,99.93800947442587,0.0020621530479964165,0.0003165122008934562,0.0,100.0,0.0,0.0,0.2,0.0,True,0.0005733512148407838,8,1417.9754949956775
2025-08-08 03:00:00,25.710945243242172,99.93232975265282,0.002236114895450841,0.0003534597127758124,0.0,100.0,0.0,0.0,0.1,0.0,True,0.0,8,1418.0754949956774
2025-08-08 04:00:00,25.607394989019987,99.93066978712721,0.0022769503827074168,0.0003754447943975917,0.0,100.0,0.0,0.0,0.2,0.0,True,0.0,8,1418.2754949956775
2025-08-08 05:00:00,25.61275543324402,100.0,0.0,0.002715270821174481,0.0028715331598066405,99.99577715711793,0.0028715331598066405,0.0,1.6,0.0,True,0.1490948800097321,8,1419.8754949956774
2025-08-08 06:00:00,27.506982939514334,95.35127968119743,0.17073674993029492,0.07174948323620715,0.07529660797524426,99.88926969415405,0.07529660797524426,4.0,0.0,0.5,True,0.0,8,1423.8726234625176
2025-08-08 07:00:00,30.22779203191229,90.51346205138833,0.4078091285851475,0.19431747006748712,0.2119794291224398,99.57753523956224,0.28727603709768407,0.0,0.0,0.5,True,0.0,8,1423.8726234625176
2025-08-08 08:00:00,30.878245746954555,88.75731372543395,0.5015975165211783,0.23523243299272645,0.23725414162455563,99.22863209011436,0.5245301787222397,0.0,0.0,0.5,False,0.0,8,1423.8726234625176
2025-08-08 09:00:00,31.6676748473633,87.88273339918813,0.5654169512135627,0.2643287623751202,0.26742327009387135,98.83536257527042,0.7919534488161111,0.0,0.0,0.5,False,0.0,8,1423.8726234625176
2025-08-08 10:00:00,32.99829170478126,86.81422065774659,0.6632006368924515,0.3122125978956085,0.3235924653019442,98.65360894982639,0.9155459141180553,0.0,0.2,0.5,False,0.0,8,1423.8726234625176
2025-08-08 11:00:00,34.66359629319116,84.92242175990563,0.8321279603826407,0.3961109561282711,0.41790200769891367,98.48022364438681,1.033447921816969,0.0,0.3,0.5,False,0.0,8,1423.8726234625176
2025-08-08 12:00:00,33.34689101372286,86.10785924688993,0.7125075197662631,0.34540830755149055,0.34212910459222023,99.49686896383497,0.34212910459222023,0.0,3.4,0.5,False,0.0,8,1426.2391755407007
2025-08-08 13:00:00,30.67156707778412,89.44668789546573,0.46532393301957836,0.22981743383355072,0.2124452857471804,99.68758046213651,0.2124452857471804,0.0,8.3,0.5,False,0.0,8,1434.1970464361084
2025-08-08 14:00:00,31.933363285775663,87.39696983228185,0.5969929613297318,0.2701691528220899,0.2723536956909126,99.58117796847338,0.284798981438093,0.0,0.2,0.5,False,0.0,8,1434.1970464361084
2025-08-08 15:00:00,29.36438621348325,91.35373413147234,0.3537018224562014,0.14752248761945583,0.1169973140597235,99.82794512638276,0.1169973140597235,4.0,0.9,0.5,True,0.0,8,1438.8122474546703
2025-08-08 16:00:00,29.436051664153897,92.48879523473126,0.30854005280642904,0.12445992332113114,0.10911871874032156,99.81453524588228,0.12611603280004505,0.0,0.1,0.5,True,0.0,8,1438.8122474546703
2025-08-08 17:00:00,28.474272746998217,94.2367876126673,0.22393399520023993,0.07829977656093685,0.04917830488200169,99.88927303282053,0.07529433768204674,0.0,0.1,0.5,True,0.0,8,1438.8122474546703
2025-08-08 18:00:00,27.341349303280378,100.0,0.0,0.005558975178910514,0.0016624790755978944,99.99755517783,0.0016624790755978944,0.0,0.4,0.0,True,0.2864248499675637,8,1439.1369531169883
2025-08-08 19:00:00,26.214622960153008,99.99999999999999,3.7795583007298856e-16,1.3934522578375764e-17,0.0015971566858109837,99.99765124016793,0.0015971566858109837,0.0,4.3,0.0,True,0.24521841046344117,8,1443.4352906379127
2025-08-08 20:00:00,26.168953297978266,99.87849219279775,0.0041253826909079675,0.0007672529815092991,0.00031525592167930164,99.99953638835048,0.00031525592167930164,0.0,3.9,0.0,True,0.0,8,1447.3336934812269
2025-08-08 21:00:00,26.15454962051307,99.87218880017122,0.004335704169828893,0.0009164914961416897,0.0,100.0,0.0,0.0,8.4,0.0,True,0.0,8,1455.7333782253052
2025-08-08 22:00:00,26.210386372765104,99.81695121437855,0.006230014844999173,0.0013759871261379442,0.0,100.0,0.0,0.0,1.7,0.0,True,0.0,8,1457.4333782253052
2025-08-08 23:00:00,26.225338131770908,99.82352402355227,0.006011613368965069,0.001319309068472484,0.0,100.0,0.0,0.0,2.5,0.0,True,0.0,8,1459.9333782253052
2025-08-09 00:00:00,26.026168369072913,99.90324607192233,0.003257359520497605,0.0005242127722917336,0.001220571179852594,99.99820504238257,0.001220571179852594,0.0,3.2,0.0,True,0.0,8,1463.1333782253053
2025-08-09 01:00:00,25.691911192244994,100.0,0.0,5.863247136899017e-05,0.0,100.0,0.0,0.0,3.7,0.0,True,0.05377651752312765,8,1466.8321576541255
2025-08-09 02:00:00,25.541891071965132,100.0,0.0,1.3111597038513416e-17,0.0,100.0,0.0,0.0,2.2,0.0,True,0.03949806818352511,8,1469.0321576541255
2025-08-09 03:00:00,25.500367555888477,99.96381235804822,0.0011809575657979316,0.00018834038163594396,0.0,100.0,0.0,0.0,1.1,0.0,True,0.0,8,1470.1321576541254
2025-08-09 04:00:00,25.548962269171618,99.90488730081577,0.003112895861997553,0.0006921723302383235,0.0,100.0,0.0,0.0,0.7,0.0,True,0.0,8,1470.8321576541255
2025-08-09 05:00:00,25.658156978741292,99.99999999999999,3.657194909335944e-16,0.0012643176751689813,0.00040407264075236333,99.9994057755283,0.00040407264075236333,0.0,0.4,0.0,True,0.0021675078462495695,8,1471.2321576541256
2025-08-09 06:00:00,27.01377633501601,93.74452978255361,0.22320911257817153,0.0773301649754711,0.06079658728917672,99.9105932539865,0.06079658728917672,4.0,0.0,0.5,True,0.0,8,1475.2317535814848
2025-08-09 07:00:00,29.195602668257177,87.91716559449718,0.48949737606861216,0.19882108104863533,0.17538870885251023,99.65266868214458,0.23618529614168696,0.0,0.0,0.5,False,0.0,8,1475.2317535814848
2025-08-09 08:00:00,30.746595073751514,83.38398367395615,0.735787831209506,0.3166205414123199,0.30740482385041307,99.2006027647175,0.5435901199921,0.0,0.0,0.5,False,0.0,8,1475.2317535814848
2025-08-09 09:00:00,30.043494192073286,86.07633920359338,0.5922654468262439,0.2628995679816235,0.24287468157962877,98.8434341153357,0.7864648015717288,0.0,0.0,0.5,False,0.0,8,1475.2317535814848
2025-08-09 10:00:00,34.25586979290534,80.70134641550005,1.041261022440058,0.4951296043837484,0.5108527996653079,98.09217999818082,1.2973176012370367,0.0,0.0,0.5,False,0.0,8,1475.2317535814848
2025-08-09 11:00:00,35.07219154039592,79.70239369421938,1.1458313389897088,0.5571962879165965,0.552175707562333,97.42721572235386,1.7494933087993696,0.0,0.1,0.5,False,0.0,8,1475.2317535814848
2025-08-09 12:00:00,35.29045608567735,78.25047916550767,1.2426755770429652,0.5853330639624866,0.5693819157675275,96.58988937563691,2.318875224566897,0.0,0.0,0.5,False,0.0,8,1475.2317535814848
2025-08-09 13:00:00,34.341406710076626,77.41160652139517,1.2245647965643913,0.5589755040967634,0.5298549457105274,95.81069092606262,2.8487301702774244,0.0,0.0,0.5,False,0.0,8,1475.2317535814848
2025-08-09 14:00:00,33.31418137636161,77.3139810575548,1.1614050149096815,0.4840120223930369,0.44774939384098483,95.15223593511999,3.296479564118409,0.0,0.0,0.5,False,0.0,8,1475.2317535814848
2025-08-09 15:00:00,32.09349037561935,78.81117251010144,1.0128159516318622,0.404381846722599,0.36673211325040594,99.4606880687494,0.36673211325040594,4.0,0.0,0.5,False,0.0,8,1475.9352740173663
2025-08-09 16:00:00,30.55162882223425,83.00497323359747,0.7442423943499344,0.28164462712521854,0.24402097991810126,99.1018336865169,0.6107530931685072,0.0,0.0,0.5,False,0.0,8,1475.9352740173663
2025-08-09 17:00:00,28.582673964271116,88.81992270211548,0.43714999711221175,0.1498601194339472,0.10882129979718996,98.94180236328573,0.7195743929656973,0.0,0.0,0.5,False,0.0,8,1475.9352740173663
2025-08-09 18:00:00,28.137098346852415,99.94084771349145,0.00225382593332206,0.012703192276434027,0.00714451025868027,98.93129573055238,0.7267189032243775,0.0,0.0,0.0,True,0.15153311193074268,8,1475.9352740173663
2025-08-09 19:00:00,27.83988907608307,99.62308029204276,0.014115018481882052,0.0024805935519817426,0.0,98.93129573055238,0.7267189032243775,0.0,0.0,0.0,True,0.0,8,1475.9352740173663
2025-08-09 20:00:00,27.750458095814572,99.58389602817691,0.015501349771963848,0.0032161096658595628,0.0,98.93129573055238,0.7267189032243775,0.0,0.0,0.0,True,0.0,8,1475.9352740173663
2025-08-09 21:00:00,27.64089700461175,99.54348167962196,0.01689853324409263,0.0034936714892543344,5.482585896233991e-06,98.93128766792607,0.7267243858102738,0.0,0.0,0.0,True,0.0,8,1475.9352740173663
2025-08-09 22:00:00,27.267092429067493,99.63155192545732,0.013343679612810355,0.002491046973465712,0.0038392852072139105,98.92564166026841,0.7305636710174876,0.0,0.0,0.0,True,0.0,8,1475.9352740173663
2025-08-09 23:00:00,26.806740292832156,99.64649771384626,0.012461363333858106,0.0021570957034229964,0.005224729290542647,98.91795823484114,0.7357884003080303,0.0,0.0,0.0,True,0.0,8,1475.9352740173663
2025-08-10 00:00:00,26.60535999936765,99.60031478759092,0.013923519857451347,0.002746936192799496,0.009523965370816479,98.90395240341347,0.7453123656788467,0.0,0.0,0.0,True,0.0,8,1475.9352740173663
2025-08-10 01:00:00,26.28654536928918,99.70659384891944,0.010030970912432305,0.001864084499991669,0.00917949648389673,98.89045314387832,0.7544918621627434,0.0,0.0,0.0,True,0.0,8,1475.9352740173663
2025-08-10 02:00:00,25.87465622321899,99.8523777532922,0.004925583640644983,0.0007081769875520861,0.0007688249291119947,98.88932251898257,0.7552606870918555,0.0,0.0,0.0,True,0.0035560782131627278,8,1475.9352740173663
2025-08-10 03:00:00,25.618084179278164,99.82664388047641,0.005696989780253653,0.0009278419857445204,0.0,98.88932251898257,0.7552606870918555,0.0,0.0,0.0,True,0.0,8,1475.9352740173663
2025-08-10 04:00:00,25.269298040626094,99.88516880011287,0.0036963569119080413,0.00046800525227267694,0.0,98.88932251898257,0.7552606870918555,0.0,0.0,0.0,True,0.0030290999142729147,8,1475.9352740173663
2025-08-10 05:00:00,25.59311548921638,99.95835035048569,0.0013667046576806546,0.003363195591114189,0.004815347708163062,98.88224112529409,0.7600760348000185,0.0,0.0,0.0,True,0.0,8,1475.9352740173663
2025-08-10 06:00:00,27.32271815079228,94.62614556950491,0.1952537282053042,0.07167779115967396,0.08313992353731064,99.87773540656278,0.08313992353731064,4.0,0.0,0.5,True,0.0,8,1479.1751979825663
2025-08-10 07:00:00,29.954001179404266,90.33549560300258,0.40899052202753594,0.1852410117240638,0.25075340751532554,99.50898039551083,0.3338933310526362,0.0,0.0,0.5,True,0.0,8,1479.1751979825663
2025-08-10 08:00:00,31.88669628967004,87.53325261262746,0.5889810869287836,0.27828320859782,0.37576685604463006,98.95638207779814,0.7096601870972663,0.0,0.0,0.5,False,0.0,8,1479.1751979825663
2025-08-10 09:00:00,33.12209860597917,84.48739988803023,0.7856667183100503,0.3592359229332993,0.4669187023776291,98.2697369272428,1.1765788894748954,0.0,0.0,0.5,False,0.0,8,1479.1751979825663
2025-08-10 10:00:00,32.18664133235653,85.26706305753844,0.7079402890325652,0.3159814408321637,0.3807636872938774,99.03331974004593,0.6573425767687728,0.0,0.9,0.5,False,0.0,8,1479.1751979825663
2025-08-10 11:00:00,31.68367533390492,84.76984771475266,0.7113151049022958,0.29891895298154175,0.3520633736336133,98.51557948470237,1.0094059504023862,0.0,0.0,0.5,False,0.0,8,1479.1751979825663
2025-08-10 12:00:00,32.313055701082604,83.98814197922441,0.7749000397260718,0.331610301663591,0.40596080762388953,98.0656371205496,1.3153667580262758,0.0,0.1,0.5,False,0.0,8,1479.1751979825663
2025-08-10 13:00:00,33.57886699944525,81.84495749021528,0.9432987177528561,0.4121100933573632,0.5180387973933834,97.45087418320638,1.733405555419659,0.0,0.1,0.5,False,0.0,8,1479.1751979825663
2025-08-10 14:00:00,32.70478635013805,82.39625131187613,0.8709366272176817,0.38412246046443665,0.463308140998971,96.91659750526672,2.0967136964186297,0.0,0.1,0.5,False,0.0,8,1479.1751979825663
2025-08-10 15:00:00,31.270929173464936,87.99237958048795,0.5478300747526222,0.257855571761125,0.3088777389187894,99.54576803100178,0.3088777389187894,4.0,0.2,0.5,False,0.0,8,1481.2784842861477
2025-08-10 16:00:00,30.590316470894535,89.9268882729437,0.4420952153178906,0.19040252553452322,0.21584792717202594,99.22834460868998,0.5247256660908153,0.0,0.0,0.5,False,0.0,8,1481.2784842861477
2025-08-10 17:00:00,29.09681860758121,91.79184186357634,0.330636456215776,0.1197207836070012,0.10095697584834133,99.07987846773653,0.6256826419391566,0.0,0.0,0.5,True,0.0,8,1481.2784842861477
2025-08-10 18:00:00,28.26053240692259,99.96394619264407,0.0013836192373651727,0.009448633649176532,0.003483331011374782,99.07475592213157,0.6291659729505313,0.0,0.0,0.0,True,0.15626823687120117,8,1481.2784842861477
2025-08-10 19:00:00,27.639251577731986,99.84824714635353,0.005616761005689342,0.0004761452745160571,0.0,99.07475592213157,0.6291659729505313,0.0,0.0,0.0,True,0.013870098000013167,8,1481.2784842861477
2025-08-10 20:00:00,27.391500679908457,99.78432499274503,0.007867939885836549,0.001361827563002958,0.0007292964426310473,99.07368342736301,0.6298952693931624,0.0,0.0,0.0,True,0.0,8,1481.2784842861477
2025-08-10 21:00:00,27.40386812401097,99.78234553874135,0.007945897296777919,0.0017296950510385604,0.0009865164130429794,99.07223266793204,0.6308817858062054,0.0,0.0,0.0,True,0.0,8,1481.2784842861477
2025-08-10 22:00:00,27.289436990008507,99.88933759031134,0.0040129851668636845,0.0007978358254949366,0.0,99.07223266793204,0.6308817858062054,0.0,0.0,0.0,True,0.0,8,1481.2784842861477
2025-08-10 23:00:00,26.970949119900173,99.92366301295604,0.0027170380658171896,0.0002898523731086312,0.0028071972712199276,99.99587176871879,0.0028071972712199276,0.0,2.6,0.0,True,0.007704269836278366,8,1483.2476025003414
2025-08-11 00:00:00,26.3673560379162,100.0,0.0,4.890668518473015e-05,0.0008780936032781836,99.99870868587753,0.0008780936032781836,0.0,1.4,0.0,True,0.09514573391634293,8,1484.6447953030702
2025-08-11 01:00:00,25.76750126259541,100.0,0.0,3.348068330626209e-17,0.0,100.0,0.0,0.0,0.3,0.0,True,0.127063118263104,8,1484.943917209467
2025-08-11 02:00:00,25.457649863629552,99.88022830578653,0.003898765970230092,0.00042645832516430266,0.0021077760630554983,99.99690032931903,0.0021077760630554983,0.0,0.1,0.0,True,9.717205713723198e-05,8,1485.0439172094668
2025-08-11 03:00:00,25.320030630783343,99.93598641525868,0.0020667864070984935,0.0003266768443440077,0.0,99.99690032931903,0.0021077760630554983,0.0,0.0,0.0,True,3.963160930785248e-05,8,1485.0439172094668
2025-08-11 04:00:00,25.27112846400011,99.87773210945525,0.003936168389849847,0.000763589485455202,0.0,99.99690032931903,0.0021077760630554983,0.0,0.0,0.0,True,0.0,8,1485.0439172094668
2025-08-11 05:00:00,25.508689956432953,100.0,0.0,0.00350921837795608,0.00203026030112408,99.9939146524056,0.004138036364179578,0.0,0.0,0.0,True,0.1176410262432516,8,1485.0439172094668
2025-08-11 06:00:00,25.936354958908506,98.04224952403214,0.06556141834852822,0.0197244742634132,0.012152365136077444,99.9821288747999,0.012152365136077444,4.0,2.7,0.5,True,0.0,8,1491.7397791731028
2025-08-11 07:00:00,26.818407175316178,97.38573664131005,0.09221898734524674,0.04180533758487755,0.053746197981485236,99.92096147355663,0.053746197981485236,0.0,1.9,0.5,True,0.0,8,1493.6276268079666
2025-08-11 08:00:00,26.95813351056401,96.80155368599817,0.11375569781721911,0.051004609170200985,0.059301728470733436,99.91279157577834,0.059301728470733436,0.0,1.4,0.5,True,0.0,8,1494.9738806099851
2025-08-11 09:00:00,28.253021658056646,95.17782558386986,0.18497746101661794,0.09494217460866099,0.13330447999722786,99.80396400000407,0.13330447999722786,0.0,1.1,0.5,True,0.0,8,1496.0145788815144
2025-08-11 10:00:00,29.48487081767186,92.80395396104242,0.2964264126185555,0.14622611443634626,0.20002715937661042,99.70584241268145,0.20002715937661042,0.0,0.7,0.5,True,0.0,8,1496.581274401517
2025-08-11 11:00:00,32.08760991617874,87.23323979844146,0.6100424972585894,0.3019292939333029,0.41601403621923244,99.38817471235906,0.41604119559584285,0.0,0.2,0.5,False,0.0,9,1496.581274401517
2025-08-11 12:00:00,31.320423865721608,87.48173739212783,0.5727354064789844,0.27304844747116097,0.3392529180896089,98.88927336222729,0.7552941136854517,0.0,0.0,0.5,False,0.0,9,1496.581274401517
2025-08-11 13:00:00,32.23033411960572,85.9608009580473,0.6762702142170745,0.32106248788999747,0.4135662275839355,98.28108773342737,1.1688603412693872,0.0,0.0,0.5,False,0.0,9,1496.581274401517
2025-08-11 14:00:00,33.98631539421268,83.31672278960342,0.8867509806116128,0.41847900762010704,0.5451455312634016,97.47940312862825,1.714005872532789,0.0,0.0,0.5,False,0.0,9,1496.581274401517
2025-08-11 15:00:00,33.04994648044801,84.11867177194657,0.8010950585006209,0.3698253442295556,0.4553767603871346,99.33032829354833,0.4553767603871346,4.0,0.0,0.5,False,0.0,9,1498.8672685289841
2025-08-11 16:00:00,31.465378893683273,86.76734222183268,0.6104225483696594,0.25679532694709006,0.28587406434555723,98.90992525774604,0.7412508247326919,0.0,0.0,0.5,False,0.0,9,1498.8672685289841
2025-08-11 17:00:00,29.497769692418014,90.97715595915922,0.3719537615586156,0.13736654752768118,0.12115617246487952,98.73175441588592,0.8624069971975714,0.0,0.0,0.5,True,0.0,9,1498.8672685289841
2025-08-11 18:00:00,29.150340113003672,99.64983011556902,0.014149002735561295,0.012909848239718599,0.006859953838913697,98.86872507200518,0.7692669510364851,0.0,0.1,0.0,True,0.11086817869152658,9,1498.8672685289841
2025-08-11 19:00:00,28.551612375632885,99.67479564143159,0.012692872560937306,0.0019965224835173105,0.007215842975752123,98.8581135382173,0.7764827940122373,0.0,0.0,0.0,True,0.0,9,1498.8672685289841
2025-08-11 20:00:00,28.12219221296825,99.72987920784452,0.010283247392257505,0.00172386749760427,0.0023937153800839203,98.8545933685407,0.7788765093923212,0.0,0.0,0.0,True,0.0,9,1498.8672685289841
2025-08-11 21:00:00,27.82496671638215,99.83502098691348,0.006172818185221951,0.0010377470683101463,0.0006103349280433593,99.99910244863524,0.0006103349280433593,0.0,1.0,0.0,True,0.0,9,1499.0883920195918
2025-08-11 22:00:00,27.55217756446345,99.91624188156875,0.003084376682554989,0.00041473349876906747,0.0,99.99910244863524,0.0006103349280433593,0.0,0.0,0.0,True,0.0034903607468585174,9,1499.0883920195918
2025-08-11 23:00:00,27.39246945015047,99.85544508747022,0.005273739541389475,0.000909730070899215,0.0,99.99910244863524,0.0006103349280433593,0.0,0.0,0.0,True,0.0,9,1499.0883920195918
2025-08-12 00:00:00,27.262512059760766,99.80690805953752,0.006991123794170285,0.0013254979417304518,0.0,100.0,0.0,0.0,0.2,0.0,True,0.0,9,1499.2877816846637
2025-08-12 01:00:00,27.01089858306411,99.82698725329985,0.006172438138059277,0.0010480009141262247,0.0011827727100504168,99.99826062836758,0.0011827727100504168,0.0,0.1,0.0,True,0.0,9,1499.3877816846637
2025-08-12 02:00:00,26.927684767380676,99.75512573256245,0.008693629115776648,0.001736541857354927,0.006447651231980304,99.99051815995297,0.006447651231980304,0.0,0.3,0.0,True,0.0,9,1499.6865989119535
2025-08-12 03:00:00,26.534329538683945,99.76454668860286,0.008168081829406152,0.0013103050642971883,0.007442242658473587,99.98905552550225,0.007442242658473587,0.0,0.7,0.0,True,0.0,9,1500.3801512607215
2025-08-12 04:00:00,26.160583646986908,99.84670479937188,0.005202043905995497,0.0007529986511314483,0.0004359028953827233,99.99935896633032,0.0004359028953827233,0.0,2.0,0.0,True,0.0013807953118217392,9,1502.372709018063
2025-08-12 05:00:00,26.217928238436542,99.96108867250146,0.00132492587865582,0.002328923669486065,0.0015464548611743305,99.99772580167475,0.0015464548611743305,0.0,1.0,0.0,True,0.0,9,1503.3722731151677
2025-08-12 06:00:00,26.764521035467467,98.29026713992647,0.060120716109732866,0.021233236674614606,0.019235507992510222,99.97171248824631,0.019235507992510222,4.0,2.4,0.5,True,0.0,9,1509.7707266603065
2025-08-12 07:00:00,26.987577739435253,96.5569596832307,0.12266666589479339,0.04843360587550884,0.047237658581639586,99.930532855027,0.047237658581639586,0.0,0.6,0.5,True,0.0,9,1510.351491152314
2025-08-12 08:00:00,31.728738461323463,89.41081116595235,0.49582544859833105,0.24611928637477476,0.3614094801499309,99.46851547036775,0.3614094801499309,0.0,0.1,0.5,False,0.0,9,1510.4042534937325
2025-08-12 09:00:00,33.845803430723066,86.09134857891293,0.7335091006247595,0.3621228263984354,0.5031746973200524,98.87561150372062,0.7645841774699833,0.0,0.1,0.5,False,0.0,9,1510.4042534937325
2025-08-12 10:00:00,34.24437705906377,84.42471813133484,0.8398294923503364,0.39772948762282345,0.5209291697918798,98.25659801873256,1.185513347261863,0.0,0.1,0.5,False,0.0,9,1510.4042534937325
2025-08-12 11:00:00,28.872205961348953,94.16554255176295,0.23198911392318214,0.11026915171119747,0.07716906583966752,99.88651607964755,0.07716906583966752,0.0,1.2,0.5,True,0.0,9,1510.4187401464708
2025-08-12 12:00:00,28.022877158480476,95.29210548101315,0.1781923154781839,0.07112324491819205,0.06689572571896407,99.90162393276623,0.06689572571896407,0.0,2.5,0.5,True,0.0,9,1512.8415710806312
2025-08-12 13:00:00,28.648704287921202,94.45745586704953,0.217548868711952,0.10353239023531943,0.13361169723291938,99.80351220995158,0.13361169723291938,0.0,2.3,0.5,True,0.0,9,1515.0746753549122
2025-08-12 14:00:00,29.651348768600204,93.11018087254185,0.28654392916632215,0.15144572602420486,0.20888971605767298,99.69280924109167,0.20888971605767298,0.0,1.3,0.5,True,0.0,9,1516.2410636576792
2025-08-12 15:00:00,31.42192576737909,90.36808297736043,0.44322616787180974,0.22292344447200765,0.31054307927541536,99.54331900106557,0.31054307927541536,4.0,0.2,0.5,True,0.0,9,1520.2321739416216
2025-08-12 16:00:00,30.74647411192461,90.88913742735639,0.403443005196638,0.1902648973206991,0.23441793481260853,99.1985867439882,0.5449610140880239,0.0,0.0,0.5,True,0.0,9,1520.2321739416216
2025-08-12 17:00:00,28.909929935260838,93.81945057223497,0.24628715911539795,0.09705818265224418,0.0868321335814856,99.07089242989778,0.6317931476695094,0.0,0.0,0.5,True,0.0,9,1520.2321739416216
2025-08-12 18:00:00,28.000037912744975,99.99999999999999,4.196574985517008e-16,0.006343372945709835,0.004582870103350422,99.94650585621639,0.03637601777285989,0.0,0.6,0.0,True,0.2507918654539424,9,1520.2321739416216
2025-08-12 19:00:00,27.140120270361024,100.0,0.0,2.2299798741446334e-17,0.0,100.0,0.0,0.0,5.2,0.0,True,0.2500810189619118,9,1525.3957979238487
2025-08-12 20:00:00,26.79607105090291,99.99999999999997,1.1733634811469763e-15,1.4163689348161818e-17,0.0,100.0,0.0,0.0,0.3,0.0,True,0.05960271945381311,9,1525.6957979238487
2025-08-12 21:00:00,26.720970737871305,100.0,0.0,4.919776925948998e-17,0.0,100.0,0.0,0.0,0.8,0.0,True,0.020868380742352158,9,1526.4957979238486
2025-08-12 22:00:00,26.470000725166184,99.99414738833097,0.00020226454831742116,8.074724219343392e-07,0.00019419574508464834,99.99971441802194,0.00019419574508464834,0.0,0.6,0.0,True,0.03326194735310192,9,1527.0957979238485
2025-08-12 23:00:00,26.25840039285554,99.98924253259636,0.00036716622915714404,9.955777461347676e-06,2.9973797085241658e-05,99.99995592088663,2.9973797085241658e-05,0.0,2.6,0.0,True,0.023091698445579234,9,1529.6956037281034
2025-08-13 00:00:00,26.05569362258491,99.9880815844961,0.00040195123784159565,1.4578405120737233e-05,0.0,100.0,0.0,0.0,0.5,0.0,True,0.020756508530028056,9,1530.1955737543062
2025-08-13 01:00:00,26.00386143376144,99.96559299783635,0.001156834703976825,0.0001780712125951597,0.0,100.0,0.0,0.0,1.0,0.0,True,0.0,9,1531.1955737543062
2025-08-13 02:00:00,25.98903493194837,99.9591550625085,0.0013720883029282177,0.0002758866299442541,0.0,100.0,0.0,0.0,1.9,0.0,True,0.0,9,1533.0955737543063
2025-08-13 03:00:00,25.984796007107324,99.95731404747424,0.001433573510477674,0.0003037998652859244,0.0,100.0,0.0,0.0,2.8,0.0,True,0.0,9,1535.8955737543063
2025-08-13 04:00:00,25.900119628107397,99.92777993523815,0.0024133373626873955,0.00040859172969631306,0.0,100.0,0.0,0.0,3.3,0.0,True,0.0,9,1539.1955737543062
2025-08-13 05:00:00,25.908314976695507,99.94985350695957,0.0016765298095844136,0.0007662500866692935,0.000624647995426241,99.99908140000673,0.000624647995426241,0.0,6.7,0.0,True,0.0,9,1545.8955737543063
2025-08-13 06:00:00,26.320260488561555,97.81252089285861,0.07493440090316196,0.025545047548808264,0.022461421666947406,99.9669684975486,0.022461421666947406,4.0,1.8,0.5,True,0.0,9,1551.6949491063108
2025-08-13 07:00:00,26.230000127560235,96.53984196682134,0.11790191581805581,0.04638191791215031,0.04800890311828418,99.92939867188487,0.04800890311828418,0.0,2.6,0.5,True,0.0,9,1554.272487684644
2025-08-13 08:00:00,26.323836802690536,97.41695572344742,0.08850356525211647,0.038940659136719125,0.042926915272205976,99.93687218342323,0.042926915272205976,0.0,2.8,0.5,True,0.0,9,1557.0244787815257
2025-08-13 09:00:00,26.617581325866883,95.3119161985072,0.16343257649409668,0.07103276135513716,0.08410053539263086,99.87632274206966,0.08410053539263086,0.0,3.4,0.5,True,0.0,9,1560.3815518662534
2025-08-13 10:00:00,26.962842804821392,95.43446001959285,0.1624225284905417,0.07936558911976575,0.09781429142444041,99.8561554537876,0.09781429142444041,0.0,2.8,0.5,True,0.0,9,1563.0974513308608
2025-08-13 11:00:00,28.03147725396146,93.026513478381,0.2640764302002075,0.1382657649157696,0.18186351138582463,99.73255365972673,0.18186351138582463,0.0,2.1,0.5,True,0.0,9,1565.0996370394364
2025-08-13 12:00:00,28.286373906181513,94.20704758764565,0.22264735058590607,0.1354206978849462,0.17993571463723215,99.73538865494524,0.17993571463723215,0.0,1.9,0.5,True,0.0,9,1566.8177735280506
2025-08-13 13:00:00,28.311036462562214,93.56433316737538,0.24770419835147509,0.14640503365613403,0.19116534132068455,99.71887449805782,0.19116534132068455,0.0,0.9,0.5,True,0.0,9,1567.5378378134133
2025-08-13 14:00:00,29.31033054464035,93.15947165179338,0.2789620478353248,0.16247210943942045,0.2219698180585088,99.67357379697278,0.2219698180585088,0.0,0.4,0.5,True,0.0,9,1567.7466724720925
2025-08-13 15:00:00,29.316476568517217,88.84255007842395,0.4551707121405722,0.20942945627255294,0.25814520300874294,99.62037470145772,0.25814520300874294,4.0,0.4,0.5,False,0.0,9,1571.924702654034
2025-08-13 16:00:00,27.249637033546836,95.9141323466903,0.14782222477286416,0.0776097541456123,0.07908032550979018,99.88370540366208,0.07908032550979018,0.0,1.4,0.5,True,0.0,9,1573.0665574510253
2025-08-13 17:00:00,26.496144602463804,97.671231334712,0.080605585793891,0.03516330376055864,0.030351641746652128,99.95536523272551,0.030351641746652128,0.0,1.6,0.5,True,0.0,9,1574.5874771255155
2025-08-13 18:00:00,26.429368369690224,100.0,0.0,0.004507227074902311,0.010015082625062906,99.9406371700416,0.04036672437171503,0.0,0.0,0.0,True,0.07717579760398094,9,1574.5874771255155
2025-08-13 19:00:00,26.205949475475528,99.82275610384065,0.00603086754209625,0.0009405381750768019,0.005763739718292174,99.93216108222059,0.046130464090007206,0.0,0.0,0.0,True,0.0,9,1574.5874771255155
2025-08-13 20:00:00,25.925845584936308,99.83083926995589,0.005661357848458031,0.0009093040205647758,0.007318509817224896,99.92139856778348,0.053448973907232106,0.0,0.0,0.0,True,0.0,9,1574.5874771255155
2025-08-13 21:00:00,25.62078587407436,99.79161860136168,0.00684911996259887,0.00111378198850995,0.009659959917656462,99.90719274437517,0.06310893382488857,0.0,0.0,0.0,True,0.0,9,1574.5874771255155
2025-08-13 22:00:00,25.41394805046442,99.86064968805653,0.0045243286931194344,0.0007874439499879268,0.004850189192452753,99.90006011320979,0.06795912301734132,0.0,0.0,0.0,True,0.0,9,1574.5874771255155
2025-08-13 23:00:00,25.235198617322997,99.94265180632141,0.0018422701672577634,0.00026308852730952073,0.0005684404166365777,99.89922417142061,0.0685275634339779,0.0,0.0,0.0,True,0.0019443482678623697,9,1574.5874771255155
2025-08-14 00:00:00,25.1867629243272,99.92108935142963,0.0025276574901954667,0.00048086485835884245,0.0,99.89922417142061,0.0685275634339779,0.0,0.0,0.0,True,0.0,9,1574.5874771255155
2025-08-14 01:00:00,25.161845991896826,99.87338134140707,0.004049828220778074,0.0008207232603243626,0.0010218521343747964,99.8977214476936,0.06954941556835269,0.0,0.0,0.0,True,0.0,9,1574.5874771255155
2025-08-14 02:00:00,25.082318451468165,99.88237899746275,0.0037442806653064397,0.0007272728033601357,0.0,99.8977214476936,0.06954941556835269,0.0,0.0,0.0,True,0.0,9,1574.5874771255155
2025-08-14 03:00:00,24.853685697444494,99.95068289513642,0.0015486924175646794,0.00017820448526261682,0.0,99.8977214476936,0.06954941556835269,0.0,0.0,0.0,True,0.006845694084000112,9,1574.5874771255155
2025-08-14 04:00:00,24.85353645689386,99.86902962220358,0.00411279264017597,0.0008428663279696786,0.0001441802275747614,99.89750941794716,0.06969359579592745,0.0,0.0,0.0,True,0.0,9,1574.5874771255155
2025-08-14 05:00:00,25.180323610276115,100.0,0.0,0.0026480418653451556,0.003878930711177151,99.89180510807779,0.0735725265071046,0.0,0.0,0.0,True,0.0011324616346779226,9,1574.5874771255155
2025-08-14 06:00:00,26.602012495158885,94.5571767688172,0.18957001343777427,0.06481416858402124,0.072527892512096,99.89334133454103,0.072527892512096,4.0,0.0,0.5,True,0.0,9,1578.5139045990084
2025-08-14 07:00:00,27.026906108484916,93.85860644682212,0.21930744187774748,0.08685636445072231,0.09508677485907374,99.75350784210121,0.16761466737116976,0.0,0.0,0.5,True,0.0,9,1578.5139045990084
2025-08-14 08:00:00,28.62681114589662,90.30479585588922,0.3800613129988154,0.16031129675822708,0.19879158561794213,99.46116727501601,0.3664062529891119,0.0,0.0,0.5,True,0.0,9,1578.5139045990084
2025-08-14 09:00:00,31.368365112793164,85.89207635499508,0.647225136605913,0.29278606973546367,0.38500672477393866,98.89498091505435,0.7514129777630505,0.0,0.0,0.5,False,0.0,10,1578.5139045990084
2025-08-14 10:00:00,34.98172877779582,80.95959507979309,1.0695006081757599,0.4994325391355583,0.6778116493119154,97.89819907783092,1.4292246270749658,0.0,0.0,0.5,False,0.0,10,1578.5139045990084
2025-08-14 11:00:00,36.0027599116431,80.23971680308301,1.1741357522563758,0.5469084871445199,0.7197723678740798,96.83971030154552,2.1489969949490457,0.0,0.0,0.5,False,0.0,10,1578.5139045990084
2025-08-14 12:00:00,36.302053872674115,78.29418455341758,1.3110673708999352,0.5967304963292541,0.7635627533455382,95.71682389956678,2.912559748294584,0.0,0.0,0.5,False,0.0,10,1578.5139045990084
2025-08-14 13:00:00,36.13724521919763,78.27040960800608,1.3007074224516535,0.5797803419879164,0.7275565417849169,94.64688780870661,3.6401162900795008,0.0,0.0,0.5,False,0.0,10,1578.5139045990084
2025-08-14 14:00:00,34.653506925557735,80.07291731613454,1.0991563061091014,0.4778606000708442,0.5701879816242958,93.80837607102383,4.210304271703796,0.0,0.0,0.5,False,0.0,10,1578.5139045990084
2025-08-14 15:00:00,33.45243383313614,81.52451246916857,0.9531903816182604,0.3887305858184509,0.4126014988568691,99.08396210211667,0.6229057705606653,4.0,0.0,0.5,False,0.0,10,1578.5139045990084
2025-08-14 16:00:00,31.83366531780413,83.28872140091694,0.7871455695839037,0.29229502493329046,0.27057482152735957,98.83311677634113,0.7934805920880249,0.0,0.1,0.5,False,0.0,10,1578.5139045990084
2025-08-14 17:00:00,29.672495669572555,88.18496494908517,0.49197894051111485,0.16036938087369068,0.112580963474503,98.81461535946687,0.8060615555625279,0.0,0.1,0.5,False,0.0,10,1578.5139045990084
2025-08-14 18:00:00,28.890125409814647,99.62201587826719,0.015044952553305587,0.014605354141284277,0.009539733487775457,98.8005863396319,0.8156012890503034,0.0,0.0,0.0,True,0.16908375853698088,10,1578.5139045990084
2025-08-14 19:00:00,28.23829979615356,99.59797693632017,0.015408319772266041,0.0024913810474357537,0.0,98.8005863396319,0.8156012890503034,0.0,0.0,0.0,True,0.0,10,1578.5139045990084
2025-08-14 20:00:00,27.70971398724912,99.61741514100024,0.014218802800673749,0.0024356634849638445,0.0,98.8005863396319,0.8156012890503034,0.0,0.0,0.0,True,0.0,10,1578.5139045990084
2025-08-14 21:00:00,27.312444890376828,99.72236427320816,0.010081558290444262,0.0017665565815299534,0.0,98.8005863396319,0.8156012890503034,0.0,0.0,0.0,True,0.0,10,1578.5139045990084
2025-08-14 22:00:00,26.999571416555707,99.75098151098595,0.00887813300072961,0.0015650537491874652,0.0,98.8005863396319,0.8156012890503034,0.0,0.0,0.0,True,0.0,10,1578.5139045990084
2025-08-14 23:00:00,26.7213349496571,99.8307798278789,0.005935339187587068,0.001005068939899947,0.0,98.8005863396319,0.8156012890503034,0.0,0.0,0.0,True,0.0,10,1578.5139045990084
2025-08-15 00:00:00,26.441048526876198,99.87448129008837,0.004330497669026488,0.0006366354856835321,0.0,98.8005863396319,0.8156012890503034,0.0,0.0,0.0,True,1.5829539532288828e-05,10,1578.5139045990084
2025-08-15 01:00:00,26.24200723122146,99.94629663043592,0.0018311932014910292,0.00023862953030490296,0.0,98.8005863396319,0.8156012890503034,0.0,0.0,0.0,True,0.0036398729434037463,10,1578.5139045990084
2025-08-15 02:00:00,26.11586860651057,99.93485326003837,0.0022049126476691213,0.00032582876047009316,0.0,98.8005863396319,0.8156012890503034,0.0,0.0,0.0,True,0.0,10,1578.5139045990084
2025-08-15 03:00:00,26.00845925635965,99.9315283356029,0.0023027850000054027,0.0003737856259568897,0.0,98.94764516316131,0.7156012890503034,0.0,0.1,0.0,True,0.0,10,1578.5139045990084
2025-08-15 04:00:00,25.966672615241013,99.87710405876707,0.0041229414479031674,0.0008116054433963851,0.0,99.09470398669073,0.6156012890503034,0.0,0.1,0.0,True,0.0,10,1578.5139045990084
2025-08-15 05:00:00,26.535294837036275,99.99999999999999,3.8516799119201584e-16,0.004223906108751676,0.0,99.09470398669073,0.6156012890503034,0.0,0.0,0.0,True,0.011970286105874098,10,1578.5139045990084
2025-08-15 06:00:00,28.615940078348746,93.04870884822274,0.2723256634102152,0.09718977862999907,0.08430089660057533,99.87602809323445,0.08430089660057533,4.0,0.0,0.5,True,0.0,10,1581.898303309958
2025-08-15 07:00:00,30.057305965041692,85.83370346625641,0.6030637359665613,0.23754926671978963,0.2642917798716318,99.61133561783583,0.2642917798716318,0.0,1.6,0.5,False,0.0,10,1583.4140024133574
2025-08-15 08:00:00,32.363010968107254,85.72789946617046,0.6926514628047269,0.3265793417186968,0.40748361178476533,99.40075939443417,0.40748361178476533,0.0,1.5,0.5,False,0.0,10,1584.6497106334857
2025-08-15 09:00:00,34.41180343804075,83.50924305744556,0.8975002245323535,0.42893833161340583,0.5469785949220103,98.74343793131357,0.8544622067067756,0.0,0.1,0.5,False,0.0,10,1584.6497106334857
2025-08-15 10:00:00,36.089813664536,81.8511985379807,1.0835444902879656,0.5244859488988189,0.680317760608516,97.74297063630104,1.5347799673152918,0.0,0.0,0.5,False,0.0,10,1584.6497106334857
2025-08-15 11:00:00,37.00589221157525,79.9962721577091,1.2555998123822858,0.5892313391926586,0.7449205781315507,96.64749919787229,2.2797005454468424,0.0,0.0,0.5,False,0.0,10,1584.6497106334857
2025-08-15 12:00:00,37.13208898638171,77.69206136419876,1.4098841515375595,0.6321287402455746,0.7683969002115923,95.51750375638466,3.048097445658435,0.0,0.0,0.5,False,0.0,10,1584.6497106334857
2025-08-15 13:00:00,36.377576566445036,77.31957613271796,1.3756095709993348,0.6030529709726505,0.717319288608777,94.46262244960704,3.765416734267212,0.0,0.0,0.5,False,0.0,10,1584.6497106334857
2025-08-15 14:00:00,35.37362197819334,78.07797173829131,1.258288526715778,0.5419333679500719,0.6348055124679197,93.52908493127187,4.400222246735131,0.0,0.0,0.5,False,0.0,10,1584.6497106334857
2025-08-15 15:00:00,33.439665966665586,81.2451109622681,0.9669148676538244,0.40092670475882086,0.4372348346453521,98.76844546855811,0.8374570813804834,4.0,0.0,0.5,False,0.0,10,1584.6497106334857
2025-08-15 16:00:00,31.197464017111397,84.38034885129377,0.7096545707724806,0.2697821998507153,0.26558892156821456,98.37787352507544,1.103046002948698,0.0,0.0,0.5,False,0.0,10,1584.6497106334857
2025-08-15 17:00:00,29.33102603935309,89.88115936092585,0.41314679701003426,0.14018258786424093,0.09970203542336992,98.23125288474695,1.202748038372068,0.0,0.0,0.5,False,0.0,10,1584.6497106334857
2025-08-15 18:00:00,29.028825143276222,99.51736587511138,0.01936499463069689,0.01431183108838111,0.020319308480306515,98.20137154874651,1.2230673468523745,0.0,0.0,0.0,True,0.10818291703171799,10,1584.6497106334857
2025-08-15 19:00:00,28.417857663783693,99.59026832273364,0.015868400525871063,0.0027046098683027493,0.007984614395950124,98.18962946875246,1.2310519612483246,0.0,0.0,0.0,True,0.0,10,1584.6497106334857
2025-08-15 20:00:00,27.94074475285995,99.73707321456739,0.009904211358689291,0.001645325808407758,0.0,98.18962946875246,1.2310519612483246,0.0,0.0,0.0,True,0.0,10,1584.6497106334857
2025-08-15 21:00:00,27.61830932394376,99.79651416761993,0.007522326859344297,0.0012713732129841363,0.0,98.18962946875246,1.2310519612483246,0.0,0.0,0.0,True,0.0,10,1584.6497106334857
2025-08-15 22:00:00,27.384811190519766,99.78143306926911,0.007970319378292174,0.0014323671684715166,0.0,98.18962946875246,1.2310519612483246,0.0,0.0,0.0,True,0.0,10,1584.6497106334857
2025-08-15 23:00:00,27.376982045573868,99.69961334271713,0.010948963418456534,0.002304495104907442,0.0,98.18962946875246,1.2310519612483246,0.0,0.0,0.0,True,0.0,10,1584.6497106334857
2025-08-16 00:00:00,27.30245142912927,99.71021069928149,0.010516727725532719,0.0021902457089261096,0.0,98.18962946875246,1.2310519612483246,0.0,0.0,0.0,True,0.0,10,1584.6497106334857
2025-08-16 01:00:00,27.092273002639388,99.81918199905996,0.0064817582231582755,0.0012192656712169928,0.0,98.18962946875246,1.2310519612483246,0.0,0.0,0.0,True,0.0,10,1584.6497106334857
2025-08-16 02:00:00,26.843631383274197,99.91182258433743,0.003115099233790421,0.0004552320212572909,0.0,98.18962946875246,1.2310519612483246,0.0,0.0,0.0,True,0.002295264303532607,10,1584.6497106334857
2025-08-16 03:00:00,26.67937781527364,99.81244231576586,0.006562311232013848,0.0011658169984123444,0.0,98.18962946875246,1.2310519612483246,0.0,0.0,0.0,True,0.0,10,1584.6497106334857
2025-08-16 04:00:00,26.536270598303645,99.72140378403745,0.009665851550982757,0.0018678681733543096,0.0,98.18962946875246,1.2310519612483246,0.0,0.0,0.0,True,0.0,10,1584.6497106334857
2025-08-16 05:00:00,27.167093062916635,99.84918671634645,0.005429942373261455,0.006166933606872916,0.0,98.18962946875246,1.2310519612483246,0.0,0.0,0.0,True,0.0,10,1584.6497106334857
2025-08-16 06:00:00,29.226570936855268,91.83639777131093,0.33131368768593017,0.11246443375946094,0.08479954254846495,99.8752947903699,0.08479954254846495,4.0,0.0,0.5,True,0.0,10,1587.4186586722374
2025-08-16 07:00:00,31.82225352618019,87.14438340935776,0.6051427942049582,0.24507233565032238,0.2660124003954015,99.48410008390609,0.3508119429438665,0.0,0.0,0.5,False,0.0,10,1587.4186586722374
2025-08-16 08:00:00,34.294229020632784,83.96309568933458,0.8671192483659342,0.3780891025098303,0.44867378812438063,98.82428568960552,0.799485731068247,0.0,0.0,0.5,False,0.0,10,1587.4186586722374
2025-08-16 09:00:00,35.785685111385035,81.23322769179073,1.1018898376500943,0.48808033547641316,0.5908086583410852,97.95544942733922,1.3902943894093323,0.0,0.0,0.5,False,0.0,10,1587.4186586722374
2025-08-16 10:00:00,36.961579671588616,78.74768838690788,1.3307551117467245,0.5900793066641643,0.7168822352106498,96.9012108461471,2.107176624619982,0.0,0.0,0.5,False,0.0,10,1587.4186586722374
2025-08-16 11:00:00,37.73202210163126,77.59261637087258,1.4630594208826233,0.6437634259533489,0.7782033707666557,95.75679412443141,2.8853799953866375,0.0,0.0,0.5,False,0.0,10,1587.4186586722374
2025-08-16 12:00:00,37.85468244975224,76.48513059160804,1.5456038984589793,0.663898254849735,0.7849268973446376,94.60248986363048,3.670306892731275,0.0,0.0,0.5,False,0.0,10,1587.4186586722374
2025-08-16 13:00:00,37.6181455836198,77.08333543569371,1.487105177673759,0.6333634903667087,0.7402642651221158,93.51386594433325,4.410571157853391,0.0,0.0,0.5,False,0.0,10,1587.4186586722374
2025-08-16 14:00:00,36.425087748705025,78.03493711501474,1.3356887606657433,0.5553311566795246,0.6354225861365367,93.02059743530893,4.745993743989928,0.0,0.3,0.5,False,0.0,10,1587.4186586722374
2025-08-16 15:00:00,34.84584234865374,80.84525732880951,1.0678673968245156,0.4265990034892325,0.459828328055226,98.52084989405124,1.0058220720451536,4.0,0.2,0.5,False,0.0,10,1587.4186586722374
2025-08-16 16:00:00,32.44653373986183,85.37960422988415,0.71290164591696,0.26472068621057016,0.24373854358197625,98.16241085937186,1.24956061562713,0.0,0.0,0.5,False,0.0,10,1587.4186586722374
2025-08-16 17:00:00,30.499382567793383,89.24110996298595,0.4697466166795522,0.15362168633411946,0.11226770813468574,97.99731128858556,1.3618283237618156,0.0,0.0,0.5,False,0.0,10,1587.4186586722374
2025-08-16 18:00:00,30.31914227522412,99.3126557147345,0.029702596866139994,0.017039800488994637,0.03377391087233377,97.94764377259683,1.3956022346341495,0.0,0.0,0.0,True,0.1178012488138043,10,1587.4186586722374
2025-08-16 19:00:00,29.788315288592354,99.4081296399615,0.02481012793967863,0.004728647953339653,0.009686697450880539,97.93339862928671,1.40528893208503,0.0,0.0,0.0,True,0.0,10,1587.4186586722374
2025-08-16 20:00:00,29.396600823389136,99.5111430977545,0.020035337696175347,0.0038936818893137402,0.0,97.93339862928671,1.40528893208503,0.0,0.0,0.0,True,0.0,10,1587.4186586722374
2025-08-16 21:00:00,29.12794807365671,99.66037730609109,0.013705104166813996,0.002720049671047807,0.0,97.93339862928671,1.40528893208503,0.0,0.0,0.0,True,0.0,10,1587.4186586722374
2025-08-16 22:00:00,28.61825110019381,99.9101039807916,0.003522262508143277,0.000476633750905921,0.0,97.93339862928671,1.40528893208503,0.0,0.0,0.0,True,0.025701191967444914,10,1587.4186586722374
2025-08-16 23:00:00,28.34431474738502,99.66292905110662,0.01299871961994921,0.002303720470313028,0.0,97.93339862928671,1.40528893208503,0.0,0.0,0.0,True,0.0,10,1587.4186586722374
2025-08-17 00:00:00,27.953311048923176,99.59441856684778,0.015289068493682894,0.0027774500533143667,0.0,97.93339862928671,1.40528893208503,0.0,0.0,0.0,True,0.0,10,1587.4186586722374
2025-08-17 01:00:00,27.55725012370976,99.59360246547662,0.014969947091540075,0.002753891111647226,0.0,97.93339862928671,1.40528893208503,0.0,0.0,0.0,True,0.0,10,1587.4186586722374
2025-08-17 02:00:00,27.33978152051127,99.69098941427704,0.01123881343658079,0.0022300952936679724,0.0,98.81575157046319,0.8052889320850299,0.0,0.6,0.0,True,0.0,10,1587.4186586722374
2025-08-17 03:00:00,27.102606803452012,99.82365494252802,0.006325247959829345,0.0011678834491043017,0.0,98.96281039399261,0.70528893208503,0.0,0.1,0.0,True,0.0,10,1587.4186586722374
2025-08-17 04:00:00,26.846561002093644,99.91308356557654,0.0030710801620352376,0.00043733308142387544,0.0,98.96281039399261,0.70528893208503,0.0,0.0,0.0,True,0.002607824495871186,10,1587.4186586722374
2025-08-17 05:00:00,27.20583251658125,99.99999999999999,4.0063741078150015e-16,0.0038756876061819615,0.0,98.96281039399261,0.70528893208503,0.0,0.0,0.0,True,0.09487080045000283,10,1587.4186586722374
2025-08-17 06:00:00,28.54876977123406,93.52404816372623,0.252717657891492,0.09474621441609005,0.09508989823863258,99.86016191435495,0.09508989823863258,4.0,0.0,0.5,True,0.0,10,1590.7133697401523
2025-08-17 07:00:00,29.902421804326885,89.08641121614296,0.4604852257801996,0.1887858206772209,0.22800445953741685,99.52486123856463,0.32309435777604945,0.0,0.0,0.5,False,0.0,10,1590.7133697401523
2025-08-17 08:00:00,31.15786821354356,85.50909792326884,0.6568911220006189,0.2789293078069877,0.34446687026149003,99.31240995876833,0.46756122803753947,0.0,0.2,0.5,False,0.0,10,1590.7133697401523
2025-08-17 09:00:00,32.48399045096097,83.19579191317706,0.8211161917684412,0.361217422222409,0.4533031027285579,98.93990539593221,0.7208643307660973,0.0,0.2,0.5,False,0.0,10,1590.7133697401523
2025-08-17 10:00:00,35.66760696861468,79.35235624200496,1.2044806840162117,0.5441433543638795,0.6792689850016944,98.08803924151796,1.3001333157677917,0.0,0.1,0.5,False,0.0,10,1590.7133697401523
2025-08-17 11:00:00,36.75787933901607,77.51911188585271,1.3921369803997814,0.6278318886375832,0.7685764708992645,96.95777972548963,2.068709786667056,0.0,0.0,0.5,False,0.0,10,1590.7133697401523
2025-08-17 12:00:00,36.86178378632117,76.80956170443106,1.4442378847740025,0.6407908809886421,0.7955306238998969,95.78788174916625,2.864240410566953,0.0,0.0,0.5,False,0.0,10,1590.7133697401523
2025-08-17 13:00:00,35.840360924404955,76.97868618183618,1.3557615728431804,0.5612910775372322,0.6592698370674681,94.81836728289056,3.5235102476344213,0.0,0.0,0.5,False,0.0,10,1590.7133697401523
2025-08-17 14:00:00,35.626219642671394,77.82245607173789,1.290785392181628,0.5262933180633792,0.6158744380468658,93.91266957988046,4.1393846856812875,0.0,0.0,0.5,False,0.0,10,1590.7133697401523
2025-08-17 15:00:00,34.42774841056798,80.32156735207822,1.0719359971588456,0.41761532970103515,0.46349478735583977,99.11341253965128,0.6028794730371272,4.0,0.0,0.5,False,0.0,10,1590.7133697401523
2025-08-17 16:00:00,33.17829613223997,84.46642009787536,0.7892103683019817,0.29416208213815864,0.29832052527412756,98.67470588483638,0.9011999983112547,0.0,0.0,0.5,False,0.0,10,1590.7133697401523
2025-08-17 17:00:00,31.185350001835,89.93704875030508,0.4568797958850912,0.15344776253934383,0.11107804910972595,98.5113558126162,1.0122780474209807,0.0,0.0,0.5,False,0.0,10,1590.7133697401523
2025-08-17 18:00:00,30.61686119851323,99.46360592912212,0.023577317370446126,0.015297047255328938,0.0009383752737111553,98.5099758489784,1.0132164226946918,0.0,0.0,0.0,True,0.15471873312997153,10,1590.7133697401523
2025-08-17 19:00:00,30.129622692298657,99.530725712452,0.02006013292456273,0.003731401954375684,0.0,98.5099758489784,1.0132164226946918,0.0,0.0,0.0,True,0.0,10,1590.7133697401523
2025-08-17 20:00:00,29.609309076605562,99.66242047775773,0.01400584665643503,0.0024336019025857575,0.0,98.5099758489784,1.0132164226946918,0.0,0.0,0.0,True,0.0,10,1590.7133697401523
2025-08-17 21:00:00,29.13486488011887,99.73926246222499,0.010525981982566896,0.0017129109977240447,0.002588831923817813,98.50616874320808,1.0158052546185097,0.0,0.0,0.0,True,0.0,10,1590.7133697401523
2025-08-17 22:00:00,28.813177207087303,99.7980124615877,0.008004025699992263,0.0013600431469478304,0.0,98.50616874320808,1.0158052546185097,0.0,0.0,0.0,True,0.0,10,1590.7133697401523
2025-08-17 23:00:00,28.37892268991901,99.85887725075445,0.005453169995014376,0.0007068889515006516,0.0,98.50616874320808,1.0158052546185097,0.0,0.0,0.0,True,0.0045637718673923605,10,1590.7133697401523
2025-08-18 00:00:00,28.042652019936543,99.84298641631977,0.005949759345082042,0.0008586310302326111,0.0,98.50616874320808,1.0158052546185097,0.0,0.0,0.0,True,0.0,10,1590.7133697401523
2025-08-18 01:00:00,27.683605202344808,99.92960468668429,0.0026122652282128647,0.00028861841172408335,0.0,98.50616874320808,1.0158052546185097,0.0,0.0,0.0,True,0.0139502384998276,10,1590.7133697401523
2025-08-18 02:00:00,27.382841045172263,99.99999999999997,1.2144306056796275e-15,4.702077410786838e-05,0.0,98.50616874320808,1.0158052546185097,0.0,0.0,0.0,True,0.04816227384435677,10,1590.7133697401523
2025-08-18 03:00:00,27.311165960491522,99.96930615027307,0.0011144771477495507,0.0001361774550339712,0.0,98.50616874320808,1.0158052546185097,0.0,0.0,0.0,True,0.0,10,1590.7133697401523
2025-08-18 04:00:00,27.144148716159314,99.98315389670267,0.000605718971033065,4.3031402649395896e-05,0.0,98.50616874320808,1.0158052546185097,0.0,0.0,0.0,True,0.013281501175574709,10,1590.7133697401523
2025-08-18 05:00:00,27.584321024481444,100.0,0.0,0.003831311104743915,0.003162984470246483,98.5015172954577,1.0189682390887562,0.0,0.0,0.0,True,0.14411258702339627,10,1590.7133697401523
2025-08-18 06:00:00,29.9911615104732,94.64009132940366,0.227309143237643,0.08523637775156294,0.11174223168286555,99.83567318870166,0.11174223168286555,4.0,0.0,0.5,True,0.0,10,1593.6944015010636
2025-08-18 07:00:00,30.14731332832765,93.48934910773131,0.2785939470793525,0.10649565386491168,0.11514854162337138,99.66633709807905,0.22689077330623691,0.0,0.0,0.5,True,0.0,10,1593.6944015010636
2025-08-18 08:00:00,32.64281851989124,89.5432802521531,0.5155415346318111,0.22854044798627376,0.30887338642426904,99.21211152980808,0.535764159730506,0.0,0.0,0.5,False,0.0,10,1593.6944015010636
2025-08-18 09:00:00,35.187135953498085,83.96544257298339,0.9109390512197743,0.4062832047963352,0.5375111535933084,98.4216539509944,1.0732753133238142,0.0,0.0,0.5,False,0.0,10,1593.6944015010636
2025-08-18 10:00:00,35.8743849779257,81.32094237291568,1.1020968555351547,0.4841078900989548,0.6077742439232235,97.67492712169553,1.5810495572470378,0.0,0.1,0.5,False,0.0,10,1593.6944015010636
2025-08-18 11:00:00,37.59559868318069,79.69695043559905,1.3158929437114668,0.5855411790237649,0.7398443276213666,96.58692075754647,2.320893884868404,0.0,0.0,0.5,False,0.0,10,1593.6944015010636
2025-08-18 12:00:00,37.76328853643009,79.40293206649905,1.3471371365419207,0.5955879644522242,0.7522852292373715,95.77473659690328,2.8731791141057754,0.0,0.2,0.5,False,0.0,10,1593.6944015010636
2025-08-18 13:00:00,36.93318025573357,81.76526719371226,1.1400379963310714,0.5156539506482416,0.6406597739062823,96.59729575292344,2.3138388880120577,0.0,1.2,0.5,False,0.0,10,1593.6944015010636
2025-08-18 14:00:00,34.74340587401305,84.79417346400601,0.8429240869574608,0.41563640186728057,0.5175326861238262,99.23892252040613,0.5175326861238262,0.0,3.8,0.5,False,0.0,10,1595.1805626130515
2025-08-18 15:00:00,32.78253834871619,85.43165348883706,0.7239179011988007,0.3199199164762094,0.36803560971197485,99.45877116218827,0.36803560971197485,4.0,0.4,0.5,False,0.0,10,1599.0630299269276
2025-08-18 16:00:00,30.969017323574377,89.02385766644264,0.4922441963517681,0.19155612207948558,0.1856577717674119,99.1857450272362,0.5536933814793867,0.0,0.0,0.5,False,0.0,10,1599.0630299269276
2025-08-18 17:00:00,29.88552791123461,91.12542613736385,0.37408858802401534,0.1260844892802361,0.1047175321686252,99.03174865639998,0.658410913648012,0.0,0.0,0.5,True,0.0,10,1599.0630299269276
2025-08-18 18:00:00,29.435279240320504,99.52939578729915,0.019330292948337758,0.012638685336717942,0.017929778301257675,99.00538133536872,0.6763406919492696,0.0,0.0,0.0,True,0.10778121197656289,10,1599.0630299269276
2025-08-18 19:00:00,28.927813684496186,99.70105003736516,0.011925107463851167,0.002042051409452044,0.0,99.00538133536872,0.6763406919492696,0.0,0.0,0.0,True,0.0,10,1599.0630299269276
2025-08-18 20:00:00,28.655651447124345,99.70413331854056,0.011617656812826924,0.0021695547331429524,0.0,99.00538133536872,0.6763406919492696,0.0,0.0,0.0,True,0.0,10,1599.0630299269276
2025-08-18 21:00:00,28.49349459662423,99.64226637012085,0.013915520987061624,0.002763718505493558,0.015563130257812433,98.98249437910724,0.691903822207082,0.0,0.0,0.0,True,0.0,10,1599.0630299269276
2025-08-18 22:00:00,27.783709331369977,99.650047597525,0.013062278563278702,0.0019440066025358145,0.025530489730435486,99.533184835386,0.3174343119375175,0.0,0.4,0.0,True,0.0,10,1599.0630299269276
2025-08-18 23:00:00,27.722119968314786,99.5359540015782,0.01725880291134036,0.003581618447052218,0.0135882659253008,99.66026091490761,0.23102257786281827,0.0,0.1,0.0,True,0.0,10,1599.0630299269276
2025-08-19 00:00:00,27.61949917185618,99.49844652202148,0.018542378596134175,0.0038592199149104956,0.021220129870890603,99.62905484156808,0.2522427077337089,0.0,0.0,0.0,True,0.0,10,1599.0630299269276
2025-08-19 01:00:00,27.082910656305785,99.78752569970848,0.00761235770488554,0.0012200479584472158,0.010124703493437356,99.61416557172478,0.26236741122714624,0.0,0.0,0.0,True,0.004859918320638049,10,1599.0630299269276
2025-08-19 02:00:00,26.673426308093585,99.85333137341624,0.005129879664022798,0.0006893853837641848,0.0023576329940445317,99.75775728791001,0.16472504422119078,0.0,0.1,0.0,True,0.0029794260432969982,10,1599.0630299269276
2025-08-19 03:00:00,26.392331740050455,99.74551110884163,0.008754904765580752,0.0015010978088810115,0.006225168965146125,99.74860262766715,0.1709502131863369,0.0,0.0,0.0,True,0.0,10,1599.0630299269276
2025-08-19 04:00:00,26.192169729820584,99.81665997641154,0.006233221427412105,0.001160215751603532,0.0,99.89566145119656,0.0709502131863369,0.0,0.1,0.0,True,0.0,10,1599.0630299269276
2025-08-19 05:00:00,26.417324685108895,99.84353873403396,0.005390500693433669,0.003344059000900326,0.002628440489512216,99.99613464633896,0.002628440489512216,0.0,0.1,0.0,True,0.0,10,1599.0920797137412
2025-08-19 06:00:00,27.529604106241177,95.06807238679029,0.18137790995843356,0.06069313982413091,0.06054049228601122,99.91096986428528,0.06054049228601122,4.0,0.0,0.5,True,0.0,10,1603.0894512732516
2025-08-19 07:00:00,29.37768637805647,92.50018554085486,0.3070379834030373,0.1357722096827795,0.1784490465103138,99.64854479588776,0.238989538796325,0.0,0.0,0.5,True,0.0,10,1603.0894512732516
2025-08-19 08:00:00,30.360606875202652,89.65854469870042,0.4479525589740996,0.20248673556821795,0.2583249832090726,99.26865511469795,0.4973145220053976,0.0,0.0,0.5,False,0.0,10,1603.0894512732516
2025-08-19 09:00:00,31.256091556174344,87.60438205618706,0.5650553145597558,0.25271700582678197,0.3189536424505635,98.79960564050594,0.8162681644559611,0.0,0.0,0.5,False,0.0,10,1603.0894512732516
2025-08-19 10:00:00,32.888692217106616,84.05063524484738,0.7972812120235412,0.35375932654169573,0.4524515694179508,98.28129450900896,1.168719733873912,0.0,0.1,0.5,False,0.0,10,1603.0894512732516
2025-08-19 11:00:00,33.057752995504394,82.94428103242105,0.8607110047502635,0.3715015037747617,0.4539713639258749,97.61368956205914,1.6226910977997868,0.0,0.0,0.5,False,0.0,10,1603.0894512732516
2025-08-19 12:00:00,34.44362035846894,82.16557114739567,0.9723444208814485,0.42503621150505483,0.5385730007449756,96.82167044331652,2.1612640985447626,0.0,0.0,0.5,False,0.0,10,1603.0894512732516
2025-08-19 13:00:00,34.804831590066414,82.38681320591417,0.9797003656078958,0.42886448681861383,0.533060071067788,96.03775857409919,2.6943241696125506,0.0,0.0,0.5,False,0.0,10,1603.0894512732516
2025-08-19 14:00:00,34.077085251170125,83.3320079608772,0.8904263256289618,0.3784483347380803,0.4437858625446592,95.38513230565117,3.13811003215721,0.0,0.0,0.5,False,0.0,10,1603.0894512732516
2025-08-19 15:00:00,31.177577009823082,84.85071245701498,0.6875065927983263,0.2571315734090588,0.24299753396712187,99.64265068534247,0.24299753396712187,4.0,0.2,0.5,False,0.0,10,1604.1513412410943
2025-08-19 16:00:00,30.681505222100075,86.83496159762751,0.5808112911666266,0.20283670388775737,0.18753177270318308,99.36686866666132,0.430529306670305,0.0,0.0,0.5,False,0.0,10,1604.1513412410943
2025-08-19 17:00:00,29.016962197667475,90.02134737406074,0.4001046321680079,0.12103393769210279,0.08915902304346696,99.38281127983268,0.41968832971377196,0.0,0.1,0.5,False,0.0,10,1604.1513412410943
2025-08-19 18:00:00,28.878600022965088,99.4851517202382,0.020478918664851322,0.013264802772863985,0.0,99.38281127983268,0.41968832971377196,0.0,0.0,0.0,True,0.09075282362243399,10,1604.1513412410943
2025-08-19 19:00:00,28.27123711285637,99.71656501476993,0.010884013280706617,0.001752995160951101,0.008973760702406072,99.36961457291738,0.42866209041617803,0.0,0.0,0.0,True,0.001607955888257434,10,1604.1513412410943
2025-08-19 20:00:00,27.01819383368753,99.82037441537334,0.006411102109892913,0.0005202205880912461,0.007518609297246494,99.9889432216217,0.007518609297246494,0.0,0.5,0.0,True,0.08191148037487647,10,1604.2226791506782
2025-08-19 21:00:00,26.44559336183152,99.92007751697155,0.0027581291415019714,0.00025354635156754916,0.006445346622645304,99.99052154908435,0.006445346622645304,0.0,0.9,0.0,True,0.03506164437168356,10,1605.1151605413809
2025-08-19 22:00:00,26.376289441566595,99.88207182824908,0.004053120466195023,0.0007733456918513895,0.003941267984343125,99.99420401767009,0.003941267984343125,0.0,0.4,0.0,True,0.0,10,1605.5087151947582
2025-08-19 23:00:00,26.212879990005614,99.89770245289742,0.0034821811884303876,0.0005745310794006063,0.0020245769429752384,99.99702268096621,0.0020245769429752384,0.0,0.6,0.0,True,0.0,10,1606.104773926774
2025-08-20 00:00:00,25.85710615372089,99.84455082612905,0.0051813542682117245,0.000682450993008243,0.0032585092563443855,99.99520807462302,0.0032585092563443855,0.0,2.1,0.0,True,0.0,10,1608.202749349831
2025-08-20 01:00:00,25.75652887503061,99.79963260047077,0.00663889868162385,0.0012955127037570274,0.002743147479184692,99.99596595958944,0.002743147479184692,0.0,0.6,0.0,True,0.0,10,1608.7994908405747
2025-08-20 02:00:00,25.572932046545883,99.77001416369797,0.0075377998970518525,0.0014066787503741597,0.005363993628787727,99.99211177407531,0.005363993628787727,0.0,0.8,0.0,True,0.0,10,1609.5967476930955
2025-08-20 03:00:00,25.472158394076786,99.8421513900759,0.00514265900251945,0.0010409035703892585,0.0005713880770828235,99.99915972341606,0.0005713880770828235,0.0,0.3,0.0,True,0.0,10,1609.8913836994668
2025-08-20 04:00:00,25.36178604811229,99.80075656384378,0.0064488880136003785,0.0012478662115066378,0.001359257845236199,99.99800109140406,0.001359257845236199,0.0,0.1,0.0,True,0.0,10,1609.9908123113896
2025-08-20 05:00:00,25.728693635744367,99.9088036446599,0.0030166884075102174,0.0034049579198407445,0.004529928231880409,99.99133943223953,0.005889186077116608,0.0,0.0,0.0,True,0.0,10,1609.9908123113896
2025-08-20 06:00:00,27.558271249591698,94.93637323210498,0.18653348126742067,0.06684243637299458,0.08058081657794806,99.88149879915008,0.08058081657794806,4.0,0.0,0.5,True,0.0,10,1613.9849231253124
2025-08-20 07:00:00,29.692755050502097,90.39369649127867,0.40047339304526813,0.17349834693897093,0.22483037393566727,99.5508658963035,0.3054111905136153,0.0,0.0,0.5,True,0.0,10,1613.9849231253124
2025-08-20 08:00:00,32.06107053918603,87.29639007092673,0.606115767143644,0.29257846242715657,0.40198522410590204,99.10676997850071,0.6073964146195173,0.0,0.1,0.5,False,0.0,10,1613.9849231253124
2025-08-20 09:00:00,33.78269992769362,85.99179727570747,0.7361645536949348,0.36718403451548204,0.5087969203525565,98.65265686033518,0.9161933349720739,0.0,0.2,0.5,False,0.0,10,1613.9849231253124
2025-08-20 10:00:00,35.05080927714765,84.96081021926143,0.8479832788305665,0.43452698177132226,0.6067058050056767,98.05456008826802,1.3228991399777508,0.0,0.2,0.5,False,0.0,10,1613.9849231253124
2025-08-20 11:00:00,34.695568169298596,84.64667335651534,0.8488486614676671,0.44661285359623537,0.6013170323860598,97.75850562887675,1.5242161723638106,0.0,0.4,0.5,False,0.0,10,1613.9849231253124
2025-08-20 12:00:00,34.879103805802316,84.78520043027865,0.8497798867992506,0.4199766354173774,0.563004059411566,97.3717349532715,1.7872202317753765,0.0,0.3,0.5,False,0.0,10,1613.9849231253124
2025-08-20 13:00:00,30.47799942780383,87.91857350253647,0.5268460072031692,0.2783236716001559,0.32505924646910417,99.52197169636896,0.32505924646910417,0.0,6.7,0.5,False,0.0,10,1618.8977028935371
2025-08-20 14:00:00,29.48338296854252,91.88610402742896,0.33420673242338056,0.16632106639251046,0.20266277064807806,99.70196651375282,0.20266277064807806,0.0,5.8,0.5,True,0.0,10,1624.3726436470681
2025-08-20 15:00:00,30.481670044305087,90.31435225598446,0.42245966998309686,0.19774372403857754,0.25258910177574173,99.62854543856508,0.25258910177574173,4.0,0.1,0.5,True,0.0,10,1628.26998087642
2025-08-20 16:00:00,30.741471997562126,89.46137205136682,0.46653352148404775,0.2067156763852804,0.2516088437461185,99.25853243305609,0.5041979455218603,0.0,0.0,0.5,False,0.0,10,1628.26998087642
2025-08-20 17:00:00,28.408717644163822,92.64488719551113,0.28470332775180174,0.1069756629492927,0.08631923159354789,99.13159238659499,0.5905171771154082,0.0,0.0,0.5,True,0.0,10,1628.26998087642
2025-08-20 18:00:00,27.887342202654658,99.84948935845675,0.005651985007050075,0.007596265748747808,0.00036235723671358835,99.13105950830571,0.5908795343521218,0.0,0.0,0.0,True,0.09525583422764529,10,1628.26998087642
2025-08-20 19:00:00,27.617170631708184,99.83120547731049,0.006239467052840079,0.0010083596043142882,0.0,99.13105950830571,0.5908795343521218,0.0,0.0,0.0,True,0.0,10,1628.26998087642
2025-08-20 20:00:00,27.46864576922274,99.81015391080436,0.006957000826750192,0.0013116007630767494,0.0,99.13105950830571,0.5908795343521218,0.0,0.0,0.0,True,0.0,10,1628.26998087642
2025-08-20 21:00:00,27.224504788911805,99.86874848015214,0.004741552748813529,0.0007695248818506478,0.0,99.13105950830571,0.5908795343521218,0.0,0.0,0.0,True,0.0,10,1628.26998087642
2025-08-20 22:00:00,27.155987493123515,99.83933182538338,0.005780998710287202,0.0011496599902907894,0.0,99.13105950830571,0.5908795343521218,0.0,0.0,0.0,True,0.0,10,1628.26998087642
2025-08-20 23:00:00,26.953082328583303,99.98692785038853,0.00046478527602576426,0.00011545119687476386,0.0,99.13105950830571,0.5908795343521218,0.0,0.0,0.0,True,0.021302754025088674,10,1628.26998087642
2025-08-21 00:00:00,26.746629371365767,99.69107716026204,0.010851485664906986,0.0019218426400233835,0.0,100.0,0.0,0.0,1.1,0.0,True,0.0,10,1628.7791013420679
2025-08-21 01:00:00,26.33943631010814,99.7661519536611,0.008019774131701742,0.001305259565924836,0.0005422882381061194,99.99920251729691,0.0005422882381061194,0.0,0.9,0.0,True,0.0,10,1629.679101342068
2025-08-21 02:00:00,26.154114409568436,99.72763331565324,0.009239182682109074,0.0017619443424331303,0.002731577245783903,99.99598297463855,0.002731577245783903,0.0,1.1,0.0,True,0.0,10,1630.77855905383
2025-08-21 03:00:00,25.91003655258925,99.82379773490771,0.005891507414749893,0.0010528816954467625,0.0009151684074190537,99.99865416410674,0.0009151684074190537,0.0,0.3,0.0,True,0.0,10,1631.0758274765842
2025-08-21 04:00:00,25.63902141545912,99.87222569520718,0.004204252844170685,0.0006316729425413376,0.0021188453679571824,99.99688405092948,0.0021188453679571824,0.0,0.2,0.0,True,0.0,10,1631.2749123081767
2025-08-21 05:00:00,25.51679033157732,100.0,0.0,0.0023679214491542635,0.00420139572300044,99.99382147687794,0.00420139572300044,0.0,0.1,0.0,True,0.11711474442757663,10,1631.3727934628087
2025-08-21 06:00:00,27.303753873755817,95.46327813259381,0.16465447824554463,0.06709472737593836,0.08807855427318162,99.87047271430414,0.08807855427318162,4.0,0.0,0.5,True,0.0,10,1635.3685920670857
2025-08-21 07:00:00,29.58445682132323,90.0466954938779,0.41236293181056577,0.18519334962047765,0.24569691490486745,99.50915372179698,0.33377546917804907,0.0,0.0,0.5,True,0.0,10,1635.3685920670857
2025-08-21 08:00:00,30.894027716841048,86.71850478970822,0.593092993240695,0.27113937449167114,0.3481786702767123,98.9971262655077,0.6819541394547614,0.0,0.0,0.5,False,0.0,10,1635.3685920670857
2025-08-21 09:00:00,33.149266726424244,82.87204237366178,0.868801371974215,0.40439186028922586,0.5330186130787248,98.21327536392135,1.2149727525334861,0.0,0.0,0.5,False,0.0,10,1635.3685920670857
2025-08-21 10:00:00,34.926706914872256,81.55371076242315,1.0329818590824063,0.48139653741717225,0.6196187738022975,97.30207128480032,1.8345915263357835,0.0,0.0,0.5,False,0.0,10,1635.3685920670857
2025-08-21 11:00:00,35.45853852675319,82.00550202748386,1.0376988583018187,0.4944862444729915,0.641966763862772,96.5050613379433,2.376558290198555,0.0,0.1,0.5,False,0.0,10,1635.3685920670857
2025-08-21 12:00:00,35.11829434241047,82.79416772859679,0.9737723146332772,0.45380282791804777,0.5784433791152486,95.94852695689147,2.7550016693138035,0.0,0.2,0.5,False,0.0,10,1635.3685920670857
2025-08-21 13:00:00,33.79738053339485,84.16078628375637,0.8330702876728088,0.39806181849782313,0.5025719786121492,98.44474463540301,1.0575736479259525,0.0,2.2,0.5,False,0.0,10,1635.3685920670857
2025-08-21 14:00:00,32.20963630080095,86.51913904449837,0.6486171540777318,0.3113592018099637,0.3852456787795209,99.43346223708895,0.3852456787795209,0.0,2.2,0.5,False,0.0,10,1636.5110184191599
2025-08-21 15:00:00,31.9428857215439,85.62628009114846,0.681235411868614,0.29963863790652007,0.3643540552822995,99.46418521282014,0.3643540552822995,4.0,0.2,0.5,False,0.0,10,1640.3257727403804
2025-08-21 16:00:00,29.266662553733816,92.33913792950429,0.31163019253853025,0.1545244016990854,0.16949237177806958,99.75074651209107,0.16949237177806958,0.0,5.2,0.5,True,0.0,10,1645.1614186850982
2025-08-21 17:00:00,27.14666097569238,96.096848264177,0.14036249862293693,0.05781964293762354,0.0405502011504903,99.94036735124928,0.0405502011504903,0.0,5.6,0.5,True,0.0,10,1650.59192631332
2025-08-21 18:00:00,26.640736798255713,99.9873486514909,0.0004416433696417874,0.003296946919296836,0.0005140375918577882,99.99924406236491,0.0005140375918577882,0.0,0.2,0.0,True,0.0796266995569287,10,1650.7513761121695
2025-08-21 19:00:00,26.503848558188228,99.89422192618218,0.0036629541026656763,0.000576666733873771,0.0,100.0,0.0,0.0,0.1,0.0,True,0.0,10,1650.8508620745777
2025-08-21 20:00:00,26.440243255111294,99.79466059909069,0.0070840403846144555,0.0013975172113677736,0.0030274655891205406,99.99554784472188,0.0030274655891205406,0.0,0.2,0.0,True,0.0,10,1651.0508620745777
2025-08-21 21:00:00,26.248963116342537,99.98516697401828,0.0005059884845157766,0.00014247039319145385,0.0,100.0,0.0,0.0,1.2,0.0,True,0.017922585749952438,10,1652.2478346089886
2025-08-21 22:00:00,26.03492003093893,99.90708843273488,0.0031296192359058983,0.00038561599649818514,0.0,100.0,0.0,0.0,0.6,0.0,True,0.0,10,1652.8478346089885
2025-08-21 23:00:00,25.76690579226428,99.95692796644833,0.0014280099798674854,0.0001372868050279455,0.0,100.0,0.0,0.0,0.3,0.0,True,0.013132108294884592,10,1653.1478346089884
2025-08-22 00:00:00,25.744209459343093,99.83045454612156,0.005613558518420921,0.0011138977573449406,0.0,100.0,0.0,0.0,0.2,0.0,True,0.0,10,1653.3478346089885
2025-08-22 01:00:00,25.71325635891278,99.74386309066021,0.008465019798615674,0.0017439423058427702,0.0,100.0,0.0,0.0,0.1,0.0,True,0.0,10,1653.4478346089884
2025-08-22 02:00:00,25.692003501115234,99.69782700690494,0.009973890721446924,0.0021042257501721487,0.0029890402244351845,99.99560435261112,0.0029890402244351845,0.0,0.0,0.0,True,0.0,10,1653.4478346089884
2025-08-22 03:00:00,25.432683739455445,99.86904578818384,0.004256462245475675,0.0007295001483340861,0.0,99.99560435261112,0.0029890402244351845,0.0,0.0,0.0,True,0.0,10,1653.4478346089884
2025-08-22 04:00:00,25.15714552601249,99.91596016893416,0.0026872162479729014,0.00032837650276195735,0.0002538584476937629,99.99523103136451,0.0032428986721289473,0.0,0.0,0.0,True,0.0032042727852919783,10,1653.4478346089884
2025-08-22 05:00:00,25.45969297031768,100.0,0.0,0.0031271228575324387,0.006487496702928105,99.98569059503669,0.009730395375057052,0.0,0.0,0.0,True,0.038031414992954066,10,1653.4478346089884
2025-08-22 06:00:00,27.223432692529304,95.42723605600953,0.16518391629110726,0.07315209302948548,0.09616946966076019,99.8585743093224,0.09616946966076019,4.0,0.0,0.5,True,0.0,10,1657.4381042136133
2025-08-22 07:00:00,28.509539970790374,92.46592381776692,0.2933417785486041,0.1316158317230035,0.16203025665949206,99.62029452011728,0.25819972632025223,0.0,0.0,0.5,True,0.0,10,1657.4381042136133
2025-08-22 08:00:00,31.654763010610225,85.60427477214111,0.6712434098511975,0.30576443771448664,0.4056782310715102,99.170767709718,0.5638779573917624,0.0,0.1,0.5,False,0.0,10,1657.4381042136133
2025-08-22 09:00:00,33.137739113329076,82.49542900586952,0.8873314439537926,0.4049176035684077,0.517674337234322,98.70359956672634,0.8815522946260843,0.0,0.2,0.5,False,0.0,10,1657.4381042136133
2025-08-22 10:00:00,33.331158052692096,82.08208775340617,0.918174829269264,0.40623836298452914,0.4996506899119197,98.1158779639147,1.281202984538004,0.0,0.1,0.5,False,0.0,10,1657.4381042136133
2025-08-22 11:00:00,35.41121307446559,80.83012546733585,1.1026013146305607,0.49987659172457005,0.6497617896003082,97.30740474391425,1.830964774138312,0.0,0.1,0.5,False,0.0,10,1657.4381042136133
2025-08-22 12:00:00,36.60297677439099,81.13756415142619,1.1582265335180362,0.5303901682815659,0.6685451040473257,96.47130900266818,2.3995098781856377,0.0,0.1,0.5,False,0.0,10,1657.4381042136133
2025-08-22 13:00:00,36.523222102361196,81.29549418346308,1.1435347121292985,0.5363057025815509,0.6978962774545309,95.73910859464681,2.8974061556401685,0.0,0.2,0.5,False,0.0,10,1657.4381042136133
2025-08-22 14:00:00,30.946670297600157,89.06225909243089,0.48989815760872,0.27477713852054597,0.3104260459712574,99.5434911088658,0.3104260459712574,0.0,3.8,0.5,False,0.0,10,1658.3406980579732
2025-08-22 15:00:00,31.551007451981977,90.29938203943236,0.4496680598313299,0.23637855131648608,0.32090779732639546,99.52807676863765,0.32090779732639546,4.0,0.1,0.5,True,0.0,10,1662.130272012002
2025-08-22 16:00:00,30.718193253904595,89.51134991797987,0.46370486782329384,0.2110712112645673,0.2504302004635756,99.15979706207358,0.5713379977899711,0.0,0.0,0.5,False,0.0,10,1662.130272012002
2025-08-22 17:00:00,28.907507960146376,93.03447383379826,0.2775286261862997,0.10549633257245658,0.08895063630689283,99.02898730279873,0.6602886340968639,0.0,0.0,0.5,True,0.0,10,1662.130272012002
2025-08-22 18:00:00,27.808440191223934,100.0,0.0,0.006523678536659576,0.0025453696253727245,99.02524411217318,0.6628340037222367,0.0,0.0,0.0,True,0.27525925544037816,10,1662.130272012002
2025-08-22 19:00:00,27.538008635153055,99.87506332821535,0.0045969619326240415,0.0005855995448665418,0.0,99.02524411217318,0.6628340037222367,0.0,0.0,0.0,True,0.0,10,1662.130272012002
2025-08-22 20:00:00,27.400270367392725,99.89410979083083,0.003864913618016914,0.0006820999419187073,0.0002676588009407426,99.02485049628945,0.6631016625231774,0.0,0.0,0.0,True,0.0,10,1662.130272012002
2025-08-22 21:00:00,26.924464717972615,99.9465822499623,0.0018961009734479138,0.00014734131303566846,0.00203500615963558,99.9970073438829,0.00203500615963558,0.0,6.4,0.0,True,0.035609241012924536,10,1667.8671703494788
2025-08-22 22:00:00,26.20114683389314,100.0,0.0,3.412981752206245e-05,0.001976221121019686,99.99709379246909,0.001976221121019686,0.0,6.7,0.0,True,0.1285271330576213,10,1674.565135343319
2025-08-22 23:00:00,26.03316287006759,99.94231296450339,0.0019429196400120624,0.0001984918104633423,0.0,100.0,0.0,0.0,0.9,0.0,True,0.000527261173275187,10,1675.463159122198
2025-08-23 00:00:00,25.985345904915658,99.92143240209309,0.0026387156016987154,0.0005037782614498067,0.0,100.0,0.0,0.0,1.8,0.0,True,0.0,10,1677.263159122198
2025-08-23 01:00:00,25.899812577530977,99.92764549930467,0.0024177858140458502,0.0004295536864584112,0.00036828087058697384,99.99945841048444,0.00036828087058697384,0.0,1.3,0.0,True,0.0,10,1678.563159122198
2025-08-23 02:00:00,25.87592201283034,99.91718260345426,0.0027635033059027854,0.0005640269140391977,0.0,100.0,0.0,0.0,0.1,0.0,True,0.0,10,1678.6627908413273
2025-08-23 03:00:00,25.857546096768345,99.8728859922795,0.004237010962735609,0.000868807052638873,0.0007682013393402222,99.99887029214804,0.0007682013393402222,0.0,0.1,0.0,True,0.0,10,1678.7627908413272
2025-08-23 04:00:00,25.64670148749373,99.94799400405225,0.001711971074053448,0.00021512931482576032,0.0,99.99887029214804,0.0007682013393402222,0.0,0.0,0.0,True,0.004845796057214788,10,1678.7627908413272
2025-08-23 05:00:00,25.984008690213912,100.0,0.0,0.0024864360546120534,0.0035603352376339372,99.99476421288584,0.0035603352376339372,0.0,0.1,0.0,True,0.010072895956103611,10,1678.8620226399878
2025-08-23 06:00:00,27.627993398950426,95.04423619214606,0.1833049542263844,0.07178190398663879,0.09062120217963036,99.86673352620643,0.09062120217963036,4.0,0.4,0.5,True,0.0,10,1683.25846230475
2025-08-23 07:00:00,29.168582145967576,93.37501491439821,0.2679718817208871,0.13353867772094283,0.1791636953251432,99.73652397746302,0.1791636953251432,0.0,0.3,0.5,True,0.0,10,1683.4678411025704
2025-08-23 08:00:00,30.83165620916658,91.49691432150277,0.378363014198637,0.19913592542500488,0.2713022708173815,99.60102607232739,0.2713022708173815,0.0,0.4,0.5,True,0.0,10,1683.6886774072452
2025-08-23 09:00:00,34.4993868438268,87.20288451853904,0.6998691109560521,0.3733385392907207,0.5413228886146886,99.2039369285078,0.5413228886146886,0.0,0.5,0.5,False,0.0,10,1683.9173751364278
2025-08-23 10:00:00,36.13968460108857,84.17692282693626,0.9472772180825509,0.4909356938125633,0.6837384151161149,98.93373337686646,0.7250613037308035,0.0,0.5,0.5,False,0.0,10,1683.9173751364278
2025-08-23 11:00:00,36.59815429798184,84.74966254729505,0.9361830616608662,0.48594153191670925,0.6688881433689202,98.83242728367688,0.7939494470997237,0.0,0.6,0.5,False,0.0,10,1683.9173751364278
2025-08-23 12:00:00,36.84234273489652,83.2056510330739,1.0447985832147921,0.5217231750078871,0.6915198652148715,98.55078042306677,0.9854693123145952,0.0,0.5,0.5,False,0.0,10,1683.9173751364278
2025-08-23 13:00:00,34.83540726252974,84.45660717267596,0.8660362157377867,0.4147931937862638,0.5114056416179759,98.38694859715798,1.096874953932571,0.0,0.4,0.5,False,0.0,10,1683.9173751364278
2025-08-23 14:00:00,33.264895730063,87.14179314440835,0.6564592474595947,0.3370210079764301,0.43671743471194063,99.35776847836479,0.43671743471194063,0.0,7.8,0.5,False,0.0,10,1690.6205001824953
2025-08-23 15:00:00,32.29773851873381,87.53441352127186,0.6027560977571116,0.2672358744897638,0.3166740033590098,99.53430293623676,0.3166740033590098,4.0,0.0,0.5,False,0.0,10,1694.1837827477834
2025-08-23 16:00:00,31.172313285121685,90.29933054626129,0.44010508827115125,0.19419250133251256,0.22139145366981564,99.20872726907525,0.5380654570288255,0.0,0.0,0.5,True,0.0,10,1694.1837827477834
2025-08-23 17:00:00,29.217632957084653,93.15346333575509,0.2777183222958405,0.10280262805432999,0.0909030779784003,99.0750462720482,0.6289685350072258,0.0,0.0,0.5,True,0.0,10,1694.1837827477834
2025-08-23 18:00:00,29.08613906604132,99.44148077321199,0.022484089430255896,0.010867679209305372,0.015055153957191307,99.05290633975821,0.6440236889644171,0.0,0.0,0.0,True,0.0462062814388247,10,1694.1837827477834
2025-08-23 19:00:00,28.886015547886917,99.39008311449052,0.024270833362980176,0.004957448937003157,0.00570381534937666,99.04451837600912,0.6497275043137938,0.0,0.0,0.0,True,0.0,10,1694.1837827477834
2025-08-23 20:00:00,28.643415974352582,99.48225846103927,0.020315504052625364,0.004148019650137317,0.0,99.04451837600912,0.6497275043137938,0.0,0.0,0.0,True,0.0,10,1694.1837827477834
2025-08-23 21:00:00,28.026135454994716,99.84336765412998,0.005929609282984509,0.0008762883220438072,0.0,99.04451837600912,0.6497275043137938,0.0,0.0,0.0,True,0.01668263895427055,10,1694.1837827477834
2025-08-23 22:00:00,27.76286817499803,99.95597000953089,0.0016414612619996417,0.00020772513371947226,0.0007128688531376743,99.04347003946039,0.6504403731669315,0.0,0.0,0.0,True,0.0132443938036797,10,1694.1837827477834
2025-08-23 23:00:00,27.24411363052058,99.9899964213187,0.0003618015007437097,2.978197035490639e-05,0.0002974967360406857,99.04303254426033,0.6507378699029722,0.0,0.0,0.0,True,0.07452111158304936,10,1694.1837827477834
2025-08-24 00:00:00,26.740475685144187,100.0,0.0,6.5124270134151784e-06,0.0,99.04303254426033,0.6507378699029722,0.0,0.0,0.0,True,0.10503361290776017,10,1694.1837827477834
2025-08-24 01:00:00,26.317976995280592,100.0,0.0,1.3734920279226363e-17,0.0,99.48420901484857,0.35073786990297223,0.0,0.3,0.0,True,0.08031875749750297,10,1694.1837827477834
2025-08-24 02:00:00,25.913065899553594,100.0,0.0,6.798109132279739e-18,0.000293320300191467,99.77789530852476,0.1510311902031637,0.0,0.2,0.0,True,0.07406599569608277,10,1694.1837827477834
2025-08-24 03:00:00,25.85745745571878,99.83660264593045,0.005446392268631938,0.0010186720309488648,0.003547149752312655,99.99478360330542,0.003547149752312655,0.0,0.4,0.0,True,0.0,10,1694.4327515575803
2025-08-24 04:00:00,25.851348131573182,99.8701534070028,0.0043265072907219225,0.0009472521735776287,0.0,100.0,0.0,0.0,0.6,0.0,True,0.0,10,1695.029204407828
2025-08-24 05:00:00,25.842887326912958,99.94761447189795,0.001744619582007175,0.001176575160604247,0.0015940930638964129,99.99765574549427,0.0015940930638964129,0.0,2.2,0.0,True,0.0,10,1697.229204407828
2025-08-24 06:00:00,26.826023177297895,96.11111414536973,0.13724309945945856,0.048635517015512185,0.054537560884844995,99.91979770458111,0.054537560884844995,4.0,4.1,0.5,True,0.0,10,1705.3276103147641
2025-08-24 07:00:00,27.8998444833269,95.37976247503069,0.17362589526516958,0.07875343197891602,0.10154145821433813,99.85067432615539,0.10154145821433813,0.0,1.0,0.5,True,0.0,10,1706.2730727538792
2025-08-24 08:00:00,28.22852496611918,95.30369198928707,0.17989294991290694,0.09185040158612627,0.11926988902832067,99.82460310437011,0.11926988902832067,0.0,4.5,0.5,True,0.0,10,1710.6715312956649
2025-08-24 09:00:00,28.089441660140988,95.57852499336897,0.16800102674685696,0.09229631544475878,0.11707398884663264,99.82783236934318,0.11707398884663264,0.0,2.8,0.5,True,0.0,10,1713.3522614066364
2025-08-24 10:00:00,29.624894355123104,92.52824840978035,0.3102737566855371,0.16729564881040765,0.22895103105249354,99.66330730727574,0.22895103105249354,0.0,0.3,0.5,True,0.0,10,1713.5351874177898
2025-08-24 11:00:00,35.34114277538903,83.7420374767737,0.931511114649546,0.46220183248567226,0.6672476923960156,98.68206070081101,0.8961987234485091,0.0,0.0,0.5,False,0.0,10,1713.5351874177898
2025-08-24 12:00:00,34.239621089854154,84.59051111061176,0.8306702208848925,0.4096776163535508,0.5271543838450715,98.20095131280355,1.2233531072935806,0.0,0.2,0.5,False,0.0,10,1713.5351874177898
2025-08-24 13:00:00,33.288612355586984,87.28345562126371,0.6500893270827635,0.32931758644522635,0.4331814940609848,98.2992138215374,1.1565346013545654,0.0,0.5,0.5,False,0.0,10,1713.5351874177898
2025-08-24 14:00:00,30.28887594438384,90.1064039472475,0.42679767229192256,0.19994086023645496,0.2229752610713801,99.6720952043068,0.2229752610713801,0.0,3.2,0.5,False,0.0,10,1715.5786528164351
2025-08-24 15:00:00,28.785626245536523,92.1740977859858,0.30961772071057425,0.14119210544133698,0.15704334646805582,99.76905390225286,0.15704334646805582,4.0,4.1,0.5,True,0.0,10,1723.4556775553638
2025-08-24 16:00:00,29.168165915502982,92.87960162432267,0.2880037749793617,0.12208541072128962,0.14314935004675863,99.78948624993123,0.14314935004675863,0.0,0.3,0.5,True,0.0,10,1723.5986342088956
2025-08-24 17:00:00,28.221526064983532,96.61118023859714,0.1297565707490535,0.05204097152626731,0.04103638198230315,99.72913862936903,0.1841857320290618,0.0,0.0,0.5,True,0.0,10,1723.5986342088956
2025-08-24 18:00:00,27.372532214215198,100.0,0.0,0.003481740722462578,0.0014612700795216607,99.7269897027815,0.18564700210858345,0.0,0.0,0.0,True,0.2154416296527979,10,1723.5986342088956
2025-08-24 19:00:00,27.15168443073264,99.95097060547243,0.0017636809880005827,0.00013108545723141427,0.0003362841789095871,99.72649516722427,0.18598328628749303,0.0,0.0,0.0,True,0.005661030312148832,10,1723.5986342088956
2025-08-24 20:00:00,26.934255949157667,99.90791084316695,0.003270649227124881,0.0004230508492231789,0.0007922108102766447,99.7253301513268,0.18677549709776967,0.0,0.0,0.0,True,0.0,10,1723.5986342088956
2025-08-24 21:00:00,26.77641633280922,99.8114393838048,0.006635145957619062,0.001189912943485544,0.0013569589583374989,99.7233346234469,0.18813245605610718,0.0,0.0,0.0,True,0.0,10,1723.5986342088956
2025-08-24 22:00:00,26.730514154172297,99.79140337413695,0.007320404022544267,0.0015159437579564936,0.0,99.7233346234469,0.18813245605610718,0.0,0.0,0.0,True,0.0,10,1723.5986342088956
2025-08-24 23:00:00,25.84426832527012,99.99999999999997,1.109318861097951e-15,0.00013176727240580356,0.0,100.0,0.0,0.0,6.9,0.0,True,0.20668242188084246,10,1730.3105017528396
2025-08-25 00:00:00,25.644963110069778,99.94722814634075,0.0017370031451153433,0.00014496167680646638,0.0,100.0,0.0,0.0,3.9,0.0,True,0.003068971063991191,10,1734.2105017528397
2025-08-25 01:00:00,25.452092456306584,99.98653261207826,0.0004382410719426345,4.222260951365518e-05,0.0,100.0,0.0,0.0,6.0,0.0,True,0.018000309434438796,10,1740.2105017528397
2025-08-25 02:00:00,25.46380570164353,99.91129524028665,0.0028885413201082985,0.0005938184158158276,0.0,100.0,0.0,0.0,0.2,0.0,True,0.0,10,1740.4105017528398
2025-08-25 03:00:00,25.394144929616647,99.9246016627475,0.0024451035832217705,0.0004589274262149191,0.0,100.0,0.0,0.0,0.2,0.0,True,0.0,10,1740.6105017528398
2025-08-25 04:00:00,25.374879618053072,99.91606130979527,0.0027189471586011424,0.0005612598797292561,0.0,100.0,0.0,0.0,0.0,0.0,True,0.0,10,1740.6105017528398
2025-08-25 05:00:00,25.58942023453768,99.99999999999999,3.642322448758955e-16,0.002054433842917409,0.0034695086510507325,99.99489778139551,0.0034695086510507325,0.0,0.1,0.0,True,0.007178718986877372,10,1740.7105017528397
2025-08-25 06:00:00,26.877089335083028,96.69805622162954,0.11687929039511388,0.05059810596031897,0.06706126223045365,99.90138049671991,0.06706126223045365,4.0,0.1,0.5,True,0.0,10,1744.8070322441886
2025-08-25 07:00:00,29.741573883521287,91.84188570211467,0.3410560921128193,0.16774581460183322,0.24347649418931328,99.64194633207454,0.24347649418931328,0.0,0.1,0.5,True,0.0,10,1744.8399709819582
2025-08-25 08:00:00,30.5832422207089,90.12217614697344,0.43334919229777474,0.22168076506355736,0.30094478178652206,99.34643930003554,0.44442127597583536,0.0,0.1,0.5,True,0.0,10,1744.8399709819582
2025-08-25 09:00:00,32.329658550269606,88.56661188854443,0.553841362961554,0.2875448574297904,0.4055267268202716,99.04419411353513,0.6499480027961069,0.0,0.2,0.5,False,0.0,10,1744.8399709819582
2025-08-25 10:00:00,34.688909503941616,84.77195236394788,0.8416117890675486,0.4079176069669647,0.5650314826147969,98.36032428616043,1.1149794854109039,0.0,0.1,0.5,False,0.0,10,1744.8399709819582
2025-08-25 11:00:00,36.24525126125162,81.91474277637963,1.0889872207042617,0.5131166750780087,0.690319972133157,97.49220668008226,1.7052994575440608,0.0,0.1,0.5,False,0.0,10,1744.8399709819582
2025-08-25 12:00:00,33.910488630611816,85.04853457943936,0.7913521836594971,0.36761753759160265,0.44497002092118154,96.837839002257,2.1502694784652423,0.0,0.0,0.5,False,0.0,10,1744.8399709819582
2025-08-25 13:00:00,35.222614421128476,83.95863348405199,0.9131119804410799,0.42346505182879934,0.5626526811215107,96.010408588843,2.712922159586753,0.0,0.0,0.5,False,0.0,10,1744.8399709819582
2025-08-25 14:00:00,33.01927833782292,85.94439829062826,0.7077824341560391,0.322095170805181,0.3824718831868913,95.59500876062698,2.9953940427736443,0.0,0.1,0.5,False,0.0,10,1744.8399709819582
2025-08-25 15:00:00,33.048890522290506,85.42135217431012,0.7353409672972898,0.31244678383312996,0.37565334807645057,99.44756860576992,0.37565334807645057,4.0,0.0,0.5,False,0.0,10,1745.8445769391847
2025-08-25 16:00:00,30.739208146138676,91.04810568517979,0.3962393897517338,0.18671001155529196,0.20980662085143137,99.43314710451781,0.3854599689278819,0.0,0.2,0.5,True,0.0,10,1745.8445769391847
2025-08-25 17:00:00,27.752806776382716,94.79406589900991,0.1939660955028159,0.07797258570615061,0.052214800719508236,99.92321352835366,0.052214800719508236,0.0,2.8,0.5,True,0.0,10,1748.2591169702569
2025-08-25 18:00:00,27.23368816983526,99.92738297076544,0.002624752150482892,0.004907078584748125,0.002486505935831231,99.91955690197744,0.05470130665533947,0.0,0.0,0.0,True,0.06890358201929042,10,1748.2591169702569
2025-08-25 19:00:00,27.016541447763004,99.8649389358882,0.0048200614058970855,0.0007454038103132738,0.0,99.91955690197744,0.05470130665533947,0.0,0.0,0.0,True,0.0,10,1748.2591169702569
2025-08-25 20:00:00,26.89479147491836,99.89095331978412,0.003863952335230208,0.0007079625975565486,0.00039550441503306176,99.91897527783769,0.05509681107037253,0.0,0.0,0.0,True,0.0,10,1748.2591169702569
2025-08-25 21:00:00,26.739160054037676,99.9809968438269,0.0006672279640621015,0.00010048302041320812,0.0,99.91897527783769,0.05509681107037253,0.0,0.0,0.0,True,0.01073034646799989,10,1748.2591169702569
2025-08-25 22:00:00,26.551976457342526,100.0,0.0,1.2010103353138736e-05,0.0,99.91897527783769,0.05509681107037253,0.0,0.0,0.0,True,0.05170807050912246,10,1748.2591169702569
2025-08-25 23:00:00,26.49086960400227,99.92442660927698,0.0026150065445246957,0.00044897722186437944,0.0,99.91897527783769,0.05509681107037253,0.0,0.0,0.0,True,0.0,10,1748.2591169702569
2025-08-26 00:00:00,26.329020217213618,99.94073233551858,0.0020313252752149325,0.0002690804442342668,0.0,99.91897527783769,0.05509681107037253,0.0,0.0,0.0,True,0.0008531376615578123,10,1748.2591169702569
2025-08-26 01:00:00,26.148195784774998,99.98483343503396,0.0005142982267482027,5.221930319229078e-05,0.0,99.91897527783769,0.05509681107037253,0.0,0.0,0.0,True,0.015732775468202398,10,1748.2591169702569
2025-08-26 02:00:00,26.101671147357575,99.96469353236813,0.0011939572658645119,0.0001932325061305389,0.0,99.91897527783769,0.05509681107037253,0.0,0.0,0.0,True,0.0,10,1748.2591169702569
2025-08-26 03:00:00,26.076689315376658,99.91778092791762,0.0027762985498321394,0.0005437917866141024,0.0,99.91897527783769,0.05509681107037253,0.0,0.0,0.0,True,0.0,10,1748.2591169702569
2025-08-26 04:00:00,26.080737429147252,99.95562471290728,0.001498782574506833,0.0003505932010940596,0.0,99.91897527783769,0.05509681107037253,0.0,0.0,0.0,True,0.0,10,1748.2591169702569
2025-08-26 05:00:00,26.419889293463143,100.0,0.0,0.002701263800626885,0.0014936748001796133,99.91677869724919,0.05659048587055214,0.0,0.0,0.0,True,0.08994643429391623,10,1748.2591169702569
2025-08-26 06:00:00,28.075810588215624,95.93089746542,0.1544894825918487,0.053882727859671874,0.06609677425135743,99.90279886139506,0.06609677425135743,4.0,0.0,0.5,True,0.0,10,1752.2025264843862
2025-08-26 07:00:00,30.815815698126663,88.50833148722847,0.5108848716778621,0.21381170134687585,0.27793081883775844,99.4940770689866,0.3440275930891159,0.0,0.0,0.5,False,0.0,10,1752.2025264843862
2025-08-26 08:00:00,33.28124206229125,84.4115196709602,0.7965784250522665,0.35725246025214485,0.46872477842973864,98.80477592423698,0.8127523715188545,0.0,0.0,0.5,False,0.0,10,1752.2025264843862
2025-08-26 09:00:00,34.56676486585837,80.9957205952961,1.0432275080843558,0.4672675299138217,0.595859167549019,97.92851244254724,1.4086115390678735,0.0,0.0,0.5,False,0.0,10,1752.2025264843862
2025-08-26 10:00:00,35.754943672471335,78.38220596065825,1.2671447110273724,0.5573812833772098,0.7049863326029829,96.89176783577815,2.1135978716708563,0.0,0.0,0.5,False,0.0,10,1752.2025264843862
2025-08-26 11:00:00,36.87159333015752,76.33609910464052,1.474512248381549,0.6365253075349964,0.7991844977796424,95.71649651551397,2.9127823694504986,0.0,0.0,0.5,False,0.0,10,1752.2025264843862
2025-08-26 12:00:00,37.60983180062943,76.11449863257879,1.5492762187142948,0.662982854642548,0.8278769948886824,94.49903034656003,3.740659364339181,0.0,0.0,0.5,False,0.0,10,1752.2025264843862
2025-08-26 13:00:00,36.85250848259213,76.85725745793346,1.4405388134766697,0.6108128182290746,0.7410733233988915,93.4092166356793,4.481732687738073,0.0,0.0,0.5,False,0.0,10,1752.2025264843862
2025-08-26 14:00:00,35.997146408228254,77.96446286806295,1.3089258006346807,0.5363474977921012,0.6269653270571397,92.48720880177174,5.108698014795213,0.0,0.0,0.5,False,0.0,10,1752.2025264843862
2025-08-26 15:00:00,33.43270445689381,79.75759368360025,1.0431982234925312,0.41874027582415063,0.46658667624218675,97.97752251318029,1.375284691037399,4.0,0.2,0.5,False,0.0,10,1752.2025264843862
2025-08-26 16:00:00,30.993084861937554,87.85732060500531,0.5453063464947231,0.22983930936404168,0.24926284748143318,97.7580183257076,1.524547538518832,0.0,0.1,0.5,False,0.0,10,1752.2025264843862
2025-08-26 17:00:00,29.14344387501843,92.07935877984768,0.3199149171905308,0.10979542871934256,0.09020454032082666,97.62536458994168,1.6147520788396588,0.0,0.0,0.5,True,0.0,10,1752.2025264843862
2025-08-26 18:00:00,28.608674786730994,99.60590711146888,0.015432589907808695,0.00926346959812642,0.015380544199529137,97.60274614258942,1.630132623039188,0.0,0.0,0.0,True,0.0915179650371755,10,1752.2025264843862
2025-08-26 19:00:00,28.292213888207602,99.75273893505693,0.009506500186125325,0.0017571938851313183,0.00941632761919651,97.58889860197296,1.6395489506583845,0.0,0.0,0.0,True,0.0,10,1752.2025264843862
2025-08-26 20:00:00,28.02897031754959,99.87213740508902,0.004841275637616873,0.0008004543666801746,0.0023347929397239376,97.58546508294395,1.6418837435981084,0.0,0.0,0.0,True,0.00014320776103617094,10,1752.2025264843862
2025-08-26 21:00:00,27.812977285777322,99.86500762917274,0.005047315075927284,0.000822255603878805,0.0029193182160590146,97.58117196792034,1.6448030618141674,0.0,0.0,0.0,True,0.0,10,1752.2025264843862
2025-08-26 22:00:00,27.67995951961443,99.85080608816207,0.005535185935583774,0.001025960803213172,0.002763908995092548,97.57710739586874,1.64756697080926,0.0,0.0,0.0,True,0.0,10,1752.2025264843862
2025-08-26 23:00:00,27.58309731249285,99.88717335860738,0.004162330735454803,0.0008057932055144212,0.001166517522051762,97.57539192892453,1.6487334883313116,0.0,0.0,0.0,True,0.0,10,1752.2025264843862
2025-08-27 00:00:00,27.413268643458633,99.89962799864198,0.003666289319302691,0.0005961716156372438,0.001347807606315904,97.57340985891526,1.6500812959376274,0.0,0.0,0.0,True,0.0,10,1752.2025264843862
2025-08-27 01:00:00,26.845200313357978,99.92014239184563,0.0028214401342335303,0.00020825114782711682,0.0017761560564438675,99.99738800579935,0.0017761560564438675,0.0,4.9,0.0,True,0.03450804969587565,10,1755.4524451884486
2025-08-27 02:00:00,26.70393543803508,99.89457156791576,0.0036940849015184895,0.0006177641332655547,0.0015876225689552415,99.997665260928,0.0015876225689552415,0.0,0.6,0.0,True,0.0,10,1756.050669032392
2025-08-27 03:00:00,26.520453862500663,99.90142748654084,0.0034167743929712302,0.0005294599117659788,0.0,100.0,0.0,0.0,0.6,0.0,True,0.0,10,1756.649081409823
2025-08-27 04:00:00,26.552398709645264,99.90797245349233,0.003195914100384758,0.0007308959718500457,0.0,100.0,0.0,0.0,0.3,0.0,True,0.0,10,1756.949081409823
2025-08-27 05:00:00,26.83495116623782,100.0,0.0,0.002731812168092661,0.004175095985374414,99.99386015296268,0.004175095985374414,0.0,0.3,0.0,True,0.0645251799530476,10,1757.249081409823
2025-08-27 06:00:00,27.824624224987343,95.84746029579344,0.15536740270213387,0.06982932405822044,0.08969962200275529,99.86808879117241,0.08969962200275529,4.0,0.0,0.5,True,0.0,10,1761.2449063138376
2025-08-27 07:00:00,30.285894114908142,91.05135094163094,0.38596793454709943,0.18604973569182376,0.26037702031372184,99.48518140835813,0.3500766423164771,0.0,0.0,0.5,True,0.0,10,1761.2449063138376
2025-08-27 08:00:00,32.51149896870599,87.72022346059235,0.6009656395227823,0.29722787664820877,0.41246882055331174,99.0256684369562,0.6625454628697889,0.0,0.1,0.5,False,0.0,10,1761.2449063138376
2025-08-27 09:00:00,33.781510294011326,86.74021485755446,0.6967871907523305,0.35363159972501346,0.48993935483921136,98.59928703278088,0.9524848177090002,0.0,0.2,0.5,False,0.0,10,1761.2449063138376
2025-08-27 10:00:00,34.68914833405385,84.63006723244888,0.8494646239651216,0.4170547775216028,0.5638000605891456,98.0642869436792,1.3162848782981458,0.0,0.2,0.5,False,0.0,10,1761.2449063138376
2025-08-27 11:00:00,35.34117335837225,83.57166615956106,0.941274243227537,0.4575627420275402,0.6085433474380059,97.6105467268586,1.6248282257361515,0.0,0.3,0.5,False,0.0,10,1761.2449063138376
2025-08-27 12:00:00,36.00043302382625,82.87313199675853,1.0175310093180348,0.49624859029399176,0.6572098232173881,96.93817933977421,2.0820380489535397,0.0,0.2,0.5,False,0.0,10,1761.2449063138376
2025-08-27 13:00:00,33.548887118380286,85.53068783238155,0.7505378167434884,0.3566314900509919,0.4333902163656592,96.59495843335412,2.315428265319199,0.0,0.2,0.5,False,0.0,10,1761.2449063138376
2025-08-27 14:00:00,30.8966917994271,88.57356218248204,0.5103317684505912,0.2571904999104605,0.3054893606053899,99.55075094028619,0.3054893606053899,0.0,3.6,0.5,False,0.0,10,1762.5294780485185
2025-08-27 15:00:00,31.40430453014508,86.59629154540343,0.6161738881850964,0.2638805028364199,0.32226287088802064,99.52608401339998,0.32226287088802064,4.0,0.4,0.5,False,0.0,10,1766.6239886879132
2025-08-27 16:00:00,29.698968806163094,88.17777370598148,0.49302821073081865,0.19503249495543187,0.21060175620602903,99.69029153499113,0.21060175620602903,0.0,0.5,0.5,False,0.0,10,1766.8017258170253
2025-08-27 17:00:00,28.049016273901486,93.12277090172131,0.26069730647725387,0.08773647015762936,0.06593821798419673,99.74038239089673,0.17653997419022577,0.0,0.1,0.5,True,0.0,10,1766.8017258170253
2025-08-27 18:00:00,27.109092427868557,99.97967618444484,0.0007292637431245337,0.005464575360563613,0.0003616402647700229,99.99946817608122,0.0003616402647700229,0.0,4.2,0.0,True,0.16094829901736468,10,1770.825185842835
2025-08-27 19:00:00,27.18387502803298,99.77297356199064,0.00818199251778007,0.0017269087674487526,0.002943332735657359,99.99567156950638,0.002943332735657359,0.0,0.1,0.0,True,0.0,10,1770.9248242025703
2025-08-27 20:00:00,27.21458077562629,99.82183439718143,0.006432616699277893,0.0014558001050423534,0.002698512507995608,99.99170316875934,0.005641845243652967,0.0,0.0,0.0,True,0.0,10,1770.9248242025703
2025-08-27 21:00:00,27.164824579681326,99.87865807933976,0.004368262855103251,0.0009202037740874493,0.00234459381399301,99.98825523667993,0.007986439057645976,0.0,0.0,0.0,True,0.0,10,1770.9248242025703
2025-08-27 22:00:00,27.008510387550817,99.89700149724115,0.0036740808814236412,0.0006206043044293241,0.002155676440407066,99.98508512426757,0.010142115498053042,0.0,0.0,0.0,True,0.0,10,1770.9248242025703
2025-08-27 23:00:00,26.833114295149407,99.94286570336781,0.002017172847033011,0.0002719222334313789,0.0008377983392248522,99.98385306788636,0.010979913837277894,0.0,0.0,0.0,True,0.001768606229089753,10,1770.9248242025703
2025-08-28 00:00:00,26.67682152504001,99.81132447075474,0.006600430289208358,0.0011637924508432554,0.0013753281097589473,99.99797745866212,0.0013753281097589473,0.0,0.1,0.0,True,0.0,10,1771.013844288733
2025-08-28 01:00:00,26.34485042733435,99.84017331555133,0.005482975636697696,0.0008170897578131115,0.0017524502312558194,99.9954003259691,0.0031277783410147667,0.0,0.0,0.0,True,0.0,10,1771.013844288733
2025-08-28 02:00:00,26.13168808411502,99.90579554273474,0.0031913607600600924,0.00048740489968240213,0.0011488482953691693,99.99371084318179,0.0042766266363839355,0.0,0.0,0.0,True,0.0003450037244744075,10,1771.013844288733
2025-08-28 03:00:00,25.917593862053845,99.86325155656087,0.004574371975194776,0.0007203317621809953,0.0009810637860227162,99.9985572591382,0.0009810637860227162,0.0,0.1,0.0,True,0.0,10,1771.1095676620967
2025-08-28 04:00:00,25.785211147234932,99.84867762608904,0.005022382225749022,0.0009278453825444333,0.0,100.0,0.0,0.0,0.1,0.0,True,0.0,10,1771.2085865983106
2025-08-28 05:00:00,25.80553311464989,99.97678793476605,0.0007713348094420766,0.0017918581607945408,0.00243122252403545,99.99642467275878,0.00243122252403545,0.0,0.1,0.0,True,0.0,10,1771.3085865983105
2025-08-28 06:00:00,26.92295418740889,96.87446376595838,0.1109332914241696,0.03582994190941407,0.037328893364492195,99.94510456858163,0.037328893364492195,4.0,0.1,0.5,True,0.0,10,1775.4061553757865
2025-08-28 07:00:00,28.586079524020708,93.66290473991899,0.2478344345953764,0.10995614152890597,0.144923659366232,99.78687697152024,0.144923659366232,0.0,0.2,0.5,True,0.0,10,1775.568826482422
2025-08-28 08:00:00,31.488890122380127,90.81712596587703,0.42417138017106987,0.22405430708223242,0.33813788027718744,99.50273841135707,0.33813788027718744,0.0,0.3,0.5,True,0.0,10,1775.7239028230558
2025-08-28 09:00:00,33.60099361928555,87.64367704345825,0.64280299327944,0.3301574922568892,0.4768878689129887,99.29869431042208,0.4768878689129887,0.0,0.6,0.5,False,0.0,10,1775.9857649427786
2025-08-28 10:00:00,35.24337802705442,85.32300822663781,0.8364062753720224,0.4266413791470675,0.605620866823811,99.10938107820027,0.605620866823811,0.0,3.1,0.5,False,0.0,10,1778.6088770738656
2025-08-28 11:00:00,33.28572921737656,84.88508759768109,0.7725729075712003,0.4069028036303159,0.526314192482049,99.22600854046757,0.526314192482049,0.0,10.6,0.5,False,0.0,10,1788.6032562070418
2025-08-28 12:00:00,29.2851440184741,91.53319830094149,0.3447816579496374,0.1898765495805601,0.21827326669243136,99.6790099019229,0.21827326669243136,0.0,4.3,0.5,True,0.0,10,1792.3769420145597
2025-08-28 13:00:00,29.544187148241885,90.32102890961852,0.400069200768178,0.199937020375231,0.25803488819624265,99.62053692912318,0.25803488819624265,0.0,0.5,0.5,True,0.0,10,1792.6586687478673
2025-08-28 14:00:00,32.41387530800934,86.77173923681896,0.6438345855225296,0.3181784308646267,0.43200236943221676,99.3647023978938,0.43200236943221676,0.0,0.3,0.5,False,0.0,10,1792.7006338596711
2025-08-28 15:00:00,31.558041105601433,87.66358171623264,0.5720775628370385,0.2777942192666903,0.3386795042153299,99.5019419055657,0.3386795042153299,4.0,0.6,0.5,False,0.0,10,1796.8686314902388
2025-08-28 16:00:00,30.098919286282225,88.69374387046543,0.482460423724491,0.2062135133109406,0.22815989795830932,99.46053029092113,0.3668394021736392,0.0,0.2,0.5,False,0.0,10,1796.8686314902388
2025-08-28 17:00:00,28.285587031130998,93.6351314993535,0.2446172903580141,0.09340199494127989,0.07557042900980965,99.34939730708317,0.44240983118344884,0.0,0.0,0.5,True,0.0,10,1796.8686314902388
2025-08-28 18:00:00,27.142801707719183,100.0,0.0,0.004785152042770798,0.0,99.34939730708317,0.44240983118344884,0.0,0.0,0.0,True,0.22908846469789773,10,1796.8686314902388
2025-08-28 19:00:00,26.943922468945182,99.94755191996602,0.0018638092922152565,0.00015819854260428184,0.0,99.34939730708317,0.44240983118344884,0.0,0.0,0.0,True,0.0029391641700231286,10,1796.8686314902388
2025-08-28 20:00:00,26.851125594886334,99.80072192861358,0.007043121751730602,0.001323083943650493,0.0,99.34939730708317,0.44240983118344884,0.0,0.0,0.0,True,0.0,10,1796.8686314902388
2025-08-28 21:00:00,26.7635291868617,99.84156281164009,0.005570929938140436,0.0011264963604116713,0.001096685755631228,99.34778453391311,0.44350651693908005,0.0,0.0,0.0,True,0.0,10,1796.8686314902388
2025-08-28 22:00:00,26.69181087977178,99.92506354303428,0.002623811631443078,0.00053432269361821,0.0005114769082596579,99.3470323619892,0.4440179938473397,0.0,0.0,0.0,True,0.0,10,1796.8686314902388
2025-08-28 23:00:00,26.52914639565448,99.9409388613565,0.0020482575433181994,0.0002704934058836508,0.0,99.3470323619892,0.4440179938473397,0.0,0.0,0.0,True,0.0008970105903186032,10,1796.8686314902388
2025-08-29 00:00:00,25.95845998637146,99.9978795283931,7.110353420099155e-05,3.686863577975458e-05,0.0,100.0,0.0,0.0,2.7,0.0,True,0.08457981595085262,10,1799.1246134963915
2025-08-29 01:00:00,25.831747852657326,99.97765662839348,0.0007436212470689467,4.6345429699860516e-05,0.0,100.0,0.0,0.0,0.5,0.0,True,0.005148773319381059,10,1799.6246134963915
2025-08-29 02:00:00,25.630418035843395,99.9046039051057,0.0031372881580551126,0.0004094103495461595,0.0004655482086245223,99.99931537028144,0.0004655482086245223,0.0,0.3,0.0,True,0.0,10,1799.9246134963914
2025-08-29 03:00:00,25.429340228550064,99.9038705425566,0.003123917790408406,0.0004507468581310051,0.0008678742402002492,99.99872371435265,0.0008678742402002492,0.0,0.4,0.0,True,0.0,10,1800.3241479481828
2025-08-29 04:00:00,25.23990581139762,99.94474610067002,0.001775489293816755,0.00021808535407133876,0.0004277837443848152,99.99937090625825,0.0004277837443848152,0.0,0.3,0.0,True,0.002557154187920671,10,1800.6232800739426
2025-08-29 05:00:00,25.395646585675713,99.87497459974014,0.004054828371773994,0.0021518576933926906,0.0032361359838579016,99.99524097649433,0.0032361359838579016,0.0,0.1,0.0,True,0.0,10,1800.7228522901983
2025-08-29 06:00:00,27.043507764264817,95.73857071289218,0.1523226916014724,0.06088368949569867,0.07769468584042835,99.88574310905818,0.07769468584042835,4.0,0.0,0.5,True,0.0,10,1804.7196161542145
2025-08-29 07:00:00,29.667379329971997,91.95965301844454,0.3347021680490601,0.16653167214636075,0.24140912701460115,99.64498657791971,0.24140912701460115,0.0,0.1,0.5,True,0.0,10,1804.7419214683741
2025-08-29 08:00:00,31.53191613302367,89.5255611315765,0.4850128845869149,0.2526066324348539,0.3585830938791001,99.47267192076603,0.3585830938791001,0.0,0.3,0.5,False,0.0,10,1804.8005123413595
2025-08-29 09:00:00,32.24448420540413,87.13262712395944,0.6203181207721219,0.30336715987344715,0.4029730110063754,99.17418219869782,0.5615561048854755,0.0,0.2,0.5,False,0.0,10,1804.8005123413595
2025-08-29 10:00:00,32.14573611134304,86.77244643566033,0.6341385988153199,0.29810644207885456,0.3787742298334465,98.911278919531,0.740330334718922,0.0,0.2,0.5,False,0.0,10,1804.8005123413595
2025-08-29 11:00:00,32.61370123375604,85.1393087451746,0.7314690290368082,0.3600403946212722,0.4638803339833268,99.31782303825982,0.4638803339833268,0.0,1.6,0.5,False,0.0,10,1805.6601820066405
2025-08-29 12:00:00,32.08977132516723,85.91853345035817,0.672946108983199,0.35430224051550024,0.4651150763725347,99.31600724062862,0.4651150763725347,0.0,1.7,0.5,False,0.0,10,1806.8963016726573
2025-08-29 13:00:00,31.798666010090376,86.77679190367412,0.6216158761626741,0.2890887108158238,0.3615721992832029,98.93134224168274,0.7266872756557377,0.0,0.1,0.5,False,0.0,10,1806.8963016726573
2025-08-29 14:00:00,30.673395406683643,87.95526399287995,0.5311402447450069,0.2364646825566843,0.2784505051553981,98.81597385174832,0.8051377808111357,0.0,0.2,0.5,False,0.0,10,1806.8963016726573
2025-08-29 15:00:00,30.023078971157037,90.19331474645116,0.4166551735882166,0.18176338163190386,0.21071874593580564,99.69011949127088,0.21071874593580564,4.0,0.0,0.5,True,0.0,10,1810.0911638918462
2025-08-29 16:00:00,29.18107629740789,92.05851592649366,0.3214542352321201,0.12772354099405772,0.12954727732202825,99.49960878932671,0.3402660232578339,0.0,0.0,0.5,True,0.0,10,1810.0911638918462
2025-08-29 17:00:00,28.265510851590843,94.35508441150124,0.2166948307193866,0.07558116506066105,0.05775507920108206,99.85585131991336,0.09802110245891596,0.0,0.3,0.5,True,0.0,10,1810.0911638918462
2025-08-29 18:00:00,27.650952277780437,99.82542688866296,0.006465812420863974,0.0051809974123634,0.00397406797455194,99.85000710230373,0.1019951704334679,0.0,0.0,0.0,True,0.07373033029651754,10,1810.0911638918462
2025-08-29 19:00:00,27.275567760729903,99.89063899301236,0.00396257334812783,0.0004873582661691245,0.0007702559137760564,99.84887437301876,0.10276542634724395,0.0,0.0,0.0,True,0.005446997489213026,10,1810.0911638918462
2025-08-29 20:00:00,26.967301581848616,99.92209777490486,0.0027721556666426414,0.0003023787181816269,0.0,100.0,0.0,0.0,0.4,0.0,True,0.0064188730296729085,10,1810.388398465499
2025-08-29 21:00:00,26.738429582899116,99.90946362082857,0.00317872513086148,0.00041371088298000706,0.0017317874384104727,99.99745325376705,0.0017317874384104727,0.0,0.5,0.0,True,0.0004090310053817686,10,1810.888398465499
2025-08-29 22:00:00,26.374604095202745,99.88901368500474,0.0038141540863776166,0.0004175441313337212,0.00563963368496901,99.99170642105152,0.00563963368496901,0.0,0.1,0.0,True,0.0037533118203206955,10,1810.9866666780606
2025-08-29 23:00:00,26.06778698947753,99.92151142621644,0.0026489368856270567,0.0002881516498081481,0.0,100.0,0.0,0.0,0.2,0.0,True,0.006157289359462817,10,1811.1810270443757
