timestamp,T_in,RH_in,VPD,ET_hr,ETc_hr,soil_pct,depletion,irrigation,rain,vent,leaf_wet,condensed,dsv_cumulative,runoff
2025-06-01 00:00:00,24.092440067364617,98.93453634095772,0.03196938322421602,0.007501784448634708,0.0,100.0,0.0,0.0,0.0,1.0,True,0.0,0,0.0
2025-06-01 01:00:00,24.147343168229813,99.45645713404069,0.01636286238424354,0.003546015702678936,0.0,100.0,0.0,0.0,0.0,1.0,True,0.0,0,0.0
2025-06-01 02:00:00,24.15020639213678,99.42617507367933,0.01727744181261804,0.0037147715927323037,0.0,100.0,0.0,0.0,0.0,1.0,True,0.0,0,0.0
2025-06-01 03:00:00,24.049517431465915,98.27816146687587,0.051531142413976994,0.011023986711803217,0.0008677580672912464,99.99872388519516,0.0008677580672912464,0.0,0.0,1.0,True,0.0,0,0.0
2025-06-01 04:00:00,23.89792942310355,97.71708505897402,0.06770407320988064,0.014846723121437104,0.0011840713200700372,99.99698260384211,0.0020518293873612835,0.0,0.0,1.0,True,0.0,0,0.0
2025-06-01 05:00:00,24.671682954804616,97.3052667100638,0.0837079382482627,0.026548329875795116,0.009794776951703579,99.98257852008962,0.011846606339064862,0.0,0.0,1.0,True,0.0,0,0.0
2025-06-01 06:00:00,25.61240409973717,97.22027449624115,0.09131916350341782,0.03081584933560585,0.014087799534051823,99.97928264774404,0.014087799534051823,0.0,1.3,1.0,True,0.004340539626352183,0,1.2881533936609353
2025-06-01 07:00:00,26.1526550773214,95.90481385206441,0.13890433395644836,0.06048438305325996,0.03636093774488036,99.94652803272812,0.03636093774488036,0.0,1.7,1.0,True,0.0,0,2.974065594126883
2025-06-01 08:00:00,26.70140814927073,93.99445443261796,0.21039579409422252,0.08326091678335859,0.04716775856142023,99.93063564917438,0.04716775856142023,0.0,0.2,1.0,True,0.0,0,3.137704656382003
2025-06-01 09:00:00,30.285375174026278,85.16783313694977,0.6397134069314923,0.29607897952077333,0.20816123238026082,99.62451618979165,0.25532899094168104,0.0,0.0,1.0,False,0.0,1,3.137704656382003
2025-06-01 10:00:00,32.1186533022156,79.59198611754105,0.9768804071682324,0.42833110339591673,0.28070320523292347,99.21171735856676,0.5360321961746045,0.0,0.0,1.0,False,0.0,1,3.137704656382003
2025-06-01 11:00:00,32.32420958305842,79.34303255283025,1.0003307163081079,0.4217940872181501,0.2591760327712028,98.83057613390322,0.7952082289458073,0.0,0.0,1.0,False,0.0,1,3.137704656382003
2025-06-01 12:00:00,31.62534349586724,79.84208730949325,0.938357030343513,0.37877161538849424,0.21870742232830961,98.50894757165571,1.013915651274117,0.0,0.0,1.0,False,0.0,1,3.137704656382003
2025-06-01 13:00:00,32.38463726416302,80.62517537584216,0.9414427419587481,0.40678824059850116,0.2576420147562902,98.13006225583763,1.2715576660304073,0.0,0.0,1.0,False,0.0,1,3.137704656382003
2025-06-01 14:00:00,33.12900643314135,78.27369179411171,1.1007984656415024,0.47280439568445176,0.30016591002101795,97.68864179992437,1.5717235760514252,0.0,0.0,1.0,False,0.0,1,3.137704656382003
2025-06-01 15:00:00,31.25668808629093,82.46621055819345,0.799306399090876,0.32390731358455127,0.18095901481509433,97.42252560166689,1.7526825908665196,0.0,0.0,1.0,False,0.0,1,3.137704656382003
2025-06-01 16:00:00,30.158958513223713,86.00240251386519,0.5993638147859539,0.219468346495086,0.10793513687764932,97.41085628272916,1.7606177277441688,0.0,0.1,1.0,False,0.0,1,3.137704656382003
2025-06-01 17:00:00,29.18555140135436,89.03623440308462,0.44390433326136236,0.14144833927182018,0.05315263375873458,97.33269064484867,1.8137703615029035,0.0,0.0,1.0,False,0.0,1,3.137704656382003
2025-06-01 18:00:00,27.602940091629375,92.54276042243406,0.2754268858893911,0.07122007843329997,0.008944129831167226,97.31953751274402,1.8227144913340707,0.0,0.0,1.0,True,0.0,1,3.137704656382003
2025-06-01 19:00:00,26.367177188982325,94.04865319623015,0.20443437714245571,0.04813455269144927,0.010535830576697736,97.30404364424888,1.8332503219107685,0.0,0.0,1.0,True,0.0,1,3.137704656382003
2025-06-01 20:00:00,25.449225571348265,94.34296888200211,0.18405362099696346,0.04251891972807377,0.005078203261415535,97.2965756982762,1.8383285251721841,0.0,0.0,1.0,True,0.0,1,3.137704656382003
2025-06-01 21:00:00,25.202951643047797,94.98310450506274,0.16085546811698767,0.03567371958472674,0.003161273117158217,97.43898559075097,1.7414897982893423,0.0,0.1,1.0,True,0.0,1,3.137704656382003
2025-06-01 22:00:00,25.04373390162305,93.16689921719914,0.21702196168381538,0.04672904036140254,0.005730245745709641,97.57761758230139,1.6472200440350517,0.0,0.1,1.0,True,0.0,1,3.137704656382003
2025-06-01 23:00:00,24.844293427888836,94.48821143595795,0.17298836748660334,0.038382549500550464,0.0019112152538355931,97.57480697163399,1.6491312592888874,0.0,0.0,1.0,True,0.0,1,3.137704656382003
2025-06-02 00:00:00,24.578139753112545,95.44158139425916,0.14081154629571624,0.031467828468740834,0.0036403916176795384,97.56945345454918,1.6527716509065669,0.0,0.0,1.0,True,0.0,1,3.137704656382003
2025-06-02 01:00:00,24.282203401812634,96.65899808872327,0.10139390948364416,0.023120924506279984,0.0012101082905812378,97.5676738835336,1.6539817591971482,0.0,0.0,1.0,True,0.0,1,3.137704656382003
2025-06-02 02:00:00,24.08210889933074,96.6797817997394,0.09956188641016359,0.0220729375595298,0.0007091303818785594,97.71368986826614,1.5546908895790266,0.0,0.1,1.0,True,0.0,1,3.137704656382003
2025-06-02 03:00:00,24.033548535209132,96.0640700365589,0.11768160329553735,0.025359436012385866,0.0018012386829969738,97.71104098784996,1.5564921282620234,0.0,0.0,1.0,True,0.0,1,3.137704656382003
2025-06-02 04:00:00,23.93882929553701,97.21942215881802,0.08266600290008552,0.018479489785955917,0.0005901420460986381,97.71017313189982,1.557082270308122,0.0,0.0,1.0,True,0.0,1,3.137704656382003
2025-06-02 05:00:00,24.088933632521766,96.38203128026916,0.10853481847759931,0.028500453439319916,0.00550882369728808,97.70207192058028,1.56259109400541,0.0,0.0,1.0,True,0.0,1,3.137704656382003
2025-06-02 06:00:00,24.974599465041262,94.01984598717524,0.18915155731349753,0.052696307980504425,0.022231401008520838,97.96349633086187,1.384822495013931,0.0,0.2,1.0,True,0.0,1,3.137704656382003
2025-06-02 07:00:00,24.83547271925705,95.34761977683387,0.14593890755015618,0.05031002112986822,0.0208830445417028,98.07984479477113,1.3057055395556336,0.0,0.1,1.0,True,0.0,1,3.137704656382003
2025-06-02 08:00:00,26.843109408469118,89.89083018251603,0.3571220753223711,0.1533974930474894,0.09829488091489413,97.93529349930805,1.4040004204705276,0.0,0.0,1.0,False,0.0,1,3.137704656382003
2025-06-02 09:00:00,27.31167067733911,87.78419420299161,0.44356243036277154,0.18677194532398486,0.11076099716549927,97.77240967994702,1.514761417636027,0.0,0.0,1.0,False,0.0,1,3.137704656382003
2025-06-02 10:00:00,26.7880660910479,88.65674149003372,0.39942443909573616,0.15011017669953775,0.07712150239608549,97.80605452936454,1.4918829200321122,0.0,0.1,1.0,False,0.0,1,3.137704656382003
2025-06-02 11:00:00,27.74498980753817,86.04108051304235,0.5198534326891944,0.18996198238191095,0.10175300461061128,97.80347658140775,1.4936359246427233,0.0,0.1,1.0,False,0.0,1,3.137704656382003
2025-06-02 12:00:00,28.441847221390685,84.89898072308063,0.5856586211949768,0.22458125258878558,0.12215347682227833,97.62383911549264,1.6157894014650016,0.0,0.0,1.0,False,0.0,1,3.137704656382003
2025-06-02 13:00:00,31.480440452913882,77.78573087221211,1.0256202822544263,0.44496785370036623,0.2816362199386128,97.20966820381821,1.8974256214036145,0.0,0.0,1.0,False,0.0,1,3.137704656382003
2025-06-02 14:00:00,31.509718104121486,76.37788936067678,1.0924321964311092,0.4541281410316765,0.27340086201084524,96.8076081126258,2.1708264834144595,0.0,0.0,1.0,False,0.0,1,3.137704656382003
2025-06-02 15:00:00,31.169651472955202,76.07967263652787,1.0850657948087923,0.395570702557101,0.21656328041999406,96.48913270024345,2.3873897638344537,0.0,0.0,1.0,False,0.0,1,3.137704656382003
2025-06-02 16:00:00,29.434450766171942,84.70510848941957,0.6282149987890164,0.22142324806651775,0.10704586707296714,96.4787711310185,2.3944356309074206,0.0,0.1,1.0,False,0.0,1,3.137704656382003
2025-06-02 17:00:00,28.564662243421502,87.90766198571478,0.4723266499208667,0.14786005336564925,0.05967266728851876,96.39101720853537,2.4541082981959392,0.0,0.0,1.0,False,0.0,1,3.137704656382003
2025-06-02 18:00:00,26.809277577574694,91.26087150404973,0.30811028682331015,0.07977410107623682,0.00558856142582365,96.38279873585034,2.4596968596217628,0.0,0.0,1.0,True,0.0,1,3.137704656382003
2025-06-02 19:00:00,26.307222115407296,94.61924274707192,0.1841818329626927,0.04252376448016609,0.0,96.38279873585034,2.4596968596217628,0.0,0.0,1.0,True,0.0,1,3.137704656382003
2025-06-02 20:00:00,26.479968466541315,96.3323786245262,0.12682636173277934,0.027440595202035005,0.0,96.38279873585034,2.4596968596217628,0.0,0.0,1.0,True,0.0,1,3.137704656382003
2025-06-02 21:00:00,26.228731117753068,94.25428240430476,0.1957657361316591,0.04238030042560591,0.0,96.38279873585034,2.4596968596217628,0.0,0.0,1.0,True,0.0,1,3.137704656382003
2025-06-02 22:00:00,25.604149695455344,96.19014421500907,0.1250996239346747,0.029543674883475042,0.0,96.38279873585034,2.4596968596217628,0.0,0.0,1.0,True,0.0,1,3.137704656382003
2025-06-02 23:00:00,25.448095355549174,94.35341108094416,0.18370155484359652,0.039504641249878736,0.004798925291050947,96.52280031630468,2.3644957849128136,0.0,0.1,1.0,True,0.0,1,3.137704656382003
2025-06-03 00:00:00,24.56534593237676,94.4627134829151,0.17091847675513205,0.03916696478710427,0.010234243302192497,97.39010289968381,1.774730028215006,0.0,0.6,1.0,True,0.0,1,3.137704656382003
2025-06-03 01:00:00,23.656955804788318,98.21921747951512,0.052052753896058436,0.014764379273538561,0.0015940197946579923,98.41717051763284,1.076324048009664,0.0,0.7,1.0,True,0.0,1,3.137704656382003
2025-06-03 02:00:00,23.149987293957878,98.31626626032799,0.04773428230826626,0.011689137027084235,0.0,98.56422934116226,0.9763240480096641,0.0,0.1,1.0,True,0.0,1,3.137704656382003
2025-06-03 03:00:00,22.999695482552994,97.75568438317013,0.06305148597960872,0.013850715034231265,2.786924987430522e-05,98.56418835697127,0.9763519172595384,0.0,0.0,1.0,True,0.0,1,3.137704656382003
2025-06-03 04:00:00,22.853553539734623,97.14908894020577,0.07938785176794336,0.017348678635331304,0.0,98.56418835697127,0.9763519172595384,0.0,0.0,1.0,True,0.0,1,3.137704656382003
2025-06-03 05:00:00,23.247719954659587,98.56137571542673,0.04102680410763249,0.016348398103507668,0.0050735788951741054,98.5567272115372,0.9814254961547125,0.0,0.0,1.0,True,0.023998212273313585,1,3.137704656382003
2025-06-03 06:00:00,24.38839573154064,93.10651526502178,0.21054019295709575,0.06525157244611443,0.03193555829091169,98.50976315522702,1.0133610544456242,0.0,0.0,1.0,True,0.0,1,3.137704656382003
2025-06-03 07:00:00,25.92924550130419,90.58635876489083,0.3151127910655469,0.13376582499207296,0.08189789542265725,98.38932507372311,1.0952589498682814,0.0,0.0,1.0,True,0.0,1,3.137704656382003
2025-06-03 08:00:00,25.70657226357754,90.87453311288098,0.3014664098380431,0.11862521871563256,0.06127920556370526,98.29920859495296,1.1565381554319867,0.0,0.0,1.0,True,0.0,1,3.137704656382003
2025-06-03 09:00:00,26.416080485813918,89.42076609177576,0.3644556142589296,0.1462224601153199,0.08179735472084787,98.1789183674223,1.2383355101528346,0.0,0.0,1.0,False,0.0,2,3.137704656382003
2025-06-03 10:00:00,28.575789238584694,84.60438012497217,0.6017408787038887,0.263213105031817,0.17000392590909083,97.92891259402658,1.4083394360619255,0.0,0.0,1.0,False,0.0,2,3.137704656382003
2025-06-03 11:00:00,29.427739429591778,83.00161195007075,0.6979137348637869,0.3139359366550731,0.1979993273588423,97.63773711261652,1.6063387634207678,0.0,0.0,1.0,False,0.0,2,3.137704656382003
2025-06-03 12:00:00,31.028941874883635,79.89244457808907,0.9048399840420438,0.4171882561827027,0.25626521147972936,97.26087650749928,1.8626039749004972,0.0,0.0,1.0,False,0.0,2,3.137704656382003
2025-06-03 13:00:00,31.68719129172844,78.33203935734129,1.0121906291018086,0.46214777434518184,0.282066574932801,96.84607272083339,2.144670549833298,0.0,0.0,1.0,False,0.0,2,3.137704656382003
2025-06-03 14:00:00,32.10260727739275,78.09560162664839,1.047559058998585,0.4701161376123495,0.28714332474646787,96.423803125618,2.431813874579766,0.0,0.0,1.0,False,0.0,2,3.137704656382003
2025-06-03 15:00:00,31.132516620905488,79.08978551679888,0.9465211498317991,0.3837003370979412,0.2013608818220988,96.12768418176196,2.6331747564018646,0.0,0.0,1.0,False,0.0,2,3.137704656382003
2025-06-03 16:00:00,30.327842398052386,81.89036932782126,0.7829713770127777,0.2918354506186233,0.1284048537303378,95.93885351451146,2.7615796101322023,0.0,0.0,1.0,False,0.0,2,3.137704656382003
2025-06-03 17:00:00,28.136907228545947,87.55869123466063,0.47403463640888344,0.16253161461403845,0.05358545060022285,96.15416902833466,2.615165060732425,0.0,0.2,1.0,False,0.0,2,3.137704656382003
2025-06-03 18:00:00,27.170500099527537,88.777414145371,0.4041431831497693,0.09688585686825855,0.0065957630217578075,96.14446937683209,2.6217608237541827,0.0,0.0,1.0,False,0.0,2,3.137704656382003
2025-06-03 19:00:00,26.354783947732773,91.26568120397383,0.29981296530206586,0.06809152151237584,0.0009055122488932978,96.14313774117194,2.622666336003076,0.0,0.0,1.0,True,0.0,2,3.137704656382003
2025-06-03 20:00:00,26.072481537066068,93.84745371038007,0.20770192465514395,0.046611234523289156,0.0,96.14313774117194,2.622666336003076,0.0,0.0,1.0,True,0.0,2,3.137704656382003
2025-06-03 21:00:00,26.00111271140832,96.17518204735987,0.12857741109246634,0.028785404503319303,0.0,96.14313774117194,2.622666336003076,0.0,0.0,1.0,True,0.0,2,3.137704656382003
2025-06-03 22:00:00,25.729781091318745,98.40409908918497,0.0527942798736919,0.012963904854587947,0.0,96.14313774117194,2.622666336003076,0.0,0.0,1.0,True,0.0,2,3.137704656382003
2025-06-03 23:00:00,25.492738219561726,98.88590526326264,0.03634122088207678,0.008670937759924096,0.0,96.14313774117194,2.622666336003076,0.0,0.0,1.0,True,0.0,2,3.137704656382003
2025-06-04 00:00:00,24.891959262307765,97.71939156243748,0.07178097955892705,0.016728079302731003,0.0,96.14313774117194,2.622666336003076,0.0,0.0,1.0,True,0.0,2,3.137704656382003
2025-06-04 01:00:00,24.438610397532344,98.37594466880805,0.04975100362722385,0.012246207820190006,0.0,96.14313774117194,2.622666336003076,0.0,0.0,1.0,True,0.0,2,3.137704656382003
2025-06-04 02:00:00,24.49199993405826,98.92491843031128,0.03303917677634829,0.0071587976153215,0.0,96.14313774117194,2.622666336003076,0.0,0.0,1.0,True,0.0,2,3.137704656382003
2025-06-04 03:00:00,24.68353072987889,97.81809097003142,0.0678257712691165,0.013755606334426525,0.0,96.29019656470136,2.522666336003076,0.0,0.1,1.0,True,0.0,2,3.137704656382003
2025-06-04 04:00:00,24.488335464857258,97.78077050452126,0.06818594306105216,0.015257766753876125,0.0005626977545004725,96.43642789153297,2.4232290337575764,0.0,0.1,1.0,True,0.0,2,3.137704656382003
2025-06-04 05:00:00,24.634152448486798,95.44202876054374,0.1412696896721364,0.041198946731617565,0.014430566841543698,96.709324116766,2.23765960059912,0.0,0.2,1.0,True,0.0,2,3.137704656382003
2025-06-04 06:00:00,25.147925808372076,93.22828653292406,0.216410233063019,0.08773280431499585,0.04047863747230012,96.6497967087185,2.27813823807142,0.0,0.0,1.0,True,0.0,2,3.137704656382003
2025-06-04 07:00:00,27.966441758083807,86.13042875302408,0.5232366244999026,0.2420324269424874,0.15241304885388263,96.42565987216867,2.4305512869253025,0.0,0.0,1.0,False,0.0,2,3.137704656382003
2025-06-04 08:00:00,29.681352326963662,78.80423901545102,0.8830426236222866,0.38833207633806077,0.2457204129196078,96.06430632375749,2.6762716998449103,0.0,0.0,1.0,False,0.0,2,3.137704656382003
2025-06-04 09:00:00,28.269645559949907,82.88164912086316,0.6572905185564972,0.26257300326764627,0.14373042023878976,95.85293805870045,2.8200021200837,0.0,0.0,1.0,False,0.0,2,3.137704656382003
2025-06-04 10:00:00,26.200342668838296,93.29602500187164,0.228032719960548,0.09749037678146859,0.04662895374775469,98.43142489142434,1.0666310738314546,0.0,1.8,1.0,True,0.0,2,3.137704656382003
2025-06-04 11:00:00,28.319611781652103,86.98560132328313,0.5011644442787669,0.2325851065781398,0.15453014445863497,98.93946879663223,0.7211612182900896,0.0,0.5,1.0,False,0.0,2,3.137704656382003
2025-06-04 12:00:00,27.87577450148613,89.20900659815109,0.40495097192718416,0.19024317855793213,0.11712789156591467,99.79663366197646,0.13828910985600434,0.0,0.7,1.0,False,0.0,2,3.137704656382003
2025-06-04 13:00:00,29.837357722719577,85.48234281020832,0.6102704150103755,0.31708244553887854,0.22785414229610096,99.66492037897632,0.22785414229610096,0.0,0.6,1.0,False,0.0,2,3.5994155465259983
2025-06-04 14:00:00,27.34183133420312,91.17985518998289,0.3208299567667424,0.14172691478267516,0.07340398706261156,99.89205296020204,0.07340398706261156,0.0,0.7,1.0,True,0.0,2,4.0715614042298975
2025-06-04 15:00:00,29.30710769848125,85.50354390483301,0.5910668757896008,0.26310707775754205,0.173049713533467,99.74551512715666,0.173049713533467,0.0,0.2,1.0,False,0.0,2,4.198157417167286
2025-06-04 16:00:00,27.760285646556465,88.60763814226966,0.42464928314359385,0.16205709379067262,0.07752646641153457,99.77856444125736,0.15057617994500155,0.0,0.1,1.0,False,0.0,2,4.198157417167286
2025-06-04 17:00:00,26.65609741691448,93.23758336111361,0.23628123614708318,0.07958780326965359,0.02736184237687761,99.9597619965046,0.02736184237687761,0.0,0.3,1.0,True,0.0,2,4.347581237222284
2025-06-04 18:00:00,25.529860350964558,96.50701246669401,0.11419077010654881,0.03250449333549896,0.004698276573634002,99.95285276624925,0.03206011895051161,0.0,0.0,1.0,True,0.0,2,4.347581237222284
2025-06-04 19:00:00,25.17304964498576,96.66834565705642,0.10663217993722846,0.02410387985492517,0.0018881852182142684,99.95007602328128,0.03394830416872588,0.0,0.0,1.0,True,0.0,2,4.347581237222284
2025-06-04 20:00:00,25.02508493483453,97.27560950754842,0.08643167172225708,0.019295313073534794,0.0004288926843746392,99.94944529874545,0.03437719685310052,0.0,0.0,1.0,True,0.0,2,4.347581237222284
2025-06-04 21:00:00,24.942275183574804,98.31246664453042,0.05327377347447602,0.012078607316504368,0.0006686889072581257,99.99901663395991,0.0006686889072581257,0.0,0.2,1.0,True,0.0,2,4.5132040403691835
2025-06-04 22:00:00,23.951891988532857,99.41239737631025,0.017483012132647448,0.006623338400131831,0.0,100.0,0.0,0.0,4.2,1.0,True,0.0,2,8.712535351461925
2025-06-04 23:00:00,23.697485004970183,98.89249748114058,0.032451640058478295,0.007535300521815258,0.0,100.0,0.0,0.0,3.6,1.0,True,0.0,2,12.312535351461925
2025-06-05 00:00:00,23.751811809242067,99.41522798845273,0.017190861710775922,0.0037451786710459567,0.0,100.0,0.0,0.0,3.9,1.0,True,0.0,2,16.212535351461923
2025-06-05 01:00:00,23.700020210907244,99.99993214305812,1.988622961146439e-06,0.0003490442873100915,0.0,100.0,0.0,0.0,1.3,0.8,True,0.0050867046612980416,2,17.512535351461924
2025-06-05 02:00:00,23.610190643688664,99.99299981557918,0.00020404212715650845,0.0001588724692154576,0.0,100.0,0.0,0.0,2.2,0.1,True,0.0,2,19.712535351461923
2025-06-05 03:00:00,23.300361378282386,99.99881127384708,3.400807057442785e-05,0.0009110883646417438,0.0,100.0,0.0,0.0,4.8,0.8,True,0.0,2,24.512535351461924
2025-06-05 04:00:00,23.11078339999194,99.54732983839263,0.012802950789624054,0.0028965470504013443,0.0,100.0,0.0,0.0,8.2,0.1,True,0.0,2,32.71253535146192
2025-06-05 05:00:00,23.33531056812806,97.41550332303554,0.07409552152095114,0.022408075473833153,0.0,100.0,0.0,0.0,0.1,1.0,True,0.0,2,32.812535351461925
2025-06-05 06:00:00,26.138411802025544,92.7881601983288,0.24441224463575778,0.09981756872720035,0.05182475091997518,99.92378713100004,0.05182475091997518,0.0,0.0,1.0,True,0.0,2,32.812535351461925
2025-06-05 07:00:00,28.16473534286302,88.73208716417889,0.43002170836823606,0.21631235446236644,0.14499413890635546,99.78677332513772,0.14499413890635546,0.0,0.1,1.0,False,0.0,2,32.86071060054195
2025-06-05 08:00:00,29.73370304568193,84.07863903103517,0.665303434493984,0.32358641086971485,0.20096863090063563,99.63829004440147,0.24596276980699108,0.0,0.1,1.0,False,0.0,2,32.86071060054195
2025-06-05 09:00:00,31.704090131973874,79.56933417642362,0.955305893324692,0.4639902093514488,0.30219523934201464,99.34094410419264,0.4481580091490057,0.0,0.1,1.0,False,0.0,2,32.86071060054195
2025-06-05 10:00:00,32.02103700452512,78.48773805520696,1.0240763206569319,0.4796274054130649,0.3166428631614424,99.02235165836699,0.6648008723104482,0.0,0.1,1.0,False,0.0,2,32.86071060054195
2025-06-05 11:00:00,32.776911315540666,76.43348383907659,1.1706771432222476,0.5219738009043801,0.32218654674004654,98.54854791316103,0.9869874190504947,0.0,0.0,1.0,False,0.0,2,32.86071060054195
2025-06-05 12:00:00,33.63312557878232,74.55046314835842,1.3263181251853513,0.5867750225450288,0.3618269266891696,98.01644949155931,1.3488143457396644,0.0,0.0,1.0,False,0.0,2,32.86071060054195
2025-06-05 13:00:00,33.50643567544027,74.89496021470246,1.29913865096548,0.5716791959121563,0.348286754979899,97.94543955776534,1.3971011007195635,0.0,0.3,1.0,False,0.0,2,32.86071060054195
2025-06-05 14:00:00,32.60024032709639,75.84093987918669,1.1882507539261973,0.4924404565474079,0.279675530400349,97.53415201305896,1.6767766311199126,0.0,0.0,1.0,False,0.0,2,32.86071060054195
2025-06-05 15:00:00,31.59474695342223,77.87453097559694,1.0281630040056693,0.4035216086327157,0.21695393483597247,97.2151021088884,1.893730565955885,0.0,0.0,1.0,False,0.0,2,32.86071060054195
2025-06-05 16:00:00,28.81969586597351,83.41612351622602,0.6574061775912877,0.2438338155270731,0.12302580390364555,99.8190797001417,0.12302580390364555,0.0,2.8,1.0,False,0.0,2,33.76698003458606
2025-06-05 17:00:00,29.287614519923235,99.99999999999999,4.521649199977923e-16,0.0454529030333779,0.03930377994406714,99.94220032361166,0.03930377994406714,0.0,3.4,0.0,True,1.9637492670531878,2,37.04395423068242
2025-06-05 18:00:00,26.54564036411083,92.53665869933508,0.25908231710196095,0.06937720808355487,0.0018646136514924006,99.93945824471241,0.041168393595559544,0.0,0.0,0.8,True,0.0,2,37.04395423068242
2025-06-05 19:00:00,26.23591951583726,92.63889981007706,0.2509107999320068,0.055235252631780196,0.0,99.93945824471241,0.041168393595559544,0.0,0.0,1.0,True,0.0,2,37.04395423068242
2025-06-05 20:00:00,25.81874686870606,94.58545254126237,0.18006571568099716,0.04083595203453205,0.0,99.93945824471241,0.041168393595559544,0.0,0.0,1.0,True,0.0,2,37.04395423068242
2025-06-05 21:00:00,25.731783236000226,95.76487660239033,0.14011948177168956,0.03092606465817813,0.0,99.93945824471241,0.041168393595559544,0.0,0.0,1.0,True,0.0,2,37.04395423068242
2025-06-05 22:00:00,25.713459280191667,98.58876302977244,0.04664026179171771,0.011039093096151583,0.0,99.93945824471241,0.041168393595559544,0.0,0.0,0.8,True,0.0,2,37.04395423068242
2025-06-05 23:00:00,25.426404124237397,99.98447904988043,0.000504296207210481,0.0011456886481697587,0.0,99.93945824471241,0.041168393595559544,0.0,0.0,0.1,True,0.00894133148447579,2,37.04395423068242
2025-06-06 00:00:00,25.100421626378697,99.99868294481735,4.197159496086151e-05,0.0010444624715704798,0.0,99.93945824471241,0.041168393595559544,0.0,0.0,0.8,True,0.0,2,37.04395423068242
2025-06-06 01:00:00,24.96277233262988,99.80431839322189,0.0061850260087452395,0.0014277655202122423,0.0,99.93945824471241,0.041168393595559544,0.0,0.0,0.1,True,0.0,2,37.04395423068242
2025-06-06 02:00:00,24.816992428422466,99.9901794374537,0.0003077184649759615,0.0003216973041265397,0.0,100.0,0.0,0.0,0.1,0.1,True,0.0,2,37.102785837086856
2025-06-06 03:00:00,24.712757829937605,99.99254331380995,0.00023219976914951455,0.00017701571079869476,0.0,100.0,0.0,0.0,0.0,0.1,True,0.0,2,37.102785837086856
2025-06-06 04:00:00,24.427649970421744,99.97786758206601,0.0006775558880023621,0.0005869683132658892,0.0,100.0,0.0,0.0,0.2,0.1,True,0.0,2,37.30278583708686
2025-06-06 05:00:00,23.71472366959245,99.05490491629762,0.027721569134188623,0.016803203021107882,0.006029930136001503,99.99113245568235,0.006029930136001503,0.0,7.3,0.8,True,0.0,2,44.602785837086856
2025-06-06 06:00:00,27.795391574170672,93.70715161472532,0.23504613272914476,0.10335918475787356,0.0619548247746048,99.90002241924911,0.06798475491060631,0.0,0.0,1.0,True,0.2730262834283008,2,44.602785837086856
2025-06-06 07:00:00,29.95695384468789,87.8194157764308,0.5155554126260663,0.24273581186869925,0.15171722612251953,99.77688643217276,0.15171722612251953,0.0,0.1,1.0,False,0.0,2,44.63480108217625
2025-06-06 08:00:00,31.402593314437638,83.44304333835686,0.7610560569924157,0.36186591353596254,0.2324285002919247,99.58213863762582,0.28414572641444424,0.0,0.1,1.0,False,0.0,2,44.63480108217625
2025-06-06 09:00:00,32.045853020360475,78.73126007245317,1.0139041002606406,0.458953330521346,0.2885318868465223,99.30488586285152,0.4726776132609666,0.0,0.1,1.0,False,0.0,2,44.63480108217625
2025-06-06 10:00:00,32.24311130622023,78.27652027133779,1.0471775972144715,0.47927182562414794,0.29131593257041816,99.17059772671855,0.5639935458313847,0.0,0.2,1.0,False,0.0,2,44.63480108217625
2025-06-06 11:00:00,33.05301831454474,76.77442391182714,1.1717596221045514,0.5272939040379248,0.322606427854567,98.69617650928537,0.8865999736859518,0.0,0.0,1.0,False,0.0,2,44.63480108217625
2025-06-06 12:00:00,33.53217957043057,74.59294285331677,1.3166601152376105,0.582847562697894,0.35653721948522127,98.17185706886592,1.243137193171173,0.0,0.0,1.0,False,0.0,2,44.63480108217625
2025-06-06 13:00:00,33.175607055739434,73.91884313141841,1.3248986475808955,0.5494016676835008,0.31334311379364227,97.85811719563998,1.4564803069648151,0.0,0.1,1.0,False,0.0,2,44.63480108217625
2025-06-06 14:00:00,32.86157411457906,72.03648245482617,1.3957213602120115,0.5329822884263904,0.2879128219386933,97.43471598690661,1.7443931289035084,0.0,0.0,1.0,False,0.0,2,44.63480108217625
2025-06-06 15:00:00,31.78059248981422,72.69480986116051,1.282289909323909,0.459502880778193,0.2259567073045614,97.10242671145872,1.9703498362080698,0.0,0.0,1.0,False,0.0,2,44.63480108217625
2025-06-06 16:00:00,30.82351366798121,77.46691095025271,1.0021927868878324,0.3360532957932126,0.14497297049651076,96.88923116661091,2.1153228067045804,0.0,0.0,1.0,False,0.0,2,44.63480108217625
2025-06-06 17:00:00,29.327184280537672,83.83311830413948,0.6599388766202408,0.19835780661309327,0.052427187693067916,96.81213236117992,2.1677499943976484,0.0,0.0,1.0,False,0.0,2,44.63480108217625
2025-06-06 18:00:00,27.40836555448368,92.65370123757165,0.26826140730483816,0.07375905828509396,0.0,96.81213236117992,2.1677499943976484,0.0,0.0,1.0,True,0.0,2,44.63480108217625
2025-06-06 19:00:00,26.848926634050756,93.94100476303804,0.21411653413531714,0.04844092607570453,0.0,96.81213236117992,2.1677499943976484,0.0,0.0,1.0,True,0.0,2,44.63480108217625
2025-06-06 20:00:00,26.515756948823743,94.50229752691207,0.19051167535855026,0.04236218558881036,0.0,96.81213236117992,2.1677499943976484,0.0,0.0,1.0,True,0.0,2,44.63480108217625
2025-06-06 21:00:00,26.28237644133974,95.03388805407327,0.16973971353231362,0.037548225300773404,0.0,96.81213236117992,2.1677499943976484,0.0,0.0,1.0,True,0.0,2,44.63480108217625
2025-06-06 22:00:00,25.94614641773248,95.59136923755965,0.14772235243249449,0.03309606310139259,0.0,96.81213236117992,2.1677499943976484,0.0,0.0,1.0,True,0.0,2,44.63480108217625
2025-06-06 23:00:00,25.70385056220599,96.18128682252915,0.1261336156160898,0.028162059895067218,0.0,96.81213236117992,2.1677499943976484,0.0,0.0,1.0,True,0.0,2,44.63480108217625
2025-06-07 00:00:00,25.584578175679518,95.11272840796445,0.16029129396375222,0.034622567473541255,0.0,96.81213236117992,2.1677499943976484,0.0,0.0,1.0,True,0.0,2,44.63480108217625
2025-06-07 01:00:00,25.52061713430965,94.61673676926723,0.1758901120981795,0.038022583531592734,0.0,96.81213236117992,2.1677499943976484,0.0,0.0,1.0,True,0.0,2,44.63480108217625
2025-06-07 02:00:00,25.37924590326519,95.19965020759892,0.1555335522134903,0.034217758061902595,0.0,96.81213236117992,2.1677499943976484,0.0,0.0,1.0,True,0.0,2,44.63480108217625
2025-06-07 03:00:00,25.280218273700775,95.20525555051887,0.15444055893791622,0.03366219599387927,0.0,96.81213236117992,2.1677499943976484,0.0,0.0,1.0,True,0.0,2,44.63480108217625
2025-06-07 04:00:00,25.10170751009127,96.27485856117785,0.11872098939430822,0.02652766645013823,0.0,96.81213236117992,2.1677499943976484,0.0,0.0,1.0,True,0.0,2,44.63480108217625
2025-06-07 05:00:00,26.065669671959665,95.60806997555288,0.1482061601430171,0.04418538607065395,0.0,96.81213236117992,2.1677499943976484,0.0,0.0,1.0,True,0.0,2,44.63480108217625
2025-06-07 06:00:00,27.890144970877856,88.56842656050804,0.4293492795036247,0.15555095635038266,0.07024507112155656,96.70883078600116,2.237995065519205,0.0,0.0,1.0,False,0.0,2,44.63480108217625
2025-06-07 07:00:00,29.904890515191376,84.60197513478342,0.6497924664503318,0.2752426479419116,0.16905112854447124,96.46022618520047,2.407046194063676,0.0,0.0,1.0,False,0.0,2,44.63480108217625
2025-06-07 08:00:00,31.40315022922123,80.25922227535662,0.9074320653109885,0.40409533119661306,0.2570025942081947,96.08228119371783,2.6640487882718706,0.0,0.0,1.0,False,0.0,2,44.63480108217625
2025-06-07 09:00:00,31.099824890145726,80.30214975053295,0.8899857829399515,0.3863297981552615,0.23724580663349365,96.02750794866857,2.701294594905364,0.0,0.2,1.0,False,0.0,2,44.63480108217625
2025-06-07 10:00:00,31.518324718688227,78.02321198055178,1.0168385321821114,0.4107581925977408,0.2398807984185641,95.8218008921707,2.841175393323928,0.0,0.1,1.0,False,0.0,2,44.63480108217625
2025-06-07 11:00:00,32.30521429155123,76.0263614253339,1.1597006675138821,0.476926798345219,0.29066353504339604,95.39435451710688,3.131838928367324,0.0,0.0,1.0,False,0.0,2,44.63480108217625
2025-06-07 12:00:00,30.84937896299978,78.8879929062104,0.9403734474323581,0.36345691498586175,0.19728888855998047,95.10422379863631,3.3291278169273046,0.0,0.0,1.0,False,0.0,2,44.63480108217625
2025-06-07 13:00:00,30.87522292547207,79.71567837906494,0.9048382813815762,0.3450822424698247,0.19207111557944262,94.82176627572537,3.5211989325067474,0.0,0.0,1.0,False,0.0,2,44.63480108217625
2025-06-07 14:00:00,30.82735747586223,79.31346860078035,0.9202660013620557,0.34281265435779174,0.17926529961410811,94.55814083511639,3.7004642321208556,0.0,0.0,1.0,False,0.0,2,44.63480108217625
2025-06-07 15:00:00,31.374806704664696,78.04002794195402,1.0078197977265366,0.3690257125810538,0.18255352391636642,94.2896797705335,3.883017756037222,0.0,0.0,1.0,False,0.0,2,44.63480108217625
2025-06-07 16:00:00,30.978939713744968,78.62909337281484,0.9589571419602102,0.33571983498043945,0.15109122159024704,94.06748679760666,4.034108977627469,0.0,0.0,1.0,False,0.0,2,44.63480108217625
2025-06-07 17:00:00,33.455302344038344,99.99999999999999,5.728799429125349e-16,0.07151102447365122,0.05518106007736503,93.98633817984583,4.089290037704834,0.0,0.0,0.0,True,2.1699862800949186,2,44.63480108217625
2025-06-07 18:00:00,27.275438988266377,85.47980840447201,0.5261188794679335,0.13303855088923844,0.014707179387120418,93.96470997486477,4.103997217091955,0.0,0.0,1.0,False,0.0,2,44.63480108217625
2025-06-07 19:00:00,26.4544437791976,91.0110549478857,0.31037075630868216,0.07161609793457455,0.0,93.96470997486477,4.103997217091955,0.0,0.0,1.0,True,0.0,2,44.63480108217625
2025-06-07 20:00:00,26.43152104981304,92.8298130084805,0.24723846350444414,0.054109447924964256,0.00504359979613339,93.95729291634105,4.109040816888088,0.0,0.0,1.0,True,0.0,2,44.63480108217625
2025-06-07 21:00:00,26.814224798512623,92.91482724256441,0.24987036237106408,0.05280413055987375,0.0,93.95729291634105,4.109040816888088,0.0,0.0,1.0,True,0.0,2,44.63480108217625
2025-06-07 22:00:00,26.64839805068792,93.97981872384688,0.21025202633007795,0.04630281977891019,0.0,93.95729291634105,4.109040816888088,0.0,0.0,1.0,True,0.0,2,44.63480108217625
2025-06-07 23:00:00,26.43681855976383,95.62140102233043,0.15102758566689117,0.03383811157180179,0.002230061974083164,93.95401341343799,4.111270878862172,0.0,0.0,1.0,True,0.0,2,44.63480108217625
2025-06-08 00:00:00,26.263975382915426,96.53252732163,0.11838824433339085,0.026440252007736198,0.0017612992172205688,93.9514232675303,4.113032178079393,0.0,0.0,0.8,True,0.0,2,44.63480108217625
2025-06-08 01:00:00,26.300627970581633,97.42251107929802,0.08819242781968642,0.019236572687997527,0.0,93.9514232675303,4.113032178079393,0.0,0.0,1.0,True,0.0,2,44.63480108217625
2025-06-08 02:00:00,26.042976444291043,99.47222166133679,0.017786072057473207,0.005310757244016974,0.0,93.9514232675303,4.113032178079393,0.0,0.0,1.0,True,0.0,2,44.63480108217625
2025-06-08 03:00:00,25.743864326506568,99.46809339679204,0.017610780700863214,0.004675355837223146,0.0,93.9514232675303,4.113032178079393,0.0,0.0,1.0,True,0.0,2,44.63480108217625
2025-06-08 04:00:00,25.54286097177983,99.48224937786478,0.016939068961745806,0.004264496379154885,0.0,93.9514232675303,4.113032178079393,0.0,0.0,1.0,True,0.0,2,44.63480108217625
2025-06-08 05:00:00,26.43149685250189,97.28057364379552,0.09376963754802077,0.03171477416879057,0.0,93.9514232675303,4.113032178079393,0.0,0.0,1.0,True,0.0,2,44.63480108217625
2025-06-08 06:00:00,28.652067157886904,90.4162671532447,0.37624175390476206,0.14226979819622745,0.06693963906621414,93.85298262184469,4.179971817145606,0.0,0.0,1.0,True,0.0,2,44.63480108217625
2025-06-08 07:00:00,30.630506848413194,84.1171896083401,0.6986764529844498,0.284892525537447,0.1569107167702867,93.62223156777074,4.336882533915893,0.0,0.0,1.0,False,0.0,2,44.63480108217625
2025-06-08 08:00:00,32.35694921258553,79.46530218870952,0.9962464980468851,0.4202510260856599,0.24785088664405505,93.40480379329419,4.484733420559948,0.0,0.1,1.0,False,0.0,2,44.63480108217625
2025-06-08 09:00:00,33.552440005606314,76.63261767283403,1.2123302876764468,0.5202091026520674,0.31270498167676875,92.94494352612247,4.7974384022367165,0.0,0.0,1.0,False,0.0,2,44.63480108217625
2025-06-08 10:00:00,34.4861587165577,73.39000865429672,1.454222163959867,0.6075799860966908,0.35911018499236175,92.4168403128984,5.156548587229079,0.0,0.0,1.0,False,0.0,2,44.63480108217625
2025-06-08 11:00:00,36.93573143693988,76.72500840880343,1.4553579814312234,0.6246783899655084,0.39425307208834554,91.83705638335672,5.5508016593174245,0.0,0.0,0.5,False,0.0,2,44.63480108217625
2025-06-08 12:00:00,34.840213945487164,70.73332826104323,1.6310943487952994,0.6675014045500125,0.3805009033283267,91.42455505493272,5.831302562645751,0.0,0.1,1.0,False,0.0,2,44.63480108217625
2025-06-08 13:00:00,34.39638382211976,71.3379914686852,1.5585790785717446,0.618559578924687,0.34948144637035056,90.91061175144691,6.180784009016102,0.0,0.0,1.0,False,0.0,2,44.63480108217625
2025-06-08 14:00:00,33.395744416482835,73.15092743172193,1.3808178282409416,0.5279797376174135,0.2771669781954847,90.50301325410061,6.457950987211587,0.0,0.0,1.0,False,0.0,2,44.63480108217625
2025-06-08 15:00:00,32.77766457741717,73.29626213021508,1.3265761644855079,0.4790185901813555,0.23603382781236204,90.15590468378831,6.693984815023948,0.0,0.0,1.0,False,0.0,2,44.63480108217625
2025-06-08 16:00:00,31.747107413201846,76.51704683998042,1.100703920203225,0.36285932539518956,0.15268032824413647,89.93137478931163,6.846665143268085,0.0,0.0,1.0,False,0.0,2,44.63480108217625
2025-06-08 17:00:00,29.9926531550109,82.40670885665412,0.7461802749966718,0.22173568562931417,0.06361081427228468,89.83782947420534,6.91027595754037,0.0,0.0,1.0,False,0.0,2,44.63480108217625
2025-06-08 18:00:00,28.079015346595295,89.37286578753402,0.4035500844468285,0.10261271632507594,0.0005730703581154277,89.8369867236787,6.910849027898485,0.0,0.0,1.0,False,0.0,2,44.63480108217625
2025-06-08 19:00:00,27.53600261439816,90.64983910764859,0.3439926433730165,0.07654714282574601,0.0,89.8369867236787,6.910849027898485,0.0,0.0,1.0,True,0.0,2,44.63480108217625
2025-06-08 20:00:00,27.21924659678759,91.14520140330782,0.31978727975182336,0.0702645996092121,0.0,89.8369867236787,6.910849027898485,0.0,0.0,1.0,True,0.0,2,44.63480108217625
2025-06-08 21:00:00,26.892302943432778,91.71704200482438,0.2934548656313873,0.06462350879273376,0.0,89.8369867236787,6.910849027898485,0.0,0.0,1.0,True,0.0,2,44.63480108217625
2025-06-08 22:00:00,26.698579586942742,91.70413474671172,0.2905855700240774,0.0633687391481032,0.0,89.8369867236787,6.910849027898485,0.0,0.0,1.0,True,0.0,2,44.63480108217625
2025-06-08 23:00:00,26.82117090020464,91.22802724672535,0.3094844264229384,0.06629165046124434,0.0,89.8369867236787,6.910849027898485,0.0,0.0,1.0,True,0.0,2,44.63480108217625
2025-06-09 00:00:00,26.56036042959337,91.91301333276643,0.2809748962473722,0.061809360080515366,0.0,89.8369867236787,6.910849027898485,0.0,0.0,0.8,True,0.0,2,44.63480108217625
2025-06-09 01:00:00,26.4081778489048,91.68290402861014,0.2863913450227457,0.0622527262312449,0.0,89.8369867236787,6.910849027898485,0.0,0.0,1.0,True,0.0,2,44.63480108217625
2025-06-09 02:00:00,26.182715855065478,93.38128796334485,0.2248984159697058,0.049891349236251895,0.0,89.8369867236787,6.910849027898485,0.0,0.0,0.8,True,0.0,2,44.63480108217625
2025-06-09 03:00:00,26.063468243186193,93.93597868218528,0.20460444933378044,0.04474629887509072,0.0,89.8369867236787,6.910849027898485,0.0,0.0,1.0,True,0.0,2,44.63480108217625
2025-06-09 04:00:00,25.785173439876914,94.94705087145559,0.16770676123292816,0.03745894288059316,0.0,89.8369867236787,6.910849027898485,0.0,0.0,0.8,True,0.0,2,44.63480108217625
2025-06-09 05:00:00,27.00917526680693,93.35388502245574,0.23708418815626137,0.06258763947683431,0.0015704330248572501,89.83467726334803,6.912419460923342,0.0,0.0,1.0,True,0.0,2,44.63480108217625
2025-06-09 06:00:00,31.300727427579282,93.73324270338487,0.28639602382419266,0.121647406751179,0.0698645630816871,89.73193525881614,6.982284024005029,0.0,0.0,0.2,True,0.0,2,44.63480108217625
2025-06-09 07:00:00,34.84169578906818,90.46538598243448,0.5314280509256583,0.24834942290967169,0.16622265973236403,89.48749017097441,7.148506683737393,0.0,0.0,0.2,True,0.0,2,44.63480108217625
2025-06-09 08:00:00,33.137950558175525,75.68286098937722,1.2326847503258573,0.4876213630005874,0.26400877738953865,89.09924196893098,7.412515461126932,0.0,0.0,1.0,False,0.0,2,44.63480108217625
2025-06-09 09:00:00,34.13589222458229,71.24779262070025,1.5410147544812254,0.5984767526432839,0.33106627556384427,88.61237979898415,7.743581736690777,0.0,0.0,1.0,False,0.0,2,44.63480108217625
2025-06-09 10:00:00,34.99853284851475,68.95024090125851,1.7456874143496122,0.6864663715022187,0.38545722942260335,88.0455309321862,8.12903896611338,0.0,0.0,1.0,False,0.0,2,44.63480108217625
2025-06-09 11:00:00,35.47538415617382,67.88275401536141,1.8538426826463625,0.7331313560320287,0.4141590324489715,87.43647353152595,8.543197998562352,0.0,0.0,1.0,False,0.0,2,44.63480108217625
2025-06-09 12:00:00,35.52888498054095,66.85953022932681,1.9185482975751005,0.7536536764150542,0.4231798026688914,86.81415029230699,8.966377801231243,0.0,0.0,1.0,False,0.0,2,44.63480108217625
2025-06-09 13:00:00,35.277417225892506,66.0602634292494,1.937778829557219,0.7337203686901737,0.39620130528404823,86.2315013139481,9.362579106515291,0.0,0.0,1.0,False,0.0,2,44.63480108217625
2025-06-09 14:00:00,34.81061939231887,68.57942533126746,1.748270294417996,0.6438412786174348,0.33478944374825853,85.73916389667124,9.69736855026355,0.0,0.0,1.0,False,0.0,2,44.63480108217625
2025-06-09 15:00:00,33.71268491537625,70.72725259540735,1.532356379817724,0.5369476574807626,0.2577789613165334,85.36007718885281,9.955147511580083,0.0,0.0,1.0,False,0.0,2,44.63480108217625
2025-06-09 16:00:00,32.55331889075927,75.57715450485843,1.198057656042644,0.390382924120486,0.15885636288625427,85.12646489049067,10.114003874466338,0.0,0.0,1.0,False,0.0,2,44.63480108217625
2025-06-09 17:00:00,30.89441416188277,81.96630189976237,0.8053231444469175,0.23889350734156742,0.06837638016112708,85.02591139025373,10.182380254627464,0.0,0.0,1.0,False,0.0,2,44.63480108217625
2025-06-09 18:00:00,28.856807763407353,85.65723741018043,0.5697877235457088,0.13901617915066902,0.007955808544731775,85.01421167180558,10.190336063172197,0.0,0.0,1.0,False,0.0,2,44.63480108217625
2025-06-09 19:00:00,28.30171542465198,85.55744176299018,0.5555827880848349,0.12180831639759568,0.008744346926401327,85.0013523380903,10.199080410098597,0.0,0.0,1.0,False,0.0,2,44.63480108217625
2025-06-09 20:00:00,28.005843873301206,87.5128553183857,0.4721660037760367,0.10370936196908576,0.00374114268804088,84.99585065766671,10.202821552786638,0.0,0.0,1.0,False,0.0,2,44.63480108217625
2025-06-09 21:00:00,27.876451484979658,88.13171003721338,0.44539598930684543,0.09686123869922904,0.002009091679769199,84.9928961110788,10.204830644466407,0.0,0.0,1.0,False,0.0,2,44.63480108217625
2025-06-09 22:00:00,27.6884230332037,88.08748885695891,0.44217986354766076,0.09610337528213679,0.002490444527982698,84.9892336926553,10.207321088994389,0.0,0.0,1.0,False,0.0,2,44.63480108217625
2025-06-09 23:00:00,27.36792104322315,88.67069584044569,0.41272938320977826,0.09039471037188802,0.00038543716715286536,84.98866687329185,10.207706526161543,0.0,0.0,1.0,False,0.0,2,44.63480108217625
2025-06-10 00:00:00,27.250850214894005,90.59038890860504,0.3404536268889109,0.07461177805768432,0.0,84.98866687329185,10.207706526161543,0.0,0.0,1.0,True,0.0,2,44.63480108217625
2025-06-10 01:00:00,26.90850922736516,95.88927702934654,0.1457764247477903,0.03452362660356147,0.0,84.98866687329185,10.207706526161543,0.0,0.0,0.2,True,0.0,2,44.63480108217625
2025-06-10 02:00:00,26.725844591752097,97.8548067059379,0.07526186606951453,0.0174391180909637,0.0,84.98866687329185,10.207706526161543,0.0,0.0,0.1,True,0.0,2,44.63480108217625
2025-06-10 03:00:00,26.499658327225415,94.50633563676924,0.19019135787569208,0.04070089221394592,0.0,84.98866687329185,10.207706526161543,0.0,0.0,0.8,True,0.0,2,44.63480108217625
2025-06-10 04:00:00,26.43629014752679,97.97810642023406,0.06973742073159125,0.01673830249738128,0.0,84.98866687329185,10.207706526161543,0.0,0.0,0.1,True,0.0,2,44.63480108217625
2025-06-10 05:00:00,27.47266122717984,95.1284655912774,0.17856162111616405,0.04962478751314596,0.009125675276147863,84.97524676259162,10.21683220143769,0.0,0.0,1.0,True,0.0,2,44.63480108217625
2025-06-10 06:00:00,29.808455574675733,88.68366990309556,0.474909081836464,0.1661093253050549,0.07585133239922151,84.86370068553396,10.292683533836911,0.0,0.0,1.0,False,0.0,2,44.63480108217625
2025-06-10 07:00:00,31.845429849157153,83.4736198060606,0.7789546593945191,0.3067460201434017,0.16807891980575518,84.61652580346667,10.460762453642666,0.0,0.0,1.0,False,0.0,2,44.63480108217625
2025-06-10 08:00:00,33.61430333906012,78.53775987878893,1.1173428767971376,0.448831290250471,0.2566656369167786,84.23907633741258,10.717428090559444,0.0,0.0,1.0,False,0.0,2,44.63480108217625
2025-06-10 09:00:00,34.80503239887015,74.97623284651233,1.3919154213485114,0.5637334007456147,0.32386866736049497,83.76279888541185,11.04129675791994,0.0,0.0,1.0,False,0.0,2,44.63480108217625
2025-06-10 10:00:00,35.82135846096216,72.2030493375455,1.6352984004851645,0.6622768441310992,0.38415470466101553,83.19786549620447,11.425451462580956,0.0,0.0,1.0,False,0.0,2,44.63480108217625
2025-06-10 11:00:00,36.499375091064714,69.59993818566166,1.8561431384900402,0.7397986626634814,0.42417205080615633,82.57408306854836,11.849623513387112,0.0,0.0,1.0,False,0.0,2,44.63480108217625
2025-06-10 12:00:00,37.05328137130043,70.1788239407858,1.8766609622392636,0.7455082413212144,0.429637853680754,81.94226269548844,12.279261367067866,0.0,0.0,0.8,False,0.0,2,44.63480108217625
2025-06-10 13:00:00,36.42868484144426,70.86325257248603,1.7721453346728722,0.6976119420078937,0.3925825726263325,81.36493538280266,12.671843939694199,0.0,0.0,0.8,False,0.0,2,44.63480108217625
2025-06-10 14:00:00,35.28173618753492,71.03153910291495,1.6543394266350928,0.6247526976525909,0.3312802629832573,80.87775852547432,13.003124202677457,0.0,0.0,1.0,False,0.0,2,44.63480108217625
2025-06-10 15:00:00,34.40010531554532,70.95382755841146,1.5797954496903857,0.5426250968013766,0.2558075326328851,80.50157097748479,13.258931735310341,0.0,0.0,1.0,False,0.0,2,44.63480108217625
2025-06-10 16:00:00,33.20542862312632,76.48492011933378,1.1965413255803588,0.38838282895890464,0.1634296778581439,80.2612332159287,13.422361413168485,0.0,0.0,1.0,False,0.0,2,44.63480108217625
2025-06-10 17:00:00,31.65680576048738,83.55750284550614,0.7667689575141742,0.22990849016235826,0.07275887905729464,80.15423486437385,13.49512029222578,0.0,0.0,1.0,False,0.0,2,44.63480108217625
2025-06-10 18:00:00,29.40113585860593,83.8805404984797,0.6608134428143165,0.1582044509206363,0.01448758766559137,80.13292958839504,13.509607879891371,0.0,0.0,1.0,False,0.0,2,44.63480108217625
2025-06-10 19:00:00,29.029339908834597,89.69438649727506,0.41351010090714035,0.09289837409838383,0.001489598291613081,80.13073900267209,13.511097478182984,0.0,0.0,1.0,False,0.0,2,44.63480108217625
2025-06-10 20:00:00,28.756990619723663,91.32493945808851,0.3426446737578866,0.07555709687343896,0.0005762158953707473,80.12989162635536,13.511673694078356,0.0,0.0,1.0,True,0.0,2,44.63480108217625
2025-06-10 21:00:00,28.494318619835383,94.1690398648913,0.22683002123935014,0.05095100591961052,0.0,80.12989162635536,13.511673694078356,0.0,0.0,1.0,True,0.0,2,44.63480108217625
2025-06-10 22:00:00,28.307077757269646,94.0842689468613,0.22763988857533635,0.04973995527201777,0.0,80.12989162635536,13.511673694078356,0.0,0.0,1.0,True,0.0,2,44.63480108217625
2025-06-10 23:00:00,26.935130453117246,92.00420804108204,0.2839940561983876,0.06488672175286828,0.013928717472219613,80.10940821830798,13.525602411550576,0.0,0.0,0.2,True,0.0,2,44.63480108217625
2025-06-11 00:00:00,26.479797627138602,89.10765641224187,0.37665349453449254,0.08171927918322519,0.0008825306355516786,80.10811037913804,13.526484942186128,0.0,0.0,1.0,False,0.0,2,44.63480108217625
2025-06-11 01:00:00,26.2923296396049,97.27992497303825,0.09302567119755042,0.023689949219530708,0.0,80.10811037913804,13.526484942186128,0.0,0.0,0.2,True,0.0,2,44.63480108217625
2025-06-11 02:00:00,26.511673231671878,98.96520845311709,0.03584997055855988,0.0077831038668022415,0.0,80.10811037913804,13.526484942186128,0.0,0.0,0.2,True,0.0,2,44.63480108217625
2025-06-11 03:00:00,26.77989982624437,99.2355548260734,0.026905108012016093,0.005186371344578569,0.0,80.10811037913804,13.526484942186128,0.0,0.0,0.2,True,0.0,2,44.63480108217625
2025-06-11 04:00:00,25.20791059373038,98.41465823737329,0.050845410343804784,0.015299943484590508,0.0018451690962060956,85.25245571870245,10.028330111282335,0.0,3.5,0.2,True,0.0,2,44.63480108217625
2025-06-11 05:00:00,25.811809828647934,98.32037863026851,0.055834407921475857,0.019063434828057686,0.0038191300472979733,85.39389817451524,9.932149241329633,0.0,0.1,0.2,True,0.0,2,44.63480108217625
2025-06-11 06:00:00,31.991074000442357,93.11908102769105,0.32700725312033346,0.12065686417455058,0.07756301844918674,85.27983491208997,10.00971225977882,0.0,0.0,0.2,True,0.0,2,44.63480108217625
2025-06-11 07:00:00,35.666601348962736,90.37203081335032,0.5616166983656773,0.2532033338724604,0.170266546241573,85.02944293232295,10.179978806020392,0.0,0.0,0.2,True,0.0,2,44.63480108217625
2025-06-11 08:00:00,32.90126521113267,77.08121347387394,1.1464794615114842,0.4691944018425892,0.26752347132492743,84.63602606272747,10.44750227734532,0.0,0.0,1.0,False,0.0,2,44.63480108217625
2025-06-11 09:00:00,32.571678233568576,78.8122121114404,1.0404369406435958,0.42129683159487036,0.2417715209850403,84.2804797083377,10.68927379833036,0.0,0.0,1.0,False,0.0,2,44.63480108217625
2025-06-11 10:00:00,34.19377502923589,76.61281949364488,1.2575099757261288,0.5116967031782692,0.3065815757035017,83.8296244499502,10.995855374033862,0.0,0.0,1.0,False,0.0,2,44.63480108217625
2025-06-11 11:00:00,35.90196806525142,72.42919056322253,1.6291914311797646,0.6580755020584095,0.3941575655999155,83.24998097112679,11.390012939633777,0.0,0.0,1.0,False,0.0,2,44.63480108217625
2025-06-11 12:00:00,36.188471649324605,71.15166976321429,1.7316812345773833,0.6826516275341032,0.39003277778086537,82.67640335674317,11.780045717414643,0.0,0.0,1.0,False,0.0,2,44.63480108217625
2025-06-11 13:00:00,35.96982155430048,70.44644421975865,1.7528709419866144,0.6684968089689578,0.3677651809117785,82.13557220834349,12.147810898326421,0.0,0.0,1.0,False,0.0,2,44.63480108217625
2025-06-11 14:00:00,35.12291224878788,71.26102019160905,1.6269111448340228,0.6059162798813522,0.32490185927203835,82.09895182706109,12.17271275759846,0.0,0.3,1.0,False,0.0,2,44.63480108217625
2025-06-11 15:00:00,34.037449156038306,74.49520650234864,1.359497713836186,0.47304642788030615,0.2350199779851087,82.04745185943592,12.20773273558357,0.0,0.2,1.0,False,0.0,2,44.63480108217625
2025-06-11 16:00:00,31.617022559085747,81.084375491067,0.8801130333613799,0.2979786040739726,0.13408724909664818,83.02673531664674,11.541819984680217,0.0,0.8,1.0,False,0.0,2,44.63480108217625
2025-06-11 17:00:00,30.058563012614986,86.3852216176793,0.579627205693286,0.17523382889958924,0.061970662984570074,82.93560198872825,11.603790647664788,0.0,0.0,1.0,False,0.0,2,44.63480108217625
2025-06-11 18:00:00,29.444126965670282,83.47008855050363,0.6793201196356925,0.1545590193320427,0.04857095451364525,83.01123293797289,11.552361602178433,0.0,0.1,1.0,False,0.0,2,44.63480108217625
2025-06-11 19:00:00,28.66925210839036,84.90030776419897,0.5933798425753865,0.1312280541325987,0.027068338381156697,82.9714265580006,11.579429940559589,0.0,0.0,1.0,False,0.0,2,44.63480108217625
2025-06-11 20:00:00,27.99634898412916,86.07100122958275,0.5263945377608713,0.11635867656560413,0.009368404859497815,82.95764949203075,11.588798345419086,0.0,0.0,1.0,False,0.0,2,44.63480108217625
2025-06-11 21:00:00,27.628964313992448,85.57649074389548,0.5335303892754579,0.11626083140047191,0.006327538176977125,82.94834428882932,11.595125883596063,0.0,0.0,1.0,False,0.0,2,44.63480108217625
2025-06-11 22:00:00,27.410867204439427,87.66883510916655,0.4503573545226283,0.09876484774159823,0.0,82.94834428882932,11.595125883596063,0.0,0.0,1.0,False,0.0,2,44.63480108217625
2025-06-11 23:00:00,27.408757494057653,89.19014212599727,0.39474764837704096,0.08581699673546192,0.0,82.94834428882932,11.595125883596063,0.0,0.0,1.0,False,0.0,2,44.63480108217625
2025-06-12 00:00:00,27.529708116624366,93.40050414536547,0.24270632777270876,0.053433516768943874,0.0,82.94834428882932,11.595125883596063,0.0,0.0,0.8,True,0.0,2,44.63480108217625
2025-06-12 01:00:00,27.18910787194008,94.6518596379882,0.19280512710810832,0.0431784819384203,0.0,82.94834428882932,11.595125883596063,0.0,0.0,1.0,True,0.0,2,44.63480108217625
2025-06-12 02:00:00,27.015660048822888,97.89785175446546,0.07501762131527619,0.01797352646448428,0.0,82.94834428882932,11.595125883596063,0.0,0.0,0.1,True,0.0,2,44.63480108217625
2025-06-12 03:00:00,26.8845129374578,96.09746166471338,0.13819883610290243,0.029675934838291677,0.0,82.94834428882932,11.595125883596063,0.0,0.0,0.8,True,0.0,2,44.63480108217625
2025-06-12 04:00:00,26.86901841988643,98.73701580098486,0.04468481596802941,0.010898434680008071,0.0,82.94834428882932,11.595125883596063,0.0,0.0,0.1,True,0.0,2,44.63480108217625
2025-06-12 05:00:00,27.60606126691951,94.35283152943148,0.20861144991544417,0.05618597593623793,0.008556918481474815,82.93576058518009,11.603682802077538,0.0,0.0,1.0,True,0.0,2,44.63480108217625
2025-06-12 06:00:00,29.70119831501296,85.5559989605501,0.602442601405647,0.19219734367998992,0.07485719841736166,82.82567646986043,11.6785400004949,0.0,0.0,1.0,False,0.0,2,44.63480108217625
2025-06-12 07:00:00,31.915745105797722,79.18282025724838,0.9851072322298815,0.3485385045751616,0.16657409677188056,82.58071456284297,11.84511409726678,0.0,0.0,1.0,False,0.0,2,44.63480108217625
2025-06-12 08:00:00,33.997623623612796,75.76427934808643,1.2889904809780397,0.4870032424977565,0.25684418478544163,82.20300252639379,12.101958282052221,0.0,0.0,1.0,False,0.0,2,44.63480108217625
2025-06-12 09:00:00,35.42162141172675,73.2085748191062,1.541857114195749,0.606068510779236,0.34363525713331805,81.69765656002126,12.44559353918554,0.0,0.0,1.0,False,0.0,2,44.63480108217625
2025-06-12 10:00:00,38.00917805977677,75.99877209462066,1.590812444428635,0.6472853007677156,0.39704015751540495,81.11377397543978,12.842633696700945,0.0,0.0,0.5,False,0.0,2,44.63480108217625
2025-06-12 11:00:00,36.64094264675299,67.40151337732365,2.005828212873678,0.7606609620858859,0.41794694726897935,80.49914611180893,13.260580643969924,0.0,0.0,1.0,False,0.0,2,44.63480108217625
2025-06-12 12:00:00,36.97333123392112,66.149819924945,2.12095278337691,0.7802126101573821,0.42415576834937335,79.8753876289422,13.684736412319298,0.0,0.0,1.0,False,0.0,2,44.63480108217625
2025-06-12 13:00:00,36.603563842902076,66.46125004731248,2.0594750413256273,0.7486033491381159,0.40359882249724793,79.2818599487992,14.088335234816546,0.0,0.0,1.0,False,0.0,2,44.63480108217625
2025-06-12 14:00:00,35.48631901429281,68.5878742166535,1.8142346613524485,0.658724352514083,0.34982117851449757,79.50271115686611,13.938156413331043,0.0,0.5,1.0,False,0.0,2,44.63480108217625
2025-06-12 15:00:00,33.764573436131826,74.21572019716018,1.3536563969895155,0.4588302497098967,0.21760832646339293,79.47681655912582,13.955764739794438,0.0,0.2,1.0,False,0.0,2,44.63480108217625
2025-06-12 16:00:00,33.12060890468564,76.31102536174996,1.1996754319788268,0.379273681687766,0.16660730386911696,79.23180581814182,14.122372043663555,0.0,0.0,1.0,False,0.0,2,44.63480108217625
2025-06-12 17:00:00,31.781023556344657,81.27490303043602,0.8793781922237013,0.24891838762036178,0.08852534383263562,79.10162148897618,14.21089738749619,0.0,0.0,1.0,False,0.0,2,44.63480108217625
2025-06-12 18:00:00,30.57041136159809,82.3343271492322,0.7744415650176399,0.17877319334568062,0.043949911463892606,79.03698926623517,14.254847298960083,0.0,0.0,1.0,False,0.0,2,44.63480108217625
2025-06-12 19:00:00,29.669088082482197,83.33134611212367,0.6939480095456055,0.153362857761314,0.03162443975711363,78.99048273718059,14.286471738717196,0.0,0.0,1.0,False,0.0,2,44.63480108217625
2025-06-12 20:00:00,29.339988845402797,84.09507783170748,0.6497249751599541,0.14176054818808712,0.02279758527700673,78.95695687647911,14.309269323994203,0.0,0.0,1.0,False,0.0,2,44.63480108217625
2025-06-12 21:00:00,28.853221766489316,85.75363997842148,0.5658405866827565,0.12454233209394448,0.00856087932751547,78.9443673480563,14.317830203321718,0.0,0.0,1.0,False,0.0,2,44.63480108217625
2025-06-12 22:00:00,28.578410185725623,89.08114135102365,0.4268306216329685,0.0944158550247649,0.0,78.9443673480563,14.317830203321718,0.0,0.0,1.0,False,0.0,2,44.63480108217625
2025-06-12 23:00:00,28.61924488642435,89.90689168688058,0.39548608393468904,0.08559446717253867,0.0,78.9443673480563,14.317830203321718,0.0,0.0,1.0,False,0.0,2,44.63480108217625
2025-06-13 00:00:00,28.437898438925945,90.74930683435974,0.3586848485716546,0.07844710557406098,0.0,78.9443673480563,14.317830203321718,0.0,0.0,0.8,True,0.0,2,44.63480108217625
2025-06-13 01:00:00,28.303151188187368,90.45051180130264,0.3673846235937692,0.07970442330372843,0.0,78.9443673480563,14.317830203321718,0.0,0.0,1.0,True,0.0,2,44.63480108217625
2025-06-13 02:00:00,27.975860382615302,92.56057030844639,0.28081025579774876,0.06257249472740614,0.0,78.9443673480563,14.317830203321718,0.0,0.0,0.8,True,0.0,2,44.63480108217625
2025-06-13 03:00:00,28.011782360061996,94.0903678068886,0.2235332744840992,0.04873893728572926,0.0,78.9443673480563,14.317830203321718,0.0,0.0,1.0,True,0.0,2,44.63480108217625
2025-06-13 04:00:00,27.670876970353973,94.55448359048104,0.2019249337880129,0.04495228158198459,0.0,78.9443673480563,14.317830203321718,0.0,0.0,0.8,True,0.0,2,44.63480108217625
2025-06-13 05:00:00,28.589884378507847,91.27007177353158,0.3414899086624921,0.08466534089668534,0.009585392233974272,78.93027118300633,14.327415595555692,0.0,0.0,0.8,True,0.0,2,44.63480108217625
2025-06-13 06:00:00,30.735646025522026,85.22394862613439,0.6539022727024014,0.20337963766887418,0.07795994524069175,78.8156242047112,14.405375540796383,0.0,0.0,1.0,False,0.0,2,44.63480108217625
2025-06-13 07:00:00,32.57671721230386,80.4705906829967,0.9592733809623172,0.3447111326563512,0.1731253860119458,78.56102804881128,14.57850092680833,0.0,0.0,1.0,False,0.0,2,44.63480108217625
2025-06-13 08:00:00,34.230393688225284,75.68756148281444,1.3099242613096531,0.49308326250167056,0.26763361556282833,78.16744920239536,14.846134542371159,0.0,0.0,1.0,False,0.0,2,44.63480108217625
2025-06-13 09:00:00,35.48377761943647,72.48255861058192,1.5890713440096016,0.6130649515840352,0.34453137746241475,77.66078541200945,15.190665919833574,0.0,0.0,1.0,False,0.0,2,44.63480108217625
2025-06-13 10:00:00,36.49617792274327,70.247163699905,1.816307865548338,0.7066099446328054,0.4047110085790488,77.06562216409908,15.595376928412623,0.0,0.0,1.0,False,0.0,2,44.63480108217625
2025-06-13 11:00:00,37.5760509724976,71.14001785725667,1.8685077743962157,0.7381730427453923,0.43688912910137984,76.42313815071469,16.032266057514004,0.0,0.0,0.8,False,0.0,2,44.63480108217625
2025-06-13 12:00:00,37.31260665265405,68.35391216224386,2.0197947844071535,0.7680232565297797,0.4349570165853442,75.78349547926567,16.467223074099348,0.0,0.0,1.0,False,0.0,2,44.63480108217625
2025-06-13 13:00:00,36.54398241748976,68.59909285657368,1.9219322211056,0.7084533157019187,0.3840175389489848,75.21876380434068,16.851240613048333,0.0,0.0,1.0,False,0.0,2,44.63480108217625
2025-06-13 14:00:00,35.10364511360468,72.00853603360372,1.5829091912803164,0.6002516880483413,0.32720190222223944,74.88464335989622,17.07844251527057,0.0,0.1,1.0,False,0.0,2,44.63480108217625
2025-06-13 15:00:00,33.85910176802729,74.36117434415453,1.353133138838688,0.4517582612916262,0.21033467568456352,74.72238648388951,17.188777190955133,0.0,0.1,1.0,False,0.0,2,44.63480108217625
2025-06-13 16:00:00,33.20452301320806,75.37696330061536,1.2528550537508452,0.38910738240589915,0.1652820240238251,74.47932468385447,17.354059214978957,0.0,0.0,1.0,False,0.0,2,44.63480108217625
2025-06-13 17:00:00,31.709952916069668,78.9129299764623,0.9863257517042486,0.27379204771514765,0.0961328982706494,74.33795277463292,17.450192113249607,0.0,0.0,1.0,False,0.0,2,44.63480108217625
2025-06-13 18:00:00,30.459977980654642,81.1909870644582,0.8193776925911797,0.19058557762859854,0.03001854833073527,74.29380785061714,17.48021066158034,0.0,0.0,1.0,False,0.0,2,44.63480108217625
2025-06-13 19:00:00,29.986199306107423,83.83658465894925,0.685281532861386,0.15080411967690158,0.01863048850283162,74.26641007340709,17.498841150083173,0.0,0.0,1.0,False,0.0,2,44.63480108217625
2025-06-13 20:00:00,29.563196128487178,85.02223596859488,0.6197663775812853,0.1358111461312669,0.014944101687017288,74.24443345327913,17.51378525177019,0.0,0.0,1.0,False,0.0,2,44.63480108217625
2025-06-13 21:00:00,29.06893939376411,85.15703663464032,0.5969340774616009,0.13068657715778226,0.009817621320299173,74.22999577486694,17.52360287309049,0.0,0.0,1.0,False,0.0,2,44.63480108217625
2025-06-13 22:00:00,28.74335475963192,85.8742287356497,0.5574947349707906,0.12181412155984095,0.005513691607810485,74.22188740485544,17.5291165646983,0.0,0.0,1.0,False,0.0,2,44.63480108217625
2025-06-13 23:00:00,28.486214730967696,87.17434426846734,0.4986959836508731,0.10909420654559754,0.0018296283717474915,74.21919677489699,17.530946193070047,0.0,0.0,1.0,False,0.0,2,44.63480108217625
2025-06-14 00:00:00,28.456093306025405,89.6303445582821,0.4024960582082965,0.08797472140805897,0.0,74.21919677489699,17.530946193070047,0.0,0.0,1.0,False,0.0,2,44.63480108217625
2025-06-14 01:00:00,28.32922592530436,91.95594493299573,0.30993719701135397,0.06824871563682944,0.0,74.21919677489699,17.530946193070047,0.0,0.0,1.0,True,0.0,2,44.63480108217625
2025-06-14 02:00:00,28.11005448606466,93.64356602257047,0.24181272428298603,0.053614219257048526,0.0,74.21919677489699,17.530946193070047,0.0,0.0,0.8,True,0.0,2,44.63480108217625
2025-06-14 03:00:00,27.821186411007552,92.40478838112809,0.2841181263922307,0.061839265143154604,0.0,74.21919677489699,17.530946193070047,0.0,0.0,1.0,True,0.0,2,44.63480108217625
2025-06-14 04:00:00,27.693041854889003,92.93371534332964,0.2623637559433864,0.05727628585216242,0.005031873808916151,74.21179696047211,17.535978066878965,0.0,0.0,1.0,True,0.0,2,44.63480108217625
2025-06-14 05:00:00,28.732737439716978,90.29705333701685,0.38270598194769156,0.09311422131895601,0.016016537047403887,74.18824322952004,17.551994603926367,0.0,0.0,1.0,True,0.0,2,44.63480108217625
2025-06-14 06:00:00,30.90164463680572,83.37889796969651,0.7425472760270564,0.22282188631421854,0.08297309187485404,74.0662239767629,17.634967695801222,0.0,0.0,1.0,False,0.0,2,44.63480108217625
2025-06-14 07:00:00,32.86705177033579,78.02145399627163,1.0973355619980045,0.37388750500362644,0.17806278433622225,73.80436694097435,17.813030480137446,0.0,0.0,1.0,False,0.0,2,44.63480108217625
2025-06-14 08:00:00,33.6589153974733,75.06790748790958,1.30122322468992,0.4930777532591909,0.2830155761340937,76.62346168195361,15.89604605627154,0.0,2.2,1.0,False,0.0,2,44.63480108217625
2025-06-14 09:00:00,32.53205760916453,81.04474852507579,0.9287339455952922,0.4157074850326754,0.2570602121075561,78.30425548767779,14.753106268379096,0.0,1.4,1.0,False,0.0,2,44.63480108217625
2025-06-14 10:00:00,31.10743362199866,82.58739481591338,0.7870747312242109,0.32501957563905665,0.18799361291300432,78.76308840986455,14.4410998812921,0.0,0.5,1.0,False,0.0,2,44.63480108217625
2025-06-14 11:00:00,32.445668440878634,78.98936035716315,1.0244448816551717,0.3845506684779961,0.22243887307271612,78.58303124358115,14.563538754364817,0.0,0.1,1.0,False,0.0,2,44.63480108217625
2025-06-14 12:00:00,34.13916444323452,76.0558846420474,1.2835519367561894,0.5025068257876645,0.30301591786791143,78.8727137173048,14.366554672232729,0.0,0.5,1.0,False,0.0,2,44.63480108217625
2025-06-14 13:00:00,33.71565253730427,77.84109958299678,1.1601560602264518,0.4805732952247555,0.2905028987153182,78.88668004272346,14.357057570948047,0.0,0.3,1.0,False,0.0,2,44.63480108217625
2025-06-14 14:00:00,30.14094589139188,86.08204811041723,0.5953387561399585,0.2754657428939369,0.15839400885546803,87.036100617936,8.815451579803517,0.0,5.7,1.0,False,0.0,2,44.63480108217625
2025-06-14 15:00:00,29.00433444737729,89.98200116255822,0.4013892631137595,0.15512611718323538,0.08027764319862865,86.91804526029097,8.895729223002146,0.0,0.0,1.0,False,0.0,2,44.63480108217625
2025-06-14 16:00:00,29.403229440243628,89.2192077634842,0.44200934951500154,0.15758949340571024,0.08057407832233983,86.79955396864047,8.976303301324485,0.0,0.0,1.0,False,0.0,2,44.63480108217625
2025-06-14 17:00:00,28.993844013652296,90.622596752542,0.3754949320297921,0.11781097206693152,0.04750334729039584,86.72969610497812,9.023806648614881,0.0,0.0,1.0,True,0.0,2,44.63480108217625
2025-06-14 18:00:00,27.4941683179846,93.98597316155447,0.22071593285258032,0.05845573823188704,0.005842812657265464,86.7211037334233,9.029649461272147,0.0,0.0,1.0,True,0.0,2,44.63480108217625
2025-06-14 19:00:00,27.527161291570152,95.39124052874882,0.1694687985331748,0.036997508272599705,0.0,86.7211037334233,9.029649461272147,0.0,0.0,1.0,True,0.0,2,44.63480108217625
2025-06-14 20:00:00,27.483440442916464,94.65869308591424,0.19590410236703376,0.04218746937771106,0.0032124645027328,86.71637952091929,9.03286192577488,0.0,0.0,1.0,True,0.0,2,44.63480108217625
2025-06-14 21:00:00,27.404019013300402,95.81722393493004,0.15270168207538173,0.03365480848347547,0.0011869499407541214,86.71463400630054,9.034048875715634,0.0,0.0,1.0,True,0.0,2,44.63480108217625
2025-06-14 22:00:00,27.299281345533096,95.87852700275275,0.1495444003736909,0.03266232272302701,5.5007392710430015e-05,86.71455311307597,9.034103883108344,0.0,0.0,1.0,True,0.0,2,44.63480108217625
2025-06-14 23:00:00,27.198846063825687,97.36526818845638,0.09503858270653784,0.021375065718827975,0.0008761587305073747,86.71326464435462,9.034980041838852,0.0,0.0,1.0,True,0.0,2,44.63480108217625
2025-06-15 00:00:00,27.084910558519255,98.9160940694766,0.03883786030401429,0.009290508162805479,0.00031838027752696663,86.71279643806415,9.035298422116378,0.0,0.0,1.0,True,0.0,2,44.63480108217625
2025-06-15 01:00:00,26.926963559037908,98.37597242266038,0.05765446848484989,0.01272284878622802,0.0007098443438200229,86.71175254932324,9.036008266460199,0.0,0.0,1.0,True,0.0,2,44.63480108217625
2025-06-15 02:00:00,26.779941094898266,98.97560021022639,0.03605445461967377,0.008454194561191026,0.0,86.85881137285266,8.936008266460199,0.0,0.1,1.0,True,0.0,2,44.63480108217625
2025-06-15 03:00:00,26.559164428194933,97.94789574500102,0.07129345120878718,0.015734059841427447,0.0,87.15292901991147,8.7360082664602,0.0,0.2,1.0,True,0.0,2,44.63480108217625
2025-06-15 04:00:00,26.411003889584713,95.88545406323894,0.1417041008436637,0.03037692507394845,0.0,90.82939960814677,6.2360082664602,0.0,2.5,1.0,True,0.0,2,44.63480108217625
2025-06-15 05:00:00,26.47245396279393,95.4553096390741,0.157085867903719,0.04199552614268783,0.007155345867567453,95.23064174657682,3.243163612327767,0.0,3.0,1.0,True,0.0,2,44.63480108217625
2025-06-15 06:00:00,29.034361181343,88.85821547430956,0.44719096317546964,0.14700667452449714,0.07144424854909534,95.1255766751811,3.3146078608768623,0.0,0.0,1.0,False,0.0,2,44.63480108217625
2025-06-15 07:00:00,29.337497741922917,89.0044679139303,0.4491091478456594,0.15818772064094208,0.07873713069262027,95.0097867771037,3.3933449915694824,0.0,0.0,0.8,False,0.0,2,44.63480108217625
2025-06-15 08:00:00,30.759072339741447,85.45507322899373,0.6445346903896562,0.24685990665425528,0.14444209556993606,94.94443075420673,3.4377870871394185,0.0,0.1,0.8,False,0.0,2,44.63480108217625
2025-06-15 09:00:00,32.599920709588126,81.46347088781286,0.9116931095471997,0.39807534061696964,0.2611519442659671,94.70744260087443,3.5989390314053855,0.0,0.1,1.0,False,0.0,2,44.63480108217625
2025-06-15 10:00:00,33.48332947530454,79.71690963039006,1.048257304450351,0.4534500495077565,0.2916159307211511,94.42565446746097,3.7905549621265364,0.0,0.1,1.0,False,0.0,2,44.63480108217625
2025-06-15 11:00:00,34.75899984682027,76.80431999767002,1.286946638611768,0.5499110601603031,0.3551278276281519,94.05046648565487,4.0456827897546885,0.0,0.1,1.0,False,0.0,2,44.63480108217625
2025-06-15 12:00:00,35.627164522364254,75.6096260309735,1.419651120542994,0.608834419866604,0.393735349620725,93.47144391268321,4.439418139375413,0.0,0.0,1.0,False,0.0,2,44.63480108217625
2025-06-15 13:00:00,35.37619139016113,75.042997698487,1.4326939549822448,0.5846370888663085,0.3560790627699145,92.94779823213922,4.795497202145328,0.0,0.0,1.0,False,0.0,2,44.63480108217625
2025-06-15 14:00:00,32.98629430219634,79.27645205570307,1.0416239673160992,0.45376409181064076,0.2724973477892029,95.04706683833157,3.3679945499345307,0.0,1.7,1.0,False,0.0,2,44.63480108217625
2025-06-15 15:00:00,32.17353171063671,82.98489266192233,0.8169974322090658,0.33534414086200576,0.19550022683827165,95.49486062239293,3.0634947767728025,0.0,0.5,1.0,False,0.0,2,44.63480108217625
2025-06-15 16:00:00,31.44540362896348,83.57324108651923,0.7569081082060475,0.26771157843443233,0.13655276439767172,95.29404773357282,3.2000475411704743,0.0,0.0,1.0,False,0.0,2,44.63480108217625
2025-06-15 17:00:00,30.24523663709486,85.82022976154944,0.610171850791639,0.17676578971406012,0.06482641472284428,95.19871477074511,3.2648739558933184,0.0,0.0,1.0,False,0.0,2,44.63480108217625
2025-06-15 18:00:00,29.662925079854283,100.0,0.0,0.01861287937322335,0.010236373053865008,95.18366128096002,3.2751103289471835,0.0,0.0,0.0,True,0.25486497718800943,2,44.63480108217625
2025-06-15 19:00:00,28.527854085052827,95.23897261367608,0.18556920161326168,0.04186752202552194,0.003791938737696335,95.17808490046342,3.2789022676848796,0.0,0.0,1.0,True,0.0,2,44.63480108217625
2025-06-15 20:00:00,28.450299662394574,96.39611214904686,0.13983715116146062,0.030895207832626073,0.0013592888476358156,95.17608594627572,3.2802615565325155,0.0,0.0,1.0,True,0.0,2,44.63480108217625
2025-06-15 21:00:00,28.393359605162452,97.32692296324996,0.10337784890841585,0.022864624709369702,0.00256242695563833,95.17231767134095,3.2828239834881536,0.0,0.0,1.0,True,0.0,2,44.63480108217625
2025-06-15 22:00:00,28.131854047272206,96.79777193773029,0.12197437880045091,0.02695989836942647,0.002740535086283561,95.16828747268465,3.285564518574437,0.0,0.0,1.0,True,0.0,2,44.63480108217625
2025-06-15 23:00:00,27.698243523019936,97.33276734668543,0.09906162505212034,0.02293710746541842,0.0018407327074747805,98.10675698340894,1.2874052512819119,0.0,2.0,1.0,True,0.0,2,44.63480108217625
2025-06-16 00:00:00,27.527066785080727,98.34917418981543,0.060702217901993476,0.013994666480401857,0.0016031059719889148,99.99764249121766,0.0016031059719889148,0.0,1.7,1.0,True,0.0,2,45.04739583089434
2025-06-16 01:00:00,26.580213553989918,97.73837599625256,0.07866991505105911,0.01941842001610267,0.002672958990072538,99.99606917795577,0.002672958990072538,0.0,0.4,1.0,True,0.0,2,45.44579272492235
2025-06-16 02:00:00,26.52496972728002,97.16443695710316,0.09831397510640266,0.02118209518529129,0.003580877296306758,99.99473400397602,0.003580877296306758,0.0,0.2,1.0,True,0.0,2,45.643119765932276
2025-06-16 03:00:00,26.227036682557877,98.4080330183548,0.05423542349633564,0.013039141409101665,0.0,100.0,0.0,0.0,2.4,1.0,True,0.0,2,48.03953888863597
2025-06-16 04:00:00,26.10662539718508,97.37728659750735,0.08871814201382741,0.019180213829272232,0.0,100.0,0.0,0.0,2.7,1.0,True,0.0,2,50.73953888863597
2025-06-16 05:00:00,25.96753347952616,97.1888535631555,0.0943137911540841,0.023777994452056563,0.0026089992575367613,99.99616323638597,0.0026089992575367613,0.0,1.9,1.0,True,0.0,2,52.63953888863597
2025-06-16 06:00:00,26.671105038059284,96.88947152988044,0.1087789450896091,0.030865880644040496,0.009592187484287055,99.98589384193487,0.009592187484287055,0.0,0.5,1.0,True,0.0,2,53.13692988937843
2025-06-16 07:00:00,27.197632436197523,95.10641593041422,0.17650609801984277,0.065643333601093,0.03471015206093535,99.94895565873392,0.03471015206093535,0.0,1.2,1.0,True,0.0,2,54.327337701894145
2025-06-16 08:00:00,27.707967775777988,93.84752316078118,0.22863409038303656,0.0946938111223713,0.055881432380269144,99.91782142297019,0.055881432380269144,0.0,1.5,1.0,True,0.0,2,55.792627549833206
2025-06-16 09:00:00,28.26029079797346,89.089209735795,0.4187121542852237,0.1747538230050239,0.10556363296204511,99.84475936329112,0.10556363296204511,0.0,0.9,1.0,False,0.0,2,56.63674611745294
2025-06-16 10:00:00,28.919132810264365,89.9672910738394,0.40000370695220416,0.17859290336871725,0.11163446867524894,99.83583166371287,0.11163446867524894,0.0,0.4,1.0,False,0.0,2,56.93118248449089
2025-06-16 11:00:00,31.8433063985318,83.6919402416871,0.7685720043448674,0.37262466435199965,0.2591018091153814,99.6189679277715,0.2591018091153814,0.0,0.3,1.0,False,0.0,2,57.11954801581564
2025-06-16 12:00:00,33.12348564064196,81.3346524638813,0.9454174141856752,0.45867243457194906,0.31436449172331976,99.4507848517078,0.37346630083870114,0.0,0.2,1.0,False,0.0,2,57.11954801581564
2025-06-16 13:00:00,33.082280711053855,80.03347334442572,1.0089904117622213,0.4654352638325094,0.30239353489191106,99.15314730039616,0.5758598357306122,0.0,0.1,1.0,False,0.0,2,57.11954801581564
2025-06-16 14:00:00,33.22795082985604,78.45805781557327,1.097523603308848,0.4710828724848435,0.29516551534835017,98.71908036606035,0.8710253510789623,0.0,0.0,1.0,False,0.0,2,57.11954801581564
2025-06-16 15:00:00,31.763976143771863,82.32831218762189,0.8291069758967246,0.35313613845935077,0.20908250423611513,99.69252572906454,0.20908250423611513,0.0,2.0,1.0,False,0.0,2,58.248522664736676
2025-06-16 16:00:00,30.258032321785745,87.76226520839825,0.5269897339254599,0.20470187985054542,0.10396936946727693,99.68668842102443,0.21305187370339207,0.0,0.1,1.0,False,0.0,2,58.248522664736676
2025-06-16 17:00:00,29.121385561491458,90.51742164133869,0.3825141711599711,0.11676591669038386,0.03859629153414182,99.62992916876833,0.25164816523753386,0.0,0.0,1.0,True,0.0,2,58.248522664736676
2025-06-16 18:00:00,27.63349344100588,95.02998444239765,0.18389114619814664,0.0516519098620011,0.006169898441537909,99.62085578870725,0.2578180636790718,0.0,0.0,1.0,True,0.0,2,58.248522664736676
2025-06-16 19:00:00,27.438424786528735,96.79838877703438,0.11711745676266566,0.02655152765425062,0.002015600948413337,99.61789166966545,0.25983366462748514,0.0,0.0,1.0,True,0.0,2,58.248522664736676
2025-06-16 20:00:00,27.404698822535313,97.29303986398423,0.09882761959760744,0.021630591402659008,0.002244857440333431,99.61459040872379,0.26207852206781856,0.0,0.0,1.0,True,0.0,2,58.248522664736676
2025-06-16 21:00:00,27.16628088729861,97.83708164191046,0.077870880284379,0.017732312994811067,0.00147129818053229,99.61242673492889,0.26354982024835083,0.0,0.0,1.0,True,0.0,2,58.248522664736676
2025-06-16 22:00:00,26.96760254512769,97.8361767659768,0.07700114820032945,0.01722300210777552,0.001344629504004387,99.61044933859948,0.2648944497523552,0.0,0.0,1.0,True,0.0,2,58.248522664736676
2025-06-16 23:00:00,26.72440526647095,98.41061730643308,0.05575711348588191,0.012981873322619056,0.00012092749474457501,99.61027150404838,0.2650153772470998,0.0,0.0,1.0,True,0.0,2,58.248522664736676
2025-06-17 00:00:00,26.52626530665243,98.40134665731375,0.055432361122969516,0.012561868211039344,0.0,99.7573303275778,0.16501537724709978,0.0,0.1,1.0,True,0.0,2,58.248522664736676
2025-06-17 01:00:00,26.355708919832562,98.58331695428673,0.04863150945163419,0.01106588574040934,0.002888945145537594,99.99575155125656,0.002888945145537594,0.0,0.3,0.2,True,0.0,2,58.38350728748958
2025-06-17 02:00:00,26.26859860250354,97.86978033856865,0.07275090032655968,0.01572829329298537,0.0,99.99575155125656,0.002888945145537594,0.0,0.0,1.0,True,0.0,2,58.38350728748958
2025-06-17 03:00:00,26.03153691766825,98.37157678234357,0.054840596549954254,0.012708314096827687,0.0,100.0,0.0,0.0,0.1,1.0,True,0.0,2,58.480618342344044
2025-06-17 04:00:00,25.839687889698144,98.29947681830012,0.05662259062011179,0.012729031530733863,0.0014721287444110756,99.99783510478764,0.0014721287444110756,0.0,0.1,1.0,True,0.0,2,58.580618342344046
2025-06-17 05:00:00,26.20598771496043,96.22042219528177,0.1286034952086489,0.03444360358934978,0.010857536262844596,99.98186813969521,0.012329665007255672,0.0,0.0,1.0,True,0.0,2,58.580618342344046
2025-06-17 06:00:00,28.921908701917353,96.64092118920335,0.1339478375631744,0.06521786700603019,0.05311484747730273,99.92188993018044,0.05311484747730273,0.0,0.1,0.2,True,0.12582013138467718,2,58.66828867733679
2025-06-17 07:00:00,31.583034859343492,92.5721966996331,0.34493841945544124,0.17326126588625035,0.13251364101002494,99.80512699851467,0.13251364101002494,0.0,1.1,0.2,True,0.0,2,59.71517382985949
2025-06-17 08:00:00,30.58749557282931,84.04049389883421,0.7003282580708914,0.2941251958357104,0.17730820298327107,99.54437964118632,0.30982184399329604,0.0,0.0,1.0,False,0.0,2,59.71517382985949
2025-06-17 09:00:00,32.02923859008749,81.0705947633722,0.9015388723911527,0.38834617000356886,0.24630769287255144,99.47628009284433,0.3561295368658475,0.0,0.2,1.0,False,0.0,2,59.71517382985949
2025-06-17 10:00:00,31.88422676642825,82.82726193526337,0.8111983859772148,0.35114627006972204,0.21617172397768006,99.68210040591518,0.21617172397768006,0.0,0.5,1.0,False,0.0,2,59.85904429299364
2025-06-17 11:00:00,34.14710142130096,76.67875061881993,1.2507145009568723,0.5530780280815196,0.36078123474802837,99.46943936066467,0.36078123474802837,0.0,0.4,1.0,False,0.0,2,60.042872569015955
2025-06-17 12:00:00,31.957416417373135,81.45945760713984,0.8794420152203244,0.3953015480041648,0.24048354525781654,99.64634772756203,0.24048354525781654,0.0,4.9,1.0,False,0.0,2,64.58209133426793
2025-06-17 13:00:00,31.262166819595063,84.55798623444227,0.7041685707993522,0.2653428005102248,0.1419399215700926,99.58467137231189,0.28242346682790914,0.0,0.1,1.0,False,0.0,2,64.58209133426793
2025-06-17 14:00:00,32.903981829478745,80.80180258849224,0.9605087775473332,0.3762320240971174,0.226465764436467,99.39869230696415,0.40888923126437615,0.0,0.1,1.0,False,0.0,2,64.58209133426793
2025-06-17 15:00:00,33.20750081191931,80.16265898543001,1.0095204141311245,0.3857633100569729,0.2203082604056667,99.22176839460289,0.5291974916700428,0.0,0.1,1.0,False,0.0,2,64.58209133426793
2025-06-17 16:00:00,29.67228992903701,90.73400328666108,0.3858322297214395,0.20256997426719534,0.11918378245983888,99.82472973167671,0.11918378245983888,0.0,8.1,1.0,True,0.0,2,72.15289384259789
2025-06-17 17:00:00,28.236046074919546,92.9612643617826,0.2697379669302545,0.09526356238540731,0.03924888965570034,99.91406959983009,0.058432672115539215,0.0,0.1,1.0,True,0.0,2,72.15289384259789
2025-06-17 18:00:00,28.562864145773112,94.70093807542553,0.2069597496951688,0.05147538175435762,0.005315048626640176,99.90625335184974,0.0637477207421794,0.0,0.0,1.0,True,0.0,2,72.15289384259789
2025-06-17 19:00:00,28.115457509607698,96.95640901517297,0.11582129313180445,0.027337702980781385,7.962640170438509e-05,99.99988290235044,7.962640170438509e-05,0.0,0.3,1.0,True,0.0,2,72.38914612185572
2025-06-17 20:00:00,28.012015096626655,98.47139503859317,0.0578206377752231,0.013380977374655526,0.0,100.0,0.0,0.0,2.1,1.0,True,0.0,2,74.48906649545401
2025-06-17 21:00:00,26.600637757053867,96.11738794604958,0.1352179280464115,0.032488348130187916,0.003771557753537181,99.99445359153891,0.003771557753537181,0.0,9.3,1.0,True,0.0,2,83.78906649545401
2025-06-17 22:00:00,25.78909967883062,97.69693281555037,0.07645628886224248,0.019288598103512623,0.0027793207848674597,99.99591276355166,0.0027793207848674597,0.0,7.4,1.0,True,0.0,2,91.18529493770048
2025-06-17 23:00:00,26.036397939422365,98.32278697402666,0.05649992546354851,0.011732538332256764,0.0012010392442037396,99.994146529369,0.003980360029071199,0.0,0.0,1.0,True,0.0,2,91.18529493770048
2025-06-18 00:00:00,25.93130215623235,98.37849830174956,0.05428484791798384,0.012050360014936009,0.0002265108714830081,99.99966689577722,0.0002265108714830081,0.0,0.1,1.0,True,0.0,2,91.28131457767141
2025-06-18 01:00:00,25.747350741302284,98.23005118900159,0.05861295439444185,0.013078094649821377,0.0025557241390442424,99.99624158214846,0.0025557241390442424,0.0,0.7,1.0,True,0.0,2,91.98108806679993
2025-06-18 02:00:00,25.50527003782896,99.13501018397803,0.02823653093578817,0.007100280099835961,0.0011913258069666695,99.99824805028388,0.0011913258069666695,0.0,2.8,0.2,True,0.0,2,94.77853234266088
2025-06-18 03:00:00,25.431038511121486,98.78310658390862,0.0395493577739892,0.008642108745601873,0.0036132488904959733,99.99468639869045,0.0036132488904959733,0.0,0.6,0.2,True,0.0,2,95.37734101685392
2025-06-18 04:00:00,25.362648564727575,98.46669295785014,0.04963090489705299,0.010815847234154739,0.004934093413241548,99.99274398027464,0.004934093413241548,0.0,0.1,0.2,True,0.0,2,95.47372776796342
2025-06-18 05:00:00,25.73269812464323,97.51862887721522,0.08210086125717077,0.024668683458016552,0.014728453109277886,99.9783405101334,0.014728453109277886,0.0,0.1,0.2,True,0.0,2,95.56879367455018
2025-06-18 06:00:00,26.93523324978442,97.4757464308273,0.08965682688051398,0.03671337114009728,0.01671313032889888,99.97542186716338,0.01671313032889888,0.0,1.1,1.0,True,0.07477144424055567,2,96.6540652214409
2025-06-18 07:00:00,29.222029026354754,87.50164186332779,0.507103617546512,0.20820603145160543,0.13093704091447034,99.80744552806695,0.13093704091447034,0.0,0.2,1.0,False,0.0,2,96.83735209111201
2025-06-18 08:00:00,30.855521662698713,82.58353100490348,0.7760380039445395,0.3271030582312933,0.203582069765381,99.65511895488257,0.23451911067985134,0.0,0.1,1.0,False,0.0,2,96.83735209111201
2025-06-18 09:00:00,32.103129642679264,80.16285804910062,0.9487222771236886,0.40161913701756935,0.24762613900699126,99.635843913225,0.24762613900699126,0.0,0.3,1.0,False,0.0,2,96.90283298043215
2025-06-18 10:00:00,32.648149649592014,77.7113950242661,1.0992115618267913,0.44698965176940275,0.27018189130758496,99.38557642600797,0.41780803031457625,0.0,0.1,1.0,False,0.0,2,96.90283298043215
2025-06-18 11:00:00,33.97508433405999,76.5095677616736,1.2477848323017244,0.5389670053544403,0.3450240185975794,99.1723058104233,0.5628320489121557,0.0,0.2,1.0,False,0.0,2,96.90283298043215
2025-06-18 12:00:00,31.22653447530478,81.10508124601412,0.8598809553087883,0.3054801960536709,0.14114042169320953,99.11180519028623,0.6039724706053652,0.0,0.1,1.0,False,0.0,2,96.90283298043215
2025-06-18 13:00:00,31.266467780851336,78.83503580954458,0.9653757189486326,0.3174389065280488,0.14674528219052368,98.89600330471194,0.7507177527958888,0.0,0.0,1.0,False,0.0,2,96.90283298043215
2025-06-18 14:00:00,33.094202195732294,73.6110281778838,1.334434334117416,0.4847004797578106,0.27258849395906154,98.49513787241919,1.0233062467549503,0.0,0.0,1.0,False,0.0,2,96.90283298043215
2025-06-18 15:00:00,30.898956329407945,79.66251494732074,0.9084374367539768,0.29010758913677387,0.11862532185127185,98.32068886969674,1.1419315686062221,0.0,0.0,1.0,False,0.0,2,96.90283298043215
2025-06-18 16:00:00,29.55618937380671,84.70781080899539,0.6325219110236084,0.22131262828251647,0.10887778941264749,98.30763329703107,1.1508093580188696,0.0,0.1,1.0,False,0.0,2,96.90283298043215
2025-06-18 17:00:00,28.47174348133862,100.0,0.0,0.0194082515412821,0.009244483501088953,99.98640517132192,0.009244483501088953,0.0,2.9,0.0,True,0.6942889464960074,2,98.65202362241328
2025-06-18 18:00:00,27.415996073116517,93.55119368641861,0.235593203425734,0.05447675202979656,0.012484624877232951,99.96804542885542,0.021729108378321906,0.0,0.0,1.0,True,0.0,2,98.65202362241328
2025-06-18 19:00:00,27.251265324993184,95.39491807389757,0.1666227156770819,0.03716108563314791,0.007803400208424356,99.95656984031362,0.02953250858674626,0.0,0.0,1.0,True,0.0,2,98.65202362241328
2025-06-18 20:00:00,27.121532605935986,97.15628063723548,0.10211341429526069,0.023085032841282445,0.0040581639927329055,99.99403211177538,0.0040581639927329055,0.0,0.2,1.0,True,0.0,2,98.82249111382653
2025-06-18 21:00:00,27.02537556825051,97.12752596623612,0.1025660341080135,0.022409060584019685,0.004635702556521112,99.99318279035806,0.004635702556521112,0.0,0.2,1.0,True,0.0,2,99.0184329498338
2025-06-18 22:00:00,26.835857048565398,98.29533292276619,0.06019435589839162,0.01396057200898159,0.002104357229258614,99.99690535701579,0.002104357229258614,0.0,0.6,1.0,True,0.0,2,99.61379724727728
2025-06-18 23:00:00,26.537040467912334,98.29623535213504,0.0591145236844109,0.01359092921946392,0.0019165605173931,99.99718152865088,0.0019165605173931,0.0,0.1,1.0,True,0.0,2,99.71169289004801
2025-06-19 00:00:00,26.342376558540185,98.25392151023175,0.059891810595258686,0.013434664041486976,0.0025054188714056015,99.99631556048323,0.0025054188714056015,0.0,0.2,1.0,True,0.0,2,99.90977632953062
2025-06-19 01:00:00,26.234806266783167,98.33004902764455,0.05691828658653482,0.012624192518044594,0.0011882536268141986,99.99825256819587,0.0011882536268141986,0.0,0.2,1.0,True,0.0,2,100.10727091065921
2025-06-19 02:00:00,26.032611851729882,98.36071880222727,0.055209769247197116,0.012517773346172838,0.0005718531051572343,99.99915903955124,0.0005718531051572343,0.0,10.1,1.0,True,0.0,2,110.2060826570324
2025-06-19 03:00:00,26.09082764004281,98.88719930773081,0.037607435681697846,0.00814549459065011,0.00040896634509155584,99.99939857890428,0.00040896634509155584,0.0,2.3,1.0,True,0.0,2,112.50551080392724
2025-06-19 04:00:00,25.992880403050677,98.87009556280077,0.03796507577533917,0.008461335271377074,0.0006570017171728062,99.99903382100416,0.0006570017171728062,0.0,0.2,1.0,True,0.0,2,112.70510183758215
2025-06-19 05:00:00,26.0114271932298,98.0919896188535,0.06417995818483509,0.018120508591679785,0.004732949895309251,99.99303977956572,0.004732949895309251,0.0,0.1,1.0,True,0.0,2,112.80444483586497
2025-06-19 06:00:00,26.429769681403407,97.34292521846562,0.09161034441474711,0.027919414225315704,0.01009460078364259,99.98515499884758,0.01009460078364259,0.0,1.0,1.0,True,0.0,2,113.79971188596966
2025-06-19 07:00:00,27.647290809789773,91.99052135929396,0.2965904500655968,0.1332167007350302,0.08461148710717409,99.87557134248945,0.08461148710717409,0.0,0.2,1.0,True,0.0,2,113.98961728518601
2025-06-19 08:00:00,27.635395058635957,91.34784447820947,0.3201662933589728,0.12853512773908204,0.07314102352506857,99.89243967128665,0.07314102352506857,0.0,0.3,1.0,True,0.0,2,114.20500579807884
2025-06-19 09:00:00,30.514821778290322,93.43135964967713,0.28704819076726185,0.1434661891372081,0.11126068073145202,99.83638135186551,0.11126068073145202,0.0,0.2,0.2,True,0.0,2,114.33186477455378
2025-06-19 10:00:00,29.03663441375981,88.36340982821312,0.467112016994221,0.20605440480071197,0.12287819691461609,99.80273694463814,0.1341388776460681,0.0,0.1,1.0,False,0.0,2,114.33186477455378
2025-06-19 11:00:00,32.92773070486484,79.7947611898901,1.0122406230011662,0.47340331409148506,0.3255330457273231,99.32401187739207,0.45967192337339124,0.0,0.0,1.0,False,0.0,2,114.33186477455378
2025-06-19 12:00:00,33.775774216448795,79.2874240310628,1.0880750573403966,0.5167216088857924,0.34740816639341654,98.96017633857822,0.7070800897668078,0.0,0.1,1.0,False,0.0,2,114.33186477455378
2025-06-19 13:00:00,33.74639176698312,79.6796781900811,1.0657211164109046,0.4815025418958744,0.3145234885711199,98.79175944362069,0.8216035783379276,0.0,0.2,1.0,False,0.0,2,114.33186477455378
2025-06-19 14:00:00,34.37144938301536,84.46397596007843,0.8436471976945795,0.3822092890307839,0.25355252810843787,98.71300572581416,0.8751561064463655,0.0,0.2,0.5,False,0.0,2,114.33186477455378
2025-06-19 15:00:00,29.63444327312342,86.86885227188543,0.54558677200435,0.2702856898751915,0.1589652652970766,99.76622755103371,0.1589652652970766,0.0,14.3,1.0,False,0.0,2,127.75670866810742
2025-06-19 16:00:00,27.385411082158818,95.07730867512198,0.17951846049582681,0.07057953701585626,0.02716328769159941,99.96005398868883,0.02716328769159941,0.0,0.4,0.8,True,0.0,2,127.99774340281034
2025-06-19 17:00:00,27.84104627602563,94.7553822429679,0.1964154940646877,0.06644801915174832,0.03099877860749191,99.91446754956016,0.05816206629909132,0.0,0.0,1.0,True,0.0,2,127.99774340281034
2025-06-19 18:00:00,27.693127870729647,95.99834208945859,0.14857811719036282,0.040278268623107474,0.007718157497112226,99.90311731794675,0.06588022379620355,0.0,0.0,1.0,True,0.0,2,127.99774340281034
2025-06-19 19:00:00,27.66869710469867,96.30748077053808,0.13690470811365682,0.029761824980269146,0.0019178851252168497,99.99717958069822,0.0019178851252168497,0.0,2.0,1.0,True,0.0,2,129.93186317901413
2025-06-19 20:00:00,27.395154716653757,97.38611799429289,0.09537619996094607,0.021853250403600085,0.0006968426691838643,99.99897523136885,0.0006968426691838643,0.0,1.9,1.0,True,0.0,2,131.82994529388893
2025-06-19 21:00:00,27.12745168531686,98.36250110438986,0.05882036941972475,0.013850966798189557,0.001148319441469802,99.99831129493901,0.001148319441469802,0.0,0.1,1.0,True,0.0,2,131.92924845121973
2025-06-19 22:00:00,26.741415515199726,99.4771833898559,0.018359272108466704,0.00553183934715059,0.0,99.99831129493901,0.001148319441469802,0.0,0.0,1.0,True,0.0,2,131.92924845121973
2025-06-19 23:00:00,26.54221517786972,99.47199416506653,0.018325491019742526,0.004549477477918935,0.0,99.99831129493901,0.001148319441469802,0.0,0.0,1.0,True,0.0,2,131.92924845121973
2025-06-20 00:00:00,26.342229666144505,99.47511911205716,0.018003654846504152,0.004487328342853418,0.0,99.99831129493901,0.001148319441469802,0.0,0.0,1.0,True,0.0,2,131.92924845121973
2025-06-20 01:00:00,26.342258040856684,99.47446502607683,0.01802612045256274,0.003893331906562493,0.0,99.99831129493901,0.001148319441469802,0.0,0.0,1.0,True,0.0,2,131.92924845121973
2025-06-20 02:00:00,25.986187073017213,98.9377514478655,0.03567770044163555,0.008572956140535297,0.0,99.99831129493901,0.001148319441469802,0.0,0.0,1.0,True,0.0,2,131.92924845121973
2025-06-20 03:00:00,25.986668307631007,98.93208776395969,0.035868946845914386,0.0077443512956777375,0.0,99.99831129493901,0.001148319441469802,0.0,0.0,1.0,True,0.0,2,131.92924845121973
2025-06-20 04:00:00,25.88738152828628,98.92809970902965,0.03579210703644649,0.008019097534417914,0.0,99.99831129493901,0.001148319441469802,0.0,0.0,1.0,True,0.0,2,131.92924845121973
2025-06-20 05:00:00,26.350706077103215,97.84614727255017,0.07391506527515258,0.027217534019797623,0.012514120863371165,99.98159688108328,0.012514120863371165,0.0,0.1,1.0,True,0.0,2,132.02810013177827
2025-06-20 06:00:00,26.954873109304884,96.16921627783256,0.13621929494594304,0.05416957215013039,0.030783672895775674,99.95472989280033,0.030783672895775674,0.0,0.5,1.0,True,0.0,2,132.51558601091492
2025-06-20 07:00:00,28.27615617036993,91.46627541468582,0.32779200951847465,0.14596124691996573,0.09455981261545894,99.86094145203609,0.09455981261545894,0.0,0.3,1.0,True,0.0,2,132.78480233801915
2025-06-20 08:00:00,29.00005798799007,89.22756258609778,0.4315105584989604,0.19459421122127288,0.11941126318084402,99.82439520120464,0.11941126318084402,0.0,0.2,1.0,False,0.0,2,132.8902425254037
2025-06-20 09:00:00,31.784349758650535,83.96478394676603,0.7531963274528138,0.3494591495388822,0.23959575197772998,99.61910733064916,0.259007015158574,0.0,0.1,1.0,False,0.0,2,132.8902425254037
2025-06-20 10:00:00,34.74464427116871,84.99654977067253,0.8317625384858984,0.40713846641434975,0.2864688091418844,99.3448884936758,0.4454758243004584,0.0,0.1,0.5,False,0.0,2,132.8902425254037
2025-06-20 11:00:00,34.724242293959755,79.83239966707697,1.1167906264095295,0.5506633044245588,0.3848655599538902,98.92596855256713,0.7303413842543487,0.0,0.1,1.0,False,0.0,2,132.8902425254037
2025-06-20 12:00:00,35.35604240106837,77.40596073018568,1.2956047610923624,0.5883188972316646,0.3880823864166773,98.50231798430733,1.018423770671026,0.0,0.1,1.0,False,0.0,2,132.8902425254037
2025-06-20 13:00:00,31.897546562638762,80.40899632248754,0.9261287613101401,0.48138568287025996,0.30191714968910927,99.55600419163366,0.30191714968910927,0.0,5.2,1.0,False,0.0,2,137.07181875473267
2025-06-20 14:00:00,27.845813545945123,93.94553688281258,0.22680792933760827,0.12682859453796796,0.06774123254383724,99.90038054037672,0.06774123254383724,0.0,7.0,1.0,True,0.0,2,143.76990160504357
2025-06-20 15:00:00,27.26123748172873,94.67119851995282,0.1929212095554363,0.06975480792734852,0.031340034793613594,99.9539117135388,0.031340034793613594,0.0,0.6,1.0,True,0.0,2,144.30216037249974
2025-06-20 16:00:00,28.270318389855607,92.86157042889788,0.27410382884540363,0.1063643098078886,0.060534860545624035,99.91097814625644,0.060534860545624035,0.0,0.2,1.0,True,0.0,2,144.47082033770613
2025-06-20 17:00:00,28.207865789132075,93.7939604406425,0.23743818123073288,0.09080927687273697,0.046389301798150415,99.84275858478857,0.10692416234377444,0.0,0.0,1.0,True,0.0,2,144.47082033770613
2025-06-20 18:00:00,27.160041256028205,96.66383823484446,0.12006689384336316,0.03768205224332239,0.004163994639614844,99.83663506325972,0.11108815698338928,0.0,0.0,1.0,True,0.0,2,144.47082033770613
2025-06-20 19:00:00,26.89435380327237,97.43635726839295,0.09083760045812463,0.020735800833785314,0.0,99.83663506325972,0.11108815698338928,0.0,0.0,1.0,True,0.0,2,144.47082033770613
2025-06-20 20:00:00,26.89117278540766,97.46915635840945,0.08965868229840993,0.019387808408512872,0.0,99.98369388678914,0.011088156983389275,0.0,0.1,1.0,True,0.0,2,144.47082033770613
2025-06-20 21:00:00,27.01478375259731,98.4938731626172,0.05374513676525172,0.011569034042309748,0.0,100.0,0.0,0.0,0.1,1.0,True,0.0,2,144.55973218072273
2025-06-20 22:00:00,26.917407399233703,98.47229147217621,0.05420463851135679,0.012007219952251794,0.0,100.0,0.0,0.0,0.0,1.0,True,0.0,2,144.55973218072273
2025-06-20 23:00:00,26.767763418894717,97.84670764194942,0.07573238673449549,0.016580538323883454,0.0007178038351911061,99.99894440612472,0.0007178038351911061,0.0,0.2,1.0,True,0.0,2,144.75973218072272
2025-06-21 00:00:00,26.076168928431095,97.80654013964367,0.07406447257752555,0.017988461920195927,0.0012021931135989931,99.99823206895059,0.0012021931135989931,0.0,5.2,1.0,True,0.0,2,149.95901437688752
2025-06-21 01:00:00,26.151000307442725,96.7971643988113,0.10862614381979016,0.02289380530160654,0.0006572200982643115,99.9990334998555,0.0006572200982643115,0.0,3.8,1.0,True,0.0,2,153.75781218377392
2025-06-21 02:00:00,26.026927183729956,98.4187355430939,0.05323791951230903,0.012424450557645694,0.0,100.0,0.0,0.0,0.4,1.0,True,0.0,2,154.15715496367565
2025-06-21 03:00:00,26.064348541628103,97.9273755895103,0.06993547868074156,0.014826409362275956,0.0,100.0,0.0,0.0,0.0,1.0,True,0.0,2,154.15715496367565
2025-06-21 04:00:00,25.926630856154354,98.42707467650608,0.05264405475245895,0.0119546610854276,0.0,100.0,0.0,0.0,0.1,1.0,True,0.0,2,154.25715496367565
2025-06-21 05:00:00,26.185280265444373,96.89409397708312,0.10555212100763425,0.03144197813887068,0.004541040860742891,99.9933219987342,0.004541040860742891,0.0,0.0,1.0,True,0.0,2,154.25715496367565
2025-06-21 06:00:00,27.36864046034416,94.53825863697686,0.19898097816373245,0.0701169139777979,0.037190364777675754,99.93863028582585,0.041731405638418644,0.0,0.0,1.0,True,0.0,2,154.25715496367565
2025-06-21 07:00:00,28.282835953004415,91.25356034203271,0.33609310414046323,0.13367574200133325,0.07764729742473764,99.82444308373066,0.11937870306315629,0.0,0.0,1.0,True,0.0,2,154.25715496367565
2025-06-21 08:00:00,29.915985820693304,87.84651939144571,0.5132002967385216,0.23609663187712993,0.15716357890542434,99.76887708984496,0.15716357890542434,0.0,0.2,1.0,False,0.0,2,154.3377762606125
2025-06-21 09:00:00,30.51937406520859,85.1471445611123,0.649235479154776,0.29977972191629154,0.19355625479417518,99.71535844883209,0.19355625479417518,0.0,0.4,1.0,False,0.0,2,154.58061268170707
2025-06-21 10:00:00,31.477422120056822,84.3374378629685,0.7230078565384024,0.3345342974907584,0.22022831214199204,99.5385521074468,0.3137845669361672,0.0,0.1,1.0,False,0.0,2,154.58061268170707
2025-06-21 11:00:00,31.99209607109203,82.18821833932037,0.8465320190048669,0.38283923549004784,0.24660077721689636,99.63735179821045,0.24660077721689636,0.0,0.5,1.0,False,0.0,2,154.7668281147709
2025-06-21 12:00:00,31.238583135924628,83.7548041971494,0.7398022312623371,0.31538140866594383,0.18930357253545768,99.50602301507007,0.33590434975235406,0.0,0.1,1.0,False,0.0,2,154.7668281147709
2025-06-21 13:00:00,31.24995336394423,83.80194653474754,0.7381321643707697,0.30764655537827745,0.18525776357959864,99.67476159804124,0.2211621133319527,0.0,0.3,1.0,False,0.0,2,154.7668281147709
2025-06-21 14:00:00,30.322106154132594,86.92280906739747,0.5652078867475808,0.2280424104424536,0.12695632097147047,99.81329952798313,0.12695632097147047,0.0,0.9,1.0,False,0.0,2,155.44566600143895
2025-06-21 15:00:00,31.083433575749524,84.83742881911552,0.6844348184165351,0.25944454150935176,0.14510451175308112,99.74696936364037,0.17206083272455158,0.0,0.1,1.0,False,0.0,2,155.44566600143895
2025-06-21 16:00:00,30.22170507109561,86.291670006774,0.5890909794427925,0.21246819424401692,0.10276062851341558,99.84888142865674,0.10276062851341558,0.0,0.3,1.0,False,0.0,2,155.5736051687144
2025-06-21 17:00:00,29.177498567666564,89.56007184389327,0.4224986457172137,0.13831827990772627,0.0538142738527345,99.92086136198127,0.0538142738527345,0.0,0.8,1.0,False,0.0,2,156.27084454020098
2025-06-21 18:00:00,27.442518289529477,97.57566029288478,0.08870548300838475,0.032079366810055195,0.0057589938564524676,99.99153089138757,0.0057589938564524676,0.0,4.3,1.0,True,0.0,2,160.51703026634826
2025-06-21 19:00:00,26.565517497805022,97.88293267708039,0.07357788386269148,0.018677772543545988,0.00028723217418475354,99.99957759974384,0.00028723217418475354,0.0,5.4,1.0,True,0.0,2,165.9112712724918
2025-06-21 20:00:00,26.19065342180436,98.88636132496144,0.03785826489751078,0.009586639758638075,0.0004600702597520814,99.99932342608861,0.0004600702597520814,0.0,3.4,1.0,True,0.0,2,169.3109840403176
2025-06-21 21:00:00,26.190960809541096,98.88312107279572,0.03796910653889471,0.008199326859219157,0.000517169285034147,99.99923945693378,0.000517169285034147,0.0,2.2,1.0,True,0.0,2,171.51052397005785
2025-06-21 22:00:00,26.26368912170949,97.92036951265112,0.07100261983733146,0.014787319845324838,0.0,100.0,0.0,0.0,5.9,1.0,True,0.0,2,177.4100068007728
2025-06-21 23:00:00,26.035563922933157,98.3313587196999,0.05620840036672631,0.012928006069029704,0.0010563010137262113,99.99844661615629,0.0010563010137262113,0.0,0.3,1.0,True,0.0,2,177.71000680077282
2025-06-22 00:00:00,25.832891117257944,98.36713769837377,0.0543478079650387,0.01233563277263965,0.00035941611076148477,99.99947144689594,0.00035941611076148477,0.0,0.4,1.0,True,0.0,2,178.1089504997591
2025-06-22 01:00:00,25.447301811426488,99.43730504045277,0.018305400169607074,0.005371066660527486,0.0,100.0,0.0,0.0,2.7,1.0,True,0.0,2,180.80859108364834
2025-06-22 02:00:00,25.374456579269328,97.86853365375694,0.06904085274759422,0.01460939375721372,0.0,100.0,0.0,0.0,2.8,1.0,True,0.0,2,183.60859108364835
2025-06-22 03:00:00,25.289659010278296,98.92363876034787,0.034689468156424874,0.008086706730122413,0.0,100.0,0.0,0.0,1.7,1.0,True,0.0,2,185.30859108364834
2025-06-22 04:00:00,25.43412933146964,98.37283039778805,0.052893147301156414,0.010828088766167579,6.0769593174333695e-05,99.99991063295121,6.0769593174333695e-05,0.0,0.6,1.0,True,0.0,2,185.90859108364833
2025-06-22 05:00:00,25.485716792876566,97.49708906686757,0.08160970825944537,0.0232994520044578,0.00583748065993253,99.99141546961775,0.00583748065993253,0.0,0.3,1.0,True,0.0,2,186.20853031405517
2025-06-22 06:00:00,27.593166489136177,94.03208628250994,0.2202941043379863,0.09537352120995765,0.06399010966731906,99.90589689754806,0.06399010966731906,0.0,0.4,1.0,True,0.0,2,186.60269283339522
2025-06-22 07:00:00,28.742894028823923,90.48751194925592,0.3754145834711213,0.16298796652168349,0.10414106347035458,99.84685137724948,0.10414106347035458,0.0,0.7,1.0,True,0.0,2,187.2387027237279
2025-06-22 08:00:00,31.166556518067974,83.98881064342953,0.7261663523965574,0.32759726365677466,0.2213931162055278,99.66833208871194,0.22553417967588235,0.0,0.1,1.0,False,0.0,2,187.2387027237279
2025-06-22 09:00:00,33.089136654082516,81.15872884476447,0.9524926291582165,0.4415688479866283,0.30261410441023906,99.517428993991,0.3281482840861214,0.0,0.2,1.0,False,0.0,2,187.2387027237279
2025-06-22 10:00:00,33.92179615384356,78.89666457919718,1.117662662443729,0.508916672444673,0.3377751879432042,99.46187724701569,0.3659234720293256,0.0,0.3,1.0,False,0.0,2,187.2387027237279
2025-06-22 11:00:00,31.940648774722103,80.94765025461383,0.902862595167453,0.3763650005708095,0.21907210275729844,99.58088886060791,0.2849955747866241,0.0,0.3,1.0,False,0.0,2,187.2387027237279
2025-06-22 12:00:00,31.850413039889528,83.0264401255425,0.8002576048092699,0.3727769900638037,0.23880090203048535,99.64882220289635,0.23880090203048535,0.0,3.8,1.0,False,0.0,2,190.75370714894126
2025-06-22 13:00:00,34.326378317546464,78.52894026740132,1.1630205724556955,0.5232447058828299,0.3550805517238385,99.27370374447894,0.49388145375432385,0.0,0.1,1.0,False,0.0,2,190.75370714894126
2025-06-22 14:00:00,31.395013650430506,80.38569431126776,0.9012021606736219,0.36132702861608834,0.19859790879682934,99.70794425176936,0.19859790879682934,0.0,0.6,1.0,False,0.0,2,190.85982569518694
2025-06-22 15:00:00,30.495039142081442,85.89756092830801,0.6155773477125618,0.24105575690681957,0.12947895286305366,99.66459285050017,0.228076861659883,0.0,0.1,1.0,False,0.0,2,190.85982569518694
2025-06-22 16:00:00,30.50583334957821,85.70579466636093,0.6243330072247746,0.22948356267223813,0.1207769972528143,99.48697961924603,0.34885385891269727,0.0,0.0,1.0,False,0.0,2,190.85982569518694
2025-06-22 17:00:00,29.789341783327874,88.69555997270471,0.47388948990741603,0.1554351395729234,0.06537621406926662,99.3908381279677,0.4142300729819639,0.0,0.0,1.0,False,0.0,2,190.85982569518694
2025-06-22 18:00:00,29.33458587285671,100.0,0.0,0.0161708271448641,0.007168060737280827,99.38029686217759,0.4213981337192447,0.0,0.0,0.0,True,0.2587716521262322,2,190.85982569518694
2025-06-22 19:00:00,27.75338368555842,96.63319960084876,0.12544667158533937,0.03035508551824747,0.0,99.38029686217759,0.4213981337192447,0.0,0.0,1.0,True,0.0,2,190.85982569518694
2025-06-22 20:00:00,27.613829733176825,97.19391679829049,0.1037062576690631,0.0230175472619781,0.0,99.38029686217759,0.4213981337192447,0.0,0.0,1.0,True,0.0,2,190.85982569518694
2025-06-22 21:00:00,27.208377390272936,97.27286830441096,0.09842651778832064,0.022498761092027236,9.454621707052342e-05,99.82133429421131,0.12149267993631527,0.0,0.3,1.0,True,0.0,2,190.85982569518694
2025-06-22 22:00:00,26.513642960190026,96.00297626544905,0.13849147162982445,0.0314053636831904,0.005422835817202981,99.99202524144529,0.005422835817202981,0.0,1.7,1.0,True,0.0,2,192.43833301525063
2025-06-22 23:00:00,26.13305394516369,98.35185029192493,0.055838807777081355,0.013987378550855854,0.0,100.0,0.0,0.0,0.5,1.0,True,0.0,2,192.93291017943343
2025-06-23 00:00:00,25.79718718788215,98.83410399544218,0.03872347967648686,0.009410826745924885,0.0,100.0,0.0,0.0,0.1,1.0,True,0.0,2,193.03291017943343
2025-06-23 01:00:00,25.433173078772818,98.38373700475684,0.052535632022158434,0.012251583942597904,0.0,100.0,0.0,0.0,0.6,1.0,True,0.0,2,193.63291017943342
2025-06-23 02:00:00,25.3000056142772,99.99997997777062,6.456825925770676e-07,0.000998091562884773,0.0,100.0,0.0,0.0,3.6,1.0,True,0.01811265223088873,2,197.23291017943342
2025-06-23 03:00:00,25.10001780815471,99.99993567335535,2.049896631614541e-06,0.0005124621841276605,0.0,100.0,0.0,0.0,11.4,1.0,True,0.0,2,208.63291017943342
2025-06-23 04:00:00,25.147606809223998,99.43825023651526,0.01795204278742677,0.003560984137336061,0.0,100.0,0.0,0.0,0.6,1.0,True,0.0,2,209.23291017943342
2025-06-23 05:00:00,25.136126769572986,98.05605391661503,0.06208097611922518,0.018703351379919415,0.004917337763186603,99.99276862093649,0.004917337763186603,0.0,8.2,1.0,True,0.0,2,217.4329101794334
2025-06-23 06:00:00,27.417671050362454,92.04415078164591,0.29067823197774095,0.1016949244936058,0.057459462542017475,99.91550079037938,0.057459462542017475,0.0,0.1,1.0,True,0.0,2,217.52799284167023
2025-06-23 07:00:00,29.11750358698058,89.57994498868865,0.42023648963990917,0.1899781721061365,0.12585543120078843,99.73041927390763,0.1833148937428059,0.0,0.0,0.8,False,0.0,2,217.52799284167023
2025-06-23 08:00:00,30.076158656285596,84.74199774740276,0.650240400236877,0.2941475440760447,0.18822468113935334,99.72319899832448,0.18822468113935334,0.0,0.2,1.0,False,0.0,2,217.54467794792743
2025-06-23 09:00:00,30.834203371303136,83.5741638131889,0.7310089015319541,0.33846707979175367,0.219682827130934,99.54719484077899,0.30790750827028734,0.0,0.1,1.0,False,0.0,2,217.54467794792743
2025-06-23 10:00:00,31.54251516617664,82.6338002746191,0.8046153505263709,0.37439676162057633,0.24496405625509216,99.48107122863915,0.3528715645253795,0.0,0.2,1.0,False,0.0,2,217.54467794792743
2025-06-23 11:00:00,32.153761974694255,81.28713800560959,0.8975148079208344,0.3960659047188689,0.25048173510456123,99.55389220642655,0.30335329962994073,0.0,0.3,1.0,False,0.0,2,217.54467794792743
2025-06-23 12:00:00,33.8362519479602,78.4402704523664,1.136403484050106,0.5107154277895536,0.3368843633386756,99.35259167210498,0.44023766296861633,0.0,0.2,1.0,False,0.0,2,217.54467794792743
2025-06-23 13:00:00,35.92720680150281,82.41186130378355,1.0407448189185626,0.4670735233333266,0.3192491162569955,99.17722532466821,0.5594867792256117,0.0,0.2,0.5,False,0.0,2,217.54467794792743
2025-06-23 14:00:00,30.05258653650597,86.85591070745087,0.5593966649468183,0.25317318618115525,0.13535361610309912,99.80095056455427,0.13535361610309912,0.0,7.8,1.0,False,0.0,2,224.7851911687018
2025-06-23 15:00:00,28.19224715456859,91.62416407673079,0.32016202839222,0.13207631683903953,0.06564857067489581,99.90345798430162,0.06564857067489581,0.0,3.5,1.0,True,0.0,2,228.1498375525987
2025-06-23 16:00:00,28.191463079625084,92.17355351194487,0.29914826154720875,0.1271009822158456,0.07447313494198818,99.89048068390885,0.07447313494198818,0.0,0.1,1.0,True,0.0,2,228.18418898192382
2025-06-23 17:00:00,27.825604003668623,92.42511043593241,0.2834309197370212,0.104513056681176,0.05036353857554588,99.81641665659187,0.12483667351753405,0.0,0.0,1.0,True,0.0,2,228.18418898192382
2025-06-23 18:00:00,26.980306101143015,94.95042124217277,0.17982675510443666,0.049723353041057745,0.0038967902851548644,99.99426942605125,0.0038967902851548644,0.0,0.3,1.0,True,0.0,2,228.3593523084063
2025-06-23 19:00:00,26.58397523025202,96.28080920935442,0.12939958430232054,0.029646419293065267,0.0007813222597384609,99.99885099667686,0.0007813222597384609,0.0,0.1,1.0,True,0.0,2,228.45545551812114
2025-06-23 20:00:00,26.829151411788274,96.95106194691746,0.10762018395050503,0.022689908561121335,0.0,99.99885099667686,0.0007813222597384609,0.0,0.0,1.0,True,0.0,2,228.45545551812114
2025-06-23 21:00:00,26.289601146556972,96.2587433974998,0.12792915517898323,0.029037804077666922,0.0009171100943369814,99.9986513086848,0.0009171100943369814,0.0,2.7,1.0,True,0.0,2,231.1546741958614
2025-06-23 22:00:00,26.411312129252597,95.8810742957084,0.1418575158571175,0.03012682192828725,0.0,100.0,0.0,0.0,0.1,1.0,True,0.0,2,231.25375708576706
2025-06-23 23:00:00,26.11426914255373,97.29855808463736,0.09142254523786997,0.02112296743769372,0.0,100.0,0.0,0.0,0.2,1.0,True,0.0,2,231.45375708576705
2025-06-24 00:00:00,26.031812304162813,98.36856563596442,0.054942897473653635,0.012476657968359993,0.0004440503775534944,99.99934698473889,0.0004440503775534944,0.0,0.1,1.0,True,0.0,2,231.55375708576705
2025-06-24 01:00:00,25.734769094295846,98.35281637229208,0.054506874710410866,0.01261439814777203,0.0005407652380548431,99.99920475700286,0.0005407652380548431,0.0,1.4,1.0,True,0.0,2,232.9533130353895
2025-06-24 02:00:00,25.425651551732784,97.23808735862471,0.08973418678190044,0.019885441823145132,0.0014609016300056055,99.99785161524999,0.0014609016300056055,0.0,0.8,1.0,True,0.0,2,233.75277227015144
2025-06-24 03:00:00,25.514271493073057,97.34747441275243,0.08663470127406,0.018484576174734323,0.0,100.0,0.0,0.0,0.6,1.0,True,0.0,2,234.35131136852144
2025-06-24 04:00:00,25.426234391498983,97.23179921143867,0.08994160021153293,0.019638701077806388,0.0015643641306044452,99.99769946451381,0.0015643641306044452,0.0,0.7,1.0,True,0.0,2,235.05131136852143
2025-06-24 05:00:00,25.593591566316725,97.10685572240413,0.09493922349939321,0.02418034312065521,0.0036520736237463597,99.99462930349449,0.0036520736237463597,0.0,0.4,1.0,True,0.0,2,235.44974700439082
2025-06-24 06:00:00,26.20449924476958,94.99455408741865,0.17029978565630466,0.06367426421172902,0.03407832473896954,99.94988481656034,0.03407832473896954,0.0,0.2,1.0,True,0.0,2,235.64609493076708
2025-06-24 07:00:00,26.569563225678785,94.32286542141125,0.1973536815893118,0.07716737136861118,0.04139406351165941,99.93912637718874,0.04139406351165941,0.0,0.1,1.0,True,0.0,2,235.7120166060281
2025-06-24 08:00:00,28.349482777226424,90.02231280181962,0.3848925286450373,0.17644548295282483,0.11948605498717557,99.82428521325414,0.11948605498717557,0.0,0.4,1.0,True,0.0,2,236.07062254251645
2025-06-24 09:00:00,29.934767388316253,85.45039530076404,0.6150430759178956,0.2743979895417701,0.17999646719585774,99.73529931294726,0.17999646719585774,0.0,0.2,1.0,False,0.0,3,236.15113648752927
2025-06-24 10:00:00,31.481858464241377,88.26457191503135,0.5418616844033737,0.2688548014032913,0.188835079456696,99.72230135374015,0.188835079456696,0.0,0.3,0.5,False,0.0,3,236.2711400203334
2025-06-24 11:00:00,30.553195964313495,83.75495172429365,0.7114631902268398,0.31900499719415343,0.19663009035947246,99.71083810241254,0.19663009035947246,0.0,0.3,1.0,False,0.0,3,236.3823049408767
2025-06-24 12:00:00,38.031817034924984,89.06623306995344,0.7255826560229564,0.38561746348568354,0.3118040312441445,99.39936158587703,0.408434121603617,0.0,0.1,0.2,False,0.0,3,236.3823049408767
2025-06-24 13:00:00,32.7577467965102,80.68317124917664,0.9585393040740173,0.454450111714921,0.28504574985652786,99.12723548314685,0.5934798714601448,0.0,0.1,1.0,False,0.0,3,236.3823049408767
2025-06-24 14:00:00,33.249485079883385,80.48570373288244,0.9954181660041433,0.44052466130800183,0.27092516664405025,98.87587494396442,0.7644050381041951,0.0,0.1,1.0,False,0.0,3,236.3823049408767
2025-06-24 15:00:00,31.88909577128145,82.85387346253725,0.8101643897786953,0.3328889285009467,0.17874423864984326,98.76007459300877,0.8431492767540384,0.0,0.1,1.0,False,0.0,3,236.3823049408767
2025-06-24 16:00:00,30.26371440114574,82.68957844173238,0.7456757637436948,0.25973408261309006,0.11298692448494438,99.83384275811038,0.11298692448494438,0.0,2.0,1.0,False,0.0,3,237.53915566412266
2025-06-24 17:00:00,28.64051267558813,90.001405577891,0.39226583297338125,0.13627335896796228,0.05813537304851618,99.91450680434042,0.05813537304851618,0.0,3.0,1.0,False,0.0,3,240.42616873963772
2025-06-24 18:00:00,28.613316745301823,100.0,0.0,0.01353421518990297,0.011508737439584835,99.89758219045868,0.06964411048810101,0.0,0.0,0.0,True,0.13858839400258394,3,240.42616873963772
2025-06-24 19:00:00,27.631687186394423,96.6279933845377,0.12475147458204768,0.02933902825017415,0.003909986390978978,99.89183221047195,0.07355409687907999,0.0,0.0,0.5,True,0.0,3,240.42616873963772
2025-06-24 20:00:00,27.490020921776168,96.12614032894405,0.14213692933172187,0.030935035155297927,0.0026038974878418754,99.99617073898847,0.0026038974878418754,0.0,0.1,1.0,True,0.0,3,240.45261464275865
2025-06-24 21:00:00,27.116732995820538,97.20091364424198,0.10048244206922567,0.02318412378039673,0.0035089372731542377,99.99483979812771,0.0035089372731542377,0.0,2.1,1.0,True,0.0,3,242.5500107452708
2025-06-24 22:00:00,26.480736790776916,97.73870204955212,0.07819923079786323,0.018871016578438746,0.0025970337650055865,99.99618083269853,0.0025970337650055865,0.0,0.3,1.0,True,0.0,3,242.84650180799767
2025-06-24 23:00:00,26.232120782920756,97.11726504385278,0.09823901282732242,0.02167029371929522,0.003985436311209862,99.99413906424822,0.003985436311209862,0.0,0.1,1.0,True,0.0,3,242.94390477423266
2025-06-25 00:00:00,26.135357796659417,98.3289144706813,0.05662356952488209,0.01293081071806097,0.00032397066866500344,99.99952357254608,0.00032397066866500344,0.0,0.1,1.0,True,0.0,3,243.03991933792145
2025-06-25 01:00:00,25.89727258848193,98.83069645081747,0.03906737968022595,0.00923617914449766,0.0006974927436458134,99.998974275377,0.0006974927436458134,0.0,0.1,1.0,True,0.0,3,243.13959536725278
2025-06-25 02:00:00,25.544022791888807,99.46984897700352,0.017345964023594968,0.004994907472559868,0.0,100.0,0.0,0.0,0.1,0.8,True,0.0,3,243.23889787450915
2025-06-25 03:00:00,25.19462681926261,98.87582172018668,0.036026405796165756,0.008528561104776528,0.0017595964022687643,99.99741235823197,0.0017595964022687643,0.0,2.4,0.8,True,0.0,3,245.63889787450915
2025-06-25 04:00:00,25.087359235893526,98.95556829442101,0.033257827840887724,0.007526547189955794,0.00038521977157147697,99.99943350033593,0.00038521977157147697,0.0,2.1,0.8,True,0.0,3,247.7371382781069
2025-06-25 05:00:00,25.2850956930524,99.35702540795519,0.02071646321362908,0.006394376138464032,0.0013477218351953012,99.99801805612472,0.0013477218351953012,0.0,3.5,0.8,True,0.010539948855753725,3,251.23675305833532
2025-06-25 06:00:00,27.14053331112506,90.61275328901098,0.33745660362965296,0.12224471114833554,0.07267609074075092,99.8911414520942,0.07402381257594622,0.0,0.0,1.0,True,0.0,3,251.23675305833532
2025-06-25 07:00:00,26.62107744878561,92.93891720555149,0.24620898587184378,0.07988384062375127,0.037919199731722655,99.83537792307696,0.11194301230766887,0.0,0.0,1.0,True,0.0,3,251.23675305833532
2025-06-25 08:00:00,29.105922749823915,85.74150493306225,0.5746547892677251,0.2549291226198929,0.15508107167186616,99.6073175235595,0.26702408397953503,0.0,0.0,1.0,False,0.0,3,251.23675305833532
2025-06-25 09:00:00,33.882791017519864,88.8288414785718,0.5903560136121028,0.29904481608590383,0.2240451167783096,99.27783941065023,0.49106920075784466,0.0,0.0,0.2,False,0.0,3,251.23675305833532
2025-06-25 10:00:00,31.592861557452643,79.27841815452327,0.962821948906094,0.43857852029705613,0.2527151507633129,98.90619948305712,0.7437843515211575,0.0,0.0,0.8,False,0.0,3,251.23675305833532
2025-06-25 11:00:00,39.600828357168325,84.05029198748228,1.1515912990477044,0.5530218846945057,0.3957039728367006,98.32428187594434,1.1394883243578582,0.0,0.0,0.2,False,0.0,3,251.23675305833532
2025-06-25 12:00:00,34.28419150945793,72.7952348842108,1.4701480386556893,0.6677085575583582,0.39982195712310237,97.73630840958683,1.5393102814809605,0.0,0.0,1.0,False,0.0,3,251.23675305833532
2025-06-25 13:00:00,34.161274085294345,72.17017771963569,1.4936853638292205,0.6360777222816308,0.3771520137050042,97.18167309531476,1.9164622951859647,0.0,0.0,1.0,False,0.0,3,251.23675305833532
2025-06-25 14:00:00,33.595486120100695,72.27244563098199,1.4420045567144786,0.5728177656564065,0.32591127334785075,97.14356828156792,1.9423735685338155,0.0,0.3,1.0,False,0.0,3,251.23675305833532
2025-06-25 15:00:00,32.7136213288578,73.71752630105908,1.3009581320014216,0.47888241471824583,0.2508188718876854,97.06883464643897,1.993192440421501,0.0,0.2,1.0,False,0.0,3,251.23675305833532
2025-06-25 16:00:00,31.91839435669486,76.98155237478187,1.089438461202124,0.3667825670795339,0.16331746467897587,96.828661904264,2.1565099051004766,0.0,0.0,1.0,False,0.0,3,251.23675305833532
2025-06-25 17:00:00,30.30721490240096,83.56163708598383,0.7098755876195382,0.21984702062618025,0.07355189417190698,96.7204973540112,2.2300617992723835,0.0,0.0,1.0,False,0.0,3,251.23675305833532
2025-06-25 18:00:00,29.682945842360155,99.99999999999997,1.3877266460770077e-15,0.022373632306917766,0.0016787421837528148,96.71802861550567,2.231740541456136,0.0,0.0,0.0,True,0.2961127069703171,3,251.23675305833532
2025-06-25 19:00:00,27.64834336462385,95.17096829805884,0.17882970448853291,0.04315955617319836,0.0,96.71802861550567,2.231740541456136,0.0,0.0,1.0,True,0.0,3,251.23675305833532
2025-06-25 20:00:00,27.20415763161313,97.31349447693842,0.09693629138861194,0.023081940752144703,0.0,96.71802861550567,2.231740541456136,0.0,0.0,1.0,True,0.0,3,251.23675305833532
2025-06-25 21:00:00,26.433456467553196,98.33505269644735,0.05741634876404536,0.014975890064801137,0.0006021486753015668,99.21714310274788,0.5323426901314379,0.0,1.7,1.0,True,0.0,3,251.23675305833532
2025-06-25 22:00:00,26.724378209687572,98.41016309605673,0.055772958918109454,0.01119937195903136,0.0,99.65831957333612,0.23234269013143788,0.0,0.3,1.0,True,0.0,3,251.23675305833532
2025-06-25 23:00:00,26.459063157256324,97.9561966874238,0.0705877517069741,0.015922518806043423,0.0,99.65831957333612,0.23234269013143788,0.0,0.0,1.0,True,0.0,3,251.23675305833532
2025-06-26 00:00:00,26.443007529755125,99.46516568632929,0.018454349003852066,0.00458894312401781,0.0,99.65831957333612,0.23234269013143788,0.0,0.0,1.0,True,0.005771198095493729,3,251.23675305833532
2025-06-26 01:00:00,26.499469334103352,99.99999999999999,3.8435634311881037e-16,0.00033217828206935114,0.0,99.65831957333612,0.23234269013143788,0.0,0.0,1.0,True,0.07186723423153671,3,251.23675305833532
2025-06-26 02:00:00,26.243322501134916,99.46554734773213,0.01822533720915627,0.004498111564019323,0.0,100.0,0.0,0.0,0.5,1.0,True,0.0,3,251.50441036820388
2025-06-26 03:00:00,26.042854023322157,99.47357252035906,0.017740419914975693,0.004428794072032038,0.0,100.0,0.0,0.0,0.0,1.0,True,0.0,3,251.50441036820388
2025-06-26 04:00:00,25.884232041484015,98.96149255246772,0.03467061663313913,0.007794743551135318,0.0,100.0,0.0,0.0,0.0,1.0,True,0.0,3,251.50441036820388
2025-06-26 05:00:00,26.30581395840852,98.40654791364236,0.05453889478797521,0.022939633710419106,0.0035040765009278414,99.99484694632217,0.0035040765009278414,0.0,0.0,1.0,True,0.0,3,251.50441036820388
2025-06-26 06:00:00,28.769100369994767,92.40202947238792,0.30031259223140533,0.11833312301971383,0.06051575038461169,99.90585319575655,0.06401982688553953,0.0,0.0,1.0,True,0.0,3,251.50441036820388
2025-06-26 07:00:00,30.373447867063952,87.72726581273885,0.5319988399122971,0.23603756945214416,0.14837665461615132,99.7817990373292,0.14837665461615132,0.0,0.2,1.0,False,0.0,3,251.64039054131834
2025-06-26 08:00:00,30.936247901408688,85.77554946646751,0.6367308168322539,0.3016407297722536,0.20004915339795581,99.70581006853241,0.20004915339795581,0.0,0.3,1.0,False,0.0,3,251.7920138867022
2025-06-26 09:00:00,31.8445750366712,83.05867654306256,0.7984739862500051,0.3657445869555951,0.22414672457346102,99.52324135592438,0.3241958779714168,0.0,0.1,1.0,False,0.0,3,251.7920138867022
2025-06-26 10:00:00,34.84063163216764,78.57520669287472,1.194077253089535,0.5515301903878455,0.3875790208211126,99.10033103118747,0.6117748987925294,0.0,0.1,1.0,False,0.0,3,251.7920138867022
2025-06-26 11:00:00,35.811291761452644,76.6256372326513,1.3743566224005077,0.6218718340152422,0.4028256237497971,98.507940408026,1.0146005225423265,0.0,0.0,1.0,False,0.0,3,251.7920138867022
2025-06-26 12:00:00,35.701568657573915,75.46456443307692,1.433950757384681,0.6275180020860016,0.3898939018022934,97.93456702302262,1.4044944243446198,0.0,0.0,1.0,False,0.0,3,251.7920138867022
2025-06-26 13:00:00,34.69428368933425,77.37009463387427,1.251064252180348,0.5564029664644691,0.34463569256964793,97.57480865159667,1.6491301169142676,0.0,0.1,1.0,False,0.0,3,251.7920138867022
2025-06-26 14:00:00,32.450153536471376,80.89315186473122,0.9318544434627106,0.42893931403701,0.26335439600581173,99.61271412352086,0.26335439600581173,0.0,2.4,1.0,False,0.0,3,252.54288376978792
2025-06-26 15:00:00,31.51357398394833,83.25143505351102,0.7747264205769254,0.30235456285796686,0.156625815734297,99.7696679180378,0.156625815734297,0.0,0.3,1.0,False,0.0,3,252.57952937378212
2025-06-26 16:00:00,31.153319912340393,84.68717639749607,0.6939703646662672,0.24969363530146235,0.1137274736388029,99.60242163327486,0.2703532893730999,0.0,0.0,1.0,False,0.0,3,252.57952937378212
2025-06-26 17:00:00,30.118758003517076,86.21478762937645,0.5889116134006406,0.18932457294011884,0.07109347514886817,99.8954507718399,0.07109347514886817,0.0,0.4,1.0,False,0.0,3,252.70917608440902
2025-06-26 18:00:00,29.697806878561273,100.0,0.0,0.019769388633048276,0.006879260124462595,99.88533421283333,0.07797273527333076,0.0,0.0,0.0,True,0.3563823122683004,3,252.70917608440902
2025-06-26 19:00:00,27.979349076990406,94.62166366708381,0.20305304784941236,0.047198686871158094,0.0,99.88533421283333,0.07797273527333076,0.0,0.0,1.0,True,0.0,3,252.70917608440902
2025-06-26 20:00:00,27.842974960560234,95.19217977998467,0.18007729211212053,0.03954186379973861,0.0,99.88533421283333,0.07797273527333076,0.0,0.0,1.0,True,0.0,3,252.70917608440902
2025-06-26 21:00:00,27.80661955424415,95.74076359400027,0.15919225609898055,0.03470348866994959,0.0,99.88533421283333,0.07797273527333076,0.0,0.0,1.0,True,0.0,3,252.70917608440902
2025-06-26 22:00:00,27.775555035909214,96.23112787384798,0.14060955134777192,0.030650593607976315,0.0,99.88533421283333,0.07797273527333076,0.0,0.0,1.0,True,0.0,3,252.70917608440902
2025-06-26 23:00:00,27.51487956372527,95.69897114801154,0.1580397626953433,0.03475047996308519,0.0,99.88533421283333,0.07797273527333076,0.0,0.0,1.0,True,0.0,3,252.70917608440902
2025-06-27 00:00:00,27.278626699229452,96.25515383221361,0.1357146000162715,0.030249299109040704,0.0,99.88533421283333,0.07797273527333076,0.0,0.0,1.0,True,0.0,3,252.70917608440902
2025-06-27 01:00:00,27.135696545533143,96.85381699518206,0.11306822472672137,0.025084841711298184,0.0,99.88533421283333,0.07797273527333076,0.0,0.0,1.0,True,0.0,3,252.70917608440902
2025-06-27 02:00:00,26.93887741318854,96.8417036904297,0.1122008511712494,0.024843267725339343,0.0,99.88533421283333,0.07797273527333076,0.0,0.0,1.0,True,0.0,3,252.70917608440902
2025-06-27 03:00:00,26.66156602672425,97.91576722998677,0.07284726045950428,0.016970005605919,0.0,99.88533421283333,0.07797273527333076,0.0,0.0,1.0,True,0.0,3,252.70917608440902
2025-06-27 04:00:00,26.321145883316603,98.46513170042346,0.05258127557732381,0.012604985581793723,0.0,100.0,0.0,0.0,0.1,1.0,True,0.0,3,252.73120334913568
2025-06-27 05:00:00,26.865093432435096,97.35168534259388,0.09367668976122216,0.030071959514152084,0.004956290198820913,99.99271133794291,0.004956290198820913,0.0,0.0,1.0,True,0.0,3,252.73120334913568
2025-06-27 06:00:00,28.65002395283488,91.9051870576545,0.317751562281445,0.1222796734320627,0.0649805345402613,99.89715172832489,0.06993682473908222,0.0,0.0,1.0,True,0.0,3,252.73120334913568
2025-06-27 07:00:00,33.883699204150254,92.25929362232255,0.4090895169568362,0.21059106355770218,0.16808950855926133,99.64996127456126,0.23802633329834355,0.0,0.0,0.2,True,0.0,3,252.73120334913568
2025-06-27 08:00:00,31.848512425625078,82.31046935425658,0.8339240272178432,0.37251610413690056,0.22792749242485022,99.31477378570118,0.46595382572319377,0.0,0.0,1.0,False,0.0,3,252.73120334913568
2025-06-27 09:00:00,33.54688705570174,79.05651720862977,1.0862382014290917,0.4898477865871599,0.317209490885806,98.9953480638103,0.6831633166089999,0.0,0.1,1.0,False,0.0,3,252.73120334913568
2025-06-27 10:00:00,34.35119786241241,77.42681125859659,1.2244061313956245,0.5448499972950085,0.3440635615007231,98.48937223807394,1.027226878109723,0.0,0.0,1.0,False,0.0,3,252.73120334913568
2025-06-27 11:00:00,35.342669054766205,76.42781669252467,1.3506980640275645,0.5935334488675743,0.3754397048345011,97.93725502508202,1.402666582944224,0.0,0.0,1.0,False,0.0,3,252.73120334913568
2025-06-27 12:00:00,34.072430042859345,77.6658319377586,1.1928119497051437,0.4881401274803432,0.2765252784324731,97.67765902738721,1.5791918613766969,0.0,0.1,1.0,False,0.0,3,252.73120334913568
2025-06-27 13:00:00,32.82162096275306,80.97096642060237,0.9476527890828642,0.37997904818033856,0.21087632350473962,97.51460561046848,1.6900681848814365,0.0,0.1,1.0,False,0.0,3,252.73120334913568
2025-06-27 14:00:00,32.695968726354664,82.01909764406219,0.8891552581506663,0.38748741687707633,0.23453852611284354,97.31675483677311,1.82460671099428,0.0,0.1,1.0,False,0.0,3,252.73120334913568
2025-06-27 15:00:00,32.857881997427334,82.32205279208108,0.8821627645450423,0.37954346264795635,0.23492368007069697,97.11833766019856,1.9595303910649768,0.0,0.1,1.0,False,0.0,3,252.73120334913568
2025-06-27 16:00:00,31.35264059804509,81.93141964383618,0.828187294961456,0.2969058841870591,0.14797896742472338,98.07719211986809,1.3075093584897002,0.0,0.8,1.0,False,0.0,3,252.73120334913568
2025-06-27 17:00:00,30.277330127633267,86.72371436493606,0.5723444229893226,0.1872939710876811,0.07903555933353168,97.9609633561423,1.3865449178232319,0.0,0.0,1.0,False,0.0,3,252.73120334913568
2025-06-27 18:00:00,29.235003950608963,88.76499856758748,0.45618600416378824,0.11196117362173444,0.02803720347129865,97.91973217456686,1.4145821212945304,0.0,0.0,1.0,False,0.0,3,252.73120334913568
2025-06-27 19:00:00,28.43919957656634,90.09130750009044,0.3842270179243821,0.08616628005974845,0.010331143024534592,97.90453931717784,1.424913264319065,0.0,0.0,1.0,True,0.0,3,252.73120334913568
2025-06-27 20:00:00,28.130263551564152,93.66558196146039,0.24125865240349378,0.054479187400782,0.003435608514067649,97.89948695171599,1.4283488728331326,0.0,0.0,1.0,True,0.0,3,252.73120334913568
2025-06-27 21:00:00,27.608295144266997,95.75004125948983,0.1570177563383172,0.03635003954868321,0.002232679961208217,99.99671664711587,0.002232679961208217,0.0,1.7,1.0,True,0.0,3,253.00285447630256
2025-06-27 22:00:00,27.390610873415138,95.95371073772975,0.14760311876075993,0.03267253150782054,0.0,100.0,0.0,0.0,0.8,1.0,True,0.0,3,253.80062179634135
2025-06-27 23:00:00,27.13037814706356,96.90785548423835,0.11109154463704461,0.02516620451486882,0.0,100.0,0.0,0.0,4.8,1.0,True,0.0,3,258.60062179634133
2025-06-28 00:00:00,26.81961191704889,98.45479360824827,0.05451151427932597,0.013290020854660974,0.0,100.0,0.0,0.0,3.0,1.0,True,0.0,3,261.60062179634133
2025-06-28 01:00:00,26.72113674438987,98.44378197714362,0.054583174498724886,0.012089570166854625,0.0,100.0,0.0,0.0,0.2,1.0,True,0.0,3,261.8006217963413
2025-06-28 02:00:00,26.515295397653887,98.5177332460757,0.05136353767404966,0.011780702261564451,0.0,100.0,0.0,0.0,0.2,0.8,True,0.0,3,262.0006217963413
2025-06-28 03:00:00,26.329057614196344,98.38259477329376,0.05543466898906037,0.012473382374774338,0.0,100.0,0.0,0.0,0.1,1.0,True,0.0,3,262.10062179634133
2025-06-28 04:00:00,26.229131548731388,99.43145907251146,0.019371551314721933,0.00479814691251657,0.0,100.0,0.0,0.0,0.0,0.1,True,0.0,3,262.10062179634133
2025-06-28 05:00:00,26.660253067128284,95.41660699154077,0.16018452705865596,0.04523126792341007,0.0010655448794738432,99.99843302223607,0.0010655448794738432,0.0,0.0,0.8,True,0.0,3,262.10062179634133
2025-06-28 06:00:00,28.56693232579437,91.67852051998538,0.3250797209969191,0.12690278959304918,0.07582458337648357,99.88692628197653,0.07689012825595741,0.0,0.0,1.0,True,0.0,3,262.10062179634133
2025-06-28 07:00:00,30.47811424080897,86.93684047608309,0.5696610908638361,0.2421163692527551,0.15393506447488006,99.66055118716054,0.23082519273083746,0.0,0.0,1.0,False,0.0,3,262.10062179634133
2025-06-28 08:00:00,32.074686342051585,81.58272923065942,0.8794024859708648,0.38211218926306556,0.24095753528371197,99.45326069409624,0.3717827280145494,0.0,0.1,1.0,False,0.0,3,262.10062179634133
2025-06-28 09:00:00,32.754375116527974,78.8471279286864,1.049448557934157,0.44890777228748013,0.2677530605797017,99.05950619324375,0.6395357885942512,0.0,0.0,1.0,False,0.0,3,262.10062179634133
2025-06-28 10:00:00,34.87342887161627,76.22849759102088,1.3272737320855679,0.5857981183652103,0.37126464755357413,98.51352877037084,1.0108004361478253,0.0,0.0,1.0,False,0.0,3,262.10062179634133
2025-06-28 11:00:00,35.35830421067561,76.24906649530621,1.3621141031163133,0.6087674210722869,0.3844870397113308,98.09516547667772,1.2952874758591562,0.0,0.1,1.0,False,0.0,3,262.10062179634133
2025-06-28 12:00:00,34.75662696277786,77.96670758879567,1.2222942527160658,0.5753886056094167,0.37897843664448855,99.44267876964045,0.37897843664448855,0.0,4.2,1.0,False,0.0,3,265.0053343204822
2025-06-28 13:00:00,34.068913214039625,79.40095311066679,1.099928186610401,0.49756173602010806,0.3162535805812739,99.53492120502754,0.3162535805812739,0.0,0.9,1.0,False,0.0,3,265.5263558838377
2025-06-28 14:00:00,33.29440587219873,80.72139981632286,0.9858713574388717,0.41936534810809456,0.25658629171118863,99.45170607015814,0.3728398722924625,0.0,0.2,1.0,False,0.0,3,265.5263558838377
2025-06-28 15:00:00,31.194806635694572,83.31303107643518,0.7580319730212587,0.3059356709192357,0.1685194979967997,99.75217720882824,0.1685194979967997,0.0,2.1,1.0,False,0.0,3,267.25351601154523
2025-06-28 16:00:00,30.76355376309054,84.28167166814124,0.6967101122803854,0.25106549234030007,0.12944556635827364,99.56181608183078,0.2979650643550733,0.0,0.0,1.0,False,0.0,3,267.25351601154523
2025-06-28 17:00:00,29.910245711774724,86.60620950745826,0.5653880796043426,0.18422629570071375,0.078637568530838,99.44617259869719,0.37660263288591134,0.0,0.0,1.0,False,0.0,3,267.25351601154523
2025-06-28 18:00:00,29.828390558952833,99.95907772916935,0.0017193403351933457,0.020062818294742206,0.006701625306762403,99.43631726736372,0.3833042581926737,0.0,0.0,0.0,True,0.2092592327009351,3,267.25351601154523
2025-06-28 19:00:00,28.21297581467278,93.81540274024658,0.23668811682417928,0.054189870987900825,0.0008793115749187037,99.43502416210647,0.38418356976759244,0.0,0.0,1.0,True,0.0,3,267.25351601154523
2025-06-28 20:00:00,27.964819921081155,94.75838370000602,0.19772396162366637,0.043869945803463234,0.0014904173408991036,99.43283237189928,0.38567398710849154,0.0,0.0,1.0,True,0.0,3,267.25351601154523
2025-06-28 21:00:00,27.677973021461995,98.9657881795046,0.03836544636755606,0.010756206405293602,0.0,99.43283237189928,0.38567398710849154,0.0,0.0,1.0,True,0.0029045328215373395,3,267.25351601154523
2025-06-28 22:00:00,27.500034821505825,99.99988487858188,4.226426929479923e-06,0.00093443875198668,0.0,99.43283237189928,0.38567398710849154,0.0,0.0,1.0,True,0.0,3,267.25351601154523
2025-06-28 23:00:00,27.500000006297824,99.99999997903026,7.698557098567265e-10,1.4921031832829895e-07,0.0,99.43283237189928,0.38567398710849154,0.0,0.0,1.0,True,0.0,3,267.25351601154523
2025-06-29 00:00:00,27.400019174683592,99.99993595912679,2.3374097421354374e-06,0.0003051806973686508,0.0,99.43283237189928,0.38567398710849154,0.0,0.0,1.0,True,0.0,3,267.25351601154523
2025-06-29 01:00:00,26.983691575359103,98.93140755952453,0.03806251882575658,0.00907105256233039,0.0,99.43283237189928,0.38567398710849154,0.0,0.0,1.0,True,0.0,3,267.25351601154523
2025-06-29 02:00:00,26.346543618412287,99.43233018769756,0.019476287674107858,0.006118298976673846,0.0,100.0,0.0,0.0,2.0,1.0,True,0.0,3,268.86784202443675
2025-06-29 03:00:00,25.97074906248025,98.57738687714607,0.04773765881156433,0.011058376784119377,0.002266505653980384,99.99666690345002,0.002266505653980384,0.0,0.6,0.2,True,0.0,3,269.4678420244368
2025-06-29 04:00:00,25.90243753845711,97.44002632174855,0.08555693436957004,0.01831492232980956,0.002131300307177573,99.99353263829242,0.0043978059611579565,0.0,0.0,0.8,True,0.0,3,269.4678420244368
2025-06-29 05:00:00,26.19020600782672,96.72865225574935,0.11120687658167798,0.03329344636213518,0.011088417107459678,99.97722614254614,0.015486223068617634,0.0,0.0,1.0,True,0.0,3,269.4678420244368
2025-06-29 06:00:00,29.9789748247589,95.47658727188957,0.19170000532662007,0.09113878370642459,0.07080429182869936,99.8958760414284,0.07080429182869936,0.0,0.1,0.2,True,0.1046157414765412,3,269.55235580136815
2025-06-29 07:00:00,32.91506967315444,92.73271536686798,0.3638172937281867,0.19204897013869068,0.13941074291051875,99.79498420160218,0.13941074291051875,0.0,0.1,0.2,True,0.0,3,269.58155150953945
2025-06-29 08:00:00,31.92763271378233,83.44454609895185,0.7839612876831653,0.363955271136085,0.2216956467096464,99.67397699013287,0.2216956467096464,0.0,0.3,1.0,False,0.0,3,269.74214076662895
2025-06-29 09:00:00,33.633424556400016,79.05723875073757,1.091462986036122,0.4878166087311946,0.3062221284636408,99.54967334049465,0.3062221284636408,0.0,0.3,1.0,False,0.0,3,269.8204451199193
2025-06-29 10:00:00,34.85100248724715,77.92853226391635,1.230824749089775,0.5522178391589756,0.3569089189531104,99.4659837537989,0.3631310474167512,0.0,0.3,1.0,False,0.0,3,269.8204451199193
2025-06-29 11:00:00,37.03264470147579,82.56766553863295,1.0957931865539594,0.5274684590533231,0.3754806753184255,99.35498276068357,0.4386117227351767,0.0,0.3,0.5,False,0.0,3,269.8204451199193
2025-06-29 12:00:00,33.237721831315106,80.36798348434034,1.000763687091573,0.45927359862310435,0.27790777822826446,99.59131209084079,0.27790777822826446,0.0,3.4,1.0,False,0.0,3,272.78183339718413
2025-06-29 13:00:00,34.02536890627675,77.5134598818664,1.197808147459281,0.4928343462474729,0.2960520815630398,99.56462929181906,0.2960520815630398,0.0,2.2,1.0,False,0.0,3,274.70392561895585
2025-06-29 14:00:00,33.26347076354028,80.74645328524733,0.9828867049043527,0.4245357002363564,0.25383446602559046,99.48546095942848,0.34988654758863025,0.0,0.2,1.0,False,0.0,3,274.70392561895585
2025-06-29 15:00:00,32.22401736321258,82.35149997517705,0.8498278640604346,0.35278395226830955,0.20006783153529537,99.70578260068339,0.20006783153529537,0.0,0.5,1.0,False,0.0,3,274.8540390713672
2025-06-29 16:00:00,30.847870434790003,85.51906452966782,0.6449560376831629,0.2365436995303952,0.11168949025571466,99.83575074962395,0.11168949025571466,0.0,0.5,1.0,False,0.0,3,275.1539712398319
2025-06-29 17:00:00,29.66728124214058,89.56107657762081,0.4345472407377912,0.1429661649810404,0.0560063471704727,99.75338847437325,0.16769583742618738,0.0,0.0,1.0,False,0.0,3,275.1539712398319
2025-06-29 18:00:00,29.895095574595526,99.99999999999999,4.682477604982268e-16,0.01688720933858584,0.005742910991330251,99.74494301703307,0.17343874841751764,0.0,0.0,0.0,True,0.15963773827981292,3,275.1539712398319
2025-06-29 19:00:00,28.603177463778355,95.4617663396841,0.1776596047653239,0.04099798318098101,0.0,99.74494301703307,0.17343874841751764,0.0,0.0,1.0,True,0.0,3,275.1539712398319
2025-06-29 20:00:00,28.37383339709541,95.98210391250053,0.15521095792434503,0.034493387306488196,0.0,99.74494301703307,0.17343874841751764,0.0,0.0,1.0,True,0.0,3,275.1539712398319
2025-06-29 21:00:00,28.209687372111294,97.00360354281494,0.11465190693294426,0.025689756479056757,0.0,99.74494301703307,0.17343874841751764,0.0,0.0,1.0,True,0.0,3,275.1539712398319
2025-06-29 22:00:00,27.944182714964608,98.00503165961841,0.07516368259857621,0.0174762757119564,0.0,99.74494301703307,0.17343874841751764,0.0,0.0,1.0,True,0.0,3,275.1539712398319
2025-06-29 23:00:00,27.809136058392294,98.51096192272892,0.05566211737148411,0.012648173650988956,0.0,99.74494301703307,0.17343874841751764,0.0,0.0,1.0,True,0.0,3,275.1539712398319
2025-06-30 00:00:00,27.00009224079223,99.99968294240996,1.130424281096108e-05,0.0029164307502684943,0.0,100.0,0.0,0.0,5.0,1.0,True,0.0,3,279.98053249141435
2025-06-30 01:00:00,26.40008523352797,99.99970520539243,1.0146133861091822e-05,0.0017125073963170454,0.0,100.0,0.0,0.0,3.2,1.0,True,0.0,3,283.18053249141434
2025-06-30 02:00:00,26.243430888303898,99.46429680513408,0.0182680987161676,0.004215144583368655,0.0,100.0,0.0,0.0,0.3,1.0,True,0.0,3,283.48053249141435
2025-06-30 03:00:00,25.60010794927506,99.99962312723896,1.2371949535329881e-05,0.00198738908999896,0.0,100.0,0.0,0.0,5.9,1.0,True,0.0,3,289.38053249141433
2025-06-30 04:00:00,25.333488774798592,98.38526948750376,0.05217600003618996,0.011501847064468123,0.0,100.0,0.0,0.0,6.5,1.0,True,0.0,3,295.88053249141433
2025-06-30 05:00:00,25.45850557402955,96.40764640333512,0.1169429677106631,0.029208179684850608,0.006304165608337963,99.99072916822304,0.006304165608337963,0.0,2.6,1.0,True,0.0,3,298.48053249141435
2025-06-30 06:00:00,26.828566818802937,95.17512225718906,0.17030073744254987,0.07194292378253926,0.04541905077502906,99.93320727827202,0.04541905077502906,0.0,0.3,1.0,True,0.0,3,298.774228325806
2025-06-30 07:00:00,29.141699689546225,89.71285117481746,0.4154563912168571,0.18771984701023847,0.12808923362135738,99.7448407582406,0.17350828439638644,0.0,0.0,1.0,False,0.0,3,298.774228325806
2025-06-30 08:00:00,31.165216589364082,83.74671607980139,0.7370900712130363,0.32056077835653,0.2092580415802984,99.43710834415194,0.3827663259766848,0.0,0.0,1.0,False,0.0,3,298.774228325806
2025-06-30 09:00:00,33.381465597810354,78.58720100091668,1.1003572247746785,0.4825400679557543,0.3173694741204001,98.97038852926899,0.700135800097085,0.0,0.0,1.0,False,0.0,3,298.774228325806
2025-06-30 10:00:00,34.33937030124798,78.09969593109612,1.1871277350073581,0.5367669622053423,0.35453708019415625,98.59606929368935,0.9546728802912412,0.0,0.1,1.0,False,0.0,3,298.774228325806
2025-06-30 11:00:00,34.96953724005359,77.7655512955476,1.2480688000584366,0.5455180056179414,0.35460801489426047,98.51576338943309,1.0092808951855017,0.0,0.3,1.0,False,0.0,3,298.774228325806
2025-06-30 12:00:00,35.616469044239025,77.10327420548045,1.3319287409592715,0.5984651598164766,0.3989279739026228,99.41334121484908,0.3989279739026228,0.0,2.0,1.0,False,0.0,3,299.7649474306205
2025-06-30 13:00:00,32.27835725554848,82.83266079687581,0.8291961079275129,0.46212871346093254,0.3094423698702292,99.54493769136731,0.3094423698702292,0.0,10.9,1.0,False,0.0,3,310.2660194567179
2025-06-30 14:00:00,32.36825184850895,82.98090110203663,0.8262123685566514,0.3752933576717841,0.24398450025242627,99.33319577923139,0.4534268701226555,0.0,0.1,1.0,False,0.0,3,310.2660194567179
2025-06-30 15:00:00,31.645105616002894,84.1916078173392,0.7367099970028456,0.3003169136569606,0.17461110105499042,99.07641474826818,0.6280379711776459,0.0,0.0,1.0,False,0.0,3,310.2660194567179
2025-06-30 16:00:00,31.540475433169814,84.58862687067337,0.7139612294095236,0.2793247022319267,0.15955131134643566,98.84178046687634,0.7875892825240816,0.0,0.0,1.0,False,0.0,3,310.2660194567179
2025-06-30 17:00:00,30.09953489279504,88.22712271007121,0.5023898020042721,0.16706385043792193,0.07351108572122178,98.73367592905102,0.8611003682453033,0.0,0.0,1.0,False,0.0,3,310.2660194567179
2025-06-30 18:00:00,29.87895911674931,100.0,0.0,0.018236297138439963,0.00934568968789902,98.71993226774529,0.8704460579332024,0.0,0.0,0.0,True,0.2941468657369713,3,310.2660194567179
2025-06-30 19:00:00,28.323706346368404,95.30708835056397,0.18075978356455988,0.04229892056172742,0.002344915491736579,98.71648386261039,0.8727909734249389,0.0,0.0,1.0,True,0.0,3,310.2660194567179
2025-06-30 20:00:00,27.366590403356497,96.54454629979415,0.1258732428460528,0.030370714615939407,0.006127108491440344,99.99098954633612,0.006127108491440344,0.0,7.8,1.0,True,0.0,3,317.19322848329296
2025-06-30 21:00:00,26.86332176543185,97.88504595547961,0.07480277340562938,0.018182016812364258,0.00046277369940919536,99.99931945044204,0.00046277369940919536,0.0,6.9,1.0,True,0.0,3,324.08710137480153
2025-06-30 22:00:00,27.11938297931001,98.44117881809606,0.05596772333093764,0.011493636268001931,0.0,100.0,0.0,0.0,0.6,1.0,True,0.0,3,324.6866386011021
2025-06-30 23:00:00,27.054875084431497,97.95732651026377,0.0730630487198489,0.015815673997585898,0.0,100.0,0.0,0.0,0.2,1.0,True,0.0,3,324.8866386011021
2025-07-01 00:00:00,26.886651942624997,98.90510037121541,0.03877805861180055,0.009207521907015542,0.0006368852596616374,99.99906340402991,0.0006368852596616374,0.0,0.0,1.0,True,0.0,3,324.8866386011021
2025-07-01 01:00:00,26.23209599400993,98.35729564147078,0.05598066452287344,0.013784344648960173,0.0010984497155762743,99.9983846327712,0.0010984497155762743,0.0,0.6,1.0,True,0.0,3,325.48600171584246
2025-07-01 02:00:00,26.324525455790557,98.42840585346033,0.05385015457190599,0.011376227485394132,0.0,100.0,0.0,0.0,0.2,1.0,True,0.0,3,325.68490326612687
2025-07-01 03:00:00,26.243402122767307,99.4643936298239,0.018264765881440333,0.0045421462622764605,0.0,100.0,0.0,0.0,0.4,1.0,True,0.0,3,326.08490326612684
2025-07-01 04:00:00,25.97114714181308,97.86354336289229,0.07169330645007292,0.01574456372333924,0.00031217940131115477,99.99954091264513,0.00031217940131115477,0.0,0.8,1.0,True,0.0,3,326.88490326612686
2025-07-01 05:00:00,26.235620128118335,97.71097564802285,0.0780224110563122,0.019830135298367035,0.004156540175242309,99.99388744091875,0.004156540175242309,0.0,0.2,1.0,True,0.0,3,327.08459108672554
2025-07-01 06:00:00,28.268820629593595,95.28980546655674,0.1808478998921893,0.0704886331838549,0.06809588151109343,99.89374643869657,0.07225242168633574,0.0,0.0,1.0,True,0.01999051232485123,3,327.08459108672554
2025-07-01 07:00:00,28.940532469766183,91.60696547160227,0.3350442557433072,0.13373074301726065,0.11891183253891646,99.825129658031,0.11891183253891646,0.0,0.6,1.0,True,0.0,3,327.6123386650392
2025-07-01 08:00:00,29.243216572292425,88.5027900044205,0.46705393559912683,0.18423948928473532,0.16051653090920823,99.76394627807468,0.16051653090920823,0.0,1.5,1.0,False,0.0,3,328.9934268325003
2025-07-01 09:00:00,31.014487099525578,84.53875824424904,0.6951836448082153,0.3078895960515318,0.2985361607562211,99.56097623418204,0.2985361607562211,0.0,0.2,1.0,False,0.0,3,329.0329103015911
2025-07-01 10:00:00,32.02585413413225,82.1286154553762,0.8509864514017238,0.38112964353865025,0.3690401457838611,99.31238778449988,0.46757630654008214,0.0,0.2,1.0,False,0.0,3,329.0329103015911
2025-07-01 11:00:00,33.17857163563364,79.71573497855246,1.0305930398442267,0.46413330717791357,0.4565708357074001,98.78801890845959,0.8241471422474822,0.0,0.1,1.0,False,0.0,3,329.0329103015911
2025-07-01 12:00:00,34.01376869571244,79.13785978675698,1.1105625394712646,0.4951841718743228,0.484611616944649,98.07535476589393,1.3087587591921312,0.0,0.0,1.0,False,0.0,3,329.0329103015911
2025-07-01 13:00:00,34.30069663599417,78.76509923013639,1.148588797230281,0.5049689041292289,0.48739106136901583,97.35860320505714,1.796149820561147,0.0,0.0,1.0,False,0.0,3,329.0329103015911
2025-07-01 14:00:00,34.14035932566813,80.19653902229786,1.0616579368700247,0.4637253815611812,0.4429431035813075,96.85427511155521,2.1390929241424543,0.0,0.1,1.0,False,0.0,3,329.0329103015911
2025-07-01 15:00:00,30.49286849671468,86.01099752461248,0.6105500529119038,0.2826139743543498,0.24642544425027,99.63760964080842,0.24642544425027,0.0,5.5,1.0,False,0.0,3,332.3938173774486
2025-07-01 16:00:00,29.118276244092097,90.91217307902693,0.36652463519770734,0.16947049639016776,0.1500864661530491,99.77928460859846,0.1500864661530491,0.0,0.3,1.0,True,0.0,3,332.44739193319833
2025-07-01 17:00:00,28.62275257090972,91.92276046872504,0.3165610809869339,0.11705903482901377,0.08577190914346315,99.65314944809336,0.23585837529651227,0.0,0.0,1.0,True,0.0,3,332.44739193319833
2025-07-01 18:00:00,28.97319689138613,100.0,0.0,0.013497548055549261,0.012292392034439844,99.63507240098389,0.24815076733095212,0.0,0.0,0.0,True,0.16260086639719173,3,332.44739193319833
2025-07-01 19:00:00,28.045135469992235,96.49693236642518,0.13276190475174934,0.030469089121795467,0.0,99.63507240098389,0.24815076733095212,0.0,0.0,1.0,True,0.0,3,332.44739193319833
2025-07-01 20:00:00,27.853122868317737,96.43849215110549,0.13347549601365838,0.02944010989776984,0.0,99.63507240098389,0.24815076733095212,0.0,0.0,1.0,True,0.0,3,332.44739193319833
2025-07-01 21:00:00,27.848407988991067,96.48590588764853,0.13166236923791758,0.028471794178874098,0.0,99.63507240098389,0.24815076733095212,0.0,0.0,1.0,True,0.0,3,332.44739193319833
2025-07-01 22:00:00,27.589859980093298,97.42253974544484,0.095123636701314,0.021714400237570323,0.0003898126995521389,99.63449914701397,0.24854058003050425,0.0,0.0,1.0,True,0.0,3,332.44739193319833
2025-07-01 23:00:00,27.491653298709988,97.41267141610504,0.09494149539650738,0.02081508095257247,0.00035682631477521894,99.63397440243341,0.24889740634527946,0.0,0.0,1.0,True,0.0,3,332.44739193319833
2025-07-02 00:00:00,27.010955031588036,97.2628596445179,0.09765110251912061,0.0224608809609772,0.003592101879868696,99.99471749723548,0.003592101879868696,0.0,6.8,1.0,True,0.0,3,338.99849452685305
2025-07-02 01:00:00,26.526076991122434,98.40359216030525,0.05535388588278333,0.013818506479904376,0.00019123349309307618,99.99971877427485,0.00019123349309307618,0.0,3.2,1.0,True,0.0,3,342.1949024249732
2025-07-02 02:00:00,26.345909309657895,99.43820389189129,0.01927404485694499,0.005031506620920394,0.0,100.0,0.0,0.0,4.1,1.0,True,0.0,3,346.2947111914801
2025-07-02 03:00:00,26.12480854470144,98.43642066071402,0.05294780091391786,0.011765712940765439,0.0,100.0,0.0,0.0,7.3,1.0,True,0.0,3,353.5947111914801
2025-07-02 04:00:00,25.889762013555224,98.90395335560395,0.036603539156803644,0.008736812120825372,6.742621163167172e-05,99.99990084380642,6.742621163167172e-05,0.0,1.0,1.0,True,0.0,3,354.5947111914801
2025-07-02 05:00:00,25.63028859340951,98.77933591581939,0.04014363056402339,0.01162894094678587,0.002681621268720531,99.9960564393107,0.002681621268720531,0.0,8.5,1.0,True,0.0,3,363.0946437652685
2025-07-02 06:00:00,26.494625432974775,97.26716585102342,0.09458302738323983,0.030771275708738867,0.020846642083520307,99.96934317340659,0.020846642083520307,0.0,0.9,1.0,True,0.0,3,363.99196214399973
2025-07-02 07:00:00,27.283092812557157,94.77120792592625,0.18954289562738738,0.08514707878738129,0.08073492260732094,99.88127217263629,0.08073492260732094,0.0,0.6,1.0,True,0.0,3,364.5711155019162
2025-07-02 08:00:00,28.053850040445965,92.78454064329203,0.2735956710738456,0.12898723986564875,0.12560862367368456,99.815281435774,0.12560862367368456,0.0,0.5,1.0,True,0.0,3,364.99038057930886
2025-07-02 09:00:00,29.968202547232025,88.07788837384993,0.5049410756263953,0.23803621786682597,0.24159154416122422,99.64471831740997,0.24159154416122422,0.0,0.3,1.0,False,0.0,4,365.16477195563516
2025-07-02 10:00:00,37.69975867193769,88.8967030846063,0.7237082873966761,0.370296237740641,0.45088098675429306,99.27577568983013,0.49247253091551724,0.0,0.2,0.2,False,0.0,4,365.16477195563516
2025-07-02 11:00:00,32.90372127719428,79.76871285615643,1.012180688975828,0.4849728115257633,0.4576202123070273,98.74986361290802,0.8500927432225446,0.0,0.1,1.0,False,0.0,4,365.16477195563516
2025-07-02 12:00:00,34.06313235420083,79.37552119858388,1.1009319319930133,0.5208702308077829,0.5237786021288314,98.12665978624797,1.2738713453513761,0.0,0.1,1.0,False,0.0,4,365.16477195563516
2025-07-02 13:00:00,34.87707708716925,78.15558114810432,1.2199218636591815,0.5454644629260542,0.5435578731464977,97.47436879632666,1.7174292184978737,0.0,0.1,1.0,False,0.0,4,365.16477195563516
2025-07-02 14:00:00,33.74510415363896,81.35442372868596,0.9778170501091838,0.4510852463923285,0.44094029291570414,97.41416248321532,1.7583695114135778,0.0,0.4,1.0,False,0.0,4,365.16477195563516
2025-07-02 15:00:00,29.954562277484474,91.03577593838548,0.3793676906100449,0.2010593164683864,0.17656746880946594,99.74034195763313,0.17656746880946594,0.0,14.0,0.5,True,0.0,4,377.40640244422156
2025-07-02 16:00:00,28.29742980864229,93.26966186499195,0.258841204820143,0.12690735307429993,0.1138850965775004,99.83252191679779,0.1138850965775004,0.0,10.6,1.0,True,0.0,4,387.8298349754121
2025-07-02 17:00:00,27.567309372276714,96.5279883989758,0.1279692367388046,0.05260496419786678,0.03493502055289752,99.94862496977515,0.03493502055289752,0.0,0.2,1.0,True,0.0,4,387.9159498788346
2025-07-02 18:00:00,28.419573477546425,93.94410673782113,0.23456060630328837,0.05456642075283122,0.013664792240013829,99.92852968706924,0.04859981279291135,0.0,0.0,1.0,True,0.0,4,387.9159498788346
2025-07-02 19:00:00,27.92765111893198,96.85623762246352,0.1183323570641401,0.02822939927383889,0.0023315868390674905,99.92510088289414,0.05093139963197884,0.0,0.0,1.0,True,0.0,4,387.9159498788346
2025-07-02 20:00:00,27.856996294033916,97.88437361332643,0.07930574836436625,0.017732358294807266,0.0017735733990214297,99.92249268671912,0.05270497303100027,0.0,0.0,1.0,True,0.0,4,387.9159498788346
2025-07-02 21:00:00,27.522664020029872,98.39103398734906,0.05914777962286756,0.013972559206381477,0.0013395604987473718,99.99803005809008,0.0013395604987473718,0.0,0.3,1.0,True,0.0,4,388.16324490580365
2025-07-02 22:00:00,26.63129443591804,98.34756457733528,0.05765250031635365,0.01501048307312485,0.0016700402705084976,99.99754405842573,0.0016700402705084976,0.0,10.9,1.0,True,0.0,4,399.0619053453049
2025-07-02 23:00:00,26.68474455710096,98.92953644464883,0.03746544679166459,0.008140292301839408,0.0,100.0,0.0,0.0,2.8,1.0,True,0.0,4,401.8602353050344
2025-07-03 00:00:00,26.500031245241587,99.99989370415099,3.680056608166862e-06,0.0009251507066977982,0.0,100.0,0.0,0.0,1.7,1.0,True,0.0,4,403.5602353050344
2025-07-03 01:00:00,26.2000684185576,99.99976706220505,7.923146962352839e-06,0.0008803209342016857,0.0,100.0,0.0,0.0,3.5,1.0,True,0.0,4,407.0602353050344
2025-07-03 02:00:00,25.887339244596838,98.92896945567487,0.035762975627568014,0.008269153710493471,0.0,100.0,0.0,0.0,4.9,1.0,True,0.0,4,411.96023530503436
2025-07-03 03:00:00,25.927473654214204,98.41788181061133,0.05295436934507732,0.011146273366673435,0.0,100.0,0.0,0.0,1.5,1.0,True,0.0,4,413.46023530503436
2025-07-03 04:00:00,25.834865568510942,99.44502914748197,0.018473679195317266,0.004570555309877117,0.0,100.0,0.0,0.0,0.5,0.1,True,0.0,4,413.96023530503436
2025-07-03 05:00:00,25.99661872277345,97.0741655512548,0.09833050796954994,0.02454433308477354,0.006800357083801959,99.98999947487677,0.006800357083801959,0.0,0.5,1.0,True,0.0,4,414.46023530503436
2025-07-03 06:00:00,27.234901901001933,94.44823479710101,0.2006835535253887,0.06922868163883937,0.05527565236239277,99.91871227593766,0.05527565236239277,0.0,0.1,1.0,True,0.0,4,414.55343494795056
2025-07-03 07:00:00,28.583646015675523,90.62811948695615,0.3664687014083637,0.14982935030995842,0.13808579722876915,99.79693265113416,0.13808579722876915,0.0,0.1,1.0,True,0.0,4,414.5981592955882
2025-07-03 08:00:00,30.340225609041987,86.86728397612193,0.5681964867514636,0.25284662868963675,0.2511969048737278,99.6305927869504,0.2511969048737278,0.0,0.2,1.0,False,0.0,4,414.6600734983594
2025-07-03 09:00:00,31.306722077708766,85.45887394849757,0.6647678836507805,0.3086033077609956,0.3094583640800979,99.46962460447966,0.3606552689538257,0.0,0.2,1.0,False,0.0,4,414.6600734983594
2025-07-03 10:00:00,32.83979857659542,83.96771902415873,0.7992289287704109,0.39350764572845326,0.4198655282846836,99.2933517687669,0.4805207972385093,0.0,0.3,1.0,False,0.0,4,414.6600734983594
2025-07-03 11:00:00,33.76585358999916,82.59730490581615,0.9136943825217673,0.4464740126359261,0.47527591185898604,99.03559307485662,0.6557967090974954,0.0,0.3,1.0,False,0.0,4,414.6600734983594
2025-07-03 12:00:00,33.11645283079912,82.61735162816811,0.8801005507287253,0.41433739029107286,0.4088987045639053,99.39867837564131,0.4088987045639053,0.0,0.8,1.0,False,0.0,4,414.8042767892619
2025-07-03 13:00:00,31.544842434041072,83.05154058951337,0.7853641244648234,0.34689448855123173,0.31440074632615855,99.53764596128507,0.31440074632615855,0.0,7.6,1.0,False,0.0,4,421.995378084698
2025-07-03 14:00:00,31.43518031137453,83.94743303824539,0.7392372153526079,0.3411824785859143,0.32591822845057167,99.52070848757269,0.32591822845057167,0.0,5.1,1.0,False,0.0,4,426.7809773383719
2025-07-03 15:00:00,29.789424738392206,87.53750648672741,0.5224383361598204,0.19974967983149877,0.1521106866936713,99.7381927718467,0.178028915144243,0.0,0.3,1.0,False,0.0,4,426.7809773383719
2025-07-03 16:00:00,29.308674629506182,90.11471201964366,0.4030912196547492,0.14364433654941658,0.10234163533884466,99.58769036693663,0.2803705504830877,0.0,0.0,1.0,True,0.0,4,426.7809773383719
2025-07-03 17:00:00,29.035220002833714,91.92208991178352,0.32423420382516216,0.11142988716395641,0.0715839158272701,99.48241990248476,0.35195446631035776,0.0,0.0,1.0,True,0.0,4,426.7809773383719
2025-07-03 18:00:00,28.01811549899581,95.9692684500682,0.15251962608827827,0.046984935815560396,0.013783109760467522,99.46215062342526,0.3657375760708253,0.0,0.0,1.0,True,0.0,4,426.7809773383719
2025-07-03 19:00:00,27.722438245363044,96.92703687799907,0.11429179430641315,0.025996601041664222,0.0002662303366127114,99.46175910822436,0.366003806407438,0.0,0.0,1.0,True,0.0,4,426.7809773383719
2025-07-03 20:00:00,27.72193406556574,98.38894119232236,0.05991786360539947,0.013490108594631407,0.001567848223490632,99.99769434084781,0.001567848223490632,0.0,2.0,1.0,True,0.0,4,428.41497353196445
2025-07-03 21:00:00,27.144054942870863,99.44518224863602,0.019948933277180433,0.006345158419011093,0.0,100.0,0.0,0.0,1.7,1.0,True,0.0,4,430.11340568374095
2025-07-03 22:00:00,27.0416079538529,99.47012195945581,0.01893811943751566,0.0044053453577651185,0.0,100.0,0.0,0.0,1.6,1.0,True,0.0,4,431.713405683741
2025-07-03 23:00:00,26.841824818623504,99.47118373893609,0.01867984365315755,0.004631575238835397,0.0,100.0,0.0,0.0,0.3,1.0,True,0.0,4,432.013405683741
2025-07-04 00:00:00,26.484963408889172,98.93415750592311,0.03686768220721908,0.008831242207261393,0.0,100.0,0.0,0.0,5.9,1.0,True,0.0,4,437.91340568374096
2025-07-04 01:00:00,26.0908860073573,98.88699881313094,0.037614341148668344,0.009208941366451256,0.0006134495176373338,99.99909786835642,0.0006134495176373338,0.0,1.3,1.0,True,0.0,4,439.213405683741
2025-07-04 02:00:00,25.891751281644037,98.88406339575032,0.037272169958017326,0.00860181970677494,0.0005713727954726709,99.99915974588902,0.0005713727954726709,0.0,5.3,1.0,True,0.0,4,444.51279223422335
2025-07-04 03:00:00,25.78257169516667,98.98306717743051,0.033746676402630675,0.007657325583224217,0.00028283146538663037,99.99958407137444,0.00028283146538663037,0.0,5.2,0.8,True,0.0,4,449.7122208614279
2025-07-04 04:00:00,25.732343220813593,98.377279230122,0.05368966006304513,0.011536889406886245,0.0002123449447683799,99.99968772802241,0.0002123449447683799,0.0,1.0,1.0,True,0.0,4,450.71193802996254
2025-07-04 05:00:00,25.721779883564476,97.72736254030112,0.07514589597277105,0.01871728725593472,0.003172087086722518,99.99533516604893,0.003172087086722518,0.0,0.4,1.0,True,0.0,4,451.11172568501775
2025-07-04 06:00:00,27.49400727068523,93.34998391060786,0.2440545624613668,0.0861873548234544,0.07468710939324279,99.89016601559817,0.07468710939324279,0.0,0.2,1.0,True,0.0,4,451.308553597931
2025-07-04 07:00:00,28.917899327037084,90.73831952927692,0.36923649597853414,0.16281849673931484,0.15766837305481335,99.6583007611058,0.23235548244805615,0.0,0.0,1.0,True,0.0,4,451.308553597931
2025-07-04 08:00:00,29.964678709652407,86.50903581728292,0.5712716930074047,0.25155775799152186,0.23968681557579155,99.45287897349434,0.3720422980238477,0.0,0.1,1.0,False,0.0,4,451.308553597931
2025-07-04 09:00:00,32.06799750594772,83.61149275618536,0.7822359041872198,0.38135422562652943,0.39106400662611274,99.31896131669123,0.46310630464996044,0.0,0.3,1.0,False,0.0,4,451.308553597931
2025-07-04 10:00:00,32.14820838715265,83.66431152297355,0.783254159445399,0.3725371884380916,0.36659145231851975,99.22103271034047,0.5296977569684802,0.0,0.3,1.0,False,0.0,4,451.308553597931
2025-07-04 11:00:00,31.807884288375483,83.89613819205452,0.7574288828752812,0.32926592245357794,0.3056623316386253,99.21270575204836,0.5353600886071055,0.0,0.3,1.0,False,0.0,4,451.308553597931
2025-07-04 12:00:00,32.33311733693188,82.29568133948219,0.8577768765022216,0.3559825522402077,0.32791150390969437,99.02460059924,0.6632715925167998,0.0,0.2,1.0,False,0.0,4,451.308553597931
2025-07-04 13:00:00,33.51972033008303,79.86455315313745,1.0427453325578886,0.4366582214992795,0.41316648239337483,98.85817930160269,0.7764380749101747,0.0,0.3,1.0,False,0.0,4,451.308553597931
2025-07-04 14:00:00,30.41190126321344,84.47441824282942,0.6744850249187478,0.28407883151126523,0.23764273927124635,99.65052538342464,0.23764273927124635,0.0,5.5,1.0,False,0.0,4,456.0321155230208
2025-07-04 15:00:00,27.53693049869384,92.95921992717201,0.25904451166621334,0.11250832585265906,0.07830844479865377,99.88484052235492,0.07830844479865377,0.0,6.7,1.0,True,0.0,4,462.4944727837496
2025-07-04 16:00:00,28.01728733977695,94.00806388149674,0.22671909157530368,0.09436956423954782,0.08244406174605091,99.8787587327264,0.08244406174605091,0.0,0.1,1.0,True,0.0,4,462.51616433895094
2025-07-04 17:00:00,28.151496719036235,92.91987503410603,0.269993591622937,0.1033206959063654,0.08319584367729177,99.8776531710628,0.08319584367729177,0.0,0.1,1.0,True,0.0,4,462.5337202772049
2025-07-04 18:00:00,26.960427339937738,100.0,0.0,0.007916211179825154,0.003328350459820613,99.99510536697085,0.003328350459820613,0.0,9.6,0.0,True,0.45780873027104346,4,472.05052443352764
2025-07-04 19:00:00,26.08967267602392,98.89953909348903,0.037187871572725566,0.010111386372886147,0.00028793524842419675,99.99957656581114,0.00028793524842419675,0.0,2.9,1.0,True,0.0,4,474.9471960830678
2025-07-04 20:00:00,26.242288373312398,99.47541628544431,0.0178877056524152,0.0036774364267264117,0.0,100.0,0.0,0.0,4.1,1.0,True,0.015460788065648975,4,479.0469081478194
2025-07-04 21:00:00,25.84669195475288,99.4376983518002,0.018730810212273182,0.005109613609219953,0.0,100.0,0.0,0.0,11.7,1.0,True,0.0,4,490.7469081478194
2025-07-04 22:00:00,25.445362559588535,99.4573446978714,0.01765144472921848,0.004958938483450054,0.0,100.0,0.0,0.0,9.8,1.0,True,0.0,4,500.5469081478194
2025-07-04 23:00:00,25.44519578426417,99.45844930573206,0.017615339740787623,0.003805756119541933,0.0,100.0,0.0,0.0,3.2,1.0,True,0.0,4,503.7469081478194
2025-07-05 00:00:00,25.643780049030113,99.46961916959626,0.01745643757293139,0.003231366586680853,0.0,100.0,0.0,0.0,0.5,1.0,True,0.0074381778171137,4,504.2469081478194
2025-07-05 01:00:00,25.687735442573167,98.93066673007965,0.03528679438794655,0.007313333921718884,0.0,100.0,0.0,0.0,0.5,1.0,True,0.0,4,504.7469081478194
2025-07-05 02:00:00,25.630159051020897,98.40492544361503,0.05245635783381887,0.011324380545417066,0.0,100.0,0.0,0.0,0.4,1.0,True,0.0,4,505.1469081478194
2025-07-05 03:00:00,25.39025618809845,98.91445466707599,0.03519517757965396,0.00845847757298056,0.0,100.0,0.0,0.0,2.4,1.0,True,0.0,4,507.54690814781935
2025-07-05 04:00:00,25.444868484856233,99.46172507292094,0.017508446736624363,0.0038080272740676885,0.0,100.0,0.0,0.0,3.3,1.0,True,0.0,4,510.84690814781936
2025-07-05 05:00:00,25.57970621399845,98.26253096708848,0.05696853600482181,0.014190642358952834,0.0026426259597599256,99.99611378535329,0.0026426259597599256,0.0,0.9,1.0,True,0.0,4,511.74690814781934
2025-07-05 06:00:00,26.60540429530483,95.71628695305756,0.14922873622560998,0.05027302922257631,0.04010695689716946,99.94101918103357,0.04010695689716946,0.0,0.6,1.0,True,0.0,4,512.3442655218596
2025-07-05 07:00:00,27.953548996008756,93.26003337319933,0.25407780332875235,0.12480466692906872,0.127125435269948,99.81305083048537,0.127125435269948,0.0,0.6,1.0,True,0.0,4,512.9041585649625
2025-07-05 08:00:00,28.13282806065135,92.04865898221858,0.30288749349848226,0.14158625599737362,0.1334614028002865,99.80373323117605,0.1334614028002865,0.0,1.3,1.0,True,0.0,4,514.0770331296925
2025-07-05 09:00:00,30.218660370754353,84.45456704004582,0.6679207338156808,0.29717328873515364,0.2892578260209558,99.57462084408682,0.2892578260209558,0.0,0.2,1.0,False,0.0,5,514.1435717268922
2025-07-05 10:00:00,32.258970234225394,80.52396502106775,0.9396799777298701,0.4333244921786892,0.4304706035366586,99.2356934859447,0.5197284295576143,0.0,0.2,1.0,False,0.0,5,514.1435717268922
2025-07-05 11:00:00,33.433553332019166,78.76488913338298,1.09440947984355,0.5068232417731093,0.5013397771854115,98.93960557831907,0.7210682067430259,0.0,0.3,1.0,False,0.0,5,514.1435717268922
2025-07-05 12:00:00,32.32833921255875,81.43529723452622,0.8992203815139015,0.3926885482426907,0.3603365204677431,99.14499304821945,0.581404727210769,0.0,0.5,1.0,False,0.0,5,514.1435717268922
2025-07-05 13:00:00,29.19171973655144,91.04726583611371,0.36261012203177867,0.17244643451637373,0.1440827716221072,99.78811357114395,0.1440827716221072,0.0,11.7,0.5,True,0.0,5,525.2621669996814
2025-07-05 14:00:00,27.881379976630864,93.04067265451496,0.2612463069523481,0.09798133993278242,0.07004366931516805,99.89699460394829,0.07004366931516805,0.0,2.6,1.0,True,0.0,5,527.7180842280593
2025-07-05 15:00:00,28.21937151141236,94.04167560656967,0.22811331741071864,0.09173108481077857,0.07756082102980533,99.88593996907382,0.07756082102980533,0.0,0.3,1.0,True,0.0,5,527.9480405587441
2025-07-05 16:00:00,28.403332098663935,94.56198222395238,0.2104301957944683,0.08936662942857469,0.07879154016434693,99.88413008799361,0.07879154016434693,0.0,0.2,1.0,True,0.0,5,528.0704797377143
2025-07-05 17:00:00,28.05896354926274,95.38949997058461,0.17487290194362703,0.0625017442157942,0.0420937559335535,99.93809741774477,0.0420937559335535,0.0,0.1,1.0,True,0.0,5,528.09168819755
2025-07-05 18:00:00,26.924089400607656,97.62639034667772,0.08425110412351274,0.025358069000454817,0.006869778121540333,99.98989738511538,0.006869778121540333,0.0,0.5,1.0,True,0.0,5,528.5495944416164
2025-07-05 19:00:00,26.812818875641884,97.25928621043954,0.09664783180451596,0.02107046546311669,0.003425732629970188,99.9949621578971,0.003425732629970188,0.0,0.3,1.0,True,0.0,5,528.8427246634948
2025-07-05 20:00:00,26.730853705258518,98.34686640350318,0.05801554720444429,0.01316053962266067,0.0017798376071059706,99.99738259175426,0.0017798376071059706,0.0,0.1,1.0,True,0.0,5,528.9392989308648
2025-07-05 21:00:00,26.687089110023145,98.90654986737138,0.038275237169501264,0.008594475428490832,0.0004792023928344451,99.99929529059878,0.0004792023928344451,0.0,2.1,1.0,True,0.0,5,531.0375190932576
2025-07-05 22:00:00,26.84497761835499,99.44016447023658,0.019779227153208623,0.004085318308248653,0.0,100.0,0.0,0.0,0.6,1.0,True,0.011301279262498562,5,531.6370398908648
2025-07-05 23:00:00,26.544550629020573,99.4487070525008,0.019136347364490686,0.004984644974930951,0.0,100.0,0.0,0.0,1.5,1.0,True,0.0,5,533.1370398908648
2025-07-06 00:00:00,26.24340372780778,99.4647410868323,0.018252918944218835,0.0048274422983185135,0.0,100.0,0.0,0.0,0.7,1.0,True,0.0,5,533.8370398908648
2025-07-06 01:00:00,26.20000321441065,99.99998906963609,3.7178400508114187e-07,0.0003462006895161372,0.0,100.0,0.0,0.0,1.9,1.0,True,0.007298935341442173,5,535.7370398908648
2025-07-06 02:00:00,26.143235352654038,99.46774318192237,0.01804354318362902,0.0038801715433450855,0.0,100.0,0.0,0.0,1.9,1.0,True,0.0,5,537.6370398908648
2025-07-06 03:00:00,25.931102328673678,98.38077304529843,0.05420805307915257,0.011952387289993576,0.0002807973360817442,99.99958706274106,0.0002807973360817442,0.0,0.8,1.0,True,0.0,5,538.4370398908648
2025-07-06 04:00:00,25.83718367322824,98.32397890292025,0.055798470008618185,0.012294268409667542,0.0016050419112816942,99.99763964424811,0.0016050419112816942,0.0,1.0,1.0,True,0.0,5,539.4367590935286
2025-07-06 05:00:00,25.76639328984231,98.2094843158817,0.05936094621053983,0.014498031542551904,0.004141370812179061,99.99390974880562,0.004141370812179061,0.0,3.1,1.0,True,0.0,5,542.5351540516174
2025-07-06 06:00:00,26.938531821918925,95.62597120651304,0.15538750983271418,0.0663154973157799,0.06172618335404665,99.90922620094993,0.06172618335404665,0.0,0.1,1.0,True,0.0,5,542.6310126808052
2025-07-06 07:00:00,28.160624866752737,89.84818996401191,0.38733484567837645,0.17792564861282206,0.16640161584320207,99.664517942357,0.2281277991972487,0.0,0.0,1.0,False,0.0,5,542.6310126808052
2025-07-06 08:00:00,30.423352392675238,82.64442951071194,0.7544799155373091,0.3464381931118469,0.3320114943457227,99.17626574478975,0.5601392935429714,0.0,0.0,1.0,False,0.0,5,542.6310126808052
2025-07-06 09:00:00,32.32934369689177,76.9744373262934,1.1153546571611117,0.5019192142708021,0.47825479638367635,98.47294986775493,1.0383940899266477,0.0,0.0,1.0,False,0.0,5,542.6310126808052
2025-07-06 10:00:00,33.21059348324392,73.10969523107848,1.368682116658821,0.5884807198893869,0.5483384805867522,97.666569749245,1.5867325705133999,0.0,0.0,1.0,False,0.0,5,542.6310126808052
2025-07-06 11:00:00,32.876931372761625,74.88484152429405,1.2546347627878358,0.5199331405436679,0.46865816287181167,96.97736656855116,2.0553907333852117,0.0,0.0,1.0,False,0.0,5,542.6310126808052
2025-07-06 12:00:00,33.563796247441665,73.05772655679846,1.3986873042592716,0.5633243558570494,0.5109847443420016,96.22591841510703,2.566375477727213,0.0,0.0,1.0,False,0.0,5,542.6310126808052
2025-07-06 13:00:00,33.5673589505528,72.12846480155419,1.4472171836618584,0.5661728634891449,0.5015222802769967,95.48838564999382,3.06789775800421,0.0,0.0,1.0,False,0.0,5,542.6310126808052
2025-07-06 14:00:00,33.04282214771602,73.28931092262138,1.3468177518218458,0.5246737112926472,0.45741361306127515,94.81571857196252,3.5253113710654853,0.0,0.0,1.0,False,0.0,5,542.6310126808052
2025-07-06 15:00:00,32.611428722576306,75.43048085563896,1.2091998090812244,0.4556665652055669,0.38599252243668986,94.24808250955562,3.911303893502175,0.0,0.0,1.0,False,0.0,5,542.6310126808052
2025-07-06 16:00:00,31.090029669668482,80.46750236941088,0.8820231910458368,0.29325129460370014,0.20718105273384663,94.67869860847644,3.6184849462360216,0.0,0.5,1.0,False,0.0,5,542.6310126808052
2025-07-06 17:00:00,29.713472850086017,86.29813850989693,0.5718921936017043,0.17540137283966567,0.11063258108259645,94.51600363629615,3.729117527318618,0.0,0.0,1.0,False,0.0,5,542.6310126808052
2025-07-06 18:00:00,28.06395446462115,87.69955930220537,0.46668227575382987,0.11600628071315439,0.04602104419770184,94.44832563012305,3.77513857151632,0.0,0.0,1.0,False,0.0,5,542.6310126808052
2025-07-06 19:00:00,27.477253278410686,90.57713344356362,0.34547924943540237,0.07749881573568147,0.019178642876612,94.42012174353981,3.7943172143929322,0.0,0.0,1.0,True,0.0,5,542.6310126808052
2025-07-06 20:00:00,27.26392115728726,91.0066740245951,0.32564094884990297,0.07111280092943005,0.027959862096326647,94.3790042992805,3.822277076489259,0.0,0.0,1.0,True,0.0,5,542.6310126808052
2025-07-06 21:00:00,27.079859334419297,90.90619851212972,0.3257470963003335,0.07083639427501996,0.02987363175084069,94.33507248788221,3.8521507082401,0.0,0.0,1.0,True,0.0,5,542.6310126808052
2025-07-06 22:00:00,26.897547789020038,92.1518088020155,0.2781372584698021,0.06105738703119967,0.02349527752897376,94.30052060916313,3.8756459857690735,0.0,0.0,1.0,True,0.0,5,542.6310126808052
2025-07-06 23:00:00,26.642332405918506,94.23593569309087,0.20123544454843464,0.044967737799813015,0.013070554878034883,94.28129920493072,3.8887165406471085,0.0,0.0,1.0,True,0.0,5,542.6310126808052
2025-07-07 00:00:00,26.539494612942526,94.27593879451983,0.19863309459300993,0.04321563508258524,0.01184431142030259,94.26388109990087,3.900560852067411,0.0,0.0,1.0,True,0.0,5,542.6310126808052
2025-07-07 01:00:00,26.15428273548339,96.76422886520425,0.10976444432652498,0.025735776649316994,0.0019490232711293779,94.26101488920803,3.90250987533854,0.0,0.0,1.0,True,0.0,5,542.6310126808052
2025-07-07 02:00:00,26.012544839950014,97.324042353997,0.09001743261776375,0.020059189790427395,0.0008450360844621145,94.25977218908382,3.903354911423002,0.0,0.0,1.0,True,0.0,5,542.6310126808052
2025-07-07 03:00:00,25.955721459301447,96.76867481322378,0.10833506881085005,0.023380619909265668,0.0015604301111637163,94.25747743892035,3.9049153415341658,0.0,0.0,1.0,True,0.0,5,542.6310126808052
2025-07-07 04:00:00,25.85462489844793,96.78989978737015,0.10698174787897803,0.02341860787821709,0.0009076823098279068,94.25614261199414,3.9058230238439937,0.0,0.0,1.0,True,0.0,5,542.6310126808052
2025-07-07 05:00:00,26.281267386486626,94.78892434868627,0.1781008229032205,0.042252578068752523,0.012109796629180786,94.23833408753944,3.9179328204731747,0.0,0.0,1.0,True,0.0,5,542.6310126808052
2025-07-07 06:00:00,27.199631188746256,92.48181704926616,0.27120419304276233,0.0830622109054611,0.060878268378349525,94.14880722227717,3.9788110888515242,0.0,0.0,1.0,True,0.0,5,542.6310126808052
2025-07-07 07:00:00,28.688262550575697,89.02752024736641,0.4316659087125184,0.17067471758260258,0.14802833479474808,93.93111849463783,4.126839423646272,0.0,0.0,1.0,False,0.0,5,542.6310126808052
2025-07-07 08:00:00,31.413992751972838,80.08778968713898,0.9158758307162007,0.3821089872085302,0.35500390919811314,93.40905392228767,4.481843332844385,0.0,0.0,1.0,False,0.0,5,542.6310126808052
2025-07-07 09:00:00,32.10608006918967,76.18874710322832,1.13897606264052,0.45453556114379534,0.408789553508385,92.8078928141871,4.890632886352771,0.0,0.0,1.0,False,0.0,5,542.6310126808052
2025-07-07 10:00:00,32.33663952988597,76.39487189455328,1.1438990619263192,0.43658840722017167,0.37874756507658774,92.25091110083918,5.269380451429359,0.0,0.0,1.0,False,0.0,5,542.6310126808052
2025-07-07 11:00:00,33.07075144749603,74.22559417308817,1.3016447832832854,0.49735888517651794,0.437133006211621,91.60806844464562,5.7065134576409795,0.0,0.0,1.0,False,0.0,5,542.6310126808052
2025-07-07 12:00:00,32.224625790801554,76.67494662425696,1.1232093753706396,0.41013049208236063,0.33637738227362257,91.113395823655,6.042890839914602,0.0,0.0,1.0,False,0.0,5,542.6310126808052
2025-07-07 13:00:00,31.618277840110824,79.46284924180182,0.9556279720306196,0.32190619311096597,0.24069068301212138,90.75943893687246,6.283581522926723,0.0,0.0,1.0,False,0.0,5,542.6310126808052
2025-07-07 14:00:00,31.451305510842825,79.65381295985183,0.9378205463722612,0.3064466725044219,0.21682067810316802,90.58764382201487,6.400402201029891,0.0,0.1,1.0,False,0.0,5,542.6310126808052
2025-07-07 15:00:00,31.057407341444257,81.38374310464924,0.8390898144431668,0.2740456011197756,0.18564715857117542,90.60875094176313,6.386049359601066,0.0,0.2,1.0,False,0.0,5,542.6310126808052
2025-07-07 16:00:00,30.187508349447633,86.59435774608805,0.5749563893895485,0.18761654069190345,0.1209076619018213,90.4309455566134,6.506957021502887,0.0,0.0,1.0,False,0.0,5,542.6310126808052
2025-07-07 17:00:00,29.493022858008217,90.5516521420102,0.3893881103229413,0.12440035688853929,0.07615999374876652,90.61306321286521,6.383117015251654,0.0,0.2,1.0,True,0.0,5,542.6310126808052
2025-07-07 18:00:00,27.508254450139795,94.10462926991404,0.2165394279207101,0.059942130806915926,0.01886188550752448,90.58532514594239,6.401978900759178,0.0,0.0,1.0,True,0.0,5,542.6310126808052
2025-07-07 19:00:00,26.827748371804734,97.11877425119533,0.10169196103027332,0.025002452926657252,0.006895740937521808,91.01636082103425,6.1088746416967,0.0,0.3,1.0,True,0.0,5,542.6310126808052
2025-07-07 20:00:00,26.380198844862402,95.22469342703133,0.1641622447844842,0.03593196430107228,0.014155506243374905,90.99554390008812,6.123030147940075,0.0,0.0,1.0,True,0.0,5,542.6310126808052
2025-07-07 21:00:00,25.18205627210546,94.06750426772268,0.1899758784320724,0.043858130715731046,0.013302564354211746,90.97598130544957,6.136332712294287,0.0,0.0,1.0,True,0.0,5,542.6310126808052
2025-07-07 22:00:00,25.403463606174686,93.6607608372074,0.2056898980295306,0.04366683921828412,0.010807523735187822,90.96008788819194,6.1471402360294745,0.0,0.0,1.0,True,0.0,5,542.6310126808052
2025-07-07 23:00:00,25.470515155305062,96.66546403837603,0.10862755778300216,0.02428344960002225,0.003334611420672761,90.95518404786743,6.150474847450147,0.0,0.0,1.0,True,0.0,5,542.6310126808052
2025-07-08 00:00:00,25.4319732236575,97.17413761413884,0.09184637146405664,0.020119212280499357,0.0037319848475148676,90.94969583485639,6.154206832297662,0.0,0.0,1.0,True,0.0,5,542.6310126808052
2025-07-08 01:00:00,25.378609904080196,97.82461314236089,0.07048087733562076,0.01559473338324593,0.0,90.94969583485639,6.154206832297662,0.0,0.0,1.0,True,0.0,5,542.6310126808052
2025-07-08 02:00:00,25.51495534930063,98.58311546518985,0.04627904428538744,0.009795015734240756,0.0,90.94969583485639,6.154206832297662,0.0,0.0,0.8,True,0.0,5,542.6310126808052
2025-07-08 03:00:00,25.474212496541814,97.86418989330348,0.06959251792631063,0.014913425623724502,0.0,90.94969583485639,6.154206832297662,0.0,0.0,1.0,True,0.0,5,542.6310126808052
2025-07-08 04:00:00,25.594474210987855,99.06821746910137,0.030578267628629023,0.00695865631805544,0.0,90.94969583485639,6.154206832297662,0.0,0.0,0.1,True,0.0,5,542.6310126808052
2025-07-08 05:00:00,26.046050371700673,96.19584992197757,0.1282227294237326,0.034091970986317104,0.011108226380933053,90.9333602078256,6.165315058678595,0.0,0.0,0.8,True,0.0,5,542.6310126808052
2025-07-08 06:00:00,28.64205245206026,91.32364174114028,0.34042210675415546,0.12376742337451815,0.08653975433113352,90.80609586322097,6.251854813009729,0.0,0.0,1.0,True,0.0,5,542.6310126808052
2025-07-08 07:00:00,30.444113056446895,84.32082586279465,0.6824132491616935,0.2793621081884825,0.241887200251695,90.45037939226262,6.493742013261424,0.0,0.0,1.0,False,0.0,5,542.6310126808052
2025-07-08 08:00:00,32.1355119634449,77.79595267334732,1.0638640897665759,0.4272886276123544,0.3804668276396115,89.89086935161612,6.874208840901035,0.0,0.0,1.0,False,0.0,5,542.6310126808052
2025-07-08 09:00:00,33.182353994180865,73.50719478457411,1.3463187425574745,0.5265109487183034,0.45563504372366626,89.22081781672838,7.329843884624702,0.0,0.0,1.0,False,0.0,5,542.6310126808052
2025-07-08 10:00:00,34.328671951277066,70.97684488602525,1.5722944031669452,0.6313425072489207,0.5749726343170541,88.37526982508565,7.904816518941756,0.0,0.0,1.0,False,0.0,5,542.6310126808052
2025-07-08 11:00:00,34.6203449775494,75.02771217544452,1.3749152430060287,0.6021812310253698,0.5651690196445586,87.54413891384365,8.469985538586315,0.0,0.0,0.8,False,0.0,5,542.6310126808052
2025-07-08 12:00:00,33.75802148618643,73.62076880676803,1.3843849097082133,0.5804211265667792,0.5212518265391965,86.77759211010954,8.99123736512551,0.0,0.0,1.0,False,0.0,5,542.6310126808052
2025-07-08 13:00:00,34.50771953716996,71.64990675468903,1.551172068647719,0.630248030341556,0.5578500650935717,85.95722436732488,9.549087430219082,0.0,0.0,1.0,False,0.0,5,542.6310126808052
2025-07-08 14:00:00,33.80173754396179,73.52326818949153,1.3928935126828494,0.5342627705019998,0.455267794778194,85.43477172794518,9.904355224997277,0.0,0.1,1.0,False,0.0,5,542.6310126808052
2025-07-08 15:00:00,32.28327441574408,78.57467602457321,1.0351471427135994,0.38035228868794907,0.2970951902830122,85.14492585988192,10.10145041528029,0.0,0.1,1.0,False,0.0,5,542.6310126808052
2025-07-08 16:00:00,31.031529759565277,85.75768759795139,0.6409984616522428,0.23537241114913116,0.16888391241609468,85.04362598868178,10.170334327696384,0.0,0.1,1.0,False,0.0,5,542.6310126808052
2025-07-08 17:00:00,28.68733461532256,92.4503041889167,0.2969949555838585,0.12195527382259744,0.09221867290638806,88.73153970499592,7.662553000602773,0.0,2.6,1.0,True,0.0,5,542.6310126808052
2025-07-08 18:00:00,28.38224282034251,95.76974889335074,0.16349401983912853,0.04370604847284145,0.005703518438817418,88.72315217788001,7.668256519041591,0.0,0.0,1.0,True,0.0,5,542.6310126808052
2025-07-08 19:00:00,27.673607679718966,96.26083150925741,0.13867402982487184,0.03235931327814042,0.00403103886270364,88.7172241795525,7.672287557904294,0.0,0.0,1.0,True,0.0,5,542.6310126808052
2025-07-08 20:00:00,27.196465536200854,97.38962432384159,0.09414689198346927,0.02224396315066712,0.0007035763159923478,88.71618950849958,7.672991134220286,0.0,0.0,1.0,True,0.0,5,542.6310126808052
2025-07-08 21:00:00,26.9782898364489,98.98604440152538,0.03610494724472801,0.009049277116323239,0.0,88.71618950849958,7.672991134220286,0.0,0.0,1.0,True,0.0,5,542.6310126808052
2025-07-08 22:00:00,26.78435986603932,98.93061708012694,0.0376474412535649,0.008686919124161897,0.0,88.71618950849958,7.672991134220286,0.0,0.0,1.0,True,0.0,5,542.6310126808052
2025-07-08 23:00:00,26.5275440846155,98.38858183915787,0.05587918073831797,0.012637404145963394,0.0,88.71618950849958,7.672991134220286,0.0,0.0,1.0,True,0.0,5,542.6310126808052
2025-07-09 00:00:00,26.18609094969906,98.9321208660178,0.03629288875518242,0.009035933970460555,0.0,88.71618950849958,7.672991134220286,0.0,0.0,1.0,True,0.0,5,542.6310126808052
2025-07-09 01:00:00,25.926684573266552,98.42689943955311,0.05265008701665138,0.011981356916074921,0.0,88.71618950849958,7.672991134220286,0.0,0.0,1.0,True,0.0,5,542.6310126808052
2025-07-09 02:00:00,25.785605575937613,98.95007875773757,0.03484764876410787,0.008123508788125306,0.0,88.71618950849958,7.672991134220286,0.0,0.0,1.0,True,0.0,5,542.6310126808052
2025-07-09 03:00:00,25.844229969167404,99.4620166880946,0.017918131968629653,0.003875605897981688,0.0,88.71618950849958,7.672991134220286,0.0,0.0,1.0,True,0.0,5,542.6310126808052
2025-07-09 04:00:00,25.68073161295269,94.01368541688556,0.19745967753653823,0.04113546480400987,0.01500874989760937,88.69411781747368,7.687999884117896,0.0,0.0,1.0,True,0.0,5,542.6310126808052
2025-07-09 05:00:00,25.39397687732389,96.16006440922763,0.12452458385114837,0.03489816479966333,0.01539767232358316,93.37735653464489,4.503397556441479,0.0,3.2,1.0,True,0.0,5,542.6310126808052
2025-07-09 06:00:00,25.257842828450794,97.06369294941095,0.09445386314080985,0.03603582398180421,0.035681842466588384,97.44253029572343,1.7390793989080677,0.0,2.8,0.2,True,0.0,5,542.6310126808052
2025-07-09 07:00:00,25.958036567415412,94.75458787726524,0.1758844593264977,0.07712834753673149,0.06928406537136522,99.89811166857152,0.06928406537136522,0.0,2.1,1.0,True,0.0,5,542.9919332818971
2025-07-09 08:00:00,27.313120512111055,96.3794904757397,0.13147378978487687,0.07068253925106546,0.07866997923155099,99.88430885407125,0.07866997923155099,0.0,0.9,0.2,True,0.0,5,543.8226492165257
2025-07-09 09:00:00,28.79194128321261,87.41305903206799,0.49816169628470425,0.2288809721506022,0.22174838341996553,99.67389943614711,0.22174838341996553,0.0,0.1,1.0,False,0.0,6,543.8439792372942
2025-07-09 10:00:00,32.83776617549006,89.42276433307985,0.5272280300470461,0.2574518877405786,0.29165417971539676,99.24499623068328,0.5134025631353623,0.0,0.0,0.2,False,0.0,6,543.8439792372942
2025-07-09 11:00:00,30.19025612564562,81.93206678160493,0.7750399812694916,0.30080427644188346,0.22920628862213863,98.90792815918014,0.7426088517575009,0.0,0.0,1.0,False,0.0,6,543.8439792372942
2025-07-09 12:00:00,38.473184126088135,85.63469295908253,0.9762877440313408,0.45682214483226574,0.5190619534256807,98.5857782276718,0.9616708051831817,0.0,0.3,0.2,False,0.0,6,543.8439792372942
2025-07-09 13:00:00,32.912540593438564,73.60082865691598,1.3214167731590607,0.5453947202680354,0.45116996907832024,98.36346944961544,1.1128407742615019,0.0,0.3,1.0,False,0.0,6,543.8439792372942
2025-07-09 14:00:00,34.92981279653557,77.31831078167286,1.2703800592518004,0.5310871349829578,0.4905157967327843,97.64212268971428,1.603356570994286,0.0,0.0,0.5,False,0.0,6,543.8439792372942
2025-07-09 15:00:00,32.566803434302585,73.22630669449516,1.3143750306828663,0.49842432126259045,0.3799573314896404,97.08336190811188,1.9833139024839266,0.0,0.0,1.0,False,0.0,6,543.8439792372942
2025-07-09 16:00:00,31.5216611036812,77.86817739309538,1.0242055600660314,0.35687519955402663,0.23961020062296348,96.73099396601927,2.22292410310689,0.0,0.0,0.8,False,0.0,6,543.8439792372942
2025-07-09 17:00:00,30.432155853635685,85.35724247101949,0.6368692139650275,0.20718209318358952,0.11363178223963159,96.56388840390218,2.3365558853465216,0.0,0.0,1.0,False,0.0,6,543.8439792372942
2025-07-09 18:00:00,27.717544225970308,100.0,0.0,0.01566609483096235,0.013059464220463475,96.54468330946031,2.349615349566985,0.0,0.0,0.0,True,0.9265303114383038,6,543.8439792372942
2025-07-09 19:00:00,25.932220827846777,95.88547869039593,0.1377539721424667,0.03299005475895046,0.009913648474871495,96.53010441464433,2.359528998041857,0.0,0.0,1.0,True,0.0,6,543.8439792372942
2025-07-09 20:00:00,25.875111507822833,95.3226819938084,0.1560682228737301,0.03366594833582963,0.010594787557814093,96.51452384470637,2.370123785599671,0.0,0.0,1.0,True,0.0,6,543.8439792372942
2025-07-09 21:00:00,25.669713573641943,96.65567351633256,0.11024121558401649,0.024858803372411458,0.0035153756606074987,96.50935417461723,2.3736391612602787,0.0,0.0,1.0,True,0.0,6,543.8439792372942
2025-07-09 22:00:00,25.48799467611115,97.72395233836097,0.07422265584945807,0.016898295500225955,0.0032032893730660683,96.50464345495097,2.3768424506333448,0.0,0.0,1.0,True,0.0,6,543.8439792372942
2025-07-09 23:00:00,25.531047365052242,97.17600447973545,0.09232696352918895,0.019636049802758678,0.003811708857902518,96.49903800074816,2.380654159491247,0.0,0.0,1.0,True,0.0,6,543.8439792372942
2025-07-10 00:00:00,25.386781342955427,97.74168933468685,0.07320306363297768,0.01640268966796448,0.00267196198663757,98.99510864488546,0.6833261214778847,0.0,1.7,1.0,True,0.0,6,543.8439792372942
2025-07-10 01:00:00,25.283044775983427,97.78534823132127,0.07134676874156562,0.015717792354662617,0.0015176744126890562,99.9977681258637,0.0015176744126890562,0.0,1.0,1.0,True,0.0,6,544.1606531158163
2025-07-10 02:00:00,25.299455396625238,99.19227969031118,0.026046744373966653,0.0060886198253716954,0.0,100.0,0.0,0.0,1.2,0.2,True,0.0,6,545.3591354414036
2025-07-10 03:00:00,25.33579351424563,98.3605567823679,0.05298178408647704,0.011064069828491977,0.0003113597542068159,99.99954211800852,0.0003113597542068159,0.0,0.9,1.0,True,0.0,6,546.2591354414036
2025-07-10 04:00:00,24.970855055177474,96.71056975375701,0.1040210779248001,0.022972454667203667,0.001549073840180817,99.99772195023503,0.001549073840180817,0.0,1.0,1.0,True,0.0,6,547.2588240816494
2025-07-10 05:00:00,25.246898898160385,97.6611032695806,0.07518768974269104,0.01957989158586088,0.004300483387700653,99.99367575972397,0.004300483387700653,0.0,0.5,1.0,True,0.0,6,547.7572750078093
2025-07-10 06:00:00,26.701811512712336,98.11278582914328,0.06611744714525494,0.025472905104706067,0.02464176126345976,99.96376211578904,0.02464176126345976,0.0,1.3,0.2,True,0.02840512953591265,6,549.0529745244216
2025-07-10 07:00:00,27.020231829552586,97.66409533483974,0.08338185095865346,0.039117511678581414,0.038317460461464066,99.94365079343902,0.038317460461464066,0.0,1.1,0.2,True,0.0,6,550.1283327631581
2025-07-10 08:00:00,31.788178344017236,94.40485389052766,0.26286872495066405,0.15721449669178464,0.20795083984349752,99.69418994140662,0.20795083984349752,0.0,0.1,0.2,True,0.0,6,550.1900153026967
2025-07-10 09:00:00,29.992461921263228,85.48450205477266,0.615635775586562,0.2800763800495052,0.2537394406953712,99.32104370508989,0.46169028053886874,0.0,0.0,1.0,False,0.0,7,550.1900153026967
2025-07-10 10:00:00,38.182006801352436,89.52443754466768,0.7008396568975271,0.37725192535279195,0.45182601975894104,98.80365249956205,0.8135163002978099,0.0,0.1,0.2,True,0.0,7,550.1900153026967
2025-07-10 11:00:00,34.15210550735889,78.77237895092331,1.1387504689765733,0.5521298740457936,0.5250694163769883,98.1785504166547,1.2385857166747982,0.0,0.1,1.0,False,0.0,7,550.1900153026967
2025-07-10 12:00:00,35.00154352509829,76.65895014088089,1.3125047978738085,0.6034503208775553,0.5884802296019115,97.46019713782836,1.7270659462767095,0.0,0.1,1.0,False,0.0,7,550.1900153026967
2025-07-10 13:00:00,34.7086159722474,77.12694989798511,1.2655104694667325,0.5701860860478407,0.5377368643445013,96.96352527849822,2.064802810621211,0.0,0.2,1.0,False,0.0,7,550.1900153026967
2025-07-10 14:00:00,33.771240916161,76.3396566953169,1.2426132470764488,0.5226293472768512,0.465809863139673,97.16086371505752,1.9306126737608837,0.0,0.6,1.0,False,0.0,7,550.1900153026967
2025-07-10 15:00:00,32.11374385824657,76.56358272752097,1.1215315585812518,0.42719541059417215,0.3410647191478811,97.54165089278123,1.671677392908765,0.0,0.6,1.0,False,0.0,7,550.1900153026967
2025-07-10 16:00:00,30.060531994146906,84.58344937120792,0.6564088449725248,0.2397549137550919,0.16456471068918485,97.29964396529714,1.8362421035979497,0.0,0.0,1.0,False,0.0,7,550.1900153026967
2025-07-10 17:00:00,29.38122583055843,87.49798170438704,0.5119296630769355,0.17218666911640798,0.09294273448839203,97.16296347340244,1.9291848380863417,0.0,0.0,1.0,False,0.0,7,550.1900153026967
2025-07-10 18:00:00,27.69309998215134,93.60893046074246,0.23729453008756915,0.06902389977263805,0.0032068221633597175,97.15824755845632,1.9323916602497013,0.0,0.0,1.0,True,0.0,7,550.1900153026967
2025-07-10 19:00:00,27.206225265352057,94.48765245943514,0.1989243065924326,0.04478654125657275,0.0,97.15824755845632,1.9323916602497013,0.0,0.0,1.0,True,0.0,7,550.1900153026967
2025-07-10 20:00:00,27.034751352452137,95.56940926515394,0.15828797260654281,0.03509892963721343,0.0,97.15824755845632,1.9323916602497013,0.0,0.0,1.0,True,0.0,7,550.1900153026967
2025-07-10 21:00:00,26.67503141897457,95.05053438138285,0.17312877716954223,0.03829428585439695,0.0,97.15824755845632,1.9323916602497013,0.0,0.0,1.0,True,0.0,7,550.1900153026967
2025-07-10 22:00:00,26.333063131887336,95.67152621716808,0.14838841036147812,0.03330891232087214,0.0,97.15824755845632,1.9323916602497013,0.0,0.0,1.0,True,0.0,7,550.1900153026967
2025-07-10 23:00:00,26.339137876351657,96.90000545207435,0.10631185085544516,0.02336134284668434,0.0,97.15824755845632,1.9323916602497013,0.0,0.0,1.0,True,0.0,7,550.1900153026967
2025-07-11 00:00:00,26.230764041065616,98.36991201459666,0.05554635323328421,0.012827525639726639,0.0,97.15824755845632,1.9323916602497013,0.0,0.0,1.0,True,0.0,7,550.1900153026967
2025-07-11 01:00:00,25.73096752481444,98.39227881226432,0.05318904645005895,0.012964538058220563,0.0,97.15824755845632,1.9323916602497013,0.0,0.0,1.0,True,0.0,7,550.1900153026967
2025-07-11 02:00:00,25.315028325828845,97.35838308622112,0.08526370369457847,0.01931942755929061,0.0,97.15824755845632,1.9323916602497013,0.0,0.0,1.0,True,0.0,7,550.1900153026967
2025-07-11 03:00:00,25.214216612066235,97.37508639322851,0.084218351814647,0.018499369809371006,0.0,97.15824755845632,1.9323916602497013,0.0,0.0,1.0,True,0.0,7,550.1900153026967
2025-07-11 04:00:00,24.974416708858367,97.89741122383953,0.06650390781048476,0.015246674507884113,0.0,97.15824755845632,1.9323916602497013,0.0,0.0,1.0,True,0.0,7,550.1900153026967
2025-07-11 05:00:00,25.65740443762726,96.34873099865958,0.12027139179525052,0.03451118063224317,0.0,97.15824755845632,1.9323916602497013,0.0,0.0,1.0,True,0.0,7,550.1900153026967
2025-07-11 06:00:00,28.15680206941003,87.33639428108414,0.48306315638198666,0.16061628905459793,0.09623023881554546,97.01673250137463,2.028621899065247,0.0,0.0,1.0,False,0.0,7,550.1900153026967
2025-07-11 07:00:00,30.176277250365953,83.2340435084576,0.7186149132531361,0.28869670667274183,0.2287382732336485,96.68035268779575,2.2573601722988954,0.0,0.0,1.0,False,0.0,7,550.1900153026967
2025-07-11 08:00:00,32.10190821526907,79.16636609767286,0.9963113383821998,0.42367052966434143,0.37218331540235516,96.13302428279228,2.6295434877012505,0.0,0.0,1.0,False,0.0,7,550.1900153026967
2025-07-11 09:00:00,35.41224177244203,80.77325705321154,1.1059349263330231,0.49569665056595175,0.48078325064659583,95.42599009066494,3.110326738347846,0.0,0.0,0.5,False,0.0,7,550.1900153026967
2025-07-11 10:00:00,35.06848806747457,73.94970171985454,1.4702788862878915,0.6356066209708784,0.5777413312805934,94.57637048584053,3.6880680696284394,0.0,0.0,1.0,False,0.0,7,550.1900153026967
2025-07-11 11:00:00,36.41293898711479,74.51094657509515,1.5489518870314019,0.6653839823791541,0.6165208596666346,93.66972216280136,4.304588929295074,0.0,0.0,0.8,False,0.0,7,550.1900153026967
2025-07-11 12:00:00,37.78157496978223,76.59483500316414,1.5323157079801624,0.6592583147540356,0.6158811786980644,92.76401454706892,4.920470107993138,0.0,0.0,0.5,False,0.0,7,550.1900153026967
2025-07-11 13:00:00,35.49846797664163,70.44087405527678,1.708355652399703,0.691757448175532,0.5891301942335702,91.89764661437249,5.509600302226708,0.0,0.0,1.0,False,0.0,7,550.1900153026967
2025-07-11 14:00:00,34.647999153579335,70.51452626006298,1.6258905094251082,0.6288593658490922,0.5205590554906667,91.13211859159209,6.030159357717375,0.0,0.0,1.0,False,0.0,7,550.1900153026967
2025-07-11 15:00:00,33.582769708860205,73.38817584788322,1.38299714254109,0.508211855964161,0.39366522872636506,90.55319913758272,6.42382458644374,0.0,0.0,1.0,False,0.0,7,550.1900153026967
2025-07-11 16:00:00,32.06753693244069,76.80199992359111,1.1072293683243195,0.38184585672187177,0.27184236253812005,90.15343095737963,6.69566694898186,0.0,0.0,1.0,False,0.0,7,550.1900153026967
2025-07-11 17:00:00,30.487080196876317,84.89320038119132,0.6591182465844942,0.2143245088454197,0.11807923062092004,89.97978502999591,6.813746179602781,0.0,0.0,1.0,False,0.0,7,550.1900153026967
2025-07-11 18:00:00,28.869057628552763,88.38392023611361,0.4617932945267009,0.11658194672631932,0.01702268154544908,89.95475167478202,6.83076886114823,0.0,0.0,1.0,False,0.0,7,550.1900153026967
2025-07-11 19:00:00,28.32948200723515,90.50453393219105,0.36586546042263435,0.08161072509280604,0.002999385167675346,89.95034081424132,6.8337682463159055,0.0,0.0,1.0,True,0.0,7,550.1900153026967
2025-07-11 20:00:00,27.984205205502374,92.95642042863277,0.26599764716112284,0.05950146261781726,0.0,89.95034081424132,6.8337682463159055,0.0,0.0,1.0,True,0.0,7,550.1900153026967
2025-07-11 21:00:00,27.914598765104618,94.08093219665687,0.22262650311674315,0.048729549071381946,0.0,89.95034081424132,6.8337682463159055,0.0,0.0,1.0,True,0.0,7,550.1900153026967
2025-07-11 22:00:00,27.815266990934894,94.09168678452464,0.22093915215867388,0.048044204950595734,0.0,89.95034081424132,6.8337682463159055,0.0,0.0,1.0,True,0.0,7,550.1900153026967
2025-07-11 23:00:00,27.567752449928083,93.42432710104657,0.24236832099749256,0.05287962290415191,0.0,89.95034081424132,6.8337682463159055,0.0,0.0,1.0,True,0.0,7,550.1900153026967
2025-07-12 00:00:00,27.357312462422044,92.1750797801079,0.28488692385841935,0.06172475464231652,0.0,89.95034081424132,6.8337682463159055,0.0,0.0,1.0,True,0.0,7,550.1900153026967
2025-07-12 01:00:00,26.865411487865618,96.38199811699513,0.12797904116746048,0.030697784034643086,0.0,89.95034081424132,6.8337682463159055,0.0,0.0,0.2,True,0.0,7,550.1900153026967
2025-07-12 02:00:00,27.007005888115994,97.36478253006706,0.09399309089734569,0.020539040264672077,0.0,89.95034081424132,6.8337682463159055,0.0,0.0,0.1,True,0.0,7,550.1900153026967
2025-07-12 03:00:00,26.954853826739825,93.30682678403184,0.23800307477364446,0.05022481018920865,0.0,89.95034081424132,6.8337682463159055,0.0,0.0,0.8,True,0.0,7,550.1900153026967
2025-07-12 04:00:00,26.76819311016477,97.76640773255377,0.07855855918781486,0.019306767785370826,0.0,89.95034081424132,6.8337682463159055,0.0,0.0,0.1,True,0.0,7,550.1900153026967
2025-07-12 05:00:00,27.630316282483143,97.10130927980629,0.1072319952850814,0.03149281155439141,0.0,89.95034081424132,6.8337682463159055,0.0,0.0,0.2,True,0.0,7,550.1900153026967
2025-07-12 06:00:00,31.366288882500193,93.42138572156104,0.3017696120231658,0.11644702453950063,0.09661688522574848,89.80825715949756,6.930385131541654,0.0,0.0,0.2,True,0.0,7,550.1900153026967
2025-07-12 07:00:00,35.25359982314014,90.967583855892,0.5150259173411789,0.23925287459234704,0.24322145918535187,89.45057854304852,7.173606590727006,0.0,0.0,0.2,True,0.0,7,550.1900153026967
2025-07-12 08:00:00,33.5898247606386,78.3055299623337,1.1278901479468666,0.4602218449231755,0.41294707155084365,88.9903622613561,7.48655366227785,0.0,0.1,1.0,False,0.0,7,550.1900153026967
2025-07-12 09:00:00,34.278952626392226,76.31135966951948,1.279763746606359,0.5327154493229286,0.49646618871902315,88.40732374853401,7.883019850996874,0.0,0.1,1.0,False,0.0,7,550.1900153026967
2025-07-12 10:00:00,35.15124801389755,75.64979550385138,1.3806213343377332,0.5908842315646368,0.5542166799888583,87.88641686619745,8.237236530985731,0.0,0.2,1.0,False,0.0,7,550.1900153026967
2025-07-12 11:00:00,35.169471799350596,75.9199714747481,1.3666770097825678,0.5814024132452981,0.54418896845101,87.23319779494597,8.681425499436742,0.0,0.1,1.0,False,0.0,7,550.1900153026967
2025-07-12 12:00:00,36.28752163835631,73.86592955499563,1.5772859184447883,0.6604034087389635,0.6317844158621385,86.30410306573694,9.31320991529888,0.0,0.0,1.0,False,0.0,7,550.1900153026967
2025-07-12 13:00:00,34.807115649411585,75.0802013605049,1.3862921439236644,0.567682040046341,0.5073038141520264,86.58747980963102,9.120513729450908,0.0,0.7,1.0,False,0.0,7,550.1900153026967
2025-07-12 14:00:00,34.04423081542564,77.65848256373769,1.1913332834244184,0.44453217113603366,0.3378296498798844,86.09067150098413,9.458343379330792,0.0,0.0,1.0,False,0.0,7,550.1900153026967
2025-07-12 15:00:00,34.12364116150542,76.78082443899095,1.2436163978292833,0.45277358237566223,0.35172255794289303,85.57343244518576,9.810065937273684,0.0,0.0,1.0,False,0.0,7,550.1900153026967
2025-07-12 16:00:00,31.624139444276476,82.48625209871095,0.8152147230659641,0.31230389058338054,0.24287169574882483,85.51038583379042,9.85293763302251,0.0,0.2,1.0,False,0.0,7,550.1900153026967
2025-07-12 17:00:00,30.521107850807127,86.34519250774252,0.5969265472866434,0.18854106098102089,0.09488970977707845,85.37084214294178,9.947827342799588,0.0,0.0,1.0,False,0.0,7,550.1900153026967
2025-07-12 18:00:00,29.745893935849022,89.4140235922663,0.44266457426667094,0.10838915714817032,0.02794934418121881,85.32974016620469,9.975776686980806,0.0,0.0,1.0,False,0.0,7,550.1900153026967
2025-07-12 19:00:00,29.484071440418862,92.08751069075934,0.3259238272808974,0.07236900373353902,0.00942820165825594,85.31587516376608,9.985204888639062,0.0,0.0,1.0,True,0.0,7,550.1900153026967
2025-07-12 20:00:00,29.273880445896097,92.51679856550689,0.3045300159231134,0.06665500462454328,0.011058075767709974,85.2996132876371,9.996262964406773,0.0,0.0,1.0,True,0.0,7,550.1900153026967
2025-07-12 21:00:00,29.09231250785839,92.39415299833821,0.3062947801144691,0.0667079548037451,0.011448671533774837,85.28277700596978,10.007711635940547,0.0,0.0,1.0,True,0.0,7,550.1900153026967
2025-07-12 22:00:00,28.89564475348372,92.4053725082976,0.3023864850395077,0.06596605576430105,0.012244892929887596,85.26476981048465,10.019956528870434,0.0,0.0,1.0,True,0.0,7,550.1900153026967
2025-07-12 23:00:00,28.767291604561184,92.95501050272883,0.2784266572409,0.06077321122801085,0.010564101393772443,85.24923436725852,10.030520630264206,0.0,0.0,1.0,True,0.0,7,550.1900153026967
2025-07-13 00:00:00,28.45130559909027,95.03680815656857,0.19259176506427764,0.04339949575481475,0.010607216274221112,85.23363551979642,10.041127846538428,0.0,0.0,1.0,True,0.0,7,550.1900153026967
2025-07-13 01:00:00,28.30596009219607,95.68708627416963,0.1659520097566049,0.03655170564412018,0.006797550998899837,85.22363912126863,10.047925397537329,0.0,0.0,1.0,True,0.0,7,550.1900153026967
2025-07-13 02:00:00,28.186418566853813,97.40767052950021,0.09905688810857188,0.022424969279652797,0.0015319548030720586,85.22138624655823,10.0494573523404,0.0,0.0,1.0,True,0.0,7,550.1900153026967
2025-07-13 03:00:00,28.250328102203316,97.92383283031813,0.07962881182078654,0.01719038819808972,0.0,85.36844507008765,9.949457352340401,0.0,0.1,1.0,True,0.0,7,550.1900153026967
2025-07-13 04:00:00,28.04015913567458,99.46929161237412,0.020107362475221404,0.00556917913428346,0.0,85.36844507008765,9.949457352340401,0.0,0.0,1.0,True,0.0,7,550.1900153026967
2025-07-13 05:00:00,28.271787110316826,96.85661233803191,0.12071116216724903,0.03545265045625681,0.0017388527684643613,85.36588793366343,9.951196205108866,0.0,0.0,1.0,True,0.0,7,550.1900153026967
2025-07-13 06:00:00,30.474576056652936,93.65064779057721,0.276827940775902,0.11755529150881362,0.09923839413547277,85.21994911875832,10.050434599244339,0.0,0.0,0.5,True,0.0,7,550.1900153026967
2025-07-13 07:00:00,34.87016155282798,91.34552462010906,0.4831323445916157,0.22992440547028234,0.24657867520557228,84.85733341992659,10.297013274449911,0.0,0.0,0.2,True,0.0,7,550.1900153026967
2025-07-13 08:00:00,33.77560973019998,78.76473396508278,1.115522829397584,0.4570594486763317,0.39124772172439426,84.28196912327309,10.688260996174305,0.0,0.0,1.0,False,0.0,7,550.1900153026967
2025-07-13 09:00:00,35.1087170087448,74.48274202786224,1.4433978094283113,0.5861575564612319,0.5170301697052955,83.52163063841235,11.2052911658796,0.0,0.0,1.0,False,0.0,7,550.1900153026967
2025-07-13 10:00:00,36.169861491155345,71.9553460404906,1.681723084965233,0.6848232422075375,0.6087671046291188,82.6263848963107,11.814058270508719,0.0,0.0,1.0,False,0.0,7,550.1900153026967
2025-07-13 11:00:00,36.992976696775756,71.72556800466526,1.7734897241835086,0.7282716462000972,0.6537781783792734,81.66494639869413,12.467836448887992,0.0,0.0,0.8,False,0.0,7,550.1900153026967
2025-07-13 12:00:00,38.563178491488976,73.84947744681064,1.785865474050933,0.7275169292934158,0.6739604189313916,80.67382813555972,13.141796867819384,0.0,0.0,0.5,False,0.0,7,550.1900153026967
2025-07-13 13:00:00,38.42100920028607,74.61350378951173,1.7204593332958895,0.6982641943993958,0.6328502952190974,79.74316593670811,13.77464716303848,0.0,0.0,0.5,False,0.0,7,550.1900153026967
2025-07-13 14:00:00,36.7401045401545,72.61334726828885,1.6942840701462918,0.6518530669626801,0.5481044842204132,78.93712993050163,14.322751647258894,0.0,0.0,0.8,False,0.0,7,550.1900153026967
2025-07-13 15:00:00,35.427755243943295,72.43364753244892,1.5869907443482143,0.556189493144961,0.4287103733896944,78.30667349904618,14.751462020648589,0.0,0.0,1.0,False,0.0,7,550.1900153026967
2025-07-13 16:00:00,34.82639845794562,77.82625193470484,1.234846074570108,0.403865441559473,0.26457744522511367,77.91758902077397,15.016039465873702,0.0,0.0,1.0,False,0.0,7,550.1900153026967
2025-07-13 17:00:00,32.44399965155997,83.08088887014674,0.824871020415573,0.24685631281311962,0.14744410573263733,78.58311239469656,14.563483571606339,0.0,0.6,1.0,False,0.0,7,550.1900153026967
2025-07-13 18:00:00,31.630802045986897,100.0,0.0,0.024515397255469324,0.012170532072995618,78.56521455341274,14.575654103679334,0.0,0.0,0.0,True,0.4565747684529949,7,550.1900153026967
2025-07-13 19:00:00,29.489492946918517,94.05196556087009,0.24508234122119452,0.05733304836005571,0.006547302759004823,78.99676263759068,14.282201406438338,0.0,0.3,1.0,True,0.0,7,550.1900153026967
2025-07-13 20:00:00,27.706622213067387,95.95735776024834,0.15021808023503525,0.03833597912674625,0.009831563547440329,88.98230445590328,7.492032969985778,0.0,6.8,1.0,True,0.0,7,550.1900153026967
2025-07-13 21:00:00,27.339789651883425,96.79463054524935,0.11658036359569107,0.026622464895048714,0.002498551666856727,89.12568893874612,7.394531521652635,0.0,0.1,1.0,True,0.0,7,550.1900153026967
2025-07-13 22:00:00,27.24372468515283,98.20925075925847,0.06476492332374621,0.01479189137638238,0.0056856258082755,89.99968066549866,6.80021714746091,0.0,0.6,1.0,True,0.0,7,550.1900153026967
2025-07-13 23:00:00,26.6407409759651,98.25783995816032,0.060816727945884094,0.014762306981265278,0.003919947137740209,89.99391603735492,6.804137094598651,0.0,0.0,1.0,True,0.0,7,550.1900153026967
2025-07-14 00:00:00,26.433621470223947,98.33307321450964,0.05748517082206741,0.013030378705509242,0.0018720565482704212,92.1970453659604,5.306009151146921,0.0,1.5,1.0,True,0.0,7,550.1900153026967
2025-07-14 01:00:00,25.943926830546282,99.464364248566,0.017945478306032984,0.0056963948445239426,0.0,100.0,0.0,0.0,11.3,1.0,True,0.0,7,556.1840061515497
2025-07-14 02:00:00,26.068682434646913,97.8817182726343,0.07149437431686782,0.014534324291854882,0.0,100.0,0.0,0.0,0.2,1.0,True,0.0,7,556.3840061515498
2025-07-14 03:00:00,25.722600342690708,97.24581319652874,0.09107299253808832,0.020448508088901748,0.0023703742798966234,99.99651415547073,0.0023703742798966234,0.0,3.2,1.0,True,0.0,7,559.5840061515498
2025-07-14 04:00:00,25.675431423178804,97.83820633950687,0.07128476513658112,0.015735091483747667,0.0006373606703860542,99.99906270489649,0.0006373606703860542,0.0,0.5,1.0,True,0.0,7,560.08163577727
2025-07-14 05:00:00,25.739686628798328,98.17604838277587,0.06037387863856225,0.019070919208292604,0.005412111671462355,99.99204101224784,0.005412111671462355,0.0,4.6,1.0,True,0.0,7,564.6809984165996
2025-07-14 06:00:00,28.082839243519256,93.98317657864939,0.22853103147577822,0.08284451037516696,0.07620422903266233,99.87997596955276,0.08161634070412468,0.0,0.0,1.0,True,0.0,7,564.6809984165996
2025-07-14 07:00:00,29.211966037867477,91.65435315191893,0.3384165558429332,0.15018202457127744,0.14655372035238917,99.66445579256396,0.22817006105651386,0.0,0.0,1.0,True,0.0,7,564.6809984165996
2025-07-14 08:00:00,30.208001297304953,87.79376628317556,0.5241296016796467,0.2274016903515912,0.21733503800607287,99.34484544255501,0.44550509906258673,0.0,0.0,1.0,False,0.0,7,564.6809984165996
2025-07-14 09:00:00,36.463401390709265,90.39834241379222,0.5850985572966546,0.3074552750577006,0.3778023491333203,98.78925375265307,0.8233074481959071,0.0,0.0,0.2,True,0.0,7,564.6809984165996
2025-07-14 10:00:00,33.05697238175881,79.77030488800413,1.0208399412792766,0.4573603815221749,0.42710143843158865,98.16116340201839,1.2504088866274956,0.0,0.0,1.0,False,0.0,7,564.6809984165996
2025-07-14 11:00:00,34.01571066792252,77.51478266028647,1.197093861314018,0.5160124328380834,0.4952597849582808,97.43284018884445,1.7456686715857765,0.0,0.0,1.0,False,0.0,7,564.6809984165996
2025-07-14 12:00:00,34.084650254371915,77.04293677738644,1.2269132537936354,0.5177924025804721,0.48247258785252417,96.72332167729661,2.2281412594383005,0.0,0.0,1.0,False,0.0,7,564.6809984165996
2025-07-14 13:00:00,33.82643724062613,76.84413636895326,1.2198673461256402,0.5200342275039872,0.4840706868047783,99.28813134293415,0.4840706868047783,0.0,3.4,1.0,False,0.0,7,565.8528571571612
2025-07-14 14:00:00,29.475380443350602,88.59504647128776,0.46954709282707124,0.19375162211099337,0.13875548053895434,99.52525563625922,0.3228261673437327,0.0,0.3,1.0,False,0.0,7,565.8528571571612
2025-07-14 15:00:00,29.632841025421904,89.87197026345764,0.42077128159271004,0.1626827190330496,0.1351246360098411,99.80128729998553,0.1351246360098411,0.0,0.5,1.0,False,0.0,7,566.0300309898175
2025-07-14 16:00:00,30.19387974214323,87.40982473530975,0.5401788066351766,0.20659762249309682,0.17748482927409143,99.68733902164128,0.2126094652839325,0.0,0.1,1.0,False,0.0,7,566.0300309898175
2025-07-14 17:00:00,28.977581344868916,90.07589578076647,0.39701288928175926,0.12265602869960096,0.06898329608038266,99.58589299799365,0.28159276136431516,0.0,0.0,1.0,True,0.0,7,566.0300309898175
2025-07-14 18:00:00,28.91021770967274,99.9757054118287,0.0009681250424476238,0.012819849458410325,0.0046930398136182366,99.57899146885597,0.2862858011779334,0.0,0.0,0.0,True,0.13532038587284712,7,566.0300309898175
2025-07-14 19:00:00,28.142449699211483,96.51147033253027,0.1329616615538065,0.03000499391411644,0.0,99.57899146885597,0.2862858011779334,0.0,0.0,1.0,True,0.0,7,566.0300309898175
2025-07-14 20:00:00,28.01469798933234,96.97386820464713,0.11448360259488988,0.02531926286691695,0.0,99.57899146885597,0.2862858011779334,0.0,0.0,1.0,True,0.0,7,566.0300309898175
2025-07-14 21:00:00,28.093859441932732,97.34411617158369,0.1009405047418697,0.0216963457573571,0.0030071322774075514,99.72162803903626,0.18929293345534096,0.0,0.1,1.0,True,0.0,7,566.0300309898175
2025-07-14 22:00:00,27.862661199488297,97.83085503434546,0.08133878309952905,0.018449449985766458,0.0031255164881178513,99.86409051478903,0.0924184499434588,0.0,0.1,1.0,True,0.0,7,566.0300309898175
2025-07-14 23:00:00,27.576126252795056,97.72316699805477,0.08396132143219195,0.01889528401485372,0.00537482638643471,99.85618635833839,0.09779327632989351,0.0,0.0,1.0,True,0.0,7,566.0300309898175
2025-07-15 00:00:00,27.013173408865597,95.96066137237555,0.14412750295796486,0.03203059205418429,0.010239495305256063,99.84112827700713,0.10803277163514957,0.0,0.0,1.0,True,0.0,7,566.0300309898175
2025-07-15 01:00:00,26.803879750619622,96.06538911305661,0.13867626318398527,0.03059830325841101,0.007295725420753179,99.97745809256486,0.015328497055902744,0.0,0.1,1.0,True,0.0,7,566.0300309898175
2025-07-15 02:00:00,26.526809405557916,97.1471695150054,0.09892338231508915,0.022536158305631694,0.005794556780409591,99.99147859296998,0.005794556780409591,0.0,0.7,1.0,True,0.0,7,566.7147024927616
2025-07-15 03:00:00,25.737161762200373,98.32917407207641,0.05529705728076457,0.014585518150191299,0.0013883733008511455,99.99795827455758,0.0013883733008511455,0.0,4.2,1.0,True,0.0,7,570.9089079359812
2025-07-15 04:00:00,25.489783077322716,98.91619633662141,0.03534694179461085,0.008542205516347962,0.0,100.0,0.0,0.0,2.1,1.0,True,0.0,7,573.0075195626804
2025-07-15 05:00:00,25.7091150736439,97.53506394354604,0.08144321684760072,0.024127591143475097,0.008921489156618377,99.98688016300498,0.008921489156618377,0.0,2.3,1.0,True,0.0,7,575.3075195626803
2025-07-15 06:00:00,26.129812502699103,96.7220253447488,0.11103552151994663,0.035101815830995836,0.02023118803851907,99.97024825288453,0.02023118803851907,0.0,0.2,1.0,True,0.0,7,575.4985980735237
2025-07-15 07:00:00,26.926694452383423,93.91805615302806,0.21591117400239518,0.089032280645258,0.07977178732857806,99.8826885480462,0.07977178732857806,0.0,1.1,1.0,True,0.0,7,576.5783668854851
2025-07-15 08:00:00,27.75130256126699,91.92912878106742,0.30068340970671414,0.14308286808427864,0.1397154374096542,99.79453612145639,0.1397154374096542,0.0,1.4,1.0,True,0.0,7,577.8985950981565
2025-07-15 09:00:00,27.897146775410643,91.41536960334062,0.32255481344546644,0.15039818684102016,0.14167956255638645,99.79164770212296,0.14167956255638645,0.0,0.3,1.0,True,0.0,7,578.0588796607469
2025-07-15 10:00:00,30.297894056047756,85.55485380393907,0.6234677008858692,0.3094949323820072,0.3229698198440822,99.52504438258222,0.3229698198440822,0.0,0.3,1.0,False,0.0,8,578.2172000981906
2025-07-15 11:00:00,30.408461744901242,85.76682426372003,0.6182168305361118,0.310507792869991,0.3094099235397793,99.51120625972962,0.3323797433838615,0.0,0.3,1.0,False,0.0,8,578.2172000981906
2025-07-15 12:00:00,29.94215211730664,87.36086026174084,0.5345100735678977,0.26176820576865456,0.2546060719328905,99.28384438924007,0.486985815316752,0.0,0.1,1.0,False,0.0,8,578.2172000981906
2025-07-15 13:00:00,32.58401580325579,80.06580985139448,0.9795581697560568,0.45050460964667194,0.45975633656173354,98.60773212959046,0.9467421518784855,0.0,0.0,1.0,False,0.0,8,578.2172000981906
2025-07-15 14:00:00,32.09815150047849,78.72534441614582,1.0171861903297896,0.4341536656558884,0.39885701718076844,98.02117769255993,1.345599169059254,0.0,0.0,1.0,False,0.0,8,578.2172000981906
2025-07-15 15:00:00,31.333790548917356,80.28963418045477,0.9024732609359913,0.3505769255153008,0.2952392476959456,97.58700232830118,1.6408384167551995,0.0,0.0,1.0,False,0.0,8,578.2172000981906
2025-07-15 16:00:00,30.347060709392455,82.25119081974151,0.7682154503936348,0.26817377565398065,0.19982006849588044,97.29314928639548,1.84065848525108,0.0,0.0,1.0,False,0.0,8,578.2172000981906
2025-07-15 17:00:00,29.265485789204156,87.28140626209694,0.5173345754500616,0.16611074249001043,0.10228713945006546,97.1427270224983,1.9429456247011454,0.0,0.0,1.0,False,0.0,8,578.2172000981906
2025-07-15 18:00:00,28.025793444440918,91.19640277186878,0.3332699400697472,0.0862747699577227,0.02893516751381972,97.10017530556622,1.971880792214965,0.0,0.0,1.0,True,0.0,8,578.2172000981906
2025-07-15 19:00:00,27.255892133002636,95.15267285509567,0.17543524135788097,0.04178998780413593,0.004842056180386758,97.09305463471271,1.9767228483953518,0.0,0.0,1.0,True,0.0,8,578.2172000981906
2025-07-15 20:00:00,27.07981244597756,96.2654390724923,0.1337745315103967,0.02984155119720397,0.0028926442152285934,97.08880074616091,1.9796154926105805,0.0,0.0,1.0,True,0.0,8,578.2172000981906
2025-07-15 21:00:00,27.024367883950116,95.66880224925403,0.15464283209704557,0.033357898933166125,0.004674765232260025,97.0819260914076,1.9842902578428405,0.0,0.0,1.0,True,0.0,8,578.2172000981906
2025-07-15 22:00:00,26.767034212854526,95.11437299001327,0.17182262149445043,0.03770389529808043,0.0048846421512847875,97.0747427941263,1.9891748999941252,0.0,0.0,1.0,True,0.0,8,578.2172000981906
2025-07-15 23:00:00,26.892963090739244,94.66209155194734,0.18912276559876742,0.04029662447260775,0.0033473794373878145,97.0698201773066,1.992522279431513,0.0,0.0,1.0,True,0.0,8,578.2172000981906
2025-07-16 00:00:00,26.86572751594241,95.11273599218303,0.17287966957150164,0.037586109192195356,0.005140378846642944,97.06226079664977,1.9976626582781558,0.0,0.0,1.0,True,0.0,8,578.2172000981906
2025-07-16 01:00:00,26.832776058403553,95.61181464761471,0.15492537745740584,0.033741954196959835,0.005688941828419376,97.05389470572563,2.003351600106575,0.0,0.0,1.0,True,0.0,8,578.2172000981906
2025-07-16 02:00:00,26.741329371641456,96.83643033020338,0.11109161639307537,0.02470904374825471,0.0010555308725856913,97.05234245444241,2.0044071309791605,0.0,0.0,1.0,True,0.0,8,578.2172000981906
2025-07-16 03:00:00,26.45426532168637,95.28815913987255,0.1626889728000942,0.03551256121578656,4.034467569508307e-05,97.05228312403698,2.0044474756548554,0.0,0.0,1.0,True,0.0,8,578.2172000981906
2025-07-16 04:00:00,26.380440131779043,96.3402100492614,0.1258155616510845,0.027767198035098528,0.0,97.05228312403698,2.0044474756548554,0.0,0.0,1.0,True,0.0,8,578.2172000981906
2025-07-16 05:00:00,26.97550060529687,95.43526748278228,0.16251446869798883,0.04208308191386258,0.012312484724236137,97.03417652885427,2.0167599603790913,0.0,0.0,1.0,True,0.0,8,578.2172000981906
2025-07-16 06:00:00,27.23516102545071,94.07810973654802,0.21406597232857547,0.05907382872469994,0.026081490801799265,97.14288021885163,1.9428414511808905,0.0,0.1,1.0,True,0.0,8,578.2172000981906
2025-07-16 07:00:00,29.066800238848966,89.55560767648387,0.4199864446194447,0.16504156463059108,0.15025788554333136,96.92191274011144,2.093099336724222,0.0,0.0,1.0,False,0.0,8,578.2172000981906
2025-07-16 08:00:00,30.057335094692494,85.05314523980958,0.6362934098726409,0.2551691957733159,0.22892805787594206,96.58525383147034,2.322027394600164,0.0,0.0,1.0,False,0.0,8,578.2172000981906
2025-07-16 09:00:00,31.359186992866015,81.48767331540635,0.8488422106764997,0.35840287322668,0.33727436685290446,96.0892621155102,2.6593017614530683,0.0,0.0,1.0,False,0.0,8,578.2172000981906
2025-07-16 10:00:00,33.10685067521574,77.97752493701113,1.1144196380065046,0.47978537019905215,0.4665081482806572,95.55027954450924,3.0258099097337254,0.0,0.1,1.0,False,0.0,8,578.2172000981906
2025-07-16 11:00:00,33.946548213159886,77.35896639049983,1.2007558502768536,0.5316212367867403,0.5212330571023905,94.93081916641748,3.4470429668361158,0.0,0.1,1.0,False,0.0,8,578.2172000981906
2025-07-16 12:00:00,33.5212068208693,75.9407292294353,1.2460501298747737,0.5300378762821337,0.49182564429215375,94.3546049836349,3.8388686111282695,0.0,0.1,1.0,False,0.0,8,578.2172000981906
2025-07-16 13:00:00,33.838785798540854,73.88267795010908,1.3768265649495597,0.5766657133170563,0.5343591047282115,93.5687827707993,4.373227715856481,0.0,0.0,1.0,False,0.0,8,578.2172000981906
2025-07-16 14:00:00,32.9636309380444,74.49878291170552,1.2801344178528105,0.5136598724408235,0.45359349119183295,93.48996881316425,4.426821207048314,0.0,0.4,1.0,False,0.0,8,578.2172000981906
2025-07-16 15:00:00,32.49115714705617,76.65885000423835,1.1409958411398222,0.4410834728006698,0.3792926757407666,93.07924429001606,4.706113882789081,0.0,0.1,1.0,False,0.0,8,578.2172000981906
2025-07-16 16:00:00,31.4035268182254,78.91945818425202,0.9690382395197197,0.3316258463167298,0.253017752209308,92.70715936029649,4.959131634998389,0.0,0.0,1.0,False,0.0,8,578.2172000981906
2025-07-16 17:00:00,30.15543355565537,83.9082642616772,0.6888936901219836,0.21042350414001862,0.12931315799722126,92.51699295147704,5.0884447929956105,0.0,0.0,1.0,False,0.0,8,578.2172000981906
2025-07-16 18:00:00,28.045417682322256,90.79287103616336,0.3489444639706638,0.09394347803853066,0.025426544220228955,92.47960097468258,5.11387133721584,0.0,0.0,1.0,True,0.0,8,578.2172000981906
2025-07-16 19:00:00,27.569066745679784,93.41210698752074,0.24283737722709944,0.05493956541459561,0.009791421306220478,92.46520182570285,5.123662758522061,0.0,0.0,1.0,True,0.0,8,578.2172000981906
2025-07-16 20:00:00,27.7607764172192,92.0634108168311,0.29584413064998966,0.06280891044351479,0.017438657629457077,92.43955674095365,5.141101416151518,0.0,0.0,1.0,True,0.0,8,578.2172000981906
2025-07-16 21:00:00,27.54932595745307,93.82429429947882,0.22738129550237612,0.050421825481458724,0.012599633189849514,92.42102786861564,5.153701049341367,0.0,0.0,1.0,True,0.0,8,578.2172000981906
2025-07-16 22:00:00,27.26528716615283,95.06246889028824,0.1787982467809972,0.03994682639706619,0.006762246788333349,92.41108338804456,5.1604632961297,0.0,0.0,1.0,True,0.0,8,578.2172000981906
2025-07-16 23:00:00,27.03580088654049,95.55955300083036,0.15864986472138784,0.03513455131931065,0.007364775202985365,92.40025283627547,5.167828071332686,0.0,0.0,1.0,True,0.0,8,578.2172000981906
2025-07-17 00:00:00,26.856137373328124,96.68182035612014,0.11730956251878702,0.02627574170227392,0.004998783021694606,92.39290168477297,5.17282685435438,0.0,0.0,1.0,True,0.0,8,578.2172000981906
2025-07-17 01:00:00,26.759424585377644,96.65906487085095,0.11744481369955921,0.025640534324069604,0.005406521611595408,92.3849509176971,5.178233375965975,0.0,0.0,1.0,True,0.0,8,578.2172000981906
2025-07-17 02:00:00,26.637342002959308,95.5919370863166,0.1538494497626819,0.033214051359589145,0.00578712568936119,92.37644043874215,5.184020501655336,0.0,0.0,1.0,True,0.0,8,578.2172000981906
2025-07-17 03:00:00,26.487364204014266,96.25767631891617,0.12946594927216762,0.028656185267859867,0.001574316822052399,92.37412526694501,5.185594818477389,0.0,0.0,1.0,True,0.0,8,578.2172000981906
2025-07-17 04:00:00,26.099686000860387,96.1790514097272,0.12919770015343426,0.02903221380164683,0.0007741457958037657,93.10828093489236,4.686368964273193,0.0,0.5,1.0,True,0.0,8,578.2172000981906
2025-07-17 05:00:00,26.775471056155595,95.24997635293268,0.1671364364456662,0.04217677596057282,0.0020890791460325344,93.10520875967761,4.688458043419225,0.0,0.0,1.0,True,0.0,8,578.2172000981906
2025-07-17 06:00:00,28.228486196205218,91.12038539520364,0.34013451885373575,0.1277955622155571,0.10935199969630932,96.03263228953598,2.6978100431155347,0.0,2.1,1.0,True,0.0,8,578.2172000981906
2025-07-17 07:00:00,28.384166547289492,91.16492253073434,0.34150305372455075,0.1470252077005667,0.1264324504332674,96.14081986242823,2.624242493548802,0.0,0.2,1.0,True,0.0,8,578.2172000981906
2025-07-17 08:00:00,30.73098763492314,85.4388599015182,0.6442203325098158,0.2931500614597355,0.2836585821628582,96.01779253571814,2.70790107571166,0.0,0.2,1.0,False,0.0,8,578.2172000981906
2025-07-17 09:00:00,32.491224160764126,81.31205753955552,0.9135344695582371,0.42612270689229786,0.41328860162861236,95.70413282744077,2.9211896773402724,0.0,0.2,1.0,False,0.0,8,578.2172000981906
2025-07-17 10:00:00,33.860007044745416,78.27836360917391,1.1464545805795374,0.5346626368082305,0.511989375011126,95.24532492301265,3.233179052351398,0.0,0.2,1.0,False,0.0,8,578.2172000981906
2025-07-17 11:00:00,34.6160894123003,74.23830786202284,1.4180434699916706,0.6320779787443088,0.5878834682239317,94.52784923444804,3.72106252057533,0.0,0.1,1.0,False,0.0,8,578.2172000981906
2025-07-17 12:00:00,34.66080828392832,73.20280087349956,1.4787026073669947,0.6453245090522263,0.5905902668820365,93.65933413609211,4.3116527874573665,0.0,0.0,1.0,False,0.0,8,578.2172000981906
2025-07-17 13:00:00,34.46505019934507,72.07559231221462,1.5242680809571265,0.6438434541780684,0.5741204393879298,92.81503937228632,4.885773226845297,0.0,0.0,1.0,False,0.0,8,578.2172000981906
2025-07-17 14:00:00,34.078100778494935,71.96950339599927,1.4975110705314136,0.5927642244257142,0.502840625673953,92.07556786394228,5.388613852519249,0.0,0.0,1.0,False,0.0,8,578.2172000981906
2025-07-17 15:00:00,33.2284692805917,72.4503179549618,1.4036480033593826,0.5164923182615432,0.41172797223271457,91.47008555183534,5.800341824751964,0.0,0.0,1.0,False,0.0,8,578.2172000981906
2025-07-17 16:00:00,31.990032557367588,76.68482123880878,1.1079601260199492,0.3824475663911212,0.27087255974670255,91.07174355220783,6.071214384498667,0.0,0.0,1.0,False,0.0,8,578.2172000981906
2025-07-17 17:00:00,30.495391252630153,81.88650489757792,0.790677526068055,0.238884042236967,0.12362528084383738,90.88994166861396,6.194839665342505,0.0,0.0,1.0,False,0.0,8,578.2172000981906
2025-07-17 18:00:00,28.677443437636082,88.2321040046018,0.4626681490261361,0.11742377982705034,0.024812753840956644,90.8534523247302,6.219652419183461,0.0,0.0,1.0,False,0.0,8,578.2172000981906
2025-07-17 19:00:00,28.152924899273206,90.34619439050714,0.3681689473203387,0.0820212098958013,0.01593531142382241,90.83001804322458,6.235587730607284,0.0,0.0,1.0,True,0.0,8,578.2172000981906
2025-07-17 20:00:00,27.87611247682463,90.21350081581247,0.3672627969495288,0.08013377390577664,0.020838943919808037,90.79937253746016,6.256426674527092,0.0,0.0,1.0,True,0.0,8,578.2172000981906
2025-07-17 21:00:00,27.65645915549565,90.71623598585775,0.34396120279327536,0.07515451469444231,0.015600636580555244,90.77643042484169,6.272027311107648,0.0,0.0,1.0,True,0.0,8,578.2172000981906
2025-07-17 22:00:00,27.282482399860836,91.96576800418129,0.29122924722563975,0.06450528553539694,0.007186593056432902,90.76586190564106,6.279213904164081,0.0,0.0,1.0,True,0.0,8,578.2172000981906
2025-07-17 23:00:00,26.889365067494744,91.98140077219028,0.2840399633916817,0.06253698389910653,0.006615404075885941,90.75613337023533,6.2858293082399666,0.0,0.0,1.0,True,0.0,8,578.2172000981906
2025-07-18 00:00:00,26.546724217212077,92.66436712176593,0.25466529741252625,0.05628716951223238,0.008592130790280988,90.74349788377904,6.2944214390302475,0.0,0.0,1.0,True,0.0,8,578.2172000981906
2025-07-18 01:00:00,26.360074241092946,93.9175582816132,0.20885014217199244,0.04611838713104629,0.0017350375594956694,90.74094635795625,6.2961564765897435,0.0,0.0,1.0,True,0.0,8,578.2172000981906
2025-07-18 02:00:00,26.278297024055615,95.07387128206837,0.16833259093988817,0.037008973127694605,0.0018935778618440846,90.73816168463001,6.298050054451588,0.0,0.0,1.0,True,0.0,8,578.2172000981906
2025-07-18 03:00:00,26.234101686012163,95.67352747994983,0.14745652339528678,0.03219136670688824,0.0,90.73816168463001,6.298050054451588,0.0,0.0,1.0,True,0.0,8,578.2172000981906
2025-07-18 04:00:00,25.96746350444302,96.53668299251382,0.11619359318888721,0.02624893012949431,0.0,90.73816168463001,6.298050054451588,0.0,0.0,0.8,True,0.0,8,578.2172000981906
2025-07-18 05:00:00,26.7922068665376,95.25033174206413,0.16728837077890585,0.04276434649926545,0.005073617890188645,90.73070048185032,6.303123672341776,0.0,0.0,1.0,True,0.0,8,578.2172000981906
2025-07-18 06:00:00,28.949853200748926,90.03655225418625,0.39794846912948273,0.14161105118968248,0.10418741086813828,90.57748370116188,6.4073110832099145,0.0,0.0,1.0,True,0.0,8,578.2172000981906
2025-07-18 07:00:00,30.557040380409276,85.65195548193061,0.6285205952245386,0.2621422977815344,0.22418564787144496,90.24779892488036,6.631496731081359,0.0,0.0,1.0,False,0.0,8,578.2172000981906
2025-07-18 08:00:00,32.045314839803346,82.00065008868494,0.8580226157153538,0.3834842938515842,0.3546937075545019,89.87324935494726,6.886190438635862,0.0,0.1,1.0,False,0.0,8,578.2172000981906
2025-07-18 09:00:00,33.36125845722223,76.03313204656786,1.2302139299002128,0.5280064583566699,0.4790850346771,89.31577136277505,7.265275473312962,0.0,0.1,1.0,False,0.0,8,578.2172000981906
2025-07-18 10:00:00,33.99051227371093,73.4365349467547,1.4122335688087586,0.605012350469051,0.5427910686706894,88.51754920296521,7.808066541983651,0.0,0.0,1.0,False,0.0,8,578.2172000981906
2025-07-18 11:00:00,34.121649555657406,73.44034730762783,1.4223743785662826,0.6047182557008894,0.5351559992943918,88.02467273341465,8.143222541278043,0.0,0.2,1.0,False,0.0,8,578.2172000981906
2025-07-18 12:00:00,34.94648701823313,72.4047136299622,1.547011719406652,0.6596459049678751,0.5934459447017791,87.1519581088532,8.736668485979822,0.0,0.0,1.0,False,0.0,8,578.2172000981906
2025-07-18 13:00:00,34.87673133806239,72.88284295759557,1.5143538606998261,0.6309765416219488,0.5569046350710877,86.48003952786631,9.19357312105091,0.0,0.1,1.0,False,0.0,8,578.2172000981906
2025-07-18 14:00:00,33.93918673627415,75.26326850444343,1.3113622991902583,0.5440295273239596,0.47110037450889986,85.93430368300028,9.564673495559811,0.0,0.1,1.0,False,0.0,8,578.2172000981906
2025-07-18 15:00:00,32.4975939657613,78.79344581704854,1.0370251986084755,0.40552319573270396,0.3322198204765463,86.62221571171123,9.096893316036356,0.0,0.8,1.0,False,0.0,8,578.2172000981906
2025-07-18 16:00:00,31.699173569920053,79.67728320583804,0.9499938067147148,0.3268235032742829,0.24911469636556313,86.25587056999717,9.346008012401919,0.0,0.0,1.0,False,0.0,8,578.2172000981906
2025-07-18 17:00:00,30.387030162367076,84.06801863544561,0.6911567018967172,0.21577545919588287,0.1366163615709338,86.05496415592228,9.482624373972852,0.0,0.0,1.0,False,0.0,8,578.2172000981906
2025-07-18 18:00:00,29.946299097701385,99.95174336688211,0.0020412619578093895,0.021851669420507213,0.02053507063783502,86.02476552263134,9.503159444610688,0.0,0.0,0.0,True,0.278413792794021,8,578.2172000981906
2025-07-18 19:00:00,28.277343439963317,92.96191753722208,0.270361004509764,0.06099760050049413,0.008414589612269268,86.0123911261427,9.511574034222956,0.0,0.0,1.0,True,0.0,8,578.2172000981906
2025-07-18 20:00:00,28.046580026240967,93.53079472427413,0.24519544639204574,0.05392061851153577,0.006975520803524254,86.002133007314,9.51854955502648,0.0,0.0,1.0,True,0.0,8,578.2172000981906
2025-07-18 21:00:00,27.914000751237936,94.08663748190699,0.22240416813055047,0.048671311585804164,0.0071057879008958975,85.99168331922445,9.525655342927376,0.0,0.0,1.0,True,0.0,8,578.2172000981906
2025-07-18 22:00:00,27.744256526671553,95.19390579907412,0.17897930373483303,0.03960889092031649,0.0045961910827807765,85.98492421469095,9.530251534010157,0.0,0.0,1.0,True,0.0,8,578.2172000981906
2025-07-18 23:00:00,27.43418888136885,96.83984778794584,0.11557222385036645,0.026541158781243464,0.0015234420359410326,85.98268385875573,9.531774976046098,0.0,0.0,1.0,True,0.0,8,578.2172000981906
2025-07-19 00:00:00,27.29952385668853,97.35078234183462,0.09612613992139618,0.02136434606094423,0.0017991496875475956,85.9800380503917,9.533574125733645,0.0,0.0,1.0,True,0.0,8,578.2172000981906
2025-07-19 01:00:00,27.14096046215714,96.80171556062085,0.1149761219355107,0.02512420376181177,0.0024912036516895877,85.9763745156098,9.536065329385336,0.0,0.0,1.0,True,0.0,8,578.2172000981906
2025-07-19 02:00:00,26.953605561241137,96.69735805867558,0.1174303025295125,0.025880560107664128,0.004767451192893652,85.96936355797318,9.54083278057823,0.0,0.0,1.0,True,0.0,8,578.2172000981906
2025-07-19 03:00:00,26.757288024775068,96.67955194553386,0.11670996906354417,0.025777681382586393,0.004901902057652528,85.96215487847665,9.545734682635882,0.0,0.0,1.0,True,0.0,8,578.2172000981906
2025-07-19 04:00:00,26.42432729785521,97.17755185328203,0.09728086899102836,0.022132973787972184,0.004916945868612711,85.95492407572868,9.550651628504495,0.0,0.0,1.0,True,0.0,8,578.2172000981906
2025-07-19 05:00:00,26.631274147177663,95.8043536660112,0.1463834589586114,0.03854780319165428,0.014557925028674869,85.93351536245122,9.565209553533169,0.0,0.0,1.0,True,0.0,8,578.2172000981906
2025-07-19 06:00:00,28.84808969977118,91.27790114331263,0.3463237199381067,0.12348580109888034,0.1028921246726403,85.78220341440321,9.66810167820581,0.0,0.0,1.0,True,0.0,8,578.2172000981906
2025-07-19 07:00:00,30.555763609275758,86.72230109609268,0.5815913532144223,0.24720456906491303,0.23573631461246677,85.43553236350253,9.903837992818277,0.0,0.0,1.0,False,0.0,8,578.2172000981906
2025-07-19 08:00:00,32.44640042777648,84.10762664480464,0.7749184244300286,0.35131192994437105,0.35090685240168484,84.91949287467652,10.254744845219962,0.0,0.0,0.8,False,0.0,8,578.2172000981906
2025-07-19 09:00:00,33.54174132148104,80.0721376468166,1.033265751475373,0.46953407395445623,0.46544276269329177,84.23501822365698,10.720187607913253,0.0,0.0,1.0,False,0.0,8,578.2172000981906
2025-07-19 10:00:00,34.28304735459749,79.96515248678924,1.0826161975869006,0.47625183692397366,0.4589284349191734,83.5601234664229,11.179116042832426,0.0,0.0,0.8,False,0.0,8,578.2172000981906
2025-07-19 11:00:00,35.00326634143107,77.04053826151443,1.291170422542628,0.5652240262249056,0.5445933939090551,82.75925082832134,11.723709436741482,0.0,0.0,1.0,False,0.0,8,578.2172000981906
2025-07-19 12:00:00,34.96997589495113,76.41905451095813,1.3236827428382545,0.5760777199891098,0.5456998008545456,81.95675112118231,12.269409237596028,0.0,0.0,1.0,False,0.0,8,578.2172000981906
2025-07-19 13:00:00,34.70681861458923,77.19115782973566,1.2618323723966898,0.5376418198608486,0.501882590665329,81.21868848785094,12.771291828261356,0.0,0.0,1.0,False,0.0,8,578.2172000981906
2025-07-19 14:00:00,33.03894412847003,78.2236756147156,1.0977763648596,0.4621318397016569,0.41433104780728097,80.75643694695789,13.085622876068637,0.0,0.1,1.0,False,0.0,8,578.2172000981906
2025-07-19 15:00:00,32.66126361235966,81.56929554025685,0.9096212830626492,0.36685875407742863,0.3215139239740565,80.4306811764078,13.307136800042693,0.0,0.1,1.0,False,0.0,8,578.2172000981906
2025-07-19 16:00:00,31.949296672113594,82.88142620801868,0.8116205119126898,0.2933715024020314,0.2224097309844476,80.10360804260715,13.52954653102714,0.0,0.0,1.0,False,0.0,8,578.2172000981906
2025-07-19 17:00:00,29.957971876021055,86.83318241390195,0.5573312794094527,0.16477370546796055,0.06872688891624947,80.44371555890677,13.298273419943389,0.0,0.3,1.0,False,0.0,8,578.2172000981906
2025-07-19 18:00:00,29.294773211905753,100.0,0.0,0.01690869772324772,0.013427305946574396,80.42396952075005,13.311700725889963,0.0,0.0,0.0,True,0.38564803091501076,8,578.2172000981906
2025-07-19 19:00:00,28.390228190747155,97.3568882233445,0.10220039976420164,0.023878597837737343,0.003071944956776614,80.41945195463714,13.31477267084674,0.0,0.0,1.0,True,0.0,8,578.2172000981906
2025-07-19 20:00:00,28.351873003179076,97.90307954894409,0.0809006170508816,0.017802779360439926,0.001843831874839798,80.41674043717416,13.31661650272158,0.0,0.0,1.0,True,0.0,8,578.2172000981906
2025-07-19 21:00:00,28.259646807958802,97.83626485675325,0.08303232642507458,0.018188021949936253,0.003435881016847457,80.4116876709729,13.320052383738426,0.0,0.0,1.0,True,0.0,8,578.2172000981906
2025-07-19 22:00:00,27.963040942727986,97.8217301631678,0.08216006181813429,0.01862829353572506,0.0033295066519218636,80.40679133766125,13.323381890390348,0.0,0.0,1.0,True,0.0,8,578.2172000981906
2025-07-19 23:00:00,27.823102234973454,98.37374764003121,0.06084088375958314,0.013768227406772929,0.002040214938391217,80.40379102157537,13.32542210532874,0.0,0.0,1.0,True,0.0,8,578.2172000981906
2025-07-20 00:00:00,26.675832415673508,97.77478913151937,0.07783995585510554,0.019888172255554247,0.003212982832365179,84.22259545858661,10.728635088161104,0.0,2.6,1.0,True,0.0,8,578.2172000981906
2025-07-20 01:00:00,26.553015406642434,96.73899867064905,0.11325150864609403,0.02446160534560724,0.003145873466090935,86.12973387996001,9.431780961627194,0.0,1.3,1.0,True,0.0,8,578.2172000981906
2025-07-20 02:00:00,26.272726686779556,97.82818944695607,0.07418937020376706,0.017231944136090777,0.0014839973607819656,87.89225741325298,8.233264958987977,0.0,1.2,1.0,True,0.0,8,578.2172000981906
2025-07-20 03:00:00,26.265772847933903,97.89868011316757,0.07175195790929383,0.015543651997296975,0.0,89.95108094266475,6.833264958987977,0.0,1.4,1.0,True,0.0,8,578.2172000981906
2025-07-20 04:00:00,26.033984958670285,98.34699945322248,0.055676344592177796,0.012843808173233695,0.0011972480774384033,93.18461440137439,4.634462207065415,0.0,2.2,1.0,True,0.0,8,578.2172000981906
2025-07-20 05:00:00,26.09262763959157,97.78874485347518,0.07473798242535237,0.01692599018166714,0.0021562067231259774,94.94614939148744,3.4366184137885405,0.0,1.2,1.0,True,0.0,8,578.2172000981906
2025-07-20 06:00:00,27.201377725977665,95.62640913928098,0.15778513861244065,0.043030932913799315,0.02419261478230399,95.79292495798406,2.8608110285708443,0.0,0.6,1.0,True,0.0,8,578.2172000981906
2025-07-20 07:00:00,28.412236042060485,93.63309766276056,0.246501796855694,0.1148563035667193,0.11453363171343367,97.83037549958195,1.4753446602842781,0.0,1.5,1.0,True,0.0,8,578.2172000981906
2025-07-20 08:00:00,28.555829252126696,94.13623399077098,0.22892139448998505,0.11755638567929914,0.11883588661775928,99.82524134320919,0.11883588661775928,0.0,1.9,1.0,True,0.0,8,578.6418554379063
2025-07-20 09:00:00,28.950572169343893,93.58192616093355,0.2563539132349401,0.12489811100434343,0.12566700628371716,99.81519557899453,0.12566700628371716,0.0,1.2,1.0,True,0.0,8,579.7230195512885
2025-07-20 10:00:00,32.47747437065232,87.20346813597237,0.6250568264703454,0.33938606220676804,0.3923084684860584,99.42307578163815,0.3923084684860584,0.0,0.6,1.0,False,0.0,8,580.1973525450048
2025-07-20 11:00:00,32.17445584299861,85.28582294861558,0.7065528072302771,0.37180239841803775,0.38811184894339834,99.4292472809656,0.38811184894339834,0.0,7.4,1.0,False,0.0,8,587.2050440765188
2025-07-20 12:00:00,31.839954213629245,87.19024322928199,0.6035882624010412,0.3341701582299206,0.3492822096935749,99.4863496916271,0.3492822096935749,0.0,0.6,1.0,False,0.0,8,587.4169322275754
2025-07-20 13:00:00,31.98168732023529,86.58281778595867,0.6372969980924285,0.32826779913143567,0.33826577050338685,99.43007649971035,0.38754798019696174,0.0,0.3,1.0,False,0.0,8,587.4169322275754
2025-07-20 14:00:00,31.47086414921234,86.31024141625201,0.6317051624558341,0.28832396971150215,0.2742932687592166,99.3208216927115,0.46184124895617834,0.0,0.2,1.0,False,0.0,8,587.4169322275754
2025-07-20 15:00:00,31.4430680053563,85.67700028398852,0.659884155253842,0.2833366824106412,0.2618055483477589,99.08287235690597,0.6236467973039372,0.0,0.1,1.0,False,0.0,8,587.4169322275754
2025-07-20 16:00:00,30.89167496886824,84.97225082586672,0.6709830405895489,0.25744834690783996,0.21331227979269088,98.91623665132849,0.7369590770966281,0.0,0.1,1.0,False,0.0,8,587.4169322275754
2025-07-20 17:00:00,29.606407596010595,88.43868094824154,0.47958784820738204,0.1516888252891428,0.08451512215152136,98.79194970698802,0.8214741992481495,0.0,0.0,1.0,False,0.0,8,587.4169322275754
2025-07-20 18:00:00,28.247590557441583,92.21474506135206,0.29854627713037374,0.07934283428390065,0.017744382018845324,98.76585502754853,0.8392185812669948,0.0,0.0,1.0,True,0.0,8,587.4169322275754
2025-07-20 19:00:00,28.128773598906356,95.28519427348095,0.17955699928297134,0.040319546905970116,0.0036569950597669263,98.7604770936371,0.8428755763267617,0.0,0.0,1.0,True,0.0,8,587.4169322275754
2025-07-20 20:00:00,28.080727145619417,95.95455413448315,0.1536352712690903,0.033590116930543985,0.0,98.7604770936371,0.8428755763267617,0.0,0.0,1.0,True,0.0,8,587.4169322275754
2025-07-20 21:00:00,27.69085024721748,97.40464743754299,0.09635040067484522,0.022588960905628164,0.0008090365701075193,98.75928733397518,0.8436846128968692,0.0,0.0,1.0,True,0.0,8,587.4169322275754
2025-07-20 22:00:00,27.861253503939125,97.84380708951456,0.08084647213758751,0.01711279566191426,0.0026599081015663524,98.75537570441406,0.8463445209984356,0.0,0.0,1.0,True,0.0,8,587.4169322275754
2025-07-20 23:00:00,27.525164792419048,98.36717934454363,0.06003348100944387,0.01415876620861408,0.0018039143420272709,98.7527228892052,0.8481484353404629,0.0,0.0,1.0,True,0.0,8,587.4169322275754
2025-07-21 00:00:00,27.4267204904018,98.35658807014752,0.060076169809748496,0.013260038648013948,0.001988004955272416,98.74979935250627,0.8501364402957353,0.0,0.0,1.0,True,0.0,8,587.4169322275754
2025-07-21 01:00:00,26.922718951928555,97.15875279440304,0.10084175269534634,0.022744982163378488,0.005747349372343481,99.035465015194,0.6558837896680787,0.0,0.2,1.0,True,0.0,8,587.4169322275754
2025-07-21 02:00:00,26.558742460741005,95.40068506357997,0.15978373893340864,0.03488934861183825,0.010265383459334554,99.02036886304792,0.6661491731274133,0.0,0.0,1.0,True,0.0,8,587.4169322275754
2025-07-21 03:00:00,26.41917976847556,95.79920835709324,0.14474410385904088,0.03183903998564962,0.009150605453253004,99.00691209032256,0.6752997785806663,0.0,0.0,0.8,True,0.0,8,587.4169322275754
2025-07-21 04:00:00,26.462657264659292,96.6538080140909,0.11559340423681772,0.02514667482375526,0.005081746991440623,98.9994389329822,0.6803815255721068,0.0,0.0,1.0,True,0.0,8,587.4169322275754
2025-07-21 05:00:00,26.897086378959667,96.35028739879452,0.129341084018019,0.03533321673519212,0.014790650769561072,98.97768797596814,0.695172176341668,0.0,0.0,1.0,True,0.0,8,587.4169322275754
2025-07-21 06:00:00,28.93196901590536,91.00633934014165,0.3588431322229573,0.12647691743969733,0.10666696486586323,98.82082479234187,0.8018391412075312,0.0,0.0,1.0,True,0.0,8,587.4169322275754
2025-07-21 07:00:00,33.591157238823754,92.5339917577676,0.3881848134264336,0.19587638483070646,0.23870118812071808,98.46979363334081,1.0405403293282494,0.0,0.0,0.2,True,0.0,8,587.4169322275754
2025-07-21 08:00:00,31.985996720022353,81.23969899901518,0.8913045614214916,0.3725192224809598,0.33698636702458307,98.12128427006937,1.2775266963528324,0.0,0.1,1.0,False,0.0,8,587.4169322275754
2025-07-21 09:00:00,33.26658000700197,78.06452591457202,1.119993072481449,0.47673288728868,0.45497670278008556,97.59925970715747,1.6325033991329179,0.0,0.1,1.0,False,0.0,8,587.4169322275754
2025-07-21 10:00:00,34.68588258685648,76.93195356699921,1.2746929272119665,0.5636764398159216,0.5550536882875764,96.78300428320516,2.1875570874204944,0.0,0.0,1.0,False,0.0,8,587.4169322275754
2025-07-21 11:00:00,34.92249313406872,75.29588077078887,1.3830944947290744,0.6063788508375387,0.5827125495951395,96.07313288674172,2.670269637015634,0.0,0.1,1.0,False,0.0,8,587.4169322275754
2025-07-21 12:00:00,34.954078272942276,76.58352871835213,1.313295432085336,0.5875190095761894,0.5697627599668768,95.23524647502572,3.2400323969825107,0.0,0.0,1.0,False,0.0,8,587.4169322275754
2025-07-21 13:00:00,34.13854875550035,75.97751282116326,1.2877090493574577,0.5193055942299529,0.4633223761582409,94.5538900394989,3.7033547731407515,0.0,0.0,1.0,False,0.0,8,587.4169322275754
2025-07-21 14:00:00,33.50155685526865,78.93958733283695,1.0895396989866308,0.4414869761649447,0.39140369526279445,94.1253551935242,3.9947584684035458,0.0,0.1,1.0,False,0.0,8,587.4169322275754
2025-07-21 15:00:00,33.11606504609808,79.3989167332983,1.043030400640637,0.3928790472311922,0.32873259923155346,93.64192490053662,4.323491067635099,0.0,0.0,1.0,False,0.0,8,587.4169322275754
2025-07-21 16:00:00,32.023557845345195,79.48471836230588,0.9767548699969819,0.3363241930656495,0.25455456924122116,93.41463876929953,4.47804563687632,0.0,0.1,1.0,False,0.0,8,587.4169322275754
2025-07-21 17:00:00,34.723366943282386,100.0,0.0,0.07603383255790488,0.129461886434238,93.22425364219036,4.6075075233105585,0.0,0.0,0.0,True,2.3984999924314256,8,587.4169322275754
2025-07-21 18:00:00,29.16860689646497,92.33229882352882,0.3101488111106858,0.08831816062320288,0.01637287311911409,93.20017588760342,4.623880396429673,0.0,0.0,1.0,True,0.0,8,587.4169322275754
2025-07-21 19:00:00,28.808657263258063,95.37641888246925,0.18316765202227075,0.04195044359914296,0.0028793517465321924,93.1959415467997,4.626759748176205,0.0,0.0,1.0,True,0.0,8,587.4169322275754
2025-07-21 20:00:00,28.647506749531225,96.40058421351394,0.14126987194256133,0.03143608693484264,0.0022738129760243773,93.19259770418789,4.629033561152229,0.0,0.0,1.0,True,0.0,8,587.4169322275754
2025-07-21 21:00:00,28.404947489091665,98.52232295529848,0.05718573238720687,0.01395208205258092,0.0,93.19259770418789,4.629033561152229,0.0,0.0,1.0,True,0.0,8,587.4169322275754
2025-07-21 22:00:00,27.777898120966203,98.9640018590556,0.03865643020315451,0.0104789905602612,0.0,100.0,0.0,0.0,6.0,1.0,True,0.0,8,588.7878986664232
2025-07-21 23:00:00,27.6000194119606,99.99993415860013,2.4313820934882826e-06,0.0009223966708293472,0.0,100.0,0.0,0.0,2.1,1.0,True,0.0,8,590.8878986664232
2025-07-22 00:00:00,27.242250646746744,99.46104133382525,0.019490503197066925,0.005059552242425872,0.0,100.0,0.0,0.0,5.0,1.0,True,0.0,8,595.8878986664232
2025-07-22 01:00:00,27.116511375253516,98.47137275924061,0.05487440661969235,0.011899599212189384,0.0,100.0,0.0,0.0,1.4,1.0,True,0.0,8,597.2878986664232
2025-07-22 02:00:00,26.68833264179318,96.22612878371953,0.1321106238487607,0.02903201983054847,0.003176913639429267,99.99532806817732,0.003176913639429267,0.0,4.6,1.0,True,0.0,8,601.8878986664232
2025-07-22 03:00:00,26.273574652038928,97.81984844590917,0.0744780255224277,0.017867856298371072,0.0016873762441290052,99.99751856434686,0.0016873762441290052,0.0,4.7,1.0,True,0.0,8,606.5847217527838
2025-07-22 04:00:00,26.30190026891717,97.4092198346929,0.08865385874845293,0.01892213502819804,0.0,100.0,0.0,0.0,3.3,1.0,True,0.0,8,609.8830343765397
2025-07-22 05:00:00,26.311673469392815,97.81340346469086,0.07486624601023852,0.018952775123136006,0.0015649197937840128,99.99769864736209,0.0015649197937840128,0.0,2.1,1.0,True,0.0,8,611.9830343765398
2025-07-22 06:00:00,27.367287264474523,94.41018637281645,0.2036307575320605,0.07200812130470878,0.05620894448247233,99.91733978752578,0.05620894448247233,0.0,0.2,1.0,True,0.0,8,612.181469456746
2025-07-22 07:00:00,29.259741798254332,90.74087815402463,0.37649423681321825,0.16971309593072895,0.16762430096062886,99.67083346258367,0.22383324544310118,0.0,0.0,1.0,True,0.0,8,612.181469456746
2025-07-22 08:00:00,31.102040990439853,84.49515989626023,0.7006260502371381,0.32017969835616067,0.31942137821250594,99.20109614168294,0.5432546236556071,0.0,0.0,1.0,False,0.0,8,612.181469456746
2025-07-22 09:00:00,32.218697531351594,80.19173628128429,0.9535406974653258,0.40686882073858277,0.3849996630151941,98.63492016666059,0.9282542866708012,0.0,0.0,1.0,False,0.0,8,612.181469456746
2025-07-22 10:00:00,33.931672429002035,77.52193985246292,1.1911252127957992,0.5275786686078975,0.5104118300299479,98.17843218132242,1.2386661167007493,0.0,0.2,1.0,False,0.0,8,612.181469456746
2025-07-22 11:00:00,34.58706381824294,76.13132250904093,1.3117308973314306,0.5790255163589003,0.5434923054040591,97.52623761455175,1.6821584221048083,0.0,0.1,1.0,False,0.0,8,612.181469456746
2025-07-22 12:00:00,35.093420624876494,74.47699289385521,1.4425038496415337,0.6276067796176512,0.580762268685932,96.81923427824891,2.16292069079074,0.0,0.1,1.0,False,0.0,8,612.181469456746
2025-07-22 13:00:00,34.98841256852767,73.72702846417297,1.4762996092554783,0.6180754869971034,0.5583845579551968,96.1451393400795,2.6213052487459367,0.0,0.1,1.0,False,0.0,8,612.181469456746
2025-07-22 14:00:00,34.21014215842408,75.23307866372402,1.3329098629679628,0.5394396721464592,0.4644736200036769,95.46208989889763,3.0857788687496135,0.0,0.0,1.0,False,0.0,8,612.181469456746
2025-07-22 15:00:00,33.89071953635534,74.83406604816012,1.3305178620212517,0.5016606880388699,0.40465308851196125,94.8670118275565,3.490431957261575,0.0,0.0,1.0,False,0.0,8,612.181469456746
2025-07-22 16:00:00,32.40776324779701,78.3078494202801,1.0554183063877796,0.36563818308444296,0.2625108651334228,94.48096643765442,3.752942822394998,0.0,0.0,1.0,False,0.0,8,612.181469456746
2025-07-22 17:00:00,31.057965968618916,84.14294638631218,0.7147470746207337,0.22239363183650776,0.13212048959097067,94.28667160002064,3.8850633119859683,0.0,0.0,1.0,False,0.0,8,612.181469456746
2025-07-22 18:00:00,28.95379885463911,88.26904561472467,0.4686510552261953,0.11802158521859887,0.03799714297319222,94.23079344858947,3.9230604549591606,0.0,0.0,1.0,False,0.0,8,612.181469456746
2025-07-22 19:00:00,28.502582398292066,89.2199937224733,0.4195538003609574,0.09246286442165158,0.024013611156798686,94.19547931453536,3.947074066115959,0.0,0.0,1.0,False,0.0,8,612.181469456746
2025-07-22 20:00:00,28.26556089035615,89.90949147330743,0.38735165490255097,0.08470268256020864,0.019301290865826826,94.16709506326207,3.966375356981786,0.0,0.0,1.0,False,0.0,8,612.181469456746
2025-07-22 21:00:00,28.196587669455862,91.1120082260678,0.3398246702038893,0.07408384987582109,0.014221406931315851,94.14618122953955,3.980596763913102,0.0,0.0,1.0,True,0.0,8,612.181469456746
2025-07-22 22:00:00,27.95461581089183,93.47423736048616,0.24601820141939335,0.054806650694774126,0.002048938637213257,94.14316808448483,3.982645702550315,0.0,0.0,1.0,True,0.0,8,612.181469456746
2025-07-22 23:00:00,27.89168493923509,94.52018394518534,0.20583047752773562,0.0450498761941451,0.008625575605364326,94.13048341447694,3.991271278155679,0.0,0.0,1.0,True,0.0,8,612.181469456746
2025-07-23 00:00:00,27.667085350390952,93.65017799708079,0.23540534011517708,0.051164580110316785,0.01724879418156605,94.25217636420993,3.9085200723372453,0.0,0.1,1.0,True,0.0,8,612.181469456746
2025-07-23 01:00:00,27.22943653931516,94.27303562909161,0.20695035054970662,0.04621536687274408,0.010268454438188942,94.5311933429773,3.718788526775434,0.0,0.2,1.0,True,0.0,8,612.181469456746
2025-07-23 02:00:00,27.17216091915724,93.6772810280615,0.22771333364054755,0.049129770890019984,0.015167009833733959,94.50888891675122,3.7339555366091677,0.0,0.0,1.0,True,0.0,8,612.181469456746
2025-07-23 03:00:00,26.968607181464602,93.7398330004825,0.222785511351136,0.0487450282744689,0.012907945197998386,94.48990664440122,3.746863481807166,0.0,0.0,1.0,True,0.0,8,612.181469456746
2025-07-23 04:00:00,26.828772914757597,95.4911831106331,0.15914685894340713,0.035440412936346456,0.005715644176721319,94.48150128531782,3.752579125983887,0.0,0.0,0.8,True,0.0,8,612.181469456746
2025-07-23 05:00:00,27.593851841575226,93.29431986002463,0.24753724692142384,0.058636575426159576,0.014966820065217329,94.45949125581014,3.7675459460491045,0.0,0.0,1.0,True,0.0,8,612.181469456746
2025-07-23 06:00:00,31.17285573872523,94.6197903952854,0.2440997156544686,0.10220333397983734,0.11655400504585609,94.28808830721329,3.8840999510949605,0.0,0.0,0.2,True,0.0,8,612.181469456746
2025-07-23 07:00:00,34.13574370781101,91.91161479892752,0.4335047324660715,0.2045000592812246,0.23564229046552337,93.94155552711693,4.119742241560484,0.0,0.0,0.2,True,0.0,8,612.181469456746
2025-07-23 08:00:00,32.914726776843395,80.31465510552461,0.9854755156994636,0.4153215604102796,0.3844681423938526,93.67027884712597,4.304210383954336,0.0,0.2,1.0,False,0.0,8,612.181469456746
2025-07-23 09:00:00,33.269101821512244,79.54016544568839,1.044796572875061,0.43860970975632607,0.40744342541161105,93.21815616269713,4.611653809365947,0.0,0.1,1.0,False,0.0,8,612.181469456746
2025-07-23 10:00:00,35.015792638386145,76.01994379336139,1.3494994764973536,0.5723600704460888,0.5523397101124281,92.40589188312003,5.1639935194783755,0.0,0.0,1.0,False,0.0,8,612.181469456746
2025-07-23 11:00:00,35.90922827684597,73.54757772099924,1.563727834260744,0.6526790871449517,0.6187193932508444,91.49601042245703,5.78271291272922,0.0,0.0,1.0,False,0.0,8,612.181469456746
2025-07-23 12:00:00,36.4569853771037,73.77066666699734,1.5977826304004048,0.6585396246395956,0.61779291733538,90.58749142637559,6.4005058300646,0.0,0.0,0.8,False,0.0,8,612.181469456746
2025-07-23 13:00:00,36.199651694507956,72.2421679413171,1.6672427534541574,0.6794693309919557,0.6212544089439939,89.67388200145795,7.021760239008594,0.0,0.0,1.0,False,0.0,8,612.181469456746
2025-07-23 14:00:00,35.65897768360522,73.6441566064456,1.5367390586910092,0.6116661853848743,0.5403925491676261,88.87918707621144,7.56215278817622,0.0,0.0,1.0,False,0.0,8,612.181469456746
2025-07-23 15:00:00,34.60317045149418,75.25275181189646,1.3612286389386683,0.5007222116652589,0.38654956151347686,88.31073183869162,7.948702349689697,0.0,0.0,1.0,False,0.0,8,612.181469456746
2025-07-23 16:00:00,33.622640451228555,77.30457711773785,1.1820935909413846,0.3960251110831954,0.2737260941370989,87.90819346496059,8.222428443826796,0.0,0.0,1.0,False,0.0,8,612.181469456746
2025-07-23 17:00:00,32.446996347777194,84.86766980225896,0.7378831842387317,0.22909247103428104,0.1147569544346115,87.73943323785088,8.337185398261408,0.0,0.0,1.0,False,0.0,8,612.181469456746
2025-07-23 18:00:00,30.740117454820084,88.38016721667393,0.5143575325971877,0.12729081748482599,0.032006403924695434,87.69236499678514,8.369191802186103,0.0,0.0,1.0,False,0.0,8,612.181469456746
2025-07-23 19:00:00,29.709391926391746,88.5058573531142,0.4796332713245783,0.10703623410745439,0.03454486340837845,87.64156372706694,8.403736665594481,0.0,0.0,1.0,False,0.0,8,612.181469456746
2025-07-23 20:00:00,29.02272469843063,90.07700961108576,0.39800529427630765,0.0889072126480135,0.01844630736309476,87.61443680447415,8.422182972957575,0.0,0.0,1.0,True,0.0,8,612.181469456746
2025-07-23 21:00:00,29.011798507308075,93.66777319708578,0.25382158663837984,0.05625717330377351,0.006933261253999236,87.6042408320418,8.429116234211575,0.0,0.0,1.0,True,0.0,8,612.181469456746
2025-07-23 22:00:00,29.086577900359238,95.5439099602136,0.17939161515826368,0.03919682473469662,0.0,87.6042408320418,8.429116234211575,0.0,0.0,1.0,True,0.0,8,612.181469456746
2025-07-23 23:00:00,28.785671606618006,99.0927024311643,0.035895687827784496,0.010012324376498346,0.0010578888368849477,87.60268511316403,8.43017412304846,0.0,0.0,0.1,True,0.0,8,612.181469456746
2025-07-24 00:00:00,28.746838070559548,97.92661881929568,0.08184560122400204,0.017353770941674992,0.001682055243789865,87.6002115025114,8.43185617829225,0.0,0.0,1.0,True,0.0,8,612.181469456746
2025-07-24 01:00:00,28.57150412068147,98.44076983464876,0.06092768444792895,0.013729120656104911,0.007501373746754286,87.58918007053087,8.439357552039004,0.0,0.0,0.1,True,0.0,8,612.181469456746
2025-07-24 02:00:00,28.27116141825178,98.08995589597954,0.07334611124478857,0.016179790217986285,0.005403109071888547,87.58123432189574,8.444760661110893,0.0,0.0,0.1,True,0.0,8,612.181469456746
2025-07-24 03:00:00,28.253394898177827,93.43223329574325,0.2519434298390661,0.05269903353277757,0.009934089168284463,87.56662536723651,8.454694750279177,0.0,0.0,1.0,True,0.0,8,612.181469456746
2025-07-24 04:00:00,27.91127357651346,94.11255940683334,0.2213940515622723,0.04917849142841673,0.0027728379460657984,87.56254766437463,8.457467588225244,0.0,0.0,1.0,True,0.0,8,612.181469456746
2025-07-24 05:00:00,28.524288593105172,92.33187810969969,0.29881639547466415,0.07023611951566687,0.014721016041514379,87.54089911137241,8.472188604266758,0.0,0.0,1.0,True,0.0,8,612.181469456746
2025-07-24 06:00:00,31.156048737602866,86.15473947369557,0.6275584321425999,0.18069759872378754,0.09344616975538343,87.40347827349684,8.565634774022142,0.0,0.0,1.0,False,0.0,8,612.181469456746
2025-07-24 07:00:00,35.934629916728575,90.3951692531286,0.5685793237291329,0.24369410849576684,0.26843002580529934,87.00872823554788,8.834064799827441,0.0,0.0,0.2,True,0.0,8,612.181469456746
2025-07-24 08:00:00,32.90217365640914,80.91335046158791,0.9548309874753845,0.3344243468403336,0.20761973164636377,86.70340510077381,9.041684531473805,0.0,0.0,1.0,False,0.0,8,612.181469456746
2025-07-24 09:00:00,35.89703404401323,75.74369851812084,1.4329450155844,0.5649931449329082,0.5079064842598572,85.95648380039167,9.549591015733663,0.0,0.0,1.0,False,0.0,8,612.181469456746
2025-07-24 10:00:00,36.69044622765484,72.1835179289236,1.7162176640347129,0.6785169379101939,0.5945533147775769,85.08214069042465,10.14414433051124,0.0,0.0,1.0,False,0.0,8,612.181469456746
2025-07-24 11:00:00,38.79333238926327,74.94507529791342,1.732366381845692,0.7013416453417769,0.6518009105039998,84.12360993968346,10.79594524101524,0.0,0.0,0.5,False,0.0,8,612.181469456746
2025-07-24 12:00:00,37.06357916929377,69.30273363620091,1.9328771255646269,0.7456802033104442,0.6387692279850671,83.18424342794071,11.434714469000307,0.0,0.0,1.0,False,0.0,8,612.181469456746
2025-07-24 13:00:00,37.40344780312055,69.95085420050704,1.9273589112878444,0.7243976142101292,0.6127150695384779,82.28319185509002,12.047429538538784,0.0,0.0,0.8,False,0.0,8,612.181469456746
2025-07-24 14:00:00,36.76939908306136,70.63137558875736,1.8198059506504907,0.6666101326979211,0.558565084149337,81.46177261369394,12.605994622688122,0.0,0.0,0.8,False,0.0,8,612.181469456746
2025-07-24 15:00:00,35.276898875869804,71.48149977303721,1.6282084531952579,0.5625173817280679,0.44961575788572195,80.80057296974434,13.055610380573844,0.0,0.0,1.0,False,0.0,8,612.181469456746
2025-07-24 16:00:00,34.27010847695473,77.63180662768337,1.2078337180934782,0.39395154864298115,0.2796388745779519,80.38933933065913,13.335249255151796,0.0,0.0,1.0,False,0.0,8,612.181469456746
2025-07-24 17:00:00,37.30175105471391,100.0,0.0,0.07881911820997908,0.12621476482769298,80.20372938238309,13.46146401997949,0.0,0.0,0.0,True,1.4414784138429326,8,612.181469456746
2025-07-24 18:00:00,31.252262970871918,87.99907693367442,0.5469441123398308,0.14072269871721266,0.04388081080434041,80.13919877825907,13.50534483078383,0.0,0.0,1.0,False,0.0,8,612.181469456746
2025-07-24 19:00:00,30.45095610659184,88.39034844317284,0.5054909027309251,0.11215094161899462,0.02743587206827429,80.09885190757043,13.532780702852104,0.0,0.0,1.0,False,0.0,8,612.181469456746
2025-07-24 20:00:00,29.948710808436655,91.98140960861215,0.3392343747686679,0.07655051384408273,0.0008445501194070733,80.09760992210072,13.533625252971511,0.0,0.0,1.0,True,0.0,8,612.181469456746
2025-07-24 21:00:00,29.526626104425745,94.86341377166349,0.2121004236503606,0.04841224129568438,0.0045834302570808855,80.09086958348736,13.538208683228593,0.0,0.0,1.0,True,0.0,8,612.181469456746
2025-07-24 22:00:00,29.579791459662058,97.36523562965627,0.1091283353835388,0.024412116530961828,0.00451723643648889,80.08422658872783,13.54272591966508,0.0,0.0,1.0,True,0.0,8,612.181469456746
2025-07-24 23:00:00,29.401077503641318,96.96775799339672,0.12430562840760415,0.027294770885409443,0.001811207961984463,80.08156304760725,13.544537127627065,0.0,0.0,1.0,True,0.0,8,612.181469456746
2025-07-25 00:00:00,28.270332417563797,97.7398700197806,0.08678530481624357,0.022312570588314973,0.0058974115059670824,94.92583156009849,3.450434539133032,0.0,10.1,1.0,True,0.0,8,612.181469456746
2025-07-25 01:00:00,27.446076434776444,99.42260059678122,0.021131176352987696,0.007443681070144552,0.0006013807236365541,99.99911561658288,0.0006013807236365541,0.0,6.2,1.0,True,0.0,8,614.9310349176129
2025-07-25 02:00:00,27.401845106808366,96.02697214874328,0.1450259089713521,0.03016758226982877,0.00933293078231297,99.98627510179071,0.00933293078231297,0.0,0.2,1.0,True,0.0,8,615.1304335368893
2025-07-25 03:00:00,27.239296701357677,96.80855528524779,0.11539308692120417,0.02571118040725865,0.0024714894930234405,99.98264055841862,0.01180442027533641,0.0,0.0,1.0,True,0.0,8,615.1304335368893
2025-07-25 04:00:00,27.231394260515117,98.3209310647261,0.06068201668324546,0.013695680613612751,0.0028604006945114704,99.97843408680905,0.01466482096984788,0.0,0.0,1.0,True,0.0,8,615.1304335368893
2025-07-25 05:00:00,27.06600169351983,98.18610629853966,0.06492232047346348,0.016324917176247688,0.005824006822095625,99.99143528408516,0.005824006822095625,0.0,0.2,1.0,True,0.0,8,615.3157687159195
2025-07-25 06:00:00,28.351958601107537,93.94732009103869,0.23351766789329173,0.08194506786898462,0.07097564603487644,99.88705933403386,0.07679965285697206,0.0,0.0,1.0,True,0.0,8,615.3157687159195
2025-07-25 07:00:00,28.278151829787415,93.6781714460791,0.24285822315753713,0.08044384198172197,0.059862227324675464,99.7990266467917,0.13666188018164752,0.0,0.0,1.0,True,0.0,8,615.3157687159195
2025-07-25 08:00:00,29.73517738358234,90.21644015656587,0.4088587358564658,0.16574084955484053,0.1531301409213246,99.57383526308386,0.2897920211029721,0.0,0.0,1.0,True,0.0,8,615.3157687159195
2025-07-25 09:00:00,32.477689362790045,83.5378414389102,0.8041170268122266,0.35894609287240264,0.3557555429935521,99.05066534691687,0.6455475640965243,0.0,0.0,0.8,False,0.0,8,615.3157687159195
2025-07-25 10:00:00,34.46083262185762,75.23985352074372,1.3512289979560002,0.5805758137170929,0.5563468094847962,98.23250827414512,1.2018943735813203,0.0,0.0,1.0,False,0.0,8,615.3157687159195
2025-07-25 11:00:00,35.4814584736565,73.52331707519805,1.5287745667102284,0.6399867846337153,0.5998839028349469,97.35032606409374,1.8017782764162673,0.0,0.0,1.0,False,0.0,8,615.3157687159195
2025-07-25 12:00:00,35.98152440383102,74.23232034564231,1.5293061081172208,0.6420868562305941,0.602964695962915,96.46361327591296,2.404742972379182,0.0,0.0,0.8,False,0.0,8,615.3157687159195
2025-07-25 13:00:00,36.1744982660067,73.4330698704562,1.5935148740814375,0.6504517935686653,0.6027620151884041,95.57719854769473,3.0075049875675863,0.0,0.0,0.8,False,0.0,8,615.3157687159195
2025-07-25 14:00:00,35.40615404560128,71.6490578066023,1.6302179097767533,0.619810698762228,0.5423325856499065,94.77965062762134,3.5498375732174927,0.0,0.0,1.0,False,0.0,8,615.3157687159195
2025-07-25 15:00:00,34.16634101330449,73.67515643737538,1.4133081627356938,0.4942486128333067,0.39964512284948966,94.1919372116662,3.9494826960669824,0.0,0.0,1.0,False,0.0,8,615.3157687159195
2025-07-25 16:00:00,33.484376434506764,77.97738557088869,1.138224842444106,0.3836091675784632,0.29697102273026954,93.75521511941581,4.246453718797252,0.0,0.0,1.0,False,0.0,8,615.3157687159195
2025-07-25 17:00:00,32.273641568059276,81.34328175860855,0.9008946877704581,0.2608895763922644,0.1751206016007398,93.49768482294412,4.421574320397991,0.0,0.0,1.0,False,0.0,8,615.3157687159195
2025-07-25 18:00:00,30.497021227796168,80.29928374286244,0.8600418909772379,0.1983630452417543,0.11308570218421214,93.33138231973204,4.534660022582203,0.0,0.0,1.0,False,0.0,8,615.3157687159195
2025-07-25 19:00:00,29.977801519955083,83.15948025021704,0.7136449029795505,0.1571384579432822,0.05968593022650455,93.24360889292836,4.594345952808708,0.0,0.0,1.0,False,0.0,8,615.3157687159195
2025-07-25 20:00:00,29.073533056758944,90.80038558054584,0.3700757349784054,0.08613736800785507,0.013762013633498412,93.22337063758499,4.608107966442207,0.0,0.0,1.0,True,0.0,8,615.3157687159195
2025-07-25 21:00:00,28.442880938936717,96.67159417833945,0.12909237905376028,0.032161065533774326,0.007795183469870046,93.21190713248224,4.615903149912077,0.0,0.0,1.0,True,0.0,8,615.3157687159195
2025-07-25 22:00:00,27.732816596614747,98.28870730384887,0.06368614743314463,0.016380461182900888,0.004121773958538925,93.20584570019027,4.6200249238706155,0.0,0.0,1.0,True,0.0,8,615.3157687159195
2025-07-25 23:00:00,27.18662031132055,97.64855000079449,0.0847594714741808,0.01950148699783243,0.0069245333557092,93.19566256290246,4.626949457226325,0.0,0.0,1.0,True,0.0,8,615.3157687159195
2025-07-26 00:00:00,27.253541187815202,96.6720835640903,0.12042790631157296,0.025456168014609395,0.005857370073665974,93.18704878338237,4.632806827299991,0.0,0.0,1.0,True,0.0,8,615.3157687159195
2025-07-26 01:00:00,27.05646876992134,96.66159758120179,0.11942028743610435,0.026366235617350357,0.005804841315260105,93.3255710755658,4.538611668615252,0.0,0.1,1.0,True,0.0,8,615.3157687159195
2025-07-26 02:00:00,26.85162786750351,96.72526687148691,0.11574291330245327,0.02563457998180365,0.003928338334056163,93.4668529309569,4.442540006949308,0.0,0.1,1.0,True,0.0,8,615.3157687159195
2025-07-26 03:00:00,26.846827675075513,96.77192408700344,0.11406168746160193,0.024668456938635792,0.0027835978797892597,93.46275940466309,4.445323604829097,0.0,0.0,1.0,True,0.0,8,615.3157687159195
2025-07-26 04:00:00,26.699321548751783,97.40184306272486,0.091011586014399,0.02033847865871733,0.0,93.46275940466309,4.445323604829097,0.0,0.0,1.0,True,0.0,8,615.3157687159195
2025-07-26 05:00:00,26.80293424611095,96.76149205035176,0.11413561477030876,0.027923891976436903,0.0030120267877421156,93.60538877703407,4.348335631616839,0.0,0.1,1.0,True,0.0,8,615.3157687159195
2025-07-26 06:00:00,27.059957745026697,94.05069613124496,0.2128601841059427,0.0679194660752239,0.04631415494817256,97.21375031387498,1.8946497865650118,0.0,2.5,1.0,True,0.0,8,615.3157687159195
2025-07-26 07:00:00,27.464948575041028,92.89194826720922,0.26042166506292624,0.09962636987252955,0.08084085801264113,99.88111638527553,0.08084085801264113,0.0,2.0,1.0,True,0.0,8,615.4211189293545
2025-07-26 08:00:00,30.0888410626763,88.93623069320613,0.4718403876491897,0.21440419468091068,0.22440502138019075,99.66999261561736,0.22440502138019075,0.0,0.1,1.0,False,0.0,8,615.4402780713418
2025-07-26 09:00:00,32.728737323080104,84.85659256662383,0.7502217996719147,0.3660316699766133,0.40136596662586654,99.37386619410874,0.4257709880060573,0.0,0.2,1.0,False,0.0,8,615.4402780713418
2025-07-26 10:00:00,33.86151731231508,82.87886109440886,0.9037192274426823,0.43363704962190897,0.45878478790287486,98.99330032954569,0.6845557759089321,0.0,0.2,1.0,False,0.0,8,615.4402780713418
2025-07-26 11:00:00,35.58421843069898,79.88316406364565,1.1681444443626499,0.5557397960503176,0.5915507291135189,98.56454925731992,0.9761065050224511,0.0,0.3,1.0,False,0.0,8,615.4402780713418
2025-07-26 12:00:00,35.3576327741376,79.43049178866644,1.1796159591441737,0.5432595829646404,0.5450292282626501,99.19848642902551,0.5450292282626501,0.0,2.6,1.0,False,0.0,8,617.0641715663194
2025-07-26 13:00:00,34.046007488247,81.38549773630676,0.9926930554603037,0.4382806783268408,0.4122328336367131,99.39377524465189,0.4122328336367131,0.0,2.8,1.0,False,0.0,8,619.3191423380567
2025-07-26 14:00:00,32.78240410713544,82.18974041686378,0.885005617346627,0.3917993604812069,0.36552287651436044,99.46246635806712,0.36552287651436044,0.0,3.7,1.0,False,0.0,8,622.6069095044201
2025-07-26 15:00:00,31.499848325675238,85.91401579201667,0.6510582947618412,0.24550282337796586,0.1882309947708807,99.72318971357224,0.1882309947708807,0.0,0.9,1.0,False,0.0,8,623.1413866279057
2025-07-26 16:00:00,30.290838604902426,87.10474723453248,0.5563479746039428,0.182913290238658,0.1115979583559974,99.83588535535883,0.1115979583559974,0.0,1.5,1.0,False,0.0,8,624.4531556331349
2025-07-26 17:00:00,30.307325591703332,88.66632794836865,0.4894373066543666,0.15863442575854014,0.10441495960933143,99.68233394416863,0.21601291796532884,0.0,0.0,1.0,False,0.0,8,624.4531556331349
2025-07-26 18:00:00,30.08698363295842,99.95674806822319,0.001844383682179008,0.01694943200161069,0.016716267640838688,99.65775119763799,0.23272918560616754,0.0,0.0,0.0,True,0.19366119652767694,8,624.4531556331349
2025-07-26 19:00:00,28.775985261544008,96.12955974955656,0.15304156402042982,0.035437662646160564,0.00936560418420342,99.64397825030828,0.24209478979037097,0.0,0.0,1.0,True,0.0,8,624.4531556331349
2025-07-26 20:00:00,28.266449680669776,96.26498884052567,0.1433859822470071,0.0326321604937186,0.0049910740471883815,99.636638435533,0.24708586383755934,0.0,0.0,1.0,True,0.0,8,624.4531556331349
2025-07-26 21:00:00,27.814958263554924,95.66231764917168,0.1622030814273622,0.036205149608698965,0.0064051309097650855,99.62721912537158,0.25349099474732445,0.0,0.0,1.0,True,0.0,8,624.4531556331349
2025-07-26 22:00:00,27.78156342894401,97.48892140442962,0.09371646858487309,0.021011118667473152,0.0,100.0,0.0,0.0,0.3,1.0,True,0.0,8,624.4996646383876
2025-07-26 23:00:00,27.58619292713936,97.45955603197268,0.09373743622658676,0.02086841190585338,0.0,100.0,0.0,0.0,0.7,1.0,True,0.0,8,625.1996646383876
2025-07-27 00:00:00,27.120767197562948,98.42832091364117,0.056433950502701585,0.013976223715883578,5.985039650539261e-05,99.99991198471102,5.985039650539261e-05,0.0,2.3,1.0,True,0.0,8,627.4996646383876
2025-07-27 01:00:00,26.568522976542507,97.85205125222716,0.07466436337635694,0.017571528753578612,0.001199707128828203,99.99823572481054,0.001199707128828203,0.0,9.0,1.0,True,0.0,8,636.4996047879911
2025-07-27 02:00:00,26.51255753735769,95.85420684020335,0.14363695048546876,0.030518746035207607,0.0,100.0,0.0,0.0,0.9,1.0,True,0.0,8,637.3984050808623
2025-07-27 03:00:00,26.55846025022753,97.95425107690508,0.0710697106725397,0.015925355022220523,0.0,100.0,0.0,0.0,0.3,1.0,True,0.0,8,637.6984050808622
2025-07-27 04:00:00,26.570463508196546,96.42030796046545,0.12444708317751936,0.026319400586139692,0.0,100.0,0.0,0.0,0.3,1.0,True,0.0,8,637.9984050808622
2025-07-27 05:00:00,26.588136149855867,95.61947236472999,0.1524464081484665,0.036416688495798356,0.005109506591456708,99.99248601971844,0.005109506591456708,0.0,0.1,1.0,True,0.0,8,638.0984050808622
2025-07-27 06:00:00,27.283921400312575,92.09552599910455,0.2865498466617392,0.07418681361079323,0.03728842255886157,99.94516408447225,0.03728842255886157,0.0,0.9,1.0,True,0.0,8,638.9932955742707
2025-07-27 07:00:00,27.883501187519766,93.21436182817561,0.2547576770067045,0.08943997384396207,0.06671727635350086,99.90188635830367,0.06671727635350086,0.0,0.9,1.0,True,0.0,8,639.8560071517119
2025-07-27 08:00:00,29.031721091776205,91.13598780730557,0.35571515206779064,0.16478852275787173,0.16283689112499494,99.7605339836397,0.16283689112499494,0.0,2.1,1.0,True,0.0,8,641.8892898753584
2025-07-27 09:00:00,29.840299417303303,89.54426675023348,0.4395959077200834,0.2042407100933336,0.2020268673530459,99.70290166565728,0.2020268673530459,0.0,0.8,1.0,False,0.0,8,642.5264529842334
2025-07-27 10:00:00,31.27396407854568,87.21678563509197,0.5833159836269926,0.2797913859091814,0.29126377666855063,99.5716709166639,0.29126377666855063,0.0,0.6,1.0,False,0.0,8,642.9244261168803
2025-07-27 11:00:00,32.15381112352852,86.14505725204955,0.6645189164509505,0.32077773571340695,0.33157836192838513,99.51238476187002,0.33157836192838513,0.0,0.5,1.0,False,0.0,8,643.1331623402118
2025-07-27 12:00:00,31.451169820605763,85.72426093611419,0.6580092037437637,0.30315164607121303,0.2907790704033869,99.57238371999502,0.2907790704033869,0.0,5.3,1.0,False,0.0,8,648.1015839782834
2025-07-27 13:00:00,32.260837742479175,83.30296249385707,0.8056837293544267,0.35505823369804285,0.3458631784394035,99.49137767876557,0.3458631784394035,0.0,0.9,1.0,False,0.0,8,648.7108049078801
2025-07-27 14:00:00,31.648350667977137,84.69484250676634,0.7133891707229574,0.30377985999036394,0.27503101363187793,99.38103795283635,0.4208941920712814,0.0,0.2,1.0,False,0.0,8,648.7108049078801
2025-07-27 15:00:00,31.594094090514247,85.11006586526686,0.6919045602456624,0.2965404872059199,0.2738790507072574,99.59723669013638,0.2738790507072574,0.0,0.6,1.0,False,0.0,8,648.8899107158088
2025-07-27 16:00:00,29.097354934986917,90.38124868726514,0.3874691854910747,0.16884599517146287,0.13572680956779473,99.80040175063559,0.13572680956779473,0.0,8.0,1.0,True,0.0,8,656.6160316651016
2025-07-27 17:00:00,28.367633605512395,93.63867139725899,0.24564909643237237,0.08075586558510259,0.04855348466433068,99.9285978166701,0.04855348466433068,0.0,0.4,1.0,True,0.0,8,656.8803048555337
2025-07-27 18:00:00,27.151103099495305,97.73884000291012,0.08133547403856599,0.028365330607248218,0.004786019517952506,99.99296173600301,0.004786019517952506,0.0,10.7,1.0,True,0.0,8,667.5317513708694
2025-07-27 19:00:00,26.86057845838012,97.91260954507122,0.07381599681612826,0.016905239236290188,1.3207139593906037e-05,99.9999805777359,1.3207139593906037e-05,0.0,4.2,1.0,True,0.0,8,671.7269653513515
2025-07-27 20:00:00,26.79303344770046,97.45874317392064,0.08951011724378793,0.01939228246031061,0.0,100.0,0.0,0.0,2.4,1.0,True,0.0,8,674.1269521442119
2025-07-27 21:00:00,26.71946501203653,98.46101197848638,0.05397354019664514,0.012235831495329213,0.0,100.0,0.0,0.0,1.8,1.0,True,0.0,8,675.9269521442119
2025-07-27 22:00:00,26.723230059364678,98.42217403732361,0.055347867817255175,0.011930095579227671,0.0,100.0,0.0,0.0,2.0,1.0,True,0.0,8,677.9269521442119
2025-07-27 23:00:00,26.625433502338588,98.40484731163754,0.055634752454169344,0.012304014913433721,0.0002466057879930869,99.99963734442943,0.0002466057879930869,0.0,1.6,1.0,True,0.0,8,679.5269521442119
2025-07-28 00:00:00,26.236816771791105,97.07340040119995,0.09976149038340511,0.022089180160998253,0.00720079265341984,99.98941059903909,0.00720079265341984,0.0,0.9,1.0,True,0.0,8,680.4267055384239
2025-07-28 01:00:00,26.000002329324072,99.99999151017987,2.853802347167046e-07,0.0018511362321090203,0.0,100.0,0.0,0.0,3.8,1.0,True,0.035179655552168565,8,684.2195047457705
2025-07-28 02:00:00,25.847640281155154,99.42827686834963,0.019045717809107163,0.004314050320532256,0.0,100.0,0.0,0.0,1.4,1.0,True,0.0,8,685.6195047457704
2025-07-28 03:00:00,25.690901778642917,98.89844252801781,0.03635697731449847,0.008111290961656314,9.098480598254979e-05,99.99986619881473,9.098480598254979e-05,0.0,2.7,1.0,True,0.0,8,688.3195047457705
2025-07-28 04:00:00,25.74569004040698,99.44873350641183,0.018253736873040573,0.003978826486717605,0.0,100.0,0.0,0.0,5.2,1.0,True,0.0,8,693.5194137609645
2025-07-28 05:00:00,26.018803884671584,99.95123236116116,0.0016411179055115088,0.001604483806028214,0.0,100.0,0.0,0.0,5.1,1.0,True,0.1473870445290008,8,698.6194137609646
2025-07-28 06:00:00,27.04241138639606,95.56359172074964,0.158567033239644,0.04495992726879086,0.028067676175604784,99.9587240056241,0.028067676175604784,0.0,3.3,1.0,True,0.0,8,701.9194137609645
2025-07-28 07:00:00,27.147899443152486,95.50442705413757,0.16167848250083539,0.05557646489110393,0.04049216680147467,99.94045269588018,0.04049216680147467,0.0,4.3,0.8,True,0.0,8,706.191346084789
2025-07-28 08:00:00,28.626536781498586,92.49976613778091,0.2940116952734088,0.15417161557664738,0.16122983479202163,99.76289730177645,0.16122983479202163,0.0,2.5,1.0,True,0.0,8,708.6508539179874
2025-07-28 09:00:00,27.801850025632515,93.87921646162597,0.22870540408329976,0.09957047309774031,0.08327476127762766,99.87753711576819,0.08327476127762766,0.0,5.3,1.0,True,0.0,8,713.7896240831955
2025-07-28 10:00:00,28.430742533497813,92.10312278749743,0.3060650779827097,0.13176076660699498,0.12209754314839813,99.82044478948765,0.12209754314839813,0.0,0.7,1.0,True,0.0,8,714.4063493219178
2025-07-28 11:00:00,33.88267222931136,93.65212352557545,0.3354604838706205,0.19854715804304202,0.2627856157199233,99.58105417813482,0.28488315886832144,0.0,0.1,0.2,True,0.038742755720203026,8,714.4063493219178
2025-07-28 12:00:00,31.8334181003372,85.33159064896871,0.6909113426901897,0.3335454772908945,0.3308127551486623,99.51351065419314,0.3308127551486623,0.0,0.3,1.0,False,0.0,8,714.4214661630494
2025-07-28 13:00:00,40.311740814355794,89.88074994184831,0.7588464603062611,0.4128431269917975,0.5287189359392814,99.03010045428243,0.6595316910879437,0.0,0.2,0.2,True,0.0,8,714.4214661630494
2025-07-28 14:00:00,33.48144498219158,82.53452692849702,0.902543996666477,0.43096395296755,0.3968952114471928,98.74054867274245,0.8564269025351365,0.0,0.2,1.0,False,0.0,8,714.4214661630494
2025-07-28 15:00:00,30.133156133111328,86.94345380941144,0.5582430038926518,0.24352218213078036,0.19977838702054587,99.70620825438155,0.19977838702054587,0.0,8.1,1.0,False,0.0,8,721.6650392605143
2025-07-28 16:00:00,29.170626671182735,90.77405973489309,0.37322111563373417,0.1649997270431237,0.14376905327879588,99.78857492164883,0.14376905327879588,0.0,1.7,1.0,True,0.0,8,723.1652608734937
2025-07-28 17:00:00,28.584277208393893,92.21269815775227,0.30451805413664934,0.11153897308143249,0.07614829647597375,99.88801721106474,0.07614829647597375,0.0,0.2,1.0,True,0.0,8,723.221491820215
2025-07-28 18:00:00,27.864574043499303,94.42433277584097,0.2091001571505538,0.05327897090322607,0.007166634783498883,99.87747804226548,0.08331493125947263,0.0,0.0,1.0,True,0.0,8,723.221491820215
2025-07-28 19:00:00,27.47988141635719,96.22172220845675,0.13854776753518447,0.03178345222416828,0.0005058671268518597,99.87673412002012,0.08382079838632449,0.0,0.0,1.0,True,0.0,8,723.221491820215
2025-07-28 20:00:00,27.2637071424856,97.85595782336082,0.07763303387453026,0.01802296401872919,0.0,99.87673412002012,0.08382079838632449,0.0,0.0,1.0,True,0.0,8,723.221491820215
2025-07-28 21:00:00,27.123201255553827,98.40370883769549,0.057325869109511846,0.01300503100693622,0.0,99.87673412002012,0.08382079838632449,0.0,0.0,1.0,True,0.0,8,723.221491820215
2025-07-28 22:00:00,26.82256152148989,98.4245775565128,0.055587102021772,0.01293178366252626,0.0,100.0,0.0,0.0,0.8,1.0,True,0.0,8,723.9376710218287
2025-07-28 23:00:00,26.66318590382967,97.89904319167499,0.07343878897409505,0.01616588005025093,0.0,100.0,0.0,0.0,3.6,1.0,True,0.0,8,727.5376710218287
2025-07-29 00:00:00,26.463644319905764,97.90770262958718,0.07228211637560363,0.016227536174309325,0.0,100.0,0.0,0.0,4.6,1.0,True,0.0,8,732.1376710218287
2025-07-29 01:00:00,26.222425360967478,98.45645940626133,0.05257131636219859,0.012287097307447164,0.0,100.0,0.0,0.0,2.0,1.0,True,0.0,8,734.1376710218287
2025-07-29 02:00:00,25.823425752642944,98.46811647508858,0.05095829581373906,0.012242483395608735,0.0,100.0,0.0,0.0,3.7,1.0,True,0.0,8,737.8376710218288
2025-07-29 03:00:00,26.00334940603769,97.42008373204776,0.08673950512180517,0.017832581178196624,0.0,100.0,0.0,0.0,0.5,1.0,True,0.0,8,738.3376710218288
2025-07-29 04:00:00,25.907699298445365,97.3831382656175,0.087485418351882,0.019176263995789023,0.0,100.0,0.0,0.0,1.0,1.0,True,0.0,8,739.3376710218288
2025-07-29 05:00:00,26.085179221561518,96.08665350299097,0.13220860527460412,0.03292561353507013,0.0,100.0,0.0,0.0,0.0,1.0,True,0.0,8,739.3376710218288
2025-07-29 06:00:00,27.15147885657763,93.05075177202721,0.2499747233824475,0.09869949177819028,0.07574248260990245,99.88861399616191,0.07574248260990245,0.0,0.1,1.0,True,0.0,8,739.4376710218288
2025-07-29 07:00:00,28.922367239321353,87.7330653179515,0.48917367926696453,0.20499677870743876,0.1794344136795122,99.62473985839792,0.25517689628941465,0.0,0.0,1.0,False,0.0,8,739.4376710218288
2025-07-29 08:00:00,31.179522663495153,83.12809405219568,0.7657673511233527,0.3369214875491454,0.3246170589755317,99.14736183049273,0.5797939552649464,0.0,0.0,1.0,False,0.0,8,739.4376710218288
2025-07-29 09:00:00,32.93740136725193,80.12330239032016,0.9963219602629264,0.44940473747992216,0.4414469096633641,98.49817519863484,1.0212408649283105,0.0,0.0,1.0,False,0.0,8,739.4376710218288
2025-07-29 10:00:00,33.9245343427868,79.28777704632893,1.0971161374129301,0.49716324758033187,0.48189542986948564,97.93656427235618,1.4031362947977961,0.0,0.1,1.0,False,0.0,8,739.4376710218288
2025-07-29 11:00:00,34.93538494092369,78.52445991777269,1.2031954636436988,0.5523680275639123,0.5581114403113276,97.26287097778071,1.8612477351091237,0.0,0.1,1.0,False,0.0,8,739.4376710218288
2025-07-29 12:00:00,35.09110955477103,78.73052543243023,1.20195017235824,0.5467207348093567,0.5421785882972348,96.75966717146125,2.2034263234063585,0.0,0.2,1.0,False,0.0,8,739.4376710218288
2025-07-29 13:00:00,33.36772782927291,81.49287086533553,0.9503106229806217,0.4430428676158465,0.427433501854961,99.37142132080152,0.427433501854961,0.0,5.5,1.0,False,0.0,8,742.7342446984225
2025-07-29 14:00:00,28.160128613966393,91.94918622110927,0.3071640138602708,0.15577654650891942,0.11863345088119594,99.82553904282177,0.11863345088119594,0.0,7.5,1.0,True,0.0,8,749.8068111965675
2025-07-29 15:00:00,28.611519770070117,92.10682304503472,0.30914602646855616,0.15197534288188008,0.15472745264647983,99.77245962846106,0.15472745264647983,0.0,4.7,1.0,True,0.0,8,754.3881777456863
2025-07-29 16:00:00,28.767596099204997,90.93404412794244,0.3583040520451133,0.14938899640307146,0.12456720431819056,99.81681293482619,0.12456720431819056,0.0,0.7,1.0,True,0.0,8,754.9334502930399
2025-07-29 17:00:00,28.621731774031428,93.37716610442898,0.25954503691985076,0.1052391325561402,0.07779446206700404,99.70240931413942,0.2023616663851946,0.0,0.0,1.0,True,0.0,8,754.9334502930399
2025-07-29 18:00:00,28.49695698360008,90.89025273233335,0.35443227126278093,0.08287366044605526,0.00707549407239019,99.69200417579766,0.2094371604575848,0.0,0.0,1.0,True,0.0,8,754.9334502930399
2025-07-29 19:00:00,28.050262792090503,93.49664716975707,0.24654254670557116,0.055687110471159776,0.0,99.69200417579766,0.2094371604575848,0.0,0.0,1.0,True,0.0,8,754.9334502930399
2025-07-29 20:00:00,27.63615736245212,93.9296650791358,0.22463802573874153,0.049969490790532464,0.0,100.0,0.0,0.0,0.6,1.0,True,0.0,8,755.3240131325823
2025-07-29 21:00:00,26.77702799545531,96.49549997114183,0.12332217360622805,0.029981661707370003,0.0005585324124162071,99.99917862880527,0.0005585324124162071,0.0,5.6,1.0,True,0.0,8,760.9240131325823
2025-07-29 22:00:00,26.466140518864737,97.88210156969244,0.073177309503408,0.01723648635594854,0.0,100.0,0.0,0.0,1.6,1.0,True,0.0,8,762.5234546001699
2025-07-29 23:00:00,26.49955694702087,100.0,0.0,0.0013171915710613788,0.0,100.0,0.0,0.0,1.6,1.0,True,0.1394772743525955,8,764.1234546001699
2025-07-30 00:00:00,26.19207019365764,98.87257577476122,0.03833011151628323,0.00871582130251968,0.0010405879550671726,99.99846972359549,0.0010405879550671726,0.0,2.9,1.0,True,0.0,8,767.0234546001699
2025-07-30 01:00:00,26.244486909159946,99.45338104227595,0.01864150037060071,0.004081243596780489,0.0,100.0,0.0,0.0,0.3,1.0,True,0.0,8,767.3224140122148
2025-07-30 02:00:00,26.14380956749324,99.46189159936128,0.018242530778890025,0.004234445387401516,0.0,100.0,0.0,0.0,0.0,1.0,True,0.0,8,767.3224140122148
2025-07-30 03:00:00,25.84349513729962,99.4703405207764,0.01764013028259602,0.004695123299098557,0.0,100.0,0.0,0.0,0.8,1.0,True,0.0,8,768.1224140122148
2025-07-30 04:00:00,25.57832198588238,97.81533517121063,0.07162541514907829,0.015670037879559222,0.0010873076062911293,99.99840101822605,0.0010873076062911293,0.0,1.1,1.0,True,0.0,8,769.2224140122148
2025-07-30 05:00:00,25.894839346568094,97.02619700526878,0.09934286769370776,0.024500175969690972,0.007545701070265803,99.98890338077902,0.007545701070265803,0.0,0.1,1.0,True,0.0,8,769.3213267046085
2025-07-30 06:00:00,28.01601509595087,93.42406745193185,0.24879755070185217,0.09162167145780734,0.0823760506054252,99.87885874910967,0.0823760506054252,0.0,0.7,1.0,True,0.0,8,770.0137810035383
2025-07-30 07:00:00,27.99882787217,93.25525034126794,0.25492944120576705,0.10166270851909057,0.08450725993226472,99.87572461774667,0.08450725993226472,0.0,0.7,1.0,True,0.0,8,770.6314049529328
2025-07-30 08:00:00,29.235350815150486,88.9115500696117,0.45024443607017917,0.21799189175340178,0.22041932502724654,99.67585393378346,0.22041932502724654,0.0,3.0,1.0,False,0.0,8,773.5468976930006
2025-07-30 09:00:00,30.47823068135656,87.32880863518415,0.552571735773536,0.2689010245419177,0.2747749978073447,99.59591912087156,0.2747749978073447,0.0,0.3,1.0,False,0.0,8,773.6264783679733
2025-07-30 10:00:00,33.955863182286414,82.05086377257243,0.9524174463010038,0.487878779293766,0.5419815945817402,99.20296824326215,0.5419815945817402,0.0,0.3,1.0,False,0.0,8,773.6517033701659
2025-07-30 11:00:00,34.38155978597247,79.40651821129796,1.1189084831508076,0.5450423796702194,0.5612504998355766,98.67171750820984,0.9032320944173169,0.0,0.2,1.0,False,0.0,8,773.6517033701659
2025-07-30 12:00:00,33.22073390301691,83.45788181370158,0.8424509365239303,0.4164055795276713,0.4059066961164261,99.40307838806407,0.4059066961164261,0.0,13.9,0.5,False,0.0,8,786.6484712757486
2025-07-30 13:00:00,31.32562270832898,86.18804570652932,0.6321109855327929,0.306302132244143,0.2765789031576441,99.59326631888582,0.2765789031576441,0.0,0.9,1.0,False,0.0,8,787.1425645796322
2025-07-30 14:00:00,33.28508978609089,81.47708454261266,0.9467332722957901,0.4294377491842596,0.42582394859276584,99.26117227683763,0.50240285175041,0.0,0.2,1.0,False,0.0,8,787.1425645796322
2025-07-30 15:00:00,32.663840198796414,80.38403439637797,0.968258443423265,0.38652895265125387,0.3198071310359973,98.93792649590235,0.7222099827864072,0.0,0.1,1.0,False,0.0,8,787.1425645796322
2025-07-30 16:00:00,31.337771724931976,81.36822831241066,0.8532808522703412,0.3043632557492705,0.21046775269802148,98.77547391840525,0.8326777354844288,0.0,0.1,1.0,False,0.0,8,787.1425645796322
2025-07-30 17:00:00,29.98854666833434,87.63156488019075,0.5244560860930898,0.17576239083194276,0.09511803206643037,98.63559445948404,0.9277957675508591,0.0,0.0,1.0,False,0.0,8,787.1425645796322
2025-07-30 18:00:00,29.28865659955165,100.0,0.0,0.015934903427226667,0.0003227520781329238,98.63511982407502,0.9281185196289921,0.0,0.0,0.0,True,0.32798006466633955,8,787.1425645796322
2025-07-30 19:00:00,27.926365528459808,96.8701289028355,0.11780066112810166,0.028593354985179325,0.0,98.63511982407502,0.9281185196289921,0.0,0.0,1.0,True,0.0,8,787.1425645796322
2025-07-30 20:00:00,27.85710452654477,97.8833352141757,0.07934517405459456,0.01773095238941916,0.0,98.92923747113383,0.7281185196289921,0.0,0.2,1.0,True,0.0,8,787.1425645796322
2025-07-30 21:00:00,27.517922896162137,98.43734832858205,0.05742928804794049,0.013665056949788892,0.0,98.92923747113383,0.7281185196289921,0.0,0.0,1.0,True,0.0,8,787.1425645796322
2025-07-30 22:00:00,27.219916083175104,98.43186259136793,0.056634835295503755,0.013150776296965216,0.0,98.92923747113383,0.7281185196289921,0.0,0.0,1.0,True,0.0,8,787.1425645796322
2025-07-30 23:00:00,27.14049588016531,99.47959951951943,0.018707529358374452,0.004658974148500096,0.0,98.92923747113383,0.7281185196289921,0.0,0.0,1.0,True,0.0,8,787.1425645796322
2025-07-31 00:00:00,26.981198790013856,98.95606164446198,0.03717891913715069,0.00833034983119002,0.0,98.92923747113383,0.7281185196289921,0.0,0.0,1.0,True,0.0,8,787.1425645796322
2025-07-31 01:00:00,26.507071965629557,97.33988972499765,0.092133570133406,0.020766628813066686,0.0,98.92923747113383,0.7281185196289921,0.0,0.0,1.0,True,0.0,8,787.1425645796322
2025-07-31 02:00:00,26.167596297255844,97.8870755118335,0.07173138918148216,0.016709829539406626,0.0,98.92923747113383,0.7281185196289921,0.0,0.0,1.0,True,0.0,8,787.1425645796322
2025-07-31 03:00:00,26.042175760262694,99.48045517258258,0.01750777521310369,0.004700101716398842,0.0,98.92923747113383,0.7281185196289921,0.0,0.0,1.0,True,0.0,8,787.1425645796322
2025-07-31 04:00:00,25.743142740257937,99.47584987317221,0.017353231528155932,0.004633515542589496,0.0,98.92923747113383,0.7281185196289921,0.0,0.0,1.0,True,0.0,8,787.1425645796322
2025-07-31 05:00:00,26.39691652133293,98.66290194449161,0.046011162490887714,0.014343021271796062,0.0,98.92923747113383,0.7281185196289921,0.0,0.0,1.0,True,0.02621718090927809,8,787.1425645796322
2025-07-31 06:00:00,28.688152301404134,91.1291112291344,0.3489854521905857,0.11940123111769003,0.07813549863404926,98.81433232608376,0.8062540182630413,0.0,0.0,1.0,True,0.0,8,787.1425645796322
2025-07-31 07:00:00,29.943083436236822,89.20830625808757,0.4564058478223208,0.20829474586178953,0.19493652598092365,98.96883743493534,0.701190544243965,0.0,0.3,1.0,False,0.0,8,787.1425645796322
2025-07-31 08:00:00,30.21069935632319,87.52188258301831,0.535886947297756,0.24629073030776377,0.21436501482094522,98.80065358961042,0.8155555590649102,0.0,0.1,1.0,False,0.0,8,787.1425645796322
2025-07-31 09:00:00,33.324917869018755,81.2548030590183,0.9602323669960757,0.4403609031922704,0.4347193504500211,98.16136042718392,1.2502749095149313,0.0,0.0,1.0,False,0.0,8,787.1425645796322
2025-07-31 10:00:00,34.93272130830552,76.62036800188511,1.3096818050976247,0.58424285913996,0.5592659530989736,97.33891049615602,1.809540862613905,0.0,0.0,1.0,False,0.0,8,787.1425645796322
2025-07-31 11:00:00,35.437351633873924,75.11602050403161,1.4333245619036514,0.6355204946758126,0.5979885965571489,96.45951550121904,2.407529459171054,0.0,0.0,1.0,False,0.0,8,787.1425645796322
2025-07-31 12:00:00,35.617763291090455,76.00134059153699,1.3961288961276728,0.6209324938510286,0.5895073941306175,95.59259286279166,2.9970368533016716,0.0,0.0,1.0,False,0.0,8,787.1425645796322
2025-07-31 13:00:00,35.64725215820485,77.00603233594788,1.339852578609753,0.5919559227421334,0.5702192468593944,94.90109397035137,3.467256100161066,0.0,0.1,1.0,False,0.0,8,787.1425645796322
2025-07-31 14:00:00,35.12444683502507,77.40846009038209,1.279013487193581,0.5405346286099214,0.5022337040594637,94.30957381732274,3.8694898042205295,0.0,0.1,1.0,False,0.0,8,787.1425645796322
2025-07-31 15:00:00,33.02580416793247,79.18822405589252,1.0483792682375204,0.4234598248996474,0.3638965496824643,99.46485801517284,0.3638965496824643,0.0,4.3,1.0,False,0.0,8,787.5730747754117
2025-07-31 16:00:00,30.644104359254012,84.32470188936927,0.6900835438788068,0.23165495495172655,0.1504276183939229,99.77878291412658,0.1504276183939229,0.0,2.9,1.0,False,0.0,8,790.1091782257292
2025-07-31 17:00:00,29.854000744165692,88.162807134229,0.49806905810703356,0.1560156637603572,0.08127308750533159,99.65926366779522,0.2317007058992545,0.0,0.0,1.0,False,0.0,8,790.1091782257292
2025-07-31 18:00:00,29.24176313961546,91.36969459623417,0.3505615862922265,0.08514596346705633,0.02584158652318987,99.96199766687766,0.02584158652318987,0.0,0.4,1.0,True,0.0,8,790.27747751983
2025-07-31 19:00:00,26.898646809988524,97.55586042620928,0.08662507449327772,0.02729283456485914,0.008754077724159214,99.987126356288,0.008754077724159214,0.0,4.7,1.0,True,0.0,8,794.9516359333068
2025-07-31 20:00:00,26.041209779619223,98.27691053160413,0.05806186385325464,0.015124912738743057,0.0029279031295439484,99.9956942601036,0.0029279031295439484,0.0,7.7,1.0,True,0.0,8,802.6428818555826
2025-07-31 21:00:00,26.087217907563968,98.92319853857767,0.036383071623633016,0.007947215762851166,0.0,100.0,0.0,0.0,1.4,1.0,True,0.0,8,804.0399539524531
2025-07-31 22:00:00,26.54263498229174,99.46666964078544,0.018510746682380272,0.0033128734303478576,0.0,100.0,0.0,0.0,0.2,1.0,True,0.09836999656553866,8,804.2399539524531
2025-07-31 23:00:00,26.6233912892481,98.4253500108953,0.05491307361700015,0.01125475115407977,0.0,100.0,0.0,0.0,0.1,1.0,True,0.0,8,804.3399539524531
2025-08-01 00:00:00,26.479150739527995,96.34195648823261,0.12648906689148265,0.027053269741642537,3.104574835684553e-05,99.9999543444877,3.104574835684553e-05,0.0,0.1,1.0,True,0.0,8,804.4399539524532
2025-08-01 01:00:00,26.206094571588594,97.37441165572959,0.0893385412511021,0.020489322077462048,0.0,100.0,0.0,0.0,0.1,1.0,True,0.0,8,804.5399229067048
2025-08-01 02:00:00,26.208059950362863,97.35351432958798,0.09006004204662865,0.019439873257564997,0.0003725886321342148,99.99945207554099,0.0003725886321342148,0.0,0.1,1.0,True,0.0,8,804.6399229067048
2025-08-01 03:00:00,26.398918647249666,97.43140724822483,0.08839881567971677,0.018523705302320885,0.0,100.0,0.0,0.0,0.1,1.0,True,0.0,8,804.7395503180727
2025-08-01 04:00:00,26.44822780749156,99.26178845185731,0.025479674057634485,0.006252846342112844,3.512854627328855e-05,99.99994834037312,3.512854627328855e-05,0.0,0.1,0.1,True,0.0,8,804.8395503180727
2025-08-01 05:00:00,26.684701448582718,97.32155301932184,0.0937434608978547,0.02379530694214117,0.0070337790008307205,99.98965620735171,0.0070337790008307205,0.0,0.1,0.8,True,0.0,8,804.9395151895264
2025-08-01 06:00:00,28.255189971460467,94.06235896914887,0.2277951971703162,0.0837019539688181,0.07388927913475465,99.89133929539007,0.07388927913475465,0.0,0.1,1.0,True,0.0,8,805.0324814105256
2025-08-01 07:00:00,28.90174775050061,89.8674422496468,0.40357873481729084,0.15562197979623837,0.13313866528726367,99.80420784516579,0.13313866528726367,0.0,0.8,1.0,False,0.0,8,805.7585921313909
2025-08-01 08:00:00,30.845028279280545,90.57399878402535,0.419749931212086,0.18947394300916398,0.19480208760973586,99.7135263417504,0.19480208760973586,0.0,0.2,0.5,True,0.0,8,805.8254534661036
2025-08-01 09:00:00,31.70783329490569,85.33850652943813,0.6856937830031428,0.3161086622157744,0.31799654543313804,99.53235802142186,0.31799654543313804,0.0,0.2,1.0,False,0.0,8,805.8306513784938
2025-08-01 10:00:00,38.88184860251197,89.69928040309199,0.7156164016126223,0.3869648054929172,0.4785828545563571,99.26973617648603,0.49657939998949513,0.0,0.3,0.2,True,0.0,8,805.8306513784938
2025-08-01 11:00:00,33.69242349973609,81.90132189712038,0.9463507562214262,0.4477970778316381,0.4239992281574445,99.23444319390155,0.5205786281469396,0.0,0.4,1.0,False,0.0,8,805.8306513784938
2025-08-01 12:00:00,34.36613086710157,81.45158861764658,1.006930381866798,0.46269020559651663,0.4700687865078823,99.13140086080173,0.5906474146548218,0.0,0.4,1.0,False,0.0,8,805.8306513784938
2025-08-01 13:00:00,33.65752147421707,82.89475851548292,0.8926649742696572,0.4004787729473026,0.38542082509176373,99.4332046689827,0.38542082509176373,0.0,0.6,1.0,False,0.0,8,805.840003963839
2025-08-01 14:00:00,33.3846312325329,81.57456050111172,0.9470109757308361,0.4041361880978528,0.3706619049480204,99.45490896331174,0.3706619049480204,0.0,3.2,1.0,False,0.0,8,808.6545831387472
2025-08-01 15:00:00,32.046478904354544,82.42990483914664,0.8376152720776083,0.3319155801235457,0.27584632495071093,99.59434363977837,0.27584632495071093,0.0,1.2,1.0,False,0.0,8,809.4839212337992
2025-08-01 16:00:00,30.05968141733665,86.80377399365933,0.5618440388715099,0.22897955561955197,0.18654570312088847,99.72566808364576,0.18654570312088847,0.0,0.5,1.0,False,0.0,8,809.7080749088484
2025-08-01 17:00:00,28.72364413340061,91.63070443490456,0.32993001383194653,0.11166748778777416,0.06924537415544517,99.62383665106421,0.25579107727633366,0.0,0.0,1.0,True,0.0,8,809.7080749088484
2025-08-01 18:00:00,29.28729879546203,99.94143717506286,0.0023850678979719098,0.013123771685560087,0.0058115634572330765,99.61529023421535,0.26160264073356676,0.0,0.0,0.0,True,0.08570949689162832,8,809.7080749088484
2025-08-01 19:00:00,28.662524566218465,96.05448753514221,0.1549882746493257,0.034151902804344915,0.0,99.61529023421535,0.26160264073356676,0.0,0.0,1.0,True,0.0,8,809.7080749088484
2025-08-01 20:00:00,28.321550322616115,96.8772561298576,0.1202655970772929,0.027389415931786353,0.002413028270513407,99.6117416632293,0.2640156690040802,0.0,0.0,1.0,True,0.0,8,809.7080749088484
2025-08-01 21:00:00,28.34034719710755,96.50576530404177,0.13471974579235216,0.028899821223216104,0.0,99.7588004867587,0.16401566900408018,0.0,0.1,1.0,True,0.0,8,809.7080749088484
2025-08-01 22:00:00,27.72405170868775,95.39282112054538,0.17136955234093632,0.0386439181538156,0.00011596572777893811,99.99982946216504,0.00011596572777893811,0.0,0.8,1.0,True,0.0,8,810.3440592398443
2025-08-01 23:00:00,27.051572548300353,96.7083558726607,0.1177138603643931,0.027927148132693612,0.004644118024783069,99.99317041466944,0.004644118024783069,0.0,7.0,1.0,True,0.0,8,817.3439432741166
2025-08-02 00:00:00,27.021001942434413,98.43010089811449,0.0560412452878043,0.01281120332919067,0.0,100.0,0.0,0.0,0.1,1.0,True,0.0,8,817.4392991560918
2025-08-02 01:00:00,26.88675205244512,98.90412495498299,0.03881283307631495,0.008943066290880106,0.000662057226540621,99.99902638643155,0.000662057226540621,0.0,0.1,1.0,True,0.0,8,817.5392991560918
2025-08-02 02:00:00,26.38953051977651,98.89174647460867,0.03811974759001867,0.009633562254860882,0.0006713710337837647,99.9990126896562,0.0006713710337837647,0.0,6.3,1.0,True,0.0,8,823.8386370988653
2025-08-02 03:00:00,26.326586570483588,98.40751090019235,0.05457274558487811,0.011807970786696787,0.0,100.0,0.0,0.0,3.7,1.0,True,0.0,8,827.5379657278315
2025-08-02 04:00:00,26.32308528004696,98.44364860313208,0.05332333810203408,0.011540885801648179,0.0,100.0,0.0,0.0,1.2,1.0,True,0.0,8,828.7379657278316
2025-08-02 05:00:00,26.23736754511094,97.26175676133701,0.09334386048672784,0.02153936754599346,0.00252360954306716,99.9962888094955,0.00252360954306716,0.0,1.1,1.0,True,0.0,8,829.8379657278316
2025-08-02 06:00:00,27.228048449986385,94.99063785043835,0.1810042654227229,0.06292436354514877,0.050848634347168895,99.92522259654828,0.050848634347168895,0.0,2.8,1.0,True,0.0,8,832.6354421182886
2025-08-02 07:00:00,27.725554753026785,93.06677505339465,0.25791224709378907,0.10241335740713031,0.08861037439312305,99.86969062589247,0.08861037439312305,0.0,4.3,1.0,True,0.0,8,836.8845934839413
2025-08-02 08:00:00,28.638271496224654,90.32645540687923,0.3794641629728533,0.16354602690898198,0.15322025638371614,99.77467609355337,0.15322025638371614,0.0,0.9,1.0,True,0.0,8,837.6959831095483
2025-08-02 09:00:00,28.291367198966796,92.49678209421624,0.288463668008549,0.12658994428102582,0.11080349477042294,99.83705368416115,0.11080349477042294,0.0,1.5,1.0,True,0.0,8,839.0427628531645
2025-08-02 10:00:00,29.101601579055508,90.53486503221829,0.3813746178415439,0.1651878710890467,0.15577459828766824,99.77091970840048,0.15577459828766824,0.0,0.5,1.0,True,0.0,8,839.4319593583941
2025-08-02 11:00:00,32.037738231253606,84.02744223664743,0.7610803310746341,0.3582628633185018,0.3823113208501461,99.43777746933802,0.3823113208501461,0.0,0.2,1.0,False,0.0,8,839.4761847601064
2025-08-02 12:00:00,32.28871247782422,83.20480707956067,0.811694983991153,0.38140107934031753,0.3848915339408132,99.01881933118976,0.6672028547909593,0.0,0.1,1.0,False,0.0,8,839.4761847601064
2025-08-02 13:00:00,31.40454466948297,83.46154685687014,0.7602897297515543,0.3374017080895826,0.3142297092633974,99.29201093521418,0.4814325640543567,0.0,0.5,1.0,False,0.0,8,839.4761847601064
2025-08-02 14:00:00,29.974397604750617,86.1781928995333,0.5856075909549731,0.22070163602887155,0.1693559213552661,99.04295810969172,0.6507884854096228,0.0,0.0,1.0,False,0.0,8,839.4761847601064
2025-08-02 15:00:00,29.524885046190267,88.06552308722823,0.4927502091083995,0.18094385832053364,0.14099402218174667,98.83561395942446,0.7917825075913694,0.0,0.0,1.0,False,0.0,8,839.4761847601064
2025-08-02 16:00:00,29.468533129169355,88.39870738283535,0.47744216790504057,0.1706941652134832,0.12989740927240812,98.64458835755326,0.9216799168637775,0.0,0.0,1.0,False,0.0,8,839.4761847601064
2025-08-02 17:00:00,28.982614861306292,89.95294425965282,0.40204850351858373,0.13269717950625323,0.08369207559801994,98.52151177579147,1.0053719924617974,0.0,0.0,1.0,False,0.0,8,839.4761847601064
2025-08-02 18:00:00,28.347415235088075,100.0,0.0,0.010293199593946749,0.004658143097633697,98.51466156535378,1.0100301355594312,0.0,0.0,0.0,True,0.16375774944645502,8,839.4761847601064
2025-08-02 19:00:00,27.63522380891952,96.8116190091585,0.11798238189514014,0.026496823770749196,0.002986913708550892,98.51026904519415,1.0130170492679822,0.0,0.0,1.0,True,0.0,8,839.4761847601064
2025-08-02 20:00:00,27.73634585380284,96.79078441959689,0.11945628291492802,0.02548270109104076,0.0036716205649159543,98.65192842671632,0.9166886698328982,0.0,0.1,1.0,True,0.0,8,839.4761847601064
2025-08-02 21:00:00,27.287164584771425,98.88917649473349,0.04027677792171323,0.010780714874760875,4.338254737227659e-05,98.94598227591138,0.7167320523802705,0.0,0.2,1.0,True,0.0,8,839.4761847601064
2025-08-02 22:00:00,26.783943383997748,98.93514908513113,0.037486975338508206,0.009617029507072146,0.0,99.24009992297019,0.5167320523802705,0.0,0.2,1.0,True,0.0,8,839.4761847601064
2025-08-02 23:00:00,26.77834657348048,98.9921498720496,0.03546865423274313,0.007698520098684117,0.0,100.0,0.0,0.0,1.0,1.0,True,0.0,8,839.9594527077262
2025-08-03 00:00:00,26.05269345384576,96.7912841788671,0.10819547883515043,0.02479036551777997,0.0011403939325361518,99.99832295009922,0.0011403939325361518,0.0,5.5,1.0,True,0.0,8,845.4594527077262
2025-08-03 01:00:00,25.819738116851745,98.5088405557149,0.04959277763867743,0.012014854226529098,0.0003446211458190443,99.99949320419732,0.0003446211458190443,0.0,6.6,0.8,True,0.0,8,852.0583123137936
2025-08-03 02:00:00,25.86977982489974,97.88371654737787,0.0705918252611252,0.014888359554192971,0.0,100.0,0.0,0.0,1.1,1.0,True,0.0,8,853.1579676926478
2025-08-03 03:00:00,25.600525788349778,99.58252606873025,0.013705141120500922,0.0041229528357603525,0.0,100.0,0.0,0.0,2.9,0.1,True,0.0,8,856.0579676926478
2025-08-03 04:00:00,25.432271168468834,98.392927130534,0.05223411566034584,0.011375562427315107,0.0,100.0,0.0,0.0,0.4,1.0,True,0.0,8,856.4579676926478
2025-08-03 05:00:00,25.620483733062528,98.29009003167405,0.05620064362483672,0.016483257975288504,0.00023370930395763637,99.99965630984711,0.00023370930395763637,0.0,0.1,0.8,True,0.0,8,856.5579676926478
2025-08-03 06:00:00,27.834196357445528,93.33531256683467,0.24949868548253465,0.08975868041270749,0.070620339891005,99.89614655898382,0.070620339891005,0.0,0.1,0.8,True,0.0,8,856.6577339833439
2025-08-03 07:00:00,29.77471180259523,88.63144099172622,0.4761769980903074,0.21254808393430366,0.20693257384116792,99.69568739141005,0.20693257384116792,0.0,0.1,1.0,False,0.0,8,856.6871136434529
2025-08-03 08:00:00,30.871952898320973,85.36508296048376,0.6527093231319236,0.2944698380341595,0.2816055724151622,99.42862037315246,0.3885381462563301,0.0,0.1,1.0,False,0.0,8,856.6871136434529
2025-08-03 09:00:00,32.05503771228152,82.37299975557791,0.8407344648143057,0.3716693679447669,0.34852434632411117,99.06314339326406,0.6370624925804413,0.0,0.1,1.0,False,0.0,8,856.6871136434529
2025-08-03 10:00:00,32.87976659861886,80.4667663537382,0.975943481544732,0.43508676523079975,0.41200192745986397,98.7513758528819,0.8490644200403052,0.0,0.2,1.0,False,0.0,8,856.6871136434529
2025-08-03 11:00:00,33.97543330848738,76.59237439058903,1.2434104033635138,0.5465910954977199,0.527096012031114,98.27035230577732,1.1761604320714194,0.0,0.2,1.0,False,0.0,8,856.6871136434529
2025-08-03 12:00:00,32.33558126318298,82.66252817267484,0.84011976794132,0.47706641170623704,0.47906142493807957,99.29549790450282,0.47906142493807957,0.0,4.8,1.0,False,0.0,8,860.3109532113815
2025-08-03 13:00:00,29.81742614678326,88.14610512240432,0.49772529245953817,0.23025890390587675,0.20147859193172568,99.58744115166205,0.28054001686980523,0.0,0.4,1.0,False,0.0,8,860.3109532113815
2025-08-03 14:00:00,28.709325013382827,91.78936458193465,0.32340709716641497,0.1395962967885285,0.11833290238840366,99.8259810258994,0.11833290238840366,0.0,0.3,1.0,True,0.0,8,860.3304131945117
2025-08-03 15:00:00,29.18678167009353,89.60707070246146,0.4208220126670174,0.1878832354487237,0.17555495788538336,99.71487079371502,0.19388786027378702,0.0,0.1,1.0,False,0.0,8,860.3304131945117
2025-08-03 16:00:00,29.42957833905889,89.68632638656479,0.42349997934984857,0.17478500776054517,0.15506789105795393,99.48682977745332,0.34895575133174095,0.0,0.0,1.0,False,0.0,8,860.3304131945117
2025-08-03 17:00:00,28.65015644970343,91.29879376453825,0.34155738008416947,0.11277940923963495,0.07665240327575104,99.37410565498898,0.425608154607492,0.0,0.0,1.0,True,0.0,8,860.3304131945117
2025-08-03 18:00:00,27.770653579408393,98.2631711221596,0.06477930663613396,0.022444472527790818,0.004043138692852814,99.66227750985243,0.2296512933003448,0.0,0.2,1.0,True,0.0,8,860.3304131945117
2025-08-03 19:00:00,27.419327702816215,98.42821469450662,0.05743296888440327,0.013551516237780987,0.0,99.95639515691126,0.0296512933003448,0.0,0.2,1.0,True,0.0,8,860.3304131945117
2025-08-03 20:00:00,27.124657073417534,98.38961476135087,0.05783694929757657,0.013359503438610443,0.0,100.0,0.0,0.0,0.1,1.0,True,0.0,8,860.4007619012114
2025-08-03 21:00:00,26.902752027618018,97.35069180617221,0.09391928459988343,0.020595136473720844,0.0009751982577264316,99.99856588491511,0.0009751982577264316,0.0,0.0,1.0,True,0.0,8,860.4007619012114
2025-08-03 22:00:00,26.567944454902626,97.85750830097535,0.07447213620549076,0.017269689919151947,0.0,99.99856588491511,0.0009751982577264316,0.0,0.0,1.0,True,0.0,8,860.4007619012114
2025-08-03 23:00:00,26.384977537073727,98.93684383150188,0.036558756350726584,0.008817896434983541,0.0,99.99856588491511,0.0009751982577264316,0.0,0.0,1.0,True,0.0,8,860.4007619012114
2025-08-04 00:00:00,25.97534454794232,97.82073935674889,0.07314783630827525,0.016601139590935107,0.0,99.99856588491511,0.0009751982577264316,0.0,0.0,1.0,True,0.0,8,860.4007619012114
2025-08-04 01:00:00,25.57771971959874,97.82162801722886,0.07141654999537177,0.01657706822188394,0.0,100.0,0.0,0.0,0.1,1.0,True,0.0,8,860.4997867029537
2025-08-04 02:00:00,25.390289038603857,98.91398439561696,0.035210493252751926,0.008507666828174564,0.0,100.0,0.0,0.0,0.0,1.0,True,0.0,8,860.4997867029537
2025-08-04 03:00:00,25.12665209959544,97.25146030966634,0.08772663689540967,0.019147025057305832,0.0,100.0,0.0,0.0,0.0,1.0,True,0.0,8,860.4997867029537
2025-08-04 04:00:00,24.97901770669513,97.84691986389261,0.06811959571438661,0.015336132446980014,0.0,100.0,0.0,0.0,0.0,1.0,True,0.0,8,860.4997867029537
2025-08-04 05:00:00,25.273285333529145,97.61032203238727,0.0769407312415321,0.021040569650258654,0.0,100.0,0.0,0.0,0.0,1.0,True,0.0,8,860.4997867029537
2025-08-04 06:00:00,26.73815116055162,95.14289449491784,0.17052980010892832,0.057981723405238966,0.04395106956320711,99.93536607417175,0.04395106956320711,0.0,0.0,1.0,True,0.0,8,860.4997867029537
2025-08-04 07:00:00,28.98942612788801,88.10679643395628,0.47611235887366626,0.21105526873269778,0.1994804231574962,99.64201251070484,0.2434314927207033,0.0,0.0,1.0,False,0.0,8,860.4997867029537
2025-08-04 08:00:00,30.873184518769257,82.77328068903603,0.76835621620296,0.33923581305341377,0.3311922158253549,99.15496513449109,0.5746237085460582,0.0,0.0,1.0,False,0.0,8,860.4997867029537
2025-08-04 09:00:00,32.492729490702004,80.43077442432333,0.9566958685386363,0.4257695235509585,0.40909167755147147,98.55335972632716,0.9837153860975296,0.0,0.0,1.0,False,0.0,8,860.4997867029537
2025-08-04 10:00:00,32.669132577285296,79.62033769117484,1.006254481425935,0.48450761823006727,0.4727433961584868,99.30478912329635,0.4727433961584868,0.0,2.9,1.0,False,0.0,8,862.4160713168561
2025-08-04 11:00:00,31.66803366828823,83.06134495211269,0.7904090657916109,0.4081844100954253,0.3948114279013889,99.41939495896854,0.3948114279013889,0.0,6.7,1.0,False,0.0,8,868.6433279206976
2025-08-04 12:00:00,31.475798371559506,80.9848880396515,0.8776858401197746,0.3734097876686613,0.3329745310778565,99.0767853544423,0.6277859589792454,0.0,0.1,1.0,False,0.0,8,868.6433279206976
2025-08-04 13:00:00,32.42703068722951,78.38607091800012,1.052754543857472,0.4665606247554149,0.4294975081768546,99.36838601738698,0.4294975081768546,0.0,0.7,1.0,False,0.0,8,868.7155419617184
2025-08-04 14:00:00,32.21640566912878,78.065420765103,1.0557618800434623,0.4563192519878282,0.40810808597815096,98.91528589094852,0.7376055941550056,0.0,0.1,1.0,False,0.0,8,868.7155419617184
2025-08-04 15:00:00,31.270152344100385,79.1979254176604,0.9490222629913163,0.36773539266896965,0.30465987717460397,98.76137430686822,0.8422654713296095,0.0,0.2,1.0,False,0.0,8,868.7155419617184
2025-08-04 16:00:00,30.292744843907403,83.0845692793143,0.7298726567662354,0.2673694685250041,0.20712693383345196,98.89795234534844,0.7493924051630615,0.0,0.3,1.0,False,0.0,8,868.7155419617184
2025-08-04 17:00:00,29.00052691130328,86.6748807646329,0.5337775695669131,0.16372412521205676,0.09972934565272511,98.75129154291797,0.8491217508157866,0.0,0.0,1.0,False,0.0,8,868.7155419617184
2025-08-04 18:00:00,28.36114671120242,99.89208441753846,0.004165699273558878,0.01512999692910871,0.009854820400403074,98.8838579835056,0.7589765712161897,0.0,0.1,0.0,True,0.19201034478517273,8,868.7155419617184
2025-08-04 19:00:00,27.05667314996841,92.4811481396555,0.2689652412748808,0.059028759639814396,0.007083873957547807,98.87344052180332,0.7660604451737375,0.0,0.0,1.0,True,0.0,8,868.7155419617184
2025-08-04 20:00:00,26.548899560506417,94.18906890243325,0.20175928108696436,0.04565760433935998,0.0034510123604971346,98.86836550362612,0.7695114575342347,0.0,0.0,1.0,True,0.0,8,868.7155419617184
2025-08-04 21:00:00,26.219749859488996,95.97390641862377,0.13710272575623597,0.031180844084627655,0.0031086009799141893,98.86379403159684,0.7726200585141488,0.0,0.0,1.0,True,0.0,8,868.7155419617184
2025-08-04 22:00:00,25.869468481129275,96.64037624026219,0.11206325122382052,0.025439042236650514,0.0005508261978411712,98.86298399307061,0.77317088471199,0.0,0.0,1.0,True,0.0,8,868.7155419617184
2025-08-04 23:00:00,25.632238488252796,97.15730411641294,0.09349773305939156,0.021030811277987047,0.0016305808690423177,98.86058608002789,0.7748014655810324,0.0,0.0,1.0,True,0.0,8,868.7155419617184
2025-08-05 00:00:00,25.23589624618557,98.36484139472164,0.05253049278405482,0.012886255405190363,0.0,98.86058608002789,0.7748014655810324,0.0,0.0,1.0,True,0.0,8,868.7155419617184
2025-08-05 01:00:00,25.0875015644733,98.95405829047293,0.033306193056255366,0.007823701113436905,0.0,98.86058608002789,0.7748014655810324,0.0,0.0,1.0,True,0.0,8,868.7155419617184
2025-08-05 02:00:00,24.933493155939427,98.40530684066606,0.05031655933710638,0.011139149022662567,0.0,98.86058608002789,0.7748014655810324,0.0,0.0,1.0,True,0.0,8,868.7155419617184
2025-08-05 03:00:00,25.088067327439802,98.946878273352,0.03353595758487749,0.006965638296346253,0.0,98.86058608002789,0.7748014655810324,0.0,0.0,1.0,True,0.0,8,868.7155419617184
2025-08-05 04:00:00,24.990632588235478,98.92330875431297,0.03408815911120801,0.007633687351065427,0.0,98.86058608002789,0.7748014655810324,0.0,0.0,1.0,True,0.0,8,868.7155419617184
2025-08-05 05:00:00,25.365833515449843,97.6151802341733,0.07720773084275383,0.020138431427741705,0.0,98.86058608002789,0.7748014655810324,0.0,0.0,1.0,True,0.0,8,868.7155419617184
2025-08-05 06:00:00,25.74086011562859,96.47952849972734,0.11653779123563007,0.04243202465346532,0.029824926170628888,99.25790236507109,0.5046263917516612,0.0,0.3,1.0,True,0.0,8,868.7155419617184
2025-08-05 07:00:00,27.758633754569942,91.90698246558752,0.3016374481773198,0.14383156716233467,0.15041026634049262,99.62494609104095,0.2550366580921538,0.0,0.4,1.0,True,0.0,8,868.7155419617184
2025-08-05 08:00:00,29.02712725509582,89.03036020004173,0.44009771992824054,0.21540073976148572,0.22070666530625432,99.5944951126494,0.2757433233984081,0.0,0.2,1.0,False,0.0,8,868.7155419617184
2025-08-05 09:00:00,29.83671196683435,85.60415439225913,0.6051274503631577,0.2666952076583363,0.25087259628145503,99.51968247105903,0.32661591967986314,0.0,0.2,1.0,False,0.0,8,868.7155419617184
2025-08-05 10:00:00,31.60032808229057,81.58146315639847,0.8561739185631507,0.38083440132598356,0.3767618977732058,98.96562085668667,0.7033778174530689,0.0,0.0,1.0,False,0.0,8,868.7155419617184
2025-08-05 11:00:00,32.264927604498546,77.892363089152,1.0670079851847865,0.47116533123692855,0.4427770173985786,98.46153700757111,1.0461548348516476,0.0,0.1,1.0,False,0.0,8,868.7155419617184
2025-08-05 12:00:00,31.00964693482514,80.63084237076039,0.8706552984894231,0.3970870601696612,0.36506799625778863,98.51290760130965,1.0112228311094362,0.0,0.4,1.0,False,0.0,8,868.7155419617184
2025-08-05 13:00:00,30.20567057637962,84.6844584435797,0.6575539580189411,0.2982005050536838,0.27211289581757403,98.55391804863675,0.9833357269270102,0.0,0.3,1.0,False,0.0,8,868.7155419617184
2025-08-05 14:00:00,28.649727871548542,89.33367275396743,0.41868589515094995,0.1757735566037357,0.14457342447686425,98.48836889499431,1.0279091514038745,0.0,0.1,1.0,False,0.0,8,868.7155419617184
2025-08-05 15:00:00,28.712951557409202,89.02568906517416,0.43235576494131384,0.1774988124430114,0.14423767235469212,98.4233134944727,1.0721468237585667,0.0,0.1,1.0,False,0.0,8,868.7155419617184
2025-08-05 16:00:00,28.89685154611351,89.68805910627546,0.4106072619415399,0.17317777341645818,0.13588013826866052,98.22348976172466,1.2080269620272273,0.0,0.0,1.0,False,0.0,8,868.7155419617184
2025-08-05 17:00:00,28.129669119214235,91.69061657531024,0.316468114137829,0.11862033530915876,0.07094724235855693,98.1191555817856,1.2789742043857841,0.0,0.0,1.0,True,0.0,8,868.7155419617184
2025-08-05 18:00:00,27.637958883604075,93.36160729257026,0.24568533888668978,0.0602458622223104,0.005595820468799075,98.11092643403738,1.2845700248545833,0.0,0.0,1.0,True,0.0,8,868.7155419617184
2025-08-05 19:00:00,27.093590292081224,94.62437331075022,0.1927142391547925,0.04380169077783062,0.0,98.11092643403738,1.2845700248545833,0.0,0.0,1.0,True,0.0,8,868.7155419617184
2025-08-05 20:00:00,26.920727167678383,95.71702543862574,0.15199387255089206,0.033756971338908634,0.002637015117161845,98.10704847062979,1.287207039971745,0.0,0.0,1.0,True,0.0,8,868.7155419617184
2025-08-05 21:00:00,26.66853197660599,95.11383287991178,0.1708493206496365,0.03746020678544766,0.00130737291110876,98.10512586340757,1.2885144128828538,0.0,0.0,1.0,True,0.0,8,868.7155419617184
2025-08-05 22:00:00,26.4355603372173,95.63388279499458,0.1505858979483914,0.03341170708462034,0.0,98.10512586340757,1.2885144128828538,0.0,0.0,1.0,True,0.0,8,868.7155419617184
2025-08-05 23:00:00,26.24219580084811,95.59321766142111,0.1502654249204699,0.03301675571690614,0.003978200301922796,98.09927556884591,1.2924926131847767,0.0,0.0,1.0,True,0.0,8,868.7155419617184
2025-08-06 00:00:00,25.90048658590049,96.19316211905806,0.127213726072841,0.02870284427287585,0.0009235019676029815,98.09791747771709,1.2934161151523798,0.0,0.0,1.0,True,0.0,8,868.7155419617184
2025-08-06 01:00:00,25.663100429104215,96.72246954377911,0.10799704004939299,0.02420280090466366,0.0020732442580637146,98.09486858910229,1.2954893594104435,0.0,0.0,1.0,True,0.0,8,868.7155419617184
2025-08-06 02:00:00,25.37638013597525,97.84835786744324,0.06970233466087668,0.01627174392536636,0.0,98.09486858910229,1.2954893594104435,0.0,0.0,1.0,True,0.0,8,868.7155419617184
2025-08-06 03:00:00,25.27698243355852,97.84836178229784,0.06929176427173715,0.015256612530194499,0.0,98.09486858910229,1.2954893594104435,0.0,0.0,1.0,True,0.0,8,868.7155419617184
2025-08-06 04:00:00,25.38084254641349,97.80139315650457,0.07124263361309917,0.015077598081516036,0.0010635216268787499,98.09330458670982,1.2965528810373224,0.0,0.0,1.0,True,0.0,8,868.7155419617184
2025-08-06 05:00:00,25.64888381842135,96.53672604430142,0.11402131049983072,0.028388523471530633,0.006794129173065572,98.08331322027884,1.303347010210388,0.0,0.0,1.0,True,0.0,8,868.7155419617184
2025-08-06 06:00:00,27.136920642683414,91.13992799944519,0.31843808262254764,0.10519229487528825,0.07970810325128995,98.1131542449093,1.2830551134616777,0.0,0.1,1.0,True,0.0,8,868.7155419617184
2025-08-06 07:00:00,28.705344955830455,88.52416255268398,0.45191531154311465,0.19172520887608718,0.18080048272399055,97.8472711820799,1.4638555961856683,0.0,0.0,1.0,False,0.0,8,868.7155419617184
2025-08-06 08:00:00,30.17686700288161,85.72318198272468,0.6119472481063885,0.2731017815001308,0.26908215119611867,97.45156213620325,1.7329377473817869,0.0,0.0,1.0,False,0.0,8,868.7155419617184
2025-08-06 09:00:00,31.292840836249706,84.14343903553231,0.7243334584198228,0.332636005650851,0.3275496042496113,96.96987154171853,2.060487351631398,0.0,0.0,1.0,False,0.0,8,868.7155419617184
2025-08-06 10:00:00,32.45285525598851,80.96859293825571,0.9283163717134839,0.4195784661747069,0.408147477867189,96.36965466250209,2.468634829498587,0.0,0.0,1.0,False,0.0,8,868.7155419617184
2025-08-06 11:00:00,34.54937811419061,76.23306100296897,1.303413363867306,0.6004265230494799,0.6030314048316079,95.62990259657325,2.9716662343301947,0.0,0.1,1.0,False,0.0,8,868.7155419617184
2025-08-06 12:00:00,34.532904229873594,73.83758584991581,1.433474471822632,0.6389434452921454,0.611200209410004,94.87813758273501,3.482866443740199,0.0,0.1,1.0,False,0.0,8,868.7155419617184
2025-08-06 13:00:00,33.59868165878168,75.28841413591756,1.2853848763630802,0.5502093439103009,0.5030678761454844,94.28539070605046,3.885934319885683,0.0,0.1,1.0,False,0.0,8,868.7155419617184
2025-08-06 14:00:00,32.90920990589378,75.7308949674137,1.2145687184570895,0.49698704536419924,0.4381723678202379,93.78807840043247,4.224106687705921,0.0,0.1,1.0,False,0.0,8,868.7155419617184
2025-08-06 15:00:00,32.40154520951253,76.20722972255147,1.1572172028766001,0.43731257760099684,0.36767724599627954,93.24737656808499,4.5917839337022,0.0,0.0,1.0,False,0.0,8,868.7155419617184
2025-08-06 16:00:00,30.961357952347385,80.73015449729559,0.8638128917959201,0.3046071098850972,0.23580697814185286,93.19471924728816,4.627590911844053,0.0,0.2,1.0,False,0.0,8,868.7155419617184
2025-08-06 17:00:00,29.46795617614655,85.29977831161067,0.6049560819359927,0.1735604724540257,0.1003543427776554,93.04713933143867,4.727945254621709,0.0,0.0,1.0,False,0.0,8,868.7155419617184
2025-08-06 18:00:00,28.27148865534781,89.37176730710483,0.40813421986709614,0.0974065320818721,0.03309280305331638,92.99847344459555,4.761038057675025,0.0,0.0,1.0,False,0.0,8,868.7155419617184
2025-08-06 19:00:00,27.843585603895978,90.78596412131998,0.3451247384276799,0.07641474081161075,0.022761841244021305,92.96500014864846,4.783799898919046,0.0,0.0,1.0,True,0.0,8,868.7155419617184
2025-08-06 20:00:00,27.551800144384785,92.18465561363898,0.28779221552767553,0.06360128915669135,0.013708966661784497,92.9448399035576,4.797508865580831,0.0,0.0,1.0,True,0.0,8,868.7155419617184
2025-08-06 21:00:00,27.234362760529024,94.01250372053055,0.21642739704153294,0.04841302470377359,0.007122626424012381,92.93436545293406,4.804631492004843,0.0,0.0,1.0,True,0.0,8,868.7155419617184
2025-08-06 22:00:00,27.249339013056836,95.21568156050148,0.1730883900214897,0.037771148859679554,0.0034595942151661083,92.92927781438235,4.808091086220009,0.0,0.0,1.0,True,0.0,8,868.7155419617184
2025-08-06 23:00:00,27.095178570023492,94.60851452959048,0.1933007686764733,0.04201574643510827,0.005118073756046411,92.92175123532932,4.813209159976055,0.0,0.0,1.0,True,0.0,8,868.7155419617184
2025-08-07 00:00:00,26.814217105883756,94.47134383322604,0.19497713644810913,0.04291590496815662,0.0077794925368914435,92.91031080512802,4.820988652512947,0.0,0.0,1.0,True,0.0,8,868.7155419617184
2025-08-07 01:00:00,26.520255610230183,94.45860451997014,0.19207663979174414,0.04236767201862816,0.007382517045106787,92.89945416241463,4.828371169558054,0.0,0.0,1.0,True,0.0,8,868.7155419617184
2025-08-07 02:00:00,26.484088370878606,94.98982477762397,0.17329392439085514,0.037727054774693125,0.00728851082965876,92.88873576413572,4.835659680387712,0.0,0.0,1.0,True,0.0,8,868.7155419617184
2025-08-07 03:00:00,26.287309207413852,94.9857468933218,0.17143503330998802,0.03760926590263663,0.006957908130689511,92.87850354629647,4.842617588518402,0.0,0.0,1.0,True,0.0,8,868.7155419617184
2025-08-07 04:00:00,26.141393556469193,95.61346272817096,0.1486877470273925,0.03276945926938572,0.004315022325076788,92.87215792523018,4.846932610843479,0.0,0.0,1.0,True,0.0,8,868.7155419617184
2025-08-07 05:00:00,26.33788592904798,94.92279606017078,0.17410582405134065,0.04021747022695656,0.008592677785071905,92.85952163436978,4.8555252886285505,0.0,0.0,1.0,True,0.0,8,868.7155419617184
2025-08-07 06:00:00,27.65280747430687,92.40575435265664,0.28130498340580856,0.08474824483489077,0.055764728037849744,93.07163232843176,4.7112900166664,0.0,0.2,1.0,True,0.0,8,868.7155419617184
2025-08-07 07:00:00,28.59060290126511,90.78997316367676,0.3602850037504652,0.1348557497980204,0.11200177939414543,93.20104147638155,4.623291796060545,0.0,0.2,1.0,True,0.0,8,868.7155419617184
2025-08-07 08:00:00,29.172267662907082,88.79218867470142,0.4534375809601067,0.17889750334487806,0.15545406720869745,93.11949137754523,4.678745863269242,0.0,0.1,1.0,False,0.0,8,868.7155419617184
2025-08-07 09:00:00,31.41001547985393,83.52915802367608,0.7574167276565101,0.3407194449102456,0.3380246950647597,93.06357270833236,4.716770558334002,0.0,0.3,1.0,False,0.0,8,868.7155419617184
2025-08-07 10:00:00,31.83249777158934,82.18072358336451,0.8392797635836841,0.36629992511819137,0.34655933198395455,92.84804427894419,4.863329890317956,0.0,0.2,1.0,False,0.0,8,868.7155419617184
2025-08-07 11:00:00,31.9414002948039,82.44227047312152,0.8320701106687264,0.3555262584223299,0.32985669502729553,92.65707855096286,4.993186585345251,0.0,0.2,1.0,False,0.0,8,868.7155419617184
2025-08-07 12:00:00,32.710073142491694,80.80890184106772,0.9497521580189423,0.4111192942612327,0.39242685907811,92.22703905231859,5.285613444423362,0.0,0.1,1.0,False,0.0,8,868.7155419617184
2025-08-07 13:00:00,31.06732738302142,83.85755248995271,0.7279987372765917,0.3119124362461405,0.27495158589302754,94.02858083777002,4.060565030316389,0.0,1.5,1.0,False,0.0,8,868.7155419617184
2025-08-07 14:00:00,30.088026261583472,87.17751340962339,0.5468194711699128,0.22710205189806826,0.1912122590545732,94.335621633278,3.851777289370962,0.0,0.4,1.0,False,0.0,8,868.7155419617184
2025-08-07 15:00:00,32.024882132148235,83.41113633882722,0.7898729365634953,0.3425543254895654,0.3374159922133255,93.9864804682584,4.089193281584287,0.0,0.1,1.0,False,0.0,8,868.7155419617184
2025-08-07 16:00:00,29.805699930380747,86.8429335257845,0.5520713294828259,0.22768911845259887,0.18557783897931476,96.21357188152412,2.574771120563602,0.0,1.7,1.0,False,0.0,8,868.7155419617184
2025-08-07 17:00:00,28.491807995426694,91.79017851751335,0.3193235315758434,0.10667070710762687,0.06280634207558401,96.26826843729532,2.537577462639186,0.0,0.1,1.0,True,0.0,8,868.7155419617184
2025-08-07 18:00:00,27.071969275238267,99.99999999999999,3.975066504892276e-16,0.008422109282650926,0.0008161606345730476,97.00236231871506,2.038393623273759,0.0,0.5,0.0,True,0.6049562653719913,8,868.7155419617184
2025-08-07 19:00:00,26.584299354492458,98.93794499174767,0.03695215057942066,0.009056952744282405,0.0,97.14942114224448,1.9383936232737589,0.0,0.1,1.0,True,0.0,8,868.7155419617184
2025-08-07 20:00:00,25.83705204203373,98.32587237419716,0.05573499791395736,0.013913668571220646,0.001550687479212436,98.76478777830445,0.8399443107529712,0.0,1.1,1.0,True,0.0,8,868.7155419617184
2025-08-07 21:00:00,25.985883697472303,98.93988165719142,0.03560551457393797,0.007458865950336468,0.0,99.3530230724221,0.43994431075297113,0.0,0.4,1.0,True,0.0,8,868.7155419617184
2025-08-07 22:00:00,25.886439242958442,98.93788880563835,0.035463259586562046,0.007952231733063968,0.0,99.64714071948092,0.23994431075297112,0.0,0.2,1.0,True,0.0,8,868.7155419617184
2025-08-07 23:00:00,25.731666508836838,98.38443049036354,0.05345090945621944,0.011807942786925391,3.428341861318939e-05,99.99994958320792,3.428341861318939e-05,0.0,4.6,1.0,True,0.0,8,873.0755976509654
2025-08-08 00:00:00,26.04449219620964,99.45589320780724,0.01833798164433404,0.0037458125237044425,0.0,100.0,0.0,0.0,0.5,1.0,True,0.06481067677906426,8,873.5755633675468
2025-08-08 01:00:00,25.831044039188665,98.38617102643796,0.053708435001352424,0.011858230408703908,6.837186534965394e-05,99.9998994531392,6.837186534965394e-05,0.0,0.2,1.0,True,0.0,8,873.7755633675469
2025-08-08 02:00:00,25.685984343923103,98.94946581834756,0.03466284880766515,0.008107117175171258,0.0,100.0,0.0,0.0,0.2,1.0,True,0.0,8,873.9754949956815
2025-08-08 03:00:00,25.586460214448326,98.94774687717513,0.034515339829802795,0.007749280465350593,0.0,100.0,0.0,0.0,0.1,1.0,True,0.0,8,874.0754949956815
2025-08-08 04:00:00,25.488981985012646,98.92435162557732,0.03507929923672256,0.007850415037374707,0.0,100.0,0.0,0.0,0.2,1.0,True,0.0,8,874.2754949956816
2025-08-08 05:00:00,25.33782211830225,98.76291001108835,0.039983778663438094,0.011666567164152958,0.0028715331598066405,99.99577715711793,0.0028715331598066405,0.0,1.6,1.0,True,0.0,8,875.8754949956816
2025-08-08 06:00:00,27.20091629619583,94.47646794274338,0.19926594465809522,0.0791774780357478,0.07529660797524426,99.88504685127198,0.0781681411350509,0.0,0.0,1.0,True,0.0,8,875.8754949956816
2025-08-08 07:00:00,29.338439116198153,88.81244863527435,0.456976913130837,0.20820311639490705,0.2119794291224398,99.57331239668015,0.2901475702574907,0.0,0.0,1.0,False,0.0,8,875.8754949956816
2025-08-08 08:00:00,29.939325105970994,86.4899857881317,0.5712467370538141,0.2505973138324661,0.23725414162455563,99.22440924723229,0.5274017118820463,0.0,0.0,1.0,False,0.0,8,875.8754949956816
2025-08-08 09:00:00,30.64958048834062,85.51404666177852,0.6379236416134607,0.28073417834859044,0.26742327009387135,98.83113973238835,0.7948249819759177,0.0,0.0,1.0,False,0.0,8,875.8754949956816
2025-08-08 10:00:00,31.781061328944272,84.29460744189137,0.7375667675203612,0.32983560711298,0.3235924653019442,98.64938610694432,0.9184174472778619,0.0,0.2,1.0,False,0.0,8,875.8754949956816
2025-08-08 11:00:00,33.12567177391403,82.07992623972959,0.9077798022609465,0.4147192471550172,0.41790200769891367,98.47600080150474,1.0363194549767756,0.0,0.3,1.0,False,0.0,8,875.8754949956816
2025-08-08 12:00:00,32.097802287029175,83.49124535674785,0.7893028417389703,0.3600733858412167,0.34212910459222023,99.49686896383497,0.34212910459222023,0.0,3.4,1.0,False,0.0,8,878.2391755407049
2025-08-08 13:00:00,29.850655398747527,87.38073130669595,0.5308741776075951,0.24104435669522772,0.2124452857471804,99.68758046213651,0.2124452857471804,0.0,8.3,1.0,False,0.0,8,886.1970464361127
2025-08-08 14:00:00,30.947683487935546,84.92953546350982,0.6750405699330794,0.2882699636377293,0.2723536956909126,99.58117796847338,0.284798981438093,0.0,0.2,1.0,False,0.0,8,886.1970464361127
2025-08-08 15:00:00,29.066688472757672,89.47528944013673,0.42321344280797607,0.15880835384703143,0.1169973140597235,99.82794512638276,0.1169973140597235,0.0,0.9,1.0,False,0.0,8,886.8122474546747
2025-08-08 16:00:00,29.09491489662654,90.84451234372374,0.3687557151142973,0.13778450335580764,0.10911871874032156,99.81453524588228,0.12611603280004505,0.0,0.1,1.0,True,0.0,8,886.8122474546747
2025-08-08 17:00:00,28.3674674849958,92.68603136673292,0.2824335242115428,0.08975415442161465,0.04917830488200169,99.88927303282053,0.07529433768204674,0.0,0.1,1.0,True,0.0,8,886.8122474546747
2025-08-08 18:00:00,27.298021978600918,100.0,0.0,0.00661196670111392,0.0016624790755978944,99.99755517783,0.0016624790755978944,0.0,0.4,0.0,True,0.2602618631839425,8,887.1369531169926
2025-08-08 19:00:00,25.79654017258845,98.84079555199695,0.038499754882736874,0.011840345780982336,0.0015971566858109837,99.99765124016793,0.0015971566858109837,0.0,4.3,1.0,True,0.0,8,891.435290637917
2025-08-08 20:00:00,26.03035840852167,98.38293045393105,0.05445444477454089,0.010925418504830335,0.00031525592167930164,99.99953638835048,0.00031525592167930164,0.0,3.9,1.0,True,0.0,8,895.3336934812312
2025-08-08 21:00:00,26.027793536517255,98.40960249992344,0.053548152017002026,0.011583100548921579,0.0,100.0,0.0,0.0,8.4,1.0,True,0.0,8,903.7333782253095
2025-08-08 22:00:00,26.06783246786954,97.89063744689781,0.0711897670783331,0.015080680790138032,0.0,100.0,0.0,0.0,1.7,1.0,True,0.0,8,905.4333782253095
2025-08-08 23:00:00,26.065777698575996,97.91225027698293,0.07045179294312995,0.015231140096148833,0.0,100.0,0.0,0.0,2.5,1.0,True,0.0,8,907.9333782253095
2025-08-09 00:00:00,25.835631383480415,98.33951196391715,0.05527626107825716,0.012738443356734292,0.001220571179852594,99.99820504238257,0.001220571179852594,0.0,3.2,1.0,True,0.0,8,911.1333782253096
2025-08-09 01:00:00,25.54529134121214,99.45624800745838,0.01779231173106453,0.005048116147804058,0.0,100.0,0.0,0.0,3.7,1.0,True,0.0,8,914.8321576541297
2025-08-09 02:00:00,25.500004429692172,99.99998477986831,4.966873054760655e-07,0.00034240580227764693,0.0,100.0,0.0,0.0,2.2,1.0,True,0.00646355089170686,8,917.0321576541297
2025-08-09 03:00:00,25.443052408548546,99.48154459439455,0.01686195998055527,0.0036414713437476235,0.0,100.0,0.0,0.0,1.1,1.0,True,0.0,8,918.1321576541297
2025-08-09 04:00:00,25.486634079794683,98.94900240996866,0.03427060659733895,0.007098469433081974,0.0,100.0,0.0,0.0,0.7,1.0,True,0.0,8,918.8321576541298
2025-08-09 05:00:00,25.5090019705331,98.87508835891029,0.036729492267792506,0.00899054295224069,0.00040407264075236333,99.9994057755283,0.00040407264075236333,0.0,0.4,1.0,True,0.0,8,919.2321576541298
2025-08-09 06:00:00,26.84067552546697,92.33553583211972,0.27072035822704027,0.08829523360174364,0.06079658728917672,99.90999902951481,0.06120065992992909,0.0,0.0,1.0,True,0.0,8,919.2321576541298
2025-08-09 07:00:00,28.60846273499093,85.52950213488445,0.5666545151249076,0.21786698271963995,0.17538870885251023,99.65207445767288,0.23658936878243933,0.0,0.0,1.0,False,0.0,8,919.2321576541298
2025-08-09 08:00:00,29.827205659838572,80.25580770083528,0.8294915085487011,0.33878369426460375,0.30740482385041307,99.2000085402458,0.5439941926328524,0.0,0.0,1.0,False,0.0,8,919.2321576541298
2025-08-09 09:00:00,29.3126026934213,83.50135139842786,0.6729158231282639,0.279461893267829,0.24287468157962877,98.842839890864,0.7868688742124812,0.0,0.0,1.0,False,0.0,8,919.2321576541298
2025-08-09 10:00:00,32.562001046556475,77.91413695179868,1.0839469440315452,0.5116113011250765,0.5108527996653079,98.09158577370913,1.2977216738777893,0.0,0.0,1.0,False,0.0,8,919.2321576541298
2025-08-09 11:00:00,33.330724268426955,76.88064053650992,1.184685938943623,0.5665553626477006,0.552175707562333,97.42662149788217,1.7498973814401222,0.0,0.1,1.0,False,0.0,8,919.2321576541298
2025-08-09 12:00:00,33.64654731350527,75.08816369200706,1.2992687048798135,0.5971699524591169,0.5693819157675275,96.58929515116522,2.3192792972076495,0.0,0.0,1.0,False,0.0,8,919.2321576541298
2025-08-09 13:00:00,32.92106330063041,73.8001534243875,1.3120669977872998,0.5757752998899787,0.5298549457105274,95.81009670159092,2.849134242918177,0.0,0.0,1.0,False,0.0,8,919.2321576541298
2025-08-09 14:00:00,32.35037206709884,73.19487891528867,1.2999758216403139,0.5110146523052382,0.44774939384098483,95.15164171064829,3.2968836367591616,0.0,0.0,1.0,False,0.0,8,919.2321576541298
2025-08-09 15:00:00,31.397280144920433,74.74532720984716,1.160504701758064,0.4343287778782184,0.36673211325040594,94.6123297793977,3.6636157500095674,0.0,0.0,1.0,False,0.0,8,919.2321576541298
2025-08-09 16:00:00,30.17331215900216,79.49406544837845,0.8787669065804267,0.3088122316721862,0.24402097991810126,94.25347539716519,3.9076367299276686,0.0,0.0,1.0,False,0.0,8,919.2321576541298
2025-08-09 17:00:00,28.50440004721707,86.06996182738523,0.5422090240237474,0.17076237232509894,0.10882129979718996,94.09344407393402,4.016458029724858,0.0,0.0,1.0,False,0.0,8,919.2321576541298
2025-08-09 18:00:00,28.069638151414857,99.91311822125357,0.00329741030689024,0.014943657747799509,0.00714451025868027,94.08293744120067,4.023602539983538,0.0,0.0,0.0,True,0.17996214428466564,8,919.2321576541298
2025-08-09 19:00:00,27.26675651012508,94.86037974645224,0.1861323261201775,0.0410050233582905,0.0,94.08293744120067,4.023602539983538,0.0,0.0,1.0,True,0.0,8,919.2321576541298
2025-08-09 20:00:00,27.26727081220999,94.85255715065797,0.18642123631411164,0.04026254566345876,0.0,94.08293744120067,4.023602539983538,0.0,0.0,1.0,True,0.0,8,919.2321576541298
2025-08-09 21:00:00,27.10786667640776,94.29199378934437,0.20480125290832565,0.044559745777215366,5.482585896233991e-06,94.08292937857436,4.023608022569435,0.0,0.0,1.0,True,0.0,8,919.2321576541298
2025-08-09 22:00:00,26.700287123805012,94.62288873296532,0.18836707037411082,0.042077186580633766,0.0038392852072139105,94.0772833709167,4.027447307776648,0.0,0.0,1.0,True,0.0,8,919.2321576541298
2025-08-09 23:00:00,26.21889349393753,94.51878791459418,0.18664522416622245,0.04173882964710186,0.005224729290542647,94.06959994548943,4.032672037067191,0.0,0.0,1.0,True,0.0,8,919.2321576541298
2025-08-10 00:00:00,26.130744509877122,94.4173077055588,0.1891141129921883,0.04107384213886037,0.009523965370816479,94.05559411406175,4.042196002438008,0.0,0.0,1.0,True,0.0,8,919.2321576541298
2025-08-10 01:00:00,25.860315824567483,95.46394655341378,0.15122218955385155,0.03380265088364978,0.00917949648389673,94.04209485452661,4.051375498921905,0.0,0.0,1.0,True,0.0,8,919.2321576541298
2025-08-10 02:00:00,25.517972765974807,97.30924516509546,0.08790261635730691,0.02062199323712868,0.0007688249291119947,94.04096422963086,4.052144323851016,0.0,0.0,1.0,True,0.0,8,919.2321576541298
2025-08-10 03:00:00,25.312099371603235,97.38961292377734,0.08424103221854148,0.018845653796012496,0.0,94.04096422963086,4.052144323851016,0.0,0.0,1.0,True,0.0,8,919.2321576541298
2025-08-10 04:00:00,24.97371748403737,97.90557549042566,0.06624291625407563,0.015486154994954628,0.0,94.04096422963086,4.052144323851016,0.0,0.0,1.0,True,0.0,8,919.2321576541298
2025-08-10 05:00:00,25.21371233426431,96.62791616027842,0.10818749465725948,0.024929134223917605,0.004815347708163062,94.03388283594238,4.05695967155918,0.0,0.0,1.0,True,0.0,8,919.2321576541298
2025-08-10 06:00:00,27.064129847560956,93.28195433010735,0.24042381501700175,0.0823754552823831,0.08313992353731064,93.91161824250516,4.1400995950964905,0.0,0.0,1.0,True,0.0,8,919.2321576541298
2025-08-10 07:00:00,29.121857806850876,88.2672589670696,0.4732955437852075,0.20215786828909504,0.25075340751532554,93.54286323145321,4.390853002611816,0.0,0.0,1.0,False,0.0,8,919.2321576541298
2025-08-10 08:00:00,30.668355621117342,84.83694162811109,0.6684575247571691,0.29768008257989054,0.37576685604463006,92.99026491374052,4.766619858656447,0.0,0.0,1.0,False,0.0,8,919.2321576541298
2025-08-10 09:00:00,31.724050143949576,80.92318694653477,0.8930106773369862,0.38345909575318515,0.4669187023776291,92.30361976318518,5.233538561034075,0.0,0.0,1.0,False,0.0,8,919.2321576541298
2025-08-10 10:00:00,31.16758615389748,82.055619892894,0.8138913144151915,0.3369708824473543,0.3807636872938774,93.0672025759883,4.714302248327953,0.0,0.9,1.0,False,0.0,8,919.2321576541298
2025-08-10 11:00:00,30.8797742791048,81.5294119729541,0.8241453910913714,0.3221033264408548,0.3520633736336133,92.54946232064476,5.066365621961566,0.0,0.0,1.0,False,0.0,8,919.2321576541298
2025-08-10 12:00:00,31.369938588970808,80.80565499041118,0.8806520881096522,0.35544913390232047,0.40596080762388953,92.09951995649197,5.372326429585456,0.0,0.1,1.0,False,0.0,8,919.2321576541298
2025-08-10 13:00:00,32.32243951120211,78.17689345858508,1.0566965175460776,0.4385074930905738,0.5180387973933834,91.48475701914876,5.79036522697884,0.0,0.1,1.0,False,0.0,8,919.2321576541298
2025-08-10 14:00:00,31.640960920009082,78.96323411716693,0.9801348873756934,0.40639964347405505,0.463308140998971,90.9504803412091,6.153673367977811,0.0,0.1,1.0,False,0.0,8,919.2321576541298
2025-08-10 15:00:00,30.43271529845658,85.73836875015832,0.620312422923675,0.27236636660862973,0.3088777389187894,90.79036601926971,6.2625511068966,0.0,0.2,1.0,False,0.0,8,919.2321576541298
2025-08-10 16:00:00,29.949521641080025,87.51220543015263,0.5283330455067982,0.20793716533612328,0.21584792717202594,90.4729425969579,6.478399034068627,0.0,0.0,1.0,False,0.0,8,919.2321576541298
2025-08-10 17:00:00,28.889108581627816,89.56659275604609,0.41525788174266964,0.13590705065741393,0.10095697584834133,90.32447645600445,6.579356009916968,0.0,0.0,1.0,False,0.0,8,919.2321576541298
2025-08-10 18:00:00,28.169191139614835,99.9261571660574,0.0028188228921813916,0.011352824166294587,0.003483331011374782,90.31935391039949,6.582839340928343,0.0,0.0,0.0,True,0.15740941594043142,8,919.2321576541298
2025-08-10 19:00:00,27.130495096386806,96.9086975217353,0.11106205399038112,0.026203133643532994,0.0,90.31935391039949,6.582839340928343,0.0,0.0,1.0,True,0.0,8,919.2321576541298
2025-08-10 20:00:00,27.0347021523894,96.87374699097322,0.11168867816954965,0.024413673907089577,0.0007292964426310473,90.31828141563092,6.583568637370974,0.0,0.0,1.0,True,0.0,8,919.2321576541298
2025-08-10 21:00:00,27.19659997639693,97.38730920137067,0.09423113226713194,0.02003097612090913,0.0009865164130429794,90.31683065619998,6.5845551537840175,0.0,0.0,1.0,True,0.0,8,919.2321576541298
2025-08-10 22:00:00,27.115290917915612,98.4837672909536,0.05442557613748955,0.012400602278099443,0.0,90.31683065619998,6.5845551537840175,0.0,0.0,1.0,True,0.0,8,919.2321576541298
2025-08-10 23:00:00,26.73262335056205,98.3300942241313,0.05861025188812768,0.013689548452209419,0.0028071972712199276,94.13623183668346,3.9873623510552374,0.0,2.6,1.0,True,0.0,8,919.2321576541298
2025-08-11 00:00:00,26.091206305650953,98.88400884337558,0.037716102045834005,0.010137206132348581,0.0008780936032781836,96.19376405197278,2.5882404446585157,0.0,1.4,1.0,True,0.0,8,919.2321576541298
2025-08-11 01:00:00,25.546759291089668,99.44148086167142,0.018277104443388925,0.005636988501481903,0.0,96.63494052256101,2.288240444658516,0.0,0.3,1.0,True,0.0,8,919.2321576541298
2025-08-11 02:00:00,25.184648953410797,97.77553241551728,0.07124494974488899,0.015837848118698213,0.0021077760630554983,96.77889967540946,2.1903482207215714,0.0,0.1,1.0,True,0.0,8,919.2321576541298
2025-08-11 03:00:00,25.18859237056136,98.93812477858991,0.03401757543903583,0.007715939488500923,0.0,96.77889967540946,2.1903482207215714,0.0,0.0,1.0,True,0.0,8,919.2321576541298
2025-08-11 04:00:00,25.13600138883441,98.3680968025456,0.05211532792196253,0.011218604525312828,0.0,96.77889967540946,2.1903482207215714,0.0,0.0,1.0,True,0.0,8,919.2321576541298
2025-08-11 05:00:00,25.194205789296724,98.29680476856237,0.05458072542691263,0.015030156963157171,0.00203026030112408,96.77591399849604,2.1923784810226956,0.0,0.0,1.0,True,0.0,8,919.2321576541298
2025-08-11 06:00:00,25.906324721204665,97.5174179800067,0.08298950760457177,0.02323430790064441,0.012152365136077444,99.9821288747999,0.012152365136077444,0.0,2.7,1.0,True,0.0,8,919.7397791731071
2025-08-11 07:00:00,26.615300774466107,96.85774168368266,0.10952843203215067,0.04646044103856378,0.053746197981485236,99.92096147355663,0.053746197981485236,0.0,1.9,1.0,True,0.0,8,921.627626807971
2025-08-11 08:00:00,26.764000512222776,96.18112943936772,0.1342819188531898,0.05544552906118172,0.059301728470733436,99.91279157577834,0.059301728470733436,0.0,1.4,1.0,True,0.0,8,922.9738806099895
2025-08-11 09:00:00,27.7647750787316,94.42413675601512,0.2078942445038099,0.10146716673576339,0.13330447999722786,99.80396400000407,0.13330447999722786,0.0,1.1,1.0,True,0.0,8,924.0145788815188
2025-08-11 10:00:00,28.785153726082374,91.47305129383093,0.3373441353473078,0.15618705709709535,0.20002715937661042,99.70584241268145,0.20002715937661042,0.0,0.7,1.0,True,0.0,8,924.5812744015216
2025-08-11 11:00:00,30.800382546763267,85.22029717922267,0.6564830632087522,0.31559596752857993,0.41601403621923244,99.38817471235906,0.41604119559584285,0.0,0.2,1.0,False,0.0,9,924.5812744015216
2025-08-11 12:00:00,30.366403891266298,85.23345751669076,0.639842663367202,0.2856869811594794,0.3392529180896089,98.88927336222729,0.7552941136854517,0.0,0.0,1.0,False,0.0,9,924.5812744015216
2025-08-11 13:00:00,31.096049789704203,83.6621300458528,0.7380170614017776,0.33571633259941025,0.4135662275839355,98.28108773342737,1.1688603412693872,0.0,0.0,1.0,False,0.0,9,924.5812744015216
2025-08-11 14:00:00,32.5577917677638,80.65535217445598,0.9491866124868171,0.43435850106360124,0.5451455312634016,97.47940312862825,1.714005872532789,0.0,0.0,1.0,False,0.0,9,924.5812744015216
2025-08-11 15:00:00,31.918081374047645,81.27254797943544,0.8863345514898009,0.3862876293801668,0.4553767603871346,96.80973142217658,2.1693826329199233,0.0,0.0,1.0,False,0.0,9,924.5812744015216
2025-08-11 16:00:00,30.773311874401028,83.74483243408315,0.7209064198885442,0.27800161024413994,0.28587406434555723,96.3893283863743,2.4552566972654803,0.0,0.0,1.0,False,0.0,9,924.5812744015216
2025-08-11 17:00:00,29.286988736612603,88.63282897210942,0.4629385621803106,0.15465147113350225,0.12115617246487952,96.21115754451418,2.5764128697303597,0.0,0.0,1.0,False,0.0,9,924.5812744015216
2025-08-11 18:00:00,29.051409067705855,99.60845068140458,0.01573085975197406,0.015074894926349223,0.006859953838913697,96.34812820063343,2.483272823569273,0.0,0.1,0.0,True,0.13137129307951473,9,924.5812744015216
2025-08-11 19:00:00,27.876573063564972,94.66294638874174,0.20029162784996393,0.04511224112889623,0.007215842975752123,96.33751666684554,2.4904886665450254,0.0,0.0,1.0,True,0.0,9,924.5812744015216
2025-08-11 20:00:00,27.600228155025786,95.82862572638676,0.15404180921185204,0.03459027025506123,0.0023937153800839203,96.33399649716895,2.492882381925109,0.0,0.0,1.0,True,0.0,9,924.5812744015216
2025-08-11 21:00:00,27.491498868755766,97.41411274167511,0.09488774975217054,0.021414876392762558,0.0006103349280433593,97.80368718109831,1.4934927168531524,0.0,1.0,1.0,True,0.0,9,924.5812744015216
2025-08-11 22:00:00,27.318150125927694,98.44448478954615,0.05650301117996161,0.013117330216892728,0.0,97.80368718109831,1.4934927168531524,0.0,0.0,1.0,True,0.0,9,924.5812744015216
2025-08-11 23:00:00,27.153115021675127,97.96887569958132,0.07306954671031336,0.016141171616257853,0.0,97.80368718109831,1.4934927168531524,0.0,0.0,1.0,True,0.0,9,924.5812744015216
2025-08-12 00:00:00,26.99040434072161,97.46877103375161,0.0901961311368632,0.01982948315934904,0.0,98.09780482815714,1.2934927168531525,0.0,0.2,1.0,True,0.0,9,924.5812744015216
2025-08-12 01:00:00,26.703876652658067,97.35558460549323,0.09265680067009224,0.020851686087651776,0.0011827727100504168,98.24312428005412,1.1946754895632028,0.0,0.1,1.0,True,0.0,9,924.5812744015216
2025-08-12 02:00:00,26.660101440249,96.661178782331,0.11668707590356298,0.025081286506182604,0.006447651231980304,98.67481891059532,0.9011231407951831,0.0,0.3,1.0,True,0.0,9,924.5812744015216
2025-08-12 03:00:00,26.110176398911573,96.07565245213459,0.13277617513133333,0.03005447059588154,0.007442242658473587,99.69328620080344,0.20856538345365672,0.0,0.7,1.0,True,0.0,9,924.5812744015216
2025-08-12 04:00:00,25.81381084787344,97.3276981398782,0.08884387296295479,0.020503205914602682,0.0004359028953827233,99.99935896633032,0.0004359028953827233,0.0,2.0,1.0,True,0.0,9,926.3727090180679
2025-08-12 05:00:00,25.84397050701743,97.29668616729727,0.09003548832081561,0.02125584046205082,0.0015464548611743305,99.99772580167475,0.0015464548611743305,0.0,1.0,1.0,True,0.0,9,927.3722731151726
2025-08-12 06:00:00,26.703331780707583,97.91366803364843,0.0730999570982714,0.024501179588364976,0.019235507992510222,99.97171248824631,0.019235507992510222,0.0,2.4,1.0,True,0.05882338645813931,9,929.7707266603114
2025-08-12 07:00:00,26.840416746495315,95.7955027945982,0.14850688362622527,0.05421771476156417,0.047237658581639586,99.930532855027,0.047237658581639586,0.0,0.6,1.0,True,0.0,9,930.3514911523189
2025-08-12 08:00:00,30.466813083794328,87.59463973431482,0.5406263221812472,0.26210173332476233,0.3614094801499309,99.46851547036775,0.3614094801499309,0.0,0.1,1.0,False,0.0,9,930.4042534937372
2025-08-12 09:00:00,32.2445552762537,83.36439239327672,0.801982682624945,0.3791599422484439,0.5031746973200524,98.87561150372062,0.7645841774699833,0.0,0.1,1.0,False,0.0,9,930.4042534937372
2025-08-12 10:00:00,32.74395039458087,81.25974117087273,0.9292080764044096,0.4166736932857596,0.5209291697918798,98.25659801873256,1.185513347261863,0.0,0.1,1.0,False,0.0,9,930.4042534937372
2025-08-12 11:00:00,28.629120479368893,92.64255600478806,0.28845747140774636,0.11669929990425658,0.07716906583966752,99.88651607964755,0.07716906583966752,0.0,1.2,1.0,True,0.0,9,930.4187401464753
2025-08-12 12:00:00,27.842092195515082,94.1348704483376,0.2196675934082029,0.07963521988941348,0.06689572571896407,99.90162393276623,0.06689572571896407,0.0,2.5,1.0,True,0.0,9,932.8415710806356
2025-08-12 13:00:00,28.2011743782305,93.4520490735734,0.2504220042750792,0.111888782109493,0.13361169723291938,99.80351220995158,0.13361169723291938,0.0,2.3,1.0,True,0.0,9,935.0746753549166
2025-08-12 14:00:00,28.927112860864746,92.16118141111944,0.3126776312309255,0.1586454460516464,0.20888971605767298,99.69280924109167,0.20888971605767298,0.0,1.3,1.0,True,0.0,9,936.2410636576838
2025-08-12 15:00:00,30.409211513758883,88.84617634185665,0.48448619478558425,0.23374377619846934,0.31054307927541536,99.53024588921605,0.3194327953330883,0.0,0.2,1.0,False,0.0,9,936.2410636576838
2025-08-12 16:00:00,30.02737267966603,89.08129274832271,0.4640157273482918,0.20178969221094675,0.23441793481260853,99.18551363213868,0.5538507301456969,0.0,0.0,1.0,False,0.0,9,936.2410636576838
2025-08-12 17:00:00,28.72164439548836,92.28561306756224,0.30407733096959705,0.10692360623434209,0.0868321335814856,99.05781931804826,0.6406828637271824,0.0,0.0,1.0,True,0.0,9,936.2410636576838
2025-08-12 18:00:00,27.93916745786756,100.0,0.0,0.007383596039085419,0.004582870103350422,99.93343274436687,0.04526573383053286,0.0,0.6,0.0,True,0.2047361667637651,9,936.2410636576838
2025-08-12 19:00:00,26.900200861904402,99.9993219684064,2.4032955072880817e-05,0.003124281029555566,0.0,100.0,0.0,0.0,5.2,1.0,True,0.0,9,941.3957979238533
2025-08-12 20:00:00,26.644434830263194,99.4483925062643,0.019260144000817523,0.0046812326427186825,0.0,100.0,0.0,0.0,0.3,1.0,True,0.0,9,941.6957979238532
2025-08-12 21:00:00,26.69984765486683,99.99999999999997,1.166745734855467e-15,0.00034668259201472946,0.0,100.0,0.0,0.0,0.8,1.0,True,0.06116538606722871,9,942.4957979238532
2025-08-12 22:00:00,26.34745711848471,99.42352571385042,0.019779427240155908,0.004986552624450592,0.00019419574508464834,99.99971441802194,0.00019419574508464834,0.0,0.6,1.0,True,0.0,9,943.0957979238532
2025-08-12 23:00:00,26.14751278367567,99.42553035757454,0.019479480293772885,0.004736352917462317,2.9973797085241658e-05,99.99995592088663,2.9973797085241658e-05,0.0,2.6,1.0,True,0.0,9,945.6956037281082
2025-08-13 00:00:00,25.947412560813536,99.42914755732744,0.019129290857405334,0.00466572575232214,0.0,100.0,0.0,0.0,0.5,1.0,True,0.0,9,946.1955737543111
2025-08-13 01:00:00,25.945854184690365,99.44426438683396,0.01862100905675316,0.004031718900070365,0.0,100.0,0.0,0.0,1.0,1.0,True,0.0,9,947.1955737543111
2025-08-13 02:00:00,25.9463678905286,99.4392044852511,0.01879112181560714,0.0040557052101522825,0.0,100.0,0.0,0.0,1.9,1.0,True,0.0,9,949.0955737543111
2025-08-13 03:00:00,25.945804776896715,99.444752879249,0.01860458680214652,0.004022083494819998,0.0,100.0,0.0,0.0,2.8,1.0,True,0.0,9,951.895573754311
2025-08-13 04:00:00,25.789977012416827,98.90477625875563,0.03636068159546293,0.008109600598919735,0.0,100.0,0.0,0.0,3.3,1.0,True,0.0,9,955.195573754311
2025-08-13 05:00:00,25.796860750177327,98.88277565542518,0.037106206652373325,0.008370052330031873,0.000624647995426241,99.99908140000673,0.000624647995426241,0.0,6.7,1.0,True,0.0,9,961.895573754311
2025-08-13 06:00:00,26.263586710674453,97.30231671152045,0.09210358517126631,0.029489261151565128,0.022461421666947406,99.9669684975486,0.022461421666947406,0.0,1.8,1.0,True,0.0,9,963.6949491063156
2025-08-13 07:00:00,26.109250769927097,95.7814271083111,0.14272317728647246,0.05174051866836958,0.04800890311828418,99.92939867188487,0.04800890311828418,0.0,2.6,1.0,True,0.0,9,966.2724876846486
2025-08-13 08:00:00,26.195240885735693,96.93648399318867,0.104172756252858,0.04253762936389671,0.042926915272205976,99.93687218342323,0.042926915272205976,0.0,2.8,1.0,True,0.0,9,969.0244787815303
2025-08-13 09:00:00,26.387589431473117,94.48903645243493,0.18953470639691786,0.07696673912021829,0.08410053539263086,99.87632274206966,0.08410053539263086,0.0,3.4,1.0,True,0.0,9,972.3815518662581
2025-08-13 10:00:00,26.65509715969348,94.78154799120065,0.18232383684837247,0.0842128752001275,0.09781429142444041,99.8561554537876,0.09781429142444041,0.0,2.8,1.0,True,0.0,9,975.0974513308654
2025-08-13 11:00:00,27.425968359117558,92.21330469978078,0.2846360342360583,0.14428125757427662,0.18186351138582463,99.73255365972673,0.18186351138582463,0.0,2.1,1.0,True,0.0,9,977.099637039441
2025-08-13 12:00:00,27.623093842264883,93.82276281501049,0.22841974059983908,0.13725051834243956,0.17993571463723215,99.73538865494524,0.17993571463723215,0.0,1.9,1.0,True,0.0,9,978.8177735280551
2025-08-13 13:00:00,27.62735273225478,93.07669938993223,0.25607108764842457,0.14822830613481194,0.19116534132068455,99.71887449805782,0.19116534132068455,0.0,0.9,1.0,True,0.0,9,979.5378378134179
2025-08-13 14:00:00,28.522864576889017,92.66718709454929,0.2857262567753488,0.1650665801904545,0.2219698180585088,99.67357379697278,0.2219698180585088,0.0,0.4,1.0,True,0.0,9,979.7466724720972
2025-08-13 15:00:00,28.618834800938988,86.92788443264173,0.5122026601173546,0.2207463534407217,0.25814520300874294,99.62037470145772,0.25814520300874294,0.0,0.4,1.0,False,0.0,11,979.9247026540387
2025-08-13 16:00:00,27.012473639985835,95.22133872293567,0.17050024994249274,0.08037805750840869,0.07908032550979018,99.88370540366208,0.07908032550979018,0.0,1.4,1.0,True,0.0,11,981.06655745103
2025-08-13 17:00:00,26.41054227697397,97.1778609342858,0.09719123481949361,0.03795108443007211,0.030351641746652128,99.95536523272551,0.030351641746652128,0.0,1.6,1.0,True,0.0,11,982.5874771255202
2025-08-13 18:00:00,25.979046364357547,97.02280604076346,0.09995269079234301,0.025781846600730268,0.010015082625062906,99.9406371700416,0.04036672437171503,0.0,0.0,1.0,True,0.0,11,982.5874771255202
2025-08-13 19:00:00,25.92895777651402,97.16788839458798,0.09480066037071398,0.020667169874663945,0.005763739718292174,99.93216108222059,0.046130464090007206,0.0,0.0,1.0,True,0.0,11,982.5874771255202
2025-08-13 20:00:00,25.637991820551445,97.10160796856779,0.09536212535487736,0.02135531339750755,0.007318509817224896,99.92139856778348,0.053448973907232106,0.0,0.0,1.0,True,0.0,11,982.5874771255202
2025-08-13 21:00:00,25.29158338827297,96.4760821578271,0.11358344512974874,0.025228722222950643,0.009659959917656462,99.90719274437517,0.06310893382488857,0.0,0.0,1.0,True,0.0,11,982.5874771255202
2025-08-13 22:00:00,25.19350250814433,97.68656090581531,0.07413354618291138,0.016688959302533377,0.004850189192452753,99.90006011320979,0.06795912301734132,0.0,0.0,1.0,True,0.0,11,982.5874771255202
2025-08-13 23:00:00,25.095392601811415,98.87068074892187,0.0359781008423789,0.008435842178819085,0.0005684404166365777,99.89922417142061,0.0685275634339779,0.0,0.0,1.0,True,0.0,11,982.5874771255202
2025-08-14 00:00:00,25.09362561844538,98.88860555371751,0.035403324727593166,0.007657947805600688,0.0,99.89922417142061,0.0685275634339779,0.0,0.0,1.0,True,0.0,11,982.5874771255202
2025-08-14 01:00:00,25.04003536076584,98.33091112504924,0.052999243955973115,0.011410632130583095,0.0010218521343747964,99.8977214476936,0.06954941556835269,0.0,0.0,1.0,True,0.0,11,982.5874771255202
2025-08-14 02:00:00,24.90985738162419,99.17902910949854,0.025867220600615817,0.006223372354586537,0.0,99.8977214476936,0.06954941556835269,0.0,0.0,0.2,True,0.0,11,982.5874771255202
2025-08-14 03:00:00,24.692543098129917,98.91304021071544,0.03380689424470412,0.007827278367392372,0.0,99.8977214476936,0.06954941556835269,0.0,0.0,1.0,True,0.0,11,982.5874771255202
2025-08-14 04:00:00,24.73955535196873,98.34980414054789,0.05146904169213351,0.01080386853822859,0.0001441802275747614,99.89750941794716,0.06969359579592745,0.0,0.0,1.0,True,0.0,11,982.5874771255202
2025-08-14 05:00:00,24.924256099235112,97.69931935338279,0.07255227953012179,0.01723336433133147,0.003878930711177151,99.89180510807779,0.0735725265071046,0.0,0.0,1.0,True,0.0,11,982.5874771255202
2025-08-14 06:00:00,26.43777550476045,93.24518065048238,0.23300183068228433,0.0749540581510289,0.072527892512096,99.78514644261882,0.1461004190192006,0.0,0.0,1.0,True,0.0,11,982.5874771255202
2025-08-14 07:00:00,26.760900841837735,92.40886470549528,0.26687642651452087,0.09760928922738178,0.09508677485907374,99.645312950179,0.24118719387827434,0.0,0.0,1.0,True,0.0,11,982.5874771255202
2025-08-14 08:00:00,28.045153027177292,88.17938424010235,0.44798708775438395,0.17663562842738129,0.19879158561794213,99.3529723830938,0.43997877949621644,0.0,0.0,1.0,False,0.0,11,982.5874771255202
2025-08-14 09:00:00,30.254062494714915,83.11396488488411,0.7269927937952821,0.31347247266577466,0.38500672477393866,98.78678602313212,0.824985504270155,0.0,0.0,1.0,False,0.0,11,982.5874771255202
2025-08-14 10:00:00,38.97801013860305,88.24467187031136,0.8209004676279014,0.429343427572756,0.6778116493119154,97.79000418590871,1.5027971535820703,0.0,0.0,0.2,False,0.0,11,982.5874771255202
2025-08-14 11:00:00,33.93265960478359,75.41310441706051,1.3029452539406923,0.5963038652627989,0.7197723678740798,96.7315154096233,2.2225695214561503,0.0,0.0,1.0,False,0.0,11,982.5874771255202
2025-08-14 12:00:00,34.295612644067084,73.18783451365405,1.4498516428829946,0.6264678806308526,0.7635627533455382,95.60862900764458,2.9861322748016885,0.0,0.0,1.0,False,0.0,11,982.5874771255202
2025-08-14 13:00:00,34.28845013558043,73.07417967049037,1.455418170692395,0.6123403921946502,0.7275565417849169,94.53869291678441,3.7136888165866053,0.0,0.0,1.0,False,0.0,11,982.5874771255202
2025-08-14 14:00:00,33.191008320401174,75.07116422401512,1.2674547779303824,0.5117753007394849,0.5701879816242958,93.70018117910162,4.283876798210901,0.0,0.0,1.0,False,0.0,11,982.5874771255202
2025-08-14 15:00:00,32.40339217008387,76.78278142980884,1.1293414068256398,0.4245234011439853,0.4126014988568691,93.09341426901798,4.69647829706777,0.0,0.0,1.0,False,0.0,11,982.5874771255202
2025-08-14 16:00:00,31.293479782592716,78.96463991069774,0.9609377596024627,0.32714466488436345,0.27057482152735957,92.84256894324245,4.8670531185951305,0.0,0.1,1.0,False,0.0,11,982.5874771255202
2025-08-14 17:00:00,33.13887869375203,100.0,0.0,0.06046749191774231,0.112580963474503,92.82406752636818,4.879634082069634,0.0,0.1,0.0,True,1.4745041455698966,11,982.5874771255202
2025-08-14 18:00:00,27.905973074738203,91.72320445751376,0.3111483557408462,0.08401082261649838,0.009539733487775457,92.81003850653322,4.88917381555741,0.0,0.0,1.0,True,0.0,11,982.5874771255202
2025-08-14 19:00:00,27.469472861206683,93.42639861747492,0.24090441754631298,0.05404552476862718,0.0,92.81003850653322,4.88917381555741,0.0,0.0,1.0,True,0.0,11,982.5874771255202
2025-08-14 20:00:00,27.046990570033312,93.92599647665975,0.2171566163544691,0.04838705789336563,0.0,92.81003850653322,4.88917381555741,0.0,0.0,1.0,True,0.0,11,982.5874771255202
2025-08-14 21:00:00,26.82768712839951,95.66131120643394,0.15313211211446737,0.03436947522706537,0.0,92.81003850653322,4.88917381555741,0.0,0.0,1.0,True,0.0,11,982.5874771255202
2025-08-14 22:00:00,26.590927202900055,96.21104056820074,0.13188094830515415,0.029397635310833222,0.0,92.81003850653322,4.88917381555741,0.0,0.0,1.0,True,0.0,11,982.5874771255202
2025-08-14 23:00:00,26.408738044659124,97.33042896341247,0.09192719219399123,0.020797707883543338,0.0,92.81003850653322,4.88917381555741,0.0,0.0,1.0,True,0.0,11,982.5874771255202
2025-08-15 00:00:00,26.171075688922908,97.85110234745194,0.07296762444208307,0.016647027597467855,0.0,92.81003850653322,4.88917381555741,0.0,0.0,1.0,True,0.0,11,982.5874771255202
2025-08-15 01:00:00,26.08666764825224,98.9289674926877,0.036186973318144106,0.008435134260821485,0.0,92.81003850653322,4.88917381555741,0.0,0.0,1.0,True,0.0,11,982.5874771255202
2025-08-15 02:00:00,25.986114844203925,98.93799230083089,0.03566945860778455,0.008004313435849153,0.0,92.81003850653322,4.88917381555741,0.0,0.0,1.0,True,0.0,11,982.5874771255202
2025-08-15 03:00:00,25.88569962033591,98.94565190830743,0.03520251373092312,0.007904414576115005,0.0,92.95709733006264,4.78917381555741,0.0,0.1,1.0,True,0.0,11,982.5874771255202
2025-08-15 04:00:00,25.824752835066334,98.45240212470858,0.05148507981752012,0.011142361823763814,0.0,93.10415615359204,4.68917381555741,0.0,0.1,1.0,True,0.0,11,982.5874771255202
2025-08-15 05:00:00,26.175963876908604,97.2055493721292,0.09491530442421343,0.022837934798562904,0.0,93.10415615359204,4.68917381555741,0.0,0.0,1.0,True,0.0,11,982.5874771255202
2025-08-15 06:00:00,28.309951948579933,91.32968897631459,0.3336930267103711,0.11152775114686649,0.08430089660057533,92.9801842468265,4.773474712157985,0.0,0.0,1.0,True,0.0,11,982.5874771255202
2025-08-15 07:00:00,29.35817983651109,82.4362226452379,0.718242817396723,0.2638356767927395,0.2642917798716318,94.94446104113291,3.437766492029617,0.0,1.6,1.0,False,0.0,11,982.5874771255202
2025-08-15 08:00:00,31.03424178449994,82.83548837530957,0.7726360513597793,0.3479153022902657,0.40748361178476533,96.55110278850826,2.345250103814382,0.0,1.5,1.0,False,0.0,11,982.5874771255202
2025-08-15 09:00:00,32.681732587663795,80.07685273665867,0.9844110214560484,0.45043788342771196,0.5469785949220103,95.89378132538766,2.792228698736392,0.0,0.1,1.0,False,0.0,11,982.5874771255202
2025-08-15 10:00:00,34.00925379102166,78.01672514086034,1.169950222579524,0.5455963854411394,0.680317760608516,94.89331403037514,3.4725464593449082,0.0,0.0,1.0,False,0.0,11,982.5874771255202
2025-08-15 11:00:00,34.826220756316324,75.3670121724767,1.3717865422890572,0.6149878866882242,0.7449205781315507,93.79784259194638,4.2174670374764585,0.0,0.0,1.0,False,0.0,11,982.5874771255202
2025-08-15 12:00:00,35.12503821694941,72.50481285398193,1.5566828893361173,0.6628256236603342,0.7683969002115923,92.66784715045875,4.985863937688051,0.0,0.0,1.0,False,0.0,11,982.5874771255202
2025-08-15 13:00:00,34.71136867940255,72.41300504847298,1.5265543558618924,0.6336935463420386,0.717319288608777,91.61296584368114,5.703183226296828,0.0,0.0,1.0,False,0.0,11,982.5874771255202
2025-08-15 14:00:00,33.969972228942574,73.41584239888059,1.411718012311743,0.5733141032423048,0.6348055124679197,90.67942832534595,6.337988738764747,0.0,0.0,1.0,False,0.0,11,982.5874771255202
2025-08-15 15:00:00,32.484788096571535,76.98653460723148,1.1245741353529777,0.432102142848865,0.4372348346453521,90.03643592145573,6.775223573410099,0.0,0.0,1.0,False,0.0,11,982.5874771255202
2025-08-15 16:00:00,30.805170693814766,80.93228302793948,0.8471788044528781,0.29624963072085864,0.26558892156821456,89.64586397797306,7.040812494978314,0.0,0.0,1.0,False,0.0,11,982.5874771255202
2025-08-15 17:00:00,32.40381764155042,99.99999999999997,1.6201564599420802e-15,0.056509626643417125,0.09970203542336992,89.49924333764459,7.140514530401684,0.0,0.0,0.0,True,1.7180607806166506,11,982.5874771255202
2025-08-15 18:00:00,28.16252917076416,90.86178619910001,0.34870044138103123,0.08790002503096958,0.020319308480306515,89.46936200164413,7.160833838881991,0.0,0.0,1.0,True,0.0,11,982.5874771255202
2025-08-15 19:00:00,27.675434483325414,93.33554967166373,0.24718991289606781,0.055852971450438424,0.007984614395950124,89.45761992165009,7.168818453277941,0.0,0.0,1.0,True,0.0,11,982.5874771255202
2025-08-15 20:00:00,27.413149196745955,95.72787610123443,0.15604683171148073,0.03540811382510589,0.0,89.45761992165009,7.168818453277941,0.0,0.0,1.0,True,0.0,11,982.5874771255202
2025-08-15 21:00:00,27.238643439080843,96.81496209333773,0.11515703040095122,0.025809200269214724,0.0,89.45761992165009,7.168818453277941,0.0,0.0,1.0,True,0.0,11,982.5874771255202
2025-08-15 22:00:00,27.039026552478433,96.83043475281409,0.1132647771436356,0.025090349413870266,0.0,89.45761992165009,7.168818453277941,0.0,0.0,1.0,True,0.0,11,982.5874771255202
2025-08-15 23:00:00,27.069711144911906,96.36621061515788,0.13008775454233765,0.027838275764277005,0.0,89.45761992165009,7.168818453277941,0.0,0.0,1.0,True,0.0,11,982.5874771255202
2025-08-16 00:00:00,26.972288612652925,96.35211535937586,0.12984820195714417,0.02835032299645654,0.0,89.45761992165009,7.168818453277941,0.0,0.0,1.0,True,0.0,11,982.5874771255202
2025-08-16 01:00:00,26.80476501087137,97.3383511503692,0.09381530366955505,0.021125659956015203,0.0,89.45761992165009,7.168818453277941,0.0,0.0,1.0,True,0.0,11,982.5874771255202
2025-08-16 02:00:00,26.625440401566834,98.4048239807345,0.055635588757978936,0.012932742119220976,0.0,89.45761992165009,7.168818453277941,0.0,0.0,1.0,True,0.0,11,982.5874771255202
2025-08-16 03:00:00,26.41089448491142,97.30886770372031,0.09268143546556566,0.020274905509328634,0.0,89.45761992165009,7.168818453277941,0.0,0.0,1.0,True,0.0,11,982.5874771255202
2025-08-16 04:00:00,26.194060674941497,96.22435246883902,0.1283793556069433,0.028006897860412647,0.0,89.45761992165009,7.168818453277941,0.0,0.0,1.0,True,0.0,11,982.5874771255202
2025-08-16 05:00:00,26.574309207460363,94.48866998451378,0.19164335932147739,0.04382107986217186,0.0,89.45761992165009,7.168818453277941,0.0,0.0,1.0,True,0.0,11,982.5874771255202
2025-08-16 06:00:00,30.0223287371409,94.95387501371115,0.21438473562545246,0.08741094866550206,0.08479954254846495,89.33291471201998,7.253617995826406,0.0,0.0,0.2,True,0.0,11,982.5874771255202
2025-08-16 07:00:00,33.86542671965848,92.18796445977422,0.4124389862808088,0.20171239509202116,0.2660124003954015,88.94172000555616,7.519630396221808,0.0,0.0,0.2,True,0.0,11,982.5874771255202
2025-08-16 08:00:00,32.81854554806771,79.86898802160613,1.0023585566823623,0.4191208984873336,0.44867378812438063,88.28190561125561,7.968304184346188,0.0,0.0,1.0,False,0.0,11,982.5874771255202
2025-08-16 09:00:00,35.78225781336964,81.23685080634719,1.101469633058015,0.48244119660090357,0.5908086583410852,87.4130693489893,8.559112842687274,0.0,0.0,0.5,False,0.0,11,982.5874771255202
2025-08-16 10:00:00,35.00871711226748,73.66127503080128,1.4816562155301671,0.6296801235492682,0.7168822352106498,86.35883076779717,9.275995077897923,0.0,0.0,1.0,False,0.0,11,982.5874771255202
2025-08-16 11:00:00,35.720086461900955,72.23936184689565,1.6240974928372442,0.6791879672572072,0.7782033707666557,85.2144140460815,10.054198448664579,0.0,0.0,1.0,False,0.0,11,982.5874771255202
2025-08-16 12:00:00,35.93624186608114,70.72682463234221,1.7330440801487177,0.7037972139919317,0.7849268973446376,84.06010978528056,10.839125346009217,0.0,0.0,1.0,False,0.0,11,982.5874771255202
2025-08-16 13:00:00,35.85722302253076,71.56745124864761,1.6759893312435046,0.6734058743485556,0.7402642651221158,82.97148586598333,11.579389611131333,0.0,0.0,1.0,False,0.0,11,982.5874771255202
2025-08-16 14:00:00,35.01672048841292,72.79343937380317,1.5311524582501268,0.5953221289679507,0.6354225861365367,82.47821735695902,11.914812197267869,0.0,0.3,1.0,False,0.0,11,982.5874771255202
2025-08-16 15:00:00,33.790662954676655,75.8678636640743,1.2687647722099196,0.4677842717382845,0.459828328055226,82.09611687452485,12.174640525323095,0.0,0.2,1.0,False,0.0,11,982.5874771255202
2025-08-16 16:00:00,32.03449931639648,81.7155682633412,0.8710799786902115,0.295667874961185,0.24373854358197625,81.73767783984547,12.418379068905072,0.0,0.0,1.0,False,0.0,11,982.5874771255202
2025-08-16 17:00:00,30.444440570912572,86.37014473175594,0.5932307331745615,0.1783198954792797,0.11226770813468574,81.57257826905916,12.530646777039758,0.0,0.0,1.0,False,0.0,11,982.5874771255202
2025-08-16 18:00:00,30.249136334028496,99.2830219555616,0.030859280349379986,0.019643067031689627,0.03377391087233377,81.52291075307045,12.564420687912092,0.0,0.0,0.0,True,0.1617865257745394,11,982.5874771255202
2025-08-16 19:00:00,28.85663021736664,91.30518501001052,0.34541099895360666,0.07597478946102526,0.009686697450880539,81.50866560976033,12.574107385362973,0.0,0.0,1.0,True,0.0,11,982.5874771255202
2025-08-16 20:00:00,28.644337768554458,93.18574489079896,0.2673967824611076,0.0591923535442528,0.0,81.50866560976033,12.574107385362973,0.0,0.0,1.0,True,0.0,11,982.5874771255202
2025-08-16 21:00:00,28.601442889856877,95.47604149907212,0.17708296597846462,0.03925095356359911,0.0,81.50866560976033,12.574107385362973,0.0,0.0,1.0,True,0.0,11,982.5874771255202
2025-08-16 22:00:00,28.25049024670677,97.92260113052896,0.0796768029424372,0.019260929049753628,0.0,81.50866560976033,12.574107385362973,0.0,0.0,1.0,True,0.0,11,982.5874771255202
2025-08-16 23:00:00,27.859564082758876,95.0375869748059,0.1860473987405027,0.04027194251366439,0.0,81.50866560976033,12.574107385362973,0.0,0.0,1.0,True,0.0,11,982.5874771255202
2025-08-17 00:00:00,27.312701236371677,94.2060916770295,0.2103925944765191,0.046913588775845956,0.0,81.50866560976033,12.574107385362973,0.0,0.0,1.0,True,0.0,11,982.5874771255202
2025-08-17 01:00:00,26.936640918348633,94.0425002870911,0.21161687589523678,0.046826896797000216,0.0,81.50866560976033,12.574107385362973,0.0,0.0,1.0,True,0.0,11,982.5874771255202
2025-08-17 02:00:00,26.920034279629608,95.72361464831587,0.15175386256928938,0.03342680805324458,0.0,82.3910185509368,11.974107385362974,0.0,0.6,1.0,True,0.0,11,982.5874771255202
2025-08-17 03:00:00,26.809674135445654,97.28976480495109,0.09555538626017887,0.02153153602471316,0.0,82.53807737446621,11.874107385362974,0.0,0.1,1.0,True,0.0,11,982.5874771255202
2025-08-17 04:00:00,26.628278163473826,98.37650669830262,0.05663267619164909,0.013154393997532078,0.0,82.53807737446621,11.874107385362974,0.0,0.0,1.0,True,0.0,11,982.5874771255202
2025-08-17 05:00:00,26.891467558354258,98.17522392348316,0.06464636831581816,0.016964353382690853,0.0,82.53807737446621,11.874107385362974,0.0,0.0,1.0,True,0.0,11,982.5874771255202
2025-08-17 06:00:00,28.278243385035367,92.14359245821544,0.30181193775422727,0.1060753094759048,0.09508989823863258,82.39823928882116,11.969197283601607,0.0,0.0,1.0,True,0.0,11,982.5874771255202
2025-08-17 07:00:00,29.366645768699577,87.00879957608825,0.5315138048355795,0.20557674112184166,0.22800445953741685,82.06293861303084,12.197201743139024,0.0,0.0,1.0,False,0.0,11,982.5874771255202
2025-08-17 08:00:00,30.363240944323024,82.80014346538324,0.7451447139590058,0.299485211662823,0.34446687026149003,81.85048733323454,12.341668613400515,0.0,0.2,1.0,False,0.0,11,982.5874771255202
2025-08-17 09:00:00,31.390688469982255,80.05449480695052,0.9161945391230538,0.3836528627457643,0.4533031027285579,81.47798277039841,12.594971716129074,0.0,0.2,1.0,False,0.0,11,982.5874771255202
2025-08-17 10:00:00,33.94733388118482,75.6281824182121,1.2926036752693686,0.5680968753565006,0.6792689850016944,80.62611661598416,13.174240701130769,0.0,0.1,1.0,False,0.0,11,982.5874771255202
2025-08-17 11:00:00,34.966666107229486,73.42295420271572,1.491591608863822,0.6503561941020285,0.7685764708992645,79.49585709995584,13.942817172030033,0.0,0.0,1.0,False,0.0,11,982.5874771255202
2025-08-17 12:00:00,35.23362972355209,72.74653760930512,1.5522738093854858,0.6635299965498762,0.7955306238998969,78.32595912363244,14.73834779592993,0.0,0.0,1.0,False,0.0,11,982.5874771255202
2025-08-17 13:00:00,34.66457705860844,72.42944066434605,1.521695307552787,0.5940896797678162,0.6592698370674681,77.35644465735676,15.397617632997397,0.0,0.0,1.0,False,0.0,11,982.5874771255202
2025-08-17 14:00:00,34.532591814105444,73.40905995526998,1.4569287477872341,0.5617782620257571,0.6158744380468658,76.45074695434667,16.01349207104426,0.0,0.0,1.0,False,0.0,11,982.5874771255202
2025-08-17 15:00:00,33.68987468253437,76.12482308180202,1.2482170268543045,0.4535431159769429,0.46349478735583977,75.76913697294103,16.4769868584001,0.0,0.0,1.0,False,0.0,11,982.5874771255202
2025-08-17 16:00:00,32.71591534542387,80.87986460449619,0.9465510596022898,0.3266819023099689,0.29832052527412756,75.33043031812613,16.775307383674228,0.0,0.0,1.0,False,0.0,11,982.5874771255202
2025-08-17 17:00:00,34.51860153800592,99.99999999999999,6.078240213267691e-16,0.060972612950392274,0.11107804910972595,75.16708024590595,16.886385432783953,0.0,0.0,0.0,True,1.5870165324290326,11,982.5874771255202
2025-08-17 18:00:00,29.55139586124229,91.19334602413568,0.3641640228234907,0.09545980964245905,0.0009383752737111553,75.16570028226813,16.887323808057666,0.0,0.0,1.0,True,0.0,11,982.5874771255202
2025-08-17 19:00:00,29.30480974476281,93.40840148799371,0.2687249453495313,0.05977090429313593,0.0,75.16570028226813,16.887323808057666,0.0,0.0,1.0,True,0.0,11,982.5874771255202
2025-08-17 20:00:00,28.943534186052744,94.80076276477052,0.207586052137096,0.04659177995681476,0.0,75.16570028226813,16.887323808057666,0.0,0.0,1.0,True,0.0,11,982.5874771255202
2025-08-17 21:00:00,28.58677901973063,95.83009225108333,0.1630855452203121,0.0367916571950184,0.002588831923817813,75.16189317649781,16.889912639981482,0.0,0.0,1.0,True,0.0,11,982.5874771255202
2025-08-17 22:00:00,28.41643271833608,96.9167915656052,0.11939896930298799,0.026756900458654063,0.0,75.16189317649781,16.889912639981482,0.0,0.0,1.0,True,0.0,11,982.5874771255202
2025-08-17 23:00:00,27.98748853627569,97.41362743583596,0.09769188501322038,0.02266273230765256,0.0,75.16189317649781,16.889912639981482,0.0,0.0,1.0,True,0.0,11,982.5874771255202
2025-08-18 00:00:00,27.695520747489937,97.35890188590196,0.0980753970515689,0.022073514715707173,0.0,75.16189317649781,16.889912639981482,0.0,0.0,1.0,True,0.0,11,982.5874771255202
2025-08-18 01:00:00,27.415518280386994,98.46634164919556,0.05602732817797554,0.013390446606317066,0.0,75.16189317649781,16.889912639981482,0.0,0.0,1.0,True,0.0,11,982.5874771255202
2025-08-18 02:00:00,27.238768575684308,99.49585935798845,0.01822765266260731,0.004862378841086278,0.0,75.16189317649781,16.889912639981482,0.0,0.0,1.0,True,0.0,11,982.5874771255202
2025-08-18 03:00:00,27.23839054278806,99.49951356325329,0.018095131028343734,0.003911035300838435,0.0,75.16189317649781,16.889912639981482,0.0,0.0,1.0,True,0.0,11,982.5874771255202
2025-08-18 04:00:00,27.03866090965601,99.5007742697195,0.017839506080333585,0.00448839164535663,0.0,75.16189317649781,16.889912639981482,0.0,0.0,1.0,True,0.0,11,982.5874771255202
2025-08-18 05:00:00,27.40699583474745,99.33155469793641,0.02440735376757225,0.008007879405492257,0.003162984470246483,75.15724172874745,16.89307562445173,0.0,0.0,1.0,True,0.03205357052483426,11,982.5874771255202
2025-08-18 06:00:00,29.683224193341772,93.51372244464385,0.2702557368933142,0.09601492551376699,0.11174223168286555,74.99291491744913,17.004817856134594,0.0,0.0,1.0,True,0.0,11,982.5874771255202
2025-08-18 07:00:00,29.871548470018926,91.97292872147358,0.33809249009061176,0.11913571959051512,0.11514854162337138,74.82357882682652,17.119966397757963,0.0,0.0,1.0,True,0.0,11,982.5874771255202
2025-08-18 08:00:00,31.71272784711942,87.42133488360103,0.5884464324763645,0.2478026539173075,0.30887338642426904,74.36935325855553,17.428839784182234,0.0,0.0,1.0,False,0.0,11,982.5874771255202
2025-08-18 09:00:00,38.203966438953714,89.51537421423645,0.7022782498007323,0.3483331209398927,0.5375111535933084,73.57889567974185,17.96635093777554,0.0,0.0,0.2,True,0.0,11,982.5874771255202
2025-08-18 10:00:00,34.467120636113094,77.7336269099722,1.2155610086730526,0.5223403891817358,0.6077742439232235,72.832168850443,18.474125181698763,0.0,0.1,1.0,False,0.0,11,982.5874771255202
2025-08-18 11:00:00,35.80917923046782,75.70399936996857,1.428380923556325,0.6126229043331859,0.7398443276213666,71.74416248629392,19.21396950932013,0.0,0.0,1.0,False,0.0,11,982.5874771255202
2025-08-18 12:00:00,35.93492082709727,74.79352000956972,1.4921774877383065,0.6269099331081927,0.7522852292373715,70.93197832565072,19.766254738557503,0.0,0.2,1.0,False,0.0,11,982.5874771255202
2025-08-18 13:00:00,35.273097609677194,77.75245473579622,1.269914146388041,0.5427643666239372,0.6406597739062823,71.7545374816709,19.206914512463786,0.0,1.2,1.0,False,0.0,11,982.5874771255202
2025-08-18 14:00:00,33.375206093691894,82.37619286442889,0.9053321290435425,0.4270623374430088,0.5175326861238262,76.58169529619468,15.924447198587611,0.0,3.8,1.0,False,0.0,11,982.5874771255202
2025-08-18 15:00:00,31.893961039272885,82.5248525944895,0.8259380439468732,0.33843347391008505,0.36803560971197485,76.6287017525006,15.892482808299585,0.0,0.4,1.0,False,0.0,11,982.5874771255202
2025-08-18 16:00:00,30.60826688020343,86.46926744943825,0.5944545050940652,0.21080601905010304,0.1856577717674119,76.35567561754853,16.078140580066997,0.0,0.0,1.0,False,0.0,11,982.5874771255202
2025-08-18 17:00:00,29.80265151125599,88.94311082879891,0.4638665255538704,0.14402428266888967,0.1047175321686252,76.20167924671232,16.18285811223562,0.0,0.0,1.0,False,0.0,11,982.5874771255202
2025-08-18 18:00:00,28.586679244562102,91.63270587976353,0.3272438896043807,0.07804855343256055,0.017929778301257675,76.17531192568106,16.20078789053688,0.0,0.0,1.0,True,0.0,11,982.5874771255202
2025-08-18 19:00:00,28.32697765167712,95.27394888307161,0.18207082859970933,0.04156050132572651,0.0,76.17531192568106,16.20078789053688,0.0,0.0,1.0,True,0.0,11,982.5874771255202
2025-08-18 20:00:00,28.192471465968545,95.82615990152256,0.1595449758431574,0.03510526218872814,0.0,76.17531192568106,16.20078789053688,0.0,0.0,1.0,True,0.0,11,982.5874771255202
2025-08-18 21:00:00,28.071626089675167,94.90400493413203,0.19342986501380643,0.04177731253327541,0.015563130257812433,76.15242496941957,16.216351020794693,0.0,0.0,1.0,True,0.0,11,982.5874771255202
2025-08-18 22:00:00,27.09673219629281,93.47246339550179,0.23405289305815324,0.05271008365887134,0.025530489730435486,76.70311542569833,15.841881510525129,0.0,0.4,1.0,True,0.0,11,982.5874771255202
2025-08-18 23:00:00,27.24936301646988,93.8708003447804,0.2217441846752657,0.04757917226045008,0.0135882659253008,76.83019150521994,15.755469776450429,0.0,0.1,1.0,True,0.0,11,982.5874771255202
2025-08-19 00:00:00,27.11457574236293,93.07983763170851,0.24839065475090014,0.05375001185023336,0.021220129870890603,76.79898543188041,15.77668990632132,0.0,0.0,1.0,True,0.0,11,982.5874771255202
2025-08-19 01:00:00,26.61022111628941,96.02530379374944,0.13850298153149013,0.032452154795853054,0.010124703493437356,76.78409616203712,15.786814609814757,0.0,0.0,1.0,True,0.0,11,982.5874771255202
2025-08-19 02:00:00,26.312765905911828,97.297922715455,0.09252160273533651,0.021318139785309675,0.0023576329940445317,76.92768787822234,15.689172242808802,0.0,0.1,1.0,True,0.0,11,982.5874771255202
2025-08-19 03:00:00,26.00790274742656,96.10812055974904,0.13088431350159607,0.028737716260817756,0.006225168965146125,76.91853321797947,15.695397411773948,0.0,0.0,1.0,True,0.0,11,982.5874771255202
2025-08-19 04:00:00,25.909582470250612,97.36308389654553,0.08816568548618284,0.019765430281011617,0.0,77.06559204150889,15.595397411773948,0.0,0.1,1.0,True,0.0,11,982.5874771255202
2025-08-19 05:00:00,26.023178960811265,96.22512155700652,0.1270642356933885,0.02862629373684597,0.002628440489512216,77.20878551137726,15.498025852263462,0.0,0.1,1.0,True,0.0,11,982.5874771255202
2025-08-19 06:00:00,27.366887761660415,93.74437677195871,0.22788014216041452,0.07114494374459482,0.06054049228601122,77.11975537566254,15.558566344549472,0.0,0.0,1.0,True,0.0,11,982.5874771255202
2025-08-19 07:00:00,28.78572367938976,90.88423854059077,0.3606507117001847,0.1495598299441475,0.1784490465103138,76.85733030726502,15.737015391059787,0.0,0.0,1.0,True,0.0,11,982.5874771255202
2025-08-19 08:00:00,29.582335728533725,87.56186744695161,0.5152458551114223,0.218023515696312,0.2583249832090726,76.4774406260752,15.99534037426886,0.0,0.0,1.0,False,0.0,11,982.5874771255202
2025-08-19 09:00:00,30.37154962732026,85.15434659502485,0.643459949223635,0.27044927039390887,0.3189536424505635,76.0083911518832,16.314294016719423,0.0,0.0,1.0,False,0.0,11,982.5874771255202
2025-08-19 10:00:00,31.72040783962911,80.94661918254862,0.891729847029212,0.3760744507633778,0.4524515694179508,75.49008002038622,16.66674558613737,0.0,0.1,1.0,False,0.0,11,982.5874771255202
2025-08-19 11:00:00,31.9210233588945,79.17037882247591,0.9859902081854665,0.39823045071149804,0.4539713639258749,74.82247507343641,17.120716950063244,0.0,0.0,1.0,False,0.0,11,982.5874771255202
2025-08-19 12:00:00,32.97708272503455,77.90874895169459,1.109794934332292,0.4567070644941821,0.5385730007449756,74.03045595469379,17.65928995080822,0.0,0.0,1.0,False,0.0,11,982.5874771255202
2025-08-19 13:00:00,33.30400706344568,77.90768354810253,1.1303667621031261,0.4616458407218297,0.533060071067788,73.24654408547646,18.192350021876006,0.0,0.0,1.0,False,0.0,11,982.5874771255202
2025-08-19 14:00:00,32.83196755610923,78.91702375747668,1.0505501794194538,0.4116398379740066,0.4437858625446592,72.59391781702843,18.636135884420664,0.0,0.0,1.0,False,0.0,11,982.5874771255202
2025-08-19 15:00:00,30.710390983770512,80.7971923321958,0.8485813233309168,0.2875970334857428,0.24299753396712187,72.53068614942973,18.679133418387785,0.0,0.2,1.0,False,0.0,11,982.5874771255202
2025-08-19 16:00:00,30.327574625500155,83.21168971430006,0.7258328602855758,0.23372915624801716,0.18753177270318308,72.25490413074857,18.866665191090966,0.0,0.0,1.0,False,0.0,11,982.5874771255202
2025-08-19 17:00:00,29.059813178439438,87.2412114535062,0.512845160191595,0.14351021544069337,0.08915902304346696,72.27084674391995,18.855824214134433,0.0,0.1,1.0,False,0.0,11,982.5874771255202
2025-08-19 18:00:00,28.84128993516923,99.469179879225,0.021068700645894483,0.0154896545590458,0.0,72.27084674391995,18.855824214134433,0.0,0.0,0.0,True,0.1302643852126438,11,982.5874771255202
2025-08-19 19:00:00,27.66995975765556,94.96805668208096,0.18657926031778163,0.042036673453057824,0.008973760702406072,72.25765003700464,18.86479797483684,0.0,0.0,1.0,True,0.0,11,982.5874771255202
2025-08-19 20:00:00,26.206828938766186,94.81307709054292,0.17649842659028134,0.04223117185797303,0.007518609297246494,72.9818873762734,18.372316584134087,0.0,0.5,1.0,True,0.0,11,982.5874771255202
2025-08-19 21:00:00,26.089750140041613,97.67450045214355,0.07858595771776658,0.01832406090290969,0.006445346622645304,74.29593833712245,17.478761930756733,0.0,0.9,1.0,True,0.0,11,982.5874771255202
2025-08-19 22:00:00,26.24024546266262,98.27767154612157,0.05872235457874822,0.012495716751224725,0.003941267984343125,74.87837764891017,17.082703198741076,0.0,0.4,1.0,True,0.0,11,982.5874771255202
2025-08-19 23:00:00,26.035562917084473,98.33136224759879,0.05620827818777802,0.012735555611407429,0.0020245769429752384,75.75775327105286,16.48472777568405,0.0,0.6,1.0,True,0.0,11,982.5874771255202
2025-08-20 00:00:00,25.5258980931923,97.2281061582524,0.09059588502827119,0.020639944347799172,0.0032585092563443855,78.84119663979354,14.387986284940395,0.0,2.1,1.0,True,0.0,11,982.5874771255202
2025-08-20 01:00:00,25.52413931600765,97.24521581425967,0.09002728301359116,0.019456699974495506,0.002743147479184692,79.71951554055944,13.79072943241958,0.0,0.6,1.0,True,0.0,11,982.5874771255202
2025-08-20 02:00:00,25.2771946041819,96.61705893657866,0.10894624803948934,0.02400896846164755,0.005363993628787727,80.88809790287004,12.996093426048366,0.0,0.8,1.0,True,0.0,11,982.5874771255202
2025-08-20 03:00:00,25.278712043271042,97.82986846278033,0.06989451189735757,0.0154939495780664,0.0005713880770828235,81.32843409687433,12.696664814125448,0.0,0.3,1.0,True,0.0,11,982.5874771255202
2025-08-20 04:00:00,25.12481647857651,97.2703384738935,0.08711457580903025,0.019074558104363096,0.001359257845236199,81.47349401180782,12.598024071970684,0.0,0.1,1.0,True,0.0,11,982.5874771255202
2025-08-20 05:00:00,25.404309522915614,96.64871225465915,0.10874501566137436,0.024760367725469704,0.004529928231880409,81.46683235264328,12.602554000202565,0.0,0.0,1.0,True,0.0,11,982.5874771255202
2025-08-20 06:00:00,27.344801311822632,93.76887414676814,0.22669461077669967,0.07679504861775929,0.08058081657794806,81.34833115179336,12.683134816780512,0.0,0.0,1.0,True,0.0,11,982.5874771255202
2025-08-20 07:00:00,28.96475022219183,88.1884702521394,0.472168856450039,0.19136502705709832,0.22483037393566727,81.01769824894679,12.90796519071618,0.0,0.0,1.0,False,0.0,11,982.5874771255202
2025-08-20 08:00:00,30.775242772196982,84.80131838815218,0.6741261608196317,0.3106304325942933,0.40198522410590204,80.57360233114399,13.209950414822082,0.0,0.1,1.0,False,0.0,11,982.5874771255202
2025-08-20 09:00:00,32.170636617234194,83.27241292960944,0.8030606357068121,0.3838975408921346,0.5087969203525565,80.11948921297846,13.51874733517464,0.0,0.2,1.0,False,0.0,11,982.5874771255202
2025-08-20 10:00:00,33.15896133536578,82.19681023249389,0.9035426004790079,0.44849656070064475,0.6067058050056767,79.5213924409113,13.925453140180316,0.0,0.2,1.0,False,0.0,11,982.5874771255202
2025-08-20 11:00:00,32.87763407948898,82.26354104304441,0.8860647216918967,0.45424091108127324,0.6013170323860598,79.22533798152003,14.126770172566376,0.0,0.4,1.0,False,0.0,11,982.5874771255202
2025-08-20 12:00:00,33.20065869907484,81.84319298714321,0.923644183091355,0.43522981384385584,0.563004059411566,78.83856730591478,14.389774231977942,0.0,0.3,1.0,False,0.0,11,982.5874771255202
2025-08-20 13:00:00,29.542841350671463,86.06126652454914,0.576096983278072,0.28332426283941253,0.32505924646910417,88.21348017875434,8.014833478447045,0.0,6.7,1.0,False,0.0,11,982.5874771255202
2025-08-20 14:00:00,28.823710571433256,90.342543165193,0.38292295042393554,0.17550738068621421,0.20266277064807806,96.44485845721306,2.417496249095123,0.0,5.8,1.0,True,0.0,11,982.5874771255202
2025-08-20 15:00:00,29.63263874324335,88.26716610550014,0.48743756150878365,0.2127626533710425,0.25258910177574173,96.22046271930755,2.5700853508708645,0.0,0.1,1.0,False,0.0,11,982.5874771255202
2025-08-20 16:00:00,29.95021074027774,86.99791300249932,0.5501134572426976,0.22450678613175867,0.2516088437461185,95.85044971379855,2.821694194616983,0.0,0.0,1.0,False,0.0,11,982.5874771255202
2025-08-20 17:00:00,28.241864347589445,90.69040474795237,0.35688236502635756,0.11955083974602448,0.08631923159354789,95.72350966733745,2.908013426210531,0.0,0.0,1.0,True,0.0,11,982.5874771255202
2025-08-20 18:00:00,27.809434012039436,99.81660268367173,0.006855741608421692,0.009302918005192156,0.00036235723671358835,95.72297678904816,2.9083757834472443,0.0,0.0,0.0,True,0.10968194350680464,11,982.5874771255202
2025-08-20 19:00:00,27.269425804027147,97.67635854243457,0.08416427024249445,0.019289553352586662,0.0,95.72297678904816,2.9083757834472443,0.0,0.0,0.8,True,0.0,11,982.5874771255202
2025-08-20 20:00:00,27.187975627004914,97.47605116472478,0.09098452273976261,0.019845070714947136,0.0,95.72297678904816,2.9083757834472443,0.0,0.0,1.0,True,0.0,11,982.5874771255202
2025-08-20 21:00:00,26.941423617819453,98.1141016855754,0.06700796901572802,0.015522047502192013,0.0,95.72297678904816,2.9083757834472443,0.0,0.0,0.8,True,0.0,11,982.5874771255202
2025-08-20 22:00:00,26.938985273763375,98.14145080051142,0.06602677578642113,0.014279256344388312,0.0,95.72297678904816,2.9083757834472443,0.0,0.0,0.8,True,0.0,11,982.5874771255202
2025-08-20 23:00:00,26.835746235576984,99.53746212413567,0.016332801084170286,0.004344389157227486,0.0,95.72297678904816,2.9083757834472443,0.0,0.0,0.8,True,0.0,11,982.5874771255202
2025-08-21 00:00:00,26.287734308155063,96.16934198880061,0.1309717392863405,0.028995842051594327,0.0,97.3406238478717,1.8083757834472443,0.0,1.1,0.8,True,0.0,11,982.5874771255202
2025-08-21 01:00:00,25.89152371615289,96.28584971830973,0.12405057442006669,0.02804551954619514,0.0005422882381061194,98.6633557769333,0.9089180716853503,0.0,0.9,1.0,True,0.0,11,982.5874771255202
2025-08-21 02:00:00,25.800094554090023,96.20813567663778,0.12596274195969906,0.027453896654255922,0.002731577245783903,99.99598297463855,0.002731577245783903,0.0,1.1,1.0,True,0.0,11,982.7785590538349
2025-08-21 03:00:00,25.617127049325873,97.30953534348843,0.08841153095256095,0.020008859502388444,0.0009151684074190537,99.99865416410674,0.0009151684074190537,0.0,0.3,1.0,True,0.0,11,983.0758274765891
2025-08-21 04:00:00,25.382629040540742,97.78358962858186,0.0718271515982653,0.01633766823433963,0.0021188453679571824,99.99688405092948,0.0021188453679571824,0.0,0.2,1.0,True,0.0,11,983.2749123081817
2025-08-21 05:00:00,25.178830225616768,98.2218414024395,0.05693091727922286,0.01529806089498342,0.00420139572300044,99.99382147687794,0.00420139572300044,0.0,0.1,1.0,True,0.0,11,983.3727934628138
2025-08-21 06:00:00,27.035604342394432,94.59150214113112,0.19323450151257882,0.07438544317789426,0.08807855427318162,99.8642941911821,0.09227994999618205,0.0,0.0,1.0,True,0.0,11,983.3727934628138
2025-08-21 07:00:00,28.821559507313257,88.07834436747221,0.47264071975261707,0.20075731813345818,0.24569691490486745,99.50297519867493,0.3379768649010495,0.0,0.0,1.0,False,0.0,11,983.3727934628138
2025-08-21 08:00:00,29.88635559688282,84.08916508516415,0.6707189186829053,0.28933319986904193,0.3481786702767123,98.99094774238564,0.6861555351777617,0.0,0.0,1.0,False,0.0,11,983.3727934628138
2025-08-21 09:00:00,31.64495958524981,79.48622261378955,0.9559846227523203,0.4263922568031909,0.5330186130787248,98.20709684079928,1.2191741482564864,0.0,0.0,1.0,False,0.0,11,983.3727934628138
2025-08-21 10:00:00,33.13075572335793,77.55463525932673,1.1373421093082456,0.5060916380425484,0.6196187738022975,97.29589276167826,1.8387929220587838,0.0,0.0,1.0,False,0.0,11,983.3727934628138
2025-08-21 11:00:00,33.59365707282592,78.11259776861209,1.1381642118080475,0.5168899751722426,0.641966763862772,96.49888281482124,2.3807596859215554,0.0,0.1,1.0,False,0.0,11,983.3727934628138
2025-08-21 12:00:00,33.48222379619491,78.96948939775093,1.0868178185037038,0.4770697362942981,0.5784433791152486,95.94234843376941,2.759203065036804,0.0,0.2,1.0,False,0.0,11,983.3727934628138
2025-08-21 13:00:00,32.36469722524716,80.86979209470431,0.928512641945588,0.4172461635445835,0.5025719786121492,98.43856611228095,1.0617750436489528,0.0,2.2,1.0,False,0.0,11,983.3727934628138
2025-08-21 14:00:00,31.051881432338334,83.6503730871454,0.7366943876681492,0.3285824555101766,0.3852456787795209,99.43346223708895,0.3852456787795209,0.0,2.2,1.0,False,0.0,11,984.5110184191648
2025-08-21 15:00:00,30.998675222242024,82.61317396931032,0.7810602881814378,0.3201340818511209,0.3643540552822995,99.19176509696791,0.5495997340618204,0.0,0.2,1.0,False,0.0,11,984.5110184191648
2025-08-21 16:00:00,28.682090817143905,90.59012243898583,0.37005959824960627,0.16530425145653974,0.16949237177806958,99.75074651209107,0.16949237177806958,0.0,5.2,1.0,True,0.0,11,989.161418685103
2025-08-21 17:00:00,27.040136503280547,95.07273083718253,0.176087990541936,0.06339378008327068,0.0405502011504903,99.94036735124928,0.0405502011504903,0.0,5.6,1.0,True,0.0,11,994.5919263133248
2025-08-21 18:00:00,26.33904235052532,98.38548684664086,0.055368134415221266,0.016027026840285483,0.0005140375918577882,99.99924406236491,0.0005140375918577882,0.0,0.2,1.0,True,0.0,11,994.7513761121744
2025-08-21 19:00:00,26.32576774683652,98.41578635058923,0.054286534308686206,0.01177619625310072,0.0,100.0,0.0,0.0,0.1,1.0,True,0.0,11,994.8508620745826
2025-08-21 20:00:00,26.216183003500475,97.27140946157888,0.09289860083906093,0.019987397817348495,0.0030274655891205406,99.99554784472188,0.0030274655891205406,0.0,0.2,1.0,True,0.0,11,995.0508620745826
2025-08-21 21:00:00,26.14283855442594,99.47163836665155,0.017911076475135745,0.004914097866972698,0.0,100.0,0.0,0.0,1.2,1.0,True,0.015498383861839785,11,996.2478346089935
2025-08-21 22:00:00,25.829108100786048,98.40653929550652,0.05302450005682765,0.01201966533273815,0.0,100.0,0.0,0.0,0.6,1.0,True,0.0,11,996.8478346089935
2025-08-21 23:00:00,25.590070935491703,98.9100437576384,0.03575970942780476,0.008576861423557644,0.0,100.0,0.0,0.0,0.3,1.0,True,0.0,11,997.1478346089934
2025-08-22 00:00:00,25.5667758407122,97.93738241700753,0.06757774015283873,0.014349226421044792,0.0,100.0,0.0,0.0,0.2,1.0,True,0.0,11,997.3478346089935
2025-08-22 01:00:00,25.45742576950321,96.80134767290401,0.10412001802695799,0.022440475774973403,0.0,100.0,0.0,0.0,0.1,1.0,True,0.0,11,997.4478346089935
2025-08-22 02:00:00,25.40868437929499,96.16540066833467,0.12446018914602867,0.026813487647983685,0.0029890402244351845,99.99560435261112,0.0029890402244351845,0.0,0.0,1.0,True,0.0,11,997.4478346089935
2025-08-22 03:00:00,25.15813348380091,98.07320060641712,0.06161400984940952,0.014714375249015121,0.0,99.99560435261112,0.0029890402244351845,0.0,0.0,0.8,True,0.0,11,997.4478346089935
2025-08-22 04:00:00,24.92697641823273,98.47938112896269,0.04796069969096661,0.011193538192879292,0.0002538584476937629,99.99523103136451,0.0032428986721289473,0.0,0.0,0.8,True,0.0,11,997.4478346089935
2025-08-22 05:00:00,25.12989834045203,97.78751480779547,0.07063073652035261,0.01748348541767078,0.006487496702928105,99.98569059503669,0.009730395375057052,0.0,0.0,0.8,True,0.0,11,997.4478346089935
2025-08-22 06:00:00,27.008603891454634,94.9574846043967,0.17987359560196833,0.07732224890745477,0.09616946966076019,99.8442649043591,0.10589986503581725,0.0,0.0,0.8,True,0.0,11,997.4478346089935
2025-08-22 07:00:00,28.010408219694046,91.12494001139736,0.33567444552935644,0.14212299984882426,0.16203025665949206,99.60598511515396,0.2679301216953093,0.0,0.0,1.0,True,0.0,11,997.4478346089935
2025-08-22 08:00:00,30.834259755759543,83.8042553962677,0.7207713134902239,0.31891315207769433,0.4056782310715102,99.15645830475468,0.5736083527668194,0.0,0.1,0.8,False,0.0,11,997.4478346089935
2025-08-22 09:00:00,31.821107974569383,79.34434579503355,0.9722450897296391,0.4256273099015158,0.517674337234322,98.68929016176303,0.8912826900011415,0.0,0.2,1.0,False,0.0,11,997.4478346089935
2025-08-22 10:00:00,32.15178550858617,78.64958351736409,1.023904162702986,0.4285761151610192,0.4996506899119197,98.10156855895139,1.2909333799130611,0.0,0.1,1.0,False,0.0,11,997.4478346089935
2025-08-22 11:00:00,33.76876599830617,77.11331237704316,1.2018158620667667,0.5246954593291769,0.6497617896003082,97.29309533895093,1.8406951695133693,0.0,0.1,1.0,False,0.0,11,997.4478346089935
2025-08-22 12:00:00,34.68403408683847,76.76248406504725,1.283925977514946,0.5592169787798085,0.6685451040473257,96.45699959770486,2.409240273560695,0.0,0.1,1.0,False,0.0,11,997.4478346089935
2025-08-22 13:00:00,34.64938927274223,77.34899254903813,1.2491200038626549,0.5590660279157555,0.6978962774545309,95.72479918968348,2.907136551015226,0.0,0.2,1.0,False,0.0,11,997.4478346089935
2025-08-22 14:00:00,30.063751795067244,87.76032692418082,0.5212393532955878,0.27473086908290706,0.3104260459712574,99.5434911088658,0.3104260459712574,0.0,3.8,1.0,False,0.0,11,998.3406980579783
2025-08-22 15:00:00,30.457395487506925,88.71405061472299,0.4915776388062423,0.24648135721673656,0.32090779732639546,99.21862670103286,0.5313338432976529,0.0,0.1,1.0,False,0.0,11,998.3406980579783
2025-08-22 16:00:00,30.02971519324805,87.52422553859166,0.5302581272092977,0.22325271392113738,0.2504302004635756,98.85034699446878,0.7817640437612285,0.0,0.0,1.0,False,0.0,11,998.3406980579783
2025-08-22 17:00:00,28.71861929778237,91.22366055945864,0.34587562427418916,0.1177748288038478,0.08895063630689283,98.71953723519394,0.8707146800681214,0.0,0.0,1.0,True,0.0,11,998.3406980579783
2025-08-22 18:00:00,27.74382645077296,100.0,0.0,0.007753924502241527,0.0025453696253727245,98.7157940445684,0.8732600496934941,0.0,0.0,0.0,True,0.228691993680958,11,998.3406980579783
2025-08-22 19:00:00,27.257318869644262,97.919724290534,0.075295962069017,0.01702546219972823,0.0,98.7157940445684,0.8732600496934941,0.0,0.0,1.0,True,0.0,11,998.3406980579783
2025-08-22 20:00:00,27.221076956649537,98.41991322806788,0.057070278560411886,0.01261826072471747,0.0002676588009407426,98.71540042868465,0.8735277084944348,0.0,0.0,1.0,True,0.0,11,998.3406980579783
2025-08-22 21:00:00,26.63156052981084,98.34474802332024,0.057751672303798914,0.014141050065995055,0.00203500615963558,99.9970073438829,0.00203500615963558,0.0,6.4,1.0,True,0.0,11,1003.8671703494839
2025-08-22 22:00:00,25.895750665574244,98.84538785694733,0.03857305471912315,0.01046485315579869,0.001976221121019686,99.99709379246909,0.001976221121019686,0.0,6.7,1.0,True,0.0,11,1010.5651353433243
2025-08-22 23:00:00,25.88834550179529,98.91806038557411,0.03612939324564621,0.007850126897097014,0.0,100.0,0.0,0.0,0.9,1.0,True,0.0,11,1011.4631591222033
2025-08-23 00:00:00,25.88865361764662,98.91491677160283,0.03623502901440292,0.007824805731984618,0.0,100.0,0.0,0.0,1.8,1.0,True,0.0,11,1013.2631591222032
2025-08-23 01:00:00,25.791762748040842,98.8867596394772,0.03696272891339226,0.008243071526750922,0.00036828087058697384,99.99945841048444,0.00036828087058697384,0.0,1.3,1.0,True,0.0,11,1014.5631591222032
2025-08-23 02:00:00,25.785460771756007,98.95134139954169,0.03480544234650309,0.00755834908696342,0.0,100.0,0.0,0.0,0.1,1.0,True,0.0,11,1014.6627908413326
2025-08-23 03:00:00,25.73388800141142,98.36148118653475,0.054217318083248915,0.011657319253794483,0.0007682013393402222,99.99887029214804,0.0007682013393402222,0.0,0.1,1.0,True,0.0,11,1014.7627908413326
2025-08-23 04:00:00,25.48808274056796,98.93409339557178,0.03475974333237822,0.008417777506901803,0.0,99.99887029214804,0.0007682013393402222,0.0,0.0,1.0,True,0.0,11,1014.7627908413326
2025-08-23 05:00:00,25.77308865052502,98.2565471982374,0.057823592409568574,0.013744447735702166,0.0035603352376339372,99.99476421288584,0.0035603352376339372,0.0,0.1,1.0,True,0.0,11,1014.8620226399933
2025-08-23 06:00:00,27.372466776384147,94.04318706285426,0.21706590355633706,0.08037395371769052,0.09062120217963036,99.86673352620643,0.09062120217963036,0.0,0.4,1.0,True,0.0,11,1015.2584623047557
2025-08-23 07:00:00,28.581540996777722,92.495446719236,0.29341478558431533,0.14119176722115442,0.1791636953251432,99.73652397746302,0.1791636953251432,0.0,0.3,1.0,True,0.0,11,1015.467841102576
2025-08-23 08:00:00,29.844443825917196,90.1899807317071,0.4125459862571574,0.20873208919267583,0.2713022708173815,99.60102607232739,0.2713022708173815,0.0,0.4,1.0,True,0.0,11,1015.6886774072509
2025-08-23 09:00:00,32.65698200936382,85.29740776897638,0.7254509035695282,0.3843927396157118,0.5413228886146886,99.2039369285078,0.5413228886146886,0.0,0.5,1.0,False,0.0,11,1015.9173751364335
2025-08-23 10:00:00,34.04962432656758,81.60995364040919,0.9809204931219125,0.5001369499065853,0.6837384151161149,98.93373337686646,0.7250613037308035,0.0,0.5,1.0,False,0.0,11,1015.9173751364335
2025-08-23 11:00:00,34.460982357763946,81.8007809395574,0.9931894741471158,0.49856755447873424,0.6688881433689202,98.83242728367688,0.7939494470997237,0.0,0.6,1.0,False,0.0,11,1015.9173751364335
2025-08-23 12:00:00,34.77407584641471,80.01558822793334,1.109704386097377,0.5354771770395392,0.6915198652148715,98.55078042306677,0.9854693123145952,0.0,0.5,1.0,False,0.0,11,1015.9173751364335
2025-08-23 13:00:00,33.39822760593121,81.3745183361037,0.9580207673938063,0.43071368163434365,0.5114056416179759,98.38694859715798,1.096874953932571,0.0,0.4,1.0,False,0.0,11,1015.9173751364335
2025-08-23 14:00:00,31.863689337144173,84.62665307707742,0.7253564343884976,0.3511373436527386,0.43671743471194063,99.35776847836479,0.43671743471194063,0.0,7.8,1.0,False,0.0,11,1022.6205001825009
2025-08-23 15:00:00,31.399637715691043,84.72519890847714,0.7020027924060644,0.2860485584139675,0.3166740033590098,98.89207141460155,0.7533914380709504,0.0,0.0,1.0,False,0.0,11,1022.6205001825009
2025-08-23 16:00:00,30.51396276432601,88.0457796699944,0.5223712544761969,0.2107923483870552,0.22139145366981564,98.56649574744006,0.974782891740766,0.0,0.0,1.0,False,0.0,11,1022.6205001825009
2025-08-23 17:00:00,31.603799458410766,99.99999999999999,5.161816264910028e-16,0.04340431523363279,0.0909030779784003,98.43281475041299,1.0656859697191663,0.0,0.0,0.0,True,1.6973807673903334,11,1022.6205001825009
2025-08-23 18:00:00,28.36224517666534,91.82928427342038,0.31542169252522856,0.07698073239023422,0.015055153957191307,98.410674818123,1.0807411236763576,0.0,0.0,1.0,True,0.0,11,1022.6205001825009
2025-08-23 19:00:00,28.12103185911646,92.08179757325742,0.3014182572272882,0.06601148141013766,0.00570381534937666,98.40228685437393,1.0864449390257342,0.0,0.0,1.0,True,0.0,11,1022.6205001825009
2025-08-23 20:00:00,27.955991579214672,93.22485980860526,0.2554400867318808,0.05614787189818933,0.0,98.40228685437393,1.0864449390257342,0.0,0.0,1.0,True,0.0,11,1022.6205001825009
2025-08-23 21:00:00,27.535319166555826,96.81935970880431,0.11701115974600736,0.02792902075788435,0.0,98.40228685437393,1.0864449390257342,0.0,0.0,1.0,True,0.0,11,1022.6205001825009
2025-08-23 22:00:00,27.582457007796908,98.92503227557908,0.03965556189814468,0.009209441934719358,0.0007128688531376743,98.40123851782519,1.087157807878872,0.0,0.0,1.0,True,0.0005462742916101382,11,1022.6205001825009
2025-08-23 23:00:00,26.9857179976377,98.91160998537798,0.03877230432516667,0.010111002219292134,0.0002974967360406857,98.40080102262513,1.0874553046149127,0.0,0.0,1.0,True,0.0,11,1022.6205001825009
2025-08-24 00:00:00,26.545320880586686,99.44128437734103,0.019394880900427743,0.005606490373876273,0.0,98.40080102262513,1.0874553046149127,0.0,0.0,1.0,True,0.0,11,1022.6205001825009
2025-08-24 01:00:00,26.145361276313167,99.44658344199915,0.018763215106890437,0.005172977713557625,0.0,98.84197749321336,0.7874553046149126,0.0,0.3,1.0,True,0.0,11,1022.6205001825009
2025-08-24 02:00:00,25.749428168771598,99.41249494759268,0.019457988731689916,0.005194977389098921,0.000293320300191467,99.13566378688955,0.5877486249151042,0.0,0.2,1.0,True,0.0,11,1022.6205001825009
2025-08-24 03:00:00,25.68418198461441,97.75008870580398,0.07422890917104774,0.01563948745034788,0.003547149752312655,99.71868268431263,0.1912957746674168,0.0,0.4,1.0,True,0.0,11,1022.6205001825009
2025-08-24 04:00:00,25.730660794183255,98.39441324623704,0.05311746679379986,0.01155359788549757,0.0,100.0,0.0,0.0,0.6,1.0,True,0.0,11,1023.0292044078335
2025-08-24 05:00:00,25.636112663238,99.15678284062417,0.027740216999916974,0.007287318021961279,0.0015940930638964129,99.99765574549427,0.0015940930638964129,0.0,2.2,0.2,True,0.0,11,1025.2292044078335
2025-08-24 06:00:00,26.69011983722103,95.20933183418204,0.16772291444623116,0.055455568225559526,0.054537560884844995,99.91979770458111,0.054537560884844995,0.0,4.1,1.0,True,0.0,11,1029.3276103147696
2025-08-24 07:00:00,28.638223186771235,97.15579205746779,0.11156944122771945,0.0647265838855484,0.10154145821433813,99.85067432615539,0.10154145821433813,0.0,1.0,0.2,True,0.041301009659579224,11,1030.2730727538847
2025-08-24 08:00:00,27.819335337621542,94.6074726985872,0.2016993710632948,0.09937577718267881,0.11926988902832067,99.82460310437011,0.11926988902832067,0.0,4.5,1.0,True,0.0,11,1034.6715312956703
2025-08-24 09:00:00,28.965955558095786,97.05342405081795,0.11779831784406529,0.07807168481471599,0.11707398884663264,99.82783236934318,0.11707398884663264,0.0,2.8,0.2,True,0.0,11,1037.352261406642
2025-08-24 10:00:00,28.808184097012177,91.63153753910761,0.33151568179360635,0.17733313405061862,0.22895103105249354,99.66330730727574,0.22895103105249354,0.0,0.3,1.0,True,0.0,11,1037.5351874177952
2025-08-24 11:00:00,33.305066264849074,81.0886338075253,0.9676688744337691,0.4783903841919359,0.6672476923960156,98.68206070081101,0.8961987234485091,0.0,0.0,1.0,False,0.0,11,1037.5351874177952
2025-08-24 12:00:00,32.75178262537545,81.8526676176472,0.9002048255047743,0.42164088521006987,0.5271543838450715,98.20095131280355,1.2233531072935806,0.0,0.2,1.0,False,0.0,11,1037.5351874177952
2025-08-24 13:00:00,31.911470918689407,84.7639704816002,0.7208227057572398,0.3437315031649441,0.4331814940609848,98.2992138215374,1.1565346013545654,0.0,0.5,1.0,False,0.0,11,1037.5351874177952
2025-08-24 14:00:00,29.669463781830164,88.06760781693652,0.49677908860796155,0.21070575310409603,0.2229752610713801,99.6720952043068,0.2229752610713801,0.0,3.2,1.0,False,0.0,11,1039.5786528164406
2025-08-24 15:00:00,28.31984436935593,90.49639664029108,0.36597406930831733,0.1521802943975524,0.15704334646805582,99.76905390225286,0.15704334646805582,0.0,4.1,1.0,True,0.0,11,1043.4556775553692
2025-08-24 16:00:00,28.756305975396057,91.33695176846679,0.3421566529712378,0.13388308337929966,0.14314935004675863,99.78948624993123,0.14314935004675863,0.0,0.3,1.0,True,0.0,11,1043.598634208901
2025-08-24 17:00:00,28.096354537931557,95.71867104134293,0.16274139881130842,0.05813537530959209,0.04103638198230315,99.72913862936903,0.1841857320290618,0.0,0.0,1.0,True,0.0,11,1043.598634208901
2025-08-24 18:00:00,26.942084476715934,98.3735564109284,0.057791508775605606,0.018174352976210426,0.0014612700795216607,99.7269897027815,0.18564700210858345,0.0,0.0,1.0,True,0.0,11,1043.598634208901
2025-08-24 19:00:00,26.985173210274823,98.91637558932892,0.03860130274741169,0.008408262653455177,0.0003362841789095871,99.72649516722427,0.18598328628749303,0.0,0.0,1.0,True,0.0,11,1043.598634208901
2025-08-24 20:00:00,26.72616461720848,98.39305996357758,0.056378873432595726,0.012761665769735253,0.0007922108102766447,99.7253301513268,0.18677549709776967,0.0,0.0,1.0,True,0.0,11,1043.598634208901
2025-08-24 21:00:00,26.50767697667259,97.33331433908444,0.0923646008500762,0.02023870585621898,0.0013569589583374989,99.7233346234469,0.18813245605610718,0.0,0.0,1.0,True,0.0,11,1043.598634208901
2025-08-24 22:00:00,26.496768228731355,97.44589279991447,0.08840846722069103,0.019169009158725173,0.0,99.7233346234469,0.18813245605610718,0.0,0.0,1.0,True,0.0,11,1043.598634208901
2025-08-24 23:00:00,25.548791284922142,99.42143038976495,0.01893552275004634,0.007290972467177882,0.0,100.0,0.0,0.0,6.9,1.0,True,0.0,11,1050.310501752845
2025-08-25 00:00:00,25.486352250087496,98.95232727198511,0.034161619153989256,0.007409214086888856,0.0,100.0,0.0,0.0,3.9,1.0,True,0.0,11,1054.2105017528452
2025-08-25 01:00:00,25.346036944587578,99.45146860071013,0.017737646297024106,0.0043915082890363475,0.0,100.0,0.0,0.0,6.0,1.0,True,0.0,11,1060.2105017528452
2025-08-25 02:00:00,25.388226093277304,98.93537875740493,0.03451262264587161,0.007161935159700565,0.0,100.0,0.0,0.0,0.2,1.0,True,0.0,11,1060.4105017528452
2025-08-25 03:00:00,25.290189248547726,98.9181645838826,0.034866991233760476,0.007805490233877873,0.0,100.0,0.0,0.0,0.2,1.0,True,0.0,11,1060.6105017528453
2025-08-25 04:00:00,25.29164197630016,98.90288220633762,0.03536258738572578,0.007629140504752167,0.0,100.0,0.0,0.0,0.0,1.0,True,0.0,11,1060.6105017528453
2025-08-25 05:00:00,25.370294031370598,98.25374173320382,0.056549499641985565,0.0136878491194963,0.0034695086510507325,99.99489778139551,0.0034695086510507325,0.0,0.1,1.0,True,0.0,11,1060.7105017528452
2025-08-25 06:00:00,27.364460448274976,98.00203172091587,0.0727717489424108,0.04126153821462311,0.06706126223045365,99.90138049671991,0.06706126223045365,0.0,0.1,0.2,True,0.06512964442348321,11,1060.807032244194
2025-08-25 07:00:00,31.483323542925973,95.12287619618881,0.2252108865632128,0.14137824848139924,0.24347649418931328,99.64194633207454,0.24347649418931328,0.0,0.1,0.2,True,0.0,11,1060.8399709819637
2025-08-25 08:00:00,29.569328191152543,88.40262961272249,0.4800581011189882,0.23983546997582403,0.30094478178652206,99.34643930003554,0.44442127597583536,0.0,0.1,1.0,False,0.0,11,1060.8399709819637
2025-08-25 09:00:00,30.98139284086895,86.65403476676222,0.5989449429377183,0.2995501887145047,0.4055267268202716,99.04419411353513,0.6499480027961069,0.0,0.2,1.0,False,0.0,11,1060.8399709819637
2025-08-25 10:00:00,32.9777117823615,81.78525234185534,0.9150838962937148,0.42631354344364153,0.5650314826147969,98.36032428616043,1.1149794854109039,0.0,0.1,1.0,False,0.0,11,1060.8399709819637
2025-08-25 11:00:00,34.28107075119254,77.97869012670678,1.1898273023766563,0.5365558230240649,0.690319972133157,97.49220668008226,1.7052994575440608,0.0,0.1,1.0,False,0.0,11,1060.8399709819637
2025-08-25 12:00:00,32.62211336944024,81.55685387715488,0.9082333412347816,0.38898516781893244,0.44497002092118154,96.837839002257,2.1502694784652423,0.0,0.0,1.0,False,0.0,11,1060.8399709819637
2025-08-25 13:00:00,33.57662515437024,80.36377020028263,1.0201304254603956,0.44879450132638177,0.5626526811215107,96.010408588843,2.712922159586753,0.0,0.0,1.0,False,0.0,11,1060.8399709819637
2025-08-25 14:00:00,31.985337069939526,82.88085267028549,0.8133027971412231,0.34135511530640994,0.3824718831868913,95.59500876062698,2.9953940427736443,0.0,0.1,1.0,False,0.0,11,1060.8399709819637
2025-08-25 15:00:00,32.067419168167056,82.05483421724838,0.856508420967613,0.3382843217012046,0.37565334807645057,95.04257736639691,3.371047390850095,0.0,0.0,1.0,False,0.0,11,1060.8399709819637
2025-08-25 16:00:00,30.097254495806204,89.08333922519141,0.46579116823278094,0.20001005387483584,0.20980662085143137,95.02815586514481,3.380854011701526,0.0,0.2,1.0,False,0.0,11,1060.8399709819637
2025-08-25 17:00:00,29.68656721798139,100.0,0.0,0.03168873082410844,0.052214800719508236,99.06901645232202,0.6330688124210346,0.0,2.8,0.0,True,1.5202006674389865,11,1060.8399709819637
2025-08-25 18:00:00,26.79394436974576,97.92830209406655,0.07297485494712072,0.02655209581735667,0.002486505935831231,99.06535982594579,0.6355553183568659,0.0,0.0,0.5,True,0.0,11,1060.8399709819637
2025-08-25 19:00:00,26.761942507318974,97.90487172171224,0.0736615221723998,0.016000978834833035,0.0,99.06535982594579,0.6355553183568659,0.0,0.0,1.0,True,0.0,11,1060.8399709819637
2025-08-25 20:00:00,26.726116620761335,98.39321830301432,0.05637315908798431,0.012456505400170693,0.00039550441503306176,99.06477820180604,0.635950822771899,0.0,0.0,1.0,True,0.0,11,1060.8399709819637
2025-08-25 21:00:00,26.63723999942987,99.52396296846189,0.016614462479976045,0.004260541378649275,0.0,99.06477820180604,0.635950822771899,0.0,0.0,0.8,True,0.0,11,1060.8399709819637
2025-08-25 22:00:00,26.500032730995652,99.99989010605327,3.8046262766750243e-06,0.00058018637739892,0.0,99.06477820180604,0.635950822771899,0.0,0.0,1.0,True,0.0,11,1060.8399709819637
2025-08-25 23:00:00,26.375557253508397,99.03981036147371,0.03299971717001928,0.007212114523734058,0.0,99.06477820180604,0.635950822771899,0.0,0.0,0.8,True,0.0,11,1060.8399709819637
2025-08-26 00:00:00,26.174592144667876,99.48289971366135,0.01756221999132135,0.004472163285290556,0.0,99.06477820180604,0.635950822771899,0.0,0.0,0.2,True,0.0,11,1060.8399709819637
2025-08-26 01:00:00,26.054457040740726,99.808296151849,0.006464782916402014,0.0017072006424536177,0.0,99.06477820180604,0.635950822771899,0.0,0.0,0.1,True,0.0,11,1060.8399709819637
2025-08-26 02:00:00,26.04184184552881,99.48394572822706,0.0173898062865974,0.0036850474982193567,0.0,99.06477820180604,0.635950822771899,0.0,0.0,1.0,True,0.0,11,1060.8399709819637
2025-08-26 03:00:00,25.983219634403255,98.96860138165778,0.034635468058937816,0.007486301310599314,0.0,99.06477820180604,0.635950822771899,0.0,0.0,1.0,True,0.0,11,1060.8399709819637
2025-08-26 04:00:00,26.041226122403693,99.49026464626024,0.017176248730145456,0.003707052591157258,0.0,99.06477820180604,0.635950822771899,0.0,0.0,1.0,True,0.0,11,1060.8399709819637
2025-08-26 05:00:00,26.289533389530995,99.3648248644614,0.02171919821674931,0.006606299950147944,0.0014936748001796133,99.06258162121753,0.6374444975720786,0.0,0.0,1.0,True,0.006920718095808354,11,1060.8399709819637
2025-08-26 06:00:00,27.9222018997561,95.05912776745367,0.18591719280318728,0.06162935134149098,0.06609677425135743,98.9653804826126,0.703541271823436,0.0,0.0,1.0,True,0.0,11,1060.8399709819637
2025-08-26 07:00:00,32.544434505117785,92.63904570692237,0.3609095943934747,0.17764527195381286,0.27793081883775844,98.55665869020413,0.9814720906611945,0.0,0.0,0.2,True,0.0,11,1060.8399709819637
2025-08-26 08:00:00,32.022879763793135,81.41171016602496,0.8849747895470036,0.38597801409523447,0.46872477842973864,97.86735754545451,1.450196869090933,0.0,0.0,1.0,False,0.0,11,1060.8399709819637
2025-08-26 09:00:00,33.11654801159574,77.37291722750625,1.1456375237250762,0.4908042968135156,0.595859167549019,96.99109406376478,2.046056036639952,0.0,0.0,1.0,False,0.0,11,1060.8399709819637
2025-08-26 10:00:00,34.12773050786339,73.98010944214457,1.3939394304412438,0.5860232066537893,0.7049863326029829,95.95434945699569,2.751042369242935,0.0,0.0,1.0,False,0.0,11,1060.8399709819637
2025-08-26 11:00:00,36.87055161786835,76.33692807448634,1.4743768581370855,0.6300522351192424,0.7991844977796424,94.7790781367315,3.550226867022577,0.0,0.0,0.5,False,0.0,11,1060.8399709819637
2025-08-26 12:00:00,35.79261161939788,70.67575020012887,1.722426925694328,0.7063949732551774,0.8278769948886824,93.56161196777755,4.37810386191126,0.0,0.0,1.0,False,0.0,11,1060.8399709819637
2025-08-26 13:00:00,35.237656713496875,71.425905182869,1.6278546430627285,0.6498422801974402,0.7410733233988915,92.47179825689683,5.119177185310152,0.0,0.0,1.0,False,0.0,11,1060.8399709819637
2025-08-26 14:00:00,34.64037994763687,72.53167796052601,1.5140211711235805,0.5789711330796032,0.6269653270571397,91.54979042298928,5.746142512367292,0.0,0.0,1.0,False,0.0,11,1060.8399709819637
2025-08-26 15:00:00,32.57969311170602,75.0998159633196,1.223287570276363,0.45419647039676403,0.46658667624218675,91.15775119322136,6.0127291886094785,0.0,0.2,1.0,False,0.0,11,1060.8399709819637
2025-08-26 16:00:00,30.514958147262046,85.38751197899532,0.6385676042459014,0.24819155867904918,0.24926284748143318,90.93824700574866,6.161992036090912,0.0,0.1,1.0,False,0.0,11,1060.8399709819637
2025-08-26 17:00:00,31.57638181894727,100.0,0.0,0.043203604631528274,0.09020454032082666,90.80559326998274,6.252196576411738,0.0,0.0,0.0,True,1.3833442346322615,11,1060.8399709819637
2025-08-26 18:00:00,28.041479060916785,93.90018755663975,0.23112610681920703,0.05921637237572361,0.015380544199529137,90.7829748226305,6.267577120611268,0.0,0.0,1.0,True,0.0,11,1060.8399709819637
2025-08-26 19:00:00,27.884041214892665,96.14207538239192,0.144845159759171,0.03261998241226139,0.00941632761919651,90.76912728201401,6.276993448230464,0.0,0.0,1.0,True,0.0,11,1060.8399709819637
2025-08-26 20:00:00,27.760676415813613,97.85522296663952,0.07994819701152063,0.01828732678218585,0.0023347929397239376,90.76569376298501,6.279328241170188,0.0,0.0,1.0,True,0.0,11,1060.8399709819637
2025-08-26 21:00:00,27.562352116071224,97.85114924762655,0.0791780674928746,0.01770089860351682,0.0029193182160590146,90.7614006479614,6.2822475593862475,0.0,0.0,1.0,True,0.0,11,1060.8399709819637
2025-08-26 22:00:00,27.462900615022107,97.85173495800265,0.0786977644718637,0.017299255036263533,0.002763908995092548,90.75733607590979,6.28501146838134,0.0,0.0,1.0,True,0.0,11,1060.8399709819637
2025-08-26 23:00:00,27.421691610426937,98.4046556150117,0.05830187596802053,0.012920679214294758,0.001166517522051762,90.7556206089656,6.286177985903391,0.0,0.0,1.0,True,0.0,11,1060.8399709819637
2025-08-27 00:00:00,27.223908709706375,98.39230717673364,0.05807699760854279,0.013132940312393246,0.001347807606315904,90.75363853895631,6.287525793509707,0.0,0.0,1.0,True,0.0,11,1060.8399709819637
2025-08-27 01:00:00,26.470369816989855,97.84004608198698,0.07464899886346128,0.018162940133166907,0.0017761560564438675,97.95690889769683,1.3893019495661507,0.0,4.9,1.0,True,0.0,11,1060.8399709819637
2025-08-27 02:00:00,26.530208696276432,98.3617714028342,0.05681779990937758,0.012283976288998785,0.0015876225689552415,98.83692709980131,0.790889572135106,0.0,0.6,1.0,True,0.0,11,1060.8399709819637
2025-08-27 03:00:00,26.326056308494064,98.41315368131687,0.05437767373260616,0.01237632730041766,0.0,99.7192800409778,0.19088957213510604,0.0,0.6,1.0,True,0.0,11,1060.8399709819637
2025-08-27 04:00:00,26.48516617869192,98.93134848962893,0.036965288035443765,0.007695766587874334,0.0,100.0,0.0,0.0,0.3,1.0,True,0.0,11,1060.9490814098285
2025-08-27 05:00:00,26.63107833779044,98.7800087966344,0.0425642346316777,0.011402726391852365,0.004175095985374414,99.99386015296268,0.004175095985374414,0.0,0.3,1.0,True,0.0,11,1061.2490814098285
2025-08-27 06:00:00,27.522738031741476,95.11525555749877,0.17957062803036,0.07602126950211764,0.08969962200275529,99.86194894413511,0.0938747179881297,0.0,0.0,1.0,True,0.0,11,1061.2490814098285
2025-08-27 07:00:00,29.42399092172397,89.49525739689265,0.431206841734145,0.19883549668579004,0.26037702031372184,99.4790415613208,0.3542517383018515,0.0,0.0,1.0,False,0.0,11,1061.2490814098285
2025-08-27 08:00:00,31.20759343535908,85.58870158424541,0.6551320644198289,0.31176877516696955,0.41246882055331174,99.01952858991888,0.6667205588551632,0.0,0.1,1.0,False,0.0,11,1061.2490814098285
2025-08-27 09:00:00,32.235046791208866,84.37930652772003,0.752651090449741,0.3673739091062831,0.48993935483921136,98.59314718574356,0.9566599136943745,0.0,0.2,1.0,False,0.0,11,1061.2490814098285
2025-08-27 10:00:00,33.012233995163406,81.71019538004964,0.9206357215106519,0.43330303777498314,0.5638000605891456,98.05814709664187,1.3204599742835201,0.0,0.2,1.0,False,0.0,11,1061.2490814098285
2025-08-27 11:00:00,33.63903437620913,80.63688817631693,1.0094533181797871,0.4728606671762357,0.6085433474380059,97.60440687982128,1.6290033217215258,0.0,0.3,1.0,False,0.0,11,1061.2490814098285
2025-08-27 12:00:00,34.22044298949513,80.02620548325119,1.0755683754947922,0.5096722026483537,0.6572098232173881,96.93203949273689,2.086213144938914,0.0,0.2,1.0,False,0.0,11,1061.2490814098285
2025-08-27 13:00:00,32.42781969617637,82.91270377327521,0.8323118023302398,0.3700032182760991,0.4333902163656592,96.5888185863168,2.3196033613045732,0.0,0.2,1.0,False,0.0,11,1061.2490814098285
2025-08-27 14:00:00,30.075050884511807,86.91875499662964,0.5574395458947102,0.26462120304168846,0.3054893606053899,99.55075094028619,0.3054893606053899,0.0,3.6,1.0,False,0.0,11,1062.529478048524
2025-08-27 15:00:00,30.621797135593816,83.94896140601496,0.7057257224764303,0.28298643987349603,0.32226287088802064,99.52608401339998,0.32226287088802064,0.0,0.4,1.0,False,0.0,11,1062.6239886879187
2025-08-27 16:00:00,29.339430515163574,85.66369578909769,0.5856272056260579,0.21242928147198584,0.21060175620602903,99.69029153499113,0.21060175620602903,0.0,0.5,1.0,False,0.0,11,1062.8017258170307
2025-08-27 17:00:00,29.94917893090387,100.0,0.0,0.03384577949718743,0.06593821798419673,99.74038239089673,0.17653997419022577,0.0,0.1,0.0,True,1.0345470231718952,11,1062.8017258170307
2025-08-27 18:00:00,26.67639509619333,97.87544697290879,0.07432130988704738,0.02625985137354894,0.0003616402647700229,99.99946817608122,0.0003616402647700229,0.0,4.2,1.0,True,0.0,11,1066.8251858428405
2025-08-27 19:00:00,27.00611450871992,97.30899107614647,0.09597804470718543,0.01954028440338865,0.002943332735657359,99.99567156950638,0.002943332735657359,0.0,0.1,1.0,True,0.0,11,1066.9248242025758
2025-08-27 20:00:00,27.066901542560274,97.83675616074882,0.07743023770373207,0.01673461872544916,0.002698512507995608,99.99170316875934,0.005641845243652967,0.0,0.0,1.0,True,0.0,11,1066.9248242025758
2025-08-27 21:00:00,27.029302117499007,98.34893964528368,0.05896718885908657,0.01303324391689728,0.00234459381399301,99.98825523667993,0.007986439057645976,0.0,0.0,1.0,True,0.0,11,1066.9248242025758
2025-08-27 22:00:00,26.829696347194098,98.35385100917374,0.058106962250814825,0.013130617347760843,0.002155676440407066,99.98508512426757,0.010142115498053042,0.0,0.0,1.0,True,0.0,11,1066.9248242025758
2025-08-27 23:00:00,26.687810349382904,98.89961493230136,0.03851962203917689,0.008923172637716465,0.0008377983392248522,99.98385306788636,0.010979913837277894,0.0,0.0,1.0,True,0.0,11,1066.9248242025758
2025-08-28 00:00:00,26.408386702560524,97.33434115290332,0.0917905746677684,0.02012179982905378,0.0013753281097589473,99.99797745866212,0.0013753281097589473,0.0,0.1,1.0,True,0.0,11,1067.0138442887385
2025-08-28 01:00:00,26.03596411531699,99.01843723214746,0.033064852554634545,0.008451647914322253,0.0017524502312558194,99.9954003259691,0.0031277783410147667,0.0,0.0,0.1,True,0.0,11,1067.0138442887385
2025-08-28 02:00:00,25.933543736351446,98.35583720273243,0.055050797124427446,0.011954435544837752,0.0011488482953691693,99.99371084318179,0.0042766266363839355,0.0,0.0,1.0,True,0.0,11,1067.0138442887385
2025-08-28 03:00:00,25.67601343742354,97.83263431178523,0.07147096675563323,0.016009109257778646,0.0009810637860227162,99.9985572591382,0.0009810637860227162,0.0,0.1,1.0,True,0.0,11,1067.109567662102
2025-08-28 04:00:00,25.57283371095309,97.87209362195622,0.0697418553837596,0.015383223833203827,0.0,100.0,0.0,0.0,0.1,1.0,True,0.0,11,1067.208586598316
2025-08-28 05:00:00,25.503524673543417,97.77322147854406,0.07268292413120139,0.017396179260098173,0.00243122252403545,99.99642467275878,0.00243122252403545,0.0,0.1,1.0,True,0.0,11,1067.308586598316
2025-08-28 06:00:00,26.8336914813127,96.09303894692457,0.1379431168824736,0.04202976404193547,0.037328893364492195,99.94510456858163,0.037328893364492195,0.0,0.1,1.0,True,0.0,11,1067.406155375792
2025-08-28 07:00:00,28.09447972151155,92.3270013461001,0.2916333546033962,0.1212983363187254,0.144923659366232,99.78687697152024,0.144923659366232,0.0,0.2,1.0,True,0.0,11,1067.5688264824275
2025-08-28 08:00:00,30.265952284314352,89.16953903334907,0.46660024295728786,0.23718076583075567,0.33813788027718744,99.50273841135707,0.33813788027718744,0.0,0.3,1.0,False,0.0,11,1067.7239028230613
2025-08-28 09:00:00,31.993531998570667,85.23385141557245,0.7018406240149204,0.345258489094463,0.4768878689129887,99.29869431042208,0.4768878689129887,0.0,0.6,1.0,False,0.0,11,1067.985764942784
2025-08-28 10:00:00,33.316446753244705,82.44992533680615,0.8985855525084387,0.4421879948166783,0.605620866823811,99.10938107820027,0.605620866823811,0.0,3.1,1.0,False,0.0,11,1070.608877073871
2025-08-28 11:00:00,31.687361902665813,82.41812382599716,0.8213224388287789,0.4147829102276473,0.526314192482049,99.22600854046757,0.526314192482049,0.0,10.6,1.0,False,0.0,11,1080.6032562070473
2025-08-28 12:00:00,28.55480891740796,90.0092315245698,0.39001647450292326,0.19463857598974807,0.21827326669243136,99.6790099019229,0.21827326669243136,0.0,4.3,1.0,False,0.0,11,1084.3769420145652
2025-08-28 13:00:00,28.72384672069754,88.72275135400658,0.4445710422457503,0.20996722558400607,0.25803488819624265,99.62053692912318,0.25803488819624265,0.0,0.5,1.0,False,0.0,11,1084.6586687478728
2025-08-28 14:00:00,31.03387392613653,84.53542103822302,0.696101428377102,0.3332557200236553,0.43200236943221676,99.3647023978938,0.43200236943221676,0.0,0.3,1.0,False,0.0,11,1084.7006338596766
2025-08-28 15:00:00,30.511523732881088,85.31311556717723,0.6416928014186339,0.2909936011551735,0.3386795042153299,99.5019419055657,0.3386795042153299,0.0,0.6,1.0,False,0.0,11,1084.8686314902443
2025-08-28 16:00:00,29.47581937974607,86.023550959671,0.5754312697035519,0.22384138536336867,0.22815989795830932,99.46053029092113,0.3668394021736392,0.0,0.2,1.0,False,0.0,11,1084.8686314902443
2025-08-28 17:00:00,30.43309499138039,100.0,0.0,0.04206715060976603,0.07557042900980965,99.34939730708317,0.44240983118344884,0.0,0.0,0.0,True,1.6266487070593771,11,1084.8686314902443
2025-08-28 18:00:00,26.728226433189217,98.43250431578156,0.0550016499092883,0.023394713577975325,0.0,99.34939730708317,0.44240983118344884,0.0,0.0,1.0,True,0.0,11,1084.8686314902443
2025-08-28 19:00:00,26.780100308413264,98.97349946087544,0.03612872996240936,0.007831068944612126,0.0,99.34939730708317,0.44240983118344884,0.0,0.0,1.0,True,0.0,11,1084.8686314902443
2025-08-28 20:00:00,26.599640993296756,97.40741402312459,0.09028549274633361,0.019519715872792283,0.0,99.34939730708317,0.44240983118344884,0.0,0.0,1.0,True,0.0,11,1084.8686314902443
2025-08-28 21:00:00,26.567033570343042,97.8662460483607,0.07416443928561212,0.016278299229244748,0.001096685755631228,99.34778453391311,0.44350651693908005,0.0,0.0,1.0,True,0.0,11,1084.8686314902443
2025-08-28 22:00:00,26.587301436684076,98.9073157191319,0.03802455437980938,0.00852594802088927,0.0005114769082596579,99.3470323619892,0.4440179938473397,0.0,0.0,1.0,True,0.0,11,1084.8686314902443
2025-08-28 23:00:00,26.3817852258269,98.97021886689018,0.03540442648435277,0.008299937276488764,0.0,99.3470323619892,0.4440179938473397,0.0,0.0,1.0,True,0.0,11,1084.8686314902443
2025-08-29 00:00:00,25.686795837859034,98.94210817984441,0.034907295880046485,0.009589154042988454,0.0,100.0,0.0,0.0,2.7,1.0,True,0.0,11,1087.124613496397
2025-08-29 01:00:00,25.74431217473166,99.4627399950388,0.017788497164647536,0.0038527057340511403,0.0,100.0,0.0,0.0,0.5,1.0,True,0.0,11,1087.624613496397
2025-08-29 02:00:00,25.43531646415985,98.36130902455422,0.05327141803280241,0.012013838592764212,0.0004655482086245223,99.99931537028144,0.0004655482086245223,0.0,0.3,1.0,True,0.0,11,1087.924613496397
2025-08-29 03:00:00,25.23805945654359,98.34216981970782,0.05326568189099581,0.012051758322131534,0.0008678742402002492,99.99872371435265,0.0008678742402002492,0.0,0.4,1.0,True,0.0,11,1088.3241479481883
2025-08-29 04:00:00,25.094968244218713,98.8750457290462,0.03583813511169338,0.008308843320707967,0.0004277837443848152,99.99937090625825,0.0004277837443848152,0.0,0.3,1.0,True,0.0,11,1088.623280073948
2025-08-29 05:00:00,25.146301285934896,97.20633902565548,0.08927111164542768,0.019732945416481334,0.0032361359838579016,99.99524097649433,0.0032361359838579016,0.0,0.1,1.0,True,0.0,11,1088.7228522902037
2025-08-29 06:00:00,26.79302689020499,94.82714236363505,0.18220233010521691,0.06871482058020836,0.07769468584042835,99.88098408555251,0.08093082182428625,0.0,0.0,1.0,True,0.0,11,1088.7228522902037
2025-08-29 07:00:00,28.789892770881288,90.39491033306265,0.3801019224058012,0.17948293639059673,0.24140912701460115,99.64498657791971,0.24140912701460115,0.0,0.1,1.0,True,0.0,11,1088.7419214683794
2025-08-29 08:00:00,30.297795448760077,87.7261572100656,0.5297489729065666,0.264562477801128,0.3585830938791001,99.47267192076603,0.3585830938791001,0.0,0.3,1.0,False,0.0,11,1088.8005123413648
2025-08-29 09:00:00,30.998391690445477,84.72281327962209,0.6862788660206818,0.3178440960009277,0.4029730110063754,99.17418219869782,0.5615561048854755,0.0,0.2,1.0,False,0.0,11,1088.8005123413648
2025-08-29 10:00:00,31.03365143305677,84.10479310355385,0.7154760653340397,0.3149896691277624,0.3787742298334465,98.911278919531,0.740330334718922,0.0,0.2,1.0,False,0.0,11,1088.8005123413648
2025-08-29 11:00:00,31.31938473624638,82.89480327301683,0.7825505775887093,0.3722544378430055,0.4638803339833268,99.31782303825982,0.4638803339833268,0.0,1.6,1.0,False,0.0,11,1089.6601820066458
2025-08-29 12:00:00,30.604302737523426,83.53388801488533,0.7232527216475866,0.36544167973979697,0.4651150763725347,99.31600724062862,0.4651150763725347,0.0,1.7,1.0,False,0.0,11,1090.8963016726625
2025-08-29 13:00:00,30.71459992612509,83.90427711207091,0.7114485720317109,0.3066044315473814,0.3615721992832029,98.93134224168274,0.7266872756557377,0.0,0.1,1.0,False,0.0,11,1090.8963016726625
2025-08-29 14:00:00,29.962112699920805,85.55139170441909,0.6117328403831714,0.2519896349314614,0.2784505051553981,98.81597385174832,0.8051377808111357,0.0,0.2,1.0,False,0.0,11,1090.8963016726625
2025-08-29 15:00:00,29.46994564739026,88.16161800541315,0.48723902787982015,0.1962567689741796,0.21071874593580564,98.5060933430192,1.0158565267469415,0.0,0.0,1.0,False,0.0,11,1090.8963016726625
2025-08-29 16:00:00,28.847457832972953,90.09717475445048,0.39319181775828915,0.14210167979285002,0.12954727732202825,98.31558264107504,1.1454038040689698,0.0,0.0,1.0,True,0.0,11,1090.8963016726625
2025-08-29 17:00:00,28.15683451591485,92.79987749428705,0.27465482930609536,0.08713822926617223,0.05775507920108206,98.67182517166168,0.9031588832700518,0.0,0.3,1.0,True,0.0,11,1090.8963016726625
2025-08-29 18:00:00,27.59536494064066,99.80164538946127,0.0073228207158221705,0.006516772362514302,0.00397406797455194,98.66598095405206,0.9071329512446037,0.0,0.0,0.0,True,0.08665086170762878,11,1090.8963016726625
2025-08-29 19:00:00,26.961962907563077,97.89268801207263,0.07496534247145921,0.017443103948289126,0.0007702559137760564,98.66484822476708,0.9079032071583798,0.0,0.0,1.0,True,0.0,11,1090.8963016726625
2025-08-29 20:00:00,26.721578117917158,98.43945437145116,0.0547363823355656,0.01275546654523012,0.0,99.25308351888474,0.5079032071583798,0.0,0.4,1.0,True,0.0,11,1090.8963016726625
2025-08-29 21:00:00,26.53070889271752,98.35711827063768,0.0569808600309363,0.012829883821796027,0.0017317874384104727,99.98583089029883,0.00963499459679025,0.0,0.5,1.0,True,0.0,11,1090.8963016726625
2025-08-29 22:00:00,26.087060956379112,97.70013776868905,0.07770724637489382,0.017747458971329483,0.00563963368496901,99.99170642105152,0.00563963368496901,0.0,0.1,1.0,True,0.0,11,1090.9866666780656
2025-08-29 23:00:00,25.8297028886417,98.40004448576624,0.05324249779864705,0.012499533561273216,0.0,100.0,0.0,0.0,0.2,1.0,True,0.0,11,1091.1810270443807
