timestamp,T_in,RH_in,VPD,ET_hr,ETc_hr,soil_pct,depletion,irrigation,rain,vent,leaf_wet,condensed,dsv_cumulative,runoff
2025-06-01 00:00:00,24.099143080098543,99.62100311408821,0.011376426335997277,0.003251437875442653,0.0,100.0,0.0,0.0,0.0,0.1,True,0.0,0,0.0
2025-06-01 01:00:00,24.139466251351646,99.5564413459096,0.013346624142743346,0.002735859829460812,0.0,100.0,0.0,0.0,0.0,0.6,True,0.0,0,0.0
2025-06-01 02:00:00,24.14147277109088,99.52800179934626,0.014204075258791138,0.0030533696012607523,0.0,100.0,0.0,0.0,0.0,0.6,True,0.0,0,0.0
2025-06-01 03:00:00,24.02384657919323,98.58234611859274,0.04236220699377228,0.009234604194918186,0.0008677580672912464,99.99872388519516,0.0008677580672912464,0.0,0.0,0.6,True,0.0,0,0.0
2025-06-01 04:00:00,23.864452750879632,98.12158142103634,0.055596058410770054,0.012370377913589796,0.0011840713200700372,99.99698260384211,0.0020518293873612835,0.0,0.0,0.6,True,0.0,0,0.0
2025-06-01 05:00:00,24.70755298195854,97.68861455660547,0.07195373615159321,0.02342380399014755,0.009794776951703579,99.98257852008962,0.011846606339064862,0.0,0.0,0.6,True,0.003135449970551041,0,0.0
2025-06-01 06:00:00,25.666766973017907,97.59436329642794,0.07928472574861525,0.02779359268246474,0.014087799534051823,99.97928264774404,0.014087799534051823,0.0,1.3,0.6,True,0.028687343378776264,0,1.2881533936609353
2025-06-01 07:00:00,26.313858606755105,96.32540422926607,0.12582963525860705,0.0570524751451445,0.03636093774488036,99.94652803272812,0.03636093774488036,0.0,1.7,0.6,True,0.0,0,2.974065594126883
2025-06-01 08:00:00,26.883204122182775,94.71072924751427,0.18729217358300135,0.07804866584560938,0.04716775856142023,99.93063564917438,0.04716775856142023,0.0,0.2,0.6,True,0.0,0,3.137704656382003
2025-06-01 09:00:00,31.18962895453569,86.79135992142815,0.5998467902014982,0.28303468942814014,0.20816123238026082,99.62451618979165,0.25532899094168104,0.0,0.0,0.6,False,0.0,1,3.137704656382003
2025-06-01 10:00:00,33.22157006385122,82.23022971580568,0.9050147292330164,0.4114015237753915,0.28070320523292347,99.21171735856676,0.5360321961746045,0.0,0.0,0.6,False,0.0,1,3.137704656382003
2025-06-01 11:00:00,32.32434006969005,79.34280198062267,1.000349240438645,0.42522417034123033,0.2591760327712028,98.83057613390322,0.7952082289458073,0.0,0.0,1.0,False,0.0,1,3.137704656382003
2025-06-01 12:00:00,31.625343505288715,79.84208729036395,0.93835703173496,0.3787722445975343,0.21870742232830961,98.50894757165571,1.013915651274117,0.0,0.0,1.0,False,0.0,1,3.137704656382003
2025-06-01 13:00:00,33.43662207859712,83.34550379883306,0.8584822671680031,0.38471914630760107,0.2576420147562902,98.13006225583763,1.2715576660304073,0.0,0.0,0.6,False,0.0,1,3.137704656382003
2025-06-01 14:00:00,33.129072485848724,78.27358467212785,1.1008079677480633,0.47589614343676845,0.30016591002101795,97.68864179992437,1.5717235760514252,0.0,0.0,1.0,False,0.0,1,3.137704656382003
2025-06-01 15:00:00,31.2566880894749,82.46621055102993,0.7993063995620476,0.3239076266878292,0.18095901481509433,97.42252560166689,1.7526825908665196,0.0,0.0,1.0,False,0.0,1,3.137704656382003
2025-06-01 16:00:00,30.48415766166991,88.01597756908096,0.5227823806560823,0.20274706334228043,0.10793513687764932,97.41085628272916,1.7606177277441688,0.0,0.1,0.6,False,0.0,1,3.137704656382003
2025-06-01 17:00:00,29.286405521043086,90.76898181065333,0.3759291173355415,0.1278991172723237,0.05315263375873458,97.33269064484867,1.8137703615029035,0.0,0.0,0.6,True,0.0,1,3.137704656382003
2025-06-01 18:00:00,27.51249300188644,93.83412435632357,0.22653129266523803,0.06189119474932353,0.008944129831167226,97.31953751274402,1.8227144913340707,0.0,0.0,0.6,True,0.0,1,3.137704656382003
2025-06-01 19:00:00,26.26564475088838,95.07233350147209,0.1682595065514202,0.040954994648720044,0.010535830576697736,97.30404364424888,1.8332503219107685,0.0,0.0,0.6,True,0.0,1,3.137704656382003
2025-06-01 20:00:00,25.361587485319095,95.34870876116177,0.1505460009258365,0.03565273676208008,0.005078203261415535,97.2965756982762,1.8383285251721841,0.0,0.0,0.6,True,0.0,1,3.137704656382003
2025-06-01 21:00:00,25.126460685479266,95.88615403484751,0.1313023645631669,0.029314067621510422,0.003161273117158217,97.43898559075097,1.7414897982893423,0.0,0.1,0.6,True,0.0,1,3.137704656382003
2025-06-01 22:00:00,24.938808507685295,94.37766210576136,0.17745503110268704,0.03848766179867664,0.005730245745709641,97.57761758230139,1.6472200440350517,0.0,0.1,0.6,True,0.0,1,3.137704656382003
2025-06-01 23:00:00,24.76339988778619,95.4864086623914,0.14097783168779376,0.03137451668727221,0.0019112152538355931,97.57480697163399,1.6491312592888874,0.0,0.0,0.6,True,0.0,1,3.137704656382003
2025-06-02 00:00:00,24.509233694622186,96.24997292147246,0.1153638457862824,0.0259754665221296,0.0036403916176795384,97.56945345454918,1.6527716509065669,0.0,0.0,0.6,True,0.0,1,3.137704656382003
2025-06-02 01:00:00,24.233846388252886,97.26010009982537,0.08291093093634508,0.019100434399144703,0.0012101082905812378,97.5676738835336,1.6539817591971482,0.0,0.0,0.6,True,0.0,1,3.137704656382003
2025-06-02 02:00:00,24.034994345742074,97.27933745641636,0.08135299961101772,0.01821535939914763,0.0007091303818785594,97.71368986826614,1.5546908895790266,0.0,0.1,0.6,True,0.0,1,3.137704656382003
2025-06-02 03:00:00,23.976440128068134,96.76848319942188,0.09628952168776542,0.020834368355738594,0.0018012386829969738,97.71104098784996,1.5564921282620234,0.0,0.0,0.6,True,0.0,1,3.137704656382003
2025-06-02 04:00:00,23.89898323354776,97.72108995588397,0.06758957893057373,0.015126037909844927,0.0005901420460986381,97.71017313189982,1.557082270308122,0.0,0.0,0.6,True,0.0,1,3.137704656382003
2025-06-02 05:00:00,24.0786494449235,96.9788343937207,0.0905755332595125,0.024504993227026196,0.00550882369728808,97.70207192058028,1.56259109400541,0.0,0.0,0.6,True,0.0,1,3.137704656382003
2025-06-02 06:00:00,24.977534058085517,94.89157792683743,0.16160703175066818,0.046334299102719766,0.022231401008520838,97.96349633086187,1.384822495013931,0.0,0.2,0.6,True,0.0,1,3.137704656382003
2025-06-02 07:00:00,24.897589945190074,96.02101567104512,0.12527853295692237,0.04562711522124842,0.0208830445417028,98.07984479477113,1.3057055395556336,0.0,0.1,0.6,True,0.0,1,3.137704656382003
2025-06-02 08:00:00,27.304610796982107,91.17377738701231,0.3203524519958604,0.14339107139434995,0.09829488091489413,97.93529349930805,1.4040004204705276,0.0,0.0,0.6,True,0.0,1,3.137704656382003
2025-06-02 09:00:00,27.758473673474167,89.29270142182477,0.39907142765581677,0.17708799307921796,0.11076099716549927,97.77240967994702,1.514761417636027,0.0,0.0,0.6,False,0.0,2,3.137704656382003
2025-06-02 10:00:00,27.027252401895865,90.16969586520761,0.35104453477737135,0.14067974857949667,0.07712150239608549,97.80605452936454,1.4918829200321122,0.0,0.1,0.6,True,0.0,2,3.137704656382003
2025-06-02 11:00:00,28.07761929210979,87.98504394048975,0.456213552576314,0.17558761892219102,0.10175300461061128,97.80347658140775,1.4936359246427233,0.0,0.1,0.6,False,0.0,2,3.137704656382003
2025-06-02 12:00:00,28.863424038395973,86.91468969890215,0.5200325537251645,0.20974359303174708,0.12215347682227833,97.62383911549264,1.6157894014650016,0.0,0.0,0.6,False,0.0,2,3.137704656382003
2025-06-02 13:00:00,32.45841734569846,80.22312116508314,0.9649813180249011,0.42778966431745186,0.2816362199386128,97.20966820381821,1.8974256214036145,0.0,0.0,0.6,False,0.0,2,3.137704656382003
2025-06-02 14:00:00,31.509735298738462,76.37785748022823,1.092434736119034,0.45658235783564327,0.27340086201084524,96.8076081126258,2.1708264834144595,0.0,0.0,1.0,False,0.0,2,3.137704656382003
2025-06-02 15:00:00,31.63946859391466,79.18979832280507,0.9694969369263045,0.37005610285796314,0.21656328041999406,96.48913270024345,2.3873897638344537,0.0,0.0,0.6,False,0.0,2,3.137704656382003
2025-06-02 16:00:00,29.617040828488634,86.7506999034591,0.549945139093189,0.20595171237303636,0.10704586707296714,96.4787711310185,2.3944356309074206,0.0,0.1,0.6,False,0.0,2,3.137704656382003
2025-06-02 17:00:00,28.62999108896845,89.7420134303427,0.402197034877771,0.13343350018010347,0.05967266728851876,96.39101720853537,2.4541082981959392,0.0,0.0,0.6,False,0.0,2,3.137704656382003
2025-06-02 18:00:00,26.726006582939117,92.82329099492357,0.2517897372388592,0.0685887707920062,0.00558856142582365,96.38279873585034,2.4596968596217628,0.0,0.0,0.6,True,0.0,2,3.137704656382003
2025-06-02 19:00:00,26.224200572309073,95.60840749814294,0.1495885417253634,0.034987273543362805,0.0,96.38279873585034,2.4596968596217628,0.0,0.0,0.6,True,0.0,2,3.137704656382003
2025-06-02 20:00:00,26.422977955504187,97.02072480490051,0.10267803768171602,0.0219386035801543,0.0,96.38279873585034,2.4596968596217628,0.0,0.0,0.6,True,0.0,2,3.137704656382003
2025-06-02 21:00:00,26.1450903586425,95.32584708932026,0.15847146647734717,0.03465638079698788,0.0,96.38279873585034,2.4596968596217628,0.0,0.0,0.6,True,0.0,2,3.137704656382003
2025-06-02 22:00:00,25.546871289054636,96.88490223789839,0.10193982889557443,0.024550304349423104,0.0,96.38279873585034,2.4596968596217628,0.0,0.0,0.6,True,0.0,2,3.137704656382003
2025-06-02 23:00:00,25.359700841847964,95.36144508806555,0.15011694607807563,0.03257240460956489,0.004798925291050947,96.52280031630468,2.3644957849128136,0.0,0.1,0.6,True,0.0,2,3.137704656382003
2025-06-03 00:00:00,24.47712599633214,95.38586692788041,0.14167448004649438,0.03335240847265027,0.010234243302192497,97.39010289968381,1.774730028215006,0.0,0.6,0.6,True,0.0,2,3.137704656382003
2025-06-03 01:00:00,23.630940852203757,98.52365869158115,0.04308634037223429,0.012840028531985825,0.0015940197946579923,98.41717051763284,1.076324048009664,0.0,0.7,0.6,True,0.0,2,3.137704656382003
2025-06-03 02:00:00,23.127871998884636,98.61450940966516,0.03922656320573003,0.010047636951116806,0.0,98.56422934116226,0.9763240480096641,0.0,0.1,0.6,True,0.0,2,3.137704656382003
2025-06-03 03:00:00,22.969301089904977,98.15675538553174,0.05168873162982797,0.011520681136333475,2.786924987430522e-05,98.56418835697127,0.9763519172595384,0.0,0.0,0.6,True,0.0,2,3.137704656382003
2025-06-03 04:00:00,22.81442728063469,97.65330256158653,0.06519261504763772,0.014410749760970645,0.0,98.56418835697127,0.9763519172595384,0.0,0.0,0.6,True,0.0,2,3.137704656382003
2025-06-03 05:00:00,23.29017615812135,98.76023225554164,0.03544651717690351,0.014696484840280525,0.0050735788951741054,98.5567272115372,0.9814254961547125,0.0,0.0,0.6,True,0.038839433382062416,2,3.137704656382003
2025-06-03 06:00:00,24.450225732909576,94.06378723496246,0.18197521283207874,0.058743706366703896,0.03193555829091169,98.50976315522702,1.0133610544456242,0.0,0.0,0.6,True,0.0,2,3.137704656382003
2025-06-03 07:00:00,26.28273256206643,91.70147704265733,0.283646143041621,0.1252586057616265,0.08189789542265725,98.38932507372311,1.0952589498682814,0.0,0.0,0.6,True,0.0,2,3.137704656382003
2025-06-03 08:00:00,25.963496492629286,92.15056128613139,0.2632853344044783,0.11086382182119041,0.06127920556370526,98.29920859495296,1.1565381554319867,0.0,0.0,0.6,True,0.0,2,3.137704656382003
2025-06-03 09:00:00,26.79176353003911,90.94277864381483,0.3189966650473563,0.1357939575547989,0.08179735472084787,98.1789183674223,1.2383355101528346,0.0,0.0,0.6,True,0.0,2,3.137704656382003
2025-06-03 10:00:00,29.343368278921464,86.6614259646548,0.544994368989831,0.24865386559931768,0.17000392590909083,97.92891259402658,1.4083394360619255,0.0,0.0,0.6,False,0.0,3,3.137704656382003
2025-06-03 11:00:00,30.32369803779074,85.28632622398268,0.6359960668388024,0.299727951396473,0.1979993273588423,97.63773711261652,1.6063387634207678,0.0,0.0,0.6,False,0.0,3,3.137704656382003
2025-06-03 12:00:00,32.21442821891953,82.50710860821819,0.8418792719606428,0.401631164286155,0.25626521147972936,97.26087650749928,1.8626039749004972,0.0,0.0,0.6,False,0.0,3,3.137704656382003
2025-06-03 13:00:00,31.687295208465837,78.33184928357743,1.0122054658641793,0.46573527960519845,0.282066574932801,96.84607272083339,2.144670549833298,0.0,0.0,1.0,False,0.0,3,3.137704656382003
2025-06-03 14:00:00,33.29574610715969,80.98615069414824,0.9724054348697084,0.4492809900933971,0.28714332474646787,96.423803125618,2.431813874579766,0.0,0.0,0.6,False,0.0,3,3.137704656382003
2025-06-03 15:00:00,31.13262594202617,79.08957633566571,0.9465365037987129,0.38718306684380493,0.2013608818220988,96.12768418176196,2.6331747564018646,0.0,0.0,1.0,False,0.0,3,3.137704656382003
2025-06-03 16:00:00,30.821964749818225,84.58280741205323,0.6856421211615027,0.269992826003302,0.1284048537303378,95.93885351451146,2.7615796101322023,0.0,0.0,0.6,False,0.0,3,3.137704656382003
2025-06-03 17:00:00,28.264364084778045,89.38458659433282,0.40747321933179415,0.1502124404998092,0.05358545060022285,96.15416902833466,2.615165060732425,0.0,0.2,0.6,False,0.0,3,3.137704656382003
2025-06-03 18:00:00,27.01987560101994,90.6875363651968,0.3324083560571859,0.08288426467492205,0.0065957630217578075,96.14446937683209,2.6217608237541827,0.0,0.0,0.6,True,0.0,3,3.137704656382003
2025-06-03 19:00:00,26.20898347336676,92.78879061106021,0.24541119863797817,0.05652932337716756,0.0009055122488932978,96.14313774117194,2.622666336003076,0.0,0.0,0.6,True,0.0,3,3.137704656382003
2025-06-03 20:00:00,25.973793366191636,94.95375091531812,0.16936402311164697,0.0380927839885509,0.0,96.14313774117194,2.622666336003076,0.0,0.0,0.6,True,0.0,3,3.137704656382003
2025-06-03 21:00:00,25.940616119729373,96.87515519965321,0.10467160934265697,0.023337042700108574,0.0,96.14313774117194,2.622666336003076,0.0,0.0,0.6,True,0.0,3,3.137704656382003
2025-06-03 22:00:00,25.705870967954873,98.6998953332497,0.04294811508398241,0.010651704316405393,0.0,96.14313774117194,2.622666336003076,0.0,0.0,0.6,True,0.0,3,3.137704656382003
2025-06-03 23:00:00,25.47536926956985,99.08692478871099,0.029753378123530357,0.007305845705650309,0.0,96.14313774117194,2.622666336003076,0.0,0.0,0.6,True,0.0,3,3.137704656382003
2025-06-04 00:00:00,24.857299801282856,98.1226671651582,0.05896610893980379,0.014423257851304877,0.0,96.14313774117194,2.622666336003076,0.0,0.0,0.6,True,0.0,3,3.137704656382003
2025-06-04 01:00:00,24.416422065252338,98.67114191355736,0.04065398541070743,0.010375683053689785,0.0,96.14313774117194,2.622666336003076,0.0,0.0,0.6,True,0.0,3,3.137704656382003
2025-06-04 02:00:00,24.47634742705699,99.12400152465393,0.026895810793307582,0.005751917144457945,0.0,96.14313774117194,2.622666336003076,0.0,0.0,0.6,True,0.0,3,3.137704656382003
2025-06-04 03:00:00,24.651066893612047,98.21829771870043,0.05527786990899295,0.011100722107261233,0.0,96.29019656470136,2.522666336003076,0.0,0.1,0.6,True,0.0,3,3.137704656382003
2025-06-04 04:00:00,24.45581050345871,98.18139358062646,0.05576819310032953,0.012663213823166776,0.0005626977545004725,96.43642789153297,2.4232290337575764,0.0,0.1,0.6,True,0.0,3,3.137704656382003
2025-06-04 05:00:00,24.64643367826998,96.12205098585056,0.12028129090125385,0.03659220984786587,0.014430566841543698,96.709324116766,2.23765960059912,0.0,0.2,0.6,True,0.0,3,3.137704656382003
2025-06-04 06:00:00,25.354638660941262,94.06517435820403,0.19201023794843,0.08165180743182408,0.04047863747230012,96.6497967087185,2.27813823807142,0.0,0.0,0.6,True,0.0,3,3.137704656382003
2025-06-04 07:00:00,28.648181035743274,87.52182841952632,0.4897624167485023,0.2316434317680401,0.15241304885388263,96.42565987216867,2.4305512869253025,0.0,0.0,0.6,False,0.0,3,3.137704656382003
2025-06-04 08:00:00,30.563313709593025,81.18060943250815,0.8246847615199863,0.374317649488284,0.2457204129196078,96.06430632375749,2.6762716998449103,0.0,0.0,0.6,False,0.0,3,3.137704656382003
2025-06-04 09:00:00,28.6988917459999,85.01778880125346,0.5897748652749069,0.2504345504209372,0.14373042023878976,95.85293805870045,2.8200021200837,0.0,0.0,0.6,False,0.0,3,3.137704656382003
2025-06-04 10:00:00,26.344606347953125,94.08456998637678,0.202930393063798,0.09349743612965472,0.04662895374775469,98.43142489142434,1.0666310738314546,0.0,1.8,0.6,True,0.0,3,3.137704656382003
2025-06-04 11:00:00,28.97602566494469,88.29109133660721,0.46837171255629007,0.22262323694200115,0.15453014445863497,98.93946879663223,0.7211612182900896,0.0,0.5,0.6,False,0.0,3,3.137704656382003
2025-06-04 12:00:00,28.385288108615917,90.36980134909554,0.3722611840777501,0.183891914158502,0.11712789156591467,99.79663366197646,0.13828910985600434,0.0,0.7,0.6,True,0.0,3,3.137704656382003
2025-06-04 13:00:00,30.907999071567776,86.94112367742366,0.5836161836274154,0.3080879667614608,0.22785414229610096,99.66492037897632,0.22785414229610096,0.0,0.6,0.6,False,0.0,3,3.5994155465259983
2025-06-04 14:00:00,27.647069551396953,92.29532466662954,0.2852999189730161,0.13798866417151562,0.07340398706261156,99.89205296020204,0.07340398706261156,0.0,0.7,0.6,True,0.0,3,4.0715614042298975
2025-06-04 15:00:00,30.05548589210399,87.2579719805155,0.5423755731101002,0.2501333693659935,0.173049713533467,99.74551512715666,0.173049713533467,0.0,0.2,0.6,False,0.0,3,4.198157417167286
2025-06-04 16:00:00,28.044254750143715,90.26510560493,0.36892147265747166,0.1524086200438609,0.07752646641153457,99.77856444125736,0.15057617994500155,0.0,0.1,0.6,True,0.0,3,4.198157417167286
2025-06-04 17:00:00,26.728712274870695,94.3004053497828,0.1999980392738136,0.07266992848160157,0.02736184237687761,99.9597619965046,0.02736184237687761,0.0,0.3,0.6,True,0.0,3,4.347581237222284
2025-06-04 18:00:00,25.501494255158097,97.09848888227295,0.09469505106756668,0.028945985974056707,0.004698276573634002,99.95285276624925,0.03206011895051161,0.0,0.0,0.6,True,0.0,3,4.347581237222284
2025-06-04 19:00:00,25.12253961223313,97.26936382633083,0.08713387380961563,0.020128193889556896,0.0018881852182142684,99.95007602328128,0.03394830416872588,0.0,0.0,0.6,True,0.0,3,4.347581237222284
2025-06-04 20:00:00,24.984644580829094,97.77365498129602,0.07046118080494887,0.01583046448094882,0.0004288926843746392,99.94944529874545,0.03437719685310052,0.0,0.0,0.6,True,0.0,3,4.347581237222284
2025-06-04 21:00:00,24.916128350529235,98.6158087314501,0.04362952095028664,0.009904940933126848,0.0006686889072581257,99.99901663395991,0.0006686889072581257,0.0,0.2,0.6,True,0.0,3,4.5132040403691835
2025-06-04 22:00:00,23.944134841690815,99.51095896051179,0.014543721528857393,0.006394113004404065,0.0,100.0,0.0,0.0,4.2,0.6,True,0.0,3,8.712535351461925
2025-06-04 23:00:00,23.682473903226427,99.09110309550918,0.02660812813868472,0.0064418822512776865,0.0,100.0,0.0,0.0,3.6,0.6,True,0.0,3,12.312535351461925
2025-06-05 00:00:00,23.742852896954886,99.51786458589757,0.014165963373119926,0.0030023261291870513,0.0,100.0,0.0,0.0,3.9,0.6,True,0.0,3,16.212535351461923
2025-06-05 01:00:00,23.700055231611152,99.99983289925508,4.897083025467602e-06,0.000295253802072439,0.0,100.0,0.0,0.0,1.3,0.6,True,0.004598042430013424,3,17.512535351461924
2025-06-05 02:00:00,23.600315731184896,99.99906563217505,2.7218867046803115e-05,0.00031522180913844393,0.0,100.0,0.0,0.0,2.2,0.6,True,0.0,3,19.712535351461923
2025-06-05 03:00:00,23.301043699801745,99.99692472939097,8.798353256560438e-05,0.0009408151856468233,0.0,100.0,0.0,0.0,4.8,0.6,True,0.0,3,24.512535351461924
2025-06-05 04:00:00,23.08950128789455,99.01604788096292,0.027793520830722517,0.006346680961628201,0.0,100.0,0.0,0.0,8.2,0.6,True,0.0,3,32.71253535146192
2025-06-05 05:00:00,23.35638485898614,97.80904653054564,0.06289284568499243,0.020059698523466767,0.0,100.0,0.0,0.0,0.1,0.6,True,0.0,3,32.812535351461925
2025-06-05 06:00:00,26.418873741393224,93.59911571466712,0.22054737090794968,0.09271472781575188,0.05182475091997518,99.92378713100004,0.05182475091997518,0.0,0.0,0.6,True,0.043863097959167055,3,32.812535351461925
2025-06-05 07:00:00,28.877780315566056,89.79360347211488,0.4059565945598863,0.20849957714680922,0.14499413890635546,99.78677332513772,0.14499413890635546,0.0,0.1,0.6,False,0.0,3,32.86071060054195
2025-06-05 08:00:00,30.700074271706978,85.77572619060147,0.6282076205310309,0.3139225694815683,0.20096863090063563,99.63829004440147,0.24596276980699108,0.0,0.1,0.6,False,0.0,3,32.86071060054195
2025-06-05 09:00:00,33.00805830833361,81.79861982761415,0.9159702394370183,0.4530220899896535,0.30219523934201464,99.34094410419264,0.4481580091490057,0.0,0.1,0.6,False,0.0,3,32.86071060054195
2025-06-05 10:00:00,32.02113461795102,78.48756061097357,1.0240904157840276,0.48389192737759434,0.3166428631614424,99.02235165836699,0.6648008723104482,0.0,0.1,1.0,False,0.0,3,32.86071060054195
2025-06-05 11:00:00,32.77691132133125,76.43348382871508,1.1706771441178276,0.5219742802030123,0.32218654674004654,98.54854791316103,0.9869874190504947,0.0,0.0,1.0,False,0.0,3,32.86071060054195
2025-06-05 12:00:00,33.63312557878267,74.55046314835782,1.326318125185408,0.5867750225745801,0.3618269266891696,98.01644949155931,1.3488143457396644,0.0,0.0,1.0,False,0.0,3,32.86071060054195
2025-06-05 13:00:00,33.50643567544027,74.89496021470246,1.29913865096548,0.571679195912158,0.348286754979899,97.94543955776534,1.3971011007195635,0.0,0.3,1.0,False,0.0,3,32.86071060054195
2025-06-05 14:00:00,32.60024032709639,75.84093987918669,1.1882507539261973,0.4924404565474079,0.279675530400349,97.53415201305896,1.6767766311199126,0.0,0.0,1.0,False,0.0,3,32.86071060054195
2025-06-05 15:00:00,31.59474695342223,77.87453097559694,1.0281630040056693,0.4035216086327157,0.21695393483597247,97.2151021088884,1.893730565955885,0.0,0.0,1.0,False,0.0,3,32.86071060054195
2025-06-05 16:00:00,29.066550545187958,85.52940322658921,0.5818784522101479,0.22890581814562339,0.12302580390364555,99.8190797001417,0.12302580390364555,0.0,2.8,0.6,False,0.0,3,33.76698003458606
2025-06-05 17:00:00,26.833338008935254,92.24871185049818,0.27366913360695094,0.10332961243661995,0.03930377994406714,99.94220032361166,0.03930377994406714,0.0,3.4,0.6,True,0.0,3,37.04395423068242
2025-06-05 18:00:00,26.513094589573083,93.35723408478071,0.2301554313836999,0.057728419631573914,0.0018646136514924006,99.93945824471241,0.041168393595559544,0.0,0.0,0.6,True,0.0,3,37.04395423068242
2025-06-05 19:00:00,26.128949813040094,94.0056419968378,0.2030377987813807,0.04542991438926986,0.0,99.93945824471241,0.041168393595559544,0.0,0.0,0.6,True,0.0,3,37.04395423068242
2025-06-05 20:00:00,25.736882508663605,95.57670931249855,0.1463892250412042,0.03347613959346777,0.0,99.93945824471241,0.041168393595559544,0.0,0.0,0.6,True,0.0,3,37.04395423068242
2025-06-05 21:00:00,25.66915813355749,96.55181149619897,0.11366114569371269,0.025090887551363288,0.0,99.93945824471241,0.041168393595559544,0.0,0.0,0.6,True,0.0,3,37.04395423068242
2025-06-05 22:00:00,25.702069494360067,98.74988967436714,0.04128728443181461,0.00949926170195352,0.0,99.93945824471241,0.041168393595559544,0.0,0.0,0.6,True,0.0,3,37.04395423068242
2025-06-05 23:00:00,25.40089983355115,99.99750277778904,8.101527228765893e-05,0.0014167721042078034,0.0,99.93945824471241,0.041168393595559544,0.0,0.0,0.6,True,0.0,3,37.04395423068242
2025-06-06 00:00:00,25.10113323937387,99.99685508081201,0.00010022576649221148,0.0010115349744978185,0.0,99.93945824471241,0.041168393595559544,0.0,0.0,0.6,True,0.0,3,37.04395423068242
2025-06-06 01:00:00,24.93753277577517,99.57170216444153,0.013517122092033502,0.0033257991927157123,0.0,99.93945824471241,0.041168393595559544,0.0,0.0,0.6,True,0.0,3,37.04395423068242
2025-06-06 02:00:00,24.800489133897493,99.99864326071268,4.247037026660627e-05,0.0005879037092005107,0.0,100.0,0.0,0.0,0.1,0.6,True,0.0,3,37.102785837086856
2025-06-06 03:00:00,24.700400537844995,99.99888449361762,3.4711037181238855e-05,0.0003333328785733261,0.0,100.0,0.0,0.0,0.0,0.6,True,0.0,3,37.102785837086856
2025-06-06 04:00:00,24.400538898257757,99.99833797643711,5.0798274511165214e-05,0.0009491239664560565,0.0,100.0,0.0,0.0,0.2,0.6,True,0.0,3,37.30278583708686
2025-06-06 05:00:00,23.74541267359774,99.09573712964912,0.02657288070911626,0.01660691043118099,0.006029930136001503,99.99113245568235,0.006029930136001503,0.0,7.3,0.6,True,0.0,3,44.602785837086856
2025-06-06 06:00:00,28.15280525169475,94.32418523733494,0.21645807777018658,0.09672000876597173,0.0619548247746048,99.90002241924911,0.06798475491060631,0.0,0.0,0.6,True,0.3613079046546449,3,44.602785837086856
2025-06-06 07:00:00,30.744674167079612,89.19769126419268,0.47829373473915343,0.23226938524710497,0.15171722612251953,99.77688643217276,0.15171722612251953,0.0,0.1,0.6,False,0.0,3,44.63480108217625
2025-06-06 08:00:00,32.454906374389246,85.29131398584023,0.7175450235353238,0.35076217205338683,0.2324285002919247,99.58213863762582,0.28414572641444424,0.0,0.1,0.6,False,0.0,3,44.63480108217625
2025-06-06 09:00:00,32.045912638591794,78.73115000267707,1.0139127620741384,0.46220799281275443,0.2885318868465223,99.30488586285152,0.4726776132609666,0.0,0.1,1.0,False,0.0,3,44.63480108217625
2025-06-06 10:00:00,32.24311130790378,78.27652026795285,1.0471775974770867,0.47927210737296966,0.29131593257041816,99.17059772671855,0.5639935458313847,0.0,0.2,1.0,False,0.0,3,44.63480108217625
2025-06-06 11:00:00,33.05301831454477,76.77442391182706,1.1717596221045574,0.5272939040461193,0.322606427854567,98.69617650928537,0.8865999736859518,0.0,0.0,1.0,False,0.0,3,44.63480108217625
2025-06-06 12:00:00,33.53217957043057,74.59294285331677,1.3166601152376105,0.5828475626978942,0.35653721948522127,98.17185706886592,1.243137193171173,0.0,0.0,1.0,False,0.0,3,44.63480108217625
2025-06-06 13:00:00,33.175607055739434,73.91884313141841,1.3248986475808955,0.5494016676835008,0.31334311379364227,97.85811719563998,1.4564803069648151,0.0,0.1,1.0,False,0.0,3,44.63480108217625
2025-06-06 14:00:00,32.86157411457906,72.03648245482617,1.3957213602120115,0.5329822884263904,0.2879128219386933,97.43471598690661,1.7443931289035084,0.0,0.0,1.0,False,0.0,3,44.63480108217625
2025-06-06 15:00:00,31.78059248981422,72.69480986116051,1.282289909323909,0.459502880778193,0.2259567073045614,97.10242671145872,1.9703498362080698,0.0,0.0,1.0,False,0.0,3,44.63480108217625
2025-06-06 16:00:00,31.077316849745355,80.65654840292993,0.872854929219188,0.30863698402155243,0.14497297049651076,96.88923116661091,2.1153228067045804,0.0,0.0,0.6,False,0.0,3,44.63480108217625
2025-06-06 17:00:00,29.352990761626053,86.38515928303669,0.5565908301817072,0.1772201019827879,0.052427187693067916,96.81213236117992,2.1677499943976484,0.0,0.0,0.6,False,0.0,3,44.63480108217625
2025-06-06 18:00:00,27.331111372346072,93.93475600685919,0.22048296234801984,0.06396345748553212,0.0,96.81213236117992,2.1677499943976484,0.0,0.0,0.6,True,0.0,3,44.63480108217625
2025-06-06 19:00:00,26.749718854194807,95.04091290889114,0.17422873555026372,0.04006563871553098,0.0,96.81213236117992,2.1677499943976484,0.0,0.0,0.6,True,0.0,3,44.63480108217625
2025-06-06 20:00:00,26.42708683278703,95.50209705483731,0.15505371135303153,0.03477043120913002,0.0,96.81213236117992,2.1677499943976484,0.0,0.0,0.6,True,0.0,3,44.63480108217625
2025-06-06 21:00:00,26.20263160013666,95.93555380106235,0.13826900387783447,0.03078200054881168,0.0,96.81213236117992,2.1677499943976484,0.0,0.0,0.6,True,0.0,3,44.63480108217625
2025-06-06 22:00:00,25.876847797124725,96.39172479962718,0.12040980631279607,0.027267476057981962,0.0,96.81213236117992,2.1677499943976484,0.0,0.0,0.6,True,0.0,3,44.63480108217625
2025-06-06 23:00:00,25.64516284753006,96.87886819959314,0.10273430935029214,0.023130694737623764,0.0,96.81213236117992,2.1677499943976484,0.0,0.0,0.6,True,0.0,3,44.63480108217625
2025-06-07 00:00:00,25.510855042500964,96.00692229258514,0.1303923242653078,0.028346513643046658,0.0,96.81213236117992,2.1677499943976484,0.0,0.0,0.6,True,0.0,3,44.63480108217625
2025-06-07 01:00:00,25.44087183052881,95.6063142546639,0.14287933456801746,0.03097513563406111,0.0,96.81213236117992,2.1677499943976484,0.0,0.0,0.6,True,0.0,3,44.63480108217625
2025-06-07 02:00:00,25.30960413558503,96.08646407456744,0.12627683775800927,0.027871323939718494,0.0,96.81213236117992,2.1677499943976484,0.0,0.0,0.6,True,0.0,3,44.63480108217625
2025-06-07 03:00:00,25.211209126726054,96.09151473306848,0.12537834379668025,0.027416201076791748,0.0,96.81213236117992,2.1677499943976484,0.0,0.0,0.6,True,0.0,3,44.63480108217625
2025-06-07 04:00:00,25.048484234240235,96.96394791111344,0.09645348402733933,0.021649034982647912,0.0,96.81213236117992,2.1677499943976484,0.0,0.0,0.6,True,0.0,3,44.63480108217625
2025-06-07 05:00:00,26.10910801233807,96.28800433951758,0.12558354714257527,0.03856299831159216,0.0,96.81213236117992,2.1677499943976484,0.0,0.0,0.6,True,0.0,3,44.63480108217625
2025-06-07 06:00:00,28.179756820305602,90.07424250542455,0.37913154384285,0.14327769869869497,0.07024507112155656,96.70883078600116,2.237995065519205,0.0,0.0,0.6,True,0.0,3,44.63480108217625
2025-06-07 07:00:00,30.615856546307967,86.55425592827085,0.5909766888037016,0.26003002783056334,0.16905112854447124,96.46022618520047,2.407046194063676,0.0,0.0,0.6,False,0.0,3,44.63480108217625
2025-06-07 08:00:00,32.368466156770126,82.48507375946673,0.8502931649293853,0.38991728464131287,0.2570025942081947,96.08228119371783,2.6640487882718706,0.0,0.0,0.6,False,0.0,3,44.63480108217625
2025-06-07 09:00:00,31.09987446034707,80.30204810746143,0.8899928851240938,0.3889906338735774,0.23724580663349365,96.02750794866857,2.701294594905364,0.0,0.2,1.0,False,0.0,3,44.63480108217625
2025-06-07 10:00:00,32.26914455894313,80.75063308877542,0.9292767737340368,0.38944680898091705,0.2398807984185641,95.8218008921707,2.841175393323928,0.0,0.1,0.6,False,0.0,3,44.63480108217625
2025-06-07 11:00:00,32.30523416412032,76.02632830686186,1.1597035689608626,0.4785652393716421,0.29066353504339604,95.39435451710688,3.131838928367324,0.0,0.0,1.0,False,0.0,3,44.63480108217625
2025-06-07 12:00:00,30.84937896355842,78.8879929050154,0.9403734475155272,0.36345700661718117,0.19728888855998047,95.10422379863631,3.3291278169273046,0.0,0.0,1.0,False,0.0,3,44.63480108217625
2025-06-07 13:00:00,31.4177808070492,82.37103139302641,0.8110309009047172,0.32346723178073367,0.19207111557944262,94.82176627572537,3.5211989325067474,0.0,0.0,0.6,False,0.0,3,44.63480108217625
2025-06-07 14:00:00,31.333584837068003,82.08733725733518,0.8201527284648151,0.32143269645411415,0.17926529961410811,94.55814083511639,3.7004642321208556,0.0,0.0,0.6,False,0.0,3,44.63480108217625
2025-06-07 15:00:00,31.900892064318963,81.02292302837013,0.8972762442786649,0.3448713007041662,0.18255352391636642,94.2896797705335,3.883017756037222,0.0,0.0,0.6,False,0.0,3,44.63480108217625
2025-06-07 16:00:00,31.355426956205633,81.61965233930998,0.8426106902941365,0.3114423757409587,0.15109122159024704,94.06748679760666,4.034108977627469,0.0,0.0,0.6,False,0.0,3,44.63480108217625
2025-06-07 17:00:00,29.56883251937704,87.3707352906652,0.522757117275442,0.17673938210569773,0.05518106007736503,93.98633817984583,4.089290037704834,0.0,0.0,0.6,False,0.0,3,44.63480108217625
2025-06-07 18:00:00,27.066029322790556,87.90257593465641,0.43298794955631176,0.10945102671466957,0.014707179387120418,93.96470997486477,4.103997217091955,0.0,0.0,0.6,False,0.0,3,44.63480108217625
2025-06-07 19:00:00,26.309347639441498,92.61701849260581,0.2527490966776146,0.058861917128765484,0.0,93.96470997486477,4.103997217091955,0.0,0.0,0.6,True,0.0,3,44.63480108217625
2025-06-07 20:00:00,26.316370730909803,94.1304068508902,0.20102297924152054,0.04388653981309966,0.00504359979613339,93.95729291634105,4.109040816888088,0.0,0.0,0.6,True,0.0,3,44.63480108217625
2025-06-07 21:00:00,26.69897941259853,94.21146543163556,0.20276416166210612,0.04246536045241525,0.0,93.95729291634105,4.109040816888088,0.0,0.0,0.6,True,0.0,3,44.63480108217625
2025-06-07 22:00:00,26.55103367540959,95.07803021650065,0.17091544084653224,0.03772354461218831,0.0,93.95729291634105,4.109040816888088,0.0,0.0,0.6,True,0.0,3,44.63480108217625
2025-06-07 23:00:00,26.36621827037761,96.42128848310566,0.12292516784856995,0.027632277191123926,0.002230061974083164,93.95401341343799,4.111270878862172,0.0,0.0,0.6,True,0.0,3,44.63480108217625
2025-06-08 00:00:00,26.233657914261556,96.91688162037542,0.10507729113741988,0.02331534881535571,0.0017612992172205688,93.9514232675303,4.113032178079393,0.0,0.0,0.6,True,0.0,3,44.63480108217625
2025-06-08 01:00:00,26.261946064847386,97.90971926539056,0.07135890150148258,0.015635199885443252,0.0,93.9514232675303,4.113032178079393,0.0,0.0,0.6,True,0.0,3,44.63480108217625
2025-06-08 02:00:00,26.035175774664516,99.56999392473504,0.014484478780620947,0.004434835634760295,0.0,93.9514232675303,4.113032178079393,0.0,0.0,0.6,True,0.0,3,44.63480108217625
2025-06-08 03:00:00,25.73639380877007,99.56525609151605,0.014387474428661872,0.0041083806953216276,0.0,93.9514232675303,4.113032178079393,0.0,0.0,0.6,True,0.0,3,44.63480108217625
2025-06-08 04:00:00,25.535936122268243,99.57825655886786,0.013792368128226592,0.0036557771776106877,0.0,93.9514232675303,4.113032178079393,0.0,0.0,0.6,True,0.0,3,44.63480108217625
2025-06-08 05:00:00,26.49982030011261,97.66001105884185,0.0810114870204331,0.028461677123924695,0.0,93.9514232675303,4.113032178079393,0.0,0.0,0.6,True,0.0,3,44.63480108217625
2025-06-08 06:00:00,28.972359794963545,91.61485784972506,0.3353456264625947,0.13178079816829028,0.06693963906621414,93.85298262184469,4.179971817145606,0.0,0.0,0.6,True,0.0,3,44.63480108217625
2025-06-08 07:00:00,31.296792316091384,86.12492976219052,0.6339605309740436,0.26886222167803137,0.1569107167702867,93.62223156777074,4.336882533915893,0.0,0.0,0.6,False,0.0,3,44.63480108217625
2025-06-08 08:00:00,33.35545707441285,82.17001103352577,0.9149123337509383,0.4006232249449776,0.24785088664405505,93.40480379329419,4.484733420559948,0.0,0.1,0.6,False,0.0,3,44.63480108217625
2025-06-08 09:00:00,33.55253654792378,76.6324790166419,1.2123440196706752,0.5232914335977172,0.31270498167676875,92.94494352612247,4.7974384022367165,0.0,0.0,1.0,False,0.0,3,44.63480108217625
2025-06-08 10:00:00,34.48615872129434,73.39000864725244,1.454222164726985,0.6075804746375192,0.35911018499236175,92.4168403128984,5.156548587229079,0.0,0.0,1.0,False,0.0,3,44.63480108217625
2025-06-08 11:00:00,35.035103567958075,71.0983553370204,1.6282029191368104,0.66977723336487,0.39425307208834554,91.83705638335672,5.5508016593174245,0.0,0.0,1.0,False,0.0,3,44.63480108217625
2025-06-08 12:00:00,34.84015259721096,70.73336402431279,1.6310868184992138,0.661713418326121,0.3805009033283267,91.42455505493272,5.831302562645751,0.0,0.1,1.0,False,0.0,3,44.63480108217625
2025-06-08 13:00:00,34.396383820977235,71.33799147026855,1.5585790783867868,0.6185592895417729,0.34948144637035056,90.91061175144691,6.180784009016102,0.0,0.0,1.0,False,0.0,3,44.63480108217625
2025-06-08 14:00:00,33.39574441648281,73.15092743172198,1.380817828240937,0.5279797376117651,0.2771669781954847,90.50301325410061,6.457950987211587,0.0,0.0,1.0,False,0.0,3,44.63480108217625
2025-06-08 15:00:00,32.77766457741717,73.29626213021508,1.3265761644855079,0.4790185901813554,0.23603382781236204,90.15590468378831,6.693984815023948,0.0,0.0,1.0,False,0.0,3,44.63480108217625
2025-06-08 16:00:00,31.747107413201846,76.51704683998042,1.100703920203225,0.36285932539518956,0.15268032824413647,89.93137478931163,6.846665143268085,0.0,0.0,1.0,False,0.0,3,44.63480108217625
2025-06-08 17:00:00,29.991574590666257,85.14962145047375,0.6298067781263536,0.19836722557976008,0.06361081427228468,89.83782947420534,6.91027595754037,0.0,0.0,0.6,False,0.0,3,44.63480108217625
2025-06-08 18:00:00,27.94348581601964,91.25200809606784,0.3295814684335807,0.08742385803810583,0.0005730703581154277,89.8369867236787,6.910849027898485,0.0,0.0,0.6,True,0.0,3,44.63480108217625
2025-06-08 19:00:00,27.379885314211204,92.34500162800629,0.27906876469627245,0.06273167484019344,0.0,89.8369867236787,6.910849027898485,0.0,0.0,0.6,True,0.0,3,44.63480108217625
2025-06-08 20:00:00,27.07209835263768,92.74553036170792,0.2597425641847431,0.057355097851382264,0.0,89.8369867236787,6.910849027898485,0.0,0.0,0.6,True,0.0,3,44.63480108217625
2025-06-08 21:00:00,26.75715824271921,93.21599863251116,0.2384481061715948,0.05279037011653093,0.0,89.8369867236787,6.910849027898485,0.0,0.0,0.6,True,0.0,3,44.63480108217625
2025-06-08 22:00:00,26.564311906143935,93.20388965296073,0.2361795156449558,0.051697075407777675,0.0,89.8369867236787,6.910849027898485,0.0,0.0,0.6,True,0.0,3,44.63480108217625
2025-06-08 23:00:00,26.679733223232766,92.8228499137829,0.251121020494135,0.05370404969701583,0.0,89.8369867236787,6.910849027898485,0.0,0.0,0.6,True,0.0,3,44.63480108217625
2025-06-09 00:00:00,26.489079945950934,92.79647397633255,0.24923166948669037,0.054506099723548564,0.0,89.8369867236787,6.910849027898485,0.0,0.0,0.6,True,0.0,3,44.63480108217625
2025-06-09 01:00:00,26.27543188976706,93.18331275319672,0.23289620924313076,0.05118581134848937,0.0,89.8369867236787,6.910849027898485,0.0,0.0,0.6,True,0.0,3,44.63480108217625
2025-06-09 02:00:00,26.124157899603446,94.10255259609094,0.19969877110416587,0.0439603944635325,0.0,89.8369867236787,6.910849027898485,0.0,0.0,0.6,True,0.0,3,44.63480108217625
2025-06-09 03:00:00,25.96787664130455,95.03608771339155,0.16654233304945604,0.03681344382594569,0.0,89.8369867236787,6.910849027898485,0.0,0.0,0.6,True,0.0,3,44.63480108217625
2025-06-09 04:00:00,25.741716677021447,95.49994717120452,0.14897232489591108,0.033100810651540774,0.0,89.8369867236787,6.910849027898485,0.0,0.0,0.6,True,0.0,3,44.63480108217625
2025-06-09 05:00:00,27.008751579622437,94.43024731695493,0.19868261038031906,0.05376188005964479,0.0015704330248572501,89.83467726334803,6.912419460923342,0.0,0.0,0.6,True,0.0,3,44.63480108217625
2025-06-09 06:00:00,29.991043119711847,89.0025392336985,0.4663897394085649,0.16037252191585477,0.0698645630816871,89.73193525881614,6.982284024005029,0.0,0.0,0.6,False,0.0,3,44.63480108217625
2025-06-09 07:00:00,32.23376018183429,83.42999562907539,0.7983337458665823,0.30876072424171186,0.16622265973236403,89.48749017097441,7.148506683737393,0.0,0.0,0.6,False,0.0,3,44.63480108217625
2025-06-09 08:00:00,33.13778744512995,75.68309066817169,1.2326618409276162,0.4802848568010208,0.26400877738953865,89.09924196893098,7.412515461126932,0.0,0.0,1.0,False,0.0,3,44.63480108217625
2025-06-09 09:00:00,34.135892219942804,71.24779262740783,1.541014753724044,0.5984759524008039,0.33106627556384427,88.61237979898415,7.743581736690777,0.0,0.0,1.0,False,0.0,3,44.63480108217625
2025-06-09 10:00:00,34.99853284851466,68.9502409012586,1.7456874143495982,0.6864663714782427,0.38545722942260335,88.0455309321862,8.12903896611338,0.0,0.0,1.0,False,0.0,3,44.63480108217625
2025-06-09 11:00:00,35.47538415617382,67.88275401536141,1.8538426826463625,0.7331313560320282,0.4141590324489715,87.43647353152595,8.543197998562352,0.0,0.0,1.0,False,0.0,3,44.63480108217625
2025-06-09 12:00:00,35.52888498054095,66.85953022932681,1.9185482975751005,0.7536536764150542,0.4231798026688914,86.81415029230699,8.966377801231243,0.0,0.0,1.0,False,0.0,3,44.63480108217625
2025-06-09 13:00:00,35.277417225892506,66.0602634292494,1.937778829557219,0.7337203686901737,0.39620130528404823,86.2315013139481,9.362579106515291,0.0,0.0,1.0,False,0.0,3,44.63480108217625
2025-06-09 14:00:00,34.81061939231887,68.57942533126746,1.748270294417996,0.6438412786174348,0.33478944374825853,85.73916389667124,9.69736855026355,0.0,0.0,1.0,False,0.0,3,44.63480108217625
2025-06-09 15:00:00,33.71268491537625,70.72725259540735,1.532356379817724,0.5369476574807626,0.2577789613165334,85.36007718885281,9.955147511580083,0.0,0.0,1.0,False,0.0,3,44.63480108217625
2025-06-09 16:00:00,32.55331889075927,75.57715450485843,1.198057656042644,0.390382924120486,0.15885636288625427,85.12646489049067,10.114003874466338,0.0,0.0,1.0,False,0.0,3,44.63480108217625
2025-06-09 17:00:00,30.89441416188277,81.96630189976237,0.8053231444469175,0.23889350734156742,0.06837638016112708,85.02591139025373,10.182380254627464,0.0,0.0,1.0,False,0.0,3,44.63480108217625
2025-06-09 18:00:00,28.649607616600864,88.15269163114249,0.46503976795280055,0.11898607760638018,0.007955808544731775,85.01421167180558,10.190336063172197,0.0,0.0,0.6,False,0.0,3,44.63480108217625
2025-06-09 19:00:00,28.043026611876517,88.08224497499072,0.45161264873897683,0.09982341278923501,0.008744346926401327,85.0013523380903,10.199080410098597,0.0,0.0,0.6,False,0.0,3,44.63480108217625
2025-06-09 20:00:00,27.787063382773482,89.72769550250027,0.38349773046700486,0.08436649609201628,0.00374114268804088,84.99585065766671,10.202821552786638,0.0,0.0,0.6,False,0.0,3,44.63480108217625
2025-06-09 21:00:00,27.670116534977126,90.24419463435893,0.36173849571867966,0.07874811107178861,0.002009091679769199,84.9928961110788,10.204830644466407,0.0,0.0,0.6,True,0.0,3,44.63480108217625
2025-06-09 22:00:00,27.482734703591525,90.20161530740033,0.3593623440323452,0.07830023321808104,0.002490444527982698,84.9892336926553,10.207321088994389,0.0,0.0,0.6,True,0.0,3,44.63480108217625
2025-06-09 23:00:00,27.17549755894526,90.68323416520303,0.3356098235799322,0.0737796942577671,0.00038543716715286536,84.98866687329185,10.207706526161543,0.0,0.0,0.6,True,0.0,3,44.63480108217625
2025-06-10 00:00:00,27.094256696377233,92.290904450297,0.2763790367938617,0.06053224811557283,0.0,84.98866687329185,10.207706526161543,0.0,0.0,0.6,True,0.0,3,44.63480108217625
2025-06-10 01:00:00,26.945184466969994,93.2880943411011,0.23853377938699366,0.05239423764007724,0.0,84.98866687329185,10.207706526161543,0.0,0.0,0.6,True,0.0,3,44.63480108217625
2025-06-10 02:00:00,26.647161715070883,95.10228999242226,0.17103780085443263,0.038601873136259235,0.0,84.98866687329185,10.207706526161543,0.0,0.0,0.6,True,0.0,3,44.63480108217625
2025-06-10 03:00:00,26.451126455288133,95.11184678520209,0.16874542460921074,0.03714134689451266,0.0,84.98866687329185,10.207706526161543,0.0,0.0,0.6,True,0.0,3,44.63480108217625
2025-06-10 04:00:00,26.340082215553544,95.31539724488495,0.16066367620241062,0.03516180583788194,0.0,84.98866687329185,10.207706526161543,0.0,0.0,0.6,True,0.0,3,44.63480108217625
2025-06-10 05:00:00,27.499847470258516,95.89836853026587,0.1505806318494458,0.04383391219357889,0.009125675276147863,84.97524676259162,10.21683220143769,0.0,0.0,0.6,True,0.0,3,44.63480108217625
2025-06-10 06:00:00,30.080530767553498,90.14529177236903,0.4200769878658417,0.15243455605084447,0.07585133239922151,84.86370068553396,10.292683533836911,0.0,0.0,0.6,True,0.0,3,44.63480108217625
2025-06-10 07:00:00,32.460393149511674,85.49820222059971,0.7076708744641506,0.289071520282754,0.16807891980575518,84.61652580346667,10.460762453642666,0.0,0.0,0.6,False,0.0,3,44.63480108217625
2025-06-10 08:00:00,33.61434350787311,78.53769849706508,1.117348578511528,0.4504561596018123,0.2566656369167786,84.23907633741258,10.717428090559444,0.0,0.0,1.0,False,0.0,3,44.63480108217625
2025-06-10 09:00:00,34.80503240151436,74.97623284250623,1.391915421775061,0.5637336072479127,0.32386866736049497,83.76279888541185,11.04129675791994,0.0,0.0,1.0,False,0.0,3,44.63480108217625
2025-06-10 10:00:00,35.82135846096228,72.20304933754534,1.6352984004851845,0.6622768441453224,0.38415470466101553,83.19786549620447,11.425451462580956,0.0,0.0,1.0,False,0.0,3,44.63480108217625
2025-06-10 11:00:00,36.499375091064714,69.59993818566166,1.8561431384900402,0.7397986626634819,0.42417205080615633,82.57408306854836,11.849623513387112,0.0,0.0,1.0,False,0.0,3,44.63480108217625
2025-06-10 12:00:00,36.59233447138752,68.32052493983625,1.944111758306155,0.761511110442939,0.429637853680754,81.94226269548844,12.279261367067866,0.0,0.0,1.0,False,0.0,3,44.63480108217625
2025-06-10 13:00:00,36.03197605184984,69.07795151217152,1.8403036633534147,0.7119009354982657,0.3925825726263325,81.36493538280266,12.671843939694199,0.0,0.0,1.0,False,0.0,3,44.63480108217625
2025-06-10 14:00:00,35.281727111845285,71.03154011724627,1.6543385405741713,0.623850853585497,0.3312802629832573,80.87775852547432,13.003124202677457,0.0,0.0,1.0,False,0.0,3,44.63480108217625
2025-06-10 15:00:00,34.40010531535977,70.953827558647,1.5797954496613007,0.5426250557409327,0.2558075326328851,80.50157097748479,13.258931735310341,0.0,0.0,1.0,False,0.0,3,44.63480108217625
2025-06-10 16:00:00,33.205428623126316,76.48492011933375,1.1965413255803603,0.38838282895799014,0.1634296778581439,80.2612332159287,13.422361413168485,0.0,0.0,1.0,False,0.0,3,44.63480108217625
2025-06-10 17:00:00,31.65680576048738,83.55750284550614,0.7667689575141742,0.22990849016235826,0.07275887905729464,80.15423486437385,13.49512029222578,0.0,0.0,1.0,False,0.0,3,44.63480108217625
2025-06-10 18:00:00,29.154151594493253,86.67895255554954,0.5383701378005427,0.13490048260923773,0.01448758766559137,80.13292958839504,13.509607879891371,0.0,0.0,0.6,False,0.0,3,44.63480108217625
2025-06-10 19:00:00,28.845734557175817,91.58260876306755,0.3341793192952714,0.0751517798377648,0.001489598291613081,80.13073900267209,13.511097478182984,0.0,0.0,0.6,True,0.0,3,44.63480108217625
2025-06-10 20:00:00,28.603269149165435,92.91733394492609,0.27726874224346965,0.061287708777266026,0.0005762158953707473,80.12989162635536,13.511673694078356,0.0,0.0,0.6,True,0.0,3,44.63480108217625
2025-06-10 21:00:00,28.393343026619466,95.25613592649276,0.18346272280929124,0.04124066479096623,0.0,80.12989162635536,13.511673694078356,0.0,0.0,0.6,True,0.0,3,44.63480108217625
2025-06-10 22:00:00,28.204100181730116,95.17810923078315,0.18444135817431254,0.040510960753691615,0.0,80.12989162635536,13.511673694078356,0.0,0.0,0.6,True,0.0,3,44.63480108217625
2025-06-10 23:00:00,27.05633484577442,87.17042472814714,0.45893195064264214,0.10051589991346631,0.013928717472219613,80.10940821830798,13.525602411550576,0.0,0.0,0.6,False,0.0,3,44.63480108217625
2025-06-11 00:00:00,26.30124754787645,91.02417506100826,0.3071317644941638,0.0703249863476494,0.0008825306355516786,80.10811037913804,13.526484942186128,0.0,0.0,0.6,True,0.0,3,44.63480108217625
2025-06-11 01:00:00,26.325426044540798,95.54285963864584,0.15273055365557844,0.03436983333326685,0.0,80.10811037913804,13.526484942186128,0.0,0.0,0.6,True,0.0,3,44.63480108217625
2025-06-11 02:00:00,26.5310016904658,98.28096591609993,0.059623116722955116,0.013090957515677107,0.0,80.10811037913804,13.526484942186128,0.0,0.0,0.6,True,0.008664012967735807,3,44.63480108217625
2025-06-11 03:00:00,26.796531073193872,98.72382894770148,0.04495952466894153,0.008931348216612022,0.0,80.10811037913804,13.526484942186128,0.0,0.0,0.6,True,0.0,3,44.63480108217625
2025-06-11 04:00:00,25.19998150503443,97.5537511682876,0.0784196120302884,0.021671114816315454,0.0018451690962060956,85.25245571870245,10.028330111282335,0.0,3.5,0.6,True,0.0,3,44.63480108217625
2025-06-11 05:00:00,25.680997826100793,97.25757080375311,0.0904609538655535,0.02665940842852725,0.0038191300472979733,85.39389817451524,9.932149241329633,0.0,0.1,0.6,True,0.0,3,44.63480108217625
2025-06-11 06:00:00,30.837548264166077,88.33840843274638,0.51908180715018,0.16162355171394277,0.07756301844918674,85.27983491208997,10.00971225977882,0.0,0.0,0.6,False,0.0,3,44.63480108217625
2025-06-11 07:00:00,33.10154673029319,83.315713646789,0.8440363653736745,0.3172718176089188,0.170266546241573,85.02944293232295,10.179978806020392,0.0,0.0,0.6,False,0.0,3,44.63480108217625
2025-06-11 08:00:00,32.90120527309461,77.08130529140055,1.1464710111860899,0.4628753336992586,0.26752347132492743,84.63602606272747,10.44750227734532,0.0,0.0,1.0,False,0.0,3,44.63480108217625
2025-06-11 09:00:00,32.571678232158156,78.81221211429619,1.0404369404207876,0.42129655018592305,0.2417715209850403,84.2804797083377,10.68927379833036,0.0,0.0,1.0,False,0.0,3,44.63480108217625
2025-06-11 10:00:00,34.193775029235844,76.61281949364489,1.2575099757261263,0.5116967031711461,0.3065815757035017,83.8296244499502,10.995855374033862,0.0,0.0,1.0,False,0.0,3,44.63480108217625
2025-06-11 11:00:00,35.90196806525142,72.42919056322253,1.6291914311797646,0.6580755020584094,0.3941575655999155,83.24998097112679,11.390012939633777,0.0,0.0,1.0,False,0.0,3,44.63480108217625
2025-06-11 12:00:00,36.188471649324605,71.15166976321429,1.7316812345773833,0.6826516275341032,0.39003277778086537,82.67640335674317,11.780045717414643,0.0,0.0,1.0,False,0.0,3,44.63480108217625
2025-06-11 13:00:00,35.96982155430048,70.44644421975865,1.7528709419866144,0.6684968089689578,0.3677651809117785,82.13557220834349,12.147810898326421,0.0,0.0,1.0,False,0.0,3,44.63480108217625
2025-06-11 14:00:00,35.12291224878788,71.26102019160905,1.6269111448340228,0.6059162798813522,0.32490185927203835,82.09895182706109,12.17271275759846,0.0,0.3,1.0,False,0.0,3,44.63480108217625
2025-06-11 15:00:00,34.037449156038306,74.49520650234864,1.359497713836186,0.47304642788030615,0.2350199779851087,82.04745185943592,12.20773273558357,0.0,0.2,1.0,False,0.0,3,44.63480108217625
2025-06-11 16:00:00,31.617022559085747,81.084375491067,0.8801130333613799,0.2979786040739726,0.13408724909664818,83.02673531664674,11.541819984680217,0.0,0.8,1.0,False,0.0,3,44.63480108217625
2025-06-11 17:00:00,30.04918267196744,88.39379419880316,0.4938497983294246,0.15827199385962826,0.061970662984570074,82.93560198872825,11.603790647664788,0.0,0.0,0.6,False,0.0,3,44.63480108217625
2025-06-11 18:00:00,29.15913012296232,86.10306702207505,0.5618059735701583,0.1310096512020858,0.04857095451364525,83.01123293797289,11.552361602178433,0.0,0.1,0.6,False,0.0,3,44.63480108217625
2025-06-11 19:00:00,28.384398159553534,87.45049726304197,0.4850835945335383,0.10817413216892918,0.027068338381156697,82.9714265580006,11.579429940559589,0.0,0.0,0.6,False,0.0,3,44.63480108217625
2025-06-11 20:00:00,27.748983411169345,88.49844879677337,0.428436744528082,0.09529316305004366,0.009368404859497815,82.95764949203075,11.588798345419086,0.0,0.0,0.6,False,0.0,3,44.63480108217625
2025-06-11 21:00:00,27.379784578008334,88.0984569554381,0.43387721087411674,0.0949555644033961,0.006327538176977125,82.94834428882932,11.595125883596063,0.0,0.0,0.6,False,0.0,3,44.63480108217625
2025-06-11 22:00:00,27.204665532016183,89.8726155886817,0.36543393835448,0.08018157684165159,0.0,82.94834428882932,11.595125883596063,0.0,0.0,0.6,False,0.0,3,44.63480108217625
2025-06-11 23:00:00,27.234904898422776,91.16848441098284,0.31923904879962955,0.0692766245265199,0.0,82.94834428882932,11.595125883596063,0.0,0.0,0.6,True,0.0,3,44.63480108217625
2025-06-12 00:00:00,27.473494632580774,94.14935055839258,0.21446063176697958,0.046439642218536824,0.0,82.94834428882932,11.595125883596063,0.0,0.0,0.6,True,0.0,3,44.63480108217625
2025-06-12 01:00:00,27.10246556806494,95.64082631468438,0.15635610414757345,0.03561110083870571,0.0,82.94834428882932,11.595125883596063,0.0,0.0,0.6,True,0.0,3,44.63480108217625
2025-06-12 02:00:00,26.93440891310997,95.18282465018088,0.1710888972724105,0.03740306949284168,0.0,82.94834428882932,11.595125883596063,0.0,0.0,0.6,True,0.0,3,44.63480108217625
2025-06-12 03:00:00,26.849740910139655,96.53409133016541,0.12248628952542728,0.02720501197241374,0.0,82.94834428882932,11.595125883596063,0.0,0.0,0.6,True,0.0,3,44.63480108217625
2025-06-12 04:00:00,26.813956162334915,97.07743473276717,0.10306748222193858,0.02256884085740165,0.0,82.94834428882932,11.595125883596063,0.0,0.0,0.6,True,0.0,3,44.63480108217625
2025-06-12 05:00:00,27.60546911180765,95.21931951585522,0.17659650229458154,0.04963817667732068,0.008556918481474815,82.93576058518009,11.603682802077538,0.0,0.0,0.6,True,0.0,3,44.63480108217625
2025-06-12 06:00:00,29.92481772874356,87.67489735359024,0.5207111850993844,0.1732825234179871,0.07485719841736166,82.82567646986043,11.6785400004949,0.0,0.0,0.6,False,0.0,3,44.63480108217625
2025-06-12 07:00:00,32.492133331430495,82.27282202909011,0.8666131735893445,0.32087101998948114,0.16657409677188056,82.58071456284297,11.84511409726678,0.0,0.0,0.6,False,0.0,3,44.63480108217625
2025-06-12 08:00:00,33.99770526028095,75.76418055485446,1.2890015945165212,0.48822249879501023,0.25684418478544163,82.20300252639379,12.101958282052221,0.0,0.0,1.0,False,0.0,3,44.63480108217625
2025-06-12 09:00:00,35.42162141560036,73.20857481380546,1.5418571148298967,0.6060689268039428,0.34363525713331805,81.69765656002126,12.44559353918554,0.0,0.0,1.0,False,0.0,3,44.63480108217625
2025-06-12 10:00:00,36.27881472076181,70.02850850428408,1.8080260418165066,0.7012453680870475,0.39704015751540495,81.11377397543978,12.842633696700945,0.0,0.0,1.0,False,0.0,3,44.63480108217625
2025-06-12 11:00:00,36.64091899151049,67.40146694051104,2.005828479011786,0.7556689042422238,0.41794694726897935,80.49914611180893,13.260580643969924,0.0,0.0,1.0,False,0.0,3,44.63480108217625
2025-06-12 12:00:00,36.97333123370115,66.14981992463683,2.1209527833708024,0.7802125211294728,0.42415576834937335,79.8753876289422,13.684736412319298,0.0,0.0,1.0,False,0.0,3,44.63480108217625
2025-06-12 13:00:00,36.60356384290207,66.4612500473125,2.059475041325624,0.7486033491372194,0.40359882249724793,79.2818599487992,14.088335234816546,0.0,0.0,1.0,False,0.0,3,44.63480108217625
2025-06-12 14:00:00,35.48631901429281,68.5878742166535,1.8142346613524485,0.658724352514083,0.34982117851449757,79.50271115686611,13.938156413331043,0.0,0.5,1.0,False,0.0,3,44.63480108217625
2025-06-12 15:00:00,33.764573436131826,74.21572019716018,1.3536563969895155,0.4588302497098967,0.21760832646339293,79.47681655912582,13.955764739794438,0.0,0.2,1.0,False,0.0,3,44.63480108217625
2025-06-12 16:00:00,33.12060890468564,76.31102536174996,1.1996754319788268,0.379273681687766,0.16660730386911696,79.23180581814182,14.122372043663555,0.0,0.0,1.0,False,0.0,3,44.63480108217625
2025-06-12 17:00:00,31.781023556344657,81.27490303043602,0.8793781922237013,0.24891838762036178,0.08852534383263562,79.10162148897618,14.21089738749619,0.0,0.0,1.0,False,0.0,3,44.63480108217625
2025-06-12 18:00:00,30.251493921118808,85.26946917889,0.6340988306812378,0.15162152713966862,0.043949911463892606,79.03698926623517,14.254847298960083,0.0,0.0,0.6,False,0.0,3,44.63480108217625
2025-06-12 19:00:00,29.34440664799947,86.1782173772316,0.5647713574925974,0.12588760873984453,0.03162443975711363,78.99048273718059,14.286471738717196,0.0,0.0,0.6,False,0.0,3,44.63480108217625
2025-06-12 20:00:00,29.036206682924995,86.83597856885129,0.5284125814015285,0.11557362658974507,0.02279758527700673,78.95695687647911,14.309269323994203,0.0,0.0,0.6,False,0.0,3,44.63480108217625
2025-06-12 21:00:00,28.59381459852838,88.27113853572007,0.4589041656979847,0.1013522299392062,0.00856087932751547,78.9443673480563,14.317830203321718,0.0,0.0,0.6,False,0.0,3,44.63480108217625
2025-06-12 22:00:00,28.388008178948127,91.07096449881726,0.3452118069560093,0.07634375152185371,0.0,78.9443673480563,14.317830203321718,0.0,0.0,0.6,True,0.0,3,44.63480108217625
2025-06-12 23:00:00,28.448109951405897,91.7764031118399,0.3190493975965136,0.06893096736545551,0.0,78.9443673480563,14.317830203321718,0.0,0.0,0.6,True,0.0,3,44.63480108217625
2025-06-13 00:00:00,28.352520529795896,91.78025522041798,0.31713526855309593,0.06886823601824707,0.0,78.9443673480563,14.317830203321718,0.0,0.0,0.6,True,0.0,3,44.63480108217625
2025-06-13 01:00:00,28.144385332866044,92.21953819659774,0.29657755580187367,0.06500429091164961,0.0,78.9443673480563,14.317830203321718,0.0,0.0,0.6,True,0.0,3,44.63480108217625
2025-06-13 02:00:00,27.90565075262038,93.38363771065372,0.24872326175456536,0.05501683024420238,0.0,78.9443673480563,14.317830203321718,0.0,0.0,0.6,True,0.0,3,44.63480108217625
2025-06-13 03:00:00,27.910338480843766,95.18384035522253,0.18109923786758717,0.03972127139165674,0.0,78.9443673480563,14.317830203321718,0.0,0.0,0.6,True,0.0,3,44.63480108217625
2025-06-13 04:00:00,27.61979896997728,95.15830803990531,0.17899996902850143,0.039712226222201594,0.0,78.9443673480563,14.317830203321718,0.0,0.0,0.6,True,0.0,3,44.63480108217625
2025-06-13 05:00:00,28.562150582848933,92.15174568295448,0.3065081280124419,0.07694173269168339,0.009585392233974272,78.93027118300633,14.327415595555692,0.0,0.0,0.6,True,0.0,3,44.63480108217625
2025-06-13 06:00:00,30.932100633035724,87.42713195240214,0.5626678969085448,0.18233572434673326,0.07795994524069175,78.8156242047112,14.405375540796383,0.0,0.0,0.6,False,0.0,3,44.63480108217625
2025-06-13 07:00:00,33.09775957865696,83.12851821350367,0.8533251837317062,0.3197097756718762,0.1731253860119458,78.56102804881128,14.57850092680833,0.0,0.0,0.6,False,0.0,3,44.63480108217625
2025-06-13 08:00:00,34.230413761828196,75.68754002291523,1.309926879131674,0.4940315252412646,0.26763361556282833,78.16744920239536,14.846134542371159,0.0,0.0,1.0,False,0.0,3,44.63480108217625
2025-06-13 09:00:00,35.483777619825204,72.48255861006824,1.589071344073286,0.6130650498131119,0.34453137746241475,77.66078541200945,15.190665919833574,0.0,0.0,1.0,False,0.0,3,44.63480108217625
2025-06-13 10:00:00,36.496177922743286,70.247163699905,1.816307865548338,0.7066099446348525,0.4047110085790488,77.06562216409908,15.595376928412623,0.0,0.0,1.0,False,0.0,3,44.63480108217625
2025-06-13 11:00:00,37.13636755429372,69.41621373174,1.9333761105439728,0.753743582776095,0.43688912910137984,76.42313815071469,16.032266057514004,0.0,0.0,1.0,False,0.0,3,44.63480108217625
2025-06-13 12:00:00,37.312603081525694,68.35389654069053,2.0197953894662217,0.7668502303171911,0.4349570165853442,75.78349547926567,16.467223074099348,0.0,0.0,1.0,False,0.0,3,44.63480108217625
2025-06-13 13:00:00,36.54398241746209,68.59909285650524,1.9219322211068837,0.7084533075455898,0.3840175389489848,75.21876380434068,16.851240613048333,0.0,0.0,1.0,False,0.0,3,44.63480108217625
2025-06-13 14:00:00,35.10364511360468,72.00853603360372,1.5829091912803164,0.6002516880482567,0.32720190222223944,74.88464335989622,17.07844251527057,0.0,0.1,1.0,False,0.0,3,44.63480108217625
2025-06-13 15:00:00,33.85910176802729,74.36117434415453,1.353133138838688,0.4517582612916262,0.21033467568456352,74.72238648388951,17.188777190955133,0.0,0.1,1.0,False,0.0,3,44.63480108217625
2025-06-13 16:00:00,33.20452301320806,75.37696330061536,1.2528550537508452,0.38910738240589915,0.1652820240238251,74.47932468385447,17.354059214978957,0.0,0.0,1.0,False,0.0,3,44.63480108217625
2025-06-13 17:00:00,31.709952916069668,78.9129299764623,0.9863257517042486,0.27379204771514765,0.0961328982706494,74.33795277463292,17.450192113249607,0.0,0.0,1.0,False,0.0,3,44.63480108217625
2025-06-13 18:00:00,30.142150860095246,84.40546209358962,0.6671005817502144,0.16083011767391392,0.03001854833073527,74.29380785061714,17.48021066158034,0.0,0.0,0.6,False,0.0,3,44.63480108217625
2025-06-13 19:00:00,29.673504788559164,86.66549667215622,0.5552819308719122,0.12266983498846337,0.01863048850283162,74.26641007340709,17.498841150083173,0.0,0.0,0.6,False,0.0,3,44.63480108217625
2025-06-13 20:00:00,29.278353785366996,87.6500512030136,0.5027127081812605,0.11050228804428543,0.014944101687017288,74.24443345327913,17.51378525177019,0.0,0.0,0.6,False,0.0,3,44.63480108217625
2025-06-13 21:00:00,28.79609008956912,87.77541758581826,0.4839365847239751,0.1064538904328105,0.009817621320299173,74.22999577486694,17.52360287309049,0.0,0.0,0.6,False,0.0,3,44.63480108217625
2025-06-13 22:00:00,28.489792994575527,88.38465177365806,0.4517297349275929,0.09897421816345962,0.005513691607810485,74.22188740485544,17.5291165646983,0.0,0.0,0.6,False,0.0,3,44.63480108217625
2025-06-13 23:00:00,28.260782198470025,89.47598078791766,0.40388097328231953,0.08849957608217054,0.0018296283717474915,74.21919677489699,17.530946193070047,0.0,0.0,0.6,False,0.0,3,44.63480108217625
2025-06-14 00:00:00,28.275609586882478,91.52201257815368,0.3256407267431424,0.07099676597265306,0.0,74.21919677489699,17.530946193070047,0.0,0.0,0.6,True,0.0,3,44.63480108217625
2025-06-14 01:00:00,28.191178727914856,93.44171440986412,0.2506715277069184,0.05513251020593772,0.0,74.21919677489699,17.530946193070047,0.0,0.0,0.6,True,0.0,3,44.63480108217625
2025-06-14 02:00:00,28.050194734755046,94.3528655964787,0.21408240007554133,0.047083169346567824,0.0,74.21919677489699,17.530946193070047,0.0,0.0,0.6,True,0.0,3,44.63480108217625
2025-06-14 03:00:00,27.692901352904446,93.79679522322174,0.23031661447151464,0.050869998908365834,0.0,74.21919677489699,17.530946193070047,0.0,0.0,0.6,True,0.0,3,44.63480108217625
2025-06-14 04:00:00,27.573440535764007,94.22902313293304,0.21277925721484497,0.046544017537627345,0.005031873808916151,74.21179696047211,17.535978066878965,0.0,0.0,0.6,True,0.0,3,44.63480108217625
2025-06-14 05:00:00,28.665788324623733,91.9650194406687,0.3156911256732098,0.07817504277473683,0.016016537047403887,74.18824322952004,17.551994603926367,0.0,0.0,0.6,True,0.0,3,44.63480108217625
2025-06-14 06:00:00,31.052297386976235,85.8864853655975,0.63595293034779,0.19832172549269494,0.08297309187485404,74.0662239767629,17.634967695801222,0.0,0.0,0.6,False,0.0,3,44.63480108217625
2025-06-14 07:00:00,33.355663416636574,81.25249749040998,0.9620039197641447,0.34259768251806905,0.17806278433622225,73.80436694097435,17.813030480137446,0.0,0.0,0.6,False,0.0,3,44.63480108217625
2025-06-14 08:00:00,33.658926864855225,75.0678947961774,1.3012247199931797,0.49350910144210997,0.2830155761340937,76.62346168195361,15.89604605627154,0.0,2.2,1.0,False,0.0,3,44.63480108217625
2025-06-14 09:00:00,32.532057609415716,81.0447485245371,0.9287339456348166,0.41570753754779793,0.2570602121075561,78.30425548767779,14.753106268379096,0.0,1.4,1.0,False,0.0,3,44.63480108217625
2025-06-14 10:00:00,31.107433621998663,82.58739481591336,0.7870747312242129,0.32501957564026,0.18799361291300432,78.76308840986455,14.4410998812921,0.0,0.5,1.0,False,0.0,3,44.63480108217625
2025-06-14 11:00:00,33.053384869136615,81.71673413589474,0.9224327927283722,0.3602167624380553,0.22243887307271612,78.58303124358115,14.563538754364817,0.0,0.1,0.6,False,0.0,3,44.63480108217625
2025-06-14 12:00:00,34.139195443377986,76.05584762459875,1.2835561343321926,0.5038428657452789,0.30301591786791143,78.8727137173048,14.366554672232729,0.0,0.5,1.0,False,0.0,3,44.63480108217625
2025-06-14 13:00:00,33.71565253888873,77.84109958016576,1.160156060477238,0.4805734480193461,0.2905028987153182,78.88668004272346,14.357057570948047,0.0,0.3,1.0,False,0.0,3,44.63480108217625
2025-06-14 14:00:00,30.140945891391922,86.08204811041712,0.5953387561399645,0.27546574290135145,0.15839400885546803,87.036100617936,8.815451579803517,0.0,5.7,1.0,False,0.0,3,44.63480108217625
2025-06-14 15:00:00,29.23788190389234,91.24387736437964,0.3555926387928656,0.14530783757306376,0.08027764319862865,86.91804526029097,8.895729223002146,0.0,0.0,0.6,True,0.0,3,44.63480108217625
2025-06-14 16:00:00,29.652911586103638,90.72707899321766,0.38569053620412086,0.14527678362033208,0.08057407832233983,86.79955396864047,8.976303301324485,0.0,0.0,0.6,True,0.0,3,44.63480108217625
2025-06-14 17:00:00,29.064895854925727,92.05143263942368,0.31959000148729266,0.10656352258929545,0.04750334729039584,86.72969610497812,9.023806648614881,0.0,0.0,0.6,True,0.0,3,44.63480108217625
2025-06-14 18:00:00,27.432317160357872,95.05752623728654,0.18073501849651666,0.05072132857445211,0.005842812657265464,86.7211037334233,9.029649461272147,0.0,0.0,0.6,True,0.0,3,44.63480108217625
2025-06-14 19:00:00,27.454622174336723,96.2646076281975,0.13677306112499626,0.029868868651946736,0.0,86.7211037334233,9.029649461272147,0.0,0.0,0.6,True,0.0,3,44.63480108217625
2025-06-14 20:00:00,27.39508711989452,95.64884818738606,0.15876565338050203,0.03429990701500081,0.0032124645027328,86.71637952091929,9.03286192577488,0.0,0.0,0.6,True,0.0,3,44.63480108217625
2025-06-14 21:00:00,27.33648417187605,96.602190521011,0.12355557046751488,0.027220723719723804,0.0011869499407541214,86.71463400630054,9.034048875715634,0.0,0.0,0.6,True,0.0,3,44.63480108217625
2025-06-14 22:00:00,27.234837734833086,96.65658234556055,0.1208564105194997,0.026489596690621654,5.5007392710430015e-05,86.71455311307597,9.034103883108344,0.0,0.0,0.6,True,0.0,3,44.63480108217625
2025-06-14 23:00:00,27.155902185059222,97.8586690299898,0.07704680609096992,0.017325451292980187,0.0008761587305073747,86.71326464435462,9.034980041838852,0.0,0.0,0.6,True,0.0,3,44.63480108217625
2025-06-15 00:00:00,27.066637300797154,99.11653742320331,0.03162179693397045,0.007562577493781502,0.00031838027752696663,86.71279643806415,9.035298422116378,0.0,0.0,0.6,True,0.0,3,44.63480108217625
2025-06-15 01:00:00,26.900141456766868,98.67549980827799,0.04694699020100044,0.010568611254596787,0.0007098443438200229,86.71175254932324,9.036008266460199,0.0,0.0,0.6,True,0.0,3,44.63480108217625
2025-06-15 02:00:00,26.76439618879973,99.16945377695825,0.02920495270114808,0.006946404166820596,0.0,86.85881137285266,8.936008266460199,0.0,0.1,0.6,True,0.0,3,44.63480108217625
2025-06-15 03:00:00,26.528855391589694,98.33476861287615,0.057749721556769856,0.01302191888058197,0.0,87.15292901991147,8.7360082664602,0.0,0.2,0.6,True,0.0,3,44.63480108217625
2025-06-15 04:00:00,26.351060234863848,96.66000650190315,0.11462296798672075,0.024837063404569544,0.0,90.82939960814677,6.2360082664602,0.0,2.5,0.6,True,0.0,3,44.63480108217625
2025-06-15 05:00:00,26.466414915727814,96.2341384955445,0.13011958608061572,0.035967647957527285,0.007155345867567453,95.23064174657682,3.243163612327767,0.0,3.0,0.6,True,0.0,3,44.63480108217625
2025-06-15 06:00:00,29.277478520697365,90.50186567286286,0.38660822829939395,0.13226662857844712,0.07144424854909534,95.1255766751811,3.3146078608768623,0.0,0.0,0.6,True,0.0,3,44.63480108217625
2025-06-15 07:00:00,29.49040784312331,89.99525658383023,0.41225637344359783,0.15028911282837948,0.07873713069262027,95.0097867771037,3.3933449915694824,0.0,0.0,0.6,True,0.0,3,44.63480108217625
2025-06-15 08:00:00,31.068850092451452,86.68995448024363,0.6003139195065587,0.23645560308913238,0.14444209556993606,94.94443075420673,3.4377870871394185,0.0,0.1,0.6,False,0.0,3,44.63480108217625
2025-06-15 09:00:00,33.57757082519685,83.66439334981786,0.8487031240461601,0.380893625886018,0.2611519442659671,94.70744260087443,3.5989390314053855,0.0,0.1,0.6,False,0.0,3,44.63480108217625
2025-06-15 10:00:00,33.483404199875636,79.71678657986955,1.048268041918859,0.45654622747285545,0.2916159307211511,94.42565446746097,3.7905549621265364,0.0,0.1,1.0,False,0.0,3,44.63480108217625
2025-06-15 11:00:00,34.758999850161274,76.80431999209918,1.2869466391589188,0.5499114390582882,0.3551278276281519,94.05046648565487,4.0456827897546885,0.0,0.1,1.0,False,0.0,3,44.63480108217625
2025-06-15 12:00:00,35.62716452236442,75.60962603097323,1.4196511205430227,0.6088344198845445,0.393735349620725,93.47144391268321,4.439418139375413,0.0,0.0,1.0,False,0.0,3,44.63480108217625
2025-06-15 13:00:00,35.37619139016113,75.04299769848699,1.4326939549822455,0.5846370888663096,0.3560790627699145,92.94779823213922,4.795497202145328,0.0,0.0,1.0,False,0.0,3,44.63480108217625
2025-06-15 14:00:00,32.98629430219634,79.27645205570307,1.0416239673160992,0.45376409181064076,0.2724973477892029,95.04706683833157,3.3679945499345307,0.0,1.7,1.0,False,0.0,3,44.63480108217625
2025-06-15 15:00:00,32.17353171063671,82.98489266192233,0.8169974322090658,0.33534414086200576,0.19550022683827165,95.49486062239293,3.0634947767728025,0.0,0.5,1.0,False,0.0,3,44.63480108217625
2025-06-15 16:00:00,31.44540362896348,83.57324108651923,0.7569081082060475,0.26771157843443233,0.13655276439767172,95.29404773357282,3.2000475411704743,0.0,0.0,1.0,False,0.0,3,44.63480108217625
2025-06-15 17:00:00,30.22890122120632,88.05136280736825,0.5136829512222891,0.15742876716251603,0.06482641472284428,95.19871477074511,3.2648739558933184,0.0,0.0,0.6,False,0.0,3,44.63480108217625
2025-06-15 18:00:00,28.486028275907533,94.52850661353976,0.2127440747489896,0.062308453445027216,0.010236373053865008,95.18366128096002,3.2751103289471835,0.0,0.0,0.6,True,0.0,3,44.63480108217625
2025-06-15 19:00:00,28.444505044742517,96.130061426042,0.15010989986040246,0.03314269963653028,0.003791938737696335,95.17808490046342,3.2789022676848796,0.0,0.0,0.6,True,0.0,3,44.63480108217625
2025-06-15 20:00:00,28.389321736114045,97.07975950515238,0.1129101097109327,0.02492676525557904,0.0013592888476358156,95.17608594627572,3.2802615565325155,0.0,0.0,0.6,True,0.0,3,44.63480108217625
2025-06-15 21:00:00,28.345893893048206,97.8258078282865,0.08385269180085642,0.018533040084723618,0.00256242695563833,95.17231767134095,3.2828239834881536,0.0,0.0,0.6,True,0.0,3,44.63480108217625
2025-06-15 22:00:00,28.07645700194426,97.39388013289215,0.09894890869378602,0.022198024430612116,0.002740535086283561,95.16828747268465,3.285564518574437,0.0,0.0,0.6,True,0.0,3,44.63480108217625
2025-06-15 23:00:00,27.653375442570475,97.8284431532726,0.08044117165674965,0.019041499832625094,0.0018407327074747805,98.10675698340894,1.2874052512819119,0.0,2.0,0.6,True,0.0,3,44.63480108217625
2025-06-16 00:00:00,27.498290869578955,98.65187641071216,0.049488315968096525,0.011513527531585258,0.0016031059719889148,99.99764249121766,0.0016031059719889148,0.0,1.7,0.6,True,0.0,3,45.04739583089434
2025-06-16 01:00:00,26.542823390309188,98.14221216665594,0.06448052471504524,0.016984886843916244,0.002672958990072538,99.99606917795577,0.002672958990072538,0.0,0.4,0.6,True,0.0,3,45.44579272492235
2025-06-16 02:00:00,26.476987233756653,97.67279825530476,0.0804605160304033,0.017445936389385807,0.003580877296306758,99.99473400397602,0.003580877296306758,0.0,0.2,0.6,True,0.0,3,45.643119765932276
2025-06-16 03:00:00,26.202636155179032,98.7035159551739,0.044105296722530316,0.01080269351385562,0.0,100.0,0.0,0.0,2.4,0.6,True,0.0,3,48.03953888863597
2025-06-16 04:00:00,26.06732876394212,97.86713367561552,0.07198086355416344,0.015743901423355418,0.0,100.0,0.0,0.0,2.7,0.6,True,0.0,3,50.73953888863597
2025-06-16 05:00:00,25.947047702827025,97.67939661695186,0.07776184517431182,0.020202818497715713,0.0026089992575367613,99.99616323638597,0.0026089992575367613,0.0,1.9,0.6,True,0.0,3,52.63953888863597
2025-06-16 06:00:00,26.687310888956382,97.36954353561615,0.09207796051226359,0.02678774195138826,0.009592187484287055,99.98589384193487,0.009592187484287055,0.0,0.5,0.6,True,0.0,3,53.13692988937843
2025-06-16 07:00:00,27.336344833205334,95.75870984700954,0.15422605497091732,0.060252039155131776,0.03471015206093535,99.94895565873392,0.03471015206093535,0.0,1.2,0.6,True,0.0,3,54.327337701894145
2025-06-16 08:00:00,27.937975156400302,94.55781587023739,0.20496902360929692,0.08903906925442305,0.055881432380269144,99.91782142297019,0.055881432380269144,0.0,1.5,0.6,True,0.0,3,55.792627549833206
2025-06-16 09:00:00,28.662708411636235,90.34270001188167,0.3793636996055246,0.1656105853870543,0.10556363296204511,99.84475936329112,0.10556363296204511,0.0,0.9,0.6,True,0.0,3,56.63674611745294
2025-06-16 10:00:00,29.35366109394378,90.96342924748413,0.3694399992791743,0.171347410635239,0.11163446867524894,99.83583166371287,0.11163446867524894,0.0,0.4,0.6,True,0.0,3,56.93118248449089
2025-06-16 11:00:00,32.865360191091426,85.07854313094663,0.7449214422418278,0.3633332405152875,0.2591018091153814,99.6189679277715,0.2591018091153814,0.0,0.3,0.6,False,0.0,3,57.11954801581564
2025-06-16 12:00:00,33.12352343047193,81.33458117035457,0.9454230274440609,0.4620261785993316,0.31436449172331976,99.4507848517078,0.37346630083870114,0.0,0.2,1.0,False,0.0,3,57.11954801581564
2025-06-16 13:00:00,33.08228071176924,80.033473342942,1.008990411877663,0.4654354447001169,0.30239353489191106,99.15314730039616,0.5758598357306122,0.0,0.1,1.0,False,0.0,3,57.11954801581564
2025-06-16 14:00:00,33.227950829856056,78.45805781557327,1.097523603308849,0.47108287248838704,0.29516551534835017,98.71908036606035,0.8710253510789623,0.0,0.0,1.0,False,0.0,3,57.11954801581564
2025-06-16 15:00:00,31.763976143771863,82.32831218762189,0.8291069758967246,0.3531361384593509,0.20908250423611513,99.69252572906454,0.20908250423611513,0.0,2.0,1.0,False,0.0,3,58.248522664736676
2025-06-16 16:00:00,30.615580312103987,89.47051840302169,0.46279179464011233,0.19051740327739608,0.10396936946727693,99.68668842102443,0.21305187370339207,0.0,0.1,0.6,False,0.0,3,58.248522664736676
2025-06-16 17:00:00,29.16401463870511,92.0524189048403,0.32138440471394014,0.10516825495053037,0.03859629153414182,99.62992916876833,0.25164816523753386,0.0,0.0,0.6,True,0.0,3,58.248522664736676
2025-06-16 18:00:00,27.59268670532244,95.90236245826539,0.15125220310420076,0.04519635274354579,0.006169898441537909,99.62085578870725,0.2578180636790718,0.0,0.0,0.6,True,0.0,3,58.248522664736676
2025-06-16 19:00:00,27.385043639236375,97.39364244221858,0.09504541491945752,0.021779096038611796,0.002015600948413337,99.61789166966545,0.25983366462748514,0.0,0.0,0.6,True,0.0,3,58.248522664736676
2025-06-16 20:00:00,27.358584269330272,97.79338872197356,0.0803435001270503,0.01758300278128075,0.002244857440333431,99.61459040872379,0.26207852206781856,0.0,0.0,0.6,True,0.0,3,58.248522664736676
2025-06-16 21:00:00,27.130157356333836,98.23637667243473,0.06336091450431179,0.01463482924796135,0.00147129818053229,99.61242673492889,0.26354982024835083,0.0,0.0,0.6,True,0.0,3,58.248522664736676
2025-06-16 22:00:00,26.931850774390707,98.23532088410211,0.06266570160526319,0.014224950976952129,0.001344629504004387,99.61044933859948,0.2648944497523552,0.0,0.0,0.6,True,0.0,3,58.248522664736676
2025-06-16 23:00:00,26.69925196680164,98.70649954901236,0.045310213637404194,0.010751133908970648,0.00012092749474457501,99.61027150404838,0.2650153772470998,0.0,0.0,0.6,True,0.0,3,58.248522664736676
2025-06-17 00:00:00,26.5010501435051,98.69799996944819,0.04507910108980793,0.010417126103883912,0.0,99.7573303275778,0.16501537724709978,0.0,0.1,0.6,True,0.0,3,58.248522664736676
2025-06-17 01:00:00,26.375366449602282,97.70684752608712,0.07880998600117345,0.017122358546631203,0.002888945145537594,99.99575155125656,0.002888945145537594,0.0,0.3,0.6,True,0.0,3,58.38350728748958
2025-06-17 02:00:00,26.235402138737044,98.26536187543536,0.05912514988178156,0.013432810165522825,0.0,99.99575155125656,0.002888945145537594,0.0,0.0,0.6,True,0.0,3,58.38350728748958
2025-06-17 03:00:00,26.006033957393146,98.67039763019812,0.04470972791189519,0.010563201276362025,0.0,100.0,0.0,0.0,0.1,0.6,True,0.0,3,58.480618342344044
2025-06-17 04:00:00,25.812010595264145,98.60381615568284,0.04641285602017631,0.010641740540513929,0.0014721287444110756,99.99783510478764,0.0014721287444110756,0.0,0.1,0.6,True,0.0,3,58.580618342344046
2025-06-17 05:00:00,26.199484764312487,96.80351171357526,0.1087216181289743,0.030021637174089198,0.010857536262844596,99.98186813969521,0.012329665007255672,0.0,0.0,0.6,True,0.0,3,58.580618342344046
2025-06-17 06:00:00,28.222460693752318,94.83402115264987,0.19781403718336452,0.07972372831364319,0.05311484747730273,99.92188993018044,0.05311484747730273,0.0,0.1,0.6,True,0.0,3,58.66828867733679
2025-06-17 07:00:00,29.869072822939938,88.71493167201137,0.47524862491706166,0.20466883587719517,0.13251364101002494,99.80512699851467,0.13251364101002494,0.0,1.1,0.6,False,0.0,3,59.71517382985949
2025-06-17 08:00:00,31.147877157997915,85.74913931823973,0.6456428104492804,0.27638861055351577,0.17730820298327107,99.54437964118632,0.30982184399329604,0.0,0.0,0.6,False,0.0,3,59.71517382985949
2025-06-17 09:00:00,32.83828189722671,83.05769477212394,0.8445228224022658,0.3741793838462812,0.24630769287255144,99.47628009284433,0.3561295368658475,0.0,0.2,0.6,False,0.0,3,59.71517382985949
2025-06-17 10:00:00,31.88424664515142,82.82721931719405,0.8112013111782082,0.35321049332689286,0.21617172397768006,99.68210040591518,0.21617172397768006,0.0,0.5,1.0,False,0.0,3,59.85904429299364
2025-06-17 11:00:00,35.25523070879568,78.93267291551919,1.2013613571199662,0.5368235356496651,0.36078123474802837,99.46943936066467,0.36078123474802837,0.0,0.4,0.6,False,0.0,3,60.042872569015955
2025-06-17 12:00:00,31.957461588963668,81.4593667355096,0.8794485711630958,0.39867087931323864,0.24048354525781654,99.64634772756203,0.24048354525781654,0.0,4.9,1.0,False,0.0,3,64.58209133426793
2025-06-17 13:00:00,31.66538159363633,86.60392885372646,0.6250074398989156,0.24758705497891656,0.1419399215700926,99.58467137231189,0.28242346682790914,0.0,0.1,0.6,False,0.0,3,64.58209133426793
2025-06-17 14:00:00,33.617075513204604,83.24630470655276,0.8723469600936421,0.35512917309866876,0.226465764436467,99.39869230696415,0.40888923126437615,0.0,0.1,0.6,False,0.0,3,64.58209133426793
2025-06-17 15:00:00,33.20754376018199,80.16258692449118,1.0095265095599342,0.387565786607074,0.2203082604056667,99.22176839460289,0.5291974916700428,0.0,0.1,1.0,False,0.0,3,64.58209133426793
2025-06-17 16:00:00,29.672289930183176,90.73400328335931,0.38583222988435123,0.20257016556647744,0.11918378245983888,99.82472973167671,0.11918378245983888,0.0,8.1,1.0,True,0.0,3,72.15289384259789
2025-06-17 17:00:00,28.34107294708484,93.99575611629571,0.231502567729652,0.0875880947661084,0.03924888965570034,99.91406959983009,0.058432672115539215,0.0,0.1,0.6,True,0.0,3,72.15289384259789
2025-06-17 18:00:00,28.53117278575307,95.65674779551459,0.16931828264499263,0.043691722998671044,0.005315048626640176,99.90625335184974,0.0637477207421794,0.0,0.0,0.6,True,0.0,3,72.15289384259789
2025-06-17 19:00:00,28.066700947239088,97.5352851780262,0.09352694073319985,0.02257779121388638,7.962640170438509e-05,99.99988290235044,7.962640170438509e-05,0.0,0.3,0.6,True,0.0,3,72.38914612185572
2025-06-17 20:00:00,27.98681742786573,98.76315772662915,0.04671590355814868,0.010806023893888607,0.0,100.0,0.0,0.0,2.1,0.6,True,0.0,3,74.48906649545401
2025-06-17 21:00:00,26.538349425072596,96.81651397211304,0.11046406166402192,0.028206877609567246,0.003771557753537181,99.99445359153891,0.003771557753537181,0.0,9.3,0.6,True,0.0,3,83.78906649545401
2025-06-17 22:00:00,25.751806821886746,98.10302099143597,0.06283621967832377,0.016581972782111088,0.0027793207848674597,99.99591276355166,0.0027793207848674597,0.0,7.4,0.6,True,0.0,3,91.18529493770048
2025-06-17 23:00:00,26.008506207336016,98.62758146131264,0.04615622569386765,0.009284380092446151,0.0012010392442037396,99.994146529369,0.003980360029071199,0.0,0.0,0.6,True,0.0,3,91.18529493770048
2025-06-18 00:00:00,25.90599089501326,98.67721002693969,0.04421828555901651,0.009912600203848976,0.0002265108714830081,99.99966689577722,0.0002265108714830081,0.0,0.1,0.6,True,0.0,3,91.28131457767141
2025-06-18 01:00:00,25.71779502348696,98.53821497381192,0.04832324546702335,0.010993110181647293,0.0025557241390442424,99.99624158214846,0.0025557241390442424,0.0,0.7,0.6,True,0.0,3,91.98108806679993
2025-06-18 02:00:00,25.513274401593087,98.61017327065993,0.04539074043478895,0.010496691980763993,0.0011913258069666695,99.99824805028388,0.0011913258069666695,0.0,2.8,0.6,True,0.0,3,94.77853234266088
2025-06-18 03:00:00,25.458275571181996,98.04331828743285,0.0636955790249052,0.013751517382380181,0.0036132488904959733,99.99468639869045,0.0036132488904959733,0.0,0.6,0.6,True,0.0,3,95.37734101685392
2025-06-18 04:00:00,25.39847190187391,97.53528668614393,0.07994908562543267,0.01729629935080058,0.004934093413241548,99.99274398027464,0.004934093413241548,0.0,0.1,0.6,True,0.0,3,95.47372776796342
2025-06-18 05:00:00,25.647402266045894,96.08109835866522,0.12901060365529637,0.03502019488916855,0.014728453109277886,99.9783405101334,0.014728453109277886,0.0,0.1,0.6,True,0.0,3,95.56879367455018
2025-06-18 06:00:00,27.022867594217097,97.70137361910773,0.08206386166725302,0.03475818226173632,0.01671313032889888,99.97542186716338,0.01671313032889888,0.0,1.1,0.6,True,0.19516836421780426,3,96.6540652214409
2025-06-18 07:00:00,29.636470104596057,88.66334845036467,0.47108206446294354,0.19829746233822473,0.13093704091447034,99.80744552806695,0.13093704091447034,0.0,0.2,0.6,False,0.0,3,96.83735209111201
2025-06-18 08:00:00,31.475009425259845,84.27650846408879,0.725721114083604,0.3146090745634775,0.203582069765381,99.65511895488257,0.23451911067985134,0.0,0.1,0.6,False,0.0,3,96.83735209111201
2025-06-18 09:00:00,32.94484100155002,82.44851142070732,0.8801379319633796,0.38533460231955413,0.24762613900699126,99.635843913225,0.24762613900699126,0.0,0.3,0.6,False,0.0,3,96.90283298043215
2025-06-18 10:00:00,32.64817168596808,77.71135720299677,1.099214789300112,0.4491740386143787,0.27018189130758496,99.38557642600797,0.41780803031457625,0.0,0.1,1.0,False,0.0,3,96.90283298043215
2025-06-18 11:00:00,33.97508433445836,76.50956776094853,1.2477848323679204,0.5389671117197666,0.3450240185975794,99.1723058104233,0.5628320489121557,0.0,0.2,1.0,False,0.0,3,96.90283298043215
2025-06-18 12:00:00,31.226534475304813,81.10508124601402,0.8598809553087943,0.30548019605568083,0.14114042169320953,99.11180519028623,0.6039724706053652,0.0,0.1,1.0,False,0.0,3,96.90283298043215
2025-06-18 13:00:00,31.601233985195478,82.12011228895702,0.8311778324429245,0.2883019674922349,0.14674528219052368,98.89600330471194,0.7507177527958888,0.0,0.0,0.6,False,0.0,3,96.90283298043215
2025-06-18 14:00:00,33.83227801687755,77.4210862455275,1.1898605929568948,0.45099794171926816,0.27258849395906154,98.49513787241919,1.0233062467549503,0.0,0.0,0.6,False,0.0,3,96.90283298043215
2025-06-18 15:00:00,30.89901505182685,79.66240036893642,0.9084455940868331,0.2912839350309306,0.11862532185127185,98.32068886969674,1.1419315686062221,0.0,0.0,1.0,False,0.0,3,96.90283298043215
2025-06-18 16:00:00,29.75103630301166,86.75354465571,0.5540792215705043,0.2049902274949584,0.10887778941264749,98.30763329703107,1.1508093580188696,0.0,0.1,0.6,False,0.0,3,96.90283298043215
2025-06-18 17:00:00,27.569809816988474,96.9890023419062,0.11099368366647963,0.04375964083262795,0.009244483501088953,99.98640517132192,0.009244483501088953,0.0,2.9,0.6,True,0.0,3,98.65202362241328
2025-06-18 18:00:00,27.322242750788348,94.66124379501987,0.19397307173132977,0.04501671949379416,0.012484624877232951,99.96804542885542,0.021729108378321906,0.0,0.0,0.6,True,0.0,3,98.65202362241328
2025-06-18 19:00:00,27.16995164929193,96.21199291030939,0.13640778237535958,0.030520108619898553,0.007803400208424356,99.95656984031362,0.02953250858674626,0.0,0.0,0.6,True,0.0,3,98.65202362241328
2025-06-18 20:00:00,27.07175770036936,97.66620073600548,0.08355881647188057,0.018878640424166523,0.0040581639927329055,99.99403211177538,0.0040581639927329055,0.0,0.2,0.6,True,0.0,3,98.82249111382653
2025-06-18 21:00:00,26.975053694314635,97.63885378225748,0.08405976891657112,0.01847427985238518,0.004635702556521112,99.99318279035806,0.004635702556521112,0.0,0.2,0.6,True,0.0,3,99.0184329498338
2025-06-18 22:00:00,26.806452071375233,98.60119606476272,0.04930861717044349,0.011542715726529673,0.002104357229258614,99.99690535701579,0.002104357229258614,0.0,0.6,0.6,True,0.0,3,99.61379724727728
2025-06-18 23:00:00,26.50828975334623,98.60122501437661,0.04845038812708528,0.011461780936066148,0.0019165605173931,99.99718152865088,0.0019165605173931,0.0,0.1,0.6,True,0.0,3,99.71169289004801
2025-06-19 00:00:00,26.31258179400345,98.56152144060624,0.04925428947737858,0.011265301878711182,0.0025054188714056015,99.99631556048323,0.0025054188714056015,0.0,0.2,0.6,True,0.0,3,99.90977632953062
2025-06-19 01:00:00,26.20737403933972,98.63297722122479,0.0465179715123576,0.010423950580331888,0.0011882536268141986,99.99825256819587,0.0011882536268141986,0.0,0.2,0.6,True,0.0,3,100.10727091065921
2025-06-19 02:00:00,26.006690968604012,98.66055758174646,0.04504236247334797,0.010413858019988526,0.0005718531051572343,99.99915903955124,0.0005718531051572343,0.0,10.1,0.6,True,0.0,3,110.2060826570324
2025-06-19 03:00:00,26.072442857074,99.08980895057172,0.030726790477732923,0.006556622732684586,0.00040896634509155584,99.99939857890428,0.00040896634509155584,0.0,2.3,0.6,True,0.0,3,112.50551080392724
2025-06-19 04:00:00,25.974305972571685,99.07313294291451,0.031108787697604237,0.007037137207536414,0.0006570017171728062,99.99903382100416,0.0006570017171728062,0.0,0.2,0.6,True,0.0,3,112.70510183758215
2025-06-19 05:00:00,26.01073239118587,98.38053109617145,0.054472019151010076,0.016006746543502093,0.004732949895309251,99.99303977956572,0.004732949895309251,0.0,0.1,0.6,True,0.0,3,112.80444483586497
2025-06-19 06:00:00,26.44948843991638,97.71651914640927,0.07882113090274841,0.02489488597122056,0.01009460078364259,99.98515499884758,0.01009460078364259,0.0,1.0,0.6,True,0.0,3,113.79971188596966
2025-06-19 07:00:00,27.96295688622088,92.61670634672971,0.27848197821070175,0.12772139894909018,0.08461148710717409,99.87557134248945,0.08461148710717409,0.0,0.2,0.6,True,0.0,3,113.98961728518601
2025-06-19 08:00:00,27.851254267510832,92.24665877926488,0.29054220677844356,0.1226165562324247,0.07314102352506857,99.89243967128665,0.07314102352506857,0.0,0.3,0.6,True,0.0,3,114.20500579807884
2025-06-19 09:00:00,29.025808468728613,89.54445907866565,0.4194403099420275,0.1761668313260165,0.11126068073145202,99.83638135186551,0.11126068073145202,0.0,0.2,0.6,False,0.0,4,114.33186477455378
2025-06-19 10:00:00,29.45168618814577,89.47105269906756,0.43289042913939496,0.19463481632512886,0.12287819691461609,99.80273694463814,0.1341388776460681,0.0,0.1,0.6,False,0.0,4,114.33186477455378
2025-06-19 11:00:00,34.11153379097602,81.65717546745877,0.9817781018790476,0.461174911375176,0.3255330457273231,99.32401187739207,0.45967192337339124,0.0,0.0,0.6,False,0.0,4,114.33186477455378
2025-06-19 12:00:00,33.77580749038138,79.28736956369912,1.0880799377964383,0.5206451322616613,0.34740816639341654,98.96017633857822,0.7070800897668078,0.0,0.1,1.0,False,0.0,4,114.33186477455378
2025-06-19 13:00:00,33.7463917687801,79.6796781866688,1.0657211166966958,0.48150270943844337,0.3145234885711199,98.79175944362069,0.8216035783379276,0.0,0.2,1.0,False,0.0,4,114.33186477455378
2025-06-19 14:00:00,33.009881992243926,80.99996924247662,0.9562595138083911,0.4112017753704123,0.25355252810843787,98.71300572581416,0.8751561064463655,0.0,0.2,1.0,False,0.0,4,114.33186477455378
2025-06-19 15:00:00,29.634403557207836,86.86895545707367,0.5455812385066554,0.26722934200652676,0.1589652652970766,99.76622755103371,0.1589652652970766,0.0,14.3,1.0,False,0.0,4,127.75670866810742
2025-06-19 16:00:00,27.425879832914983,95.49976573821301,0.1645013902317831,0.06779310665768758,0.02716328769159941,99.96005398868883,0.02716328769159941,0.0,0.4,0.6,True,0.0,4,127.99774340281034
2025-06-19 17:00:00,27.936083219623104,95.50367780470853,0.16932635534146187,0.0603029000886891,0.03099877860749191,99.91446754956016,0.05816206629909132,0.0,0.0,0.6,True,0.0,4,127.99774340281034
2025-06-19 18:00:00,27.678429649193724,96.67492729929778,0.12335122828950855,0.0352408773370242,0.007718157497112226,99.90311731794675,0.06588022379620355,0.0,0.0,0.6,True,0.0,4,127.99774340281034
2025-06-19 19:00:00,27.607223035756817,96.99829293845279,0.11089326474670057,0.02432028417784414,0.0019178851252168497,99.99717958069822,0.0019178851252168497,0.0,2.0,0.6,True,0.0,4,129.93186317901413
2025-06-19 20:00:00,27.35286711268718,97.87676705563659,0.07728180962197768,0.01790122200774353,0.0006968426691838643,99.99897523136885,0.0006968426691838643,0.0,1.9,0.6,True,0.0,4,131.82994529388893
2025-06-19 21:00:00,27.0998781630043,98.66330818525975,0.047937577399121835,0.011498737926886195,0.001148319441469802,99.99831129493901,0.001148319441469802,0.0,0.1,0.6,True,0.0,4,131.92924845121973
2025-06-19 22:00:00,26.733770104998236,99.57377789133255,0.014960526282008196,0.004806452643485808,0.0,99.99831129493901,0.001148319441469802,0.0,0.0,0.6,True,0.0,4,131.92924845121973
2025-06-19 23:00:00,26.534194398221864,99.56981281933939,0.01492345176992494,0.003907738880177862,0.0,99.99831129493901,0.001148319441469802,0.0,0.0,0.6,True,0.0,4,131.92924845121973
2025-06-20 00:00:00,26.334468646964098,99.57246373188522,0.014657980689392952,0.0038506080750777757,0.0,99.99831129493901,0.001148319441469802,0.0,0.0,0.6,True,0.0,4,131.92924845121973
2025-06-20 01:00:00,26.334022795385632,99.57310749119483,0.014635524791698499,0.0031630052750931076,0.0,99.99831129493901,0.001148319441469802,0.0,0.0,0.6,True,0.0,4,131.92924845121973
2025-06-20 02:00:00,25.970594518480716,99.13339556803665,0.029079788461722596,0.007370667878422946,0.0,99.99831129493901,0.001148319441469802,0.0,0.0,0.6,True,0.0,4,131.92924845121973
2025-06-20 03:00:00,25.970008129398412,99.13062162306696,0.029171859542908497,0.006302215387958789,0.0,99.99831129493901,0.001148319441469802,0.0,0.0,0.6,True,0.0,4,131.92924845121973
2025-06-20 04:00:00,25.870890637203082,99.12635654294881,0.02914361021005204,0.006627228675019185,0.0,99.99831129493901,0.001148319441469802,0.0,0.0,0.6,True,0.0,4,131.92924845121973
2025-06-20 05:00:00,26.410656236475667,98.11957354405854,0.06476016678837812,0.02480870425027938,0.012514120863371165,99.98159688108328,0.012514120863371165,0.0,0.1,0.6,True,0.0,4,132.02810013177827
2025-06-20 06:00:00,27.080678926972027,96.60286135555477,0.12169401640341015,0.050576632275583,0.030783672895775674,99.95472989280033,0.030783672895775674,0.0,0.5,0.6,True,0.0,4,132.51558601091492
2025-06-20 07:00:00,28.667040245880575,92.28987108203067,0.30294980844624075,0.1391005336003791,0.09455981261545894,99.86094145203609,0.09455981261545894,0.0,0.3,0.6,True,0.0,4,132.78480233801915
2025-06-20 08:00:00,29.524366935599573,90.38537860537207,0.3969562676882611,0.1863828591203688,0.11941126318084402,99.82439520120464,0.11941126318084402,0.0,0.2,0.6,True,0.0,4,132.8902425254037
2025-06-20 09:00:00,32.878240846956864,85.95605714060703,0.7016206708554683,0.3348961623195895,0.23959575197772998,99.61910733064916,0.259007015158574,0.0,0.1,0.6,False,0.0,4,132.8902425254037
2025-06-20 10:00:00,32.946473990006304,81.87620050119546,0.9089203514919028,0.43532475092765327,0.2864688091418844,99.3448884936758,0.4454758243004584,0.0,0.1,1.0,False,0.0,4,132.8902425254037
2025-06-20 11:00:00,34.7240760464821,79.83263548834474,1.1167672852838368,0.5441980545390859,0.3848655599538902,98.92596855256713,0.7303413842543487,0.0,0.1,1.0,False,0.0,4,132.8902425254037
2025-06-20 12:00:00,35.35604238950468,77.40596074834943,1.2956047592249007,0.5883180308767377,0.3880823864166773,98.50231798430733,1.018423770671026,0.0,0.1,1.0,False,0.0,4,132.8902425254037
2025-06-20 13:00:00,31.89754656263871,80.40899632248768,0.9261287613101303,0.4813856828170066,0.30191714968910927,99.55600419163366,0.30191714968910927,0.0,5.2,1.0,False,0.0,4,137.07181875473267
2025-06-20 14:00:00,28.156257637294107,94.51836047706786,0.2090948114025189,0.12366835595924831,0.06774123254383724,99.90038054037672,0.06774123254383724,0.0,7.0,0.6,True,0.0,4,143.76990160504357
2025-06-20 15:00:00,27.36126116836554,95.41604281398082,0.16692965113683048,0.06522853871598454,0.031340034793613594,99.9539117135388,0.031340034793613594,0.0,0.6,0.6,True,0.0,4,144.30216037249974
2025-06-20 16:00:00,28.527102235560104,93.8069085574797,0.24137582735172264,0.09838510770947281,0.060534860545624035,99.91097814625644,0.060534860545624035,0.0,0.2,0.6,True,0.0,4,144.47082033770613
2025-06-20 17:00:00,28.387827686776248,94.62945038139134,0.20763247171408306,0.08463136415959627,0.046389301798150415,99.84275858478857,0.10692416234377444,0.0,0.0,0.6,True,0.0,4,144.47082033770613
2025-06-20 18:00:00,27.168424083632303,97.23010666945974,0.09973613609077485,0.034135111696889396,0.004163994639614844,99.83663506325972,0.11108815698338928,0.0,0.0,0.6,True,0.0,4,144.47082033770613
2025-06-20 19:00:00,26.855669586909855,97.92032472505414,0.0735219669572906,0.017219211483306462,0.0,99.83663506325972,0.11108815698338928,0.0,0.0,0.6,True,0.0,4,144.47082033770613
2025-06-20 20:00:00,26.85306232498806,97.95151467263001,0.07240823194156944,0.015659698583144376,0.0,99.98369388678914,0.011088156983389275,0.0,0.1,0.6,True,0.0,4,144.47082033770613
2025-06-20 21:00:00,26.991486374982003,98.7836909241959,0.0433439010154448,0.00914713035648111,0.0,100.0,0.0,0.0,0.1,0.6,True,0.0,4,144.55973218072273
2025-06-20 22:00:00,26.894159584894254,98.76247876946975,0.04384861268895851,0.0098071267202374,0.0,100.0,0.0,0.0,0.0,0.6,True,0.0,4,144.55973218072273
2025-06-20 23:00:00,26.732792234773413,98.24470051172511,0.06160800688356479,0.013694408694749586,0.0007178038351911061,99.99894440612472,0.0007178038351911061,0.0,0.2,0.6,True,0.0,4,144.75973218072272
2025-06-21 00:00:00,26.04208706968818,98.20467530061634,0.06049906547496772,0.015395631644293618,0.0012021931135989931,99.99823206895059,0.0012021931135989931,0.0,5.2,0.6,True,0.0,4,149.95901437688752
2025-06-21 01:00:00,26.101229437757333,97.39136275420191,0.08821386959805871,0.018590940196104844,0.0006572200982643115,99.9990334998555,0.0006572200982643115,0.0,3.8,0.6,True,0.0,4,153.75781218377392
2025-06-21 02:00:00,26.002822110629108,98.71414487404401,0.04323045760518136,0.01009784127222415,0.0,100.0,0.0,0.0,0.4,0.6,True,0.0,4,154.15715496367565
2025-06-21 03:00:00,26.033439299348426,98.3179854635952,0.05665176652426558,0.012005326814804025,0.0,100.0,0.0,0.0,0.0,0.6,True,0.0,4,154.15715496367565
2025-06-21 04:00:00,25.903181738546067,98.72109379235269,0.04274423314810577,0.009804974823185333,0.0,100.0,0.0,0.0,0.1,0.6,True,0.0,4,154.25715496367565
2025-06-21 05:00:00,26.209001589279293,97.37439772712248,0.08935434476000925,0.02775748228597932,0.004541040860742891,99.9933219987342,0.004541040860742891,0.0,0.0,0.6,True,0.0,4,154.25715496367565
2025-06-21 06:00:00,27.51196747767653,95.29471599977454,0.1728645521563292,0.06367175076074544,0.037190364777675754,99.93863028582585,0.041731405638418644,0.0,0.0,0.6,True,0.0,4,154.25715496367565
2025-06-21 07:00:00,28.608937570579574,92.39046183960035,0.29799236139030294,0.12453920961667883,0.07764729742473764,99.82444308373066,0.11937870306315629,0.0,0.0,0.6,True,0.0,4,154.25715496367565
2025-06-21 08:00:00,30.570060569082347,89.06608972188657,0.47931969589172085,0.22663102602799204,0.15716357890542434,99.76887708984496,0.15716357890542434,0.0,0.2,0.6,False,0.0,4,154.3377762606125
2025-06-21 09:00:00,31.24083844318552,86.53475617692861,0.6132824981380581,0.2914798191007231,0.19355625479417518,99.71535844883209,0.19355625479417518,0.0,0.4,0.6,False,0.0,4,154.58061268170707
2025-06-21 10:00:00,32.31812568448072,85.89448186658868,0.6828371331003935,0.32482016509872624,0.22022831214199204,99.5385521074468,0.3137845669361672,0.0,0.1,0.6,False,0.0,4,154.58061268170707
2025-06-21 11:00:00,31.992126387768927,82.18815518346779,0.8465364709224515,0.38526365505192306,0.24660077721689636,99.63735179821045,0.24660077721689636,0.0,0.5,1.0,False,0.0,4,154.7668281147709
2025-06-21 12:00:00,31.901101198764746,85.68053101912143,0.6770627174288641,0.30009483715763674,0.18930357253545768,99.50602301507007,0.33590434975235406,0.0,0.1,0.6,False,0.0,4,154.7668281147709
2025-06-21 13:00:00,31.876347479475076,85.70625203112334,0.6749010605834402,0.2941273977048449,0.18525776357959864,99.67476159804124,0.2211621133319527,0.0,0.3,0.6,False,0.0,4,154.7668281147709
2025-06-21 14:00:00,30.75785625232824,88.58746099361014,0.5056929641109001,0.2162988154409924,0.12695632097147047,99.81329952798313,0.12695632097147047,0.0,0.9,0.6,False,0.0,4,155.44566600143895
2025-06-21 15:00:00,31.599559584681327,86.97446929358223,0.6054571015202544,0.24192192706794102,0.14510451175308112,99.74696936364037,0.17206083272455158,0.0,0.1,0.6,False,0.0,4,155.44566600143895
2025-06-21 16:00:00,30.548850431032513,88.32011715996751,0.5114016354543094,0.19677727755615226,0.10276062851341558,99.84888142865674,0.10276062851341558,0.0,0.3,0.6,False,0.0,4,155.5736051687144
2025-06-21 17:00:00,29.297628576821623,91.19016402535193,0.3590089171483137,0.125646458274235,0.0538142738527345,99.92086136198127,0.0538142738527345,0.0,0.8,0.6,True,0.0,4,156.27084454020098
2025-06-21 18:00:00,27.43189767581332,97.96041640839856,0.0745811012276261,0.029767115008741903,0.0057589938564524676,99.99153089138757,0.0057589938564524676,0.0,4.3,0.6,True,0.0,4,160.51703026634826
2025-06-21 19:00:00,26.533830131816416,98.27324231814704,0.0599009768310644,0.01617386707727387,0.00028723217418475354,99.99957759974384,0.00028723217418475354,0.0,5.4,0.6,True,0.0,4,165.9112712724918
2025-06-21 20:00:00,26.172701691918004,99.08746704024111,0.03098879758351702,0.008169224255412607,0.0004600702597520814,99.99932342608861,0.0004600702597520814,0.0,3.4,0.6,True,0.0,4,169.3109840403176
2025-06-21 21:00:00,26.172466755961292,99.0857423135979,0.031046937130902764,0.006706360160278174,0.000517169285034147,99.99923945693378,0.000517169285034147,0.0,2.2,0.6,True,0.0,4,171.51052397005785
2025-06-21 22:00:00,26.232069249007363,98.31196084374899,0.05752550912750991,0.011971482746064518,0.0,100.0,0.0,0.0,5.9,0.6,True,0.0,4,177.4100068007728
2025-06-21 23:00:00,26.00863770673659,98.6335447292136,0.045956030426509094,0.010777481308005776,0.0010563010137262113,99.99844661615629,0.0010563010137262113,0.0,0.3,0.6,True,0.0,4,177.71000680077282
2025-06-22 00:00:00,25.80752005395483,98.66620934648874,0.04432695549051082,0.01025983841727239,0.00035941611076148477,99.99947144689594,0.00035941611076148477,0.0,0.4,0.6,True,0.0,4,178.1089504997591
2025-06-22 01:00:00,25.438750007833132,99.53735328616135,0.015043025923002626,0.004726920177113683,0.0,100.0,0.0,0.0,2.7,0.6,True,0.0,4,180.80859108364834
2025-06-22 02:00:00,25.343155745722065,98.26302173275461,0.056158376539846844,0.012051550691808174,0.0,100.0,0.0,0.0,2.8,0.6,True,0.0,4,183.60859108364835
2025-06-22 03:00:00,25.273481426620414,99.12233883316776,0.02825848502847288,0.00660195226272753,0.0,100.0,0.0,0.0,1.7,0.6,True,0.0,4,185.30859108364834
2025-06-22 04:00:00,25.40890846725375,98.67291683421982,0.04307391864259334,0.008715519335966492,6.0769593174333695e-05,99.99991063295121,6.0769593174333695e-05,0.0,0.6,0.6,True,0.0,4,185.90859108364833
2025-06-22 05:00:00,25.489346385331313,97.88455417684874,0.06899091150876561,0.02050268207857905,0.00583748065993253,99.99141546961775,0.00583748065993253,0.0,0.3,0.6,True,0.0,4,186.20853031405517
2025-06-22 06:00:00,27.875318235504402,94.62153972063794,0.20183079730050688,0.08940753909838148,0.06399010966731906,99.90589689754806,0.06399010966731906,0.0,0.4,0.6,True,0.0,4,186.60269283339522
2025-06-22 07:00:00,29.201952618120817,91.61074593424205,0.3399883395277555,0.15435892466457668,0.10414106347035458,99.84685137724948,0.10414106347035458,0.0,0.7,0.6,True,0.0,4,187.2387027237279
2025-06-22 08:00:00,32.06141177592906,85.77108681468756,0.6789042569967046,0.3145359006884728,0.2213931162055278,99.66833208871194,0.22553417967588235,0.0,0.1,0.6,False,0.0,4,187.2387027237279
2025-06-22 09:00:00,33.089212549901,81.15859071687245,0.9525036642487777,0.44441443597505037,0.30261410441023906,99.517428993991,0.3281482840861214,0.0,0.2,1.0,False,0.0,4,187.2387027237279
2025-06-22 10:00:00,33.921796156379045,78.89666457440272,1.1176626628555244,0.5089170473412897,0.3377751879432042,99.46187724701569,0.3659234720293256,0.0,0.3,1.0,False,0.0,4,187.2387027237279
2025-06-22 11:00:00,31.94064877472217,80.94765025461369,0.9028625951674636,0.3763650005832382,0.21907210275729844,99.58088886060791,0.2849955747866241,0.0,0.3,1.0,False,0.0,4,187.2387027237279
2025-06-22 12:00:00,32.78919584491999,84.86297995003875,0.7524573267433216,0.3589696980862582,0.23880090203048535,99.64882220289635,0.23880090203048535,0.0,3.8,0.6,False,0.0,4,190.75370714894126
2025-06-22 13:00:00,34.32644627039684,78.52884126377722,1.1630303249666674,0.5263936054215553,0.3550805517238385,99.27370374447894,0.49388145375432385,0.0,0.1,1.0,False,0.0,4,190.75370714894126
2025-06-22 14:00:00,31.395013652993637,80.38569430578218,0.901202161056782,0.3613273512577945,0.19859790879682934,99.70794425176936,0.19859790879682934,0.0,0.6,1.0,False,0.0,4,190.85982569518694
2025-06-22 15:00:00,30.919849057186156,87.78093336815512,0.5464528903099152,0.22533116795569588,0.12947895286305366,99.66459285050017,0.228076861659883,0.0,0.1,0.6,False,0.0,4,190.85982569518694
2025-06-22 16:00:00,30.885812108865004,87.70919713778409,0.5485961811058754,0.2133583438789062,0.1207769972528143,99.48697961924603,0.34885385891269727,0.0,0.0,0.6,False,0.0,4,190.85982569518694
2025-06-22 17:00:00,29.924277761061372,90.40946934718204,0.4051683764933603,0.14173173781651707,0.06537621406926662,99.3908381279677,0.4142300729819639,0.0,0.0,0.6,True,0.0,4,190.85982569518694
2025-06-22 18:00:00,28.184772920423974,94.7920948038365,0.19898301067200141,0.058756410179318985,0.007168060737280827,99.38029686217759,0.4213981337192447,0.0,0.0,0.6,True,0.0,4,190.85982569518694
2025-06-22 19:00:00,27.69347932310164,97.24213715406377,0.10239917626927858,0.024712699096830534,0.0,99.38029686217759,0.4213981337192447,0.0,0.0,0.6,True,0.0,4,190.85982569518694
2025-06-22 20:00:00,27.564024985589132,97.70195960942607,0.08468348927490044,0.018901181933322585,0.0,99.38029686217759,0.4213981337192447,0.0,0.0,0.6,True,0.0,4,190.85982569518694
2025-06-22 21:00:00,27.16260572543812,97.77314205675357,0.08015561452416345,0.01874409225482767,9.454621707052342e-05,99.82133429421131,0.12149267993631527,0.0,0.3,0.6,True,0.0,4,190.85982569518694
2025-06-22 22:00:00,26.44666160528144,96.71315356442913,0.11343638419140592,0.026572467110272918,0.005422835817202981,99.99202524144529,0.005422835817202981,0.0,1.7,0.6,True,0.0,4,192.43833301525063
2025-06-22 23:00:00,26.106755766269636,98.65227386774544,0.045589685476850404,0.011629469738293579,0.0,100.0,0.0,0.0,0.5,0.6,True,0.0,4,192.93291017943343
2025-06-23 00:00:00,25.77795004538141,99.03857753275355,0.03189584852701823,0.008072807118385537,0.0,100.0,0.0,0.0,0.1,0.6,True,0.0,4,193.03291017943343
2025-06-23 01:00:00,25.40948524763815,98.67973087641118,0.04285421896463936,0.010370850739769103,0.0,100.0,0.0,0.0,0.6,0.6,True,0.0,4,193.63291017943342
2025-06-23 02:00:00,25.300066042458937,99.99979835422081,6.502754244999463e-06,0.00084823134474395,0.0,100.0,0.0,0.0,3.6,0.6,True,0.017522249621494332,4,197.23291017943342
2025-06-23 03:00:00,25.100245777847228,99.99922872698185,2.457848413194611e-05,0.0006345269467502919,0.0,100.0,0.0,0.0,11.4,0.6,True,0.0,4,208.63291017943342
2025-06-23 04:00:00,25.13871669497954,99.53967581733986,0.014702968967523253,0.002909479885748539,0.0,100.0,0.0,0.0,0.6,0.6,True,0.0,4,209.23291017943342
2025-06-23 05:00:00,25.146079150422512,98.34254350743412,0.05296312951514678,0.016774229530741733,0.004917337763186603,99.99276862093649,0.004917337763186603,0.0,8.2,0.6,True,0.0,4,217.4329101794334
2025-06-23 06:00:00,27.604024555613915,93.0465719933459,0.2568352939300406,0.0928727808614171,0.057459462542017475,99.91550079037938,0.057459462542017475,0.0,0.1,0.6,True,0.0,4,217.52799284167023
2025-06-23 07:00:00,29.438942109350933,90.27448556536046,0.3995644452842453,0.18445413154025553,0.12585543120078843,99.73041927390763,0.1833148937428059,0.0,0.0,0.6,True,0.0,4,217.52799284167023
2025-06-23 08:00:00,30.796820276372227,86.29134634539739,0.6087856680637433,0.2834268418790635,0.18822468113935334,99.72319899832448,0.18822468113935334,0.0,0.2,0.6,False,0.0,4,217.54467794792743
2025-06-23 09:00:00,31.66445633076159,85.20399442959535,0.690286633375013,0.3287726750056617,0.219682827130934,99.54719484077899,0.30790750827028734,0.0,0.1,0.6,False,0.0,4,217.54467794792743
2025-06-23 10:00:00,32.46591136334577,84.38028017442947,0.7624610754508183,0.36449221430900286,0.24496405625509216,99.48107122863915,0.3528715645253795,0.0,0.2,0.6,False,0.0,4,217.54467794792743
2025-06-23 11:00:00,32.153807845988446,81.28704671098977,0.8975215104780282,0.3988459110054607,0.25048173510456123,99.55389220642655,0.30335329962994073,0.0,0.3,1.0,False,0.0,4,217.54467794792743
2025-06-23 12:00:00,33.8362519497904,78.44027044894447,1.1364034843464175,0.5107156546826024,0.3368843633386756,99.35259167210498,0.44023766296861633,0.0,0.2,1.0,False,0.0,4,217.54467794792743
2025-06-23 13:00:00,34.19957575070173,78.19444711774813,1.172845317623083,0.5026095074023073,0.3192491162569955,99.17722532466821,0.5594867792256117,0.0,0.2,1.0,False,0.0,4,217.54467794792743
2025-06-23 14:00:00,30.05250422867126,86.85611704351244,0.5593852437097246,0.24877106763594134,0.13535361610309912,99.80095056455427,0.13535361610309912,0.0,7.8,1.0,False,0.0,4,224.7851911687018
2025-06-23 15:00:00,28.450492073714464,92.75223202627369,0.28122921241751386,0.12377666537545465,0.06564857067489581,99.90345798430162,0.06564857067489581,0.0,3.5,0.6,True,0.0,4,228.1498375525987
2025-06-23 16:00:00,28.477893133702448,93.0388742672497,0.27053664722334697,0.12070744454541839,0.07447313494198818,99.89048068390885,0.07447313494198818,0.0,0.1,0.6,True,0.0,4,228.18418898192382
2025-06-23 17:00:00,27.99143755339666,93.4445698473835,0.24766718423721984,0.09747039024540906,0.05036353857554588,99.81641665659187,0.12483667351753405,0.0,0.0,0.6,True,0.0,4,228.18418898192382
2025-06-23 18:00:00,26.956004532687853,95.82291960776826,0.14854316243201537,0.04389612137661802,0.0038967902851548644,99.99426942605125,0.0038967902851548644,0.0,0.3,0.6,True,0.0,4,228.3593523084063
2025-06-23 19:00:00,26.52615945249572,96.97028126141004,0.10505305435772311,0.024579737397632306,0.0007813222597384609,99.99885099667686,0.0007813222597384609,0.0,0.1,0.6,True,0.0,4,228.45545551812114
2025-06-23 20:00:00,26.78251149686413,97.53282123715366,0.08684716925990255,0.01803558549307218,0.0,99.99885099667686,0.0007813222597384609,0.0,0.0,0.6,True,0.0,4,228.45545551812114
2025-06-23 21:00:00,26.232459909263685,96.94857898701713,0.10398964578240764,0.02417819799547751,0.0009171100943369814,99.9986513086848,0.0009171100943369814,0.0,2.7,0.6,True,0.0,4,231.1546741958614
2025-06-23 22:00:00,26.350082043279333,96.6587765102882,0.11465856658250584,0.024260666140945016,0.0,100.0,0.0,0.0,0.1,0.6,True,0.0,4,231.25375708576706
2025-06-23 23:00:00,26.07208018523192,97.79547113506786,0.07442024963935263,0.01739400653152058,0.0,100.0,0.0,0.0,0.2,0.6,True,0.0,4,231.45375708576705
2025-06-24 00:00:00,26.005863776523675,98.66858930555519,0.044770084971568626,0.01017443674421774,0.0004440503775534944,99.99934698473889,0.0004440503775534944,0.0,0.1,0.6,True,0.0,4,231.55375708576705
2025-06-24 01:00:00,25.709217697129905,98.65251378536048,0.044522160694922985,0.010601288848284669,0.0005407652380548431,99.99920475700286,0.0005407652380548431,0.0,1.4,0.6,True,0.0,4,232.9533130353895
2025-06-24 02:00:00,25.38335387291431,97.73830070647539,0.0732979838270518,0.016625339413770288,0.0014609016300056055,99.99785161524999,0.0014609016300056055,0.0,0.8,0.6,True,0.0,4,233.75277227015144
2025-06-24 03:00:00,25.47463867923743,97.84134426350559,0.07033869137456567,0.014917917070039796,0.0,100.0,0.0,0.0,0.6,0.6,True,0.0,4,234.35131136852144
2025-06-24 04:00:00,25.38320511097206,97.73391672844909,0.07343941254604872,0.016132366895510463,0.0015643641306044452,99.99769946451381,0.0015643641306044452,0.0,0.7,0.6,True,0.0,4,235.05131136852143
2025-06-24 05:00:00,25.579907242791208,97.59937262247188,0.0787132633780899,0.020502685525163707,0.0036520736237463597,99.99462930349449,0.0036520736237463597,0.0,0.4,0.6,True,0.0,4,235.44974700439082
2025-06-24 06:00:00,26.337646167940115,95.645343336251,0.14932635714262668,0.0584427773362321,0.03407832473896954,99.94988481656034,0.03407832473896954,0.0,0.2,0.6,True,0.0,4,235.64609493076708
2025-06-24 07:00:00,26.74933533031162,95.08297593245682,0.1727470314888808,0.07157979153475726,0.04139406351165941,99.93912637718874,0.04139406351165941,0.0,0.1,0.6,True,0.0,4,235.7120166060281
2025-06-24 08:00:00,28.919485568815055,91.19397537795784,0.351103014143411,0.16706622379876193,0.11948605498717557,99.82428521325414,0.11948605498717557,0.0,0.4,0.6,True,0.0,4,236.07062254251645
2025-06-24 09:00:00,30.69822204597235,87.1876856923002,0.5657893677611637,0.262423201577685,0.17999646719585774,99.73529931294726,0.17999646719585774,0.0,0.2,0.6,False,0.0,5,236.15113648752927
2025-06-24 10:00:00,31.12327953481431,87.59521788355084,0.5612195716421888,0.2769908356017036,0.188835079456696,99.72230135374015,0.188835079456696,0.0,0.3,0.6,False,0.0,5,236.2711400203334
2025-06-24 11:00:00,31.304536309918067,85.57416765812243,0.6594151959986919,0.30477599855309384,0.19663009035947246,99.71083810241254,0.19663009035947246,0.0,0.3,0.6,False,0.0,5,236.3823049408767
2025-06-24 12:00:00,33.90748084285851,81.71479319879049,0.9676385022677088,0.45421323083461634,0.3118040312441445,99.39936158587703,0.408434121603617,0.0,0.1,0.6,False,0.0,5,236.3823049408767
2025-06-24 13:00:00,32.75735071484055,80.68385697430925,0.9584839440386784,0.4406138919245238,0.28504574985652786,99.12723548314685,0.5934798714601448,0.0,0.1,1.0,False,0.0,5,236.3823049408767
2025-06-24 14:00:00,33.24948504371516,80.48570380219064,0.9954181604530382,0.4405226815778089,0.27092516664405025,98.87587494396442,0.7644050381041951,0.0,0.1,1.0,False,0.0,5,236.3823049408767
2025-06-24 15:00:00,31.889095771277848,82.85387346254495,0.8101643897781663,0.33288892831911254,0.17874423864984326,98.76007459300877,0.8431492767540384,0.0,0.1,1.0,False,0.0,5,236.3823049408767
2025-06-24 16:00:00,30.598886028145174,85.35912812595967,0.6428825329200231,0.2378333036742117,0.11298692448494438,99.83384275811038,0.11298692448494438,0.0,2.0,0.6,False,0.0,5,237.53915566412266
2025-06-24 17:00:00,28.742973813025984,91.40342631474553,0.339269181822536,0.12589932319116084,0.05813537304851618,99.91450680434042,0.05813537304851618,0.0,3.0,0.6,True,0.0,5,240.42616873963772
2025-06-24 18:00:00,27.810299842829934,95.6198952916976,0.16374493790871208,0.04636171463410197,0.011508737439584835,99.89758219045868,0.06964411048810101,0.0,0.0,0.6,True,0.0,5,240.42616873963772
2025-06-24 19:00:00,27.649348632946953,96.36522640557936,0.13461159015354995,0.029906152086106905,0.003909986390978978,99.89183221047195,0.07355409687907999,0.0,0.0,0.6,True,0.0,5,240.42616873963772
2025-06-24 20:00:00,27.422896228875526,96.83166141766316,0.11579512117007817,0.025970642620080545,0.0026038974878418754,99.99617073898847,0.0026038974878418754,0.0,0.1,0.6,True,0.0,5,240.45261464275865
2025-06-24 21:00:00,27.0686346362724,97.7070382157518,0.08208164814166402,0.01925118528196337,0.0035089372731542377,99.99483979812771,0.0035089372731542377,0.0,2.1,0.6,True,0.0,5,242.5500107452708
2025-06-24 22:00:00,26.443174287156733,98.1434992239767,0.06405881030250357,0.01609204632092147,0.0025970337650055865,99.99618083269853,0.0025970337650055865,0.0,0.3,0.6,True,0.0,5,242.84650180799767
2025-06-24 23:00:00,26.183663807708214,97.62742917206018,0.08062252564297347,0.018103601542497023,0.003985436311209862,99.99413906424822,0.003985436311209862,0.0,0.1,0.6,True,0.0,5,242.94390477423266
2025-06-25 00:00:00,26.107945238030535,98.6321059290986,0.04627515966694035,0.010574755537282767,0.00032397066866500344,99.99952357254608,0.00032397066866500344,0.0,0.1,0.6,True,0.0,5,243.03991933792145
2025-06-25 01:00:00,25.87774764174138,99.03570152182758,0.032180797963943165,0.00782277650217526,0.0006974927436458134,99.998974275377,0.0006974927436458134,0.0,0.1,0.6,True,0.0,5,243.13959536725278
2025-06-25 02:00:00,25.53933274456389,99.52592037295919,0.015507054143410932,0.004594958589415601,0.0,100.0,0.0,0.0,0.1,0.6,True,0.0,5,243.23889787450915
2025-06-25 03:00:00,25.18403511260285,98.9910721202941,0.032312627118027654,0.00789369631904806,0.0017595964022687643,99.99741235823197,0.0017595964022687643,0.0,2.4,0.6,True,0.0,5,245.63889787450915
2025-06-25 04:00:00,25.07812265713491,99.06808199771375,0.029658743332214722,0.00677047214602015,0.00038521977157147697,99.99943350033593,0.00038521977157147697,0.0,2.1,0.6,True,0.0,5,247.7371382781069
2025-06-25 05:00:00,25.288015415939537,99.41032673671684,0.01900240646245017,0.005919856499930068,0.0013477218351953012,99.99801805612472,0.0013477218351953012,0.0,3.5,0.6,True,0.015643555998992933,5,251.23675305833532
2025-06-25 06:00:00,27.315476800026424,91.59241797891208,0.30535180627380565,0.11406349927241441,0.07267609074075092,99.8911414520942,0.07402381257594622,0.0,0.0,0.6,True,0.0,5,251.23675305833532
2025-06-25 07:00:00,26.64590571019881,93.8518750313021,0.2146889223418781,0.0738104148974787,0.037919199731722655,99.83537792307696,0.11194301230766887,0.0,0.0,0.6,True,0.0,5,251.23675305833532
2025-06-25 08:00:00,29.627881343775453,86.83068138210857,0.546966262288799,0.2456181037524647,0.15508107167186616,99.6073175235595,0.26702408397953503,0.0,0.0,0.6,False,0.0,5,251.23675305833532
2025-06-25 09:00:00,31.1547221654905,83.25250784795048,0.7590494303916003,0.34716644409069414,0.2240451167783096,99.27783941065023,0.49106920075784466,0.0,0.0,0.6,False,0.0,5,251.23675305833532
2025-06-25 10:00:00,32.089114239007586,80.4571180596399,0.9339097119189897,0.42326125786522206,0.2527151507633129,98.90619948305712,0.7437843515211575,0.0,0.0,0.6,False,0.0,5,251.23675305833532
2025-06-25 11:00:00,33.949100858362016,73.01762706308853,1.4312000798943683,0.6408132009318841,0.3957039728367006,98.32428187594434,1.1394883243578582,0.0,0.0,1.0,False,0.0,5,251.23675305833532
2025-06-25 12:00:00,34.28416829395442,72.79525098417018,1.4701452722567856,0.6515376181621868,0.39982195712310237,97.73630840958683,1.5393102814809605,0.0,0.0,1.0,False,0.0,5,251.23675305833532
2025-06-25 13:00:00,34.161274085201654,72.17017771977407,1.493685363814093,0.6360776212480129,0.3771520137050042,97.18167309531476,1.9164622951859647,0.0,0.0,1.0,False,0.0,5,251.23675305833532
2025-06-25 14:00:00,33.595486120100695,72.27244563098199,1.4420045567144786,0.5728177656559619,0.32591127334785075,97.14356828156792,1.9423735685338155,0.0,0.3,1.0,False,0.0,5,251.23675305833532
2025-06-25 15:00:00,32.7136213288578,73.71752630105908,1.3009581320014216,0.47888241471824583,0.2508188718876854,97.06883464643897,1.993192440421501,0.0,0.2,1.0,False,0.0,5,251.23675305833532
2025-06-25 16:00:00,31.91839435669486,76.98155237478187,1.089438461202124,0.3667825670795339,0.16331746467897587,96.828661904264,2.1565099051004766,0.0,0.0,1.0,False,0.0,5,251.23675305833532
2025-06-25 17:00:00,30.366062874736688,86.08311380744958,0.6030148114540089,0.19810292905343124,0.07355189417190698,96.7204973540112,2.2300617992723835,0.0,0.0,0.6,False,0.0,5,251.23675305833532
2025-06-25 18:00:00,28.21431008718711,93.01959841682353,0.267164730495954,0.07773537740619521,0.0016787421837528148,96.71802861550567,2.231740541456136,0.0,0.0,0.6,True,0.0,5,251.23675305833532
2025-06-25 19:00:00,27.567385112083333,96.06410894747738,0.14506725789771754,0.03474765428891692,0.0,96.71802861550567,2.231740541456136,0.0,0.0,0.6,True,0.0,5,251.23675305833532
2025-06-25 20:00:00,27.159789793558293,97.8103865163253,0.07880199896262312,0.019055725768037924,0.0,96.71802861550567,2.231740541456136,0.0,0.0,0.6,True,0.0,5,251.23675305833532
2025-06-25 21:00:00,26.406707842849478,98.63543408826828,0.046983468142529336,0.012981257503305808,0.0006021486753015668,99.21714310274788,0.5323426901314379,0.0,1.7,0.6,True,0.0,5,251.23675305833532
2025-06-25 22:00:00,26.69820756162421,98.7088044530825,0.04522669725955419,0.008784470734332316,0.0,99.65831957333612,0.23234269013143788,0.0,0.3,0.6,True,0.0,5,251.23675305833532
2025-06-25 23:00:00,26.429375423763723,98.3418861884404,0.057166945311316594,0.013164755145943206,0.0,99.65831957333612,0.23234269013143788,0.0,0.0,0.6,True,0.0,5,251.23675305833532
2025-06-26 00:00:00,26.434266623931773,99.5650597569454,0.014999797714896788,0.003667620472232993,0.0,99.65831957333612,0.23234269013143788,0.0,0.0,0.6,True,0.010425884703528163,5,251.23675305833532
2025-06-26 01:00:00,26.49772410247605,100.0,0.0,0.00026999635886818375,0.0,99.65831957333612,0.23234269013143788,0.0,0.0,0.6,True,0.08226229229744315,5,251.23675305833532
2025-06-26 02:00:00,26.235366108722708,99.56346956954137,0.014879110455251858,0.003961573279345609,0.0,100.0,0.0,0.0,0.5,0.6,True,0.0,5,251.50441036820388
2025-06-26 03:00:00,26.035209897837344,99.57092311000507,0.014453208917346607,0.0038030559487468073,0.0,100.0,0.0,0.0,0.0,0.6,True,0.0,5,251.50441036820388
2025-06-26 04:00:00,25.86927657834419,99.15576442401833,0.028159911915840864,0.006513165451583424,0.0,100.0,0.0,0.0,0.0,0.6,True,0.0,5,251.50441036820388
2025-06-26 05:00:00,26.373984403654948,98.58451220793683,0.0486428559922348,0.021201509358554516,0.0035040765009278414,99.99484694632217,0.0035040765009278414,0.0,0.0,0.6,True,0.0,5,251.50441036820388
2025-06-26 06:00:00,29.09757863495953,93.33671876628425,0.26841836539279934,0.1097237246563203,0.06051575038461169,99.90585319575655,0.06401982688553953,0.0,0.0,0.6,True,0.0,5,251.50441036820388
2025-06-26 07:00:00,31.040657171711096,89.14107136506438,0.4889777202013393,0.22482036303982,0.14837665461615132,99.7817990373292,0.14837665461615132,0.0,0.2,0.6,False,0.0,5,251.64039054131834
2025-06-26 08:00:00,31.734606407991826,87.1454429105071,0.6020984839199075,0.2932916901623209,0.20004915339795581,99.70581006853241,0.20004915339795581,0.0,0.3,0.6,False,0.0,5,251.7920138867022
2025-06-26 09:00:00,32.78209315370052,84.89982100214735,0.750326502029018,0.35443641992147024,0.22414672457346102,99.52324135592438,0.3241958779714168,0.0,0.1,0.6,False,0.0,5,251.7920138867022
2025-06-26 10:00:00,34.84070753095787,78.57510383337758,1.1940880008313421,0.5547543414442581,0.3875790208211126,99.10033103118747,0.6117748987925294,0.0,0.1,1.0,False,0.0,5,251.7920138867022
2025-06-26 11:00:00,35.81129176629434,76.62563722541098,1.3743566231918227,0.6218722323982875,0.4028256237497971,98.507940408026,1.0146005225423265,0.0,0.0,1.0,False,0.0,5,251.7920138867022
2025-06-26 12:00:00,35.70156865757406,75.46456443307666,1.4339507573847075,0.627518002111725,0.3898939018022934,97.93456702302262,1.4044944243446198,0.0,0.0,1.0,False,0.0,5,251.7920138867022
2025-06-26 13:00:00,34.69428368933425,77.37009463387427,1.251064252180348,0.5564029664644697,0.34463569256964793,97.57480865159667,1.6491301169142676,0.0,0.1,1.0,False,0.0,5,251.7920138867022
2025-06-26 14:00:00,32.450153536471376,80.89315186473122,0.9318544434627106,0.42893931403701,0.26335439600581173,99.61271412352086,0.26335439600581173,0.0,2.4,1.0,False,0.0,5,252.54288376978792
2025-06-26 15:00:00,31.51357398394833,83.25143505351102,0.7747264205769254,0.30235456285796686,0.156625815734297,99.7696679180378,0.156625815734297,0.0,0.3,1.0,False,0.0,5,252.57952937378212
2025-06-26 16:00:00,31.52232571231911,86.88902014928192,0.6067663212167328,0.23025254889425728,0.1137274736388029,99.60242163327486,0.2703532893730999,0.0,0.0,0.6,False,0.0,5,252.57952937378212
2025-06-26 17:00:00,30.257117491476052,88.33105426786116,0.5024698332518407,0.17201858430443887,0.07109347514886817,99.8954507718399,0.07109347514886817,0.0,0.4,0.6,False,0.0,5,252.70917608440902
2025-06-26 18:00:00,28.506949008220182,94.85075923693368,0.200457285169611,0.06158771974207467,0.006879260124462595,99.88533421283333,0.07797273527333076,0.0,0.0,0.6,True,0.0,5,252.70917608440902
2025-06-26 19:00:00,27.88756973105763,95.6150147222784,0.16466742424327943,0.038107545003248554,0.0,99.88533421283333,0.07797273527333076,0.0,0.0,0.6,True,0.0,5,252.70917608440902
2025-06-26 20:00:00,27.761473957843005,96.08483457180593,0.14594756196286074,0.03214493215613076,0.0,99.88533421283333,0.07797273527333076,0.0,0.0,0.6,True,0.0,5,252.70917608440902
2025-06-26 21:00:00,27.734465016462476,96.53386939647774,0.1290052461225183,0.028116903372561047,0.0,99.88533421283333,0.07797273527333076,0.0,0.0,0.6,True,0.0,5,252.70917608440902
2025-06-26 22:00:00,27.710782499829527,96.92938010352573,0.11412699725507723,0.024872251302463948,0.0,99.88533421283333,0.07797273527333076,0.0,0.0,0.6,True,0.0,5,252.70917608440902
2025-06-26 23:00:00,27.44284550167084,96.49401629080442,0.12828479758538097,0.028520958356898617,0.0,99.88533421283333,0.07797273527333076,0.0,0.0,0.6,True,0.0,5,252.70917608440902
2025-06-27 00:00:00,27.216866254784865,96.94942358361288,0.11015490928518856,0.024751972147362432,0.0,99.88533421283333,0.07797273527333076,0.0,0.0,0.6,True,0.0,5,252.70917608440902
2025-06-27 01:00:00,27.085314432877723,97.4433954460917,0.09160887389180661,0.020420574874235327,0.0,99.88533421283333,0.07797273527333076,0.0,0.0,0.6,True,0.0,5,252.70917608440902
2025-06-27 02:00:00,26.888833133155153,97.43165946171874,0.09097456388972136,0.02034040138701532,0.0,99.88533421283333,0.07797273527333076,0.0,0.0,0.6,True,0.0,5,252.70917608440902
2025-06-27 03:00:00,26.629562848315498,98.30662460925964,0.05907485334020634,0.013955980387123909,0.0,99.88533421283333,0.07797273527333076,0.0,0.0,0.6,True,0.0,5,252.70917608440902
2025-06-27 04:00:00,26.29919142404672,98.75394126292494,0.042632049315884095,0.010499602104180933,0.0,100.0,0.0,0.0,0.1,0.6,True,0.0,5,252.73120334913568
2025-06-27 05:00:00,26.905246805832725,97.72403503285115,0.0806959012454828,0.026836627284135786,0.004956290198820913,99.99271133794291,0.004956290198820913,0.0,0.0,0.6,True,0.0,5,252.73120334913568
2025-06-27 06:00:00,28.947039124953303,92.92584114263158,0.2825018818304104,0.11319235080369627,0.0649805345402613,99.89715172832489,0.06993682473908222,0.0,0.0,0.6,True,0.0,5,252.73120334913568
2025-06-27 07:00:00,31.425320492646197,86.69378567697194,0.6124220858797544,0.26061849131908416,0.16808950855926133,99.64996127456126,0.23802633329834355,0.0,0.0,0.6,False,0.0,5,252.73120334913568
2025-06-27 08:00:00,32.71237429804308,84.36361514185477,0.7739323319144968,0.3496686167586466,0.22792749242485022,99.31477378570118,0.46595382572319377,0.0,0.0,0.6,False,0.0,5,252.73120334913568
2025-06-27 09:00:00,33.546928261556424,79.05645016742066,1.0862441790434316,0.49241559090049697,0.317209490885806,98.9953480638103,0.6831633166089999,0.0,0.1,1.0,False,0.0,5,252.73120334913568
2025-06-27 10:00:00,34.3511978641766,77.4268112555151,1.224406131682729,0.5448502047529128,0.3440635615007231,98.48937223807394,1.027226878109723,0.0,0.0,1.0,False,0.0,5,252.73120334913568
2025-06-27 11:00:00,35.3426690547663,76.42781669252453,1.3506980640275794,0.5935334488769731,0.3754397048345011,97.93725502508202,1.402666582944224,0.0,0.0,1.0,False,0.0,5,252.73120334913568
2025-06-27 12:00:00,34.072430042859345,77.6658319377586,1.1928119497051437,0.48814012748034363,0.2765252784324731,97.67765902738721,1.5791918613766969,0.0,0.1,1.0,False,0.0,5,252.73120334913568
2025-06-27 13:00:00,32.82162096275306,80.97096642060237,0.9476527890828642,0.37997904818033856,0.21087632350473962,97.51460561046848,1.6900681848814365,0.0,0.1,1.0,False,0.0,5,252.73120334913568
2025-06-27 14:00:00,32.695968726354664,82.01909764406219,0.8891552581506663,0.38748741687707633,0.23453852611284354,97.31675483677311,1.82460671099428,0.0,0.1,1.0,False,0.0,5,252.73120334913568
2025-06-27 15:00:00,32.857881997427334,82.32205279208108,0.8821627645450423,0.37954346264795635,0.23492368007069697,97.11833766019856,1.9595303910649768,0.0,0.1,1.0,False,0.0,5,252.73120334913568
2025-06-27 16:00:00,31.35264059804509,81.93141964383618,0.828187294961456,0.2969058841870591,0.14797896742472338,98.07719211986809,1.3075093584897002,0.0,0.8,1.0,False,0.0,5,252.73120334913568
2025-06-27 17:00:00,30.41628729134906,88.73043625207757,0.48971166909346425,0.17001479879593773,0.07903555933353168,97.9609633561423,1.3865449178232319,0.0,0.0,0.6,False,0.0,5,252.73120334913568
2025-06-27 18:00:00,29.0808341896435,90.6656429762669,0.37565444116774915,0.09616251982409171,0.02803720347129865,97.91973217456686,1.4145821212945304,0.0,0.0,0.6,True,0.0,5,252.73120334913568
2025-06-27 19:00:00,28.265677411992282,91.88839600023135,0.31138812278551387,0.07078790571327982,0.010331143024534592,97.90453931717784,1.424913264319065,0.0,0.0,0.6,True,0.0,5,252.73120334913568
2025-06-27 20:00:00,28.02390783012982,94.84693259522088,0.19505367120418943,0.04406410615322871,0.003435608514067649,97.89948695171599,1.4283488728331326,0.0,0.0,0.6,True,0.0,5,252.73120334913568
2025-06-27 21:00:00,27.538015265575766,96.54006767678294,0.12730596320448934,0.029843356482959056,0.002232679961208217,99.99671664711587,0.002232679961208217,0.0,1.7,0.6,True,0.0,5,253.00285447630256
2025-06-27 22:00:00,27.329221071853915,96.7231124909775,0.11910781268108027,0.026546471859488947,0.0,100.0,0.0,0.0,0.8,0.6,True,0.0,5,253.80062179634135
2025-06-27 23:00:00,27.082418654709215,97.49123185262773,0.08987952717686441,0.020553705035024745,0.0,100.0,0.0,0.0,4.8,0.6,True,0.0,5,258.60062179634133
2025-06-28 00:00:00,26.796137750594102,98.74595588568116,0.044178971301808485,0.010966371203752016,0.0,100.0,0.0,0.0,3.0,0.6,True,0.0,5,261.60062179634133
2025-06-28 01:00:00,26.69704765872323,98.73689801358634,0.044239646878742406,0.00989852127625027,0.0,100.0,0.0,0.0,0.2,0.6,True,0.0,5,261.8006217963413
2025-06-28 02:00:00,26.5021245024297,98.68224056912916,0.04562762493161446,0.01050640415966902,0.0,100.0,0.0,0.0,0.2,0.6,True,0.0,5,262.0006217963413
2025-06-28 03:00:00,26.303457178738526,98.68080512471856,0.045145650376435906,0.01042892918272469,0.0,100.0,0.0,0.0,0.1,0.6,True,0.0,5,262.10062179634133
2025-06-28 04:00:00,26.202170862584566,98.70663000363673,0.04399815107782612,0.009858481598764766,0.0,100.0,0.0,0.0,0.0,0.6,True,0.0,5,262.10062179634133
2025-06-28 05:00:00,26.674580425395032,95.85388323920004,0.14502436045994646,0.04213308129011712,0.0010655448794738432,99.99843302223607,0.0010655448794738432,0.0,0.0,0.6,True,0.0,5,262.10062179634133
2025-06-28 06:00:00,28.862166999619003,92.66822992331372,0.29135586249649276,0.11784617842631981,0.07582458337648357,99.88692628197653,0.07689012825595741,0.0,0.0,0.6,True,0.0,5,262.10062179634133
2025-06-28 07:00:00,31.152035206782212,88.61319473727015,0.5160072581959364,0.2284365208911036,0.15393506447488006,99.66055118716054,0.23082519273083746,0.0,0.0,0.6,False,0.0,5,262.10062179634133
2025-06-28 08:00:00,33.00269455979826,83.77201212312457,0.8164151587088428,0.3667835142217016,0.24095753528371197,99.45326069409624,0.3717827280145494,0.0,0.1,0.6,False,0.0,5,262.10062179634133
2025-06-28 09:00:00,32.75442115561116,78.8470477020824,1.0494552532314985,0.4516098282754754,0.2677530605797017,99.05950619324375,0.6395357885942512,0.0,0.0,1.0,False,0.0,5,262.10062179634133
2025-06-28 10:00:00,34.873428872893946,76.22849758886196,1.3272737322999282,0.5857983478808781,0.37126464755357413,98.51352877037084,1.0108004361478253,0.0,0.0,1.0,False,0.0,5,262.10062179634133
2025-06-28 11:00:00,35.35830421067565,76.24906649530621,1.362114103116315,0.608767421079029,0.3844870397113308,98.09516547667772,1.2952874758591562,0.0,0.1,1.0,False,0.0,5,262.10062179634133
2025-06-28 12:00:00,34.75662696277786,77.96670758879567,1.2222942527160658,0.575388605609417,0.37897843664448855,99.44267876964045,0.37897843664448855,0.0,4.2,1.0,False,0.0,5,265.0053343204822
2025-06-28 13:00:00,34.068913214039625,79.40095311066679,1.099928186610401,0.49756173602010806,0.3162535805812739,99.53492120502754,0.3162535805812739,0.0,0.9,1.0,False,0.0,5,265.5263558838377
2025-06-28 14:00:00,33.29440587219873,80.72139981632286,0.9858713574388717,0.41936534810809456,0.25658629171118863,99.45170607015814,0.3728398722924625,0.0,0.2,1.0,False,0.0,5,265.5263558838377
2025-06-28 15:00:00,31.194806635694572,83.31303107643518,0.7580319730212587,0.3059356709192357,0.1685194979967997,99.75217720882824,0.1685194979967997,0.0,2.1,1.0,False,0.0,5,267.25351601154523
2025-06-28 16:00:00,31.107011999415917,86.45664986674201,0.6121641703546394,0.23239141634651642,0.12944556635827364,99.56181608183078,0.2979650643550733,0.0,0.0,0.6,False,0.0,5,267.25351601154523
2025-06-28 17:00:00,30.053203778100702,88.61682844536448,0.4844712643828944,0.167858258669899,0.078637568530838,99.44617259869719,0.37660263288591134,0.0,0.0,0.6,False,0.0,5,267.25351601154523
2025-06-28 18:00:00,28.561169973499847,93.74621417554332,0.2442233812109095,0.06921376435340049,0.006701625306762403,99.43631726736372,0.3833042581926737,0.0,0.0,0.6,True,0.0,5,267.25351601154523
2025-06-28 19:00:00,28.112512973823353,94.9816786490497,0.19093528491844855,0.04335987973242022,0.0008793115749187037,99.43502416210647,0.38418356976759244,0.0,0.0,0.6,True,0.0,5,267.25351601154523
2025-06-28 20:00:00,27.878012583185352,95.73990240828094,0.1598884948196077,0.03566250303062696,0.0014904173408991036,99.43283237189928,0.38567398710849154,0.0,0.0,0.6,True,0.0,5,267.25351601154523
2025-06-28 21:00:00,27.660926026233923,99.16172949700355,0.03106581821381515,0.008724110163910595,0.0,99.43283237189928,0.38567398710849154,0.0,0.0,0.6,True,0.013296346069431586,5,267.25351601154523
2025-06-28 22:00:00,27.500313670879848,99.99914142856623,3.152105513608072e-05,0.0008640692835958963,0.0,99.43283237189928,0.38567398710849154,0.0,0.0,0.6,True,0.0,5,267.25351601154523
2025-06-28 23:00:00,27.500000598263554,99.99999833385228,6.116878701835239e-08,1.4117338737167346e-06,0.0,99.43283237189928,0.38567398710849154,0.0,0.0,0.6,True,0.0,5,267.25351601154523
2025-06-29 00:00:00,27.40020145990275,99.99943347548823,2.067763859231527e-05,0.0003556377441060363,0.0,99.43283237189928,0.38567398710849154,0.0,0.0,0.6,True,0.0,5,267.25351601154523
2025-06-29 01:00:00,26.96678104152305,99.12840036097302,0.03101498154006073,0.007910266879166851,0.0,99.43283237189928,0.38567398710849154,0.0,0.0,0.6,True,0.0,5,267.25351601154523
2025-06-29 02:00:00,26.337545488120153,99.53252872631295,0.016030050901806002,0.0056808190509097245,0.0,100.0,0.0,0.0,2.0,0.6,True,0.0,5,268.86784202443675
2025-06-29 03:00:00,25.979038028760744,97.71498724357782,0.0767142027251645,0.017182340608637235,0.002266505653980384,99.99666690345002,0.002266505653980384,0.0,0.6,0.6,True,0.0,5,269.4678420244368
2025-06-29 04:00:00,25.879278329649733,97.7193006935832,0.07611893287075219,0.01677740137912275,0.002131300307177573,99.99353263829242,0.0043978059611579565,0.0,0.0,0.6,True,0.0,5,269.4678420244368
2025-06-29 05:00:00,26.205602569288896,97.20250389570555,0.0951851284294364,0.029622668695552776,0.011088417107459678,99.97722614254614,0.015486223068617634,0.0,0.0,0.6,True,0.0,5,269.4678420244368
2025-06-29 06:00:00,28.983459002323023,92.87740961787817,0.28503539683456014,0.11269857981183137,0.07080429182869936,99.8958760414284,0.07080429182869936,0.0,0.1,0.6,True,0.0,5,269.55235580136815
2025-06-29 07:00:00,30.849795631015596,88.60702043448165,0.5074794572227762,0.22630097459176782,0.13941074291051875,99.79498420160218,0.13941074291051875,0.0,0.1,0.6,False,0.0,5,269.58155150953945
2025-06-29 08:00:00,32.79727511229835,85.06413370812201,0.7427950841511254,0.345837358930017,0.2216956467096464,99.67397699013287,0.2216956467096464,0.0,0.3,0.6,False,0.0,5,269.74214076662895
2025-06-29 09:00:00,33.63345795296202,79.05718412653306,1.0914678679170815,0.49054822630474304,0.3062221284636408,99.54967334049465,0.3062221284636408,0.0,0.3,1.0,False,0.0,5,269.8204451199193
2025-06-29 10:00:00,34.85100248882233,77.92853226119317,1.2308247493489093,0.5522180096850162,0.3569089189531104,99.4659837537989,0.3631310474167512,0.0,0.3,1.0,False,0.0,5,269.8204451199193
2025-06-29 11:00:00,34.997720068887034,79.10952158758631,1.1744570025142769,0.5534945252613959,0.3754806753184255,99.35498276068357,0.4386117227351767,0.0,0.3,1.0,False,0.0,5,269.8204451199193
2025-06-29 12:00:00,33.237641230617875,80.36812133586668,1.0007521434700823,0.4524989382796908,0.27790777822826446,99.59131209084079,0.27790777822826446,0.0,3.4,1.0,False,0.0,5,272.78183339718413
2025-06-29 13:00:00,34.02536890289315,77.51345988787625,1.1978081469135307,0.4928339447853696,0.2960520815630398,99.56462929181906,0.2960520815630398,0.0,2.2,1.0,False,0.0,5,274.70392561895585
2025-06-29 14:00:00,33.263470763539914,80.74645328524805,0.9828867049042948,0.42453570021860604,0.25383446602559046,99.48546095942848,0.34988654758863025,0.0,0.2,1.0,False,0.0,5,274.70392561895585
2025-06-29 15:00:00,32.22401736321258,82.35149997517705,0.8498278640604346,0.35278395226830767,0.20006783153529537,99.70578260068339,0.20006783153529537,0.0,0.5,1.0,False,0.0,5,274.8540390713672
2025-06-29 16:00:00,30.847870434790003,85.51906452966782,0.6449560376831629,0.2365436995303952,0.11168949025571466,99.83575074962395,0.11168949025571466,0.0,0.5,1.0,False,0.0,5,275.1539712398319
2025-06-29 17:00:00,29.786547913552344,91.18251087659362,0.3695755645980524,0.12946693631348466,0.0560063471704727,99.75338847437325,0.16769583742618738,0.0,0.0,0.6,True,0.0,5,275.1539712398319
2025-06-29 18:00:00,28.8730983037774,95.13838346216289,0.19331708911241505,0.055143710731192015,0.005742910991330251,99.74494301703307,0.17343874841751764,0.0,0.0,0.6,True,0.0,5,275.1539712398319
2025-06-29 19:00:00,28.529035514489642,96.32858281051406,0.14310958189438722,0.03263336074383911,0.0,99.74494301703307,0.17343874841751764,0.0,0.0,0.6,True,0.0,5,275.1539712398319
2025-06-29 20:00:00,28.309403775636657,96.75041960963841,0.1250621556444011,0.027982069230046345,0.0,99.74494301703307,0.17343874841751764,0.0,0.0,0.6,True,0.0,5,275.1539712398319
2025-06-29 21:00:00,28.162029823942635,97.57870381763408,0.09239032355091659,0.02079058508298552,0.0,99.74494301703307,0.17343874841751764,0.0,0.0,0.6,True,0.0,5,275.1539712398319
2025-06-29 22:00:00,27.913119503318196,98.3875195677171,0.06064298529629744,0.014289769731688825,0.0,99.74494301703307,0.17343874841751764,0.0,0.0,0.6,True,0.0,5,275.1539712398319
2025-06-29 23:00:00,27.78611961678837,98.7973659254607,0.04489567595034662,0.010299593290539486,0.0,99.74494301703307,0.17343874841751764,0.0,0.0,0.6,True,0.0,5,275.1539712398319
2025-06-30 00:00:00,27.00110679091303,99.99675494010921,0.00011570493673717424,0.00314633876803996,0.0,100.0,0.0,0.0,5.0,0.6,True,0.0,5,279.98053249141435
2025-06-30 01:00:00,26.40099416311477,99.99706627011119,0.00010097745997457143,0.0020490153564674926,0.0,100.0,0.0,0.0,3.2,0.6,True,0.0,5,283.18053249141434
2025-06-30 02:00:00,26.235233338292034,99.56288192386316,0.014899023591248672,0.0036384924472034285,0.0,100.0,0.0,0.0,0.3,0.6,True,0.0,5,283.48053249141435
2025-06-30 03:00:00,25.60117833782411,99.99649900033609,0.0001149378377886777,0.002257377605210631,0.0,100.0,0.0,0.0,5.9,0.6,True,0.0,5,289.38053249141433
2025-06-30 04:00:00,25.30994040030993,98.6812390536928,0.04255289664594508,0.009744609653527598,0.0,100.0,0.0,0.0,6.5,0.6,True,0.0,5,295.88053249141433
2025-06-30 05:00:00,25.436768699967626,97.00208508540005,0.09746617916353775,0.025076012433960838,0.006304165608337963,99.99072916822304,0.006304165608337963,0.0,2.6,0.6,True,0.0,5,298.48053249141435
2025-06-30 06:00:00,27.035514760797543,95.71037603265401,0.15325863400760031,0.0668060266599461,0.04541905077502906,99.93320727827202,0.04541905077502906,0.0,0.3,0.6,True,0.0,5,298.774228325806
2025-06-30 07:00:00,29.70534917190321,90.79547421039925,0.38400175701124856,0.17862821796231051,0.12808923362135738,99.7448407582406,0.17350828439638644,0.0,0.0,0.6,True,0.0,5,298.774228325806
2025-06-30 08:00:00,31.965649582598992,85.59638164746818,0.6835314360500333,0.30722840529416534,0.2092580415802984,99.43710834415194,0.3827663259766848,0.0,0.0,0.6,False,0.0,5,298.774228325806
2025-06-30 09:00:00,34.486975917877416,81.01436336626234,1.0376021928611572,0.46651770977323265,0.3173694741204001,98.97038852926899,0.700135800097085,0.0,0.0,0.6,False,0.0,5,298.774228325806
2025-06-30 10:00:00,34.339406730580365,78.09964591854518,1.1871328478860323,0.540261832230646,0.35453708019415625,98.59606929368935,0.9546728802912412,0.0,0.1,1.0,False,0.0,5,298.774228325806
2025-06-30 11:00:00,34.96953724153733,77.76555129303519,1.2480688003018374,0.5455181898200451,0.35460801489426047,98.51576338943309,1.0092808951855017,0.0,0.3,1.0,False,0.0,5,298.774228325806
2025-06-30 12:00:00,35.61646904423908,77.10327420548036,1.3319287409592802,0.5984651598243956,0.3989279739026228,99.41334121484908,0.3989279739026228,0.0,2.0,1.0,False,0.0,5,299.7649474306205
2025-06-30 13:00:00,32.27835725554848,82.83266079687581,0.8291961079275129,0.4621287134609328,0.3094423698702292,99.54493769136731,0.3094423698702292,0.0,10.9,1.0,False,0.0,5,310.2660194567179
2025-06-30 14:00:00,32.36825184850895,82.98090110203663,0.8262123685566514,0.3752933576717841,0.24398450025242627,99.33319577923139,0.4534268701226555,0.0,0.1,1.0,False,0.0,5,310.2660194567179
2025-06-30 15:00:00,31.645105616002894,84.1916078173392,0.7367099970028456,0.3003169136569606,0.17461110105499042,99.07641474826818,0.6280379711776459,0.0,0.0,1.0,False,0.0,5,310.2660194567179
2025-06-30 16:00:00,32.02406543668164,86.49754358808421,0.6428850709017571,0.26269307696936006,0.15955131134643566,98.84178046687634,0.7875892825240816,0.0,0.0,0.6,False,0.0,5,310.2660194567179
2025-06-30 17:00:00,30.09956264921742,88.22705125569543,0.502393650449917,0.1679152373442892,0.07351108572122178,98.73367592905102,0.8611003682453033,0.0,0.0,1.0,False,0.0,5,310.2660194567179
2025-06-30 18:00:00,28.69897808582085,95.06690584219916,0.19419226262491768,0.059071138339885775,0.00934568968789902,98.71993226774529,0.8704460579332024,0.0,0.0,0.6,True,0.0,5,310.2660194567179
2025-06-30 19:00:00,28.24467329192483,96.1893157072844,0.1461060361189011,0.033646275015035594,0.002344915491736579,98.71648386261039,0.8727909734249389,0.0,0.0,0.6,True,0.0,5,310.2660194567179
2025-06-30 20:00:00,27.305606405217155,97.15704393391168,0.10319261840385434,0.025860821780471655,0.006127108491440344,99.99098954633612,0.006127108491440344,0.0,7.8,0.6,True,0.0,5,317.19322848329296
2025-06-30 21:00:00,26.830068235019738,98.27824283717912,0.060777162108751386,0.015173009483967135,0.00046277369940919536,99.99931945044204,0.00046277369940919536,0.0,6.9,0.6,True,0.0,5,324.08710137480153
2025-06-30 22:00:00,27.093737480125398,98.73712734747649,0.04527391065804325,0.009002617746576288,0.0,100.0,0.0,0.0,0.6,0.6,True,0.0,5,324.6866386011021
2025-06-30 23:00:00,27.023386677052947,98.3450538670699,0.05908546376680673,0.012881153320208848,0.0,100.0,0.0,0.0,0.2,0.6,True,0.0,5,324.8866386011021
2025-07-01 00:00:00,26.868327354816994,99.10600655120999,0.031628512521798435,0.00761822683791081,0.0006368852596616374,99.99906340402991,0.0006368852596616374,0.0,0.0,0.6,True,0.0,5,324.8866386011021
2025-07-01 01:00:00,26.206520062928757,98.65543226133124,0.045751550239759756,0.011976907589066835,0.0010984497155762743,99.9983846327712,0.0010984497155762743,0.0,0.6,0.6,True,0.0,5,325.48600171584246
2025-07-01 02:00:00,26.29998689574835,98.72401322745195,0.043658040840266164,0.009130950172204793,0.0,100.0,0.0,0.0,0.2,0.6,True,0.0,5,325.68490326612687
2025-07-01 03:00:00,26.234913773290717,99.56379627266479,0.014867577957357618,0.003704218680402082,0.0,100.0,0.0,0.0,0.4,0.6,True,0.0,5,326.08490326612684
2025-07-01 04:00:00,25.938867684622032,98.25793783727866,0.05834708846487253,0.013188271442478644,0.00031217940131115477,99.99954091264513,0.00031217940131115477,0.0,0.8,0.6,True,0.0,5,326.88490326612686
2025-07-01 05:00:00,26.227660739859317,98.10187991800987,0.06466788500697628,0.016749595415000932,0.004156540175242309,99.99388744091875,0.004156540175242309,0.0,0.2,0.6,True,0.0,5,327.08459108672554
2025-07-01 06:00:00,28.45564205964016,95.81181559502944,0.16255926581118108,0.06518613496891545,0.06809588151109343,99.89374643869657,0.07225242168633574,0.0,0.0,0.6,True,0.0884049782982576,5,327.08459108672554
2025-07-01 07:00:00,29.22428531830966,92.56538191316123,0.3016886281805703,0.12603924190788804,0.11891183253891646,99.825129658031,0.11891183253891646,0.0,0.6,0.6,True,0.0,5,327.6123386650392
2025-07-01 08:00:00,29.568046806419513,89.79008121585004,0.4225951807889527,0.17451853536445974,0.16051653090920823,99.76394627807468,0.16051653090920823,0.0,1.5,0.6,False,0.0,5,328.9934268325003
2025-07-01 09:00:00,31.707813921761492,85.99279373670358,0.655093134520438,0.296698556031491,0.2985361607562211,99.56097623418204,0.2985361607562211,0.0,0.2,0.6,False,0.0,5,329.0329103015911
2025-07-01 10:00:00,32.88145559160432,83.9148453464264,0.80374252031816,0.3697390437198566,0.3690401457838611,99.31238778449988,0.46757630654008214,0.0,0.2,0.6,False,0.0,5,329.0329103015911
2025-07-01 11:00:00,33.17860037306915,79.71568453743433,1.0305972616875625,0.46667407745569917,0.4565708357074001,98.78801890845959,0.8241471422474822,0.0,0.1,1.0,False,0.0,5,329.0329103015911
2025-07-01 12:00:00,34.01376869644146,79.13785978535087,1.1105625395911907,0.4951843128655559,0.484611616944649,98.07535476589393,1.3087587591921312,0.0,0.0,1.0,False,0.0,5,329.0329103015911
2025-07-01 13:00:00,34.30069663599418,78.76509923013647,1.1485887972302757,0.504968904132956,0.48739106136901583,97.35860320505714,1.796149820561147,0.0,0.0,1.0,False,0.0,5,329.0329103015911
2025-07-01 14:00:00,34.14035932566813,80.19653902229786,1.0616579368700247,0.4637253815611812,0.4429431035813075,96.85427511155521,2.1390929241424543,0.0,0.1,1.0,False,0.0,5,329.0329103015911
2025-07-01 15:00:00,30.49286849671468,86.01099752461248,0.6105500529119038,0.2826139743543498,0.24642544425027,99.63760964080842,0.24642544425027,0.0,5.5,1.0,False,0.0,5,332.3938173774486
2025-07-01 16:00:00,29.50532703305407,91.82236093229797,0.33725810962672065,0.1626074952212834,0.1500864661530491,99.77928460859846,0.1500864661530491,0.0,0.3,0.6,True,0.0,5,332.44739193319833
2025-07-01 17:00:00,28.816891870436265,93.04421903836234,0.2756913589880075,0.10926142287957755,0.08577190914346315,99.65314944809336,0.23585837529651227,0.0,0.0,0.6,True,0.0,5,332.44739193319833
2025-07-01 18:00:00,28.20277195751452,96.27655749820343,0.1424137950697071,0.04183779873863492,0.012292392034439844,99.63507240098389,0.24815076733095212,0.0,0.0,0.6,True,0.0,5,332.44739193319833
2025-07-01 19:00:00,27.98999850100358,97.16838409910015,0.10697079478467769,0.02420142102199131,0.0,99.63507240098389,0.24815076733095212,0.0,0.0,0.6,True,0.0,5,332.44739193319833
2025-07-01 20:00:00,27.796511410748078,97.11534551761392,0.10775266111879048,0.023964676735472198,0.0,99.63507240098389,0.24815076733095212,0.0,0.0,0.6,True,0.0,5,332.44739193319833
2025-07-01 21:00:00,27.793336623165978,97.15858691177853,0.1061177843695426,0.022947857255793756,0.0,99.63507240098389,0.24815076733095212,0.0,0.0,0.6,True,0.0,5,332.44739193319833
2025-07-01 22:00:00,27.54850671265055,97.90967263010945,0.07695939852758377,0.017763541682366886,0.0003898126995521389,99.63449914701397,0.24854058003050425,0.0,0.0,0.6,True,0.0,5,332.44739193319833
2025-07-01 23:00:00,27.449924351133937,97.90132533477818,0.07682280718223135,0.016944640747018066,0.00035682631477521894,99.63397440243341,0.24889740634527946,0.0,0.0,0.6,True,0.0,5,332.44739193319833
2025-07-02 00:00:00,26.965484456093296,97.76327057162987,0.07958567298186828,0.01883001206900637,0.003592101879868696,99.99471749723548,0.003592101879868696,0.0,6.8,0.6,True,0.0,5,338.99849452685305
2025-07-02 01:00:00,26.501396859436866,98.69880392077415,0.045052185771351616,0.011646026041909266,0.00019123349309307618,99.99971877427485,0.00019123349309307618,0.0,3.2,0.6,True,0.0,5,342.1949024249732
2025-07-02 02:00:00,26.336610804124998,99.53944301247475,0.015792082863127953,0.004235841143917569,0.0,100.0,0.0,0.0,4.1,0.6,True,0.0,5,346.2947111914801
2025-07-02 03:00:00,26.101824051605593,98.72857373063967,0.04299615466129753,0.009829399107984452,0.0,100.0,0.0,0.0,7.3,0.6,True,0.0,5,353.5947111914801
2025-07-02 04:00:00,25.872601963914743,99.10378529859163,0.02989958510927026,0.007344875738104863,6.742621163167172e-05,99.99990084380642,6.742621163167172e-05,0.0,1.0,0.6,True,0.0,5,354.5947111914801
2025-07-02 05:00:00,25.627115918715752,98.97352257596039,0.03375112095520254,0.010345146018291597,0.002681621268720531,99.9960564393107,0.002681621268720531,0.0,8.5,0.6,True,0.0,5,363.0946437652685
2025-07-02 06:00:00,26.54434368776417,97.63777566783224,0.08199596035750858,0.027527357205575288,0.020846642083520307,99.96934317340659,0.020846642083520307,0.0,0.9,0.6,True,0.0,5,363.99196214399973
2025-07-02 07:00:00,27.506267393103517,95.22457069075202,0.17538314376803035,0.08110460687917825,0.08073492260732094,99.88127217263629,0.08073492260732094,0.0,0.6,0.6,True,0.0,5,364.5711155019162
2025-07-02 08:00:00,28.408768603355355,93.39035207119083,0.25584846582174464,0.12430861852570925,0.12560862367368456,99.815281435774,0.12560862367368456,0.0,0.5,0.6,True,0.0,5,364.99038057930886
2025-07-02 09:00:00,30.621116933916312,89.1075621584242,0.4788958051404326,0.23028407696974496,0.24159154416122422,99.64471831740997,0.24159154416122422,0.0,0.3,0.6,False,0.0,5,365.16477195563516
2025-07-02 10:00:00,33.90820859474882,82.08881821254657,0.9478838320044815,0.43446795431132773,0.45088098675429306,99.27577568983013,0.49247253091551724,0.0,0.2,0.6,False,0.0,5,365.16477195563516
2025-07-02 11:00:00,32.90365262881073,79.76883065718474,1.0121708950849149,0.4739084205641991,0.4576202123070273,98.74986361290802,0.8500927432225446,0.0,0.1,1.0,False,0.0,5,365.16477195563516
2025-07-02 12:00:00,34.06313235225821,79.3755212023237,1.100931931674358,0.5208698956491424,0.5237786021288314,98.12665978624797,1.2738713453513761,0.0,0.1,1.0,False,0.0,5,365.16477195563516
2025-07-02 13:00:00,34.87707708716915,78.15558114810449,1.2199218636591649,0.5454644629157783,0.5435578731464977,97.47436879632666,1.7174292184978737,0.0,0.1,1.0,False,0.0,5,365.16477195563516
2025-07-02 14:00:00,33.74510415363896,81.35442372868596,0.9778170501091838,0.45108524639232794,0.44094029291570414,97.41416248321532,1.7583695114135778,0.0,0.4,1.0,False,0.0,5,365.16477195563516
2025-07-02 15:00:00,29.320944603383428,89.70323477221156,0.42016709992597573,0.20887802509016345,0.17656746880946594,99.74034195763313,0.17656746880946594,0.0,14.0,1.0,False,0.0,5,377.40640244422156
2025-07-02 16:00:00,28.641711845088572,93.9648385217311,0.23678849759924853,0.11985599235375778,0.1138850965775004,99.83252191679779,0.1138850965775004,0.0,10.6,0.6,True,0.0,5,387.8298349754121
2025-07-02 17:00:00,27.67032757441298,96.98118642345136,0.1119368922713316,0.05019930734281936,0.03493502055289752,99.94862496977515,0.03493502055289752,0.0,0.2,0.6,True,0.0,5,387.9159498788346
2025-07-02 18:00:00,28.370527117615435,95.01494993102132,0.19253506280846497,0.04595181679727053,0.013664792240013829,99.92852968706924,0.04859981279291135,0.0,0.0,0.6,True,0.0,5,387.9159498788346
2025-07-02 19:00:00,27.87533732373244,97.44571792573234,0.09585147687612662,0.02336190357611147,0.0023315868390674905,99.92510088289414,0.05093139963197884,0.0,0.0,0.6,True,0.0,5,387.9159498788346
2025-07-02 20:00:00,27.82085547210613,98.28098606626112,0.06430282905262633,0.01437293052727032,0.0017735733990214297,99.92249268671912,0.05270497303100027,0.0,0.0,0.6,True,0.0,5,387.9159498788346
2025-07-02 21:00:00,27.495607831896052,98.68936567382316,0.04810457713003825,0.01167962441208677,0.0013395604987473718,99.99803005809008,0.0013395604987473718,0.0,0.3,0.6,True,0.0,5,388.16324490580365
2025-07-02 22:00:00,26.60491603581817,98.64644524951147,0.04715149203988964,0.013218309718712013,0.0016700402705084976,99.99754405842573,0.0016700402705084976,0.0,10.9,0.6,True,0.0,5,399.0619053453049
2025-07-02 23:00:00,26.667143314177384,99.12909939373097,0.0304493524776089,0.006521548678757389,0.0,100.0,0.0,0.0,2.8,0.6,True,0.0,5,401.8602353050344
2025-07-03 00:00:00,26.50029733237784,99.99915245406815,2.9343251980402832e-05,0.0008638115155993622,0.0,100.0,0.0,0.0,1.7,0.6,True,0.0,5,403.5602353050344
2025-07-03 01:00:00,26.200684756715678,99.99803672707509,6.678120141739319e-05,0.0010296831706806384,0.0,100.0,0.0,0.0,3.5,0.6,True,0.0,5,407.0602353050344
2025-07-03 02:00:00,25.871453986351003,99.12555805341285,0.02917121916853548,0.0071289180868447195,0.0,100.0,0.0,0.0,4.9,0.6,True,0.0,5,411.96023530503436
2025-07-03 03:00:00,25.903341145508524,98.71369145336908,0.04299204318333708,0.009047221118697532,0.0,100.0,0.0,0.0,1.5,0.6,True,0.0,5,413.46023530503436
2025-07-03 04:00:00,25.803223819044927,98.73039368117593,0.04218313468757886,0.00945690186062158,0.0,100.0,0.0,0.0,0.5,0.6,True,0.0,5,413.96023530503436
2025-07-03 05:00:00,25.983223514010994,97.56537011773355,0.08175749255841258,0.021265192403048225,0.006800357083801959,99.98999947487677,0.006800357083801959,0.0,0.5,0.6,True,0.0,5,414.46023530503436
2025-07-03 06:00:00,27.3568476713318,95.18922388711785,0.1751442697667267,0.06275605667057997,0.05527565236239277,99.91871227593766,0.05527565236239277,0.0,0.1,0.6,True,0.0,5,414.55343494795056
2025-07-03 07:00:00,28.932597577922838,91.68424721105278,0.3318069627895404,0.14094397073980008,0.13808579722876915,99.79693265113416,0.13808579722876915,0.0,0.1,0.6,True,0.0,5,414.5981592955882
2025-07-03 08:00:00,31.042759083037332,88.37038058903426,0.5237445875561626,0.24111601193888468,0.2511969048737278,99.6305927869504,0.2511969048737278,0.0,0.2,0.6,False,0.0,5,414.6600734983594
2025-07-03 09:00:00,32.15672901113876,87.03831388144022,0.621778412900393,0.2982051578569907,0.3094583640800979,99.46962460447966,0.3606552689538257,0.0,0.2,0.6,False,0.0,5,414.6600734983594
2025-07-03 10:00:00,32.8398857464663,83.96754490359923,0.7992415214108853,0.3962379090173761,0.4198655282846836,99.2933517687669,0.4805207972385093,0.0,0.3,1.0,False,0.0,5,414.6600734983594
2025-07-03 11:00:00,33.76585359827767,82.59730488932213,0.913694383809638,0.44647445673051056,0.47527591185898604,99.03559307485662,0.6557967090974954,0.0,0.3,1.0,False,0.0,5,414.6600734983594
2025-07-03 12:00:00,33.11645283079949,82.61735162816733,0.8801005507287836,0.41433739033266265,0.4088987045639053,99.39867837564131,0.4088987045639053,0.0,0.8,1.0,False,0.0,5,414.8042767892619
2025-07-03 13:00:00,31.544842434041072,83.05154058951337,0.7853641244648234,0.3468944885512336,0.31440074632615855,99.53764596128507,0.31440074632615855,0.0,7.6,1.0,False,0.0,5,421.995378084698
2025-07-03 14:00:00,32.2795870971885,85.65439972502384,0.6929519351469168,0.32820220389400334,0.32591822845057167,99.52070848757269,0.32591822845057167,0.0,5.1,0.6,False,0.0,5,426.7809773383719
2025-07-03 15:00:00,29.78950797055948,87.53729694723262,0.5224496183413772,0.20210908790563437,0.1521106866936713,99.7381927718467,0.178028915144243,0.0,0.3,1.0,False,0.0,5,426.7809773383719
2025-07-03 16:00:00,29.50948284666114,91.5276608585382,0.34949558952377585,0.1319441373345233,0.10234163533884466,99.58769036693663,0.2803705504830877,0.0,0.0,0.6,True,0.0,5,426.7809773383719
2025-07-03 17:00:00,29.195243518770603,93.15983854526006,0.27710151289273155,0.10141437425035976,0.0715839158272701,99.48241990248476,0.35195446631035776,0.0,0.0,0.6,True,0.0,5,426.7809773383719
2025-07-03 18:00:00,28.01817184244144,96.63578336336302,0.12729965770326193,0.04228325465254265,0.013783109760467522,99.46215062342526,0.3657375760708253,0.0,0.0,0.6,True,0.0,5,426.7809773383719
2025-07-03 19:00:00,27.673572680698367,97.50884588651765,0.09238890276294195,0.021511341135947975,0.0002662303366127114,99.46175910822436,0.366003806407438,0.0,0.0,0.6,True,0.0,5,426.7809773383719
2025-07-03 20:00:00,27.693969150133405,98.68911788222839,0.04867431553501853,0.010846605542599082,0.001567848223490632,99.99769434084781,0.001567848223490632,0.0,2.0,0.6,True,0.0,5,428.41497353196445
2025-07-03 21:00:00,27.134967959730577,99.5450228906776,0.016350370386937527,0.00573877383556351,0.0,100.0,0.0,0.0,1.7,0.6,True,0.0,5,430.11340568374095
2025-07-03 22:00:00,27.033034726456442,99.56890826744475,0.015399699600270635,0.0036884868669971784,0.0,100.0,0.0,0.0,1.6,0.6,True,0.0,5,431.713405683741
2025-07-03 23:00:00,26.833586753187706,99.5692655956187,0.015207850797360837,0.003975309789236428,0.0,100.0,0.0,0.0,0.3,0.6,True,0.0,5,432.013405683741
2025-07-04 00:00:00,26.46861670401878,99.13072510530205,0.030039437207044023,0.007596216359955479,0.0,100.0,0.0,0.0,5.9,0.6,True,0.0,5,437.91340568374096
2025-07-04 01:00:00,26.07316608278095,99.08767450816906,0.03080016233004218,0.00795747152814095,0.0006134495176373338,99.99909786835642,0.0006134495176373338,0.0,1.3,0.6,True,0.0,5,439.213405683741
2025-07-04 02:00:00,25.873867932508,99.08561421456662,0.03050809546069287,0.00724861010361223,0.0005713727954726709,99.99915974588902,0.0005713727954726709,0.0,5.3,0.6,True,0.0,5,444.51279223422335
2025-07-04 03:00:00,25.773497431419912,99.09439298197188,0.030036212409203768,0.006823097418041331,0.00028283146538663037,99.99958407137444,0.00028283146538663037,0.0,5.2,0.6,True,0.0,5,449.7122208614279
2025-07-04 04:00:00,25.707262434645806,98.67601394085051,0.043740627164601316,0.009537119368492372,0.0002123449447683799,99.99968772802241,0.0002123449447683799,0.0,1.0,0.6,True,0.0,5,450.71193802996254
2025-07-04 05:00:00,25.706637155021905,98.12057859658663,0.06208828636610952,0.01591187024698417,0.003172087086722518,99.99533516604893,0.003172087086722518,0.0,0.4,0.6,True,0.0,5,451.11172568501775
2025-07-04 06:00:00,27.639767114811466,94.13811127340908,0.21697001576920943,0.07896229269063888,0.07468710939324279,99.89016601559817,0.07468710939324279,0.0,0.2,0.6,True,0.0,5,451.308553597931
2025-07-04 07:00:00,29.340821131161306,91.6581868227244,0.3407840871284367,0.15490526009017674,0.15766837305481335,99.6583007611058,0.23235548244805615,0.0,0.0,0.6,True,0.0,5,451.308553597931
2025-07-04 08:00:00,30.53944713496071,87.8200195299415,0.5330119320168272,0.24227957315579354,0.23968681557579155,99.45287897349434,0.3720422980238477,0.0,0.1,0.6,False,0.0,5,451.308553597931
2025-07-04 09:00:00,33.06069937366487,84.92932448289797,0.7606621152119211,0.3734843497053963,0.39106400662611274,99.31896131669123,0.46310630464996044,0.0,0.3,0.6,False,0.0,5,451.308553597931
2025-07-04 10:00:00,32.14823601171271,83.66425147407634,0.7832582599833097,0.37561941671943067,0.36659145231851975,99.22103271034047,0.5296977569684802,0.0,0.3,1.0,False,0.0,5,451.308553597931
2025-07-04 11:00:00,31.80788428934227,83.89613818980038,0.7574288830227415,0.32926605374157425,0.3056623316386253,99.21270575204836,0.5353600886071055,0.0,0.3,1.0,False,0.0,5,451.308553597931
2025-07-04 12:00:00,33.0690431219821,84.41664986146341,0.7869063589942334,0.33798662698540394,0.32791150390969437,99.02460059924,0.6632715925167998,0.0,0.2,0.6,False,0.0,5,451.308553597931
2025-07-04 13:00:00,33.519758923808496,79.86448988134026,1.0427508578586324,0.43869041974197565,0.41316648239337483,98.85817930160269,0.7764380749101747,0.0,0.3,1.0,False,0.0,5,451.308553597931
2025-07-04 14:00:00,30.411901263908852,84.47441824108321,0.6744850250214297,0.2840790046904694,0.23764273927124635,99.65052538342464,0.23764273927124635,0.0,5.5,1.0,False,0.0,5,456.0321155230208
2025-07-04 15:00:00,27.737144916364514,93.88159058448524,0.2277555063798267,0.10643426091875463,0.07830844479865377,99.88484052235492,0.07830844479865377,0.0,6.7,0.6,True,0.0,5,462.4944727837496
2025-07-04 16:00:00,28.25864657839126,94.7455494930892,0.2016253663073824,0.08850331518416436,0.08244406174605091,99.8787587327264,0.08244406174605091,0.0,0.1,0.6,True,0.0,5,462.51616433895094
2025-07-04 17:00:00,28.356532581028734,93.83970321053627,0.23773275770929864,0.09651207007491057,0.08319584367729177,99.8776531710628,0.08319584367729177,0.0,0.1,0.6,True,0.0,5,462.5337202772049
2025-07-04 18:00:00,26.3783538841511,98.54264616602019,0.0500944718867379,0.02242087814213012,0.003328350459820613,99.99510536697085,0.003328350459820613,0.0,9.6,0.6,True,0.0,5,472.05052443352764
2025-07-04 19:00:00,26.072163406110068,99.09989557770655,0.030385778218580274,0.007772121864924071,0.00028793524842419675,99.99957656581114,0.00028793524842419675,0.0,2.9,0.6,True,0.0,5,474.9471960830678
2025-07-04 20:00:00,26.233675630862994,99.57520662758836,0.01447760936637087,0.002815761874759739,0.0,100.0,0.0,0.0,4.1,0.6,True,0.019719113679188965,5,479.0469081478194
2025-07-04 21:00:00,25.83799282749889,99.53772600727841,0.01539086644387036,0.0046111513967414895,0.0,100.0,0.0,0.0,11.7,0.6,True,0.0,5,490.7469081478194
2025-07-04 22:00:00,25.43780272523275,99.55494751550775,0.014470133187682357,0.004453914022764622,0.0,100.0,0.0,0.0,9.8,0.6,True,0.0,5,500.5469081478194
2025-07-04 23:00:00,25.43684473637837,99.55831180904738,0.014359932122979646,0.003105958756284977,0.0,100.0,0.0,0.0,3.2,0.6,True,0.0,5,503.7469081478194
2025-07-05 00:00:00,25.635208178249755,99.56995598106236,0.01414685965458189,0.002450182427894395,0.0,100.0,0.0,0.0,0.5,0.6,True,0.011871958745342248,5,504.2469081478194
2025-07-05 01:00:00,25.671280493477266,99.12929616191661,0.028704243942848873,0.00594058324327343,0.0,100.0,0.0,0.0,0.5,0.6,True,0.0,5,504.7469081478194
2025-07-05 02:00:00,25.60624478948102,98.70107261816487,0.04265660506697984,0.009297182323638771,0.0,100.0,0.0,0.0,0.4,0.6,True,0.0,5,505.1469081478194
2025-07-05 03:00:00,25.37404014749848,99.11291921231724,0.028732942145254296,0.007104366093266259,0.0,100.0,0.0,0.0,2.4,0.6,True,0.0,5,507.54690814781935
2025-07-05 04:00:00,25.436448884592753,99.56181554083193,0.014245685866163243,0.0030108847032374085,0.0,100.0,0.0,0.0,3.3,0.6,True,0.0,5,510.84690814781936
2025-07-05 05:00:00,25.572614604370322,98.55691868279493,0.04729618830331999,0.01212218033244963,0.0026426259597599256,99.99611378535329,0.0026426259597599256,0.0,0.9,0.6,True,0.0,5,511.74690814781934
2025-07-05 06:00:00,26.678390390973263,96.25427136410893,0.13104880150067247,0.045624178624167316,0.04010695689716946,99.94101918103357,0.04010695689716946,0.0,0.6,0.6,True,0.0,5,512.3442655218596
2025-07-05 07:00:00,28.333886879266093,93.76597347405921,0.24026188506992618,0.11994993985078031,0.127125435269948,99.81305083048537,0.127125435269948,0.0,0.6,0.6,True,0.0,5,512.9041585649625
2025-07-05 08:00:00,28.490308827657767,92.72568292563133,0.2829121945150239,0.13733846545077474,0.1334614028002865,99.80373323117605,0.1334614028002865,0.0,1.3,0.6,True,0.0,5,514.0770331296925
2025-07-05 09:00:00,30.90721541137465,85.90378976357596,0.6299477029982293,0.28673599573647285,0.2892578260209558,99.57462084408682,0.2892578260209558,0.0,0.2,0.6,False,0.0,6,514.1435717268922
2025-07-05 10:00:00,33.27603858520885,82.36838196303675,0.9007212980382144,0.4222904068375942,0.4304706035366586,99.2356934859447,0.5197284295576143,0.0,0.2,0.6,False,0.0,6,514.1435717268922
2025-07-05 11:00:00,33.43357159791136,78.76485842092393,1.094412180399773,0.5098884401141056,0.5013397771854115,98.93960557831907,0.7210682067430259,0.0,0.3,1.0,False,0.0,6,514.1435717268922
2025-07-05 12:00:00,32.32833921297054,81.43529723362244,0.8992203815785513,0.39268863483826855,0.3603365204677431,99.14499304821945,0.581404727210769,0.0,0.5,1.0,False,0.0,6,514.1435717268922
2025-07-05 13:00:00,28.727153481451882,89.34060072279547,0.42029469481906456,0.18388650996103872,0.1440827716221072,99.78811357114395,0.1440827716221072,0.0,11.7,1.0,False,0.0,6,525.2621669996814
2025-07-05 14:00:00,28.006799884235715,93.94908483608226,0.22881095217372724,0.09040010838642056,0.07004366931516805,99.89699460394829,0.07004366931516805,0.0,2.6,0.6,True,0.0,6,527.7180842280593
2025-07-05 15:00:00,28.41771089027238,94.75114565042762,0.20327989798449028,0.08582780440420615,0.07756082102980533,99.88593996907382,0.07756082102980533,0.0,0.3,0.6,True,0.0,6,527.9480405587441
2025-07-05 16:00:00,28.621681159555695,95.17182553836653,0.18921281476418417,0.08456910781188447,0.07879154016434693,99.88413008799361,0.07879154016434693,0.0,0.2,0.6,True,0.0,6,528.0704797377143
2025-07-05 17:00:00,28.14851255067238,96.03446195656909,0.15119564352597045,0.05802018819105279,0.0420937559335535,99.93809741774477,0.0420937559335535,0.0,0.1,0.6,True,0.0,6,528.09168819755
2025-07-05 18:00:00,26.905129129631046,98.0181273542568,0.0702681705182232,0.023209924778180898,0.006869778121540333,99.98989738511538,0.006869778121540333,0.0,0.5,0.6,True,0.0,6,528.5495944416164
2025-07-05 19:00:00,26.767263431320313,97.76098640873178,0.07874493215825616,0.017399438777863752,0.003425732629970188,99.9949621578971,0.003425732629970188,0.0,0.3,0.6,True,0.0,6,528.8427246634948
2025-07-05 20:00:00,26.703111435964356,98.64927311994136,0.04732554517881749,0.010736213357427834,0.0017798376071059706,99.99738259175426,0.0017798376071059706,0.0,0.1,0.6,True,0.0,6,528.9392989308648
2025-07-05 21:00:00,26.668870249678687,99.1076236870064,0.031203378110435456,0.007008227112666297,0.0004792023928344451,99.99929529059878,0.0004792023928344451,0.0,2.1,0.6,True,0.0,6,531.0375190932576
2025-07-05 22:00:00,26.83513320279693,99.54249172377033,0.01615461778508588,0.0031617175363395835,0.0,100.0,0.0,0.0,0.6,0.6,True,0.019592632497095544,6,531.6370398908648
2025-07-05 23:00:00,26.535726624176803,99.5485272413182,0.01566327415982066,0.004395502165441527,0.0,100.0,0.0,0.0,1.5,0.6,True,0.0,6,533.1370398908648
2025-07-06 00:00:00,26.235448433759334,99.56265110177127,0.014907080290499438,0.004243530235434229,0.0,100.0,0.0,0.0,0.7,0.6,True,0.0,6,533.8370398908648
2025-07-06 01:00:00,26.200029253195524,99.99991702519569,2.822298756396449e-06,0.00029202593348958507,0.0,100.0,0.0,0.0,1.9,0.6,True,0.006839081006588393,6,535.7370398908648
2025-07-06 02:00:00,26.135029924026192,99.5664928905195,0.014688802132718172,0.0032529762548483207,0.0,100.0,0.0,0.0,1.9,0.6,True,0.0,6,537.6370398908648
2025-07-06 03:00:00,25.906207928359066,98.67835867955161,0.04418045556603769,0.0100289537633459,0.0002807973360817442,99.99958706274106,0.0002807973360817442,0.0,0.8,0.6,True,0.0,6,538.4370398908648
2025-07-06 04:00:00,25.810156709913713,98.6269929586697,0.04563738872044251,0.010159411365141386,0.0016050419112816942,99.99763964424811,0.0016050419112816942,0.0,1.0,0.6,True,0.0,6,539.4367590935286
2025-07-06 05:00:00,25.747270825110792,98.50993475178767,0.04934420278724371,0.012353095908868397,0.004141370812179061,99.99390974880562,0.004141370812179061,0.0,3.1,0.6,True,0.0,6,542.5351540516174
2025-07-06 06:00:00,27.086284529537096,95.96303897336838,0.1446615932770778,0.0627355328193858,0.06172618335404665,99.90922620094993,0.06172618335404665,0.0,0.1,0.6,True,0.0,6,542.6310126808052
2025-07-06 07:00:00,28.532648938675823,90.49550057982746,0.3705571803786142,0.17295136489984803,0.16640161584320207,99.664517942357,0.2281277991972487,0.0,0.0,0.6,True,0.0,6,542.6310126808052
2025-07-06 08:00:00,31.139317242468174,83.91736800246777,0.7282775684053207,0.33817341910142434,0.3320114943457227,99.17626574478975,0.5601392935429714,0.0,0.0,0.6,False,0.0,6,542.6310126808052
2025-07-06 09:00:00,33.27563451643765,78.90881533967546,1.0774308685669138,0.491700324047094,0.47825479638367635,98.47294986775493,1.0383940899266477,0.0,0.0,0.6,False,0.0,6,542.6310126808052
2025-07-06 10:00:00,33.21059660753338,73.10969096435477,1.3686825733130363,0.5909169787119364,0.5483384805867522,97.666569749245,1.5867325705133999,0.0,0.0,1.0,False,0.0,6,542.6310126808052
2025-07-06 11:00:00,32.87693137277273,74.88484152427282,1.254634762789679,0.5199331544288396,0.46865816287181167,96.97736656855116,2.0553907333852117,0.0,0.0,1.0,False,0.0,6,542.6310126808052
2025-07-06 12:00:00,33.563796247441665,73.05772655679846,1.3986873042592716,0.563324355857102,0.5109847443420016,96.22591841510703,2.566375477727213,0.0,0.0,1.0,False,0.0,6,542.6310126808052
2025-07-06 13:00:00,33.5673589505528,72.12846480155419,1.4472171836618584,0.5661728634891449,0.5015222802769967,95.48838564999382,3.06789775800421,0.0,0.0,1.0,False,0.0,6,542.6310126808052
2025-07-06 14:00:00,33.04282214771602,73.28931092262138,1.3468177518218458,0.5246737112926472,0.45741361306127515,94.81571857196252,3.5253113710654853,0.0,0.0,1.0,False,0.0,6,542.6310126808052
2025-07-06 15:00:00,32.611428722576306,75.43048085563896,1.2091998090812244,0.4556665652055669,0.38599252243668986,94.24808250955562,3.911303893502175,0.0,0.0,1.0,False,0.0,6,542.6310126808052
2025-07-06 16:00:00,31.090029669668482,80.46750236941088,0.8820231910458368,0.29325129460370014,0.20718105273384663,94.67869860847644,3.6184849462360216,0.0,0.5,1.0,False,0.0,6,542.6310126808052
2025-07-06 17:00:00,29.723894228548573,88.30480985094411,0.48842965939738026,0.15870179810047513,0.11063258108259645,94.51600363629615,3.729117527318618,0.0,0.0,0.6,False,0.0,6,542.6310126808052
2025-07-06 18:00:00,27.898908059685144,89.71071507599312,0.3866443703837097,0.100283868252548,0.04602104419770184,94.44832563012305,3.77513857151632,0.0,0.0,0.6,False,0.0,6,542.6310126808052
2025-07-06 19:00:00,27.30921195988631,92.21009958625382,0.28281474074394586,0.0640580944444259,0.019178642876612,94.42012174353981,3.7943172143929322,0.0,0.0,0.6,True,0.0,6,542.6310126808052
2025-07-06 20:00:00,27.103050877167796,92.54436933143805,0.26742989578797915,0.05859262226962189,0.027959862096326647,94.3790042992805,3.822277076489259,0.0,0.0,0.6,True,0.0,6,542.6310126808052
2025-07-06 21:00:00,26.91772364469126,92.44601157023801,0.2680280998275534,0.05849236966330375,0.02987363175084069,94.33507248788221,3.8521507082401,0.0,0.0,0.6,True,0.0,6,542.6310126808052
2025-07-06 22:00:00,26.758692235016618,93.48735688520883,0.22893088478528933,0.05034121609357076,0.02349527752897376,94.30052060916313,3.8756459857690735,0.0,0.0,0.6,True,0.0,6,542.6310126808052
2025-07-06 23:00:00,26.543962163176275,95.25415549102743,0.16473089908289076,0.03690704440641225,0.013070554878034883,94.28129920493072,3.8887165406471085,0.0,0.0,0.6,True,0.0,6,542.6310126808052
2025-07-07 00:00:00,26.44282925639264,95.2918052761668,0.16245359323758368,0.035448504282125905,0.01184431142030259,94.26388109990087,3.900560852067411,0.0,0.0,0.6,True,0.0,6,542.6310126808052
2025-07-07 01:00:00,26.103891387151435,97.3597545237051,0.08929677534901348,0.02112743454376885,0.0019490232711293779,94.26101488920803,3.90250987533854,0.0,0.0,0.6,True,0.0,6,542.6310126808052
2025-07-07 02:00:00,25.971315067360045,97.81919925918608,0.0731820929466289,0.01640741386914291,0.0008450360844621145,94.25977218908382,3.903354911423002,0.0,0.0,0.6,True,0.0,6,542.6310126808052
2025-07-07 03:00:00,25.905755367490542,97.36444417115273,0.08810025695542155,0.019107935394091027,0.0015604301111637163,94.25747743892035,3.9049153415341658,0.0,0.0,0.6,True,0.0,6,542.6310126808052
2025-07-07 04:00:00,25.805788654351137,97.38355880653934,0.08694541740822347,0.01912694818306591,0.0009076823098279068,94.25614261199414,3.9058230238439937,0.0,0.0,0.6,True,0.0,6,542.6310126808052
2025-07-07 05:00:00,26.237607582499948,95.6824179222781,0.14718396152754573,0.035498818097474794,0.012109796629180786,94.23833408753944,3.9179328204731747,0.0,0.0,0.6,True,0.0,6,542.6310126808052
2025-07-07 06:00:00,27.244551551504895,93.50529921233453,0.23490121145715478,0.0744634718086557,0.060878268378349525,94.14880722227717,3.9788110888515242,0.0,0.0,0.6,True,0.0,6,542.6310126808052
2025-07-07 07:00:00,29.010141595246385,90.20675527393465,0.39251577827903505,0.16040518783207003,0.14802833479474808,93.93111849463783,4.126839423646272,0.0,0.0,0.6,True,0.0,6,542.6310126808052
2025-07-07 08:00:00,32.126854280615845,82.0452474107767,0.8598469686275609,0.3670314746625343,0.35500390919811314,93.40905392228767,4.481843332844385,0.0,0.0,0.6,False,0.0,6,542.6310126808052
2025-07-07 09:00:00,32.1060848272012,76.18873865984794,1.1389767725130135,0.4560772715749832,0.408789553508385,92.8078928141871,4.890632886352771,0.0,0.0,1.0,False,0.0,6,542.6310126808052
2025-07-07 10:00:00,32.336639529918074,76.3948718944886,1.1438990619315237,0.43658842870390285,0.37874756507658774,92.25091110083918,5.269380451429359,0.0,0.0,1.0,False,0.0,6,542.6310126808052
2025-07-07 11:00:00,33.07075144749603,74.22559417308817,1.3016447832832854,0.49735888517666976,0.437133006211621,91.60806844464562,5.7065134576409795,0.0,0.0,1.0,False,0.0,6,542.6310126808052
2025-07-07 12:00:00,32.224625790801554,76.67494662425696,1.1232093753706396,0.41013049208236063,0.33637738227362257,91.113395823655,6.042890839914602,0.0,0.0,1.0,False,0.0,6,542.6310126808052
2025-07-07 13:00:00,31.618277840110824,79.46284924180182,0.9556279720306196,0.32190619311096597,0.24069068301212138,90.75943893687246,6.283581522926723,0.0,0.0,1.0,False,0.0,6,542.6310126808052
2025-07-07 14:00:00,31.70574295019547,82.66504390184392,0.8106312362720587,0.2791345702873493,0.21682067810316802,90.58764382201487,6.400402201029891,0.0,0.1,0.6,False,0.0,6,542.6310126808052
2025-07-07 15:00:00,31.299126242964718,84.21236464112948,0.721442454063548,0.24874697680781052,0.18564715857117542,90.60875094176313,6.386049359601066,0.0,0.2,0.6,False,0.0,6,542.6310126808052
2025-07-07 16:00:00,30.320961595088967,88.59746457745298,0.49279550293103425,0.1702564365231922,0.1209076619018213,90.4309455566134,6.506957021502887,0.0,0.0,0.6,False,0.0,6,542.6310126808052
2025-07-07 17:00:00,29.56242887950711,91.9699301006678,0.33226238532470814,0.1123206225079601,0.07615999374876652,90.61306321286521,6.383117015251654,0.0,0.2,0.6,True,0.0,6,542.6310126808052
2025-07-07 18:00:00,27.44446571182978,95.09660086983659,0.1794335659204873,0.05324517802106748,0.01886188550752448,90.58532514594239,6.401978900759178,0.0,0.0,0.6,True,0.0,6,542.6310126808052
2025-07-07 19:00:00,26.77804979973214,97.6291699403046,0.08343371972382044,0.021146287139635105,0.006895740937521808,91.01636082103425,6.1088746416967,0.0,0.3,0.6,True,0.0,6,542.6310126808052
2025-07-07 20:00:00,26.297986872199157,96.04655264722794,0.13525172117321074,0.030257162412204983,0.014155506243374905,90.99554390008812,6.123030147940075,0.0,0.0,0.6,True,0.0,6,542.6310126808052
2025-07-07 21:00:00,25.08733334785665,95.0864641345513,0.15646142989504755,0.03743061268517485,0.013302564354211746,90.97598130544957,6.136332712294287,0.0,0.0,0.6,True,0.0,6,542.6310126808052
2025-07-07 22:00:00,25.30190202753925,94.77811633680011,0.1684157809867492,0.035569889560732204,0.010807523735187822,90.96008788819194,6.1471402360294745,0.0,0.0,0.6,True,0.0,6,542.6310126808052
2025-07-07 23:00:00,25.41786772099854,97.27025376307495,0.08864812544153447,0.01953947080779568,0.003334611420672761,90.95518404786743,6.150474847450147,0.0,0.0,0.6,True,0.0,6,542.6310126808052
2025-07-08 00:00:00,25.386924801132302,97.68064882975209,0.07518233007986579,0.016470035336720035,0.0037319848475148676,90.94969583485639,6.154206832297662,0.0,0.0,0.6,True,0.0,6,542.6310126808052
2025-07-08 01:00:00,25.345393717440526,98.22380002513327,0.05743409226820894,0.012713382113189235,0.0,90.94969583485639,6.154206832297662,0.0,0.0,0.6,True,0.0,6,542.6310126808052
2025-07-08 02:00:00,25.50345726705804,98.74491449112146,0.0409663193147532,0.00847876215200691,0.0,90.94969583485639,6.154206832297662,0.0,0.0,0.6,True,0.0,6,542.6310126808052
2025-07-08 03:00:00,25.442370431807415,98.25964201027121,0.05660015963473872,0.012278236113419095,0.0,90.94969583485639,6.154206832297662,0.0,0.0,0.6,True,0.0,6,542.6310126808052
2025-07-08 04:00:00,25.573941489256235,97.83514930374311,0.07095736219584049,0.0147505208889838,0.0,90.94969583485639,6.154206832297662,0.0,0.0,0.6,True,0.0,6,542.6310126808052
2025-07-08 05:00:00,26.05208662997598,96.58065538746196,0.11529358871756668,0.031653877373187596,0.011108226380933053,90.9333602078256,6.165315058678595,0.0,0.0,0.6,True,0.0,6,542.6310126808052
2025-07-08 06:00:00,28.906519581319618,92.42927153220529,0.3016245622465002,0.11345365320443951,0.08653975433113352,90.80609586322097,6.251854813009729,0.0,0.0,0.6,True,0.0,6,542.6310126808052
2025-07-08 07:00:00,31.039510819693685,86.11048131494987,0.6254044309852211,0.2650584033372063,0.241887200251695,90.45037939226262,6.493742013261424,0.0,0.0,0.6,False,0.0,6,542.6310126808052
2025-07-08 08:00:00,32.932984798324384,80.49829034363148,0.977283391059351,0.4071806208639284,0.3804668276396115,89.89086935161612,6.874208840901035,0.0,0.0,0.6,False,0.0,6,542.6310126808052
2025-07-08 09:00:00,33.18236638748988,73.50717813118048,1.346320523501605,0.5283294950151495,0.45563504372366626,89.22081781672838,7.329843884624702,0.0,0.0,1.0,False,0.0,6,542.6310126808052
2025-07-08 10:00:00,34.32867195133456,70.97684488593785,1.572294403176701,0.63134256442849,0.5749726343170541,88.37526982508565,7.904816518941756,0.0,0.0,1.0,False,0.0,6,542.6310126808052
2025-07-08 11:00:00,34.22402202804275,74.00636224962092,1.400009272718317,0.6088826813323984,0.5651690196445586,87.54413891384365,8.469985538586315,0.0,0.0,1.0,False,0.0,6,542.6310126808052
2025-07-08 12:00:00,33.758020458509826,73.62076993410358,1.384384771189689,0.5794718833746223,0.5212518265391965,86.77759211010954,8.99123736512551,0.0,0.0,1.0,False,0.0,6,542.6310126808052
2025-07-08 13:00:00,34.507719537168036,71.64990675469186,1.551172068647399,0.6302480258248278,0.5578500650935717,85.95722436732488,9.549087430219082,0.0,0.0,1.0,False,0.0,6,542.6310126808052
2025-07-08 14:00:00,33.80173754396179,73.52326818949153,1.3928935126828494,0.5342627705019904,0.455267794778194,85.43477172794518,9.904355224997277,0.0,0.1,1.0,False,0.0,6,542.6310126808052
2025-07-08 15:00:00,32.28327441574408,78.57467602457321,1.0351471427135994,0.38035228868794907,0.2970951902830122,85.14492585988192,10.10145041528029,0.0,0.1,1.0,False,0.0,6,542.6310126808052
2025-07-08 16:00:00,31.031529759565277,85.75768759795139,0.6409984616522428,0.23537241114913116,0.16888391241609468,85.04362598868178,10.170334327696384,0.0,0.1,1.0,False,0.0,6,542.6310126808052
2025-07-08 17:00:00,28.839368330962014,93.27994652132395,0.2666949669193444,0.11646533953402899,0.09221867290638806,88.73153970499592,7.662553000602773,0.0,2.6,0.6,True,0.0,6,542.6310126808052
2025-07-08 18:00:00,28.361890601070954,96.52845186412365,0.1340126226820456,0.03801380811132379,0.005703518438817418,88.72315217788001,7.668256519041591,0.0,0.0,0.6,True,0.0,6,542.6310126808052
2025-07-08 19:00:00,27.611430663098982,96.95322816100041,0.11258577153672013,0.027176450540547733,0.00403103886270364,88.7172241795525,7.672287557904294,0.0,0.0,0.6,True,0.0,6,542.6310126808052
2025-07-08 20:00:00,27.15527383632903,97.87848866378039,0.07633086920344917,0.01842718814573586,0.0007035763159923478,88.71618950849958,7.672991134220286,0.0,0.0,0.6,True,0.0,6,542.6310126808052
2025-07-08 21:00:00,26.963025698744435,99.17868250102558,0.02921930313395438,0.007423995146436395,0.0,88.71618950849958,7.672991134220286,0.0,0.0,0.6,True,0.0,6,542.6310126808052
2025-07-08 22:00:00,26.7671856097999,99.12877916770783,0.030640239001585058,0.007277857223885198,0.0,88.71618950849958,7.672991134220286,0.0,0.0,0.6,True,0.0,6,542.6310126808052
2025-07-08 23:00:00,26.502000898605473,98.68602678880447,0.045496195324034726,0.01059207505978126,0.0,88.71618950849958,7.672991134220286,0.0,0.0,0.6,True,0.0,6,542.6310126808052
2025-07-09 00:00:00,26.169874082324252,99.12898286024247,0.02957402042059358,0.0076632619872838955,0.0,88.71618950849958,7.672991134220286,0.0,0.0,0.6,True,0.0,6,542.6310126808052
2025-07-09 01:00:00,25.903675757169506,98.71974608358973,0.04279052745691894,0.010017325381824458,0.0,88.71618950849958,7.672991134220286,0.0,0.0,0.6,True,0.0,6,542.6310126808052
2025-07-09 02:00:00,25.770107621789457,99.145992230249,0.02831913817706518,0.006703822209080406,0.0,88.71618950849958,7.672991134220286,0.0,0.0,0.6,True,0.0,6,542.6310126808052
2025-07-09 03:00:00,25.835633484417162,99.56215469383955,0.014575506681680143,0.0030613211719580933,0.0,88.71618950849958,7.672991134220286,0.0,0.0,0.6,True,0.0,6,542.6310126808052
2025-07-09 04:00:00,25.58113376258916,95.03837984638665,0.16269652059404852,0.0345051270141289,0.01500874989760937,88.69411781747368,7.687999884117896,0.0,0.0,0.6,True,0.0,6,542.6310126808052
2025-07-09 05:00:00,25.37373513824792,96.74936761502012,0.10528752454063607,0.030448825849214024,0.01539767232358316,93.37735653464489,4.503397556441479,0.0,3.2,0.6,True,0.0,6,542.6310126808052
2025-07-09 06:00:00,25.080288276475144,95.57037498343183,0.1409931443119734,0.04582314287978892,0.035681842466588384,97.44253029572343,1.7390793989080677,0.0,2.8,0.6,True,0.0,6,542.6310126808052
2025-07-09 07:00:00,26.119795030163427,95.15693081090377,0.16395327125339598,0.07369983047694517,0.06928406537136522,99.89811166857152,0.06928406537136522,0.0,2.1,0.6,True,0.0,6,542.9919332818971
2025-07-09 08:00:00,26.56955575508375,94.5727486342862,0.18866693261164608,0.08531719591242096,0.07866997923155099,99.88430885407125,0.07866997923155099,0.0,0.9,0.6,True,0.0,6,543.8226492165257
2025-07-09 09:00:00,29.336843253263094,88.4241691221532,0.47279343730303935,0.21903688434498422,0.22174838341996553,99.67389943614711,0.22174838341996553,0.0,0.1,0.6,False,0.0,7,543.8439792372942
2025-07-09 10:00:00,30.507059147571926,83.76052271241198,0.7093470142196407,0.30618530408257055,0.29165417971539676,99.24499623068328,0.5134025631353623,0.0,0.0,0.6,False,0.0,7,543.8439792372942
2025-07-09 11:00:00,30.600393440806116,84.06249820557026,0.6998779560033672,0.2788979089221679,0.22920628862213863,98.90792815918014,0.7426088517575009,0.0,0.0,0.6,False,0.0,7,543.8439792372942
2025-07-09 12:00:00,34.56939809357874,77.30635717350003,1.2459346009846939,0.5319105861997706,0.5190619534256807,98.5857782276718,0.9616708051831817,0.0,0.3,0.6,False,0.0,7,543.8439792372942
2025-07-09 13:00:00,32.912465549037655,73.60092751203106,1.3214062590510076,0.5340693944540096,0.45116996907832024,98.36346944961544,1.1128407742615019,0.0,0.3,1.0,False,0.0,7,543.8439792372942
2025-07-09 14:00:00,33.44538060084922,72.01111759072293,1.443437726445485,0.5739315336251506,0.4905157967327843,97.64212268971428,1.603356570994286,0.0,0.0,1.0,False,0.0,7,543.8439792372942
2025-07-09 15:00:00,32.566695798081945,73.2264545105092,1.314359813135996,0.49452875458058276,0.3799573314896404,97.08336190811188,1.9833139024839266,0.0,0.0,1.0,False,0.0,7,543.8439792372942
2025-07-09 16:00:00,31.38022261416209,76.26332915364507,1.089693702608753,0.3707529779971722,0.23961020062296348,96.73099396601927,2.22292410310689,0.0,0.0,1.0,False,0.0,7,543.8439792372942
2025-07-09 17:00:00,30.60405549176496,87.68946152496191,0.5407168837627633,0.1868347655547564,0.11363178223963159,96.56388840390218,2.3365558853465216,0.0,0.0,0.6,False,0.0,7,543.8439792372942
2025-07-09 18:00:00,26.60814029936981,96.8807931163174,0.10867913892893133,0.04497651839945391,0.013059464220463475,96.54468330946031,2.349615349566985,0.0,0.0,0.6,True,0.0,7,543.8439792372942
2025-07-09 19:00:00,25.86369055019662,96.601125105994,0.11333375226545811,0.02683424110626368,0.009913648474871495,96.53010441464433,2.359528998041857,0.0,0.0,0.6,True,0.0,7,543.8439792372942
2025-07-09 20:00:00,25.797219155043297,96.14041976273653,0.12819038675528077,0.027759416936184677,0.010594787557814093,96.51452384470637,2.370123785599671,0.0,0.0,0.6,True,0.0,7,543.8439792372942
2025-07-09 21:00:00,25.61677896204853,97.259695087619,0.09004747647930138,0.020410375041308965,0.0035153756606074987,96.50935417461723,2.3736391612602787,0.0,0.0,0.6,True,0.0,7,543.8439792372942
2025-07-09 22:00:00,25.45145254920307,98.13001895359645,0.06084857543151346,0.013960153416882932,0.0032032893730660683,96.50464345495097,2.3768424506333448,0.0,0.0,0.6,True,0.0,7,543.8439792372942
2025-07-09 23:00:00,25.485764674633682,97.68265340818047,0.07555942729781635,0.016067116791015468,0.003811708857902518,96.49903800074816,2.380654159491247,0.0,0.0,0.6,True,0.0,7,543.8439792372942
2025-07-10 00:00:00,25.350975490832575,98.14655103027218,0.059951844173330875,0.013536930134494604,0.00267196198663757,98.99510864488546,0.6833261214778847,0.0,1.7,0.6,True,0.0,7,543.8439792372942
2025-07-10 01:00:00,25.248845811164227,98.18706847555428,0.05828641768253531,0.01293870115505598,0.0015176744126890562,99.9977681258637,0.0015176744126890562,0.0,1.0,0.6,True,0.0,7,544.1606531158163
2025-07-10 02:00:00,25.309568241744188,98.67316869265751,0.04281235883455589,0.009197469399868746,0.0,100.0,0.0,0.0,1.2,0.6,True,0.0,7,545.3591354414036
2025-07-10 03:00:00,25.310558182664483,98.6608578901985,0.04321212875843218,0.009326718441214318,0.0003113597542068159,99.99954211800852,0.0003113597542068159,0.0,0.9,0.6,True,0.0,7,546.2591354414036
2025-07-10 04:00:00,24.922675872149906,97.3074432328406,0.08490215009890494,0.019198220265422415,0.001549073840180817,99.99772195023503,0.001549073840180817,0.0,1.0,0.6,True,0.0,7,547.2588240816494
2025-07-10 05:00:00,25.239292794093842,98.05585507275524,0.06246948607675179,0.01649581726660845,0.004300483387700653,99.99367575972397,0.004300483387700653,0.0,0.5,0.6,True,0.0,7,547.7572750078093
2025-07-10 06:00:00,26.456178388760705,96.74207747323388,0.11250121169468305,0.03459762246532642,0.02464176126345976,99.96376211578904,0.02464176126345976,0.0,1.3,0.6,True,0.0,7,549.0529745244216
2025-07-10 07:00:00,26.571664106347967,96.03242350144876,0.13794153501864856,0.05131731579709713,0.038317460461464066,99.94365079343902,0.038317460461464066,0.0,1.1,0.6,True,0.0,7,550.1283327631581
2025-07-10 08:00:00,29.63084249635884,90.15971521950762,0.40876986264005755,0.19169692793134221,0.20795083984349752,99.69418994140662,0.20795083984349752,0.0,0.1,0.6,True,0.0,7,550.1900153026967
2025-07-10 09:00:00,30.69973602959722,87.16843568006443,0.5666883966582531,0.2612994202289317,0.2537394406953712,99.32104370508989,0.46169028053886874,0.0,0.0,0.6,False,0.0,8,550.1900153026967
2025-07-10 10:00:00,33.995705764890445,82.2722769792497,0.9427582744317425,0.44531182178829304,0.45182601975894104,98.80365249956205,0.8135163002978099,0.0,0.1,0.6,False,0.0,8,550.1900153026967
2025-07-10 11:00:00,34.15177612762409,78.77282299969698,1.138705787982062,0.5374657848797194,0.5250694163769883,98.1785504166547,1.2385857166747982,0.0,0.1,1.0,False,0.0,8,550.1900153026967
2025-07-10 12:00:00,35.001543510399685,76.65895016444037,1.312504795482751,0.6034486612401517,0.5884802296019115,97.46019713782836,1.7270659462767095,0.0,0.1,1.0,False,0.0,8,550.1900153026967
2025-07-10 13:00:00,34.70861597224692,77.12694989798602,1.2655104694666477,0.5701860859713134,0.5377368643445013,96.96352527849822,2.064802810621211,0.0,0.2,1.0,False,0.0,8,550.1900153026967
2025-07-10 14:00:00,33.771240916161,76.3396566953169,1.2426132470764488,0.5226293472768487,0.465809863139673,97.16086371505752,1.9306126737608837,0.0,0.6,1.0,False,0.0,8,550.1900153026967
2025-07-10 15:00:00,32.11374385824657,76.56358272752097,1.1215315585812518,0.42719541059417215,0.3410647191478811,97.54165089278123,1.671677392908765,0.0,0.6,1.0,False,0.0,8,550.1900153026967
2025-07-10 16:00:00,30.060531994146906,84.58344937120792,0.6564088449725248,0.2397549137550919,0.16456471068918485,97.29964396529714,1.8362421035979497,0.0,0.0,1.0,False,0.0,8,550.1900153026967
2025-07-10 17:00:00,29.537901797404654,89.30001894297695,0.44211151516453195,0.15741699110090002,0.09294273448839203,97.16296347340244,1.9291848380863417,0.0,0.0,0.6,False,0.0,8,550.1900153026967
2025-07-10 18:00:00,27.655466465027292,94.68152000439932,0.19703697390106636,0.061424653144879486,0.0032068221633597175,97.15824755845632,1.9323916602497013,0.0,0.0,0.6,True,0.0,8,550.1900153026967
2025-07-10 19:00:00,27.11369729321617,95.48963646440748,0.16188557519465424,0.037171357476158476,0.0,97.15824755845632,1.9323916602497013,0.0,0.0,0.6,True,0.0,8,550.1900153026967
2025-07-10 20:00:00,26.95986535552398,96.37461006249256,0.1289534475926822,0.02868967239879027,0.0,97.15824755845632,1.9323916602497013,0.0,0.0,0.6,True,0.0,8,550.1900153026967
2025-07-10 21:00:00,26.594326176908048,95.9510683639367,0.14095789955181384,0.03158244424997716,0.0,97.15824755845632,1.9323916602497013,0.0,0.0,0.6,True,0.0,8,550.1900153026967
2025-07-10 22:00:00,26.265061758490035,96.46615496400042,0.12066209676301627,0.027374550089835567,0.0,97.15824755845632,1.9323916602497013,0.0,0.0,0.6,True,0.0,8,550.1900153026967
2025-07-10 23:00:00,26.292580819493093,97.4849559619087,0.08601495314340299,0.018811976083941424,0.0,97.15824755845632,1.9323916602497013,0.0,0.0,0.6,True,0.0,8,550.1900153026967
2025-07-11 00:00:00,26.20457493177782,98.66994827478314,0.0452524189709355,0.010457719186136125,0.0,97.15824755845632,1.9323916602497013,0.0,0.0,0.6,True,0.0,8,550.1900153026967
2025-07-11 01:00:00,25.707371906018334,98.68710592560087,0.043374461740522834,0.01105044278722538,0.0,97.15824755845632,1.9323916602497013,0.0,0.0,0.6,True,0.0,8,550.1900153026967
2025-07-11 02:00:00,25.27795463843041,97.84673972027467,0.0693480087875285,0.01615640317592022,0.0,97.15824755845632,1.9323916602497013,0.0,0.0,0.6,True,0.0,8,550.1900153026967
2025-07-11 03:00:00,25.176967193301206,97.86454934847346,0.06836268281076666,0.015109911911251309,0.0,97.15824755845632,1.9323916602497013,0.0,0.0,0.6,True,0.0,8,550.1900153026967
2025-07-11 04:00:00,24.94530710289102,98.2880971757059,0.0540528588126076,0.012574632050611812,0.0,97.15824755845632,1.9323916602497013,0.0,0.0,0.6,True,0.0,8,550.1900153026967
2025-07-11 05:00:00,25.685797411745998,96.93549694612983,0.1011135394505736,0.02999645434556875,0.0,97.15824755845632,1.9323916602497013,0.0,0.0,0.6,True,0.0,8,550.1900153026967
2025-07-11 06:00:00,28.422063356879402,89.19867128996158,0.4184242141990146,0.14522005045415395,0.09623023881554546,97.01673250137463,2.028621899065247,0.0,0.0,0.6,False,0.0,8,550.1900153026967
2025-07-11 07:00:00,30.860942963336992,85.52721722132304,0.64507335746894,0.27034120377431253,0.2287382732336485,96.68035268779575,2.2573601722988954,0.0,0.0,0.6,False,0.0,8,550.1900153026967
2025-07-11 08:00:00,33.103607242008835,81.84254714989535,0.9186680347037436,0.4046352422971944,0.37218331540235516,96.13302428279228,2.6295434877012505,0.0,0.0,0.6,False,0.0,8,550.1900153026967
2025-07-11 09:00:00,33.650526323969345,76.5181018646593,1.2249628063923717,0.532258538353898,0.48078325064659583,95.42599009066494,3.110326738347846,0.0,0.0,1.0,False,0.0,8,550.1900153026967
2025-07-11 10:00:00,35.068401716701146,73.94977655966528,1.4702676487422495,0.6297569857634596,0.5777413312805934,94.57637048584053,3.6880680696284394,0.0,0.0,1.0,False,0.0,8,550.1900153026967
2025-07-11 11:00:00,35.813615185530765,72.86201334117847,1.5958524096086026,0.6779644243287815,0.6165208596666346,93.66972216280136,4.304588929295074,0.0,0.0,1.0,False,0.0,8,550.1900153026967
2025-07-11 12:00:00,35.788386193539296,70.75944637121012,1.717112093433195,0.7046419142463596,0.6158811786980644,92.76401454706892,4.920470107993138,0.0,0.0,1.0,False,0.0,8,550.1900153026967
2025-07-11 13:00:00,35.49843045320938,70.4408748207348,1.708352078063196,0.6857352866823425,0.5891301942335702,91.89764661437249,5.509600302226708,0.0,0.0,1.0,False,0.0,8,550.1900153026967
2025-07-11 14:00:00,34.647999153184394,70.51452626053182,1.625890509363672,0.6288592007977101,0.5205590554906667,91.13211859159209,6.030159357717375,0.0,0.0,1.0,False,0.0,8,550.1900153026967
2025-07-11 15:00:00,33.582769708860205,73.38817584788322,1.38299714254109,0.5082118559622537,0.39366522872636506,90.55319913758272,6.42382458644374,0.0,0.0,1.0,False,0.0,8,550.1900153026967
2025-07-11 16:00:00,32.06753693244069,76.80199992359111,1.1072293683243195,0.38184585672187177,0.27184236253812005,90.15343095737963,6.69566694898186,0.0,0.0,1.0,False,0.0,8,550.1900153026967
2025-07-11 17:00:00,30.487080196876317,84.89320038119132,0.6591182465844942,0.2143245088454197,0.11807923062092004,89.97978502999591,6.813746179602781,0.0,0.0,1.0,False,0.0,8,550.1900153026967
2025-07-11 18:00:00,28.723891255402524,90.3743108303462,0.37946433895857534,0.10082591395911217,0.01702268154544908,89.95475167478202,6.83076886114823,0.0,0.0,0.6,True,0.0,8,550.1900153026967
2025-07-11 19:00:00,28.1606634290981,92.213281195919,0.29709719542527346,0.0669349755234511,0.002999385167675346,89.95034081424132,6.8337682463159055,0.0,0.0,0.6,True,0.0,8,550.1900153026967
2025-07-11 20:00:00,27.863605342412463,94.25039170840007,0.21561116736717154,0.04837779742671749,0.0,89.95034081424132,6.8337682463159055,0.0,0.0,0.6,True,0.0,8,550.1900153026967
2025-07-11 21:00:00,27.813504366633016,95.1746010637544,0.18042543568503774,0.03947335256473233,0.0,89.95034081424132,6.8337682463159055,0.0,0.0,0.6,True,0.0,8,550.1900153026967
2025-07-11 22:00:00,27.71529086270145,95.18379822826059,0.17905285697565412,0.03903689107542303,0.0,89.95034081424132,6.8337682463159055,0.0,0.0,0.6,True,0.0,8,550.1900153026967
2025-07-11 23:00:00,27.456099607827557,94.62407593351159,0.1968588660667367,0.043266277371367096,0.0,89.95034081424132,6.8337682463159055,0.0,0.0,0.6,True,0.0,8,550.1900153026967
2025-07-12 00:00:00,27.22392026708254,93.5832200363812,0.23180271844476347,0.050549001417864725,0.0,89.95034081424132,6.8337682463159055,0.0,0.0,0.6,True,0.0,8,550.1900153026967
2025-07-12 01:00:00,26.9013187151868,94.11841768538378,0.2084874542377313,0.046364854735354,0.0,89.95034081424132,6.8337682463159055,0.0,0.0,0.6,True,0.0,8,550.1900153026967
2025-07-12 02:00:00,26.9088996975482,93.9091061111538,0.21600314477833893,0.04656014766951122,0.0,89.95034081424132,6.8337682463159055,0.0,0.0,0.6,True,0.0,8,550.1900153026967
2025-07-12 03:00:00,26.899206251838716,94.05988820194241,0.21053606518299184,0.04556072384210793,0.0,89.95034081424132,6.8337682463159055,0.0,0.0,0.6,True,0.0,8,550.1900153026967
2025-07-12 04:00:00,26.661372195114794,94.84528918359726,0.18016331275691153,0.04002583785454527,0.0,89.95034081424132,6.8337682463159055,0.0,0.0,0.6,True,0.0,8,550.1900153026967
2025-07-12 05:00:00,27.45762264744481,95.17079202759462,0.17685462993052786,0.04651788441917597,0.0,89.95034081424132,6.8337682463159055,0.0,0.0,0.6,True,0.0,8,550.1900153026967
2025-07-12 06:00:00,30.241268880617802,88.72760927357889,0.4849537821331357,0.1563428449217537,0.09661688522574848,89.80825715949756,6.930385131541654,0.0,0.0,0.6,False,0.0,8,550.1900153026967
2025-07-12 07:00:00,32.660411557154156,84.02423382181549,0.7884235084927503,0.30103236629770946,0.24322145918535187,89.45057854304852,7.173606590727006,0.0,0.0,0.6,False,0.0,8,550.1900153026967
2025-07-12 08:00:00,33.58960625222318,78.30584748738642,1.1278598763305208,0.45262095217211024,0.41294707155084365,88.9903622613561,7.48655366227785,0.0,0.1,1.0,False,0.0,8,550.1900153026967
2025-07-12 09:00:00,34.27895261989006,76.31135968060471,1.2797637455451207,0.5327143774412095,0.49646618871902315,88.40732374853401,7.883019850996874,0.0,0.1,1.0,False,0.0,8,550.1900153026967
2025-07-12 10:00:00,35.15124801389739,75.64979550385166,1.380621334337704,0.5908842315308783,0.5542166799888583,87.88641686619745,8.237236530985731,0.0,0.2,1.0,False,0.0,8,550.1900153026967
2025-07-12 11:00:00,35.169471799350596,75.9199714747481,1.3666770097825678,0.5814024132452972,0.54418896845101,87.23319779494597,8.681425499436742,0.0,0.1,1.0,False,0.0,8,550.1900153026967
2025-07-12 12:00:00,36.28752163835631,73.86592955499563,1.5772859184447883,0.6604034087389635,0.6317844158621385,86.30410306573694,9.31320991529888,0.0,0.0,1.0,False,0.0,8,550.1900153026967
2025-07-12 13:00:00,34.807115649411585,75.0802013605049,1.3862921439236644,0.567682040046341,0.5073038141520264,86.58747980963102,9.120513729450908,0.0,0.7,1.0,False,0.0,8,550.1900153026967
2025-07-12 14:00:00,34.04423081542564,77.65848256373769,1.1913332834244184,0.44453217113603366,0.3378296498798844,86.09067150098413,9.458343379330792,0.0,0.0,1.0,False,0.0,8,550.1900153026967
2025-07-12 15:00:00,34.12364116150542,76.78082443899095,1.2436163978292833,0.45277358237566223,0.35172255794289303,85.57343244518576,9.810065937273684,0.0,0.0,1.0,False,0.0,8,550.1900153026967
2025-07-12 16:00:00,31.624139444276476,82.48625209871095,0.8152147230659641,0.31230389058338054,0.24287169574882483,85.51038583379042,9.85293763302251,0.0,0.2,1.0,False,0.0,8,550.1900153026967
2025-07-12 17:00:00,30.62393594014229,88.45514300530117,0.5076616959084811,0.17006284895685708,0.09488970977707845,85.37084214294178,9.947827342799588,0.0,0.0,0.6,False,0.0,8,550.1900153026967
2025-07-12 18:00:00,29.610873550981033,91.28441433620871,0.3616337326456264,0.0920040381383196,0.02794934418121881,85.32974016620469,9.975776686980806,0.0,0.0,0.6,True,0.0,8,550.1900153026967
2025-07-12 19:00:00,29.34215962910591,93.5650308661293,0.26290498639034143,0.058670236411161515,0.00942820165825594,85.31587516376608,9.985204888639062,0.0,0.0,0.6,True,0.0,8,550.1900153026967
2025-07-12 20:00:00,29.138667071006008,93.90515135180789,0.24610323104905427,0.05406193438163408,0.011058075767709974,85.2996132876371,9.996262964406773,0.0,0.0,0.6,True,0.0,8,550.1900153026967
2025-07-12 21:00:00,28.953812390005762,93.7922913098221,0.24799785329022178,0.05422717853699546,0.011448671533774837,85.28277700596978,10.007711635940547,0.0,0.0,0.6,True,0.0,8,550.1900153026967
2025-07-12 22:00:00,28.759042163411618,93.80183315217322,0.24484222430874758,0.053624632908501335,0.012244892929887596,85.26476981048465,10.019956528870434,0.0,0.0,0.6,True,0.0,8,550.1900153026967
2025-07-12 23:00:00,28.64108131037038,94.25208478270814,0.22551020163510413,0.04931344890755273,0.010564101393772443,85.24923436725852,10.030520630264206,0.0,0.0,0.6,True,0.0,8,550.1900153026967
2025-07-13 00:00:00,28.361476288843303,95.94378775821116,0.15657871992836184,0.03544587729305363,0.010607216274221112,85.23363551979642,10.041127846538428,0.0,0.0,0.6,True,0.0,8,550.1900153026967
2025-07-13 01:00:00,28.229890292082455,96.48577278826342,0.1346238088577489,0.029750065210469898,0.006797550998899837,85.22363912126863,10.047925397537329,0.0,0.0,0.6,True,0.0,8,550.1900153026967
2025-07-13 02:00:00,28.142516975860104,97.89827880556889,0.08010521975292541,0.018114851094853352,0.0015319548030720586,85.22138624655823,10.0494573523404,0.0,0.0,0.6,True,0.0,8,550.1900153026967
2025-07-13 03:00:00,28.214670901519227,98.31746204896143,0.06439804665313423,0.013792815200372663,0.0,85.36844507008765,9.949457352340401,0.0,0.1,0.6,True,0.0,8,550.1900153026967
2025-07-13 04:00:00,28.03103772390133,99.5685083944375,0.016339580940507834,0.0046225425128328,0.0,85.36844507008765,9.949457352340401,0.0,0.0,0.6,True,0.0,8,550.1900153026967
2025-07-13 05:00:00,28.291268824286796,97.3235116625202,0.10289788198101248,0.03158478041327429,0.0017388527684643613,85.36588793366343,9.951196205108866,0.0,0.0,0.6,True,0.0,8,550.1900153026967
2025-07-13 06:00:00,30.336307608072232,93.33807495913636,0.28816841713269403,0.12057841815214201,0.09923839413547277,85.21994911875832,10.050434599244339,0.0,0.0,0.6,True,0.0,8,550.1900153026967
2025-07-13 07:00:00,32.600020137123835,86.20902777967426,0.6782933633561987,0.2781897468770068,0.24657867520557228,84.85733341992659,10.297013274449911,0.0,0.0,0.6,False,0.0,8,550.1900153026967
2025-07-13 08:00:00,33.775574959997215,78.76478430705056,1.115518021668601,0.45103892447445626,0.39124772172439426,84.28196912327309,10.688260996174305,0.0,0.0,1.0,False,0.0,8,550.1900153026967
2025-07-13 09:00:00,35.10871700857279,74.48274202812877,1.4433978093995246,0.5861573943838118,0.5170301697052955,83.52163063841235,11.2052911658796,0.0,0.0,1.0,False,0.0,8,550.1900153026967
2025-07-13 10:00:00,36.169861491155345,71.95534604049061,1.6817230849652323,0.6848232422066831,0.6087671046291188,82.6263848963107,11.814058270508719,0.0,0.0,1.0,False,0.0,8,550.1900153026967
2025-07-13 11:00:00,36.59185142063336,70.41770574870624,1.815363680549711,0.7386230808973578,0.6537781783792734,81.66494639869413,12.467836448887992,0.0,0.0,1.0,False,0.0,8,550.1900153026967
2025-07-13 12:00:00,37.10969048955489,68.83271312477781,1.967404300656408,0.7709582718580129,0.6739604189313916,80.67382813555972,13.141796867819384,0.0,0.0,1.0,False,0.0,8,550.1900153026967
2025-07-13 13:00:00,37.0558207479202,69.52421867682376,1.9181207653467596,0.7404476441293008,0.6328502952190974,79.74316593670811,13.77464716303848,0.0,0.0,1.0,False,0.0,8,550.1900153026967
2025-07-13 14:00:00,36.458507767781526,71.12878360340984,1.758861651565448,0.6623680237221359,0.5481044842204132,78.93712993050163,14.322751647258894,0.0,0.0,1.0,False,0.0,8,550.1900153026967
2025-07-13 15:00:00,35.427753289289264,72.43364619933318,1.5869906501822506,0.5557852735358426,0.4287103733896944,78.30667349904618,14.751462020648589,0.0,0.0,1.0,False,0.0,8,550.1900153026967
2025-07-13 16:00:00,34.82639845787896,77.8262519348026,1.2348460745601078,0.4038654333548203,0.26457744522511367,77.91758902077397,15.016039465873702,0.0,0.0,1.0,False,0.0,8,550.1900153026967
2025-07-13 17:00:00,32.44399965155997,83.08088887014674,0.824871020415573,0.2468563128128143,0.14744410573263733,78.58311239469656,14.563483571606339,0.0,0.6,1.0,False,0.0,8,550.1900153026967
2025-07-13 18:00:00,30.334246619589745,93.3232695845544,0.2887747851720328,0.08394412847722542,0.012170532072995618,78.56521455341274,14.575654103679334,0.0,0.0,1.0,True,0.0,8,550.1900153026967
2025-07-13 19:00:00,29.378923784207142,95.15116798641951,0.19852247999711548,0.04722006690957593,0.006547302759004823,78.99676263759068,14.282201406438338,0.0,0.3,0.6,True,0.0,8,550.1900153026967
2025-07-13 20:00:00,27.63441071096198,96.67166890705437,0.12315522812111682,0.033258260512102705,0.009831563547440329,88.98230445590328,7.492032969985778,0.0,6.8,0.6,True,0.0,8,550.1900153026967
2025-07-13 21:00:00,27.286865972928194,97.3892983354153,0.09465843364825884,0.02192780645603268,0.002498551666856727,89.12568893874612,7.394531521652635,0.0,0.1,0.6,True,0.0,8,550.1900153026967
2025-07-13 22:00:00,27.21135522534317,98.52006020691387,0.0534226969645646,0.012180638190631738,0.0056856258082755,89.99968066549866,6.80021714746091,0.0,0.6,0.6,True,0.0,8,550.1900153026967
2025-07-13 23:00:00,26.610906973763985,98.56463855239677,0.05001888265246075,0.012803571944369358,0.003919947137740209,89.99391603735492,6.804137094598651,0.0,0.0,0.6,True,0.0,8,550.1900153026967
2025-07-14 00:00:00,26.40611519132692,98.63558859999956,0.04697650741054647,0.010861530979045988,0.0018720565482704212,92.1970453659604,5.306009151146921,0.0,1.5,0.6,True,0.0,8,550.1900153026967
2025-07-14 01:00:00,25.936423521770394,99.56134416539516,0.014689826744090716,0.005057918741449668,0.0,100.0,0.0,0.0,11.3,0.6,True,0.0,8,556.1840061515497
2025-07-14 02:00:00,26.035961694469805,98.27698260634975,0.05804143126179041,0.011788486795560785,0.0,100.0,0.0,0.0,0.2,0.6,True,0.0,8,556.3840061515498
2025-07-14 03:00:00,25.679814902644786,97.7458153184879,0.07435065356056293,0.017083888426465552,0.0023703742798966234,99.99651415547073,0.0023703742798966234,0.0,3.2,0.6,True,0.0,8,559.5840061515498
2025-07-14 04:00:00,25.642089796654,98.23655708596908,0.05803442617297438,0.01281713801901392,0.0006373606703860542,99.99906270489649,0.0006373606703860542,0.0,0.5,0.6,True,0.0,8,560.08163577727
2025-07-14 05:00:00,25.75988108139989,98.46515075350406,0.05086521951492076,0.016771637465133087,0.005412111671462355,99.99204101224784,0.005412111671462355,0.0,4.6,0.6,True,0.0,8,564.6809984165996
2025-07-14 06:00:00,28.258504167974763,94.6801735315858,0.2041323031333995,0.07599077516532379,0.07620422903266233,99.87997596955276,0.08161634070412468,0.0,0.0,0.6,True,0.013632883443365565,8,564.6809984165996
2025-07-14 07:00:00,29.62700409757469,92.52420662053295,0.31047927121233454,0.1427460687328664,0.14655372035238917,99.66445579256396,0.22817006105651386,0.0,0.0,0.6,True,0.0,8,564.6809984165996
2025-07-14 08:00:00,30.766371184827303,89.11319496053379,0.4826318580771483,0.21755072029174896,0.21733503800607287,99.34484544255501,0.44550509906258673,0.0,0.0,0.6,False,0.0,8,564.6809984165996
2025-07-14 09:00:00,33.136511892173345,84.20559170725168,0.8005858237403345,0.36609578112436925,0.3778023491333203,98.78925375265307,0.8233074481959071,0.0,0.0,0.6,False,0.0,8,564.6809984165996
2025-07-14 10:00:00,33.056846636692356,79.7705167718135,1.0208220520015205,0.4472323206175768,0.42710143843158865,98.16116340201839,1.2504088866274956,0.0,0.0,1.0,False,0.0,8,564.6809984165996
2025-07-14 11:00:00,34.01571066496207,77.51478266570646,1.197093860828163,0.5160118223931369,0.4952597849582808,97.43284018884445,1.7456686715857765,0.0,0.0,1.0,False,0.0,8,564.6809984165996
2025-07-14 12:00:00,34.084650254371866,77.04293677738656,1.2269132537936256,0.5177924025656465,0.48247258785252417,96.72332167729661,2.2281412594383005,0.0,0.0,1.0,False,0.0,8,564.6809984165996
2025-07-14 13:00:00,33.82643724062613,76.84413636895326,1.2198673461256402,0.5200342275039871,0.4840706868047783,99.28813134293415,0.4840706868047783,0.0,3.4,1.0,False,0.0,8,565.8528571571612
2025-07-14 14:00:00,29.475380443350602,88.59504647128776,0.46954709282707124,0.19375162211099337,0.13875548053895434,99.52525563625922,0.3228261673437327,0.0,0.3,1.0,False,0.0,8,565.8528571571612
2025-07-14 15:00:00,29.926556802650005,91.13531232746038,0.3745528838502077,0.15187036199493548,0.1351246360098411,99.80128729998553,0.1351246360098411,0.0,0.5,0.6,True,0.0,8,566.0300309898175
2025-07-14 16:00:00,30.54312050764655,88.91609983135206,0.4851478148755467,0.19432310987850926,0.17748482927409143,99.68733902164128,0.2126094652839325,0.0,0.1,0.6,False,0.0,8,566.0300309898175
2025-07-14 17:00:00,29.013285232774532,91.60913085385967,0.3363692996555444,0.11133987749392263,0.06898329608038266,99.58589299799365,0.28159276136431516,0.0,0.0,0.6,True,0.0,8,566.0300309898175
2025-07-14 18:00:00,28.23660034050867,96.54413394265427,0.13243973959959662,0.0382631781533678,0.0046930398136182366,99.57899146885597,0.2862858011779334,0.0,0.0,0.6,True,0.0,8,566.0300309898175
2025-07-14 19:00:00,28.08747006738873,97.18164292408652,0.10707570798680972,0.02390240760640593,0.0,99.57899146885597,0.2862858011779334,0.0,0.0,0.6,True,0.0,8,566.0300309898175
2025-07-14 20:00:00,27.966382480462784,97.5521292090579,0.09234685090299416,0.020519801018188566,0.0,99.57899146885597,0.2862858011779334,0.0,0.0,0.6,True,0.0,8,566.0300309898175
2025-07-14 21:00:00,28.04764181571945,97.84132304048535,0.0818231066424047,0.017480549772357957,0.0030071322774075514,99.72162803903626,0.18929293345534096,0.0,0.1,0.6,True,0.0,8,566.0300309898175
2025-07-14 22:00:00,27.824838472077268,98.23171629573267,0.06616121644097352,0.015218362364918074,0.0031255164881178513,99.86409051478903,0.0924184499434588,0.0,0.1,0.6,True,0.0,8,566.0300309898175
2025-07-14 23:00:00,27.53546932276069,98.13160700946023,0.06873608104084464,0.015804219169901768,0.00537482638643471,99.85618635833839,0.09779327632989351,0.0,0.0,0.6,True,0.0,8,566.0300309898175
2025-07-15 00:00:00,26.94292591776385,96.67494320561964,0.11815321512116968,0.027034910417909824,0.010239495305256063,99.84112827700713,0.10803277163514957,0.0,0.0,0.6,True,0.0,8,566.0300309898175
2025-07-15 01:00:00,26.7372226023005,96.77385715031126,0.11326158466298848,0.025205035775797583,0.007295725420753179,99.97745809256486,0.015328497055902744,0.0,0.1,0.6,True,0.0,8,566.0300309898175
2025-07-15 02:00:00,26.47843945847099,97.65620519357178,0.0810411350450384,0.018669430238270144,0.005794556780409591,99.99147859296998,0.005794556780409591,0.0,0.7,0.6,True,0.0,8,566.7147024927616
2025-07-15 03:00:00,25.711436108396587,98.62890647389268,0.04530812191827987,0.012658115312632343,0.0013883733008511455,99.99795827455758,0.0013883733008511455,0.0,4.2,0.6,True,0.0,8,570.9089079359812
2025-07-15 04:00:00,25.47352863627743,99.11456449500044,0.028849561633913053,0.0071750678059949256,0.0,100.0,0.0,0.0,2.1,0.6,True,0.0,8,573.0075195626804
2025-07-15 05:00:00,25.72850300547991,97.92120939066568,0.06876363310956153,0.02126059713959163,0.008921489156618377,99.98688016300498,0.008921489156618377,0.0,2.3,0.6,True,0.0,8,575.3075195626803
2025-07-15 06:00:00,26.166386884087306,97.19471058397508,0.09522959311143078,0.03146324980677585,0.02023118803851907,99.97024825288453,0.02023118803851907,0.0,0.2,0.6,True,0.0,8,575.4985980735237
2025-07-15 07:00:00,27.163973728234478,94.66029587168507,0.1922177283980992,0.08297758372719816,0.07977178732857806,99.8826885480462,0.07977178732857806,0.0,1.1,0.6,True,0.0,8,576.5783668854851
2025-07-15 08:00:00,28.15603149979819,92.6389979412535,0.2807786044159392,0.13772058983933255,0.1397154374096542,99.79453612145639,0.1397154374096542,0.0,1.4,0.6,True,0.0,8,577.8985950981565
2025-07-15 09:00:00,28.295847211864427,92.23816098383165,0.29848411937771696,0.14518800096093779,0.14167956255638645,99.79164770212296,0.14167956255638645,0.0,0.3,0.6,True,0.0,8,578.0588796607469
2025-07-15 10:00:00,31.206198565046734,86.78260384506116,0.6008100888615996,0.3012561457650688,0.3229698198440822,99.52504438258222,0.3229698198440822,0.0,0.3,0.6,False,0.0,8,578.2172000981906
2025-07-15 11:00:00,31.247865505324885,86.94691047641165,0.5947481399692063,0.3056240665139811,0.3094099235397793,99.51120625972962,0.3323797433838615,0.0,0.3,0.6,False,0.0,8,578.2172000981906
2025-07-15 12:00:00,30.638761765780625,88.51297910083946,0.5055461704938481,0.2563403592094663,0.2546060719328905,99.28384438924007,0.486985815316752,0.0,0.1,0.6,False,0.0,8,578.2172000981906
2025-07-15 13:00:00,33.746120924068165,82.20786265106548,0.9331136671760435,0.43723906175194227,0.45975633656173354,98.60773212959046,0.9467421518784855,0.0,0.0,0.6,False,0.0,8,578.2172000981906
2025-07-15 14:00:00,32.0981874531891,78.72527716682355,1.0171914707314842,0.4376351775275655,0.39885701718076844,98.02117769255993,1.345599169059254,0.0,0.0,1.0,False,0.0,8,578.2172000981906
2025-07-15 15:00:00,31.333790550037666,80.2896341780171,0.9024732611050211,0.3505770936086972,0.2952392476959456,97.58700232830118,1.6408384167551995,0.0,0.0,1.0,False,0.0,8,578.2172000981906
2025-07-15 16:00:00,30.63042470618653,84.72734094566191,0.6718330669666029,0.24761727139249695,0.19982006849588044,97.29314928639548,1.84065848525108,0.0,0.0,0.6,False,0.0,8,578.2172000981906
2025-07-15 17:00:00,29.360191220571238,89.20332307016902,0.4415641634255698,0.15067415061955244,0.10228713945006546,97.1427270224983,1.9429456247011454,0.0,0.0,0.6,False,0.0,8,578.2172000981906
2025-07-15 18:00:00,27.92905558234935,92.6869666235347,0.27528775407459377,0.07482614554884559,0.02893516751381972,97.10017530556622,1.971880792214965,0.0,0.0,0.6,True,0.0,8,578.2172000981906
2025-07-15 19:00:00,27.17655046947175,96.04518672736091,0.14246961759338794,0.0346380097295241,0.004842056180386758,97.09305463471271,1.9767228483953518,0.0,0.0,0.6,True,0.0,8,578.2172000981906
2025-07-15 20:00:00,27.0190109418791,96.95878405517594,0.10855068644777124,0.024311266420259967,0.0028926442152285934,97.08880074616091,1.9796154926105805,0.0,0.0,0.6,True,0.0,8,578.2172000981906
2025-07-15 21:00:00,26.952959205900754,96.46621223911434,0.12564426667557896,0.0272078715274749,0.004674765232260025,97.0819260914076,1.9842902578428405,0.0,0.0,0.6,True,0.0,8,578.2172000981906
2025-07-15 22:00:00,26.688047030242032,96.01038433387,0.1396607705836943,0.030946554576175764,0.0048846421512847875,97.0747427941263,1.9891748999941252,0.0,0.0,0.6,True,0.0,8,578.2172000981906
2025-07-15 23:00:00,26.80742718521609,95.6515516241611,0.15329400732134754,0.032570103741545293,0.0033473794373878145,97.0698201773066,1.992522279431513,0.0,0.0,0.6,True,0.0,8,578.2172000981906
2025-07-16 00:00:00,26.785720323074383,96.01039524449337,0.1404645762034687,0.030535370119000902,0.005140378846642944,97.06226079664977,1.9976626582781558,0.0,0.0,0.6,True,0.0,8,578.2172000981906
2025-07-16 01:00:00,26.760014070168914,96.41378309695693,0.12607163937738775,0.027454722988522112,0.005688941828419376,97.05389470572563,2.003351600106575,0.0,0.0,0.6,True,0.0,8,578.2172000981906
2025-07-16 02:00:00,26.691327997318915,97.42754753229522,0.09006883060866273,0.02002972368490674,0.0010555308725856913,97.05234245444241,2.0044071309791605,0.0,0.0,0.6,True,0.0,8,578.2172000981906
2025-07-16 03:00:00,26.383755803345153,96.1670197848073,0.13179521832565458,0.02913645723206461,4.034467569508307e-05,97.05228312403698,2.0044474756548554,0.0,0.0,0.6,True,0.0,8,578.2172000981906
2025-07-16 04:00:00,26.32483662128753,97.0258082145115,0.10191156955034814,0.022496878928250582,0.0,97.05228312403698,2.0044474756548554,0.0,0.0,0.6,True,0.0,8,578.2172000981906
2025-07-16 05:00:00,26.97068997964249,96.21368234581287,0.13476314900965597,0.03571979118740524,0.012312484724236137,97.03417652885427,2.0167599603790913,0.0,0.0,0.6,True,0.0,8,578.2172000981906
2025-07-16 06:00:00,27.24020080438354,95.04889466693827,0.17902662546809348,0.051449987874083676,0.026081490801799265,97.14288021885163,1.9428414511808905,0.0,0.1,0.6,True,0.0,8,578.2172000981906
2025-07-16 07:00:00,29.448707287288386,90.8501454263416,0.37612544317100094,0.15341011955199685,0.15025788554333136,96.92191274011144,2.093099336724222,0.0,0.0,0.6,True,0.0,8,578.2172000981906
2025-07-16 08:00:00,30.598522456790946,86.92481843239172,0.5741209546595162,0.2408732574574512,0.22892805787594206,96.58525383147034,2.322027394600164,0.0,0.0,0.6,False,0.0,8,578.2172000981906
2025-07-16 09:00:00,32.187285245640055,83.79707979274312,0.7786035378453718,0.3415080223923723,0.33727436685290446,96.0892621155102,2.6593017614530683,0.0,0.0,0.6,False,0.0,8,578.2172000981906
2025-07-16 10:00:00,33.106945721841804,77.97737383340912,1.1144332211009862,0.48226125494945266,0.4665081482806572,95.55027954450924,3.0258099097337254,0.0,0.1,1.0,False,0.0,8,578.2172000981906
2025-07-16 11:00:00,33.94654821971566,77.35896637916423,1.2007558513165018,0.5316217169308615,0.5212330571023905,94.93081916641748,3.4470429668361158,0.0,0.1,1.0,False,0.0,8,578.2172000981906
2025-07-16 12:00:00,33.521206820869466,75.94072922943501,1.2460501298748006,0.5300378763149172,0.49182564429215375,94.3546049836349,3.8388686111282695,0.0,0.1,1.0,False,0.0,8,578.2172000981906
2025-07-16 13:00:00,33.838785798540854,73.88267795010908,1.3768265649495597,0.5766657133170572,0.5343591047282115,93.5687827707993,4.373227715856481,0.0,0.0,1.0,False,0.0,8,578.2172000981906
2025-07-16 14:00:00,32.9636309380444,74.49878291170552,1.2801344178528105,0.5136598724408235,0.45359349119183295,93.48996881316425,4.426821207048314,0.0,0.4,1.0,False,0.0,8,578.2172000981906
2025-07-16 15:00:00,32.49115714705617,76.65885000423835,1.1409958411398222,0.4410834728006698,0.3792926757407666,93.07924429001606,4.706113882789081,0.0,0.1,1.0,False,0.0,8,578.2172000981906
2025-07-16 16:00:00,31.4035268182254,78.91945818425202,0.9690382395197197,0.3316258463167298,0.253017752209308,92.70715936029649,4.959131634998389,0.0,0.0,1.0,False,0.0,8,578.2172000981906
2025-07-16 17:00:00,30.189798353250925,86.31986127795972,0.5868062682119329,0.1896801885771459,0.12931315799722126,92.51699295147704,5.0884447929956105,0.0,0.0,0.6,False,0.0,8,578.2172000981906
2025-07-16 18:00:00,27.947284581636914,92.37534354518915,0.28732326431521377,0.0816062103631842,0.025426544220228955,92.47960097468258,5.11387133721584,0.0,0.0,0.6,True,0.0,8,578.2172000981906
2025-07-16 19:00:00,27.457116228403503,94.61241567331379,0.19729757497213113,0.0451680401404947,0.009791421306220478,92.46520182570285,5.123662758522061,0.0,0.0,0.6,True,0.0,8,578.2172000981906
2025-07-16 20:00:00,27.620215551347155,93.48118353917367,0.24101003102008087,0.051086164376533044,0.017438657629457077,92.43955674095365,5.141101416151518,0.0,0.0,0.6,True,0.0,8,578.2172000981906
2025-07-16 21:00:00,27.44144383713756,94.93617136251457,0.18527153783890443,0.0411559018239106,0.012599633189849514,92.42102786861564,5.153701049341367,0.0,0.0,0.6,True,0.0,8,578.2172000981906
2025-07-16 22:00:00,27.181952094241314,95.9642363511844,0.14543182048912753,0.03268393744162186,0.006762246788333349,92.41108338804456,5.1604632961297,0.0,0.0,0.6,True,0.0,8,578.2172000981906
2025-07-16 23:00:00,26.9606942644111,96.36517048929007,0.12929549820921263,0.028836456353841345,0.007364775202985365,92.40025283627547,5.167828071332686,0.0,0.0,0.6,True,0.0,8,578.2172000981906
2025-07-17 00:00:00,26.80041543272121,97.28595740702497,0.09563758501294521,0.021520051881707646,0.004998783021694606,92.39290168477297,5.17282685435438,0.0,0.0,0.6,True,0.0,8,578.2172000981906
2025-07-17 01:00:00,26.70321621892726,97.26480184203515,0.09583398645653685,0.021027063550672267,0.005406521611595408,92.3849509176971,5.178233375965975,0.0,0.0,0.6,True,0.0,8,578.2172000981906
2025-07-17 02:00:00,26.564957510759623,96.3943369799665,0.12530934074936115,0.027259055832017046,0.00578712568936119,92.37644043874215,5.184020501655336,0.0,0.0,0.6,True,0.0,8,578.2172000981906
2025-07-17 03:00:00,26.428425171733995,96.95065330559952,0.10512672557565085,0.02336475943874052,0.001574316822052399,92.37412526694501,5.185594818477389,0.0,0.0,0.6,True,0.0,8,578.2172000981906
2025-07-17 04:00:00,26.039822929902304,96.87661709836696,0.10523804709049486,0.024038910750475637,0.0007741457958037657,93.10828093489236,4.686368964273193,0.0,0.5,0.6,True,0.0,8,578.2172000981906
2025-07-17 05:00:00,26.754975628635744,96.03597698845941,0.13931196060784265,0.03574456858744006,0.0020890791460325344,93.10520875967761,4.688458043419225,0.0,0.0,0.6,True,0.0,8,578.2172000981906
2025-07-17 06:00:00,28.476368432675507,92.19487653217125,0.3033108777220799,0.11825457013445545,0.10935199969630932,96.03263228953598,2.6978100431155347,0.0,2.1,0.6,True,0.0,8,578.2172000981906
2025-07-17 07:00:00,28.71511769271533,92.0925515323945,0.3115694339660172,0.1401012760706037,0.1264324504332674,96.14081986242823,2.624242493548802,0.0,0.2,0.6,True,0.0,8,578.2172000981906
2025-07-17 08:00:00,31.545758049941075,86.99466725936365,0.6026773165771856,0.281180425155467,0.2836585821628582,96.01779253571814,2.70790107571166,0.0,0.2,0.6,False,0.0,8,578.2172000981906
2025-07-17 09:00:00,33.55201478494225,83.1410411980314,0.8746440055457629,0.4156563378358684,0.41328860162861236,95.70413282744077,2.9211896773402724,0.0,0.2,0.6,False,0.0,8,578.2172000981906
2025-07-17 10:00:00,33.860019882761726,78.27834382685583,1.1464564450185113,0.5378468099247057,0.511989375011126,95.24532492301265,3.233179052351398,0.0,0.2,1.0,False,0.0,8,578.2172000981906
2025-07-17 11:00:00,34.616089412364374,74.23830786191766,1.4180434700024964,0.6320780389057147,0.5878834682239317,94.52784923444804,3.72106252057533,0.0,0.1,1.0,False,0.0,8,578.2172000981906
2025-07-17 12:00:00,34.66080828392832,73.20280087349956,1.4787026073669947,0.6453245090525398,0.5905902668820365,93.65933413609211,4.3116527874573665,0.0,0.0,1.0,False,0.0,8,578.2172000981906
2025-07-17 13:00:00,34.46505019934507,72.07559231221462,1.5242680809571265,0.6438434541780684,0.5741204393879298,92.81503937228632,4.885773226845297,0.0,0.0,1.0,False,0.0,8,578.2172000981906
2025-07-17 14:00:00,34.078100778494935,71.96950339599927,1.4975110705314136,0.5927642244257142,0.502840625673953,92.07556786394228,5.388613852519249,0.0,0.0,1.0,False,0.0,8,578.2172000981906
2025-07-17 15:00:00,33.2284692805917,72.4503179549618,1.4036480033593826,0.5164923182615432,0.41172797223271457,91.47008555183534,5.800341824751964,0.0,0.0,1.0,False,0.0,8,578.2172000981906
2025-07-17 16:00:00,31.990032557367588,76.68482123880878,1.1079601260199492,0.3824475663911212,0.27087255974670255,91.07174355220783,6.071214384498667,0.0,0.0,1.0,False,0.0,8,578.2172000981906
2025-07-17 17:00:00,30.511094443070323,84.59783058774477,0.6729282070111144,0.21510237622417525,0.12362528084383738,90.88994166861396,6.194839665342505,0.0,0.0,0.6,False,0.0,8,578.2172000981906
2025-07-17 18:00:00,28.519873494329328,90.23249701631684,0.3805290005269487,0.10077739713929505,0.024812753840956644,90.8534523247302,6.219652419183461,0.0,0.0,0.6,True,0.0,8,578.2172000981906
2025-07-17 19:00:00,27.980144315362136,92.06443618318927,0.2996121743464452,0.06736109909937311,0.01593531142382241,90.83001804322458,6.235587730607284,0.0,0.0,0.6,True,0.0,8,578.2172000981906
2025-07-17 20:00:00,27.70124176112227,91.93852477200204,0.2994574081194715,0.06565107573095774,0.020838943919808037,90.79937253746016,6.256426674527092,0.0,0.0,0.6,True,0.0,8,578.2172000981906
2025-07-17 21:00:00,27.49093997450295,92.34422760647499,0.2809152960251258,0.061571150137309016,0.015600636580555244,90.77643042484169,6.272027311107648,0.0,0.0,0.6,True,0.0,8,578.2172000981906
2025-07-17 22:00:00,27.14265000685922,93.386501350523,0.23777426163496915,0.052951625681504466,0.007186593056432902,90.76586190564106,6.279213904164081,0.0,0.0,0.6,True,0.0,8,578.2172000981906
2025-07-17 23:00:00,26.75299492875249,93.39970700695545,0.23193425313089674,0.0514717430502687,0.006615404075885941,90.75613337023533,6.2858293082399666,0.0,0.0,0.6,True,0.0,8,578.2172000981906
2025-07-18 00:00:00,26.425657797712415,93.97494512478953,0.20768088406471752,0.0461939430839895,0.008592130790280988,90.74349788377904,6.2944214390302475,0.0,0.0,0.6,True,0.0,8,578.2172000981906
2025-07-18 01:00:00,26.26214527825641,95.01972715385475,0.17002069168211323,0.03763394031153724,0.0017350375594956694,90.74094635795625,6.2961564765897435,0.0,0.0,0.6,True,0.0,8,578.2172000981906
2025-07-18 02:00:00,26.199645265407273,95.97333972655237,0.13695941568103684,0.0301078918475763,0.0018935778618440846,90.73816168463001,6.298050054451588,0.0,0.0,0.6,True,0.0,8,578.2172000981906
2025-07-18 03:00:00,26.165977681355194,96.46937359162584,0.11984930743179548,0.02616364521846224,0.0,90.73816168463001,6.298050054451588,0.0,0.0,0.6,True,0.0,8,578.2172000981906
2025-07-18 04:00:00,25.938031367469243,96.92008363157282,0.10315089124860047,0.02320718755564071,0.0,90.73816168463001,6.298050054451588,0.0,0.0,0.6,True,0.0,8,578.2172000981906
2025-07-18 05:00:00,26.78124181075657,96.03352777751773,0.13961338694777195,0.03648449984974352,0.005073617890188645,90.73070048185032,6.303123672341776,0.0,0.0,0.6,True,0.0,8,578.2172000981906
2025-07-18 06:00:00,29.205386891425217,91.3222494848751,0.35174982959009526,0.1297759233427006,0.10418741086813828,90.57748370116188,6.4073110832099145,0.0,0.0,0.6,True,0.0,8,578.2172000981906
2025-07-18 07:00:00,31.131419499406594,87.22888034271033,0.5780610529189288,0.2491991803474166,0.22418564787144496,90.24779892488036,6.631496731081359,0.0,0.0,0.6,False,0.0,8,578.2172000981906
2025-07-18 08:00:00,32.904832710914604,83.76402028991815,0.8123442806569303,0.371551275844767,0.3546937075545019,89.87324935494726,6.886190438635862,0.0,0.1,0.6,False,0.0,8,578.2172000981906
2025-07-18 09:00:00,33.3612676214059,76.03311819794253,1.230215271432252,0.5303633872977818,0.4790850346771,89.31577136277505,7.265275473312962,0.0,0.1,1.0,False,0.0,8,578.2172000981906
2025-07-18 10:00:00,33.99051227374659,73.43653494669397,1.4122335688147931,0.6050123924379209,0.5427910686706894,88.51754920296521,7.808066541983651,0.0,0.0,1.0,False,0.0,8,578.2172000981906
2025-07-18 11:00:00,34.121649555657406,73.44034730762783,1.4223743785662826,0.6047182557010592,0.5351559992943918,88.02467273341465,8.143222541278043,0.0,0.2,1.0,False,0.0,8,578.2172000981906
2025-07-18 12:00:00,34.94648701823313,72.4047136299622,1.547011719406652,0.6596459049678751,0.5934459447017791,87.1519581088532,8.736668485979822,0.0,0.0,1.0,False,0.0,8,578.2172000981906
2025-07-18 13:00:00,34.87673133806239,72.88284295759557,1.5143538606998261,0.6309765416219488,0.5569046350710877,86.48003952786631,9.19357312105091,0.0,0.1,1.0,False,0.0,8,578.2172000981906
2025-07-18 14:00:00,33.93918673627415,75.26326850444343,1.3113622991902583,0.5440295273239596,0.47110037450889986,85.93430368300028,9.564673495559811,0.0,0.1,1.0,False,0.0,8,578.2172000981906
2025-07-18 15:00:00,32.4975939657613,78.79344581704854,1.0370251986084755,0.40552319573270396,0.3322198204765463,86.62221571171123,9.096893316036356,0.0,0.8,1.0,False,0.0,8,578.2172000981906
2025-07-18 16:00:00,31.699173569920053,79.67728320583804,0.9499938067147148,0.3268235032742829,0.24911469636556313,86.25587056999717,9.346008012401919,0.0,0.0,1.0,False,0.0,8,578.2172000981906
2025-07-18 17:00:00,30.432693511218833,86.34496368440699,0.5939277185531211,0.1961164607940105,0.1366163615709338,86.05496415592228,9.482624373972852,0.0,0.0,0.6,False,0.0,8,578.2172000981906
2025-07-18 18:00:00,28.654242437919923,93.51081427944929,0.25478698048237464,0.07300674298069422,0.02053507063783502,86.02476552263134,9.503159444610688,0.0,0.0,0.6,True,0.0,8,578.2172000981906
2025-07-18 19:00:00,28.15511614581225,94.25600675519787,0.2190876377867936,0.04944347538875717,0.008414589612269268,86.0123911261427,9.511574034222956,0.0,0.0,0.6,True,0.0,8,578.2172000981906
2025-07-18 20:00:00,27.935695565969404,94.72362043661107,0.1986979372312524,0.04388948041949151,0.006975520803524254,86.002133007314,9.51854955502648,0.0,0.0,0.6,True,0.0,8,578.2172000981906
2025-07-18 21:00:00,27.81326835126921,95.17944853083436,0.18024170468372527,0.03953744648288453,0.0071057879008958975,85.99168331922445,9.525655342927376,0.0,0.0,0.6,True,0.0,8,578.2172000981906
2025-07-18 22:00:00,27.66329498684093,96.08614305208059,0.14506532565961772,0.032189743743383556,0.0045961910827807765,85.98492421469095,9.530251534010157,0.0,0.0,0.6,True,0.0,8,578.2172000981906
2025-07-18 23:00:00,27.382533131042724,97.43077256683047,0.09367764128214125,0.021699595544370825,0.0015234420359410326,85.98268385875573,9.531774976046098,0.0,0.0,0.6,True,0.0,8,578.2172000981906
2025-07-19 00:00:00,27.25592541371095,97.845322746771,0.07798257664374764,0.01743331684332475,0.0017991496875475956,85.9800380503917,9.533574125733645,0.0,0.0,0.6,True,0.0,8,578.2172000981906
2025-07-19 01:00:00,27.088717374826658,97.39592888223385,0.09332832537414888,0.02059891189682997,0.0024912036516895877,85.9763745156098,9.536065329385336,0.0,0.0,0.6,True,0.0,8,578.2172000981906
2025-07-19 02:00:00,26.898209928224773,97.30019066758352,0.09568405513414617,0.02129741555816877,0.004767451192893652,85.96936355797318,9.54083278057823,0.0,0.0,0.6,True,0.0,8,578.2172000981906
2025-07-19 03:00:00,26.70189989899427,97.28339704305533,0.09517509388850776,0.02122919211654339,0.004901902057652528,85.96215487847665,9.545734682635882,0.0,0.0,0.6,True,0.0,8,578.2172000981906
2025-07-19 04:00:00,26.377265342902525,97.68416355718641,0.07959848697734785,0.018422249620810054,0.004916945868612711,85.95492407572868,9.550651628504495,0.0,0.0,0.6,True,0.0,8,578.2172000981906
2025-07-19 05:00:00,26.618112328984694,96.48871273418713,0.12241177380408183,0.033243278489664296,0.014557925028674869,85.93351536245122,9.565209553533169,0.0,0.0,0.6,True,0.0,8,578.2172000981906
2025-07-19 06:00:00,29.067522449700284,92.34881986893932,0.3076795557304177,0.113264164049259,0.1028921246726403,85.78220341440321,9.66810167820581,0.0,0.0,0.6,True,0.0,8,578.2172000981906
2025-07-19 07:00:00,31.092579210630042,88.02946690392905,0.5406282177207048,0.23620009534666733,0.23573631461246677,85.43553236350253,9.903837992818277,0.0,0.0,0.6,False,0.0,8,578.2172000981906
2025-07-19 08:00:00,32.952674698838635,85.07251132938603,0.7488838007587142,0.3450693213359597,0.35090685240168484,84.91949287467652,10.254744845219962,0.0,0.0,0.6,False,0.0,8,578.2172000981906
2025-07-19 09:00:00,33.54175461959965,80.07211495605016,1.0332676956458906,0.4710545127809108,0.46544276269329177,84.23501822365698,10.720187607913253,0.0,0.0,1.0,False,0.0,8,578.2172000981906
2025-07-19 10:00:00,33.91682418003551,79.11922037539256,1.10556950719314,0.4825066567306692,0.4589284349191734,83.5601234664229,11.179116042832426,0.0,0.0,1.0,False,0.0,8,578.2172000981906
2025-07-19 11:00:00,35.0032633059256,77.04054099879245,1.291170051986259,0.5641797761519188,0.5445933939090551,82.75925082832134,11.723709436741482,0.0,0.0,1.0,False,0.0,8,578.2172000981906
2025-07-19 12:00:00,34.96997589493466,76.41905451098407,1.323682742835594,0.5760777062384452,0.5456998008545456,81.95675112118231,12.269409237596028,0.0,0.0,1.0,False,0.0,8,578.2172000981906
2025-07-19 13:00:00,34.70681861458923,77.19115782973566,1.2618323723966898,0.537641819860767,0.501882590665329,81.21868848785094,12.771291828261356,0.0,0.0,1.0,False,0.0,8,578.2172000981906
2025-07-19 14:00:00,33.03894412847003,78.2236756147156,1.0977763648596,0.4621318397016569,0.41433104780728097,80.75643694695789,13.085622876068637,0.0,0.1,1.0,False,0.0,8,578.2172000981906
2025-07-19 15:00:00,32.66126361235966,81.56929554025685,0.9096212830626492,0.36685875407742863,0.3215139239740565,80.4306811764078,13.307136800042693,0.0,0.1,1.0,False,0.0,8,578.2172000981906
2025-07-19 16:00:00,31.949296672113594,82.88142620801868,0.8116205119126898,0.2933715024020314,0.2224097309844476,80.10360804260715,13.52954653102714,0.0,0.0,1.0,False,0.0,8,578.2172000981906
2025-07-19 17:00:00,29.98251527616246,89.06161966678864,0.4636573354452097,0.14594478975411504,0.06872688891624947,80.44371555890677,13.298273419943389,0.0,0.3,0.6,False,0.0,8,578.2172000981906
2025-07-19 18:00:00,28.381788660830264,96.23796075213109,0.14539437164765115,0.046968085020109386,0.013427305946574396,80.42396952075005,13.311700725889963,0.0,0.0,0.6,True,0.0,8,578.2172000981906
2025-07-19 19:00:00,28.343680384438823,97.85348326854403,0.08277468388835171,0.01858705199218434,0.003071944956776614,80.41945195463714,13.31477267084674,0.0,0.0,0.6,True,0.0,8,578.2172000981906
2025-07-19 20:00:00,28.315383631356273,98.29852483627089,0.06550509744015283,0.014408373549408278,0.001843831874839798,80.41674043717416,13.31661650272158,0.0,0.0,0.6,True,0.0,8,578.2172000981906
2025-07-19 21:00:00,28.22105939797526,98.23755982962227,0.06748130773134066,0.01489259397980135,0.003435881016847457,80.4116876709729,13.320052383738426,0.0,0.0,0.6,True,0.0,8,578.2172000981906
2025-07-19 22:00:00,27.924788890427262,98.22325340290082,0.06686623610481641,0.015490748989649613,0.0033295066519218636,80.40679133766125,13.323381890390348,0.0,0.0,0.6,True,0.0,8,578.2172000981906
2025-07-19 23:00:00,27.79468703831632,98.67472934240422,0.049498561846052704,0.011308264524324613,0.002040214938391217,80.40379102157537,13.32542210532874,0.0,0.0,0.6,True,0.0,8,578.2172000981906
2025-07-20 00:00:00,26.639799958433766,98.17510195845601,0.06370148632234697,0.017543895547926566,0.003212982832365179,84.22259545858661,10.728635088161104,0.0,2.6,0.6,True,0.0,8,578.2172000981906
2025-07-20 01:00:00,26.500299775167715,97.3377939844455,0.0921693919354707,0.02011533280221702,0.003145873466090935,86.12973387996001,9.431780961627194,0.0,1.3,0.6,True,0.0,8,578.2172000981906
2025-07-20 02:00:00,26.23820163999235,98.22697333348448,0.06044360749943367,0.014241297843628386,0.0014839973607819656,87.89225741325298,8.233264958987977,0.0,1.2,0.6,True,0.0,8,578.2172000981906
2025-07-20 03:00:00,26.23340201285478,98.29220946914285,0.05820317968856339,0.012609437853868349,0.0,89.95108094266475,6.833264958987977,0.0,1.4,0.6,True,0.0,8,578.2172000981906
2025-07-20 04:00:00,26.007598205428778,98.64793407592134,0.04546930021767094,0.010694637558040366,0.0011972480774384033,93.18461440137439,4.634462207065415,0.0,2.2,0.6,True,0.0,8,578.2172000981906
2025-07-20 05:00:00,26.065947209706973,98.18544296042721,0.061233430325589304,0.01402646054175872,0.0021562067231259774,94.94614939148744,3.4366184137885405,0.0,1.2,0.6,True,0.0,8,578.2172000981906
2025-07-20 06:00:00,27.215885145644727,96.29846433364627,0.13365306739241561,0.03723600072566807,0.02419261478230399,95.79292495798406,2.8608110285708443,0.0,0.6,0.6,True,0.0,8,578.2172000981906
2025-07-20 07:00:00,28.740210309023674,94.16486196768908,0.23025054306065387,0.10949065374098041,0.11453363171343367,97.83037549958195,1.4753446602842781,0.0,1.5,0.6,True,0.0,8,578.2172000981906
2025-07-20 08:00:00,28.928971538992414,94.60068312605395,0.21539305145652948,0.11434973856479531,0.11883588661775928,99.82524134320919,0.11883588661775928,0.0,1.9,0.6,True,0.0,8,578.6418554379063
2025-07-20 09:00:00,29.337941979568466,94.1655519349356,0.23831235065960257,0.12080069281946389,0.12566700628371716,99.81519557899453,0.12566700628371716,0.0,1.2,0.6,True,0.0,8,579.7230195512885
2025-07-20 10:00:00,33.62591045801214,87.98968269007558,0.6256729170679554,0.33419903807127826,0.3923084684860584,99.42307578163815,0.3923084684860584,0.0,0.6,0.6,False,0.0,8,580.1973525450048
2025-07-20 11:00:00,32.17450484082378,85.28571344566245,0.7065600191983104,0.3757719780616483,0.38811184894339834,99.4292472809656,0.38811184894339834,0.0,7.4,1.0,False,0.0,8,587.2050440765188
2025-07-20 12:00:00,31.839954214969776,87.19024322588125,0.6035882626070596,0.33417038793075377,0.3492822096935749,99.4863496916271,0.3492822096935749,0.0,0.6,1.0,False,0.0,8,587.4169322275754
2025-07-20 13:00:00,32.895425189425346,87.55207396450045,0.6224855680617365,0.32142247952895353,0.33826577050338685,99.43007649971035,0.38754798019696174,0.0,0.3,0.6,False,0.0,8,587.4169322275754
2025-07-20 14:00:00,31.470901264996694,86.31015315044608,0.6317105655791776,0.29122009756256656,0.2742932687592166,99.3208216927115,0.46184124895617834,0.0,0.2,1.0,False,0.0,8,587.4169322275754
2025-07-20 15:00:00,32.06306619254397,87.26822147569568,0.6075282265968048,0.2700350301156127,0.2618055483477589,99.08287235690597,0.6236467973039372,0.0,0.1,0.6,False,0.0,8,587.4169322275754
2025-07-20 16:00:00,30.89171767760482,84.9721525860799,0.6709890597497923,0.2590319376258133,0.21331227979269088,98.91623665132849,0.7369590770966281,0.0,0.1,1.0,False,0.0,8,587.4169322275754
2025-07-20 17:00:00,29.693717708684108,90.26571246577548,0.4058313277864233,0.13657133164383314,0.08451512215152136,98.79194970698802,0.8214741992481495,0.0,0.0,0.6,True,0.0,8,587.4169322275754
2025-07-20 18:00:00,28.180687492410843,93.57960857596578,0.2452512711777125,0.06872599941764838,0.017744382018845324,98.76585502754853,0.8392185812669948,0.0,0.0,0.6,True,0.0,8,587.4169322275754
2025-07-20 19:00:00,28.04933848636112,96.17014936593282,0.14518208643876934,0.03274564963759096,0.0036569950597669263,98.7604770936371,0.8428755763267617,0.0,0.0,0.6,True,0.0,8,587.4169322275754
2025-07-20 20:00:00,28.01591149739317,96.72649415466796,0.12385092431925554,0.027067419258958912,0.0,98.7604770936371,0.8428755763267617,0.0,0.0,0.6,True,0.0,8,587.4169322275754
2025-07-20 21:00:00,27.64869912996137,97.89334628690042,0.07801565798954138,0.018581982997465017,0.0008090365701075193,98.75928733397518,0.8436846128968692,0.0,0.0,0.6,True,0.0,8,587.4169322275754
2025-07-20 22:00:00,27.82339563556453,98.24487955567314,0.06566318256760625,0.01368322346826783,0.0026599081015663524,98.75537570441406,0.8463445209984356,0.0,0.0,0.6,True,0.0,8,587.4169322275754
2025-07-20 23:00:00,27.497228392023363,98.66773612038995,0.04890308442779204,0.011852993660465275,0.0018039143420272709,98.7527228892052,0.8481484353404629,0.0,0.0,0.6,True,0.0,8,587.4169322275754
2025-07-21 00:00:00,27.398325599775934,98.65864172538777,0.048953007352636385,0.010914918315123957,0.001988004955272416,98.74979935250627,0.8501364402957353,0.0,0.0,0.6,True,0.0,8,587.4169322275754
2025-07-21 01:00:00,26.874023617554148,97.66675669273508,0.08257521935550496,0.019279984985142253,0.005747349372343481,99.035465015194,0.6558837896680787,0.0,0.2,0.6,True,0.0,8,587.4169322275754
2025-07-21 02:00:00,26.48076377394041,96.21483846078434,0.13089703246392415,0.02911947386496226,0.010265383459334554,99.02036886304792,0.6661491731274133,0.0,0.0,0.6,True,0.0,8,587.4169322275754
2025-07-21 03:00:00,26.37909729699587,96.25095986038203,0.1288735867013122,0.028193684268168186,0.009150605453253004,99.00691209032256,0.6752997785806663,0.0,0.0,0.6,True,0.0,8,587.4169322275754
2025-07-21 04:00:00,26.406953813908977,97.26005088890676,0.09434075460271242,0.020612435355351722,0.005081746991440623,98.9994389329822,0.6803815255721068,0.0,0.0,0.6,True,0.0,8,587.4169322275754
2025-07-21 05:00:00,26.897190244643223,96.93120054534717,0.10875493826764225,0.030469294240960107,0.014790650769561072,98.97768797596814,0.695172176341668,0.0,0.0,0.6,True,0.0,8,587.4169322275754
2025-07-21 06:00:00,29.17883208963184,92.22590952802908,0.3146377480985387,0.11536394570464403,0.10666696486586323,98.82082479234187,0.8018391412075312,0.0,0.0,0.6,True,0.0,8,587.4169322275754
2025-07-21 07:00:00,31.340103562818495,87.14765354369139,0.5886779643373135,0.24423480968408617,0.23870118812071808,98.46979363334081,1.0405403293282494,0.0,0.0,0.6,False,0.0,8,587.4169322275754
2025-07-21 08:00:00,32.78080879951985,83.65336281605951,0.8122042850913659,0.3464406382533172,0.33698636702458307,98.12128427006937,1.2775266963528324,0.0,0.1,0.6,False,0.0,8,587.4169322275754
2025-07-21 09:00:00,33.26661816190039,78.06446525429281,1.1199985619696589,0.4788529957888374,0.45497670278008556,97.59925970715747,1.6325033991329179,0.0,0.1,1.0,False,0.0,8,587.4169322275754
2025-07-21 10:00:00,34.685882587782366,76.93195356538426,1.274692927366588,0.563676628220992,0.5550536882875764,96.78300428320516,2.1875570874204944,0.0,0.0,1.0,False,0.0,8,587.4169322275754
2025-07-21 11:00:00,34.92249313406874,75.2958807707889,1.3830944947290729,0.6063788508422473,0.5827125495951395,96.07313288674172,2.670269637015634,0.0,0.1,1.0,False,0.0,8,587.4169322275754
2025-07-21 12:00:00,34.954078272942276,76.58352871835213,1.313295432085336,0.5875190095761894,0.5697627599668768,95.23524647502572,3.2400323969825107,0.0,0.0,1.0,False,0.0,8,587.4169322275754
2025-07-21 13:00:00,34.13854875550035,75.97751282116326,1.2877090493574577,0.5193055942299529,0.4633223761582409,94.5538900394989,3.7033547731407515,0.0,0.0,1.0,False,0.0,8,587.4169322275754
2025-07-21 14:00:00,33.50155685526865,78.93958733283695,1.0895396989866308,0.4414869761649447,0.39140369526279445,94.1253551935242,3.9947584684035458,0.0,0.1,1.0,False,0.0,8,587.4169322275754
2025-07-21 15:00:00,33.11606504609808,79.3989167332983,1.043030400640637,0.3928790472311922,0.32873259923155346,93.64192490053662,4.323491067635099,0.0,0.0,1.0,False,0.0,8,587.4169322275754
2025-07-21 16:00:00,32.023557845345195,79.48471836230588,0.9767548699969819,0.3363241930656495,0.25455456924122116,93.41463876929953,4.47804563687632,0.0,0.1,1.0,False,0.0,8,587.4169322275754
2025-07-21 17:00:00,30.652038063962774,86.30927256141814,0.6029885445280986,0.1966574277864084,0.129461886434238,93.22425364219036,4.6075075233105585,0.0,0.0,1.0,False,0.0,8,587.4169322275754
2025-07-21 18:00:00,29.072118442827005,93.70433911910045,0.25323680616330596,0.06941720163691613,0.01637287311911409,93.20017588760342,4.623880396429673,0.0,0.0,0.6,True,0.0,8,587.4169322275754
2025-07-21 19:00:00,28.729997090557617,96.25282440776135,0.14777355998126956,0.03412923511756943,0.0028793517465321924,93.1959415467997,4.626759748176205,0.0,0.0,0.6,True,0.0,8,587.4169322275754
2025-07-21 20:00:00,28.586144177222163,97.08374176122489,0.11405097933364428,0.0254668946805962,0.0022738129760243773,93.19259770418789,4.629033561152229,0.0,0.0,0.6,True,0.0,8,587.4169322275754
2025-07-21 21:00:00,28.38149224893508,98.8078203011285,0.046074276163236366,0.011317942317991004,0.0,93.19259770418789,4.629033561152229,0.0,0.0,0.6,True,0.0,8,587.4169322275754
2025-07-21 22:00:00,27.76167518264633,99.1575179800824,0.03140598840535694,0.009134387866923745,0.0,100.0,0.0,0.0,6.0,0.6,True,0.0,8,588.7878986664232
2025-07-21 23:00:00,27.60021238642381,99.99939319977301,2.2408087259519688e-05,0.0008637256191298701,0.0,100.0,0.0,0.0,2.1,0.6,True,0.0,8,590.8878986664232
2025-07-22 00:00:00,27.23361893650872,99.55969646762813,0.015914765033050463,0.0045597170888182674,0.0,100.0,0.0,0.0,5.0,0.6,True,0.0,8,595.8878986664232
2025-07-22 01:00:00,27.09310076929446,98.76134658320127,0.04440399494605112,0.009821596530602673,0.0,100.0,0.0,0.0,1.4,0.6,True,0.0,8,597.2878986664232
2025-07-22 02:00:00,26.62830439720406,96.92012888311314,0.1074359916941162,0.024215060757618086,0.003176913639429267,99.99532806817732,0.003176913639429267,0.0,4.6,0.6,True,0.0,8,601.8878986664232
2025-07-22 03:00:00,26.238937491996094,98.21882963431402,0.06072386797465269,0.014872238322842284,0.0016873762441290052,99.99751856434686,0.0016873762441290052,0.0,4.7,0.6,True,0.0,8,606.5847217527838
2025-07-22 04:00:00,26.262859938128532,97.89736644761082,0.071784477452005,0.015319025277785113,0.0,100.0,0.0,0.0,3.3,0.6,True,0.0,8,609.8830343765397
2025-07-22 05:00:00,26.29894285249878,98.20163699042158,0.061527417798768955,0.015937445059230858,0.0015649197937840128,99.99769864736209,0.0015649197937840128,0.0,2.1,0.6,True,0.0,8,611.9830343765398
2025-07-22 06:00:00,27.504236780988585,95.1500852170693,0.17809757140500798,0.06563792629707964,0.05620894448247233,99.91733978752578,0.05620894448247233,0.0,0.2,0.6,True,0.0,8,612.181469456746
2025-07-22 07:00:00,29.784817618579822,91.76793000900221,0.34500405497171394,0.16068139661743655,0.16762430096062886,99.67083346258367,0.22383324544310118,0.0,0.0,0.6,True,0.0,8,612.181469456746
2025-07-22 08:00:00,31.954166715083428,86.11030048760496,0.6587154451437365,0.3090043442844162,0.31942137821250594,99.20109614168294,0.5432546236556071,0.0,0.0,0.6,False,0.0,8,612.181469456746
2025-07-22 09:00:00,33.11046238309546,82.52122334223107,0.8846705581187747,0.39152572773041894,0.3849996630151941,98.63492016666059,0.9282542866708012,0.0,0.0,0.6,False,0.0,8,612.181469456746
2025-07-22 10:00:00,33.93169713430092,77.52190420196833,1.191128741233217,0.5300972497248294,0.5104118300299479,98.17843218132242,1.2386661167007493,0.0,0.2,1.0,False,0.0,8,612.181469456746
2025-07-22 11:00:00,34.58706381868196,76.13132250829132,1.3117308974045523,0.5790256370060914,0.5434923054040591,97.52623761455175,1.6821584221048083,0.0,0.1,1.0,False,0.0,8,612.181469456746
2025-07-22 12:00:00,35.0934206248765,74.4769928938552,1.4425038496415348,0.6276067796198677,0.580762268685932,96.81923427824891,2.16292069079074,0.0,0.1,1.0,False,0.0,8,612.181469456746
2025-07-22 13:00:00,34.98841256852767,73.72702846417297,1.4762996092554783,0.6180754869971034,0.5583845579551968,96.1451393400795,2.6213052487459367,0.0,0.1,1.0,False,0.0,8,612.181469456746
2025-07-22 14:00:00,34.21014215842408,75.23307866372402,1.3329098629679628,0.5394396721464592,0.4644736200036769,95.46208989889763,3.0857788687496135,0.0,0.0,1.0,False,0.0,8,612.181469456746
2025-07-22 15:00:00,33.89071953635534,74.83406604816012,1.3305178620212517,0.5016606880388699,0.40465308851196125,94.8670118275565,3.490431957261575,0.0,0.0,1.0,False,0.0,8,612.181469456746
2025-07-22 16:00:00,32.40776324779701,78.3078494202801,1.0554183063877796,0.36563818308444296,0.2625108651334228,94.48096643765442,3.752942822394998,0.0,0.0,1.0,False,0.0,8,612.181469456746
2025-07-22 17:00:00,31.057965968618916,84.14294638631218,0.7147470746207337,0.22239363183650776,0.13212048959097067,94.28667160002064,3.8850633119859683,0.0,0.0,1.0,False,0.0,8,612.181469456746
2025-07-22 18:00:00,28.78862931334425,90.27083187025819,0.3849839207221488,0.10235743631178883,0.03799714297319222,94.23079344858947,3.9230604549591606,0.0,0.0,0.6,True,0.0,8,612.181469456746
2025-07-22 19:00:00,28.30727597990324,91.13823432191462,0.34100850134165545,0.07577419152960363,0.024013611156798686,94.19547931453536,3.947074066115959,0.0,0.0,0.6,True,0.0,8,612.181469456746
2025-07-22 20:00:00,28.086327682953645,91.72028271931029,0.3145441248289872,0.06896960623767251,0.019301290865826826,94.16709506326207,3.966375356981786,0.0,0.0,0.6,True,0.0,8,612.181469456746
2025-07-22 21:00:00,28.039561232357027,92.71899023193285,0.27585169346531463,0.06010521863459504,0.014221406931315851,94.14618122953955,3.980596763913102,0.0,0.0,0.6,True,0.0,8,612.181469456746
2025-07-22 22:00:00,27.84208007976755,94.67182421262712,0.19955684107191246,0.04450635733092525,0.002048938637213257,94.14316808448483,3.982645702550315,0.0,0.0,0.6,True,0.0,8,612.181469456746
2025-07-22 23:00:00,27.79602998520574,95.52331319681907,0.16721634314990655,0.036579336449546786,0.008625575605364326,94.13048341447694,3.991271278155679,0.0,0.0,0.6,True,0.0,8,612.181469456746
2025-07-23 00:00:00,27.55318507329413,94.77247737752444,0.19251385147980643,0.042173267275712065,0.01724879418156605,94.25217636420993,3.9085200723372453,0.0,0.1,0.6,True,0.0,8,612.181469456746
2025-07-23 01:00:00,27.129457663704812,95.29008907717581,0.16920394558409696,0.03820359393429081,0.010268454438188942,94.5311933429773,3.718788526775434,0.0,0.2,0.6,True,0.0,8,612.181469456746
2025-07-23 02:00:00,27.061705721773734,94.79707134648503,0.1861747024027634,0.04028232011703666,0.015167009833733959,94.50888891675122,3.7339555366091677,0.0,0.0,0.6,True,0.0,8,612.181469456746
2025-07-23 03:00:00,26.86136409657378,94.85515944745228,0.18194442535768693,0.04001785511824233,0.012907945197998386,94.48990664440122,3.746863481807166,0.0,0.0,0.6,True,0.0,8,612.181469456746
2025-07-23 04:00:00,26.787326909137903,95.98872200942435,0.14124097313328768,0.031144328957231085,0.005715644176721319,94.48150128531782,3.752579125983887,0.0,0.0,0.6,True,0.0,8,612.181469456746
2025-07-23 05:00:00,27.543594017167134,94.4712326696021,0.2034937228774554,0.049107437771982065,0.014966820065217329,94.45949125581014,3.7675459460491045,0.0,0.0,0.6,True,0.0,8,612.181469456746
2025-07-23 06:00:00,30.140236693189266,90.906435873933,0.3889603307956175,0.1332750389618328,0.11655400504585609,94.28808830721329,3.8840999510949605,0.0,0.0,0.6,True,0.0,8,612.181469456746
2025-07-23 07:00:00,32.01027597757965,86.43433546623113,0.6453915256089154,0.2527365615694215,0.23564229046552337,93.94155552711693,4.119742241560484,0.0,0.0,0.6,False,0.0,8,612.181469456746
2025-07-23 08:00:00,32.91465727811098,80.31477741178269,0.9854655488090747,0.4098529645494793,0.3844681423938526,93.67027884712597,4.304210383954336,0.0,0.2,1.0,False,0.0,8,612.181469456746
2025-07-23 09:00:00,33.26910181993173,79.54016544887097,1.0447965726200992,0.4386093775294726,0.40744342541161105,93.21815616269713,4.611653809365947,0.0,0.1,1.0,False,0.0,8,612.181469456746
2025-07-23 10:00:00,35.015792638386124,76.01994379336139,1.3494994764973525,0.572360070438063,0.5523397101124281,92.40589188312003,5.1639935194783755,0.0,0.0,1.0,False,0.0,8,612.181469456746
2025-07-23 11:00:00,35.90922827684597,73.54757772099924,1.563727834260744,0.6526790871449515,0.6187193932508444,91.49601042245703,5.78271291272922,0.0,0.0,1.0,False,0.0,8,612.181469456746
2025-07-23 12:00:00,36.03187410150232,72.38167376035356,1.643675797723967,0.6698249452543693,0.61779291733538,90.58749142637559,6.4005058300646,0.0,0.0,1.0,False,0.0,8,612.181469456746
2025-07-23 13:00:00,36.199647891260874,72.2421648920561,1.6672425892044922,0.6783024784750507,0.6212544089439939,89.67388200145795,7.021760239008594,0.0,0.0,1.0,False,0.0,8,612.181469456746
2025-07-23 14:00:00,35.6589776835656,73.64415660647656,1.5367390586858558,0.6116661700069045,0.5403925491676261,88.87918707621144,7.56215278817622,0.0,0.0,1.0,False,0.0,8,612.181469456746
2025-07-23 15:00:00,34.60317045149418,75.25275181189646,1.3612286389386683,0.50072221166507,0.38654956151347686,88.31073183869162,7.948702349689697,0.0,0.0,1.0,False,0.0,8,612.181469456746
2025-07-23 16:00:00,33.622640451228555,77.30457711773785,1.1820935909413846,0.3960251110831954,0.2737260941370989,87.90819346496059,8.222428443826796,0.0,0.0,1.0,False,0.0,8,612.181469456746
2025-07-23 17:00:00,32.446996347777194,84.86766980225896,0.7378831842387317,0.22909247103428104,0.1147569544346115,87.73943323785088,8.337185398261408,0.0,0.0,1.0,False,0.0,8,612.181469456746
2025-07-23 18:00:00,30.740117454820084,88.38016721667393,0.5143575325971877,0.12729081748482599,0.032006403924695434,87.69236499678514,8.369191802186103,0.0,0.0,1.0,False,0.0,8,612.181469456746
2025-07-23 19:00:00,29.48683889257885,90.53629615299447,0.38988212132060474,0.08989903913877303,0.03454486340837845,87.64156372706694,8.403736665594481,0.0,0.0,0.6,True,0.0,8,612.181469456746
2025-07-23 20:00:00,28.84269603226775,91.87824780341492,0.3223854569159882,0.07259777138460977,0.01844630736309476,87.61443680447415,8.422182972957575,0.0,0.0,0.6,True,0.0,8,612.181469456746
2025-07-23 21:00:00,28.899433812390548,94.85273421689084,0.20498763418108903,0.04512429022018382,0.006933261253999236,87.6042408320418,8.429116234211575,0.0,0.0,0.6,True,0.0,8,612.181469456746
2025-07-23 22:00:00,29.012857926276308,96.40408863484768,0.14414768021198154,0.03125475996359379,0.0,87.6042408320418,8.429116234211575,0.0,0.0,0.6,True,0.0,8,612.181469456746
2025-07-23 23:00:00,28.7332082181331,97.94246699199455,0.08115592960520061,0.019127222391183887,0.0010578888368849477,87.60268511316403,8.43017412304846,0.0,0.0,0.6,True,0.0,8,612.181469456746
2025-07-24 00:00:00,28.7103998817604,98.32021148669418,0.06616897704109978,0.014511163831696622,0.001682055243789865,87.6002115025114,8.43185617829225,0.0,0.0,0.6,True,0.0,8,612.181469456746
2025-07-24 01:00:00,28.525716573695657,96.47785414934427,0.13726465347834446,0.029668655840679792,0.007501373746754286,87.58918007053087,8.439357552039004,0.0,0.0,0.6,True,0.0,8,612.181469456746
2025-07-24 02:00:00,28.17638400538928,95.67566108348254,0.16514324292173274,0.03667880171158326,0.005403109071888547,87.58123432189574,8.444760661110893,0.0,0.0,0.6,True,0.0,8,612.181469456746
2025-07-24 03:00:00,28.13740698106618,94.63422414583052,0.2044509619160295,0.04394050146193649,0.009934089168284463,87.56662536723651,8.454694750279177,0.0,0.0,0.6,True,0.0,8,612.181469456746
2025-07-24 04:00:00,27.811857826982315,95.20228847216528,0.17937296003427597,0.04013642940348061,0.0027728379460657984,87.56254766437463,8.457467588225244,0.0,0.0,0.6,True,0.0,8,612.181469456746
2025-07-24 05:00:00,28.453926913561208,93.6981191030491,0.2445754728785739,0.058298435766688195,0.014721016041514379,87.54089911137241,8.472188604266758,0.0,0.0,0.6,True,0.0,8,612.181469456746
2025-07-24 06:00:00,31.28813005424174,88.369087437081,0.5311621430001666,0.15838108985567098,0.09344616975538343,87.40347827349684,8.565634774022142,0.0,0.0,0.6,False,0.0,8,612.181469456746
2025-07-24 07:00:00,33.64138741469616,83.58572364387256,0.8558346734123176,0.3098121768052835,0.26843002580529934,87.00872823554788,8.834064799827441,0.0,0.0,0.6,False,0.0,8,612.181469456746
2025-07-24 08:00:00,32.9019255839603,80.91376995458576,0.9547967063508979,0.32809659294786275,0.20761973164636377,86.70340510077381,9.041684531473805,0.0,0.0,1.0,False,0.0,8,612.181469456746
2025-07-24 09:00:00,35.89703404016082,75.74369852402894,1.4329450149322676,0.5649919244994281,0.5079064842598572,85.95648380039167,9.549591015733663,0.0,0.0,1.0,False,0.0,8,612.181469456746
2025-07-24 10:00:00,36.69044622765481,72.18351792892365,1.7162176640347073,0.6785169378899423,0.5945533147775769,85.08214069042465,10.14414433051124,0.0,0.0,1.0,False,0.0,8,612.181469456746
2025-07-24 11:00:00,37.204182523180826,69.45982219048132,1.9377548472939654,0.7520379766451583,0.6518009105039998,84.12360993968346,10.79594524101524,0.0,0.0,1.0,False,0.0,8,612.181469456746
2025-07-24 12:00:00,37.06356873399957,69.30269214871753,1.9328786397442592,0.7412865123132334,0.6387692279850671,83.18424342794071,11.434714469000307,0.0,0.0,1.0,False,0.0,8,612.181469456746
2025-07-24 13:00:00,37.086435462028454,68.19477503857048,2.0051339271801507,0.7418473196711085,0.6127150695384779,82.28319185509002,12.047429538538784,0.0,0.0,1.0,False,0.0,8,612.181469456746
2025-07-24 14:00:00,36.53803187475534,68.94820792254403,1.8999462303347265,0.6833921820851656,0.558565084149337,81.46177261369394,12.605994622688122,0.0,0.0,1.0,False,0.0,8,612.181469456746
2025-07-24 15:00:00,35.276897776745415,71.48149839904185,1.6282084329291087,0.5624766630304754,0.44961575788572195,80.80057296974434,13.055610380573844,0.0,0.0,1.0,False,0.0,8,612.181469456746
2025-07-24 16:00:00,34.27010847693647,77.63180662771084,1.207833718090769,0.3939515445857242,0.2796388745779519,80.38933933065913,13.335249255151796,0.0,0.0,1.0,False,0.0,8,612.181469456746
2025-07-24 17:00:00,32.871441276449694,83.69187290784161,0.8144259744451897,0.24133269044888,0.12621476482769298,80.20372938238309,13.46146401997949,0.0,0.0,1.0,False,0.0,8,612.181469456746
2025-07-24 18:00:00,31.25211844279113,87.99942355155329,0.5469238234420691,0.13351579931185062,0.04388081080434041,80.13919877825907,13.50534483078383,0.0,0.0,1.0,False,0.0,8,612.181469456746
2025-07-24 19:00:00,30.22551875392003,90.49561497554649,0.4085231615070714,0.09334461910448891,0.02743587206827429,80.09885190757043,13.532780702852104,0.0,0.0,0.6,True,0.0,8,612.181469456746
2025-07-24 20:00:00,29.812304029711946,93.51378808428154,0.2722651173239062,0.06158947527079731,0.0008445501194070733,80.09760992210072,13.533625252971511,0.0,0.0,0.6,True,0.0,8,612.181469456746
2025-07-24 21:00:00,29.435754302063863,95.83843553984516,0.17094292670597522,0.03923811034852507,0.0045834302570808855,80.09086958348736,13.538208683228593,0.0,0.0,0.6,True,0.0,8,612.181469456746
2025-07-24 22:00:00,29.53042155209487,97.86303275503899,0.0882591413441607,0.01945239224136919,0.00451723643648889,80.08422658872783,13.54272591966508,0.0,0.0,0.6,True,0.0,8,612.181469456746
2025-07-24 23:00:00,29.3481796845614,97.54897405772444,0.10017306476297194,0.022216784639242267,0.001811207961984463,80.08156304760725,13.544537127627065,0.0,0.0,0.6,True,0.0,8,612.181469456746
2025-07-25 00:00:00,28.229267585788442,98.14675471565671,0.07099196886124827,0.019493907683208172,0.0058974115059670824,94.92583156009849,3.450434539133032,0.0,10.1,0.6,True,0.0,8,612.181469456746
2025-07-25 01:00:00,27.436080021744875,99.52428843500113,0.017399517461403467,0.006911376306392441,0.0006013807236365541,99.99911561658288,0.0006013807236365541,0.0,6.2,0.6,True,0.0,8,614.9310349176129
2025-07-25 02:00:00,27.33185397411894,96.73918333308659,0.1185419356138748,0.02501002498111889,0.00933293078231297,99.98627510179071,0.00933293078231297,0.0,0.2,0.6,True,0.0,8,615.1304335368893
2025-07-25 03:00:00,27.186871045550806,97.4026451527476,0.09362463926466033,0.020961196012759538,0.0024714894930234405,99.98264055841862,0.01180442027533641,0.0,0.0,0.6,True,0.0,8,615.1304335368893
2025-07-25 04:00:00,27.20198063071237,98.62600728543369,0.049571003438043056,0.011071084273032664,0.0028604006945114704,99.97843408680905,0.01466482096984788,0.0,0.0,0.6,True,0.0,8,615.1304335368893
2025-07-25 05:00:00,27.04633109381581,98.48522321676047,0.05415391636374178,0.014077724773105635,0.005824006822095625,99.99143528408516,0.005824006822095625,0.0,0.2,0.6,True,0.0,8,615.3157687159195
2025-07-25 06:00:00,28.46153215541192,94.60609289698208,0.20942948582187515,0.07568921718788643,0.07097564603487644,99.88705933403386,0.07679965285697206,0.0,0.0,0.6,True,0.0,8,615.3157687159195
2025-07-25 07:00:00,28.33130726462543,94.48015827307957,0.21270504542782617,0.07424363430411302,0.059862227324675464,99.7990266467917,0.13666188018164752,0.0,0.0,0.6,True,0.0,8,615.3157687159195
2025-07-25 08:00:00,30.05129721775649,91.1504834548356,0.37659696263221565,0.15696041413099507,0.1531301409213246,99.57383526308386,0.2897920211029721,0.0,0.0,0.6,True,0.0,8,615.3157687159195
2025-07-25 09:00:00,32.940223079921815,84.39086466820663,0.7825337672963594,0.3526666598409284,0.3557555429935521,99.05066534691687,0.6455475640965243,0.0,0.0,0.6,False,0.0,8,615.3157687159195
2025-07-25 10:00:00,34.460834386140085,75.23985172229547,1.3512292283881207,0.5818314537312731,0.5563468094847962,98.23250827414512,1.2018943735813203,0.0,0.0,1.0,False,0.0,8,615.3157687159195
2025-07-25 11:00:00,35.481458473660844,73.52331707519227,1.5287745667109283,0.6399867925891107,0.5998839028349469,97.35032606409374,1.8017782764162673,0.0,0.0,1.0,False,0.0,8,615.3157687159195
2025-07-25 12:00:00,35.60202666525124,73.10819576523328,1.5630843798761311,0.6505575928647342,0.602964695962915,96.46361327591296,2.404742972379182,0.0,0.0,1.0,False,0.0,8,615.3157687159195
2025-07-25 13:00:00,35.82342985241683,72.20322889652616,1.6354739413678223,0.6593852061846809,0.6027620151884041,95.57719854769473,3.0075049875675863,0.0,0.0,1.0,False,0.0,8,615.3157687159195
2025-07-25 14:00:00,35.40615319893563,71.64905722659749,1.6302178670675633,0.6190559962089801,0.5423325856499065,94.77965062762134,3.5498375732174927,0.0,0.0,1.0,False,0.0,8,615.3157687159195
2025-07-25 15:00:00,34.16634101330213,73.67515643737842,1.4133081627353454,0.4942486097658487,0.39964512284948966,94.1919372116662,3.9494826960669824,0.0,0.0,1.0,False,0.0,8,615.3157687159195
2025-07-25 16:00:00,33.484376434506764,77.97738557088869,1.138224842444106,0.38360916757845254,0.29697102273026954,93.75521511941581,4.246453718797252,0.0,0.0,1.0,False,0.0,8,615.3157687159195
2025-07-25 17:00:00,32.273641568059276,81.34328175860855,0.9008946877704581,0.2608895763922644,0.1751206016007398,93.49768482294412,4.421574320397991,0.0,0.0,1.0,False,0.0,8,615.3157687159195
2025-07-25 18:00:00,30.497021227796168,80.29928374286244,0.8600418909772379,0.1983630452417543,0.11308570218421214,93.33138231973204,4.534660022582203,0.0,0.0,1.0,False,0.0,8,615.3157687159195
2025-07-25 19:00:00,29.642893794611,86.0131737030791,0.5814219191782625,0.13117579863938764,0.05968593022650455,93.24360889292836,4.594345952808708,0.0,0.0,0.6,False,0.0,8,615.3157687159195
2025-07-25 20:00:00,28.90886307957861,92.49005633402275,0.29924339328816596,0.06986872398262742,0.013762013633498412,93.22337063758499,4.608107966442207,0.0,0.0,0.6,True,0.0,8,615.3157687159195
2025-07-25 21:00:00,28.382071347722583,97.27911583990661,0.10515779063718037,0.026354682353582737,0.007795183469870046,93.21190713248224,4.615903149912077,0.0,0.0,0.6,True,0.0,8,615.3157687159195
2025-07-25 22:00:00,27.702185376182726,98.59497413951847,0.05219498419834138,0.014080675357047774,0.004121773958538925,93.20584570019027,4.6200249238706155,0.0,0.0,0.6,True,0.0,8,615.3157687159195
2025-07-25 23:00:00,27.144806962267307,98.060097341629,0.06975388608471461,0.01673043109119874,0.0069245333557092,93.19566256290246,4.626949457226325,0.0,0.0,0.6,True,0.0,8,615.3157687159195
2025-07-26 00:00:00,27.196109389833204,97.27812121969927,0.09816636111288185,0.020761811404825914,0.005857370073665974,93.18704878338237,4.632806827299991,0.0,0.0,0.6,True,0.0,8,615.3157687159195
2025-07-26 01:00:00,26.999551840849175,97.26734695391647,0.09742581533406028,0.02172126255925905,0.005804841315260105,93.3255710755658,4.538611668615252,0.0,0.1,0.6,True,0.0,8,615.3157687159195
2025-07-26 02:00:00,26.797529142689985,97.32563520081045,0.0942234361171406,0.021074532094157265,0.003928338334056163,93.4668529309569,4.442540006949308,0.0,0.1,0.6,True,0.0,8,615.3157687159195
2025-07-26 03:00:00,26.794074353478308,97.36920783708591,0.09266946799376416,0.020043070420094032,0.0027835978797892597,93.46275940466309,4.445323604829097,0.0,0.0,0.6,True,0.0,8,615.3157687159195
2025-07-26 04:00:00,26.659285305492734,97.89040407348564,0.07372385266237291,0.01656891730705253,0.0,93.46275940466309,4.445323604829097,0.0,0.0,0.6,True,0.0,8,615.3157687159195
2025-07-26 05:00:00,26.782566419295573,97.34200911993057,0.09356424931707667,0.02341494531146741,0.0030120267877421156,93.60538877703407,4.348335631616839,0.0,0.1,0.6,True,0.0,8,615.3157687159195
2025-07-26 06:00:00,27.122011167150063,94.89719432145313,0.18323873066730112,0.06126206212165236,0.04631415494817256,97.21375031387498,1.8946497865650118,0.0,2.5,0.6,True,0.0,8,615.3157687159195
2025-07-26 07:00:00,27.670701326214527,93.82389346384798,0.22901356340263043,0.09218054394617368,0.08084085801264113,99.88111638527553,0.08084085801264113,0.0,2.0,0.6,True,0.0,8,615.4211189293545
2025-07-26 08:00:00,30.766706713492848,90.19104061969382,0.43485732166571156,0.20347935847143764,0.22440502138019075,99.66999261561736,0.22440502138019075,0.0,0.1,0.6,True,0.0,8,615.4402780713418
2025-07-26 09:00:00,33.889442643673874,86.46902929521708,0.7153287972891068,0.3551604388678398,0.40136596662586654,99.37386619410874,0.4257709880060573,0.0,0.2,0.6,False,0.0,8,615.4402780713418
2025-07-26 10:00:00,33.8616435143041,82.8786371473889,0.9037374050547556,0.43782782170024315,0.45878478790287486,98.99330032954569,0.6845557759089321,0.0,0.2,1.0,False,0.0,8,615.4402780713418
2025-07-26 11:00:00,35.584218437239265,79.88316405223956,1.1681444454454397,0.5557404497342283,0.5915507291135189,98.56454925731992,0.9761065050224511,0.0,0.3,1.0,False,0.0,8,615.4402780713418
2025-07-26 12:00:00,35.35763277413781,79.43049178866607,1.1796159591442086,0.5432595829993796,0.5450292282626501,99.19848642902551,0.5450292282626501,0.0,2.6,1.0,False,0.0,8,617.0641715663194
2025-07-26 13:00:00,34.046007488247,81.38549773630676,0.9926930554603037,0.438280678326842,0.4122328336367131,99.39377524465189,0.4122328336367131,0.0,2.8,1.0,False,0.0,8,619.3191423380567
2025-07-26 14:00:00,32.78240410713544,82.18974041686378,0.885005617346627,0.3917993604812069,0.36552287651436044,99.46246635806712,0.36552287651436044,0.0,3.7,1.0,False,0.0,8,622.6069095044201
2025-07-26 15:00:00,31.499848325675238,85.91401579201667,0.6510582947618412,0.24550282337796586,0.1882309947708807,99.72318971357224,0.1882309947708807,0.0,0.9,1.0,False,0.0,8,623.1413866279057
2025-07-26 16:00:00,30.46591088245255,89.12516874420668,0.47390134003363665,0.165626271435959,0.1115979583559974,99.83588535535883,0.1115979583559974,0.0,1.5,0.6,False,0.0,8,624.4531556331349
2025-07-26 17:00:00,30.45382014442741,90.37082570248812,0.4193284312513399,0.14343512004143896,0.10441495960933143,99.68233394416863,0.21601291796532884,0.0,0.0,0.6,True,0.0,8,624.4531556331349
2025-07-26 18:00:00,28.96864110625444,94.5341713498059,0.21854701504487944,0.061767401359538815,0.016716267640838688,99.65775119763799,0.23272918560616754,0.0,0.0,0.6,True,0.0,8,624.4531556331349
2025-07-26 19:00:00,28.704185663500333,96.8381098834647,0.12450600010862344,0.028694197761120116,0.00936560418420342,99.64397825030828,0.24209478979037097,0.0,0.0,0.6,True,0.0,8,624.4531556331349
2025-07-26 20:00:00,28.201785401802756,96.95947609256186,0.1162869343366801,0.026998894549595143,0.0049910740471883815,99.636638435533,0.24708586383755934,0.0,0.0,0.6,True,0.0,8,624.4531556331349
2025-07-26 21:00:00,27.74056264050941,96.46061644520255,0.13177850448765174,0.029951921175496176,0.0064051309097650855,99.62721912537158,0.25349099474732445,0.0,0.0,0.6,True,0.0,8,624.4531556331349
2025-07-26 22:00:00,27.741774198113685,97.97060711233465,0.07556379768827227,0.016832857823098346,0.0,100.0,0.0,0.0,0.3,0.6,True,0.0,8,624.4996646383876
2025-07-26 23:00:00,27.546359759043487,97.94264202179447,0.07573606673667266,0.017055805019412135,0.0,100.0,0.0,0.0,0.7,0.6,True,0.0,8,625.1996646383876
2025-07-27 00:00:00,27.09606405001085,98.72175023964869,0.0458314298477091,0.011753202273160658,5.985039650539261e-05,99.99991198471102,5.985039650539261e-05,0.0,2.3,0.6,True,0.0,8,627.4996646383876
2025-07-27 01:00:00,26.534907354029126,98.24728545585158,0.06080527287381947,0.01491586935725483,0.001199707128828203,99.99823572481054,0.001199707128828203,0.0,9.0,0.6,True,0.0,8,636.4996047879911
2025-07-27 02:00:00,26.450589167573654,96.63291622236463,0.1162324445865649,0.02487675552622933,0.0,100.0,0.0,0.0,0.9,0.6,True,0.0,8,637.3984050808623
2025-07-27 03:00:00,26.527217237735677,98.34349282217289,0.057441628092921845,0.012695591536066907,0.0,100.0,0.0,0.0,0.3,0.6,True,0.0,8,637.6984050808622
2025-07-27 04:00:00,26.51750894730704,97.09772743871605,0.10058271680054261,0.021354390279102256,0.0,100.0,0.0,0.0,0.3,0.6,True,0.0,8,637.9984050808622
2025-07-27 05:00:00,26.548644660427993,96.40272664235519,0.12489778035241078,0.030462540078771392,0.005109506591456708,99.99248601971844,0.005109506591456708,0.0,0.1,0.6,True,0.0,8,638.0984050808622
2025-07-27 06:00:00,27.255485242308932,93.37234536462552,0.23986342456717788,0.06396720743584136,0.03728842255886157,99.94516408447225,0.03728842255886157,0.0,0.9,0.6,True,0.0,8,638.9932955742707
2025-07-27 07:00:00,28.018493531411472,94.14468005631319,0.22156545332990132,0.08122480156051723,0.06671727635350086,99.90188635830367,0.06671727635350086,0.0,0.9,0.6,True,0.0,8,639.8560071517119
2025-07-27 08:00:00,29.483993733337726,91.93846872928721,0.3320615379935596,0.15780190965674754,0.16283689112499494,99.7605339836397,0.16283689112499494,0.0,2.1,0.6,True,0.0,8,641.8892898753584
2025-07-27 09:00:00,30.404343719461444,90.56894922437239,0.40954047179752406,0.19696155604370666,0.2020268673530459,99.70290166565728,0.2020268673530459,0.0,0.8,0.6,True,0.0,8,642.5264529842334
2025-07-27 10:00:00,32.10233286643273,88.48195891158646,0.5508318978338302,0.27099800504754434,0.29126377666855063,99.5716709166639,0.29126377666855063,0.0,0.6,0.6,False,0.0,8,642.9244261168803
2025-07-27 11:00:00,32.153880115682156,86.14490360291417,0.6645288736808949,0.3234096215933489,0.33157836192838513,99.51238476187002,0.33157836192838513,0.0,0.5,1.0,False,0.0,8,643.1331623402118
2025-07-27 12:00:00,31.451169824745662,85.72426092620935,0.6580092043548708,0.30315197620987444,0.2907790704033869,99.57238371999502,0.2907790704033869,0.0,5.3,1.0,False,0.0,8,648.1015839782834
2025-07-27 13:00:00,33.170095544008824,85.34809704367619,0.7440733477175101,0.3381144169674826,0.3458631784394035,99.49137767876557,0.3458631784394035,0.0,0.9,0.6,False,0.0,8,648.7108049078801
2025-07-27 14:00:00,31.648429760989245,84.69467034345865,0.7134003922852079,0.3064226997399189,0.27503101363187793,99.38103795283635,0.4208941920712814,0.0,0.2,1.0,False,0.0,8,648.7108049078801
2025-07-27 15:00:00,32.2553506497367,86.83952072878846,0.6348373528696568,0.2820333743907241,0.2738790507072574,99.59723669013638,0.2738790507072574,0.0,0.6,0.6,False,0.0,8,648.8899107158088
2025-07-27 16:00:00,29.09744923616634,90.38099514713565,0.3874815088405379,0.1705015362150599,0.13572680956779473,99.80040175063559,0.13572680956779473,0.0,8.0,1.0,True,0.0,8,656.6160316651016
2025-07-27 17:00:00,28.420164464619635,94.57835233168238,0.21000181674494675,0.07348116866851594,0.04855348466433068,99.9285978166701,0.04855348466433068,0.0,0.4,0.6,True,0.0,8,656.8803048555337
2025-07-27 18:00:00,27.159603379556444,98.11313382851786,0.06790568429013703,0.025799941569181372,0.004786019517952506,99.99296173600301,0.004786019517952506,0.0,10.7,0.6,True,0.0,8,667.5317513708694
2025-07-27 19:00:00,26.82825146617301,98.30343994223931,0.059881325928374786,0.014162310164559063,1.3207139593906037e-05,99.9999805777359,1.3207139593906037e-05,0.0,4.2,0.6,True,0.0,8,671.7269653513515
2025-07-27 20:00:00,26.755006152892406,97.94149056045669,0.0723445599636574,0.015765578148547066,0.0,100.0,0.0,0.0,2.4,0.6,True,0.0,8,674.1269521442119
2025-07-27 21:00:00,26.695876044603207,98.75277899276537,0.04368041247032933,0.009908679396660416,0.0,100.0,0.0,0.0,1.8,0.6,True,0.0,8,675.9269521442119
2025-07-27 22:00:00,26.698082201279963,98.71808860103033,0.04490117049068278,0.009679591800067883,0.0,100.0,0.0,0.0,2.0,0.6,True,0.0,8,677.9269521442119
2025-07-27 23:00:00,26.599996073950543,98.70179860722969,0.04521015023555576,0.010098890442941466,0.0002466057879930869,99.99963734442943,0.0002466057879930869,0.0,1.6,0.6,True,0.0,8,679.5269521442119
2025-07-28 00:00:00,26.187236828756074,97.58545599535334,0.08206612698151539,0.018706847180996296,0.00720079265341984,99.98941059903909,0.00720079265341984,0.0,0.9,0.6,True,0.0,8,680.4267055384239
2025-07-28 01:00:00,26.000038012134613,99.99987849032067,4.084483934570429e-06,0.0015618512995556645,0.0,100.0,0.0,0.0,3.8,0.6,True,0.037169707631420565,8,684.2195047457705
2025-07-28 02:00:00,25.838344270915425,99.52984740876397,0.015653500673672306,0.003752969807078649,0.0,100.0,0.0,0.0,1.4,0.6,True,0.0,8,685.6195047457704
2025-07-28 03:00:00,25.673704211317812,99.0987481644302,0.029715578827200263,0.006826263596329386,9.098480598254979e-05,99.99986619881473,9.098480598254979e-05,0.0,2.7,0.6,True,0.0,8,688.3195047457705
2025-07-28 04:00:00,25.736733374985185,99.54985611572913,0.014897422968399174,0.00315295875803974,0.0,100.0,0.0,0.0,5.2,0.6,True,0.0,8,693.5194137609645
2025-07-28 05:00:00,26.024906161698407,99.95182627835298,0.00162171633068913,0.0014911540901399367,0.0,100.0,0.0,0.0,5.1,0.6,True,0.18393111812800325,8,698.6194137609646
2025-07-28 06:00:00,27.074901062682937,96.23142492989504,0.13495407325154632,0.03957213570079916,0.028067676175604784,99.9587240056241,0.028067676175604784,0.0,3.3,0.6,True,0.0,8,701.9194137609645
2025-07-28 07:00:00,27.188289536133986,95.87252707014586,0.1487918675558663,0.05263543350249046,0.04049216680147467,99.94045269588018,0.04049216680147467,0.0,4.3,0.6,True,0.0,8,706.191346084789
2025-07-28 08:00:00,29.1104921794087,92.92333916698051,0.28528327455256597,0.14980025062225777,0.16122983479202163,99.76289730177645,0.16122983479202163,0.0,2.5,0.6,True,0.0,8,708.6508539179874
2025-07-28 09:00:00,28.03288638032305,94.58614300659634,0.20503220324821386,0.09589190334966198,0.08327476127762766,99.87753711576819,0.08327476127762766,0.0,5.3,0.6,True,0.0,8,713.7896240831955
2025-07-28 10:00:00,28.77796217370457,93.0033760067818,0.2766860490493633,0.1247682876293188,0.12209754314839813,99.82044478948765,0.12209754314839813,0.0,0.7,0.6,True,0.0,8,714.4063493219178
2025-07-28 11:00:00,31.265545540592033,88.76832525446109,0.5122719715837055,0.242794709807715,0.2627856157199233,99.58105417813482,0.28488315886832144,0.0,0.1,0.6,False,0.0,8,714.4063493219178
2025-07-28 12:00:00,32.77035909773354,86.9761326432731,0.6467282567556913,0.31228141713118895,0.3308127551486623,99.51351065419314,0.3308127551486623,0.0,0.3,0.6,False,0.0,8,714.4214661630494
2025-07-28 13:00:00,34.36341609100651,80.77681833297339,1.0434040683442962,0.4993312668583021,0.5287189359392814,99.03010045428243,0.6595316910879437,0.0,0.2,1.0,False,0.0,8,714.4214661630494
2025-07-28 14:00:00,33.480739669249694,82.53571418745061,0.9024470673031707,0.409290603058041,0.3968952114471928,98.74054867274245,0.8564269025351365,0.0,0.2,1.0,False,0.0,8,714.4214661630494
2025-07-28 15:00:00,30.13315603773763,86.94345404159155,0.5582429909148224,0.24351880373662751,0.19977838702054587,99.70620825438155,0.19977838702054587,0.0,8.1,1.0,False,0.0,8,721.6650392605143
2025-07-28 16:00:00,29.569374477668163,91.87207736476059,0.33644570868592794,0.1562272381726363,0.14376905327879588,99.78857492164883,0.14376905327879588,0.0,1.7,0.6,True,0.0,8,723.1652608734937
2025-07-28 17:00:00,28.776333723419178,93.35239900055785,0.26285892811943395,0.10356483369643019,0.07614829647597375,99.88801721106474,0.07614829647597375,0.0,0.2,0.6,True,0.0,8,723.221491820215
2025-07-28 18:00:00,27.80577306625613,95.40521091514238,0.17172532060030676,0.04635729831844081,0.007166634783498883,99.87747804226548,0.08331493125947263,0.0,0.0,0.6,True,0.0,8,723.221491820215
2025-07-28 19:00:00,27.416319312010813,96.91893406391158,0.11256221394371783,0.026225930572689998,0.0005058671268518597,99.87673412002012,0.08382079838632449,0.0,0.0,0.6,True,0.0,8,723.221491820215
2025-07-28 20:00:00,27.227939989132416,98.25400549438989,0.06308796130318518,0.014742895957540005,0.0,99.87673412002012,0.08382079838632449,0.0,0.0,0.6,True,0.0,8,723.221491820215
2025-07-28 21:00:00,27.096960193557397,98.701197962945,0.04657077484058703,0.010668287394367995,0.0,99.87673412002012,0.08382079838632449,0.0,0.0,0.6,True,0.0,8,723.221491820215
2025-07-28 22:00:00,26.797975911542952,98.71866152473044,0.045145405506807325,0.010801266122590615,0.0,100.0,0.0,0.0,0.8,0.6,True,0.0,8,723.9376710218287
2025-07-28 23:00:00,26.630427624803065,98.29185366933466,0.05959318206221449,0.013314993046726325,0.0,100.0,0.0,0.0,3.6,0.6,True,0.0,8,727.5376710218287
2025-07-29 00:00:00,26.431688815771423,98.2992888328149,0.05864357132475456,0.013358903368172767,0.0,100.0,0.0,0.0,4.6,0.6,True,0.0,8,732.1376710218287
2025-07-29 01:00:00,26.19997143189866,98.74690465712983,0.04262254532671698,0.010151042775873044,0.0,100.0,0.0,0.0,2.0,0.6,True,0.0,8,734.1376710218287
2025-07-29 02:00:00,25.80276827292477,98.75521254016773,0.04135740361426787,0.010291782791081222,0.0,100.0,0.0,0.0,3.7,0.6,True,0.0,8,737.8376710218288
2025-07-29 03:00:00,25.965130880344287,97.90772835638131,0.07018561429310373,0.014334745417661443,0.0,100.0,0.0,0.0,0.5,0.6,True,0.0,8,738.3376710218288
2025-07-29 04:00:00,25.86895866816314,97.87265158142999,0.07095746598726527,0.015644586795490932,0.0,100.0,0.0,0.0,1.0,0.6,True,0.0,8,739.3376710218288
2025-07-29 05:00:00,26.066465111710457,96.77140736503995,0.10895433289916731,0.027851364822855516,0.0,100.0,0.0,0.0,0.0,0.6,True,0.0,8,739.3376710218288
2025-07-29 06:00:00,27.360831243499455,93.82829895166508,0.22474337064040376,0.09194938825886648,0.07574248260990245,99.88861399616191,0.07574248260990245,0.0,0.1,0.6,True,0.0,8,739.4376710218288
2025-07-29 07:00:00,29.468234665407955,89.27383428610742,0.44141941438160237,0.19287300976282926,0.1794344136795122,99.62473985839792,0.25517689628941465,0.0,0.0,0.6,False,0.0,8,739.4376710218288
2025-07-29 08:00:00,32.08053697110263,85.177900183176,0.7079712962761484,0.32197966386894683,0.3246170589755317,99.14736183049273,0.5797939552649464,0.0,0.0,0.6,False,0.0,8,739.4376710218288
2025-07-29 09:00:00,32.93746367836117,80.12319098610848,0.996331028327139,0.4521158400739079,0.4414469096633641,98.49817519863484,1.0212408649283105,0.0,0.0,1.0,False,0.0,8,739.4376710218288
2025-07-29 10:00:00,33.924534345789475,79.28777704067377,1.0971161378960042,0.49716355906936943,0.48189542986948564,97.93656427235618,1.4031362947977961,0.0,0.1,1.0,False,0.0,8,739.4376710218288
2025-07-29 11:00:00,34.93538494092378,78.52445991777246,1.2031954636437183,0.5523680275794498,0.5581114403113276,97.26287097778071,1.8612477351091237,0.0,0.1,1.0,False,0.0,8,739.4376710218288
2025-07-29 12:00:00,35.09110955477103,78.73052543243023,1.20195017235824,0.5467207348093571,0.5421785882972348,96.75966717146125,2.2034263234063585,0.0,0.2,1.0,False,0.0,8,739.4376710218288
2025-07-29 13:00:00,33.36772782927291,81.49287086533553,0.9503106229806217,0.4430428676158465,0.427433501854961,99.37142132080152,0.427433501854961,0.0,5.5,1.0,False,0.0,8,742.7342446984225
2025-07-29 14:00:00,28.160128613966393,91.94918622110927,0.3071640138602708,0.15577654650891942,0.11863345088119594,99.82553904282177,0.11863345088119594,0.0,7.5,1.0,True,0.0,8,749.8068111965675
2025-07-29 15:00:00,29.128055901283936,92.98557048338061,0.2830614307642017,0.14445342843139083,0.15472745264647983,99.77245962846106,0.15472745264647983,0.0,4.7,0.6,True,0.0,8,754.3881777456863
2025-07-29 16:00:00,29.123862270621323,92.03302418776683,0.3214228073784145,0.14207063529493263,0.12456720431819056,99.81681293482619,0.12456720431819056,0.0,0.7,0.6,True,0.0,8,754.9334502930399
2025-07-29 17:00:00,28.838540920685844,94.1779929397204,0.23104364482440248,0.0995215380145175,0.07779446206700404,99.70240931413942,0.2023616663851946,0.0,0.0,0.6,True,0.0,8,754.9334502930399
2025-07-29 18:00:00,28.381519577033107,92.47930042128277,0.29065361492473846,0.07076190001292236,0.00707549407239019,99.69200417579766,0.2094371604575848,0.0,0.0,0.6,True,0.0,8,754.9334502930399
2025-07-29 19:00:00,27.938283418670384,94.69184256644732,0.19992476515367857,0.045595874358247454,0.0,99.69200417579766,0.2094371604575848,0.0,0.0,0.6,True,0.0,8,754.9334502930399
2025-07-29 20:00:00,27.53171777740398,95.03340588845931,0.18267537478325382,0.041040792267588055,0.0,100.0,0.0,0.0,0.6,0.6,True,0.0,8,755.3240131325823
2025-07-29 21:00:00,26.7163121110136,97.10977821962021,0.10134360075357465,0.025350110810179897,0.0005585324124162071,99.99917862880527,0.0005585324124162071,0.0,5.6,0.6,True,0.0,8,760.9240131325823
2025-07-29 22:00:00,26.433246909901957,98.27607221742068,0.05944957925869689,0.014205009575423675,0.0,100.0,0.0,0.0,1.6,0.6,True,0.0,8,762.5234546001699
2025-07-29 23:00:00,26.497404768659877,100.0,0.0,0.0010700924266565787,0.0,100.0,0.0,0.0,1.6,0.6,True,0.16711395134397544,8,764.1234546001699
2025-07-30 00:00:00,26.173681455856453,99.07466194137108,0.0314254648499889,0.007555832834847933,0.0010405879550671726,99.99846972359549,0.0010405879550671726,0.0,2.9,0.6,True,0.0,8,767.0234546001699
2025-07-30 01:00:00,26.23543920739063,99.55426085760989,0.015193054317905288,0.0032296328971534926,0.0,100.0,0.0,0.0,0.3,0.6,True,0.0,8,767.3224140122148
2025-07-30 02:00:00,26.13541399791244,99.5611227428016,0.014871099609271425,0.0035517318191365713,0.0,100.0,0.0,0.0,0.0,0.6,True,0.0,8,767.3224140122148
2025-07-30 03:00:00,25.83606528358137,99.56730080883462,0.01440456492094163,0.004121649024350055,0.0,100.0,0.0,0.0,0.8,0.6,True,0.0,8,768.1224140122148
2025-07-30 04:00:00,25.54504779932151,98.21363850416128,0.058451356272879736,0.013166110801836913,0.0010873076062911293,99.99840101822605,0.0010873076062911293,0.0,1.1,0.6,True,0.0,8,769.2224140122148
2025-07-30 05:00:00,25.875994426544057,97.52093957670289,0.08272321172856492,0.020748904260194326,0.007545701070265803,99.98890338077902,0.007545701070265803,0.0,0.1,0.6,True,0.0,8,769.3213267046085
2025-07-30 06:00:00,28.225779563037197,94.24822858831048,0.22028751509001138,0.08377832278887862,0.0823760506054252,99.87885874910967,0.0823760506054252,0.0,0.7,0.6,True,0.0,8,770.0137810035383
2025-07-30 07:00:00,28.196046301011823,94.04019427072986,0.2278608399885862,0.0958630017454121,0.08450725993226472,99.87572461774667,0.08450725993226472,0.0,0.7,0.6,True,0.0,8,770.6314049529328
2025-07-30 08:00:00,29.863559120695697,89.87931842697827,0.4260778446530253,0.2105271309801058,0.22041932502724654,99.67585393378346,0.22041932502724654,0.0,3.0,0.6,False,0.0,8,773.5468976930006
2025-07-30 09:00:00,31.30752583839357,88.6377607814799,0.5194643481145532,0.2604055524477763,0.2747749978073447,99.59591912087156,0.2747749978073447,0.0,0.3,0.6,False,0.0,8,773.6264783679733
2025-07-30 10:00:00,35.498183196757324,83.79171495016443,0.936735449967765,0.47930661558112314,0.5419815945817402,99.20296824326215,0.5419815945817402,0.0,0.3,0.6,False,0.0,8,773.6517033701659
2025-07-30 11:00:00,34.38160590667334,79.40644999524574,1.1189150547904414,0.5506131483800358,0.5612504998355766,98.67171750820984,0.9032320944173169,0.0,0.2,1.0,False,0.0,8,773.6517033701659
2025-07-30 12:00:00,31.81566733869861,80.76754249853973,0.9049777123095356,0.4331548979325363,0.4059066961164261,99.40307838806407,0.4059066961164261,0.0,13.9,1.0,False,0.0,8,786.6484712757486
2025-07-30 13:00:00,32.13146757400933,87.64509539499443,0.591826278104161,0.2904082971008181,0.2765789031576441,99.59326631888582,0.2765789031576441,0.0,0.9,0.6,False,0.0,8,787.1425645796322
2025-07-30 14:00:00,33.285154780554876,81.47696696906354,0.9467427258630813,0.4320403804474509,0.42582394859276584,99.26117227683763,0.50240285175041,0.0,0.2,1.0,False,0.0,8,787.1425645796322
2025-07-30 15:00:00,32.66384020197055,80.38403438994189,0.9682584439137756,0.38652927129425546,0.3198071310359973,98.93792649590235,0.7222099827864072,0.0,0.1,1.0,False,0.0,8,787.1425645796322
2025-07-30 16:00:00,31.337771724932075,81.36822831241041,0.8532808522703579,0.3043632557643965,0.21046775269802148,98.77547391840525,0.8326777354844288,0.0,0.1,1.0,False,0.0,8,787.1425645796322
2025-07-30 17:00:00,30.113408879998435,89.42368161391036,0.4516874687252465,0.16073262168171387,0.09511803206643037,98.63559445948404,0.9277957675508591,0.0,0.0,0.6,False,0.0,8,787.1425645796322
2025-07-30 18:00:00,28.301057319164798,95.85214731758413,0.15955535144447958,0.05019542040837891,0.0003227520781329238,98.63511982407502,0.9281185196289921,0.0,0.0,0.6,True,0.0,8,787.1425645796322
2025-07-30 19:00:00,27.874370376384697,97.45890881776185,0.09535110449657393,0.022713392226735418,0.0,98.63511982407502,0.9281185196289921,0.0,0.0,0.6,True,0.0,8,787.1425645796322
2025-07-30 20:00:00,27.82092487676669,98.28004908686495,0.06433813881416715,0.014371938926726321,0.0,98.92923747113383,0.7281185196289921,0.0,0.2,0.6,True,0.0,8,787.1425645796322
2025-07-30 21:00:00,27.49270341232005,98.73087634427583,0.04657309254793524,0.011385905510315595,0.0,98.92923747113383,0.7281185196289921,0.0,0.0,0.6,True,0.0,8,787.1425645796322
2025-07-30 22:00:00,27.194956601801515,98.72566155894948,0.04595675635679828,0.010977310038691008,0.0,98.92923747113383,0.7281185196289921,0.0,0.0,0.6,True,0.0,8,787.1425645796322
2025-07-30 23:00:00,27.132096027372636,99.57781856181015,0.015169249111933552,0.0037826433922785677,0.0,98.92923747113383,0.7281185196289921,0.0,0.0,0.6,True,0.0,8,787.1425645796322
2025-07-31 00:00:00,26.964788452635812,99.15180960746298,0.030178458477419453,0.006961476855809133,0.0,98.92923747113383,0.7281185196289921,0.0,0.0,0.6,True,0.0,8,787.1425645796322
2025-07-31 01:00:00,26.466079309181968,97.83179532257704,0.07491521331116274,0.01747438717946026,0.0,98.92923747113383,0.7281185196289921,0.0,0.0,0.6,True,0.0,8,787.1425645796322
2025-07-31 02:00:00,26.13573196325473,98.27965042555903,0.058294135420826766,0.013872204631392259,0.0,98.92923747113383,0.7281185196289921,0.0,0.0,0.6,True,0.0,8,787.1425645796322
2025-07-31 03:00:00,26.03444163129065,99.57807619000403,0.014211616254720495,0.003831589257960344,0.0,98.92923747113383,0.7281185196289921,0.0,0.0,0.6,True,0.0,8,787.1425645796322
2025-07-31 04:00:00,25.736051714955902,99.5720436854886,0.014162557885332426,0.004062232247536697,0.0,98.92923747113383,0.7281185196289921,0.0,0.0,0.6,True,0.0,8,787.1425645796322
2025-07-31 05:00:00,26.422336844730765,98.85143328086569,0.039582822693996184,0.012653235573975925,0.0,98.92923747113383,0.7281185196289921,0.0,0.0,0.6,True,0.04159865375003707,8,787.1425645796322
2025-07-31 06:00:00,28.91828721365182,92.35929023060379,0.30461990029161334,0.10848993864099957,0.07813549863404926,98.81433232608376,0.8062540182630413,0.0,0.0,0.6,True,0.0,8,787.1425645796322
2025-07-31 07:00:00,30.57081202643639,90.45291402108083,0.41854218990648756,0.19797110680265456,0.19493652598092365,98.96883743493534,0.701190544243965,0.0,0.3,0.6,True,0.0,8,787.1425645796322
2025-07-31 08:00:00,30.888297111903725,88.90827169345403,0.4951459636639561,0.23723133354813936,0.21436501482094522,98.80065358961042,0.8155555590649102,0.0,0.1,0.6,False,0.0,8,787.1425645796322
2025-07-31 09:00:00,34.58010899409888,83.50112537066398,0.9063652800327693,0.4248231980264401,0.4347193504500211,98.16136042718392,1.2502749095149313,0.0,0.0,0.6,False,0.0,8,787.1425645796322
2025-07-31 10:00:00,34.932797682673744,76.6202798132028,1.309692276532623,0.5886912953175143,0.5592659530989736,97.33891049615602,1.809540862613905,0.0,0.0,1.0,False,0.0,8,787.1425645796322
2025-07-31 11:00:00,35.43735163628456,75.11602050047182,1.433324562299057,0.6355208803940369,0.5979885965571489,96.45951550121904,2.407529459171054,0.0,0.0,1.0,False,0.0,8,787.1425645796322
2025-07-31 12:00:00,35.61776329109053,76.00134059153687,1.3961288961276859,0.6209324938638814,0.5895073941306175,95.59259286279166,2.9970368533016716,0.0,0.0,1.0,False,0.0,8,787.1425645796322
2025-07-31 13:00:00,35.64725215820485,77.00603233594788,1.339852578609753,0.5919559227421338,0.5702192468593944,94.90109397035137,3.467256100161066,0.0,0.1,1.0,False,0.0,8,787.1425645796322
2025-07-31 14:00:00,35.12444683502507,77.40846009038209,1.279013487193581,0.5405346286099214,0.5022337040594637,94.30957381732274,3.8694898042205295,0.0,0.1,1.0,False,0.0,8,787.1425645796322
2025-07-31 15:00:00,33.02580416793247,79.18822405589252,1.0483792682375204,0.4234598248996474,0.3638965496824643,99.46485801517284,0.3638965496824643,0.0,4.3,1.0,False,0.0,8,787.5730747754117
2025-07-31 16:00:00,30.644104359254012,84.32470188936927,0.6900835438788068,0.23165495495172655,0.1504276183939229,99.77878291412658,0.1504276183939229,0.0,2.9,1.0,False,0.0,8,790.1091782257292
2025-07-31 17:00:00,29.965525704117752,90.0921764484359,0.41956483698756486,0.1395367232963345,0.08127308750533159,99.65926366779522,0.2317007058992545,0.0,0.0,0.6,True,0.0,8,790.1091782257292
2025-07-31 18:00:00,29.119388313730006,92.86650744168212,0.28772209959819045,0.07252045503667007,0.02584158652318987,99.96199766687766,0.02584158652318987,0.0,0.4,0.6,True,0.0,8,790.27747751983
2025-07-31 19:00:00,26.855621387222236,97.96881899121605,0.071807364382813,0.024787648227238366,0.008754077724159214,99.987126356288,0.008754077724159214,0.0,4.7,0.6,True,0.0,8,794.9516359333068
2025-07-31 20:00:00,26.013167015908383,98.58101290546993,0.04773553606760812,0.013291428563209508,0.0029279031295439484,99.9956942601036,0.0029279031295439484,0.0,7.7,0.6,True,0.0,8,802.6428818555826
2025-07-31 21:00:00,26.069988886742017,99.12301365376773,0.029601553550902635,0.0063757930839952025,0.0,100.0,0.0,0.0,1.4,0.6,True,0.0,8,804.0399539524531
2025-07-31 22:00:00,26.532865832231156,99.56934604762354,0.014938475840248919,0.0023324849615505546,0.0,100.0,0.0,0.0,0.2,0.6,True,0.12319345151548082,8,804.2399539524531
2025-07-31 23:00:00,26.598448964398568,98.72104824657993,0.04453572255183307,0.009115861015378916,0.0,100.0,0.0,0.0,0.1,0.6,True,0.0,8,804.3399539524531
2025-08-01 00:00:00,26.423844853379595,97.02605623644968,0.102499530352584,0.02219690214928563,3.104574835684553e-05,99.9999543444877,3.104574835684553e-05,0.0,0.1,0.6,True,0.0,8,804.4399539524532
2025-08-01 01:00:00,26.16655494827995,97.86433656461949,0.07249889327419354,0.016820746538583935,0.0,100.0,0.0,0.0,0.1,0.6,True,0.0,8,804.5399229067048
2025-08-01 02:00:00,26.167160357023636,97.84690544748752,0.07309323604335373,0.015780452029481036,0.0003725886321342148,99.99945207554099,0.0003725886321342148,0.0,0.1,0.6,True,0.0,8,804.6399229067048
2025-08-01 03:00:00,26.359959597663742,97.91875996029384,0.07146214639119472,0.014788628679965079,0.0,100.0,0.0,0.0,0.1,0.6,True,0.0,8,804.7395503180727
2025-08-01 04:00:00,26.431664347764205,98.29020016894655,0.058956879759667694,0.012607036362964973,3.512854627328855e-05,99.99994834037312,3.512854627328855e-05,0.0,0.1,0.6,True,0.0,8,804.8395503180727
2025-08-01 05:00:00,26.681534184048953,97.59440202791242,0.08417828742057788,0.022055728789469434,0.0070337790008307205,99.98965620735171,0.0070337790008307205,0.0,0.1,0.6,True,0.0,8,804.9395151895264
2025-08-01 06:00:00,28.422297664564077,94.7614172823149,0.20293611327815853,0.07706537312745272,0.07388927913475465,99.89133929539007,0.07388927913475465,0.0,0.1,0.6,True,0.0,8,805.0324814105256
2025-08-01 07:00:00,29.222371047964668,91.16243180679075,0.3585791977090425,0.1452960206298887,0.13313866528726367,99.80420784516579,0.13313866528726367,0.0,0.8,0.6,True,0.0,8,805.7585921313909
2025-08-01 08:00:00,30.60943095615835,90.03487610541522,0.4378333925373877,0.19513029622125652,0.19480208760973586,99.7135263417504,0.19480208760973586,0.0,0.2,0.6,True,0.0,8,805.8254534661036
2025-08-01 09:00:00,32.55662991821348,86.88415779003547,0.6435148359833842,0.302782452192199,0.31799654543313804,99.53235802142186,0.31799654543313804,0.0,0.2,0.6,False,0.0,8,805.8306513784938
2025-08-01 10:00:00,33.54723870964723,81.44247790566801,0.9625087495701897,0.4631698201929351,0.4785828545563571,99.26973617648603,0.49657939998949513,0.0,0.3,1.0,False,0.0,8,805.8306513784938
2025-08-01 11:00:00,33.69201342760839,81.90200016838655,0.9462936350402327,0.42901614382319736,0.4239992281574445,99.23444319390155,0.5205786281469396,0.0,0.4,1.0,False,0.0,8,805.8306513784938
2025-08-01 12:00:00,34.36613083873766,81.45158867173271,1.006930377344713,0.4626881278483763,0.4700687865078823,99.13140086080173,0.5906474146548218,0.0,0.4,1.0,False,0.0,8,805.8306513784938
2025-08-01 13:00:00,33.65752147421557,82.8947585154861,0.8926649742694164,0.4004787728012792,0.38542082509176373,99.4332046689827,0.38542082509176373,0.0,0.6,1.0,False,0.0,8,805.840003963839
2025-08-01 14:00:00,33.3846312325329,81.57456050111172,0.9470109757308361,0.404136188097845,0.3706619049480204,99.45490896331174,0.3706619049480204,0.0,3.2,1.0,False,0.0,8,808.6545831387472
2025-08-01 15:00:00,32.046478904354544,82.42990483914664,0.8376152720776083,0.3319155801235457,0.27584632495071093,99.59434363977837,0.27584632495071093,0.0,1.2,1.0,False,0.0,8,809.4839212337992
2025-08-01 16:00:00,30.05968141733665,86.80377399365933,0.5618440388715099,0.22897955561955197,0.18654570312088847,99.72566808364576,0.18654570312088847,0.0,0.5,1.0,False,0.0,8,809.7080749088484
2025-08-01 17:00:00,28.804491508550708,92.85324236168988,0.2830574885029576,0.10223317235375803,0.06924537415544517,99.62383665106421,0.25579107727633366,0.0,0.0,0.6,True,0.0,8,809.7080749088484
2025-08-01 18:00:00,28.741282240562988,96.55055780987722,0.1361210704034835,0.036686650513338734,0.0058115634572330765,99.61529023421535,0.26160264073356676,0.0,0.0,0.6,True,0.0,8,809.7080749088484
2025-08-01 19:00:00,28.59967988857483,96.81579766360498,0.12462766307874103,0.0275477222816101,0.0,99.61529023421535,0.26160264073356676,0.0,0.0,0.6,True,0.0,8,809.7080749088484
2025-08-01 20:00:00,28.268638911773593,97.4657724071986,0.09730063065636443,0.022465272969708044,0.002413028270513407,99.6117416632293,0.2640156690040802,0.0,0.0,0.6,True,0.0,8,809.7080749088484
2025-08-01 21:00:00,28.284294091865227,97.1770497884945,0.10848465434916757,0.02327403401474078,0.0,99.7588004867587,0.16401566900408018,0.0,0.1,0.6,True,0.0,8,809.7080749088484
2025-08-01 22:00:00,27.65247727381587,96.2620053118689,0.13845960652798783,0.03190823664829557,0.00011596572777893811,99.99982946216504,0.00011596572777893811,0.0,0.8,0.6,True,0.0,8,810.3440592398443
2025-08-01 23:00:00,26.996825722061384,97.30892049366403,0.09592827256997037,0.02337576357795585,0.004644118024783069,99.99317041466944,0.004644118024783069,0.0,7.0,0.6,True,0.0,8,817.3439432741166
2025-08-02 00:00:00,26.99557177974646,98.72580742157128,0.04541749910446887,0.010285770055604444,0.0,100.0,0.0,0.0,0.1,0.6,True,0.0,8,817.4392991560918
2025-08-02 01:00:00,26.868378708654788,99.1051577459656,0.03165863780069337,0.007400750848969613,0.000662057226540621,99.99902638643155,0.000662057226540621,0.0,0.1,0.6,True,0.0,8,817.5392991560918
2025-08-02 02:00:00,26.371777695041768,99.09192407133261,0.031201725311579342,0.008408509953907886,0.0006713710337837647,99.9990126896562,0.0006713710337837647,0.0,6.3,0.6,True,0.0,8,823.8386370988653
2025-08-02 03:00:00,26.301691491927073,98.70399814927102,0.04434731738763629,0.009693324249033398,0.0,100.0,0.0,0.0,3.7,0.6,True,0.0,8,827.5379657278315
2025-08-02 04:00:00,26.29936413513199,98.7370966790154,0.04320880188151157,0.009351818285503187,0.0,100.0,0.0,0.0,1.2,0.6,True,0.0,8,828.7379657278316
2025-08-02 05:00:00,26.20601492791625,97.75422872857108,0.07641448694666444,0.018036315041191985,0.00252360954306716,99.9962888094955,0.00252360954306716,0.0,1.1,0.6,True,0.0,8,829.8379657278316
2025-08-02 06:00:00,27.326132379334698,95.61569401068427,0.15933128969914298,0.0573320005166104,0.050848634347168895,99.92522259654828,0.050848634347168895,0.0,2.8,0.6,True,0.0,8,832.6354421182886
2025-08-02 07:00:00,27.925903307535346,93.83057538467337,0.23219573770924484,0.0963004002519339,0.08861037439312305,99.86969062589247,0.08861037439312305,0.0,4.3,0.6,True,0.0,8,836.8845934839413
2025-08-02 08:00:00,29.046786609447896,91.37600376877076,0.34638459960483226,0.1552698666177774,0.15322025638371614,99.77467609355337,0.15322025638371614,0.0,0.9,0.6,True,0.0,8,837.6959831095483
2025-08-02 09:00:00,28.635917224791974,93.45116972484782,0.25685594144066604,0.12008167605462389,0.11080349477042294,99.83705368416115,0.11080349477042294,0.0,1.5,0.6,True,0.0,8,839.0427628531645
2025-08-02 10:00:00,29.54711811022048,91.64243356177174,0.3455087283801491,0.15674834590775938,0.15577459828766824,99.77091970840048,0.15577459828766824,0.0,0.5,0.6,True,0.0,8,839.4319593583941
2025-08-02 11:00:00,33.12652822902065,85.81294586779795,0.7187101737551785,0.3450986376292909,0.3823113208501461,99.43777746933802,0.3823113208501461,0.0,0.2,0.6,False,0.0,8,839.4761847601064
2025-08-02 12:00:00,32.28885534370831,83.20452290128851,0.8117152571288466,0.385060445775276,0.3848915339408132,99.01881933118976,0.6672028547909593,0.0,0.1,1.0,False,0.0,8,839.4761847601064
2025-08-02 13:00:00,31.40454468000807,83.4615468332608,0.7602897312910974,0.3374023941366259,0.3142297092633974,99.29201093521418,0.4814325640543567,0.0,0.5,1.0,False,0.0,8,839.4761847601064
2025-08-02 14:00:00,30.306979833880494,88.06052566683928,0.5155882851350876,0.20558435875588993,0.1693559213552661,99.04295810969172,0.6507884854096228,0.0,0.0,0.6,False,0.0,8,839.4761847601064
2025-08-02 15:00:00,29.774339627341735,89.62306209291526,0.43463322656645287,0.16879164962118157,0.14099402218174667,98.83561395942446,0.7917825075913694,0.0,0.0,0.6,False,0.0,8,839.4761847601064
2025-08-02 16:00:00,29.70918148952733,89.98631653784274,0.4178508834204398,0.15788829239918858,0.12989740927240812,98.64458835755326,0.9216799168637775,0.0,0.0,0.6,False,0.0,8,839.4761847601064
2025-08-02 17:00:00,29.117081654252996,91.48274987459192,0.3434887910136917,0.12062286473259,0.08369207559801994,98.52151177579147,1.0053719924617974,0.0,0.0,0.6,True,0.0,8,839.4761847601064
2025-08-02 18:00:00,27.750393353559037,97.3270618085873,0.09957605825127666,0.03169670225431061,0.004658143097633697,98.51466156535378,1.0100301355594312,0.0,0.0,0.6,True,0.0,8,839.4761847601064
2025-08-02 19:00:00,27.58165139021115,97.40622940623234,0.09567970094418475,0.021299073390378898,0.002986913708550892,98.51026904519415,1.0130170492679822,0.0,0.0,0.6,True,0.0,8,839.4761847601064
2025-08-02 20:00:00,27.68137912184196,97.38826883027731,0.09690486242212064,0.020568319874102063,0.0036716205649159543,98.65192842671632,0.9166886698328982,0.0,0.1,0.6,True,0.0,8,839.4761847601064
2025-08-02 21:00:00,27.268109974641416,99.09104120465572,0.03292072450201586,0.00912187979582978,4.338254737227659e-05,98.94598227591138,0.7167320523802705,0.0,0.2,0.6,True,0.0,8,839.4761847601064
2025-08-02 22:00:00,26.767488032229117,99.13135691585023,0.03055012434777957,0.008347351960063674,0.0,99.24009992297019,0.5167320523802705,0.0,0.2,0.6,True,0.0,8,839.4761847601064
2025-08-02 23:00:00,26.763175789999615,99.1849259997463,0.028658838793072496,0.006223034736351744,0.0,100.0,0.0,0.0,1.0,0.6,True,0.0,8,839.9594527077262
2025-08-03 00:00:00,26.004992295019527,97.38065076523269,0.08807383584952454,0.021036066230796763,0.0011403939325361518,99.99832295009922,0.0011403939325361518,0.0,5.5,0.6,True,0.0,8,845.4594527077262
2025-08-03 01:00:00,25.806919174797116,98.67372553208253,0.04407559605106894,0.01060106941151641,0.0003446211458190443,99.99949320419732,0.0003446211458190443,0.0,6.6,0.6,True,0.0,8,852.0583123137936
2025-08-03 02:00:00,25.83761280305989,98.27839804776362,0.057317413830964496,0.012151084755643589,0.0,100.0,0.0,0.0,1.1,0.6,True,0.0,8,853.1579676926478
2025-08-03 03:00:00,25.575201241586658,99.08399512336014,0.030026156556194058,0.007605546335148586,0.0,100.0,0.0,0.0,2.9,0.6,True,0.0,8,856.0579676926478
2025-08-03 04:00:00,25.408455656766485,98.68938122467087,0.04253838045533981,0.009620233858707966,0.0,100.0,0.0,0.0,0.4,0.6,True,0.0,8,856.4579676926478
2025-08-03 05:00:00,25.627282611329093,98.45419862947419,0.0508272694242747,0.015141173416200995,0.00023370930395763637,99.99965630984711,0.00023370930395763637,0.0,0.1,0.6,True,0.0,8,856.5579676926478
2025-08-03 06:00:00,27.96217990317458,93.88401057221029,0.23067154596543396,0.08494783190044,0.070620339891005,99.89614655898382,0.070620339891005,0.0,0.1,0.6,True,0.0,8,856.6577339833439
2025-08-03 07:00:00,30.429406538700896,90.01162661285963,0.43436406421996043,0.200914906920462,0.20693257384116792,99.69568739141005,0.20693257384116792,0.0,0.1,0.6,True,0.0,8,856.6871136434529
2025-08-03 08:00:00,31.695165462167257,87.11728044464715,0.6020713685937624,0.2824586528326508,0.2816055724151622,99.42862037315246,0.3885381462563301,0.0,0.1,0.6,False,0.0,8,856.6871136434529
2025-08-03 09:00:00,33.0055009015139,84.5128235136379,0.7792682713619683,0.3573934291219973,0.34852434632411117,99.06314339326406,0.6370624925804413,0.0,0.1,0.6,False,0.0,8,856.6871136434529
2025-08-03 10:00:00,32.87982751538999,80.46665641701456,0.9759523120523098,0.4379537530591674,0.41200192745986397,98.7513758528819,0.8490644200403052,0.0,0.2,1.0,False,0.0,8,856.6871136434529
2025-08-03 11:00:00,33.97543330922082,76.59237438924485,1.2434104034857025,0.5465913850682801,0.527096012031114,98.27035230577732,1.1761604320714194,0.0,0.2,1.0,False,0.0,8,856.6871136434529
2025-08-03 12:00:00,32.33558126318298,82.66252817267487,0.8401197679413189,0.47706641170973596,0.47906142493807957,99.29549790450282,0.47906142493807957,0.0,4.8,1.0,False,0.0,8,860.3109532113815
2025-08-03 13:00:00,29.81742614678326,88.14610512240432,0.49772529245953817,0.23025890390587675,0.20147859193172568,99.58744115166205,0.28054001686980523,0.0,0.4,1.0,False,0.0,8,860.3109532113815
2025-08-03 14:00:00,28.943257785322935,92.53903257994477,0.29788369958273525,0.13414956606653095,0.11833290238840366,99.8259810258994,0.11833290238840366,0.0,0.3,0.6,True,0.0,8,860.3304131945117
2025-08-03 15:00:00,29.596889371519968,90.49449589818065,0.39409246284108046,0.18125088177248821,0.17555495788538336,99.71487079371502,0.19388786027378702,0.0,0.1,0.6,True,0.0,8,860.3304131945117
2025-08-03 16:00:00,29.76183130180226,90.7557922615838,0.38691117785281276,0.16708540049792533,0.15506789105795393,99.48682977745332,0.34895575133174095,0.0,0.0,0.6,True,0.0,8,860.3304131945117
2025-08-03 17:00:00,28.72093198323689,92.50404949274827,0.29545505146212075,0.10427123433496906,0.07665240327575104,99.37410565498898,0.425608154607492,0.0,0.0,0.6,True,0.0,8,860.3304131945117
2025-08-03 18:00:00,27.762685579022655,98.55105527235092,0.05401684815732019,0.020327357717774736,0.004043138692852814,99.66227750985243,0.2296512933003448,0.0,0.2,0.6,True,0.0,8,860.3304131945117
2025-08-03 19:00:00,27.394001328151,98.72233908364434,0.046616573329375584,0.011437775282247587,0.0,99.95639515691126,0.0296512933003448,0.0,0.2,0.6,True,0.0,8,860.3304131945117
2025-08-03 20:00:00,27.098189959632062,98.68762478254214,0.04706085717728847,0.011186348221044527,0.0,100.0,0.0,0.0,0.1,0.6,True,0.0,8,860.4007619012114
2025-08-03 21:00:00,26.860518078845793,97.84377772964115,0.07624981299863917,0.017022114704021398,0.0009751982577264316,99.99856588491511,0.0009751982577264316,0.0,0.0,0.6,True,0.0,8,860.4007619012114
2025-08-03 22:00:00,26.534033150604024,98.25359787374474,0.06058316392202067,0.014350815927536033,0.0,99.99856588491511,0.0009751982577264316,0.0,0.0,0.6,True,0.0,8,860.4007619012114
2025-08-03 23:00:00,26.368346348454775,99.13443865707752,0.029734897969881238,0.007278212753135428,0.0,99.99856588491511,0.0009751982577264316,0.0,0.0,0.6,True,0.0,8,860.4007619012114
2025-08-04 00:00:00,25.941631089495203,98.21853032544188,0.05967672092298476,0.014035083536210165,0.0,99.99856588491511,0.0009751982577264316,0.0,0.0,0.6,True,0.0,8,860.4007619012114
2025-08-04 01:00:00,25.544787523839947,98.21908590459154,0.05827221274491612,0.01391513574328659,0.0,100.0,0.0,0.0,0.1,0.6,True,0.0,8,860.4997867029537
2025-08-04 02:00:00,25.373882564718112,99.11297694964811,0.02873080309264378,0.007052281534210917,0.0,100.0,0.0,0.0,0.0,0.6,True,0.0,8,860.4997867029537
2025-08-04 03:00:00,25.08559297170866,97.75022064579316,0.07163216865447622,0.01599829471958188,0.0,100.0,0.0,0.0,0.0,0.6,True,0.0,8,860.4997867029537
2025-08-04 04:00:00,24.947654788375363,98.24315396670734,0.05547968916187143,0.012590352957120294,0.0,100.0,0.0,0.0,0.0,0.6,True,0.0,8,860.4997867029537
2025-08-04 05:00:00,25.2769230606028,98.00219562906803,0.06433744290914205,0.01807941125106511,0.0,100.0,0.0,0.0,0.0,0.6,True,0.0,8,860.4997867029537
2025-08-04 06:00:00,26.84624345262246,95.79668774768905,0.148515849677209,0.052287317304375684,0.04395106956320711,99.93536607417175,0.04395106956320711,0.0,0.0,0.6,True,0.0,8,860.4997867029537
2025-08-04 07:00:00,29.55085549588816,89.3035559946617,0.44229499134277894,0.2010410056590668,0.1994804231574962,99.64201251070484,0.2434314927207033,0.0,0.0,0.6,False,0.0,8,860.4997867029537
2025-08-04 08:00:00,31.719016098103594,84.71321858858526,0.7153903610080083,0.3258603473024132,0.3311922158253549,99.15496513449109,0.5746237085460582,0.0,0.0,0.6,False,0.0,8,860.4997867029537
2025-08-04 09:00:00,33.546843571981256,82.74080432038383,0.895149690128869,0.4107719231609923,0.40909167755147147,98.55335972632716,0.9837153860975296,0.0,0.0,0.6,False,0.0,8,860.4997867029537
2025-08-04 10:00:00,32.669143980637884,79.62031648842886,1.0062561735330733,0.4872468981071562,0.4727433961584868,99.30478912329635,0.4727433961584868,0.0,2.9,1.0,False,0.0,8,862.4160713168561
2025-08-04 11:00:00,31.668033668398625,83.06134495184739,0.7904090658089336,0.4081844615404795,0.3948114279013889,99.41939495896854,0.3948114279013889,0.0,6.7,1.0,False,0.0,8,868.6433279206976
2025-08-04 12:00:00,32.12448396964664,82.8324854980188,0.8220363941610723,0.35970181461372086,0.3329745310778565,99.0767853544423,0.6277859589792454,0.0,0.1,0.6,False,0.0,8,868.6433279206976
2025-08-04 13:00:00,32.42703490891433,78.38606315979827,1.052755172091813,0.467930755784381,0.4294975081768546,99.36838601738698,0.4294975081768546,0.0,0.7,1.0,False,0.0,8,868.7155419617184
2025-08-04 14:00:00,32.216405669144116,78.0654207650702,1.055761880045954,0.4563192705750119,0.40810808597815096,98.91528589094852,0.7376055941550056,0.0,0.1,1.0,False,0.0,8,868.7155419617184
2025-08-04 15:00:00,31.270152344100385,79.1979254176604,0.9490222629913163,0.3677353926690393,0.30465987717460397,98.76137430686822,0.8422654713296095,0.0,0.2,1.0,False,0.0,8,868.7155419617184
2025-08-04 16:00:00,30.570550630410587,85.12458924485367,0.6521250628927301,0.2507491673276556,0.20712693383345196,98.89795234534844,0.7493924051630615,0.0,0.3,0.6,False,0.0,8,868.7155419617184
2025-08-04 17:00:00,29.008956305681952,88.57803498019749,0.4577639540311064,0.14894553409096142,0.09972934565272511,98.75129154291797,0.8491217508157866,0.0,0.0,0.6,False,0.0,8,868.7155419617184
2025-08-04 18:00:00,27.438383673655103,94.87906955830609,0.18732721308914627,0.05306569453607025,0.009854820400403074,98.8838579835056,0.7589765712161897,0.0,0.1,0.6,True,0.0,8,868.7155419617184
2025-08-04 19:00:00,26.9264037451659,93.80342160142384,0.21997698761260367,0.04893547453567368,0.007083873957547807,98.87344052180332,0.7660604451737375,0.0,0.0,0.6,True,0.0,8,868.7155419617184
2025-08-04 20:00:00,26.449868670655547,95.20872659961371,0.16538875153220672,0.03781983578745346,0.0034510123604971346,98.86836550362612,0.7695114575342347,0.0,0.0,0.6,True,0.0,8,868.7155419617184
2025-08-04 21:00:00,26.15236091736052,96.68678040769879,0.11237891287513575,0.025758682985164642,0.0031086009799141893,98.86379403159684,0.7726200585141488,0.0,0.0,0.6,True,0.0,8,868.7155419617184
2025-08-04 22:00:00,25.81569592527794,97.24502854808834,0.09160254390472694,0.021097164834526737,0.0005508261978411712,98.86298399307061,0.77317088471199,0.0,0.0,0.6,True,0.0,8,868.7155419617184
2025-08-04 23:00:00,25.586448465376012,97.66434443174875,0.07661263981859787,0.017437997854207132,0.0016305808690423177,98.86058608002789,0.7748014655810324,0.0,0.0,0.6,True,0.0,8,868.7155419617184
2025-08-05 00:00:00,25.211691469931704,98.66267800008522,0.04290051405643867,0.010819543929922926,0.0,98.86058608002789,0.7748014655810324,0.0,0.0,0.6,True,0.0,8,868.7155419617184
2025-08-05 01:00:00,25.07292861179232,99.14906988609457,0.027072892005412654,0.006457722385591495,0.0,98.86058608002789,0.7748014655810324,0.0,0.0,0.6,True,0.0,8,868.7155419617184
2025-08-05 02:00:00,24.910962601147677,98.7000826254992,0.04096060543270438,0.009242468672548554,0.0,98.86058608002789,0.7748014655810324,0.0,0.0,0.6,True,0.0,8,868.7155419617184
2025-08-05 03:00:00,25.072301083016498,99.14506201554639,0.027199388858434724,0.0054787790674467865,0.0,98.86058608002789,0.7748014655810324,0.0,0.0,0.6,True,0.0,8,868.7155419617184
2025-08-05 04:00:00,24.974906053219026,99.12143751181043,0.027789334171612334,0.006314259016067087,0.0,98.86058608002789,0.7748014655810324,0.0,0.0,0.6,True,0.0,8,868.7155419617184
2025-08-05 05:00:00,25.36581664704626,98.00756933597691,0.06450420216247149,0.017261585697155343,0.0,98.86058608002789,0.7748014655810324,0.0,0.0,0.6,True,0.0,8,868.7155419617184
2025-08-05 06:00:00,25.821053727264033,96.94318993614446,0.1016708901360003,0.03881630803902932,0.029824926170628888,99.25790236507109,0.5046263917516612,0.0,0.3,0.6,True,0.0,8,868.7155419617184
2025-08-05 07:00:00,28.246392737686637,92.72671354189156,0.27889407032468905,0.13663273555872402,0.15041026634049262,99.62494609104095,0.2550366580921538,0.0,0.4,0.6,True,0.0,8,868.7155419617184
2025-08-05 08:00:00,29.693682204784984,90.08320541705795,0.41343936927505065,0.20837275636731525,0.22070666530625432,99.5944951126494,0.2757433233984081,0.0,0.2,0.6,True,0.0,8,868.7155419617184
2025-08-05 09:00:00,30.524196868236775,87.29296606666851,0.5555922122847549,0.2557706043638421,0.25087259628145503,99.51968247105903,0.32661591967986314,0.0,0.2,0.6,False,0.0,9,868.7155419617184
2025-08-05 10:00:00,32.61225586789083,83.87204551614468,0.7937813842854498,0.36528115605901007,0.3767618977732058,98.96562085668667,0.7033778174530689,0.0,0.0,0.6,False,0.0,9,868.7155419617184
2025-08-05 11:00:00,32.264957345257486,77.8923095187886,1.0670123604340156,0.4739548338414178,0.4427770173985786,98.46153700757111,1.0461548348516476,0.0,0.1,1.0,False,0.0,9,868.7155419617184
2025-08-05 12:00:00,31.009646935290238,80.63084236970111,0.8706552985600898,0.39708719474385784,0.36506799625778863,98.51290760130965,1.0112228311094362,0.0,0.4,1.0,False,0.0,9,868.7155419617184
2025-08-05 13:00:00,30.809566944012246,86.10073833913296,0.6176990995344094,0.288082856333543,0.27211289581757403,98.55391804863675,0.9833357269270102,0.0,0.3,0.6,False,0.0,9,868.7155419617184
2025-08-05 14:00:00,28.968655725191,90.55551674579436,0.37763082235402,0.16873861909278282,0.14457342447686425,98.48836889499431,1.0279091514038745,0.0,0.1,0.6,True,0.0,9,868.7155419617184
2025-08-05 15:00:00,29.04758182620916,90.20917527255085,0.39326857433552914,0.16895280537117002,0.14423767235469212,98.4233134944727,1.0721468237585667,0.0,0.1,0.6,True,0.0,9,868.7155419617184
2025-08-05 16:00:00,29.25795249651876,90.78894930417408,0.3745009174384134,0.16511140745160227,0.13588013826866052,98.22348976172466,1.2080269620272273,0.0,0.0,0.6,True,0.0,9,868.7155419617184
2025-08-05 17:00:00,28.311056271009974,92.79759722694791,0.27721563349410633,0.11117220884088623,0.07094724235855693,98.1191555817856,1.2789742043857841,0.0,0.0,0.6,True,0.0,9,868.7155419617184
2025-08-05 18:00:00,27.563966832701357,94.54099142827798,0.20116544742630407,0.05177223368533455,0.005595820468799075,98.11092643403738,1.2845700248545833,0.0,0.0,0.6,True,0.0,9,868.7155419617184
2025-08-05 19:00:00,27.00678522757879,95.6145657904703,0.15641789914316623,0.036146611699416714,0.0,98.11092643403738,1.2845700248545833,0.0,0.0,0.6,True,0.0,9,868.7155419617184
2025-08-05 20:00:00,26.851576495531663,96.50989714228052,0.12335461785701325,0.027491292698225492,0.002637015117161845,98.10704847062979,1.287207039971745,0.0,0.0,0.6,True,0.0,9,868.7155419617184
2025-08-05 21:00:00,26.58999046263917,96.00965860303427,0.13888272158773599,0.030750239197474234,0.00130737291110876,98.10512586340757,1.2885144128828538,0.0,0.0,0.6,True,0.0,9,868.7155419617184
2025-08-05 22:00:00,26.365552123396416,96.43239196540576,0.12253896221282198,0.027385219409362394,0.0,98.10512586340757,1.2885144128828538,0.0,0.0,0.6,True,0.0,9,868.7155419617184
2025-08-05 23:00:00,26.1715274831422,96.3945913400815,0.12242794429777515,0.02709869456402631,0.003978200301922796,98.09927556884591,1.2924926131847767,0.0,0.0,0.6,True,0.0,9,868.7155419617184
2025-08-06 00:00:00,25.84171840200684,96.88957649178143,0.10358071306902376,0.02365840265760512,0.0009235019676029815,98.09791747771709,1.2934161151523798,0.0,0.0,0.6,True,0.0,9,868.7155419617184
2025-08-06 01:00:00,25.6126435681429,97.32094808280478,0.08801309812294539,0.01992029400573364,0.0020732442580637146,98.09486858910229,1.2954893594104435,0.0,0.0,0.6,True,0.0,9,868.7155419617184
2025-08-06 02:00:00,25.3445250986065,98.24413587703124,0.05677359506565441,0.013449547046781397,0.0,98.09486858910229,1.2954893594104435,0.0,0.0,0.6,True,0.0,9,868.7155419617184
2025-08-06 03:00:00,25.245008849747236,98.24490932759235,0.056413942315515546,0.012516556841865707,0.0,98.09486858910229,1.2954893594104435,0.0,0.0,0.6,True,0.0,9,868.7155419617184
2025-08-06 04:00:00,25.34658784419647,98.20309840388958,0.05810760903561547,0.012202480835526837,0.0010635216268787499,98.09330458670982,1.2965528810373224,0.0,0.0,0.6,True,0.0,9,868.7155419617184
2025-08-06 05:00:00,25.632166482239505,97.12820917936565,0.09445427736248317,0.02407184948969885,0.006794129173065572,98.08331322027884,1.303347010210388,0.0,0.0,0.6,True,0.0,9,868.7155419617184
2025-08-06 06:00:00,27.283724451317116,92.37195372265083,0.27652571053387676,0.09512824096945802,0.07970810325128995,98.1131542449093,1.2830551134616777,0.0,0.1,0.6,True,0.0,9,868.7155419617184
2025-08-06 07:00:00,29.23256013804103,89.98393734616974,0.4066348824561376,0.1798778963483694,0.18080048272399055,97.8472711820799,1.4638555961856683,0.0,0.0,0.6,True,0.0,9,868.7155419617184
2025-08-06 08:00:00,30.966510735662446,87.52537756904941,0.5593662951121489,0.2601338537489909,0.26908215119611867,97.45156213620325,1.7329377473817869,0.0,0.0,0.6,False,0.0,9,868.7155419617184
2025-08-06 09:00:00,32.204325952126254,85.9652521138557,0.6750645349854316,0.3208949547679723,0.3275496042496113,96.96987154171853,2.060487351631398,0.0,0.0,0.6,False,0.0,9,868.7155419617184
2025-08-06 10:00:00,32.45291845992316,80.96847259142392,0.9283255464741594,0.4223595693692385,0.408147477867189,96.36965466250209,2.468634829498587,0.0,0.0,1.0,False,0.0,9,868.7155419617184
2025-08-06 11:00:00,34.54937811510138,76.23306100136743,1.303413364020968,0.6004268283632422,0.6030314048316079,95.62990259657325,2.9716662343301947,0.0,0.1,1.0,False,0.0,9,868.7155419617184
2025-08-06 12:00:00,34.5329042298736,73.83758584991581,1.4334744718226327,0.6389434452966678,0.611200209410004,94.87813758273501,3.482866443740199,0.0,0.1,1.0,False,0.0,9,868.7155419617184
2025-08-06 13:00:00,33.59868165878168,75.28841413591756,1.2853848763630802,0.5502093439103009,0.5030678761454844,94.28539070605046,3.885934319885683,0.0,0.1,1.0,False,0.0,9,868.7155419617184
2025-08-06 14:00:00,32.90920990589378,75.7308949674137,1.2145687184570895,0.49698704536419924,0.4381723678202379,93.78807840043247,4.224106687705921,0.0,0.1,1.0,False,0.0,9,868.7155419617184
2025-08-06 15:00:00,32.40154520951253,76.20722972255147,1.1572172028766001,0.43731257760099684,0.36767724599627954,93.24737656808499,4.5917839337022,0.0,0.0,1.0,False,0.0,9,868.7155419617184
2025-08-06 16:00:00,30.961357952347385,80.73015449729559,0.8638128917959201,0.3046071098850972,0.23580697814185286,93.19471924728816,4.627590911844053,0.0,0.2,1.0,False,0.0,9,868.7155419617184
2025-08-06 17:00:00,29.407765147504897,87.54022022571844,0.5109808623761981,0.15507022906215104,0.1003543427776554,93.04713933143867,4.727945254621709,0.0,0.0,0.6,False,0.0,9,868.7155419617184
2025-08-06 18:00:00,28.10176050856848,91.19156405214629,0.33493061457536394,0.08234836967473498,0.03309280305331638,92.99847344459555,4.761038057675025,0.0,0.0,0.6,True,0.0,9,868.7155419617184
2025-08-06 19:00:00,27.678865706232738,92.41072896752664,0.2815486500501926,0.06277345378594185,0.022761841244021305,92.96500014864846,4.783799898919046,0.0,0.0,0.6,True,0.0,9,868.7155419617184
2025-08-06 20:00:00,27.41721855434643,93.59301222154684,0.23408218849603402,0.05191385043288868,0.013708966661784497,92.9448399035576,4.797508865580831,0.0,0.0,0.6,True,0.0,9,868.7155419617184
2025-08-06 21:00:00,27.134999278576235,95.10918375394293,0.17576005970220204,0.03948968737609441,0.007122626424012381,92.93436545293406,4.804631492004843,0.0,0.0,0.6,True,0.0,9,868.7155419617184
2025-08-06 22:00:00,27.171176213045356,96.10570071156077,0.14024547280280641,0.030496408646701677,0.0034595942151661083,92.92927781438235,4.808091086220009,0.0,0.0,0.6,True,0.0,9,868.7155419617184
2025-08-06 23:00:00,27.007154639031565,95.60163816887014,0.1568823961326983,0.0343023928845832,0.005118073756046411,92.92175123532932,4.813209159976055,0.0,0.0,0.6,True,0.0,9,868.7155419617184
2025-08-07 00:00:00,26.72285742001161,95.47433427003608,0.15875037364216232,0.035245133779893946,0.0077794925368914435,92.91031080512802,4.820988652512947,0.0,0.0,0.6,True,0.0,9,868.7155419617184
2025-08-07 01:00:00,26.42999173790628,95.46176594239509,0.1564708029930235,0.034812588367354756,0.007382517045106787,92.89945416241463,4.828371169558054,0.0,0.0,0.6,True,0.0,9,868.7155419617184
2025-08-07 02:00:00,26.40157986913218,95.89599216281377,0.1412626955241677,0.03075265450667862,0.00728851082965876,92.88873576413572,4.835659680387712,0.0,0.0,0.6,True,0.0,9,868.7155419617184
2025-08-07 03:00:00,26.205858130854175,95.89100099901754,0.1398112749850743,0.03087005894973175,0.006957908130689511,92.87850354629647,4.842617588518402,0.0,0.0,0.6,True,0.0,9,868.7155419617184
2025-08-07 04:00:00,26.071701642057896,96.41346625520224,0.12107111479127591,0.026780535861987313,0.004315022325076788,92.87215792523018,4.846932610843479,0.0,0.0,0.6,True,0.0,9,868.7155419617184
2025-08-07 05:00:00,26.280913653072293,95.8178982604568,0.14293022584774775,0.033397154844123485,0.008592677785071905,92.85952163436978,4.8555252886285505,0.0,0.0,0.6,True,0.0,9,868.7155419617184
2025-08-07 06:00:00,27.729865001782887,93.55944588293893,0.23964541597983233,0.07479259029029896,0.055764728037849744,93.07163232843176,4.7112900166664,0.0,0.2,0.6,True,0.0,9,868.7155419617184
2025-08-07 07:00:00,28.853652636132082,91.99863999393276,0.31780799389869363,0.12456904184408114,0.11200177939414543,93.20104147638155,4.623291796060545,0.0,0.2,0.6,True,0.0,9,868.7155419617184
2025-08-07 08:00:00,29.523545415436885,90.13975743932563,0.4070779115030546,0.16831821318260898,0.15545406720869745,93.11949137754523,4.678745863269242,0.0,0.1,0.6,True,0.0,9,868.7155419617184
2025-08-07 09:00:00,32.23128908367965,85.12702993499818,0.7164716794304847,0.3286661045138468,0.3380246950647597,93.06357270833236,4.716770558334002,0.0,0.3,0.6,False,0.0,9,868.7155419617184
2025-08-07 10:00:00,31.832534789038633,82.18064630923611,0.8392851609753552,0.36867851492879833,0.34655933198395455,92.84804427894419,4.863329890317956,0.0,0.2,1.0,False,0.0,9,868.7155419617184
2025-08-07 11:00:00,32.76582127191967,84.67125751915758,0.7609877532897763,0.337286239543964,0.32985669502729553,92.65707855096286,4.993186585345251,0.0,0.2,0.6,False,0.0,9,868.7155419617184
2025-08-07 12:00:00,32.710115295159135,80.80882377454593,0.9497582719103027,0.41336296051924526,0.39242685907811,92.22703905231859,5.285613444423362,0.0,0.1,1.0,False,0.0,9,868.7155419617184
2025-08-07 13:00:00,31.067327385065592,83.85755248516759,0.727998737577073,0.31191263551534115,0.27495158589302754,94.02858083777002,4.060565030316389,0.0,1.5,1.0,False,0.0,9,868.7155419617184
2025-08-07 14:00:00,30.60628914717441,88.93281697604938,0.48616687238293477,0.21281966101570102,0.1912122590545732,94.335621633278,3.851777289370962,0.0,0.4,0.6,False,0.0,9,868.7155419617184
2025-08-07 15:00:00,32.921019481043395,85.46959066610067,0.7276692865063437,0.32665638471046327,0.3374159922133255,93.9864804682584,4.089193281584287,0.0,0.1,0.6,False,0.0,9,868.7155419617184
2025-08-07 16:00:00,29.8057806781625,86.84273318129068,0.5520822966405231,0.23007530619324795,0.18557783897931476,96.21357188152412,2.574771120563602,0.0,1.7,1.0,False,0.0,9,868.7155419617184
2025-08-07 17:00:00,28.565482976103638,93.02307353927806,0.2725316735707033,0.09723702942402121,0.06280634207558401,96.26826843729532,2.537577462639186,0.0,0.1,0.6,True,0.0,9,868.7155419617184
2025-08-07 18:00:00,26.659735032681127,99.87172143559908,0.00448305764680707,0.012602302817579476,0.0008161606345730476,97.00236231871506,2.038393623273759,0.0,0.5,0.6,True,0.0,9,868.7155419617184
2025-08-07 19:00:00,26.56740972514288,99.13586552848523,0.030036015844211103,0.0065636490903538715,0.0,97.14942114224448,1.9383936232737589,0.0,0.1,0.6,True,0.0,9,868.7155419617184
2025-08-07 20:00:00,25.81109840637596,98.6258404421459,0.04567824359371017,0.012216130160883744,0.001550687479212436,98.76478777830445,0.8399443107529712,0.0,1.1,0.6,True,0.0,9,868.7155419617184
2025-08-07 21:00:00,25.96908918734005,99.13883037041728,0.028894846236659125,0.005869693922827935,0.0,99.3530230724221,0.43994431075297113,0.0,0.4,0.6,True,0.0,9,868.7155419617184
2025-08-07 22:00:00,25.870315938926815,99.1352119706523,0.028847223657079597,0.006563242462240847,0.0,99.64714071948092,0.23994431075297112,0.0,0.2,0.6,True,0.0,9,868.7155419617184
2025-08-07 23:00:00,25.707057330294674,98.68194732267929,0.043544076453238365,0.009809266082622456,3.428341861318939e-05,99.99994958320792,3.428341861318939e-05,0.0,4.6,0.6,True,0.0,9,873.0755976509654
2025-08-08 00:00:00,26.03497875671292,99.55836378305419,0.014876059433604448,0.002756670847983623,0.0,100.0,0.0,0.0,0.5,0.6,True,0.0816898051441247,9,873.5755633675468
2025-08-08 01:00:00,25.806517850838066,98.68314161130246,0.043761635193309806,0.009941494343401172,6.837186534965394e-05,99.9998994531392,6.837186534965394e-05,0.0,0.2,0.6,True,0.0,9,873.7755633675469
2025-08-08 02:00:00,25.670571969476203,99.14536885656872,0.028173197051766012,0.006689825751026247,0.0,100.0,0.0,0.0,0.2,0.6,True,0.0,9,873.9754949956815
2025-08-08 03:00:00,25.571039149194515,99.14388792562545,0.02805597600388727,0.006393539029028984,0.0,100.0,0.0,0.0,0.1,0.6,True,0.0,9,874.0754949956815
2025-08-08 04:00:00,25.472772195339775,99.12269459426157,0.0285833806718256,0.006493992207089947,0.0,100.0,0.0,0.0,0.2,0.6,True,0.0,9,874.2754949956816
2025-08-08 05:00:00,25.337459922807252,98.95653581386435,0.03372490574112993,0.010346298212526922,0.0028715331598066405,99.99577715711793,0.0028715331598066405,0.0,1.6,0.6,True,0.0,9,875.8754949956816
2025-08-08 06:00:00,27.408860742233912,95.08917108119364,0.17933167077238216,0.07339116390298234,0.07529660797524426,99.88504685127198,0.0781681411350509,0.0,0.0,0.6,True,0.0,9,875.8754949956816
2025-08-08 07:00:00,29.95107609651021,89.98007395748446,0.4239603886501546,0.19864361982849793,0.2119794291224398,99.57331239668015,0.2901475702574907,0.0,0.0,0.6,True,0.0,9,875.8754949956816
2025-08-08 08:00:00,30.58066471008694,88.07789664905513,0.5229566247299815,0.2399328599062446,0.23725414162455563,99.22440924723229,0.5274017118820463,0.0,0.0,0.6,False,0.0,9,875.8754949956816
2025-08-08 09:00:00,31.345377603085694,87.16988611160289,0.5878356676122167,0.2693363387439093,0.26742327009387135,98.83113973238835,0.7948249819759177,0.0,0.0,0.6,False,0.0,9,875.8754949956816
2025-08-08 10:00:00,32.61620269995953,86.04706965728022,0.6868841065916566,0.3176973066863036,0.3235924653019442,98.64938610694432,0.9184174472778619,0.0,0.2,0.6,False,0.0,9,875.8754949956816
2025-08-08 11:00:00,33.12572539783177,82.07982603893451,0.9077876060965878,0.41727724804993416,0.41790200769891367,98.47600080150474,1.0363194549767756,0.0,0.3,1.0,False,0.0,9,875.8754949956816
2025-08-08 12:00:00,32.097802289685696,83.49124535078855,0.7893028421422934,0.36007364538766407,0.34212910459222023,99.49686896383497,0.34212910459222023,0.0,3.4,1.0,False,0.0,9,878.2391755407049
2025-08-08 13:00:00,29.850655398747737,87.38073130669542,0.5308741776076235,0.24104435670787677,0.2124452857471804,99.68758046213651,0.2124452857471804,0.0,8.3,1.0,False,0.0,9,886.1970464361127
2025-08-08 14:00:00,31.61874196184921,86.66160887470348,0.6206739712280016,0.2737896602204067,0.2723536956909126,99.58117796847338,0.284798981438093,0.0,0.2,0.6,False,0.0,9,886.1970464361127
2025-08-08 15:00:00,29.257073421439014,90.8348655651208,0.37261517077055606,0.1505971122863579,0.1169973140597235,99.82794512638276,0.1169973140597235,0.0,0.9,0.6,True,0.0,9,886.8122474546747
2025-08-08 16:00:00,29.31920093350161,92.02788695685459,0.32527525335812685,0.12814087486080009,0.10911871874032156,99.81453524588228,0.12611603280004505,0.0,0.1,0.6,True,0.0,9,886.8122474546747
2025-08-08 17:00:00,28.427419231043604,93.8294419055164,0.23911073473204922,0.08128877910963211,0.04917830488200169,99.88927303282053,0.07529433768204674,0.0,0.1,0.6,True,0.0,9,886.8122474546747
2025-08-08 18:00:00,26.76934763633118,98.2193743312353,0.0626313408478532,0.022482920538565005,0.0016624790755978944,99.99755517783,0.0016624790755978944,0.0,0.4,0.6,True,0.0,9,887.1369531169926
2025-08-08 19:00:00,25.77808562632796,99.04313164655376,0.03174501753918196,0.010349661131649852,0.0015971566858109837,99.99765124016793,0.0015971566858109837,0.0,4.3,0.6,True,0.0,9,891.435290637917
2025-08-08 20:00:00,26.004426316961446,98.68306767819178,0.044279471864655605,0.008686314851493324,0.00031525592167930164,99.99953638835048,0.00031525592167930164,0.0,3.9,0.6,True,0.0,9,895.3336934812312
2025-08-08 21:00:00,26.003243035398704,98.70616532798296,0.04349981233783894,0.009407364982926011,0.0,100.0,0.0,0.0,8.4,0.6,True,0.0,9,903.7333782253095
2025-08-08 22:00:00,26.035519911074605,98.28485925721655,0.057774590586743606,0.012234469732986971,0.0,100.0,0.0,0.0,1.7,0.6,True,0.0,9,905.4333782253095
2025-08-08 23:00:00,26.034324594197813,98.3042700922022,0.057116700847662606,0.012347508936932478,0.0,100.0,0.0,0.0,2.5,0.6,True,0.0,9,907.9333782253095
2025-08-09 00:00:00,25.80929988328804,98.64084042473421,0.04517482123534846,0.010615888572873863,0.001220571179852594,99.99820504238257,0.001220571179852594,0.0,3.2,0.6,True,0.0,9,911.1333782253096
2025-08-09 01:00:00,25.537281136405944,99.55499730202587,0.014554181922276681,0.004335282030223059,0.0,100.0,0.0,0.0,3.7,0.6,True,0.0,9,914.8321576541297
2025-08-09 02:00:00,25.500038537204855,99.9998893248226,3.6117339867866674e-06,0.0002909980539580788,0.0,100.0,0.0,0.0,2.2,0.6,True,0.0060930787673517395,9,917.0321576541297
2025-08-09 03:00:00,25.435785840433894,99.57857453279414,0.013700299914093253,0.0030419597646111052,0.0,100.0,0.0,0.0,1.1,0.6,True,0.0,9,918.1321576541297
2025-08-09 04:00:00,25.471038087887226,99.14584262648899,0.027826333361235064,0.005757570462509593,0.0,100.0,0.0,0.0,0.7,0.6,True,0.0,9,918.8321576541298
2025-08-09 05:00:00,25.500338288254035,99.07199524640579,0.030284712471792017,0.007567077428519989,0.00040407264075236333,99.9994057755283,0.00040407264075236333,0.0,0.4,0.6,True,0.0,9,919.2321576541298
2025-08-09 06:00:00,26.95056708817154,93.35443372476323,0.23625077208154335,0.08012809278932663,0.06079658728917672,99.90999902951481,0.06120065992992909,0.0,0.0,0.6,True,0.0,9,919.2321576541298
2025-08-09 07:00:00,29.000703789429675,87.22417403169483,0.5117792134023864,0.20429570167044478,0.17538870885251023,99.65207445767288,0.23658936878243933,0.0,0.0,0.6,False,0.0,9,919.2321576541298
2025-08-09 08:00:00,30.446693101150444,82.4603752049297,0.7634992610155309,0.3231703563770548,0.30740482385041307,99.2000085402458,0.5439941926328524,0.0,0.0,0.6,False,0.0,9,919.2321576541298
2025-08-09 09:00:00,29.803029525211723,85.31985823349292,0.6158851840351848,0.2677325008813537,0.24287468157962877,98.842839890864,0.7868688742124812,0.0,0.0,0.6,False,0.0,9,919.2321576541298
2025-08-09 10:00:00,33.73175572992034,79.80128178476735,1.0584788970393493,0.5008467021670849,0.5108527996653079,98.09158577370913,1.2977216738777893,0.0,0.0,0.6,False,0.0,9,919.2321576541298
2025-08-09 11:00:00,33.33073131846677,76.88062920119211,1.1846869871276644,0.5699597952417396,0.552175707562333,97.42662149788217,1.7498973814401222,0.0,0.1,1.0,False,0.0,9,919.2321576541298
2025-08-09 12:00:00,33.64654731352652,75.08816369196785,1.2992687048833993,0.5971699843398509,0.5693819157675275,96.58929515116522,2.3192792972076495,0.0,0.0,1.0,False,0.0,9,919.2321576541298
2025-08-09 13:00:00,32.92106330063041,73.8001534243875,1.3120669977872998,0.5757752998900777,0.5298549457105274,95.81009670159092,2.849134242918177,0.0,0.0,1.0,False,0.0,9,919.2321576541298
2025-08-09 14:00:00,32.35037206709884,73.19487891528867,1.2999758216403139,0.5110146523052382,0.44774939384098483,95.15164171064829,3.2968836367591616,0.0,0.0,1.0,False,0.0,9,919.2321576541298
2025-08-09 15:00:00,31.397280144920433,74.74532720984716,1.160504701758064,0.4343287778782184,0.36673211325040594,94.6123297793977,3.6636157500095674,0.0,0.0,1.0,False,0.0,9,919.2321576541298
2025-08-09 16:00:00,30.40666610032321,82.0222236600327,0.7807830776792087,0.28832861808115506,0.24402097991810126,94.25347539716519,3.9076367299276686,0.0,0.0,0.6,False,0.0,9,919.2321576541298
2025-08-09 17:00:00,28.5343570494674,88.08344717029291,0.4646432659652803,0.15531359967005676,0.10882129979718996,94.09344407393402,4.016458029724858,0.0,0.0,0.6,False,0.0,9,919.2321576541298
2025-08-09 18:00:00,27.369147830035523,95.96193958087997,0.1471181092787141,0.04303266666057566,0.00714451025868027,94.08293744120067,4.023602539983538,0.0,0.0,0.6,True,0.0,9,919.2321576541298
2025-08-09 19:00:00,27.187616537491575,95.83058016797321,0.1502980915859236,0.0330779246458384,0.0,94.08293744120067,4.023602539983538,0.0,0.0,0.6,True,0.0,9,919.2321576541298
2025-08-09 20:00:00,27.187548616011462,95.8240182000704,0.1505340365942208,0.03251340610877896,0.0,94.08293744120067,4.023602539983538,0.0,0.0,0.6,True,0.0,9,919.2321576541298
2025-08-09 21:00:00,27.02015220172676,95.362989645613,0.16552075351872808,0.03620275010894007,5.482585896233991e-06,94.08292937857436,4.023608022569435,0.0,0.0,0.6,True,0.0,9,919.2321576541298
2025-08-09 22:00:00,26.615314665076802,95.61271682529956,0.15292588685356653,0.03454690275510353,0.0038392852072139105,94.0772833709167,4.027447307776648,0.0,0.0,0.6,True,0.0,9,919.2321576541298
2025-08-09 23:00:00,26.132739127284932,95.51563588699682,0.15192605940949652,0.034458872945308416,0.005224729290542647,94.06959994548943,4.032672037067191,0.0,0.0,0.6,True,0.0,9,919.2321576541298
2025-08-10 00:00:00,26.040744942075282,95.42332863495365,0.15421298495477023,0.03359566873639025,0.009523965370816479,94.05559411406175,4.042196002438008,0.0,0.0,0.6,True,0.0,9,919.2321576541298
2025-08-10 01:00:00,25.786911457410152,96.2734782432173,0.12369552819686948,0.027845519375327414,0.00917949648389673,94.04209485452661,4.051375498921905,0.0,0.0,0.6,True,0.0,9,919.2321576541298
2025-08-10 02:00:00,25.477797466425017,97.80421518348538,0.07156193808851595,0.016983665963709347,0.0007688249291119947,94.04096422963086,4.052144323851016,0.0,0.0,0.6,True,0.0,9,919.2321576541298
2025-08-10 03:00:00,25.275497024101416,97.87691791806104,0.06836610056992942,0.015470154953207289,0.0,94.04096422963086,4.052144323851016,0.0,0.0,0.6,True,0.0,9,919.2321576541298
2025-08-10 04:00:00,24.945279181651212,98.29455599172334,0.0538488338854548,0.01285752709837158,0.0,94.04096422963086,4.052144323851016,0.0,0.0,0.6,True,0.0,9,919.2321576541298
2025-08-10 05:00:00,25.18289852480535,97.22336579265874,0.08892040958146917,0.020763238578712706,0.004815347708163062,94.03388283594238,4.05695967155918,0.0,0.0,0.6,True,0.0,9,919.2321576541298
2025-08-10 06:00:00,27.234743497509907,94.2524734336913,0.2077579496341193,0.07402984470138374,0.08313992353731064,93.91161824250516,4.1400995950964905,0.0,0.0,0.6,True,0.0,9,919.2321576541298
2025-08-10 07:00:00,29.692155441094126,89.71564746005696,0.42872553223907156,0.19025102153637688,0.25075340751532554,93.54286323145321,4.390853002611816,0.0,0.0,0.6,False,0.0,9,919.2321576541298
2025-08-10 08:00:00,31.505722241652542,86.72253106725603,0.6138929724419411,0.28422427434446357,0.37576685604463006,92.99026491374052,4.766619858656447,0.0,0.0,0.6,False,0.0,9,919.2321576541298
2025-08-10 09:00:00,32.68016888086893,83.4403180296335,0.8181488641476686,0.3665326277333832,0.4669187023776291,92.30361976318518,5.233538561034075,0.0,0.0,0.6,False,0.0,9,919.2321576541298
2025-08-10 10:00:00,31.167658822965898,82.0554675264663,0.8139015881976598,0.3395472157191355,0.3807636872938774,93.0672025759883,4.714302248327953,0.0,0.9,1.0,False,0.0,9,919.2321576541298
2025-08-10 11:00:00,31.414469067648678,83.84303275980588,0.7431709289310939,0.30344089642870153,0.3520633736336133,92.54946232064476,5.066365621961566,0.0,0.0,0.6,False,0.0,9,919.2321576541298
2025-08-10 12:00:00,32.00398764327021,83.06030798821834,0.805625822630359,0.3385024586274663,0.40596080762388953,92.09951995649197,5.372326429585456,0.0,0.1,0.6,False,0.0,9,919.2321576541298
2025-08-10 13:00:00,32.322460084340705,78.17685687915532,1.056699514304906,0.4399102691331772,0.5180387973933834,91.48475701914876,5.79036522697884,0.0,0.1,1.0,False,0.0,9,919.2321576541298
2025-08-10 14:00:00,31.640960920372297,78.96323411639315,0.9801348874319162,0.40639973799912227,0.463308140998971,90.9504803412091,6.153673367977811,0.0,0.1,1.0,False,0.0,9,919.2321576541298
2025-08-10 15:00:00,31.00010163032977,87.32435472333563,0.5694683523635256,0.2600754672926793,0.3088777389187894,90.79036601926971,6.2625511068966,0.0,0.2,0.6,False,0.0,9,919.2321576541298
2025-08-10 16:00:00,30.377889049790387,89.24581968847934,0.46629095517267066,0.19534871707928256,0.21584792717202594,90.4729425969579,6.478399034068627,0.0,0.0,0.6,False,0.0,9,919.2321576541298
2025-08-10 17:00:00,29.013098302453034,91.20230294535335,0.35267422013684246,0.12395570432936119,0.10095697584834133,90.32447645600445,6.579356009916968,0.0,0.0,0.6,True,0.0,9,919.2321576541298
2025-08-10 18:00:00,27.34895427214695,96.12218767614,0.14111299021681845,0.0418174057900358,0.003483331011374782,90.31935391039949,6.582839340928343,0.0,0.0,0.6,True,0.0,9,919.2321576541298
2025-08-10 19:00:00,27.082305388382057,97.49281388425214,0.08982225255874556,0.020815896439814824,0.0,90.31935391039949,6.582839340928343,0.0,0.0,0.6,True,0.0,9,919.2321576541298
2025-08-10 20:00:00,26.98539494590918,97.46122311127705,0.09043850371121419,0.019867995377381136,0.0007292964426310473,90.31828141563092,6.583568637370974,0.0,0.0,0.6,True,0.0,9,919.2321576541298
2025-08-10 21:00:00,27.154051870349647,97.8797078184231,0.07628154227855816,0.016017831130332526,0.0009865164130429794,90.31683065619998,6.5845551537840175,0.0,0.0,0.6,True,0.0,9,919.2321576541298
2025-08-10 22:00:00,27.092000016609884,98.77335071394616,0.043970825967295325,0.010016349160383143,0.0,90.31683065619998,6.5845551537840175,0.0,0.0,0.6,True,0.0,9,919.2321576541298
2025-08-10 23:00:00,26.70477880377563,98.63250486191095,0.047917753815695456,0.011619259625031336,0.0028071972712199276,94.13623183668346,3.9873623510552374,0.0,2.6,0.6,True,0.0,9,919.2321576541298
2025-08-11 00:00:00,26.07366764602135,99.08409400841067,0.03092195650164497,0.00893484278693629,0.0008780936032781836,96.19376405197278,2.5882404446585157,0.0,1.4,0.6,True,0.0,9,919.2321576541298
2025-08-11 01:00:00,25.538589691185607,99.54038871777219,0.015033134686794132,0.005147091137210822,0.0,96.63494052256101,2.288240444658516,0.0,0.3,0.6,True,0.0,9,919.2321576541298
2025-08-11 02:00:00,25.150963804497596,98.1760667863023,0.05829974447972721,0.01343437278989553,0.0021077760630554983,96.77889967540946,2.1903482207215714,0.0,0.1,0.6,True,0.0,9,919.2321576541298
2025-08-11 03:00:00,25.172781613058714,99.13616646295502,0.027647221173742954,0.0061961961395866115,0.0,96.77889967540946,2.1903482207215714,0.0,0.0,0.6,True,0.0,9,919.2321576541298
2025-08-11 04:00:00,25.11150384549276,98.6671373721707,0.042503368040688494,0.009236989890953456,0.0,96.77889967540946,2.1903482207215714,0.0,0.0,0.6,True,0.0,9,919.2321576541298
2025-08-11 05:00:00,25.197235558958425,98.58887536272505,0.04522915826347139,0.012897785175914733,0.00203026030112408,96.77591399849604,2.1923784810226956,0.0,0.0,0.6,True,0.0,9,919.2321576541298
2025-08-11 06:00:00,25.922546257093476,97.90482618445155,0.07010618950746934,0.020126826539816477,0.012152365136077444,99.9821288747999,0.012152365136077444,0.0,2.7,0.6,True,0.0,9,919.7397791731071
2025-08-11 07:00:00,26.754431469720444,97.22538514301091,0.09750818092285976,0.043143818579026716,0.053746197981485236,99.92096147355663,0.053746197981485236,0.0,1.9,0.6,True,0.0,9,921.627626807971
2025-08-11 08:00:00,26.894873636637097,96.61947975004706,0.11978569270357176,0.05230688408368804,0.059301728470733436,99.91279157577834,0.059301728470733436,0.0,1.4,0.6,True,0.0,9,922.9738806099895
2025-08-11 09:00:00,28.102248902392734,94.92865440487377,0.19283754486866403,0.09702070324358827,0.13330447999722786,99.80396400000407,0.13330447999722786,0.0,1.1,0.6,True,0.0,9,924.0145788815188
2025-08-11 10:00:00,29.26680706281095,92.38786622651928,0.30965059314270144,0.14935609096063582,0.20002715937661042,99.70584241268145,0.20002715937661042,0.0,0.7,0.6,True,0.0,9,924.5812744015216
2025-08-11 11:00:00,31.690129673905897,86.58140042923985,0.6269367768120955,0.30656200999637556,0.41601403621923244,99.38817471235906,0.41604119559584285,0.0,0.2,0.6,False,0.0,10,924.5812744015216
2025-08-11 12:00:00,31.016624561652776,86.80128909259561,0.593525706985565,0.27704023261531696,0.3392529180896089,98.88927336222729,0.7552941136854517,0.0,0.0,0.6,False,0.0,10,924.5812744015216
2025-08-11 13:00:00,31.873217782021463,85.24706065123236,0.6964591818168491,0.32576645902896323,0.4135662275839355,98.28108773342737,1.1688603412693872,0.0,0.0,0.6,False,0.0,10,924.5812744015216
2025-08-11 14:00:00,33.539684427548146,82.48186402092117,0.9082163297052926,0.42374816026359674,0.5451455312634016,97.47940312862825,1.714005872532789,0.0,0.0,0.6,False,0.0,10,924.5812744015216
2025-08-11 15:00:00,31.91810546747166,81.27249841255123,0.8863381048738269,0.38911129456501864,0.4553767603871346,96.80973142217658,2.1693826329199233,0.0,0.0,1.0,False,0.0,10,924.5812744015216
2025-08-11 16:00:00,31.230131281165086,85.91801057646946,0.640982384551378,0.26016369182133603,0.28587406434555723,96.3893283863743,2.4552566972654803,0.0,0.0,0.6,False,0.0,10,924.5812744015216
2025-08-11 17:00:00,29.411774910763594,90.35267719653908,0.39573221464172564,0.1418724530114728,0.12115617246487952,96.21115754451418,2.5764128697303597,0.0,0.0,0.6,True,0.0,10,924.5812744015216
2025-08-11 18:00:00,28.14352236797265,93.97966915801827,0.22947293302202187,0.059149442629253285,0.006859953838913697,96.34812820063343,2.483272823569273,0.0,0.1,0.6,True,0.0,10,924.5812744015216
2025-08-11 19:00:00,27.786474373636914,95.65340626068081,0.16226656600186135,0.03693901416244911,0.007215842975752123,96.33751666684554,2.4904886665450254,0.0,0.0,0.6,True,0.0,10,924.5812744015216
2025-08-11 20:00:00,27.53272562828555,96.61184037354019,0.12462660849866869,0.028168839812744772,0.0023937153800839203,96.33399649716895,2.492882381925109,0.0,0.0,0.6,True,0.0,10,924.5812744015216
2025-08-11 21:00:00,27.449672014093256,97.90301576885027,0.07675979568530353,0.017316331029939985,0.0006103349280433593,97.80368718109831,1.4934927168531524,0.0,1.0,0.6,True,0.0,10,924.5812744015216
2025-08-11 22:00:00,27.2931785804465,98.73799424271463,0.045774529548959636,0.01072553171128012,0.0,97.80368718109831,1.4934927168531524,0.0,0.0,0.6,True,0.0,10,924.5812744015216
2025-08-11 23:00:00,27.122162430199708,98.35474609880771,0.05908061728241379,0.013241487412005376,0.0,97.80368718109831,1.4934927168531524,0.0,0.0,0.6,True,0.0,10,924.5812744015216
2025-08-12 00:00:00,26.952561234762438,97.94993969513484,0.07288844862453611,0.016211605274057635,0.0,98.09780482815714,1.2934927168531525,0.0,0.2,0.6,True,0.0,10,924.5812744015216
2025-08-12 01:00:00,26.662415207673707,97.84774051896598,0.07522865987405568,0.017229416066081336,0.0011827727100504168,98.24312428005412,1.1946754895632028,0.0,0.1,0.6,True,0.0,10,924.5812744015216
2025-08-12 02:00:00,26.60424623718933,97.2666463697167,0.09521345358814168,0.020573393320291275,0.006447651231980304,98.67481891059532,0.9011231407951831,0.0,0.3,0.6,True,0.0,10,924.5812744015216
2025-08-12 03:00:00,26.046900492489975,96.78050076469297,0.10852193249105754,0.025170891988479913,0.007442242658473587,99.69328620080344,0.20856538345365672,0.0,0.7,0.6,True,0.0,10,924.5812744015216
2025-08-12 04:00:00,25.77351263318916,97.82151598444106,0.07225371073847973,0.016869923704450344,0.0004359028953827233,99.99935896633032,0.0004359028953827233,0.0,2.0,0.6,True,0.0,10,926.3727090180679
2025-08-12 05:00:00,25.818305437990126,97.78597227596651,0.07362758796215202,0.017649661393227854,0.0015464548611743305,99.99772580167475,0.0015464548611743305,0.0,1.0,0.6,True,0.0,10,927.3722731151726
2025-08-12 06:00:00,26.742443830609982,98.1874525825671,0.06365341525122901,0.021789873040578892,0.019235507992510222,99.97171248824631,0.019235507992510222,0.0,2.4,0.6,True,0.08462309293621462,10,929.7707266603114
2025-08-12 07:00:00,26.937207231900075,96.34346258825629,0.12988850724965093,0.05006912359111655,0.047237658581639586,99.930532855027,0.047237658581639586,0.0,0.6,0.6,True,0.0,10,930.3514911523189
2025-08-12 08:00:00,31.34406331701678,88.8143492312502,0.5124532669899904,0.25131089767494275,0.3614094801499309,99.46851547036775,0.3614094801499309,0.0,0.1,0.6,False,0.0,10,930.4042534937372
2025-08-12 09:00:00,33.352590956031676,85.24213143237947,0.7571508411548004,0.367800417611568,0.5031746973200524,98.87561150372062,0.7645841774699833,0.0,0.1,0.6,False,0.0,10,930.4042534937372
2025-08-12 10:00:00,32.74402970556231,81.25959266548094,0.9292195814594282,0.42029215405925585,0.5209291697918798,98.25659801873256,1.185513347261863,0.0,0.1,1.0,False,0.0,10,930.4042534937372
2025-08-12 11:00:00,28.629120499831142,92.64255594836952,0.28845747396175625,0.11669968147239275,0.07716906583966752,99.88651607964755,0.07716906583966752,0.0,1.2,1.0,True,0.0,10,930.4187401464753
2025-08-12 12:00:00,27.95751957867397,94.97903677262252,0.18931998394287655,0.07325669343289393,0.06689572571896407,99.90162393276623,0.06689572571896407,0.0,2.5,0.6,True,0.0,10,932.8415710806356
2025-08-12 13:00:00,28.507042975022557,94.1498575146405,0.22774426875756545,0.10606303127666662,0.13361169723291938,99.80351220995158,0.13361169723291938,0.0,2.3,0.6,True,0.0,10,935.0746753549166
2025-08-12 14:00:00,29.427994237039563,92.78793707558081,0.29611464554011585,0.1539140333869614,0.20888971605767298,99.69280924109167,0.20888971605767298,0.0,1.3,0.6,True,0.0,10,936.2410636576838
2025-08-12 15:00:00,31.109023809794973,89.87264104821263,0.4578125623794806,0.22654387910820367,0.31054307927541536,99.53024588921605,0.3194327953330883,0.0,0.2,0.6,False,0.0,10,936.2410636576838
2025-08-12 16:00:00,30.515976786382804,90.35323604536255,0.42158936114033474,0.19378155183071233,0.23441793481260853,99.18551363213868,0.5538507301456969,0.0,0.0,0.6,True,0.0,10,936.2410636576838
2025-08-12 17:00:00,28.838233055464407,93.40869456636526,0.2615682339530098,0.09968229827039492,0.0868321335814856,99.05781931804826,0.6406828637271824,0.0,0.0,0.6,True,0.0,10,936.2410636576838
2025-08-12 18:00:00,27.470748192969207,98.1762374274799,0.06684086724199534,0.022966530335028008,0.004582870103350422,99.93343274436687,0.04526573383053286,0.0,0.6,0.6,True,0.0,10,936.2410636576838
2025-08-12 19:00:00,26.90100127179429,99.99714494789092,0.00010120260507943862,0.002619741883081929,0.0,100.0,0.0,0.0,5.2,0.6,True,0.0,10,941.3957979238533
2025-08-12 20:00:00,26.635519482049645,99.54835945628943,0.015761390197926654,0.00415163065297296,0.0,100.0,0.0,0.0,0.3,0.6,True,0.0,10,941.6957979238532
2025-08-12 21:00:00,26.698927103262456,100.0,0.0,0.0002837050235627148,0.0,100.0,0.0,0.0,0.8,0.6,True,0.07904461600597643,10,942.4957979238532
2025-08-12 22:00:00,26.33791364437363,99.52512786475582,0.0162841872248341,0.004536675651876234,0.00019419574508464834,99.99971441802194,0.00019419574508464834,0.0,0.6,0.6,True,0.0,10,943.0957979238532
2025-08-12 23:00:00,26.137985686534492,99.52737397462704,0.016017089154224524,0.004111362304216042,2.9973797085241658e-05,99.99995592088663,2.9973797085241658e-05,0.0,2.6,0.6,True,0.0,10,945.6956037281082
2025-08-13 00:00:00,25.938110532127233,99.53064261460403,0.0157195369939257,0.004047110455793102,0.0,100.0,0.0,0.0,0.5,0.6,True,0.0,10,946.1955737543111
2025-08-13 01:00:00,25.93679143378345,99.54539065355961,0.015224413584711759,0.0032975689707212923,0.0,100.0,0.0,0.0,1.0,0.6,True,0.0,10,947.1955737543111
2025-08-13 02:00:00,25.937147867552746,99.54069520982806,0.01538198356423458,0.0033198253883413706,0.0,100.0,0.0,0.0,1.9,0.6,True,0.0,10,949.0955737543111
2025-08-13 03:00:00,25.93675657139086,99.54584541892379,0.015209152587435656,0.0032881243891221827,0.0,100.0,0.0,0.0,2.8,0.6,True,0.0,10,951.895573754311
2025-08-13 04:00:00,25.772898642985417,99.10461762342457,0.029696039382191036,0.006818586418121515,0.0,100.0,0.0,0.0,3.3,0.6,True,0.0,10,955.195573754311
2025-08-13 05:00:00,25.781747906005542,99.08295454240725,0.030430453331649177,0.006918753924285627,0.000624647995426241,99.99908140000673,0.000624647995426241,0.0,6.7,0.6,True,0.0,10,961.895573754311
2025-08-13 06:00:00,26.299013550730947,97.67352667550499,0.0795959949911465,0.02646344042706355,0.022461421666947406,99.9669684975486,0.022461421666947406,0.0,1.8,0.6,True,0.0,10,963.6949491063156
2025-08-13 07:00:00,26.187488325037236,96.32869687992957,0.1247830233627475,0.04790501316418564,0.04800890311828418,99.92939867188487,0.04800890311828418,0.0,2.6,0.6,True,0.0,10,966.2724876846486
2025-08-13 08:00:00,26.281284306107946,97.27699011858047,0.09306538939925567,0.039961821718669965,0.042926915272205976,99.93687218342323,0.042926915272205976,0.0,2.8,0.6,True,0.0,10,969.0244787815303
2025-08-13 09:00:00,26.54179630250764,95.06952276551347,0.1711177836478436,0.07279909671235275,0.08410053539263086,99.87632274206966,0.08410053539263086,0.0,3.4,0.6,True,0.0,10,972.3815518662581
2025-08-13 10:00:00,26.865019818891184,95.22868674882253,0.16877107018763898,0.08087114056734343,0.09781429142444041,99.8561554537876,0.09781429142444041,0.0,2.8,0.6,True,0.0,10,975.0974513308654
2025-08-13 11:00:00,27.84354801041088,92.74657352258035,0.2716867464638379,0.1403495930310763,0.18186351138582463,99.73255365972673,0.18186351138582463,0.0,2.1,0.6,True,0.0,10,977.099637039441
2025-08-13 12:00:00,28.084215115432183,94.03480045899859,0.22658839300390235,0.13640245080556634,0.17993571463723215,99.73538865494524,0.17993571463723215,0.0,1.9,0.6,True,0.0,10,978.8177735280551
2025-08-13 13:00:00,28.1017083631612,93.3630797627115,0.2523604693379886,0.14742735782590713,0.19116534132068455,99.71887449805782,0.19116534132068455,0.0,0.9,0.6,True,0.0,10,979.5378378134179
2025-08-13 14:00:00,29.070599961677843,92.94657467828361,0.28369225790452135,0.16375041261730724,0.2219698180585088,99.67357379697278,0.2219698180585088,0.0,0.4,0.6,True,0.0,10,979.7466724720972
2025-08-13 15:00:00,29.091754800637275,88.26561309850196,0.4725398365347917,0.21297577040122612,0.25814520300874294,99.62037470145772,0.25814520300874294,0.0,0.4,0.6,False,0.0,10,979.9247026540387
2025-08-13 16:00:00,27.171454136772322,95.7103207527575,0.15448681425090038,0.0784439760708265,0.07908032550979018,99.88370540366208,0.07908032550979018,0.0,1.4,0.6,True,0.0,10,981.06655745103
2025-08-13 17:00:00,26.46579885363205,97.53488612385692,0.08517253142462093,0.03594358118435036,0.030351641746652128,99.95536523272551,0.030351641746652128,0.0,1.6,0.6,True,0.0,10,982.5874771255202
2025-08-13 18:00:00,25.95150094107016,97.51950011601048,0.08314176086947037,0.022720114684448706,0.010015082625062906,99.9406371700416,0.04036672437171503,0.0,0.0,0.6,True,0.0,10,982.5874771255202
2025-08-13 19:00:00,25.882549717328317,97.67524747508187,0.07760424004576966,0.017041723758678833,0.005763739718292174,99.93216108222059,0.046130464090007206,0.0,0.0,0.6,True,0.0,10,982.5874771255202
2025-08-13 20:00:00,25.59059500999468,97.61165203469128,0.07836028651762064,0.017856184942503427,0.007318509817224896,99.92139856778348,0.053448973907232106,0.0,0.0,0.6,True,0.0,10,982.5874771255202
2025-08-13 21:00:00,25.234570512493256,97.08922631583397,0.09350305414189095,0.02117488899820515,0.009659959917656462,99.90719274437517,0.06310893382488857,0.0,0.0,0.6,True,0.0,10,982.5874771255202
2025-08-13 22:00:00,25.156317317244152,98.09481114491756,0.060916378867204454,0.013724721135398663,0.004850189192452753,99.90006011320979,0.06795912301734132,0.0,0.0,0.6,True,0.0,10,982.5874771255202
2025-08-13 23:00:00,25.077657339905134,99.0733553610635,0.02949009908436205,0.006927916309423821,0.0005684404166365777,99.89922417142061,0.0685275634339779,0.0,0.0,0.6,True,0.0,10,982.5874771255202
2025-08-14 00:00:00,25.076386939699706,99.09023143424548,0.028950835172460138,0.006262720568312738,0.0,99.89922417142061,0.0685275634339779,0.0,0.0,0.6,True,0.0,10,982.5874771255202
2025-08-14 01:00:00,25.014414945615634,98.63280505451581,0.04334689780522992,0.00942288232692183,0.0010218521343747964,99.8977214476936,0.06954941556835269,0.0,0.0,0.6,True,0.0,10,982.5874771255202
2025-08-14 02:00:00,24.91280745472984,98.66652519265405,0.042022626222979746,0.00941954542392233,0.0,99.8977214476936,0.06954941556835269,0.0,0.0,0.6,True,0.0,10,982.5874771255202
2025-08-14 03:00:00,24.67705340295289,99.11105875587855,0.02762251304995632,0.006866887829068595,0.0,99.8977214476936,0.06954941556835269,0.0,0.0,0.6,True,0.0,10,982.5874771255202
2025-08-14 04:00:00,24.71479877643474,98.65065317159579,0.042023519512332096,0.008815266080916335,0.0001441802275747614,99.89750941794716,0.06969359579592745,0.0,0.0,0.6,True,0.0,10,982.5874771255202
2025-08-14 05:00:00,24.90626191297204,98.09710741463408,0.05994365309740434,0.01444757180412392,0.003878930711177151,99.89180510807779,0.0735725265071046,0.0,0.0,0.6,True,0.0,10,982.5874771255202
2025-08-14 06:00:00,26.542414139129093,94.19639789629433,0.2014278951699892,0.06722421031074956,0.072527892512096,99.78514644261882,0.1461004190192006,0.0,0.0,0.6,True,0.0,10,982.5874771255202
2025-08-14 07:00:00,26.935855488557767,93.45300622388753,0.23254562592845415,0.08983855560614586,0.09508677485907374,99.645312950179,0.24118719387827434,0.0,0.0,0.6,True,0.0,10,982.5874771255202
2025-08-14 08:00:00,28.436986947605178,89.68933617538411,0.39976282868436286,0.16499317395960683,0.19879158561794213,99.3529723830938,0.43997877949621644,0.0,0.0,0.6,False,0.0,10,982.5874771255202
2025-08-14 09:00:00,31.015742366966563,85.05654093334854,0.6719506002880503,0.29902706690445235,0.38500672477393866,98.78678602313212,0.824985504270155,0.0,0.0,0.6,False,0.0,10,982.5874771255202
2025-08-14 10:00:00,34.38249522383153,79.74410641285942,1.1006234193149205,0.5075903985324152,0.6778116493119154,97.79000418590871,1.5027971535820703,0.0,0.0,0.6,False,0.0,10,982.5874771255202
2025-08-14 11:00:00,33.93228397989473,75.41354478899687,1.3028946540175335,0.5801874502890125,0.7197723678740798,96.7315154096233,2.2225695214561503,0.0,0.0,1.0,False,0.0,10,982.5874771255202
2025-08-14 12:00:00,34.295612629726335,73.18783453507965,1.449851640569264,0.6264660263643134,0.7635627533455382,95.60862900764458,2.9861322748016885,0.0,0.0,1.0,False,0.0,10,982.5874771255202
2025-08-14 13:00:00,34.28845013557992,73.07417967049109,1.4554181706923155,0.6123403921205651,0.7275565417849169,94.53869291678441,3.7136888165866053,0.0,0.0,1.0,False,0.0,10,982.5874771255202
2025-08-14 14:00:00,33.191008320401174,75.07116422401512,1.2674547779303824,0.5117753007394822,0.5701879816242958,93.70018117910162,4.283876798210901,0.0,0.0,1.0,False,0.0,10,982.5874771255202
2025-08-14 15:00:00,32.40339217008387,76.78278142980884,1.1293414068256398,0.4245234011439853,0.4126014988568691,93.09341426901798,4.69647829706777,0.0,0.0,1.0,False,0.0,10,982.5874771255202
2025-08-14 16:00:00,31.293479782592716,78.96463991069774,0.9609377596024627,0.32714466488436345,0.27057482152735957,92.84256894324245,4.8670531185951305,0.0,0.1,1.0,False,0.0,10,982.5874771255202
2025-08-14 17:00:00,29.615164225042648,87.31977356631167,0.5262675095770861,0.16701951729736153,0.112580963474503,92.82406752636818,4.879634082069634,0.0,0.1,0.6,False,0.0,10,982.5874771255202
2025-08-14 18:00:00,27.788412535609908,93.20808178160306,0.2535838157044113,0.0668647857739329,0.009539733487775457,92.81003850653322,4.88917381555741,0.0,0.0,0.6,True,0.0,10,982.5874771255202
2025-08-14 19:00:00,27.358644596565977,94.6253640548458,0.19569309384370037,0.044310827922711016,0.0,92.81003850653322,4.88917381555741,0.0,0.0,0.6,True,0.0,10,982.5874771255202
2025-08-14 20:00:00,26.945860012047042,95.02821742968338,0.17669871552366742,0.039768273356587384,0.0,92.81003850653322,4.88917381555741,0.0,0.0,0.6,True,0.0,10,982.5874771255202
2025-08-14 21:00:00,26.756893132753596,96.45875648089286,0.12446778937347161,0.028024705616543428,0.0,92.81003850653322,4.88917381555741,0.0,0.0,0.6,True,0.0,10,982.5874771255202
2025-08-14 22:00:00,26.530071271531778,96.90781784470455,0.10724362019059155,0.024102199385907328,0.0,92.81003850653322,4.88917381555741,0.0,0.0,0.6,True,0.0,10,982.5874771255202
2025-08-14 23:00:00,26.366739346764334,97.82548558930974,0.07469469348768917,0.01699829530594327,0.0,92.81003850653322,4.88917381555741,0.0,0.0,0.6,True,0.0,10,982.5874771255202
2025-08-15 00:00:00,26.137585289417494,98.2477627268787,0.059381150278926445,0.013746160971999075,0.0,92.81003850653322,4.88917381555741,0.0,0.0,0.6,True,0.0,10,982.5874771255202
2025-08-15 01:00:00,26.069859611207903,99.12766180348719,0.029444436301713166,0.006872593922004812,0.0,92.81003850653322,4.88917381555741,0.0,0.0,0.6,True,0.0,10,982.5874771255202
2025-08-15 02:00:00,25.969891362522706,99.13536702915104,0.02901242785625955,0.006607552486959544,0.0,92.81003850653322,4.88917381555741,0.0,0.0,0.6,True,0.0,10,982.5874771255202
2025-08-15 03:00:00,25.86987765817522,99.14219914193795,0.028613406561122833,0.006520975982833709,0.0,92.95709733006264,4.78917381555741,0.0,0.1,0.6,True,0.0,10,982.5874771255202
2025-08-15 04:00:00,25.802388008881653,98.74392543037027,0.04173147236172486,0.00911701181176391,0.0,93.10415615359204,4.68917381555741,0.0,0.1,0.6,True,0.0,10,982.5874771255202
2025-08-15 05:00:00,26.161335542812093,97.69491541999712,0.07822608587183885,0.019151727488246652,0.0,93.10415615359204,4.68917381555741,0.0,0.0,0.6,True,0.0,10,982.5874771255202
2025-08-15 06:00:00,28.51027784077101,92.57338330916453,0.2891701830316045,0.10053155075806491,0.08430089660057533,92.9801842468265,4.773474712157985,0.0,0.0,0.6,True,0.0,10,982.5874771255202
2025-08-15 07:00:00,29.821002025985074,84.87580124571197,0.6351703418180938,0.2449517151722663,0.2642917798716318,94.94446104113291,3.437766492029617,0.0,1.6,0.6,False,0.0,10,982.5874771255202
2025-08-15 08:00:00,31.947375846128413,84.8509830203489,0.7181625088079382,0.3331071759654662,0.40748361178476533,96.55110278850826,2.345250103814382,0.0,1.5,0.6,False,0.0,10,982.5874771255202
2025-08-15 09:00:00,33.87499317463745,82.46661351002615,0.9261745748783601,0.4358282165049338,0.5469785949220103,95.89378132538766,2.792228698736392,0.0,0.1,0.6,False,0.0,10,982.5874771255202
2025-08-15 10:00:00,34.00933652955845,78.01660339889088,1.1699620910758068,0.5496077135307263,0.680317760608516,94.89331403037514,3.4725464593449082,0.0,0.0,1.0,False,0.0,10,982.5874771255202
2025-08-15 11:00:00,34.82622076057697,75.36701216583641,1.3717865429823015,0.6149883101621091,0.7449205781315507,93.79784259194638,4.2174670374764585,0.0,0.0,1.0,False,0.0,10,982.5874771255202
2025-08-15 12:00:00,35.125038216949534,72.50481285398172,1.556682889336141,0.6628256236826175,0.7683969002115923,92.66784715045875,4.985863937688051,0.0,0.0,1.0,False,0.0,10,982.5874771255202
2025-08-15 13:00:00,34.71136867940255,72.41300504847298,1.5265543558618924,0.6336935463420391,0.717319288608777,91.61296584368114,5.703183226296828,0.0,0.0,1.0,False,0.0,10,982.5874771255202
2025-08-15 14:00:00,33.969972228942574,73.41584239888059,1.411718012311743,0.5733141032423048,0.6348055124679197,90.67942832534595,6.337988738764747,0.0,0.0,1.0,False,0.0,10,982.5874771255202
2025-08-15 15:00:00,32.484788096571535,76.98653460723148,1.1245741353529777,0.432102142848865,0.4372348346453521,90.03643592145573,6.775223573410099,0.0,0.0,1.0,False,0.0,10,982.5874771255202
2025-08-15 16:00:00,30.805170693814766,80.93228302793948,0.8471788044528781,0.29624963072085864,0.26558892156821456,89.64586397797306,7.040812494978314,0.0,0.0,1.0,False,0.0,10,982.5874771255202
2025-08-15 17:00:00,29.28168421325511,89.1897336264418,0.4401234540841389,0.14555598014606339,0.09970203542336992,89.49924333764459,7.140514530401684,0.0,0.0,0.6,False,0.0,10,982.5874771255202
2025-08-15 18:00:00,28.020484225578233,92.46796819434067,0.28504530495799063,0.0705155987737685,0.020319308480306515,89.46936200164413,7.160833838881991,0.0,0.0,0.6,True,0.0,10,982.5874771255202
2025-08-15 19:00:00,27.560036096750327,94.54206787812349,0.20107960126978588,0.045820321664935874,0.007984614395950124,89.45761992165009,7.168818453277941,0.0,0.0,0.6,True,0.0,10,982.5874771255202
2025-08-15 20:00:00,27.342365371746162,96.52076189286312,0.12656013231288596,0.028791731376920513,0.0,89.45761992165009,7.168818453277941,0.0,0.0,0.6,True,0.0,10,982.5874771255202
2025-08-15 21:00:00,27.186463166460758,97.40844131373967,0.09341347780591208,0.021030510643536584,0.0,89.45761992165009,7.168818453277941,0.0,0.0,0.6,True,0.0,10,982.5874771255202
2025-08-15 22:00:00,26.98822503852514,97.42167072119864,0.09186272569159348,0.020548013326285492,0.0,89.45761992165009,7.168818453277941,0.0,0.0,0.6,True,0.0,10,982.5874771255202
2025-08-15 23:00:00,27.01255647479362,97.05052549387372,0.10523629003644946,0.022521306365626083,0.0,89.45761992165009,7.168818453277941,0.0,0.0,0.6,True,0.0,10,982.5874771255202
2025-08-16 00:00:00,26.915187159422032,97.03703792503191,0.1051151797268681,0.023046233407246576,0.0,89.45761992165009,7.168818453277941,0.0,0.0,0.6,True,0.0,10,982.5874771255202
2025-08-16 01:00:00,26.76201664661257,97.83327298611127,0.07617915670836903,0.01725435190413702,0.0,89.45761992165009,7.168818453277941,0.0,0.0,0.6,True,0.0,10,982.5874771255202
2025-08-16 02:00:00,26.60005359619306,98.70163704321027,0.04521592978977426,0.010613231577720322,0.0,89.45761992165009,7.168818453277941,0.0,0.0,0.6,True,0.0,10,982.5874771255202
2025-08-16 03:00:00,26.368376706737813,97.80511979240664,0.07540153723223429,0.01679078583146888,0.0,89.45761992165009,7.168818453277941,0.0,0.0,0.6,True,0.0,10,982.5874771255202
2025-08-16 04:00:00,26.135284261210515,96.91887041404284,0.10440147715708031,0.02306593672173378,0.0,89.45761992165009,7.168818453277941,0.0,0.0,0.6,True,0.0,10,982.5874771255202
2025-08-16 05:00:00,26.518482393593946,95.47456008281212,0.1568450663828398,0.03627095218599389,0.0,89.45761992165009,7.168818453277941,0.0,0.0,0.6,True,0.0,10,982.5874771255202
2025-08-16 06:00:00,29.119300629498003,91.26272278070734,0.3524073234377745,0.1163187565467216,0.08479954254846495,89.33291471201998,7.253617995826406,0.0,0.0,0.6,True,0.0,10,982.5874771255202
2025-08-16 07:00:00,31.536542244532555,86.2438588671677,0.6371373399628542,0.25274280087811957,0.2660124003954015,88.94172000555616,7.519630396221808,0.0,0.0,0.6,False,0.0,10,982.5874771255202
2025-08-16 08:00:00,33.82570728315413,82.7863322180234,0.9067913444648709,0.3875043920070707,0.44867378812438063,88.28190561125561,7.968304184346188,0.0,0.0,0.6,False,0.0,10,982.5874771255202
2025-08-16 09:00:00,34.018262389482295,76.52863901505326,1.2497728400071735,0.5249147532896298,0.5908086583410852,87.4130693489893,8.559112842687274,0.0,0.0,1.0,False,0.0,10,982.5874771255202
2025-08-16 10:00:00,35.008631406262,73.66134400054761,1.4816453175460096,0.6240538206488104,0.7168822352106498,86.35883076779717,9.275995077897923,0.0,0.0,1.0,False,0.0,10,982.5874771255202
2025-08-16 11:00:00,35.72008645934491,72.23936185005107,1.624097492424406,0.6791875398871496,0.7782033707666557,85.2144140460815,10.054198448664579,0.0,0.0,1.0,False,0.0,10,982.5874771255202
2025-08-16 12:00:00,35.93624186608108,70.72682463234224,1.733044080148711,0.7037972139784119,0.7849268973446376,84.06010978528056,10.839125346009217,0.0,0.0,1.0,False,0.0,10,982.5874771255202
2025-08-16 13:00:00,35.85722302253076,71.56745124864761,1.6759893312435046,0.6734058743485554,0.7402642651221158,82.97148586598333,11.579389611131333,0.0,0.0,1.0,False,0.0,10,982.5874771255202
2025-08-16 14:00:00,35.01672048841292,72.79343937380317,1.5311524582501268,0.5953221289679507,0.6354225861365367,82.47821735695902,11.914812197267869,0.0,0.3,1.0,False,0.0,10,982.5874771255202
2025-08-16 15:00:00,33.790662954676655,75.8678636640743,1.2687647722099196,0.4677842717382845,0.459828328055226,82.09611687452485,12.174640525323095,0.0,0.2,1.0,False,0.0,10,982.5874771255202
2025-08-16 16:00:00,32.03449931639648,81.7155682633412,0.8710799786902115,0.295667874961185,0.24373854358197625,81.73767783984547,12.418379068905072,0.0,0.0,1.0,False,0.0,10,982.5874771255202
2025-08-16 17:00:00,30.444440570912572,86.37014473175594,0.5932307331745615,0.1783198954792797,0.11226770813468574,81.57257826905916,12.530646777039758,0.0,0.0,1.0,False,0.0,10,982.5874771255202
2025-08-16 18:00:00,29.228526371692745,91.01042359862292,0.36487639095093993,0.08796349176422368,0.03377391087233377,81.52291075307045,12.564420687912092,0.0,0.0,0.6,True,0.0,10,982.5874771255202
2025-08-16 19:00:00,28.701494784242698,92.89915778312555,0.27956685774281176,0.06308073640921065,0.009686697450880539,81.50866560976033,12.574107385362973,0.0,0.0,0.6,True,0.0,10,982.5874771255202
2025-08-16 20:00:00,28.527937114210708,94.46165119792518,0.21586767538623983,0.04783828334803017,0.0,81.50866560976033,12.574107385362973,0.0,0.0,0.6,True,0.0,10,982.5874771255202
2025-08-16 21:00:00,28.527342027830617,96.34246061206545,0.14255463230129903,0.03145517000148468,0.0,81.50866560976033,12.574107385362973,0.0,0.0,0.6,True,0.0,10,982.5874771255202
2025-08-16 22:00:00,28.215298116748407,98.3150031765445,0.06449450988853896,0.01576828029879615,0.0,81.50866560976033,12.574107385362973,0.0,0.0,0.6,True,0.0,10,982.5874771255202
2025-08-16 23:00:00,27.772949616621823,95.94181670193312,0.15138020297367072,0.03345261080271595,0.0,81.50866560976033,12.574107385362973,0.0,0.0,0.6,True,0.0,10,982.5874771255202
2025-08-17 00:00:00,27.221141194939612,95.28390110439649,0.17033880361274123,0.03857047807867863,0.0,81.50866560976033,12.574107385362973,0.0,0.0,0.6,True,0.0,10,982.5874771255202
2025-08-17 01:00:00,26.840440754279918,95.13509241497279,0.17183345548794512,0.038422030369599194,0.0,81.50866560976033,12.574107385362973,0.0,0.0,0.6,True,0.0,10,982.5874771255202
2025-08-17 02:00:00,26.850766844062218,96.51683972330041,0.1231033842888357,0.027010559943293364,0.0,82.3910185509368,11.974107385362974,0.0,0.6,0.6,True,0.0,10,982.5874771255202
2025-08-17 03:00:00,26.765000383681873,97.78944131411642,0.07773384862984702,0.017510583548320097,0.0,82.53807737446621,11.874107385362974,0.0,0.1,0.6,True,0.0,10,982.5874771255202
2025-08-17 04:00:00,26.601852442592456,98.67593631571272,0.04611584756297622,0.010814744184873375,0.0,82.53807737446621,11.874107385362974,0.0,0.0,0.6,True,0.0,10,982.5874771255202
2025-08-17 05:00:00,26.886235722568106,98.46635589672279,0.05431574358251988,0.014514995744599937,0.0,82.53807737446621,11.874107385362974,0.0,0.0,0.6,True,0.0,10,982.5874771255202
2025-08-17 06:00:00,28.45579148623607,93.13586621675937,0.2664252848881507,0.0973963959543864,0.09508989823863258,82.39823928882116,11.969197283601607,0.0,0.0,0.6,True,0.0,10,982.5874771255202
2025-08-17 07:00:00,29.724127788021107,88.48407490225729,0.4809494167306985,0.1936219808755228,0.22800445953741685,82.06293861303084,12.197201743139024,0.0,0.0,0.6,False,0.0,10,982.5874771255202
2025-08-17 08:00:00,30.897141181700302,84.7140594028459,0.6827237809789908,0.28494358923858626,0.34446687026149003,81.85048733323454,12.341668613400515,0.0,0.2,0.6,False,0.0,10,982.5874771255202
2025-08-17 09:00:00,32.13168131837407,82.261838873426,0.8497059986505564,0.3679246615507423,0.4533031027285579,81.47798277039841,12.594971716129074,0.0,0.2,0.6,False,0.0,10,982.5874771255202
2025-08-17 10:00:00,33.94734520580345,75.62816744802949,1.292605284598497,0.5699612050280501,0.6792689850016944,80.62611661598416,13.174240701130769,0.0,0.1,1.0,False,0.0,10,982.5874771255202
2025-08-17 11:00:00,34.966666107310196,73.42295420259144,1.4915916088774535,0.6503562478973703,0.7685764708992645,79.49585709995584,13.942817172030033,0.0,0.0,1.0,False,0.0,10,982.5874771255202
2025-08-17 12:00:00,35.23362972355209,72.74653760930514,1.5522738093854844,0.6635299965502742,0.7955306238998969,78.32595912363244,14.73834779592993,0.0,0.0,1.0,False,0.0,10,982.5874771255202
2025-08-17 13:00:00,34.66457705860844,72.42944066434605,1.521695307552787,0.5940896797678163,0.6592698370674681,77.35644465735676,15.397617632997397,0.0,0.0,1.0,False,0.0,10,982.5874771255202
2025-08-17 14:00:00,34.532591814105444,73.40905995526998,1.4569287477872341,0.5617782620257571,0.6158744380468658,76.45074695434667,16.01349207104426,0.0,0.0,1.0,False,0.0,10,982.5874771255202
2025-08-17 15:00:00,33.68987468253437,76.12482308180202,1.2482170268543045,0.4535431159769429,0.46349478735583977,75.76913697294103,16.4769868584001,0.0,0.0,1.0,False,0.0,10,982.5874771255202
2025-08-17 16:00:00,32.71591534542387,80.87986460449619,0.9465510596022898,0.3266819023099689,0.29832052527412756,75.33043031812613,16.775307383674228,0.0,0.0,1.0,False,0.0,10,982.5874771255202
2025-08-17 17:00:00,31.090159081612118,87.22430710845286,0.5769124149221457,0.1774696272792127,0.11107804910972595,75.16708024590595,16.886385432783953,0.0,0.0,1.0,False,0.0,10,982.5874771255202
2025-08-17 18:00:00,29.42157309838627,92.83425565957668,0.29410407879772393,0.07504027607764935,0.0009383752737111553,75.16570028226813,16.887323808057666,0.0,0.0,0.6,True,0.0,10,982.5874771255202
2025-08-17 19:00:00,29.193209629117888,94.66323899933104,0.216171943258828,0.04824421459519019,0.0,75.16570028226813,16.887323808057666,0.0,0.0,0.6,True,0.0,10,982.5874771255202
2025-08-17 20:00:00,28.853300936913097,95.78047561730045,0.16759292088290362,0.03789208560980521,0.0,75.16570028226813,16.887323808057666,0.0,0.0,0.6,True,0.0,10,982.5874771255202
2025-08-17 21:00:00,28.515235136720307,96.61516732400376,0.13183313452272685,0.030034399980959782,0.002588831923817813,75.16189317649781,16.889912639981482,0.0,0.0,0.6,True,0.0,10,982.5874771255202
2025-08-17 22:00:00,28.36447297491652,97.50212943184218,0.09644008142970031,0.021701170004518353,0.0,75.16189317649781,16.889912639981482,0.0,0.0,0.6,True,0.0,10,982.5874771255202
2025-08-17 23:00:00,27.945049017440862,97.90147842521725,0.07906920933082522,0.01874778446141273,0.0,75.16189317649781,16.889912639981482,0.0,0.0,0.6,True,0.0,10,982.5874771255202
2025-08-18 00:00:00,27.651498713993195,97.85245038803468,0.07954315424436796,0.018218113549345407,0.0,75.16189317649781,16.889912639981482,0.0,0.0,0.6,True,0.0,10,982.5874771255202
2025-08-18 01:00:00,27.391503159230638,98.75695276865349,0.045347035960940286,0.011032926010384816,0.0,75.16189317649781,16.889912639981482,0.0,0.0,0.6,True,0.0,10,982.5874771255202
2025-08-18 02:00:00,27.23121744208354,99.5916391767039,0.01475812050735996,0.004037638244462105,0.0,75.16189317649781,16.889912639981482,0.0,0.0,0.6,True,0.0,10,982.5874771255202
2025-08-18 03:00:00,27.23066935398298,99.59570316912223,0.014610779221329246,0.003159232311262647,0.0,75.16189317649781,16.889912639981482,0.0,0.0,0.6,True,0.0,10,982.5874771255202
2025-08-18 04:00:00,27.031679518250144,99.59525039714958,0.014457542102438534,0.003825233032936035,0.0,75.16189317649781,16.889912639981482,0.0,0.0,0.6,True,0.0,10,982.5874771255202
2025-08-18 05:00:00,27.424330909926802,99.42555515508164,0.02099633285920241,0.007061526489156688,0.003162984470246483,75.15724172874745,16.89307562445173,0.0,0.0,0.6,True,0.037246568327860274,10,982.5874771255202
2025-08-18 06:00:00,29.889795812171986,94.31726540574485,0.2396021596230213,0.08791077874009146,0.11174223168286555,74.99291491744913,17.004817856134594,0.0,0.0,0.6,True,0.0,10,982.5874771255202
2025-08-18 07:00:00,30.050558872142688,93.07268304841482,0.2947840225744932,0.109948510963817,0.11514854162337138,74.82357882682652,17.119966397757963,0.0,0.0,0.6,True,0.0,10,982.5874771255202
2025-08-18 08:00:00,32.348954433063625,88.90889773166374,0.5378454644149714,0.23426818579525288,0.30887338642426904,74.36935325855553,17.428839784182234,0.0,0.0,0.6,False,0.0,10,982.5874771255202
2025-08-18 09:00:00,33.81497122734864,81.0286290696275,0.9987866100807263,0.43022253538374694,0.5375111535933084,73.57889567974185,17.96635093777554,0.0,0.0,1.0,False,0.0,10,982.5874771255202
2025-08-18 10:00:00,34.4670438923201,77.73370976019142,1.215551309498439,0.5089006152464173,0.6077742439232235,72.832168850443,18.474125181698763,0.0,0.1,1.0,False,0.0,10,982.5874771255202
2025-08-18 11:00:00,35.80917922930727,75.7039993716285,1.428380923367656,0.6126225331064009,0.7398443276213666,71.74416248629392,19.21396950932013,0.0,0.0,1.0,False,0.0,10,982.5874771255202
2025-08-18 12:00:00,35.934920827097244,74.79352000956973,1.4921774877383034,0.6269099331020436,0.7522852292373715,70.93197832565072,19.766254738557503,0.0,0.2,1.0,False,0.0,10,982.5874771255202
2025-08-18 13:00:00,35.273097609677194,77.75245473579622,1.269914146388041,0.542764366623937,0.6406597739062823,71.7545374816709,19.206914512463786,0.0,1.2,1.0,False,0.0,10,982.5874771255202
2025-08-18 14:00:00,33.375206093691894,82.37619286442889,0.9053321290435425,0.4270623374430088,0.5175326861238262,76.58169529619468,15.924447198587611,0.0,3.8,1.0,False,0.0,10,982.5874771255202
2025-08-18 15:00:00,31.893961039272885,82.5248525944895,0.8259380439468732,0.33843347391008505,0.36803560971197485,76.6287017525006,15.892482808299585,0.0,0.4,1.0,False,0.0,10,982.5874771255202
2025-08-18 16:00:00,30.835511670374043,88.3263593038973,0.5195578217897401,0.19498784854296763,0.1856577717674119,76.35567561754853,16.078140580066997,0.0,0.0,0.6,False,0.0,10,982.5874771255202
2025-08-18 17:00:00,29.839907588847762,90.54558046651385,0.39748820291322917,0.1307204389896357,0.1047175321686252,76.20167924671232,16.18285811223562,0.0,0.0,0.6,True,0.0,10,982.5874771255202
2025-08-18 18:00:00,28.453166024389798,93.12932536730585,0.2666385374367634,0.06608587482955795,0.017929778301257675,76.17531192568106,16.20078789053688,0.0,0.0,0.6,True,0.0,10,982.5874771255202
2025-08-18 19:00:00,28.246245119779164,96.16028267581757,0.14723264542953265,0.033636703424399575,0.0,76.17531192568106,16.20078789053688,0.0,0.0,0.6,True,0.0,10,982.5874771255202
2025-08-18 20:00:00,28.122135216935934,96.61149933810538,0.12899664178504694,0.0284777557150788,0.0,76.17531192568106,16.20078789053688,0.0,0.0,0.6,True,0.0,10,982.5874771255202
2025-08-18 21:00:00,27.979207514017414,95.81933437140538,0.1578350343268167,0.03432043207135637,0.015563130257812433,76.15242496941957,16.216351020794693,0.0,0.0,0.6,True,0.0,10,982.5874771255202
2025-08-18 22:00:00,26.981432260329594,94.59975233399153,0.19232756481300287,0.0445198645996251,0.025530489730435486,76.70311542569833,15.841881510525129,0.0,0.4,0.6,True,0.0,10,982.5874771255202
2025-08-18 23:00:00,27.144367030666345,94.9796391818785,0.18051454636117045,0.038541449979548795,0.0135882659253008,76.83019150521994,15.755469776450429,0.0,0.1,0.6,True,0.0,10,982.5874771255202
2025-08-19 00:00:00,26.994073500153494,94.30120456180978,0.20311080953810515,0.04416542071690408,0.021220129870890603,76.79898543188041,15.77668990632132,0.0,0.0,0.6,True,0.0,10,982.5874771255202
2025-08-19 01:00:00,26.543144143985412,96.73555107133618,0.11330537902565828,0.02683356159182222,0.010124703493437356,76.78409616203712,15.786814609814757,0.0,0.0,0.6,True,0.0,10,982.5874771255202
2025-08-19 02:00:00,26.270023118350434,97.79521591114217,0.07530373998941531,0.01755079188102656,0.0023576329940445317,76.92768787822234,15.689172242808802,0.0,0.1,0.6,True,0.0,10,982.5874771255202
2025-08-19 03:00:00,25.94579771042281,96.81125069642282,0.10684492760002186,0.023858132176238136,0.006225168965146125,76.91853321797947,15.695397411773948,0.0,0.0,0.6,True,0.0,10,982.5874771255202
2025-08-19 04:00:00,25.86988559439067,97.85501050074767,0.07154980652762566,0.016046841795978203,0.0,77.06559204150889,15.595397411773948,0.0,0.1,0.6,True,0.0,10,982.5874771255202
2025-08-19 05:00:00,25.98064231408499,96.91255904032052,0.10366377050402084,0.023621204234433296,0.002628440489512216,77.20878551137726,15.498025852263462,0.0,0.1,0.6,True,0.0,10,982.5874771255202
2025-08-19 06:00:00,27.46918784787472,94.71324724199187,0.1937417253557623,0.06286917682419271,0.06054049228601122,77.11975537566254,15.558566344549472,0.0,0.0,0.6,True,0.0,10,982.5874771255202
2025-08-19 07:00:00,29.189596475823564,92.0216298885107,0.32310613218332734,0.1397722398838734,0.1784490465103138,76.85733030726502,15.737015391059787,0.0,0.0,0.6,True,0.0,10,982.5874771255202
2025-08-19 08:00:00,30.111650860406993,89.03689671070074,0.4681588913017139,0.20712491551236756,0.2583249832090726,76.4774406260752,15.99534037426886,0.0,0.0,0.6,False,0.0,10,982.5874771255202
2025-08-19 09:00:00,30.971884484706937,86.87927734142446,0.5885177088574369,0.25798543645324434,0.3189536424505635,76.0083911518832,16.314294016719423,0.0,0.0,0.6,False,0.0,10,982.5874771255202
2025-08-19 10:00:00,32.515104862537335,83.1271942908978,0.8259136452162628,0.36046271253382267,0.4524515694179508,75.49008002038622,16.66674558613737,0.0,0.1,0.6,False,0.0,10,982.5874771255202
2025-08-19 11:00:00,31.921067268207004,79.1702966960005,0.9859965436770887,0.4003523667925474,0.4539713639258749,74.82247507343641,17.120716950063244,0.0,0.0,1.0,False,0.0,10,982.5874771255202
2025-08-19 12:00:00,33.97342008903524,80.93715351688398,1.0125027085364677,0.4317118295390229,0.5385730007449756,74.03045595469379,17.65928995080822,0.0,0.0,0.6,False,0.0,10,982.5874771255202
2025-08-19 13:00:00,33.304128027080885,77.9074998995988,1.1303838110440678,0.46462021143565724,0.533060071067788,73.24654408547646,18.192350021876006,0.0,0.0,1.0,False,0.0,10,982.5874771255202
2025-08-19 14:00:00,32.83196757020563,78.91702373177438,1.0505501815318752,0.4116404467758185,0.4437858625446592,72.59391781702843,18.636135884420664,0.0,0.0,1.0,False,0.0,10,982.5874771255202
2025-08-19 15:00:00,30.710390983771692,80.79719233219329,0.8485813233310855,0.28759703355422234,0.24299753396712187,72.53068614942973,18.679133418387785,0.0,0.2,1.0,False,0.0,10,982.5874771255202
2025-08-19 16:00:00,30.54082790804724,85.86626340866113,0.6185596536628593,0.21075560469930416,0.18753177270318308,72.25490413074857,18.866665191090966,0.0,0.0,0.6,False,0.0,10,982.5874771255202
2025-08-19 17:00:00,29.003149828444545,89.30027006151825,0.4286747075524627,0.12667447162405923,0.08915902304346696,72.27084674391995,18.855824214134433,0.0,0.1,0.6,False,0.0,10,982.5874771255202
2025-08-19 18:00:00,28.102421622603675,94.09796513072587,0.22442669894218867,0.05552663418819705,0.0,72.27084674391995,18.855824214134433,0.0,0.0,0.6,True,0.0,10,982.5874771255202
2025-08-19 19:00:00,27.581668415358564,95.87749671136206,0.15207215125030035,0.035326448940700604,0.008973760702406072,72.25765003700464,18.86479797483684,0.0,0.0,0.6,True,0.0,10,982.5874771255202
2025-08-19 20:00:00,26.121607588736623,95.72504007928764,0.14473646153713196,0.03617309183062737,0.007518609297246494,72.9818873762734,18.372316584134087,0.0,0.5,0.6,True,0.0,10,982.5874771255202
2025-08-19 21:00:00,26.05041130339429,98.08455009076523,0.06457881784489229,0.014954279513618943,0.006445346622645304,74.29593833712245,17.478761930756733,0.0,0.9,0.6,True,0.0,10,982.5874771255202
2025-08-19 22:00:00,26.210918257620932,98.58491941929387,0.048163388493620694,0.010038614117696238,0.003941267984343125,74.87837764891017,17.082703198741076,0.0,0.4,0.6,True,0.0,10,982.5874771255202
2025-08-19 23:00:00,26.008621979115354,98.63359099383591,0.045954431752919675,0.010617597732655967,0.0020245769429752384,75.75775327105286,16.48472777568405,0.0,0.6,0.6,True,0.0,10,982.5874771255202
2025-08-20 00:00:00,25.483342166625473,97.72826822967929,0.0740614616774224,0.017456323611347017,0.0032585092563443855,78.84119663979354,14.387986284940395,0.0,2.1,0.6,True,0.0,10,982.5874771255202
2025-08-20 01:00:00,25.481133531468025,97.74694689616612,0.0734428852288941,0.01587687972241541,0.002743147479184692,79.71951554055944,13.79072943241958,0.0,0.6,0.6,True,0.0,10,982.5874771255202
2025-08-20 02:00:00,25.224429177314907,97.22245206468662,0.0891696440471431,0.019940294305480076,0.005363993628787727,80.88809790287004,12.996093426048366,0.0,0.8,0.6,True,0.0,10,982.5874771255202
2025-08-20 03:00:00,25.245690884829013,98.22904335179425,0.05692623124096286,0.01253772164512851,0.0005713880770828235,81.32843409687433,12.696664814125448,0.0,0.3,0.6,True,0.0,10,982.5874771255202
2025-08-20 04:00:00,25.084077910374333,97.76854492739955,0.07104232272633486,0.015736567616374177,0.001359257845236199,81.47349401180782,12.598024071970684,0.0,0.1,0.6,True,0.0,10,982.5874771255202
2025-08-20 05:00:00,25.37018268335437,97.24468666535516,0.0892253814289371,0.020447002939856868,0.004529928231880409,81.46683235264328,12.602554000202565,0.0,0.0,0.6,True,0.0,10,982.5874771255202
2025-08-20 06:00:00,27.48495458314764,94.61017670677724,0.19770104351256293,0.06910348544381446,0.08058081657794806,81.34833115179336,12.683134816780512,0.0,0.0,0.6,True,0.0,10,982.5874771255202
2025-08-20 07:00:00,29.460060831968708,89.75002930417281,0.4216238031917771,0.17868352422801195,0.22483037393566727,81.01769824894679,12.90796519071618,0.0,0.0,0.6,False,0.0,10,982.5874771255202
2025-08-20 08:00:00,31.661734701569433,86.52721181265512,0.6284569007911451,0.2982635846761927,0.40198522410590204,80.57360233114399,13.209950414822082,0.0,0.1,0.6,False,0.0,10,982.5874771255202
2025-08-20 09:00:00,33.28626878270854,85.14285651945231,0.7594204248300657,0.3727595542775117,0.5087969203525565,80.11948921297846,13.51874733517464,0.0,0.2,0.6,False,0.0,10,982.5874771255202
2025-08-20 10:00:00,33.159059242596435,82.19662823390615,0.9035567935055374,0.45225186521309163,0.6067058050056767,79.5213924409113,13.925453140180316,0.0,0.2,1.0,False,0.0,10,982.5874771255202
2025-08-20 11:00:00,32.87763408318406,82.2635410351126,0.8860647222719631,0.4542413866008409,0.6013170323860598,79.22533798152003,14.126770172566376,0.0,0.4,1.0,False,0.0,10,982.5874771255202
2025-08-20 12:00:00,33.20065869907506,81.84319298714279,0.9236441830913876,0.4352298138626206,0.563004059411566,78.83856730591478,14.389774231977942,0.0,0.3,1.0,False,0.0,10,982.5874771255202
2025-08-20 13:00:00,29.542841350671463,86.06126652454914,0.576096983278072,0.28332426283941353,0.32505924646910417,88.21348017875434,8.014833478447045,0.0,6.7,1.0,False,0.0,10,982.5874771255202
2025-08-20 14:00:00,29.272220216483834,91.42339509502735,0.3489928191264511,0.1670477906611893,0.20266277064807806,96.44485845721306,2.417496249095123,0.0,5.8,0.6,True,0.0,10,982.5874771255202
2025-08-20 15:00:00,30.21330785420665,89.7028743031469,0.4422878410904575,0.20226029264114137,0.25258910177574173,96.22046271930755,2.5700853508708645,0.0,0.1,0.6,False,0.0,10,982.5874771255202
2025-08-20 16:00:00,30.48559395575664,88.75214209823231,0.49070874632403827,0.21186275417077932,0.2516088437461185,95.85044971379855,2.821694194616983,0.0,0.0,0.6,False,0.0,10,982.5874771255202
2025-08-20 17:00:00,28.339372857499523,92.12845000007698,0.3034693721105292,0.11027184330748245,0.08631923159354789,95.72350966733745,2.908013426210531,0.0,0.0,0.6,True,0.0,10,982.5874771255202
2025-08-20 18:00:00,27.344028077357137,97.05421054903391,0.10716592710519827,0.030032018309599152,0.00036235723671358835,95.72297678904816,2.9083757834472443,0.0,0.0,0.6,True,0.0,10,982.5874771255202
2025-08-20 19:00:00,27.24930121530802,97.94325467660973,0.07440933400988879,0.01671093258106216,0.0,95.72297678904816,2.9083757834472443,0.0,0.0,0.6,True,0.0,10,982.5874771255202
2025-08-20 20:00:00,27.149661403730462,97.95729112030425,0.07347143026776197,0.01623075516889193,0.0,95.72297678904816,2.9083757834472443,0.0,0.0,0.6,True,0.0,10,982.5874771255202
2025-08-20 21:00:00,26.925623761002306,98.32760526801793,0.059366877676288315,0.013738274848295002,0.0,95.72297678904816,2.9083757834472443,0.0,0.0,0.6,True,0.0,10,982.5874771255202
2025-08-20 22:00:00,26.923494501898148,98.35396760007566,0.05842376151966014,0.012635782140794026,0.0,95.72297678904816,2.9083757834472443,0.0,0.0,0.6,True,0.0,10,982.5874771255202
2025-08-20 23:00:00,26.831964127157885,99.59032354297952,0.014462983578611959,0.0038539739330811624,0.0,95.72297678904816,2.9083757834472443,0.0,0.0,0.6,True,0.0,10,982.5874771255202
2025-08-21 00:00:00,26.257723675276452,96.5969606838421,0.11614548127079256,0.026108600824833482,0.0,97.3406238478717,1.8083757834472443,0.0,1.1,0.6,True,0.0,10,982.5874771255202
2025-08-21 01:00:00,25.836598565905724,96.97324502462932,0.10076391543081564,0.02333391087872418,0.0005422882381061194,98.6633557769333,0.9089180716853503,0.0,0.9,0.6,True,0.0,10,982.5874771255202
2025-08-21 02:00:00,25.741782174680075,96.90432154736136,0.10248150918243627,0.022436534976630645,0.002731577245783903,99.99598297463855,0.002731577245783903,0.0,1.1,0.6,True,0.0,10,982.7785590538349
2025-08-21 03:00:00,25.576420546603284,97.80537089508323,0.07194398625018035,0.01638267418778393,0.0009151684074190537,99.99865416410674,0.0009151684074190537,0.0,0.3,0.6,True,0.0,10,983.0758274765891
2025-08-21 04:00:00,25.34837742702802,98.18496508363553,0.05870023874020173,0.013552261438650366,0.0021188453679571824,99.99688405092948,0.0021188453679571824,0.0,0.2,0.6,True,0.0,10,983.2749123081817
2025-08-21 05:00:00,25.167811426542713,98.51796423088368,0.04741892509584103,0.013227097452589431,0.00420139572300044,99.99382147687794,0.00420139572300044,0.0,0.1,0.6,True,0.0,10,983.3727934628138
2025-08-21 06:00:00,27.21670059709491,95.20605065011146,0.173105623297586,0.06855765806171683,0.08807855427318162,99.8642941911821,0.09227994999618205,0.0,0.0,0.6,True,0.0,10,983.3727934628138
2025-08-21 07:00:00,29.34246676323015,89.4550349815842,0.4308292561078529,0.18986171286882642,0.24569691490486745,99.50297519867493,0.3379768649010495,0.0,0.0,0.6,False,0.0,10,983.3727934628138
2025-08-21 08:00:00,30.573285237183377,85.93231164752665,0.6168115428918749,0.2766556160519624,0.3481786702767123,98.99094774238564,0.6861555351777617,0.0,0.0,0.6,False,0.0,10,983.3727934628138
2025-08-21 09:00:00,32.67751003378222,81.84698210471312,0.896735269292538,0.41128491546730916,0.5330186130787248,98.20709684079928,1.2191741482564864,0.0,0.0,0.6,False,0.0,10,983.3727934628138
2025-08-21 10:00:00,33.130822051226644,77.55452805081232,1.1373517690796455,0.5092964628192818,0.6196187738022975,97.29589276167826,1.8387929220587838,0.0,0.0,1.0,False,0.0,10,983.3727934628138
2025-08-21 11:00:00,33.593657076500925,78.11259776189169,1.1381642123911055,0.5168903068102546,0.641966763862772,96.49888281482124,2.3807596859215554,0.0,0.1,1.0,False,0.0,10,983.3727934628138
2025-08-21 12:00:00,33.48222379619513,78.96948939775055,1.0868178185037374,0.4770697363131563,0.5784433791152486,95.94234843376941,2.759203065036804,0.0,0.2,1.0,False,0.0,10,983.3727934628138
2025-08-21 13:00:00,32.36469722524716,80.86979209470431,0.928512641945588,0.4172461635445847,0.5025719786121492,98.43856611228095,1.0617750436489528,0.0,2.2,1.0,False,0.0,10,983.3727934628138
2025-08-21 14:00:00,31.051881432338334,83.6503730871454,0.7366943876681492,0.3285824555101766,0.3852456787795209,99.43346223708895,0.3852456787795209,0.0,2.2,1.0,False,0.0,10,984.5110184191648
2025-08-21 15:00:00,31.6346798235128,84.7517030270243,0.7101885279506124,0.30299607739929424,0.3643540552822995,99.19176509696791,0.5495997340618204,0.0,0.2,0.6,False,0.0,10,984.5110184191648
2025-08-21 16:00:00,29.076006088547334,91.83710086710137,0.3284183746342034,0.15773544635169645,0.16949237177806958,99.75074651209107,0.16949237177806958,0.0,5.2,0.6,True,0.0,10,989.161418685103
2025-08-21 17:00:00,27.103810909631356,95.8286026282089,0.1496326894104359,0.05930100184117603,0.0405502011504903,99.94036735124928,0.0405502011504903,0.0,5.6,0.6,True,0.0,10,994.5919263133248
2025-08-21 18:00:00,26.321069663560667,98.67599615856052,0.045357310437240866,0.014222284605533982,0.0005140375918577882,99.99924406236491,0.0005140375918577882,0.0,0.2,0.6,True,0.0,10,994.7513761121744
2025-08-21 19:00:00,26.301034724981477,98.71187705337286,0.04407600530612259,0.009600796725901604,0.0,100.0,0.0,0.0,0.1,0.6,True,0.0,10,994.8508620745826
2025-08-21 20:00:00,26.172625915386618,97.77113364414832,0.07568995576067788,0.016481249112554452,0.0030274655891205406,99.99554784472188,0.0030274655891205406,0.0,0.2,0.6,True,0.0,10,995.0508620745826
2025-08-21 21:00:00,26.13447832791653,99.57084001742244,0.014541031955848011,0.003938242227188139,0.0,100.0,0.0,0.0,1.2,0.6,True,0.02005944333048071,10,996.2478346089935
2025-08-21 22:00:00,25.805626136454126,98.70086010348729,0.04317053794377308,0.01015791685233809,0.0,100.0,0.0,0.0,0.6,0.6,True,0.0,10,996.8478346089935
2025-08-21 23:00:00,25.57346746142223,99.10907696409429,0.029200984380897084,0.007208344954292265,0.0,100.0,0.0,0.0,0.3,0.6,True,0.0,10,997.1478346089934
2025-08-22 00:00:00,25.537537250427057,98.32585158170707,0.054755242954047906,0.011702807080103203,0.0,100.0,0.0,0.0,0.2,0.6,True,0.0,10,997.3478346089935
2025-08-22 01:00:00,25.410426758620105,97.39294522013218,0.08462633915124788,0.01841520941468058,0.0,100.0,0.0,0.0,0.1,0.6,True,0.0,10,997.4478346089935
2025-08-22 02:00:00,25.35020732248903,96.86451287836466,0.10141614922640683,0.02194249699370642,0.0029890402244351845,99.99560435261112,0.0029890402244351845,0.0,0.0,0.6,True,0.0,10,997.4478346089935
2025-08-22 03:00:00,25.14335231687809,98.28875352139079,0.05467308835800187,0.012943408425611775,0.0,99.99560435261112,0.0029890402244351845,0.0,0.0,0.6,True,0.0,10,997.4478346089935
2025-08-22 04:00:00,24.9144172835693,98.64519554797128,0.04269889756392342,0.010079148950263891,0.0002538584476937629,99.99523103136451,0.0032428986721289473,0.0,0.0,0.6,True,0.0,10,997.4478346089935
2025-08-22 05:00:00,25.12311643936027,98.01036784041099,0.06349081226121789,0.015898206715672325,0.006487496702928105,99.98569059503669,0.009730395375057052,0.0,0.0,0.6,True,0.0,10,997.4478346089935
2025-08-22 06:00:00,27.13059511325085,95.22589484009066,0.17152156312188718,0.0745210531766344,0.09616946966076019,99.8442649043591,0.10589986503581725,0.0,0.0,0.6,True,0.0,10,997.4478346089935
2025-08-22 07:00:00,28.349535663724826,92.06158804062875,0.3062277635926044,0.13471200318458065,0.16203025665949206,99.60598511515396,0.2679301216953093,0.0,0.0,0.6,True,0.0,10,997.4478346089935
2025-08-22 08:00:00,31.30243127935502,84.84280354484405,0.692763537605395,0.31150802874711503,0.4056782310715102,99.15645830475468,0.5736083527668194,0.0,0.1,0.6,False,0.0,10,997.4478346089935
2025-08-22 09:00:00,32.720322415959785,81.54030928309932,0.9140818480726156,0.41113003955924643,0.517674337234322,98.68929016176303,0.8912826900011415,0.0,0.2,0.6,False,0.0,10,997.4478346089935
2025-08-22 10:00:00,32.15180558733122,78.64954582784165,1.0239071306289995,0.4309408587084085,0.4996506899119197,98.10156855895139,1.2909333799130611,0.0,0.1,1.0,False,0.0,10,997.4478346089935
2025-08-22 11:00:00,33.76876599873331,77.11331237624589,1.2018158621372628,0.5246955564535256,0.6497617896003082,97.29309533895093,1.8406951695133693,0.0,0.1,1.0,False,0.0,10,997.4478346089935
2025-08-22 12:00:00,34.6840340868385,76.7624840650472,1.28392597751495,0.5592169787820672,0.6685451040473257,96.45699959770486,2.409240273560695,0.0,0.1,1.0,False,0.0,10,997.4478346089935
2025-08-22 13:00:00,34.64938927274223,77.34899254903813,1.2491200038626549,0.5590660279157557,0.6978962774545309,95.72479918968348,2.907136551015226,0.0,0.2,1.0,False,0.0,10,997.4478346089935
2025-08-22 14:00:00,30.063751795067244,87.76032692418082,0.5212393532955878,0.27473086908290706,0.3104260459712574,99.5434911088658,0.3104260459712574,0.0,3.8,1.0,False,0.0,10,998.3406980579783
2025-08-22 15:00:00,31.21311366369415,89.78429703268196,0.46454765730955944,0.2376506481260871,0.32090779732639546,99.21862670103286,0.5313338432976529,0.0,0.1,0.6,False,0.0,10,998.3406980579783
2025-08-22 16:00:00,30.49452428138279,88.92632778324526,0.483356189546594,0.2147293287403581,0.2504302004635756,98.85034699446878,0.7817640437612285,0.0,0.0,0.6,False,0.0,10,998.3406980579783
2025-08-22 17:00:00,28.833104977235276,92.55295453610442,0.2954396003191237,0.10873339875955335,0.08895063630689283,98.71953723519394,0.8707146800681214,0.0,0.0,0.6,True,0.0,10,998.3406980579783
2025-08-22 18:00:00,27.263381567182027,98.22837932608296,0.06414690322744032,0.023065878200146227,0.0025453696253727245,98.7157940445684,0.8732600496934941,0.0,0.0,0.6,True,0.0,10,998.3406980579783
2025-08-22 19:00:00,27.22367704831981,98.31236944664167,0.060963875917816504,0.0133372999285702,0.0,98.7157940445684,0.8732600496934941,0.0,0.0,0.6,True,0.0,10,998.3406980579783
2025-08-22 20:00:00,27.195104302326175,98.7164119085837,0.046290729121382386,0.010235059728421524,0.0002676588009407426,98.71540042868465,0.8735277084944348,0.0,0.0,0.6,True,0.0,10,998.3406980579783
2025-08-22 21:00:00,26.604665982996636,98.64504656714531,0.04719952107284757,0.012185822569430916,0.00203500615963558,99.9970073438829,0.00203500615963558,0.0,6.4,0.6,True,0.0,10,1003.8671703494839
2025-08-22 22:00:00,25.877137518640524,99.04809436802489,0.031766074171735506,0.00936283118495486,0.001976221121019686,99.99709379246909,0.001976221121019686,0.0,6.7,0.6,True,0.0,10,1010.5651353433243
2025-08-22 23:00:00,25.871298242462988,99.11776534622075,0.029430911192583342,0.006398859758935173,0.0,100.0,0.0,0.0,0.9,0.6,True,0.0,10,1011.4631591222033
2025-08-23 00:00:00,25.871492822609593,99.11490411935759,0.02952670026067592,0.006376203605937297,0.0,100.0,0.0,0.0,1.8,0.6,True,0.0,10,1013.2631591222032
2025-08-23 01:00:00,25.77392580435515,99.08846057685689,0.030233739034201287,0.006844254123458061,0.00036828087058697384,99.99945841048444,0.00036828087058697384,0.0,1.3,0.6,True,0.0,10,1014.5631591222032
2025-08-23 02:00:00,25.769706825082142,99.14794890006833,0.02825358387479034,0.006135845627259475,0.0,100.0,0.0,0.0,0.1,0.6,True,0.0,10,1014.6627908413326
2025-08-23 03:00:00,25.708245004845157,98.66157193787548,0.04422032280717123,0.009602237099808711,0.0007682013393402222,99.99887029214804,0.0007682013393402222,0.0,0.1,0.6,True,0.0,10,1014.7627908413326
2025-08-23 04:00:00,25.472530410969075,99.13072080165269,0.02832147336372143,0.007052505672363378,0.0,99.99887029214804,0.0007682013393402222,0.0,0.0,0.6,True,0.0,10,1014.7627908413326
2025-08-23 05:00:00,25.761620513787275,98.55323062623688,0.04795117369358394,0.011506220035169788,0.0035603352376339372,99.99476421288584,0.0035603352376339372,0.0,0.1,0.6,True,0.0,10,1014.8620226399933
2025-08-23 06:00:00,27.543534567535872,94.75495573481008,0.19305024304322674,0.07391572851652452,0.09062120217963036,99.86673352620643,0.09062120217963036,0.0,0.4,0.6,True,0.0,10,1015.2584623047557
2025-08-23 07:00:00,28.985940851161068,93.08243051672558,0.27687047930186376,0.1360049845007259,0.1791636953251432,99.73652397746302,0.1791636953251432,0.0,0.3,0.6,True,0.0,10,1015.467841102576
2025-08-23 08:00:00,30.528974933941313,91.05869791970927,0.39104909255410725,0.20243624305093022,0.2713022708173815,99.60102607232739,0.2713022708173815,0.0,0.4,0.6,True,0.0,10,1015.6886774072509
2025-08-23 09:00:00,33.94423940892519,86.53806584415894,0.7138551091334047,0.3777666014365422,0.5413228886146886,99.2039369285078,0.5413228886146886,0.0,0.5,0.6,False,0.0,10,1015.9173751364335
2025-08-23 10:00:00,34.049694147526274,81.60983348016053,0.9809307144565033,0.5048512025778205,0.6837384151161149,98.93373337686646,0.7250613037308035,0.0,0.5,1.0,False,0.0,10,1015.9173751364335
2025-08-23 11:00:00,34.460982363706286,81.80078092824212,0.9931894750921217,0.49856791635599673,0.6688881433689202,98.83242728367688,0.7939494470997237,0.0,0.6,1.0,False,0.0,10,1015.9173751364335
2025-08-23 12:00:00,34.77407584641499,80.01558822793287,1.1097043860974198,0.5354771770706749,0.6915198652148715,98.55078042306677,0.9854693123145952,0.0,0.5,1.0,False,0.0,10,1015.9173751364335
2025-08-23 13:00:00,33.39822760593121,81.3745183361037,0.9580207673938063,0.4307136816343452,0.5114056416179759,98.38694859715798,1.096874953932571,0.0,0.4,1.0,False,0.0,10,1015.9173751364335
2025-08-23 14:00:00,31.863689337144173,84.62665307707742,0.7253564343884976,0.3511373436527386,0.43671743471194063,99.35776847836479,0.43671743471194063,0.0,7.8,1.0,False,0.0,10,1022.6205001825009
2025-08-23 15:00:00,32.003691921751724,86.73027662343789,0.6310771862645039,0.26910172520182657,0.3166740033590098,98.89207141460155,0.7533914380709504,0.0,0.0,0.6,False,0.0,10,1022.6205001825009
2025-08-23 16:00:00,30.514077256594096,88.0455058051772,0.5223866390795281,0.21227318421879773,0.22139145366981564,98.56649574744006,0.974782891740766,0.0,0.0,1.0,False,0.0,10,1022.6205001825009
2025-08-23 17:00:00,29.166976523234982,92.71499093185416,0.2946416725651085,0.10459846892927462,0.0909030779784003,98.43281475041299,1.0656859697191663,0.0,0.0,0.6,True,0.0,10,1022.6205001825009
2025-08-23 18:00:00,28.232035608762036,93.31600891342153,0.2560837690222517,0.06058065687780028,0.015055153957191307,98.410674818123,1.0807411236763576,0.0,0.0,0.6,True,0.0,10,1022.6205001825009
2025-08-23 19:00:00,27.99010580252083,93.55465266931483,0.24348932152856165,0.05358341705403474,0.00570381534937666,98.40228685437393,1.0864449390257342,0.0,0.0,0.6,True,0.0,10,1022.6205001825009
2025-08-23 20:00:00,27.84599881928642,94.49484988491695,0.2062321892953955,0.04540601964956142,0.0,98.40228685437393,1.0864449390257342,0.0,0.0,0.6,True,0.0,10,1022.6205001825009
2025-08-23 21:00:00,27.482569082938806,97.41242411899022,0.09490016578497147,0.022808541447305007,0.0,98.40228685437393,1.0864449390257342,0.0,0.0,0.6,True,0.0,10,1022.6205001825009
2025-08-23 22:00:00,27.56370812528384,99.12578719824074,0.03221441206948679,0.007318322752261387,0.0007128688531376743,98.40123851782519,1.087157807878872,0.0,0.0,0.6,True,0.014155141146015432,10,1022.6205001825009
2025-08-23 23:00:00,26.968166454295897,99.11017941364962,0.031665929595006345,0.00889091742375759,0.0002974967360406857,98.40080102262513,1.0874553046149127,0.0,0.0,0.6,True,0.0,10,1022.6205001825009
2025-08-24 00:00:00,26.536342908525818,99.54141010448448,0.015910771465933705,0.005029558747730931,0.0,98.40080102262513,1.0874553046149127,0.0,0.0,0.6,True,0.0,10,1022.6205001825009
2025-08-24 01:00:00,26.136839149593715,99.54594253716863,0.015386766893983725,0.004658036930251703,0.0,98.84197749321336,0.7874553046149126,0.0,0.3,0.6,True,0.0,10,1022.6205001825009
2025-08-24 02:00:00,25.739880805790637,99.51445202949837,0.01607211020386978,0.004722171863200343,0.000293320300191467,99.13566378688955,0.5877486249151042,0.0,0.2,0.6,True,0.0,10,1022.6205001825009
2025-08-24 03:00:00,25.648086841816745,98.15459895287779,0.060753237851477904,0.012992263808522022,0.003547149752312655,99.71868268431263,0.1912957746674168,0.0,0.4,0.6,True,0.0,10,1022.6205001825009
2025-08-24 04:00:00,25.70582666709121,98.6926436204632,0.043187557363750594,0.00930410571418035,0.0,100.0,0.0,0.0,0.6,0.6,True,0.0,10,1023.0292044078335
2025-08-24 05:00:00,25.626975520564017,98.62684234707565,0.04514977457388802,0.010758261004269624,0.0015940930638964129,99.99765574549427,0.0015940930638964129,0.0,2.2,0.6,True,0.0,10,1025.2292044078335
2025-08-24 06:00:00,26.777963171291667,95.86171913581485,0.14563271063716823,0.05028092769509702,0.054537560884844995,99.91979770458111,0.054537560884844995,0.0,4.1,0.6,True,0.0,10,1029.3276103147696
2025-08-24 07:00:00,27.790312061993856,95.10938322277781,0.18261684183820068,0.08097203395395125,0.10154145821433813,99.85067432615539,0.10154145821433813,0.0,1.0,0.6,True,0.0,10,1030.2730727538847
2025-08-24 08:00:00,28.100270359462144,95.07904372692711,0.1870974630620078,0.093520494837553,0.11926988902832067,99.82460310437011,0.11926988902832067,0.0,4.5,0.6,True,0.0,10,1034.6715312956703
2025-08-24 09:00:00,27.959866441115814,95.39900068525534,0.1735085781132355,0.09349157443548992,0.11707398884663264,99.82783236934318,0.11707398884663264,0.0,2.8,0.6,True,0.0,10,1037.352261406642
2025-08-24 10:00:00,29.374583049876186,92.20814184732458,0.31893703827310144,0.16974547365969145,0.22895103105249354,99.66330730727574,0.22895103105249354,0.0,0.3,0.6,True,0.0,10,1037.5351874177952
2025-08-24 11:00:00,34.72346299163228,82.86601581209258,0.948761715082563,0.4681509625909552,0.6672476923960156,98.68206070081101,0.8961987234485091,0.0,0.0,0.6,False,0.0,10,1037.5351874177952
2025-08-24 12:00:00,32.75184361179836,81.85254896937514,0.9002137962276757,0.4265047143983845,0.5271543838450715,98.20095131280355,1.2233531072935806,0.0,0.2,1.0,False,0.0,10,1037.5351874177952
2025-08-24 13:00:00,31.911470924813493,84.76397046787068,0.7208227066564048,0.3437318052353777,0.4331814940609848,98.2992138215374,1.1565346013545654,0.0,0.5,1.0,False,0.0,10,1037.5351874177952
2025-08-24 14:00:00,30.083264435002466,89.52188876168,0.44672080563678046,0.19986288391258727,0.2229752610713801,99.6720952043068,0.2229752610713801,0.0,3.2,0.6,False,0.0,10,1039.5786528164406
2025-08-24 15:00:00,28.631300845634865,91.69387327037789,0.3256928725002676,0.14440036452982727,0.15704334646805582,99.76905390225286,0.15704334646805582,0.0,4.1,0.6,True,0.0,10,1043.4556775553692
2025-08-24 16:00:00,29.03186137990314,92.43882100314467,0.3034345709724444,0.12538742614476953,0.14314935004675863,99.78948624993123,0.14314935004675863,0.0,0.3,0.6,True,0.0,10,1043.598634208901
2025-08-24 17:00:00,28.175094233761275,96.37441161969438,0.1384481029563307,0.05363854296616846,0.04103638198230315,99.72913862936903,0.1841857320290618,0.0,0.0,0.6,True,0.0,10,1043.598634208901
2025-08-24 18:00:00,26.926544476167265,98.66101934608301,0.047533871919252686,0.016620266004616885,0.0014612700795216607,99.7269897027815,0.18564700210858345,0.0,0.0,0.6,True,0.0,10,1043.598634208901
2025-08-24 19:00:00,26.966876166980402,99.11711168591285,0.03141685286727879,0.006799071626292291,0.0003362841789095871,99.72649516722427,0.18598328628749303,0.0,0.0,0.6,True,0.0,10,1043.598634208901
2025-08-24 20:00:00,26.700465859888727,98.69030810365796,0.045880660852746766,0.010689285296757585,0.0007922108102766447,99.7253301513268,0.18677549709776967,0.0,0.0,0.6,True,0.0,10,1043.598634208901
2025-08-24 21:00:00,26.465830092370638,97.82744022707107,0.07506458741048297,0.016743008325540033,0.0013569589583374989,99.7233346234469,0.18813245605610718,0.0,0.0,0.6,True,0.0,10,1043.598634208901
2025-08-24 22:00:00,26.458727868950458,97.93033061801135,0.07147968792185698,0.015497870041157075,0.0,99.7233346234469,0.18813245605610718,0.0,0.0,0.6,True,0.0,10,1043.598634208901
2025-08-24 23:00:00,25.540129366632492,99.52120787562214,0.015661939141076345,0.006864539279174824,0.0,100.0,0.0,0.0,6.9,0.6,True,0.0,10,1050.310501752845
2025-08-25 00:00:00,25.471173443386906,99.14805826137041,0.027754376427000092,0.0061087136791776,0.0,100.0,0.0,0.0,3.9,0.6,True,0.0,10,1054.2105017528452
2025-08-25 01:00:00,25.337725346641264,99.55123281367736,0.014504445793200923,0.003696859214226812,0.0,100.0,0.0,0.0,6.0,0.6,True,0.0,10,1060.2105017528452
2025-08-25 02:00:00,25.372234882852805,99.13344377327614,0.028065132996604285,0.005817451301892572,0.0,100.0,0.0,0.0,0.2,0.6,True,0.0,10,1060.4105017528452
2025-08-25 03:00:00,25.27396095229032,99.11694149569247,0.028433076170861316,0.006460598185618923,0.0,100.0,0.0,0.0,0.2,0.6,True,0.0,10,1060.6105017528453
2025-08-25 04:00:00,25.27467054879463,99.10353518407726,0.02886595554775491,0.0062285458378431,0.0,100.0,0.0,0.0,0.0,0.6,True,0.0,10,1060.6105017528453
2025-08-25 05:00:00,25.356671396937312,98.5513510092014,0.046874001751536644,0.011593882929648412,0.0034695086510507325,99.99489778139551,0.0034695086510507325,0.0,0.1,0.6,True,0.0,10,1060.7105017528452
2025-08-25 06:00:00,26.8019844567183,96.50513977217919,0.1231634343798509,0.05187868645908,0.06706126223045365,99.90138049671991,0.06706126223045365,0.0,0.1,0.6,True,0.0,10,1060.807032244194
2025-08-25 07:00:00,29.47450863537993,91.35621656641096,0.35585060686421777,0.1717455998829129,0.24347649418931328,99.64194633207454,0.24347649418931328,0.0,0.1,0.6,True,0.0,10,1060.8399709819637
2025-08-25 08:00:00,30.268747678717293,89.57549978883382,0.4491824258012798,0.22534307050034608,0.30094478178652206,99.34643930003554,0.44442127597583536,0.0,0.1,0.6,False,0.0,10,1060.8399709819637
2025-08-25 09:00:00,31.91639965739547,87.94173411544426,0.570640438770144,0.2917205223576014,0.4055267268202716,99.04419411353513,0.6499480027961069,0.0,0.2,0.6,False,0.0,10,1060.8399709819637
2025-08-25 10:00:00,34.16097143726677,83.84717242807766,0.8669417936211822,0.41402884352054603,0.5650314826147969,98.36032428616043,1.1149794854109039,0.0,0.1,0.6,False,0.0,10,1060.8399709819637
2025-08-25 11:00:00,34.28115138443668,77.97857641124016,1.1898387773036676,0.5406804339098384,0.690319972133157,97.49220668008226,1.7052994575440608,0.0,0.1,1.0,False,0.0,10,1060.8399709819637
2025-08-25 12:00:00,32.62211337688156,81.55685386216912,0.9082333423529104,0.38898557099315456,0.44497002092118154,96.837839002257,2.1502694784652423,0.0,0.0,1.0,False,0.0,10,1060.8399709819637
2025-08-25 13:00:00,33.57662515437084,80.36377020028155,1.0201304254604853,0.44879450136430554,0.5626526811215107,96.010408588843,2.712922159586753,0.0,0.0,1.0,False,0.0,10,1060.8399709819637
2025-08-25 14:00:00,31.985337069939526,82.88085267028549,0.8133027971412231,0.34135511530641277,0.3824718831868913,95.59500876062698,2.9953940427736443,0.0,0.1,1.0,False,0.0,10,1060.8399709819637
2025-08-25 15:00:00,32.72594923176316,84.4624708981107,0.7696264264563281,0.3175083305470092,0.37565334807645057,95.04257736639691,3.371047390850095,0.0,0.0,0.6,False,0.0,10,1060.8399709819637
2025-08-25 16:00:00,30.097373792003587,89.08304197119735,0.46580703642458565,0.20150422516446184,0.20980662085143137,95.02815586514481,3.380854011701526,0.0,0.2,1.0,False,0.0,10,1060.8399709819637
2025-08-25 17:00:00,27.697501899388172,94.42971567338532,0.20687266825940945,0.07904680998384161,0.052214800719508236,99.06901645232202,0.6330688124210346,0.0,2.8,0.6,True,0.0,10,1060.8399709819637
2025-08-25 18:00:00,26.789979122502164,97.7911529705762,0.07778775981846815,0.02230222614022139,0.002486505935831231,99.06535982594579,0.6355553183568659,0.0,0.0,0.6,True,0.0,10,1060.8399709819637
2025-08-25 19:00:00,26.728878279974037,98.29806958413975,0.059721101039804055,0.013280413778909208,0.0,99.06535982594579,0.6355553183568659,0.0,0.0,0.6,True,0.0,10,1060.8399709819637
2025-08-25 20:00:00,26.699939289538715,98.69178312411988,0.045827569495949516,0.010128540746582095,0.00039550441503306176,99.06477820180604,0.635950822771899,0.0,0.0,0.6,True,0.0,10,1060.8399709819637
2025-08-25 21:00:00,26.633146176853376,99.57785421125162,0.014730022955205034,0.0037039134255745397,0.0,99.06477820180604,0.635950822771899,0.0,0.0,0.6,True,0.0,10,1060.8399709819637
2025-08-25 22:00:00,26.50030350245309,99.99915043069329,2.9413314798398938e-05,0.0006013310234296706,0.0,99.06477820180604,0.635950822771899,0.0,0.0,0.6,True,0.0,10,1060.8399709819637
2025-08-25 23:00:00,26.367586550985344,99.1474207387472,0.029287608683793483,0.006504412317295075,0.0,99.06477820180604,0.635950822771899,0.0,0.0,0.6,True,0.0,10,1060.8399709819637
2025-08-26 00:00:00,26.167427417046014,99.166181167878,0.028306921117818663,0.006807908321714113,0.0,99.06477820180604,0.635950822771899,0.0,0.0,0.6,True,0.0,10,1060.8399709819637
2025-08-26 01:00:00,26.034712037882194,99.57626923408412,0.014272707848764714,0.003666018850721836,0.0,99.06477820180604,0.635950822771899,0.0,0.0,0.6,True,0.0,10,1060.8399709819637
2025-08-26 02:00:00,26.034106138220654,99.5815734608146,0.014093538605505895,0.003047962346851616,0.0,99.06477820180604,0.635950822771899,0.0,0.0,0.6,True,0.0,10,1060.8399709819637
2025-08-26 03:00:00,25.96816222461969,99.16292515665295,0.028084853915268753,0.006157211303859666,0.0,99.06477820180604,0.635950822771899,0.0,0.0,0.6,True,0.0,10,1060.8399709819637
2025-08-26 04:00:00,26.033486265168634,99.58786993720278,0.013880950725956983,0.002911016669653942,0.0,99.06477820180604,0.635950822771899,0.0,0.0,0.6,True,0.0,10,1060.8399709819637
2025-08-26 05:00:00,26.299399573634556,99.46042526390622,0.01846097497350585,0.005770221022693804,0.0014936748001796133,99.06258162121753,0.6374444975720786,0.0,0.0,0.6,True,0.01354155329482791,10,1060.8399709819637
2025-08-26 06:00:00,28.02272661262915,95.68643198762761,0.16326575128456738,0.05578894622945726,0.06609677425135743,98.9653804826126,0.703541271823436,0.0,0.0,0.6,True,0.0,10,1060.8399709819637
2025-08-26 07:00:00,30.57322253959589,87.8305834919065,0.5335780482168105,0.21958473258259767,0.27793081883775844,98.55665869020413,0.9814720906611945,0.0,0.0,0.6,False,0.0,10,1060.8399709819637
2025-08-26 08:00:00,32.882637578121255,83.5100479760795,0.8240241013693322,0.364077865721806,0.46872477842973864,97.86735754545451,1.450196869090933,0.0,0.0,0.6,False,0.0,10,1060.8399709819637
2025-08-26 09:00:00,33.11656723418223,77.37288603727286,1.145640337119553,0.49314230410937077,0.595859167549019,96.99109406376478,2.046056036639952,0.0,0.0,1.0,False,0.0,10,1060.8399709819637
2025-08-26 10:00:00,34.127730508137155,73.9801094416885,1.3939394304869046,0.5860232993292921,0.7049863326029829,95.95434945699569,2.751042369242935,0.0,0.0,1.0,False,0.0,10,1060.8399709819637
2025-08-26 11:00:00,35.1364118984237,71.3294280202944,1.624248887726065,0.6698865507945746,0.7991844977796424,94.7790781367315,3.550226867022577,0.0,0.0,1.0,False,0.0,10,1060.8399709819637
2025-08-26 12:00:00,35.792581534988926,70.67574748795106,1.722424237575959,0.7010933716074266,0.8278769948886824,93.56161196777755,4.37810386191126,0.0,0.0,1.0,False,0.0,10,1060.8399709819637
2025-08-26 13:00:00,35.23765671290162,71.42590518352021,1.6278546429721654,0.6498421435987753,0.7410733233988915,92.47179825689683,5.119177185310152,0.0,0.0,1.0,False,0.0,10,1060.8399709819637
2025-08-26 14:00:00,34.64037994763686,72.53167796052604,1.5140211711235771,0.5789711330765765,0.6269653270571397,91.54979042298928,5.746142512367292,0.0,0.0,1.0,False,0.0,10,1060.8399709819637
2025-08-26 15:00:00,32.57969311170602,75.0998159633196,1.223287570276363,0.45419647039676403,0.46658667624218675,91.15775119322136,6.0127291886094785,0.0,0.2,1.0,False,0.0,10,1060.8399709819637
2025-08-26 16:00:00,30.514958147262046,85.38751197899532,0.6385676042459014,0.24819155867904918,0.24926284748143318,90.93824700574866,6.161992036090912,0.0,0.1,1.0,False,0.0,10,1060.8399709819637
2025-08-26 17:00:00,29.10208512944327,91.53533923759966,0.34107246393259705,0.11323279206296309,0.09020454032082666,90.80559326998274,6.252196576411738,0.0,0.0,0.6,True,0.0,10,1060.8399709819637
2025-08-26 18:00:00,27.939844638804523,95.00203557431917,0.1882588741117142,0.046949852895254274,0.015380544199529137,90.7829748226305,6.267577120611268,0.0,0.0,0.6,True,0.0,10,1060.8399709819637
2025-08-26 19:00:00,27.815838520437794,96.84773821357665,0.11788157301286233,0.026547450389176816,0.00941632761919651,90.76912728201401,6.276993448230464,0.0,0.0,0.6,True,0.0,10,1060.8399709819637
2025-08-26 20:00:00,27.723702096450275,98.25438572363124,0.06492889526527713,0.014837960989583183,0.0023347929397239376,90.76569376298501,6.279328241170188,0.0,0.0,0.6,True,0.0,10,1060.8399709819637
2025-08-26 21:00:00,27.525881859038567,98.24977325736403,0.06435281568964454,0.014598840894311751,0.0029193182160590146,90.7614006479614,6.2822475593862475,0.0,0.0,0.6,True,0.0,10,1060.8399709819637
2025-08-26 22:00:00,27.42651874171849,98.25055743499793,0.06395144561520096,0.014164442091504723,0.002763908995092548,90.75733607590979,6.28501146838134,0.0,0.0,0.6,True,0.0,10,1060.8399709819637
2025-08-26 23:00:00,27.39485551510106,98.70279472244314,0.04733203121870595,0.01048871734048195,0.001166517522051762,90.7556206089656,6.286177985903391,0.0,0.0,0.6,True,0.0,10,1060.8399709819637
2025-08-27 00:00:00,27.197226031113857,98.69060424127552,0.047227314522062074,0.01088886922829154,0.001347807606315904,90.75363853895631,6.287525793509707,0.0,0.0,0.6,True,0.0,10,1060.8399709819637
2025-08-27 01:00:00,26.43685702141703,98.23530758435145,0.060868291499407326,0.015615293974368415,0.0017761560564438675,97.95690889769683,1.3893019495661507,0.0,4.9,0.6,True,0.0,10,1060.8399709819637
2025-08-27 02:00:00,26.503094425755716,98.66328714277941,0.0462865339585957,0.009912085987708022,0.0015876225689552415,98.83692709980131,0.790889572135106,0.0,0.6,0.6,True,0.0,10,1060.8399709819637
2025-08-27 03:00:00,26.301625211632956,98.70841835534189,0.044195891532897554,0.010253026674673095,0.0,99.7192800409778,0.19088957213510604,0.0,0.6,0.6,True,0.0,10,1060.8399709819637
2025-08-27 04:00:00,26.467629207770106,99.13118845814427,0.03002167883482836,0.006054063169084326,0.0,100.0,0.0,0.0,0.3,0.6,True,0.0,10,1060.9490814098285
2025-08-27 05:00:00,26.628897247049824,98.9735091472397,0.035808611828807776,0.009812561480342647,0.004175095985374414,99.99386015296268,0.004175095985374414,0.0,0.3,0.6,True,0.0,10,1061.2490814098285
2025-08-27 06:00:00,27.728321980434256,95.6247560409475,0.1627830073867542,0.07138253986547517,0.08969962200275529,99.86194894413511,0.0938747179881297,0.0,0.0,0.6,True,0.0,10,1061.2490814098285
2025-08-27 07:00:00,30.018190178725018,90.55884278741584,0.4010125918231713,0.1900816853637174,0.26037702031372184,99.4790415613208,0.3542517383018515,0.0,0.0,0.6,True,0.0,10,1061.2490814098285
2025-08-27 08:00:00,32.108758747818676,87.04210928676268,0.6199152902826552,0.3020499312893245,0.41246882055331174,99.01952858991888,0.6667205588551632,0.0,0.1,0.6,False,0.0,10,1061.2490814098285
2025-08-27 09:00:00,32.23513350460958,84.37912397562175,0.752663568023787,0.37028289689693833,0.48993935483921136,98.59314718574356,0.9566599136943745,0.0,0.2,1.0,False,0.0,10,1061.2490814098285
2025-08-27 10:00:00,33.01223400015112,81.7101953697572,0.9206357222862739,0.43330346438961365,0.5638000605891456,98.05814709664187,1.3204599742835201,0.0,0.2,1.0,False,0.0,10,1061.2490814098285
2025-08-27 11:00:00,33.639034376209295,80.63688817631659,1.0094533181798144,0.47286066720116654,0.6085433474380059,97.60440687982128,1.6290033217215258,0.0,0.3,1.0,False,0.0,10,1061.2490814098285
2025-08-27 12:00:00,34.22044298949513,80.02620548325119,1.0755683754947922,0.5096722026483543,0.6572098232173881,96.93203949273689,2.086213144938914,0.0,0.2,1.0,False,0.0,10,1061.2490814098285
2025-08-27 13:00:00,32.42781969617637,82.91270377327521,0.8323118023302398,0.3700032182760991,0.4333902163656592,96.5888185863168,2.3196033613045732,0.0,0.2,1.0,False,0.0,10,1061.2490814098285
2025-08-27 14:00:00,30.075050884511807,86.91875499662964,0.5574395458947102,0.26462120304168846,0.3054893606053899,99.55075094028619,0.3054893606053899,0.0,3.6,1.0,False,0.0,10,1062.529478048524
2025-08-27 15:00:00,31.14702719070712,85.82643176961692,0.6421099969031355,0.26756157808376796,0.32226287088802064,99.52608401339998,0.32226287088802064,0.0,0.4,0.6,False,0.0,10,1062.6239886879187
2025-08-27 16:00:00,29.568265633129382,87.47734214716591,0.5183274822222351,0.19979468039956516,0.21060175620602903,99.69029153499113,0.21060175620602903,0.0,0.5,0.6,False,0.0,10,1062.8017258170307
2025-08-27 17:00:00,28.022527944434955,92.64433289479588,0.27840400875881693,0.09112182714493967,0.06593821798419673,99.74038239089673,0.17653997419022577,0.0,0.1,0.6,True,0.0,10,1062.8017258170307
2025-08-27 18:00:00,26.650829919828652,98.26216025834167,0.06070192613257443,0.020671415516451155,0.0003616402647700229,99.99946817608122,0.0003616402647700229,0.0,4.2,0.6,True,0.0,10,1066.8251858428405
2025-08-27 19:00:00,26.96107952177683,97.8087394452031,0.0779476808667203,0.015605815150811176,0.002943332735657359,99.99567156950638,0.002943332735657359,0.0,0.1,0.6,True,0.0,10,1066.9248242025758
2025-08-27 20:00:00,27.03052617208272,98.23718176262382,0.06296311273284759,0.013501099327969845,0.002698512507995608,99.99170316875934,0.005641845243652967,0.0,0.0,0.6,True,0.0,10,1066.9248242025758
2025-08-27 21:00:00,27.001156760830423,98.65151513575078,0.04808133549558265,0.010625635288523443,0.00234459381399301,99.98825523667993,0.007986439057645976,0.0,0.0,0.6,True,0.0,10,1066.9248242025758
2025-08-27 22:00:00,26.802267874076588,98.65513599150238,0.04739555161894937,0.010920786720896374,0.002155676440407066,99.98508512426757,0.010142115498053042,0.0,0.0,0.6,True,0.0,10,1066.9248242025758
2025-08-27 23:00:00,26.669495339070888,99.10086594707236,0.03144082927181928,0.00739082701804516,0.0008377983392248522,99.98385306788636,0.010979913837277894,0.0,0.0,0.6,True,0.0,10,1066.9248242025758
2025-08-28 00:00:00,26.367026631648073,97.82772819262803,0.07461892361598403,0.016744859763013945,0.0013753281097589473,99.99797745866212,0.0013753281097589473,0.0,0.1,0.6,True,0.0,10,1067.0138442887385
2025-08-28 01:00:00,25.973277377647204,97.79766042602661,0.07391345630651014,0.017298137571637444,0.0017524502312558194,99.9954003259691,0.0031277783410147667,0.0,0.0,0.6,True,0.0,10,1067.0138442887385
2025-08-28 02:00:00,25.90729777534528,98.6568657363321,0.04490182666250642,0.010195492945263314,0.0011488482953691693,99.99371084318179,0.0042766266363839355,0.0,0.0,0.6,True,0.0,10,1067.0138442887385
2025-08-28 03:00:00,25.64303862422621,98.22991356312878,0.058256339022705717,0.013334593178231782,0.0009810637860227162,99.9985572591382,0.0009810637860227162,0.0,0.1,0.6,True,0.0,10,1067.109567662102
2025-08-28 04:00:00,25.541133320094037,98.2667873363509,0.056699111310890914,0.012601474414898735,0.0,100.0,0.0,0.0,0.1,0.6,True,0.0,10,1067.208586598316
2025-08-28 05:00:00,25.481114519554783,98.16847765673299,0.05970215848470517,0.014593601644866979,0.00243122252403545,99.99642467275878,0.00243122252403545,0.0,0.1,0.6,True,0.0,10,1067.308586598316
2025-08-28 06:00:00,26.88964176166657,96.66309777491796,0.11820381062508599,0.036981799020791156,0.037328893364492195,99.94510456858163,0.037328893364492195,0.0,0.1,0.6,True,0.00499279264097735,10,1067.406155375792
2025-08-28 07:00:00,28.430080058903556,93.26488464131401,0.26102778312278235,0.11327609552308342,0.144923659366232,99.78687697152024,0.144923659366232,0.0,0.2,0.6,True,0.0,10,1067.5688264824275
2025-08-28 08:00:00,31.117504769027793,90.2722144655886,0.4399618329771254,0.2284272946176521,0.33813788027718744,99.50273841135707,0.33813788027718744,0.0,0.3,0.6,True,0.0,10,1067.7239028230613
2025-08-28 09:00:00,33.110045353120846,86.87810194639724,0.6641360422674971,0.33534568077621457,0.4768878689129887,99.29869431042208,0.4768878689129887,0.0,0.6,0.6,False,0.0,10,1067.985764942784
2025-08-28 10:00:00,33.31657750731485,82.44968568676828,0.8986043980067286,0.44609948381959813,0.605620866823811,99.10938107820027,0.605620866823811,0.0,3.1,1.0,False,0.0,10,1070.608877073871
2025-08-28 11:00:00,31.687361907692036,82.41812381476176,0.8213224395874512,0.41478353222698056,0.526314192482049,99.22600854046757,0.526314192482049,0.0,10.6,1.0,False,0.0,10,1080.6032562070473
2025-08-28 12:00:00,29.051041529251926,91.0723069228697,0.35867079647427563,0.18768983339359094,0.21827326669243136,99.6790099019229,0.21827326669243136,0.0,4.3,0.6,True,0.0,10,1084.3769420145652
2025-08-28 13:00:00,29.28662076916023,89.81936302690148,0.4146070668932938,0.20318176127031368,0.25803488819624265,99.62053692912318,0.25803488819624265,0.0,0.5,0.6,False,0.0,10,1084.6586687478728
2025-08-28 14:00:00,31.988288921142303,86.05592733754077,0.6625706953129704,0.32319042372230367,0.43200236943221676,99.3647023978938,0.43200236943221676,0.0,0.3,0.6,False,0.0,10,1084.7006338596766
2025-08-28 15:00:00,31.22680524026962,86.9527379915835,0.593771527514798,0.28199346177921436,0.3386795042153299,99.5019419055657,0.3386795042153299,0.0,0.6,0.6,False,0.0,10,1084.8686314902443
2025-08-28 16:00:00,29.889114882712192,87.94288792928661,0.5083463112526725,0.21119459099194055,0.22815989795830932,99.46053029092113,0.3668394021736392,0.0,0.2,0.6,False,0.0,10,1084.8686314902443
2025-08-28 17:00:00,28.219741703106486,93.18817246415689,0.2607951350764901,0.09638282150620378,0.07557042900980965,99.34939730708317,0.44240983118344884,0.0,0.0,0.6,True,0.0,10,1084.8686314902443
2025-08-28 18:00:00,26.709223654893215,98.71904865588732,0.04489694556305292,0.017360932352715575,0.0,99.34939730708317,0.44240983118344884,0.0,0.0,0.6,True,0.0,10,1084.8686314902443
2025-08-28 19:00:00,26.763992465607895,99.16884421639661,0.02922569354847165,0.006269206100568792,0.0,99.34939730708317,0.44240983118344884,0.0,0.0,0.6,True,0.0,10,1084.8686314902443
2025-08-28 20:00:00,26.56046807025667,97.89428832404256,0.07316147444882923,0.01609542775734745,0.0,99.34939730708317,0.44240983118344884,0.0,0.0,0.6,True,0.0,10,1084.8686314902443
2025-08-28 21:00:00,26.532874098846683,98.26307602249918,0.06025025280606522,0.013230065887503938,0.001096685755631228,99.34778453391311,0.44350651693908005,0.0,0.0,0.6,True,0.0,10,1084.8686314902443
2025-08-28 22:00:00,26.569080909787008,99.1086288779755,0.030985768654950695,0.006847480355417756,0.0005114769082596579,99.3470323619892,0.4440179938473397,0.0,0.0,0.6,True,0.0,10,1084.8686314902443
2025-08-28 23:00:00,26.36668405345516,99.16378305173353,0.02872400603151295,0.006921389845002269,0.0,99.3470323619892,0.4440179938473397,0.0,0.0,0.6,True,0.0,10,1084.8686314902443
2025-08-29 00:00:00,25.67255977492132,99.13477175499204,0.02852589415534328,0.00849388795984511,0.0,100.0,0.0,0.0,2.7,0.6,True,0.0,10,1087.124613496397
2025-08-29 01:00:00,25.735788395349097,99.5627921513065,0.014468497552297586,0.0030495455309107146,0.0,100.0,0.0,0.0,0.5,0.6,True,0.0,10,1087.624613496397
2025-08-29 02:00:00,25.410700353010824,98.65954949982276,0.04351241961644652,0.010189951751592635,0.0004655482086245223,99.99931537028144,0.0004655482086245223,0.0,0.3,0.6,True,0.0,10,1087.924613496397
2025-08-29 03:00:00,25.21274207408199,98.64273370142986,0.043543036004604734,0.01004943911991429,0.0008678742402002492,99.99872371435265,0.0008678742402002492,0.0,0.4,0.6,True,0.0,10,1088.3241479481883
2025-08-29 04:00:00,25.077496142443604,99.07705381890514,0.029372115267381937,0.006916391150806784,0.0004277837443848152,99.99937090625825,0.0004277837443848152,0.0,0.3,0.6,True,0.0,10,1088.623280073948
2025-08-29 05:00:00,25.112436003293798,97.70478832109579,0.07319556932541231,0.016418133597499475,0.0032361359838579016,99.99524097649433,0.0032361359838579016,0.0,0.1,0.6,True,0.0,10,1088.7228522902037
2025-08-29 06:00:00,26.961743570071675,95.47417658887755,0.1609991955923289,0.06274504537723434,0.07769468584042835,99.88098408555251,0.08093082182428625,0.0,0.0,0.6,True,0.0,10,1088.7228522902037
2025-08-29 07:00:00,29.397456923881183,91.46428690476331,0.3498453828576555,0.17057098608728943,0.24140912701460115,99.64498657791971,0.24140912701460115,0.0,0.1,0.6,True,0.0,10,1088.7419214683794
2025-08-29 08:00:00,31.153588950296065,88.93924911989225,0.501275986400646,0.25668271005184,0.3585830938791001,99.47267192076603,0.3585830938791001,0.0,0.3,0.6,False,0.0,10,1088.8005123413648
2025-08-29 09:00:00,31.85552063172829,86.38907662551307,0.6419038010455087,0.30808848743993367,0.4029730110063754,99.17418219869782,0.5615561048854755,0.0,0.2,0.6,False,0.0,10,1088.8005123413648
2025-08-29 10:00:00,31.792893740204647,85.9755494560448,0.6590665119925032,0.30330476638715365,0.3787742298334465,98.911278919531,0.740330334718922,0.0,0.2,0.6,False,0.0,10,1088.8005123413648
2025-08-29 11:00:00,32.210025854396214,84.42344328066798,0.7494657784988155,0.36424821422263653,0.4638803339833268,99.31782303825982,0.4638803339833268,0.0,1.6,0.6,False,0.0,10,1089.6601820066458
2025-08-29 12:00:00,30.604364208102936,83.5337490568871,0.7232613637874457,0.3680933538382766,0.4651150763725347,99.31600724062862,0.4651150763725347,0.0,1.7,1.0,False,0.0,10,1090.8963016726625
2025-08-29 13:00:00,31.451405110751992,85.93427383194181,0.6483377706659701,0.2905070026491978,0.3615721992832029,98.93134224168274,0.7266872756557377,0.0,0.1,0.6,False,0.0,10,1090.8963016726625
2025-08-29 14:00:00,30.439498949756384,87.2571674299715,0.5544669755635819,0.2409647165617453,0.2784505051553981,98.81597385174832,0.8051377808111357,0.0,0.2,0.6,False,0.0,10,1090.8963016726625
2025-08-29 15:00:00,29.83956731843113,89.6099899164173,0.43681430909634933,0.18589970639110573,0.21071874593580564,98.5060933430192,1.0158565267469415,0.0,0.0,0.6,False,0.0,10,1090.8963016726625
2025-08-29 16:00:00,29.063321052978164,91.5213131482452,0.34087363787616926,0.13163534685598338,0.12954727732202825,98.31558264107504,1.1454038040689698,0.0,0.0,0.6,True,0.0,10,1090.8963016726625
2025-08-29 17:00:00,28.218118239151597,93.94769275515755,0.23169455285335594,0.07857245363881181,0.05775507920108206,98.67182517166168,0.9031588832700518,0.0,0.3,0.6,True,0.0,10,1090.8963016726625
2025-08-29 18:00:00,27.197862313601565,97.37248266622696,0.09477288439934925,0.025697294735565326,0.00397406797455194,98.66598095405206,0.9071329512446037,0.0,0.0,0.6,True,0.0,10,1090.8963016726625
2025-08-29 19:00:00,26.9283130154753,98.28659951793657,0.06083210703003222,0.014393592912432177,0.0007702559137760564,98.66484822476708,0.9079032071583798,0.0,0.0,0.6,True,0.0,10,1090.8963016726625
2025-08-29 20:00:00,26.697578956286744,98.73233229234916,0.0444009465779731,0.010543790060599068,0.0,99.25308351888474,0.5079032071583798,0.0,0.4,0.6,True,0.0,10,1090.8963016726625
2025-08-29 21:00:00,26.503865401226445,98.65780782348061,0.046478377214186684,0.01067473086244562,0.0017317874384104727,99.98583089029883,0.00963499459679025,0.0,0.5,0.6,True,0.0,10,1090.8963016726625
2025-08-29 22:00:00,26.048960559017633,98.10730896550318,0.06380603911887528,0.015099839048309888,0.00563963368496901,99.99170642105152,0.00563963368496901,0.0,0.1,0.6,True,0.0,10,1090.9866666780656
2025-08-29 23:00:00,25.805614206587315,98.6959563137509,0.04333346072182737,0.010371416790471799,0.0,100.0,0.0,0.0,0.2,0.6,True,0.0,10,1091.1810270443807
